"Cartesian Velocity:0","Cartesian Velocity:1","Cartesian Velocity:2","Spherical Velocity:0","Spherical Velocity:1","Spherical Velocity:2","Pressure","PointID","RegionId","GSV:0","GSV:1","GSV:2","GSV:3","GSV:4","GSV:5","GSV:6","GSV:7","GSV:8","magGSV","magGSV_Order","DescendingManifold","AscendingManifold","MorseSmaleManifold","Points:0","Points:1","Points:2"
1362.3,-1123.9,374.68,-121.77,-791.35,1618.1,3.828e+05,620485,1,-11251,9081.9,-4389,-655.49,-25186,-8968.5,-4011.9,736.69,-2443.2,31083,343802,149,1452,756,-1.171,-0.59297,1.7642
1512,-1013.2,457.79,-173.59,-992.01,1583.6,3.9795e+05,620483,1,-13128,3507.8,-7638.9,-7387.3,-43049,-19584,-8071.4,-7340,-7945.3,52120,350327,149,1452,756,-1.1818,-0.59297,1.757
1784.6,386.53,1005.4,-274.01,-2013.4,465.04,4.1036e+05,621991,1,-24358,-2771.9,-17573,-26499,-73170,-43377,-21760,-26402,-23993,1.0293e+05,358037,149,1452,756,-1.1905,-0.60595,1.7466
1288.4,-1180.4,441.33,-13.486,-765.61,1631.5,4.372e+05,618975,1,-7249.5,7678.3,-2250,5860,413.82,3965.9,-2003.6,8220.6,1369.9,15501,333691,149,1452,756,-1.1621,-0.57997,1.7743
1400.7,-1276.4,461.21,-39.849,-828.86,1765,3.824e+05,618973,1,-7385.9,3761.7,-3668.3,3774.6,-6099.6,464.19,-2655.6,6312.1,306.25,13447,331454,149,1452,756,-1.173,-0.57997,1.7672
1726.8,-665.04,664.85,-228.17,-1397.4,1364.3,4.1039e+05,620481,1,-17259,-6297.8,-13910,-20850,-62975,-35640,-16015,-19002,-17403,84393,355757,149,1452,756,-1.1925,-0.59297,1.7497
1493.6,-1348.9,476.65,-66.828,-884.32,1868.5,3.8542e+05,618971,1,-5450.3,-576.5,-3859.1,5592.5,-10053,401.06,-671.03,3848.5,807.13,13905,332039,149,1452,756,-1.1838,-0.57997,1.76
1608,-1378.7,472.68,-133.16,-958.47,1942.6,4.0232e+05,618969,1,-11760,-7183.3,-10419,-5811.2,-31543,-14542,-6596.8,-6427.9,-6683.3,40843,347532,149,1448,755,-1.1946,-0.57997,1.7527
1459.8,-801.13,708.91,20.827,-1197,1357.2,5.7476e+05,615955,1,-2374.7,7544.5,816.08,12654,5203.9,9674.7,2776.7,6053.6,3640.9,20041,337465,149,1414,749,-1.144,-0.5539,1.7943
1484.5,-984.99,664.74,8.6804,-1129,1530.1,5.5355e+05,615953,1,-1959.9,6271,682.34,9681.5,2601.7,7061.6,1503.1,5207.7,2587.9,15168,333364,149,1414,749,-1.155,-0.5539,1.7873
1556.6,-755.73,774.53,7.8127,-1333.1,1347.9,5.182e+05,614441,1,-2178.9,6946.7,709.11,14901,2102.9,10135,3029,4473.6,3281.1,20558,337848,149,1414,749,-1.1458,-0.54083,1.7972
1420.1,-1144.7,565.78,0.69891,-959.9,1650.9,5.0076e+05,617463,1,-3857.7,7055.1,-269.75,6788.8,2417.2,5217.9,-634.55,6967.7,1812.9,14004,332161,149,1414,749,-1.164,-0.56694,1.7773
2086.1,-43.899,1056.4,-292.68,-2111.8,961.54,4.188e+05,620479,1,-19891,-8080,-16457,-29302,-78312,-46965,-22756,-30779,-26229,1.0992e+05,358765,149,1448,755,-1.2033,-0.59297,1.7423
1448.1,-1260.8,559.25,1.4896,-940.62,1764.8,4.5971e+05,617461,1,-2068.2,1980.4,-742.37,6521.1,1212.3,4720.3,-136.93,5043.9,1530.9,10140,323998,149,1452,756,-1.1749,-0.56694,1.7701
1468,-1372.8,543.27,-2.1032,-911.73,1871.8,4.2631e+05,617459,1,-2080,-2348.4,-2170.9,5320.9,-597.6,3373.4,68.546,4092.5,1367.5,8557.2,319070,149,1448,755,-1.1858,-0.56694,1.7629
1906.8,-1203.2,601.22,-250.62,-1315.4,1911,4.1905e+05,618967,1,-12271,-19200,-14846,-13161,-53998,-27190,-9538.7,-21336,-13757,72824,354111,149,1448,755,-1.2053,-0.57997,1.7453
1486.6,-1451.1,534.48,-8.1203,-898.39,1947.9,3.8728e+05,617457,1,-2482.4,-8466.7,-4459,3474.4,-3817.7,1105.3,-21.217,1062.3,322.49,11262,326513,149,1448,755,-1.1965,-0.56694,1.7556
1498.8,-1120.5,639.11,4.9416,-1081.9,1655.3,5.3211e+05,615951,1,-920.23,4222,719.18,7844.2,780.32,5380.9,981.07,3932,1870.8,11411,326789,149,1414,749,-1.1659,-0.5539,1.7802
1557.8,-970.07,722.58,7.3145,-1234,1538.5,5.2313e+05,614439,1,676.88,5651,2139.9,11899,-339.57,7583.2,2932.9,3986.1,3095.2,16440,334585,149,1414,749,-1.1568,-0.54083,1.7901
1537.8,-1122.9,675.44,7.1883,-1144.1,1665.2,5.3231e+05,614437,1,912.69,2587.9,1389.7,8506.2,-765.07,5343.9,2370,2298.1,2254.4,11267,326519,149,1401,748,-1.1678,-0.54083,1.783
1494.3,-1233.3,616.54,8.0516,-1031.4,1752.3,5.2084e+05,615949,1,117.7,2931.6,1000.3,6900.3,770.58,4813.1,1129.5,3108.1,1724.4,9741.3,322987,149,1414,749,-1.1768,-0.5539,1.773
2427.9,760.61,1563.8,-311.6,-2945.5,382.21,4.2636e+05,620477,1,-13064,-9573.2,-12351,-39972,-91552,-59158,-24013,-42214,-31180,1.3124e+05,360620,149,1448,755,-1.2139,-0.59297,1.7349
1472.2,-1333.8,588.66,13.479,-969.56,1831,5.1906e+05,615947,1,1181.2,514.72,955.64,5772.6,1215.7,4266.3,1598.9,1957.3,1693.8,8051.9,317238,149,1414,749,-1.1877,-0.5539,1.7657
2149.8,-563.06,945.48,-293.05,-1921.2,1433.7,4.3218e+05,618965,1,-12843,-24231,-17061,-35684,-80516,-51932,-19403,-37712,-26205,1.1824e+05,359518,149,1448,755,-1.216,-0.57997,1.7379
1546,-1525.5,508.18,-51.48,-905.26,2037.9,4.1348e+05,617455,1,-3631.2,-18339,-8479.9,3606.1,-10650,-1002.5,1552.5,-2888.9,124.57,23656,339952,149,1448,755,-1.2073,-0.56694,1.7482
1750.1,-1492.4,508.59,-182,-1068.2,2091.6,4.3278e+05,617453,1,-9128.3,-27940,-15533,-20490,-44253,-28964,-9319.2,-20621,-13338,70798,353792,149,1448,755,-1.218,-0.56694,1.7407
1428.4,-1425.3,544.87,16.223,-885.85,1893,5.1854e+05,615945,1,1947.6,-1743.7,769.4,5373.5,1679.4,4195.1,2161.5,1082.3,1812.7,8114.7,317508,149,1448,755,-1.1985,-0.5539,1.7584
1433.7,-1523.1,515.1,5.4294,-844.42,1981.8,4.6666e+05,615943,1,351.36,-5283.6,-1434,5018.1,1680.4,3986.8,1883.5,745.99,1535.7,8969.9,320340,149,1448,755,-1.2093,-0.5539,1.751
1642.3,-981.32,782.24,8.0367,-1339.8,1573.8,4.9366e+05,612923,1,2357.3,5909.3,3268.1,12158,-1392.3,7442.6,3543.5,3949.1,3455.9,17216,335255,149,1414,749,-1.1586,-0.52774,1.7929
601.14,-2975.1,-880.95,-397.4,987.43,2975.8,4.7005e+05,606855,1,-46186,-47460,-41028,-69240,-47454,-55401,-51777,-46071,-44177,1.5146e+05,362190,149,1401,748,-1.1319,-0.4752,1.8243
-221.89,-3215.5,-1472.9,-433.69,1998.9,2893.9,5.0314e+05,605335,1,-93912,-55573,-72426,-80120,-2982.3,-50520,-74453,-31980,-54396,1.8883e+05,364443,149,1388,747,-1.1334,-0.46201,1.8268
1576.2,-1143.8,710.36,13.031,-1199.2,1690.9,5.2132e+05,612921,1,3505,3763.6,3401.4,10052,-1955.3,5990.5,4163.6,2795.5,3547.4,14714,332920,149,1401,748,-1.1696,-0.52774,1.7857
1511.9,-1239.3,634.48,6.7641,-1066.6,1756.9,5.4147e+05,614435,1,1635.9,714.48,1307.9,6807,-1518,4067.9,2337.8,602.33,1740.2,8884.8,320063,149,1401,748,-1.1787,-0.54083,1.7758
1518.5,-1276.2,640.19,8.8774,-1076.4,1784.8,5.4059e+05,612919,1,3018.5,912.04,2269.9,7949.8,-3173.7,4330.4,3861.6,646.6,2751.3,11403,326773,149,1401,748,-1.1805,-0.52774,1.7785
2435.2,332.76,1406.1,-339.76,-2712,740.1,4.3923e+05,618963,1,-3671.8,-17064,-8233.7,-43671,-91711,-61766,-20842,-45622,-30090,1.3389e+05,360817,149,1448,755,-1.2266,-0.57997,1.7304
1484.5,-1334.2,599.46,7.204,-999,1828.9,5.4873e+05,614433,1,1995,406.22,1469.3,5757,-1477.6,3424,2180.9,107.05,1502.1,7770.3,315625,149,1401,748,-1.1895,-0.54083,1.7685
1447.2,-1414.2,565.22,10.526,-929.92,1883.9,5.5253e+05,614431,1,2559.7,881.82,2015.2,4881.8,-920.26,3041.5,2161,501.76,1626.7,7272.4,312978,149,1401,748,-1.2004,-0.54083,1.7612
1415.8,-1596.7,478.97,-3.5002,-790.63,2039.2,4.2989e+05,615941,1,-690.23,-14623,-5164.3,-2006,-5781.1,-3298.9,889.25,-2683.6,-249.59,17244,335284,149,1444,754,-1.22,-0.5539,1.7436
1922.1,-988.39,702.98,-265.06,-1481.9,1702.8,4.4808e+05,617451,1,-3459.4,-31603,-12798,-32881,-64430,-44620,-11773,-33814,-19532,1.0031e+05,357717,149,1444,754,-1.2287,-0.56694,1.7332
1390.9,-1479.8,529,19.761,-850.84,1918.3,5.4623e+05,614429,1,2907.5,-412.11,1873.5,3986.4,926.31,3044.3,2223.2,861.6,1802.5,6861.9,310666,149,1448,755,-1.2112,-0.54083,1.7538
1616,-1407.6,397.74,-197.97,-993.82,1929.8,4.0862e+05,608373,1,-30781,-12366,-22630,-32253,-34785,-29523,-34909,-23584,-28227,85475,355889,149,1401,748,-1.1415,-0.48836,1.8149
1942.7,-1170.8,775.92,-120.34,-1536.8,1835.9,3.7595e+05,608371,1,-4388,2205.9,-2156.2,1408.9,-16362,-3503.4,-9724.4,-6186.6,-7853.1,22478,339172,149,1401,748,-1.1526,-0.48836,1.8078
1612.7,-1185,737.17,17.857,-1242,1733.6,5.0809e+05,611405,1,5995.9,1403.4,4339.2,10270,-4835.8,5349.7,5878.7,401.52,3977.5,16271,334438,149,1401,748,-1.1713,-0.51463,1.7884
1637,-1280.4,732.95,15.756,-1241.2,1820.9,4.9059e+05,609887,1,9050.3,2121.1,6513.6,9483.1,-8269.1,3892.2,6598.7,-530.58,4171.4,19066,336788,149,1401,748,-1.173,-0.50151,1.791
1454.9,-1866,78.223,-288.36,-562.3,2281.5,4.3064e+05,606853,1,-51791,-22668,-38334,-52963,-22512,-39081,-54225,-25232,-40569,1.2136e+05,359781,149,1401,748,-1.143,-0.4752,1.8174
1244.8,-2065.1,-177.77,-361.18,-215.81,2381,4.5753e+05,605333,1,-61221,-9526.8,-40925,-46033,-6086.6,-30512,-60477,-11312,-40946,1.1859e+05,359543,149,1388,747,-1.1446,-0.46201,1.8198
1071.8,-2030.5,-340.52,-426.35,-22.841,2281.5,4.816e+05,603813,1,-92632,-23776,-63941,-50115,11147,-28667,-77084,-14757,-52005,1.5986e+05,362787,149,1388,747,-1.1461,-0.44881,1.8222
1483.6,-1374.9,591.65,2.7511,-994.69,1857.9,5.4974e+05,612917,1,1918.2,74.952,1313.3,5812.2,-3172,2959.4,2387.3,-386.04,1489.2,8128.8,317558,149,1401,748,-1.1914,-0.52774,1.7712
1521.6,-1333.2,640.46,12.718,-1074.6,1829.8,5.3432e+05,611403,1,4297.4,-171.97,2797.6,8518.2,-4670.5,4299.9,5019.9,-426.41,3205.3,13223,331117,149,1401,748,-1.1823,-0.51463,1.7812
1478.1,-1433.6,580.94,2.1019,-980.2,1901.8,5.4558e+05,611401,1,2055.9,-399.32,1265,5260,-3919,2395.5,2599.4,-555.68,1583,8020.1,317086,149,1401,748,-1.1932,-0.51463,1.7739
1459.6,-1443,564.38,1.0467,-943.79,1908,5.5321e+05,612915,1,1930.3,591.8,1498.3,3902.2,-2549.8,1901.6,1615.5,-115.55,1068.6,5952.4,303136,149,1401,748,-1.2022,-0.52774,1.7639
1473.1,-1559.9,429.27,-92.591,-818.53,2027.1,4.4109e+05,615939,1,-694.62,-24636,-8401.1,-12538,-31988,-19267,-429.47,-14391,-4974.6,49615,349786,149,1444,754,-1.2306,-0.5539,1.736
1321,-1545.1,477.55,25.191,-752.92,1947.5,5.1446e+05,614427,1,3136.9,-1509.6,1709,2334.9,2080.6,2278.7,2369.4,1219.6,2030.2,6421.5,307790,149,1448,755,-1.2219,-0.54083,1.7463
1303.8,-1574.5,444.47,7.8668,-715.93,1965.7,4.6159e+05,614425,1,1440.7,-6198.4,-926.6,-865.01,881.09,-346.02,2448.1,1236.7,2117.2,7416.4,313671,149,1444,754,-1.2326,-0.54083,1.7388
2096.1,-28.387,1085.2,-322.4,-2159.2,897.84,4.5287e+05,617449,1,-2937.4,-34958,-13525,-40643,-89436,-58539,-12922,-49234,-25441,1.3315e+05,360751,149,1444,754,-1.2393,-0.56694,1.7257
1421.6,-1493.9,539.26,5.1097,-889.59,1937,5.5583e+05,612913,1,2818.9,1577.6,2426.2,3080.1,-1581.9,1652.6,1721.7,551.43,1356.4,6012.5,303720,149,1448,755,-1.213,-0.52774,1.7565
1362.7,-1534,507.07,13.096,-819.45,1948.2,5.4196e+05,612911,1,3024.3,2707,2929.2,2083.3,-572.54,1283.1,1702,1663.9,1690.3,6316,306746,149,1448,755,-1.2238,-0.52774,1.749
1984.5,-1387.8,695.16,-169.39,-1470.4,2038.8,3.8204e+05,606851,1,-15982,-3287.1,-10948,-14381,-14223,-12849,-25161,-8850.9,-18290,44791,348623,149,1401,748,-1.1542,-0.4752,1.8103
1857.4,-1291.4,825.45,-20.159,-1467.1,1909.6,4.0857e+05,608369,1,10008,2165.6,7088.5,8842.7,-9511,3140.7,3459.3,-511.2,2120.1,18717,336527,149,1401,748,-1.1636,-0.48836,1.8007
1878.6,-1408.9,823.27,-15.94,-1461.4,2014,4.0247e+05,606849,1,10451,205.25,6832.8,5714,-7264.8,1770,390.17,-1207.5,-39.928,15688,333848,149,1401,748,-1.1653,-0.4752,1.8032
1513.7,-1405.9,628.33,15.311,-1053.3,1884.9,5.2735e+05,609885,1,5012.3,-247.24,3248.8,7642.9,-5401.5,3541.4,5133.6,-767.79,3184.8,13151,330994,149,1401,748,-1.184,-0.50151,1.7838
1652.9,-1405.2,721.87,17.864,-1222.6,1932,4.8266e+05,608367,1,11197,412.23,7440.7,7181.7,-8226.9,2455.8,6799.6,-739.71,4252.3,19066,336787,149,1401,748,-1.1747,-0.48836,1.7935
1503.7,-1484.9,614.49,18.15,-1028.5,1945.7,5.2807e+05,608365,1,6611.9,-505.55,4233.5,5242.4,-5848.6,1870.6,5404.7,-823.43,3350.7,12969,330689,149,1401,748,-1.1857,-0.48836,1.7863
821.88,-1843.5,-511.64,-488.21,190.9,2015.2,5.0112e+05,602291,1,-1.079e+05,-26702,-74066,-34868,24819,-15977,-82925,-12873,-55169,1.7324e+05,363610,149,1388,747,-1.1475,-0.4356,1.8245
1980.6,-1504.2,638.34,-198.72,-1417.2,2131.9,3.9987e+05,605331,1,-19502,-774.51,-12510,-18615,-6303.1,-13411,-31441,-3550.1,-20864,50399,349957,149,1388,747,-1.1557,-0.46201,1.8127
1963.7,-1561.5,597.59,-221.43,-1382.5,2165.9,4.2134e+05,603811,1,-24048,-5314.7,-16498,-16188,834.77,-10070,-36076,-4767.1,-24077,56096,351135,149,1388,747,-1.1572,-0.44881,1.8151
1456.8,-1486.9,557.29,-1.9486,-938.49,1939.8,5.4329e+05,611399,1,1415.2,-373.1,856.62,3266.7,-3132.5,1311.5,1216.6,-466,691.74,5220.7,296373,149,1401,748,-1.204,-0.51463,1.7665
1469,-1484.1,573.21,3.3172,-968.1,1937,5.4499e+05,609883,1,2134.8,-806.8,1205.6,3901.4,-3653.2,1594,2391.9,-614.82,1431.4,6776.2,310134,149,1401,748,-1.1949,-0.50151,1.7765
1449.2,-1530,551.43,-2.0962,-931.34,1969.2,5.3648e+05,609881,1,1332.8,-564.14,747.93,2823.1,-2800.1,1122.8,1059.9,-313.02,631.18,4620,291068,149,1401,748,-1.2058,-0.50151,1.7691
1434.8,-1523.8,544.34,-0.59739,-908.03,1962.7,5.4447e+05,611397,1,1900.5,510.33,1465.9,2468.4,-2317.6,1023.7,1023.7,195.23,765.48,4495.1,289672,149,1401,748,-1.2148,-0.51463,1.7591
1557.7,-1260.2,437.87,-217.68,-985.15,1785.5,4.5448e+05,615937,1,-223.12,-29572,-9670.7,-28308,-53947,-37839,-4742.5,-24652,-11431,82900,355571,149,1444,754,-1.2413,-0.5539,1.7285
1271.4,-1533.8,397.11,-28.93,-681,1913.7,4.3852e+05,614423,1,147.46,-9297.2,-2841.5,-10057,-15659,-12192,287.06,-1640,-338.62,24339,340409,149,1440,753,-1.2432,-0.54083,1.7312
1304.7,-1555.1,473.02,15.404,-754.75,1942.8,5.2354e+05,612909,1,1564.3,2099.9,1739.4,217.19,264.21,230.32,1409,2725.1,1826.7,4775,292512,149,1448,755,-1.2345,-0.52774,1.7415
1625.1,-383.11,703.99,-277.79,-1480,1007.9,4.5892e+05,615935,1,-2413.4,-32232,-12174,-39068,-83201,-55295,-12624,-43304,-23210,1.2358e+05,359971,149,1440,753,-1.2519,-0.5539,1.7208
1404.5,-1548.4,531.53,2.997,-875.31,1971.4,5.4936e+05,611395,1,1899.9,1427.8,1753.1,1165.4,-1455.2,389.22,675.21,955.35,754.75,3779.8,271184,149,1448,755,-1.2256,-0.51463,1.7516
1357.3,-1560,511.59,7.7439,-829.93,1961.8,5.4469e+05,611393,1,2294.8,2558.9,2384.1,484.01,-815.63,101.03,1040.7,2032.9,1340,5041.8,294759,149,1448,755,-1.2363,-0.51463,1.7441
1856.1,-1460.8,817.57,-6.637,-1442.1,2041.6,4.0769e+05,605329,1,10353,-1660.3,6265.2,987.83,-4016.9,-379.34,-4873.4,-1648.6,-3529.1,15265,333460,149,1401,748,-1.1668,-0.46201,1.8056
1648.4,-1508.2,712.48,26.065,-1198,2015.8,4.9117e+05,606847,1,12024,-536.33,7725.8,5805,-5840.6,2236.2,6945.3,-470.46,4423.2,18584,336439,149,1401,748,-1.1763,-0.4752,1.796
1626.5,-1554.9,708.95,35.275,-1182,2041.4,5.0987e+05,605327,1,11877,-1565.1,7365.5,4868.2,-2623.4,2505.3,6896.1,-426.75,4407.5,17372,335416,149,1401,748,-1.1779,-0.46201,1.7984
1454.2,-1529.9,563.61,4.3951,-952.87,1966,5.5166e+05,608363,1,2302.8,-878.37,1301.4,2630.9,-3500,809.6,2313.1,-604.35,1383.5,5935,303011,149,1401,748,-1.1966,-0.48836,1.779
1490.9,-1552.4,603.5,21.397,-1007.7,1995.3,5.3817e+05,606845,1,6427.9,-862.82,4022.7,2783.9,-3892.4,809.92,5021.4,-489.31,3193.6,10838,325713,149,1401,748,-1.1873,-0.4752,1.7888
361.47,-1269.3,-673.48,-504.53,456.9,1316.1,5.15e+05,600767,1,-1.3937e+05,-23510,-92927,-4675.4,33452,4861.5,-90943,-7400,-58847,2.0387e+05,365071,149,1370,746,-1.1489,-0.42236,1.8267
1930.6,-1540.5,558.07,-250.87,-1359.7,2121.4,4.444e+05,602289,1,-43123,-9351.4,-29486,-7902.4,12787,-1994,-47641,-5051.8,-31416,79552,355118,149,1388,747,-1.1587,-0.4356,1.8174
1820.5,-1488.4,803.86,-2.5168,-1416,2042.2,4.1751e+05,603809,1,12636,-2024.8,7688.9,2201.3,-1851.1,985.67,7.1933,-932.27,-188.74,15265,333459,149,1401,748,-1.1683,-0.44881,1.808
1793.3,-1517.9,786.37,-5.9448,-1393.8,2048.3,4.1521e+05,602287,1,10188,-1061.3,6331.3,2819.8,-1221.6,1537.1,-5798.9,-1817.7,-4136.6,15207,333406,149,1370,746,-1.1698,-0.4356,1.8102
1439.9,-1562.1,548.8,-1.637,-928.71,1988,5.3996e+05,608361,1,1041.9,-634.09,535.08,2004.9,-2361.9,713.46,676.11,-186.37,407.77,3541.1,267449,149,1401,748,-1.2075,-0.48836,1.7716
1430.7,-1555.8,543.01,-1.6956,-909.63,1983.6,5.3122e+05,609879,1,1305.1,-264.42,827.79,1608.6,-2091.4,514.69,466.48,28.4,330.52,3164.3,248740,149,1401,748,-1.2166,-0.50151,1.7617
1322,-1366.9,326.01,-162.07,-729.55,1778.7,4.4846e+05,614421,1,-1082.2,-12209,-4641.3,-11619,-43492,-22199,1799.4,-9241.1,-1655.8,52749,350472,149,1440,753,-1.2538,-0.54083,1.7235
1297.9,-1551.8,460.66,0.73438,-748.08,1935.3,4.6429e+05,612907,1,998.43,1663.1,1221.2,47.781,-874.35,-231.57,763.15,3160.9,1510.6,4350.9,288283,149,1440,753,-1.2451,-0.52774,1.7339
1277.1,-1549.6,431.23,-18.893,-720.08,1923.4,4.3069e+05,612905,1,641.94,-462.46,323.88,-2169.8,-5915.4,-3401.9,3275.8,5260.9,4005.9,10318,324403,149,1440,753,-1.2558,-0.52774,1.7262
1855,654.94,1153.4,-331.34,-2251.5,145.58,4.5528e+05,615933,1,-6158.2,-32935,-15175,-42246,-1.0545e+05,-65201,-17303,-60295,-32275,1.5325e+05,362320,149,1440,753,-1.2624,-0.5539,1.7131
1403.2,-817.99,430.77,-269.52,-1025.1,1303.9,4.5296e+05,614419,1,-4526.6,-23572,-10832,-35684,-81491,-52197,-12644,-33822,-20117,1.142e+05,359158,149,1440,753,-1.2644,-0.54083,1.7158
1410.9,-1570.6,537.87,-0.2418,-892.34,1987.5,5.3817e+05,609877,1,1389.1,24.289,981,863.18,-1805.9,89.447,326.31,239.15,297.25,2675.6,200945,149,1448,755,-1.2274,-0.50151,1.7542
1384,-1576,530.89,1.851,-871.46,1980.3,5.4853e+05,609875,1,2078.1,878.22,1727.2,463.13,-1559.5,-120.9,644.35,720.46,665.45,3480.1,265739,149,1448,755,-1.2381,-0.50151,1.7466
1306.6,-1560.9,486.66,8.6284,-782.14,1941.3,5.3142e+05,611391,1,1762.6,1735.8,1770.5,223.63,-830.96,-84.718,777.75,2064.8,1167.5,4029.1,284626,149,1448,755,-1.247,-0.51463,1.7365
1346,-1574.9,517.96,4.3567,-840.68,1963.1,5.4971e+05,609873,1,2181.3,1298.5,1943.5,57.716,-1397.5,-360.11,757.32,1180.4,887.04,3880.9,282513,149,1429,751,-1.2488,-0.50151,1.739
1483.5,-1602.1,598.86,22.353,-1001,2030.7,5.518e+05,605325,1,4639.6,-208.66,3018.8,2013.1,-3062.6,543.26,4090.2,-109.61,2683.6,8267.6,318039,149,1401,748,-1.1889,-0.46201,1.7912
1597,-1571,701.66,38.694,-1167.4,2036.3,5.2366e+05,603807,1,10993,-1520.5,6804,4864.5,-1406.7,2833.9,6596.4,-523.07,4190.2,16263,334428,149,1401,748,-1.1794,-0.44881,1.8008
1479,-1636.9,597.44,20.682,-1003.5,2053.4,5.6309e+05,603805,1,5142.7,-410.89,3293.4,3292.6,-2445.2,1568.8,4764.2,-142.81,3114.2,9442.5,321988,149,1401,748,-1.1904,-0.44881,1.7935
1445,-1571.4,557.79,4.0667,-945.89,1993.4,5.6058e+05,606843,1,1736.2,-401.75,1057.1,1543.9,-2908.8,266.14,1621.2,-203.75,1032.3,4352.5,288301,149,1401,748,-1.1982,-0.4752,1.7814
1872.8,-1408.9,504.95,-299.58,-1340.9,1964.5,4.5939e+05,600765,1,-29126,-1632.7,-18800,9779,230.44,6322.1,-35801,-3618.9,-23603,56497,351226,149,1370,746,-1.1601,-0.42236,1.8196
161.72,-895.62,-735.92,-530.04,531.48,898.03,5.1729e+05,599243,1,-1.5417e+05,-265.08,-96853,33132,23443,26094,-89753,2894.3,-55753,2.1599e+05,365519,149,1370,746,-1.1503,-0.40912,1.8288
1841.2,-1420.5,436.54,-346.54,-1292.2,1951.5,4.605e+05,599241,1,-61893,-1446.2,-39539,23392,-1616.7,14565,-52131,-2976.4,-33754,1.0012e+05,357699,149,1370,746,-1.1615,-0.40912,1.8218
1584.5,-1593.6,694.53,34.262,-1164.3,2043.5,5.2347e+05,602285,1,9680.6,-144.75,6293.6,5158.4,-3490.9,2542,6111.1,-560.73,3870.6,15207,333405,149,1370,746,-1.1809,-0.4356,1.803
1808.2,-1584.1,767.71,-26.073,-1393.8,2103.6,4.1877e+05,600763,1,8539.7,1666.7,5924.8,9214.1,-8035.6,4081.9,-5504.6,-1972.5,-3966.9,18079,336045,149,1370,746,-1.1712,-0.42236,1.8124
1597.7,-1672.5,684.4,24.058,-1164.1,2112.5,5.0744e+05,600761,1,11060,1406.4,7541.8,5696.2,-7929.3,1876.4,5419.5,-1305.9,3238.6,17933,335912,149,1370,746,-1.1823,-0.42236,1.8052
1425.3,-1583.6,543.68,-1.7932,-913.21,2000.2,5.2845e+05,608359,1,1098,-382.76,653.66,1283.9,-1901.5,358.36,276.12,84.361,214.24,2702,201378,149,1401,748,-1.2183,-0.48836,1.7642
1432,-1590.6,547.87,-1.6992,-929.6,2004.1,5.4538e+05,606841,1,870.59,-419.92,480.32,1460.1,-2291.8,382.04,409.28,-38.758,267.48,2989.2,208397,149,1401,748,-1.2092,-0.4752,1.7741
1418.9,-1608.8,544.92,-1.7864,-917.57,2014.1,5.319e+05,606839,1,1108.7,-520.87,626.25,1286.8,-2126.5,316.91,288.44,-37.962,189.43,2879.5,206205,149,1370,746,-1.22,-0.4752,1.7666
1249.3,-1512.5,332.38,-96.738,-653.92,1876.7,4.4038e+05,612903,1,-3189.7,-4186.4,-3676.9,-10525,-31856,-17678,-979.12,-2408.2,-1512.4,38579,346787,149,1430,752,-1.2663,-0.52774,1.7184
1292.6,-1563.5,477.15,1.7435,-769.9,1936.6,4.7894e+05,611389,1,1039.6,1305.5,1143.7,-9.2164,-1278.4,-390.87,1070.1,3427.4,1808,4694.8,291763,149,1430,752,-1.2576,-0.51463,1.7288
1534.5,24.628,761.17,-304.51,-1584.2,576.6,4.5049e+05,614417,1,-7908.4,-19373,-12069,-25038,-92953,-48065,-11115,-38011,-20374,1.1893e+05,359572,149,1430,752,-1.2749,-0.54083,1.708
1407.9,-1596.1,539.89,-1.2051,-899.2,2003.2,5.3207e+05,608357,1,1296.4,-395.58,797.6,921.47,-1910.4,113.85,314,66.631,238.43,2673,200893,149,1429,751,-1.2291,-0.48836,1.7567
1384.5,-1603,533.39,-0.40411,-880.67,1998.9,5.4137e+05,608355,1,1778.5,-203.88,1206.2,497.99,-2080.1,-228.15,534.49,65.217,398.33,3120.1,247531,149,1429,751,-1.2399,-0.48836,1.7491
1298.5,-1570.5,499.61,7.7795,-800.45,1939.5,5.4624e+05,609871,1,2323.8,195.28,1744.2,201.08,-892.68,-109.21,914.15,1076.6,979.24,3880.9,282514,149,1429,751,-1.2595,-0.50151,1.7313
1353.9,-1601.9,524.09,0.80097,-857.33,1984.7,5.4752e+05,608353,1,2147.8,39.142,1556.8,1.5591,-2243.9,-628.04,664.67,107.39,509.26,3630.5,268919,149,1429,751,-1.2506,-0.48836,1.7414
1314.8,-1593.4,511.37,2.9543,-827.6,1960.6,5.5408e+05,608351,1,2572.1,272.26,1951.4,-170.4,-2026.8,-692.64,936.31,263.56,758.32,4078.7,285245,149,1429,751,-1.2613,-0.48836,1.7337
1775.1,707.96,1139.7,-330.51,-2200.1,35.882,4.467e+05,614415,1,-4221.8,-20966,-9853.4,-18521,-1.1459e+05,-50427,-10282,-55948,-25589,1.4305e+05,361550,149,1430,752,-1.2853,-0.54083,1.7002
1444.3,-1614,556.6,2.5624,-948.36,2025.2,5.6691e+05,605323,1,1709.8,229,1205,1100.1,-3068.6,-54.914,1598.3,105.44,1096.9,4338.9,288154,149,1401,748,-1.1999,-0.46201,1.7838
1451.3,-1656.1,560.68,0.51538,-960.59,2059.2,5.6714e+05,603803,1,1534.3,235.8,1089.7,1365.5,-3309.2,83.924,1530.5,94.323,1049.7,4457.9,289330,149,1370,746,-1.2014,-0.44881,1.7861
1483.1,-1673.6,599.38,17.086,-1014.4,2081,5.6313e+05,602283,1,4055.6,427.71,2785.1,4093.8,-3775.5,1799.6,4239.6,-74.607,2789,9186.8,321241,149,1370,746,-1.1919,-0.4356,1.7957
1454.4,-1710.2,560.3,-1.1401,-964.61,2103.2,5.6206e+05,602281,1,1568.2,264.13,1117.8,2085.3,-4276.5,361.58,1612,-109.25,1054.6,5501.7,298790,149,1370,746,-1.2029,-0.4356,1.7884
1428.3,-1625.4,547.72,-2.4717,-932.74,2027.8,5.4789e+05,605321,1,1081.5,-55.912,721.99,1297,-2947.9,118.81,465.36,11.067,319.18,3521.2,266948,149,1370,746,-1.2108,-0.46201,1.7764
1839.2,-1738.9,732.35,-52.914,-1374,2247.7,4.1894e+05,599239,1,7869,1494.8,5445.2,12044,-11825,5100,-6560.1,-2115.7,-4670.8,21773,338678,149,1370,746,-1.1726,-0.40912,1.8146
335.91,-691.09,-639.71,-584.17,276.82,762.76,5.1328e+05,597719,1,-1.5986e+05,30016,-93885,62449,-7648.2,37706,-87115,15023,-51499,2.2609e+05,365837,149,1370,746,-1.1516,-0.39585,1.8309
1923.3,-1650.8,434.11,-359.82,-1311.4,2182.6,4.5461e+05,597717,1,-44945,9869.4,-26313,36843,-16770,19800,-41589,4674.7,-25405,85073,355842,149,1370,746,-1.1628,-0.39585,1.8238
1490.8,-1740.8,595.36,12.11,-1016.9,2138.5,5.5002e+05,600759,1,4364.2,785.7,3070.3,3629.4,-6375,912.15,3988.4,-500.65,2523.1,10308,324384,149,1370,746,-1.1934,-0.42236,1.7979
1619.6,-1810.1,667.74,13.749,-1152.5,2239.9,4.9421e+05,599237,1,9682,1067.7,6579.5,4505.8,-10254,626.7,4875.9,-1230.8,2921.7,17258,335295,149,1370,746,-1.1837,-0.40912,1.8074
1400.4,-1624,539.56,-1.2591,-900.92,2019.4,5.3489e+05,606837,1,1437.6,-661.86,830.29,956.33,-2165.8,84.644,434.09,-131.06,269.56,3014.1,208886,149,1429,751,-1.2308,-0.4752,1.7591
1411.3,-1640,543.62,-2.1416,-918.12,2033.2,5.3694e+05,605319,1,1253.2,-459.97,745.58,1267.2,-2823.5,139.97,359.64,-179.51,202.19,3483.9,265957,149,1370,746,-1.2217,-0.46201,1.769
1389.9,-1655,536.88,-1.2546,-898.59,2037.6,5.3941e+05,605317,1,1554.1,-697.76,904.46,1071.8,-2694.7,45.208,528.01,-293.96,293.04,3547.3,267558,149,1370,746,-1.2325,-0.46201,1.7614
1392.1,-1372.7,293.65,-250.5,-777.51,1800.3,4.4315e+05,612901,1,-4872.3,-10581,-6913.5,-5759.4,-57097,-22105,-1786,-12973,-5449.2,64549,352696,149,1430,752,-1.2769,-0.52774,1.7106
1285.2,-1571.9,471.46,-4.3338,-762.9,1939.8,4.2787e+05,611387,1,124.94,-1437.1,-342.44,-285.57,-3516,-1280.2,577.47,4985.3,1934.7,6723.9,309796,149,1430,752,-1.2682,-0.51463,1.721
1377.4,-1633.4,532.17,-0.88004,-881.38,2017.8,5.4148e+05,606835,1,1798.9,-733.97,1079.9,715.93,-2308.8,-116.9,650.4,-219.79,403.19,3381,254094,149,1429,751,-1.2416,-0.4752,1.7515
1347.1,-1637,520.94,-0.3226,-855.62,2008.4,5.4581e+05,606833,1,2207.5,-630.45,1414.6,141.29,-2509.4,-586.86,772.19,-271.69,480.86,3851.5,272087,149,1429,751,-1.2523,-0.4752,1.7439
1254.4,-1573.9,477.61,8.8021,-757.99,1924.6,5.2633e+05,609869,1,2170.5,-202.33,1532.9,74.811,-336.96,-41.459,829.12,1002.9,898.94,3880.9,282515,149,1429,751,-1.2701,-0.50151,1.7235
1272.1,-1582.8,497.21,6.0082,-794.87,1933.6,5.5723e+05,608349,1,2566.3,303.17,1980.8,-561.42,-1622.2,-869.39,741.13,390.4,660.39,3929.6,283325,149,1429,751,-1.2719,-0.48836,1.726
1308.9,-1629.2,507.32,0.83445,-825.61,1985.7,5.4961e+05,606831,1,2708.5,-873.61,1734.4,-185.45,-2782.4,-893.27,1091.8,-525.93,652.02,4644.9,291307,149,1429,751,-1.263,-0.4752,1.7361
1262.8,-1618.8,488.43,2.324,-787.11,1958.1,5.5374e+05,606829,1,2901.7,-792.91,1922.2,-618.97,-2566.3,-1164.8,1123.3,-619,657.58,4811.1,292843,149,1429,751,-1.2736,-0.4752,1.7284
1507.8,-1032.5,403.86,-322.15,-1032.6,1527.3,4.4551e+05,612899,1,-941.05,-18427,-6400.4,-8387.4,-80648,-31434,-1924.5,-25896,-9550,93325,356888,149,1430,752,-1.2873,-0.52774,1.7028
1537.1,-537.67,575.22,-334.74,-1307.8,1077.1,4.4577e+05,612897,1,-752.44,-22229,-7519.4,-10325,-1.1047e+05,-42460,-4438.7,-46468,-17963,1.3102e+05,360598,149,1429,751,-1.2977,-0.52774,1.6948
-1862.1,655.08,-1679.2,-552.36,2222.7,-1212.8,5.5448e+05,596197,1,-2.1709e+05,94397,-1.15e+05,1.0912e+05,-4095.2,66981,-78843,45404,-39541,3.0906e+05,367186,149,1370,746,-1.1416,-0.38257,1.84
985.83,-1105.1,-323.63,-594.36,-311.04,1359.3,5.0099e+05,596195,1,-1.3932e+05,55841,-75689,86384,-26777,48638,-77314,29517,-42371,2.1782e+05,365589,149,1370,746,-1.1528,-0.38257,1.833
-408.45,173.51,-1007.1,-660.51,830.95,-290.7,5.3317e+05,594671,1,-1.7654e+05,1.0231e+05,-88864,1.2616e+05,-52045,67873,-70755,44829,-34925,2.8461e+05,366934,149,1364,745,-1.1428,-0.36928,1.842
1432.1,-1672,549.51,-3.8066,-939.92,2065.2,5.4704e+05,603801,1,1409.8,163.6,1003.1,1409,-3822.7,1.434,659.59,-25.958,443.1,4500.1,289715,149,1370,746,-1.2123,-0.44881,1.7787
1433,-1729.2,547.45,-5.1087,-940.46,2111.5,5.4421e+05,602279,1,1458.9,80.576,1014.5,1493.9,-4616.4,-110.07,699.29,-223.1,421.75,5237.9,296506,149,1370,746,-1.2139,-0.4356,1.781
1458.9,-1776,558.78,-2.897,-966.77,2158.7,5.5342e+05,600757,1,1737.1,289.14,1235.7,2420.2,-5455.5,341.9,1657.5,-249.94,1053.5,6654.6,309348,149,1370,746,-1.2044,-0.42236,1.7906
1434.3,-1799.1,543.37,-6.5736,-937.73,2170.2,5.4208e+05,600755,1,1537.5,241.8,1105.2,1330,-5095.2,-301.56,677.82,-145.52,426.26,5668,300368,149,1370,746,-1.2154,-0.42236,1.7832
1406.2,-1686.8,539.96,-3.0347,-915.37,2067.9,5.4294e+05,603799,1,1489.1,-161.49,986.82,1197.8,-3491.3,-61.405,492.36,-154,300.6,4147.5,286226,149,1370,746,-1.2232,-0.44881,1.7713
1850.2,-1961.5,706.35,-51.123,-1328.6,2449.9,4.2464e+05,597715,1,9480.9,-1257.5,5881,11749,-14969,4285.2,-6550.9,-1583.3,-4533.8,23927,340143,149,1370,746,-1.174,-0.39585,1.8167
1627.2,-1974.5,645.47,9.6106,-1122.1,2388.3,4.973e+05,597713,1,10222,-374.11,6602,990.92,-10957,-1756.6,4148.4,-1289.1,2434.5,17238,335278,149,1370,746,-1.1851,-0.39585,1.8094
1987.6,-2030.2,508.38,-276.85,-1324.8,2549.2,4.4524e+05,596193,1,-18521,8083.9,-10003,30210,-25305,13881,-28158,9599.3,-15883,58236,351548,149,1370,746,-1.1641,-0.38257,1.8258
1804.8,-2149.7,689.09,-20.675,-1256.4,2602.8,4.4297e+05,596191,1,10969,-2361.7,6608.8,4590.2,-12331,320.74,-3517.9,-404.17,-2321.1,18993,336744,149,1370,746,-1.1753,-0.38257,1.8187
1504.8,-1840.9,588.69,6.7709,-1015.3,2229.1,5.3991e+05,599235,1,5318.6,752.54,3687.1,1927.9,-8662.8,-678.61,3805.8,-820.41,2332.7,11928,327915,149,1370,746,-1.1948,-0.40912,1.8001
1462.3,-1860.2,553.42,-4.6137,-962.19,2231.4,5.4905e+05,599233,1,1916.2,550,1411.8,1371.6,-6163.5,-485.05,1344.7,-147.68,866.89,6975.3,311339,149,1370,746,-1.2058,-0.40912,1.7927
1365.6,-1664.8,528.54,-0.75936,-877.26,2036.2,5.4409e+05,605315,1,1777.2,-929.95,1014.1,874.27,-2540.2,-50.856,669.81,-391.81,372.13,3607.2,268531,149,1429,751,-1.2433,-0.46201,1.7538
1380.6,-1694.8,532.12,-2.0692,-893.81,2064.6,5.442e+05,603797,1,1837.2,-424.81,1175.5,986.37,-3529.9,-203.49,685.87,-320.57,398.29,4375.4,288539,149,1370,746,-1.2341,-0.44881,1.7637
1350.6,-1705.5,520,-1.2002,-865.66,2062.5,5.4757e+05,603795,1,1944.9,-709.7,1196.6,743.75,-3108.3,-266.88,742.31,-389.98,426.12,4109.6,285594,149,1429,751,-1.2449,-0.44881,1.7561
1256.9,-1581,439.6,-18.443,-724.18,1935.9,4.3638e+05,611385,1,1481.1,-5173.4,-462.2,1336.1,-6448.4,-962.37,1503.2,6010.7,2941.2,10977,325995,149,1430,752,-1.2788,-0.51463,1.7132
1264.9,-1579.1,379.94,-77.42,-696.94,1935.5,4.4232e+05,611383,1,-393.14,-10319,-3435.6,-1597.8,-19429,-7125.6,1669.2,3541.7,2337.3,23876,340116,149,1430,752,-1.2893,-0.51463,1.7053
1236.4,-1584.6,465.27,4.354,-738.45,1926.4,4.8942e+05,609867,1,1427.1,-1236,699.07,768.03,346.98,672.54,771.98,1409.7,987.32,3880.9,282516,149,1429,751,-1.2806,-0.50151,1.7157
1334.3,-1672.9,515.46,-0.095029,-848.26,2031,5.4803e+05,605313,1,2308.1,-997.22,1394.9,430.85,-2685.4,-402.27,945.31,-474.5,553.92,4153.5,286276,149,1429,751,-1.254,-0.46201,1.7462
1229.5,-1567.9,485.37,10.419,-764.69,1902.8,5.6582e+05,608347,1,2576.9,-818.29,1692.3,-512.34,-381.36,-483.73,871.48,133.86,693.75,3880.9,282517,149,1429,751,-1.2824,-0.48836,1.7181
1291.8,-1672.2,496.36,0.80619,-809.58,2014,5.4856e+05,605311,1,2729.9,-937.55,1735.7,-164.04,-2819.3,-872.01,1138.2,-479.67,698.88,4644.9,291306,149,1429,751,-1.2647,-0.46201,1.7385
1249.1,-1655.9,480.33,1.4959,-776.75,1982.3,5.5088e+05,605309,1,2590.9,-505.4,1770.8,-859.44,-2471.6,-1293.3,912.12,-112.1,639.55,4458.5,289336,149,1429,751,-1.2753,-0.46201,1.7307
1213.6,-1597.9,469.19,3.6736,-748.84,1919.7,5.5754e+05,606827,1,3126.4,-902.18,2083.5,-1058.9,-2400.1,-1452.9,1272.7,-799.53,727.64,4924.3,293785,149,1429,751,-1.2842,-0.4752,1.7205
1204.5,-1634.3,463.26,1.9165,-743.09,1945.3,5.4996e+05,605307,1,2622.7,57.63,1971.3,-1370.2,-2139.6,-1601.9,849.17,291.96,709.15,4593.3,290750,149,1429,751,-1.2859,-0.46201,1.7228
1650.9,-43.892,808.72,-351.21,-1680.7,658.38,4.4276e+05,612895,1,-5415.2,-23077,-11420,-13448,-1.175e+05,-47250,-9129.9,-52668,-23621,1.4258e+05,361502,149,1429,751,-1.3081,-0.52774,1.6868
1832.5,499.23,1143.4,-345.61,-2179,217.49,4.4016e+05,612893,1,-2471,-22603,-9011.2,-12303,-1.1835e+05,-46946,-7819.7,-57429,-24239,1.446e+05,361686,149,1429,751,-1.3184,-0.52774,1.6788
1277.2,-1568.6,294.57,-160.4,-658.13,1928.7,4.4604e+05,611381,1,1352.4,-12396,-2749.1,-1651.8,-32923,-11351,1818.7,-3036.6,430.63,37300,346349,149,1429,751,-1.2997,-0.51463,1.6974
1299.2,-1493.3,242.11,-238.55,-664.56,1864.9,4.4579e+05,611379,1,725.86,-20685,-5765.2,-5240.2,-57178,-21681,-828.26,-17119,-5963.7,67512,353243,149,1429,751,-1.3101,-0.51463,1.6894
-1398.6,1395.9,-1312.4,-610.26,1479.4,-1751,5.5098e+05,593145,1,-1.7665e+05,1.4474e+05,-80393,1.478e+05,-1.0748e+05,70087,-54118,52078,-23243,3.211e+05,367291,149,1364,745,-1.1326,-0.35597,1.8508
1687.5,-1728.9,116.28,-498.29,-965.59,2161,4.8759e+05,594669,1,-60975,22230,-33707,66406,-34462,34745,-47738,21335,-25713,1.2469e+05,360074,149,1370,746,-1.1541,-0.36928,1.8349
1176.2,-1124.7,-290.4,-673.34,-503.3,1423.4,5.1002e+05,593143,1,-1.1561e+05,87563,-54479,1.2727e+05,-91463,61113,-60774,47799,-28425,2.4307e+05,366224,149,1364,745,-1.144,-0.35597,1.8438
1982.2,-2341.8,461.81,-276.54,-1260.2,2821.6,4.6466e+05,593141,1,-31041,28258,-13825,44632,-42310,19657,-33758,25250,-16225,90345,356508,149,1364,745,-1.1553,-0.35597,1.8368
1407.4,-1741.2,538.74,-4.4649,-917.39,2112.1,5.3971e+05,602277,1,1743.5,-0.63074,1204.2,1033.5,-4316.7,-346.09,607.15,-197.43,370.98,4985.7,294334,149,1370,746,-1.2248,-0.4356,1.7735
1406.3,-1805.9,534.42,-5.8041,-914.01,2165.4,5.3804e+05,600753,1,1718.3,241.64,1242.9,694.34,-4607,-617.76,490,7.9457,338.75,5196,296176,149,1370,746,-1.2263,-0.42236,1.7757
1439,-1871,542.78,-7.49,-940.14,2232,5.4083e+05,599231,1,1450,522.7,1107.6,747.84,-4748.4,-582.28,416.57,333.53,357.96,5240.3,296524,149,1370,746,-1.2168,-0.40912,1.7853
1414,-1867.9,538.95,-6.2403,-924.34,2219.1,5.3705e+05,599229,1,1505.7,705.44,1201.1,32.177,-4058.2,-916.13,134.9,644.72,240.37,4691.3,291734,149,1370,746,-1.2277,-0.40912,1.7778
1512.8,-1956,578.34,3.1782,-1004.8,2332.2,5.4045e+05,597711,1,4398.5,631.95,3052.9,145.44,-7125.8,-1474.6,2754.5,-272.6,1764.5,9634,322628,149,1370,746,-1.1962,-0.39585,1.8021
1607.6,-2104.1,623.62,12.436,-1082,2495.9,5.1642e+05,596189,1,7772.2,-778.64,4914.7,-2966.1,-6404.3,-3305.3,3072.4,-624.78,1876.6,12620,330024,149,1370,746,-1.1864,-0.38257,1.8114
1522.1,-2044.5,578.71,1.5902,-1010,2410.7,5.5133e+05,596187,1,3640.7,967.05,2613.2,-2079.2,-5259.2,-2505,1685.3,632.38,1245.1,8004.1,317005,149,1370,746,-1.1975,-0.38257,1.8041
1945.3,-2320.8,620.69,-125.25,-1303.8,2800,4.3673e+05,594667,1,-630.05,-6027.5,-1542.9,18282,-13096,8891,-18038,6653.5,-10087,33095,344675,149,1370,746,-1.1653,-0.36928,1.8278
1723.7,-2266.2,665.14,9.0272,-1172.8,2678.4,4.8561e+05,594665,1,10478,-4652.3,5810.5,-2770,-6942.9,-3221.2,-1080.1,1253.7,-429.36,15309,333500,149,1370,746,-1.1765,-0.36928,1.8206
1589.5,-2169,615.03,12.929,-1068.5,2543.2,5.4381e+05,594663,1,7137.1,-1285.4,4383.9,-4496.4,-4315.4,-3829.6,2573.2,-240.07,1625.7,11603,327197,149,1370,746,-1.1877,-0.36928,1.8134
1470.9,-1941.8,554.6,-5.2864,-967.38,2303.4,5.4923e+05,597709,1,1783.7,1018.4,1419.7,-835.61,-5004.5,-1661.3,499.65,690.92,483.36,5974.8,303366,149,1370,746,-1.2072,-0.39585,1.7947
1448.7,-1929.5,552.52,-6.1197,-957.04,2282.8,5.4099e+05,597707,1,1230.1,1119.5,1086,-401.15,-3578.1,-1073.8,-93.387,1178.4,194.76,4415.6,288900,149,1370,746,-1.2182,-0.39585,1.7873
1374.7,-1749.4,526.45,-3.1606,-887.82,2106.9,5.4358e+05,602275,1,1954.1,-159.49,1328,828.33,-3861.1,-375.43,725.56,-183.62,461.84,4702.8,291837,149,1370,746,-1.2356,-0.4356,1.766
1318.4,-1710.2,507.45,-0.29391,-837.2,2054.2,5.4896e+05,603793,1,2167.9,-741.35,1365.5,379.9,-2743,-432.25,834.15,-300.57,520.91,4109.6,285604,149,1429,751,-1.2556,-0.44881,1.7485
1344.3,-1751.2,516.4,-2.1841,-862.89,2096.6,5.4566e+05,602273,1,1862.1,6.2538,1318.4,292.69,-3481.5,-651.84,544.69,59.74,399.42,4277.5,287519,149,1370,746,-1.2465,-0.4356,1.7583
1313.9,-1748.5,507.17,-1.0272,-839.52,2082.3,5.4704e+05,602271,1,1770.6,191.47,1316.4,-153.58,-2646.3,-771.04,408.19,408.66,393.24,4109.6,285595,149,1418,750,-1.2572,-0.4356,1.7507
1217.2,-1602.8,453.85,3.3343,-716.39,1934.8,4.5806e+05,609865,1,1947.4,-3217,522,450.22,78.434,354.66,1596.3,3650.1,2291.2,5989.1,303544,149,1429,751,-1.2911,-0.50151,1.7078
1283,-1707,494.08,0.66484,-807.78,2037.6,5.4872e+05,603791,1,2275.6,-329.26,1567.9,-393.67,-2373.7,-901.71,758.26,85.412,572.02,4109.6,285601,149,1429,751,-1.2663,-0.44881,1.7407
1178.1,-1554.1,469.67,17.704,-725.31,1870.2,5.6524e+05,608345,1,3903.7,-1955.2,2394.6,-1116.6,1719.9,-342.99,1353.4,-11.199,1028.5,5657.5,300273,149,1429,751,-1.293,-0.48836,1.7102
1163.9,-1573.5,450.09,5.2594,-711.07,1878.2,5.6034e+05,606825,1,2996.4,-433.71,2141.2,-1503.5,-1902.9,-1663.3,1071.1,-510.21,664.9,4924.3,293786,149,1429,751,-1.2947,-0.4752,1.7126
1246.6,-1687.1,483.1,1.1334,-783.35,2005,5.4862e+05,603789,1,1835.8,627.32,1511.9,-1360,-1787.6,-1465.4,258.69,925.4,426.6,4109.6,285599,149,1429,751,-1.277,-0.44881,1.7329
1214,-1658.6,476.33,1.3351,-766.43,1965.7,5.4763e+05,603787,1,1991.9,909.97,1719.1,-1645.4,-1618.8,-1651.8,330.35,1169.8,548.33,4193.5,286671,149,1429,751,-1.2876,-0.44881,1.725
1163,-1602,450.64,2.3444,-717.04,1899.4,5.4986e+05,605305,1,2370.3,663.36,1967.4,-1969.7,-1747.1,-1962.2,570.53,796.92,642.53,4699.5,291811,149,1429,751,-1.2965,-0.46201,1.7149
1182.2,-1621.8,472.07,1.7044,-753.6,1919.1,5.4574e+05,603785,1,1801.9,1645.8,1791,-2185.2,-1290.2,-1990,76.626,1794,526.46,4802.6,292781,149,1429,751,-1.2982,-0.44881,1.7171
1354.1,-1177.1,314.59,-297.09,-840.57,1588.5,4.4576e+05,611377,1,147.13,-29095,-8822.3,-13538,-82076,-35981,-3347.8,-35812,-13727,1.0306e+05,358047,149,1429,751,-1.3204,-0.51463,1.6813
1166,-1624,423.62,7.6742,-658.46,1934.7,4.5263e+05,609863,1,4596.9,-7148.3,1406.3,-998.48,1211,-437.74,1847.7,4781.1,2843.5,10546,324935,149,1429,751,-1.3016,-0.50151,1.6999
1090.7,-1618.7,371.52,4.256,-576.49,1901.5,4.4756e+05,609861,1,5764.4,-10981,1196.8,-189.06,-244.71,-254.81,3918.3,5432.9,4672.7,14903,333105,149,1429,751,-1.312,-0.50151,1.6918
1027.1,-1616,267.04,-44.61,-468.31,1875.2,4.4237e+05,609859,1,2776.4,-15226,-2377.3,-4645,-5585.1,-5371.2,2300.4,2699.4,2599.3,18605,336450,149,1429,751,-1.3223,-0.50151,1.6838
1987.2,-2328.2,300.13,-420.16,-1200.9,2800.2,4.8228e+05,591615,1,-51046,37245,-24433,68017,-55570,31561,-41114,30250,-19793,1.2766e+05,360333,149,1364,745,-1.1451,-0.34265,1.8457
1822.9,-2389.1,690.77,-5.4885,-1253.7,2817.1,4.4749e+05,593139,1,6274.2,-1951.1,3648.1,3818.3,-8214.4,766.22,-8654.1,4844,-4516.4,16059,334225,149,1370,746,-1.1665,-0.35597,1.8297
1888.1,-2501.1,675.14,-38.716,-1289.9,2934.4,4.4689e+05,591613,1,8689.5,-6853.6,4195.6,2531.7,-5353.6,533.16,-12915,8722.8,-6421.6,21437,338451,149,1364,745,-1.1564,-0.34265,1.8386
1731.6,-2392.9,682.65,21.932,-1200.5,2783.7,5.2402e+05,591611,1,6362.5,-3283.4,3417.4,-4779.5,-1604.2,-3354.5,-1991,2840.6,-722.41,10591,325082,149,1370,746,-1.1677,-0.34265,1.8315
1378.2,-1804.9,527.59,-4.48,-893.5,2153.4,5.3793e+05,600751,1,1673.6,519.85,1293.7,92.628,-3791.1,-842.78,310.67,426.43,317.5,4496.1,289684,149,1370,746,-1.2371,-0.42236,1.7681
1388.3,-1854.4,537.51,-4.2567,-911.87,2196.3,5.3639e+05,599227,1,1254.5,1113.3,1131.4,-918.5,-2930.2,-1319.3,-261.48,1253.7,103.97,4112.7,285645,149,1370,746,-1.2386,-0.40912,1.7702
1427.9,-1911,555.87,-4.2422,-952.41,2256.7,5.3489e+05,597705,1,1089.4,1507.9,1088.3,-1197.2,-2208.2,-1323.2,-458.47,1791.6,79.807,4112.7,285646,149,1370,746,-1.2291,-0.39585,1.7798
1544,-2094.2,596.71,0.062091,-1046,2455.9,5.6627e+05,594661,1,2216,1652.5,1799.2,-3715,-2815.3,-3039.1,411.16,1535.2,579.37,6686.1,309525,149,1370,746,-1.1988,-0.36928,1.806
1489.2,-2002.4,569.98,-4.3667,-994.91,2358.5,5.5545e+05,596185,1,1372.4,1924.9,1329.3,-2138.4,-3271.4,-2137.5,-216.02,1820.8,236.76,5533.3,299070,149,1370,746,-1.2085,-0.38257,1.7967
1520.7,-2040.3,600.29,-3.0253,-1047.8,2395.4,5.618e+05,594659,1,1239.5,2467.2,1338,-2744,-2583.6,-2376.9,-420.58,2311.3,190.51,5901.1,302754,149,1370,746,-1.2098,-0.36928,1.7986
1657.1,-2290.7,651.81,23.558,-1130.1,2672.1,5.3859e+05,593137,1,7086.6,-1964.3,4169.5,-6068.1,-1089.2,-4136.5,2019.8,-196.04,1262,11502,326953,149,1370,746,-1.1777,-0.35597,1.8225
1604.1,-2193.6,627.35,5.7082,-1103.2,2561.5,5.7411e+05,593135,1,2777.5,1400,2083.2,-5021.1,-1596.1,-3599.5,639.23,1505.1,707.97,7609.5,314797,149,1370,746,-1.1889,-0.35597,1.8152
1469.3,-1968.3,575.84,-3.8537,-996.08,2317.9,5.4689e+05,596183,1,1017.1,1807.8,1077.9,-1542.5,-2808.4,-1655.7,-528.09,1878.2,40.945,4720.2,292024,149,1370,746,-1.2195,-0.38257,1.7893
1452.3,-1935.3,584.76,-2.1424,-1000.8,2279.2,5.4101e+05,596181,1,886.28,2003.1,1039.1,-1811.7,-1856.8,-1648.2,-714.63,2214.8,-18.27,4554.2,290303,149,1370,746,-1.2305,-0.38257,1.7818
1349.1,-1797.6,521.49,-2.8592,-874.17,2135.2,5.4018e+05,600749,1,1558.7,861.24,1311.7,-365.9,-2770.2,-928.61,151.64,927.19,328.94,4109.6,285600,149,1370,746,-1.248,-0.42236,1.7605
1287.4,-1733.3,503.25,-0.092287,-825.52,2057.6,5.4681e+05,602269,1,1474.1,999.92,1321.7,-1142.9,-1677.4,-1251.9,-0.17944,1249.1,310.35,4109.6,285596,149,1418,750,-1.2679,-0.4356,1.7429
1326.2,-1778.6,521.81,-1.6151,-866.33,2108.1,5.3957e+05,600747,1,1173.7,1343.7,1165.7,-1203.5,-1880.7,-1317.9,-283.13,1508.7,158.34,4109.6,285597,149,1418,750,-1.2588,-0.42236,1.7528
1102.1,-1531,443.31,29.904,-663.76,1820.4,5.5739e+05,608343,1,5179.3,-728.35,3751.6,-2190.1,2515.5,-947.16,2006.5,470.27,1677.9,7779.1,315670,149,1429,751,-1.3034,-0.48836,1.7023
1110.1,-1539.5,430.26,7.3407,-672.11,1826.4,5.605e+05,606823,1,3464.1,408.66,2760.5,-2015.5,-1166.2,-1867.8,1284.3,-348.68,880.48,5589.7,299577,149,1429,751,-1.3052,-0.4752,1.7046
1123.4,-1561.6,441.03,2.7657,-696.18,1846.7,5.4729e+05,605303,1,2301.7,1364.7,2129.4,-2380.8,-1487.8,-2226.6,445.81,1277.2,685.17,5180.2,296071,149,1429,751,-1.307,-0.46201,1.7069
1261.3,-1708.7,501.06,0.47951,-815.06,2024.1,5.4486e+05,602267,1,1360.7,1413.9,1356,-1628.6,-1351.4,-1541.6,-162.8,1636,288.97,4109.6,285602,149,1429,751,-1.2786,-0.4356,1.7351
1237.2,-1674.5,502.18,0.81244,-810.41,1982.4,5.4524e+05,602265,1,1304.6,1855.4,1440.8,-2066.4,-1078.9,-1815.9,-283.11,2037.9,301.65,4502.9,289741,149,1429,751,-1.2892,-0.4356,1.7272
1150.6,-1578.2,469.23,2.0565,-743.24,1866.1,5.4204e+05,603783,1,1454.6,2369.4,1735.1,-2794,-967.58,-2396.4,-286.99,2438,418.13,5606,299827,149,1429,751,-1.3087,-0.44881,1.7091
1212.4,-1635.8,503.63,1.1415,-806.41,1936.3,5.4388e+05,602263,1,1253.9,2424.3,1564.5,-2513.1,-812.18,-2111.4,-416.29,2533.1,326.38,5294.1,296978,149,1429,751,-1.2998,-0.4356,1.7193
994.78,-1500.2,392.8,41.455,-566.1,1752.8,5.4662e+05,608341,1,6098.6,-3244.2,3768,-2052.4,5811.7,106.94,3450.6,2031.5,3269.2,11253,326501,149,1429,751,-1.3139,-0.48836,1.6942
890.4,-1473.6,335.02,47.956,-464.65,1690.7,5.1954e+05,608339,1,4270.1,-339.72,3211.7,-3042.6,5236.2,-858.93,2012.7,3856.2,2694.3,9605.1,322513,149,1429,751,-1.3242,-0.48836,1.6861
1795,-2488.2,700.37,13.943,-1258.4,2884.4,4.9966e+05,590085,1,5337.9,-2359.9,2923.2,-3915.8,-1674.1,-2780.6,-4263.6,5082.5,-1746.9,10749,325513,149,1364,745,-1.1575,-0.32932,1.8404
1669.9,-2296,659.76,9.8656,-1167.1,2670.8,5.7261e+05,591609,1,3947.7,950.02,2715.2,-5748,-690.4,-3843.3,983.28,1375.6,889.55,8706.1,319483,149,1370,746,-1.1789,-0.34265,1.8243
1735,-2387.3,689.81,10.413,-1233.4,2768.4,5.7218e+05,590083,1,1918.7,2416.1,1645.1,-5470.9,-226.87,-3528.3,-203.86,2023.1,225.01,7670.8,315160,149,1364,745,-1.1688,-0.32932,1.8332
1718.8,-2306.7,694.88,0.14367,-1247,2683.8,5.8691e+05,590081,1,1223.6,3278.6,1380.9,-4793.4,-939.57,-3267.6,-462.75,2776.4,198.85,7526.7,314348,149,1364,745,-1.18,-0.32932,1.826
1367.7,-1831.4,540.94,-2.8154,-908.5,2166,5.3397e+05,599225,1,1124.8,1506,1145.7,-1249.6,-2103.6,-1376.8,-371.01,1678.2,124.84,4109.6,285603,149,1418,750,-1.2494,-0.40912,1.7626
1409.4,-1884,562.16,-2.5925,-953.17,2223.4,5.3128e+05,597703,1,933.35,1783.7,1052.5,-1615.4,-1583.7,-1488.5,-608.18,2084.4,38.669,4148.5,286234,149,1418,750,-1.24,-0.39585,1.7722
1435.9,-1901.4,593.33,-1.08,-1005.8,2239.9,5.4241e+05,596179,1,808.1,2133.9,1022.8,-1945.4,-1279.4,-1635.7,-731,2373.7,-1.1218,4529.7,290029,149,1370,746,-1.2414,-0.38257,1.7742
1582,-2121.8,630.47,-1.4968,-1109.8,2484.1,5.7297e+05,593133,1,1008.3,3171.5,1291.9,-3813.1,-1981.5,-2919,-648.62,2777,114.21,6919.2,311009,149,1370,746,-1.2,-0.35597,1.8079
1562.7,-2066,640.06,-2.1276,-1118,2422.9,5.6154e+05,593131,1,966.65,3228,1287.4,-3012.8,-1889.3,-2398.8,-794.66,2946.4,47.361,6381.8,307410,149,1370,746,-1.2111,-0.35597,1.8005
1501.4,-1995.4,609.16,-2.2881,-1053.4,2344.7,5.5518e+05,594657,1,907.58,2670.5,1167.6,-2372.2,-1881.3,-2004.8,-777.94,2628.4,10.616,5478.8,298536,149,1370,746,-1.2208,-0.36928,1.7912
1649.6,-2214.3,662.05,-0.63861,-1176.5,2584.3,5.8165e+05,591607,1,882.92,3591.3,1251,-4447.8,-1451.3,-3180.4,-717.32,2842.3,62.886,7472.9,313950,149,1370,746,-1.19,-0.34265,1.817
1630.7,-2148.3,672.64,-2.4443,-1187.7,2513.3,5.6644e+05,591605,1,959.04,3613.6,1320.4,-3666.2,-1884.1,-2788.6,-851.03,3122.5,25.603,7138.9,312259,149,1370,746,-1.2012,-0.34265,1.8097
1483.9,-1954.3,618.58,-1.2859,-1059.5,2298.2,5.5354e+05,594655,1,802.49,2590,1090.8,-2242.6,-1419.6,-1845.4,-795.78,2615.3,-9.3863,5144.4,295758,149,1370,746,-1.2318,-0.36928,1.7837
1305.5,-1754.2,524.41,-0.59638,-862.67,2076.6,5.4081e+05,600745,1,1066.5,1542.3,1148.2,-1496,-1384.3,-1424.7,-395.64,1765.2,138.39,4109.6,285598,149,1418,750,-1.2695,-0.42236,1.745
1285.5,-1724.3,528.13,0.055727,-861.4,2040.3,5.4198e+05,600743,1,1077.5,1805.5,1232.9,-1843.9,-1105.4,-1628,-430.85,2024.9,175.59,4186.8,286609,149,1418,750,-1.2802,-0.42236,1.7372
1348,-1803.1,545.77,-1.523,-907.75,2131.2,5.3558e+05,599223,1,967.13,1757.3,1103.3,-1667.8,-1527,-1555.2,-549.07,1968.8,63.634,4117.6,285738,149,1418,750,-1.2602,-0.40912,1.7549
1329.8,-1771.4,551.78,-0.65836,-909.56,2093.7,5.3846e+05,599221,1,868.4,1922.1,1081.1,-1877.6,-1126.7,-1630.9,-619.9,2159.9,53.991,4257.3,287311,149,1418,750,-1.271,-0.40912,1.7471
1056.1,-1495,412.07,9.107,-636.7,1764.9,5.6415e+05,606821,1,3608,3290.4,3724.2,-2755.9,-303.5,-2219.5,1269.4,1610.1,1435.3,7522.7,314329,149,1429,751,-1.3157,-0.4752,1.6966
1088.6,-1513.3,435.52,2.2272,-683.25,1788.3,5.4982e+05,605301,1,1879.5,2450.4,2121.6,-3172,-1149.8,-2773.1,-48.305,2215.9,561.01,6191.8,305598,149,1429,751,-1.3174,-0.46201,1.6988
1265,-1687.7,532.57,0.44697,-861.68,1997.4,5.4251e+05,600741,1,897.3,2165.4,1195.3,-2337.7,-792.34,-1938.6,-654.12,2376.8,88.476,4781.1,292575,149,1429,751,-1.2908,-0.42236,1.7293
1245.7,-1645.3,538.96,0.68752,-865.31,1949.4,5.4483e+05,600739,1,1013.2,2330.9,1338.4,-2537,-701.58,-2089.3,-606.53,2513.9,160.14,5124.3,295601,149,1429,751,-1.3014,-0.42236,1.7214
1123.6,-1525.7,470.9,1.6534,-741.1,1806.3,5.4538e+05,603781,1,1598.5,2595.4,1925.7,-3200.8,-838.62,-2704.5,-286.35,2666.8,481.91,6220,305817,149,1429,751,-1.3191,-0.44881,1.7011
1186.8,-1589.7,506.09,1.5828,-803.96,1882.9,5.4301e+05,602261,1,1243,2661.2,1629.1,-2894.8,-729.6,-2403.7,-498.82,2740.3,315.25,5816.2,301867,149,1429,751,-1.3103,-0.4356,1.7113
1160.1,-1536.4,509.03,1.7824,-802.63,1822.5,5.4475e+05,602259,1,1539.5,2668.7,1877.7,-3187.7,-757.27,-2666.6,-359.59,2784.8,433.99,6239.9,305978,149,1429,751,-1.3208,-0.4356,1.7032
1223.9,-1598.3,544.67,1.2084,-867.49,1896.4,5.4578e+05,600737,1,1191,2535.8,1538,-2884,-631.97,-2365,-558.28,2703.5,239.46,5674.7,300406,149,1429,751,-1.3119,-0.42236,1.7134
984.47,-1437.4,390.83,17.051,-589.66,1685.2,5.6077e+05,606819,1,3179.5,5286.7,3994.5,-3489.6,1466.3,-2321.5,1110.1,3709.9,1924.9,9614.2,322547,149,1429,751,-1.326,-0.4752,1.6885
1801.6,-2471.2,720.47,9.4451,-1304.8,2858.2,5.7264e+05,588557,1,1731.4,2290.5,1470.9,-5676.7,525.23,-3474.7,-449.52,2284.3,105.25,7772.6,315637,149,1364,745,-1.1586,-0.31597,1.842
1787.1,-2393.1,727.93,0.5218,-1320.1,2776.3,5.9272e+05,588555,1,1123.9,3417,1299,-4938.3,-213.93,-3175.5,-740.48,2927,29.412,7632.8,314936,149,1364,745,-1.1698,-0.31597,1.8349
1772.5,-2321.8,742.29,-1.4549,-1337.2,2701.1,5.7046e+05,588553,1,786.08,3883.7,1177.1,-4221.7,-1019.9,-2899.6,-1023.3,3446.9,-67.523,7569,314589,149,1364,745,-1.1811,-0.31597,1.8277
1702.3,-2237.8,706.84,-2.3819,-1261.1,2610.5,5.6868e+05,590079,1,846.18,3811.6,1248.8,-3965.3,-1682.9,-2906.5,-989.37,3386.5,-33.137,7500.4,314187,149,1370,746,-1.1912,-0.32932,1.8187
1754.1,-2257.9,755.03,-1.5684,-1348.4,2631.9,5.6222e+05,588551,1,921.8,3763.7,1260.5,-3774,-1398.6,-2717,-986.77,3499.7,-37.061,7308.1,313143,149,1364,745,-1.1923,-0.31597,1.8204
1857.4,-2473.9,762.64,0.40936,-1398.7,2862.7,5.9809e+05,587029,1,857.83,3821.9,1164.9,-4760.6,-300.46,-3040.9,-958.21,3349.8,-54.318,7800.2,315790,149,1364,745,-1.1596,-0.30261,1.8436
1392,-1852.6,569.34,-1.4682,-956.16,2186.3,5.3338e+05,597701,1,836.59,1943.8,1027.9,-1867.1,-1231.3,-1601.9,-680.54,2239,17.16,4310.4,287858,149,1418,750,-1.2509,-0.39585,1.7646
1374.5,-1820.5,575.88,-0.79863,-958.7,2148.5,5.3805e+05,597699,1,833.16,2054.4,1062.2,-1927.1,-1069.1,-1628.3,-671.92,2320.6,40.544,4403.3,288801,149,1418,750,-1.2617,-0.39585,1.7569
1419.3,-1867.8,600.85,-0.63139,-1009.9,2201,5.4574e+05,596177,1,745.78,2187.8,1001.3,-2017.2,-1033.7,-1654.8,-750.06,2432.1,-5.74,4549.6,290255,149,1418,750,-1.2523,-0.38257,1.7665
1467.4,-1917.1,627.1,-0.825,-1064.8,2255.7,5.5468e+05,594653,1,728.63,2559.4,1040.8,-2142.3,-1257.5,-1759.9,-787.58,2606.2,-9.7762,4984.5,294321,149,1370,746,-1.2427,-0.36928,1.7761
1452.1,-1880.8,635.89,-0.60537,-1070.8,2214.5,5.5393e+05,594651,1,680.85,2599.3,1022.4,-2171.7,-1094.6,-1765.9,-807.6,2664,-17.881,5004.7,294480,149,1370,746,-1.2536,-0.36928,1.7684
1543.1,-2019,648.83,-1.6801,-1123.2,2370,5.5935e+05,593129,1,918.88,3208.5,1262.6,-2620.3,-1767.6,-2136.1,-785.39,2989.4,57.981,6069.8,304599,149,1370,746,-1.2221,-0.35597,1.793
1610,-2092.4,682.58,-2.0988,-1194.5,2451.4,5.6182e+05,591603,1,979.33,3573,1336.2,-3079.3,-1909.3,-2434.9,-847.86,3213,37.525,6753.6,310013,149,1370,746,-1.2123,-0.34265,1.8023
1589.2,-2043.7,690.9,-1.6874,-1198.3,2396.6,5.6182e+05,591601,1,937.03,3474.7,1305.9,-2700.6,-1781.8,-2182.7,-786.64,3164.3,71.699,6366,307260,149,1370,746,-1.2233,-0.34265,1.7948
1523.6,-1976.3,656.48,-1.3679,-1126.7,2321.4,5.6068e+05,593127,1,856.61,3169.5,1220.1,-2457,-1642.9,-2021.6,-780.78,2972,51.476,5876.7,302531,149,1370,746,-1.2331,-0.35597,1.7855
1681.8,-2176,717.78,-2.4141,-1269.6,2543,5.6216e+05,590077,1,1012.9,3775.4,1354.1,-3501.6,-1776.3,-2644.8,-906.83,3433.8,18.014,7220.7,312726,149,1370,746,-1.2023,-0.32932,1.8114
1659.8,-2119.3,727.16,-1.9658,-1274.6,2480,5.6078e+05,590075,1,1007.9,3724.5,1359.2,-3232.1,-1927.1,-2523.9,-863.84,3343.2,32.123,7013.6,311539,149,1370,746,-1.2134,-0.32932,1.804
1505.9,-1935.8,664.66,-1.1571,-1131.1,2275.4,5.604e+05,593125,1,736.67,3007,1118.9,-2287.7,-1387.2,-1880.6,-803.38,2895.7,18.205,5528.3,299038,149,1370,746,-1.244,-0.35597,1.7779
1313,-1736.3,559.04,-0.10778,-913.83,2053.3,5.4125e+05,599219,1,825.19,2134.1,1112.8,-2163.7,-756.19,-1775.8,-687.01,2382.3,55.445,4586,290680,149,1418,750,-1.2817,-0.40912,1.7393
1358.1,-1784.5,583.67,-0.38673,-963.61,2107.4,5.41e+05,597697,1,719.79,2183.6,1017.2,-2191.5,-849.18,-1787.3,-777.8,2434.8,-15.435,4644.6,291298,149,1418,750,-1.2724,-0.39585,1.7491
1343.2,-1745.6,592.82,-0.10231,-970.88,2063.9,5.4401e+05,597695,1,701.92,2242.7,1026.9,-2299.7,-709.92,-1856.4,-797.73,2495.4,-20.761,4762.3,292393,149,1418,750,-1.2831,-0.39585,1.7413
1045.4,-1450.4,429.85,4.0057,-667.48,1713.4,5.5324e+05,605299,1,2643.9,3856.6,3137,-3670.4,-1039,-3169.8,316.43,2866.6,1034.3,8105,317475,149,1429,751,-1.3278,-0.46201,1.6907
1086.1,-1467.6,467.41,2.7253,-729.14,1737.9,5.4129e+05,603779,1,1923.1,2809,2251.7,-3589.5,-1007,-3084.4,-141.23,2780.4,624.04,6943.4,311157,149,1429,751,-1.3296,-0.44881,1.6929
1296.2,-1697.1,566.79,0.24252,-919.11,2009.2,5.4255e+05,599217,1,762.16,2266.5,1101.9,-2415.7,-653.32,-1955.3,-772.27,2506,14.167,4888.2,293509,149,1418,750,-1.2923,-0.40912,1.7314
1278.7,-1653.4,574.84,0.50003,-924.95,1960.5,5.4618e+05,599215,1,896.59,2349.2,1236.7,-2638.4,-605.78,-2137.5,-720.71,2579.1,69.435,5188.9,296131,149,1418,750,-1.3029,-0.40912,1.7234
1124.9,-1480,507.16,3.1215,-792.4,1756.4,5.4219e+05,602257,1,1812.7,2747.4,2130.2,-3528.6,-773.23,-2971.7,-201.53,2865.1,578.32,6770.2,310105,149,1429,751,-1.3312,-0.4356,1.6951
1196.1,-1546.7,547.07,2.0462,-864.03,1837.3,5.4521e+05,600735,1,1545.4,2577.3,1837.9,-3182.7,-676.26,-2636.9,-378.69,2753.1,388.75,6150,305261,149,1429,751,-1.3224,-0.42236,1.7053
1161.7,-1488.9,546.29,3.4568,-854.94,1770.3,5.4705e+05,600733,1,1826.1,2606.2,2083.4,-3539.2,-636.91,-2939.3,-203.43,2793,535.82,6645.9,309297,149,1418,750,-1.3329,-0.42236,1.6971
1257.6,-1606.4,581.31,1.1167,-927.75,1907.7,5.4704e+05,599213,1,1117.1,2377.3,1420.2,-2858.1,-578.18,-2323.7,-618.3,2614.4,148.91,5482.6,298572,149,1418,750,-1.3135,-0.40912,1.7154
1231,-1555,584.74,2.1176,-925.25,1849.1,5.4813e+05,599211,1,1500.2,2514.5,1767,-3221.7,-530.04,-2626.6,-420.35,2727.9,328.29,6081.1,304694,149,1418,750,-1.324,-0.40912,1.7073
995.51,-1382.3,420.76,6.5493,-645.75,1631.5,5.6042e+05,605297,1,2704.6,4960.8,3520.2,-3938.2,-786.31,-3346.1,300.05,3634.6,1240,9125.5,320845,149,1429,751,-1.3382,-0.46201,1.6826
1843.6,-2403.2,778.37,-0.83002,-1416.6,2788.1,5.7128e+05,587027,1,755.2,3920.5,1130,-4195.8,-1005,-2845.9,-1152.6,3622.7,-138.74,7642.2,314984,149,1364,745,-1.1709,-0.30261,1.8365
1824.7,-2338.6,791.14,-0.93437,-1427.1,2718.1,5.6662e+05,587025,1,942.54,3793.7,1237,-3924.5,-1167.1,-2729.2,-1040.2,3577.7,-80.158,7410.2,313639,149,1364,745,-1.1821,-0.30261,1.8293
1804.5,-2275.5,802.88,-0.82713,-1435.3,2649.3,5.6558e+05,587023,1,1024.8,3683.2,1280.5,-3667.7,-1270.9,-2609.5,-932.01,3496.2,-30.773,7157.2,312361,149,1364,745,-1.1933,-0.30261,1.822
1733.5,-2198.5,765.64,-1.4938,-1355.3,2566.6,5.6096e+05,588549,1,1024.5,3709.1,1325.1,-3377.6,-1564.5,-2515.9,-865.12,3466.5,27.144,7036.7,311712,149,1370,746,-1.2034,-0.31597,1.813
1783,-2218.8,812.31,-0.92138,-1439.6,2586.4,5.655e+05,587021,1,1034.4,3630.5,1293.6,-3388.4,-1368.6,-2474.9,-858.45,3450.2,8.7969,6931.4,311073,149,1364,745,-1.2045,-0.30261,1.8146
1895.7,-2418.2,827.24,-0.6692,-1508.1,2802,5.7146e+05,585497,1,917.39,3853.6,1189.3,-4048.5,-960.22,-2728.8,-1077.1,3633.2,-116.06,7499.3,314170,149,1364,745,-1.1718,-0.28924,1.838
1404.5,-1832.1,609.59,-0.41459,-1016.2,2160.6,5.4601e+05,596175,1,707.97,2242.7,996.43,-2089.5,-885.39,-1692.4,-770.1,2484.8,-10.625,4615.7,291003,149,1418,750,-1.2631,-0.38257,1.7588
1389.7,-1794.7,618.57,-0.24417,-1023,2118.6,5.4742e+05,596173,1,671.51,2363.3,1004.5,-2250.2,-762.84,-1803.9,-810.85,2578.9,-26.681,4822.2,292929,149,1418,750,-1.2738,-0.38257,1.751
1437.6,-1843.3,645.24,-0.47321,-1077.7,2172.4,5.5345e+05,594649,1,633.89,2555.2,992.53,-2214.5,-898.68,-1780.8,-832.96,2675.4,-36.322,4965,294169,149,1418,750,-1.2644,-0.36928,1.7607
1490.1,-1896.1,673.81,-0.95433,-1137.2,2230.8,5.5877e+05,593123,1,660.9,2974.9,1065.8,-2296.2,-1231.4,-1874.8,-843.11,2906.2,-13.809,5466.6,298436,149,1370,746,-1.2549,-0.35597,1.7702
1475.1,-1857.1,683.19,-0.8754,-1143.7,2187.1,5.5788e+05,593121,1,631.03,2962.6,1048.6,-2294.3,-1146.1,-1876.6,-851.64,2919.2,-23.759,5442.5,298252,149,1418,750,-1.2657,-0.35597,1.7625
1639,-2067.6,736.12,-1.6073,-1278.9,2422.3,5.6032e+05,590073,1,953.08,3700.9,1327.7,-2858.3,-1790.7,-2275.7,-802.42,3351,67.299,6693.3,309572,149,1370,746,-1.2245,-0.32932,1.7965
1569.3,-1998.9,698.75,-1.4337,-1201.5,2345.8,5.6121e+05,591599,1,878.18,3531.1,1278.9,-2601.1,-1661.5,-2110.8,-788.33,3237.2,73.719,6321.7,306821,149,1370,746,-1.2343,-0.34265,1.7873
1550.8,-1955.7,707,-1.2445,-1205.4,2297,5.6018e+05,591597,1,799.39,3471.9,1224.5,-2446.4,-1573.5,-2011.8,-789.94,3211.9,63.859,6135.5,305141,149,1370,746,-1.2452,-0.34265,1.7797
1711.6,-2144.3,774.08,-1.5771,-1358.6,2506.2,5.6145e+05,588547,1,1033.1,3749.7,1354,-3151.5,-1699.2,-2420,-809.53,3449.2,60.619,6942.1,311149,149,1370,746,-1.2145,-0.31597,1.8056
1533.5,-1914.5,715.36,-1.2018,-1209.8,2250.6,5.5978e+05,591595,1,686.44,3305.7,1129.3,-2346.1,-1414.6,-1938,-832.11,3122.2,17.463,5863.1,302395,149,1370,746,-1.2561,-0.34265,1.772
1327.7,-1705.4,601.7,0.12158,-977.72,2019.3,5.4673e+05,597693,1,749.71,2308.1,1089.7,-2493,-598.37,-2000.9,-794.57,2560,-6.8694,4983.8,294315,149,1418,750,-1.2938,-0.39585,1.7334
1374.5,-1755.3,627.46,-0.12929,-1029.6,2074.6,5.4934e+05,596171,1,665.39,2384.1,1013.1,-2380.5,-730.62,-1914.8,-829.75,2594.8,-42.325,4944,293992,149,1418,750,-1.2846,-0.38257,1.7432
1359.5,-1713.6,636.99,0.016377,-1037.1,2028.5,5.5142e+05,596169,1,717.54,2394,1063.3,-2522,-649.77,-2026,-822.03,2620.1,-36.061,5080,295172,149,1418,750,-1.2952,-0.38257,1.7353
1047.2,-1399.5,463.69,2.7868,-718.23,1659.7,5.4949e+05,603777,1,2303.2,3502.7,2771.7,-3938.3,-1185.2,-3451.9,64.58,3075.3,873.95,8019.4,317081,149,1429,751,-1.3399,-0.44881,1.6847
1087.6,-1414.4,503.78,3.0755,-781.66,1681.2,5.4603e+05,602255,1,1997.6,2775.8,2303.3,-3806.9,-885.87,-3253.8,-61.49,2867.5,690.3,7181,312532,149,1429,751,-1.3416,-0.4356,1.6869
1310.3,-1661.5,610.04,0.45354,-983.47,1970.4,5.4826e+05,597691,1,888.12,2338.8,1207.8,-2703.1,-576.35,-2177.9,-742.99,2591.5,31.202,5231.5,296464,149,1418,750,-1.3044,-0.39585,1.7254
1123.8,-1425.1,542.51,3.9169,-842.49,1696.6,5.4734e+05,600731,1,1995.8,2616.6,2242.1,-3733.3,-674.27,-3138.5,-43.898,2809.1,667.99,6959.7,311243,149,1418,750,-1.3432,-0.42236,1.6889
1196.8,-1496.4,584.28,3.6177,-916.1,1781.5,5.4928e+05,599209,1,1780.6,2658,2038.2,-3598.7,-480.41,-2946.2,-237.41,2844.9,496.35,6681.9,309505,149,1418,750,-1.3344,-0.40912,1.6991
1159.6,-1433,581.02,4.2197,-903.81,1708.4,5.4823e+05,599207,1,1836.4,2779.4,2136.2,-3757.4,-501.75,-3111.1,-147.04,2927,594.91,6975.1,311338,149,1418,750,-1.3448,-0.40912,1.6909
1289.6,-1614.1,616.82,1.0866,-986.3,1917.3,5.4802e+05,597689,1,1117.6,2414.9,1416.2,-2958.9,-511.69,-2387.8,-633.95,2657,129,5593.1,299616,149,1418,750,-1.315,-0.39585,1.7173
1265.7,-1561,622.41,1.8942,-987.01,1857.9,5.51e+05,597687,1,1328,2534.8,1614.6,-3254.7,-431.65,-2621,-544.89,2755.4,214.34,6031.6,303898,149,1418,750,-1.3255,-0.39585,1.7092
1233,-1502.7,623.15,3.4882,-979.14,1791,5.488e+05,597685,1,1608.3,2726.1,1894,-3546.3,-394.73,-2872,-371.12,2895.1,382.2,6576.5,308899,149,1418,750,-1.336,-0.39585,1.7011
1001.3,-1327.7,456.88,4.5043,-700.76,1575.8,5.5696e+05,603775,1,2302.9,4129.3,2963.2,-3836.3,-1174.4,-3405.6,131.96,3401.5,1017,8452.9,318678,149,1429,751,-1.3502,-0.44881,1.6765
1875.9,-2353.6,839.76,-0.52087,-1516.9,2731.8,5.7106e+05,585495,1,1022,3714.9,1252.4,-3855.3,-1160.6,-2675.7,-979.31,3529.1,-70.51,7294,313082,149,1364,745,-1.1831,-0.28924,1.8308
1853.5,-2293.9,849.52,-0.4884,-1520.9,2665.7,5.7118e+05,585493,1,1109,3666.4,1303.2,-3586.7,-1183.8,-2535.4,-865.82,3508.6,-15.005,7079.9,311961,149,1364,745,-1.1943,-0.28924,1.8235
1831.9,-2236.3,859.22,-0.47798,-1524.8,2602,5.7007e+05,585491,1,1062,3620.2,1284.1,-3339.2,-1231.5,-2415.1,-832.03,3478.7,3.2462,6868.5,310720,149,1364,745,-1.2055,-0.28924,1.8161
1762.1,-2165.3,821.32,-1.1069,-1443.3,2526.8,5.6436e+05,587019,1,1031.9,3640.9,1301.1,-3123.3,-1394.5,-2331.4,-798.34,3460.5,41.037,6764.9,310073,149,1364,745,-1.2156,-0.30261,1.8072
1925.8,-2369.3,887.5,-0.20479,-1605.5,2744.5,5.7516e+05,583963,1,1081.3,3740.8,1262,-3774.1,-985.43,-2587.3,-930.24,3587,-60.996,7238.8,312822,149,1364,745,-1.184,-0.27586,1.8322
1423.4,-1804.9,654.77,-0.39275,-1085,2129.6,5.5341e+05,594647,1,627.98,2609.3,1004.9,-2299.9,-843.18,-1852.3,-845.38,2728.3,-43.156,5079.8,295169,149,1418,750,-1.2752,-0.36928,1.7529
1408.5,-1765.6,663.92,-0.29425,-1091.6,2085.8,5.5388e+05,594645,1,660.09,2550,1029,-2390.9,-768.36,-1925.7,-834.15,2708.1,-38.416,5103.3,295407,149,1418,750,-1.2859,-0.36928,1.745
1460.4,-1817.8,692.66,-0.78544,-1150.4,2143.3,5.5766e+05,593119,1,616.12,2895.6,1035,-2347.7,-1006.7,-1912.4,-869.5,2907.2,-43.368,5406.2,297947,149,1418,750,-1.2765,-0.35597,1.7547
1517.7,-1873.8,724.46,-1.2167,-1215.4,2205,5.591e+05,591593,1,656.97,3350.3,1117.5,-2407.6,-1353.1,-1989.8,-861.3,3179.7,-5.5697,5945.1,303084,149,1418,750,-1.267,-0.34265,1.7642
1502.5,-1832.9,734.11,-1.116,-1221.7,2159.5,5.5899e+05,591591,1,615.4,3214.6,1075.9,-2404.6,-1179.1,-1978,-887.18,3123.7,-33.554,5787.9,301600,149,1418,750,-1.2778,-0.34265,1.7564
1619.2,-2021.1,744.39,-1.4563,-1282.2,2370,5.6051e+05,590071,1,878.2,3665.4,1282.9,-2603.1,-1675.9,-2109.9,-781.6,3348.1,75.783,6458.7,308066,149,1370,746,-1.2355,-0.32932,1.789
1690.2,-2092.4,782.35,-1.6408,-1361.6,2448.1,5.6156e+05,588545,1,992.59,3727.7,1331.6,-2923.7,-1749.2,-2299.7,-776.93,3411.6,69.905,6767.4,310089,149,1370,746,-1.2256,-0.31597,1.7981
1669.6,-2045.2,790.17,-1.604,-1363.6,2394.9,5.6202e+05,588543,1,924.55,3717.7,1291.6,-2725.4,-1671.6,-2174.5,-782.08,3426.1,62.71,6606.7,309067,149,1370,746,-1.2366,-0.31597,1.7906
1599.9,-1978,751.94,-1.4757,-1284.6,2321,5.6151e+05,590069,1,827.36,3645.5,1250.8,-2501.7,-1598.9,-2047.3,-780.18,3364.7,72.825,6362.4,307233,149,1370,746,-1.2464,-0.32932,1.7813
1581.8,-1935.8,759.97,-1.5731,-1287.9,2273.4,5.6157e+05,590067,1,734.53,3585.7,1188.8,-2450.2,-1492.1,-2016.8,-823.14,3348.6,39.272,6245,306029,149,1418,750,-1.2573,-0.32932,1.7737
1740.6,-2115.3,829.15,-1.2714,-1444.9,2470.6,5.6352e+05,587017,1,1000.5,3692.1,1307.3,-2933,-1522.2,-2257.1,-774.41,3472.2,60.253,6709.3,309694,149,1370,746,-1.2266,-0.30261,1.7997
1342.3,-1669.7,645.46,0.37995,-1042.6,1979.7,5.5031e+05,596167,1,817.19,2476.5,1165.1,-2768.6,-553.15,-2218.8,-801.6,2701.3,-10.742,5384.4,297757,149,1418,750,-1.3059,-0.38257,1.7273
1393,-1723.1,673.25,-0.13531,-1098.3,2038.8,5.5479e+05,594643,1,672.08,2646.4,1060.3,-2626,-700.24,-2108.5,-876.56,2802.5,-62.686,5388.7,297787,149,1418,750,-1.2966,-0.36928,1.7371
1376.9,-1677.3,683.01,0.19342,-1105.4,1988.4,5.5342e+05,594641,1,737.37,2616.9,1117,-2772.1,-582.92,-2218.8,-857.11,2805.6,-46.552,5495,298730,149,1418,750,-1.3072,-0.36928,1.7291
1044.7,-1346.9,496.41,3.4509,-764.42,1602.3,5.4628e+05,602253,1,2112.9,2971.7,2472.7,-3883.7,-1146.6,-3422.8,29.528,2886.5,774.64,7513.7,314275,149,1429,751,-1.3519,-0.4356,1.6786
1083.4,-1359.8,536.18,4.1047,-826.63,1620.8,5.4532e+05,600729,1,1740.7,3000,2154.4,-3834.7,-722.5,-3270.9,-163.75,3044.7,632.33,7231.4,312784,149,1418,750,-1.3536,-0.42236,1.6806
1323.1,-1620.9,653.6,0.89456,-1047.2,1925.7,5.503e+05,596165,1,991.69,2523,1324.2,-3005.8,-480.86,-2410.1,-725.8,2743.7,58.295,5677.6,300429,149,1418,750,-1.3164,-0.38257,1.7192
1199.5,-1438.4,622.61,3.8194,-970.95,1718.3,5.4871e+05,597683,1,1498.5,3078.5,1911,-3794.5,-360.12,-3100,-386.22,3153.1,431.36,7056.2,311839,149,1418,750,-1.3464,-0.39585,1.6929
1126,-1367.1,579.19,3.6332,-895.36,1634.2,5.4753e+05,599205,1,1223.1,3297.7,1780.7,-3871.9,-412.43,-3218.6,-529.53,3303.1,370.9,7238.2,312816,149,1418,750,-1.3552,-0.40912,1.6826
1301.2,-1566.4,660.82,1.5541,-1050.3,1865.6,5.502e+05,596163,1,1153.4,2834.2,1528,-3383.9,-354.27,-2706.2,-682.29,2983.2,136.1,6323.1,306839,149,1418,750,-1.327,-0.38257,1.7111
1273.9,-1507,665.37,2.6709,-1048.5,1799.2,5.4902e+05,596161,1,1302.7,3262.7,1758.4,-3684.5,-269.54,-2961.2,-585.24,3299.2,280.83,7011.2,311529,149,1418,750,-1.3374,-0.38257,1.703
1005,-1279.4,490.38,3.3667,-750.03,1524.7,5.5344e+05,602251,1,1867.3,3879.6,2535.9,-3701.8,-993.31,-3278.1,-50.215,3427.5,853.32,7929.9,316540,149,1418,750,-1.3622,-0.4356,1.6703
1904.2,-2308.3,898.17,-0.046463,-1610.1,2677.5,5.7431e+05,583961,1,1111.7,3741.1,1293.7,-3604.5,-1053.6,-2519.4,-870.03,3586.1,-27.59,7139.5,312261,149,1364,745,-1.1952,-0.27586,1.8249
1881.9,-2251.7,907.39,0.0095667,-1612.2,2614.5,5.7399e+05,583959,1,1121.5,3708,1304.2,-3373.5,-1055.6,-2396.3,-808.4,3574.4,4.3929,6955.2,311223,149,1364,745,-1.2064,-0.27586,1.8176
1811,-2182.9,868.36,-0.55523,-1527.7,2542.6,5.6873e+05,585489,1,1020.3,3596.2,1259.8,-3086.9,-1199.7,-2269.9,-804.42,3482.9,12.812,6667.8,309433,149,1364,745,-1.2166,-0.28924,1.8087
1860,-2198.5,915.97,-0.070522,-1613.5,2555.2,5.7342e+05,583957,1,1058.9,3649.4,1269.8,-3147.5,-1089.1,-2280.9,-792.43,3540.4,9.5828,6746.1,309966,149,1364,745,-1.2175,-0.27586,1.8101
1790.5,-2133.3,876.96,-0.66886,-1529.8,2487.1,5.6716e+05,585487,1,1001.7,3617.8,1266.5,-2916.6,-1234.8,-2189,-774.61,3501,35.831,6586.1,308959,149,1364,745,-1.2277,-0.28924,1.8012
1445.6,-1777,702.44,-0.57953,-1157.3,2098,5.5722e+05,593117,1,629.96,2865.2,1049.7,-2498.1,-847.22,-2016.2,-886.03,2933,-54.591,5488.4,298636,149,1418,750,-1.2872,-0.35597,1.7468
1487.4,-1789.8,744.29,-0.81627,-1228.6,2112,5.5959e+05,591589,1,606.74,3249.3,1080.8,-2658.1,-968.01,-2146.8,-949.11,3213.3,-71.743,5994.7,303597,149,1418,750,-1.2885,-0.34265,1.7486
1565,-1893.4,768.87,-1.5635,-1292.5,2226,5.6131e+05,590065,1,689.26,3545.8,1155.8,-2498.3,-1376.4,-2051.2,-866.89,3361.3,3.7632,6227.2,305868,149,1418,750,-1.2682,-0.32932,1.7659
1548.9,-1849.8,778.69,-1.3064,-1298.2,2177.5,5.6124e+05,590063,1,635.42,3510.3,1119.4,-2648.1,-1139.4,-2140.6,-937.1,3397.1,-45.976,6268.4,306233,149,1418,750,-1.279,-0.32932,1.7581
1650.1,-2000.2,798.28,-1.5043,-1366,2344.1,5.6161e+05,588541,1,857.14,3703.5,1257.6,-2590.8,-1611.9,-2097.4,-791.24,3427.2,56.511,6489.7,308283,149,1370,746,-1.2475,-0.31597,1.783
1720.4,-2066.7,837.56,-1.2905,-1447.3,2416.2,5.627e+05,587015,1,943.62,3675.8,1268.5,-2799.8,-1449.7,-2174.6,-785.29,3487.6,44.372,6592.6,308986,149,1370,746,-1.2377,-0.30261,1.7921
1700.9,-2020.9,845.87,-1.2693,-1449.5,2364.7,5.628e+05,587013,1,869.66,3685.3,1233.4,-2703.8,-1395.9,-2128.9,-808.76,3505.2,28.391,6526.2,308540,149,1418,750,-1.2486,-0.30261,1.7845
1631.8,-1955.8,806.97,-1.3684,-1369.4,2294.3,5.6113e+05,588539,1,785.61,3693.4,1211.3,-2611.3,-1442.9,-2105.7,-836.91,3476.7,23.686,6469.1,308150,149,1418,750,-1.2585,-0.31597,1.7753
1614.4,-1911.3,816.2,-1.2209,-1373.7,2244.7,5.6096e+05,588537,1,704.78,3655.4,1164,-2623.3,-1263.5,-2111.8,-889.24,3500.8,-8.5642,6418.5,307767,149,1418,750,-1.2693,-0.31597,1.7675
1359.6,-1627.1,692.69,0.56913,-1112.2,1933.6,5.5155e+05,594639,1,792.81,2825.9,1213.1,-3130.5,-422.9,-2488.7,-884.68,2986.6,-37.036,5996.8,303618,149,1418,750,-1.3178,-0.36928,1.7211
1430.5,-1732.8,712.62,-0.30635,-1164.7,2049.5,5.5699e+05,593115,1,633.19,2904.4,1066.6,-2701,-718.27,-2163.6,-923.16,3002.4,-75.015,5686.7,300575,149,1418,750,-1.2979,-0.35597,1.7389
1415.1,-1684.9,723.33,-0.0076995,-1172.8,1997.3,5.5576e+05,593113,1,625.16,2975.8,1084,-2966.4,-537.34,-2353.9,-975.09,3094.1,-101.47,5965.3,303266,149,1418,750,-1.3086,-0.35597,1.7309
1051.3,-1292.4,534.24,2.451,-819.91,1545.5,5.4726e+05,600727,1,1226.2,3474.2,1876,-3857.9,-744.43,-3335.1,-486.15,3349.1,447.76,7436.8,313753,149,1418,750,-1.3639,-0.42236,1.6723
1100.5,-1299.9,582.46,1.9604,-896.19,1561,5.4596e+05,599203,1,983.1,3646.4,1696.3,-3916.1,-445.87,-3303.9,-697.8,3586.8,310.88,7552.4,314515,149,1418,750,-1.3655,-0.40912,1.6743
1173,-1372,625.64,2.567,-970.35,1645.6,5.481e+05,597681,1,946.95,3512.2,1582.8,-3908.6,-302.85,-3215.2,-749.2,3485.6,212.3,7362.1,313411,149,1418,750,-1.3567,-0.39585,1.6846
1245.3,-1442.6,668.63,2.9611,-1045.8,1727.8,5.477e+05,596159,1,1050.6,3594.1,1648,-3868.7,-242.75,-3138.8,-719.02,3579.3,234.67,7416.1,313669,149,1418,750,-1.3479,-0.38257,1.6947
1153,-1304,634.04,1.2501,-978.15,1573.3,5.4579e+05,597679,1,680.95,3803.2,1454.3,-3979.4,-261.85,-3304.9,-979.75,3756.8,90.099,7677.9,315183,149,1418,750,-1.367,-0.39585,1.6762
1340.3,-1571.2,702.08,1.0782,-1118.4,1872.7,5.4864e+05,594637,1,894.06,3023.1,1344.7,-3438.5,-312.06,-2734.6,-866.02,3146.6,6.2934,6465,308120,149,1418,750,-1.3284,-0.36928,1.713
1318.9,-1510.2,710.79,1.6351,-1123.4,1806.5,5.4855e+05,594635,1,979.97,3257.2,1472.7,-3652.9,-246.74,-2916.8,-833.05,3320.3,65.434,6882.8,310811,149,1418,750,-1.3389,-0.36928,1.7048
1295.8,-1445.4,718.53,1.9885,-1127,1736.2,5.4687e+05,594633,1,895.25,3644.2,1501.3,-3868.8,-181.54,-3114.1,-890.46,3637.2,80.983,7420.4,313689,149,1418,750,-1.3493,-0.36928,1.6965
1026.8,-1224.8,538.67,1.2087,-822.55,1472.4,5.5139e+05,600725,1,943.99,4023.5,1796.9,-3918,-600.38,-3385.9,-780.76,3788.1,313.63,7908.3,316455,149,1418,750,-1.3741,-0.42236,1.6639
1932.5,-2265.4,956.23,0.33016,-1701.3,2624.2,5.771e+05,582427,1,1155.6,3759.7,1309.3,-3368.1,-947.46,-2372,-788.54,3628.7,0.1705,6988.8,311416,149,1364,745,-1.2073,-0.26247,1.819
1910.1,-2212.2,964.65,0.33836,-1701.3,2564.8,5.7669e+05,582425,1,1107.5,3717.8,1284.4,-3146,-970.23,-2254.9,-763.87,3607.2,10.962,6798.3,310264,149,1364,745,-1.2185,-0.26247,1.8115
1839.3,-2148.4,924.65,-0.16077,-1614.9,2499.2,5.7257e+05,583955,1,1021.3,3620.8,1248.1,-2972.4,-1056.3,-2182.9,-778.37,3534.8,11.11,6597.5,309017,149,1364,745,-1.2286,-0.27586,1.8026
1769.9,-2085.6,885.03,-0.7618,-1531,2433.4,5.6644e+05,585485,1,940.86,3620.1,1235.3,-2812.7,-1217.8,-2143.7,-787.02,3516.4,22.661,6526.2,308542,149,1418,750,-1.2387,-0.28924,1.7936
1818.9,-2100.5,933.09,-0.19627,-1615.8,2445.5,5.7121e+05,583953,1,977.32,3612.1,1228,-2875.5,-1027.4,-2139.5,-780.19,3544.1,6.5088,6526.2,308543,149,1364,745,-1.2397,-0.27586,1.7951
1472.4,-1742.8,755.35,-0.46218,-1236.7,2060.6,5.5941e+05,591587,1,586.05,3216.4,1072.4,-2869.6,-685,-2280,-994.46,3255.8,-100.69,6110.7,304939,149,1418,750,-1.2992,-0.34265,1.7406
1533.6,-1802.5,789.84,-0.85965,-1305.9,2125.9,5.6073e+05,590061,1,600.17,3487.7,1098.1,-2859.7,-886.66,-2274.8,-1003.1,3439.9,-92.468,6380.9,307403,149,1418,750,-1.2897,-0.32932,1.7502
1518.7,-1752.3,801.7,-0.49799,-1314.7,2071.5,5.6077e+05,590059,1,562.14,3496.9,1078.7,-3022.1,-736.96,-2390.8,-1047.5,3476.8,-124.06,6503.9,308405,149,1418,750,-1.3005,-0.32932,1.7423
1598.2,-1864.2,826.73,-0.94298,-1379.9,2192.9,5.6071e+05,588535,1,659.13,3665.5,1133.6,-2875.2,-1061.3,-2278.9,-969.01,3554.7,-69.029,6581.9,308927,149,1418,750,-1.2801,-0.31597,1.7597
1582.6,-1814,838.18,-0.66397,-1387.7,2138.3,5.6146e+05,588533,1,592.37,3660.8,1096.4,-3047.3,-803.68,-2391.1,-1038.8,3600.3,-116.46,6682.8,309508,149,1418,750,-1.2909,-0.31597,1.7518
1682.3,-1974.9,854.71,-1.2038,-1452.5,2313.3,5.6303e+05,587011,1,801.93,3682,1195.5,-2735.2,-1298.3,-2160.6,-853.74,3526.4,-4.8359,6529.1,308568,149,1418,750,-1.2596,-0.30261,1.7768
1750.7,-2038.4,893.8,-0.82442,-1533.4,2380.7,5.6607e+05,585483,1,880.49,3623.4,1202.9,-2801.3,-1168.2,-2149.7,-820.3,3530.7,-2.2189,6526.2,308541,149,1418,750,-1.2497,-0.28924,1.786
1732.1,-1991.2,903.04,-0.78076,-1536.4,2328.1,5.6556e+05,585481,1,797.2,3654.4,1159.4,-2897.3,-1020.4,-2220.7,-889.43,3584.5,-47.714,6583.6,308941,149,1418,750,-1.2606,-0.28924,1.7783
1665,-1927.9,864.56,-1.0703,-1457.1,2261.2,5.6314e+05,587009,1,717.88,3697.2,1147.9,-2870,-1083.2,-2247.3,-931.88,3584.4,-56.392,6609.3,309085,149,1418,750,-1.2704,-0.30261,1.7691
1400.1,-1632.1,735.1,0.23622,-1182.7,1940.5,5.5345e+05,593111,1,594.37,3138.9,1101.5,-3291.5,-329.89,-2592.3,-1053,3256.3,-137.34,6388.5,307511,149,1418,750,-1.3192,-0.35597,1.7228
1383.9,-1575,746.96,0.54453,-1192.5,1879.3,5.4836e+05,593109,1,741.82,3258.8,1256,-3490.5,-256.62,-2761.3,-983.25,3347.2,-63.451,6693,309570,149,1418,750,-1.3297,-0.35597,1.7147
1457.9,-1691.9,767.36,-0.16145,-1246.4,2005.8,5.5818e+05,591585,1,544.13,3273.2,1058.1,-3119.9,-498.54,-2458,-1064.9,3341.7,-144.81,6362,307228,149,1418,750,-1.3099,-0.34265,1.7326
1443.8,-1636.9,780.32,0.029907,-1257.7,1947.1,5.5528e+05,591583,1,518.07,3311.1,1052.6,-3324.3,-387.01,-2617.4,-1114.6,3393.3,-178.52,6571.2,308869,149,1418,750,-1.3205,-0.34265,1.7245
1081.3,-1230.9,591.63,0.71198,-905.58,1488.1,5.4498e+05,599201,1,537.69,3987.4,1417.5,-4040.9,-318.4,-3415.4,-1137.2,3920.6,17.792,7934.6,316562,149,1418,750,-1.3757,-0.40912,1.6659
1223.5,-1375.4,675.68,1.7864,-1050.8,1655.6,5.4793e+05,596157,1,716.32,3787.2,1439.6,-3958.7,-209.48,-3240.3,-953.81,3765.7,87.945,7631.6,314928,149,1418,750,-1.3582,-0.38257,1.6864
1275.8,-1377.8,728.04,1.4493,-1134.5,1664.1,5.4529e+05,594631,1,618.86,3847.9,1342.2,-3993.7,-150.64,-3252.8,-1064,3847.3,-14.434,7712.2,315345,149,1418,750,-1.3597,-0.36928,1.6882
1136.4,-1234.2,646.27,0.53384,-991.02,1500.1,5.426e+05,597677,1,452.69,4004.2,1318.7,-4076.7,-186.83,-3411,-1241.1,3985,-84.731,7980.9,316824,149,1418,750,-1.3773,-0.39585,1.6678
1206.8,-1306.7,687.26,0.73922,-1062.6,1583.3,5.4472e+05,596155,1,485.33,3930.2,1290.2,-4047.1,-156.34,-3339.4,-1193.2,3921.6,-82.081,7855.6,316137,149,1418,750,-1.3685,-0.38257,1.6781
1366.3,-1512.9,758.63,0.92444,-1201.8,1812.9,5.4659e+05,593107,1,741.28,3532.8,1319.7,-3746.5,-181.1,-2980.5,-1019.8,3568.4,-56.172,7176.4,312505,149,1418,750,-1.3402,-0.35597,1.7065
1347.2,-1447.5,769.69,1.2449,-1210.2,1743,5.4567e+05,593105,1,693.08,3727.2,1328.5,-3898.5,-140.07,-3126.3,-1065.4,3729.1,-67.957,7495,314150,149,1418,750,-1.3507,-0.35597,1.6983
1328.8,-1379.6,781.1,1.152,-1219.5,1670.9,5.4336e+05,593103,1,581.81,3853.6,1276.7,-4007.5,-111.62,-3248.5,-1132.4,3861.5,-100.83,7723.2,315407,149,1418,750,-1.3611,-0.35597,1.6899
1001.9,-1154.7,544.94,1.3245,-826.43,1396.8,5.5869e+05,600723,1,1149.5,5102.8,2268.6,-3993.2,-436.18,-3454.2,-719.27,4593.9,573.64,9084.3,320703,149,1418,750,-1.3843,-0.42236,1.6554
1064.2,-1159.9,603.88,0.23919,-918.64,1413.7,5.4743e+05,599199,1,586.71,4293.8,1550.5,-4099.1,-319.97,-3507.2,-1156.5,4156.5,58.637,8307.1,318186,149,1418,750,-1.3859,-0.40912,1.6574
1888.7,-2161.8,973.02,0.22995,-1701.4,2508.4,5.765e+05,582423,1,1054.3,3665.9,1250.5,-2978,-952.42,-2169.5,-757.02,3586,3.3673,6635.4,309228,149,1364,745,-1.2296,-0.26247,1.804
1961.1,-2225.1,1014.1,0.56083,-1790.9,2572.6,5.7891e+05,580893,1,1149.9,3744.2,1289.8,-3088.5,-917.03,-2208,-725.97,3636,10.484,6782.9,310175,149,1364,745,-1.2193,-0.24907,1.8128
1799.6,-2052.7,941.98,-0.29376,-1617.7,2392.1,5.7071e+05,583951,1,869.17,3632.6,1168.5,-2913,-931.65,-2182.5,-846.95,3583.3,-39.84,6556.8,308712,149,1418,750,-1.2507,-0.27586,1.7874
1868.2,-2113.3,981.59,0.16079,-1701.9,2454.2,5.7592e+05,582421,1,957.98,3634.4,1196.2,-2915.8,-908.87,-2149.8,-796.17,3579.6,-24.739,6554,308699,149,1364,745,-1.2406,-0.26247,1.7964
1504.5,-1698.5,814.62,-0.23894,-1325.3,2013.9,5.5996e+05,590057,1,506.98,3528.2,1052.8,-3272.9,-471.05,-2564.4,-1121.4,3553.5,-173.49,6726,309806,149,1418,750,-1.3111,-0.32932,1.7343
1568,-1760.9,850.74,-0.44046,-1397.2,2081,5.6145e+05,588531,1,531.75,3668.2,1064.9,-3228,-552.6,-2513.5,-1102.7,3652.5,-159.47,6819,310418,149,1418,750,-1.3016,-0.31597,1.7439
1648.6,-1877.7,875.66,-0.83918,-1463.7,2206.3,5.6314e+05,587007,1,651.14,3712.6,1115.2,-3038.2,-851.98,-2360.8,-1002,3639.3,-101.76,6726.1,309807,149,1418,750,-1.2813,-0.30261,1.7612
1633.2,-1824.5,887.89,-0.6079,-1472.1,2148.9,5.629e+05,587005,1,579.44,3744,1068.2,-3295.1,-631.33,-2537.1,-1091.9,3712,-169.04,6941.7,311147,149,1418,750,-1.292,-0.30261,1.7533
1618.9,-1768.2,901.33,-0.37284,-1482.3,2088.6,5.6172e+05,587003,1,528.31,3753.9,1049.9,-3354.7,-496.38,-2591.4,-1129.8,3737.8,-190.68,6998.1,311462,149,1418,750,-1.3028,-0.30261,1.7454
1715.2,-1940.8,913.92,-0.62081,-1542,2272.9,5.6489e+05,585479,1,712.91,3680,1113.1,-3068.4,-838.34,-2341.3,-973.32,3640.1,-104.48,6715.5,309738,149,1418,750,-1.2715,-0.28924,1.7705
1781.9,-2003.2,952.26,-0.29337,-1621.8,2337.6,5.6975e+05,583949,1,768.22,3683.9,1113.5,-3090.4,-751.45,-2310.4,-940.73,3652.2,-104.47,6714.8,309733,149,1418,750,-1.2616,-0.27586,1.7797
1765.1,-1950.7,963.65,-0.21667,-1627.7,2280.4,5.6914e+05,583947,1,706.99,3693.8,1087.3,-3175.7,-673.84,-2387,-991.76,3676.8,-135.35,6788.5,310193,149,1418,750,-1.2725,-0.27586,1.7719
1699.3,-1888,925.82,-0.45792,-1549.3,2215.6,5.6448e+05,585477,1,637.9,3718,1074.1,-3232.5,-649.25,-2458.9,-1044.8,3700.9,-152.94,6863.8,310676,149,1418,750,-1.2823,-0.28924,1.7627
1430.1,-1577.8,794.28,0.16959,-1270.5,1884.5,5.5172e+05,591581,1,539.9,3450.4,1107.4,-3585.8,-227.84,-2826.8,-1143.8,3524.2,-183.68,6934.4,311104,149,1418,750,-1.331,-0.34265,1.7164
1491,-1641.2,828.5,-0.067601,-1337.5,1953,5.5755e+05,590055,1,465.59,3564.1,1037.4,-3505.8,-274.54,-2743,-1184.1,3621.1,-217.61,6960.5,311252,149,1418,750,-1.3217,-0.32932,1.7262
1120.8,-1163.1,660.06,0.21986,-1005.7,1426,5.378e+05,597675,1,421.35,4086.9,1327.2,-4116.8,-191.46,-3488.5,-1284.4,4070.3,-103.25,8125.5,317547,149,1418,750,-1.3875,-0.39585,1.6593
1260.7,-1308.5,741.18,0.5123,-1148,1591.5,5.4298e+05,594629,1,454.73,3929.2,1234.6,-4066.5,-116.52,-3342.3,-1230.8,3941.3,-137.61,7871.4,316241,149,1418,750,-1.37,-0.36928,1.6798
1314.3,-1309.9,795.14,0.39774,-1233.6,1598.1,5.4279e+05,593101,1,445.54,3914.8,1197.4,-4076.9,-96.546,-3345.7,-1244.8,3940.2,-176.01,7866.9,316215,149,1418,750,-1.3714,-0.35597,1.6816
1191.4,-1236.3,701.13,0.40049,-1077,1509.8,5.4132e+05,596153,1,431.25,3986.7,1269.7,-4093.3,-131.13,-3410.6,-1276,3994.4,-138.55,7981.2,316827,149,1418,750,-1.3788,-0.38257,1.6696
1176.4,-1165.1,715.75,0.24864,-1092.1,1435.7,5.3539e+05,596151,1,397.02,4018.7,1256.1,-4119.6,-122.67,-3466.1,-1311.1,4029.6,-166.8,8054.2,317249,149,1418,750,-1.389,-0.38257,1.6611
1245.7,-1237.8,755.72,0.36505,-1162.6,1517.7,5.3778e+05,594627,1,420.3,3962.8,1222.6,-4106.5,-100.36,-3413.6,-1292.2,3983.1,-187.19,7966.9,316735,149,1418,750,-1.3803,-0.36928,1.6714
1415,-1515.2,807.92,0.44181,-1282.5,1818.2,5.4481e+05,591579,1,607.93,3633.4,1210.5,-3795.1,-148.23,-3014.6,-1128.2,3670,-147.58,7301.6,313113,149,1418,750,-1.3416,-0.34265,1.7082
1398.8,-1449.1,821.33,0.69504,-1294,1748.3,5.4437e+05,591577,1,594.51,3771.2,1233.4,-3934.4,-115.5,-3152.7,-1149.9,3787.9,-150.69,7564.6,314569,149,1418,750,-1.352,-0.34265,1.6999
1382,-1380.8,834.46,0.83883,-1305.1,1676.2,5.4153e+05,591575,1,509.47,3879,1190.6,-4029.7,-90.221,-3263.8,-1212.3,3892.5,-193.28,7764.1,315599,149,1418,750,-1.3624,-0.34265,1.6916
1367.7,-1311,849.04,0.35761,-1319.1,1603.2,5.4094e+05,591573,1,432.76,3914.5,1152.6,-4086.7,-79.155,-3352.2,-1265.9,3945.9,-227.66,7874.5,316258,149,1418,750,-1.3728,-0.34265,1.6832
1044,-1087.5,615.12,0.73996,-928.92,1337.2,5.5864e+05,599197,1,1012.1,5148.1,2144.5,-4096.5,-250.51,-3530.8,-900.18,4762.9,428.35,9141.6,321046,149,1418,750,-1.3961,-0.40912,1.6489
1105.4,-1091,674.38,0.042274,-1020.8,1350.9,5.4333e+05,597673,1,527.77,4426.6,1512.9,-4152.2,-206.47,-3568.6,-1241.1,4297.6,-17.684,8496.5,318810,149,1418,750,-1.3977,-0.39585,1.6508
1938.8,-2174.7,1021.9,0.44612,-1789.3,2516.2,5.79e+05,580891,1,1103.4,3713.9,1264.2,-3009.2,-941.68,-2180.8,-730.54,3620.3,1.4379,6704.3,309658,149,1364,745,-1.2304,-0.24907,1.8053
1917.6,-2125.5,1030.2,0.35137,-1788.5,2461.2,5.7861e+05,580889,1,978.79,3712.6,1191,-3017.9,-847.25,-2200.2,-801.69,3639.3,-47.457,6687,309528,149,1418,750,-1.2415,-0.24907,1.7977
1849.2,-2064.4,990.97,0.020867,-1703.9,2400,5.7546e+05,582419,1,858.93,3659.9,1133.9,-3036.1,-804.02,-2239.3,-873.67,3617.5,-82.937,6644.8,309291,149,1418,750,-1.2516,-0.26247,1.7888
1832,-2012.8,1002,-0.059499,-1708.6,2343.5,5.7494e+05,582417,1,772.93,3686.4,1089.4,-3143.1,-693.75,-2326,-943.99,3656.9,-129.44,6739.8,309928,149,1418,750,-1.2626,-0.26247,1.7811
1554.1,-1704.4,864.38,-0.24842,-1408.4,2020.9,5.6029e+05,588529,1,487.37,3704.4,1038.7,-3429,-426.7,-2666.7,-1165,3706.6,-208.48,7016.4,311554,149,1418,750,-1.3123,-0.31597,1.7358
1540.9,-1645.2,878.82,-0.1107,-1420.9,1958.2,5.5838e+05,588527,1,456.46,3714.6,1025.9,-3561.7,-298.74,-2779.8,-1202.5,3740.6,-238.55,7145.4,312289,149,1418,750,-1.3229,-0.31597,1.7278
1684.4,-1832.1,938.92,-0.29074,-1558.5,2155.6,5.6357e+05,585475,1,571.45,3758.9,1040.6,-3410.5,-460.68,-2589.9,-1114.8,3763.5,-201.33,7038.2,311722,149,1418,750,-1.2931,-0.28924,1.7548
1670.5,-1773.4,953.02,-0.14886,-1569.3,2093.1,5.6226e+05,585473,1,519.61,3783.3,1014.3,-3520.2,-337.78,-2684,-1161.2,3801.1,-237.39,7153.7,312337,149,1418,750,-1.3039,-0.28924,1.7468
1605.3,-1709.4,915.65,-0.20007,-1494,2026.2,5.6e+05,587001,1,478.35,3780.9,1018.5,-3551.8,-308.51,-2741.5,-1190.3,3797.9,-241.22,7189.4,312577,149,1418,750,-1.3135,-0.30261,1.7374
1815.8,-1958.6,1014.1,-0.031295,-1715,2284.8,5.7401e+05,582415,1,679.22,3742,1041.4,-3356.7,-509.15,-2486.7,-1037.3,3729,-193.29,6948.2,311195,149,1418,750,-1.2735,-0.26247,1.7733
1749.8,-1895.3,976.38,-0.12963,-1635.7,2220.7,5.6859e+05,583945,1,609.44,3741.8,1023.4,-3442.3,-455.88,-2575.5,-1095.3,3745.2,-216.25,7027.3,311659,149,1418,750,-1.2834,-0.27586,1.7641
1735.6,-1837,990.34,-0.039684,-1645.8,2158.5,5.6756e+05,583943,1,561.98,3763.1,1009.9,-3494.6,-342.94,-2630,-1131.1,3783,-234.57,7098.6,312047,149,1418,750,-1.2942,-0.27586,1.7562
1477.8,-1580.8,843.05,0.019536,-1350.7,1889.2,5.5413e+05,590053,1,452.14,3579.9,1036.5,-3655.9,-211.65,-2876.1,-1216.3,3646.3,-244.67,7114.1,312143,149,1418,750,-1.3323,-0.32932,1.718
1464.6,-1517.1,858.14,0.11158,-1364.6,1822.3,5.4923e+05,590051,1,484.21,3668.5,1086.8,-3821.9,-151.51,-3031.2,-1221.1,3719.3,-242.78,7353.6,313362,149,1418,750,-1.3428,-0.32932,1.7098
1527.8,-1583.6,893.79,-0.029519,-1434.1,1893.2,5.5598e+05,588525,1,438.78,3715.6,1025.4,-3715.8,-192.9,-2920.2,-1235.2,3763.2,-265.2,7292.4,313075,149,1418,750,-1.3335,-0.31597,1.7196
1162.1,-1093,731,0.066579,-1108,1360.8,5.3359e+05,596149,1,366,4072.6,1249.8,-4142.7,-117.91,-3531.8,-1342.3,4083.6,-192.82,8151.5,317632,149,1418,750,-1.3992,-0.38257,1.6526
1299.9,-1239,810.22,0.28621,-1248.3,1524.1,5.3647e+05,593099,1,411.57,3941.9,1174.5,-4113.2,-81.353,-3409.9,-1302.4,3971.2,-232.95,7947.4,316633,149,1418,750,-1.3817,-0.35597,1.6731
1231.4,-1166.4,770.96,0.20547,-1178.1,1443.4,5.3666e+05,594625,1,376.09,4006.6,1208.4,-4132.7,-88.246,-3479.9,-1331.8,4029.2,-216.46,8056.5,317260,149,1418,750,-1.3905,-0.36928,1.6629
1285.9,-1167.4,825.8,0.16122,-1263.7,1449.6,5.339e+05,593097,1,383.17,3966.3,1168.6,-4130.9,-76.869,-3470.8,-1326.6,3996.9,-254.59,8010.1,317041,149,1418,750,-1.3919,-0.35597,1.6646
1450.4,-1450.6,873.12,0.27275,-1378.1,1752.4,5.4339e+05,590049,1,510.22,3811.4,1145.1,-3970.6,-102.54,-3184.8,-1222.8,3833.8,-231.87,7633.1,314937,149,1418,750,-1.3533,-0.32932,1.7016
1435.2,-1382,887.75,0.46167,-1390.9,1680.3,5.3979e+05,590047,1,484.73,3888.4,1146.6,-4038.1,-85.758,-3269.2,-1240.3,3898.2,-240.75,7775.8,315657,149,1418,750,-1.3637,-0.32932,1.6932
1421.1,-1312,902.92,0.27992,-1404.8,1607.1,5.3816e+05,590045,1,436.17,3904.4,1116,-4083.8,-77.086,-3342.8,-1272.3,3932,-270.74,7854.3,316130,149,1418,750,-1.3741,-0.32932,1.6848
1353.7,-1240.1,864.5,0.20034,-1333.9,1529.2,5.3654e+05,591571,1,405.83,3939.3,1142.5,-4118.4,-74.647,-3423.6,-1306.1,3972.9,-267.38,7952.2,316658,149,1418,750,-1.3831,-0.34265,1.6748
1407.4,-1241,918.63,0.14414,-1419.3,1533.1,5.3552e+05,590043,1,416.89,3920.6,1116.9,-4112.1,-71.872,-3405.9,-1294.8,3958.1,-287.57,7920.4,316502,149,1418,750,-1.3844,-0.32932,1.6764
1015.3,-1014.7,621.55,3.144,-929.74,1257.9,5.5952e+05,599195,1,835.47,5676.2,2132,-3975.9,49.709,-3397.2,-977.45,5311.6,486.37,9141.6,321049,149,1418,750,-1.4062,-0.40912,1.6403
1088.4,-1017.7,688.09,0.28245,-1034.3,1274.4,5.6033e+05,597671,1,541.79,4820.5,1629.3,-4163.9,-203.77,-3618.7,-1255,4547,21.904,8883.2,320055,149,1418,750,-1.4078,-0.39585,1.6421
1147.6,-1020.3,746.29,-0.048007,-1123.8,1285.3,5.3866e+05,596147,1,425.93,4272.8,1363.5,-4149.5,-152.4,-3596.1,-1311.1,4213.7,-141.09,8364.5,318382,149,1418,750,-1.4093,-0.38257,1.644
1899.2,-2073.9,1040.6,0.21085,-1791.4,2404.5,5.7815e+05,580887,1,840.01,3720.7,1103.8,-3172,-679.63,-2315.9,-906.34,3680.6,-124.7,6785.1,310183,149,1418,750,-1.2525,-0.24907,1.7901
1969.2,-2136,1080.6,0.41433,-1878.5,2465.6,5.7963e+05,579357,1,964.26,3776.2,1162.3,-3149.7,-717.86,-2274.3,-831.7,3712.9,-89.043,6828.9,310473,149,1418,750,-1.2423,-0.23566,1.7989
1882.3,-2020.9,1052,0.087332,-1796.3,2346.8,5.7765e+05,580885,1,735.81,3721.8,1045.3,-3280,-552.87,-2406.2,-988.02,3704.9,-180.67,6861.1,310658,149,1418,750,-1.2635,-0.24907,1.7823
1592.2,-1648.8,930.47,-0.10053,-1506.5,1962.1,5.5858e+05,586999,1,453.98,3785.8,1010,-3643.1,-236.3,-2831.3,-1217.1,3814.2,-264.65,7280.3,313014,149,1418,750,-1.3241,-0.30261,1.7293
1579.3,-1586.1,945.78,-0.038405,-1519.6,1896,5.5692e+05,586997,1,437.46,3796.6,1004,-3760.9,-177.7,-2945.5,-1243.5,3835.2,-291.67,7403.1,313608,149,1418,750,-1.3347,-0.30261,1.7211
1657,-1713.3,967.65,-0.076859,-1580.9,2029.3,5.6127e+05,585471,1,484.85,3801.6,998.92,-3611.5,-242.22,-2771,-1192.4,3829.7,-264.43,7254.2,312897,149,1418,750,-1.3146,-0.28924,1.7388
1722,-1777,1004.9,0.020483,-1656.8,2094.7,5.6628e+05,583941,1,511.25,3795.9,975.57,-3622.6,-214.52,-2737.8,-1178.9,3827.2,-281.12,7239,312825,149,1418,750,-1.3049,-0.27586,1.7482
1708.8,-1716,1019.9,0.034915,-1668.3,2030.2,5.6512e+05,583939,1,486.46,3808.8,976.45,-3646,-180.46,-2785.6,-1194,3845.8,-288.12,7285.7,313037,149,1418,750,-1.3156,-0.27586,1.7402
1644,-1651.7,982.73,-0.03785,-1593.2,1964.3,5.6009e+05,585469,1,457.56,3812.9,987.59,-3695.4,-182.87,-2860.6,-1220.3,3849.6,-291.1,7347.7,313338,149,1418,750,-1.3252,-0.28924,1.7307
1800.9,-1900.8,1027.5,0.029504,-1723.6,2222.9,5.7318e+05,582413,1,602.85,3780.8,1000.4,-3536.4,-354.75,-2625.9,-1112.5,3784.6,-246.95,7127.9,312201,149,1418,750,-1.2843,-0.26247,1.7654
1866.9,-1964.7,1065,0.060609,-1803.4,2286.3,5.7697e+05,580883,1,657.12,3748.6,994.26,-3491,-444.52,-2566.2,-1071.4,3741,-246.56,7046,311771,149,1418,750,-1.2744,-0.24907,1.7746
1852.5,-1905,1079.2,0.10065,-1812.6,2222.6,5.757e+05,580881,1,591.59,3790.4,964.66,-3643.4,-279.1,-2690.3,-1135.6,3800.2,-290.47,7214.8,312698,149,1418,750,-1.2852,-0.24907,1.7667
1787,-1840.6,1042.1,0.079971,-1733.9,2158.9,5.7202e+05,582411,1,549.12,3799.3,971.86,-3623.9,-241.91,-2706.9,-1157.6,3819.3,-282.85,7225.4,312758,149,1418,750,-1.2951,-0.26247,1.7575
1514.9,-1519.1,909.3,0.011884,-1448.2,1825.5,5.5283e+05,588523,1,432.1,3737.4,1029.2,-3860.9,-136.8,-3057.8,-1261.8,3792,-291.07,7452.9,313844,149,1418,750,-1.344,-0.31597,1.7114
1501.8,-1452.1,925.1,0.06523,-1462.4,1755.3,5.4702e+05,588521,1,447.83,3769.9,1054.2,-3957.9,-112.16,-3162.3,-1265.4,3819.5,-296.4,7581.5,314662,149,1418,750,-1.3545,-0.31597,1.7031
1566.5,-1520.9,961.54,-0.0039471,-1533.4,1827.6,5.5471e+05,586995,1,430.66,3798.5,1014.3,-3883.7,-125.27,-3072.8,-1264.8,3847.3,-308.65,7528.6,314361,149,1418,750,-1.3452,-0.30261,1.7129
1217.5,-1094.3,786.66,0.076368,-1194.1,1368.5,5.3287e+05,594623,1,359.39,4011.2,1195.6,-4139.3,-83.554,-3519,-1348.4,4037.7,-242.7,8084.1,317387,149,1418,750,-1.4007,-0.36928,1.6543
1203.5,-1021.8,802.45,0.013736,-1209.9,1293.2,5.2811e+05,594621,1,358.06,4033.5,1209.1,-4133.7,-90.049,-3560.7,-1347.3,4061.1,-245.38,8124.2,317541,149,1418,750,-1.4108,-0.36928,1.6457
1272.1,-1095.3,841.72,0.061788,-1279.4,1374.7,5.3182e+05,593095,1,369.14,3980.7,1169.7,-4136,-76.122,-3525.6,-1339.4,4014.8,-272.64,8054.7,317253,149,1418,750,-1.4021,-0.35597,1.656
1339.9,-1168.4,880.32,0.11536,-1349,1454.6,5.3164e+05,591569,1,391.4,3946.6,1138.9,-4129.9,-72.028,-3468.3,-1319.9,3982.7,-284.71,7987.6,316856,149,1418,750,-1.3933,-0.34265,1.6663
1326.3,-1096.3,896.36,0.04334,-1364.2,1379.6,5.2823e+05,591567,1,384.52,3947.9,1138.8,-4132.7,-71.033,-3510.7,-1324.7,3987,-299.08,8011.2,317044,149,1418,750,-1.4035,-0.34265,1.6577
1488.1,-1383.2,940.85,0.14726,-1476.5,1683.1,5.4107e+05,588519,1,453.42,3851.6,1083.3,-4046.7,-84.558,-3275.1,-1267.9,3886.4,-296.64,7753.9,315550,149,1418,750,-1.3649,-0.31597,1.6948
1474.4,-1313,956.64,0.15201,-1490.5,1609.8,5.3511e+05,588517,1,435.96,3895.6,1085.5,-4089.2,-72.963,-3348.7,-1282.1,3930.5,-309.2,7853.2,316123,149,1418,750,-1.3753,-0.31597,1.6864
1460.8,-1242,972.6,0.09686,-1504.7,1535.7,5.3142e+05,588515,1,422.24,3909.1,1084.8,-4112.4,-69.62,-3409.4,-1291.7,3948.9,-323.11,7908.4,316457,149,1418,750,-1.3856,-0.31597,1.6779
1393.7,-1169.4,934.6,0.080363,-1434,1458.4,5.2954e+05,590041,1,404.07,3929.7,1113.9,-4127.2,-70.681,-3465.2,-1308,3970,-309.84,7966.2,316731,149,1418,750,-1.3946,-0.32932,1.6678
1066.4,-944.54,699.3,1.9481,-1042.4,1196.5,5.661e+05,597669,1,671.23,5376.3,1887.6,-3996.4,63.326,-3451.9,-1129.2,4998.5,233.21,9141.6,321047,149,1418,750,-1.4178,-0.39585,1.6335
1132.4,-947.2,761.24,-0.03451,-1138.7,1209.3,5.5612e+05,596145,1,383.87,4488,1384.8,-4137.2,-166.67,-3630.1,-1336.7,4336.6,-144.85,8552.3,319062,149,1418,750,-1.4194,-0.38257,1.6353
1189.3,-949.1,818.13,-0.066239,-1225.5,1217.8,5.3108e+05,594619,1,375.27,4128.7,1263.2,-4124,-121,-3607.1,-1332.7,4127,-219.78,8226.3,317892,149,1418,750,-1.4209,-0.36928,1.637
1949.8,-2083.6,1090.5,0.32967,-1879.8,2408,5.7917e+05,579355,1,878.63,3756.8,1108.6,-3242.7,-670.78,-2357.7,-891.81,3714,-135.74,6873.6,310751,149,1418,750,-1.2534,-0.23566,1.7913
1932.8,-2028.5,1102.3,0.14815,-1884.4,2348.3,5.7939e+05,579353,1,741.34,3752.4,1021,-3424,-519.53,-2496.5,-1002.6,3736.4,-217.39,6993.7,311441,149,1418,750,-1.2643,-0.23566,1.7836
1631.2,-1588.1,998.3,-0.0122,-1606.1,1897.4,5.587e+05,585467,1,441.07,3823.4,984.07,-3811.4,-129.28,-2977.8,-1246.8,3868.2,-317.41,7470.6,313928,149,1418,750,-1.3358,-0.28924,1.7225
1618.5,-1522.3,1014.3,0.0031555,-1619.6,1828.3,5.5674e+05,585465,1,432.68,3833,986.56,-3919.8,-96.449,-3095.1,-1266.4,3882.8,-339.49,7589.6,314701,149,1418,750,-1.3463,-0.28924,1.7143
1773.6,-1779.5,1057.1,0.1141,-1744.9,2094.1,5.7053e+05,582409,1,508.52,3817.8,949.96,-3667.8,-144.51,-2763,-1185.5,3852.9,-310.85,7293.3,313077,149,1418,750,-1.3059,-0.26247,1.7495
1760.7,-1717.9,1072.3,0.10621,-1756.3,2028.9,5.6938e+05,582407,1,486.71,3822.5,948.94,-3685.9,-123.63,-2805.6,-1198,3863.3,-318.57,7326.9,313239,149,1418,750,-1.3166,-0.26247,1.7415
1696,-1653.7,1035.3,0.037422,-1680.4,1964.4,5.6371e+05,583937,1,459.71,3827.1,956.46,-3747.3,-116.72,-2888.1,-1224.3,3872.1,-325.93,7400.5,313596,149,1418,750,-1.3263,-0.27586,1.7321
1683.3,-1589.6,1051.1,0.028096,-1693.1,1897,5.6207e+05,583935,1,445.2,3837.1,961.9,-3841.5,-91.811,-2996.9,-1245.4,3886.5,-342.42,7507.8,314226,149,1418,750,-1.3369,-0.27586,1.7239
1917.8,-1969.9,1115.9,0.077663,-1892,2285.6,5.7886e+05,579351,1,628.23,3773.2,953.08,-3653.3,-297.41,-2669.3,-1112.5,3785.4,-298.16,7194.2,312608,149,1418,750,-1.2752,-0.23566,1.7758
1838.9,-1843.2,1094.2,0.14598,-1822.9,2157.1,5.742e+05,580879,1,549.92,3813.7,945.29,-3702.8,-167.38,-2752.5,-1168.1,3838.9,-317.15,7297.8,313101,149,1418,750,-1.2961,-0.24907,1.7588
1904,-1908.1,1130.9,0.11074,-1901.7,2220,5.7717e+05,579349,1,581.2,3789.6,927.9,-3747.4,-201.13,-2753.3,-1157.8,3812.5,-334.14,7294.6,313084,149,1418,750,-1.2861,-0.23566,1.7679
1890.6,-1845.1,1146.3,0.17615,-1912,2153.4,5.751e+05,579347,1,555.36,3798.5,917.85,-3759.8,-124.62,-2787.4,-1172.4,3835.4,-350.42,7328.6,313251,149,1418,750,-1.2969,-0.23566,1.76
1825.6,-1781.3,1109.5,0.1787,-1833.6,2091.6,5.7275e+05,580877,1,523.96,3819.3,933.14,-3699.6,-129,-2774,-1180.3,3852.5,-331.49,7312.7,313160,149,1418,750,-1.3068,-0.24907,1.7508
1553.6,-1453.4,977.63,0.01414,-1547.6,1756.9,5.5118e+05,586993,1,432.19,3824.3,1022.7,-3994.1,-89.213,-3192.7,-1278.5,3874.7,-329,7666,315129,149,1418,750,-1.3557,-0.30261,1.7046
1258.3,-1022.8,857.71,0.026105,-1294.9,1299.4,5.2738e+05,593093,1,365.9,3986.3,1175.1,-4126.8,-76.41,-3554.3,-1339.4,4021.9,-279.13,8069.9,317320,149,1418,750,-1.4123,-0.35597,1.6474
1244.4,-950.28,873.64,-0.0026747,-1310.2,1224,5.23e+05,593091,1,364.87,3996.5,1184.9,-4111.2,-79.058,-3585.7,-1332.9,4035.3,-280.3,8087.8,317406,149,1418,750,-1.4223,-0.35597,1.6387
1312.5,-1023.8,912.43,0.017634,-1379.3,1304.2,5.2531e+05,591565,1,380.8,3955.6,1151.4,-4123.8,-71.073,-3553.1,-1324.5,3996.5,-303.3,8035.6,317167,149,1418,750,-1.4137,-0.34265,1.649
1380,-1097.3,950.71,0.02917,-1448.8,1383.3,5.2542e+05,590039,1,399.75,3932.2,1116.5,-4129.3,-69.802,-3514.4,-1309.8,3975.8,-324.08,7993.9,316940,149,1418,750,-1.4048,-0.32932,1.6592
1366.3,-1024.8,966.83,0.0093928,-1463.3,1307.8,5.2209e+05,590037,1,396.21,3935.3,1127.3,-4124.1,-68.261,-3544.7,-1310.3,3979.9,-324.89,8009.6,317038,149,1418,750,-1.415,-0.32932,1.6506
1540.6,-1384.2,993.85,0.03308,-1561.8,1684.6,5.4575e+05,586991,1,429.08,3845.3,1027.8,-4052.2,-72.723,-3272.6,-1286.2,3894.4,-343.26,7752.5,315542,149,1418,750,-1.3661,-0.30261,1.6962
1527.3,-1314,1010.1,0.040753,-1575.9,1611.3,5.3975e+05,586989,1,432.22,3874,1047.1,-4091.4,-64.151,-3348.4,-1284.8,3920.3,-345.01,7834.9,315950,149,1418,750,-1.3765,-0.30261,1.6878
1447.2,-1170.4,988.71,0.048554,-1519,1461,5.2748e+05,588513,1,416.23,3919.7,1090,-4124.6,-67.556,-3461.9,-1296.3,3962.7,-333.9,7951.3,316653,149,1418,750,-1.3959,-0.31597,1.6694
1514,-1242.9,1026.4,0.029196,-1589.9,1537.1,5.353e+05,586987,1,427.68,3894.6,1055,-4112.1,-59.498,-3406.7,-1287.9,3941.2,-353.39,7893,316377,149,1418,750,-1.3869,-0.30261,1.6793
1500.6,-1171.3,1042.7,0.01293,-1603.8,1462.4,5.3232e+05,586985,1,425.79,3905.4,1063.4,-4122.8,-58.723,-3458.3,-1287,3953.3,-360.21,7933.5,316558,149,1418,750,-1.3971,-0.30261,1.6708
1433.6,-1098.2,1004.9,0.015975,-1533.2,1385.8,5.2353e+05,588511,1,413.53,3921.6,1094.9,-4128.3,-66.313,-3500.8,-1297.1,3966.8,-341.9,7974.1,316782,149,1418,750,-1.4061,-0.31597,1.6608
1040.2,-873.83,707.83,4.8813,-1045.1,1120,5.4926e+05,597667,1,676.57,5737.6,1992.8,-3897.3,512.2,-3297,-1152.8,5416.1,308.4,9141.6,321050,149,1418,750,-1.4278,-0.39585,1.6247
1115.8,-874.02,775.64,0.51761,-1152.1,1132.8,5.7025e+05,596143,1,477.77,4882.4,1570.5,-4042.2,-36.342,-3560,-1275,4586.5,-40.195,8843.7,319936,149,1418,750,-1.4294,-0.38257,1.6265
1175.1,-876.34,833.67,-0.15417,-1240.6,1142.2,5.4342e+05,594617,1,344.69,4141.8,1236.9,-4094.8,-121.23,-3625.9,-1342.8,4133.6,-248.08,8227,317895,149,1418,750,-1.4309,-0.36928,1.6283
1969.1,-1974.1,1167.4,0.17101,-1981.6,2282.6,5.7965e+05,577819,1,646.79,3806.3,937.62,-3756.6,-294.86,-2732.6,-1110.9,3815.6,-322.33,7304,313124,149,1418,750,-1.2761,-0.22224,1.7769
1605.8,-1454.4,1030.6,0.0078575,-1633.4,1757.3,5.5388e+05,585463,1,430.82,3847,996.19,-4018.8,-67.33,-3214.6,-1279.6,3900.3,-358.03,7710.1,315340,149,1418,750,-1.3568,-0.28924,1.706
1670.8,-1523.4,1067.3,0.014628,-1706.3,1827.5,5.5987e+05,583933,1,437.93,3846.4,962.37,-3940.3,-66.727,-3105.6,-1262.7,3899.2,-364.77,7617,314846,149,1418,750,-1.3474,-0.27586,1.7157
1658.2,-1455.3,1083.7,0.0027859,-1719.7,1756.3,5.5691e+05,583931,1,436.28,3852.3,968.17,-4005.8,-56.996,-3188.7,-1271.4,3906.5,-378.45,7694.6,315265,149,1418,750,-1.3579,-0.27586,1.7074
1812.8,-1719.1,1125,0.15525,-1844.7,2025.9,5.7214e+05,580875,1,493.15,3827.8,919.87,-3722.2,-79.171,-2825.6,-1197.7,3872.8,-352.07,7358.2,313392,149,1418,750,-1.3175,-0.24907,1.7428
1748,-1655,1088,0.09045,-1768.1,1962.7,5.6783e+05,582405,1,465.04,3836.6,931.94,-3772.8,-77.137,-2900.7,-1222.7,3884.6,-353.22,7427.6,313722,149,1418,750,-1.3273,-0.26247,1.7334
1735.6,-1590.6,1104,0.062656,-1780.5,1894.9,5.6612e+05,582403,1,452.49,3840.7,937.46,-3843,-63.51,-2986.4,-1238.3,3893.3,-364.06,7506.6,314214,149,1418,750,-1.3379,-0.26247,1.7252
1723.2,-1524.1,1120.3,0.030827,-1793.3,1825.3,5.6359e+05,582401,1,445.5,3849.8,940.03,-3942.4,-45.749,-3100.6,-1254.9,3905.5,-385.7,7618.2,314849,149,1418,750,-1.3484,-0.26247,1.717
1955.4,-1910.4,1182.7,0.17476,-1991.1,2215.3,5.7798e+05,577817,1,588.55,3800.8,910.38,-3807.3,-163.03,-2790.7,-1158.8,3831.6,-356.91,7354.1,313368,149,1418,750,-1.2869,-0.22224,1.769
1877.5,-1782.5,1161.9,0.21305,-1922.4,2087.2,5.7424e+05,579345,1,524.78,3808.5,907.69,-3728.8,-64.087,-2795.5,-1181.4,3857.5,-360.84,7330.3,313259,149,1418,750,-1.3077,-0.23566,1.752
1942,-1846.4,1198.4,0.25092,-2001,2147.7,5.7612e+05,577815,1,569.48,3809.3,896.58,-3834.8,-73.361,-2831.4,-1173.4,3854.3,-380.44,7398.9,313591,149,1418,750,-1.2978,-0.22224,1.7611
1928.9,-1783,1214.1,0.29746,-2011,2080.8,5.7574e+05,577813,1,542.21,3800.6,886.44,-3771.2,-11.567,-2816.4,-1175.6,3862.8,-387.89,7357.5,313388,149,1418,750,-1.3086,-0.22224,1.7531
1230.4,-877.65,889.5,-0.043285,-1325.2,1148.5,5.2149e+05,593089,1,359.07,4001.4,1187.1,-4088.5,-79.609,-3614.8,-1329.6,4045.3,-289.26,8096.6,317436,149,1418,750,-1.4324,-0.35597,1.6299
1298.6,-951.25,928.46,0.0059639,-1394.1,1228.7,5.2272e+05,591563,1,379.29,3956.3,1155.8,-4108.1,-69.009,-3580.1,-1319.9,3999.8,-310.02,8041.6,317186,149,1418,750,-1.4238,-0.34265,1.6403
1284.7,-878.59,944.42,-0.0026835,-1408.7,1153.1,5.1941e+05,591561,1,377.64,3956.9,1161.5,-4093.9,-65.618,-3604.1,-1315.1,4003.3,-313.22,8047.2,317213,149,1418,750,-1.4338,-0.34265,1.6316
1352.4,-952.16,982.9,0.0034466,-1477.6,1232.2,5.2175e+05,590035,1,396.44,3935.3,1133.5,-4108.1,-64.432,-3578.7,-1303.1,3982.4,-332.27,8017.7,317065,149,1418,750,-1.4251,-0.32932,1.6419
1419.9,-1025.7,1021,0.0042511,-1547.2,1310.3,5.2282e+05,588509,1,412.14,3924.3,1105.6,-4122.3,-64.888,-3543.2,-1294.3,3971.7,-346.87,7994.6,316944,149,1418,750,-1.4163,-0.31597,1.6521
1593,-1385.1,1047,0.009357,-1647.3,1684.8,5.4987e+05,585461,1,431.52,3860.3,1006.6,-4069.5,-55.963,-3294.1,-1283.5,3913.9,-368.48,7785.8,315702,149,1418,750,-1.3673,-0.28924,1.6977
1580,-1314.7,1063.5,0.010872,-1661.2,1611.3,5.4491e+05,585459,1,431.05,3869.6,1014.2,-4094.3,-49.762,-3347.7,-1284.5,3923.4,-375.75,7832.4,315936,149,1418,750,-1.3777,-0.28924,1.6892
1566.9,-1243.6,1080,0.0056737,-1674.9,1537.1,5.4008e+05,585457,1,432.68,3882.7,1025.6,-4111.3,-47.378,-3403.5,-1281.6,3936.2,-380.93,7879.4,316294,149,1418,750,-1.388,-0.28924,1.6808
1487,-1099.1,1058.9,0.0011152,-1617.5,1387.1,5.3134e+05,586983,1,426.64,3915.9,1075.5,-4125.8,-59.151,-3511.3,-1283.2,3964.9,-366.22,7970.5,316761,149,1418,750,-1.4074,-0.30261,1.6622
1553.6,-1172,1096.4,-0.0043683,-1688.5,1462.4,5.3641e+05,585455,1,432.85,3897,1033.7,-4120.6,-45.468,-3457.9,-1278.4,3950,-389.96,7922.8,316516,149,1418,750,-1.3983,-0.28924,1.6722
1540.2,-1099.8,1112.8,-0.01255,-1701.8,1387.2,5.3417e+05,585453,1,435.75,3905,1050.3,-4124.4,-47.228,-3496,-1274.1,3957.4,-386.43,7950.5,316649,149,1418,750,-1.4085,-0.28924,1.6636
1096.9,-801.5,789.28,2.1342,-1163,1056.4,5.6854e+05,596141,1,496.56,5199.9,1674.2,-4051.3,204.55,-3554.4,-1308,4825.1,-20.624,9141.6,321044,149,1418,750,-1.4393,-0.38257,1.6177
1076.3,-730.81,801.97,4.5506,-1171.6,981.33,5.5161e+05,596139,1,415.42,5262.4,1625.2,-3855,559.72,-3329.6,-1305.4,4960.5,6.9537,9114.7,320803,149,1418,750,-1.4492,-0.38257,1.6089
1160.5,-803.45,849.11,-0.12119,-1255.4,1066.4,5.6071e+05,594615,1,415.51,4470,1396.5,-4057.1,-110.62,-3635,-1312.6,4292,-182.58,8483.3,318770,149,1418,750,-1.4409,-0.36928,1.6195
1216.3,-804.96,905.28,-0.093686,-1340,1072.9,5.2758e+05,593087,1,360.78,4041.1,1211.7,-4071.9,-89.665,-3645.9,-1324.9,4073.9,-282.3,8138.9,317587,149,1418,750,-1.4424,-0.35597,1.6211
2007.3,-1912,1235,0.27632,-2081.3,2208.7,5.7893e+05,576285,1,603.81,3849.4,893.23,-3918.1,-99.177,-2862.1,-1161.8,3875.5,-388.13,7486.9,314029,149,1418,750,-1.2877,-0.20881,1.7701
1645.5,-1385.8,1100.3,-0.0034934,-1733.2,1683.7,5.5287e+05,583929,1,437.67,3861.7,976.77,-4063.9,-47.404,-3277.9,-1275.5,3917.2,-392.85,7774.7,315653,149,1418,750,-1.3684,-0.27586,1.699
1710.7,-1455.9,1136.9,0.0081029,-1806.2,1753.9,5.598e+05,582399,1,445.22,3857.8,945.03,-4024.1,-35.202,-3209,-1263.4,3915.6,-406.32,7717.5,315375,149,1418,750,-1.3589,-0.26247,1.7087
1800.2,-1655.9,1140.8,0.12259,-1856.1,1959.4,5.7109e+05,580873,1,473.81,3834.1,913.33,-3787.7,-52.671,-2908.1,-1217,3885.3,-374,7435.1,313746,149,1418,750,-1.3282,-0.24907,1.7346
1864.7,-1719.9,1177.5,0.20028,-1933,2021.2,5.7374e+05,579343,1,506.7,3806.3,893.74,-3744.9,-35.946,-2832.6,-1191,3863.6,-380.46,7354.2,313369,149,1418,750,-1.3184,-0.23566,1.7439
1852.2,-1656.5,1193.5,0.14517,-1944,1954.4,5.738e+05,579341,1,485.31,3816.6,891.42,-3794.2,-24.361,-2906.2,-1207.7,3876.2,-395.69,7421.5,313697,149,1418,750,-1.3291,-0.23566,1.7358
1787.8,-1591.1,1157,0.097013,-1868.1,1891.3,5.6911e+05,580871,1,461.74,3838.7,913.53,-3862.8,-36.413,-2998.4,-1232.6,3894.8,-391.16,7519.2,314312,149,1418,750,-1.3388,-0.24907,1.7265
1775.5,-1524.5,1173.4,0.052664,-1880.3,1821.5,5.6708e+05,580869,1,455.8,3843.3,913.47,-3960.3,-19.312,-3116.1,-1246.6,3904.6,-415.92,7627.6,314902,149,1418,750,-1.3494,-0.24907,1.7182
1993.8,-1846.8,1250.8,0.36911,-2090.7,2140,5.7777e+05,576283,1,579.48,3836.2,885.18,-3859.5,-1.6431,-2847.8,-1167.6,3886.4,-397.87,7447.7,313822,149,1418,750,-1.2986,-0.20881,1.7622
1916.2,-1720.1,1229.9,0.26761,-2021.1,2014.5,5.7621e+05,577811,1,510.4,3799.8,873.42,-3762.8,22.44,-2845.7,-1187.7,3872,-402.74,7367.8,313435,149,1418,750,-1.3193,-0.22224,1.7451
1980.5,-1782.7,1266.6,0.45096,-2100,2072.3,5.7774e+05,576281,1,565.53,3838.5,873.96,-3831.5,70.656,-2851.6,-1168.9,3903.6,-412.89,7443.7,313793,149,1418,750,-1.3093,-0.20881,1.7542
1967.7,-1719.2,1282.6,0.4455,-2109.6,2005.5,5.7812e+05,576279,1,527.23,3813.1,857.13,-3777.5,104.25,-2846.2,-1176.8,3898.5,-422.05,7395.6,313571,149,1418,750,-1.3201,-0.20881,1.7461
1270.6,-805.86,960.32,-0.010673,-1423.1,1077.5,5.168e+05,591559,1,374.63,3957.9,1167.7,-4075.9,-61.26,-3631.9,-1310.2,4008.7,-317.51,8053.7,317246,149,1418,750,-1.4438,-0.34265,1.6227
1338.5,-879.44,998.9,0.0022138,-1491.7,1156.5,5.2275e+05,590033,1,394.34,3936.2,1141.8,-4089.1,-58.795,-3612.7,-1296.8,3986.1,-337.37,8025.7,317118,149,1418,750,-1.4352,-0.32932,1.6331
1406,-953.02,1037.2,0.0005186,-1561,1234.6,5.2634e+05,588507,1,414.13,3924.5,1108.6,-4108.5,-59.694,-3577.5,-1285.4,3974.5,-357.09,8003.8,317001,149,1418,750,-1.4264,-0.31597,1.6434
1392.1,-880.23,1053.2,-0.00098241,-1574.6,1158.7,5.2957e+05,588505,1,409.34,3927.6,1121.4,-4094.3,-56.365,-3604.5,-1283.8,3978.5,-354.82,8013.3,317051,149,1418,750,-1.4365,-0.31597,1.6346
1473.3,-1026.6,1075.1,-0.0022749,-1631,1311.5,5.3137e+05,586981,1,427.24,3919.9,1085.1,-4119.1,-57.714,-3549.1,-1277.7,3970.2,-370.34,7989.1,316869,149,1418,750,-1.4175,-0.30261,1.6535
1632.7,-1315.3,1116.9,-0.004766,-1746.7,1610.1,5.4771e+05,583927,1,438.26,3870.1,994.17,-4095.4,-43.737,-3347.3,-1276.6,3925.8,-395.22,7831.6,315934,149,1418,750,-1.3788,-0.27586,1.6906
1619.7,-1244.2,1133.5,-0.012151,-1760,1535.9,5.4308e+05,583925,1,438.34,3879.6,993.03,-4110.4,-37.006,-3400.6,-1273.7,3935.8,-411.71,7872.3,316245,149,1418,750,-1.3891,-0.27586,1.6821
1606.6,-1172.5,1150.1,-0.022947,-1773.1,1461.1,5.3853e+05,583923,1,439.71,3888.4,1011,-4118.7,-37.314,-3446,-1271,3943.9,-408.54,7906.4,316440,149,1418,750,-1.3994,-0.27586,1.6735
1526.6,-1027.3,1129.2,-0.01049,-1714.9,1311.5,5.3365e+05,585451,1,438.56,3911.8,1058.4,-4120.5,-46.545,-3533.2,-1267.5,3964.7,-391.88,7972.3,316771,149,1418,750,-1.4187,-0.28924,1.6549
1593.3,-1100.4,1166.7,-0.029811,-1786.1,1385.9,5.3609e+05,583921,1,443.53,3899.2,1023.3,-4121.2,-37.705,-3492.5,-1264.6,3954.3,-412.44,7939.5,316595,149,1418,750,-1.4096,-0.27586,1.6649
1145.4,-730.66,864.46,0.20171,-1269.5,990.62,5.7358e+05,594613,1,349.35,4570.8,1362.7,-4007.3,0.65523,-3611.9,-1340,4340.8,-214,8524,318977,149,1418,750,-1.4508,-0.36928,1.6106
1202.2,-732.22,921.03,-0.13388,-1354.6,997.37,5.3907e+05,593085,1,342.53,4064.8,1206.4,-4047.4,-88.287,-3665.4,-1327.9,4084.6,-294.08,8151.9,317634,149,1418,750,-1.4523,-0.35597,1.6122
1256.5,-733.08,976.16,-0.023817,-1437.2,1001.8,5.1706e+05,591557,1,366.99,3960.3,1171.5,-4050.1,-55.826,-3660.1,-1306.8,4015.4,-324.52,8058,317266,149,1418,750,-1.4537,-0.34265,1.6138
2046.2,-1846.6,1303.8,0.46943,-2181.4,2130.4,5.7886e+05,574751,1,601.29,3872.2,873.7,-3939.4,9.0757,-2899.1,-1164.4,3904.3,-422.6,7537.9,314423,149,1418,750,-1.2993,-0.19538,1.7632
1698.1,-1386.4,1153.6,-0.0085085,-1819.2,1681.2,5.552e+05,582397,1,447.26,3863.2,956.57,-4067.4,-35.15,-3281.5,-1265.4,3921.1,-413.87,7778.2,315666,149,1418,750,-1.3694,-0.26247,1.7003
1685.3,-1315.9,1170.3,-0.017165,-1832.1,1607.6,5.4936e+05,582395,1,447.25,3870,965.12,-4096.3,-33.362,-3346.1,-1266,3927.8,-423.15,7829.1,315914,149,1418,750,-1.3798,-0.26247,1.6919
1763,-1456.3,1190.1,0.019084,-1892.8,1750.1,5.6359e+05,580867,1,455.22,3849.2,922.78,-4019.8,-17.614,-3199.9,-1252.4,3911.5,-426.3,7702.2,315297,149,1418,750,-1.3599,-0.24907,1.7099
1750.5,-1386.8,1206.8,-0.0079384,-1905.3,1677.4,5.5886e+05,580865,1,455.42,3857.3,933.13,-4063.5,-18.818,-3272.7,-1255.6,3918.9,-434.7,7765.5,315602,149,1418,750,-1.3704,-0.24907,1.7015
1839.8,-1591.4,1209.8,0.11028,-1955.5,1886.1,5.7251e+05,579339,1,471.99,3822.1,885.76,-3888.8,-2.3608,-3019,-1226.2,3887.2,-423.57,7526.4,314345,149,1418,750,-1.3397,-0.23566,1.7276
1903.8,-1656.5,1246,0.198,-2031.7,1947.6,5.7645e+05,577809,1,492.92,3804.9,862.64,-3814.9,38.712,-2919.2,-1201.7,3881,-426.46,7431.6,313732,149,1418,750,-1.33,-0.22224,1.7369
1827.5,-1524.6,1226.4,0.071859,-1967.3,1816.1,5.7044e+05,579337,1,466.14,3829.3,890.97,-3958.2,4.8343,-3108.1,-1236.6,3896.5,-437.09,7609.5,314799,149,1418,750,-1.3503,-0.23566,1.7194
1815.2,-1456.4,1243.1,0.031464,-1979.2,1744.7,5.6787e+05,579335,1,462.08,3840.2,896.44,-4020,8.3218,-3196.3,-1244.5,3907.9,-451.6,7691.9,315253,149,1418,750,-1.3608,-0.23566,1.7111
2032.8,-1781.4,1319.7,0.60127,-2190.1,2061.7,5.7924e+05,574749,1,588.5,3869.3,864.89,-3891.3,105.76,-2892.8,-1161.6,3919.7,-435.79,7516,314290,149,1418,750,-1.3101,-0.19538,1.7552
2019.7,-1717,1335.7,0.66842,-2198.9,1994.1,5.7988e+05,574747,1,559.22,3849.2,853.16,-3815.9,176.73,-2865.3,-1162.8,3927.1,-440.02,7458.4,313867,149,1418,750,-1.3208,-0.19538,1.7471
1955.3,-1655.5,1298.7,0.33862,-2119.5,1938.6,5.7885e+05,576277,1,502.42,3807.4,842.09,-3810.2,123,-2903.2,-1190.8,3901.8,-443.12,7433.5,313740,149,1418,750,-1.3308,-0.20881,1.738
2007,-1653.1,1351.8,0.61615,-2207.9,1927,5.8025e+05,574745,1,519.11,3824,831.99,-3809.7,198.26,-2894.9,-1176.7,3923.8,-455.14,7450.3,313836,149,1418,750,-1.3315,-0.19538,1.739
1324.4,-806.62,1014.8,0.0016732,-1505.6,1080.7,5.2113e+05,590031,1,390.16,3937.5,1146.9,-4071.2,-52.376,-3640.4,-1292.5,3989.7,-342.64,8031.6,317147,149,1418,750,-1.4451,-0.32932,1.6243
1378,-807.33,1069.2,-0.0035148,-1587.9,1082.8,5.1986e+05,588503,1,403.13,3934.6,1120.3,-4079.3,-47.788,-3635.6,-1280.8,3986.5,-366.53,8026.6,317121,149,1418,750,-1.4465,-0.31597,1.6257
1459.5,-953.82,1091.3,-0.0033671,-1644.3,1235.7,5.3038e+05,586979,1,425.79,3923.2,1089,-4108.5,-53.705,-3580.4,-1272.5,3974.7,-377.49,8001.2,316988,149,1418,750,-1.4276,-0.30261,1.6448
1445.6,-880.94,1107.4,-0.0079078,-1657.4,1159.8,5.2806e+05,586977,1,420.35,3927.8,1101.3,-4094.2,-50.035,-3607.3,-1271.2,3979.7,-375.52,8011.8,317047,149,1418,750,-1.4377,-0.30261,1.636
1512.9,-954.53,1145.4,-0.0081421,-1727.7,1235.7,5.2681e+05,585449,1,435.84,3921.4,1064.4,-4111,-44.891,-3573.1,-1262.4,3974.4,-399.04,7994.9,316946,149,1418,750,-1.4288,-0.28924,1.6462
1672.4,-1244.7,1187,-0.030324,-1845,1533.3,5.4434e+05,582393,1,445.81,3878.8,970.57,-4110.9,-30.016,-3403.9,-1264.4,3936.5,-434.61,7871.2,316239,149,1418,750,-1.3902,-0.26247,1.6834
1659.5,-1173,1203.8,-0.043875,-1857.8,1458.6,5.3928e+05,582391,1,447.2,3888.9,986.22,-4117.1,-30.451,-3450.7,-1261.2,3945.5,-434.71,7905.8,316436,149,1418,750,-1.4005,-0.26247,1.6748
1579.9,-1027.9,1183.1,-0.020442,-1798.7,1310.3,5.3278e+05,583919,1,447.19,3911.3,1033.1,-4116.6,-36.034,-3538.2,-1255.9,3966.4,-419.02,7969.8,316752,149,1418,750,-1.4198,-0.27586,1.6562
1646.3,-1100.8,1220.4,-0.047921,-1870.3,1383.4,5.3599e+05,582389,1,452.88,3899.6,1001.7,-4118.9,-29.943,-3496.5,-1253.6,3955.8,-436,7938.4,316583,149,1418,750,-1.4107,-0.26247,1.6662
1129.4,-658.37,879.74,1.1677,-1282.7,915.11,5.7288e+05,594611,1,382.97,4727.9,1438.2,-4003.4,130.67,-3624.2,-1328.2,4413.9,-197.21,8662.1,319371,149,1418,750,-1.4606,-0.36928,1.6017
1110.9,-587.26,893.65,3.0231,-1292.9,840.16,5.6118e+05,594609,1,503.19,4998.3,1628.3,-3830.1,496.75,-3414.6,-1200.1,4654.6,-22.554,8807.4,319815,149,1418,750,-1.4704,-0.36928,1.5927
1188,-659.56,936.8,-0.13305,-1369,921.87,5.5486e+05,593083,1,351.7,4112.3,1232.8,-4019.5,-77.519,-3675.3,-1323.9,4098.7,-295.41,8177.1,317725,149,1418,750,-1.4621,-0.35597,1.6033
1242.5,-660.38,992,-0.06091,-1451.2,926.23,5.2172e+05,591555,1,349.15,3972.5,1168.1,-4018,-46.19,-3681.6,-1311.8,4026,-338.3,8063,317286,149,1418,750,-1.4636,-0.34265,1.6049
1310.3,-733.75,1030.7,-0.0053046,-1519.2,1004.9,5.1481e+05,590029,1,383.78,3939.5,1148.8,-4052,-46.531,-3659.4,-1290.3,3993.5,-348.13,8033.2,317155,149,1418,750,-1.4551,-0.32932,1.6154
1296.3,-660.95,1046.6,-0.031884,-1532.8,929.16,5.1519e+05,590027,1,366.98,3945.1,1142,-4035.1,-35.718,-3679.6,-1297.1,4001.9,-360.81,8040.7,317181,149,1418,750,-1.465,-0.32932,1.6064
2098.8,-1846.2,1356.7,0.42915,-2272.1,2119.3,5.7912e+05,573219,1,613.06,3862.8,851.46,-4000.3,46.443,-2949.2,-1164,3890.6,-457.95,7538.1,314429,149,1418,750,-1.3,-0.18194,1.7641
1737.8,-1316.3,1223.6,-0.026021,-1917.7,1603.9,5.5262e+05,580863,1,456.53,3864.9,937.07,-4092.8,-16.025,-3336.2,-1255.1,3926.8,-448.06,7816.7,315866,149,1418,750,-1.3808,-0.24907,1.6931
1725.1,-1245,1240.5,-0.043293,-1930.1,1529.6,5.4539e+05,580861,1,454.92,3873,945.55,-4108,-19.026,-3392.4,-1254.2,3934,-455.67,7857.6,316169,149,1418,750,-1.3912,-0.24907,1.6846
1802.8,-1386.9,1260,-0.0020878,-1991.3,1672.2,5.6387e+05,579333,1,462.94,3855,907.66,-4069.4,6.4496,-3283.6,-1246.8,3921.8,-463.04,7771.1,315627,149,1418,750,-1.3713,-0.23566,1.7027
1891.6,-1591.3,1262.5,0.13571,-2042.7,1879.2,5.7581e+05,577807,1,478.98,3814.5,859.52,-3898.7,39.217,-3022.5,-1219.8,3888.8,-450.06,7527.9,314359,149,1418,750,-1.3406,-0.22224,1.7287
1879.4,-1524.4,1279.2,0.091262,-2054,1809.2,5.7404e+05,577805,1,472.58,3823.7,870.07,-3963.1,33.289,-3108.4,-1230.4,3896.3,-457.96,7607.5,314780,149,1418,750,-1.3512,-0.22224,1.7205
1943.2,-1590.5,1315.2,0.21346,-2130,1870.5,5.7881e+05,576275,1,488.3,3811.5,836.11,-3877.6,111.54,-2991.3,-1205.6,3902.2,-465.48,7507.2,314221,149,1418,750,-1.3414,-0.20881,1.7298
1867.3,-1456,1296.2,0.054976,-2065.6,1737.8,5.7109e+05,577803,1,467.36,3833.4,864.24,-4019.7,47.679,-3191.1,-1237.8,3908.1,-482.32,7683.8,315215,149,1418,750,-1.3617,-0.22224,1.7122
1855,-1386.5,1313.2,0.020141,-2077.3,1665.3,5.6729e+05,577801,1,468.93,3843.1,881.34,-4057.1,37.249,-3258.8,-1238.8,3916,-482.83,7742.8,315488,149,1418,750,-1.3722,-0.22224,1.7038
2085.3,-1779.8,1372.8,0.6124,-2280.3,2049.6,5.8038e+05,573217,1,604.13,3866.9,851.54,-3933.8,114.29,-2924.3,-1155.4,3908.3,-457.45,7538.1,314425,149,1418,750,-1.3108,-0.18194,1.7561
2072,-1714.4,1389,0.72901,-2288.6,1981,5.8143e+05,573215,1,589.33,3862.2,846.26,-3889.1,184.47,-2914.7,-1156.1,3921.6,-464.3,7521,314323,149,1418,750,-1.3215,-0.18194,1.748
2058.9,-1649.6,1405.1,0.85413,-2296.7,1913,5.8183e+05,573213,1,557.06,3840.1,829.56,-3848.6,277.67,-2915.1,-1160.8,3934.2,-474.67,7495.5,314154,149,1418,750,-1.3322,-0.18194,1.7399
1994.9,-1588.5,1368.2,0.41674,-2217.7,1859.3,5.8073e+05,574743,1,504.41,3816.9,818.29,-3864.8,227.56,-2968.2,-1187.9,3926.5,-480.2,7506.7,314215,149,1418,750,-1.3422,-0.19538,1.7308
1364,-734.35,1085.2,-0.020739,-1601.1,1006.9,5.1474e+05,588501,1,386.71,3951.4,1123.4,-4061.2,-31.26,-3667.7,-1286.9,4004.8,-374.95,8050.2,317227,149,1418,750,-1.4564,-0.31597,1.6168
1431.7,-807.96,1123.5,-0.022699,-1670.4,1083.8,5.1965e+05,586975,1,407.73,3940.5,1091.4,-4085.2,-39.911,-3637.6,-1274.5,3992.1,-393.84,8032.7,317152,149,1418,750,-1.4477,-0.30261,1.6272
1418,-734.75,1139.8,-0.064785,-1683.5,1007.6,5.2253e+05,586973,1,387.96,3961.2,1088.7,-4078.8,-25.631,-3671.4,-1286.9,4012.5,-407.23,8066.3,317304,149,1418,750,-1.4577,-0.30261,1.6183
1499.1,-881.56,1161.6,-0.023742,-1740.3,1159.7,5.2329e+05,585447,1,425.66,3934.6,1074.6,-4098.4,-40.563,-3608.9,-1263.9,3986.5,-400.91,8018.1,317068,149,1418,750,-1.4389,-0.28924,1.6374
1566.2,-955.09,1199.5,-0.018562,-1811.1,1234.5,5.2585e+05,583917,1,442.12,3922.4,1040.5,-4110.9,-33.574,-3573.9,-1253.8,3976.8,-422.39,7993.9,316939,149,1418,750,-1.43,-0.27586,1.6475
1552.7,-882.03,1215.9,-0.056963,-1823.5,1158.4,5.2294e+05,583915,1,420.21,3945.8,1033.4,-4110.1,-20.779,-3615.5,-1266.2,3998.8,-439.67,8035.3,317164,149,1418,750,-1.4401,-0.27586,1.6387
1712.2,-1173.3,1257.3,-0.066255,-1942.4,1454.8,5.3865e+05,580859,1,453.95,3882.6,958.98,-4115,-20.783,-3439.9,-1253,3941.8,-457.74,7892.1,316373,149,1418,750,-1.4015,-0.24907,1.676
1699.3,-1101.1,1274.2,-0.072771,-1954.5,1379.6,5.3518e+05,580857,1,455.16,3901.3,968.17,-4119.4,-16.836,-3490.4,-1249,3958.4,-466.17,7935,316564,149,1418,750,-1.4117,-0.24907,1.6674
1633,-1028.3,1237,-0.03268,-1882.5,1307.8,5.3096e+05,582387,1,450.76,3911.5,1000.4,-4119.2,-22.539,-3534.9,-1250.6,3967.9,-449.26,7967.3,316737,149,1418,750,-1.4209,-0.26247,1.6575
1619.5,-955.44,1253.6,-0.042737,-1894.6,1231.9,5.2559e+05,582385,1,439.48,3933.1,1010.4,-4117.2,-14.493,-3579.2,-1253.7,3988.3,-451.7,8008,317031,149,1418,750,-1.4311,-0.26247,1.6487
1090,-519.15,904.43,4.8376,-1298.6,767.55,5.3926e+05,594607,1,387.85,4925.4,1510.8,-3789.1,837.87,-3343.9,-1165.3,4870.3,47.719,8832.6,319895,149,1418,750,-1.4802,-0.36928,1.5836
1173.7,-587.17,952.52,0.031391,-1383,846.59,5.7017e+05,593081,1,400.56,4332.1,1338.4,-3951.9,7.2529,-3646.7,-1284.1,4213.9,-244,8312.7,318204,149,1418,750,-1.4719,-0.35597,1.5943
1228.7,-587.81,1008,-0.12785,-1465.4,850.85,5.338e+05,591553,1,329.34,3989.2,1160.8,-3997,-34.428,-3697.7,-1322.3,4037.5,-353.82,8074.3,317339,149,1418,750,-1.4734,-0.34265,1.5959
1282.6,-588.11,1062.8,-0.09462,-1546.7,853.49,5.1881e+05,590025,1,329.68,3963.5,1121.4,-4022.7,0.94543,-3713.9,-1323.7,4028.2,-391.72,8073.5,317334,149,1418,750,-1.4748,-0.32932,1.5974
1350.2,-661.25,1101.3,-0.051958,-1614.6,930.84,5.2277e+05,588499,1,361.85,3974.2,1112.2,-4050.4,1.3423,-3701.2,-1302.8,4033.8,-397.21,8086.6,317401,149,1418,750,-1.4663,-0.31597,1.6079
2137.5,-1778.3,1425.6,0.52814,-2370.1,2036.1,5.798e+05,571683,1,613.75,3831.8,830.58,-3997.5,78.885,-2975.8,-1159.2,3864.5,-489.52,7538.1,314430,149,1418,750,-1.3114,-0.16849,1.757
1790.3,-1316.4,1277,-0.021541,-2003.3,1598.6,5.5742e+05,579331,1,465.22,3863.5,920.7,-4094.1,-0.16919,-3343.4,-1245.2,3929,-466.87,7819,315875,149,1418,750,-1.3817,-0.23566,1.6942
1777.6,-1245.2,1293.9,-0.040771,-2015.1,1524.5,5.4809e+05,579329,1,462.99,3868.6,919.31,-4104.4,2.8784,-3385,-1244.2,3934.7,-479.58,7847.9,316086,149,1418,750,-1.3921,-0.23566,1.6857
1765,-1173.5,1310.9,-0.079576,-2027,1449.7,5.4007e+05,579327,1,455.39,3887.1,926.99,-4115.4,0.58847,-3441.3,-1247.3,3949.6,-488.07,7896.1,316393,149,1418,750,-1.4024,-0.23566,1.6771
1842.7,-1316.1,1330.3,-0.0011466,-2088.8,1591.9,5.6112e+05,577799,1,471.36,3855.4,891.56,-4085.4,32.072,-3324.8,-1237,3926.7,-491.08,7798.6,315781,149,1418,750,-1.3826,-0.22224,1.6953
1931.2,-1523.5,1332.1,0.14518,-2140.9,1800.5,5.7684e+05,576273,1,477.96,3821.7,841.58,-3968.8,85.133,-3109.7,-1223.7,3904.2,-486.03,7612.3,314817,149,1418,750,-1.352,-0.20881,1.7215
1983,-1521.9,1385,0.26187,-2227.9,1789.7,5.796e+05,574741,1,487.31,3817.7,813.07,-3940.7,190.12,-3071,-1206.8,3921.1,-504.62,7586.5,314688,149,1418,750,-1.3528,-0.19538,1.7225
1919.2,-1455.2,1349.1,0.089479,-2152,1729.2,5.7421e+05,576271,1,474.74,3829.7,844.37,-4017.9,86.188,-3185.3,-1229.2,3911.6,-500.92,7678.8,315185,149,1418,750,-1.3625,-0.20881,1.7132
1907.1,-1385.8,1366.3,0.049673,-2163.2,1656.8,5.7005e+05,576269,1,473.94,3841,852.21,-4055.7,79.308,-3256.9,-1231.4,3920.7,-511.5,7740.6,315480,149,1418,750,-1.373,-0.20881,1.7048
2124.2,-1711.1,1442.1,0.80979,-2378,1965.9,5.8161e+05,571681,1,604.01,3831.6,825.85,-3962.8,172.77,-2978.6,-1155.7,3878.3,-499.82,7538.1,314431,149,1418,750,-1.3222,-0.16849,1.7489
2046.5,-1584.6,1421.5,0.75598,-2305.6,1845,5.8167e+05,573211,1,519.85,3821.3,802.85,-3875.1,331.11,-2973.5,-1176.6,3938.4,-501.64,7525.5,314342,149,1418,750,-1.3429,-0.18194,1.7317
2110.9,-1644.9,1458.4,1.0245,-2385.6,1896.6,5.8246e+05,571679,1,578.69,3838,812.87,-3927.2,300.84,-2980.5,-1158.5,3907,-511.7,7538.1,314432,149,1418,750,-1.3329,-0.16849,1.7407
1404.6,-661.19,1156.4,-0.099151,-1697.1,931.22,5.2894e+05,586971,1,370.97,3985.2,1084.6,-4073.1,2.4228,-3710.8,-1299.6,4041.4,-426.98,8109.3,317492,149,1418,750,-1.4676,-0.30261,1.6093
1485.5,-808.4,1178,-0.067665,-1753.2,1083.6,5.2492e+05,585445,1,401.09,3960.9,1060.4,-4094.7,-21.77,-3647,-1278.1,4011.7,-424.62,8059.1,317272,149,1418,750,-1.4489,-0.28924,1.6285
1472.2,-734.9,1194.7,-0.12801,-1766.5,1007.2,5.278e+05,585443,1,381.59,3986.3,1053.9,-4092,-0.9561,-3689.4,-1293.1,4039.9,-446.39,8105.2,317479,149,1418,750,-1.4589,-0.28924,1.6196
1539.5,-808.54,1232.7,-0.12416,-1836.5,1082,5.2825e+05,583913,1,395.24,3975.3,1025.9,-4104.9,-0.27268,-3659.9,-1283,4029.2,-461.33,8084,317386,149,1418,750,-1.4501,-0.27586,1.6298
1606.4,-882.19,1270.3,-0.097426,-1907,1155.7,5.2683e+05,582383,1,416.65,3954.2,998.93,-4120,-1.2701,-3620.9,-1268,4009.1,-472.75,8049.7,317223,149,1418,750,-1.4411,-0.26247,1.6399
1593.5,-808.49,1287.4,-0.16536,-1919.8,1079.2,5.2856e+05,582381,1,407.96,3960.7,997.4,-4114,7.719,-3655.9,-1273.4,4019,-487.91,8071.7,317327,149,1418,750,-1.4512,-0.26247,1.6311
1686.1,-1028.6,1290.9,-0.057628,-1966.4,1304.1,5.2865e+05,580855,1,453.73,3919.5,977.48,-4122.4,-12.243,-3535.9,-1246.2,3975,-471.51,7974.7,316786,149,1418,750,-1.4219,-0.24907,1.6587
1752.3,-1101.3,1327.9,-0.10785,-2038.9,1374.6,5.3393e+05,579325,1,454.9,3907.3,937.03,-4121,2.8172,-3488.9,-1246.1,3966.1,-494.9,7939.4,316591,149,1418,750,-1.4127,-0.23566,1.6685
1739.4,-1028.6,1345,-0.099526,-2050.6,1299,5.2822e+05,579323,1,451.03,3932,944.89,-4127.9,8.713,-3537.6,-1246.9,3988.3,-502.72,7989,316868,149,1418,750,-1.4229,-0.23566,1.6598
1673,-955.53,1307.8,-0.076398,-1978.4,1228.1,5.2645e+05,580853,1,441.37,3933.4,975.51,-4125.9,-3.0441,-3574.3,-1252.1,3989.2,-482.96,8008.2,317032,149,1418,750,-1.4321,-0.24907,1.6499
1660.1,-882.06,1324.9,-0.12809,-1990.7,1151.7,5.2952e+05,580851,1,424.84,3952.2,973.16,-4125.6,14.098,-3623.4,-1261.3,4011.4,-499.62,8051.6,317237,149,1418,750,-1.4422,-0.24907,1.6411
1157.4,-515.36,967.37,0.91801,-1394.9,771.47,5.6802e+05,593079,1,421.37,4560.2,1416.4,-3938.6,148.93,-3652.1,-1271.7,4384.1,-207.95,8528.3,318992,149,1418,750,-1.4817,-0.35597,1.5852
1138.6,-444.79,980.22,2.3391,-1403.3,696.98,5.4078e+05,593077,1,404.57,4706.4,1446.1,-3842.1,400.55,-3544.8,-1219.9,4603.1,-114.4,8636.1,319291,149,1418,750,-1.4914,-0.35597,1.5761
1215,-515.25,1024.3,-0.089284,-1479.7,775.53,5.5495e+05,591551,1,350.63,4069.7,1205.5,-3986,0.29659,-3718.1,-1318.2,4088.2,-347.45,8150,317627,149,1418,750,-1.4832,-0.34265,1.5868
1269.7,-514.91,1079.7,-0.2005,-1561.5,777.66,5.3205e+05,590023,1,313.15,4017.2,1130.2,-4016.7,46.353,-3749.4,-1343.8,4075.3,-408.48,8141.7,317597,149,1418,750,-1.4846,-0.32932,1.5883
1336.8,-587.86,1117.9,-0.082141,-1628.5,854.65,5.2421e+05,588497,1,333.74,3982.1,1094.9,-4049.1,24.572,-3733.5,-1324.7,4049.1,-423,8113.7,317500,149,1418,750,-1.4761,-0.31597,1.5988
1323.9,-514.17,1135,-0.14721,-1643,778.27,5.2873e+05,588495,1,316.95,3968.6,1085,-4037.1,46.466,-3764.2,-1335.9,4044.7,-444.79,8114.1,317504,149,1418,750,-1.4859,-0.31597,1.5898
1830.1,-1245.1,1347.3,-0.024175,-2100.2,1517.8,5.5318e+05,577797,1,466.24,3871.6,895.18,-4105,32.048,-3385.9,-1238.4,3941.3,-503.42,7851.5,316115,149,1418,750,-1.393,-0.22224,1.6868
1817.7,-1173.3,1364.5,-0.071223,-2111.8,1443.2,5.4342e+05,577795,1,454.98,3887,891.31,-4116.9,40.455,-3433.1,-1244.6,3956.3,-518.97,7894.1,316383,149,1418,750,-1.4033,-0.22224,1.6782
1805.3,-1101.1,1381.8,-0.12419,-2123.5,1368.1,5.3612e+05,577793,1,449.25,3914.8,901.48,-4121.6,37.053,-3484.9,-1247.2,3979.1,-526.31,7946,316626,149,1418,750,-1.4136,-0.22224,1.6696
1894.9,-1315.5,1383.5,0.022985,-2174.3,1583.6,5.6439e+05,576267,1,471.82,3863,861.53,-4091.2,78.17,-3334.1,-1233.6,3939.7,-522.83,7814.3,315853,149,1418,750,-1.3835,-0.20881,1.6963
1971.1,-1453.7,1402.2,0.18308,-2238.5,1718.6,5.7635e+05,574739,1,481.73,3826.8,824.34,-4013.8,137.91,-3176.7,-1220.3,3918,-518.83,7673.8,315172,149,1418,750,-1.3633,-0.19538,1.7142
2034.7,-1518.8,1438.3,0.50267,-2315.1,1776.3,5.8095e+05,573209,1,495.79,3817.2,792.32,-3918.8,316.13,-3044.9,-1190.8,3940.3,-519.37,7575.4,314625,149,1418,750,-1.3535,-0.18194,1.7234
2022.9,-1451.1,1455.3,0.3331,-2325.1,1705.8,5.7894e+05,573207,1,483.97,3832.6,791.44,-3997.7,287.15,-3149.6,-1211.1,3947.9,-544.59,7673.5,315169,149,1418,750,-1.364,-0.18194,1.7151
1959.1,-1384.4,1419.4,0.11784,-2249.2,1646.5,5.728e+05,574737,1,473.66,3843.7,816.6,-4054.4,164.1,-3247.1,-1227.9,3936.6,-543.34,7744.3,315499,149,1418,750,-1.3738,-0.19538,1.7058
1947.2,-1314.1,1436.9,0.081566,-2260,1573.3,5.6734e+05,574735,1,472.88,3859.5,832.22,-4088.8,142.74,-3314.2,-1231,3946.4,-545.61,7805.2,315808,149,1418,750,-1.3842,-0.19538,1.6973
2098.3,-1579.4,1474.8,0.98531,-2393.8,1828.2,5.8279e+05,571677,1,541.58,3834.1,792.7,-3882.7,397.89,-2972.4,-1163.9,3933.8,-520.1,7536,314404,149,1418,750,-1.3435,-0.16849,1.7325
2086.3,-1513.3,1491.7,0.86736,-2402.7,1759.4,5.8133e+05,571675,1,504.51,3834.5,770.79,-3922.7,420.03,-3039.9,-1187.3,3949.1,-546.6,7593.5,314720,149,1418,750,-1.3541,-0.16849,1.7242
1726.6,-955.42,1362.1,-0.11312,-2062.4,1222.9,5.2753e+05,579321,1,440.93,3953.1,948.24,-4135.6,19.614,-3594.3,-1251.2,4010.9,-515.28,8041.2,317183,149,1418,750,-1.4331,-0.23566,1.651
1792.9,-1028.4,1399.2,-0.14148,-2135.2,1292.6,5.2984e+05,577791,1,447.87,3941.2,911.31,-4132,36.951,-3537.5,-1247.8,4000.8,-534.39,8000.1,316977,149,1418,750,-1.4238,-0.22224,1.6609
1713.8,-881.68,1379.4,-0.13175,-2074.4,1146.4,5.3104e+05,579319,1,437.78,3952.9,952.02,-4129.3,24.377,-3625.2,-1250.7,4014.2,-523.03,8052.8,317239,149,1418,750,-1.4432,-0.23566,1.6422
1200.2,-442.37,1040.2,0.42173,-1492.9,699.64,5.635e+05,591549,1,370.05,4250.9,1270.6,-3981.1,99.751,-3742.3,-1310.8,4220.9,-325.27,8326.2,318237,149,1418,750,-1.4929,-0.34265,1.5777
1256.7,-441.33,1096.9,-0.14578,-1576.4,701.45,5.4483e+05,590021,1,307.95,4045.2,1129.6,-4026.1,70.344,-3795.1,-1350.2,4096.4,-428.97,8193.8,317787,149,1418,750,-1.4943,-0.32932,1.5792
1882.7,-1244.3,1400.8,-0.00078508,-2185.5,1509.5,5.5753e+05,576265,1,466.09,3881.4,868.96,-4110.8,79.369,-3389.4,-1236.6,3956.2,-529.64,7867.1,316220,149,1418,750,-1.3938,-0.20881,1.6878
1870.5,-1172.5,1418.3,-0.039866,-2196.8,1434.9,5.481e+05,576263,1,452.63,3898.5,861.53,-4118.8,88.63,-3436.4,-1243.8,3973.5,-549.02,7909.7,316461,149,1418,750,-1.4042,-0.20881,1.6792
1858.4,-1100.3,1435.8,-0.1018,-2208.3,1359.9,5.4021e+05,576261,1,445.89,3914.5,866.82,-4120.9,86.553,-3478.4,-1246.6,3987.7,-557.06,7945.3,316621,149,1418,750,-1.4145,-0.20881,1.6706
1935.3,-1242.8,1454.5,0.054056,-2271,1499.2,5.6023e+05,574733,1,466.78,3881.3,834.49,-4107.4,141.65,-3375.8,-1233.3,3964.5,-559.85,7862.4,316192,149,1418,750,-1.3946,-0.19538,1.6888
2011.2,-1381.8,1472.8,0.2684,-2335.5,1633.7,5.7456e+05,573205,1,472.82,3850.7,791.25,-4061.2,262.03,-3243.3,-1227.1,3957.2,-566.51,7761.7,315587,149,1418,750,-1.3745,-0.18194,1.7067
1923.2,-1171.1,1472.1,0.019227,-2281.9,1424.8,5.5177e+05,574731,1,456.94,3897.4,832.8,-4117.2,137.03,-3431.5,-1237.6,3977.8,-576.71,7907.3,316449,149,1418,750,-1.405,-0.19538,1.6802
