"Cartesian Velocity:0","Cartesian Velocity:1","Cartesian Velocity:2","Spherical Velocity:0","Spherical Velocity:1","Spherical Velocity:2","Pressure","PointID","RegionId","GSV:0","GSV:1","GSV:2","GSV:3","GSV:4","GSV:5","GSV:6","GSV:7","GSV:8","magGSV","magGSV_Order","DescendingManifold","AscendingManifold","MorseSmaleManifold","Points:0","Points:1","Points:2"
-2514.1,3565.3,657,19.375,-2474.1,3652.7,6.0663e+05,550473,1,-12906,33480,3155.1,-3479.7,18958,769.11,4601.1,-11217,-1126.2,41094,347632,83,1264,1010,0.56692,0.020238,2.1245
-2352.9,3592.3,598.23,19.326,-2299.2,3675.8,6.1178e+05,550471,1,-10396,33397,2431,-656.31,17192,30.035,3749.1,-11295,-878.8,40838,347529,83,1264,1010,0.55387,0.020238,2.1279
-2216.3,3562.2,548.92,19.723,-2152.7,3642.6,6.1419e+05,550469,1,-9004.1,31940,2006.6,3344.6,14723,-976.61,3289.9,-10922,-735.53,38273,346683,83,1264,1010,0.54081,0.020238,2.1313
-2100.7,3488.9,505.02,18.191,-2029.2,3566.9,6.1537e+05,550467,1,-7505.6,36236,1561.9,5563.5,13997,-1485.2,3021.9,-11525,-649.97,41753,347807,83,1264,1010,0.52772,0.020238,2.1345
-2002.6,3394.4,464.69,14.336,-1924.5,3470.5,6.1612e+05,550465,1,-6564.2,33421,1274.5,7677.1,10776,-1940.9,2623.3,-10554,-531.81,38197,346653,83,1264,1010,0.51461,0.020238,2.1377
-1925,3286.2,431.39,11.222,-1842.2,3361.2,6.1727e+05,550463,1,-4854.4,38752,833.96,7500,10308,-1843,2248.2,-11490,-435.19,42769,348079,83,1264,1010,0.50149,0.020238,2.1409
-1870.2,3167.7,405.78,9.4433,-1784.2,3242.5,6.186e+05,550461,1,-2856.8,39337,337.75,10291,7541.6,-2406.1,1609.5,-11163,-275.26,43030,348158,83,1264,1010,0.48834,0.020238,2.1439
-1852.6,2978.8,392.25,10.041,-1768.2,3054.9,6.207e+05,550459,1,297.08,37637,-403.24,17241,5186.6,-3864.9,493.3,-10442,-12.706,43188,348206,83,1264,1010,0.47518,0.020238,2.1468
-1914.6,2674.3,399.53,12.946,-1839.6,2755.6,6.2361e+05,550457,1,4128.1,43510,-1271.1,23881,1134,-5136.3,126.35,-10885,72.542,51266,350140,83,1264,1010,0.46199,0.020238,2.1497
-1999.5,2302.7,396.5,1.2321,-1934.8,2390.5,6.2482e+05,550455,1,6638.9,46565,-1804.3,26796,-3924.7,-5555.6,227.66,-10698,50.747,55627,351038,83,1264,1010,0.4488,0.020238,2.1525
-2099.9,1935.9,393.79,-12.178,-2046,2031.3,6.2462e+05,550453,1,7314.6,47523,-1916,25033,-8214.1,-5020.7,114.79,-10274,70.395,55979,351110,83,1264,1010,0.43558,0.020238,2.1552
-2704.9,3543.1,726.69,7.5285,-2607,3688,5.7773e+05,548943,1,-12017,22569,3090.2,-5897.5,14719,1458.1,4794.4,-8727.3,-1235.5,31899,344158,83,1264,1010,0.60588,0.033729,2.1135
-2519.6,3642.7,655.86,7.9741,-2400,3779.9,5.9011e+05,548941,1,-13258,24326,3366.7,-6790.1,15342,1685.3,4988,-9257.4,-1263.2,34284,345201,83,1264,1010,0.5929,0.033729,2.1172
-2334.1,3728.9,584.97,5.8207,-2193.1,3858.1,6.0012e+05,548939,1,-11653,19224,2898.7,-3959.7,12180,902.84,4544.2,-7988.2,-1120,27646,342244,83,1264,1010,0.5799,0.033729,2.1208
-2174.6,3751.2,523.53,2.6953,-2017.1,3873.7,6.0786e+05,548937,1,-11171,19172,2715.6,-1684.8,11707,281.96,4166.9,-8008.7,-998.19,26874,341866,83,1264,1010,0.56688,0.033729,2.1243
-2042.1,3744.4,474.22,1.9624,-1871.8,3861.7,6.1248e+05,548935,1,-9175.1,15246,2155.8,1950.6,9045.1,-646.38,3327.3,-6724.7,-761.46,21545,338544,83,1264,1010,0.55383,0.033729,2.1277
-1917.3,3703.8,429.6,1.6504,-1737,3816,6.1515e+05,548933,1,-8931.2,15670,2039.1,4137.5,8898.2,-1181.6,3108.4,-6786.8,-688.25,21986,338828,83,1264,1010,0.54077,0.033729,2.1311
-1795,3628.4,388.36,1.8586,-1607.5,3735.5,6.161e+05,548931,1,-8530,14871,1892.3,6578.5,8544.9,-1758.9,2899,-6360.8,-621.4,21590,338569,83,1264,1010,0.52768,0.033729,2.1344
-1682.7,3515.9,350.19,0.59153,-1490.8,3618.4,6.1656e+05,548929,1,-7572,17841,1579.4,8289.9,8418.7,-2122.1,2660.5,-6947.8,-543.65,24039,340205,83,1264,1010,0.51457,0.033729,2.1376
-1583.3,3387.1,316.99,-0.51636,-1389.1,3485.7,6.1762e+05,548927,1,-6346.6,17859,1231.1,9742.2,6487.7,-2379.9,2200.5,-6526.7,-419.54,23474,339832,83,1264,1010,0.50145,0.033729,2.1407
-1503.7,3241.2,289.82,-1.6453,-1309.2,3337.1,6.1871e+05,548925,1,-4895.9,20384,816.14,13334,4645.3,-3088.6,1647.6,-6798,-273.46,26421,341648,83,1264,1010,0.4883,0.033729,2.1437
-1440.4,3036.1,269.66,-1.4039,-1251.2,3130.5,6.2121e+05,548923,1,-2320.7,24201,162.13,20764,3498.9,-4615.9,749.77,-7443.9,-55.85,33344,344789,83,1264,1010,0.47514,0.033729,2.1467
-1423.1,2703.1,265.34,1.8691,-1251,2799.6,6.2347e+05,548921,1,-76.107,27887,-390.34,27687,2591,-5981.1,289.73,-8081.9,58.524,40648,347466,83,1264,1010,0.46196,0.033729,2.1496
-1440.6,2271.8,262.35,-2.3509,-1293.1,2373.4,6.2382e+05,548919,1,2687.5,33327,-1035,30609,-886.11,-6389.5,213.7,-8436.4,78.083,46570,349073,83,1264,1010,0.44876,0.033729,2.1524
-2930.3,3489.2,825.32,4.7548,-2792.3,3693.9,5.6062e+05,547413,1,-10621,19003,2837.7,-6050.9,12465,1586.3,4986.5,-8084.8,-1350.1,27444,342150,83,1264,1010,0.64461,0.047219,2.1018
-2767.8,3567.5,752.06,1.6631,-2605.1,3763.8,5.6111e+05,547411,1,-11574,18606,3048.4,-5434.5,11861,1362.6,5001.8,-7937.5,-1319.1,27409,342132,83,1264,1010,0.6317,0.047219,2.1057
-2594.7,3647.1,680.46,0.98284,-2407.8,3833.9,5.6816e+05,547409,1,-11646,17245,3031.7,-5471.7,11370,1353.1,4752.8,-7399.9,-1227.9,26118,341506,83,1264,1010,0.61877,0.047219,2.1095
-2431.4,3722.7,614.66,0.80955,-2221.5,3900.4,5.7972e+05,547407,1,-10771,15614,2756.8,-4838.5,10616,1160.5,4440.8,-6869.6,-1125.1,23938,340153,83,1264,1010,0.60581,0.047219,2.1133
-2294.9,3781.2,556.94,-1.3281,-2064,3951.4,5.9131e+05,547405,1,-9854.9,12865,2485.5,-4482.1,8653.4,1068.9,4065.1,-6037.7,-1008.1,20467,337792,83,1264,1010,0.59284,0.047219,2.1169
-2175.2,3837.9,506,-3.1883,-1924.2,4001.8,5.9991e+05,547403,1,-9327.9,8963.3,2346.9,-2728.2,6739.6,601.11,3765.4,-4787.7,-921.57,16249,334411,83,1264,1010,0.57984,0.047219,2.1205
-2032.1,3871.2,450.78,-5.252,-1762.3,4026.6,6.0654e+05,547401,1,-9297.3,7221.8,2321.8,303.56,6546.5,-214.7,3515,-4243.9,-843.89,14767,332972,83,1264,1010,0.56681,0.047219,2.1241
-1915.5,3839.4,408.59,-4.626,-1634.3,3988.3,6.1024e+05,547399,1,-8381.2,6266.7,2041,2561.8,5834.1,-794.44,2955.6,-3966.9,-679.35,13411,331402,83,1264,1010,0.55377,0.047219,2.1275
-1793.5,3802.4,365.76,-4.9064,-1501.1,3944,6.1333e+05,547397,1,-8654,6570.7,2059.3,4201.8,6229.9,-1191.7,2951.7,-3937.7,-665.51,14313,332495,83,1264,1010,0.5407,0.047219,2.1309
-1674.4,3726,326.96,-4.4233,-1375,3860.4,6.1443e+05,547395,1,-8659.4,5811.8,2022,6939.7,6244.3,-1846,2793.3,-3666,-612.34,15001,333188,83,1264,1010,0.52762,0.047219,2.1341
-1553.6,3608.7,288.64,-5.4617,-1251,3735.6,6.1545e+05,547393,1,-8279.2,6330.8,1864.3,9231.6,6018.2,-2350.3,2595.4,-3688.7,-546.52,16115,334269,83,1264,1010,0.51452,0.047219,2.1373
-1447.3,3461.9,256.67,-5.8363,-1145.5,3582.4,6.1683e+05,547391,1,-7497.6,7228.1,1606.4,11025,5610.3,-2704.9,2252.1,-3768.9,-446.84,17054,335111,83,1264,1010,0.50139,0.047219,2.1404
-1346.7,3302.5,226.74,-7.0935,-1047.4,3416.8,6.1801e+05,547389,1,-7082,7954,1455.4,12967,4779.5,-3066.7,2053.2,-3800.6,-388.92,18296,336226,83,1264,1010,0.48825,0.047219,2.1435
-1249.2,3085.5,199.97,-8.4424,-958.97,3193.9,6.2106e+05,547387,1,-6574,9443,1267,18695,3753.8,-4227,1689.5,-4005.3,-291.49,23118,339576,83,1264,1010,0.47509,0.047219,2.1464
-1162,2744.3,181.42,-7.8363,-895.44,2848.2,6.2322e+05,547385,1,-4275.1,14293,636.83,28109,2879,-6104,931.38,-4907.3,-100.26,32918,344608,83,1264,1010,0.46191,0.047219,2.1493
-1105.3,2279.9,172.16,-8.0874,-877.61,2383,6.2278e+05,547383,1,-2455.4,17897,140.36,35079,698.36,-7314.4,295.71,-5012.6,44.938,40449,347405,83,1264,1010,0.44871,0.047219,2.1521
-2950.5,3451.8,850.04,5.1937,-2761.2,3703.9,5.6786e+05,545881,1,-8050.2,15883,2108,-6565.7,10563,1790.2,4188.6,-7206.8,-1127,23455,339816,83,1264,1010,0.67025,0.060708,2.0934
-2830.6,3546.8,788.05,3.3701,-2614,3792.1,5.6357e+05,545879,1,-9262.3,16276,2434.6,-6521.2,10141,1755.1,4674.5,-7395.4,-1251.7,24149,340285,83,1264,1010,0.65739,0.060708,2.0974
-2692.5,3633.9,719.63,-1.1257,-2448,3870.3,5.5879e+05,545877,1,-10114,15352,2663.8,-5666.1,9263.4,1476.6,4797.7,-7049.2,-1270,23227,339667,83,1264,1010,0.64451,0.060708,2.1014
-2538.5,3710.4,650.45,-3.9347,-2267.2,3936.2,5.5993e+05,545875,1,-10466,13978,2748.3,-4980.7,8546.2,1256.1,4593.5,-6522.4,-1194.4,21840,338715,83,1264,1010,0.63161,0.060708,2.1054
-2400.8,3772.3,591.69,-3.777,-2105.7,3988.7,5.6774e+05,545873,1,-9514.3,12454,2454,-4524.7,8022.5,1107.5,4067.7,-5972.6,-1029.6,19773,337272,83,1264,1010,0.61868,0.060708,2.1092
-2283.4,3829.7,541.28,-3.157,-1966.1,4038.3,5.7923e+05,545871,1,-8848.9,9949,2265.1,-4013.5,7069,957.17,3786.8,-5101.2,-944.81,17049,335108,83,1264,1010,0.60572,0.060708,2.113
-2167.9,3875.8,490.84,-4.8989,-1828.8,4076.5,5.8986e+05,545869,1,-7225.6,7159.3,1817.3,-2647,5532.2,581.41,3185.4,-4150.8,-771.1,13141,330976,83,1264,1010,0.59275,0.060708,2.1166
-2070.2,3910.4,448.57,-5.3294,-1711.5,4104.7,5.9716e+05,545867,1,-7224.3,6878.9,1794.4,-2505.2,5080.8,549.73,3106.7,-4001.6,-741.88,12702,330196,83,1264,1010,0.57975,0.060708,2.1202
-1976.8,3933.8,408.67,-6.1746,-1599.6,4121.9,6.0307e+05,545865,1,-7658.3,4241.7,1931.5,-486.03,3957.2,24.88,3135.1,-3131.8,-750.91,10792,325635,83,1264,1010,0.56673,0.060708,2.1237
-1853.1,3909.3,360.32,-10.114,-1461.1,4088,6.0699e+05,545863,1,-8289.8,3293.4,2078.2,2146.6,4051,-671.7,3122,-3043.1,-731.76,11176,326355,83,1264,1010,0.55369,0.060708,2.1272
-1748.7,3866.3,325.9,-7.4331,-1346.4,4037.3,6.0958e+05,545861,1,-7618.4,2194.8,1877.3,3771.9,4012.2,-1069.7,2544.2,-2681.2,-570.4,10575,325043,83,1264,1010,0.54062,0.060708,2.1305
-1638.2,3796.9,289.41,-7.3439,-1227.9,3959.3,6.1106e+05,545859,1,-8451,1928.7,2039.5,6748,4645.6,-1788.2,2728.4,-2559.8,-605.43,12805,330366,83,1264,1010,0.52754,0.060708,2.1338
-1516.9,3680.7,251.41,-8.9314,-1104,3833.1,6.1242e+05,545857,1,-9159.3,1576.4,2161,9125.5,4741.5,-2331.6,2699.5,-2476.8,-578.2,14697,332907,83,1264,1010,0.51444,0.060708,2.137
-1388.2,3538.5,215.27,-9.2953,-976.75,3679.7,6.1449e+05,545855,1,-8225.7,3065.5,1849.3,11398,5020.1,-2802.8,2314.9,-2677.5,-471.02,16006,334182,83,1264,1010,0.50132,0.060708,2.1401
-1279.2,3358.9,186.81,-9.1749,-875,3491.1,6.156e+05,545853,1,-7843.9,2981.7,1704,15147,3841.7,-3548.3,2012.5,-2460.3,-388.28,18449,336343,83,1204,1006,0.48817,0.060708,2.1432
-1170.3,3129.2,159.01,-11.23,-780.45,3252.3,6.1918e+05,545851,1,-7903.9,4559.8,1626.2,21444,3098.5,-4805.5,1814,-2696.2,-328.22,24272,340370,83,1264,1010,0.47502,0.060708,2.1461
-1050.7,2788.5,133.97,-12.76,-691.3,2901.7,6.2137e+05,545849,1,-7786.5,5241.3,1533.2,30247,2912.5,-6554.7,1326.2,-2676.3,-211.42,32645,344491,83,1204,1006,0.46184,0.060708,2.149
-950.48,2309.9,121.17,-11.579,-643.56,2416.5,6.2135e+05,545847,1,-6100.8,7604.6,1061.6,37569,2297.3,-7868,517.28,-2929.8,-26.235,39795,347199,83,1204,1006,0.44864,0.060708,2.1518
-2854.5,3500,811.99,2.8568,-2590.4,3787.8,5.6937e+05,544347,1,-7639.2,13913,2006.9,-6152.4,9661.6,1670.1,4051.2,-6654.3,-1089.2,21256,338308,83,1264,1010,0.68295,0.074193,2.0888
-2744.3,3589.5,754.14,2.5935,-2451.5,3869.7,5.6676e+05,544345,1,-8025.3,13498,2096.4,-6012.1,9100.3,1607.2,4228,-6530.7,-1123.8,20840,338032,83,1264,1010,0.67013,0.074193,2.093
-2631.2,3667.6,694.16,-0.71878,-2309.9,3939.6,5.603e+05,544343,1,-8308,12465,2168.4,-5286.5,7748.1,1387.4,4317.9,-6149.1,-1137.7,19410,337023,83,1264,1010,0.65727,0.074193,2.0971
-2509.8,3737,632.59,-4.9768,-2160.6,3999.6,5.5499e+05,544341,1,-8643.1,11281,2259.9,-4689.5,6504.6,1213.2,4244.2,-5688.2,-1103.8,18012,335981,83,1264,1010,0.64439,0.074193,2.101
-2390.4,3798.2,575.99,-6.9485,-2015,4051.1,5.5664e+05,544339,1,-8553.2,9568.1,2235.1,-4338.7,5782,1101.5,3901.7,-5053,-995.1,16276,334445,83,1264,1010,0.63149,0.074193,2.105
-2279,3856.6,526.65,-5.9042,-1878.8,4100.5,5.6536e+05,544337,1,-7334.2,7410.2,1887.4,-3779.7,5106.7,928.64,3270.4,-4275,-807.04,13532,331569,83,1264,1010,0.61856,0.074193,2.1088
-2182.7,3904.6,483.63,-4.7535,-1759.5,4141,5.7672e+05,544335,1,-6877.4,5973,1757.5,-2959.3,4570.1,688.17,3127.9,-3774.8,-761.66,11866,327792,83,1264,1010,0.60561,0.074193,2.1126
-2087.1,3941.9,439.95,-6.0979,-1641.4,4170.6,5.8743e+05,544333,1,-6333,4963.8,1604.5,-2087.7,4140.8,443.92,2873.2,-3428.5,-686.45,10464,324732,83,1264,1010,0.59264,0.074193,2.1162
-2006.5,3962,404.02,-5.7537,-1541.2,4184.7,5.9404e+05,544331,1,-5345.6,3652.5,1337.9,-1104.8,3228.5,192.4,2440.9,-2982.4,-564.35,8399.9,318494,83,1264,1010,0.57964,0.074193,2.1198
-1944.7,3969.4,374.95,-5.1071,-1461.8,4188.3,5.9716e+05,544329,1,-7040.2,2009.6,1795.8,583.7,2437.1,-236.4,3084.8,-2506.6,-730.3,8916.1,320172,83,1264,1010,0.56662,0.074193,2.1233
-1825.9,3954.3,323.28,-13.565,-1324.4,4161.8,6.0245e+05,544327,1,-7273.4,1238.3,1846.2,2442.9,2764.6,-724.91,2654,-2369.9,-608.25,9220.1,321344,83,1264,1010,0.55358,0.074193,2.1268
-1735.2,3909.9,295.53,-8.3181,-1223.6,4109.5,6.0413e+05,544325,1,-6817.7,643.28,1702.9,3927.8,2725.3,-1087.5,2269.6,-2173,-496.91,9162.5,321138,83,1264,1010,0.54052,0.074193,2.1301
-1637,3846.1,261.86,-8.8241,-1116.4,4036.6,6.0611e+05,544323,1,-8507,543.6,2081.6,6160.2,3432,-1632.3,2811.4,-2196.2,-620.14,11937,327929,83,1264,1010,0.52744,0.074193,2.1334
-1496.8,3744.9,216.34,-13.539,-971.08,3920.2,6.0891e+05,544321,1,-9344.5,314.28,2248.9,8367.1,3773.9,-2145.5,2757.3,-2150.5,-592.21,13925,332062,83,1264,1010,0.51434,0.074193,2.1366
-1375.3,3600.9,186.83,-10.193,-853.87,3763.5,6.1078e+05,544319,1,-8405.1,-270.12,1983.4,11862,4010.7,-2911.3,2134.6,-1829.8,-437.89,15749,333919,83,1204,1006,0.50122,0.074193,2.1397
-1261.4,3411.5,158.35,-10.58,-751.22,3562.3,6.1243e+05,544317,1,-8107.5,-217.86,1859.4,15629,3781.9,-3684.2,1969.5,-1779.8,-388.34,18670,336488,83,1204,1006,0.48808,0.074193,2.1428
-1151,3167.9,132.72,-12.205,-661.6,3307.6,6.161e+05,544315,1,-8603.6,179.01,1900.5,21072,3151.9,-4761.7,1849.9,-1705.1,-351.44,23681,339962,83,1204,1006,0.47493,0.074193,2.1457
-1027.5,2827.9,108.7,-14.15,-576.08,2955.1,6.1808e+05,544313,1,-9166.7,737.02,1946.9,29667,2950.9,-6461.4,1522.7,-1707.6,-269.52,32004,344200,83,1204,1006,0.46175,0.074193,2.1486
-898.29,2349,91.042,-14.909,-510.87,2464.1,6.1926e+05,544311,1,-9300.5,3095,1836.6,37280,3077.2,-7887.9,1073.6,-2158.8,-149.9,39582,347127,83,1204,1006,0.44856,0.074193,2.1514
-2781.6,3544.1,780.78,1.4203,-2444.6,3864.1,5.6943e+05,542813,1,-7804.6,12457,2095.1,-5118.8,9632.6,1309,4162.5,-6348.8,-1128.5,20002,337436,83,1264,1010,0.6956,0.087677,2.0841
-2679.8,3622.3,725.73,1.537,-2313.5,3934.1,5.6894e+05,542811,1,-6795,11152,1755.6,-5121.1,8151.6,1331.9,3742.6,-5840.1,-978.65,17808,335806,83,1264,1010,0.6828,0.087677,2.0884
-2586.1,3697.6,673.72,0.60594,-2190.6,4001.9,5.6416e+05,542809,1,-6804.2,9876.6,1770.1,-4868,6851.6,1276.6,3781.3,-5336.4,-988.78,16217,334378,83,1264,1010,0.66997,0.087677,2.0925
-2492,3754.5,620.96,-2.9448,-2068.9,4051.1,5.5587e+05,542807,1,-7080.6,8360.4,1863.7,-3804.9,5465.4,961.26,3837.1,-4773.1,-999,14397,332569,83,1264,1010,0.65712,0.087677,2.0966
-2387.9,3809.5,566.05,-6.9888,-1936.9,4096.7,5.4933e+05,542805,1,-7811,7986.5,2066.7,-4077.8,4837,1052.2,3895.7,-4584.9,-1005.7,14402,332577,83,1264,1010,0.64424,0.087677,2.1006
-2280.5,3863.7,514.3,-8.4827,-1802.2,4140.6,5.5188e+05,542803,1,-6923.2,6711.1,1794.3,-3692.5,4069.2,935.76,3268.5,-4100.4,-807.36,12466,329648,83,1264,1010,0.63134,0.087677,2.1045
-2188.1,3914.5,471.85,-6.8884,-1684.4,4182.9,5.6067e+05,542801,1,-6548.4,6423.4,1667.3,-3583.6,4020.4,891.71,3011.9,-3969.8,-724.78,11920,327901,83,1264,1010,0.61842,0.087677,2.1083
-2108.6,3958.8,434.69,-5.2158,-1580.4,4220.2,5.7321e+05,542799,1,-5394.2,4822.3,1350.9,-2598.8,3339.7,610.22,2602.4,-3416.4,-605.22,9553.4,322378,83,1264,1010,0.60547,0.087677,2.1121
-2033.8,3987.6,398.27,-5.8159,-1482.7,4242.3,5.8354e+05,542797,1,-5418.5,3568.6,1376.8,-1651.9,2968.9,346.57,2567.7,-2977.4,-600.29,8454.1,318681,83,1264,1010,0.5925,0.087677,2.1158
-1970.6,3998.2,367.94,-5.2797,-1399.5,4248,5.8933e+05,542795,1,-4184.3,2401.3,1047.3,-325.37,2246.8,-2.6966,2088.6,-2625.1,-462.53,6402.5,307620,83,1264,1010,0.57951,0.087677,2.1193
-1915.5,3995,340.39,-5.5785,-1326.4,4241,5.9084e+05,542793,1,-5303.1,2092.1,1326.8,422.59,1837.7,-187.5,2508.9,-2539.8,-563.18,7135.3,312245,83,1264,1010,0.56649,0.087677,2.1229
-1812.8,3984.3,293.84,-13.268,-1203.4,4218.9,5.9719e+05,542791,1,-7069.2,1043.8,1806.2,1769.5,1751.1,-527.87,2871.9,-2137,-665.7,8605.8,319212,83,1264,1010,0.55346,0.087677,2.1263
-1729,3940.3,266.9,-9.3157,-1108.2,4166.4,5.9769e+05,542789,1,-6346.9,478.89,1597,3417.5,1877.8,-945.43,2153.5,-2061.6,-463.55,8262.2,318023,83,1264,1010,0.5404,0.087677,2.1297
-1633,3882.1,233.18,-10.632,-1001.6,4097.3,6.0088e+05,542787,1,-7738.2,-476.58,1931,5412.2,2388.2,-1431.1,2595.3,-1809.7,-567.15,10546,324932,83,1204,1006,0.52732,0.087677,2.1329
-1508.3,3790.1,193.16,-13.949,-871.36,3989.7,6.0456e+05,542785,1,-8124.8,-2097,2037.5,8886.6,3094.6,-2250.6,2196.6,-1302.6,-475.32,13226,331119,83,1204,1006,0.51422,0.087677,2.1361
-1404.2,3649.3,169.61,-9.4871,-773.01,3836.7,6.0632e+05,542783,1,-8036.7,-2662.5,1991.6,11853,3389.8,-2909.2,1975.6,-1193.5,-413.27,15543,333723,83,1204,1006,0.50111,0.087677,2.1392
-1285.1,3461.1,138.76,-11.987,-667.21,3633.8,6.0888e+05,542781,1,-8733.9,-1946.3,2069.6,15785,3552.8,-3733.7,2082.4,-1386.3,-418.2,19145,336835,83,1204,1006,0.48797,0.087677,2.1423
-1167.6,3208.5,114.01,-12.971,-576.85,3367.2,6.125e+05,542779,1,-9199.1,-950.65,2071.8,21441,3329.5,-4872.7,1856.2,-1548.2,-346.91,24297,340386,83,1204,1006,0.47482,0.087677,2.1452
-1030.8,2868.2,87.87,-16.207,-485.28,3010.2,6.1487e+05,542777,1,-11303,1031.8,2381.2,29380,3466.3,-6441.3,1958,-1920.6,-341.69,32540,344447,83,1204,1006,0.46165,0.087677,2.1481
-860.43,2398,60.983,-20.211,-388.6,2518.6,6.1748e+05,542775,1,-12500,4518,2406.7,38843,3663.7,-8213.5,1476.2,-2578.5,-200.52,42201,347943,83,1204,1006,0.44846,0.087677,2.1509
-2865.4,3559.3,823.1,0.96917,-2483.4,3922.9,5.6867e+05,541281,1,-8215.1,10126,2370.3,-4212.5,9136.2,1027.1,4579.2,-5894.3,-1309,18312,336234,83,1264,1010,0.72093,0.10116,2.0749
-2743.4,3613.9,757.99,-0.53177,-2331.4,3965.5,5.6844e+05,541279,1,-7939.3,9444.5,2242.5,-3708.3,8413.4,851.24,4215.7,-5537.9,-1164.2,17097,335154,83,1264,1010,0.70819,0.10116,2.0793
-2633.3,3665.4,700.91,-0.031496,-2193.3,4006.3,5.6832e+05,541277,1,-6732.9,8657.7,1827.8,-3884.8,7360.1,937.55,3659.5,-5101.8,-972.51,15302,333489,83,1264,1010,0.69542,0.10116,2.0836
-2552.2,3714.5,654.77,0.28094,-2085.5,4048.5,5.6742e+05,541275,1,-5523.4,7700.7,1431.2,-3919.2,5971.6,988.4,3249.4,-4670.1,-833.9,13301,331253,83,1264,1010,0.68262,0.10116,2.0878
-2480.5,3773.9,610.98,-0.70358,-1985.5,4102,5.5982e+05,541273,1,-5680.4,6896.7,1486.5,-3953.3,4952.4,1029.6,3365.5,-4345.1,-867.7,12418,329470,83,1264,1010,0.6698,0.10116,2.092
-2394.1,3824.5,561.24,-4.3538,-1870.4,4144.3,5.5047e+05,541271,1,-6467.4,6239.4,1728.2,-3307.4,4470.3,823.99,3612.4,-4097.7,-935.19,12086,328323,83,1264,1010,0.65695,0.10116,2.096
-2297.5,3864.8,509.63,-8.456,-1746.1,4174.4,5.4416e+05,541269,1,-7083,6156.7,1887.3,-3344.8,4120.4,833.17,3653.9,-4018.4,-933.57,12283,328953,83,1264,1010,0.64408,0.10116,2.1
-2199.3,3913,461.76,-9.4786,-1619.6,4211.8,5.4731e+05,541267,1,-6692.3,5479.7,1755.8,-3383.2,3460,853.51,3229.9,-3741.3,-794.46,11274,326534,83,1264,1010,0.63118,0.10116,2.1039
-2117.2,3959.5,423.49,-7.1939,-1510.6,4249.4,5.5577e+05,541265,1,-5486.9,4646.1,1394.5,-3117.7,2988.4,775.77,2617.2,-3402,-608.32,9575.1,322434,83,1264,1010,0.61826,0.10116,2.1078
-2053.8,3996.3,391.96,-5.1459,-1422.1,4280.1,5.6718e+05,541263,1,-4173.4,3460.9,1032.9,-2044.3,2290.7,478.82,2186.4,-2995.6,-483.17,7355.6,313379,83,1264,1010,0.60531,0.10116,2.1115
-1997.7,4016.9,361.86,-5.2545,-1342.6,4295.9,5.7677e+05,541261,1,-4127.4,2556.7,1034.9,-1038.5,1858.2,204.97,2170.4,-2706.6,-478.83,6440.7,307935,83,1264,1010,0.59234,0.10116,2.1152
-1943.6,4023.2,333.61,-5.5482,-1267.3,4297.5,5.8195e+05,541259,1,-4150.5,2111.3,1032.3,12.203,1569.6,-75.153,2115.5,-2610.2,-454.01,6059.2,304521,83,1264,1010,0.57936,0.10116,2.1188
-1881.1,4017.5,302.84,-7.3817,-1184.7,4285.6,5.8638e+05,541257,1,-4860.9,2163.3,1195.2,737.2,1361.3,-261,2326.4,-2636.2,-494.91,6693.9,309574,83,1264,1010,0.56634,0.10116,2.1223
-1805.2,4000.7,268.43,-10.702,-1089.8,4260.1,5.8952e+05,541255,1,-5598.3,861.47,1416.8,1947.9,1245.1,-562.94,2300.5,-2093.9,-500.22,7048.4,311782,83,1264,1010,0.55331,0.10116,2.1257
-1726.1,3962.8,239.44,-9.9507,-996.45,4212.8,5.9265e+05,541253,1,-5814.8,-418.88,1489.8,3485.6,1498.3,-949.3,2091.9,-1772.6,-444.83,7695.3,315269,83,1204,1006,0.54026,0.10116,2.1291
-1642.8,3908.8,210.48,-9.9192,-901.6,4148.4,5.9592e+05,541251,1,-6356.2,-1516.5,1641.2,5033.9,1790.6,-1323.8,2133.1,-1430.7,-457.75,9083,320697,83,1204,1006,0.52718,0.10116,2.1324
-1545.8,3824.5,179.7,-10.937,-798.73,4051,5.9972e+05,541249,1,-7413.1,-2375.1,1902.3,7545.3,2282.2,-1922.6,2201.5,-1174.7,-477.65,11684,327366,83,1204,1006,0.51409,0.10116,2.1356
-1447.3,3692.5,154.6,-9.4951,-704.89,3905.9,6.0206e+05,541247,1,-8071.5,-2702.6,2017.6,11029,3023.8,-2723.8,2107.4,-1231.4,-435.81,14862,333069,83,1204,1006,0.50098,0.10116,2.1387
-1317.8,3512.7,120.5,-13.403,-589.42,3707.1,6.0551e+05,541245,1,-9710.8,-2266.2,2325.1,15045,3600.8,-3599.8,2339,-1400.9,-467.56,19099,336807,83,1204,1006,0.48784,0.10116,2.1417
-1176.7,3257.8,90.905,-15.489,-480.29,3431.5,6.0959e+05,541243,1,-11013,-525.25,2459.9,21401,3905.2,-4911.4,2184.4,-1734.1,-401.7,25158,340995,83,1204,1006,0.47469,0.10116,2.1447
-1009.1,2917.9,59.163,-19.78,-365.25,3066.3,6.1287e+05,541241,1,-14425,1364.6,3020.4,30017,4098.8,-6614.5,2530.9,-1976.1,-447.82,34513,345302,83,1204,1006,0.46152,0.10116,2.1475
-798.08,2453.5,24.447,-25.945,-238.34,2569,6.1526e+05,541239,1,-14459,3139.3,2879.6,37419,4165.1,-8006.1,1954.2,-2365.4,-300.98,41453,347730,83,1204,1006,0.44834,0.10116,2.1503
-2854,3609,811.07,-0.35027,-2403.5,4006.4,5.6858e+05,539747,1,-7315.8,8542.6,2119.8,-5165.8,7244.7,1434.6,4327.7,-5324.5,-1239,16150,334309,83,1264,1010,0.73343,0.11463,2.0698
-2740.7,3672.5,746.93,-2.271,-2257,4057.4,5.6574e+05,539745,1,-7922.7,7566.8,2330.5,-3805,6940.9,939.93,4366.2,-4974.4,-1239.4,15308,333496,83,1264,1010,0.72072,0.11463,2.0743
-2630.7,3717.4,687.73,-3.0814,-2117.5,4090.1,5.6592e+05,539743,1,-6954,6636.3,2000.4,-2898.5,6434.8,630.48,3744.5,-4577.5,-1020.4,13514,331543,83,1264,1010,0.70798,0.11463,2.0786
-2540.2,3754.8,639.33,-1.7519,-2000.4,4118.1,5.6577e+05,539741,1,-6115.9,6128.1,1710.9,-2881.2,5995.7,635.45,3350.2,-4318.9,-883.13,12377,329316,83,1264,1010,0.69521,0.11463,2.083
-2461,3797.4,595.19,-0.83226,-1893.9,4152.6,5.6383e+05,539739,1,-5195.7,5718.1,1398.3,-2937.8,5454.1,670.97,3057,-4088.1,-781.81,11276,326537,83,1264,1010,0.68241,0.11463,2.0872
-2399.8,3831.3,556.34,-1.9105,-1806.7,4181.3,5.5414e+05,539737,1,-5128.4,5134,1361.7,-2969.3,4225.5,719.92,3123.5,-3799.5,-791.91,10321,324411,83,1264,1010,0.6696,0.11463,2.0913
-2324.5,3874.5,510.63,-5.6743,-1702,4216.5,5.4485e+05,539735,1,-6124.2,4761.5,1657.9,-2968.1,3471.9,741.6,3460.1,-3618.2,-886.42,10497,324798,83,1264,1010,0.65675,0.11463,2.0954
-2228.9,3913.6,460.22,-9.2614,-1577.1,4243.7,5.4188e+05,539733,1,-6638.1,4413.8,1797.1,-2812.7,3162.6,690.68,3403.3,-3435.9,-857.42,10454,324703,83,1264,1010,0.64388,0.11463,2.0994
-2137.9,3951.8,415.61,-9.9215,-1457.6,4270.3,5.4379e+05,539731,1,-5826.7,3904.2,1537.2,-2957.5,2684.8,740.38,2822.7,-3182.1,-675.12,9306.4,321611,83,1264,1010,0.63099,0.11463,2.1033
-2067.1,3993,381.74,-7.0645,-1359,4303,5.5029e+05,539729,1,-4194.8,2917,1071.4,-2286.3,1968.8,563.26,2166.6,-2841.4,-479.56,7047.8,311779,83,1264,1010,0.61807,0.11463,2.1071
-2016.7,4019.5,354.41,-5.2268,-1283.3,4324.6,5.5909e+05,539727,1,-3559.8,2198.3,898.46,-1467.5,1410.1,344.2,2016,-2607.8,-434.39,5798.8,301699,83,1264,1010,0.60513,0.11463,2.1109
-1968.7,4036.8,326.86,-5.3934,-1210.5,4337.4,5.6851e+05,539725,1,-3607.1,1887.6,908.19,-750.22,1233,145.68,2030.2,-2518.9,-432.16,5491.6,298662,83,1264,1010,0.59217,0.11463,2.1146
-1916.5,4040,298.59,-6.5677,-1135.6,4335.2,5.7359e+05,539723,1,-4055,1787.2,1011.9,135.08,1041.7,-91.317,2102.2,-2503.9,-439.42,5714.4,300846,83,1264,1010,0.57918,0.11463,2.1181
-1856,4032.6,268.88,-8.2257,-1053.7,4320.7,5.7972e+05,539721,1,-4575.7,1414.4,1142.2,979.08,906.06,-307.16,2142.8,-2316.9,-446.8,6022.9,303814,83,1264,1010,0.56617,0.11463,2.1217
-1795.6,4013.9,242.16,-8.4082,-974.26,4294.7,5.831e+05,539719,1,-4308.1,680.19,1086,1867.9,696.73,-522.92,1866.5,-2002.7,-377.39,5664.5,300335,83,1264,1010,0.55314,0.11463,2.1251
-1729.8,3978.1,215.52,-8.8845,-892.58,4250.6,5.8772e+05,539717,1,-4722.3,-90.433,1208.9,2873.6,880.13,-777.49,1850.6,-1797.8,-375.2,6340.6,307051,83,1204,1006,0.54009,0.11463,2.1285
-1665.3,3927.9,192.3,-7.9404,-815.38,4192.1,5.9054e+05,539715,1,-5124.7,-1162.7,1333.3,4176.4,1152.6,-1096,1822.1,-1509.5,-370.82,7422.9,313701,83,1204,1006,0.52702,0.11463,2.1317
-1583.6,3853.8,164.85,-9.1656,-725.55,4106.1,5.9493e+05,539713,1,-6677.8,-2291.7,1727.8,6949.3,2019.4,-1775.5,2071.6,-1286.5,-429.28,10700,325394,83,1204,1006,0.51393,0.11463,2.1349
-1477.9,3734.6,134.69,-10.968,-622.08,3970.2,5.9813e+05,539711,1,-8881.7,-2301.5,2191.8,11120,3177.2,-2757.3,2362,-1427.3,-473.96,15433,333627,83,1204,1006,0.50082,0.11463,2.138
-1346.2,3561.6,101.41,-14.17,-505.65,3775.1,6.0191e+05,539709,1,-10926,-1789.4,2570.5,15964,3888.5,-3820,2488.9,-1497.9,-484.17,20553,337843,83,1204,1006,0.4877,0.11463,2.1411
-1180.3,3315.1,65.119,-18.402,-374.12,3499.5,6.073e+05,539707,1,-12662,-1136.2,2856.4,21847,4439.9,-5051.9,2345,-1602.8,-432.38,26468,341667,83,1204,1006,0.47455,0.11463,2.144
-1001.1,2976.5,35.636,-20.101,-255.6,3130.1,6.1059e+05,539705,1,-14471,-405.04,3136.5,28139,4376.9,-6282.9,2499.5,-1628.1,-452.4,32847,344575,83,1204,1006,0.46139,0.11463,2.1469
-765.27,2513.8,-4.5331,-29.37,-114.93,2625,6.119e+05,539703,1,-17014,1599.1,3475.7,37620,4481,-8083.5,2403.3,-1983,-400.05,42599,348035,83,1204,1006,0.4482,0.11463,2.1497
-2832.3,3614.2,798.03,-0.87908,-2321.1,4041.5,5.7011e+05,538213,1,-5968.9,8174.3,1651.6,-6508.9,6061.6,1981.1,3879.5,-5080.6,-1087.2,15174,333370,83,1264,1010,0.74586,0.1281,2.0646
-2746.7,3695.9,742.5,-1.8309,-2198.7,4113.5,5.6502e+05,538211,1,-6405.4,6795.2,1851.8,-4860.6,5171.4,1409.6,4037.6,-4593.3,-1147.7,13480,331490,83,1264,1010,0.73318,0.1281,2.0691
-2653,3750.3,685.18,-4.6461,-2072,4156.9,5.6153e+05,538209,1,-6815.8,5754.1,2016.7,-3771,4946.1,1008.5,4027.4,-4246.5,-1138.9,12605,330006,83,1264,1010,0.72047,0.1281,2.0736
-2554.8,3794.5,630.63,-5.2989,-1943.3,4188.9,5.6189e+05,538207,1,-6813.8,5228.3,2011,-2920.4,5232.4,680.63,3726.5,-4075.6,-1025.4,12072,328295,83,1264,1010,0.70774,0.1281,2.0779
-2469,3828.4,584.85,-3.4729,-1830.1,4212.5,5.6224e+05,538205,1,-5549.6,4578.7,1581.7,-2266.8,4891.6,461.03,3083.1,-3797.6,-800.66,10398,324582,83,1264,1010,0.69497,0.1281,2.0822
-2405.6,3854.1,547.48,-2.2883,-1741.3,4231.8,5.5917e+05,538203,1,-4697.6,4053.3,1288.9,-2153,4137.6,450.91,2808.5,-3524.2,-702.37,9105.9,320776,83,1264,1010,0.68218,0.1281,2.0865
-2340.7,3885.6,508.18,-3.0118,-1648.9,4256.3,5.5003e+05,538201,1,-5024.3,3926.5,1368.3,-2335.1,3608.3,527.71,3031,-3418.2,-760.81,9095.8,320745,83,1264,1010,0.66937,0.1281,2.0906
-2265.5,3918.3,463.47,-6.6216,-1544.3,4279.7,5.4083e+05,538199,1,-5868.2,3753.3,1609.6,-2475.3,3118.2,585.82,3310.8,-3282.6,-837.13,9473.3,322085,83,1264,1010,0.65653,0.1281,2.0947
-2176.7,3951.8,416.13,-9.7874,-1425.5,4300.7,5.3964e+05,538197,1,-6195.4,3395.6,1694.9,-2482.9,2735.1,594.64,3186.5,-3087.8,-790.16,9332.6,321669,83,1264,1010,0.64366,0.1281,2.0987
-2092.5,3987,375.16,-9.2536,-1311.9,4323.7,5.4237e+05,538195,1,-5154.7,2759.6,1382.6,-2298.6,2262.2,552.77,2580.2,-2823.7,-603.8,7861.3,316190,83,1264,1010,0.63077,0.1281,2.1026
-2033.7,4014.8,345.18,-6.8909,-1225.9,4344.1,5.4364e+05,538193,1,-3499.2,1964.3,906.55,-1658.6,1509.8,393.8,1942.1,-2530.3,-413.92,5697,300672,83,1264,1010,0.61786,0.1281,2.1064
-1990.2,4036.8,320.3,-4.9658,-1156,4361.5,5.5326e+05,538191,1,-3234.1,1833.3,820.53,-1409.4,1274.2,330.01,1896.3,-2491.1,-395.49,5307.6,297075,83,1264,1010,0.60492,0.1281,2.1102
-1946.6,4050.2,293.8,-5.6653,-1086.4,4370.3,5.6003e+05,538189,1,-3408.2,1477.9,867.02,-568.79,888.37,107.88,1997.2,-2397.3,-416.08,5058.1,294896,83,1264,1010,0.59197,0.1281,2.1138
-1894,4050.9,264.89,-7.6277,-1009.5,4364.4,5.6576e+05,538187,1,-3858,1238.5,982.41,263.6,572.74,-105.63,2052.9,-2345.1,-419.85,5261.4,296700,83,1264,1010,0.57898,0.1281,2.1174
-1838.1,4041.5,237.72,-8.377,-931.38,4347.6,5.7073e+05,538185,1,-3785.5,895.63,957.77,1082.1,421.66,-312.26,1807.4,-2183.9,-351.25,5065.1,294954,83,1264,1010,0.56598,0.1281,2.1209
-1791.2,4019.7,216.36,-7.2126,-865.19,4320.3,5.7281e+05,538183,1,-3712.3,2.1801,961.49,2017,428.25,-547.21,1659.7,-1835.2,-319.36,5047.9,294811,83,1204,1006,0.55296,0.1281,2.1244
-1736.8,3988.9,192.6,-7.6846,-792.69,4282.1,5.8272e+05,538181,1,-3987.5,-761.89,1054.2,2937,711.75,-783.15,1613.5,-1616.2,-312.41,5714.1,300841,83,1204,1006,0.53991,0.1281,2.1277
-1684.6,3942.5,172.72,-6.545,-726.18,4228.9,5.8501e+05,538179,1,-4380.4,-1486.6,1167.8,4080.7,1064.2,-1068.3,1647.1,-1456.7,-317.33,6828.1,310465,83,1204,1006,0.52685,0.1281,2.131
-1616.7,3876.8,148.41,-7.8275,-647.87,4152.8,5.8929e+05,538177,1,-6221.4,-2107.2,1618.7,6119.2,1542.1,-1560.6,2069.2,-1340.3,-416.31,9709.6,322886,83,1204,1006,0.51376,0.1281,2.1342
-1511.4,3772.4,115.9,-11.7,-541.53,4029.3,5.9387e+05,538175,1,-8454,-2252.5,2116.1,9119.1,2421.6,-2280.9,2373.4,-1386.3,-472.95,13529,331562,83,1204,1006,0.50065,0.1281,2.1373
-1376.1,3610.5,82.213,-14.737,-421.2,3841.7,5.9882e+05,538173,1,-10743,-2259.4,2583.6,13893,3509.5,-3374.4,2521.7,-1410.7,-492.18,18775,336567,83,1204,1006,0.48753,0.1281,2.1403
-1205.2,3377.5,46.056,-18.346,-286.12,3574.9,6.0476e+05,538171,1,-12521,-2282.9,2920.7,19430,4348.4,-4570.5,2421.3,-1322.5,-460.41,24407,340456,83,1204,1006,0.47439,0.1281,2.1433
-1021,3037.1,17.065,-20.56,-170.57,3199.5,6.0734e+05,538169,1,-16301,-1179.7,3566,29013,4691.2,-6501.3,2798.7,-1532.4,-508.32,34588,345336,83,1204,1006,0.46123,0.1281,2.1462
-754.72,2578.4,-30.923,-33.79,-9.9047,2686.6,6.0853e+05,538167,1,-19725,844.59,4042.8,39676,4675.8,-8494.2,2439.5,-1826,-399.97,45648,348848,83,1204,1006,0.44805,0.1281,2.149
-2879.9,3504.1,834.27,-4.5053,-2352.5,3966.6,5.7065e+05,536681,1,-6837.3,8113.5,2001,-4998.3,6738,1402.2,4381.3,-5275.5,-1276.4,15327,333515,83,1264,1010,0.77085,0.14157,2.0545
-2800.6,3575.1,781.39,-3.8131,-2237.7,4028.4,5.7053e+05,536679,1,-5706.7,8849.5,1501.8,-7119.1,6308.3,2187.2,3790.1,-5454.6,-1026.2,15327,333516,83,1264,1010,0.75823,0.14157,2.0592
-2728.1,3704.6,732.65,1.1189,-2119.8,4148.5,5.6782e+05,536677,1,-3735.6,6449.4,907.42,-5378,4108.3,1674.9,2937,-4387,-759.34,11551,327059,83,1264,1010,0.74558,0.14157,2.0638
-2670.4,3748.8,686.91,-2.5688,-2030.6,4187.2,5.5936e+05,536675,1,-5392.3,5000.7,1569.2,-4371.1,3738.3,1297.3,3740.6,-3898.3,-1059.1,11028,326096,83,1264,1010,0.73291,0.14157,2.0683
-2588.8,3806.2,632.99,-6.1864,-1913.8,4234,5.5679e+05,536673,1,-6144.3,4494.9,1827.5,-3816.4,3888.1,1062.2,3798.3,-3773.5,-1062.5,11041,326110,83,1264,1010,0.7202,0.14157,2.0728
-2497.9,3855.2,580.9,-6.7207,-1789.8,4270.4,5.5691e+05,536671,1,-5969.8,3843.7,1773.9,-2800.8,3864,693.89,3373.5,-3510.9,-911.24,10067,323838,83,1264,1010,0.70747,0.14157,2.0772
-2420.9,3884.2,538.77,-4.794,-1685,4289.4,5.5688e+05,536669,1,-4922.9,3257.4,1418.4,-1870.3,3756.5,368.22,2810.8,-3268.7,-713.61,8584.7,319129,83,1264,1010,0.69471,0.14157,2.0815
-2354.6,3907.6,501.16,-3.2666,-1592,4304.6,5.5539e+05,536667,1,-4557.5,3259.5,1271.1,-1649.1,3673.1,290.98,2706.1,-3254.5,-664.4,8225.7,317888,83,1264,1010,0.68193,0.14157,2.0857
-2293.7,3928.9,463.94,-4.0676,-1504.1,4318.5,5.4737e+05,536665,1,-4850.1,3166.5,1338.2,-1876.6,3230,381.7,2908,-3157,-716.97,8269.1,318045,83,1264,1010,0.66912,0.14157,2.0898
-2220.5,3957.4,421.1,-6.9576,-1400.9,4336.6,5.393e+05,536663,1,-5603.3,3004.8,1552.9,-2134.5,2822.7,478.17,3147.7,-3022.3,-782.4,8674.4,319412,83,1264,1010,0.65628,0.14157,2.0939
-2137.2,3987.6,376.76,-9.1756,-1286.7,4353.7,5.3911e+05,536661,1,-5644.8,2502.3,1564.4,-2108.7,2516.4,477.38,2954.1,-2789.9,-718.88,8282.9,318102,83,1264,1010,0.64342,0.14157,2.0979
-2063.1,4015.3,339.5,-8.5672,-1183.1,4369.8,5.3991e+05,536659,1,-4297.1,1730.7,1172.4,-1608,1907.3,353.22,2241.6,-2492.1,-503.1,6377.4,307367,83,1264,1010,0.63054,0.14157,2.1018
-2010.1,4036.6,312.13,-5.8321,-1102.6,4383.7,5.4186e+05,536657,1,-3476.2,1563.6,920.9,-1458.3,1603.7,323.49,1923.4,-2417.1,-405.33,5466.8,298439,83,1264,1010,0.61763,0.14157,2.1056
-1971.5,4051.6,288.52,-4.5263,-1036.9,4394.3,5.4949e+05,536655,1,-2835.4,1154.4,737.87,-886.06,1051.7,185.21,1787.2,-2289.2,-360.56,4517.4,289877,83,1264,1010,0.6047,0.14157,2.1094
-1932.6,4057.3,263.25,-5.8927,-971.86,4395.6,5.5181e+05,536653,1,-3235.7,713.21,855.81,-52.539,493.16,-17.918,1958,-2147.9,-402.38,4535,290088,83,1264,1010,0.59174,0.14157,2.113
-1881.7,4055.8,234.62,-8.3047,-895.35,4386.7,5.5924e+05,536651,1,-3748.4,501.37,988.16,628.35,208.36,-183.68,1957.9,-2077.2,-394.98,4904.5,293626,83,1264,1010,0.57877,0.14157,2.1166
-1829.1,4042.9,208.8,-8.9967,-819.97,4366,5.606e+05,536649,1,-3385.4,361.71,881.5,1181.2,74.138,-319.2,1628.4,-2021.8,-300.72,4549.8,290262,83,1264,1010,0.56577,0.14157,2.1201
-1787.5,4022.9,190.16,-6.6733,-757.66,4340.6,5.6509e+05,536647,1,-3017.4,154.87,779.24,1648.3,121.23,-437.9,1412.9,-1934,-240.51,4295.7,287724,83,1264,1010,0.55275,0.14157,2.1236
-1746,3994.9,170.71,-6.2165,-696.44,4307.1,5.7451e+05,536645,1,-3162,-579.06,840.62,2505,319.87,-654.88,1424.2,-1709.1,-247.63,4780.9,292573,83,1204,1006,0.53971,0.14157,2.1269
-1702.6,3954.4,152.45,-5.4815,-636.13,4260.8,5.7888e+05,536643,1,-3784.8,-1081.5,1004.6,3575.5,606.1,-921.19,1542.6,-1614.6,-273.04,5963.6,303239,83,1204,1006,0.52665,0.14157,2.1302
-1640.5,3895.5,128.62,-7.5722,-561.21,4191.4,5.8345e+05,536641,1,-5868.5,-1315.4,1494.4,5467.3,1158.9,-1388.1,2033.8,-1611,-381.38,8856.7,319976,83,1204,1006,0.51357,0.14157,2.1334
-1541.1,3802.9,96.756,-11.906,-457.98,4078.8,5.8966e+05,536639,1,-8462.8,-1706.4,2089.7,8442.3,1923.8,-2098.3,2390.1,-1524.6,-458.28,12904,330560,83,1204,1006,0.50047,0.14157,2.1365
-1405.8,3661.2,63.137,-14.423,-334.37,3908,5.9667e+05,536637,1,-10570,-2436.8,2565.4,13027,3277.7,-3174.2,2388,-1310,-457.2,17955,335933,83,1204,1006,0.48735,0.14157,2.1395
-1243,3441.5,30.629,-16.648,-208.16,3653.2,6.0128e+05,536635,1,-14106,-2332.4,3256.5,21432,4641.1,-5015,2660.6,-1416.9,-491.56,27025,341944,83,1204,1006,0.47421,0.14157,2.1425
-1035.8,3105.2,-6.1695,-23.272,-75.387,3272.4,6.0407e+05,536633,1,-17495,-833.06,3806.2,29135,5009.7,-6576.7,3030.9,-1955.3,-520.53,35379,345657,83,1204,1006,0.46106,0.14157,2.1454
-760.86,2637.2,-52.113,-36.095,78.883,2743.9,6.042e+05,536631,1,-20712,-125.76,4344.9,36894,4427,-8011.1,2958.7,-1845.2,-499.39,43649,348328,83,1204,1006,0.44788,0.14157,2.1481
-461.53,2050.7,-81.521,-38.946,208.87,2092.9,6.0492e+05,536629,1,-21013,1423.3,4162.3,43288,4755.4,-9081.1,1483.8,-1795.3,-183.55,48210,349441,83,1204,1006,0.43469,0.14157,2.1508
-2785.1,3591.8,768.79,-4.7104,-2163.1,4070.6,5.707e+05,535145,1,-7317,5909.5,2301.7,-4984.5,6310.3,1391.2,4586.1,-4415.9,-1388.4,14241,332421,83,1264,1010,0.77053,0.15503,2.0536
-2674.2,3672.8,703.18,-4.5702,-2010.9,4134.2,5.7304e+05,535143,1,-4385.7,5379.5,1223.5,-4704.2,5130.2,1347.5,3112.1,-4112.3,-842.2,11280,326543,83,1264,1010,0.75792,0.15503,2.0583
-2677.5,3704.3,688.84,-0.079094,-1990,4172,5.5468e+05,535141,1,-2594.5,4713.1,573.68,-4261.2,2897.6,1308.8,2572.2,-3758.6,-642,9266.5,321496,83,1264,1010,0.74527,0.15503,2.0629
-2614.4,3800.5,637.3,-3.8745,-1882.1,4259.4,5.601e+05,535139,1,-4897.1,4826.5,1368.9,-5196.9,3742.3,1565.7,3674,-3848.3,-1012.2,11028,326095,83,1264,1010,0.7326,0.15503,2.0675
-2531.4,3855.5,583.14,-7.4798,-1762.3,4302,5.532e+05,535137,1,-5659.2,3956.5,1670.3,-3592,3188.7,1012.1,3592.5,-3492.8,-987.79,10032,323760,83,1264,1010,0.7199,0.15503,2.0719
-2451.8,3899.5,536.05,-7.3923,-1649.3,4334.1,5.5125e+05,535135,1,-5210.2,3092.4,1540.2,-2711.2,2988.8,698.48,3053.7,-3158.7,-801.43,8706.2,319484,83,1264,1010,0.70718,0.15503,2.0763
-2380.9,3931.1,496.28,-5.1742,-1548.9,4355.4,5.5317e+05,535133,1,-4820.2,2785.5,1403.6,-1942.1,3229.4,409.11,2780.9,-3073,-700.08,8062.2,317279,83,1264,1010,0.69442,0.15503,2.0806
-2317.5,3953.4,459.48,-4.0248,-1457.3,4368.9,5.5262e+05,535131,1,-4539.8,2650.9,1291.1,-1569.9,3266.1,274.73,2687.2,-3026.9,-657.06,7702.3,315300,83,1264,1010,0.68164,0.15503,2.0848
-2254.1,3972.5,422.3,-4.3735,-1365.8,4378.9,5.4719e+05,535129,1,-4727.5,2539.9,1326.9,-1555.5,3230.2,256.97,2791,-2965.2,-673.41,7779.3,315672,83,1264,1010,0.66884,0.15503,2.089
-2184.2,3994.6,381.75,-6.6186,-1265.8,4389.9,5.3954e+05,535127,1,-5237.2,2334.6,1468.8,-1749.4,2822.2,338.92,2959.8,-2815.8,-719.31,7961.3,316709,83,1264,1010,0.65601,0.15503,2.093
-2107.6,4022,340.52,-8.1454,-1157.6,4404,5.3883e+05,535125,1,-4901.3,1637.4,1380.8,-1584.5,2157.7,326.09,2630,-2518.8,-618.41,7037.5,311718,83,1264,1010,0.64315,0.15503,2.097
-2041.3,4042.3,306.34,-7.4132,-1061.8,4412.9,5.3853e+05,535123,1,-4269.9,1401,1185.5,-1365.7,1923.4,272.07,2263.3,-2410.3,-505.77,6198.9,305651,83,1264,1010,0.63027,0.15503,2.1009
-1995.6,4054.8,281.32,-5.1374,-988.78,4418.7,5.3983e+05,535121,1,-2903.3,821.03,793.5,-822.41,1312.9,145.37,1736.8,-2213.5,-347.01,4493.4,289652,83,1264,1010,0.61737,0.15503,2.1047
-1961.6,4063,259.17,-4.2492,-927.64,4423,5.4513e+05,535119,1,-2534.7,449.89,691.2,-251.88,736,18.582,1706.7,-2076.3,-334.74,3879,272383,83,1264,1010,0.60445,0.15503,2.1085
-1925.5,4064.1,235.29,-5.4157,-864.8,4419.5,5.4837e+05,535117,1,-3005.8,215.41,823.52,284.99,405.96,-108.43,1874.5,-1978.4,-377.14,4193.8,286676,83,1264,1010,0.5915,0.15503,2.1122
-1878.5,4058.3,207.97,-8.0029,-791.8,4406.2,5.5341e+05,535115,1,-3518.6,131.65,955.43,610.11,208.82,-180.9,1943.4,-1941.3,-392.2,4632.3,291180,83,1264,1010,0.57853,0.15503,2.1158
-1828.3,4043.5,183.05,-8.7229,-717.93,4383,5.5552e+05,535113,1,-3262.1,-120.78,882.62,1233.9,13.569,-330.05,1609.6,-1857.7,-296.18,4381.4,288591,83,1264,1010,0.56553,0.15503,2.1193
-1789.8,4023.6,165.25,-6.509,-657.28,4357.5,5.5782e+05,535111,1,-2694.5,-405.42,730.29,1756.6,-131.23,-445.52,1327.3,-1793.5,-213.08,4113.4,285659,83,1204,1006,0.55252,0.15503,2.1227
-1754.2,3996.1,147.56,-5.9611,-600.62,4325.1,5.6498e+05,535109,1,-2794.6,-510.01,743.95,2378.9,-52.64,-596.85,1358.1,-1769.6,-213.29,4434.3,289114,83,1204,1006,0.53948,0.15503,2.126
-1713.8,3958.9,129.06,-6.2015,-541.17,4281.8,5.6919e+05,535107,1,-3872.9,-573.98,994.09,3392.7,235.42,-851.96,1623.5,-1797.3,-269.7,5877.7,302541,83,1204,1006,0.52643,0.15503,2.1293
-1650.1,3905.3,103.73,-9.3003,-462.31,4215.6,5.7675e+05,535105,1,-5635.7,-540.14,1392,4849.6,514.26,-1200.9,1994.8,-1836,-346.3,8166.1,317686,83,1204,1006,0.51335,0.15503,2.1325
-1557.5,3824.4,74.67,-12.188,-363.2,4114,5.8541e+05,535103,1,-7488.6,-1310.2,1848.1,7363.3,1289.2,-1814.2,2109.7,-1568.4,-381.9,11289,326566,83,1204,1006,0.50026,0.15503,2.1356
-1443.1,3701.4,47.491,-12.551,-256.78,3964.8,5.9215e+05,535101,1,-9622.6,-2477.9,2367.5,11338,2426.8,-2750.8,2233.6,-1290.4,-412.47,15911,334088,83,1204,1006,0.48715,0.15503,2.1386
-1288.6,3498.1,15.029,-16.505,-137.14,3725.3,5.9609e+05,535099,1,-13918,-2686.9,3270.8,18479,3735.1,-4356.8,2910.2,-1396.9,-542.79,24428,340471,83,1204,1006,0.47401,0.15503,2.1416
-1043.5,3172.5,-35.812,-29.948,29.873,3339.6,5.9976e+05,535097,1,-19403,-509.31,4200.2,29133,4217.2,-6547.7,3336.2,-1993.9,-573.53,36321,346009,83,1204,1006,0.46086,0.15503,2.1445
-748.51,2690.2,-79.334,-40.199,186.02,2787,6.0049e+05,535095,1,-21997,741.05,4509.9,39376,4680.4,-8497.6,2295.2,-1670.1,-358.33,46449,349049,83,1204,1006,0.4477,0.15503,2.1472
-434.7,2116.1,-106.39,-40.722,317.29,2139.1,6.0177e+05,535093,1,-21832,667.37,4371.6,42627,5496.9,-9010.6,1261.3,-1359.5,-160.7,48210,349442,83,1204,1006,0.43451,0.15503,2.15
-2809.5,3612.8,774.65,-1.846,-2132.1,4123.1,5.7489e+05,533611,1,-6011.3,4869.5,1898.8,-4256.7,5723.8,1156.9,4153,-4110.3,-1249.9,12304,329035,83,1264,1010,0.78277,0.16849,2.0479
-2718.4,3676.7,714.62,-3.3236,-2001.8,4172.7,5.7388e+05,533609,1,-5907.4,3366.6,1941.2,-4540.4,5316.6,1268.9,3920.9,-3384.2,-1194.3,11347,326669,83,1264,1010,0.77018,0.16849,2.0527
-2656,3730.3,669.87,-2.4776,-1904.5,4218,5.7049e+05,533607,1,-4314.1,2202.4,1407.8,-3576.2,4462.3,950.95,3042.5,-2898,-882.59,8974.3,320358,83,1264,1010,0.75758,0.16849,2.0574
-2596.7,3776.7,630.36,0.79534,-1812.7,4256.5,5.6226e+05,533605,1,-3564.6,3831.1,975.95,-3931.8,4389.2,1059.5,2898.7,-3565.5,-755.02,9266.5,321495,83,1264,1010,0.74494,0.16849,2.062
-2547.5,3839.1,586,-3.4715,-1724.4,4312.6,5.5234e+05,533603,1,-4550.8,4028.1,1278.5,-3990.8,2916.9,1172.6,3415.9,-3504.4,-920.82,9443.3,321993,83,1264,1010,0.73227,0.16849,2.0665
-2479.8,3893.3,537.81,-6.6678,-1618.8,4356.1,5.5e+05,533601,1,-4895,3560.7,1411.8,-3457.8,2722.5,981.62,3305.2,-3289.9,-881.52,9027.2,320515,83,1264,1010,0.71958,0.16849,2.071
-2410.6,3935.7,494.22,-6.9061,-1515.2,4387.4,5.4764e+05,533599,1,-4897.9,3184.1,1416.3,-2940.5,2696,786.68,3032.5,-3149.1,-781.31,8508.3,318853,83,1264,1010,0.70686,0.16849,2.0754
-2346.4,3972.3,456.03,-4.9727,-1418.4,4413.7,5.5089e+05,533597,1,-4433.6,2619.6,1269.3,-2232.8,2866.1,514.24,2683.5,-2983.9,-654.18,7624.1,314879,83,1264,1010,0.69411,0.16849,2.0797
-2286.8,3994.9,420.41,-4.0426,-1329.1,4427,5.5155e+05,533595,1,-4450.2,2337.9,1268.2,-1620.2,3118.9,281.14,2654.6,-2912,-635.52,7432.4,313736,83,1264,1010,0.68134,0.16849,2.0839
-2223.1,4017.3,383.21,-4.1909,-1234.9,4438.8,5.4777e+05,533593,1,-4619.8,1998.3,1314.9,-1411.7,2974.6,211.02,2732.4,-2781.3,-647.79,7319.3,313193,83,1264,1010,0.66854,0.16849,2.088
-2154.5,4034.6,344.15,-5.8827,-1136,4443.8,5.4119e+05,533591,1,-4762.7,1529.1,1367.5,-1095.9,2548,137.47,2722.1,-2567.8,-643.78,7001.6,311479,83,1264,1010,0.65571,0.16849,2.0921
-2087.2,4050.1,306.7,-7.5212,-1038.5,4447,5.37e+05,533589,1,-4640.9,1361.1,1320.9,-1249.7,2174.6,212.18,2574.1,-2471.2,-595.55,6675.2,309473,83,1264,1010,0.64286,0.16849,2.0961
-2030.5,4063.1,276.12,-6.7081,-952.64,4449.8,5.3582e+05,533587,1,-3673,738.14,1047.1,-875.64,1579.2,137.58,2039.7,-2232.3,-435.76,5267.4,296762,83,1264,1010,0.62999,0.16849,2.1
-1989.1,4072.1,252.59,-4.5208,-883.14,4452.2,5.3907e+05,533585,1,-2622.1,303.97,747.72,-432.14,1214.8,29.662,1636.8,-2086,-313.09,4039.6,284761,83,1264,1010,0.61709,0.16849,2.1038
-1957.4,4074.9,231.47,-3.7353,-824.03,4450.9,5.432e+05,533583,1,-2286.4,87.149,650.14,45.74,815.92,-77.267,1587.8,-2001.6,-295,3598.1,268380,83,1264,1010,0.60417,0.16849,2.1075
-1924.2,4070.5,208.86,-4.9556,-764.07,4442,5.4593e+05,533581,1,-2711.5,-2.0226,760.87,415.74,511.47,-155.89,1770.7,-1944.7,-342.9,3927.4,283301,83,1264,1010,0.59123,0.16849,2.1112
-1880.8,4059.4,182.96,-7.5899,-694.58,4423.5,5.4965e+05,533579,1,-3249.3,-281.99,910.99,996.29,153.66,-283.97,1816.5,-1820.8,-352.03,4393.5,288703,83,1264,1010,0.57826,0.16849,2.1148
-1834.1,4041.4,159.14,-8.5214,-623.87,4396.9,5.5187e+05,533577,1,-2908.6,-533.37,816.62,1514,-79.501,-396.05,1467.5,-1719.9,-254.03,4128.3,285927,83,1264,1010,0.56528,0.16849,2.1183
-1796.3,4018.4,140.81,-7.3795,-563.34,4367.6,5.5035e+05,533575,1,-2619.8,-589.33,729.36,1725.3,-189.64,-434.45,1315,-1715.8,-206.44,4113.4,285658,83,1204,1006,0.55227,0.16849,2.1217
-1760.9,3993.5,123.51,-6.4825,-505.09,4337,5.5827e+05,533573,1,-2719.1,-582.27,738.67,2105.3,-170.41,-522.29,1354.5,-1731.9,-207.79,4229.7,287022,83,1204,1006,0.53924,0.16849,2.1251
-1718.3,3958,103.78,-7.4569,-441.77,4293.5,5.6173e+05,533571,1,-3667.6,-494.42,945.9,2953.8,-69.381,-724.81,1593.4,-1775,-253,5440.5,298234,83,1204,1006,0.52619,0.16849,2.1284
-1655.1,3909.4,78.948,-10.153,-361.5,4230.6,5.7107e+05,533569,1,-5216.3,-784.12,1313.6,4555.7,333.78,-1118.1,1809.9,-1668.6,-304.09,7603.9,314760,83,1204,1006,0.51312,0.16849,2.1315
-1577.2,3836.9,55.162,-11.108,-274.81,4139.6,5.7904e+05,533567,1,-6564.1,-1785.3,1668.8,7005,1102.2,-1715.9,1755.9,-1384.3,-300.01,10362,324514,83,1204,1006,0.50003,0.16849,2.1346
-1483.2,3728.7,32.431,-11.214,-184.93,4008.7,5.8504e+05,533565,1,-9456.3,-2428.6,2335.1,10455,1723.2,-2507.9,2340.2,-1288.8,-428.78,15055,333246,83,1204,1006,0.48692,0.16849,2.1377
-1315.2,3547.6,-8.7927,-20.107,-47.144,3783.2,5.91e+05,533563,1,-15161,-1607.6,3477,17650,2806.2,-4116.6,3487.7,-1750.8,-634.71,24424,340467,83,1204,1006,0.4738,0.16849,2.1406
-1037.7,3222.4,-69.649,-38.373,144.55,3382.8,5.9451e+05,533561,1,-20715,-738.5,4512.3,28424,3787.4,-6393.7,3224.4,-1866.5,-549.53,36433,346043,83,1204,1006,0.46066,0.16849,2.1435
-739.89,2752.9,-101.48,-38.69,293.02,2837.1,5.9809e+05,533559,1,-21573,-677.03,4569.2,36719,4606.4,-8030.2,2070.8,-1462.4,-323.06,43901,348396,83,1204,1006,0.44749,0.16849,2.1463
-443.49,2199.4,-118.29,-34.672,398.41,2211,5.9938e+05,533557,1,-20760,-2732,4417.9,41861,5775.7,-8907.9,905.51,-604.37,-137.97,48210,349443,83,1204,1006,0.43432,0.16849,2.149
-2750.8,3684.9,721.21,-2.4938,-1980.6,4212.2,5.7554e+05,532077,1,-5114.3,3564,1641.6,-3832.4,4946.1,1024.6,3687.7,-3692.4,-1082.4,10496,324794,83,1264,1010,0.78238,0.18194,2.0469
-2680.3,3742.9,670.97,-2.6044,-1871.9,4259,5.7418e+05,532075,1,-4807.7,2859.7,1552.8,-3922.8,4668.6,1059.8,3438.3,-3298.7,-998.76,9783.2,323105,83,1264,1010,0.76981,0.18194,2.0517
-2618.7,3790.6,626.95,-1.8163,-1775.1,4297.5,5.695e+05,532073,1,-4342.1,2577.5,1366.9,-3479.8,4430.5,885.94,3101,-3209.8,-854.78,8974.3,320357,83,1264,1010,0.7572,0.18194,2.0564
-2555.5,3842.2,582.82,-1.1632,-1675.2,4339,5.635e+05,532071,1,-4255.6,2544.8,1315.3,-3319.4,4354,817.87,3148.8,-3291.2,-847.91,8855.9,319975,83,1264,1010,0.74457,0.18194,2.061
-2499.1,3882.1,539.56,-3.7871,-1583.5,4370.3,5.4995e+05,532069,1,-4210,2895.4,1242.4,-3264.7,3664.5,837.61,3200.2,-3291.4,-848.05,8615.8,319236,83,1264,1010,0.73191,0.18194,2.0655
-2435.1,3929.2,494.1,-6.2414,-1481.9,4406.4,5.4733e+05,532067,1,-4711.2,3052.8,1373.2,-3266.3,2948.5,878.64,3205.3,-3199.6,-836.16,8645.5,319324,83,1264,1010,0.71922,0.18194,2.07
-2370.7,3972.2,452.72,-5.9598,-1381.5,4437.9,5.4642e+05,532065,1,-4323.2,2683.9,1234.7,-2792.2,2712.5,711.13,2777.8,-3026,-678.5,7772.4,315635,83,1264,1010,0.70651,0.18194,2.0743
-2313.1,4009.5,416.34,-4.4802,-1289.4,4465.1,5.4815e+05,532063,1,-4128.3,2364,1171.2,-2351.8,2602.1,558.85,2608.3,-2913.5,-615.72,7231.1,312780,83,1264,1010,0.69377,0.18194,2.0786
-2255.4,4036.9,380.94,-3.636,-1199.1,4482.3,5.516e+05,532061,1,-4052.8,1984.6,1152.5,-1676.8,2734,311.09,2536.6,-2801.3,-584.92,6833.7,310496,83,1264,1010,0.681,0.18194,2.0829
-2198.4,4055.6,346,-4.0964,-1110.9,4490.7,5.4686e+05,532059,1,-4199.8,1512.7,1213.4,-1168.5,2588.4,150.03,2566.1,-2638.1,-591.93,6586.5,308961,83,1264,1010,0.66821,0.18194,2.087
-2137.9,4068.1,310.37,-5.4574,-1020.2,4491.7,5.4066e+05,532057,1,-4356.6,1142.3,1271.8,-848.65,2397.6,59.484,2574.3,-2485.9,-593.82,6444.7,307958,83,1264,1010,0.65539,0.18194,2.0911
-2076.5,4075.6,275.72,-6.8541,-929.37,4487.2,5.3632e+05,532055,1,-4128.9,634.78,1215.1,-617.24,1853.4,29.631,2352.6,-2259.7,-528.29,5802.1,301740,83,1264,1010,0.64255,0.18194,2.095
-2025.2,4081.7,247.37,-6.0912,-849.41,4483.4,5.3468e+05,532053,1,-3045.2,123.35,903.3,-327.89,1215.3,-7.5349,1802,-2061.5,-360.88,4395,288715,83,1264,1010,0.62968,0.18194,2.0989
-1988,4086.6,225.11,-4.218,-783.55,4482.1,5.3662e+05,532051,1,-2320.8,-127.03,691.46,-102.8,828.72,-39.988,1550.2,-1966.5,-285.17,3595.9,268333,83,1264,1010,0.61679,0.18194,2.1028
-1959.6,4083.2,205.22,-3.7132,-727.92,4474.9,5.3905e+05,532049,1,-2114.8,-343.54,636.21,408.64,616.15,-170.5,1517.6,-1878,-270.71,3387.3,254234,83,1264,1010,0.60388,0.18194,2.1065
-1927.7,4075.5,183.35,-4.8998,-668.76,4462.3,5.4394e+05,532047,1,-2667.4,-346.01,775.62,698.7,427.09,-231.48,1730.8,-1849.5,-326.98,3883.8,282586,83,1264,1010,0.59094,0.18194,2.1102
-1885.9,4061.3,158.68,-7.1326,-600.72,4440.1,5.4893e+05,532045,1,-3023.5,-508.54,872.88,1135.7,369.81,-343.48,1720.1,-1758.3,-319.31,4226,286990,83,1264,1010,0.57798,0.18194,2.1138
-1842,4042.8,136.45,-7.409,-531.92,4412.8,5.513e+05,532043,1,-2890.6,-691.09,833.8,1545.4,247.64,-434.17,1497.3,-1676.5,-256.07,4157.5,286305,83,1264,1010,0.565,0.18194,2.1173
-1805.7,4018.5,118.81,-6.2173,-472.19,4381.8,5.5168e+05,532041,1,-2593.7,-750.41,739.22,1799.7,56.772,-473.23,1324.7,-1646.6,-205.33,4113.4,285657,83,1204,1006,0.552,0.18194,2.1207
-1769.8,3991.7,100.46,-6.4856,-412.55,4348.1,5.532e+05,532039,1,-2966.9,-744.04,814.9,2344.8,-118.02,-582.87,1462.3,-1690.5,-224.64,4573.7,290471,83,1204,1006,0.53898,0.18194,2.124
-1724.4,3957,79.648,-7.9711,-345.17,4303.3,5.5797e+05,532037,1,-3803.2,-676.12,995.26,3000.7,-247.25,-716.9,1599,-1718.9,-246.21,5573.5,299439,83,1204,1006,0.52593,0.18194,2.1273
-1665.2,3910.8,56.715,-9.8535,-267.74,4242.5,5.6527e+05,532035,1,-4575.6,-800.73,1172.1,3921.1,-105.32,-934.95,1655.1,-1642.6,-260.75,6687.1,309530,83,1204,1006,0.51287,0.18194,2.1305
-1597.2,3845.8,35.921,-9.9608,-188.46,4160.2,5.7333e+05,532033,1,-5402.4,-1351.9,1384.9,5528.2,184.89,-1312.4,1602.7,-1477.2,-250.99,8370.3,318408,83,1204,1006,0.49979,0.18194,2.1336
-1508.8,3748.1,12.605,-11.588,-101,4039.1,5.7864e+05,532031,1,-9403.7,-1791.5,2285.3,9569.6,1125.5,-2266.3,2495.1,-1500.6,-438.25,14266,332451,83,1204,1006,0.48669,0.18194,2.1366
-1334.7,3582.7,-33.537,-23.647,45.63,3823,5.8532e+05,532029,1,-17641,-2118.2,4058,18674,2692.9,-4326.9,3930.4,-1457,-741.83,26926,341891,83,1204,1006,0.47357,0.18194,2.1396
-1046.5,3274.7,-94.009,-39.774,245.43,3430.2,5.9125e+05,532027,1,-20327,-2591.7,4596.8,27627,3941.7,-6255.4,2866.9,-1152,-525.33,35620,345749,83,1204,1006,0.46043,0.18194,2.1424
-774.27,2821,-111.88,-33.236,361.83,2904.8,5.9565e+05,532025,1,-19472,-4313.3,4438.3,35739,5043.7,-7883,1049.8,-467.36,-182.34,42234,347951,83,1204,1006,0.44728,0.18194,2.1452
-523.08,2279.1,-115.51,-27.531,414,2304.1,5.9558e+05,532023,1,-19054,-8086.4,4542,41085,6170.4,-8826.9,632.58,499.9,-169,47473,349288,83,1204,1006,0.4341,0.18194,2.1479
-2711,3745.2,674.79,-3.4874,-1849.8,4290.7,5.7404e+05,530545,1,-4668.3,2534.6,1538.4,-3728.3,4289.9,1010.3,3402.1,-3276.9,-984.1,9337.5,321683,83,1264,1010,0.78197,0.19538,2.0458
-2647.9,3802.8,628.81,-2.2217,-1747.5,4337.6,5.7172e+05,530543,1,-4351.4,2142.4,1425.1,-3774.7,4046.8,1027.5,3223.2,-3062.5,-913.73,8822.6,319862,83,1264,1010,0.7694,0.19538,2.0506
-2585.8,3851.3,584.07,-1.8406,-1648,4375.4,5.6802e+05,530541,1,-4278.6,2138.9,1378.1,-3358.2,4215,842.47,3153.1,-3064.1,-874.44,8638.8,319300,83,1264,1010,0.7568,0.19538,2.0553
-2527.8,3894.6,541.25,-2.4118,-1553.3,4408.9,5.6007e+05,530539,1,-4269.9,2046,1352.2,-2969.5,3796.4,717.37,3138.3,-3042.4,-848.34,8235.1,317920,83,1264,1010,0.74418,0.19538,2.0599
-2464.4,3929,496.87,-4.2502,-1454.5,4431.9,5.4941e+05,530537,1,-4698.7,2266.9,1447.9,-2754.1,3309.5,659.02,3248.4,-3059.7,-858.7,8302.8,318179,83,1264,1010,0.73153,0.19538,2.0644
-2396.7,3969.8,451.51,-5.9754,-1349.4,4459.5,5.4607e+05,530535,1,-4625.5,2511.4,1370.1,-2927.8,2915.4,741.94,3068.7,-3055.9,-778.38,8158.6,317651,83,1264,1010,0.71884,0.19538,2.0689
-2334.6,4008.6,411.57,-5.4948,-1250.8,4486,5.4499e+05,530533,1,-4047.1,2207.8,1170.2,-2561.7,2618.6,623.41,2672.2,-2927.3,-632,7248.4,312871,83,1264,1010,0.70614,0.19538,2.0732
-2282.3,4042.8,377.15,-4.1662,-1163.2,4510.3,5.4572e+05,530531,1,-3833.8,2099.8,1085.1,-2338.3,2511.1,547.99,2516.4,-2851.8,-575.11,6866.9,310704,83,1264,1010,0.6934,0.19538,2.0775
-2231.8,4072.7,343.86,-3.4025,-1077.8,4530.4,5.4963e+05,530529,1,-3485.4,1568.1,994,-1697.7,2389.5,332.65,2355.5,-2676.6,-518.97,6105.7,304892,83,1264,1010,0.68064,0.19538,2.0818
-2182.2,4087.4,311.77,-3.8354,-996.71,4535.7,5.4497e+05,530527,1,-3687.6,991.58,1088.1,-898.5,2127.1,90.03,2372.8,-2457,-529.74,5749.2,301236,83,1264,1010,0.66785,0.19538,2.0859
-2128.5,4096.9,278.89,-4.9848,-912.38,4534.4,5.3907e+05,530525,1,-3931.4,334.32,1197,-379.95,1716.4,-40.205,2367.7,-2199.7,-534.16,5551.8,299229,83,1264,1010,0.65504,0.19538,2.09
-2072.7,4097.5,246.62,-6.4354,-827.95,4523.4,5.3578e+05,530523,1,-3585.8,-8.7762,1098.1,-67.629,1404.5,-110.09,2093.2,-2050.6,-449.13,4984.1,294317,83,1264,1010,0.64221,0.19538,2.0939
-2024.9,4097.9,219.7,-5.8379,-751.68,4514,5.3457e+05,530521,1,-2862.3,-191.52,879.02,25.995,1125.4,-112.12,1741.8,-1974.6,-339.65,4162.9,286354,83,1264,1010,0.62935,0.19538,2.0978
-1992.3,4096,199.16,-4.2434,-690.98,4506.5,5.3169e+05,530519,1,-2120.1,-414.47,661.69,191.74,799.93,-130.16,1461,-1877.7,-254.35,3394.6,254394,83,1264,1010,0.61646,0.19538,2.1017
-1965.7,4091.6,180.34,-3.3356,-636.15,4498.2,5.3753e+05,530517,1,-2046.5,-588.42,641.14,458.85,596.24,-186.23,1480.4,-1804.3,-256.77,3325.6,252830,83,1264,1010,0.60356,0.19538,2.1054
-1934.6,4082.7,159.01,-4.3728,-576.86,4483.7,5.4364e+05,530515,1,-2538,-670.78,772.23,824.82,506.49,-277.16,1655.1,-1766.2,-299.7,3801.3,271430,83,1264,1010,0.59063,0.19538,2.1091
-1894.5,4068.3,135.61,-5.9292,-509.52,4460.9,5.5068e+05,530513,1,-2936.4,-785.43,873.2,1266,458.25,-386.76,1640,-1695.6,-291.82,4196.9,286713,83,1264,1010,0.57768,0.19538,2.1126
-1853.7,4047.5,114.38,-6.3325,-443.33,4431.1,5.5067e+05,530511,1,-2702.2,-945.95,810.15,1693.1,409.48,-489.55,1422,-1649.3,-225.78,4113.4,285655,83,1204,1006,0.5647,0.19538,2.1161
-1818.4,4020.9,96.799,-5.6545,-384.15,4397.2,5.527e+05,530509,1,-2566.7,-929.43,752.8,1992.5,251.86,-541.62,1337.2,-1637.3,-198.77,4113.4,285656,83,1204,1006,0.55171,0.19538,2.1196
-1782,3989.8,78.172,-6.5687,-324.31,4358.3,5.5108e+05,530507,1,-2941.3,-927.28,833.04,2448.2,199.74,-641.48,1464,-1625.9,-221.42,4635.3,291218,83,1204,1006,0.53869,0.19538,2.1229
-1734.2,3951.9,56.252,-9.0328,-254.81,4308.5,5.5574e+05,530505,1,-3543.9,-922.94,964.4,2884.9,46.244,-720.82,1554.7,-1600.1,-239.33,5312.2,297111,83,1204,1006,0.52565,0.19538,2.1262
-1679.2,3906.3,35.421,-10.065,-181.05,4248.2,5.5928e+05,530503,1,-4079.1,-1416.6,1112.2,3928.3,-54.998,-939.52,1459.2,-1425.8,-221.13,6357,307185,83,1204,1006,0.5126,0.19538,2.1294
-1620,3845.9,16.922,-9.8901,-108.69,4171.8,5.6449e+05,530501,1,-5561.8,-2028.8,1480.8,5857.9,118.97,-1373.2,1670.6,-1328.2,-267.57,8836.5,319907,83,1204,1006,0.49952,0.19538,2.1325
-1533.3,3757.1,-7.9281,-13.065,-19.97,4057.9,5.7096e+05,530499,1,-9498.9,-2462.8,2377.6,9078,445.83,-2095.6,2595,-1283.2,-469.84,14055,332228,83,1204,1006,0.48643,0.19538,2.1355
-1366.2,3603.7,-52.366,-24.794,121.33,3852.3,5.7867e+05,530497,1,-14838,-2790.9,3539.5,14818,1108.9,-3376.2,3392.2,-1192.2,-645.35,22046,338873,83,1204,1006,0.47332,0.19538,2.1384
-1107.9,3329.1,-100.83,-34.244,296.8,3497.4,5.8767e+05,530495,1,-18236,-5244.5,4406.5,24940,3419,-5661.5,2360.4,-370.88,-479.51,32422,344397,83,1204,1006,0.46019,0.19538,2.1413
-869.35,2898.7,-109.43,-25.883,379.45,3004.2,5.9351e+05,530493,1,-15305,-9394.4,4049.8,35017,6362.9,-7855,-254.47,739.27,-17.121,40840,347530,83,1204,1006,0.44704,0.19538,2.1441
-668.69,2364.6,-98.395,-17.903,373.92,2430.6,5.9196e+05,530491,1,-21011,-10703,5196.9,41676,6905.7,-9023.3,1755.7,775.85,-417.01,49527,349766,83,1204,1006,0.43387,0.19538,2.1468
-2754.8,3752.3,682.46,-5.3736,-1841.1,4329.5,5.7208e+05,529015,1,-5183.2,2004.9,1809.5,-3599.8,3433.7,1045.9,3774.5,-3097.1,-1148.9,9228.2,321369,83,1264,1010,0.79406,0.20882,2.0399
-2678.3,3803.7,629.96,-4.9,-1724.8,4366.1,5.728e+05,529013,1,-4812.8,2150.5,1627,-3560,3936.5,964.29,3450.1,-3190,-998.64,9089.1,320718,83,1264,1010,0.78153,0.20882,2.0447
-2619.4,3853.9,587.16,-2.7944,-1627.5,4405.7,5.6824e+05,529011,1,-4194.1,2132.5,1361.8,-3653.1,3726.2,996.07,3127.4,-3133.2,-857.85,8517.5,318915,83,1264,1010,0.76897,0.20882,2.0494
-2562.5,3903.4,544.27,-2.3217,-1531.3,4444.6,5.6486e+05,529009,1,-4057.1,1778.3,1313.2,-3162.4,3397.8,821.16,3078.1,-2958.3,-832.74,7904.9,316432,83,1264,1010,0.75638,0.20882,2.0541
-2504,3942.3,501.27,-3.2652,-1435.5,4472.4,5.5563e+05,529007,1,-4503.2,1652.1,1454,-2571.7,3185.3,604.68,3203.9,-2900.8,-859.66,7852.8,316119,83,1264,1010,0.74376,0.20882,2.0587
-2437,3974.9,455.94,-4.9978,-1332.1,4491.3,5.4832e+05,529005,1,-4825.5,1732.7,1535.3,-2465,3178.3,552.23,3253.4,-2924.6,-857.24,8062.3,317280,83,1264,1010,0.73111,0.20882,2.0633
-2368.1,4009.6,411.21,-6.2621,-1225.9,4511.2,5.4443e+05,529003,1,-4616.3,1757.4,1428.3,-2525.8,2833.9,591.87,3025.1,-2865.9,-762.66,7690.6,315239,83,1264,1010,0.71844,0.20882,2.0677
-2307.7,4042.4,372.69,-5.5692,-1129.2,4531,5.4323e+05,529001,1,-3946,1760.7,1168.6,-2396.4,2554,558.58,2610,-2808.2,-606.82,6905.1,310920,83,1264,1010,0.70574,0.20882,2.0721
-2257.6,4075.4,339.58,-3.8316,-1042.7,4553.5,5.441e+05,528999,1,-3437.5,1582.3,991.62,-2181.1,2339.8,495.39,2366.4,-2713.7,-519.61,6246.2,306036,83,1264,1010,0.69301,0.20882,2.0764
-2214.6,4101.5,309.08,-3.1857,-964.4,4570.8,5.4524e+05,528997,1,-3016,953.94,888.58,-1273.8,1849.6,231.28,2170.9,-2462.3,-460.57,5184.7,296106,83,1264,1010,0.68026,0.20882,2.0806
-2171.2,4114.1,279.35,-3.549,-888.86,4574.8,5.427e+05,528995,1,-3140.1,471.64,956.47,-511.82,1619.8,2.3195,2162.3,-2273,-462.09,4892.8,293550,83,1264,1010,0.66748,0.20882,2.0847
-2125.4,4116.9,249.28,-5.0438,-813,4568.1,5.3562e+05,528993,1,-3525,275.88,1080.1,-272.27,1524.6,-64.975,2239.5,-2192.2,-486.01,5111.6,295495,83,1264,1010,0.65467,0.20882,2.0888
-2074.2,4117.5,219.14,-5.8839,-732.18,4557.2,5.3599e+05,528991,1,-3352.7,-204.54,1051.9,149.88,1311.9,-176.38,2032.7,-2002.6,-424.5,4742,292222,83,1264,1010,0.64184,0.20882,2.0927
-2030.4,4112.2,193.88,-5.4188,-660.41,4542.4,5.3439e+05,528989,1,-2710.8,-485.71,863.25,246.85,1063.5,-178.58,1674.2,-1875.5,-318.4,3996.9,284156,83,1264,1010,0.62899,0.20882,2.0966
-1999.8,4106.7,174.56,-3.6119,-601.7,4531.3,5.3183e+05,528987,1,-1941.8,-739.63,645.96,492.77,774.68,-222.34,1384.5,-1779.9,-229.07,3280.9,251885,83,1264,1010,0.61611,0.20882,2.1005
-1975.5,4099.4,156.34,-3.047,-548.6,4520.1,5.3539e+05,528985,1,-1932.9,-859.04,639.19,627.51,517.98,-230.72,1453.9,-1742.1,-243.68,3287.3,252044,83,1204,1006,0.60322,0.20882,2.1042
-1945.7,4088.3,135.28,-4.4047,-489.91,4503.1,5.4088e+05,528983,1,-2446,-928.81,776.29,881.97,406.71,-286.95,1622.9,-1720.3,-283.95,3761.4,270966,83,1204,1006,0.59029,0.20882,2.1079
-1906.7,4074.5,112.3,-5.852,-422.35,4480,5.4823e+05,528981,1,-2800.4,-988.7,863.72,1222.5,470.27,-380.06,1600.2,-1690.6,-270.74,4113.2,285652,83,1204,1006,0.57735,0.20882,2.1114
-1867.8,4053.2,92.242,-5.7688,-357.33,4449.4,5.4904e+05,528979,1,-2673.9,-1042.6,816.79,1681.4,525.94,-500.4,1401.6,-1653.8,-210.93,4123.4,285879,83,1204,1006,0.56438,0.20882,2.115
-1831.6,4027.4,74.466,-5.0978,-296.03,4415,5.5451e+05,528977,1,-2586.9,-1029.6,774.9,2107.7,492.68,-596.57,1323.5,-1643.3,-182.45,4228.4,287010,83,1204,1006,0.55139,0.20882,2.1184
-1794.6,3995.2,56.563,-5.4181,-235.29,4373.8,5.5506e+05,528975,1,-2990.2,-1145.5,867.93,2636.9,332.75,-698.08,1421.6,-1554.1,-206.07,4799.7,292751,83,1204,1006,0.53839,0.20882,2.1217
-1749.5,3957.1,36.567,-6.8555,-168,4323.5,5.5924e+05,528973,1,-3419.8,-1440.1,983.75,3186.8,215.22,-805.39,1432.5,-1404.2,-216.22,5445.9,298286,83,1204,1006,0.52536,0.20882,2.125
-1702.7,3907.6,18.531,-7.6772,-103.19,4261.3,5.5762e+05,528971,1,-3398.6,-1859.3,1003.5,3922,115.28,-956.74,1286.2,-1282.4,-183.66,5971.4,303337,83,1204,1006,0.51231,0.20882,2.1282
-1650.6,3846.1,0.86054,-8.6809,-37.686,4185.2,5.6014e+05,528969,1,-4512.1,-2227.9,1277.4,5120.8,61.654,-1208.3,1504.3,-1192.5,-236.3,7640.8,314981,83,1204,1006,0.49924,0.20882,2.1313
-1566.9,3757.2,-25.211,-14.094,47.922,4070.6,5.6498e+05,528967,1,-7674,-3102.7,2051.9,7938.4,235.36,-1830,2141,-968.99,-393,12034,328157,83,1204,1006,0.48615,0.20882,2.1343
-1416.9,3615.7,-63.644,-23.322,174.25,3879.9,5.7431e+05,528965,1,-13789,-4730.3,3502.9,14264,1309,-3271.3,2892.9,-492.92,-593.64,21204,338274,83,1204,1006,0.47305,0.20882,2.1372
-1206.5,3381.4,-97.766,-26.388,313.8,3577.7,5.8464e+05,528963,1,-13992,-9048,3889,22601,4624,-5281,958.4,601.76,-268.24,29227,342970,83,1204,1006,0.45993,0.20882,2.1401
-1007.5,2997.6,-98.167,-15.712,369.42,3142.2,5.9275e+05,528961,1,-12797,-11714,3819.1,32804,8005.4,-7605.8,-817.99,1047.2,65.171,38928,346916,83,1204,1006,0.44679,0.20882,2.1429
-848.98,2477,-75.898,-6.2526,318.89,2600.1,5.8923e+05,528959,1,-17982,-13269,4921.5,40312,8801.3,-9038.5,973.33,1355.2,-319.21,48070,349412,83,1204,1006,0.43363,0.20882,2.1456
-427.05,1851.2,-156.44,-58.694,464.18,1847.9,5.8022e+05,528957,1,-40027,-4577,8262.5,48343,6065.3,-10068,6857.4,-1728.7,-1172,64946,352771,83,1204,1006,0.42046,0.20882,2.1482
-2726.4,3796.9,640.18,-6.6793,-1724.7,4391.5,5.6883e+05,527483,1,-5109.6,2244.7,1738.9,-3812.5,3169.2,1133.7,3750.7,-3147.3,-1112.6,9228.2,321368,83,1264,1010,0.79358,0.22224,2.0386
-2651.4,3853.4,587.77,-6.089,-1606.9,4431.9,5.6962e+05,527481,1,-4658.5,1942.8,1570.3,-3624.1,3211.4,1037.8,3361.8,-3040.2,-955.61,8597.9,319188,83,1264,1010,0.78105,0.22224,2.0435
-2591,3900.2,544.91,-3.7851,-1507.5,4466.5,5.6497e+05,527479,1,-3974.2,1804.5,1295.2,-3314.5,3044.9,914.02,3019,-2975.3,-810.33,7774.6,315652,83,1264,1010,0.7685,0.22224,2.0482
-2539.7,3943.6,504.79,-3.226,-1417.2,4499.8,5.6023e+05,527477,1,-3777.2,1595.1,1216.1,-2866.8,2686.8,763.12,2957.2,-2871.5,-774.79,7204.3,312651,83,1264,1010,0.75592,0.22224,2.0529
-2484.1,3981,462.95,-4.1923,-1323.3,4525.8,5.5136e+05,527475,1,-4297.8,1510.8,1392.3,-2641.1,2686.7,668.75,3142.7,-2833.4,-833,7478.8,313987,83,1264,1010,0.74331,0.22224,2.0575
-2417.4,4015.2,417.59,-5.8651,-1218.2,4544.9,5.4645e+05,527473,1,-4769.4,1361.1,1543.3,-2419,2685.9,568.52,3214.9,-2764.1,-841.58,7684.7,315218,83,1264,1010,0.73067,0.22224,2.062
-2348.8,4045.8,373.84,-6.7282,-1112.2,4559.4,5.4257e+05,527471,1,-4633.8,1303.8,1471,-2294.4,2654.5,511.58,2980.3,-2712,-744.67,7396,313576,83,1264,1010,0.718,0.22224,2.0665
-2286.9,4077.9,335.45,-5.4833,-1012.8,4576.6,5.4264e+05,527469,1,-3832.2,1197.3,1179.2,-2107.9,2376.9,463.86,2535.6,-2638.2,-581.56,6445.5,307965,83,1264,1010,0.70531,0.22224,2.0708
-2239.7,4104.8,303.87,-3.8149,-929.5,4592.8,5.4153e+05,527467,1,-2892,858.15,872.11,-1581.1,1789.3,335.75,2132.1,-2455.2,-447.07,5142.8,295745,83,1264,1010,0.69259,0.22224,2.0751
-2203.3,4122.9,276.31,-3.2142,-858.8,4603.4,5.3976e+05,527465,1,-2567.3,523.21,782.27,-978.65,1433.9,166.46,1998.7,-2298.6,-405.36,4467.7,289416,83,1264,1010,0.67984,0.22224,2.0793
-2166.6,4133.2,248.98,-3.6163,-789.37,4606.1,5.3849e+05,527463,1,-2858,373.25,877.6,-570.41,1388.9,37.057,2065,-2244.3,-424.78,4562.3,290376,83,1264,1010,0.66707,0.22224,2.0835
-2124.6,4135.2,220.82,-4.5979,-716.6,4598.8,5.3492e+05,527461,1,-3140.7,4.5116,984.88,-89.842,1274.4,-106.4,2086.3,-2094.1,-432.85,4626.3,291118,83,1264,1010,0.65428,0.22224,2.0875
-2079.5,4133.8,192.85,-5.4054,-641.31,4586.8,5.34e+05,527459,1,-2955,-390.13,950.44,323.17,1046.7,-210.27,1886.2,-1943.5,-372.37,4301.8,287787,83,1264,1010,0.64146,0.22224,2.0915
-2040.1,4125.8,169.49,-4.7201,-573.8,4569.8,5.3473e+05,527457,1,-2355.4,-795.64,792.75,591.59,855.93,-267.65,1538.4,-1784.1,-272.98,3686.2,269731,83,1264,1010,0.62861,0.22224,2.0954
-2012.5,4115.4,151.04,-3.4012,-518.26,4554.2,5.3143e+05,527455,1,-1721.7,-1089,619.23,741.19,543.53,-274.03,1336.2,-1679.1,-212.95,3218.5,250296,83,1204,1006,0.61574,0.22224,2.0992
-1989.6,4104.5,133.26,-3.1916,-466.52,4539.3,5.3255e+05,527453,1,-1853,-1150.2,652.3,764.84,387.55,-260.27,1431,-1659.6,-234.61,3292.7,252152,83,1204,1006,0.60285,0.22224,2.1029
-1959.8,4093.7,112.38,-4.382,-406.62,4521.8,5.3982e+05,527451,1,-2432.3,-1144,801.08,873.15,349.73,-280.92,1623,-1670,-278.16,3785.6,271246,83,1204,1006,0.58994,0.22224,2.1066
-1921.4,4081.2,89.687,-5.6226,-338.14,4499.1,5.4517e+05,527449,1,-2768.4,-1135.2,876.56,1142.2,311.49,-343.7,1583.8,-1683.7,-256,4080.3,285263,83,1204,1006,0.577,0.22224,2.1102
-1881.9,4061.7,69.55,-5.3607,-270.95,4468.9,5.4893e+05,527447,1,-2668,-1134,831.85,1630.1,394.59,-475.13,1395.7,-1676.7,-196.44,4114.9,285674,83,1204,1006,0.56404,0.22224,2.1137
-1846,4035.3,51.934,-4.7759,-209.21,4432.9,5.5373e+05,527445,1,-2562.4,-1171.1,790.22,2213.6,446.24,-621.51,1303.8,-1649.1,-166.32,4300.5,287777,83,1204,1006,0.55106,0.22224,2.1171
-1810,4000,34.551,-5.3006,-149.81,4388.1,5.5574e+05,527443,1,-2615.6,-1257.1,798.48,2615.1,437.82,-711.54,1281.4,-1593.8,-159.57,4561.1,290360,83,1204,1006,0.53806,0.22224,2.1204
-1771.3,3958.5,17.123,-6.3069,-89.532,4335.9,5.5663e+05,527441,1,-2787,-1790.8,876.89,3273.6,292.8,-839.26,1220.2,-1369.1,-158.84,5161.2,295936,83,1204,1006,0.52504,0.22224,2.1237
-1731.3,3909.5,1.6846,-6.3632,-30.884,4275.6,5.5787e+05,527439,1,-3210.8,-2369.3,1016.4,4125.5,159.62,-1005.7,1205.7,-1173.2,-167.63,6153.9,305301,83,1204,1006,0.512,0.22224,2.1269
-1684.6,3846.8,-14.704,-7.6817,29.24,4199.4,5.5849e+05,527437,1,-4306.1,-3051.6,1324,5595.9,86.383,-1314.5,1432.1,-980.81,-231.51,8107.1,317487,83,1204,1006,0.49894,0.22224,2.13
-1610.5,3760.2,-37.26,-11.943,105.67,4089.4,5.633e+05,527435,1,-6893.7,-3769.6,1959.7,7846.5,106.26,-1792.9,1854.2,-747.02,-344.33,11597,327185,83,1204,1006,0.48586,0.22224,2.133
-1492.4,3630.7,-65.293,-17.34,203.94,3920.7,5.7198e+05,527433,1,-9595.8,-6781.6,2827.8,11942,1379.9,-2778,1753,98.743,-399.65,17365,335406,83,1204,1006,0.47276,0.22224,2.1359
-1340.6,3432.5,-85.649,-16.625,299.23,3673.8,5.8258e+05,527431,1,-10897,-10728,3459,18687,3444.4,-4359,550,1052,-230.93,25046,340910,83,1204,1006,0.45965,0.22224,2.1388
-1186.9,3115.6,-81.032,-5.0387,335.61,3318.1,5.9205e+05,527429,1,-10451,-13899,3625.1,29097,7968.1,-6874.6,-951.93,1306.7,60.814,35715,345785,83,1204,1006,0.44652,0.22224,2.1416
-1049.3,2613.8,-57.512,1.2884,265.33,2804.6,5.8373e+05,527427,1,-34661,-8957.3,7840.8,45113,11210,-10222,7197.7,-972.71,-1325.6,60522,351983,83,1204,1006,0.43337,0.22224,2.1443
-2691.8,3840.4,595.95,-7.109,-1601.4,4448,5.6637e+05,525951,1,-4994.9,2591.1,1650.8,-3908,2849.5,1197.3,3759.9,-3260.6,-1091.3,9228.2,321367,83,1264,1010,0.79307,0.23566,2.0373
-2625.1,3892.2,547.37,-6.3668,-1492.1,4484.9,5.6528e+05,525949,1,-4479.6,2172.3,1467.8,-3552.9,2764.2,1044.5,3331.5,-3057.4,-925.19,8342.6,318292,83,1264,1010,0.78055,0.23566,2.0421
-2569.7,3937,506.04,-4.503,-1396.6,4517.6,5.6177e+05,525947,1,-3786.4,1736.6,1221.1,-3102.4,2554.3,871.02,2951.3,-2893,-774.46,7309.6,313149,83,1264,1010,0.76801,0.23566,2.0469
-2518.2,3978.2,465.86,-4.1373,-1305.2,4547.7,5.5619e+05,525945,1,-3767.4,1590.4,1200.6,-2740.7,2357.5,736.11,2947.5,-2839.1,-755.35,7006.7,311505,83,1264,1010,0.75543,0.23566,2.0516
-2464.2,4013.3,424.95,-4.9682,-1212.1,4570.5,5.4796e+05,525943,1,-4227.8,1488.2,1357,-2579.3,2409.7,658.56,3104.7,-2800.4,-803.36,7276.7,312998,83,1264,1010,0.74283,0.23566,2.0562
-2400.8,4049.1,380.94,-6.2945,-1108.6,4590.8,5.4396e+05,525941,1,-4578.3,1326.1,1472,-2486.8,2347.3,613.58,3146.1,-2718.2,-804.25,7408.8,313633,83,1264,1010,0.7302,0.23566,2.0607
-2332.7,4081.6,337.65,-6.6534,-1001.3,4605.7,5.4206e+05,525939,1,-4439,1008,1428.8,-2185.3,2357.6,491.41,2899.1,-2590.6,-712.62,6997.3,311453,83,1264,1010,0.71754,0.23566,2.0651
-2273.7,4108.9,300.48,-5.6732,-904.82,4617.8,5.4101e+05,525937,1,-3467,633.87,1108.7,-1611.5,2045.4,315.22,2352.4,-2427.3,-523,5677.1,300427,83,1264,1010,0.70486,0.23566,2.0695
-2231,4128.3,271.33,-3.9195,-827.12,4627,5.3828e+05,525935,1,-2732,517.1,855.25,-1242.7,1757.2,216.85,2032.6,-2355.5,-411.61,4794.9,292707,83,1264,1010,0.69215,0.23566,2.0738
-2198.1,4141.4,245.82,-2.9999,-760.31,4633.1,5.3618e+05,525933,1,-2418.8,374.12,750.7,-936.28,1438.1,145.44,1930.5,-2264.8,-377.21,4303.3,287807,83,1264,1010,0.67941,0.23566,2.078
-2164.3,4150.5,219.64,-3.3481,-692.91,4634.6,5.3546e+05,525931,1,-2565,105.68,810.08,-391.8,1190.8,-7.4735,1955.1,-2147.7,-384.71,4171.5,286444,83,1264,1010,0.66665,0.23566,2.0821
-2126,4151,192.88,-4.3221,-623.19,4626,5.3437e+05,525929,1,-2712.1,-338.02,886.99,170.42,955.55,-160.79,1903,-1969.2,-372.33,4106.3,285555,83,1264,1010,0.65386,0.23566,2.0862
-2086.8,4145,167.22,-5.174,-554.2,4610.5,5.3135e+05,525927,1,-2623.4,-709.77,882.95,507.08,809.15,-245.56,1727.3,-1813.8,-325.86,3939.2,283432,83,1264,1010,0.64104,0.23566,2.0901
-2052.9,4136.4,145.96,-4.2001,-491.46,4593.9,5.3374e+05,525925,1,-1945.3,-1070,706.45,827.31,618.34,-317.65,1398.9,-1692.3,-227.91,3386.5,254217,83,1264,1010,0.62821,0.23566,2.094
-2028.6,4123.5,128.76,-2.9095,-438.95,4576.3,5.3172e+05,525923,1,-1679.5,-1217.1,630.57,890.64,524.11,-319.68,1304.3,-1647.5,-199.54,3218.5,250295,83,1264,1010,0.61535,0.23566,2.0978
-2006.7,4109.9,111.33,-2.9529,-388,4558.5,5.3295e+05,525921,1,-1832.6,-1301.3,670.54,920.84,284.83,-295.61,1439,-1627,-229.66,3359.9,253478,83,1204,1006,0.60246,0.23566,2.1016
-1976.8,4097.8,90.025,-4.6396,-327.17,4538.8,5.3771e+05,525919,1,-2517.7,-1293.4,848.07,979.92,102.53,-284.52,1659,-1632.6,-279.55,3908.8,283075,83,1204,1006,0.58956,0.23566,2.1052
-1937.4,4082.9,66.638,-6.5829,-257.51,4512.4,5.3999e+05,525917,1,-2785.4,-1241.6,899.18,1182.5,119.85,-335.77,1603,-1655.9,-255.53,4114.9,285673,83,1204,1006,0.57663,0.23566,2.1088
-1898,4064.3,46.487,-6.3098,-189.13,4481.9,5.4332e+05,525915,1,-2656.3,-1288.4,855.96,1512.9,80.13,-412.71,1396.2,-1631.1,-190.97,4069.5,285123,83,1204,1006,0.56368,0.23566,2.1123
-1863.4,4039.5,29.736,-5.142,-127.32,4446.8,5.4879e+05,525913,1,-2447.4,-1369,790.34,2052.1,225.63,-558.76,1238.4,-1591.6,-146.53,4141.4,286152,83,1204,1006,0.55071,0.23566,2.1157
-1829.8,4007,14.079,-4.4643,-68.845,4404.5,5.5703e+05,525911,1,-2267.1,-1803.2,776.01,2749.9,256.17,-723.39,1111.4,-1417,-123.37,4516.9,289873,83,1204,1006,0.53771,0.23566,2.1191
-1797.3,3964.6,-0.46259,-4.4233,-14.553,4352.9,5.599e+05,525909,1,-2121.3,-2348.8,786.9,3480.1,209.03,-879.74,977.04,-1223.8,-104.72,5101.7,295373,83,1204,1006,0.5247,0.23566,2.1223
-1766,3912.7,-13.458,-4.6159,35.115,4292.7,5.5863e+05,525907,1,-2574.9,-2865.9,935.77,4267.9,145.99,-1039.6,1039.1,-1051.7,-133.78,6102.4,304862,83,1204,1006,0.51167,0.23566,2.1255
-1727,3847.2,-27.991,-6.3957,86.917,4216.2,5.5823e+05,525905,1,-3432.2,-3476.6,1187.7,5541.1,17.589,-1297.3,1183.4,-876.8,-180.11,7737.3,315462,83,1204,1006,0.49862,0.23566,2.1286
-1669.1,3760,-45.473,-9.671,147.07,4111.5,5.615e+05,525903,1,-5154.3,-4755.5,1696.1,7381.7,156.44,-1697.8,1363,-472.71,-258.72,10564,325003,83,1204,1006,0.48555,0.23566,2.1316
-1588.2,3642.4,-62.426,-11.478,213.58,3968.3,5.711e+05,525901,1,-4861,-8058,1976,10073,816.1,-2315,573.66,424.3,-176,14159,332350,83,1204,1006,0.47246,0.23566,2.1346
-1497.4,3474.8,-69.223,-7.705,262.93,3775.2,5.826e+05,525899,1,-7750,-11976,2974.8,16493,3072.6,-3866,19.853,1214.7,-139.84,22588,339241,83,1204,1006,0.45935,0.23566,2.1374
-1410.8,3218.1,-56.521,3.5873,261.5,3504.5,5.8875e+05,525897,1,-8267.9,-15516,3434.5,21166,8539.2,-5350.5,-513.32,1365.7,-41.875,29539,343111,83,1204,1006,0.44623,0.23566,2.1402
-1259.4,2807,-45.961,8.0022,239.76,3067.6,5.751e+05,525895,1,-33148,-14728,8239.7,39573,15277,-9676.8,6638.3,389.35,-1355.9,57643,351434,83,1204,1006,0.43309,0.23566,2.1429
-2657.1,3878.1,552.12,-7.2134,-1479.1,4496.4,5.6114e+05,524419,1,-4618.7,2583.6,1480.5,-3856.7,2342.2,1216.6,3522.9,-3251.6,-973.71,8716.1,319505,83,1264,1010,0.79253,0.24907,2.0359
-2597.5,3925.4,507.31,-5.9706,-1377.2,4529.5,5.6089e+05,524417,1,-3878.1,2292.9,1199.4,-3364.3,2273.3,1006.7,3023.6,-3077,-777.27,7645.2,315007,83,1264,1010,0.78002,0.24907,2.0408
-2545.3,3970.8,466.7,-4.4517,-1283.1,4562.6,5.5951e+05,524415,1,-3547.2,1927.3,1092.7,-2923.8,2369.9,806.19,2882.4,-2915.1,-722.83,7045.2,311767,83,1264,1010,0.76748,0.24907,2.0455
-2496.5,4007.8,427.57,-4.4818,-1194.3,4588.2,5.5383e+05,524413,1,-3662.4,1756.3,1138,-2739.4,2297.8,733,2912.9,-2863.9,-728.27,6952.1,311208,83,1264,1010,0.75492,0.24907,2.0502
-2442.6,4044.8,386.74,-5.0374,-1099.3,4611.7,5.4775e+05,524411,1,-3995.8,1565.3,1255.4,-2547.5,2189.8,657.5,3013.9,-2788.5,-753.26,7009.7,311518,83,1264,1010,0.74233,0.24907,2.0548
-2383.2,4079,344.46,-6.2287,-998.99,4630.2,5.4306e+05,524409,1,-4265.9,1131,1371.9,-2463.7,2194,605.95,2999.7,-2611.2,-744.63,6998.6,311465,83,1264,1010,0.7297,0.24907,2.0593
-2320.9,4113,303.25,-6.3616,-895.74,4646.8,5.4086e+05,524407,1,-3976.4,614.39,1306.2,-1983.5,2105.6,434.21,2702.6,-2416,-645.18,6325.2,306867,83,1264,1010,0.71705,0.24907,2.0637
-2267.5,4135.6,268.52,-5.3638,-805.15,4655,5.3915e+05,524405,1,-3505,449.58,1144.6,-1547.6,2023.6,286.92,2382.4,-2357.5,-531.71,5646.7,300187,83,1264,1010,0.70438,0.24907,2.0681
-2226.8,4151.5,240.5,-3.5554,-729.37,4660.5,5.3679e+05,524403,1,-2675,238.56,868.5,-980.07,1720,122.44,1992.2,-2268.2,-394.95,4601.1,290847,83,1264,1010,0.69167,0.24907,2.0724
-2194.9,4159.9,215.74,-2.7837,-663.96,4661.4,5.3499e+05,524401,1,-2207.1,63.847,714.51,-492.35,1283.6,7.7857,1821.6,-2166.9,-335.79,3924.6,283266,83,1264,1010,0.67895,0.24907,2.0766
-2165,4163.3,191.23,-3.3947,-601.16,4657.8,5.3179e+05,524399,1,-2340.6,-176.06,768.21,-130.76,942.16,-70.068,1853.5,-2038.6,-349.45,3837,271922,83,1264,1010,0.66619,0.24907,2.0807
-2131.5,4163.1,166.38,-4.0753,-535.33,4649.3,5.3212e+05,524397,1,-2304.5,-453.19,778.11,259.82,784.21,-174.94,1753.8,-1921.4,-320.19,3702,269939,83,1264,1010,0.65341,0.24907,2.0847
-2097.2,4155.9,143.09,-4.3193,-470.89,4633.4,5.3072e+05,524395,1,-2200.7,-926.27,786.47,696.65,541.5,-277.04,1593,-1743.2,-281.28,3582,268104,83,1264,1010,0.64061,0.24907,2.0887
-2069.1,4143.3,123.57,-3.7967,-414.09,4614.3,5.3061e+05,524393,1,-1739.1,-1280.3,675.15,991.51,327.2,-335.47,1345.6,-1627.5,-210.39,3290.3,252113,83,1264,1010,0.62778,0.24907,2.0926
-2047.3,4127.9,106.91,-3.0497,-363.97,4594.6,5.2983e+05,524391,1,-1538.7,-1372.3,614.51,1083.1,198.54,-340.85,1279.3,-1607.2,-184.26,3218.5,250294,83,1204,1006,0.61493,0.24907,2.0964
-2025.4,4111.9,89.295,-3.4973,-312.64,4573.9,5.3259e+05,524389,1,-1843.4,-1386,691.84,1093.2,107.31,-326.12,1452.4,-1604.6,-225.65,3441.8,264316,83,1204,1006,0.60205,0.24907,2.1002
-1994.7,4097.3,67.812,-5.4689,-251.1,4550.6,5.3448e+05,524387,1,-2365.9,-1355.9,824.9,1026.3,26.362,-291.64,1619.1,-1602.6,-265.35,3810,271522,83,1204,1006,0.58916,0.24907,2.1038
-1955.4,4082.8,44.988,-6.853,-180.59,4523.5,5.3802e+05,524385,1,-2756.7,-1368.2,915.68,1203.7,-89.222,-318.08,1586.4,-1578.2,-247.71,4114.9,285672,83,1204,1006,0.57624,0.24907,2.1074
-1916.7,4064.5,25.031,-6.5714,-111.89,4492.4,5.4068e+05,524383,1,-2522.8,-1448.7,842.24,1557.9,-15.924,-411.93,1328.7,-1544.5,-172.95,4025.5,284508,83,1204,1006,0.5633,0.24907,2.1109
-1883.8,4041.2,8.8363,-5.2154,-50.419,4458.4,5.4643e+05,524381,1,-2058,-1766.1,744.35,2040.5,49.435,-534.76,1092,-1432.5,-114.74,4025.5,284507,83,1204,1006,0.55033,0.24907,2.1143
-1855.9,4007.9,-5.0703,-4.4393,2.9519,4416.7,5.5397e+05,524379,1,-1870.5,-2123.2,725.29,2735.3,138.78,-709.55,982.95,-1310.4,-95.804,4385.2,288627,83,1204,1006,0.53735,0.24907,2.1176
-1830.4,3965.4,-17.34,-4.0238,50.981,4367.2,5.5962e+05,524377,1,-1581.6,-2691.4,710.84,3377.7,168.45,-855.55,826.69,-1133.5,-71.868,4938.9,293947,83,1212,1009,0.52435,0.24907,2.1209
-1807.2,3913.2,-27.568,-3.6303,93.022,4309.4,5.5992e+05,524375,1,-1861.1,-3176.3,820.75,4177.1,97.954,-1018.3,828.6,-997.68,-84.077,5866,302437,83,1204,1006,0.51132,0.24907,2.1241
-1778.9,3847.3,-38.501,-4.5714,134.52,4236.7,5.614e+05,524373,1,-2229.9,-4426.2,1040.9,5530.8,63.124,-1300.7,797.29,-599.64,-116.93,7677.3,315181,83,1204,1006,0.49828,0.24907,2.1272
-1741.3,3761.6,-49.25,-5.8689,175.64,4141.6,5.6569e+05,524371,1,-3343.6,-6308.7,1491.1,7437.6,178.13,-1706.5,750.24,-24.631,-167.62,10586,325070,83,1204,1006,0.48522,0.24907,2.1302
-1699,3650.3,-55.793,-5.4525,208.04,4021.3,5.7298e+05,524369,1,-2031.3,-8117.6,1403.9,9168.3,363.73,-2072.9,-29.136,445.11,-46.743,12676,330141,83,1204,1006,0.47214,0.24907,2.1331
-1668.3,3500.5,-49.886,-0.23261,209.09,3872.4,5.8559e+05,524367,1,-2021.2,-12298,1868.4,12354,2677.8,-2961.6,-879.55,1199.2,47.919,18155,336107,83,1204,1006,0.45904,0.24907,2.136
-1644.5,3313.7,-29.76,12.893,182.11,3694.9,5.8123e+05,524365,1,-8082.7,-16276,3556.2,15181,6323.9,-3894.2,210.14,1647.2,-229.12,25126,340977,83,1204,1006,0.44593,0.24907,2.1388
-1436.7,3080.7,-56.656,11.001,296.66,3386.7,5.5709e+05,524363,1,-52011,-1064,10534,30029,15292,-7798.3,14202,-5101.8,-2244.4,65164,352804,83,1204,1006,0.43279,0.24907,2.1414
-2617.9,3903.3,505.6,-9.1652,-1354.9,4528.7,5.5138e+05,522887,1,-4658.8,2762.9,1462.7,-4251.2,1092.7,1520.9,3580.8,-3370.3,-963.84,8841.2,319930,83,1264,1010,0.79196,0.26247,2.0345
-2562.1,3955.4,464.04,-5.7004,-1254.8,4566.2,5.5558e+05,522885,1,-3571.6,2739.5,1010.7,-3815.3,1429.1,1275.5,2832.5,-3298.2,-654.72,7670.6,315158,83,1264,1010,0.77946,0.26247,2.0393
-2517.1,4001.7,426.71,-3.5924,-1166.6,4601.1,5.5596e+05,522883,1,-3288.9,2300.4,938.88,-3069.1,2139.1,878.07,2778,-3049.1,-650.81,7013.8,311543,83,1264,1010,0.76693,0.26247,2.044
-2470.8,4039.4,388.3,-3.7243,-1078.5,4627,5.5462e+05,522881,1,-3489.8,1893.2,1044,-2593.6,2237.2,671.26,2856.4,-2886.4,-685.02,6782,310165,83,1264,1010,0.75438,0.26247,2.0487
-2422.3,4071.8,349.43,-4.8258,-989.08,4646.6,5.487e+05,522879,1,-3680.4,1610.2,1120,-2545.3,2276.7,625.64,2887,-2781.2,-684.44,6781.2,310163,83,1264,1010,0.74179,0.26247,2.0533
-2366.8,4110.7,308.78,-5.216,-889.97,4669.4,5.4477e+05,522877,1,-3746.8,1072.6,1188.5,-2378.2,2079.3,576.42,2798.5,-2564.7,-661.59,6462.2,308083,83,1264,1010,0.72918,0.26247,2.0578
-2313.4,4140,271.07,-5.4773,-795.89,4683.1,5.3915e+05,522875,1,-3794.7,698.55,1233.8,-1999.2,1977.2,447.14,2681.5,-2423.7,-627.39,6162.3,305372,83,1264,1010,0.71654,0.26247,2.0622
-2264.3,4161.9,237.65,-4.6672,-708.48,4690.8,5.3824e+05,522873,1,-3148.6,258.94,1042.3,-1273.1,1720,218.1,2262.2,-2277.9,-484.04,5122,295586,83,1264,1010,0.70387,0.26247,2.0666
-2225.9,4171.8,210.33,-3.6235,-635.72,4690.3,5.3475e+05,522871,1,-2363.5,-53.761,795.6,-525.54,1334.5,6.1141,1861.8,-2163.6,-345.77,4067.7,285102,83,1264,1010,0.69118,0.26247,2.0709
-2195.5,4176.4,186.59,-2.8035,-571.99,4687.3,5.3337e+05,522869,1,-1993.3,-233.19,680.96,-86.093,1046.6,-103.75,1699.3,-2068.2,-291.92,3585.4,268156,83,1264,1010,0.67846,0.26247,2.0751
-2167.5,4176.5,163.69,-2.9077,-511.45,4680.4,5.3134e+05,522867,1,-2049.5,-356.77,701.15,59.037,835.87,-122.49,1727,-1980.3,-305.3,3540.3,267376,83,1264,1010,0.66571,0.26247,2.0792
-2140.2,4171.1,141.41,-3.6465,-452.65,4668.3,5.2851e+05,522865,1,-1958.5,-775.96,711.06,571.03,467.1,-237.39,1609,-1799.4,-277.5,3383.5,254164,83,1264,1010,0.65294,0.26247,2.0832
-2112.6,4160,120.36,-4.2268,-395.29,4650.5,5.2667e+05,522863,1,-1726.3,-1174.1,678.73,972.83,204.3,-323.66,1432.4,-1635.2,-232.24,3269.9,251525,83,1264,1010,0.64015,0.26247,2.0872
-2087.7,4145.3,101.76,-4.0354,-341.45,4629.8,5.289e+05,522861,1,-1607.2,-1399.4,657.21,1093.7,90.955,-338.46,1310.2,-1575.8,-195.82,3245,250975,83,1264,1010,0.62733,0.26247,2.0911
-2066.9,4128.4,85.351,-3.4983,-291.84,4608.5,5.308e+05,522859,1,-1502,-1467.7,624.34,1161.9,39.703,-345.94,1271.2,-1562.1,-177.09,3218.5,250293,83,1264,1010,0.61449,0.26247,2.0949
-2044.4,4112.8,67.744,-3.7678,-238.99,4587.2,5.3763e+05,522857,1,-1839,-1412,703.11,1095.9,64.685,-322.87,1435.8,-1575.8,-215.52,3430.9,255046,83,1211,1008,0.60162,0.26247,2.0986
-2013.2,4097.4,46.519,-5.4444,-176.45,4562.1,5.4013e+05,522855,1,-2518.4,-1388.9,877.31,1055.1,224.73,-323.95,1623.1,-1545.1,-260.06,3924.2,283262,83,1211,1008,0.58873,0.26247,2.1023
-1974.1,4079,23.655,-7.4059,-106.84,4530.3,5.4137e+05,522853,1,-2610.6,-1490.3,899.53,1207,513.85,-395.95,1508.9,-1467.3,-228.54,4025.5,284504,83,1211,1008,0.57582,0.26247,2.1059
-1937,4062.9,4.509,-6.5529,-38.22,4500.8,5.4459e+05,522851,1,-2391.2,-1632,840.68,1410.4,257.37,-409.13,1294.5,-1439.1,-168.67,4025.5,284505,83,1211,1008,0.56289,0.26247,2.1094
-1908.3,4040.7,-10.294,-4.8282,20.407,4468.7,5.4761e+05,522849,1,-1539.2,-2180.4,675.59,1852.1,716.73,-572.55,934.23,-1245.8,-87.778,4025.5,284506,83,1211,1008,0.54994,0.26247,2.1128
-1887.5,4010.7,-21.508,-2.8821,68.926,4432.2,5.5846e+05,522847,1,-1334.7,-2673.8,670.28,2643.4,597.15,-743.73,810.85,-1124.2,-67.044,4382.1,288601,83,1211,1008,0.53696,0.26247,2.1161
-1871.4,3969.5,-30.886,-1.8706,109.12,4387.2,5.6768e+05,522845,1,-1001.2,-3212.4,646.24,3422.9,784.17,-943.46,657.63,-969.62,-42.756,5131.8,295657,83,1212,1009,0.52397,0.26247,2.1194
-1857.3,3915.6,-38.887,-1.7297,142.47,4331.6,5.7098e+05,522843,1,-1026.8,-3809,718.2,4257.3,912.16,-1138.4,578.23,-798.73,-40.543,6107.8,304910,83,1212,1009,0.51095,0.26247,2.1225
-1842.4,3848.1,-45.77,-2.1122,170.83,4263.2,5.7239e+05,522841,1,-946.59,-4529.7,780.66,5549.5,1040.1,-1429.3,405.83,-571.32,-24.755,7512.5,314262,83,1212,1009,0.49792,0.26247,2.1256
-1827.9,3762.1,-49.625,-2.0244,190.1,4178.6,5.7805e+05,522839,1,-665.2,-6283.2,926.39,6815.7,1462.2,-1734.6,28.735,-23.314,-4.434,9611.5,322534,83,1212,1009,0.48487,0.26247,2.1287
-1820.5,3654.4,-47.125,-0.07925,191.62,4078.5,5.8887e+05,522837,1,845.47,-9985.3,1045.7,8774.8,2547.3,-2249.6,-843.58,985.3,62.607,13847,331957,83,1204,1006,0.4718,0.26247,2.1316
-1828.3,3528.3,-34.093,6.662,168.76,3970.5,5.8546e+05,522835,1,1498.1,-12651,1238.4,9564,3519.8,-2491.5,-1329.4,1583.8,88.511,16679,334801,83,1204,1006,0.45871,0.26247,2.1344
-1852.8,3389.9,-11.805,17.699,123.34,3861.2,5.419e+05,522833,1,-14657,-8253.2,4023.6,12733,3196.1,-3041.4,4334.3,-1535.7,-701.9,22414,339123,83,1204,1006,0.44561,0.26247,2.1372
-1262.8,3258.2,-217.98,-71.572,644.7,3440.5,5.221e+05,522831,1,-1.2032e+05,56739,17084,59198,-49008,-5697.7,36138,-25868,-4059.1,1.6099e+05,362859,83,1204,1006,0.43248,0.26247,2.1399
-2578.3,3901.6,457.5,-15.445,-1237.8,4532.8,5.4268e+05,521355,1,-4720,2270.7,1527.9,-4201.2,662.81,1539.1,3490.3,-3182.8,-925.65,8567.2,319092,83,1264,1010,0.79136,0.27586,2.0329
-2522.8,3971.5,418.29,-7.7203,-1132.2,4585.9,5.4668e+05,521353,1,-3450.8,2707.5,954.88,-4426.7,621.07,1611.4,2720.3,-3379.7,-582.74,7867.1,316219,83,1264,1010,0.77887,0.27586,2.0377
-2482.8,4027.7,383.9,-3.4218,-1045,4630.5,5.484e+05,521351,1,-3030.1,2736.3,770.79,-3681.4,1156.1,1232.6,2622,-3333.4,-536.06,7207.4,312665,83,1264,1010,0.76635,0.27586,2.0425
-2443.6,4070.1,348.56,-2.572,-961.41,4661.9,5.5347e+05,521349,1,-3085.9,2359.5,817.02,-2998.1,2165.8,813.73,2689.8,-3102.7,-571.67,6876.6,310770,83,1264,1010,0.75381,0.27586,2.0471
-2395.8,4108.5,309.82,-3.0904,-869.38,4686.2,5.5316e+05,521347,1,-3195.6,1756.6,916.11,-2317.5,2373.2,517.24,2689.3,-2836.1,-587.19,6405.3,307651,83,1264,1010,0.74123,0.27586,2.0517
-2350.8,4137.5,273.49,-4.1363,-782.8,4701.8,5.4514e+05,521345,1,-3384,1342,1023,-2203.4,2067.3,507.47,2685.1,-2659,-598.75,6190.6,305590,83,1264,1010,0.72863,0.27586,2.0562
-2305.4,4164.3,238.75,-4.4947,-696.26,4714.7,5.3876e+05,521343,1,-3099.1,580.72,999.5,-1595,1582.9,343.81,2419.7,-2371,-523.79,5278.3,296852,83,1264,1010,0.716,0.27586,2.0607
-2263.4,4181.6,207.51,-4.4903,-616.23,4719.3,5.3499e+05,521341,1,-2661.4,-27.778,907.92,-830.3,1227.6,119.5,2064.7,-2166.3,-412.19,4386.8,288643,83,1264,1010,0.70334,0.27586,2.065
-2227.7,4189.6,181.26,-3.5346,-545.77,4717,5.3292e+05,521339,1,-2269,-177.93,782.03,-382.58,1127.8,-21.328,1819.8,-2118.6,-325.41,3888,282644,83,1264,1010,0.69066,0.27586,2.0693
-2199.2,4191.2,158.54,-2.7248,-484.01,4710.9,5.3162e+05,521337,1,-1901.6,-295.72,663.93,36.59,963.6,-138.82,1649.1,-2060.6,-267.04,3482.9,265919,83,1264,1010,0.67795,0.27586,2.0735
-2174.9,4185.1,137.57,-2.9339,-428.52,4699.1,5.2936e+05,521335,1,-1659,-631.3,615.41,470.71,614.27,-231.57,1527.8,-1875.3,-240.39,3176.6,249004,83,1264,1010,0.66521,0.27586,2.0776
-2151.7,4175.8,117.44,-3.3848,-374.5,4684.1,5.2754e+05,521333,1,-1577.4,-1080.5,636.21,876.56,285.45,-311.09,1435.6,-1652.3,-229.75,3138.6,248107,83,1264,1010,0.65245,0.27586,2.0817
-2129.2,4162,98.666,-3.6573,-322.39,4664.9,5.2787e+05,521331,1,-1511.5,-1335.7,640.83,1093.6,134.11,-352.73,1350.6,-1545.8,-210.07,3174.2,248950,83,1264,1010,0.63966,0.27586,2.0856
-2108,4145.1,81.224,-3.7312,-272.17,4643,5.3214e+05,521329,1,-1462.4,-1495.2,638.22,1149.6,104.06,-360.12,1291.1,-1498.6,-191.06,3192.6,249413,83,1211,1008,0.62685,0.27586,2.0895
-2087.2,4129,64.454,-3.4835,-221.38,4621.7,5.4135e+05,521327,1,-1532.6,-1574.7,657.02,898.9,456.75,-325.6,1301.5,-1495.2,-184.7,3216.6,250089,83,1211,1008,0.61402,0.27586,2.0933
-2063.4,4114.4,46.219,-3.8604,-165.89,4600.1,5.4996e+05,521325,1,-2009.2,-1527.2,774.25,709.55,1238.7,-369.55,1480.7,-1509.4,-224.27,3696.5,269870,83,1211,1008,0.60117,0.27586,2.0971
-2032.1,4102,25.532,-4.6635,-101.48,4576.7,5.5355e+05,521323,1,-2451.4,-1537.9,888.09,704.37,1772.2,-435.04,1565.7,-1484.7,-243.6,4207.6,286828,83,1211,1008,0.58829,0.27586,2.1007
-1993.8,4093.1,4.0962,-4.2858,-28.249,4552.8,5.5973e+05,521321,1,-2334.5,-1984.3,902.76,654.93,2555.1,-520.19,1432.8,-1324.4,-219.06,4613.6,290979,83,1211,1008,0.57539,0.27586,2.1043
-1961.6,4077.1,-13.399,-3.1052,36.582,4524.3,5.5975e+05,521319,1,-1905.6,-2342.4,816.16,1244.6,2692.7,-688.18,1143.9,-1214.9,-147.15,4675.9,291596,83,1211,1008,0.56246,0.27586,2.1078
-1940.6,4055.7,-25.863,-0.98024,89.126,4495.3,5.643e+05,521317,1,-1158.4,-2711.7,658.39,1706.7,3608,-922.54,852.76,-1163.5,-68.818,5291.1,296958,83,1211,1008,0.54952,0.27586,2.1112
-1927.2,4025.9,-35.791,0.39772,131.84,4461.6,5.7339e+05,521315,1,-877.97,-2740.2,579.9,2340.7,2902.4,-978.18,714.33,-1152.4,-32.102,5031.4,294666,83,1211,1008,0.53656,0.27586,2.1145
-1917.7,3986.7,-43.692,1.4632,167.58,4421,5.8105e+05,521313,1,-848.87,-2764.1,567.97,2832.2,4035.3,-1233.4,632.66,-1190.2,-0.69484,6027.1,303858,83,1212,1009,0.52357,0.27586,2.1178
-1909.1,3938,-50.045,2.4917,198.73,4372.1,5.8371e+05,521311,1,-492.57,-2601.7,453.33,3894.3,4818.1,-1572.7,412.52,-1246.7,63.953,7056.8,311841,83,1212,1009,0.51057,0.27586,2.1209
-1902,3875.5,-54.029,3.6447,222.44,4311.7,5.8679e+05,521309,1,-290.27,-2838.9,432.77,4727.8,5657.2,-1851.9,138.51,-1099.7,111.27,8207.2,317840,83,1212,1009,0.49754,0.27586,2.124
-1903.7,3798.9,-52.077,6.7659,231.2,4243.2,5.9163e+05,521307,1,2472,-4259.6,-3.9787,6028.5,7349.5,-2337.3,-1015.5,-527.78,298.03,11021,326085,83,1212,1009,0.4845,0.27586,2.127
-1934.2,3706.4,-37.148,14.317,205.37,4175.8,5.8644e+05,521305,1,3252.7,-7116.4,200.81,7311.9,6304,-2445.2,-1367.2,384.3,251.93,12749,330267,83,1212,1009,0.47144,0.27586,2.13
-2012.2,3596.1,-6.8316,25.088,128.1,4118.7,5.4522e+05,521303,1,-8373.3,1266.2,1559.2,21887,-4451.6,-4069.2,3641.4,-3872.3,-252.05,24857,340768,83,1204,1006,0.45836,0.27586,2.1328
-1952.1,3329,-43.652,-20.051,101.5,3858,4.916e+05,521301,1,-68768,42391,8621,51831,-46065,-4732.4,27423,-21527,-2851.3,1.1249e+05,358994,83,1204,1006,0.44527,0.27586,2.1356
5.0027,1931.4,-821.78,-555.84,1206.3,1625.3,5.1574e+05,521299,1,-2.1493e+05,1.5489e+05,23058,1.5552e+05,-1.5572e+05,-11040,57123,-46686,-5487.1,3.5319e+05,367487,83,1204,1006,0.43216,0.27586,2.1383
-2562.1,3921.8,421.73,-15.88,-1139.7,4563.3,5.5172e+05,519823,1,-5939.4,-144.97,2342.3,-3157.9,2695.6,846.07,4238.7,-2063.2,-1363.8,9045.7,320574,83,1264,1010,0.79073,0.28924,2.0313
-2488.4,3972.3,372.12,-13.641,-1019,4590.3,5.4435e+05,519821,1,-4395.9,1288.9,1507.6,-4037.1,1491,1329.1,3180.6,-2781.2,-826.96,7879.1,316292,83,1264,1010,0.77825,0.28924,2.0361
-2442.3,4040.4,336.66,-6.5507,-920.7,4642.8,5.3674e+05,519819,1,-3288.6,2461.9,885.61,-4277.3,1254.2,1425,2683.4,-3308.3,-536.18,7615.3,314833,83,1264,1010,0.76574,0.28924,2.0409
-2405.6,4103.7,303.93,-1.4871,-832.08,4693.4,5.4801e+05,519817,1,-2451.1,2597.3,533.11,-3480.1,1772.2,1032.1,2362,-3268.1,-404.17,6765.9,310077,83,1264,1010,0.75321,0.28924,2.0455
-2370.8,4139.9,270.66,-1.6158,-752.67,4718.7,5.5186e+05,519815,1,-2766.3,2051.7,713.88,-2290,2076.5,540.06,2526.2,-2960.1,-499.15,6132.9,305111,83,1264,1010,0.74064,0.28924,2.0501
-2334.4,4162.7,238.18,-2.8088,-675.91,4730.4,5.4706e+05,519813,1,-2592.8,1178.3,752.84,-1627.8,1676.2,341.93,2351.5,-2587.1,-469.2,5166.9,295981,83,1264,1010,0.72805,0.28924,2.0546
-2298.7,4182.7,207.16,-3.7108,-600.2,4739.4,5.3736e+05,519811,1,-2457.1,442.48,789.96,-1135,1115.5,237.72,2179,-2291.3,-432.68,4430.8,289019,83,1264,1010,0.71543,0.28924,2.059
-2263,4196.7,178.1,-4.1303,-526.51,4742.1,5.3166e+05,519809,1,-2521.5,157.87,839.25,-845.88,996.9,151.4,2076.4,-2196.2,-402.73,4256.3,287305,83,1264,1010,0.70278,0.28924,2.0634
-2230.8,4202.5,152.71,-3.7244,-459.05,4738.1,5.3022e+05,519807,1,-2090.8,-178.66,724.23,-240.49,782.23,-27.383,1768.3,-2082.7,-301.06,3626.8,268863,83,1264,1010,0.69011,0.28924,2.0677
-2205.1,4200.4,131.32,-3.0699,-400.66,4728.9,5.2834e+05,519805,1,-1546.9,-562.93,584.43,344.03,565.88,-190.72,1474.9,-1907.2,-214.74,3063.6,211210,83,1264,1010,0.67741,0.28924,2.0719
-2184.1,4193,112.51,-2.4414,-348.27,4716.2,5.3091e+05,519803,1,-1234.9,-947.05,528.41,762.23,428.87,-302.49,1313.1,-1731.2,-177.81,2882.8,206274,83,1264,1010,0.66468,0.28924,2.076
-2166.1,4180.9,95.026,-2.3573,-299.85,4700.1,5.3071e+05,519801,1,-1288,-1140.5,563.56,957.5,326.74,-344.83,1326.9,-1635.2,-190.92,2981.7,208292,83,1264,1010,0.65193,0.28924,2.08
-2149,4163.6,78.319,-2.7306,-253.59,4679.3,5.3419e+05,519799,1,-1214,-1575.1,591.15,1131.7,238.4,-380.68,1249.2,-1459,-182.07,3083.7,246436,83,1211,1008,0.63916,0.28924,2.084
-2130.5,4147.7,61.635,-2.7745,-204.84,4658.8,5.4624e+05,519797,1,-1271.3,-1982.3,656.79,416.61,1146.6,-287.26,1254.9,-1347.6,-188.77,3312.8,252576,83,1211,1008,0.62636,0.28924,2.0879
-2110.4,4138.8,44.77,-1.8472,-150.83,4643.6,5.6061e+05,519795,1,-1543.2,-2087.6,742.12,-497.78,3133.6,-298.58,1344,-1387.5,-200.54,4606.3,290902,83,1211,1008,0.61353,0.28924,2.0917
-2085.8,4139.2,26.361,-0.1936,-87.553,4634.3,5.7086e+05,519793,1,-1865.1,-1960.8,805.76,-120.3,3608.2,-470.87,1424.7,-1432.8,-212.34,5035.4,294707,83,1211,1008,0.60069,0.28924,2.0954
-2055,4145.6,6.1365,1.8194,-14.767,4627,5.7329e+05,519791,1,-1950,-2427,882.56,-711.58,6259.7,-672.52,1426,-1338.9,-215.21,7381.5,313501,83,1211,1008,0.58782,0.28924,2.099
-2027.4,4144.2,-11.882,3.6699,52.587,4613.3,5.7054e+05,519789,1,-1805.3,-3107.5,923.42,-123.96,7505.1,-1010.5,1272.3,-1150.7,-189.89,8608.7,319216,83,1211,1008,0.57493,0.28924,2.1026
-2001.9,4141.7,-28.032,6.2808,118.45,4598.7,5.6082e+05,519787,1,-1693.5,-3245.2,901.81,317.62,7999.2,-1194.3,1216.2,-1240.7,-155.48,8978.9,320371,83,1211,1008,0.56202,0.28924,2.1061
-1981.8,4125.4,-41.297,8.161,174.06,4573.6,5.481e+05,519785,1,-1605.9,-2711.8,791.32,2363.8,6701.5,-1541.5,1115.4,-1689,-57.066,8217.8,317868,83,1211,1008,0.54908,0.28924,2.1095
-1964.6,4101.9,-52.904,9.7416,224.75,4542.8,5.3738e+05,519783,1,-1280.3,-1896.9,579.64,2085.3,4575.3,-1147,904.72,-1951.1,39.652,6066.1,304566,83,1211,1008,0.53613,0.28924,2.1128
-1947.8,4077.9,-62.983,12.38,275.5,4511.2,5.2916e+05,519781,1,-1723.8,-357.44,468.01,2311,3311.7,-1014.1,961.67,-2731.7,141.71,6027.1,303859,83,1211,1008,0.52316,0.28924,2.1161
-1928.1,4046.7,-72.802,14.81,326.49,4471.2,5.2612e+05,519779,1,-1060.9,-222.39,280.66,3040.6,5272.2,-1432.7,580.11,-2469.5,197.89,6842.6,310550,83,1211,1008,0.51016,0.28924,2.1192
-1911.6,4001.4,-78.592,18.294,367.97,4419.9,5.3143e+05,519777,1,-573.46,1573.5,-82.255,3806.6,3326,-1333,174.7,-3352.2,420.14,6842.6,310551,83,1205,1007,0.49715,0.28924,2.1223
-1927.5,3940.1,-69.73,26.517,371.82,4371,5.3866e+05,519775,1,2216.3,3148.2,-941.56,5348.6,4296.6,-1787.8,-911.2,-3786.2,729.08,9037.2,320541,83,1212,1009,0.48412,0.28924,2.1254
-2024.5,3850.4,-32.824,40.992,288.39,4340.5,5.3094e+05,519773,1,4529.3,982.42,-1161.9,9629.8,5604.2,-2863.8,-1258.7,-2986.1,693.54,12890,330528,83,1212,1009,0.47107,0.28924,2.1283
-2060.8,3639.3,-37.011,13.6,203.75,4177.5,4.9067e+05,519771,1,-40641,29366,4582.6,52737,-17670,-8822.3,16736,-14048,-1627.3,78653,354993,83,1212,1009,0.458,0.28924,2.1311
-1045.1,2487.1,-441.87,-313.11,571.87,2654.9,5.0043e+05,519769,1,-1.8112e+05,1.5091e+05,16814,1.8413e+05,-1.4957e+05,-17669,52570,-44497,-4816.2,3.4237e+05,367424,83,1212,1009,0.44491,0.28924,2.1339
2378.3,-772.63,-1437.7,-1031.5,1842,-1965.5,5.3183e+05,519767,1,-3.0487e+05,2.6961e+05,24664,2.3193e+05,-2.9805e+05,-6254.1,71561,-59035,-6436.3,5.6352e+05,368002,83,1204,1006,0.43181,0.28924,2.1366
-2580.3,3968.5,400.16,-11.63,-1067.9,4628.9,5.5819e+05,518293,1,-6102.3,-476.83,2447.4,-3617.7,1764.9,1152.9,4508,-1729.6,-1501.2,9045.7,320575,83,1264,1010,0.79007,0.30261,2.0296
-2480.7,4002.7,338.11,-13.573,-924.1,4629.9,5.5405e+05,518291,1,-5850,4.9213,2239.4,-3250.1,1949.3,948.2,3945.2,-2267.2,-1171.5,8750.8,319592,83,1264,1010,0.7776,0.30261,2.0344
-2407.2,4047.6,289.1,-12.446,-803.48,4649.3,5.3868e+05,518289,1,-4006.4,1351.6,1310.9,-4138.8,1224.5,1365.6,2983,-2919.4,-689.97,7614.9,314829,83,1264,1010,0.76511,0.30261,2.0392
-2368.1,4119.1,256.98,-4.7577,-708.63,4705.2,5.3116e+05,518287,1,-2746.7,2055.5,714.64,-4038.8,873.59,1364.9,2423.9,-3239,-417.44,6910.8,310962,83,1264,1010,0.75258,0.30261,2.0438
-2345,4162.3,231.42,-0.78897,-638.49,4740.2,5.4259e+05,518285,1,-1901.6,1872.1,410.6,-2397.1,1134,702.26,2036,-2961.4,-297.81,5274.3,296814,83,1264,1010,0.74002,0.30261,2.0484
-2319.2,4185.3,203.45,-1.3059,-571.21,4755,5.4683e+05,518283,1,-1845.6,1036,499.62,-1194.7,1206,246.52,2036.1,-2501.9,-349.96,4266.1,287403,83,1264,1010,0.72744,0.30261,2.0529
-2291.2,4197.4,175.54,-2.9329,-505.04,4758.5,5.3665e+05,518281,1,-2168.7,674.81,656.55,-926.87,1094.6,163.75,2096.2,-2355.9,-385.11,4215,286895,83,1264,1010,0.71483,0.30261,2.0573
-2261.4,4206.3,148.58,-3.9682,-437.97,4757.8,5.2899e+05,518279,1,-2081.1,186.7,682.42,-534.78,709.63,79.338,1913,-2166.1,-335.88,3753.9,270877,83,1264,1010,0.70219,0.30261,2.0617
-2234.3,4209.8,125.13,-3.7079,-375.56,4752.8,5.2696e+05,518277,1,-1593.4,-345.08,582.19,18.352,431.85,-68.604,1562.6,-1955.2,-233.97,3083.5,246431,83,1264,1010,0.68953,0.30261,2.0659
-2213.1,4207.7,105.75,-2.5843,-320.87,4744.5,5.2756e+05,518275,1,-1120.4,-827.59,488.67,462.6,266.89,-188.56,1293.2,-1768.4,-163.06,2706.7,201571,83,1264,1010,0.67684,0.30261,2.0701
-2197.3,4198.7,89.01,-1.8456,-273.43,4731.8,5.3367e+05,518273,1,-1027.5,-1067.8,486.41,797.28,271.22,-293.65,1233.9,-1676.1,-153.14,2753.8,202405,83,1264,1010,0.66413,0.30261,2.0742
-2185.9,4183,74.338,-1.6196,-232.27,4714.6,5.3799e+05,518271,1,-665.12,-1762.1,466.09,896.08,350.97,-332.53,1078,-1402.7,-134.04,2819.4,203669,83,1211,1008,0.65139,0.30261,2.0783
-2175.8,4168.4,60.512,-0.95547,-191.1,4698.6,5.5312e+05,518269,1,-766.91,-2458.8,592.51,208.1,1339.9,-262.05,1134.4,-1200.5,-172.3,3413.2,254729,83,1211,1008,0.63862,0.30261,2.0822
-2161.6,4167.2,44.774,0.74105,-139.4,4692.7,5.6298e+05,518267,1,-1102.8,-2770.3,733.61,-836.26,2351.1,-95.904,1255.7,-1164.4,-207.77,4317.5,287927,83,1211,1008,0.62583,0.30261,2.0861
-2141.9,4189.1,26.771,4.8045,-71.419,4704.5,5.6058e+05,518265,1,-1307.7,-3068.7,831.79,-3132.6,5161.4,160.25,1473.5,-1352.4,-235.96,7235.6,312806,83,1211,1008,0.61302,0.30261,2.0899
-2118.5,4232.3,7.3079,11.17,10.886,4732.9,5.5067e+05,518263,1,-1809.3,-3016.7,953.71,-2575.5,8196.8,-449.27,1621.2,-1697.1,-217.76,9636.5,322636,83,1211,1008,0.60019,0.30261,2.0936
-2094.4,4281.8,-12.243,18.154,98.373,4765.5,5.3796e+05,518261,1,-1541.2,-2745.6,828.31,-908.82,7859.2,-871.64,1457.6,-2425.2,-53.124,9053.3,320603,83,1211,1008,0.58733,0.30261,2.0973
-2078.4,4297.5,-27.227,22.443,164.83,4770.8,5.2338e+05,518259,1,-1558.1,-2931.9,841.94,-712.64,7836.6,-910.57,1357,-2071.6,-71.025,8978.9,320372,83,1211,1008,0.57445,0.30261,2.1009
-2051.8,4301.7,-48.402,21.692,238.41,4760.2,4.9607e+05,518257,1,-3286.6,-293.06,908.81,6208.8,-1650.3,-1372.9,2012.2,-3676.6,-0.72248,8511,318897,83,1211,1008,0.56155,0.30261,2.1043
-2015.2,4237.7,-71.001,12.329,290.65,4683.9,4.6703e+05,518255,1,-2547.9,1899.3,377.02,5773.6,-9803.5,-34.562,1606.4,-4290.8,204.12,12677,330145,83,1211,1008,0.54863,0.30261,2.1077
-1983.3,4152.1,-88.579,3.196,327.55,4590.6,4.4482e+05,518253,1,-4091.1,5307.6,253.27,16837,-34128,746.63,1982.1,-5337,273.64,39067,346967,83,1211,1008,0.53568,0.30261,2.1111
-1944.7,4100.4,-108.59,-2.4037,386.9,4523,4.3082e+05,518251,1,-2941.9,6655.7,-247.83,4879.7,-41259,4839.9,1516.7,-5862,470.44,42889,348117,83,1211,1008,0.52272,0.30261,2.1143
-1898.3,4044.6,-128.96,-7.6098,451.16,4447,4.3126e+05,518249,1,-1073.7,8650.2,-989.44,30416,-97890,6991.7,630.44,-6740.9,816.4,1.0334e+05,358087,83,1211,1008,0.50974,0.30261,2.1175
-1863.4,3989.7,-140.03,-6.9243,504.15,4376.6,4.3799e+05,518247,1,3317,-713.07,-643.62,18041,-1.5751e+05,18790,-714.5,-4019.2,734.3,1.5975e+05,362778,83,1211,1008,0.49673,0.30261,2.1206
-1856.4,3950.1,-138.3,1.6902,539.27,4333.3,4.4578e+05,518245,1,68.467,-8604.3,1255.8,10907,-1.7598e+05,23166,-107.48,-2304.6,343.99,1.7806e+05,363883,83,1205,1007,0.48371,0.30261,2.1236
-1857.7,3842.9,-135.19,0.48554,533.1,4237.1,4.5773e+05,518243,1,-61220,65630,3963.7,26250,-1.5739e+05,17154,21395,-29275,-480.51,1.8746e+05,364366,83,1212,1009,0.47067,0.30261,2.1265
-1095.7,2998,-433.91,-235.63,824.6,3105.1,4.8102e+05,518241,1,-1.975e+05,2.5116e+05,5857.4,1.7946e+05,-2.1037e+05,-7905.9,55716,-76896,-816.38,4.332e+05,367792,83,1212,1009,0.45762,0.30261,2.1294
2136.6,-459.26,-1449.4,-1036.6,1816.5,-1582,5.2356e+05,518239,1,-3.203e+05,3.8718e+05,11107,3.4462e+05,-2.9093e+05,-30055,75921,-99990,-1558.8,6.8753e+05,368077,83,1212,1009,0.44454,0.30261,2.1321
7345.7,-6182.9,-2428.9,-1767.7,2973.9,-9280,5.5553e+05,518237,1,-3.1744e+05,4.2985e+05,3110,1.6412e+05,-1.8512e+05,-7866.1,27114,-57827,2599.3,5.9237e+05,368022,83,1204,1006,0.43145,0.30261,2.1348
-2598.9,3984.6,383.37,-6.8437,-1007.8,4665.1,5.5202e+05,516765,1,-4574.2,584.26,1673.8,-4664.7,923.96,1674.4,4165,-2065.1,-1292.2,8530.2,319000,83,1264,1010,0.78938,0.31597,2.0279
-2497.4,4040.4,312.2,-13.199,-850.49,4683.6,5.571e+05,516763,1,-6714.3,-972.79,2717.9,-3227.6,2126.3,908.03,4508.8,-1813.9,-1443.7,8750.8,319591,83,1264,1010,0.77693,0.31597,2.0327
-2405.5,4073.8,257.13,-12.616,-714.63,4683.7,5.4932e+05,516761,1,-5144,-239.36,1975.2,-3346.4,1834.1,971.09,3517.4,-2205.2,-983.14,8007.9,317030,83,1264,1010,0.76444,0.31597,2.0374
-2340,4122.8,211.32,-11.52,-598.57,4707.4,5.2524e+05,516759,1,-3293.8,1016.8,1061.6,-3209.8,689.28,1071.9,2561.8,-2768.4,-516.59,6279.4,306364,83,1264,1010,0.75192,0.31597,2.042
-2317.2,4174.5,190.39,-2.1063,-526.04,4749.3,5.215e+05,516757,1,-1257.1,1684.5,194.28,-2545.3,489.09,846.13,1563.6,-2923.2,-111.05,4784.5,292598,83,1264,1010,0.73938,0.31597,2.0466
-2303,4198.1,168.6,-0.72298,-469.66,4768.2,5.3841e+05,516755,1,-1387.2,1365.2,283.26,-1324.1,735.48,359.5,1823.5,-2642.8,-242.17,4081.6,285278,83,1264,1010,0.72681,0.31597,2.0511
-2283.3,4208.7,144.3,-1.9724,-411.48,4772.7,5.3639e+05,516753,1,-1601.2,692.7,449.98,-681.84,669.86,135.61,1855.1,-2333.3,-287.66,3625.8,268842,83,1264,1010,0.71421,0.31597,2.0555
-2260.1,4213.8,120.05,-3.1343,-351.45,4770.2,5.2895e+05,516751,1,-1483.6,17.513,501.7,-164.23,367.9,-0.016881,1659.7,-2050.7,-249.25,3104.4,247110,83,1264,1010,0.70158,0.31597,2.0599
-2238.6,4214.7,98.668,-3.1137,-294.73,4764.3,5.2687e+05,516749,1,-1097.9,-543.59,450.92,214.2,132.16,-90.29,1373.5,-1827.2,-177.56,2651.9,200522,83,1264,1010,0.68893,0.31597,2.0641
-2223.7,4209.5,81.496,-2.336,-246.55,4755.1,5.2719e+05,516747,1,-894.36,-820.89,419.81,487.06,86.777,-171.51,1220.2,-1731.4,-137.32,2535.7,196134,83,1264,1010,0.67625,0.31597,2.0683
-2216.5,4198.6,68.212,-1.246,-207.6,4743.7,5.3841e+05,516745,1,-253.25,-1609,327.6,693.74,185.67,-250.78,937.22,-1429.9,-82.606,2503.8,194132,83,1197,1005,0.66355,0.31597,2.0724
-2214.5,4185.8,57.338,0.18575,-173.74,4732.7,5.6253e+05,516743,1,40.517,-2423,358.58,-39.91,1109.2,-161.77,891.73,-1193.5,-96.509,3080.3,246279,83,1211,1008,0.65082,0.31597,2.0765
-2211.7,4186.4,45.129,2.4723,-132.15,4733.1,5.6004e+05,516741,1,-274.54,-2680.9,490.69,-607.28,1705.7,-77.744,1032.9,-1170.9,-140.1,3639.4,269036,83,1211,1008,0.63807,0.31597,2.0804
-2206,4211.8,29.914,6.2502,-75.294,4754,5.3651e+05,516739,1,-600.15,-3429.8,699.39,-2813.4,3508.5,309.27,1463.4,-1292.7,-241.65,6066.7,304575,83,1211,1008,0.62529,0.31597,2.0843
-2191.7,4281.2,8.1655,12.459,11.696,4809.5,5.1031e+05,516737,1,-1027.3,-3741,867.2,-6078.3,4515.9,1103.8,1747.5,-1728.3,-249.48,8970.1,320342,83,1211,1008,0.61249,0.31597,2.0881
-2173.2,4375.8,-16.739,20.207,116.66,4884.3,4.8566e+05,516735,1,-2206.9,-2862.8,1063.6,-2942.4,2237.8,533.4,2439.9,-2615,-303.45,7235.6,312807,83,1211,1008,0.59967,0.31597,2.0918
-2136.4,4403.8,-51.496,13.589,212.62,4890.3,4.5032e+05,516733,1,-5582,3470,1018.1,11570,-18232,-386.07,3272.2,-5518.2,-74.805,23491,339838,83,1211,1008,0.58682,0.31597,2.0955
-2102.6,4316.3,-77.172,-2.2432,251.82,4795.2,4.1196e+05,516731,1,-6302.4,10625,71.152,15607,-40581,2011,3156.4,-7712.9,313.52,46006,348937,83,1211,1008,0.57395,0.31597,2.099
-2029.6,4187,-119.92,-30.885,308.68,4644.2,3.9612e+05,516729,1,-7004.3,19929,-1188.2,19330,-72008,5892.2,3331,-10540,711.64,78510,354971,83,1211,1008,0.56106,0.31597,2.1025
-1930,3858.1,-158.22,-78.259,289.39,4306.4,4.1539e+05,516727,1,-10063,27189,-1508.7,37673,-98887,5200.8,3313.8,-11946,940.26,1.1055e+05,358819,83,1211,1008,0.54815,0.31597,2.1059
-1853.8,3334.3,-180.86,-145.58,145.83,3813.7,4.3518e+05,516725,1,-9746.8,43750,-4197.3,76057,-2.0583e+05,11950,1796.2,-12560,1456.5,2.2469e+05,365789,83,1211,1008,0.53522,0.31597,2.1092
-1711.6,2647.1,-244.81,-261.35,-22.574,3150.9,4.5077e+05,516723,1,-13163,56777,-5343.1,81957,-2.6384e+05,19751,1508.8,-12192,1441.9,2.8337e+05,366922,83,1211,1008,0.52226,0.31597,2.1125
-1618.7,1446.8,-282.81,-439.12,-512.48,2082.8,4.6842e+05,516721,1,33963,38920,-13930,1.5058e+05,-4.1824e+05,27284,-17243,12001,2229.6,4.4906e+05,367834,83,1211,1008,0.50929,0.31597,2.1156
-1823.6,-40.29,-211.43,-621.11,-1446.5,945.39,4.828e+05,516719,1,44638,-45000,-3463.3,90151,-4.8358e+05,51713,-13480,42546,-3375.5,5.0068e+05,367930,83,1211,1008,0.4963,0.31597,2.1187
-2162.1,-856.24,-132.48,-726.07,-2163.5,466.46,4.8581e+05,516717,1,-22329,-62395,14482,15951,-4.5949e+05,64762,10900,33190,-7529.7,4.7059e+05,367886,83,1211,1008,0.48329,0.31597,2.1217
-825.32,-13.793,-706.65,-861.28,-487.28,448.84,4.7639e+05,516715,1,-2.119e+05,-4802.4,47800,-59183,-4.2567e+05,77458,82616,6429.1,-19427,4.9513e+05,367922,83,1205,1007,0.47026,0.31597,2.1247
2929.6,-995.06,-1817.6,-1292.4,2243.9,-2484.2,5.0154e+05,516713,1,-4.4016e+05,3.0835e+05,48192,1.111e+05,-2.2771e+05,10139,1.0186e+05,-84427,-9322.6,6.1076e+05,368027,83,1212,1009,0.45722,0.31597,2.1275
9505.9,-5440.8,-3166.3,-1929.2,5233.5,-9943.8,5.4724e+05,516711,1,-3.8944e+05,5.29e+05,2798,2.5805e+05,-1.094e+05,-38272,37240,-94285,5985.5,7.2239e+05,368093,83,1212,1009,0.44416,0.31597,2.1303
-2572.8,3902.9,383.76,-0.063435,-974.43,4588,5.6885e+05,515239,1,-588.68,4564.4,-512.42,-5643.3,-113.7,2251.2,2542.2,-3626.7,-414.89,8840.7,319925,83,1154,994,0.80108,0.32932,2.0211
-2573.9,3984.6,352.9,-1.257,-910.93,4668.7,5.4032e+05,515237,1,-1758.6,3260,141.33,-5526.6,-99.73,2168.4,3135.1,-2960.9,-730.93,8381.6,318446,83,1154,994,0.78867,0.32932,2.026
-2507.2,4060.7,288.65,-10.314,-777.6,4717.4,5.5404e+05,515235,1,-5873,191.14,2211.1,-3878.8,862.58,1349.2,4407.1,-1872.9,-1384.2,8750.8,319590,83,1264,1010,0.77622,0.32932,2.0308
-2419.4,4104.4,231.43,-11.396,-639.75,4726.9,5.5404e+05,515233,1,-5562.9,-238.02,2122.8,-2855.1,1376.7,849.68,3868.5,-2035.2,-1120.5,8163.3,317670,83,1264,1010,0.76374,0.32932,2.0355
-2337.2,4130,178.88,-14.01,-514.37,4720.9,5.3441e+05,515231,1,-4293.6,7.8088,1581.4,-2393.7,787.86,749.87,2993.2,-2192.2,-747.6,6494.1,308310,83,1264,1010,0.75124,0.32932,2.0402
-2295.8,4175.9,149.14,-7.1936,-423.65,4748.9,5.0802e+05,515229,1,-1798.9,944.31,503.37,-2827.7,103.02,1009.9,1702,-2712.1,-182.75,4867.6,293283,83,1264,1010,0.73871,0.32932,2.0448
-2286.5,4204.3,133.88,-0.65221,-370.9,4773.3,5.2047e+05,515227,1,-938.78,1018.6,170.05,-1496,259.22,491.81,1462,-2561.9,-107.78,3634.2,268972,83,1264,1010,0.72615,0.32932,2.0492
-2275.1,4216.1,113.25,-1.086,-319.7,4781.4,5.3388e+05,515225,1,-946.79,432.51,258.16,-451.78,255.1,117.37,1553.8,-2211.7,-183.25,2961.9,207944,83,1264,1010,0.71356,0.32932,2.0537
-2259.2,4217.6,92.005,-2.414,-267.64,4777.9,5.3012e+05,515223,1,-911.76,-156.84,336.27,97.673,114.57,-50.62,1427.1,-1942.1,-173.9,2614,199746,83,1264,1010,0.70094,0.32932,2.058
-2245.2,4215,73.61,-2.5106,-218.91,4771.3,5.2789e+05,515221,1,-858.63,-475.82,364.71,253.81,16.924,-86.586,1301.1,-1817.6,-147.09,2487.4,193095,83,1264,1010,0.6883,0.32932,2.0623
-2238.9,4208.2,59.976,-1.3292,-179.12,4763.7,5.3537e+05,515219,1,-73.172,-1305.3,233.47,378.69,164.96,-150.81,909.47,-1494.6,-59.863,2279.1,168177,83,1197,1005,0.67564,0.32932,2.0664
-2241.1,4199.3,50.254,0.56759,-147.7,4757.9,5.7481e+05,515217,1,414.96,-1980.2,183.23,206.95,694.5,-180.15,711.94,-1268,-26.579,2607.7,199613,83,1197,1005,0.66294,0.32932,2.0706
-2247.9,4201.4,41.669,3.8089,-114.87,4763.8,5.6531e+05,515215,1,585.78,-2469.1,208.3,-801.35,1549.6,1.3172,773.52,-1178.7,-55.831,3393.7,254382,83,1197,1005,0.65023,0.32932,2.0746
-2252.9,4225.2,29.103,7.1543,-68.465,4787.9,5.2213e+05,515213,1,460.83,-3293.6,379.08,-2082.5,2917.2,176.12,1043.1,-1164.2,-136.22,5152,295862,83,1197,1005,0.63749,0.32932,2.0785
-2259.2,4268.6,13.545,10.277,-11.87,4829.6,4.8507e+05,515211,1,-2387.3,-1149.3,885.41,2054.3,-3426.6,-43.555,2920.3,-2656.5,-445.7,6289,306486,83,1197,1005,0.62472,0.32932,2.0824
-2243.9,4312.2,-20.363,2.0305,70.529,4860.7,4.1707e+05,515209,1,-2228.8,960.85,481.7,-1414.6,-9076.1,1884.2,2884.5,-4102.4,-193.85,10920,325877,83,1211,1008,0.61193,0.32932,2.0862
-2184.5,4262.2,-76.11,-29.22,155.47,4787.4,3.6634e+05,515207,1,-14418,19432,1001.5,30373,-53959,-42.021,6386.1,-10050,-227.93,67546,353248,83,1211,1008,0.59912,0.32932,2.0899
-2036,3913.8,-156.52,-105.73,182.66,4409.4,3.8577e+05,515205,1,-14433,32348,-1135.3,39088,-88771,3222.6,6142.3,-12541,267.62,1.0426e+05,358184,83,1211,1008,0.58628,0.32932,2.0936
-1821.9,3281.1,-231.99,-204.97,121.41,3752.6,4.1372e+05,515203,1,-21564,44913,-1234.8,63494,-1.2584e+05,2561.6,6023.8,-13621,501.54,1.5026e+05,362109,83,1211,1008,0.57343,0.32932,2.0971
-1508.1,2337.3,-335.87,-355.26,-11.88,2779.2,4.4411e+05,515201,1,-35356,75251,-2508.6,86907,-2.0259e+05,8803.3,7660.8,-15010,313.62,2.3638e+05,366076,83,1211,1008,0.56055,0.32932,2.1006
-1054.1,908.82,-451.26,-558.19,-285.06,1322,4.7265e+05,515199,1,-13509,1.0684e+05,-13299,1.5015e+05,-2.9285e+05,7089.8,-8461.3,-10471,3766.5,3.4688e+05,367453,83,1211,1008,0.54765,0.32932,2.104
-929.56,-1391.2,-370.33,-789.31,-1351.9,-697.11,4.9621e+05,515197,1,-30660,97356,-7494.1,1.3003e+05,-3.7174e+05,24834,4365.7,3303.7,-1671.9,4.077e+05,367717,83,1211,1008,0.53473,0.32932,2.1073
-257.01,-5499.2,-245.63,-1119.2,-3011.9,-4477,5.3249e+05,515193,1,61448,87361,-28078,2.2797e+05,-4.1019e+05,8583,-41753,28342,5446.9,4.8484e+05,367907,83,1211,1008,0.50883,0.32932,2.1137
-2484.3,3738.2,382.28,-0.29455,-941.6,4405.2,6.3209e+05,513715,1,190.82,5360,-992.72,-5737.7,-172.71,2385.8,2145.5,-4035.7,-192.69,9451,322018,83,1154,994,0.82504,0.34265,2.0092
-2491.1,3820.3,354.87,-0.31483,-885.47,4488,6.3423e+05,513713,1,194.09,5356.3,-990.06,-5662.6,-159.03,2318.8,2116.4,-4036.7,-169.51,9379.6,321803,83,1154,994,0.8127,0.34265,2.0143
-2499,3901.1,328.41,-0.093993,-829.69,4569.8,6.2127e+05,513711,1,226.66,5293.4,-988.42,-5624.5,-172.82,2258.7,2103.6,-3992.4,-156.07,9284.6,321549,83,1154,994,0.80032,0.34265,2.0192
-2508.3,3981.6,302.32,-0.066559,-773.86,4651.6,5.3468e+05,513709,1,-431.43,5081.7,-696.02,-5558.2,-222.77,2201.5,2486.4,-3860.2,-312.32,9135.9,321024,83,1154,994,0.78792,0.34265,2.0241
-2495.1,4060.4,263.63,-3.9551,-693.21,4722.4,5.4661e+05,513707,1,-3411.8,2837.8,816.31,-4873.3,77.59,1855.4,3687,-2871.7,-923.42,8381.6,318445,83,1154,994,0.77548,0.34265,2.0289
-2420.7,4125.9,201.09,-11.081,-555.58,4755.4,5.5274e+05,513705,1,-4725.6,1032.6,1594.1,-3547.3,872.17,1189,3808.8,-2372.9,-1027.6,7867,316218,83,1154,994,0.76302,0.34265,2.0336
-2344.5,4150.4,154.06,-10.672,-436.97,4749.2,5.4367e+05,513703,1,-4925.1,-185.57,1849.6,-1817.1,1653.4,393.04,3299.2,-2038,-876.51,7050.4,311803,83,1264,1010,0.75053,0.34265,2.0382
-2286.4,4174.4,114.1,-10.892,-335.69,4749.1,5.1522e+05,513701,1,-2376.2,328.02,808.83,-1948.1,574.3,606.35,1970.8,-2260.7,-335.77,4473.1,289462,83,1264,1010,0.73801,0.34265,2.0428
-2273.9,4206.8,99.916,-1.6482,-278.05,4775,5.04e+05,513699,1,-596.55,582.32,114.62,-1248.5,17.765,440.84,1255.5,-2324.6,-54.465,3073.2,211489,83,1264,1010,0.72546,0.34265,2.0473
-2268.8,4217.3,83.042,-0.88755,-233.16,4783.9,5.2489e+05,513697,1,-497.02,335.48,116.68,-412.06,-68.006,156.16,1339.5,-2147,-106.94,2643.4,200348,83,1264,1010,0.71288,0.34265,2.0517
-2260.4,4218.5,65.254,-1.4833,-187.96,4782.7,5.3602e+05,513695,1,-342.21,-266.21,163.02,35.605,-33.037,-5.844,1203.4,-1876.1,-97.889,2279.1,168175,83,1197,1005,0.70028,0.34265,2.0561
-2255.3,4213.4,50.685,-1.2179,-148.33,4777,5.4372e+05,513693,1,-28.909,-1112.3,196.79,160.64,251.87,-96.67,967.56,-1542.2,-67.94,2279.1,168176,83,1197,1005,0.68765,0.34265,2.0603
-2259.6,4209.7,41.212,1.0537,-116.84,4776.6,5.8774e+05,513691,1,630.76,-1767.3,88.716,-181.67,692.41,-58.836,673.76,-1323.9,-0.95001,2500.4,193932,83,1197,1005,0.675,0.34265,2.0645
-2270.5,4217.6,33.607,4.9412,-85.392,4789.2,5.6253e+05,513689,1,1148.9,-2534.2,53.529,-928.02,1718.1,10.455,636.04,-1229.8,0.16735,3670.9,269526,83,1197,1005,0.66232,0.34265,2.0686
-2288.6,4239.8,26.379,9.4409,-52.336,4817.8,5.1505e+05,513687,1,1225.8,-3320.6,162.91,-1972.2,2614.1,187.2,823.24,-1242.5,-51.838,5053.5,294851,83,1197,1005,0.64961,0.34265,2.0726
-2305.4,4270.3,13.19,10.155,-10.947,4852.9,4.5588e+05,513685,1,-2995.6,814.17,762.71,5132.2,-5793.1,-580.16,3012,-3369.4,-356.34,9539.7,322331,83,1197,1005,0.63688,0.34265,2.0766
-2288.7,4235.9,-20.152,-8.606,37.089,4814.6,3.55e+05,513683,1,-7039.5,7990.4,744.41,12816,-18639,-690.15,5153.1,-6440.9,-463.92,26350,341616,83,1197,1005,0.62413,0.34265,2.0804
-2120,3937.8,-121.93,-91.36,110.86,4471.6,3.7608e+05,513681,1,-25745,32736,2079.6,44611,-61971,-2761,9614,-12681,-716.81,88491,356269,83,1211,1008,0.61135,0.34265,2.0842
-1748.3,3196.8,-274.87,-238.73,153.62,3642.9,4.1102e+05,513679,1,-41776,73998,-382.73,91234,-1.3054e+05,-4366.9,9507.2,-17862,225.94,1.817e+05,364074,83,1211,1008,0.59855,0.34265,2.0879
-1253.2,1980.2,-393.83,-399.85,43.723,2342,4.4667e+05,513677,1,-32865,79242,-3795,86706,-1.6375e+05,2496.2,7133.4,-16796,732.4,2.0505e+05,365125,83,1211,1008,0.58573,0.34265,2.0916
-704.83,375.04,-463.76,-567.06,-252.14,683.66,4.7657e+05,513675,1,-42252,1.1226e+05,-6929.1,1.3103e+05,-2.3571e+05,2868.4,-982.17,-7592.1,1488.9,2.9535e+05,367060,83,1211,1008,0.57288,0.34265,2.0951
-2392.7,3566.5,381.25,0.015095,-910.79,4214.3,5.9661e+05,512191,1,385.12,5418.3,-1129.7,-5885.9,-239.76,2544.5,2087.4,-4044.4,-166.2,9628.1,322596,83,1154,994,0.8488,0.35597,1.997
-2402.7,3651.8,354.53,-0.075446,-857.66,4301,5.9502e+05,512189,1,309.71,5395.2,-1089.7,-5851.6,-238.3,2494.5,2122.3,-4033.4,-171.75,9576.8,322439,83,1154,994,0.83653,0.35597,2.0022
-2410.5,3735.6,326.91,-0.38488,-801.53,4385.2,6.1102e+05,512187,1,195.65,5354.4,-1029.9,-5744.7,-228.97,2399.9,2153.7,-4021.6,-171.26,9456.3,322039,83,1154,994,0.82423,0.35597,2.0073
-2417.9,3817.7,299.78,-0.38529,-744.46,4467.3,6.1553e+05,512185,1,223.13,5342.4,-1034.3,-5649.3,-227.81,2313.1,2098.1,-4023.1,-132.75,9358.6,321748,83,1154,994,0.8119,0.35597,2.0123
-2426.2,3898.5,273.51,-0.13909,-687.51,4548.3,6.2415e+05,512183,1,276.85,5337,-1051.5,-5602.5,-223.65,2260.3,2070.2,-4016,-111.87,9308,321613,83,1154,994,0.79953,0.35597,2.0172
-2435.1,3978.5,247.44,-0.067284,-629.97,4628.5,5.931e+05,512181,1,65.145,5132.9,-930.28,-5526.9,-251.03,2196,2198.5,-3887.1,-170.81,9089.6,320721,83,1154,994,0.78714,0.35597,2.0221
-2440.3,4056.7,219.26,-0.92551,-567.69,4705.1,5.3441e+05,512179,1,-1882,3718.1,57.442,-5135.1,-189.57,1991.1,3109,-3192.5,-621.03,8245.2,317954,83,1154,994,0.77472,0.35597,2.0269
-2405.2,4129.3,171.17,-7.1732,-464.71,4759.2,5.5096e+05,512177,1,-3546.6,2102.7,955.67,-4181.7,-5.7339,1574.1,3478.3,-2512.9,-863.88,7552.3,314511,83,1154,994,0.76227,0.35597,2.0316
-2342.9,4175.7,124.46,-7.6531,-348.5,4777,5.4837e+05,512175,1,-4121.9,904.93,1358.1,-2187.8,1028.3,629.9,3091.9,-2316.7,-733.77,6431.1,307863,83,1154,994,0.74979,0.35597,2.0362
-2284.7,4183.6,85.786,-9.1689,-253.26,4760.8,5.2945e+05,512173,1,-2691.8,366.12,912.75,-1142.6,1316.9,179.19,2117,-2196.2,-383.88,4553.8,290300,83,1264,1010,0.73728,0.35597,2.0408
-2267.2,4205.9,67.964,-3.1676,-193.11,4774.7,5.0168e+05,512171,1,-772,390.95,207.82,-1050.6,373.62,308.82,1198.9,-2210.7,-41.767,2908.1,206890,83,1264,1010,0.72474,0.35597,2.0453
-2265.9,4214.2,54.595,-0.76229,-152.74,4782.7,5.1872e+05,512169,1,-82.144,50.853,19.813,-367.01,-188.27,161.21,1101,-2008.7,-35.193,2335.4,169576,83,1173,1001,0.71218,0.35597,2.0497
-2267.3,4215.1,41.302,-0.41237,-116.78,4784.9,5.6267e+05,512167,1,568.29,-789.82,-54.532,-385.56,285.94,79.985,836.38,-1643.2,1.13,2141.5,163737,83,1178,1002,0.69959,0.35597,2.054
-2273.7,4217.1,31.353,1.7104,-84.555,4790.4,6.0013e+05,512165,1,781.17,-1527,6.6517,-523.41,900.33,14.617,742.32,-1441.8,0.79507,2580,198617,83,1178,1002,0.68697,0.35597,2.0583
-2287.2,4227.1,23.81,5.2382,-54.494,4805.9,5.5468e+05,512163,1,1203.8,-2240.7,-7.539,-923.29,1618.3,21.419,576.79,-1284.1,31.442,3453.2,264608,83,1197,1005,0.67433,0.35597,2.0625
-2311.9,4250.4,18.377,9.6996,-27.104,4838.4,5.0229e+05,512161,1,650.33,-1309.5,11.796,301.92,17.619,-89.422,1289.6,-2087.4,-47.018,2991.4,208426,83,1194,1004,0.66166,0.35597,2.0666
-2335.1,4268.1,7.201,8.5784,2.6045,4865.1,4.3285e+05,512159,1,130.77,-108.1,-37.165,987.05,-2768,183.78,1647.1,-2875.9,-17.79,4436.7,289131,83,1194,1004,0.64897,0.35597,2.0706
-2299.8,4188.6,-34.422,-19.859,47.313,4778.3,3.6277e+05,512157,1,-13307,10572,2226.4,23313,-20824,-3516.2,7147.8,-7055.2,-965.72,37217,346328,83,1194,1004,0.63625,0.35597,2.0745
-2040.7,3759.1,-162.49,-123.68,139.62,4276.3,3.9395e+05,512155,1,-37730,43252,3803.7,58737,-68580,-5726.2,12591,-15223,-1149.4,1.0903e+05,358671,83,1197,1005,0.62351,0.35597,2.0784
-1406,2712.3,-379.19,-310.48,264.98,3051.3,4.3459e+05,512153,1,-68700,90449,4435.6,1.0697e+05,-1.2797e+05,-9179,15046,-20783,-836.06,2.0368e+05,365067,83,1211,1008,0.61075,0.35597,2.0822
-500.72,1198.4,-568.31,-481.26,353.23,1285.9,4.6937e+05,512151,1,-63174,1.0279e+05,554.58,1.1898e+05,-1.45e+05,-9377.3,10363,-20720,532.72,2.2442e+05,365782,83,1211,1008,0.59796,0.35597,2.0859
-2307.2,3478,351.98,0.062188,-826.68,4106.1,6.2516e+05,510665,1,404.29,5428,-1182.2,-5877,-223.75,2582.2,2075.6,-4051.2,-145.42,9644.8,322669,83,1154,994,0.86015,0.36928,1.9897
-2318.3,3563.2,325.84,0.05077,-774.6,4192.5,6.178e+05,510663,1,391.89,5422.9,-1168.2,-5875.8,-237.19,2544.3,2085.5,-4045.2,-140.52,9628.8,322599,83,1154,994,0.84793,0.36928,1.9949
-2329.2,3648.2,299.56,-0.01417,-721.02,4278.4,5.8366e+05,510661,1,321.82,5386.2,-1129.3,-5834.3,-259.17,2485.6,2119.9,-4023.1,-142.76,9559,322392,83,1154,994,0.83567,0.36928,2.0001
-2338.2,3732.1,272.47,-0.2999,-664.6,4362.1,5.9049e+05,510659,1,232.93,5337.7,-1083.2,-5760.8,-263.32,2418.6,2151.5,-3994.6,-146.3,9456.8,322041,83,1154,994,0.82338,0.36928,2.0052
-2345,3814,244.78,-0.65353,-605.44,4442.8,5.879e+05,510657,1,206.3,5269.2,-1053.8,-5669.7,-254.27,2337.4,2125.8,-3968.5,-127.96,9320.7,321646,83,1154,994,0.81106,0.36928,2.0102
-2353.1,3895,218.59,-0.28676,-546.89,4522.9,5.902e+05,510655,1,278.02,5277.8,-1071,-5601.5,-263.09,2268.2,2065.4,-3982,-93.634,9262.9,321485,83,1154,994,0.79871,0.36928,2.0152
-2362.4,3974.8,192.93,-0.070681,-488.5,4602,5.9691e+05,510653,1,318.61,5209.1,-1082,-5496.7,-293.32,2193.9,2047.4,-3940.8,-72.218,9124,320838,83,1154,994,0.78633,0.36928,2.02
-2371.3,4052.7,167.05,-0.17417,-428.76,4678.9,5.4447e+05,510651,1,-219.32,5134.7,-851.09,-5316.8,-306.89,2092.4,2332.3,-3885,-186.05,8969.2,320338,83,1154,994,0.77392,0.36928,2.0248
-2363.2,4125.7,132.36,-3.3367,-351.92,4743.4,5.4334e+05,510649,1,-1854.2,3580,39.896,-4681.1,-78.86,1772.7,2863.5,-3186.6,-493.57,7740.5,315478,83,1154,994,0.76149,0.36928,2.0295
-2328.8,4188.7,91.742,-4.941,-253.6,4786.7,5.49e+05,510647,1,-3159.2,1674.1,855,-3017.2,513.83,1024.3,2911.5,-2528.2,-613,6259,306140,83,1154,994,0.74902,0.36928,2.0341
-2276.4,4210.4,54.052,-5.2865,-157.34,4784.1,5.4081e+05,510645,1,-2259.8,877.32,660.92,-958.27,1302.2,112.89,1975.4,-2361.2,-288.43,4301.2,287784,83,1154,994,0.73652,0.36928,2.0387
-2262.9,4204.1,39.255,-2.5616,-112.65,4773.3,5.1574e+05,510643,1,-264.8,337.87,34.041,-180.18,621.19,-52.874,1012.3,-2105.9,21.026,2463.1,191105,83,1173,1001,0.724,0.36928,2.0432
-2268.4,4211.3,29.228,0.5186,-78.854,4782.9,5.7895e+05,510641,1,836.65,-357.32,-225.41,-737.97,1232.7,29.517,712.62,-1797.2,77.897,2586,198883,83,1178,1002,0.71145,0.36928,2.0476
-2279.8,4221.9,19.948,3.0617,-47.544,4797.9,6.0646e+05,510639,1,1091.2,-1183.3,-157.05,-992.47,1568.8,51.626,677.12,-1501.4,39.151,2962.9,207963,83,1178,1002,0.69887,0.36928,2.0519
-2297.2,4236.8,12.514,6.2551,-18.804,4819.5,5.5735e+05,510637,1,1381.8,-1603.3,-172.4,-891.64,1793.8,-26.348,739.65,-1582.1,38.367,3402.2,254530,83,1178,1002,0.68627,0.36928,2.0562
-2321.6,4257.8,5.8305,9.2749,8.1861,4849.6,5.0022e+05,510635,1,210.9,-504.99,11.382,837.92,-623,-147.48,1375.3,-2375.9,-18.869,2991.4,208425,83,1182,1003,0.67364,0.36928,2.0603
-2337,4261.6,-9.3754,4.3976,39.219,4860.2,4.1941e+05,510633,1,-1814.6,2712.6,71.392,4130.5,-5457.1,-311.72,2574.1,-4004.1,-97.102,8958.9,320306,83,1182,1003,0.66098,0.36928,2.0644
-2275.1,4150.7,-60.171,-30.315,93.292,4732.6,3.7405e+05,510631,1,-12857,15372,1260.4,21395,-23881,-2407.1,6712.4,-8795.1,-526.57,39493,347099,83,1182,1003,0.6483,0.36928,2.0684
-1973.8,3616.9,-194.39,-146.32,168.95,4118.9,4.1104e+05,510629,1,-52291,61764,4875.8,75546,-83257,-8154.2,16142,-20222,-1311.3,1.4124e+05,361403,83,1194,1004,0.6356,0.36928,2.0724
-1157.4,2412.5,-465.33,-362.08,374.88,2665.4,4.4978e+05,510627,1,-82605,1.0146e+05,6469.5,1.1557e+05,-1.277e+05,-11665,16865,-22369,-1065.1,2.1851e+05,365621,83,1197,1005,0.62287,0.36928,2.0762
17.779,735.49,-689.31,-523.6,598.2,620,4.8508e+05,510625,1,-88456,1.0936e+05,6539.9,1.2448e+05,-1.3916e+05,-11891,15311,-20181,-946.98,2.3553e+05,366062,83,1197,1005,0.61012,0.36928,2.08
-2221.7,3389.5,322.57,0.070652,-745.15,3996.7,6.1197e+05,509141,1,394.01,5423,-1223,-5885,-230.61,2627.5,2081.7,-4048.6,-129.64,9663.9,322728,83,1154,994,0.87141,0.38257,1.9823
-2232.9,3474.9,296.52,0.076847,-693.05,4082.7,6.2064e+05,509139,1,392.77,5422.1,-1207.2,-5873.3,-232.11,2583.5,2083.7,-4046.7,-126.55,9642,322656,83,1154,994,0.85924,0.38257,1.9876
-2244,3560,270.41,0.057684,-639.64,4168.1,6.2494e+05,509137,1,388.82,5414.9,-1204.8,-5859.8,-250.58,2538.8,2088.2,-4038.3,-112.3,9615.1,322550,83,1154,994,0.84702,0.38257,1.9928
-2254.9,3644.6,244.27,0.010814,-584.91,4252.6,6.2828e+05,509135,1,357.43,5383.1,-1182.5,-5825.6,-271.04,2483.1,2101.6,-4015.5,-106.21,9551.5,322369,83,1154,994,0.83478,0.38257,1.998
-2265,3728.4,217.86,-0.086881,-528.28,4335.9,6.2389e+05,509133,1,281.68,5290.9,-1125.6,-5748.7,-271.87,2405.9,2122.5,-3964.5,-112.09,9406.6,321887,83,1154,994,0.82251,0.38257,2.0031
-2273.6,3810.8,191.08,-0.21453,-469.43,4416.8,6.0542e+05,509131,1,259.09,5201.9,-1095.6,-5671.1,-263.23,2338.7,2110.8,-3920.4,-104.79,9266.2,321494,83,1154,994,0.8102,0.38257,2.0081
-2282.3,3891.4,164.8,-0.20004,-409.99,4495.7,5.8992e+05,509129,1,309.2,5143.9,-1100,-5576.7,-283.38,2264.4,2062.8,-3905.6,-75.419,9142.6,321056,83,1154,994,0.79786,0.38257,2.013
-2291.8,3970.6,139.23,-0.088821,-350.61,4573.2,5.8421e+05,509127,1,325.32,5113.4,-1096,-5473.9,-308.7,2189.6,2045.8,-3897.9,-57.44,9038.2,320548,83,1154,994,0.7855,0.38257,2.0179
-2300.9,4048.1,113.58,-0.17568,-289.96,4648.7,5.5347e+05,509125,1,20.08,4957.1,-946.3,-5314.7,-303.3,2089.2,2190.4,-3805.8,-116.89,8801.6,319793,83,1154,994,0.7731,0.38257,2.0226
-2301.8,4122.3,84.149,-1.4942,-220.87,4717,5.3242e+05,509123,1,-415.83,4518.1,-697.43,-4974,-248.15,1913.9,2276,-3556.1,-182.85,8209.6,317848,83,1154,994,0.76067,0.38257,2.0274
-2297.1,4189.7,55.25,-1.6215,-148.49,4776.1,5.4355e+05,509121,1,-1541.2,2970.5,4.1974,-3956.3,339.13,1396.2,2433.5,-3022.7,-326.08,6639.4,309252,83,1154,994,0.74822,0.38257,2.032
-2266,4236.5,20.801,-1.8439,-59.685,4804.1,5.398e+05,509119,1,-1580.5,1191.2,348.13,-1465.4,1501.6,255.37,1801.3,-2512.9,-181.1,4254.1,287269,83,1154,994,0.73574,0.38257,2.0365
-2254.4,4228.7,8.5981,2.2088,-17.598,4792,5.412e+05,509117,1,278.34,658.88,-219.16,-765.67,2821,-261.8,729.4,-2369.3,185.01,3918.2,283179,83,1173,1001,0.72323,0.38257,2.041
-2271.1,4239.6,4.3736,7.6724,7.5278,4809.5,5.7165e+05,509115,1,1629.6,-325.86,-503.34,-1259,3668.8,-255.08,410.37,-1929.2,218.62,4697.2,291793,83,1173,1001,0.71069,0.38257,2.0454
-2299.7,4258,0.20415,10.884,27.46,4839.3,5.5817e+05,509113,1,1795.1,-1140.2,-400.08,-1011.8,3405.8,-292.67,676.62,-1853.3,117.2,4614.9,290996,83,1178,1002,0.69813,0.38257,2.0497
-2326.8,4279.5,-8.0932,11.596,53.006,4870.8,5.0463e+05,509111,1,1388.2,-1248.5,-235.88,-268.9,2253.9,-322.48,1048.1,-2136.6,51.38,3803.2,271458,83,1178,1002,0.68554,0.38257,2.054
-2336.7,4262.1,-25.783,2.3143,79.394,4860,4.179e+05,509109,1,-3640.6,2704,669.58,7031.7,-3964.2,-1541.8,3238.6,-3924.9,-322.66,10703,325402,83,1178,1002,0.67292,0.38257,2.0581
-2237.5,4100.9,-91.276,-43.989,144.13,4670,3.8855e+05,509107,1,-18599,21396,1954.4,27615,-31205,-3011.9,8906.4,-11063,-789.77,52491,350408,83,1182,1003,0.66028,0.38257,2.0622
-1798.8,3484.7,-279.35,-185.99,305.7,3915.2,4.255e+05,509105,1,-62215,74391,5564.8,79869,-92488,-7718,18465,-23890,-1331.7,1.5919e+05,362722,83,1182,1003,0.64761,0.38257,2.0662
-845.7,2190,-568.13,-398.04,573.68,2312.3,4.65e+05,509103,1,-88076,1.0766e+05,6986.7,1.1577e+05,-1.2289e+05,-12679,20645,-27646,-1226.8,2.2193e+05,365720,83,1194,1004,0.63492,0.38257,2.0702
493.21,444.83,-813.4,-550.26,886.24,120.6,4.9844e+05,509101,1,-99475,1.2329e+05,7137.3,1.2446e+05,-1.2946e+05,-13564,14002,-23389,79.043,2.415e+05,366191,83,1194,1004,0.62221,0.38257,2.074
-2147.3,3386.2,267.06,0.062462,-613.99,3971.4,6.1143e+05,507617,1,388.53,5435.2,-1260.5,-5892.3,-248.11,2643.2,2087.5,-4049.7,-107.03,9686,322819,83,1154,994,0.87045,0.39585,1.9801
-2158.7,3471.6,241.13,0.092022,-560.78,4056.6,6.2473e+05,507615,1,392.62,5415,-1246.3,-5866.4,-248.2,2582.5,2086.1,-4037.4,-97.927,9635.2,322632,83,1154,994,0.85829,0.39585,1.9854
-2170,3556.4,215.19,0.086307,-506.37,4140.9,6.3244e+05,507613,1,395.55,5387.1,-1238.4,-5842.2,-265.74,2529,2085.3,-4017.9,-85.176,9581.7,322457,83,1154,994,0.84609,0.39585,1.9906
-2181.1,3640.8,189.22,0.056035,-450.64,4224.3,6.4788e+05,507611,1,385.11,5366.6,-1225.3,-5821.2,-281.46,2488.1,2088.3,-4003.9,-78.4,9539.6,322330,83,1154,994,0.83386,0.39585,1.9958
-2192,3724.5,163.24,0.027527,-393.54,4306.8,6.7916e+05,507609,1,379.75,5323.5,-1210,-5774.9,-298.35,2437.5,2083.9,-3979.3,-70.641,9461,322053,83,1154,994,0.8216,0.39585,2.0009
-2202.4,3806.8,137.35,-0.005458,-335.24,4387.3,6.5386e+05,507607,1,358.77,5188.4,-1168.7,-5667.1,-315.04,2349,2072.5,-3914.8,-63.668,9261.3,321484,83,1154,994,0.80931,0.39585,2.0059
-2212.5,3887.3,111.66,-0.014429,-275.95,4465.7,6.3476e+05,507605,1,354.62,5081.7,-1141,-5565.9,-317.55,2268.8,2055.2,-3869.4,-52.88,9092.7,320736,83,1154,994,0.79698,0.39585,2.0108
-2222.3,3966.3,86.116,-0.026302,-215.53,4542.2,6.1882e+05,507603,1,341.25,5052.6,-1123.1,-5479.7,-319.29,2198.7,2046.9,-3862,-41.143,8998.7,320424,83,1154,994,0.78463,0.39585,2.0156
-2231.6,4043.7,60.596,-0.086269,-153.75,4616.5,5.9043e+05,507601,1,300.99,4976.9,-1095.8,-5351.7,-326.82,2110.2,2042,-3829.3,-25.967,8837.1,319911,83,1154,994,0.77225,0.39585,2.0204
-2239.3,4118.9,34.918,-0.15833,-89.992,4687.5,5.4793e+05,507599,1,13.854,4599.8,-902.53,-5108.2,-221.25,1957.8,2102,-3657.3,-74.493,8351.5,318328,83,1154,994,0.75984,0.39585,2.0251
-2244.2,4190.1,9.2281,0.05122,-23.869,4753.2,5.3305e+05,507597,1,-107.62,4182.4,-777.8,-4685.9,-50.009,1736.7,1979.6,-3509.7,-44.137,7702.3,315299,83,1154,994,0.7474,0.39585,2.0297
-2243.8,4251.5,-14.797,1.7516,43.248,4807.1,5.2772e+05,507595,1,-299.53,2660.1,-410.68,-3418,1374.9,971.54,1557,-3106.3,41.259,5824.7,301969,83,1173,1001,0.73493,0.39585,2.0343
-2238.6,4287.9,-29.741,8.8615,101.32,4836.1,5.21e+05,507593,1,1118.7,1221.6,-628.44,-2368.4,3702,124.05,489.3,-2881.5,383.8,5581.9,299517,83,1173,1001,0.72243,0.39585,2.0388
-2277.4,4311.9,-23.637,19.039,111.8,4875.1,5.2538e+05,507591,1,2744.3,-78.099,-940.73,-1702.6,4364.3,-248.01,61.181,-2460,456.09,6057.5,304507,83,1173,1001,0.70991,0.39585,2.0432
-2320.7,4327.4,-25.92,18.923,119.39,4909,5.0179e+05,507589,1,1599.6,327.83,-616.86,713.76,2820,-781.55,1176.2,-3058.5,196.36,4784.9,292602,83,1178,1002,0.69736,0.39585,2.0475
-2331.4,4298.5,-46.048,4.806,140.48,4888.3,4.2753e+05,507587,1,-4772.5,6840.8,254.32,9346.7,-7556.7,-1639,3793.6,-5881.6,-125.18,16303,334471,83,1178,1002,0.68478,0.39585,2.0517
-2193.3,4063.9,-126.28,-56.942,205.89,4614.7,4.0636e+05,507585,1,-38238,46435,3423.1,55346,-61880,-5999.9,13950,-18545,-950.16,1.0535e+05,358302,83,1178,1002,0.67218,0.39585,2.0559
-1613.1,3195,-364.3,-249.97,371.97,3569.6,4.4086e+05,507583,1,-59536,80240,3550.7,78240,-1.0579e+05,-4628.1,20306,-25329,-1625.2,1.6849e+05,363349,83,1182,1003,0.65955,0.39585,2.06
-494.8,1852,-690.56,-460.35,749.36,1838,4.7473e+05,507581,1,-1.0166e+05,1.1242e+05,10220,1.1268e+05,-1.335e+05,-9630.7,21906,-26704,-1753.6,2.3427e+05,366034,83,1182,1003,0.6469,0.39585,2.064
-2061.1,3296.7,237.39,-0.0033736,-537.1,3858,5.8004e+05,506095,1,371.87,5464.1,-1299.6,-5914.1,-269.78,2699.3,2103.2,-4057.6,-98.417,9742.5,322991,83,1154,994,0.88158,0.40912,1.9725
-2072.6,3382.7,211.46,0.062639,-483.77,3943.3,5.9658e+05,506093,1,382.68,5459,-1297.5,-5899.5,-264.04,2648.2,2094.8,-4056.8,-81.734,9714.4,322901,83,1154,994,0.86946,0.40912,1.9778
-2084.2,3468.2,185.67,0.13697,-429.51,4027.7,6.0832e+05,506091,1,393.78,5451.6,-1295.9,-5877.6,-258.23,2601.5,2087.9,-4051,-69.021,9680.4,322800,83,1154,994,0.85731,0.40912,1.9831
-2095.9,3552.8,160.01,0.17542,-374.35,4111.1,6.1855e+05,506089,1,411.56,5426,-1292.4,-5840.9,-261.25,2543.5,2077.4,-4033.2,-55.256,9618.8,322562,83,1154,994,0.84512,0.40912,1.9884
-2107.7,3636.8,134.43,0.17691,-318.17,4193.5,6.3117e+05,506087,1,435.87,5352.2,-1280.5,-5796.7,-294.54,2482.5,2063.7,-3988.8,-43.644,9513.1,322207,83,1154,994,0.83291,0.40912,1.9935
-2119.6,3720.1,109.02,0.17469,-261.04,4274.9,6.3476e+05,506085,1,451.52,5244.7,-1258,-5730,-334.81,2414.7,2047.6,-3931.6,-33.935,9365.9,321768,83,1154,994,0.82066,0.40912,1.9986
-2131.4,3802.1,83.788,0.17811,-202.96,4354.8,6.3236e+05,506083,1,448.51,5178.1,-1238.4,-5664.6,-349.95,2357.2,2037.9,-3898.9,-26.125,9255.7,321465,83,1154,994,0.80838,0.40912,2.0036
-2142.9,3882.7,58.651,0.18672,-143.67,4432.9,6.3829e+05,506081,1,419.76,5092.2,-1201.7,-5579.5,-345.52,2284.7,2036.5,-3864.8,-22.705,9116.2,320817,83,1154,994,0.79607,0.40912,2.0085
-2153.6,3961.8,33.401,0.11559,-82.812,4508.7,6.3937e+05,506079,1,401.87,4971.6,-1168.8,-5469,-342.29,2196.1,2030.5,-3817.9,-11.857,8932.8,320227,83,1154,994,0.78373,0.40912,2.0133
-2163.6,4039.1,8.1852,0.030514,-20.543,4582,6.1585e+05,506077,1,354.33,4913.2,-1131.4,-5357,-340.17,2116.8,2024.5,-3798.2,-3.9323,8795.7,319726,83,1154,994,0.77137,0.40912,2.0181
-2173.1,4114.5,-16.775,0.043773,42.883,4652.9,5.8398e+05,506075,1,324.46,4861.2,-1105.6,-5260.1,-337.76,2048.3,2005.9,-3779.9,9.7051,8674.6,319414,83,1154,994,0.75897,0.40912,2.0228
-2182.3,4188.3,-41.033,0.51729,107.22,4721.7,5.4737e+05,506073,1,297.81,4591.2,-1036.9,-5078.4,-148.95,1901,1910.1,-3733.1,50.037,8322,318229,83,1173,1001,0.74654,0.40912,2.0274
-2194.2,4261.9,-61.973,3.1621,169.8,4790.9,5.1396e+05,506071,1,1097.2,4234.3,-1249.2,-5044.7,213.63,1781.9,1281.9,-3714.4,284.13,8055,317254,83,1173,1001,0.73409,0.40912,2.032
-2220.9,4330.2,-70.44,11.582,215.16,4862.3,4.9056e+05,506069,1,2341.1,2656,-1363.9,-3345.7,1183.1,959.15,352.99,-3397.4,555.04,6315.4,306741,83,1173,1001,0.72161,0.40912,2.0364
-2281.1,4363.6,-61.142,19.527,212.91,4919.6,4.7163e+05,506067,1,-2228.7,7523.5,-773.55,7911.1,-9969.9,-686.92,2748,-5904.2,248.08,16343,334502,83,1173,1001,0.7091,0.40912,2.0408
-2286.6,4328.8,-85.955,1.1196,236.81,4890.7,4.2238e+05,506065,1,-18363,30270,66.396,25781,-40558,-482.95,8643.6,-14899,86.853,62129,352298,83,1178,1002,0.69656,0.40912,2.0451
-2076.6,3980.3,-197.15,-89.132,314.74,4481.8,4.1802e+05,506063,1,-34101,56815,-76.117,49873,-71976,-2128.4,14710,-24030,-75.328,1.1339e+05,359089,83,1178,1002,0.684,0.40912,2.0494
-1284.1,2855.5,-509.23,-336.37,545.63,3106.6,4.5484e+05,506061,1,-80645,96781,6970.2,1.0748e+05,-1.1745e+05,-11620,21498,-30670,-909.59,2.0689e+05,365202,83,1178,1002,0.67141,0.40912,2.0535
-1974.2,3206.6,207.58,0.0033078,-462.21,3742.8,5.9832e+05,504573,1,367.36,5484.8,-1346.1,-5916.7,-283.8,2749.2,2110.2,-4062.7,-85.302,9779.7,323098,83,1154,994,0.89261,0.42237,1.9647
-1985.8,3292.9,181.61,-0.0038098,-408.92,3827.8,5.3706e+05,504571,1,362.16,5480.8,-1336.9,-5921.1,-284.95,2707.6,2114.4,-4059.8,-74.689,9766.7,323056,83,1154,994,0.88054,0.42237,1.9701
-1997.4,3379,155.65,0.030574,-354.35,3912.2,5.684e+05,504569,1,366.87,5487.6,-1334.6,-5916,-275.95,2659.8,2109,-4065.2,-57.971,9754.8,323028,83,1154,994,0.86843,0.42237,1.9755
-2009.1,3464.6,129.93,0.16157,-298.9,3996,6.0049e+05,504567,1,408.52,5479.9,-1344.1,-5873.3,-258.8,2587.2,2079.8,-4059.2,-31.404,9698.6,322859,83,1154,994,0.8563,0.42237,1.9808
-2021.3,3549.2,104.62,0.28991,-243.11,4078.5,6.21e+05,504565,1,458.14,5434.1,-1349.4,-5812.2,-267.79,2520.4,2051.2,-4027,-13.293,9601.6,322509,83,1154,994,0.84413,0.42237,1.986
-2033.9,3632.7,79.611,0.34965,-186.88,4159.9,6.3885e+05,504563,1,490.09,5383.9,-1346.8,-5769.9,-290.06,2472.3,2036.2,-3993.9,-3.5426,9519.8,322229,83,1154,994,0.83192,0.42237,1.9911
-2047,3715.4,54.832,0.37567,-129.94,4240.4,6.4673e+05,504561,1,523.06,5318.7,-1341.3,-5731.5,-312.97,2426.7,2018.1,-3957.8,6.6521,9430.5,321951,83,1154,994,0.81969,0.42237,1.9962
-2060.2,3797.2,30.269,0.40737,-72.148,4319.5,6.4718e+05,504559,1,549.48,5167.3,-1312.3,-5666.5,-326.93,2355.3,1998.3,-3885.8,13.829,9251.1,321455,83,1154,994,0.80743,0.42237,2.0012
-2073.3,3877.8,5.8157,0.43597,-13.232,4397.2,6.4676e+05,504557,1,503.46,5021.3,-1252.8,-5575.2,-327.49,2274.5,2007.5,-3824.9,8.24,9058.7,320620,83,1154,994,0.79513,0.42237,2.0061
-2085.6,3957,-18.814,0.37381,47.356,4472.8,6.3854e+05,504555,1,505.95,4932.9,-1237.2,-5506.6,-302.38,2211.3,2001.8,-3789.5,18.074,8932.6,320226,83,1154,994,0.78281,0.42237,2.011
-2096.6,4034.4,-43.719,0.22048,109.92,4545.5,6.1095e+05,504553,1,400.73,4858.9,-1169.4,-5371.3,-314.96,2121.7,2021.8,-3771.2,14.647,8769.2,319640,83,1154,994,0.77045,0.42237,2.0157
-2106.6,4109.7,-68.656,0.071219,174.13,4615.4,5.659e+05,504551,1,364.51,4804.8,-1143.2,-5231.8,-337.07,2031.2,2001.6,-3764.2,38.513,8620.6,319247,83,1154,994,0.75807,0.42237,2.0204
-2116.5,4183.6,-93.036,0.18482,239.16,4683.4,5.2323e+05,504549,1,404,4820.3,-1156.9,-5163.3,-413.03,1984.3,1968.2,-3784.2,68.268,8585.1,319132,83,1173,1001,0.74566,0.42237,2.025
-2127.5,4257.4,-116.81,0.53543,304.82,4751,4.7887e+05,504547,1,1347.3,4702.5,-1457.6,-4774.1,-541.53,1838.4,1319,-3873.6,323.16,8328.7,318239,83,1173,1001,0.73322,0.42237,2.0296
-2167.3,4316,-123.27,4.6028,335.67,4819.4,4.4692e+05,504545,1,-3085.2,10883,-1202.7,9557.1,-11465,-942.11,2814.5,-6509,369.17,20087,337492,83,1173,1001,0.72075,0.42237,2.034
-2192.1,4208.5,-132.49,-20.529,302.54,4737.3,4.272e+05,504543,1,-29053,38284,1955,45668,-50588,-5121.9,12199,-15727,-904.61,85916,355944,83,1173,1001,0.70826,0.42237,2.0384
-1821,3589.2,-323.18,-187,403.82,4013.1,4.3676e+05,504541,1,-42175,54050,3047.1,55885,-71815,-4053.4,17319,-20759,-1575.2,1.1722e+05,359424,83,1173,1001,0.69574,0.42237,2.0427
-835.32,2431.5,-679.57,-425.11,777.05,2507.4,4.6545e+05,504539,1,-82592,1.0759e+05,5267.3,91446,-1.1402e+05,-6930.8,19644,-28401,-711.67,2.0255e+05,365027,83,1178,1002,0.68319,0.42237,2.0469
-1874.2,3029.2,203.18,0.028766,-440.6,3540.6,6.5474e+05,503053,1,404.35,5559.5,-1437.6,-5933.1,-342.96,2861,2096.1,-4081.5,-67.456,9884.3,323412,83,1154,994,0.91553,0.4356,1.9512
-1886.6,3116.1,177.51,0.013762,-389.11,3626.2,6.6091e+05,503051,1,371.61,5510.9,-1395.2,-5923,-310.98,2800.9,2111.4,-4066,-70.895,9822.2,323192,83,1154,994,0.90355,0.4356,1.9568
-1898.6,3202.6,151.69,0.007665,-336.13,3711,6.5858e+05,503049,1,356.37,5498,-1382.5,-5924.4,-299.89,2758.3,2121.1,-4061.7,-62.048,9801.2,323146,83,1154,994,0.89152,0.4356,1.9623
-1910.4,3288.9,125.76,0.00025984,-281.76,3795.1,5.3814e+05,503047,1,337.26,5502.4,-1368.9,-5932.4,-292.64,2716.3,2135.1,-4066.6,-53.987,9798.9,323141,83,1154,994,0.87946,0.4356,1.9677
-1921.6,3375.1,99.63,-0.014226,-225.74,3878.5,5.5196e+05,503045,1,342.09,5524.9,-1370.2,-5934,-282.16,2670.9,2128.6,-4083,-34.341,9805.5,323154,83,1154,994,0.86737,0.4356,1.9731
-1933.2,3461,73.848,0.14398,-168.89,3961.4,6.0538e+05,503043,1,387.53,5538.4,-1390.1,-5914,-265.67,2618.4,2093.7,-4086.8,-4.2181,9784.9,323112,83,1154,994,0.85525,0.4356,1.9784
-1945.8,3545.7,48.842,0.41548,-112.3,4043.3,6.3573e+05,503041,1,468.49,5519,-1407.9,-5827.3,-238.74,2533.4,2043.3,-4072.4,21.691,9687.8,322826,83,1154,994,0.8431,0.4356,1.9836
-1959.6,3628.9,24.613,0.63866,-56.334,4123.9,6.5652e+05,503039,1,581.76,5410.6,-1428.1,-5767.3,-231.58,2460.3,1986.3,-4003.5,46.971,9539.2,322327,83,1154,994,0.83091,0.4356,1.9887
-1974.2,3711.2,0.67217,0.75525,0.029835,4203.6,6.6667e+05,503037,1,610.85,5252.9,-1394.2,-5716.9,-246.53,2396.9,1977.2,-3918.7,42.793,9363,321760,83,1154,994,0.81869,0.4356,1.9938
-1989.2,3793,-23.068,0.88343,57.268,4282.6,6.6718e+05,503035,1,700.97,5142.5,-1407.9,-5704,-197.93,2348.6,1940,-3871.3,62.483,9260.9,321483,83,1154,994,0.80644,0.4356,1.9988
-2004.3,3873.9,-46.683,0.99363,115.53,4360.4,6.5982e+05,503033,1,668.71,4948.6,-1340.8,-5629.7,-170.62,2268.2,1954.4,-3798.1,51.084,9047,320584,83,1154,994,0.79416,0.4356,2.0037
-2018.5,3953.4,-70.621,0.93583,175.61,4436,6.4497e+05,503031,1,546.84,4781.2,-1248.8,-5471.8,-161.96,2158.6,1998.9,-3746,36.404,8796.3,319731,83,1154,994,0.78185,0.4356,2.0085
-2030.6,4030.6,-95.321,0.56718,238.33,4507.9,6.0691e+05,503029,1,417.67,4742.1,-1184.8,-5287.3,-243.77,2067.6,2023.8,-3739.4,37.595,8627.6,319265,83,1154,994,0.76952,0.4356,2.0133
-2040.8,4105.2,-120.19,0.20301,303.03,4576,5.3774e+05,503027,1,363.96,4742.5,-1160.3,-5205.7,-335.55,2025.9,2019.3,-3738.5,49.296,8585.1,319144,83,1154,994,0.75715,0.4356,2.018
-2050.4,4178.3,-144.87,0.020639,369.26,4641.9,4.6055e+05,503025,1,358.13,4739.7,-1153.3,-5085.1,-407.92,1966.6,1994.2,-3729.7,66.831,8585.1,319133,83,1154,994,0.74475,0.4356,2.0226
-2060,4249,-169.29,-0.40506,435.9,4704.9,4.3471e+05,503023,1,-3822.8,9281.3,-637.69,2265.4,-6369,587.87,3732,-5788.2,-93.986,13951,332099,83,1173,1001,0.73233,0.4356,2.0271
-2052,4239.2,-197.31,-14.28,481.17,4689.2,4.4571e+05,503021,1,-33453,37308,3645.6,55900,-44224,-10010,12933,-15732,-1135.3,90117,356476,83,1173,1001,0.71988,0.4356,2.0315
-1638.5,3449.8,-381.57,-197.03,527.11,3796.7,4.6071e+05,503019,1,-48673,57985,4354.9,72448,-76632,-8609.1,17774,-21667,-1504,1.3317e+05,360753,83,1173,1001,0.7074,0.4356,2.0359
-472.23,1936.9,-764.09,-474.5,868.25,1891.9,4.7668e+05,503017,1,-92131,1.0353e+05,9291.8,1.0113e+05,-1.1994e+05,-8894.3,24350,-26595,-2638.7,2.1282e+05,365410,83,1173,1001,0.69489,0.4356,2.0402
-1783.7,2936.9,172.05,0.051247,-367.45,3420.7,6.5468e+05,501533,1,435.85,5694.9,-1520.1,-5956.8,-423.66,2934.4,2082.7,-4125.5,-41.059,10028,323752,83,1154,994,0.92632,0.44881,1.9431
-1797.4,3024.3,146.9,0.067646,-316.99,3506.9,6.5897e+05,501531,1,412.79,5648.9,-1495,-5948.1,-393.01,2881.6,2097.8,-4106.6,-38.447,9970.9,323628,83,1154,994,0.91438,0.44881,1.9487
-1810.4,3111.5,121.45,0.054205,-264.87,3592.1,6.6327e+05,501529,1,399.02,5605.2,-1475,-5959.5,-362.53,2838.5,2110.6,-4090.5,-33.977,9932,323539,83,1154,994,0.90241,0.44881,1.9543
-1822.8,3198.3,95.757,0.043824,-211.08,3676.5,6.6664e+05,501527,1,354.68,5536.5,-1426,-5944.8,-316.27,2770,2131.6,-4069.6,-37.542,9850.5,323265,83,1154,994,0.8904,0.44881,1.9598
-1834.6,3284.8,69.818,0.013568,-155.61,3759.8,5.9116e+05,501525,1,295.46,5531.6,-1398.9,-5962.5,-288.14,2726.5,2170.7,-4073.9,-35.479,9849.9,323263,83,1154,994,0.87836,0.44881,1.9652
-1845.3,3371.2,43.241,-0.11673,-97.691,3842.2,5.4896e+05,501523,1,307.06,5546.5,-1391.7,-5946.1,-273.53,2675.9,2151.8,-4089.1,-19.44,9835.5,323223,83,1154,994,0.86628,0.44881,1.9706
-1856.5,3457.2,17.374,0.082623,-39.424,3924,6.0369e+05,501521,1,354.93,5608.1,-1433.6,-5978.9,-210.7,2632.6,2114.2,-4123.6,27.372,9890.9,323433,83,1154,994,0.85417,0.44881,1.9759
-1869.3,3542.8,-7.4694,0.578,18.413,4005.7,6.5566e+05,501519,1,507.44,5569.5,-1470.9,-5862.4,-167.45,2529.5,2020,-4097.3,64.899,9752.3,323018,83,1154,994,0.84203,0.44881,1.9811
-1884.6,3626.4,-30.696,1.1873,74.041,4086.3,6.7439e+05,501517,1,771.99,5441.9,-1558.2,-5856.1,10.144,2444.1,1889.2,-4029.7,125.82,9629.6,322603,83,1154,994,0.82986,0.44881,1.9862
-1901.7,3709,-53.33,1.5824,129.1,4166.5,6.8138e+05,501515,1,806.57,5171.8,-1493.1,-5787.1,29.26,2366.1,1900.9,-3898.6,96.873,9356.2,321741,83,1154,994,0.81766,0.44881,1.9913
-1919.5,3791.5,-75.975,1.8292,185.15,4246.3,6.7505e+05,501513,1,880.19,4875.3,-1449.3,-5767.9,133.91,2289.5,1883.7,-3788.7,93.579,9115.1,320806,83,1154,994,0.80543,0.44881,1.9962
-1937.3,3873.2,-98.585,2.0422,242.35,4325,6.6044e+05,501511,1,846.57,4672.4,-1385.4,-5671.4,198.88,2198.7,1912,-3731.9,82.878,8893.6,320096,83,1154,994,0.79316,0.44881,2.0012
-1953.4,3953,-122.02,1.8237,301.97,4400.7,6.3728e+05,501509,1,662.26,4651.7,-1295.9,-5520.1,99.5,2130.4,1975.1,-3726,61.081,8750.1,319588,83,1154,994,0.78087,0.44881,2.006
-1966.1,4028.9,-146.66,1.0415,364.71,4470.6,5.9389e+05,501507,1,473.26,4597.5,-1208,-5231.2,5.9165,2004.4,2028.6,-3718.1,52.439,8585.1,319143,83,1154,994,0.76855,0.44881,2.0107
-1976,4100.5,-171.58,0.14126,429.37,4534.7,4.9831e+05,501505,1,363.06,4622.7,-1163.5,-5030.1,-295.48,1955.3,2008,-3700.1,67.739,8585.1,319141,83,1154,994,0.75619,0.44881,2.0154
-1986.1,4171.4,-195.61,-0.092971,494.9,4597.7,4.2515e+05,501503,1,-62.753,4799.2,-1043.7,-4020.9,-1289.3,1768.9,2162.3,-3720.7,30.706,8585.1,319134,83,1165,1000,0.74381,0.44881,2.02
-1977.6,4213.8,-228.42,-8.0181,566.38,4625.9,4.4514e+05,501501,1,-30367,25590,5150.1,36369,-28569,-6613.4,14293,-11854,-2477.6,64321,352657,83,1173,1001,0.73141,0.44881,2.0245
-1575,3713.4,-435.08,-158.51,749.31,3984,4.6723e+05,501499,1,-52918,50674,7382.4,78802,-60387,-14310,19382,-21138,-2154.8,1.2771e+05,360341,83,1173,1001,0.71897,0.44881,2.029
-253.16,1608.2,-841.41,-531.16,920.1,1493.2,4.8679e+05,501497,1,-95129,93492,12464,1.2842e+05,-1.1275e+05,-19869,20157,-22127,-2155.7,2.201e+05,365675,83,1173,1001,0.70651,0.44881,2.0334
-1703.5,2930,114.64,0.092223,-243.61,3382.4,6.5613e+05,500013,1,539.8,6100.2,-1714.2,-6050.1,-627.01,3037.5,2051.5,-4257.7,37.179,10441,324672,83,1154,994,0.92512,0.46201,1.9406
-1718.5,3018.4,89.98,0.15409,-193.04,3469.1,6.6363e+05,500011,1,458.78,5840.6,-1598.7,-6006.3,-467.4,2925.9,2090.4,-4167.3,7.366,10172,324078,83,1154,994,0.9132,0.46201,1.9462
-1732.6,3106.3,64.888,0.1621,-140.57,3554.6,6.703e+05,500009,1,422.52,5765.5,-1560.4,-5997.8,-399.9,2864.3,2110,-4143,6.5565,10090,323899,83,1154,994,0.90124,0.46201,1.9518
-1745.9,3193.7,39.513,0.1731,-86.364,3639,6.7155e+05,500007,1,395.4,5699.9,-1526.7,-6000.5,-349.64,2816.3,2126.9,-4120.4,4.3188,10027,323749,83,1154,994,0.88924,0.46201,1.9573
-1758.1,3280.7,13.598,0.093134,-29.974,3722,6.4771e+05,500005,1,322.43,5614.9,-1469.4,-6000.6,-283.74,2752,2172.2,-4095.4,-5.568,9946.9,323567,83,1154,994,0.87722,0.46201,1.9627
-1768.6,3367.7,-13.202,-0.068262,29.461,3803.8,5.7773e+05,500003,1,204.36,5610.7,-1404,-6045,-199.05,2700.5,2229.7,-4124.5,-12.865,9967.5,323619,83,1154,994,0.86516,0.46201,1.968
-1778.6,3454.5,-39.879,0.034996,90.46,3884.6,6.0998e+05,500001,1,304.13,5736.5,-1474.5,-6057.5,-51.96,2630.2,2150,-4223.1,59.285,10062,323824,83,1154,994,0.85307,0.46201,1.9733
-1791.4,3542,-64.646,0.94495,150.1,3966.9,6.6145e+05,499999,1,602.72,5677.7,-1581.6,-6116,188.15,2554.9,1973.8,-4185.5,138.26,10025,323743,83,1154,994,0.84094,0.46201,1.9785
-1809.1,3628.1,-86.534,2.357,205.46,4049.9,6.7731e+05,499997,1,1045.2,5405.6,-1697.5,-6037.8,562.11,2385.9,1772.2,-4062.5,209.35,9764.5,323049,83,1154,994,0.82879,0.46201,1.9836
-1830.5,3712.3,-107.16,3.2877,258.12,4132.4,6.7712e+05,499995,1,1039.8,5168,-1624.3,-5912.2,521.09,2309.8,1805.5,-3939.1,169.84,9475.9,322096,83,1154,994,0.8166,0.46201,1.9887
-1852.7,3796.1,-128.16,3.672,311.69,4214.5,6.6435e+05,499993,1,1215.6,4740.5,-1591.5,-5900,734.45,2211.8,1786.9,-3801.6,161.12,9186.7,321240,83,1154,994,0.80438,0.46201,1.9937
-1874.1,3878.6,-149.77,3.6913,367.17,4294.6,6.4287e+05,499991,1,996.15,4501.6,-1432.9,-5739.1,626.82,2133.6,1877.4,-3720.4,112.33,8864,319992,83,1154,994,0.79213,0.46201,1.9986
-1891.8,3957.2,-173.05,2.8597,426.1,4368.8,6.1193e+05,499989,1,691.41,4382.9,-1280.1,-5237.5,376.5,1952.5,1982.9,-3698,81.011,8585.1,319142,83,1154,994,0.77986,0.46201,2.0034
-1903.9,4029,-197.86,1.2817,488.5,4433.7,5.5998e+05,499987,1,412.64,4446.2,-1177,-4910.4,-161.37,1911.1,2021.7,-3683.3,73.255,8585.1,319139,83,1154,994,0.76755,0.46201,2.0081
-1913.4,4095.2,-222.03,0.057688,551.6,4491.8,4.4391e+05,499985,1,470.18,4274.6,-1156.8,-4074.9,-1007.5,1760.9,1851.7,-3490.3,106.04,8585.1,319135,83,1165,1000,0.75521,0.46201,2.0128
-1924.5,4145.2,-243.91,-2.9508,606.29,4536.3,4.4159e+05,499983,1,-21588,22264,2746.7,23523,-25832,-2621.3,11403,-10983,-1638.8,49498,349762,83,1173,1001,0.74285,0.46201,2.0174
-1646.4,3849.3,-404.9,-110.45,771.75,4133.3,4.7195e+05,499981,1,-60402,55485,8910.3,75153,-65585,-11861,25085,-24608,-3358.9,1.3469e+05,360887,83,1173,1001,0.73046,0.46201,2.0219
-1597.4,2829.1,78.025,0.14315,-163.21,3245.8,6.5043e+05,498495,1,793.24,7191.6,-2158.3,-6261.4,-1048.7,3288.4,1964.5,-4643.3,194.68,11558,327078,83,1154,994,0.93576,0.4752,1.9323
-1616.9,2920.3,55.086,0.29875,-116.03,3336.5,6.5697e+05,498493,1,641.75,6740.1,-1960.5,-6146.3,-785.87,3123.2,2020.7,-4484.1,136.86,11047,326124,83,1154,994,0.92388,0.4752,1.938
-1634.9,3010.7,31.518,0.40856,-66.622,3425.4,6.6513e+05,498491,1,647.02,6511,-1900.8,-6174.9,-630.2,3055.1,2035.9,-4403,123.11,10855,325755,83,1154,994,0.91197,0.4752,1.9436
-1651.2,3100.4,7.0994,0.4439,-14.488,3512.7,6.7311e+05,498489,1,508.92,6095.2,-1718.1,-6121.8,-384.57,2916.8,2094.3,-4266.9,72.284,10445,324682,83,1154,994,0.90003,0.4752,1.9492
-1666.4,3189.4,-17.673,0.54968,39.651,3598.3,6.7412e+05,498487,1,465.72,5908.1,-1647.4,-6115.9,-176.35,2813.6,2117.1,-4210.3,64.163,10266,324285,83,1154,994,0.88805,0.4752,1.9547
-1680,3277.3,-43.125,0.47329,96.079,3681.8,6.6352e+05,498485,1,355.37,5780,-1560.8,-6055.6,-69.143,2722.8,2174.2,-4162.9,37.822,10105,323934,83,1154,994,0.87604,0.4752,1.9601
-1691.7,3364.3,-69.564,0.16373,155.45,3763.2,6.1708e+05,498483,1,155.12,5700.2,-1450.6,-6307.1,159.76,2735.3,2325.8,-4168.1,-12.846,10232,324202,83,1154,994,0.864,0.4752,1.9654
-1698.2,3455.8,-99.186,-0.0089371,223.56,3845.3,6.0016e+05,498481,1,198.55,5795.6,-1479.7,-6456.1,556.04,2651.5,2244.5,-4317.4,69.528,10417,324626,83,1154,994,0.85192,0.4752,1.9707
-1711,3547.7,-123.68,2.0807,286.11,3930.3,6.4105e+05,498479,1,695.78,5912.2,-1716.8,-6485.6,1053.3,2501.2,1941.9,-4430.4,240.16,10549,324951,83,1154,994,0.83982,0.4752,1.9759
-1732.8,3638.8,-143.8,4.6082,340.87,4018.4,6.5496e+05,498477,1,1211.8,5683.6,-1871.2,-6399.1,1287.3,2370.6,1701,-4312.9,322.46,10349,324477,83,1154,994,0.82768,0.4752,1.981
-1761.2,3726.2,-161.3,6.3765,389.2,4106.2,6.5161e+05,498475,1,1630.4,4974.6,-1859.6,-6154.1,1533.1,2158.6,1599.3,-4011.1,303.46,9720.3,322920,83,1154,994,0.81551,0.4752,1.986
-1790.1,3811.4,-180.1,6.6469,438.49,4191.8,6.3537e+05,498473,1,1576.1,4348.3,-1675.1,-5833.1,1556.2,1976.5,1700.1,-3806.6,226.53,9054.4,320607,83,1154,994,0.80331,0.4752,1.991
-1815.4,3892.5,-200.84,5.8101,491.12,4271.6,6.098e+05,498471,1,1136.8,4222.4,-1451.4,-5606.9,1096.7,1962.5,1865.4,-3730.1,144.77,8667.9,319401,83,1154,994,0.79107,0.4752,1.9959
-1833.5,3965.6,-224.11,3.6878,548.24,4340.2,5.7385e+05,498469,1,689.73,4190.5,-1268.1,-4620.2,612.25,1656.8,1984.3,-3745.6,118.87,8585.1,319137,83,1159,997,0.77881,0.4752,2.0007
-1844,4025.9,-248.49,0.59042,607.16,4393.4,4.7763e+05,498467,1,-462.11,5211.8,-1064.6,-1392.8,-2994.5,1259.5,2192.2,-3942.7,98.339,8585.1,319136,83,1163,999,0.76652,0.4752,2.0054
-1859.8,4073.4,-266.61,-1.3157,654.69,4437.7,4.3768e+05,498465,1,-4587.8,9511.5,-543.76,5598.9,-12974,1001.5,4035.4,-5577.6,-188.2,18971,336730,83,1165,1000,0.7542,0.4752,2.0101
-1703.2,3839.8,-364.21,-78.527,729.45,4152,4.6381e+05,498463,1,-58955,40425,12024,70376,-51918,-13497,26545,-18350,-5386.9,1.1898e+05,359578,83,1165,1000,0.74185,0.4752,2.0147
-444.93,2402,-908.04,-462.35,1221.1,2255.5,5.0048e+05,498461,1,-89118,76460,14188,94027,-77876,-15650,19963,-17869,-3067.5,1.7282e+05,363589,83,1165,1000,0.72948,0.4752,2.0192
-1461,2712.9,30.886,0.79581,-62.34,3080.9,6.3208e+05,496977,1,1535.6,9815.7,-3253.1,-6976.6,-2419.3,4048.8,1756.6,-5466.8,525.6,14610,332800,83,1154,994,0.94629,0.48836,1.9238
-1490.8,2812.8,11.126,0.91742,-21.523,3183.4,6.4431e+05,496975,1,1067.4,8596.3,-2696.2,-6547.4,-1343.8,3512,1885.4,-5142.6,389.68,13018,330771,83,1154,994,0.93447,0.48836,1.9296
-1517.2,2908.3,-9.2912,1.1298,21.666,3280.2,6.5446e+05,496973,1,1019.6,7946.9,-2494.4,-6471.4,-873.33,3305.7,1906.9,-4943.5,339.55,12336,329157,83,1154,994,0.92261,0.48836,1.9353
-1541.3,3001.6,-30.628,1.2617,67.541,3373.7,6.6333e+05,496971,1,899.04,7393.3,-2288,-6445,-391.13,3117,1977.8,-4778.1,279.7,11787,327579,83,1154,994,0.91072,0.48836,1.9409
-1562.1,3094.7,-53.727,1.2636,117.9,3465,6.7033e+05,496969,1,654.84,6925.1,-2037.6,-6333.3,-292.78,3001.5,2069.2,-4606.4,196.57,11282,326550,83,1154,994,0.89879,0.48836,1.9465
-1580.8,3187.3,-77.489,1.5457,171.28,3554.5,6.6961e+05,496967,1,646.4,6753.3,-1986.8,-6400.2,12.924,2911.8,2080.6,-4583.5,200.32,11171,326343,83,1154,994,0.88683,0.48836,1.952
-1598.3,3278.8,-101.46,1.9881,226.55,3642,6.5495e+05,496965,1,549.58,6341.9,-1829.7,-6454,516.4,2754.3,2138.6,-4471.9,160.91,10862,325763,83,1154,994,0.87484,0.48836,1.9574
-1612.6,3370.1,-127.26,2.1187,286.45,3727.2,6.194e+05,496963,1,146.18,6031.3,-1567.2,-6689.4,951.19,2701.2,2414.2,-4386.7,31.771,10811,325672,83,1154,994,0.86281,0.48836,1.9627
-1618.4,3468.5,-159.27,1.62,360.26,3813.8,5.8358e+05,496961,1,80.613,5797.6,-1476.9,-7329.9,1629.4,2763.5,2521.5,-4436.6,12.431,11219,326443,83,1154,994,0.85075,0.48836,1.968
-1628,3571.1,-187.09,4.3124,432.67,3905.2,5.8826e+05,496959,1,862.23,5781.5,-1791.6,-7039.9,2418.3,2388.3,1915.4,-4625.9,328.81,11121,326256,83,1154,994,0.83866,0.48836,1.9731
-1655.2,3667,-204.13,8.5826,485.23,3999.1,6.1182e+05,496957,1,1764.1,5457.7,-2078.4,-6647.9,2787.3,2084.8,1485.4,-4474,482.11,10770,325594,83,1154,994,0.82654,0.48836,1.9783
-1693.6,3755.6,-217.33,10.824,525.87,4091.9,6.1112e+05,496955,1,2330.6,5050.2,-2207.2,-6120.5,2879.2,1799.8,1349.3,-4366.2,527.4,10294,324349,83,1157,996,0.81438,0.48836,1.9833
-1730.4,3840,-233.67,10.293,568.88,4179.8,5.9266e+05,496953,1,1869.5,4630.5,-1891.2,-5805.9,2261.8,1793.3,1616.1,-4106.1,353.73,9494.7,322152,83,1157,996,0.8022,0.48836,1.9882
-1759.5,3912.2,-252.87,7.5316,614.85,4252.9,5.6253e+05,496951,1,998.16,4757,-1565,-4237.7,844.21,1476.6,1872.7,-4097,263.14,8585.1,319140,83,1159,997,0.78999,0.48836,1.9931
-1774.9,3968.5,-276.46,2.4141,667.2,4304.7,4.915e+05,496949,1,402.33,5038.3,-1387.9,-3398.6,-1157.7,1607.4,1948.7,-3992.8,216.77,8585.1,319138,83,1162,998,0.77774,0.48836,1.9979
-1783.1,4005.4,-297.85,-2.4364,715.94,4335.8,4.3427e+05,496947,1,-4594.8,8944,-447.55,8926.7,-9814.5,-976.23,3574,-5323.5,-59.087,17871,335864,83,1163,999,0.76547,0.48836,2.0027
-1695.4,3799.6,-354.56,-60.496,733.26,4110.5,4.6649e+05,496945,1,-48144,46720,6536.7,55108,-55907,-6925.7,18985,-17601,-2792.1,1.0692e+05,358451,83,1165,1000,0.75316,0.48836,2.0073
-1239.3,2540.7,-41.555,4.0769,91.82,2825.6,6.0013e+05,495459,1,3917.9,15657,-6066.4,-8171.7,-5218.2,5450.2,801.13,-7533.5,1576.8,21929,338785,83,1154,994,0.95672,0.50151,1.9153
-1309.8,2672.1,-49.036,3.7383,107.5,2974.3,6.1352e+05,495457,1,2771.5,12882,-4735.8,-8189.6,-3748.2,5011.1,1445.4,-6451.4,976.68,18626,336458,83,1154,994,0.94495,0.50151,1.9211
-1359.5,2791.9,-64.306,3.4621,139.77,3102.8,6.2538e+05,495455,1,2229.7,10824,-3903.2,-7650.1,-2265.9,4298,1600,-5823.4,742.73,16016,334195,83,1154,994,0.93314,0.50151,1.9269
-1398,2897.4,-81.593,3.3665,177.24,3213.2,6.4146e+05,495453,1,1518.6,9248.5,-3127,-6958.6,-892.39,3550.1,1777.3,-5436.7,564.53,13874,331984,83,1154,994,0.9213,0.50151,1.9326
-1430.9,2997.1,-100.07,3.5439,218.5,3315.4,6.5513e+05,495451,1,1293.8,8772.2,-2882.4,-6865,-414.44,3337.2,1893.1,-5352.8,496.31,13336,331291,83,1154,994,0.90943,0.50151,1.9382
-1458.5,3094.8,-121.18,3.4055,265.6,3413.1,6.6104e+05,495449,1,956.7,8116.5,-2538.6,-6800.7,232.16,3079.7,2047.8,-5229.9,405.25,12678,330146,83,1154,994,0.89752,0.50151,1.9437
-1482.4,3192.8,-143.84,3.675,317.82,3508.7,6.5608e+05,495447,1,799.63,7691.3,-2343.1,-6853.6,750.66,2911.6,2106.8,-5173.4,377.41,12355,329228,83,1154,994,0.88557,0.50151,1.9492
-1504.4,3291,-166.87,4.5542,373.1,3603.1,6.388e+05,495445,1,752.68,7528.6,-2271,-6974.4,1026.7,2853,2132.4,-5164.9,373.91,12313,329072,83,1154,994,0.8736,0.50151,1.9546
-1524.8,3390.7,-190.98,5.6447,432.34,3697.5,6.0923e+05,495443,1,580.95,7083.6,-2071.3,-7314.2,1551.1,2817.3,2322.5,-5050.9,273.65,12232,328771,83,1154,994,0.86159,0.50151,1.9599
-1540.6,3498.3,-219.79,6.2071,502.26,3795.7,5.6874e+05,495441,1,468.62,6280.2,-1811,-8302.4,2136.5,3034.8,2608.2,-4812.4,107.26,12475,329674,83,1154,994,0.84955,0.50151,1.9652
-1548.4,3617.7,-254.3,7.5066,587.99,3899.2,5.4303e+05,495439,1,651.01,5719.7,-1726.9,-7909.3,2743.7,2673.1,2242.9,-4729.5,244.07,11866,327793,83,1154,994,0.83747,0.50151,1.9703
-1577.8,3720.5,-270.53,13.275,643.11,3998.8,5.5172e+05,495437,1,1960.8,5661.8,-2255.8,-6720.5,3354.3,1961,1452,-4947.1,649.15,11325,326635,83,1157,996,0.82537,0.50151,1.9755
-1623.6,3801.5,-279.17,15.116,673.84,4087.9,5.6299e+05,495435,1,2514.2,5750.8,-2491.8,-5677.4,2686.4,1654.2,1273.9,-4972.1,738.58,10709,325417,83,1157,996,0.81323,0.50151,1.9805
-1663.7,3875,-294.12,12.102,709.74,4167.2,5.3591e+05,495433,1,999.83,6846.1,-2141.8,-4103.5,1165.6,1368.5,1920.3,-5325.9,574.55,10243,324225,83,1159,997,0.80106,0.50151,1.9854
-1687.2,3922.4,-313.9,5.1894,749.43,4215.3,4.8514e+05,495431,1,174.95,8535.3,-2234.2,-2065.6,-958.9,1070.5,2042.1,-5838.4,667.25,11086,326193,83,1159,997,0.78887,0.50151,1.9903
-1689.6,3935.8,-337.54,-5.3853,791.22,4222.9,4.4023e+05,495429,1,-4876.8,13309,-1463.5,6347.4,-9258,-126.05,3801.2,-7463.3,401.29,19985,337428,83,1162,998,0.77664,0.50151,1.9951
-1577.1,3702.5,-402.19,-69.572,815.16,3960.8,4.755e+05,495427,1,-47407,57328,3576.8,55479,-49729,-8625.2,17073,-21966,-968.03,1.093e+05,358699,83,1162,998,0.76438,0.50151,1.9998
-866.84,2319.4,-178.81,6.5698,370.36,2454.7,5.7019e+05,493943,1,6272.4,19165,-8336.4,-8040.2,-8552.5,6381.3,-378.07,-8642.8,2516.7,27126,341991,83,1154,994,0.96704,0.51463,1.9066
-990.51,2457.3,-158.85,6.6152,333.56,2633.1,5.7489e+05,493941,1,6590.4,17773,-8097.1,-9256,-8827.3,7015,-279.35,-8023.4,2308.2,26598,341731,83,1154,994,0.95533,0.51463,1.9125
-1104,2609,-147.94,7.8413,316.65,2819.1,5.8181e+05,493939,1,4464,15329,-6294.6,-8915.9,-6123.8,6030,756.01,-7259.4,1568.5,22441,339149,83,1154,994,0.94357,0.51463,1.9183
-1197.5,2751.5,-146.93,7.9665,317.93,2987.5,5.8955e+05,493937,1,4832,13181,-5888.3,-9361.4,-6070,6173,768.25,-6340,1333.9,20902,338076,83,1154,994,0.93179,0.51463,1.9241
-1260.9,2883.5,-159.98,6.9443,346.42,3132.1,6.0275e+05,493935,1,2199.4,10448,-3825.6,-7693.7,-2718,4398.4,1699.4,-5632.3,685.18,15800,333961,83,1154,994,0.91996,0.51463,1.9298
-1304.8,2996.8,-177.84,6.0235,385.81,3250.6,6.1961e+05,493933,1,1922.9,9319.4,-3387,-7781.5,-1846.3,4147.2,1907.2,-5480.8,566.21,14737,332940,83,1154,994,0.9081,0.51463,1.9354
-1338.1,3101.6,-198.28,5.4811,432.18,3356,6.3077e+05,493931,1,1217.8,8708.2,-2872.2,-7117.6,-567.97,3441.2,2050.8,-5527.3,518.78,13543,331582,83,1154,994,0.89621,0.51463,1.9409
-1365.3,3204.2,-220.98,5.2463,484.91,3456.1,6.2903e+05,493929,1,946.36,8557.4,-2698.3,-7144.8,-392.36,3357,2174.8,-5557.2,483.38,13406,331392,83,1154,994,0.88429,0.51463,1.9464
-1389.6,3307.2,-244.61,5.6249,541.91,3554.6,6.1603e+05,493927,1,785.28,8339.3,-2540.5,-7187.9,490.67,3086.8,2205.7,-5604.9,485.56,13212,331106,83,1154,994,0.87233,0.51463,1.9518
-1413.2,3413.2,-268.9,6.5991,602.68,3654.6,5.9366e+05,493925,1,852.6,8481.8,-2616,-7621.3,-36.492,3363.2,2326.1,-5754.3,497.79,13606,331661,83,1154,994,0.86033,0.51463,1.9571
-1440.6,3525.7,-292.83,8.0652,664.91,3761.6,5.6019e+05,493923,1,999.55,8143.6,-2565.6,-8233.3,742.13,3374,2393.5,-5681.6,451.5,13606,331660,83,1154,994,0.84831,0.51463,1.9623
-1468.8,3651.2,-320.66,9.0479,736.2,3879.4,5.1113e+05,493921,1,1031.1,7684.2,-2453.6,-7529.6,-551.88,3358.5,2324.9,-5524.3,458.01,13059,330863,83,1157,996,0.83625,0.51463,1.9675
-1500.7,3775.6,-342.66,13.775,803.43,3997.4,4.9354e+05,493919,1,1560.8,7954.3,-2735.6,-6063.5,-2317.6,3168.9,1757.7,-5862.9,796.3,12785,330329,83,1157,996,0.82416,0.51463,1.9726
-1534.2,3830.1,-355.15,10.401,833.7,4056.4,4.9638e+05,493917,1,-874.42,11303,-2604,-2908.1,-4351.5,2351.9,2680.6,-7249.5,794.82,15119,333316,83,1157,996,0.81205,0.51463,1.9776
-1548.8,3880.7,-379.09,3.0324,882.72,4101.6,4.5287e+05,493915,1,-8518.3,24356,-2972.9,1206.3,-10925,2399.4,5967.2,-13122,1039.7,31782,344108,83,1157,996,0.7999,0.51463,1.9825
-1522.9,3885.6,-414.71,-10.99,945.94,4085.8,4.51e+05,493913,1,-6822.9,27440,-4444.3,5004.8,-12088,1180.5,4770.2,-14314,1832.3,34968,345465,83,1159,997,0.78772,0.51463,1.9874
-1350.6,3684.3,-505.39,-71.959,1040,3816.6,4.8918e+05,493911,1,-44969,68348,-308.22,39313,-29350,-7645.8,16210,-27775,911.16,1.0097e+05,357793,83,1162,998,0.77551,0.51463,1.9922
-744.5,2317.6,-268.28,0.2638,541.6,2388.3,5.3825e+05,492425,1,7970.3,17277,-8759.1,-9752.4,-15781,9250,-747.28,-6262.3,2102.9,30210,343410,83,1154,994,0.9539,0.52774,1.9096
-877.1,2479,-251.24,0.31071,512.13,2591.5,5.3531e+05,492423,1,6502.3,15749,-7518.3,-9495,-11942,7959.9,-109.31,-6461.5,1822.8,26231,341564,83,1154,994,0.94216,0.52774,1.9155
-1000.9,2643.5,-238.76,2.3728,495.09,2793.2,5.3801e+05,492421,1,6654.6,14284,-7166.1,-10178,-12866,8497.7,102.6,-5648.3,1504.5,25984,341440,83,1154,994,0.93039,0.52774,1.9212
-1107.2,2804.5,-235.83,3.9016,496.58,2983.3,5.3979e+05,492419,1,4312.4,12541,-5498.2,-9584.5,-9663,7232.2,1221.5,-5648.6,965.93,21862,338746,83,1154,994,0.91859,0.52774,1.9269
-1175.8,2954.7,-251.68,3.0718,533.15,3145.1,5.3934e+05,492417,1,2647.7,10827,-4208.2,-8704.6,-7389.8,6121.4,1898.9,-5321.5,563.22,18494,336376,83,1154,994,0.90675,0.52774,1.9325
-1216.8,3079.1,-274.59,1.7665,584.49,3270.3,5.3874e+05,492415,1,1848.9,9460,-3434,-8266,-4971.9,5183.2,2036.7,-5119.4,452.96,15974,334140,83,1154,994,0.89487,0.52774,1.938
-1246.5,3188.1,-298.08,1.1412,639.35,3376,5.4005e+05,492413,1,1054.9,8467.5,-2783.5,-7611.4,-2510.2,4138.7,2257.9,-5109.2,365.61,13902,332030,83,1154,994,0.88296,0.52774,1.9435
-1271.6,3294.4,-322.63,1.0004,698.52,3476.5,5.3737e+05,492411,1,788.33,8416.2,-2626.1,-7338.9,-1352.7,3643,2311.9,-5385.9,422.6,13485,331500,83,1154,994,0.87102,0.52774,1.9488
-1293.9,3402,-349.04,0.81038,762.84,3576,5.2204e+05,492409,1,638.45,8438.9,-2559.5,-7512.5,-1198,3627.1,2474.5,-5446.1,382.18,13606,331662,83,1154,994,0.85905,0.52774,1.9541
-1313.9,3512.8,-377.94,0.15965,833.05,3676.3,4.8688e+05,492407,1,1284.4,8247.3,-2772.5,-5310.1,-4024.1,3394.3,1911.4,-5000.1,515.7,13059,330864,83,1155,995,0.84704,0.52774,1.9594
-1345.5,3611.9,-400.54,-1.9243,887.79,3772,4.4757e+05,492405,1,-2289.7,10038,-1745.1,2818,-17274,3520.2,3458.9,-4510.8,-252.38,21451,338463,83,1157,996,0.835,0.52774,1.9645
-1356.9,3656,-433.27,-18.477,937.3,3810,4.3119e+05,492403,1,-4668,18168,-2952.4,2403.1,-27878,6548.5,4012.9,-8161.5,517.41,35628,345753,83,1157,996,0.82293,0.52774,1.9696
-1341.3,3695.7,-464.75,-24.969,1005.4,3829.1,4.333e+05,492401,1,-8493.5,28847,-4291.3,3487.2,-40989,9642,5801.5,-12056,863.21,53737,350671,83,1157,996,0.81083,0.52774,1.9746
-1193.8,3667.4,-565.26,-62.32,1169.5,3717.9,4.4802e+05,492399,1,-23164,41416,-1766.8,11005,-49061,8762.7,11817,-16504,-350.4,72609,354072,83,1157,996,0.7987,0.52774,1.9796
-771.42,3541.9,-783.51,-132.97,1540.4,3371,4.7733e+05,492397,1,-38488,62389,-1379.4,18356,-59629,8724.8,15527,-21552,-436.04,1.0025e+05,357713,83,1157,996,0.78654,0.52774,1.9844
-668.77,2234.9,-316.62,-11.794,620.83,2270.9,5.3351e+05,490907,1,8824.7,20191,-10070,-8520,-23398,10825,-1216.7,-5890.7,2269.6,36953,346235,83,1154,994,0.94072,0.54083,1.9125
-805.27,2426.3,-310.51,-14.308,609.66,2502,5.2196e+05,490905,1,6282.1,16558,-7707.1,-10052,-22815,11310,515.84,-4652.2,1056.5,33846,345009,83,1154,994,0.92896,0.54083,1.9182
-910.28,2611.5,-318.24,-15.818,628.63,2711.9,5.0997e+05,490903,1,6050.4,15995,-7407.4,-10811,-24436,12084,761.99,-4045,771.69,34998,345487,83,1154,994,0.91717,0.54083,1.9239
-1003.8,2791.3,-325.76,-12.59,656.21,2911.1,5.0612e+05,490901,1,4119.2,13375,-5689.2,-10659,-18260,10146,1566.5,-4343.7,479.99,28280,342523,83,1154,994,0.90535,0.54083,1.9295
-1081.2,2964.4,-337.57,-7.2809,697.22,3095.8,5.0837e+05,490899,1,3047.8,11984,-4768.8,-10237,-14545,8815.4,1802.5,-4566.3,445.97,24372,340438,83,1154,994,0.8935,0.54083,1.935
-1128.4,3131.1,-363.68,-3.2509,767.09,3258.9,4.9583e+05,490897,1,1850.8,11085,-3945.5,-7743.3,-15459,7873.3,2120.4,-4307.6,237.41,22932,339453,83,1154,994,0.88161,0.54083,1.9405
-1157,3266.1,-392.32,-1.4413,839.6,3384.5,4.7174e+05,490895,1,782.7,9347.6,-2947.6,-7173.5,-12008,6582.3,2356.9,-4212.8,110.19,18946,336705,83,1154,994,0.86968,0.54083,1.9458
-1178.6,3379.9,-420.28,-1.3545,908.78,3487.7,4.5878e+05,490893,1,816,8997.1,-2856.2,-2638.7,-18346,6308,1840.1,-3441.1,139.1,22099,338911,83,1155,995,0.85773,0.54083,1.9511
-1204.5,3457,-441.42,-5.753,955.67,3561.3,4.7013e+05,490891,1,-58.035,11077,-3055.6,8630.2,-32926,5511.3,592.25,-2646.3,468.86,36450,346049,83,1155,995,0.84574,0.54083,1.9564
-1258.6,3374.3,-427.96,-29.046,889.61,3515.8,4.6947e+05,490889,1,-4285.6,12004,-1527.2,14637,-33890,3222.6,3139.3,-2657.5,-593.36,39437,347081,83,1155,995,0.83372,0.54083,1.9615
-1079.4,3008.3,-532.16,-139.37,910.95,3106.3,4.5281e+05,490887,1,-24105,30469,1618.9,28911,-61888,5031.8,9373.6,-5901.8,-2288.2,79569,355123,83,1157,996,0.82167,0.54083,1.9666
-731.97,2690,-690.41,-226.92,1099.7,2643.4,4.5417e+05,490885,1,-26087,47324,-2283,20204,-74292,12064,9529.3,-9432.8,-1350.6,95812,357191,83,1157,996,0.80959,0.54083,1.9716
-691.6,2194,-352.14,-42.953,646.41,2235.3,5.2518e+05,489389,1,6622.5,22145,-9557.5,-12802,-31300,15109,936.81,-4362.2,818.37,44923,348658,83,1154,994,0.91573,0.5539,1.9209
-805.72,2445.4,-371.77,-40.927,696.75,2506.1,5.1925e+05,489387,1,5288.7,23195,-9206.6,-9851.8,-37246,15399,1356.7,-3911,495.24,48341,349482,83,1154,994,0.90393,0.5539,1.9265
-883.12,2674,-401.73,-37.669,771.94,2737.6,5.1253e+05,489385,1,3409,18773,-6978.1,-7064.5,-39663,14702,1695.3,-2765.9,5.7827,47566,349307,83,1154,994,0.89209,0.5539,1.932
-949,2817.8,-422.35,-42.228,814.33,2890.3,5.0703e+05,489383,1,2371.1,17524,-6105,-3548,-41530,13561,1486.1,-2596.3,60.406,47751,349342,83,1154,994,0.88022,0.5539,1.9374
-1005.4,2904.8,-436.41,-50.89,835.73,2989.7,5.0573e+05,489381,1,541.26,17204,-5164.1,225.96,-43319,12300,1717.2,-2708.5,-0.1089,48591,349534,83,1154,994,0.86831,0.5539,1.9428
-1049.7,2919.3,-446.01,-68.594,830.58,3021.4,5.0014e+05,489379,1,-3294.5,26184,-6073.3,12201,-62750,12634,1275,-3022.7,305.76,70642,353769,83,1154,994,0.85638,0.5539,1.9481
-1066.4,2823.3,-453.31,-101.02,791.65,2945.7,4.9047e+05,489377,1,-3953.1,23214,-4926.6,17914,-58491,8904.3,1010,-2718.7,337.91,66398,353033,83,1155,995,0.84441,0.5539,1.9533
-982.22,2459.6,-461.33,-163.14,695.02,2591.8,4.7904e+05,489375,1,-20597,35959,-1498,29985,-63280,5168.1,5317.8,-3929.2,-1132.8,81821,355438,83,1155,995,0.83241,0.5539,1.9584
