"Cartesian Velocity:0","Cartesian Velocity:1","Cartesian Velocity:2","Spherical Velocity:0","Spherical Velocity:1","Spherical Velocity:2","Pressure","PointID","RegionId","GSV:0","GSV:1","GSV:2","GSV:3","GSV:4","GSV:5","GSV:6","GSV:7","GSV:8","magGSV","magGSV_Order","DescendingManifold","AscendingManifold","MorseSmaleManifold","Points:0","Points:1","Points:2"
1081.8,1229.3,1313.9,433.08,-2005.6,-444.73,6.1031e+05,616005,1,46647,-92065,-5618.7,-74633,1.1274e+05,-558.51,-14893,94.033,-6329.4,1.7096e+05,363494,382,1442,835,-0.85638,-0.5539,1.9481
584.64,1853.7,1388.3,528.83,-1966.5,-1248.4,6.111e+05,616003,1,32794,-90926,-11300,-30832,1.0875e+05,17476,4001.8,-6456.1,135,1.5037e+05,362115,382,1441,834,-0.86831,-0.5539,1.9428
22.803,2056.9,1208.2,537.28,-1553.7,-1728.7,6.1119e+05,616001,1,52432,-90452,-2191.1,-26976,1.0616e+05,18386,16548,-8325.2,5283.8,1.5376e+05,362354,382,1441,834,-0.88022,-0.5539,1.9374
-538.71,2067.1,829.45,426.62,-951.99,-2040.3,6.1019e+05,615999,1,99305,-41633,34108,8593.6,56544,20332,44683,-15502,16350,1.3765e+05,361114,382,1441,834,-0.89209,-0.5539,1.932
940.33,1671.4,1410.7,540.73,-2169.5,-817.58,6.1153e+05,614507,1,15655,-95112,-19844,-32257,1.2624e+05,22260,-4422.4,1911.1,-956.04,1.6487e+05,363128,382,1431,829,-0.76096,-0.54083,1.9909
814.53,1909.4,1467.6,569.58,-2221.2,-1097.7,6.1216e+05,614505,1,16225,-95739,-19773,-19475,1.2582e+05,27032,-582.37,-2106,-556.77,1.636e+05,363054,382,1431,829,-0.77316,-0.54083,1.9862
667.32,1956.8,1438.8,576.82,-2119.2,-1233.1,6.1249e+05,614503,1,19096,-96048,-18692,-13421,1.2505e+05,29162,3376.7,-3017.2,750.3,1.6318e+05,363024,382,1431,829,-0.78533,-0.54083,1.9814
530.34,1954.7,1378.2,565.76,-1984.7,-1320.1,6.1226e+05,614501,1,15238,-96262,-20259,-12955,1.2397e+05,29032,2753.8,-3749.9,305.6,1.622e+05,362947,382,1431,829,-0.79748,-0.54083,1.9765
447.86,1964.1,1330,544.59,-1901.1,-1384.4,6.1154e+05,614499,1,13870,-96238,-20783,-14114,1.2204e+05,28010,2078.4,-4921.9,-290.39,1.606e+05,362835,382,1431,829,-0.80959,-0.54083,1.9716
363.5,2006.6,1299.9,533.21,-1839.8,-1476.3,6.1086e+05,614497,1,16878,-95544,-19307,-15858,1.1932e+05,26514,2611.3,-6408.2,-470.82,1.582e+05,362655,382,1431,829,-0.82167,-0.54083,1.9666
152.33,2081,1230.3,527.89,-1680.3,-1662.9,6.105e+05,614495,1,21499,-84087,-14129,-16143,99395,20812,6780.4,-13994,-789.75,1.3619e+05,360998,382,1431,829,-0.83372,-0.54083,1.9615
-222.06,2186.1,1007.5,444.12,-1341.3,-1961.3,6.0998e+05,614493,1,25883,-78325,-10685,-23667,90691,15143,10611,-10952,1667.1,1.2716e+05,360281,382,1442,835,-0.84574,-0.54083,1.9564
-436.29,2316.2,708.6,229.27,-1095.4,-2191.9,6.0937e+05,614491,1,24059,-66949,-8192.6,-27605,52412,2582.7,8285.2,-28838,-4395,97793,357434,382,1442,835,-0.85773,-0.54083,1.9511
-545.2,2392.9,536.22,101.59,-958.28,-2320,6.0937e+05,614489,1,10888,-44182,-7550.3,-5821.5,21126,3339,12500,-36211,-4578.8,64089,352613,382,1442,835,-0.86968,-0.54083,1.9458
-615.72,2419.5,458.97,56.794,-869.23,-2384.3,6.0889e+05,614487,1,14251,-24170,-339.41,-3141.3,15789,3029.1,10052,-28072,-3330.5,44226,348488,382,1441,834,-0.88161,-0.54083,1.9405
-650.52,2367.8,410.18,42.925,-784.05,-2362.5,6.0584e+05,614485,1,73309,-3341,33171,19463,15965,13522,25823,-12167,8561.6,90501,356529,382,1441,834,-0.8935,-0.54083,1.935
1186.9,1006.3,1219,552.04,-1898,-4.271,6.1214e+05,613013,1,28416,-80516,-12126,-59315,1.1821e+05,12671,-10409,13159,393.6,1.5928e+05,362728,382,1435,833,-0.62591,-0.52774,2.0408
926.15,1609,1368.2,612.37,-2126.3,-650.07,6.1295e+05,613011,1,21735,-89470,-16415,-36038,1.3154e+05,23195,-5551.7,7486,449.13,1.6725e+05,363271,382,1435,833,-0.63842,-0.52774,2.0369
772.15,1725.4,1354.3,609.43,-2075.3,-853.95,6.1319e+05,613009,1,13004,-91786,-19722,-14185,1.3031e+05,29655,578.3,4769.2,1652.2,1.6453e+05,363108,382,1434,832,-0.65091,-0.52774,2.033
695.58,1757.2,1330.8,596.31,-2024.7,-942.1,6.1328e+05,613007,1,11721,-93726,-20615,-12260,1.2958e+05,30062,972.94,2904.2,1297.3,1.6493e+05,363134,382,1434,832,-0.66337,-0.52774,2.0289
648.13,1785.9,1319.5,587.23,-1997.1,-1008.7,6.1327e+05,613005,1,10697,-94317,-21081,-12688,1.287e+05,29673,-5.6316,1707.5,664.95,1.6451e+05,363105,382,1433,831,-0.67581,-0.52774,2.0248
574.09,1815.9,1308.2,586.67,-1950,-1091.7,6.1331e+05,613003,1,13940,-1.0012e+05,-21544,-14734,1.4838e+05,34179,-417.71,12651,3377.9,1.8508e+05,364240,382,1433,831,-0.68822,-0.52774,2.0206
467.19,1848.3,1286.1,586.86,-1874.9,-1195.2,6.133e+05,613001,1,14285,-83862,-16972,-9929.2,91500,20712,3343,-20543,-4002.6,1.299e+05,360509,382,1433,831,-0.70061,-0.52774,2.0164
296.13,1886.5,1242,587.65,-1745.8,-1340.1,6.1313e+05,612999,1,21680,-1.0474e+05,-20014,-19484,1.5668e+05,34675,708.2,16394,4745.4,1.9561e+05,364768,382,1432,830,-0.71297,-0.52774,2.012
43.77,1940.6,1147.5,567.54,-1542.9,-1543.4,6.1263e+05,612997,1,22353,-80559,-13207,-19126,95695,18473,5018.6,-14831,-1935.2,1.3144e+05,360634,382,1432,830,-0.7253,-0.52774,2.0076
-252.14,2034.6,954.29,465.6,-1285.3,-1801.4,6.1156e+05,612995,1,22060,-72338,-11113,-26803,77979,10845,7748.3,-18147,-1882.8,1.1468e+05,359214,382,1431,829,-0.7376,-0.52774,2.0031
-389.67,2166.3,696.42,245.95,-1134,-1995.8,6.1018e+05,612993,1,13994,-69425,-13285,-22125,48681,4662.9,11193,-34785,-5066.8,97131,357343,382,1431,829,-0.74988,-0.52774,1.9986
-418.99,2265.7,544.85,95.518,-1086.9,-2101.2,6.0999e+05,612991,1,5343.3,-40510,-8764.4,-5690.4,17091,2392.7,7485.7,-29928,-5109,55267,350961,382,1431,829,-0.76213,-0.52774,1.9939
-453.99,2312.5,497.4,54.831,-1050.8,-2166.6,6.1048e+05,612989,1,9484.6,-60064,-12429,-7315.5,20905,2780,5015.1,-43832,-9804.9,79955,355168,382,1431,829,-0.77435,-0.52774,1.9892
-498.26,2336.9,479.48,50.08,-1008.2,-2218.2,6.1051e+05,612987,1,8431.6,-45745,-8957.6,-2826.1,14880,2885.3,4836.3,-37963,-8284.5,63363,352483,382,1431,829,-0.78654,-0.52774,1.9844
-541.27,2353.4,468.15,53.234,-965.24,-2261.9,6.1015e+05,612985,1,7547.5,-47402,-9741.5,-2711.4,17932,3744.5,5164.6,-41440,-9087.6,67589,353256,382,1431,829,-0.7987,-0.52774,1.9796
-566.43,2368.5,458.44,52.108,-935.62,-2294,6.0978e+05,612983,1,4809.9,-32710,-6864.3,-2565.3,13086,2482.1,3618.6,-30227,-6672.3,47911,349378,382,1431,829,-0.81083,-0.52774,1.9746
-577.69,2383.5,448.07,45.494,-916.16,-2318.3,6.0953e+05,612981,1,7529.1,-39065,-7438.4,-3445.9,15999,2895.2,5401.3,-38226,-8100,58910,351672,382,1431,829,-0.82293,-0.52774,1.9696
-593.99,2398.7,432.65,36.399,-890.71,-2345,6.0944e+05,612979,1,3463.3,-23003,-4776.8,-1985.9,9907.6,1847.4,3582,-25943,-5516.4,37226,346331,382,1431,829,-0.835,-0.52774,1.9645
-618.94,2414.2,411.78,25.944,-856.35,-2376.3,6.0901e+05,612977,1,7282,-19075,-2069.4,-3038.3,9754.3,1349.8,6129.5,-25726,-4366.4,35296,345613,382,1431,829,-0.84704,-0.52774,1.9594
-635.35,2429.4,391.95,13.483,-828.72,-2402.5,6.0839e+05,612975,1,4132.9,-9567.8,-810.43,-2876.6,5762.9,316.15,5862.3,-15959,-1794.3,21051,338167,382,1442,835,-0.85905,-0.52774,1.9541
-646.21,2442.2,379.63,6.2928,-807.62,-2423.6,6.0733e+05,612973,1,2543.8,-4192.7,-17.37,-1871.6,2697.3,-95.378,3661.2,-7978.8,-552.16,10593,325090,382,1442,835,-0.87102,-0.52774,1.9488
-650.74,2452.3,374.54,3.7727,-793.51,-2438.8,6.0312e+05,612971,1,209.04,-100.55,61.842,-470.59,1243.5,126.41,309.38,-2701.2,-598.54,3471.9,265246,382,1441,834,-0.88296,-0.52774,1.9435
-654.07,2447,377.74,11.817,-777.46,-2440,6.0603e+05,612969,1,48473,-99.775,22528,8628,3336.5,4927.3,14640,-2564.6,6104.8,56791,351278,382,1441,834,-0.89487,-0.52774,1.938
-2383.6,2154.1,-120.1,360.38,915.53,-3060.8,6.0851e+05,612967,1,60880,9490.8,30941,42340,15230,24116,37343,5785.4,19108,95672,357175,382,1422,827,-0.90675,-0.52774,1.9325
588.66,679.19,765.52,389.46,-1105.4,-142.6,6.0933e+05,611499,1,69109,-71984,2499.7,-1.0627e+05,66177,-15199,-10683,-10778,-5920.1,1.6166e+05,362910,382,1423,828,-0.6143,-0.51463,2.0477
-5.6112,1775.1,678.86,217.14,-1293.3,-1375.6,6.0951e+05,611497,1,25168,-48958,-4677.1,-41180,33483,-4100.6,10519,-21451,-2192.2,80384,355249,382,1423,828,-0.62685,-0.51463,2.0439
-178.94,2008.7,537.74,80.787,-1239.8,-1677,6.0999e+05,611495,1,15948,-58980,-10053,-16968,23374,688.81,6102.4,-40547,-8429.3,80132,355192,382,1435,833,-0.63938,-0.51463,2.04
-278.55,2044.3,481.3,49.784,-1152.2,-1777.1,6.1045e+05,611493,1,6961.8,-33201,-6225.1,-2568,8579.6,1370.3,4147.3,-26451,-5413.4,44920,348657,382,1434,832,-0.65189,-0.51463,2.036
-341.41,2067.1,456.14,40.889,-1094.6,-1843.2,6.1095e+05,611491,1,7961.4,-52627,-10889,-3061.2,15305,2925,4683.4,-44106,-9776.8,72571,354064,382,1434,832,-0.66437,-0.51463,2.032
-381.07,2092.7,443.11,36.163,-1059.7,-1896.5,6.1139e+05,611489,1,4304.6,-29111,-6021.2,-2520.4,8029.2,1219.1,2428.9,-24788,-5539.7,40319,347361,382,1434,832,-0.67682,-0.51463,2.0279
-413.43,2120.4,435.63,34.244,-1033,-1946.4,6.1155e+05,611487,1,6655.7,-42295,-8618.5,-3149.7,12912,2251.3,3590.4,-37877,-8524.5,60078,351905,382,1433,831,-0.68925,-0.51463,2.0237
-445.19,2150.5,429.98,33.622,-1008.5,-1997.4,6.114e+05,611485,1,5191.7,-34762,-7160.8,-3127.4,11303,1829.6,3098.2,-33138,-7466.2,50902,350059,382,1433,831,-0.70166,-0.51463,2.0194
-480.43,2182.2,423.14,33.057,-981.45,-2051.2,6.1106e+05,611483,1,7781,-28465,-4599.4,-3392.6,10879,1610.6,4103,-31112,-6583,45305,348756,382,1432,830,-0.71403,-0.51463,2.0151
-520.34,2213.7,412.43,30.916,-948.91,-2107.1,6.104e+05,611481,1,4452.9,-20755,-3772.4,-3169.2,10158,1487.7,3237.8,-28200,-6132.9,37730,346502,382,1432,830,-0.72638,-0.51463,2.0106
-556.68,2247.1,397.92,24.138,-918.1,-2162,6.0947e+05,611479,1,6302.7,-14134,-1367.9,-3820.8,8639.8,842.65,4973.8,-23610,-4305,30529,343545,382,1432,830,-0.73871,-0.51463,2.0061
-576.46,2281,384.82,13.328,-900.14,-2207.4,6.0862e+05,611477,1,2904.4,-7400.6,-844.25,-4182.9,4526.7,-389.64,5140.1,-13047,-1468.6,17346,335388,382,1431,829,-0.751,-0.51463,2.0016
-586.02,2313.7,378.64,5.7899,-891.88,-2245.9,6.0861e+05,611475,1,1141.3,-5848.6,-1092.6,-2226.3,1760.9,-390.37,873.74,-6666.5,-1403,9596.1,322493,382,1431,829,-0.76327,-0.51463,1.9969
-594.19,2339.2,376.55,3.2505,-882.66,-2277.6,6.0828e+05,611473,1,1556.9,-4794.6,-650.15,-1947.8,1145.4,-457.38,1114.4,-5235,-933.33,7789,315733,382,1431,829,-0.77551,-0.51463,1.9922
-602.57,2359.1,374.99,2.658,-870.71,-2304.5,6.0756e+05,611471,1,903.68,-3537.3,-571.67,-1380.8,845.07,-325.45,507.08,-4338.6,-933.54,6027.8,303869,382,1431,829,-0.78772,-0.51463,1.9874
-610.71,2376,373.21,2.561,-857.45,-2328.6,6.068e+05,611469,1,1169.6,-2350,-149.1,-1216.9,874.52,-261.14,624.76,-3973.2,-789.43,5101.6,295367,382,1431,829,-0.7999,-0.51463,1.9825
-617.08,2391.1,371.43,2.3183,-844.77,-2350,6.0623e+05,611467,1,521.04,-1469.5,-176.31,-1071.3,898.25,-203.32,462.5,-3639.9,-766.48,4302.1,287790,382,1431,829,-0.81205,-0.51463,1.9776
-621.59,2404,369.62,1.9148,-832.59,-2368.4,6.0603e+05,611465,1,551.25,-1136.7,-72.919,-983.57,817.76,-195.24,619.49,-3260,-599.6,3827.1,271761,382,1431,829,-0.82417,-0.51463,1.9726
-625.51,2415.2,367.57,1.5119,-820.1,-2384.7,6.0578e+05,611463,1,528.93,-413.73,112.97,-882.59,644.64,-206.08,594.34,-2550.5,-419.54,3471.9,265238,382,1431,829,-0.83625,-0.51463,1.9675
-629.16,2426,365.46,1.0855,-807.77,-2400.5,6.0513e+05,611461,1,326.63,328.12,225.32,-852.31,484.7,-241.54,506.86,-1839.9,-266.34,3471.9,265211,382,1431,829,-0.84831,-0.51463,1.9623
-632.05,2436.7,363.66,0.67473,-796.34,-2415.6,6.0388e+05,611459,1,214.85,732.32,286.81,-819.77,382.22,-259.85,386.63,-1349.5,-187.07,3471.9,265199,382,1431,829,-0.86034,-0.51463,1.9571
-633.95,2447.6,362.5,0.42248,-786.2,-2430.2,6.0078e+05,611457,1,19.113,1111.9,300.83,-785.91,318.44,-267.58,175.41,-864.32,-149.72,3471.9,265181,382,1442,835,-0.87233,-0.51463,1.9518
-635.52,2458.4,361.93,0.56599,-776.78,-2444.5,5.965e+05,611455,1,-75.625,1198.9,282.04,-730.85,359.84,-236.4,38.854,-770.47,-186.84,3471.9,265180,382,1441,834,-0.88429,-0.51463,1.9464
-635.21,2467.6,363.6,2.3155,-769.28,-2456.2,6.0604e+05,611453,1,32915,15437,19413,3752.9,3327.1,2637,9156.3,3259.3,5126.6,43028,348157,382,1422,827,-0.89621,-0.51463,1.9409
-1684.8,2371.5,80.893,211.96,222.6,-2894,6.0619e+05,611451,1,62829,57977,44856,34977,11029,19472,31298,15571,18872,1.1235e+05,358983,382,1422,827,-0.90811,-0.51463,1.9354
1008.3,35.395,695.1,365.04,-993.04,617.77,6.0877e+05,609983,1,79731,-56280,9681.6,-1.0123e+05,64389,-14031,-4308.3,2507,-584.59,1.5567e+05,362486,382,1420,826,-0.6026,-0.50151,2.0544
-157.91,1503.5,671.49,327.48,-1014.2,-1265.2,6.0893e+05,609981,1,59287,-38681,8125.5,-83793,43301,-14355,4423.6,-7511.4,-473.35,1.194e+05,359616,382,1420,826,-0.61519,-0.50151,2.0507
-363.28,1973.2,448.79,71.441,-1046.2,-1768.4,6.0814e+05,609979,1,8926.4,-15557,-1108.6,-18521,11980,-2700.5,10773,-11931,355.25,32792,344556,382,1420,826,-0.62777,-0.50151,2.0468
-409.29,2039.1,385.77,12.527,-1011.5,-1857.7,6.0804e+05,609977,1,4712.6,-10020,-1011.9,-4693.8,2809.6,-765.12,3817.4,-7395.6,-639.33,14960,333160,382,1435,833,-0.64031,-0.50151,2.0429
-437.72,2060.1,372.67,5.6783,-981.37,-1900.3,6.0753e+05,609975,1,1813.3,-4789.9,-613.08,-1613.4,511.48,-390.62,784.85,-3999.5,-741.02,6840,310538,382,1435,833,-0.65284,-0.50151,2.039
-456.93,2082.1,367.94,3.9072,-961.53,-1937.7,6.0737e+05,609973,1,2164.5,-4728.1,-476.11,-1761,671.37,-409.54,821.52,-4184.2,-774.47,7054.7,311828,382,1434,832,-0.66534,-0.50151,2.0349
-471.29,2106.5,366.06,2.9162,-947.62,-1973.7,6.0744e+05,609971,1,1198.8,-2789.9,-301.69,-1888.5,560.9,-490.59,324.43,-3220,-695.04,4938.6,293942,382,1434,832,-0.67781,-0.50151,2.0308
-484.3,2133.2,365.64,2.4962,-936.4,-2010.5,6.0725e+05,609969,1,1185.2,-1627.5,-10.849,-2022.2,448.08,-575.86,249.9,-2652.9,-577.88,4013.7,284366,382,1433,831,-0.69026,-0.50151,2.0266
-498.28,2162.2,365.73,2.4497,-925.81,-2049.4,6.066e+05,609967,1,1672.3,-1972.2,81.637,-2212.9,563.11,-627.51,405.98,-3279.8,-682.08,4867,293279,382,1433,831,-0.70268,-0.50151,2.0223
-514.07,2192.8,365.6,2.5846,-914.46,-2090.5,6.0553e+05,609965,1,1145.1,428.65,505.63,-2150.8,187.38,-714.39,174.5,-1757.1,-378.16,3191.1,249376,382,1432,830,-0.71507,-0.50151,2.018
-532.69,2222.7,364.34,2.919,-900.08,-2132.3,6.041e+05,609963,1,1753.5,309.98,706.43,-2225.5,257.84,-739.32,523.5,-2176.7,-358.7,3791.6,271316,382,1432,830,-0.72744,-0.50151,2.0136
-552.85,2253.5,362.26,3.0248,-884.48,-2175.5,6.0304e+05,609961,1,1200.8,1205.2,741.3,-2229.1,34.916,-813.57,387.34,-1411.7,-212.24,3471.9,265256,382,1432,830,-0.73979,-0.50151,2.0091
-569.25,2283.8,360.23,2.2095,-871.36,-2216,6.0291e+05,609959,1,913.7,1292.6,663.06,-2173.6,-34.354,-823.38,185.08,-1133,-216.41,3471.9,265248,382,1431,829,-0.7521,-0.50151,2.0045
-581.45,2314.6,359.71,1.3774,-862.17,-2254.2,6.0282e+05,609957,1,700.4,983.18,511.39,-2019.2,-97.357,-793.81,212.13,-1065.1,-188.25,3471.9,265146,382,1316,810,-0.76438,-0.50151,1.9998
-590,2340,359.44,0.83033,-853.13,-2285.8,6.0258e+05,609955,1,521.54,1030.7,458.88,-1660,-160.4,-685.23,118.65,-872.19,-172.91,3471.9,265147,382,1316,810,-0.77664,-0.50151,1.9951
-596.52,2360.4,358.99,0.61214,-843.16,-2312,6.018e+05,609953,1,424.78,702.8,345,-1329.6,29.474,-518.88,155.4,-1013.2,-195.5,3471.9,265148,382,1316,810,-0.78887,-0.50151,1.9903
-602.3,2377.8,358.26,0.59354,-832.28,-2335,6.0077e+05,609951,1,314.88,947.69,364.4,-1194.2,19.758,-475.46,137.01,-876.93,-166.22,3471.9,265149,382,1316,810,-0.80106,-0.50151,1.9854
-607.26,2393.4,357.36,0.57416,-821.26,-2356,5.9999e+05,609949,1,262.7,875.45,328.92,-1039,95.709,-401.25,167.92,-907.1,-161.68,3471.9,265150,382,1316,810,-0.81323,-0.50151,1.9805
-610.82,2406.8,356.3,0.44497,-810.3,-2374,5.9963e+05,609947,1,139.93,949.53,298.06,-907.61,121.66,-347.26,151.78,-842.47,-150.25,3471.9,265151,382,1316,810,-0.82537,-0.50151,1.9755
-613.25,2418.1,355.16,0.30584,-799.43,-2389.7,5.9954e+05,609945,1,76.51,962.74,276.85,-810.87,175.71,-298.79,155.55,-829.93,-145.58,3471.9,265152,382,1316,810,-0.83747,-0.50151,1.9703
-614.94,2429.1,354.29,0.2117,-789.25,-2404.4,5.9906e+05,609943,1,9.7122,1068.1,275.77,-789.5,209.81,-287.43,128.09,-760.19,-138.58,3471.9,265153,382,1442,835,-0.84955,-0.50151,1.9652
-616.07,2440,353.68,0.15074,-779.82,-2418.7,5.9803e+05,609941,1,-9.2733,1153.5,292.33,-784.68,234.5,-284.68,123.91,-710.01,-128.18,3471.9,265155,382,1442,835,-0.86159,-0.50151,1.9599
-616.84,2451.1,353.33,0.12037,-771.06,-2432.8,5.9624e+05,609939,1,-78.306,1220.2,276.67,-803.04,246.12,-296.05,75.721,-659.2,-134.54,3471.9,265171,382,1442,835,-0.8736,-0.50151,1.9546
-617.47,2462.3,353.15,0.14447,-762.75,-2446.9,5.9526e+05,609937,1,-76.231,1261.6,290.57,-779.76,286.05,-280.77,57.109,-658.31,-143.91,3471.9,265179,382,1422,827,-0.88558,-0.50151,1.9492
-618.38,2473.4,353.12,0.43988,-754.39,-2460.8,6.0314e+05,609935,1,5302.9,1246.4,2790.1,11.915,343.04,97.298,1477.1,-698.44,506.86,6365,307249,382,1422,827,-0.89752,-0.50151,1.9437
-774.69,2461,312.34,34.432,-597.05,-2529.1,6.0598e+05,609933,1,73884,17070,39323,24017,7617.7,13333,26663,6532.2,14298,95221,357124,382,1406,824,-0.90943,-0.50151,1.9382
75.27,1053.5,694.7,395.33,-920.07,-771.59,6.0892e+05,608463,1,75127,-49045,10157,-96854,58003,-14406,-520.58,-1970.7,-552.86,1.4529e+05,361731,382,1415,825,-0.60346,-0.48836,2.0573
-391.34,1865.1,475.63,139.62,-965.66,-1704.7,6.0811e+05,608461,1,27037,-19642,3337.6,-45226,26439,-7152.6,11832,-8716.7,1466.2,64355,352659,382,1415,825,-0.61607,-0.48836,2.0536
-427.98,2009.4,363.42,14.851,-965.62,-1849.4,6.0728e+05,608459,1,1686.7,-1547.3,142.52,-5195.4,1890.9,-1137.8,3798.6,-3816.4,248.61,8135,317573,382,1423,828,-0.62866,-0.48836,2.0497
-439.37,2039,350.68,1.5449,-952.78,-1888.3,6.0745e+05,608457,1,718.43,-518.92,95.244,-1874.4,12.122,-583.74,576.73,-1638.2,-214.86,2776.9,202878,382,1423,828,-0.64122,-0.48836,2.0458
-446.76,2061.1,350.63,0.67532,-943.14,-1918.6,6.0601e+05,608455,1,688.04,105.54,239.88,-1624.3,70.315,-501.6,181.94,-1260,-245.84,2701.2,201361,382,1415,825,-0.65376,-0.48836,2.0419
-452.65,2084,352.04,0.56964,-935.65,-1948.4,6.0432e+05,608453,1,483.36,826.52,352.38,-1693.3,134.16,-519.78,9.3058,-888.95,-211.49,2701.2,201360,382,1415,825,-0.66628,-0.48836,2.0378
-458.47,2108.2,353.82,0.53754,-929.12,-1979.1,6.0313e+05,608451,1,449.37,1407.4,486.24,-1819.3,120.45,-578.51,-44.566,-649.35,-171.73,2701.2,201364,382,1432,830,-0.67877,-0.48836,2.0337
-465.42,2134.4,355.75,0.62307,-922.78,-2011.7,6.0196e+05,608449,1,468.84,1725.3,573.93,-1948.3,71.819,-646.49,-86.219,-532.41,-158.05,2839.1,204561,382,1432,830,-0.69124,-0.48836,2.0295
-475.02,2162.3,357.31,0.87767,-915.21,-2047.2,6.0115e+05,608447,1,748.01,1875.7,711.88,-2015.2,-62.843,-715.29,-7.1986,-503.75,-124.25,3070.9,211419,382,1432,830,-0.70368,-0.48836,2.0252
-488.34,2191.4,357.91,1.2781,-905,-2085.6,6.0067e+05,608445,1,915.92,1992.5,805.39,-2036.3,-251.1,-783.01,57.254,-495.13,-99.004,3246.3,250998,382,1432,830,-0.71609,-0.48836,2.0209
-504.63,2219.9,357.07,1.5861,-891.6,-2124.9,6.0067e+05,608443,1,1143.8,2034,906.39,-2060.1,-249.33,-803.06,142.66,-504.07,-70.954,3390.8,254340,382,1432,830,-0.72848,-0.48836,2.0164
-524.52,2249.1,354.92,1.9526,-875.11,-2166.5,6.0067e+05,608441,1,1133.9,2147,936.45,-2099.3,-355.07,-856.66,170.9,-483.74,-54.863,3507.9,266644,382,1432,830,-0.74083,-0.48836,2.0119
-540.65,2280,353.41,1.4255,-862.53,-2207.2,6.0117e+05,608439,1,1011.8,2048.1,877.85,-2096.4,-429.38,-889.7,170.42,-514.1,-61.563,3471.9,265145,382,1316,810,-0.75317,-0.48836,2.0073
-558.36,2309,351.23,1.4396,-847.4,-2246.9,6.0094e+05,608437,1,930.76,1763.3,784.12,-1930.4,-517.55,-864.1,185.1,-611.03,-78.111,3471.9,265249,382,1316,810,-0.76547,-0.48836,2.0027
-571.35,2336,349.59,0.91939,-835.05,-2282.1,6.0067e+05,608435,1,628.71,1527.4,616.87,-1737.5,-417.11,-777.4,138.81,-674.63,-111.11,3471.9,265231,382,1316,810,-0.77774,-0.48836,1.9979
-579.66,2359,348.88,0.56103,-824.81,-2311.4,5.9966e+05,608433,1,446.05,1339,504.26,-1454.8,-252.19,-637.45,126.42,-714.81,-125.09,3471.9,265218,382,1316,810,-0.78999,-0.48836,1.9931
-586.32,2377.3,347.88,0.4628,-813.53,-2335.5,5.9881e+05,608431,1,321.9,1189.3,422.77,-1191,-79.465,-500.43,136.46,-743.39,-128.05,3471.9,265204,382,1316,810,-0.8022,-0.48836,1.9882
-592.2,2393.7,346.75,0.45804,-801.99,-2357.4,5.9791e+05,608429,1,252.8,1150.5,386.23,-1084.9,-30.555,-453.06,141.56,-748.39,-125.82,3471.9,265197,382,1316,810,-0.81439,-0.48836,1.9833
-596.24,2408.1,345.74,0.34025,-791.2,-2376.6,5.9748e+05,608427,1,104.59,1099,315.55,-917.21,77.305,-364.27,130.75,-746.84,-130.26,3471.9,265177,382,1316,810,-0.82654,-0.48836,1.9783
-598.16,2420.4,345,0.15817,-781.38,-2392.7,5.9791e+05,608425,1,2.0828,1134,280.86,-861.87,150.42,-329.34,100.55,-714.96,-133.88,3471.9,265158,382,1316,810,-0.83866,-0.48836,1.9731
-599.2,2431.9,344.56,0.088546,-772.18,-2407.4,5.9757e+05,608423,1,-48.83,1152.2,264.7,-810.19,203.95,-299.59,86.943,-693.91,-134.67,3471.9,265154,382,1316,810,-0.85075,-0.48836,1.968
-599.75,2443.1,344.31,0.05184,-763.54,-2421.6,5.9692e+05,608421,1,-74.008,1181.6,261.42,-805.37,227.01,-297.56,75.444,-674.44,-134.68,3471.9,265156,382,1442,835,-0.86281,-0.48836,1.9627
-600.03,2454.5,344.24,0.032628,-755.43,-2435.6,5.9495e+05,608419,1,-95.936,1207.3,258.34,-808.69,243.6,-300.66,63.374,-658.21,-135.9,3471.9,265166,382,1442,835,-0.87484,-0.48836,1.9574
-600.22,2465.8,344.25,0.024261,-747.64,-2449.5,5.9514e+05,608417,1,-94.591,1220.9,262.52,-807.1,246.87,-303.94,61.788,-652.15,-135.08,3471.9,265170,382,1422,827,-0.88683,-0.48836,1.952
-600.55,2477.1,344.27,0.077074,-739.92,-2463.3,6.011e+05,608415,1,1011.2,2803.2,1179.3,-514.28,462.29,-119.88,333.26,-233.56,97.603,3471.9,265254,382,1406,824,-0.89879,-0.48836,1.9465
-603.83,2482.8,344.06,2.3787,-727.63,-2473.4,6.0851e+05,608413,1,79374,7422.4,39427,15169,1075.7,7448.3,24535,990.35,11858,94553,357043,382,1406,824,-0.91072,-0.48836,1.9409
563.03,322.9,670.67,408.2,-833.24,100.83,6.0888e+05,606945,1,79399,-44790,12372,-97538,51694,-16072,1947.7,-188.23,572.15,1.4461e+05,361687,382,1415,825,-0.59164,-0.4752,2.0638
-319.35,1637.6,542.11,241.77,-902.72,-1484.7,6.0839e+05,606943,1,47782,-22267,8713.4,-71894,32039,-13513,9183.4,-7138.6,1060.6,96794,357298,382,1415,825,-0.60429,-0.4752,2.0601
-413.46,1965.1,368.62,36.054,-945.67,-1809.1,6.0707e+05,606941,1,2635.2,-400.37,691.73,-11167,5012,-2177.1,6491.2,-4552.9,885.37,15026,333218,382,1415,825,-0.61692,-0.4752,2.0564
-420.01,2014.6,340.13,2.3787,-942.04,-1861,6.063e+05,606939,1,297.96,1137.4,352.49,-2715.9,258.47,-769.77,1098.9,-1134.3,69.09,3470,265095,382,1415,825,-0.62952,-0.4752,2.0526
-423.69,2039.5,340.4,0.12726,-936.69,-1891.4,6.0736e+05,606937,1,215.85,1450,402.56,-1791.6,143.08,-528.02,54.96,-683.97,-142.8,2701.2,201362,382,1415,825,-0.64211,-0.4752,2.0487
-426.18,2062.8,343.02,0.062664,-932.25,-1919.7,6.0509e+05,606935,1,106.05,1709.3,432.09,-1694.6,153.92,-507.89,-146.97,-454.25,-153.28,2701.2,201363,382,1415,825,-0.65466,-0.4752,2.0447
-428.42,2086.2,345.85,0.098635,-928.17,-1947.8,6.0142e+05,606933,1,77.497,1903.8,467.8,-1718.4,164.07,-524.62,-166.22,-379.83,-142.79,2701.2,201359,382,1415,825,-0.6672,-0.4752,2.0406
-431.54,2110.1,348.52,0.1713,-923.64,-1976.6,5.9973e+05,606931,1,153.63,1989.6,515.63,-1771.8,137.96,-559.35,-156.74,-358.56,-136.03,2809.1,203411,382,1432,830,-0.67971,-0.4752,2.0365
-436.56,2135.2,350.9,0.30971,-918.25,-2007.4,5.9949e+05,606929,1,385.25,2037.7,608.22,-1803.8,3.0225,-613.62,-89.438,-372.46,-117.39,2908.8,206904,382,1432,830,-0.69219,-0.4752,2.0323
-445.44,2160.8,352.19,0.59421,-909.78,-2040.6,5.9955e+05,606927,1,703.47,2060,727.12,-1796.3,-224.11,-677.35,21.602,-421.23,-90.548,3031.3,209852,382,1432,830,-0.70465,-0.4752,2.028
-459.88,2186.7,351.63,1.026,-896.41,-2076.8,5.9942e+05,606925,1,888.14,2084,804.95,-1938.9,-323.08,-761.67,65.514,-443.28,-81.05,3229.7,250612,382,1432,830,-0.71708,-0.4752,2.0236
-475.18,2214.8,350.75,1.0881,-883.36,-2115.2,5.9944e+05,606923,1,1046.1,2098.1,872.19,-1948.8,-475.17,-815.57,144.88,-483.86,-61.298,3347.4,253214,382,1316,810,-0.72948,-0.4752,2.0192
-492.47,2242.7,348.98,1.2275,-868.21,-2154.1,5.995e+05,606921,1,1109.3,2142.7,915.78,-1992.6,-600.26,-877.51,192.65,-503.84,-47.5,3471.9,265144,382,1316,810,-0.74186,-0.4752,2.0147
-511.79,2271.2,346.21,1.2005,-851.31,-2194.4,6.003e+05,606919,1,1198.2,2083.8,943.61,-1966.3,-688.19,-902.67,243.75,-535.48,-34.91,3488.6,266064,382,1316,810,-0.7542,-0.4752,2.0101
-531.63,2299.7,343.05,1.2095,-833.71,-2234.7,6.0015e+05,606917,1,1112.3,2055.2,911.24,-1971.2,-720.88,-924.13,237.12,-555.61,-41.256,3471.9,265264,382,1316,810,-0.76652,-0.4752,2.0054
-547.73,2328.4,340.77,0.85979,-819.42,-2272.9,6.0008e+05,606915,1,839.1,1839.7,762.82,-1831.9,-643.03,-864.32,186.62,-609.18,-72.674,3471.9,265247,382,1316,810,-0.77881,-0.4752,2.0007
-560.35,2353.6,338.97,0.63623,-806.32,-2306.1,5.9935e+05,606913,1,686.66,1642.8,660.25,-1647.7,-575.62,-787.49,174.43,-660.92,-88.119,3471.9,265234,382,1316,810,-0.79108,-0.4752,1.9959
-568.69,2374.9,337.84,0.4151,-795.05,-2333.6,5.9856e+05,606911,1,436.91,1399.4,509.96,-1347,-335.67,-622.03,148.34,-707.6,-109.51,3471.9,265213,382,1316,810,-0.80331,-0.4752,1.991
-575.6,2392.4,336.52,0.39673,-783.15,-2356.9,5.973e+05,606909,1,325.26,1314.5,446,-1214.8,-191.09,-543.87,139.48,-713.88,-112.83,3471.9,265209,382,1316,810,-0.81551,-0.4752,1.986
-580.35,2408.3,335.53,0.27573,-772.49,-2377.5,5.9663e+05,606907,1,120.87,1209.8,341.57,-1014.6,-8.5935,-425.63,111.72,-717.57,-126.42,3471.9,265191,382,1316,810,-0.82768,-0.4752,1.981
-582.23,2422.5,335.24,0.092018,-763.76,-2395.1,5.9686e+05,606905,1,7.8418,1205.8,291.63,-968.21,85.293,-390.72,73.505,-695.69,-135.32,3471.9,265188,382,1316,810,-0.83982,-0.4752,1.9759
-583.05,2434.7,335.08,0.041549,-755.23,-2410.3,5.9652e+05,606903,1,-60.163,1178.2,259.35,-834.49,189.02,-314.86,72.647,-683.48,-134.24,3471.9,265159,382,1316,810,-0.85193,-0.4752,1.9707
-583.32,2446.3,335.06,0.01341,-747.15,-2424.6,5.9668e+05,606901,1,-93.368,1194.8,246.4,-831.64,221.44,-312.24,55.496,-667.7,-136.26,3471.9,265168,382,1316,810,-0.864,-0.4752,1.9654
-583.43,2457.8,335.11,0.0068529,-739.36,-2438.6,5.9425e+05,606899,1,-99.451,1199.8,247.82,-811.33,238.64,-304.47,57.817,-661.2,-135.24,3471.9,265157,382,1316,810,-0.87604,-0.4752,1.9601
-583.49,2469.2,335.19,0.0025079,-731.77,-2452.4,5.962e+05,606897,1,-100.59,1207.1,247.19,-805.02,240.19,-307.86,56.203,-658.03,-134.1,3471.9,265160,382,1406,824,-0.88806,-0.4752,1.9547
-583.68,2480.5,335.23,0.018066,-724.23,-2466,5.9875e+05,606895,1,-660.93,1214.4,-11.183,-775.96,239.83,-299.72,-113.97,-656.51,-213.31,3471.9,265189,382,1406,824,-0.90003,-0.4752,1.9492
-567.56,2491.1,340.27,-2.1763,-731.7,-2471.4,6.1041e+05,606893,1,67419,10843,34522,8675.3,3541.4,4973.6,19977,2607.5,10082,80466,355259,382,1406,824,-0.91198,-0.4752,1.9436
-44.965,1069.2,649.87,398.23,-806.65,-870.75,6.0885e+05,605425,1,84157,-31842,16741,-95728,45312,-17104,3011.1,-1345,609.84,1.4106e+05,361386,382,1397,823,-0.59243,-0.46201,2.0666
-383.4,1870.7,412.69,99.615,-922.04,-1719.5,6.0743e+05,605423,1,16448,-8197.8,2926.2,-36565,17115,-6792.7,10963,-4817.4,2119.5,46585,349076,382,1397,823,-0.6051,-0.46201,2.0629
-394.4,1987.3,335.81,7.7012,-936.67,-1827.7,6.0575e+05,605421,1,376.42,1646,480.28,-5362.1,1009.5,-1369.5,3028.3,-1575.1,543.56,6831.9,310491,382,1415,825,-0.61774,-0.46201,2.0591
-396.55,2016.6,332.04,0.3385,-933.32,-1860.9,6.0539e+05,605419,1,79.42,1802.7,428.97,-2130.8,363.69,-570.23,272.95,-724.84,-81.41,3007.3,208667,382,1415,825,-0.63037,-0.46201,2.0553
-398.41,2041.3,334.86,-8.4694e-05,-929.99,-1890.2,6.0683e+05,605417,1,-4.1874,1906.6,427.77,-1769.9,144.6,-522.11,-192.78,-369.51,-143.79,2727.3,201924,382,1415,825,-0.64297,-0.46201,2.0514
-399.82,2065.2,338.03,0.0097092,-926.78,-1918.4,6.03e+05,605415,1,-4.4213,1938.5,435.89,-1719,164,-513.33,-194.24,-353.67,-142.04,2715.9,201730,382,1397,823,-0.65554,-0.46201,2.0474
-401.25,2088.8,341.12,0.025554,-923.37,-1946.2,5.9867e+05,605413,1,0.77021,1962.7,444.14,-1697.9,169.05,-516.84,-188.89,-345.3,-139.79,2715.9,201729,382,1415,825,-0.66809,-0.46201,2.0434
-403.48,2112.1,343.91,0.061144,-919.15,-1974.1,5.9938e+05,605411,1,157.92,1956.3,496.48,-1650.9,70.438,-534.86,-129.62,-371.95,-127.33,2699.3,201330,382,1432,830,-0.68062,-0.46201,2.0392
-408.66,2135,345.77,0.22024,-912.22,-2003.2,5.9885e+05,605409,1,396.55,1915.9,570.93,-1620.7,-95.321,-573.29,-45.65,-424.5,-111.55,2704.3,201534,382,1432,830,-0.69312,-0.46201,2.035
-418.24,2157.4,346,0.44956,-901.01,-2034,5.9881e+05,605407,1,619.3,1905,648.38,-1624.1,-229.78,-614.58,36.307,-464.44,-92.782,2779.7,202920,382,1432,830,-0.70559,-0.46201,2.0307
-431.12,2180.9,345.16,0.61818,-887.42,-2067.3,5.988e+05,605405,1,878.92,1979,763.19,-1730.1,-456.62,-717.3,118.55,-503.46,-72.603,3043.1,210610,382,1316,810,-0.71804,-0.46201,2.0264
-447.18,2206.7,343.52,0.76482,-872.16,-2104,5.988e+05,605403,1,1049.9,2009.8,838.78,-1827.9,-630.25,-804.35,176.76,-534.15,-58.088,3248.2,251036,382,1316,810,-0.73046,-0.46201,2.0219
-464.69,2233.5,341.29,0.82607,-855.96,-2142,5.9887e+05,605401,1,1089.2,2045.6,867.92,-1881.4,-701.26,-851.98,197.94,-541,-50.797,3349,253254,382,1316,810,-0.74285,-0.46201,2.0174
-482.68,2261.5,338.88,0.81766,-839.83,-2181,5.9906e+05,605399,1,1163.6,2091.6,917.2,-1928.6,-743.07,-893.06,233.97,-537.98,-36.155,3461.9,264810,382,1316,810,-0.75521,-0.46201,2.0128
-501.56,2289.1,335.87,0.84019,-822.5,-2219.9,5.991e+05,605397,1,1149.2,2125.2,928.41,-1924,-799.21,-918.62,250.64,-536.34,-27.997,3497.8,266324,382,1316,810,-0.76755,-0.46201,2.0081
-520.41,2317.5,332.75,0.79458,-805.46,-2259.1,5.9911e+05,605395,1,1043.6,2032.2,873.69,-1879.7,-807.86,-918.21,239.68,-561.84,-36.068,3471.9,265258,382,1316,810,-0.77986,-0.46201,2.0034
-536.58,2344.6,330.06,0.65623,-790,-2295.6,5.9873e+05,605393,1,796.46,1802,732.3,-1707.1,-678.53,-834.87,203.91,-617.93,-62.082,3471.9,265239,382,1316,810,-0.79214,-0.46201,1.9986
-548.47,2369,328.18,0.44331,-776.99,-2327.4,5.9822e+05,605391,1,559.62,1576.3,591.04,-1488.3,-494.48,-716,168.18,-667.31,-86.807,3471.9,265226,382,1316,810,-0.80438,-0.46201,1.9937
-556.83,2389.2,326.76,0.3138,-765.15,-2353.7,5.9735e+05,605389,1,366.26,1473.1,491.88,-1319,-343.94,-620.86,132.76,-680.19,-103.68,3471.9,265215,382,1316,810,-0.8166,-0.46201,1.9887
-562.34,2407.4,325.98,0.20571,-755,-2376.5,5.965e+05,605387,1,201.02,1376.3,404.36,-1180.8,-173,-532.37,101.22,-681.11,-116.84,3471.9,265208,382,1316,810,-0.82879,-0.46201,1.9836
-565.45,2423.2,325.62,0.088188,-746.05,-2396.1,5.9647e+05,605385,1,66.726,1297.4,329.35,-1084.5,-21.366,-465.49,67.928,-678.28,-128.82,3471.9,265201,382,1316,810,-0.84094,-0.46201,1.9785
-566.52,2437.1,325.72,0.021677,-738.23,-2412.8,5.9642e+05,605383,1,-58.69,1216.7,259.99,-906.68,138.67,-359.7,52.48,-677.64,-136.33,3471.9,265184,382,1316,810,-0.85307,-0.46201,1.9733
-566.77,2449.5,325.88,0.004994,-730.61,-2427.7,5.9591e+05,605381,1,-92.608,1203.5,241.78,-847.85,202.47,-325.01,49.036,-668.75,-135.41,3471.9,265174,382,1316,810,-0.86516,-0.46201,1.968
-566.85,2461.1,325.98,0.0018678,-722.97,-2441.7,5.9496e+05,605379,1,-99.551,1201.6,238.34,-820.57,224.79,-313.76,51.352,-664.27,-133.4,3471.9,265167,382,1316,810,-0.87722,-0.46201,1.9627
-566.9,2472.5,326.07,-9.5747e-05,-715.48,-2455.4,5.9901e+05,605377,1,-101.82,1201.4,236.48,-801.96,233.87,-309.86,53.785,-662.46,-131.46,3471.9,265165,382,1316,810,-0.88924,-0.46201,1.9573
-567,2483.7,326.12,0.00055347,-708.07,-2468.9,5.9756e+05,605375,1,-532.45,1065.4,5.5509,-797.52,242.11,-311.18,-72.829,-704.46,-201.14,3471.9,265161,382,1394,822,-0.90124,-0.46201,1.9518
-553.98,2495.3,330.04,-2.1096,-713.14,-2476.7,6.1051e+05,605373,1,44493,685.16,21210,3106.3,258.43,1533.7,12568,-821.66,5750.3,51320,350159,382,1406,824,-0.9132,-0.46201,1.9462
-1867.4,2392.4,-38.504,248.99,549.14,-2974.6,6.0536e+05,605371,1,78155,37437,46081,32414,9367.2,17791,36375,13056,20489,1.1402e+05,359143,382,1394,822,-0.92512,-0.46201,1.9406
985.16,218.2,697.24,352.66,-1093.2,429.97,6.0821e+05,603907,1,90355,-34971,17671,-94015,47109,-16089,-377.7,3883.9,779.53,1.4502e+05,361715,382,1397,823,-0.58049,-0.44881,2.0729
-291.67,1568.2,567.87,292.99,-863.64,-1426.6,6.0835e+05,603905,1,50099,-12363,11514,-64142,24736,-12886,10769,-4050.3,2233.2,88458,356261,382,1397,823,-0.5932,-0.44881,2.0693
-367.48,1945.9,349.38,32.28,-930.46,-1782.4,6.0641e+05,603903,1,2683.2,1601.1,1124.3,-15650,3500.2,-3783.4,9014,-3181.7,1924.5,19432,337045,382,1397,823,-0.60588,-0.44881,2.0656
-368.04,1993,325.08,1.5473,-931.18,-1829.3,6.0427e+05,603901,1,60.967,1891.8,429.38,-3193.6,1071.6,-718.97,1230.2,-1176.5,107.4,4305.8,287822,382,1397,823,-0.61855,-0.44881,2.0618
-369.53,2018.7,326.97,0.056564,-928.17,-1859.3,6.0388e+05,603899,1,-12.942,2005.3,433.21,-1834.3,157.58,-528.12,-164.39,-343.15,-125.5,2835.1,203889,382,1397,823,-0.63119,-0.44881,2.058
-371.07,2043.5,330.2,0.011776,-925.15,-1888.5,6.0298e+05,603897,1,-6.7703,2003.1,435.46,-1767,150.82,-520.76,-203.33,-336.32,-137.25,2791.4,203106,382,1397,823,-0.6438,-0.44881,2.0541
-372.57,2067.5,333.36,0.016935,-921.82,-1917,5.9987e+05,603895,1,-11.907,1988.4,431.47,-1720.1,142.68,-519.34,-198.9,-340.44,-138.18,2750.2,202354,382,1397,823,-0.65639,-0.44881,2.0501
-374.25,2090.9,336.32,0.019175,-917.98,-1944.8,5.9928e+05,603893,1,34.576,1946.1,439.16,-1650,102.22,-516.01,-167.83,-364.43,-134.82,2675.8,200946,382,1397,823,-0.66896,-0.44881,2.046
-377.08,2113,338.61,0.025254,-912.4,-1972.1,5.9994e+05,603891,1,249.62,1822.4,482.41,-1437.8,-78.053,-496.36,-50.373,-448.78,-114.63,2589.8,199036,382,1432,830,-0.6815,-0.44881,2.0419
-383.67,2132.6,339.19,0.13641,-902.08,-1999.1,5.9879e+05,603889,1,435.04,1801.2,547.51,-1475.4,-203.67,-547.43,3.0343,-488.59,-106.88,2589.8,199048,382,1432,830,-0.69402,-0.44881,2.0377
-393,2152.6,338.82,0.21947,-889.58,-2027.7,5.9845e+05,603887,1,629.51,1815.1,619.31,-1459.2,-397.86,-595.64,85.474,-533.59,-87.704,2648.9,200449,382,1316,810,-0.70651,-0.44881,2.0334
-404.59,2174.3,337.9,0.29118,-875.94,-2058.6,5.9826e+05,603885,1,821.3,1887.7,709.14,-1564.3,-496.58,-664.3,137.66,-534.12,-69.22,2860.9,205728,382,1316,810,-0.71897,-0.44881,2.029
-419.71,2197.4,336,0.45326,-859.92,-2092.4,5.9784e+05,603883,1,970.44,1982.4,790.76,-1703.3,-623.72,-753.45,173.8,-532.19,-55.491,3109.9,247260,382,1316,810,-0.73141,-0.44881,2.0245
-435.99,2223.2,333.92,0.46551,-844.11,-2128.7,5.9794e+05,603881,1,1029.2,2071.8,837.27,-1781.4,-746.26,-820.2,196.58,-526.04,-44.23,3282.2,251908,382,1316,810,-0.74382,-0.44881,2.02
-453.5,2250.2,331.5,0.50676,-827.77,-2166.5,5.9792e+05,603879,1,1101.8,2128,887.3,-1861,-835.93,-884.37,223.69,-525.67,-33.125,3435.3,255205,382,1316,810,-0.7562,-0.44881,2.0154
-471.77,2277,328.5,0.51973,-810.45,-2204.2,5.9809e+05,603877,1,1145.6,2214.3,933.52,-1893.9,-864.3,-919.28,250.09,-499.49,-15.753,3546.6,267544,382,1316,810,-0.76855,-0.44881,2.0107
-490.55,2305.5,325.54,0.60344,-793.44,-2243.4,5.9773e+05,603875,1,1126.5,2222.9,934.99,-1909,-908.03,-946.84,256.07,-499.24,-11.56,3572.8,267978,382,1316,810,-0.78087,-0.44881,2.006
-508.22,2333.4,322.51,0.55911,-776.92,-2281.1,5.9753e+05,603873,1,998.86,2136.7,875.38,-1825.1,-878.25,-919.19,245.94,-525.7,-20.99,3471.9,265262,382,1316,810,-0.79316,-0.44881,2.0011
-523.76,2359.2,319.6,0.45604,-761.2,-2315.8,5.9733e+05,603871,1,811.47,2000.1,775.09,-1697.5,-817.11,-866.03,216.04,-561.34,-39.468,3471.9,265250,382,1316,810,-0.80543,-0.44881,1.9962
-534.95,2382.9,317.74,0.2845,-748.46,-2346.3,5.9713e+05,603869,1,512.59,1755.4,605.55,-1508.6,-573.16,-747.31,147.8,-607.25,-76.811,3471.9,265230,382,1316,810,-0.81766,-0.44881,1.9913
-542.58,2404.3,316.83,0.21021,-737.98,-2373,5.961e+05,603867,1,329.84,1551.6,486.94,-1373.9,-344.05,-651.35,108.25,-640.62,-99.347,3471.9,265221,382,1316,810,-0.82986,-0.44881,1.9862
-547.03,2422.6,316.41,0.079372,-729.01,-2395.2,5.9584e+05,603865,1,119.38,1397.4,366.83,-1169.6,-147.63,-529.89,69.524,-663,-120.72,3471.9,265207,382,1316,810,-0.84204,-0.44881,1.9811
-549.27,2438.2,316.39,0.00088046,-721,-2413.9,5.9613e+05,603863,1,19.424,1328.4,309.64,-1049.8,-41.183,-461.37,51.961,-669.98,-129.76,3471.9,265200,382,1316,810,-0.85418,-0.44881,1.9759
-550.1,2451.9,316.6,-0.0083035,-713.57,-2430.1,5.964e+05,603861,1,-59.817,1240.7,256.13,-918.9,117.84,-376.77,43.855,-673.06,-134.01,3471.9,265186,382,1316,810,-0.86628,-0.44881,1.9706
-550.28,2464.2,316.81,-0.00018146,-706.26,-2444.7,5.9561e+05,603859,1,-92.807,1204.3,232.69,-840.17,202.6,-329.86,45.951,-669.93,-131.97,3471.9,265172,382,1316,810,-0.87836,-0.44881,1.9652
-550.35,2475.7,316.91,8.7182e-05,-698.86,-2458.4,5.9576e+05,603857,1,-99.056,1199.9,229.79,-803.62,224.45,-313.67,51.812,-666.67,-129.12,3471.9,265164,382,1316,810,-0.8904,-0.44881,1.9598
-550.4,2486.9,316.98,-0.0011665,-691.57,-2471.8,5.9753e+05,603855,1,-174.5,1200.5,195.69,-796.81,228.31,-314.75,31.924,-665.6,-138.65,3471.9,265162,382,1316,810,-0.90241,-0.44881,1.9543
-547.77,2498.3,317.84,-0.4538,-687,-2484,6.0703e+05,603853,1,14700,12498,9861.7,378.53,1258.9,474.85,4081.1,2513.7,2517.9,22379,339100,382,1394,822,-0.91438,-0.44881,1.9487
-810.41,2492.4,250.76,54.268,-433.24,-2596.4,6.0479e+05,603851,1,92906,38100,53483,23878,11624,14198,33067,14768,19333,1.2428e+05,360038,382,1394,822,-0.92632,-0.44881,1.9431
306.64,1008.8,714.82,393.8,-1038.8,-623.39,6.0822e+05,602385,1,83934,-38950,15180,-85508,50471,-13254,8723,-2570.1,1951,1.3753e+05,361105,382,1397,823,-0.58122,-0.4356,2.0755
-332.54,1826.2,451.75,153.71,-916.27,-1669.3,6.0729e+05,602383,1,34602,-13436,6966.9,-44943,25581,-7364,14456,-5667.2,2927.6,66366,353022,382,1397,823,-0.59395,-0.4356,2.0719
-339.32,1967.4,324.84,9.3994,-930.38,-1796,6.0504e+05,602381,1,751.39,1405.7,511.81,-7783.7,3859.2,-1447.3,5236.9,-2510.4,990.54,10728,325466,382,1397,823,-0.60665,-0.4356,2.0682
-339.79,1995.9,319.58,0.34765,-927.13,-1828,6.0094e+05,602379,1,-38.446,2082.5,426.59,-1914.1,186.34,-535.82,42.322,-343.66,-60.679,2937.6,207478,382,1397,823,-0.61933,-0.4356,2.0644
-341.28,2020.9,322.58,0.03882,-924.03,-1857.6,6.0015e+05,602377,1,-8.4258,2061.4,435.46,-1811,160.99,-521.1,-190.58,-329.33,-128.55,2859.6,205676,382,1397,823,-0.63198,-0.4356,2.0606
-343.02,2045.4,325.74,0.026824,-920.58,-1886.8,6.001e+05,602375,1,27.412,2048.9,440.28,-1721.7,107.11,-516.85,-187.35,-330.29,-128.24,2792.1,203115,382,1397,823,-0.64461,-0.4356,2.0567
-345.01,2069.2,328.65,0.010817,-916.51,-1915.3,5.9971e+05,602373,1,33.722,1988.5,435.09,-1674.9,65.526,-521.98,-174.69,-359.75,-132.58,2721.1,201816,382,1397,823,-0.65722,-0.4356,2.0527
-347.97,2091.3,330.88,-0.022033,-910.67,-1942.9,6.0011e+05,602371,1,198.88,1850.9,458,-1445.5,-136.14,-501.76,-68.598,-452.46,-118.32,2589.8,199039,382,1397,823,-0.6698,-0.4356,2.0486
-353.12,2110.6,331.77,-0.064358,-901.33,-1969.1,5.998e+05,602369,1,320.03,1737.6,477.25,-1320.3,-263.97,-496.41,-0.24311,-518,-110.27,2589.8,199032,382,1397,823,-0.68236,-0.4356,2.0445
-360,2128.6,331.81,-0.034531,-889.71,-1994.7,5.9873e+05,602367,1,435.05,1741.1,520.1,-1310.1,-327,-515.97,41.605,-531.33,-99.198,2589.8,199033,382,1316,810,-0.69489,-0.4356,2.0402
-368.55,2147.1,331.32,-0.0054393,-876.96,-2021.5,5.9806e+05,602365,1,562.85,1788.2,578.36,-1354.6,-383.8,-553.06,84.121,-528.16,-83.785,2589.8,199045,382,1316,810,-0.7074,-0.4356,2.0359
-379.08,2167.2,330.43,0.067876,-863.38,-2050.4,5.9736e+05,602363,1,716.47,1867.9,655.28,-1457.2,-486.74,-620.58,121.94,-524.46,-69.494,2733.5,202016,382,1316,810,-0.71988,-0.4356,2.0315
-391.9,2188.6,328.89,0.15851,-848.36,-2081.3,5.9676e+05,602361,1,852.55,2018.8,741.75,-1544.9,-654.64,-699.73,166.99,-507.12,-48.289,2990.8,208419,382,1316,810,-0.73233,-0.4356,2.0271
-407.21,2212.2,326.73,0.21649,-832.19,-2115.1,5.9665e+05,602359,1,1003.6,2134,830.5,-1722.4,-812.8,-811.68,198.35,-499.84,-34.497,3290.5,252117,382,1316,810,-0.74475,-0.4356,2.0226
-424.52,2237.7,324.08,0.3043,-815.11,-2151.3,5.964e+05,602357,1,1030.1,2199.9,860.93,-1835.2,-855.7,-873.78,199.15,-484.3,-30.081,3432.3,255067,382,1316,810,-0.75715,-0.4356,2.018
-440.72,2265.7,322.07,0.27795,-800.28,-2188.8,5.9645e+05,602355,1,1071.5,2230.9,890.57,-1858.7,-886.33,-900.69,221.2,-476.3,-18.355,3499.4,266431,382,1316,810,-0.76952,-0.4356,2.0133
-459.01,2292.8,319.03,0.42037,-782.87,-2226.3,5.9605e+05,602353,1,1145.5,2274.9,939.99,-1874.8,-902.92,-924.8,259.98,-465.95,-0.29414,3583.4,268119,382,1316,810,-0.78186,-0.4356,2.0085
-477.87,2320.3,315.55,0.47304,-764.98,-2264.2,5.9596e+05,602351,1,1078.1,2234.9,913.29,-1832.7,-937.91,-929.65,267.9,-485.36,0.20708,3521.6,266954,382,1316,810,-0.79416,-0.4356,2.0037
-495.12,2347.3,312.23,0.40028,-748.18,-2300.6,5.9591e+05,602349,1,899.27,2158.9,831.96,-1803.3,-853.02,-913.68,225.77,-492.8,-16.226,3471.9,265257,382,1316,810,-0.80644,-0.4356,1.9988
-508.7,2373.9,310.02,0.23526,-734.59,-2334.7,5.9594e+05,602347,1,681.13,1937.9,703.39,-1651.9,-701.33,-832.9,182.9,-548.05,-44.63,3471.9,265240,382,1316,810,-0.81869,-0.4356,1.9938
-519.89,2397.3,308.08,0.17895,-721.71,-2364.6,5.9538e+05,602345,1,497.59,1782.1,597.25,-1531.5,-615.73,-774.17,139.74,-595.17,-72.269,3471.9,265232,382,1316,810,-0.83091,-0.4356,1.9887
-526.94,2419.2,307.35,0.055355,-712.05,-2391.1,5.9522e+05,602343,1,275.47,1568.3,460.76,-1373.3,-377.94,-665.91,88.691,-634.35,-101.77,3471.9,265222,382,1316,810,-0.8431,-0.4356,1.9836
-530.86,2437.5,307.16,-0.026805,-703.76,-2412.9,5.9535e+05,602341,1,79.146,1363.1,334.19,-1141.5,-86.562,-513.38,54.443,-662.1,-122.31,3471.9,265205,382,1316,810,-0.85525,-0.4356,1.9784
-532.82,2453.1,307.3,-0.034104,-696.24,-2431.3,5.9539e+05,602339,1,-0.46699,1284.1,282.29,-1015.7,23.141,-441.77,45.469,-675.28,-128.63,3471.9,265194,382,1316,810,-0.86738,-0.4356,1.9731
-533.63,2466.5,307.51,-0.013371,-688.99,-2447.1,5.9514e+05,602337,1,-71.755,1233.6,241.78,-885.39,109.86,-370.42,42.34,-679.83,-132.02,3471.9,265183,382,1316,810,-0.87947,-0.4356,1.9677
-533.82,2478.7,307.69,-0.0015626,-681.87,-2461.4,5.9464e+05,602335,1,-84.187,1208.3,229.33,-838.93,171.56,-342.52,46.703,-677.32,-128.76,3471.9,265173,382,1316,810,-0.89152,-0.4356,1.9623
-533.91,2490,307.77,-0.00015771,-674.68,-2474.8,5.9433e+05,602333,1,-119.66,1165.4,204.61,-796.01,215.31,-319.91,44.825,-681.21,-131.33,3471.9,265163,382,1394,822,-0.90355,-0.4356,1.9568
-533.91,2501.3,307.88,-0.0071999,-667.74,-2488.1,6.0137e+05,602331,1,849.98,1088.2,645.01,-805.51,216.25,-329.72,269.2,-703.51,-30,3471.9,265202,382,1394,822,-0.91554,-0.4356,1.9512
-561.51,2513,301.66,5.9229,-636.08,-2513.3,6.0489e+05,602329,1,50036,28313,30385,3893.7,4964.2,2998.3,14002,7417,8394.1,67815,353285,382,1394,822,-0.92749,-0.4356,1.9455
-2064.3,2461.6,-85.509,318.83,778.85,-3101.6,6.0679e+05,602327,1,96828,90957,67331,18227,17833,12938,35933,26882,23502,1.5989e+05,362793,382,1394,822,-0.93941,-0.4356,1.9398
1150.7,559.23,816.37,367.54,-1453.3,236.62,6.0766e+05,600863,1,80365,-44480,12923,-80306,63682,-8980.3,2730.1,4520.8,1715,1.3864e+05,361200,382,1397,823,-0.56917,-0.42236,2.0815
-87.917,1608.2,626.73,306.64,-1030.4,-1353.1,6.0778e+05,600861,1,63823,-21108,13410,-62691,35223,-10245,13968,-5075.2,2903.5,1.0101e+05,357799,382,1397,823,-0.58193,-0.42236,2.078
-310.15,1929.7,369.23,61.552,-938.06,-1752.8,6.058e+05,600859,1,5507.2,715.83,1709.6,-10171,6244.7,-1634.3,9770.7,-4049.2,1964.1,17164,335212,382,1397,823,-0.59467,-0.42236,2.0744
-309.53,1975,315.31,3.0612,-928.61,-1798.2,6.0161e+05,600857,1,-99.138,2196,418.96,-2520,490.84,-636.18,1980.5,-482,475.39,4047.7,284822,382,1397,823,-0.60739,-0.42236,2.0707
-310.76,1998.5,315.36,0.20806,-923.71,-1826.6,5.9625e+05,600855,1,-13.131,2148.8,435.02,-1756.6,286.83,-466.43,9.0853,-353.59,-70.24,2884.9,206313,382,1397,823,-0.62008,-0.42236,2.0669
-312.53,2022.9,318.35,0.064362,-919.98,-1856,5.989e+05,600853,1,21.82,2098.6,436.35,-1746.9,128.31,-509.38,-188.67,-309.32,-121.19,2840.6,204594,382,1397,823,-0.63275,-0.42236,2.0631
-314.56,2046.9,321.28,0.012821,-915.87,-1885,6.0014e+05,600851,1,61.576,2063.4,442.67,-1667.2,66.047,-508.62,-164.49,-335.11,-120.17,2766.5,202708,382,1397,823,-0.6454,-0.42236,2.0592
-317.6,2069.1,323.46,-0.06729,-909.81,-1912.8,6.0053e+05,600849,1,166.4,1967.8,457.91,-1465.5,-113.46,-491.98,-85.109,-407.54,-110.82,2589.8,199055,382,1397,823,-0.65802,-0.42236,2.0552
-322.71,2088,324.25,-0.19905,-900.13,-1938.8,6.0013e+05,600847,1,304.34,1867.6,484.17,-1296.8,-304.55,-486.31,-2.7819,-482.92,-100.27,2589.8,199035,382,1397,823,-0.67062,-0.42236,2.0511
-329.24,2105.7,324.35,-0.22927,-888.55,-1964.2,5.9913e+05,600845,1,364.89,1821,497.42,-1253.1,-377.95,-496.06,23.213,-510.28,-97.563,2589.8,199031,382,1316,810,-0.68319,-0.42236,2.0469
-336.34,2123.5,324.33,-0.16182,-876.64,-1989.7,5.9787e+05,600843,1,406.25,1793.6,509.03,-1272.8,-409.07,-518.05,35.655,-522.59,-95.976,2589.8,199034,382,1316,810,-0.69574,-0.42236,2.0427
-343.77,2142,324.28,-0.10227,-864.95,-2015.8,5.9687e+05,600841,1,499.28,1821.7,551.68,-1312,-417.69,-541.94,66.305,-513.1,-83.482,2589.8,199042,382,1316,810,-0.70826,-0.42236,2.0384
-353.11,2160.5,323.46,-0.045111,-851.5,-2042.6,5.9593e+05,600839,1,613.84,1905.1,612.85,-1333.5,-508.43,-578.81,110.85,-499.85,-64.184,2649.5,200486,382,1316,810,-0.72076,-0.42236,2.034
-364.36,2180.1,322.05,-0.013066,-836.92,-2071,5.955e+05,600837,1,723.02,2039.1,684.83,-1419.5,-569.98,-632.34,143.98,-463.18,-44.036,2850.7,205420,382,1316,810,-0.73322,-0.42236,2.0296
-378.16,2201.4,319.94,0.034417,-820.85,-2101.8,5.9513e+05,600835,1,882.94,2137.3,771.43,-1608.7,-659.75,-729.92,171.55,-450.29,-31.374,3119.6,247523,382,1316,810,-0.74566,-0.42236,2.025
-392.94,2226.6,318.16,0.11015,-805.93,-2136.4,5.9465e+05,600833,1,973.03,2255.1,836.6,-1729.6,-812.7,-819.18,194.16,-435.98,-18.332,3359.1,253457,382,1316,810,-0.75807,-0.42236,2.0204
-410.19,2252.5,315.38,0.18195,-788.87,-2172.3,5.9456e+05,600831,1,1068.4,2296.8,889.39,-1821.1,-934.3,-892.19,222.91,-444.06,-8.0029,3527.1,267068,382,1316,810,-0.77046,-0.42236,2.0157
-427.78,2280.1,312.72,0.31746,-772.37,-2209.8,5.9403e+05,600829,1,1106.8,2310.7,916.02,-1851,-964.65,-923.17,247.94,-445.68,2.8636,3587.9,268192,382,1316,810,-0.78281,-0.42236,2.011
-446.25,2306.9,309.22,0.37005,-754.36,-2246.6,5.9383e+05,600827,1,1073,2360.1,923.32,-1847.2,-929.59,-930.26,262.04,-417.57,16.073,3599.8,268401,382,1316,810,-0.79513,-0.42236,2.0061
-463.32,2335.1,306.24,0.31677,-738.3,-2283.9,5.938e+05,600825,1,991.51,2342.4,894.19,-1878.5,-934.8,-954.96,238.05,-422.91,6.7421,3580.4,268078,382,1316,810,-0.80743,-0.42236,2.0012
-479.46,2362.5,303.3,0.29363,-722.63,-2319.7,5.9376e+05,600823,1,919.2,2211,843.64,-1763.2,-944.87,-921.2,246.54,-474.53,0.56347,3471.9,265261,382,1316,810,-0.81969,-0.42236,1.9962
-493.53,2387.4,300.44,0.20758,-707.64,-2352.2,5.9402e+05,600821,1,695.06,1979.3,709.6,-1675.2,-777.81,-864.5,188.89,-536.38,-35.04,3471.9,265242,382,1316,810,-0.83192,-0.42236,1.9911
-504.46,2412.1,298.72,0.13064,-695.62,-2382.9,5.9378e+05,600819,1,465.05,1765.5,572.1,-1590,-617.36,-806.46,119.78,-591.97,-75.268,3471.9,265233,382,1316,810,-0.84413,-0.42236,1.986
-510.79,2434.5,298.3,0.0084269,-686.97,-2409.3,5.9364e+05,600817,1,280.55,1583.9,457.58,-1404.8,-416.41,-694.44,85.542,-629,-96.9,3471.9,265225,382,1316,810,-0.8563,-0.42236,1.9808
-514.5,2452.3,298.09,-0.041533,-678.83,-2430.3,5.9344e+05,600815,1,74.545,1389.9,330.57,-1113.1,-172.14,-524.89,57.151,-666.65,-117.86,3471.9,265206,382,1316,810,-0.86843,-0.42236,1.9755
-516.46,2467.4,298.07,-0.062909,-671.26,-2448.1,5.9412e+05,600813,1,-1.5533,1288.9,275.38,-998.1,-5.6033,-446.82,47.079,-678.85,-124.51,3471.9,265193,382,1316,810,-0.88054,-0.42236,1.9701
-517.25,2480.9,298.31,-0.026141,-664.31,-2463.8,5.943e+05,600811,1,-62.724,1218,233.22,-883.82,110.91,-377.32,42.654,-687.16,-128.32,3471.9,265182,382,1316,810,-0.89261,-0.42236,1.9647
-517.5,2492.8,298.45,-0.0070217,-657.33,-2477.7,5.9422e+05,600809,1,-74.548,1198.5,223.91,-825.2,153.25,-346.77,50.722,-687.1,-124.66,3471.9,265169,382,1316,810,-0.90465,-0.42236,1.9592
-517.79,2504.2,298.47,0.018708,-650.24,-2491.1,5.9277e+05,600807,1,170.67,1392.5,383.09,-850.57,208.41,-354.14,102.7,-636.65,-89.006,3471.9,265195,382,1394,822,-0.91665,-0.42236,1.9536
-518.49,2517.2,298.73,0.090745,-643.73,-2506,5.9894e+05,600805,1,10470,2039.2,5477.3,-992.63,272.36,-414.33,2973.8,-477.96,1326.1,12484,329704,382,1394,822,-0.92862,-0.42236,1.9479
-830.5,2532.7,212.27,56.257,-346.74,-2650.6,6.0428e+05,600803,1,61135,50998,40857,4317.4,7775.5,3817.9,19374,15123,12732,94167,356997,382,1389,821,-0.94056,-0.42236,1.9422
-2534.8,2472.5,-274.67,381.19,1288.1,-3287.8,6.0622e+05,600801,1,90827,92330,64710,19597,24552,15115,37430,34620,26010,1.5954e+05,362764,382,1389,821,-0.95246,-0.42236,1.9364
1566.5,429.05,892.99,371.08,-1720.3,581.45,6.0729e+05,599341,1,73036,-50848,9552.5,-81636,76410,-6787.7,-1827,6062.1,745.49,1.4353e+05,361598,382,1366,818,-0.55705,-0.40912,2.0875
394.1,1502.3,774.89,352.75,-1381,-990.52,6.0737e+05,599339,1,66083,-39858,10125,-56380,50958,-5274.6,15341,-8437.2,2577.3,1.1034e+05,358801,382,1366,818,-0.56984,-0.40912,2.084
-194.4,1907.8,482.63,153.18,-1043.1,-1673.1,6.0636e+05,599337,1,28673,-11085,5763.7,-22311,20703,-2105.4,14731,-6693.8,2799.1,46676,349098,382,1397,823,-0.58262,-0.40912,2.0805
-275.05,1970,335.58,24.89,-949.92,-1779.4,6.0299e+05,599335,1,2930.1,2636.5,1349.9,-2769,2245.4,-343.02,6289,-1561.4,1477.6,8623.1,319254,382,1397,823,-0.59537,-0.40912,2.0768
-278.94,1980.9,311.55,2.3115,-928.16,-1799.3,5.977e+05,599333,1,111.92,2333.6,492.97,-1336,832.87,-227.47,1115.1,-557.9,212.56,3135.5,248040,382,1397,823,-0.60811,-0.40912,2.0732
-281.35,2001,311.63,0.41968,-920.49,-1825.6,5.9643e+05,599331,1,50.512,2169.7,444.15,-1612.8,146.97,-456.87,-104.03,-275.22,-86.03,2798.7,203246,382,1397,823,-0.62082,-0.40912,2.0694
-283.45,2024.5,314.15,0.087597,-915.77,-1854.5,5.9853e+05,599329,1,59.323,2134.4,440.97,-1672.9,79.369,-497.14,-159.31,-306.43,-109.53,2817.3,203544,382,1397,823,-0.6335,-0.40912,2.0655
-286.29,2047.3,316.52,-0.014057,-910.09,-1882.9,5.9986e+05,599327,1,155.99,2036.6,453.22,-1488.4,-84.401,-482.63,-96.264,-373.93,-104.18,2644.4,200357,382,1397,823,-0.64616,-0.40912,2.0616
-290.84,2066.2,317.48,-0.21174,-900.77,-1908.7,6.0002e+05,599325,1,258.85,1942.5,469.27,-1264.9,-276.02,-459.39,-13.004,-445.97,-92.698,2589.8,199037,382,1397,823,-0.6588,-0.40912,2.0576
-296.62,2082.9,317.6,-0.36322,-889.19,-1933.1,5.9926e+05,599323,1,319.49,1923.6,488.46,-1206.5,-356.31,-464.99,15.057,-465.33,-87.997,2589.8,199030,382,1316,810,-0.67141,-0.40912,2.0535
-303.32,2099.7,317.53,-0.36089,-876.98,-1957.6,5.9811e+05,599321,1,370.92,1962.3,513.26,-1191.8,-414.89,-480.25,30.573,-456.04,-80.393,2589.8,199040,382,1316,810,-0.684,-0.40912,2.0494
-310.68,2117.3,317.44,-0.28082,-864.78,-1983,5.9684e+05,599319,1,417.06,1923,528.69,-1268.2,-451.01,-522.76,36.041,-480,-84.38,2589.8,199047,382,1316,810,-0.69656,-0.40912,2.0451
-318.52,2135.9,317.3,-0.19677,-852.75,-2009.3,5.9557e+05,599317,1,493.32,1934.8,558.5,-1253.9,-504.6,-537.07,71.252,-482.27,-71.686,2589.8,199052,382,1316,810,-0.7091,-0.40912,2.0408
-327.42,2153.7,316.52,-0.12451,-839.33,-2035,5.9458e+05,599315,1,540.32,1928.3,578.78,-1278.8,-525.83,-558.86,90.913,-487.52,-65.772,2611.5,199699,382,1316,810,-0.72161,-0.40912,2.0364
-337.15,2172.8,315.61,-0.063486,-825.94,-2062.1,5.9374e+05,599313,1,587.52,1983,610.6,-1381.2,-518.48,-601.89,94.969,-463.33,-59.109,2723.3,201866,382,1316,810,-0.73409,-0.40912,2.032
-347.51,2193.7,314.67,-0.040839,-812.88,-2090.8,5.9345e+05,599311,1,742.64,2140.8,705.88,-1472.1,-604.67,-664.29,145.24,-421.37,-31.437,2967.5,208049,382,1316,810,-0.74654,-0.40912,2.0274
-361.93,2215.1,312.24,0.032548,-796.23,-2121.6,5.9298e+05,599309,1,909.01,2274.8,800.43,-1566,-785.69,-747.55,199.79,-406.07,-6.8333,3236.5,250756,382,1316,810,-0.75897,-0.40912,2.0228
-377.56,2240,309.86,0.063667,-780.2,-2155.8,5.9288e+05,599307,1,1053.4,2325,876.9,-1746.4,-918.84,-855,231.04,-417.19,3.3141,3483.8,265952,382,1316,810,-0.77137,-0.40912,2.0181
-396.08,2265.3,306.33,0.17802,-761.5,-2191.5,5.923e+05,599305,1,1036.6,2413.7,891.11,-1840.5,-947.98,-907.92,216.79,-385.17,5.9294,3605.6,268491,382,1316,810,-0.78374,-0.40912,2.0133
-412.74,2294.8,304.14,0.26266,-746.6,-2229.7,5.9196e+05,599303,1,1092.7,2394.2,918.99,-1863.7,-1005.6,-941.8,253.7,-403.5,18.504,3656.5,269270,382,1316,810,-0.79607,-0.40912,2.0085
-430.71,2321.6,300.6,0.29712,-728.9,-2265.9,5.9212e+05,599301,1,1083.2,2334.1,916.4,-1812.4,-995.11,-935.42,283,-426.97,26.574,3588.1,268198,382,1316,810,-0.80838,-0.40912,2.0036
-449.71,2347.8,296.26,0.29684,-709.79,-2301.8,5.9209e+05,599299,1,999.79,2276.7,875.29,-1809.6,-1004.3,-949.25,270.82,-450.55,18.999,3522.8,266981,382,1316,810,-0.82066,-0.40912,1.9986
-464.81,2376.1,293.6,0.15146,-695.39,-2337.6,5.9227e+05,599297,1,838.43,2195.5,800.32,-1827.9,-912,-950.29,214.86,-465.75,-5.9373,3471.9,265259,382,1316,810,-0.83291,-0.40912,1.9935
-478.4,2402.2,291.07,0.1249,-681.39,-2370.6,5.9178e+05,599295,1,650.38,2013.4,690.19,-1702.5,-800.73,-887.24,169.81,-520.16,-35.51,3471.9,265245,382,1316,810,-0.84512,-0.40912,1.9883
-488.63,2427.7,289.67,0.062469,-670.41,-2401.5,5.9126e+05,599293,1,543.1,1782.2,599.58,-1588.7,-741.94,-836.87,156.44,-603.22,-56.695,3471.9,265236,382,1316,810,-0.85731,-0.40912,1.9831
-495.08,2448.6,288.81,-0.050973,-661,-2426.4,5.916e+05,599291,1,234.49,1504.7,413.75,-1349.1,-382.95,-671.41,78.18,-653.5,-100.9,3471.9,265217,382,1316,810,-0.86946,-0.40912,1.9778
-498.36,2466.9,288.86,-0.063676,-653.69,-2447.5,5.9178e+05,599289,1,77.543,1340.4,312.43,-1128.7,-134.32,-531.51,52.724,-676.87,-116.79,3471.9,265203,382,1316,810,-0.88158,-0.40912,1.9725
-500.33,2481.7,288.8,-0.049818,-646.2,-2464.8,5.9186e+05,599287,1,3.5072,1258.6,263.7,-961.25,-23.43,-440.49,55.34,-694.7,-119.69,3471.9,265190,382,1316,810,-0.89367,-0.40912,1.967
-501.22,2494.8,288.87,-0.033739,-639.21,-2479.9,5.9309e+05,599285,1,-27.149,1169.8,230.86,-874.35,85.514,-385.97,58.666,-714.68,-121.55,3471.9,265175,382,1316,810,-0.90572,-0.40912,1.9615
-501.8,2506.6,288.86,-0.00060475,-632.14,-2493.8,5.9336e+05,599283,1,90.31,1098.4,272.09,-911.91,144.41,-398.64,78.758,-735.07,-116.11,3471.9,265176,382,1384,820,-0.91774,-0.40912,1.9559
-505.23,2520.5,288.57,0.6059,-623.53,-2510.5,5.9414e+05,599281,1,4108.2,3903,2802.8,-1384.5,332.11,-591.88,1133.2,73.938,562.25,6629.4,309204,382,1389,821,-0.92972,-0.40912,1.9502
-557.16,2547.9,276.71,9.2552,-575.11,-2558.9,5.9835e+05,599279,1,19386,11133,11825,-2944.6,680.52,-1285.2,5282.4,2132.5,3033.5,26306,341600,382,1389,821,-0.94167,-0.40912,1.9445
-1104.5,2605.6,127.46,106.57,-71.007,-2830,6.041e+05,599277,1,60342,59723,42408,1616.3,10409,3038.2,20182,19265,14054,1.0051e+05,357734,382,1384,820,-0.95358,-0.40912,1.9387
-2604.9,2633.6,-309.76,381.45,1352.7,-3441.2,6.0566e+05,599275,1,69085,76679,50710,13545,44593,16417,31447,40147,24316,1.3732e+05,361076,382,1384,820,-0.96546,-0.40912,1.9328
-3766.4,2401.2,-878.44,457.5,2655.2,-3669.3,6.0561e+05,599273,1,51265,49786,36349,10364,67149,19659,27532,39427,22345,1.1934e+05,359612,382,1380,819,-0.9773,-0.40912,1.9268
1738.4,533.13,963.34,390.33,-1932.2,590.48,6.072e+05,597819,1,64182,-51902,6909.7,-79349,88810,-3829.1,-3271.2,8173.9,740.18,1.4539e+05,361739,382,1366,818,-0.54485,-0.39585,2.0932
701.9,1555.9,861.62,360.78,-1667.9,-862.47,6.0714e+05,597817,1,63447,-45813,8150.9,-54848,61383,-2868,14141,-7898.8,2316.5,1.1508e+05,359249,382,1366,818,-0.55768,-0.39585,2.0898
55.43,1959.4,584.84,187.79,-1287.8,-1578.2,6.0604e+05,597815,1,37217,-18320,6622.3,-22740,28392,-752.28,15327,-8317,2607.9,58303,351561,382,1366,818,-0.57049,-0.39585,2.0864
-185.58,2014.7,396.37,61.987,-1053.3,-1771.3,6.0374e+05,597813,1,10566,1579.8,3233.5,-1449.4,5773.9,707.48,9580.2,-3933.2,1913.5,16476,334611,382,1366,818,-0.58329,-0.39585,2.0828
-237.79,1991.4,326.27,14.47,-960.6,-1790.4,6.0002e+05,597811,1,2347.7,2304.2,1105,370.69,2267.8,538.99,3787,-1211.8,844.63,5842.6,302223,382,1366,818,-0.59605,-0.39585,2.0792
-247.56,1987.5,309.7,3.0786,-928.98,-1801.2,5.9721e+05,597809,1,314.9,2340.1,536.55,-533.66,411.79,-80.568,570.12,-152.13,137.04,2658.7,200646,382,1397,823,-0.6088,-0.39585,2.0755
-250.69,2003.4,308.23,0.6048,-918.09,-1824.5,5.9604e+05,597807,1,98.296,2278.4,466.12,-1388.4,225.35,-372.69,3.4788,-217.65,-40.958,2754,202407,382,1397,823,-0.62152,-0.39585,2.0718
-253.91,2025.1,309.94,0.14521,-911.18,-1852.4,5.9804e+05,597805,1,176.85,2160.9,467.98,-1480.3,-31.922,-459.77,-81.86,-316.86,-85.702,2727.3,201922,382,1397,823,-0.63423,-0.39585,2.0679
-258.68,2045,311.07,-0.06378,-902.07,-1879.3,5.9927e+05,597803,1,260.14,2033.1,471.49,-1295.4,-241.84,-451.74,-23.955,-401.48,-84.374,2589.8,199049,382,1397,823,-0.6469,-0.39585,2.064
-264.25,2061.5,311.21,-0.30643,-890.45,-1903.6,5.9892e+05,597801,1,287.39,1988.4,474.78,-1177,-333.53,-440.37,7.5357,-431.63,-80.749,2589.8,199029,382,1316,810,-0.65955,-0.39585,2.06
-269.89,2077.7,311.41,-0.37761,-878.81,-1927.3,5.9777e+05,597799,1,310.37,1990.6,484,-1160.4,-383.84,-453.74,10.792,-432.37,-79.55,2589.8,199038,382,1316,810,-0.67218,-0.39585,2.0559
-275.78,2094.4,311.66,-0.36079,-867.34,-1951.2,5.966e+05,597797,1,341.2,2006.9,501.22,-1165.5,-384.61,-463.2,23.117,-424.72,-74.189,2589.8,199041,382,1316,810,-0.68478,-0.39585,2.0517
-282.69,2111,311.46,-0.36221,-854.99,-1975.4,5.9561e+05,597795,1,413.6,2043,535.94,-1184.5,-450.51,-490.64,47.629,-425.42,-66.039,2589.8,199054,382,1316,810,-0.69736,-0.39585,2.0475
-291.27,2128.2,310.79,-0.3118,-841.55,-2000.6,5.9428e+05,597793,1,497.64,2060.9,571.98,-1216.8,-540.93,-527.73,75.657,-436.28,-58.36,2659.6,200668,382,1316,810,-0.70991,-0.39585,2.0432
-300.15,2146.1,310.07,-0.24347,-828.26,-2026.3,5.9354e+05,597791,1,518.54,2079.9,587.42,-1276.2,-558.64,-560.79,78.357,-432.34,-56.263,2718.7,201780,382,1316,810,-0.72243,-0.39585,2.0388
-309.14,2166,309.66,-0.12453,-816,-2053.5,5.9244e+05,597789,1,559.33,2068.5,606.49,-1380.8,-601.78,-617.04,83.141,-443.72,-56.467,2795.6,203206,382,1316,810,-0.73493,-0.39585,2.0343
-319.27,2185.7,308.58,-0.10983,-802.55,-2080.9,5.9211e+05,597787,1,622.7,2085.5,634.18,-1384.4,-622.78,-629.69,112.64,-437.72,-43.593,2836.6,203903,382,1316,810,-0.7474,-0.39585,2.0297
-330.77,2205.8,306.98,-0.079159,-788.05,-2109.1,5.9155e+05,597785,1,773.57,2182.1,716.1,-1437.2,-632.46,-661.35,167.04,-401.83,-15.936,2994.2,208474,382,1316,810,-0.75984,-0.39585,2.0251
-345.74,2227.8,304.35,0.018624,-771.14,-2140.2,5.9096e+05,597783,1,923.41,2355.2,814.67,-1599.2,-809.29,-770.17,205.78,-369.97,6.2189,3323.9,252778,382,1316,810,-0.77225,-0.39585,2.0204
-360.83,2253.7,302.26,0.1047,-756.03,-2174.7,5.9065e+05,597781,1,1042.6,2450,888.93,-1773,-1005,-889.59,232.9,-372.28,18.03,3608,268542,382,1316,810,-0.78463,-0.39585,2.0156
-380.62,2278.8,298,0.22688,-735.85,-2210.2,5.9031e+05,597779,1,1164.1,2450.2,943.16,-1807.6,-1097.8,-933.24,290.88,-389.7,38.261,3681,269665,382,1316,810,-0.79698,-0.39585,2.0108
-398.78,2307.4,294.71,0.21476,-718.81,-2248,5.9012e+05,597777,1,1113.1,2393.5,921.23,-1819.9,-1119.1,-954.89,290.11,-414.7,35.186,3681,269666,382,1316,810,-0.80931,-0.39585,2.0059
-416.17,2333.8,290.99,0.14241,-701.29,-2283.1,5.903e+05,597775,1,1037.1,2393.8,898.78,-1872.2,-1040,-975.47,266.53,-395,31.716,3657.9,269287,382,1316,810,-0.8216,-0.39585,2.0009
-433.23,2362.3,287.65,0.094006,-685.04,-2319.9,5.9059e+05,597773,1,951.14,2293.5,853.94,-1827,-1010.5,-964.93,258.81,-429.33,22.907,3526.5,267053,382,1316,810,-0.83386,-0.39585,1.9958
-448.9,2389.5,284.43,0.047966,-669.44,-2354.6,5.9084e+05,597771,1,868.43,2096.3,786.79,-1772.6,-999.03,-953.93,246.74,-512.26,3.1506,3471.9,265255,382,1316,810,-0.84609,-0.39585,1.9906
-464.36,2415.3,280.92,0.074389,-653.38,-2387.8,5.9046e+05,597769,1,631.81,1885.7,649.34,-1698.6,-837.03,-902.63,171.54,-572.76,-40.93,3471.9,265241,382,1316,810,-0.85829,-0.39585,1.9854
-473.48,2442.7,280.18,-0.011428,-644.3,-2419.6,5.9054e+05,597767,1,492.9,1767.1,567.16,-1680.6,-712.32,-877.86,120.9,-596.99,-66.016,3471.9,265237,382,1316,810,-0.87045,-0.39585,1.9801
-479.65,2463.7,279.48,-0.016378,-635.36,-2444.2,5.8981e+05,597765,1,248.11,1433.5,397.72,-1304.3,-422.19,-666.55,94.549,-692.66,-96.611,3471.9,265212,382,1316,810,-0.88259,-0.39585,1.9747
-483.3,2480.6,279,-0.062733,-627.19,-2464.1,5.904e+05,597763,1,93.619,1224.6,288.73,-1058.6,-120.32,-505.92,75.254,-730.42,-112.6,3471.9,265198,382,1316,810,-0.89469,-0.39585,1.9693
-485.31,2495.5,278.92,-0.039661,-619.97,-2481.3,5.9044e+05,597761,1,31.089,1146.3,245.39,-936.64,-34.051,-438.75,69.925,-749.16,-118.62,3471.9,265185,382,1316,810,-0.90675,-0.39585,1.9637
-486.78,2508.1,278.63,0.0085197,-612.4,-2496,5.9117e+05,597759,1,100.72,1095.1,268.88,-915.36,24.657,-423.36,91.063,-761.94,-111.2,3471.9,265178,382,1316,810,-0.91879,-0.39585,1.9581
-491.85,2522.7,277.79,0.71527,-602.52,-2513.9,5.9008e+05,597757,1,948.77,1126.4,682.31,-1386.5,59.494,-649.64,272.54,-772.11,-25.653,3471.9,265223,382,1384,820,-0.93078,-0.39585,1.9525
-524.31,2551.3,270.96,5.3781,-572.48,-2555.4,5.9381e+05,597755,1,10004,6926.9,6303.8,-3113.8,218.25,-1467,2742.9,794.28,1502.7,14495,332688,382,1384,820,-0.94275,-0.39585,1.9467
-659.9,2617.1,234.03,21.94,-456.74,-2670.3,5.9904e+05,597753,1,19078,15736,12671,-5524.3,42.352,-2708,5717,3193.2,3487.2,29411,343058,382,1384,820,-0.95467,-0.39585,1.9409
-1240.3,2726.7,59.55,106.72,72.342,-2993.3,6.0346e+05,597751,1,55235,60342,40053,-4815.9,5526.4,-1247,19083,17917,13246,95980,357213,382,1380,819,-0.96657,-0.39585,1.935
-2524.7,2853.3,-359.63,294.21,1286.9,-3591.9,6.0459e+05,597749,1,69898,88807,53648,-6900,16588,-26.142,28438,31814,20985,1.3504e+05,360922,382,1380,819,-0.97842,-0.39585,1.929
915.77,1772.6,937.42,357.78,-1968.6,-925.4,6.0686e+05,596295,1,49364,-38113,5852.2,-36408,58592,1280.4,14527,-8055.8,2341.7,94685,357065,382,1366,818,-0.54545,-0.38257,2.0955
309.2,2113.6,676.49,197.41,-1587.7,-1568.8,6.057e+05,596293,1,39632,-19106,7004.6,-22938,31156,-306.89,14979,-7993,2533.1,61453,352170,382,1366,818,-0.5583,-0.38257,2.0921
-4.3036,2138.9,480.87,85.753,-1277.6,-1779.4,6.0354e+05,596291,1,16792,-1555,4277.6,1280.6,9246.9,2068.2,11198,-5069.4,2114.6,23445,339808,382,1366,818,-0.57112,-0.38257,2.0887
-151.18,2066.3,374.63,35.891,-1072.8,-1811.2,6.0119e+05,596289,1,7805.2,1491.6,2443.4,3598.6,4096.1,1764.1,6371.1,-1804.6,1442.2,12161,328536,382,1366,818,-0.58393,-0.38257,2.0851
-202.42,2008.7,324.89,12.991,-969.71,-1800.3,5.9857e+05,596287,1,2169.1,2594,1093.9,2561.1,1127.3,936.71,2421,-118.22,668.43,5259.3,296678,382,1366,818,-0.59671,-0.38257,2.0815
-214.6,1994,307.89,3.4919,-930.76,-1803,5.9609e+05,596285,1,565.41,2480.5,620.92,362.62,677.39,228.15,889.63,-133.08,233.99,2892.2,206479,382,1366,818,-0.60947,-0.38257,2.0778
-218.9,2005.4,305.09,0.79539,-916.21,-1823,5.9538e+05,596283,1,200.62,2333.3,491.45,-1080.2,181.46,-290.99,98.992,-219.83,-11.459,2658.7,200645,382,1397,823,-0.62221,-0.38257,2.074
-224.01,2023.9,305.54,0.22004,-905.74,-1849.1,5.974e+05,596281,1,333.78,2213.2,509,-1180.7,-149.01,-389.23,24.408,-319.54,-51.177,2634.7,200205,382,1397,823,-0.63493,-0.38257,2.0702
-230.51,2040.6,305.51,-0.066238,-893.3,-1874.2,5.9801e+05,596279,1,314.26,2100.5,489.64,-1191.3,-316.21,-431.89,9.6976,-386.37,-68.894,2589.8,199050,382,1397,823,-0.64762,-0.38257,2.0662
-236.62,2056.1,305.36,-0.29664,-880.69,-1897.7,5.9746e+05,596277,1,318.2,2073.9,485.62,-1121.7,-395.07,-432.91,18.069,-402.81,-68.869,2589.8,199028,382,1316,810,-0.66028,-0.38257,2.0622
-242.4,2072.5,305.6,-0.3554,-869.05,-1921.4,5.9622e+05,596275,1,303.63,2052.3,480.62,-1159.6,-389.26,-451.53,3.4838,-406.14,-74.424,2589.8,199044,382,1316,810,-0.67292,-0.38257,2.0581
-248.26,2089.1,305.88,-0.3498,-857.67,-1945.3,5.9498e+05,596273,1,328.59,2038.5,490.1,-1144.5,-415.88,-458.99,18.595,-415.21,-71.314,2589.8,199043,382,1316,810,-0.68554,-0.38257,2.054
-254.38,2105.3,305.91,-0.36779,-845.91,-1968.5,5.9433e+05,596271,1,359.43,2058.2,504.43,-1124.5,-431.95,-463.04,34.284,-406.11,-63.615,2589.8,199046,382,1316,810,-0.69813,-0.38257,2.0497
-261.99,2121.1,305.33,-0.34455,-832.7,-1991.9,5.9307e+05,596269,1,452.42,2130.1,558.07,-1181.9,-467.67,-498.97,63.731,-387.31,-50.777,2659.8,200675,382,1316,810,-0.71069,-0.38257,2.0454
-269.98,2138.8,304.87,-0.3344,-820.17,-2016.8,5.927e+05,596267,1,500.46,2166.3,581.91,-1197.9,-501.66,-517.46,83.556,-376.98,-40.742,2717.9,201760,382,1316,810,-0.72323,-0.38257,2.041
-280.34,2156.2,303.43,-0.32114,-805.38,-2042.4,5.9185e+05,596265,1,555.56,2188.7,612.44,-1315.2,-597.24,-587.43,87.133,-389.21,-42.027,2840.2,204583,382,1316,810,-0.73574,-0.38257,2.0365
-290.4,2177.2,302.77,-0.19868,-792.72,-2070.7,5.9087e+05,596263,1,616.39,2196.2,640.27,-1361.8,-681.17,-629.53,109.54,-399.35,-34.877,2915.6,207051,382,1316,810,-0.74822,-0.38257,2.032
-300.69,2197.3,301.65,-0.15261,-779.38,-2098.1,5.9068e+05,596261,1,682.41,2221,674.86,-1417.8,-724.26,-668.94,133.78,-395.89,-24.104,3001.9,208587,382,1316,810,-0.76068,-0.38257,2.0274
-312.56,2217.7,299.85,-0.13568,-764.68,-2126.3,5.9054e+05,596259,1,844.3,2319.5,762.32,-1422.6,-715.61,-679.31,208.43,-354.6,12.891,3137,248070,382,1316,810,-0.7731,-0.38257,2.0226
-328.88,2239,296.36,-0.1149,-746.12,-2157,5.899e+05,596257,1,967.64,2384.2,827.17,-1538.8,-917.45,-771.99,241.97,-365.47,24.965,3362,253523,382,1316,810,-0.7855,-0.38257,2.0179
-345.53,2264.7,293.44,-0.011473,-729.26,-2191.5,5.8919e+05,596255,1,1149.6,2433.8,921.34,-1732.4,-1154.7,-907.27,294.18,-396.23,41.012,3673.8,269574,382,1316,810,-0.79786,-0.38257,2.013
-366.02,2289.7,288.64,0.082875,-708.18,-2226.7,5.89e+05,596253,1,1133.2,2488.6,928.03,-1831.6,-1199.8,-966.88,288.08,-371.21,45.639,3780.3,271189,382,1316,810,-0.8102,-0.38257,2.0081
-383.68,2318.9,285.38,0.024853,-691.71,-2264.4,5.8957e+05,596251,1,1113.1,2427.2,920.66,-1876.9,-1210,-1001.6,289.08,-403.27,41.709,3770.4,271079,382,1316,810,-0.82251,-0.38257,2.0031
-401.13,2348.7,282.33,0.18288,-675.68,-2302.3,5.8877e+05,596249,1,1063.3,2306.3,886.86,-1842.8,-1226.7,-1003,292,-454.03,34.988,3665.4,269450,382,1316,810,-0.83478,-0.38257,1.998
-419.08,2374,277.65,0.030244,-656.83,-2336,5.894e+05,596247,1,989.28,2275.9,855.74,-1834.5,-1148.7,-997.8,283.72,-451.6,33.508,3585.6,268157,382,1316,810,-0.84702,-0.38257,1.9928
-434.77,2402,274.34,-0.043303,-641.47,-2371.2,5.8926e+05,596245,1,893.38,2159.4,801.41,-1809.5,-1067.4,-987.38,259.17,-490.32,17.537,3471.9,265263,382,1316,810,-0.85924,-0.38257,1.9876
-449.29,2430.9,271.62,-0.016203,-627.62,-2406.4,5.885e+05,596243,1,680.06,1761.7,639.11,-1744.4,-1035,-967.54,194.29,-661.74,-42.227,3471.9,265244,382,1316,810,-0.87142,-0.38257,1.9823
-459.95,2454.9,269.34,-0.14522,-615.42,-2435.5,5.8872e+05,596241,1,449.32,1579.8,505.43,-1536.9,-776.74,-836.56,140.01,-696.31,-72.573,3471.9,265228,382,1316,810,-0.88356,-0.38257,1.9769
-465.67,2477.2,269.02,-0.13147,-607.62,-2461,5.8875e+05,596239,1,299.44,1378.3,402.35,-1348.5,-516.91,-711.06,107.37,-733.64,-93.219,3471.9,265216,382,1316,810,-0.89568,-0.38257,1.9714
-469.78,2493.9,268.32,-0.067267,-599.08,-2480.6,5.8796e+05,596237,1,126.8,1134.5,280,-1023.8,-189.6,-509.83,94.708,-783.44,-109.03,3471.9,265192,382,1316,810,-0.90776,-0.38257,1.9659
-472.46,2508.1,267.78,-0.013895,-591.11,-2497.2,5.8876e+05,596235,1,203.25,1035.4,298.71,-996.36,-46.268,-477.15,115.48,-807.46,-103.83,3471.9,265187,382,1380,819,-0.9198,-0.38257,1.9603
-477.57,2523.3,266.74,0.47738,-581.36,-2515.6,5.8824e+05,596233,1,765.46,1023.4,566.13,-1365.4,-17.947,-654.56,244.1,-816.07,-42.392,3471.9,265210,382,1380,819,-0.93181,-0.38257,1.9546
-500.83,2550,261.57,3.1285,-558.8,-2551.4,5.9024e+05,596231,1,3472.5,2257.3,2133.9,-2855.8,-208.91,-1428,959.51,-488.73,371.22,5765.6,301388,382,1380,819,-0.94379,-0.38257,1.9489
-576.13,2607.7,241.81,10.385,-496.9,-2635,5.945e+05,596229,1,13161,10445,8588,-5703.5,-930.13,-3000.7,4014.3,1947.7,2375.3,20591,337878,382,1380,819,-0.95573,-0.38257,1.943
-776.21,2708.4,179.77,28.729,-326.42,-2804.1,5.9872e+05,596227,1,23633,21821,16203,-8258.7,-1470.6,-4421.5,7889.9,5397.1,5034.9,38780,346862,382,1380,819,-0.96763,-0.38257,1.9371
-1330.3,2856.5,-5.541,90.747,178.24,-3144.8,6.022e+05,596225,1,60314,47995,40245,-9278,531.89,-4586.4,22040,15348,14277,92701,356804,382,1365,817,-0.9795,-0.38257,1.9312
-2865.5,3038.4,-537.02,293.06,1642.2,-3866.3,6.0362e+05,596223,1,62285,53377,42603,-15953,6348.2,-6950,26910,22398,18309,1.0221e+05,357945,382,1365,817,-0.99133,-0.38257,1.9251
1866.2,1243.2,1126.5,427.76,-2471.8,66.428,6.0718e+05,594773,1,51555,-43617,5037.8,-70760,1.2693e+05,4869.5,-488.79,18274,3133.3,1.6147e+05,362901,382,1366,818,-0.52025,-0.36928,2.1043
1126.7,2004.2,965.34,312.63,-2260.2,-1006.1,6.0635e+05,594771,1,48789,-32558,6603.8,-42520,66247,954.47,10337,-3692.9,1992.2,99026,357571,382,1366,818,-0.53315,-0.36928,2.1011
563.24,2280,736.72,180.07,-1884.5,-1573.1,6.0506e+05,594769,1,33741,-15361,6018.6,-12114,27649,1774.5,15143,-9702.2,2211.1,51511,350189,382,1366,818,-0.54603,-0.36928,2.0978
217.74,2304.2,560.69,91.738,-1553.7,-1802.4,6.0327e+05,594767,1,24399,-7398.9,5141.5,-1925.4,16692,2463.9,12080,-6533.6,2038.2,34025,345092,382,1366,818,-0.55889,-0.36928,2.0944
12.687,2212.9,445.84,49.012,-1289.8,-1852,6.013e+05,594765,1,13009,267.6,3590.4,6662.6,5602.8,2819.2,7937.2,-2131.2,1783.7,18348,336271,382,1366,818,-0.57173,-0.36928,2.0909
-118.04,2097.1,368.56,29.07,-1084.4,-1836,5.996e+05,594763,1,6391.4,2301.7,2187.7,6813.5,1932,2246,4467.6,-442.36,1169.1,11299,326585,382,1366,818,-0.58455,-0.36928,2.0874
-166.73,2022.3,323.01,11.77,-976.45,-1807.8,5.9736e+05,594761,1,2146.3,2415.5,1039.5,3403.3,1000.7,1147.3,2290.2,-258.91,607.31,5577,299469,382,1366,818,-0.59735,-0.36928,2.0837
-181.13,1999.9,305.86,3.7315,-932.16,-1804.7,5.9491e+05,594759,1,530.49,2395.3,581.85,274.76,310.53,132.58,662.35,-202.62,157.14,2655.4,200590,382,1366,818,-0.61012,-0.36928,2.08
-186.96,2006.5,301.81,0.95673,-913.75,-1821.3,5.9458e+05,594757,1,348.48,2289.1,510.83,-764.95,1.3042,-230.78,170.77,-276.87,1.7922,2523.2,195418,382,1397,823,-0.62287,-0.36928,2.0762
-193.65,2021.1,301.05,0.28453,-899.73,-1844.8,5.9649e+05,594755,1,397.08,2219.5,517.34,-1022.3,-227.81,-354.02,70.411,-330.81,-37.343,2586.4,198897,382,1397,823,-0.6356,-0.36928,2.0724
-201.09,2035.3,300.31,-0.024912,-885.13,-1868.1,5.9662e+05,594753,1,376.65,2193.4,510.2,-1049.2,-335.06,-388.45,48.188,-354.35,-48.436,2589.8,199027,382,1316,810,-0.64831,-0.36928,2.0684
-207.63,2050.5,300.06,-0.23734,-872.08,-1891.4,5.959e+05,594751,1,349.62,2190.8,501.19,-1090.2,-417.31,-423.37,27.478,-363.97,-55.993,2617.5,199833,382,1316,810,-0.66099,-0.36928,2.0644
-213.65,2067.1,300.28,-0.32352,-860.38,-1915.3,5.9472e+05,594749,1,329.19,2126.7,489.94,-1133.4,-448.24,-451.51,13.672,-387.95,-65.254,2591.5,199113,382,1316,810,-0.67364,-0.36928,2.0603
-220.28,2082.6,300.08,-0.39647,-847.75,-1938.3,5.937e+05,594747,1,347.65,2107.6,494.81,-1122.8,-468.86,-460.33,24.513,-394.32,-62.747,2589.8,199053,382,1316,810,-0.68627,-0.36928,2.0562
-226.62,2099.3,300.21,-0.38101,-836.14,-1962,5.927e+05,594745,1,335.36,2091.2,490.35,-1143,-472.81,-474.21,16.249,-398.33,-66.197,2589.8,199051,382,1316,810,-0.69887,-0.36928,2.0519
-232.93,2115.5,300.24,-0.32036,-824.44,-1984.9,5.9158e+05,594743,1,392.3,2112.9,518.2,-1130.3,-479.98,-478.92,46.04,-390.02,-54.483,2604.1,199531,382,1316,810,-0.71145,-0.36928,2.0476
-240.48,2131.7,299.7,-0.33789,-811.7,-2008.2,5.9111e+05,594741,1,454.4,2159.7,551.68,-1148,-543.21,-505.05,72.156,-381.56,-43.268,2682.5,201053,382,1316,810,-0.724,-0.36928,2.0432
-248.44,2148.7,299.08,-0.34653,-799.06,-2032.2,5.9109e+05,594739,1,531.03,2216.7,593.11,-1208.8,-614.12,-548.5,94.014,-369.01,-32.535,2798.7,203245,382,1316,810,-0.73652,-0.36928,2.0387
-259.98,2165.7,297.01,-0.38841,-782.99,-2057.4,5.9069e+05,594737,1,645.13,2283.3,652.6,-1299.7,-719.01,-611.35,130.33,-360.87,-17.697,2963.6,207975,382,1316,810,-0.74902,-0.36928,2.0341
-271.26,2186.7,295.74,-0.33004,-769.19,-2085.9,5.9018e+05,594735,1,644.84,2280.2,656.36,-1449.3,-762.79,-682.67,105.75,-369.37,-27.761,3056.6,211026,382,1316,810,-0.76149,-0.36928,2.0295
-282.18,2208.2,294.63,-0.21399,-756.02,-2114.4,5.8922e+05,594733,1,759.15,2264.6,703.47,-1374.6,-836.65,-677.62,175.75,-386.38,-3.1109,3070.6,211410,382,1316,810,-0.77393,-0.36928,2.0248
-294.59,2228.1,292.47,-0.16287,-740.66,-2142,5.8886e+05,594731,1,933.89,2311.2,787.43,-1324.2,-909.67,-681.35,265.97,-377.43,35.173,3177,249016,382,1316,810,-0.78633,-0.36928,2.02
-312.93,2247.6,287.7,-0.127,-719.22,-2171.4,5.8869e+05,594729,1,1042,2487,868.88,-1580,-1002.4,-810.65,272.94,-322.27,49.054,3516.4,266845,382,1316,810,-0.79871,-0.36928,2.0152
-330.59,2274.5,284.43,-0.0045731,-701.82,-2207,5.8806e+05,594727,1,1058.2,2645.9,912.78,-1876.1,-1125.3,-963.9,245.82,-282.43,47.214,3842.1,271991,382,1316,810,-0.81106,-0.36928,2.0102
-348.12,2303.4,281.16,-0.084321,-685.31,-2244.2,5.8811e+05,594725,1,1214.1,2551.9,967.41,-1762.5,-1272.2,-954.95,349.01,-346.23,79.553,3842.1,271992,382,1316,810,-0.82338,-0.36928,2.0052
-370.46,2327.7,274.9,-0.074091,-661.8,-2278.9,5.8749e+05,594723,1,1131.9,2474.6,929.51,-1861.9,-1315.9,-1020.8,313.24,-388.47,58.41,3842.1,271993,382,1316,810,-0.83567,-0.36928,2.0001
-386.73,2359.6,272.24,-0.14686,-647.59,-2317.8,5.8775e+05,594721,1,1042.6,2382.1,883.4,-1944.2,-1227.6,-1053.2,280.07,-400.5,45.308,3765.5,271011,382,1316,810,-0.84793,-0.36928,1.9949
-402.48,2387.8,268.97,-0.17667,-632.2,-2352.9,5.8767e+05,594719,1,1093.3,2189,880.04,-1684,-1237.3,-956.29,367.87,-482.49,70.196,3523.6,266994,382,1316,810,-0.86015,-0.36928,1.9897
-422.72,2410.8,262.52,-0.25881,-609.91,-2384.9,5.8763e+05,594717,1,978.22,2157.7,829.45,-1823.3,-1252.8,-1033.3,304.05,-504.28,38.95,3551.1,267628,382,1316,810,-0.87234,-0.36928,1.9844
-436.36,2442.4,260.4,-0.29236,-597.99,-2422,5.8805e+05,594715,1,720,1851.5,666.33,-1802.3,-1069.1,-1004.2,205.47,-609.74,-22.264,3471.9,265253,382,1316,810,-0.8845,-0.36928,1.979
-446.8,2468.9,258.82,-0.13753,-587.18,-2453,5.8709e+05,594713,1,495.21,1486.1,502.27,-1534.7,-901.44,-864.14,155.04,-748.21,-69.573,3471.9,265229,382,1316,810,-0.89663,-0.36928,1.9735
-453.88,2489.1,257.41,-0.06332,-577.17,-2476.8,5.8667e+05,594711,1,355.57,1274.3,402.02,-1333,-618.34,-729.77,138.85,-796.38,-85.008,3471.9,265214,382,1316,810,-0.90872,-0.36928,1.968
-458.45,2506.2,256.5,-0.0062163,-568.53,-2496.8,5.8702e+05,594709,1,235.31,1070.8,313.24,-1088.3,-199.53,-548.27,120.87,-813.88,-97.371,3471.9,265196,382,1316,810,-0.92078,-0.36928,1.9624
-463.79,2523,255.48,0.38394,-559.22,-2516.6,5.8605e+05,594707,1,740.6,1140.3,569.68,-1507.8,-111.69,-741.53,224.63,-791.75,-41.49,3471.9,265224,382,1380,819,-0.9328,-0.36928,1.9567
-479.75,2548.7,252.29,1.9398,-543.15,-2548.5,5.8753e+05,594705,1,2121,1398.7,1296.7,-2564.3,-108.1,-1265.4,572.56,-721.76,141.97,4146.5,286214,382,1380,819,-0.94479,-0.36928,1.9509
-529.61,2599.1,240.13,6.3674,-502.79,-2615.4,5.9086e+05,594703,1,4576.9,2911.4,2805,-4352.1,-530.26,-2242.7,1301,-257.75,592.06,7978.3,316807,382,1365,817,-0.95675,-0.36928,1.9451
-641.93,2686.3,207.56,14.691,-412.78,-2738.8,5.9445e+05,594701,1,14929,11561,9709.9,-7745.9,-1422.6,-4148.8,4846.2,2661.6,2943.7,23860,340104,382,1365,817,-0.96866,-0.36928,1.9392
-858.26,2825,138.42,29.991,-235.15,-2946.2,5.9849e+05,594699,1,33210,36184,23884,-10170,-2047.4,-5561.3,11337,11382,7969.1,58676,351640,382,1365,817,-0.98054,-0.36928,1.9332
-1660.8,2979,-141.19,125.52,521.65,-3371.1,6.0151e+05,594697,1,69286,77236,50600,-20329,-2065.6,-10912,24259,25827,17481,1.2419e+05,360030,382,1365,817,-0.99239,-0.36928,1.9272
2727.5,936.99,1323.5,523.93,-3007.1,866.84,6.07e+05,593251,1,15068,-22648,-396.89,-84515,1.196e+05,1167.9,-19525,17135,-1411.4,1.5121e+05,362172,382,1366,818,-0.48192,-0.35597,2.1157
2451.7,2080.2,1585.4,634.68,-3518.9,-257.14,6.0853e+05,593249,1,28242,-32315,1148.6,-63169,1.3838e+05,8981.3,-5156.2,13277,1262.6,1.5896e+05,362705,382,1366,818,-0.49489,-0.35597,2.1127
1988.3,2520.2,1449.5,523.44,-3358.7,-922.5,6.0818e+05,593247,1,40145,-27538,4988.6,-42086,1.0237e+05,7437.3,4038.8,2113.4,1455.1,1.2134e+05,359780,382,1366,818,-0.50785,-0.35597,2.1096
1370,2562.2,1117,330.76,-2789,-1342.2,6.065e+05,593245,1,43906,-20241,7406,-14719,56745,6036.9,20223,-6980.2,3831.5,79610,355131,382,1366,818,-0.52078,-0.35597,2.1065
880.55,2566.6,846.11,180.09,-2309.7,-1646.6,6.0467e+05,593243,1,32809,-9993.5,6587.1,639.9,29460,5160.5,15355,-7220.7,2659.2,49087,349671,382,1366,818,-0.5337,-0.35597,2.1032
495.02,2529.8,671.74,108.92,-1913.8,-1849.7,6.0297e+05,593241,1,25572,-3166.2,6092.9,2171.5,17083,3488,11695,-3060,2514.3,34092,345122,382,1366,818,-0.54659,-0.35597,2.0999
215.71,2420.7,541.02,69.079,-1575.6,-1926.5,6.0152e+05,593239,1,16346,1490.6,4620.4,9633.4,6398.6,3674.2,8323,-434.38,2151.5,22629,339260,382,1366,818,-0.55947,-0.35597,2.0965
25.564,2265.7,437.94,43.418,-1293.9,-1910.4,5.9994e+05,593237,1,10956,1298.2,3206.2,10759,3747.2,3578.5,6475.4,-177.26,1735.9,17877,335868,382,1366,818,-0.57232,-0.35597,2.0931
-88.215,2119.2,362.51,24.879,-1087.9,-1856.3,5.9832e+05,593235,1,5820.7,1967.2,1956.7,8349.7,1892.9,2653.9,4398.5,-279.92,1179.6,11947,327947,382,1366,818,-0.58515,-0.35597,2.0895
-134.65,2032,319.42,10.665,-977.35,-1814.9,5.9626e+05,593233,1,2079.6,2250,976.55,4125.9,675.51,1291.1,2175.5,-263.15,575.61,5883.9,302609,382,1366,818,-0.59796,-0.35597,2.0859
-148.61,2004.1,302.59,3.3732,-931.3,-1806.3,5.942e+05,593231,1,652.71,2256.1,576.59,903.18,298.31,312.37,791.32,-276.05,183.49,2754.4,202498,382,1366,818,-0.61075,-0.35597,2.0822
-155.9,2006.5,297.99,1.0364,-909.63,-1819.8,5.9371e+05,593229,1,418.76,2203.7,502.13,-509.62,-69.493,-165.82,214.89,-311.89,11.126,2391.5,176526,382,1316,810,-0.62351,-0.35597,2.0784
-163.25,2017.6,296.49,0.32788,-893.29,-1840.5,5.9527e+05,593227,1,406.79,2218.7,508.01,-907.31,-222.21,-316.74,88.427,-328.18,-29.576,2536.8,196214,382,1316,810,-0.63625,-0.35597,2.0745
-170.31,2030.5,295.71,0.0099371,-878.44,-1862.1,5.9537e+05,593225,1,371.97,2217.7,497.06,-955.67,-342.18,-359,53.468,-341.21,-41.773,2565.9,197827,382,1316,810,-0.64897,-0.35597,2.0706
-176.92,2044.8,295.34,-0.23055,-864.99,-1884.6,5.9504e+05,593223,1,377.11,2230.9,505.11,-1041.9,-394.97,-401.82,41.332,-340.8,-45.488,2626.3,200032,382,1316,810,-0.66166,-0.35597,2.0666
-183.97,2060.2,295.03,-0.36967,-851.78,-1907.8,5.9405e+05,593221,1,354.53,2227.4,498.96,-1095.7,-441.5,-433.82,20.936,-344.89,-52.609,2650.8,200505,382,1316,810,-0.67433,-0.35597,2.0625
-190.35,2076.4,295.14,-0.39483,-839.84,-1931.1,5.929e+05,593219,1,355.01,2209.2,501.64,-1114.9,-474.19,-453.67,22.126,-354.75,-54.244,2650.8,200506,382,1316,810,-0.68697,-0.35597,2.0583
-197.14,2092.4,295,-0.43579,-827.54,-1954.2,5.92e+05,593217,1,363.73,2189.3,503.96,-1104.8,-510.45,-464.41,30.805,-365.89,-53.149,2648.4,200442,382,1316,810,-0.69959,-0.35597,2.054
-204.14,2108.1,294.68,-0.47209,-815.05,-1976.9,5.915e+05,593215,1,405.33,2170.1,516.82,-1079.4,-573.7,-474.91,54.565,-380.09,-46.906,2647.7,200424,382,1316,810,-0.71218,-0.35597,2.0497
-211.65,2123.9,294.16,-0.46148,-802.24,-1999.6,5.9083e+05,593213,1,439.53,2142.4,530.34,-1118.7,-606.61,-503.23,66.374,-393.14,-45.173,2664.2,200742,382,1316,810,-0.72474,-0.35597,2.0453
-219.84,2140.3,293.41,-0.45288,-789.16,-2023,5.9026e+05,593211,1,447.46,2170.9,538.24,-1170.4,-618.29,-529.59,59.469,-378.5,-44.431,2717.4,201751,382,1316,810,-0.73728,-0.35597,2.0408
-227.86,2158.1,293.01,-0.34523,-777.1,-2047.3,5.8912e+05,593209,1,545.57,2241.8,591.59,-1202.8,-626.09,-551.26,100.4,-348.12,-23.637,2819.1,203665,382,1316,810,-0.74979,-0.35597,2.0362
-238.28,2176.4,291.54,-0.36998,-762.91,-2072.8,5.8881e+05,593207,1,678.26,2316.7,663.4,-1312.2,-767.11,-627.59,143.76,-344.54,-6.6648,3018.4,209158,382,1316,810,-0.76227,-0.35597,2.0316
-251.43,2194.8,288.91,-0.40761,-746.1,-2099.3,5.8896e+05,593205,1,798.64,2285.1,704.45,-1240.4,-911.55,-633.06,208.35,-379.12,13.12,3051.8,210881,382,1316,810,-0.77472,-0.35597,2.0269
-265.61,2214.2,286.03,-0.32944,-728.82,-2126.9,5.8852e+05,593203,1,803.11,2367.5,729.21,-1395.8,-920.63,-705.7,192.21,-346.03,13.779,3198.9,249550,382,1316,810,-0.78714,-0.35597,2.0221
-277.22,2237.7,284.83,-0.15157,-715.98,-2157,5.8728e+05,593201,1,855.67,2466.9,774.42,-1473.7,-950.57,-751.35,213.03,-305.97,31.365,3346.3,253195,382,1316,810,-0.79953,-0.35597,2.0172
-293.59,2258.9,280.9,-0.21477,-697.25,-2186.7,5.8702e+05,593199,1,1131.6,2534.9,908.6,-1609.2,-1143.4,-853.06,322.89,-315.33,74.398,3655.9,269257,382,1316,810,-0.8119,-0.35597,2.0123
-315.1,2282.1,275.03,-0.26319,-674.19,-2220,5.8701e+05,593197,1,1199.7,2579.1,949.18,-1700.9,-1290.6,-928.53,345.37,-308.17,87.18,3825.5,271740,382,1316,810,-0.82423,-0.35597,2.0073
-333.03,2311.3,271.6,-0.16302,-657.29,-2257.1,5.8695e+05,593195,1,1126.3,2639.4,942.7,-1975,-1280.7,-1055.3,285.26,-282.81,68.939,3990.9,284077,382,1316,810,-0.83653,-0.35597,2.0022
-353.66,2340.3,266.72,-0.12412,-637.47,-2295,5.8705e+05,593193,1,1333,2476.6,1005.1,-1799,-1533.1,-1035.9,422.3,-396,109.4,3990.9,284078,382,1316,810,-0.8488,-0.35597,1.997
-374.85,2368.2,261.14,-0.054304,-616.41,-2331.7,5.8679e+05,593191,1,1104.7,2254.6,881.81,-1861.7,-1429.4,-1061.7,336.4,-475.44,60.286,3749.7,270827,382,1316,810,-0.86103,-0.35597,1.9917
-390.65,2396.4,257.52,-0.16116,-600.83,-2366.5,5.8729e+05,593189,1,1013.6,2214.7,844.17,-1888.8,-1218.8,-1050.8,310.37,-454.79,55.49,3620.6,268736,382,1316,810,-0.87324,-0.35597,1.9864
-408.25,2426,253.25,-0.18505,-583.93,-2403.1,5.8701e+05,593187,1,1041,2038.7,831.55,-1834.8,-1386.7,-1068.2,345.85,-563.73,53.478,3578,268042,382,1316,810,-0.88541,-0.35597,1.981
-424.99,2452.6,248.53,-0.27283,-566.55,-2436.5,5.8706e+05,593185,1,788.62,1768.1,675.82,-1724.1,-1214.5,-1001.5,263.07,-668.16,-1.2378,3471.9,265251,382,1316,810,-0.89755,-0.35597,1.9756
-436.64,2478.5,245.94,-0.25463,-554.14,-2467.2,5.8724e+05,593183,1,521.65,1511.4,512.47,-1637.8,-913.16,-920.55,156.52,-741.41,-62.293,3471.9,265235,382,1316,810,-0.90966,-0.35597,1.97
-443.32,2502.4,245.45,-0.010438,-546.24,-2494.1,5.8586e+05,593181,1,397.92,1261.1,414.64,-1416.3,-578.17,-768.19,136.52,-798.62,-80.735,3471.9,265219,382,1365,817,-0.92173,-0.35597,1.9644
-449.67,2521.3,244.22,0.33028,-536.73,-2516.1,5.8418e+05,593179,1,573.16,1099,473.56,-1493.9,-258.43,-759.54,180.85,-822.56,-63.124,3471.9,265220,382,1365,817,-0.93376,-0.35597,1.9587
-462.52,2547,241.82,1.3756,-523.54,-2546.7,5.846e+05,593177,1,1470.4,1567.6,1000.3,-2428,-233.6,-1220.8,373.03,-663.81,60.214,3693.7,269834,382,1365,817,-0.94576,-0.35597,1.9529
-496.5,2591.9,234.12,3.9672,-496.29,-2602.5,5.8729e+05,593175,1,2934.8,2890.8,1973.7,-4227.4,-489.39,-2175.6,742.28,-213.36,326.81,6664.2,309408,382,1365,817,-0.95773,-0.35597,1.9471
-560.56,2670,218,7.4013,-450.16,-2699.6,5.9123e+05,593173,1,7686.3,5879.7,4938.3,-6994.5,-1128,-3709,2266.4,838.25,1291.2,13766,331862,382,1365,817,-0.96966,-0.35597,1.9412
-694.84,2795,180.98,16.976,-349.69,-2864.4,5.9401e+05,593171,1,4662.5,9888.1,4169.5,-10314,-1394.2,-5496.6,910.28,2570.8,930,16845,334951,382,1365,817,-0.98155,-0.35597,1.9352
-750.79,2981.7,170.12,5.7415,-343.98,-3060.2,6.0059e+05,593169,1,80340,30606,47320,-17217,-2514.6,-9364.1,25874,11132,15477,1.0514e+05,358276,382,1365,817,-0.99341,-0.35597,1.9291
2832.3,48.698,791.18,150.86,-2443.1,1630.6,6.0424e+05,591725,1,17400,-3520,3293.9,-71915,1.2149e+05,3373.8,-8618.1,23500,1773.5,1.4456e+05,361684,382,1359,816,-0.46939,-0.34265,2.1207
2492,1421.5,922.7,120.46,-2997.8,284.26,6.0453e+05,591723,1,23431,-7153.1,4141.9,-86692,59579,-10135,-6714.5,-2958.9,-2084.2,1.0883e+05,358643,382,1359,816,-0.4824,-0.34265,2.1178
2198.8,2361.8,978.03,77.226,-3299.2,-691.57,6.0485e+05,591721,1,25958,-10502,4371.1,-45314,34336,-5031.6,151.86,-13472,-2213.6,65171,352808,382,1359,816,-0.49538,-0.34265,2.1148
1887.4,2779.5,989.75,81.041,-3270.9,-1249.9,6.034e+05,591719,1,33301,-11312,6226.4,-20486,20886,-1513.8,1706.6,-15710,-2189.8,48871,349611,382,1359,816,-0.50835,-0.34265,2.1117
1297,2902.1,947.46,148.82,-2836.6,-1712.7,6.0367e+05,591717,1,39727,-8789.1,8370.4,-2737.6,20293,2651.8,11802,-9521.4,1345,48822,349603,382,1359,816,-0.5213,-0.34265,2.1086
821.62,2841.3,803.33,126.77,-2362.7,-1948.1,6.0309e+05,591715,1,25805,-2224.4,6184.4,7953.8,12587,4082.8,10649,-3008.7,2220.1,32785,344554,382,1366,818,-0.53422,-0.34265,2.1053
520.86,2690.3,658.05,80.217,-1980.2,-2003.6,6.0156e+05,591713,1,19964,3991.7,5847.8,11967,7359.9,4332.9,8840.6,-996.27,2140.6,27360,342112,382,1366,818,-0.54713,-0.34265,2.102
261,2515.4,545.23,61.926,-1628.2,-2009.4,6.0039e+05,591711,1,17613,3763.9,5295.8,12189,6544.1,4330.5,8194.9,-28.875,2174.7,25189,341017,382,1366,818,-0.56002,-0.34265,2.0986
48.143,2315.4,440.97,46.816,-1305.6,-1962.4,5.9904e+05,591709,1,12160,2826.4,3768.2,12977,3425.3,4102.6,6753.8,148.62,1865,20399,337739,382,1366,818,-0.57289,-0.34265,2.0951
-58.937,2140.1,359.29,23.956,-1090.4,-1877,5.9747e+05,591707,1,5557.5,2268,1917.3,10168,1359.3,3059.6,4611.3,-153.06,1261.6,13311,331270,382,1366,818,-0.58573,-0.34265,2.0916
-105.22,2040.7,315.8,10.505,-975.04,-1823.3,5.952e+05,591705,1,2069.7,2190.2,951.11,4550.1,674.08,1408.5,2194.8,-278.11,580.16,6193.4,305608,382,1366,818,-0.59855,-0.34265,2.0879
-118.73,2007.3,298.52,3.1671,-927.22,-1809.1,5.9359e+05,591703,1,695.78,2158.6,555.89,1342.7,204.87,423.49,823.41,-308.72,189.68,2878.5,206192,382,1366,818,-0.61135,-0.34265,2.0842
-126.49,2005.8,293.49,1.0277,-903.4,-1819.1,5.931e+05,591701,1,427.71,2133,479.65,-274.64,-39.212,-89.558,253.98,-332.99,21.02,2285.5,168316,382,1316,810,-0.62413,-0.34265,2.0804
-133.54,2014.4,291.79,0.33831,-886.22,-1837.2,5.9409e+05,591699,1,394.86,2152.9,477.63,-757.51,-227.1,-270.49,97.809,-345.55,-27.229,2418.1,177177,382,1316,810,-0.63688,-0.34265,2.0766
-140.33,2025.9,290.99,0.034135,-871.11,-1857.4,5.9415e+05,591697,1,365.82,2173.8,474.05,-892.53,-309.28,-331.22,53.943,-345.99,-40.36,2492,193438,382,1316,810,-0.64961,-0.34265,2.0726
-146.63,2039.7,290.74,-0.17098,-857.8,-1879,5.9373e+05,591695,1,347.03,2203.2,476.16,-1004.4,-352.94,-380.24,27.476,-335.91,-46.858,2568.1,197934,382,1316,810,-0.66232,-0.34265,2.0686
-152.94,2054.6,290.72,-0.2617,-845.2,-1901.3,5.9258e+05,591693,1,352.6,2240.9,487.37,-1054.2,-393.1,-410.03,21.577,-323.19,-46.547,2631.5,200152,382,1316,810,-0.675,-0.34265,2.0645
-159.6,2069.8,290.58,-0.36286,-832.63,-1923.8,5.9186e+05,591691,1,366.06,2236.7,495.1,-1062.7,-462.86,-431.43,29.689,-334.82,-45.914,2650.8,200507,382,1316,810,-0.68765,-0.34265,2.0603
-166.58,2084.9,290.23,-0.4609,-819.81,-1946,5.913e+05,591689,1,390.19,2223.9,502.74,-1042.1,-538.62,-445.07,44.129,-344.07,-42.158,2654.6,200573,382,1316,810,-0.70028,-0.34265,2.0561
-173.84,2100,289.74,-0.52992,-806.87,-1968,5.9088e+05,591687,1,414.93,2222.8,515.42,-1044.1,-562.15,-456.78,57.985,-342.69,-37.129,2667.5,200797,382,1316,810,-0.71288,-0.34265,2.0517
-181.54,2115.2,289.1,-0.54973,-793.73,-1990.1,5.9031e+05,591685,1,418.45,2249.4,524.69,-1090.4,-584.58,-484.47,55.21,-334.29,-36.477,2718.8,201783,382,1316,810,-0.72546,-0.34265,2.0473
-189.3,2131.9,288.67,-0.49967,-781.38,-2013.4,5.896e+05,591683,1,457.44,2267.2,546.17,-1149.8,-657.94,-526.98,65.513,-341.94,-33.625,2793.3,203135,382,1316,810,-0.73801,-0.34265,2.0428
-197.6,2149.5,288.09,-0.46533,-768.96,-2037.4,5.8917e+05,591681,1,524.11,2239.5,569.61,-1146.7,-744.51,-546.84,98.105,-371.16,-26.107,2816.2,203531,382,1316,810,-0.75053,-0.34265,2.0382
-207.65,2165.7,286.46,-0.48739,-754.27,-2060.7,5.8878e+05,591679,1,643.27,2273.4,625.35,-1144.5,-812.5,-566.05,152.2,-363.9,-4.3363,2901.6,206696,382,1316,810,-0.76302,-0.34265,2.0336
-219.39,2182.4,284.21,-0.46478,-738.25,-2084.9,5.8793e+05,591677,1,672.72,2414.6,664.27,-1266.6,-850.14,-628.43,146.45,-303.31,4.94,3091.8,246741,382,1316,810,-0.77548,-0.34265,2.0289
-230.5,2202.9,282.75,-0.41591,-724.61,-2112.1,5.8748e+05,591675,1,771.07,2498.2,722.61,-1310,-895.61,-661.51,191.42,-270.9,29.256,3228.7,250581,382,1316,810,-0.78792,-0.34265,2.0241
-244.93,2222.9,279.7,-0.40743,-707.39,-2139.9,5.872e+05,591673,1,869.88,2442,760.36,-1390,-1047.3,-727.99,224.22,-324.88,33.501,3318.7,252688,382,1316,810,-0.80032,-0.34265,2.0192
-260.95,2243.2,275.99,-0.28057,-688.73,-2168.3,5.8703e+05,591671,1,1016.7,2517.4,838.53,-1441.9,-1139,-775.76,291.23,-302.66,66.032,3497.6,266319,382,1316,810,-0.8127,-0.34265,2.0143
-277.87,2266.6,272.33,-0.10566,-670.53,-2199.8,5.8642e+05,591669,1,1081.8,2690.8,903.47,-1678.4,-1200.4,-894.12,291.86,-239.36,79.251,3799.1,271404,382,1316,810,-0.82504,-0.34265,2.0092
-296.78,2293.6,268,-0.13399,-651.63,-2235.1,5.8637e+05,591667,1,1255.3,2596.4,968.79,-1702,-1455.7,-959.62,383.88,-321.89,105.65,3931.2,283342,382,1316,810,-0.83735,-0.34265,2.0041
-319.42,2317.4,261.15,-0.29086,-627.45,-2268.7,5.8643e+05,591665,1,1423.4,2577.1,1046.6,-1657.8,-1610.9,-981.4,489.68,-353.98,147.26,4056.6,284948,382,1316,810,-0.84964,-0.34265,1.999
-342.6,2344.5,254.45,-0.34602,-603.98,-2305.2,5.8601e+05,591663,1,1295.9,2563.4,998.13,-1913.1,-1721.3,-1121.6,406.04,-385.14,108.95,4177.6,286512,382,1316,810,-0.86189,-0.34265,1.9937
-359.76,2379.8,251.57,-0.34356,-589.92,-2346.9,5.8586e+05,591661,1,1117.4,2267.9,883.26,-1927.9,-1730.4,-1143,342.91,-523.83,60.592,3947.8,283548,382,1316,810,-0.8741,-0.34265,1.9884
-380.61,2404.5,244.98,-0.35206,-567.65,-2380,5.8511e+05,591659,1,1155.2,2155.2,888.13,-1857.2,-1584.8,-1103.5,388.9,-542.84,79.847,3794.6,271354,382,1316,810,-0.88629,-0.34265,1.983
-398.64,2433.9,240.12,-0.4453,-550.02,-2416.2,5.8496e+05,591657,1,975.19,2055.9,797.98,-1961.1,-1430.7,-1139.4,312.35,-557.67,45.54,3662.8,269413,382,1316,810,-0.89844,-0.34265,1.9775
-412.56,2464.1,237.13,-0.48368,-536.94,-2451.5,5.8514e+05,591655,1,692.07,1788.8,631.71,-1775.3,-1197.6,-1028.3,213.02,-652.27,-15.965,3471.9,265252,382,1316,810,-0.91055,-0.34265,1.972
-425.17,2490.6,234.2,-0.27587,-523.8,-2482.8,5.8446e+05,591653,1,635.1,1680.5,587.5,-1832.7,-999.06,-1032.7,176.78,-671.82,-33.987,3471.9,265243,382,1316,810,-0.92264,-0.34265,1.9663
-433.74,2515.9,232.99,0.062212,-514.51,-2511.5,5.8358e+05,591651,1,521.63,1447.1,502.77,-1700.1,-472.18,-894.07,132.31,-705.85,-61.494,3471.9,265227,382,1349,815,-0.93468,-0.34265,1.9606
-443.04,2545,232.3,0.67494,-506.04,-2543.9,5.8216e+05,591649,1,688.97,1885.6,661.89,-2477.1,-196.09,-1235.2,75.463,-474.16,-46.367,3521.5,266953,382,1349,815,-0.9467,-0.34265,1.9549
-461.63,2588,229.99,1.8273,-493.25,-2592.4,5.8433e+05,591647,1,1799.6,2347.6,1299,-3650.1,-200.75,-1831.5,358.45,-322.73,118.89,5234.7,296488,382,1365,817,-0.95867,-0.34265,1.949
-498.94,2658.6,223.68,3.6096,-471.03,-2673.1,5.8827e+05,591645,1,3552.1,4506.6,2576.7,-6339.4,-724.91,-3300.9,705.55,468,436.9,9596,322492,382,1365,817,-0.97062,-0.34265,1.9431
-558.2,2779.8,215.59,6.1664,-444.1,-2808.6,5.9139e+05,591643,1,3438,6119.8,2835.7,-10770,-1226.9,-5695.7,78.639,1109.5,238.31,14441,332632,382,1365,817,-0.98252,-0.34265,1.9371
-601.46,2969.1,220.96,3.3744,-455.76,-3003,6.0185e+05,591641,1,51076,6946.1,27740,-14901,-1075.2,-7864.1,15070,1820.8,8150.2,63312,352474,382,1365,817,-0.99439,-0.34265,1.931
2531.9,2564.5,1242.3,257.58,-3739.7,-692.02,6.0491e+05,590195,1,25983,-4977.2,5168.3,-40468,1.0699e+05,7469,5837.7,24200,5120.8,1.2047e+05,359720,382,1359,816,-0.48285,-0.32932,2.1198
2130,2856.8,1104,154.62,-3528.4,-1201.3,6.0322e+05,590193,1,31037,-11871,5434.6,-13343,74368,8289.3,8759.8,14037,4200.4,84867,355821,382,1359,816,-0.49585,-0.32932,2.1168
1679.5,3090.9,1020.1,129.05,-3250.8,-1682.4,6.0242e+05,590191,1,34909,-13276,6352.3,-4427.3,35070,4384.2,8063.1,4066.7,2572.7,52840,350492,382,1359,816,-0.50883,-0.32932,2.1137
1133.9,3109.7,897.65,126.79,-2765.3,-2024.5,6.024e+05,590189,1,30370,-7408.7,6361.2,7322.2,12352,3767.4,10459,-3197,2099.1,36906,346221,382,1359,816,-0.52179,-0.32932,2.1106
805.16,2951,744.61,75.843,-2352.7,-2090.5,6.0117e+05,590187,1,17770,-1319.1,4299.8,13436,5597.5,4301.3,9083.2,-3194.5,1805.1,25736,341321,382,1359,816,-0.53473,-0.32932,2.1073
596.03,2756.8,636.84,48.037,-2033.2,-2055.4,5.9963e+05,590185,1,18016,2676.4,5103.2,13256,4368.9,4135.8,7934.1,-2222.1,1706.3,25308,341095,382,1366,818,-0.54765,-0.32932,2.104
331.35,2564,546.9,53.986,-1675.3,-2042.9,5.9913e+05,590183,1,17745,4042.3,5369.2,14496,2518.1,4269.1,7011.7,-574.2,1783.1,25445,341170,382,1366,818,-0.56055,-0.32932,2.1006
88.244,2347.4,443.74,48.625,-1321.3,-1991.7,5.9808e+05,590181,1,11507,2737.7,3575.7,14278,1584.8,4167.2,6622.3,-6.462,1815.5,20581,337871,382,1366,818,-0.57343,-0.32932,2.0971
-30.735,2155.4,356.91,25.199,-1088.6,-1894.3,5.9647e+05,590179,1,5788.9,2111.3,1944.2,10783,1027.4,3171.6,4774.5,-159.87,1306.9,13916,332055,382,1366,818,-0.58629,-0.32932,2.0936
-74.473,2047.6,311.67,9.8599,-972.28,-1830.2,5.944e+05,590177,1,2059.8,2141.2,924.48,5224,503.44,1568.8,2275.3,-279.29,604.93,6731.1,309835,382,1366,818,-0.59912,-0.32932,2.0899
-89.874,2009.5,294.35,3.3203,-921.44,-1812.2,5.9254e+05,590175,1,751.83,2087.3,549.22,1533.6,120.05,464.93,836.57,-328.13,192.25,2941.2,207561,382,1366,818,-0.61193,-0.32932,2.0862
-97.845,2004.8,288.81,1.0558,-896.13,-1819.1,5.9235e+05,590173,1,460.93,2067.7,464.66,61.688,-17.013,14.64,321.94,-346.53,41.102,2221.2,165933,382,1316,810,-0.62472,-0.32932,2.0824
-104.72,2011.4,286.94,0.36264,-878.3,-1835.1,5.931e+05,590171,1,373.37,2072.3,441.66,-588.46,-178.69,-208.84,110.26,-359.56,-23.147,2278.8,168166,382,1316,810,-0.63749,-0.32932,2.0785
-110.92,2022,286.26,0.047532,-863.46,-1854,5.9333e+05,590169,1,340.99,2125.2,445.5,-858.69,-275.93,-313.78,43.687,-350.53,-42.16,2422.8,177351,382,1316,810,-0.65023,-0.32932,2.0746
-116.84,2035.2,286.13,-0.13839,-850.35,-1874.6,5.9298e+05,590167,1,323.07,2146.9,445.03,-963.12,-320.34,-359.51,17.905,-344.72,-49.098,2488.5,193243,382,1316,810,-0.66295,-0.32932,2.0706
-122.75,2049.4,286.2,-0.2503,-837.98,-1896,5.9238e+05,590165,1,343.78,2158.4,456.58,-990.52,-382.96,-384.93,21.522,-345.06,-47.901,2526.5,195615,382,1316,810,-0.67564,-0.32932,2.0664
-129.3,2063.3,285.94,-0.36692,-825,-1917,5.9196e+05,590163,1,368.51,2191.7,473.64,-992.56,-450.25,-404.56,34.006,-334.75,-42.109,2574.9,198400,382,1316,810,-0.68831,-0.32932,2.0623
-136.34,2077.6,285.56,-0.42153,-811.9,-1938.3,5.9115e+05,590161,1,392.51,2219.5,488.84,-1021.2,-469.95,-423.34,37.805,-323.11,-38.91,2620.9,199926,382,1316,810,-0.70095,-0.32932,2.058
-143.42,2092.7,285.32,-0.40603,-799.37,-1960.2,5.9015e+05,590159,1,392.06,2236,495.62,-1029.7,-518.26,-440.74,43.936,-321.57,-36.468,2651.2,200515,382,1316,810,-0.71356,-0.32932,2.0537
-150.26,2108,285.04,-0.43758,-787.22,-1981.9,5.8976e+05,590157,1,392.9,2234.8,496.05,-1040.7,-583.42,-461.81,49.613,-330.07,-35.001,2672.8,200889,382,1316,810,-0.72615,-0.32932,2.0492
-157.54,2123.5,284.47,-0.57279,-774.84,-2003.6,5.8986e+05,590155,1,455.58,2265.4,530.97,-1045.3,-612.7,-475.7,83.886,-322.26,-21.662,2725.3,201893,382,1316,810,-0.73871,-0.32932,2.0448
-166.68,2137.8,282.87,-0.7711,-760.22,-2024.9,5.8942e+05,590153,1,509.85,2292.4,558.71,-1064.2,-719.48,-508.18,101.53,-328.34,-15.884,2802.5,203308,382,1316,810,-0.75124,-0.32932,2.0402
-176.19,2153.9,281.56,-0.74023,-746.21,-2047.7,5.8823e+05,590151,1,548.82,2401.3,593.6,-1108.3,-761.26,-539.58,109.93,-281.48,-4.2201,2934.3,207423,382,1316,810,-0.76375,-0.32932,2.0355
-185.99,2171.4,280.41,-0.5735,-732.64,-2071.6,5.8744e+05,590149,1,631.2,2459.1,639.12,-1205,-884.49,-604.16,132.4,-283.96,4.9449,3090.5,246706,382,1316,810,-0.77622,-0.32932,2.0308
-197.09,2191.3,278.94,-0.47943,-718.8,-2098,5.8725e+05,590147,1,731.28,2422.1,679.89,-1243.2,-977.17,-641.52,178.22,-314.75,18.277,3147.5,248317,382,1316,810,-0.78867,-0.32932,2.026
-211.38,2207.5,275.38,-0.48527,-700.25,-2122.1,5.8712e+05,590145,1,841.97,2513.1,743.99,-1268.1,-1046,-673.21,229.26,-283.27,44.461,3296.7,252224,382,1316,810,-0.80108,-0.32932,2.0211
-225.72,2228.1,272.36,-0.45634,-683.48,-2150,5.8648e+05,590143,1,885.24,2625.1,783.52,-1326.9,-1136.7,-719.41,254.92,-252.86,61.596,3462.9,264830,382,1316,810,-0.81347,-0.32932,2.0162
-241.6,2249.3,268.49,-0.56028,-665.32,-2178.8,5.8606e+05,590141,1,1107.9,2642.3,887.88,-1426.2,-1369.2,-809.89,341.18,-281.16,94.141,3710.3,270293,382,1316,810,-0.82583,-0.32932,2.0111
-263.13,2270.1,262.12,-0.55736,-641.29,-2209.1,5.8504e+05,590139,1,1314.1,2663,984.88,-1490.6,-1650.5,-894.37,434.52,-303.94,131.74,3979.1,283920,382,1316,810,-0.83815,-0.32932,2.006
-283.26,2296.3,257.05,-0.45771,-620.79,-2243.7,5.8455e+05,590137,1,1278.9,2666.7,985.51,-1706.3,-1685.2,-1004.3,410.55,-312.14,122.8,4093.8,285409,382,1316,810,-0.85044,-0.32932,2.0009
-302.73,2323.2,251.86,-0.59446,-601.02,-2278.4,5.8499e+05,590135,1,1428.3,2653.2,1053.8,-1724.2,-1736.1,-1028.7,495.01,-310.09,163.41,4195.6,286696,382,1316,810,-0.8627,-0.32932,1.9956
-329.31,2349.1,242.98,-0.84953,-573.33,-2314.5,5.8512e+05,590133,1,1366.9,2497.9,1013.7,-1936.6,-1818.9,-1152.9,444.19,-386.89,130.81,4229.4,287021,382,1316,810,-0.87493,-0.32932,1.9903
-349.52,2382.6,238.36,-0.65222,-555.25,-2355.3,5.8489e+05,590131,1,1186.9,2377.8,924.46,-2098,-1700.4,-1219.2,349.14,-419.32,86.274,4123.3,285877,382,1316,810,-0.88713,-0.32932,1.9849
-368.28,2413.5,233.54,-0.60751,-537.47,-2392.9,5.8456e+05,590129,1,1116,2290.3,885.92,-2077.3,-1559.1,-1201.4,347.79,-430.88,86.1,3972.3,283829,382,1316,810,-0.89929,-0.32932,1.9794
-385.58,2444.6,229.04,-0.70732,-521.13,-2430.2,5.8475e+05,590127,1,853.62,2148.6,753.29,-2024,-1250.8,-1145.6,249.43,-455.3,38.468,3627.3,268873,382,1316,810,-0.91142,-0.32932,1.9738
-400.24,2474.8,225.63,-0.58257,-507.18,-2465.4,5.8439e+05,590125,1,662.13,2165.4,671.12,-2117.7,-950.59,-1153.9,140.48,-401.26,-2.4469,3532.5,267193,382,1316,810,-0.92351,-0.32932,1.9682
-409.18,2508.9,225.67,-0.23427,-500.77,-2502.4,5.838e+05,590123,1,413.02,2136.1,554.83,-2170.6,-594.6,-1133.6,14.777,-373.89,-56.587,3471.9,265260,382,1340,814,-0.93557,-0.32932,1.9625
-415.34,2543.5,227.12,0.1583,-497.51,-2538.9,5.8189e+05,590121,1,377.66,2328.4,572.51,-2610.3,-218.89,-1299.2,-75.614,-233.56,-75.98,3808.9,271513,382,1349,815,-0.9476,-0.32932,1.9567
-426.07,2586.1,227.86,0.79212,-492.35,-2584.3,5.8191e+05,590119,1,1058.3,2775.7,990.65,-3580.1,-245.22,-1805.1,74.993,-69.5,25.318,5094.4,295306,382,1349,815,-0.95958,-0.32932,1.9509
-448.88,2650.1,226.35,1.6401,-482.07,-2654,5.8592e+05,590117,1,2256.4,3394.4,1705.1,-5973.3,-769.84,-3123.1,236.97,103.24,136.66,8101.4,317463,382,1365,817,-0.97154,-0.32932,1.9449
-496.1,2761.4,221.71,3.8247,-462.92,-2776,5.8957e+05,590115,1,4531.1,3526.9,2905,-10162,-1249,-5375.8,476.7,88.804,258.21,13245,331153,382,1365,817,-0.98345,-0.32932,1.9389
-580.94,2952.5,215.3,10.039,-433.06,-2985.5,5.9434e+05,590113,1,44571,12540,25287,-16694,-636.14,-8720.1,12592,3136.3,7080.2,57939,351494,382,1365,817,-0.99533,-0.32932,1.9329
-1590.5,3281,-73.198,172.99,466.45,-3612.8,5.9584e+05,590111,1,34222,46956,25842,-29399,1026.4,-15217,11922,15620,8888.7,74873,354410,382,1365,817,-1.0072,-0.32932,1.9267
1908.7,4016.2,1322.5,266.38,-3983.5,-2362.8,6.0479e+05,588665,1,31383,-7715.2,6211.1,17908,50550,11812,13294,3166.9,3629.3,65562,352868,382,1359,816,-0.4963,-0.31597,2.1187
1445.3,3657.7,1080.8,179.55,-3331.5,-2346.2,6.0297e+05,588663,1,32471,-4565.8,7122.4,26192,28633,10616,15901,1235.9,4025.9,54910,350890,382,1359,816,-0.50929,-0.31597,2.1156
1022.1,3319.3,864.72,111.01,-2730.8,-2310.9,6.0172e+05,588661,1,27954,-5627.9,6002.6,17627,19833,7351.1,12650,273.47,3155.5,42158,347931,382,1359,816,-0.52227,-0.31597,2.1125
764.28,3018.3,706.92,58.341,-2303,-2210.7,5.9983e+05,588659,1,17705,-2601.6,4061.3,19530,8259.5,6165.7,10111,-1241.9,2357.3,30556,343552,382,1359,816,-0.53522,-0.31597,2.1092
620.47,2784.7,611.6,30.922,-2022.7,-2102.7,5.9839e+05,588657,1,14068,-225.71,3640.1,16032,2193.3,4499.3,6701.7,-1628.8,1496.5,23305,339726,382,1366,818,-0.54815,-0.31597,2.1059
390.28,2580.3,536.18,42.316,-1692.8,-2056.8,5.9793e+05,588655,1,17594,2729.9,5113.8,15123,482.72,4111.6,6154.5,-1336.5,1445.4,25114,340967,382,1366,818,-0.56106,-0.31597,2.1025
131.31,2366.2,442.85,48.456,-1331,-2009.5,5.9713e+05,588653,1,14368,2853.8,4338.8,14874,629.48,4154.4,6484.4,-701.74,1665,22751,339336,382,1366,818,-0.57395,-0.31597,2.099
-1.3506,2168.1,354.9,27.02,-1086,-1909.6,5.955e+05,588651,1,5730.5,2307.8,1947.3,10763,671.63,3112.2,4664.1,-243.72,1267.1,13833,331938,382,1366,818,-0.58682,-0.31597,2.0955
-45.615,2052.6,307.23,9.7634,-966.54,-1837.2,5.9363e+05,588649,1,2093.4,2057.5,907.74,5662.6,260.05,1654.2,2367,-348.83,622.34,7100.7,312060,382,1366,818,-0.59967,-0.31597,2.0918
-61.77,2010.6,289.56,3.2659,-913.97,-1815.2,5.9186e+05,588647,1,841.47,2014.3,551.39,1901.8,72.95,563.98,917.62,-368.92,211.4,3167.4,248814,382,1366,818,-0.61249,-0.31597,2.0881
-70.321,2003.5,283.79,1.1105,-887.41,-1819.8,5.9134e+05,588645,1,448.86,1970.4,432.6,13.907,-112.47,-14.38,267.86,-385.33,21.838,2122.5,163301,382,1316,810,-0.62529,-0.31597,2.0843
-76.854,2008.7,281.91,0.386,-869.5,-1834.2,5.9196e+05,588643,1,352.15,1994.6,410.98,-536.78,-177.12,-192.15,102.57,-378.66,-26.177,2186.8,164792,382,1316,810,-0.63807,-0.31597,2.0804
-82.529,2018.7,281.38,0.06515,-855.02,-1852,5.9227e+05,588641,1,311.45,2014.7,403.15,-766.48,-218.87,-273.33,39.122,-372.79,-44.326,2274,168062,382,1316,810,-0.65082,-0.31597,2.0765
-88.034,2031,281.33,-0.12332,-842.08,-1871.6,5.9212e+05,588639,1,324.52,2066.6,421.45,-916.35,-298.67,-339.43,20.084,-362.91,-49.272,2394.2,176583,382,1316,810,-0.66355,-0.31597,2.0724
-94.137,2044.1,281.24,-0.2297,-829.13,-1891.7,5.9148e+05,588637,1,322.51,2070.9,419.58,-922.6,-339.39,-353.3,13.793,-359.73,-50.058,2406.6,176845,382,1316,810,-0.67625,-0.31597,2.0683
-100.16,2057.8,281.29,-0.26971,-816.79,-1912.2,5.9062e+05,588635,1,333.13,2113.5,435.81,-976.43,-389.73,-385.22,14.954,-349.7,-48.786,2479.2,192670,382,1316,810,-0.68893,-0.31597,2.0641
-106.01,2072.1,281.41,-0.30514,-805.02,-1932.9,5.8993e+05,588633,1,366.48,2147.1,455.26,-960.55,-445.59,-395.2,35.139,-342.73,-40.646,2519.8,195181,382,1316,810,-0.70158,-0.31597,2.0599
-112.96,2085.2,280.82,-0.43966,-791.81,-1952.6,5.8983e+05,588631,1,378.65,2166.1,463.92,-959.07,-524.87,-414.44,45.105,-342.77,-36.827,2557,197335,382,1316,810,-0.71421,-0.31597,2.0555
-120.24,2099.5,280.22,-0.56033,-778.93,-1973.4,5.897e+05,588629,1,411.38,2197.7,484.33,-1010.2,-562.85,-444.98,55.28,-332.21,-31.669,2623.6,199979,382,1316,810,-0.72681,-0.31597,2.0511
-127.64,2114.6,279.71,-0.60757,-766.47,-1994.7,5.8899e+05,588627,1,412.92,2228.3,493.24,-1012.5,-596.07,-457.85,59.308,-316.53,-27.44,2659.6,200669,382,1316,810,-0.73938,-0.31597,2.0466
-134.66,2129.6,279.34,-0.55813,-754.5,-2015.5,5.8801e+05,588625,1,442.62,2314.8,523.53,-1031.9,-635.39,-479.47,69.961,-279.16,-17.38,2758.6,202572,382,1316,810,-0.75193,-0.31597,2.042
-142.79,2144.4,278.37,-0.57892,-741.43,-2036.3,5.8788e+05,588623,1,461.81,2336.9,534.14,-1034.5,-661.53,-489.78,86.053,-274.41,-9.9671,2791.1,203097,382,1316,810,-0.76444,-0.31597,2.0374
-151.77,2160.3,277.04,-0.70554,-728.03,-2058.3,5.8821e+05,588621,1,589.61,2413.1,600.28,-1044.5,-751.05,-514.69,144.3,-262.52,14.466,2922.5,207216,382,1316,810,-0.77693,-0.31597,2.0327
-164.55,2175.1,273.92,-0.86526,-710.45,-2080.5,5.872e+05,588619,1,687.27,2518.6,659.91,-1117.6,-955.11,-584.36,173.8,-250.63,28.448,3138.1,248094,382,1316,810,-0.78939,-0.31597,2.0279
-175.48,2194.4,272.4,-0.73424,-696.74,-2106,5.8604e+05,588617,1,749.13,2610.1,706.06,-1209.6,-1077.6,-649,195.38,-224.1,42.814,3317.9,252670,382,1316,810,-0.80181,-0.31597,2.023
-189.35,2210.9,268.86,-0.84409,-678.86,-2129.7,5.8584e+05,588615,1,913.71,2660.8,786.73,-1182.6,-1227.1,-671.32,283.13,-217.54,80.391,3467.4,264961,382,1316,810,-0.81421,-0.31597,2.018
-205.8,2229.7,264.62,-0.79726,-659.36,-2156.2,5.8575e+05,588613,1,1054.9,2682.3,854.21,-1281.8,-1348.7,-738.53,324.37,-220.98,98.361,3634.3,268975,382,1316,810,-0.82658,-0.31597,2.013
-224.07,2250.1,259.85,-0.56409,-638.65,-2184.7,5.8528e+05,588611,1,1266.3,2737.7,958.73,-1274.7,-1492.3,-765.81,434.83,-218.7,146.99,3835.9,271905,382,1316,810,-0.83891,-0.31597,2.0079
-246.99,2270.8,252.6,-0.623,-613.12,-2214.8,5.8564e+05,588609,1,1347.5,2756.5,1007.4,-1544.6,-1763.9,-935.25,455,-253.61,153.22,4134.7,286013,382,1316,810,-0.85122,-0.31597,2.0027
-270.22,2298.1,246.1,-0.55587,-589.74,-2251,5.8544e+05,588607,1,1462.2,2679.2,1057.3,-1788.9,-1951.9,-1083.9,485.07,-313.14,160.67,4356.3,288330,382,1316,810,-0.86349,-0.31597,1.9974
-292.04,2326.9,240.35,-0.31577,-568.35,-2287.9,5.8461e+05,588605,1,1400.1,2730.5,1048.8,-1947.4,-1903.8,-1157.4,446.59,-277.03,152.8,4424,288976,382,1316,810,-0.87573,-0.31597,1.9921
-315.72,2358.1,233.54,-0.35743,-545.62,-2327.5,5.8461e+05,588603,1,1332.7,2602.9,1008.9,-2134.4,-1876.3,-1252,413.68,-333.93,131.67,4417.3,288913,382,1316,810,-0.88794,-0.31597,1.9867
-337.16,2391.2,227.71,-0.41869,-525.74,-2367.9,5.8475e+05,588601,1,1176.9,2519.7,935.22,-2266.3,-1701.6,-1301.2,341.16,-347.05,99.086,4310.4,287859,382,1316,810,-0.90011,-0.31597,1.9812
-354.67,2427.6,224.15,-0.30166,-511.15,-2410,5.8407e+05,588599,1,896.27,2518.2,813.75,-2393.3,-1466.6,-1336.4,203.28,-306.48,44.058,4196.3,286707,382,1316,810,-0.91225,-0.31597,1.9756
-366.08,2464.7,223.25,-0.26247,-503.05,-2450.6,5.8375e+05,588597,1,579.58,2576.1,685.08,-2427,-928.46,-1286.2,60.13,-193.3,-3.1751,3986.2,284041,382,1316,810,-0.92435,-0.31597,1.97
-375.11,2501.2,223.2,-0.28678,-497.17,-2489.9,5.8398e+05,588595,1,275.79,2741.2,570.26,-2624.9,-424.77,-1320.9,-110.93,-46.59,-60.929,4092.5,285383,382,1340,814,-0.93642,-0.31597,1.9643
-380.65,2541.4,225.57,-0.088888,-496.32,-2531.4,5.8309e+05,588593,1,272.09,2860.7,593.23,-2846.6,-126.87,-1403.1,-154.93,42.539,-68.769,4327.6,288027,382,1349,815,-0.94846,-0.31597,1.9585
-387.96,2584.6,227.73,0.29057,-494.69,-2576.4,5.8063e+05,588591,1,556.1,3233.8,794.71,-3456.2,-88.919,-1718.7,-113.07,204.4,-23.225,5134.3,295677,382,1349,815,-0.96046,-0.31597,1.9526
-405.65,2642.4,227.35,0.96634,-487.1,-2638.4,5.8275e+05,588589,1,1773.3,3450.9,1448.3,-5039,-320.04,-2570.6,173.01,249.77,126.77,7025.7,311644,382,1349,815,-0.97242,-0.31597,1.9467
-451.09,2741.3,221.43,3.4466,-464.5,-2748,5.8524e+05,588587,1,3784.1,4357.9,2627.3,-8780.4,-755.06,-4577.2,376.11,569.07,282.12,11806,327622,382,1349,815,-0.98435,-0.31597,1.9407
-556.38,2935.6,208.24,13.461,-413.2,-2966.4,5.8734e+05,588585,1,18739,12032,11680,-17462,-339.95,-9058.7,4188.4,3150,2689.8,32468,344412,382,1349,815,-0.99624,-0.31597,1.9346
-909.99,3298.2,130.61,57.797,-166.35,-3419.4,5.8899e+05,588583,1,16563,34506,14323,-28673,845.12,-14848,3514.5,10885,3626.9,53455,350622,382,1349,815,-1.0081,-0.31597,1.9285
-1230.1,3830.2,37.937,53.311,17.85,-4022.7,5.9135e+05,588581,1,10279,47412,13244,-34136,242.88,-18066,2541,19935,4623.3,66678,353076,382,1349,815,-1.0199,-0.31597,1.9223
1505.1,3975.2,1056.2,121.15,-3485.2,-2649.9,6.0175e+05,587135,1,29382,2926.8,7465.1,33765,16854,10532,12596,-4541.8,2373.2,51454,350182,382,1359,816,-0.50974,-0.30261,2.1175
1059,3502.6,876.66,109.16,-2809.4,-2500.7,6.0108e+05,587133,1,27262,4412.2,7351,29902,9623,8777.4,12452,-658.34,2984.6,45220,348728,382,1359,816,-0.52272,-0.30261,2.1143
736.18,3092.5,704.32,71.261,-2272.7,-2330.5,5.9982e+05,587131,1,15960,69.081,4041.4,23670,3850.6,6561.4,9815.4,-253.66,2451.6,31490,343987,382,1359,816,-0.53568,-0.30261,2.1111
580.99,2799.1,586.36,31.888,-1950.6,-2170.4,5.9822e+05,587129,1,12825,-931.49,3191.4,19727,1399,5311.3,7600.8,-946.19,1830.5,25630,341277,382,1359,816,-0.54863,-0.30261,2.1077
405.83,2577.2,510.47,30.211,-1660,-2076.2,5.9698e+05,587127,1,15017,460.13,4079.4,15537,61.737,4154,5808.9,-1391.6,1349.6,23206,339647,382,1366,818,-0.56155,-0.30261,2.1043
171.66,2367.7,430.71,40.817,-1326.6,-2014.8,5.9601e+05,587125,1,12926,2664.2,3915.5,14328,189.6,3952.3,5695.9,-764.67,1451,21109,338206,382,1366,818,-0.57445,-0.30261,2.1009
29.794,2174.5,350.46,27.053,-1080.5,-1919.4,5.9458e+05,587123,1,7307.3,2329,2369.4,11870,405.23,3366.1,4992.5,-434.06,1327.6,15611,333780,382,1366,818,-0.58733,-0.30261,2.0973
-18.382,2054.6,302.14,9.9404,-957.46,-1842.9,5.9275e+05,587121,1,2424.2,1972.6,976.42,6283.6,194.57,1817.6,2564.9,-377.52,675.8,7792.5,315745,382,1366,818,-0.60019,-0.30261,2.0936
-35.553,2010.2,284.02,3.2163,-903.7,-1818.3,5.9108e+05,587119,1,806.65,1845.4,502.6,1717.6,-55.702,492.23,809.97,-427.95,174.78,2893.8,206515,382,1366,818,-0.61302,-0.30261,2.0899
-44.128,2002.1,278.35,1.1123,-877.13,-1821.6,5.9037e+05,587117,1,455.67,1852.2,405.32,135.35,-104.09,24.006,282.25,-418.38,23.577,2021.7,146337,382,1316,810,-0.62584,-0.30261,2.0861
-50.331,2006.5,276.61,0.41873,-859.46,-1834.8,5.9077e+05,587115,1,334.08,1878.1,375.52,-490.41,-147.47,-172.44,93.777,-408.18,-30.654,2061.1,161533,382,1316,810,-0.63862,-0.30261,2.0822
-55.598,2015.8,276.2,0.096672,-845.29,-1851.6,5.9148e+05,587113,1,294.69,1904.9,369.96,-733.25,-194.35,-258.42,31.201,-399.56,-48.388,2158.2,164159,382,1316,810,-0.65139,-0.30261,2.0783
-60.804,2027.3,276.21,-0.083529,-832.42,-1870,5.9171e+05,587111,1,291.36,1940.2,376.6,-846.7,-247.62,-307.4,9.5368,-390.46,-53.862,2240.4,167153,382,1316,810,-0.66413,-0.30261,2.0742
-65.98,2040,276.45,-0.16917,-820.37,-1889.2,5.913e+05,587109,1,296.9,1979.7,386.81,-890.51,-296.73,-334.55,5.9592,-379.24,-53.377,2301.5,168870,382,1316,810,-0.67684,-0.30261,2.0701
-71.56,2052.7,276.5,-0.27314,-808.16,-1908.4,5.913e+05,587107,1,326.92,2009.8,404.58,-906.87,-359.03,-355.13,18.22,-376.48,-49.149,2351.9,171009,382,1316,810,-0.68953,-0.30261,2.0659
-77.969,2065.3,276.17,-0.39597,-795.28,-1927.6,5.9108e+05,587105,1,341.59,2034.8,414.41,-891.22,-421.75,-365.95,28.804,-368.22,-44.061,2381.9,175718,382,1316,810,-0.7022,-0.30261,2.0617
-84.043,2078.7,276.11,-0.42145,-783.26,-1947,5.903e+05,587103,1,334.4,2086.7,422.15,-945.37,-451.94,-395.44,19.341,-347.59,-44.173,2454,189955,382,1316,810,-0.71483,-0.30261,2.0573
-90.338,2092.7,275.99,-0.44437,-771.41,-1966.8,5.8964e+05,587101,1,378.27,2157.1,454.58,-989.73,-487.06,-423.22,37.9,-322.42,-34.41,2550.6,196977,382,1316,810,-0.72744,-0.30261,2.0529
-97.082,2107.1,275.69,-0.48214,-759.48,-1987.1,5.8911e+05,587099,1,371.82,2180.2,454.18,-958.68,-514.41,-421.81,42.189,-310.92,-30.278,2561,197553,382,1316,810,-0.74003,-0.30261,2.0484
-104.47,2120.9,274.95,-0.56267,-746.77,-2006.8,5.8899e+05,587097,1,404.37,2243.3,482.37,-976.12,-591.67,-447.93,60.384,-297.93,-22.025,2650.5,200502,382,1316,810,-0.75258,-0.30261,2.0438
-111.63,2135.7,274.41,-0.60545,-734.86,-2027.1,5.8778e+05,587095,1,436.15,2292.6,506,-999.23,-666.2,-475,80.455,-288.66,-12.708,2731.3,201995,382,1316,810,-0.76511,-0.30261,2.0392
-119.57,2149.8,273.25,-0.7588,-721.94,-2046.8,5.8681e+05,587093,1,492.03,2372.6,540.6,-962.89,-715.91,-474.98,106.2,-249.6,3.7378,2811.1,203437,382,1316,810,-0.77761,-0.30261,2.0344
-128.26,2164.1,271.96,-0.71162,-708.55,-2066.8,5.8592e+05,587091,1,611.15,2521.9,614.85,-994.42,-717.93,-494.55,151.7,-179.14,32.647,2986.1,208356,382,1316,810,-0.79007,-0.30261,2.0296
-140.75,2179.4,269.15,-0.71724,-691.75,-2088.9,5.8597e+05,587089,1,703.53,2544.4,657.74,-1027.5,-959.5,-549.86,193.02,-210.22,45.157,3124.7,247712,382,1316,810,-0.80251,-0.30261,2.0247
-153.47,2196.3,266.48,-0.61285,-675.48,-2112.4,5.8629e+05,587087,1,826.54,2594.6,723.54,-1091.2,-1127.9,-608.95,245.96,-214.31,67.014,3299,252279,382,1316,810,-0.81492,-0.30261,2.0198
-168.46,2212.5,262.47,-0.62175,-656.59,-2135.7,5.8619e+05,587085,1,1029.8,2644.3,821.35,-1045.9,-1361,-633.93,352.85,-230.12,110.38,3502.2,266498,382,1316,810,-0.8273,-0.30261,2.0147
-187.71,2227.5,256.19,-0.72892,-632.82,-2159.2,5.859e+05,587083,1,1192,2739.3,910.18,-1136.8,-1642.4,-722.81,423.95,-231.85,142.6,3810.4,271527,382,1316,810,-0.83964,-0.30261,2.0096
-206.81,2248.4,250.7,-0.76675,-611.43,-2187.9,5.856e+05,587081,1,1298.6,2871.4,985.16,-1325.7,-1781.4,-831.81,467.19,-182.68,171.79,4099.5,285474,382,1316,810,-0.85196,-0.30261,2.0044
-230.38,2269.4,242.82,-0.99401,-585.27,-2218,5.8546e+05,587079,1,1476.6,2950.8,1085.9,-1608,-1948.2,-990.67,519.19,-181.46,196.38,4446.4,289232,382,1316,810,-0.86424,-0.30261,1.9992
-254.86,2297.2,235.43,-1.0779,-560.61,-2254.6,5.8519e+05,587077,1,1474.9,2887,1086.2,-1899.1,-2184.9,-1167,488.85,-254.28,175.99,4665.5,291508,382,1316,810,-0.87649,-0.30261,1.9938
-279.15,2329.4,228.66,-0.97943,-537.64,-2295,5.8447e+05,587075,1,1366.2,2857.7,1044.5,-2263.7,-2174.8,-1343.2,403.1,-264.15,139.37,4799.4,292743,382,1316,810,-0.88871,-0.30261,1.9884
-299.58,2367.1,224.07,-0.95054,-520.43,-2339.3,5.8451e+05,587073,1,1114.9,2907.8,949.26,-2594.9,-1787.3,-1452,256.24,-175.91,88.979,4768.7,292460,382,1316,810,-0.90089,-0.30261,1.9829
-316.94,2407.8,221.23,-0.82354,-507.43,-2385.3,5.8435e+05,587071,1,774.47,2922.7,806.25,-2753.9,-1300.6,-1473.7,87.061,-96.678,24.705,4610.5,290943,382,1316,810,-0.91304,-0.30261,1.9774
-328.66,2452.7,221.54,-0.60693,-501.69,-2433.3,5.8438e+05,587069,1,436.67,3010.6,664.64,-3002.1,-848.3,-1539.3,-100.31,18.683,-44.709,4670.1,291544,382,1316,810,-0.92516,-0.30261,1.9717
-334.96,2496.7,224.22,-0.35303,-501.32,-2478.9,5.8447e+05,587067,1,187.63,3044.3,557.48,-2899.8,-399.3,-1443.4,-199.64,104.56,-79.227,4508.1,289789,382,1326,812,-0.93724,-0.30261,1.966
-339.6,2539.2,227.27,-0.24395,-502.05,-2522.4,5.8452e+05,587065,1,108.89,3090.8,529.08,-2924,-242.74,-1449.9,-235.12,148.29,-90.894,4543.3,290181,382,1326,812,-0.94929,-0.30261,1.9602
-343.53,2584.3,231.04,-0.12121,-504.33,-2568.2,5.8251e+05,587063,1,143.62,3247.2,573.06,-3250.2,-90.782,-1609.8,-261.98,231.3,-92.862,4918.1,293736,382,1340,814,-0.9613,-0.30261,1.9543
-350.3,2639.9,234.93,-0.094643,-507.01,-2624.9,5.8372e+05,587061,1,615.65,4248.7,969.21,-5655.7,625.46,-2737.3,-498.84,877.31,-114.16,7763.6,315593,382,1340,814,-0.97327,-0.30261,1.9484
-367.12,2735.5,240.7,0.64484,-512.32,-2722.7,5.8622e+05,587059,1,1121.1,8093.7,1831.5,-15277,6286.3,-6832.7,-2349.1,4123.3,-563.36,20311,337672,382,1340,814,-0.98521,-0.30261,1.9424
-411.19,2940.5,254.3,5.7242,-526,-2933.2,5.8651e+05,587057,1,4843.5,17631,5264.5,-27897,21363,-11167,-3561.2,12562,97.274,43495,348291,382,1340,814,-0.99711,-0.30261,1.9363
-486.77,3307.2,274.84,9.4732,-556.36,-3307.6,5.8689e+05,587055,1,6091,31101,8096.3,-31158,31878,-11451,-1724.9,22331,2570.6,60797,352040,382,1340,814,-1.009,-0.30261,1.9302
-600.54,3828.4,298.53,13.127,-592.81,-3841.2,5.8551e+05,587053,1,4733.8,38076,8527.9,-35234,26968,-14544,-2952.1,25360,2401.6,66202,352992,382,1340,814,-1.0208,-0.30261,1.9239
1585.4,4066,1002,63.031,-3529.2,-2755.2,6.0012e+05,585605,1,26420,631.39,6503.4,35862,2813.4,9052.3,9813.9,-4693.4,1736.9,47307,349242,382,1359,816,-0.51016,-0.28924,2.1192
1181.4,3577.7,866.3,81.986,-2896.3,-2559.4,5.9998e+05,585603,1,27229,1894.6,6993.8,34138,282.15,8463,10138,-3904.9,1980,46400,349040,382,1359,816,-0.52316,-0.28924,2.1161
786.23,3142.2,710.84,77.997,-2295.3,-2392.1,5.9935e+05,585601,1,21002,2305.9,5630.3,27278,-175.33,6896.5,10199,-1843.1,2338.2,37185,346314,382,1359,816,-0.53613,-0.28924,2.1128
563.73,2807.5,576.12,42.632,-1896.3,-2221.2,5.9831e+05,585599,1,12999,36.955,3393.3,19231,-1416.4,4826.9,7236.4,-1536.1,1676.9,25163,341000,382,1359,816,-0.54909,-0.28924,2.1095
405.38,2570.7,490.05,27.605,-1612.8,-2100.3,5.9681e+05,585597,1,12820,863.83,3541.4,15880,-1526.3,4027.3,5732.5,-1599,1308.7,22034,338863,382,1359,816,-0.56202,-0.28924,2.1061
207.97,2369.2,418.93,34.557,-1318.4,-2023,5.9526e+05,585595,1,13144,2417.7,3904.7,14204,-1047.6,3725.9,5202.7,-1162,1257.5,20990,338134,382,1359,816,-0.57493,-0.28924,2.1026
57.793,2181.2,346.19,28.109,-1071.9,-1931.5,5.9384e+05,585593,1,7360,2341.3,2371.4,11121,-224.58,3077.8,4420,-526.52,1162.7,14820,333030,382,1359,816,-0.58782,-0.28924,2.099
5.7632,2055.5,296.36,10.448,-944.6,-1849.5,5.9215e+05,585591,1,1981.1,1663.7,796.47,5209.2,-120.74,1474.4,2107.6,-468.99,538.57,6450.1,308009,382,1366,818,-0.60069,-0.28924,2.0954
-11.1,2008.9,277.75,3.0521,-890.99,-1821.8,5.9053e+05,585589,1,855.72,1704.2,486.02,1976.8,-146.88,555.12,878.95,-502.83,186.83,3028.3,209787,382,1366,818,-0.61353,-0.28924,2.0917
-19.861,2000.6,272.39,1.1318,-864.73,-1824.6,5.8941e+05,585587,1,454.8,1714.8,373.96,140.97,-128.51,23.087,261.85,-470.95,12.962,1901.3,141972,382,1316,810,-0.62636,-0.28924,2.0879
-25.698,2004.7,270.82,0.42977,-847.55,-1837,5.8975e+05,585585,1,317.64,1727.8,337.41,-450.58,-131.15,-156.94,85.415,-449.94,-36.329,1912.1,142446,382,1316,810,-0.63916,-0.28924,2.084
-30.631,2013.4,270.49,0.10972,-833.62,-1852.8,5.9058e+05,585583,1,270.32,1758.3,329.48,-692.7,-167.54,-240.71,21.943,-439.61,-54.247,2008.9,145330,382,1316,810,-0.65193,-0.28924,2.08
-35.234,2024.2,270.67,-0.074401,-821.26,-1870.1,5.9108e+05,585581,1,267.93,1796.7,336.45,-796.43,-205.37,-283.81,2.4255,-427.52,-58.733,2087.2,162412,382,1316,810,-0.66468,-0.28924,2.076
-40.201,2036,270.91,-0.17076,-809.22,-1888.2,5.9077e+05,585579,1,277.18,1831.4,346.57,-840.48,-260.43,-311.28,-0.69607,-419.06,-58.677,2145.1,163842,382,1316,810,-0.67741,-0.28924,2.0719
-45.325,2048.1,271.12,-0.2449,-797.4,-1906.4,5.904e+05,585577,1,300.07,1885.7,364.66,-848.19,-325.83,-329.72,9.4704,-402.36,-53.053,2208.6,165554,382,1316,810,-0.69011,-0.28924,2.0677
-50.518,2060.5,271.32,-0.28866,-785.81,-1924.6,5.8968e+05,585575,1,301.55,1918.1,371.98,-860.26,-358.06,-343.21,11.329,-391.1,-50.827,2247.2,167347,382,1316,810,-0.70278,-0.28924,2.0634
-56.169,2072.9,271.27,-0.37106,-773.97,-1942.8,5.8947e+05,585573,1,305.31,1956.9,380.83,-913.17,-362.66,-367.41,7.7739,-374.36,-49.821,2304.5,168935,382,1316,810,-0.71543,-0.28924,2.059
-61.813,2086.6,271.4,-0.41587,-762.87,-1962,5.8898e+05,585571,1,322.43,2033.8,400.86,-937.63,-403.39,-389.21,15.785,-347.22,-43.23,2391,176512,382,1316,810,-0.72805,-0.28924,2.0546
-68.073,2100.1,271.22,-0.45824,-751.23,-1981,5.8803e+05,585569,1,333.03,2088.1,415.05,-939.06,-466.81,-405.3,25.14,-332.96,-37.896,2453.6,189930,382,1316,810,-0.74064,-0.28924,2.0501
-73.964,2113.9,271.11,-0.52849,-740.21,-1999.9,5.872e+05,585567,1,350.3,2136,430.84,-924.72,-476.91,-406.89,40.135,-312.36,-29.325,2493.8,193533,382,1316,810,-0.75321,-0.28924,2.0455
-80.811,2127,270.43,-0.64557,-728.08,-2018.3,5.8676e+05,585565,1,386.4,2209,458.34,-912.72,-561.91,-422.35,59.617,-287.33,-18.322,2579.3,198586,382,1316,810,-0.76575,-0.28924,2.0409
-88.425,2140.3,269.57,-0.63073,-715.48,-2037.1,5.8683e+05,585563,1,416.88,2276.7,482.81,-967.71,-603.26,-456.12,60.88,-257.77,-13.435,2677.5,200977,382,1316,810,-0.77825,-0.28924,2.0361
-95.839,2155.5,269.04,-0.53824,-703.92,-2057.3,5.866e+05,585561,1,519.16,2335.8,535.23,-865.06,-742.38,-442.16,131.07,-258.51,14.495,2755.2,202512,382,1316,810,-0.79073,-0.28924,2.0313
-106.09,2166.6,266.47,-0.67893,-687.97,-2074.4,5.8611e+05,585559,1,662.01,2464.4,613.48,-767.22,-956.97,-440.7,217.35,-233.77,53.256,2948.1,207700,382,1316,810,-0.80318,-0.28924,2.0264
-118.35,2180,263.18,-0.92145,-670.9,-2094.2,5.8548e+05,585557,1,824.64,2532.5,698.46,-901.15,-1198.4,-536.31,278.05,-247.65,76.658,3203.4,249648,382,1316,810,-0.8156,-0.28924,2.0215
-133.4,2191.6,258.31,-1.1741,-650.33,-2113,5.8478e+05,585555,1,929.04,2675.7,764.83,-809.8,-1350.8,-526.87,337.05,-189.61,111.36,3395.2,254409,382,1316,810,-0.82799,-0.28924,2.0164
-149.76,2206,253.49,-1.073,-629.62,-2134.6,5.8338e+05,585553,1,1140,2829,882.55,-897.31,-1641.7,-610.43,424.81,-163.87,154.49,3766.4,271024,382,1316,810,-0.84034,-0.28924,2.0113
-169.51,2223.3,247.36,-1.0598,-606.45,-2160,5.8247e+05,585551,1,1221.3,2773.1,919.87,-1205.1,-1916.8,-788.41,435.46,-236.47,150.62,4005.5,284274,382,1316,810,-0.85267,-0.28924,2.0061
-189.81,2242.9,240.87,-1.1924,-583.34,-2187.3,5.8256e+05,585549,1,1401.9,2847.1,1018.9,-1386.5,-2066.8,-898.73,512.67,-211.96,190.86,4296,287726,382,1316,810,-0.86496,-0.28924,2.0008
-213.87,2265.1,232.71,-1.449,-557.11,-2218.1,5.8272e+05,585547,1,1365.6,3081.6,1043.4,-1846.8,-2000.5,-1101.5,438.78,-65.484,183.07,4615.8,291004,382,1316,810,-0.87722,-0.28924,1.9955
-237.87,2298.8,226.34,-1.3286,-534.95,-2259.7,5.8212e+05,585545,1,1335.6,3197.2,1063,-2466.2,-2074.2,-1407.5,355.59,-46.065,151.68,5064.9,294952,382,1316,810,-0.88945,-0.28924,1.9901
-258.06,2342.5,222.94,-1.1116,-520.04,-2309.4,5.8157e+05,585543,1,1049.2,3198.3,941.77,-2969.4,-1976.2,-1636.9,159.89,-37.892,66.69,5258.4,296673,382,1316,810,-0.90165,-0.28924,1.9846
-273.84,2389.3,221.71,-0.9477,-510.58,-2360.5,5.8135e+05,585541,1,794.02,3177.9,830.4,-3190.5,-1585.6,-1704.8,33.393,-3.0977,14.686,5198.1,296183,382,1316,810,-0.91381,-0.28924,1.979
-285.57,2438.9,222.47,-0.91203,-506.15,-2413.2,5.8218e+05,585539,1,442.82,3154.2,669.54,-3355.9,-1153.7,-1743.5,-148.93,39.24,-64.38,5123.9,295598,382,1316,810,-0.92593,-0.28924,1.9734
-292.17,2490.4,226.05,-0.6717,-507.71,-2465.9,5.8391e+05,585537,1,247.65,3034,564.32,-3282.3,-661.95,-1661,-239.92,66.336,-104.41,4860.9,293245,382,1326,812,-0.93802,-0.28924,1.9676
-295.81,2536.9,230.2,-0.5056,-510.69,-2513,5.8556e+05,585535,1,278.86,2634.5,526.72,-3351.6,34.172,-1623.5,-285.96,77.571,-126.85,4612,290962,382,1332,813,-0.95008,-0.28924,1.9618
-297.68,2583.1,234.86,-0.62085,-515.26,-2559.4,5.8871e+05,585533,1,16.687,2480.8,381.38,-3820.5,634.23,-1791.8,-455.75,205.26,-193.48,4979.6,294278,382,1340,814,-0.9621,-0.28924,1.956
-298.56,2650.1,244.78,0.74647,-528.28,-2625.4,5.9004e+05,585531,1,1264.2,-637.12,549.16,-7623.3,4064.2,-3219.6,-757.69,-115.95,-392.7,9383.3,321814,382,1340,814,-0.97408,-0.28924,1.95
-292.53,2795.6,275.02,6.5942,-576.05,-2764.9,5.8592e+05,585529,1,-2065.5,-376.99,-1090.2,-19872,3189.6,-9638.3,-5201.5,-425.57,-2705.3,23197,339641,382,1340,814,-0.98603,-0.28924,1.944
-212.05,3340.6,437.93,42.769,-847.04,-3267.6,5.7058e+05,585527,1,-10923,16117,-3206.1,-25756,-17478,-15786,-8122.1,-3667.4,-4694.6,41339,347699,382,1340,814,-0.99794,-0.28924,1.9379
-157.64,4233.4,697.63,128.42,-1224.2,-4113.1,5.7561e+05,585525,1,-12554,53956,1411,-12316,-79547,-17850,-5250.5,-11058,-4267.9,1.0018e+05,357708,382,1340,814,-1.0098,-0.28924,1.9318
-192.64,4564.6,728.76,127.24,-1278.5,-4444.5,5.7818e+05,585523,1,2324.2,62715,10557,-10448,-82086,-17353,1729.9,-1715.8,797.74,1.0585e+05,358366,382,1340,814,-1.0216,-0.28924,1.9255
1465.5,4033.4,901.72,23.471,-3330.9,-2851.9,5.9757e+05,584073,1,17765,-15609,2279.4,37529,-3865.3,8533.4,7818.6,-7891.2,859.89,46742,349120,382,1359,816,-0.51057,-0.27586,2.1209
1183.7,3528.6,794.02,40.196,-2806.4,-2570.1,5.9795e+05,584071,1,25081,-6097.6,5456.1,33867,-4611.7,7787.4,9281.2,-6057.9,1516.4,45277,348747,382,1359,816,-0.52357,-0.27586,2.1178
804.63,3088.5,665.84,56.47,-2228.8,-2378.9,5.9762e+05,584069,1,21227,-4718.4,4764.8,28870,-5399.6,6596.7,8788.4,-5349.2,1535.5,38857,346885,382,1359,816,-0.53656,-0.27586,2.1145
570.63,2761.9,545.36,34.501,-1831.8,-2212.3,5.9665e+05,584067,1,14067,-1105.6,3499.5,21209,-4578,4892.4,7558.8,-3435.7,1509.2,27880,342333,382,1359,816,-0.54952,-0.27586,2.1112
429.35,2535.6,466.94,19.659,-1572.8,-2087.5,5.9551e+05,584065,1,11186,561.03,3065.6,15045,-3233.3,3589.5,5083.5,-2083.5,1083.4,20393,337733,382,1359,816,-0.56247,-0.27586,2.1078
258.67,2345.8,405.06,25.655,-1311.2,-2003.4,5.9386e+05,584063,1,11697,2654.2,3560.2,12939,-1970.2,3294.3,4601.4,-1175.4,1110.5,19039,336778,382,1359,816,-0.57539,-0.27586,2.1043
91.392,2174.8,340.79,28.284,-1061.8,-1930.2,5.9275e+05,584061,1,8273.9,2523.6,2636.2,10627,-1340.7,2797.3,4170.6,-739.16,1070.4,14947,333147,382,1359,816,-0.58829,-0.27586,2.1007
26.335,2051.6,289.82,11.807,-926.04,-1853.7,5.9129e+05,584059,1,3427.8,1873.6,1219.9,6845.8,-868.32,1834.6,2841.5,-614.62,727.98,8758.7,319616,382,1359,816,-0.60117,-0.27586,2.0971
10.835,2006.2,270.33,2.6415,-874.84,-1825.5,5.9028e+05,584057,1,829.59,1549.6,446.76,1826.8,-335.23,487.7,874.01,-548.76,182.43,2841.6,204619,382,1359,816,-0.61402,-0.27586,2.0933
2.5222,1998.9,265.68,0.98305,-850.02,-1828.5,5.886e+05,584055,1,449.12,1555.6,340.1,120.68,-152.44,14.792,232.26,-518.83,0.86944,1760.2,31489,382,1316,810,-0.62686,-0.27586,2.0895
-3.2973,2003,264.37,0.42779,-833.2,-1840.5,5.8861e+05,584053,1,309.33,1570.9,302.76,-447.93,-137.12,-156,70.515,-500.03,-44.571,1776.4,128214,382,1316,810,-0.63967,-0.27586,2.0856
-7.8425,2011.3,264.21,0.12066,-819.78,-1855.6,5.8968e+05,584051,1,246.07,1595.8,288.8,-662.88,-139.52,-226.54,11.126,-484.53,-60.711,1854.6,137086,382,1316,810,-0.65245,-0.27586,2.0817
-11.896,2021.7,264.57,-0.056566,-808,-1872,5.9058e+05,584049,1,232.52,1638.3,292.26,-762.12,-168.22,-266.5,-10.913,-470.04,-65.844,1931,142975,382,1316,810,-0.66521,-0.27586,2.0776
-16.169,2032.8,265.01,-0.14374,-796.56,-1889,5.9042e+05,584047,1,245.12,1689.1,305.14,-793.14,-204.08,-286.62,-11.424,-454.04,-64.068,1992.3,144847,382,1316,810,-0.67795,-0.27586,2.0735
-20.672,2044.3,265.39,-0.21934,-785.28,-1906.1,5.9023e+05,584045,1,253.18,1725.1,313.71,-800.89,-237.72,-298.57,-8.4287,-442.05,-61.47,2030.9,146606,382,1316,810,-0.69066,-0.27586,2.0693
-25.755,2055.6,265.53,-0.28423,-773.59,-1923.1,5.8987e+05,584043,1,278.92,1814.6,339.48,-858.16,-287.53,-331.33,-2.6005,-413.53,-56.606,2142.2,163755,382,1316,810,-0.70334,-0.27586,2.065
-30.244,2068.8,266.15,-0.27512,-763.45,-1941.3,5.889e+05,584041,1,245.43,1859.8,333.77,-910.79,-285.74,-355.13,-19.402,-391.83,-58.931,2196.6,165094,382,1316,810,-0.716,-0.27586,2.0607
-34.933,2082,266.6,-0.324,-753.28,-1959.5,5.8817e+05,584039,1,259.74,1917.6,348.44,-873.97,-334.49,-354.84,-4.2035,-375.69,-51.563,2238.6,167117,382,1316,810,-0.72863,-0.27586,2.0562
-40.241,2094.4,266.63,-0.40064,-742.34,-1976.9,5.874e+05,584037,1,307.18,2002.2,382.54,-906.51,-390.57,-380.61,15.314,-348.28,-41.641,2343.5,170743,382,1316,810,-0.74123,-0.27586,2.0517
-45.674,2107.8,266.73,-0.45251,-731.83,-1995.1,5.8746e+05,584035,1,310.57,2022.7,386.44,-872.29,-445.65,-381.53,22.2,-341.17,-37.52,2358.1,171159,382,1316,810,-0.75381,-0.27586,2.0471
-51.752,2119.9,266.38,-0.48258,-720.37,-2012.2,5.8764e+05,584033,1,323.95,2091.5,404.15,-874.2,-460.06,-390.5,31.069,-308.86,-30.043,2422.5,177288,382,1316,810,-0.76635,-0.27586,2.0425
-57.594,2133.4,266.23,-0.51979,-709.78,-2030.2,5.8693e+05,584031,1,381.31,2159.6,439.34,-863.24,-543.05,-403.38,65.833,-297.08,-15.039,2509.6,194542,382,1316,810,-0.77887,-0.27586,2.0377
-65.644,2144.2,264.53,-0.81822,-696.04,-2046.3,5.8592e+05,584029,1,424.41,2217.5,463.68,-676.28,-691.49,-356.58,114.86,-286.27,6.1001,2543.7,196575,382,1316,810,-0.79136,-0.27586,2.0329
-73.625,2154.7,262.9,-0.93271,-682.46,-2061.9,5.8437e+05,584027,1,569.31,2317.4,542.28,-672.27,-808.96,-376.6,179.77,-263.21,35.204,2709.1,201609,382,1316,810,-0.80382,-0.27586,2.028
-84.908,2164.2,259.79,-0.9828,-665.31,-2077.5,5.8324e+05,584025,1,692.3,2468.9,616.29,-681.46,-996.26,-411.16,232.84,-204.48,66.11,2946.3,207677,382,1316,810,-0.81625,-0.27586,2.0231
-96.326,2176.7,257.08,-0.8357,-649.2,-2095.6,5.8271e+05,584023,1,780.36,2556,669.56,-632.22,-1231.3,-426.75,287.29,-187.24,93.225,3132.8,247930,382,1316,810,-0.82865,-0.27586,2.018
-110.51,2186.3,252.29,-1.0694,-629.21,-2111.9,5.8353e+05,584021,1,1062.3,2676.6,812.96,-606.73,-1400.6,-445.18,434.92,-161.62,159.86,3423.8,254937,382,1316,810,-0.84101,-0.27586,2.0129
-131.42,2193.9,244,-1.4514,-601.51,-2128,5.8373e+05,584019,1,1225.6,2793,905.64,-900.64,-1763.3,-627.44,470.06,-159.48,177.34,3836,271909,382,1316,810,-0.85335,-0.27586,2.0077
-152.93,2214.2,237.44,-1.3526,-577.64,-2156.1,5.8324e+05,584017,1,1236.9,2992.2,945.72,-1467.3,-1900,-897.11,406.68,-75.556,165.31,4259.5,287328,382,1316,810,-0.86565,-0.27586,2.0024
-170.99,2242.5,233.47,-1.0235,-560.1,-2190.6,5.8265e+05,584015,1,1129.9,3111,925.54,-1988.5,-1881.3,-1134.1,302.08,-22.077,130.28,4549.8,290260,382,1316,810,-0.87792,-0.27586,1.9971
-190.86,2273.5,228.34,-1.1419,-541.21,-2228.1,5.8284e+05,584013,1,1291.3,3276.1,1032.5,-2296.5,-1834.6,-1280.8,368.09,65.916,173.6,4890.4,293528,382,1316,810,-0.89016,-0.27586,1.9916
-212.53,2313.3,223.04,-1.5363,-523,-2274.3,5.8316e+05,584011,1,1138,3285.1,973.07,-2980.7,-1990.2,-1632,216.1,31.298,102.15,5348,297461,382,1316,810,-0.90236,-0.27586,1.9861
-230.39,2364.1,221.05,-1.6723,-512.3,-2329.9,5.8346e+05,584009,1,857.71,3195.1,840.38,-3564.5,-1847.9,-1904.1,14.744,4.3928,6.7884,5603.3,299794,382,1316,810,-0.91453,-0.27586,1.9806
-242.8,2421.3,222.61,-1.5055,-509.34,-2389.9,5.8402e+05,584007,1,799.44,2772.9,763.68,-3952,-1136.9,-2014.1,-130.38,-15.518,-63.457,5468.1,298453,382,1326,812,-0.92667,-0.27586,1.9749
-251.86,2479.8,226.23,-0.97771,-510.38,-2450.2,5.8551e+05,584005,1,513.84,1994.9,527.8,-3728.4,-334.18,-1825,-222.73,-125.41,-123.21,4860.9,293246,382,1326,812,-0.93877,-0.27586,1.9692
-261.3,2532.4,229.41,0.12785,-509.26,-2504.9,5.885e+05,584003,1,1374.8,698.8,769.48,-4449,1062.3,-2005.6,-180.1,-243.15,-120.55,5293.5,296976,382,1326,812,-0.95083,-0.27586,1.9634
-284.96,2600.8,233.1,6.0137,-499.99,-2578.7,5.8141e+05,584001,1,730.3,-1716.8,116.49,1846.8,-6648.5,24.126,2092.4,-4145.4,464.75,8537.4,319022,382,1332,813,-0.96286,-0.27586,1.9575
-325.99,2775.4,257.98,25.3,-511.17,-2759.3,5.4622e+05,583999,1,-3525.8,11036,-265,14750,-59684,-754.71,4773.5,-17528,-9.6676,65151,352803,382,1340,814,-0.97486,-0.27586,1.9516
-405.77,2838.8,221.26,21.729,-433.57,-2843.2,5.153e+05,583997,1,-20520,23022,-7293.3,20092,-89060,-2117.4,1163.6,-19846,-2188,98713,357541,382,1340,814,-0.98681,-0.27586,1.9456
266.21,2175.1,114.31,-292.97,-790.99,-2025.8,5.0251e+05,583995,1,-41257,52038,-13817,29851,-1.548e+05,-6669.4,1013.2,-28623,-3600.3,1.7416e+05,363662,382,1340,814,-0.99873,-0.27586,1.9395
1005.9,1606.6,116.44,-561.51,-1280.7,-1285,5.0587e+05,583993,1,-43539,71290,-12501,50105,-2.079e+05,-3339.6,-2870.5,-24515,-5019,2.3132e+05,365969,382,1340,814,-1.0106,-0.27586,1.9333
1283.9,1156.5,133.05,-625.5,-1414.5,-782.11,5.1411e+05,583991,1,-8539.2,80856,7108.7,39435,-2.4668e+05,-14229,2790.8,-20568,-1505.3,2.6401e+05,366630,382,1340,814,-1.0225,-0.27586,1.9271
1170.4,923.61,60.438,-613.59,-1225.2,-590.78,5.2421e+05,583989,1,4886.9,95152,16499,26476,-2.8057e+05,-26337,10197,-30570,1020.9,3.0084e+05,367120,382,1340,814,-1.0343,-0.27586,1.9208
1288.8,4501,879.9,21.475,-3356.3,-3380.7,5.9791e+05,582543,1,12519,-21667,237.09,40449,-5158.4,8857.3,7814.7,-7872.9,853.96,49912,349855,382,1312,809,-0.49792,-0.26247,2.1256
1134.3,3959.3,779.06,15.846,-2923.7,-3003.5,5.965e+05,582541,1,13180,-21688,489.26,39257,-6838.9,8582,7583.1,-8118.4,818.79,49294,349718,382,1312,809,-0.51096,-0.26247,2.1225
964.95,3447.5,682.83,16.678,-2501.8,-2650.3,5.9553e+05,582539,1,16771,-18722,1842.2,34339,-6976,7619.4,7587.7,-7999.1,885.67,45204,348724,382,1312,809,-0.52397,-0.26247,2.1194
735.28,2999.2,584.62,25.061,-2062.1,-2371.6,5.9477e+05,582537,1,13999,-8778.6,2487.4,25625,-4972.5,5894.7,6652.3,-5758.8,981.55,32768,344541,382,1312,809,-0.53696,-0.26247,2.1161
544.19,2692.3,499.1,22.086,-1724.4,-2195.3,5.9437e+05,582535,1,10602,-3818.3,2296.1,17833,-3578.3,4203.4,5172.6,-3566.7,908.01,22827,339385,382,1312,809,-0.54994,-0.26247,2.1128
408.73,2483.5,434.19,15.434,-1484.8,-2078.1,5.9381e+05,582533,1,9528.1,-2236,2265.7,13996,-3293.1,3319.6,4341.1,-2659,827.03,18581,336433,382,1359,816,-0.56289,-0.26247,2.1094
281.9,2307,381.01,15.69,-1271.7,-1982.3,5.9252e+05,582531,1,10232,-866.98,2685.4,12786,-3273.6,3072.3,3965.1,-2276,797.35,17827,335826,382,1359,816,-0.57582,-0.26247,2.1059
126.39,2144.7,326.08,21.917,-1040.9,-1907.4,5.9108e+05,582529,1,8418.5,1015.4,2476,10161,-2487.6,2524.8,3756.6,-1499.7,862.7,14524,332707,382,1359,816,-0.58873,-0.26247,2.1023
47.909,2038.4,281.35,12.1,-903.82,-1849.2,5.8991e+05,582527,1,2930.4,1228.7,988.65,4592.4,-1154.2,1168.5,2034.8,-903,469.85,6327.7,306894,382,1359,816,-0.60162,-0.26247,2.0986
30.967,2001.3,262.46,2.5082,-855.84,-1828.3,5.893e+05,582525,1,797.66,1352.6,402.46,1238.6,-356.54,315.88,727.11,-625.8,134.15,2308.1,169001,382,1359,816,-0.61449,-0.26247,2.0949
22.451,1996.5,258.28,0.90233,-832.37,-1833.1,5.879e+05,582523,1,454.6,1414.6,315.39,47.211,-207.05,-13.278,214.84,-566.94,-7.6228,1649.3,20353,382,1316,810,-0.62733,-0.26247,2.0911
16.897,2001.3,257.26,0.39649,-816.43,-1845.2,5.8785e+05,582521,1,303.78,1378.1,265.44,-452.81,-141.28,-156.56,55.696,-559.96,-52.999,1622,17809,382,1316,810,-0.64015,-0.26247,2.0872
12.776,2009.6,257.31,0.11163,-803.68,-1859.8,5.8897e+05,582519,1,219.67,1437.1,250.09,-659.5,-115.48,-221.51,-3.8563,-529.8,-67.938,1720.1,29619,382,1316,810,-0.65294,-0.26247,2.0832
9.2127,2019.7,257.86,-0.046494,-792.51,-1875.6,5.9003e+05,582517,1,188.83,1467.4,245.08,-734.05,-122.93,-251.07,-28.583,-514.92,-73.808,1771.3,127535,382,1316,810,-0.66571,-0.26247,2.0792
5.7422,2030.4,258.56,-0.13445,-781.93,-1891.6,5.9024e+05,582515,1,208.25,1546,264.71,-763.94,-158.6,-270.38,-24.958,-490.96,-70.454,1852.5,136906,382,1316,810,-0.67846,-0.26247,2.0751
1.8171,2041,259.08,-0.19996,-771.11,-1907.4,5.9006e+05,582513,1,205.19,1588.8,270.02,-781.29,-178.85,-283.74,-28.401,-475.2,-69.699,1895.7,141535,382,1316,810,-0.69118,-0.26247,2.0709
-1.7627,2052.7,259.87,-0.21915,-761.27,-1923.9,5.8939e+05,582511,1,200.62,1672.7,281.02,-838.22,-191.82,-310.09,-33.454,-446.05,-67.981,1989.3,144640,382,1316,810,-0.70387,-0.26247,2.0666
-5.6694,2065.2,260.58,-0.28085,-751.63,-1941.1,5.8891e+05,582509,1,213.43,1738.1,295.62,-871.03,-239.09,-333.16,-27.917,-429.56,-64.287,2066.4,161674,382,1316,810,-0.71654,-0.26247,2.0622
-9.7636,2077.7,261.14,-0.37568,-741.95,-1958.2,5.8876e+05,582507,1,216.88,1772.7,302.84,-852.19,-276.92,-336.33,-21.936,-420.42,-61.28,2092.4,162559,382,1316,810,-0.72918,-0.26247,2.0578
-13.958,2089.6,261.6,-0.43595,-732.18,-1974.5,5.8864e+05,582505,1,241.73,1867,326.2,-836.38,-327.38,-344.19,-8.5946,-385.91,-52.387,2174.3,164501,382,1316,810,-0.74179,-0.26247,2.0533
-19.276,2101.4,261.59,-0.49779,-721.42,-1991,5.8801e+05,582503,1,268.18,1947,348.08,-857.08,-375.08,-364.12,-0.35128,-356.43,-45.919,2263,167832,382,1316,810,-0.75438,-0.26247,2.0487
-23.922,2114.5,262.03,-0.47325,-712,-2008.3,5.8619e+05,582501,1,272.59,2010,360.51,-832.5,-419.6,-366.24,11.525,-335.39,-38.687,2315.6,169154,382,1316,810,-0.76693,-0.26247,2.044
-29.163,2126.4,261.88,-0.60467,-701.65,-2024.5,5.8522e+05,582499,1,335.84,2071.7,395.88,-700.29,-542.81,-338.15,62.125,-317.06,-16.848,2359.2,171181,382,1316,810,-0.77946,-0.26247,2.0393
-35.213,2135.8,261.1,-0.68146,-689.8,-2038.4,5.8471e+05,582497,1,367.19,2122.9,417.33,-612.27,-592.62,-314.83,85.989,-290.01,-3.7472,2394.2,176581,382,1316,810,-0.79196,-0.26247,2.0345
-42.387,2144.7,259.77,-0.73124,-676.82,-2052.1,5.8545e+05,582495,1,474.85,2199.1,474.12,-579.99,-683.63,-318.42,138.07,-261.16,21.06,2505.8,194281,382,1316,810,-0.80443,-0.26247,2.0296
-51.029,2152.6,257.67,-0.73985,-662.11,-2065,5.8584e+05,582493,1,570.88,2260.6,522.46,-483.57,-754.98,-292.36,198.34,-237.13,49.759,2587.8,198952,382,1316,810,-0.81687,-0.26247,2.0246
-63.116,2160,253.79,-0.9379,-643.75,-2078.4,5.8589e+05,582491,1,740.7,2369.5,611.02,-362.67,-1106.5,-291.6,301.52,-244.08,92.333,2852.5,205471,382,1316,810,-0.82927,-0.26247,2.0195
-77.272,2165.8,248.62,-1.1849,-622.79,-2090.6,5.8579e+05,582489,1,894.25,2544.3,707.1,-457.41,-1442.9,-380.14,368.6,-208.4,127.02,3225.6,250493,382,1316,810,-0.84165,-0.26247,2.0144
-91.228,2173.8,243.92,-1.1685,-602.97,-2104.7,5.8528e+05,582487,1,1048.5,2868.4,824.46,-814.95,-1553,-552.22,394.55,-68.322,159.49,3684.2,269708,382,1316,810,-0.85399,-0.26247,2.0092
-109.63,2188,237.65,-1.3992,-580.41,-2125.8,5.8497e+05,582485,1,1076.1,3027.1,859.58,-1168.6,-1731.2,-731.91,384.19,-34.134,161.5,4016.7,284398,382,1316,810,-0.86631,-0.26247,2.0039
-129.59,2214,232.02,-1.6127,-559.92,-2158.5,5.8489e+05,582483,1,1118.5,3156.8,904.45,-1750.1,-2134.1,-1048.1,337.34,-60.859,139.7,4570.3,290443,382,1316,810,-0.87859,-0.26247,1.9986
-147.91,2247.7,228.2,-1.5311,-543.6,-2197.9,5.8479e+05,582481,1,1197.3,3153.9,950.55,-2420.3,-2192.3,-1371,279.83,-53.526,118,4992.2,294390,382,1316,810,-0.89083,-0.26247,1.9932
-167.78,2285,223.65,-1.6724,-526.49,-2241,5.8593e+05,582479,1,1167,3199,952.82,-3010.4,-1807.8,-1609.5,212.08,94.914,108.38,5243.1,296546,382,1316,810,-0.90305,-0.26247,1.9877
-186.94,2339,221.83,-1.4373,-515.29,-2299.9,5.8746e+05,582477,1,1488.6,2499.9,1021.2,-4348.6,-1019.7,-2147.7,40.413,66.566,27.12,5837.6,302179,382,1316,810,-0.91522,-0.26247,1.9821
-205.31,2406.8,223.28,-0.011691,-509.43,-2371.7,5.8895e+05,582475,1,2823.6,-236.84,1308.7,-5380.8,1207.2,-2377.7,281.64,-354.65,87.689,6783.6,310180,382,1326,812,-0.92737,-0.26247,1.9764
-237.9,2481.3,222.64,4.9985,-491.77,-2453.8,5.8317e+05,582473,1,2286,-1558.1,892.44,-5346,1978.7,-2290.6,-10.907,-715.25,-99.149,6834.7,310501,382,1326,812,-0.93948,-0.26247,1.9707
-294.4,2584.7,221.99,17.237,-460.19,-2569.9,5.5585e+05,582471,1,-294.24,1045.4,-33.839,15688,-27927,4011.5,6030.1,-9897.2,1635.2,34355,345232,382,1332,813,-0.95155,-0.26247,1.9649
-422.11,2619.7,172.43,25.9,-328.84,-2638.5,5.1648e+05,582469,1,-2596.5,14211,502.59,29619,-69688,5587.6,10846,-18840,2885.6,80342,355241,382,1332,813,-0.96359,-0.26247,1.959
-237.92,1806.6,-72.881,-174.81,-179.32,-1806.3,4.9613e+05,582467,1,-27842,40268,-8662.3,72365,-1.1967e+05,20388,8683.2,-14797,2342.3,1.5082e+05,362153,382,1332,813,-0.97559,-0.26247,1.9531
222.83,469.81,-334.72,-452.53,-142,-396.82,4.9208e+05,582465,1,-34422,58920,-9618.7,72178,-1.5946e+05,15061,5925.5,-14787,877.62,1.8939e+05,364467,382,1340,814,-0.98756,-0.26247,1.947
1224.5,5007.8,932.13,65.565,-3501.9,-3895.9,5.9886e+05,581013,1,38021,6213.2,9271.6,47479,-2697.9,10492,17848,4827.1,4598.9,65611,352875,382,1312,809,-0.48522,-0.24907,2.1302
1061,4424.1,785.67,18.488,-3030.7,-3482.8,5.9828e+05,581011,1,13693,-18696,1004.7,42057,-7059.3,9019.2,9037.6,-5499.2,1459.5,50518,349982,382,1312,809,-0.49828,-0.24907,2.1272
842.64,3839.6,673.05,19.291,-2530.1,-3082.8,5.9843e+05,581009,1,14681,-19033,1305.7,39517,-8317,8549.7,8411.5,-6777.8,1230.2,49006,349644,382,1312,809,-0.51132,-0.24907,2.1241
625.09,3322.5,563.62,18.222,-2068.4,-2732.9,5.9756e+05,581007,1,12003,-17312,922.3,31544,-7286.8,6947,6602.8,-6787,834.87,40390,347381,382,1312,809,-0.52435,-0.24907,2.1209
509.38,2936.3,485.68,10.663,-1765.1,-2449.8,5.9461e+05,581005,1,9001.4,-16794,272.26,25793,-5541.4,5855.8,5300.4,-6665.2,545.18,34150,345145,382,1312,809,-0.53735,-0.24907,2.1176
445.3,2660.7,436.06,6.4572,-1564.7,-2240.4,5.9209e+05,581003,1,6616.2,-11281,387.4,18386,-2825.2,4425.9,3889.1,-5103.5,403.99,24045,340213,382,1312,809,-0.55033,-0.24907,2.1143
368.58,2446.1,394.67,7.3813,-1383.7,-2088.1,5.9133e+05,581001,1,6782.3,-6128.7,1096.6,14457,-2095.9,3605.4,3333.6,-3498.8,477.6,18296,336227,382,1312,809,-0.5633,-0.24907,2.1109
253.78,2257.2,348.43,11.756,-1181,-1971.2,5.9138e+05,580999,1,9136.3,-2424.4,2222.7,12167,-2683,3009.3,3531.4,-2467.2,676.1,16661,334787,382,1359,816,-0.57624,-0.24907,2.1074
131.39,2107.4,302.02,15.048,-988.76,-1889.9,5.9024e+05,580997,1,6001.3,-462.92,1627,8337,-1921,2103.8,2759.4,-1773.9,564.65,11295,326578,382,1359,816,-0.58916,-0.24907,2.1038
63.693,2020.7,267.48,9.1355,-873.26,-1842.9,5.8876e+05,580995,1,2963.5,896.04,950.49,4053.6,-1152.7,1017.6,1785.5,-1070,382.7,5810.6,301823,382,1359,816,-0.60205,-0.24907,2.1002
47.987,1995.4,253.18,1.9326,-832.99,-1831.5,5.8828e+05,580993,1,880.54,1010.9,377.28,1302.2,-640.73,301.59,782.7,-841.69,127.7,2339.7,170629,382,1359,816,-0.61493,-0.24907,2.0964
40.038,1993.7,250.05,0.70902,-811.92,-1838.4,5.8704e+05,580991,1,405.18,1174.6,261.44,-135.69,-200.23,-65.578,147.59,-646.81,-32.915,1581.9,15439,382,1316,810,-0.62778,-0.24907,2.0926
34.725,1999.5,249.46,0.34933,-797,-1851.1,5.8689e+05,580989,1,253.04,1265.2,228.82,-549.67,-89.268,-180.23,16.482,-584.05,-64.64,1581.9,15447,382,1316,810,-0.64061,-0.24907,2.0887
31.209,2008.4,249.84,0.10145,-785.32,-1865.5,5.8791e+05,580987,1,187.69,1290.5,213.16,-668.69,-76.914,-218.96,-22.158,-569.32,-74.949,1605.4,16694,382,1316,810,-0.65341,-0.24907,2.0847
28.214,2018.4,250.62,-0.023239,-774.91,-1880.7,5.8901e+05,580985,1,170.42,1311.9,211.59,-715.77,-81.786,-238.22,-36.732,-560.02,-78.671,1640.7,19659,382,1316,810,-0.66619,-0.24907,2.0807
25.221,2028.7,251.46,-0.10215,-764.88,-1895.9,5.8956e+05,580983,1,147.29,1350,209.5,-745.49,-87.412,-253.95,-49.574,-543.97,-81.141,1679.6,25205,382,1316,810,-0.67895,-0.24907,2.0766
22.51,2039.4,252.48,-0.13837,-755.56,-1911.2,5.8939e+05,580981,1,149.7,1450.9,225.33,-782.9,-99.647,-273.89,-50.625,-508.58,-78.248,1773,127757,382,1316,810,-0.69168,-0.24907,2.0724
19.958,2050.9,253.58,-0.20408,-746.88,-1926.9,5.8965e+05,580979,1,139.72,1492.8,227.76,-804.33,-105.95,-286.8,-52.381,-493.86,-77.192,1814.6,132305,382,1316,810,-0.70438,-0.24907,2.0681
16.996,2062.3,254.47,-0.3115,-738,-1942.5,5.8953e+05,580977,1,156.95,1566.3,243.93,-820.73,-149.83,-303.46,-46.96,-469.7,-72.923,1885.2,140216,382,1316,810,-0.71706,-0.24907,2.0637
13.719,2074,255.29,-0.38992,-729.1,-1958.4,5.8893e+05,580975,1,178.55,1671.4,267.04,-817.53,-210.99,-316.19,-36.817,-435.6,-65.986,1976.1,144215,382,1316,810,-0.7297,-0.24907,2.0593
10.46,2085.7,256.15,-0.42369,-720.45,-1974,5.881e+05,580973,1,137.49,1687.6,252.62,-817.11,-176.79,-316.66,-54.764,-417.46,-69.892,1977.9,144257,382,1316,810,-0.74233,-0.24907,2.0548
7.2439,2097.6,257.04,-0.42679,-712.1,-1989.7,5.8619e+05,580971,1,201.09,1842.2,299.18,-812.65,-250.46,-330.38,-23.795,-368.51,-53.651,2120.2,163251,382,1316,810,-0.75492,-0.24907,2.0502
3.2451,2109.3,257.49,-0.52233,-703.02,-2005.2,5.8605e+05,580969,1,246.35,1889.6,323.04,-745.47,-314.32,-318.02,6.9995,-356.29,-40.601,2149.4,163939,382,1316,810,-0.76749,-0.24907,2.0455
-1.9826,2119.3,257.25,-0.60457,-692.33,-2019.5,5.8658e+05,580967,1,287.63,1923.4,344.63,-661,-394.77,-300.16,33.192,-347.85,-29.706,2169.5,164396,382,1316,810,-0.78002,-0.24907,2.0408
-7.9459,2128.1,256.64,-0.56585,-680.7,-2032.6,5.8658e+05,580965,1,350.39,1981.9,379.86,-564.22,-513.17,-282.57,73.922,-331.78,-11.914,2229.8,166555,382,1316,810,-0.79253,-0.24907,2.0359
-14.808,2136.1,255.48,-0.55944,-668.01,-2045,5.8586e+05,580963,1,412.23,2035.8,412.55,-402.43,-720.25,-247.43,131.83,-341.7,10.768,2315.3,169149,382,1316,810,-0.80501,-0.24907,2.031
-21.897,2142.9,253.88,-0.66606,-654.85,-2056.3,5.8465e+05,580961,1,550.29,2100,481.63,-212.21,-1030.7,-211.51,228.51,-359.96,48.723,2506.2,194305,382,1316,810,-0.81745,-0.24907,2.0261
-31.77,2144.6,250.12,-1.0541,-637.22,-2063.3,5.8368e+05,580959,1,668.67,2162.2,541.81,-47.163,-1271.3,-175.51,313.53,-360.5,84.755,2701.9,201376,382,1316,810,-0.82987,-0.24907,2.021
-43.998,2145.9,245.24,-1.3842,-617.15,-2070.3,5.8343e+05,580957,1,722.49,2269.3,581.64,-240.41,-1382.9,-271.51,307.52,-315.5,89.25,2873.3,206059,382,1316,810,-0.84225,-0.24907,2.0159
-55.61,2154.2,241.58,-1.5043,-600.14,-2083.8,5.836e+05,580955,1,777.91,2458.1,636.13,-586.3,-1556.9,-442.43,302.22,-247.18,98.216,3190.2,249347,382,1316,810,-0.85461,-0.24907,2.0107
-67.897,2165.1,237.45,-1.9242,-583.14,-2099.7,5.8393e+05,580953,1,896.82,2762.5,733.8,-1077.4,-1708.7,-681.23,315.69,-98.7,124.88,3693.7,269833,382,1316,810,-0.86693,-0.24907,2.0054
-84.802,2180,230.98,-2.9316,-562.23,-2120.6,5.8524e+05,580951,1,1151.7,2996.8,883.82,-1598,-1964,-954.16,382.95,-19.24,165.63,4310.9,287863,382,1316,810,-0.87922,-0.24907,2
-105.99,2210.2,225.38,-2.9358,-541.75,-2157.2,5.8682e+05,580949,1,1593.1,2472.9,1020.5,-2893,-1495.4,-1484.3,248.28,1.4221,110.36,4751.6,292308,382,1311,808,-0.89147,-0.24907,1.9946
-125.58,2264.1,225.62,-0.75925,-530.86,-2216.1,5.8868e+05,580947,1,1422.1,2147.7,921.75,-3637.4,-1232.7,-1811.8,109.51,-59.016,42.878,5053.2,294848,382,1317,811,-0.90369,-0.24907,1.9891
-153.87,2327.8,223.85,2.3356,-513.71,-2286.6,5.8736e+05,580945,1,3709.2,-217.51,1696.5,-2452.3,-3095.9,-1503.3,1519.6,-1668.3,502.82,6315.6,306742,382,1316,810,-0.91588,-0.24907,1.9835
-210.98,2432.1,221.66,12.932,-480.63,-2403.7,5.6626e+05,580943,1,4741.5,-1570.4,2038.6,-6332.6,-7644.1,-3901,779.12,-3555.6,-68.154,12494,329731,382,1316,810,-0.92804,-0.24907,1.9778
-317.55,2541.6,200.46,27.664,-397.11,-2538.1,5.2703e+05,580941,1,-4474,13943,-439.62,25629,-54632,5518.1,6739.7,-12379,1680.6,63938,352582,382,1316,810,-0.94015,-0.24907,1.9721
-364.92,2121.2,25.827,-59.145,-175.85,-2144.5,5.0372e+05,580939,1,-15564,32052,-3670.5,66406,-1.0035e+05,19802,16913,-16849,6081.4,1.2947e+05,360475,382,1326,812,-0.95224,-0.24907,1.9663
100.91,707.76,-278.74,-372.93,-118.67,-660.04,4.9402e+05,580937,1,-34786,64404,-9039.1,84907,-1.4817e+05,23041,5212.1,-6993.4,1601.4,1.8765e+05,364378,382,1332,813,-0.96428,-0.24907,1.9604
2771.4,5677.1,1395.2,150.48,-5202.3,-3843.2,6.0169e+05,579483,1,66817,79962,23599,40694,-2032.7,8791,12983,13108,4330.4,1.1624e+05,359350,382,1312,809,-0.47246,-0.23566,2.1346
1285.5,5037.9,1116.6,258.61,-3527.6,-3971,6.0169e+05,579481,1,70374,69373,23377,49518,7167.7,12066,23343,19001,7412,1.1799e+05,359495,382,1312,809,-0.48555,-0.23566,2.1316
791.19,4309.9,740.39,75.421,-2660.9,-3558.5,6.0112e+05,579479,1,39708,10720,10345,48176,3183.1,11609,19769,10097,5709.1,69209,353506,382,1312,809,-0.49862,-0.23566,2.1286
614.79,3729.1,577.8,15.808,-2195.7,-3129.9,6.0054e+05,579477,1,12233,-15320,1238.4,39242,-6241.4,8739,9300.8,-3468.7,1834.7,46293,349011,382,1312,809,-0.51167,-0.23566,2.1255
464.34,3231.4,486.27,12.221,-1813.8,-2757.5,5.9923e+05,579475,1,11065,-12744,1303.4,33089,-5868.5,7473.7,7177.2,-4607,1245.7,39320,347045,382,1312,809,-0.5247,-0.23566,2.1223
334.96,2873.6,417.92,12.868,-1518.8,-2497.5,5.9734e+05,579473,1,6523,-10454,471.53,22492,-3772.6,5260.7,4306.4,-4583.7,574.67,27198,342028,382,1312,809,-0.53772,-0.23566,2.1191
284.78,2640,374.54,6.1122,-1353.3,-2315.1,5.9449e+05,579471,1,3910,-8708.1,47.036,15495,-774.8,3951,2741.4,-3533.2,320.18,19171,336850,382,1312,809,-0.55071,-0.23566,2.1157
247.97,2432,342.29,4.5976,-1216,-2148.2,5.9223e+05,579469,1,3388.9,-8317.7,-23.809,14610,-206.13,3871.9,2442.7,-3306.7,281.24,18059,336030,382,1312,809,-0.56368,-0.23566,2.1123
197.09,2234.5,309.27,5.4387,-1073.3,-1993.9,5.9154e+05,579467,1,5481.1,-5388,898.47,12930,-978.74,3411.9,2749.2,-2856.1,430,15986,334157,382,1312,809,-0.57663,-0.23566,2.1088
120.58,2080.3,275.89,8.8562,-926.12,-1887,5.9017e+05,579465,1,3962,-2281.6,855.76,8791.4,-1149,2317,2025.6,-2161.7,325.3,10700,325397,382,1312,809,-0.58956,-0.23566,2.1052
72.229,2007,252.28,6.2232,-837.28,-1842.8,5.8846e+05,579463,1,2049.1,112.99,596.81,3372.6,-705.47,879.63,1213,-1267,204.12,4509.1,289797,382,1312,809,-0.60246,-0.23566,2.1016
59.994,1990.9,242.71,1.3975,-805.48,-1837.7,5.8782e+05,579461,1,587.92,866.23,270.37,459.29,-207.48,109.49,389.16,-756.11,28.195,1581.9,15441,382,1359,816,-0.61535,-0.23566,2.0978
54.732,1992.1,241.05,0.42062,-788.67,-1846,5.8686e+05,579459,1,244.52,965.67,181.09,-298.53,-61.656,-97.141,51.446,-689.96,-61.6,1581.9,15429,382,1316,810,-0.62821,-0.23566,2.094
50.912,1998.7,241.2,0.22567,-775.85,-1858.4,5.8629e+05,579457,1,237.38,1113.2,198.89,-520.64,-43.352,-164.68,5.8752,-632.61,-69.991,1581.9,15436,382,1316,810,-0.64105,-0.23566,2.0901
47.826,2007.5,241.85,0.081552,-764.9,-1872.3,5.8747e+05,579455,1,158.79,1172.2,182.32,-662.23,-34.814,-211.73,-38.926,-602.24,-80.228,1581.9,15444,382,1316,810,-0.65386,-0.23566,2.0862
45.134,2017.4,242.78,-0.010185,-755.04,-1887,5.8831e+05,579453,1,136.03,1225.3,182.53,-722.24,-48.46,-237.66,-54.373,-580.48,-83.182,1581.9,15451,382,1316,810,-0.66665,-0.23566,2.0821
42.814,2027.8,243.9,-0.062288,-745.97,-1901.8,5.8845e+05,579451,1,112.58,1252.1,178.93,-749.32,-47.55,-250.49,-65.417,-569.97,-86.005,1604.8,16665,382,1316,810,-0.67941,-0.23566,2.078
40.771,2038.6,245.16,-0.10307,-737.6,-1916.7,5.8855e+05,579449,1,98.204,1275.7,177.2,-774.62,-42.263,-263.04,-72.157,-560.11,-87.4,1632.8,18943,382,1316,810,-0.69215,-0.23566,2.0738
38.781,2049.8,246.46,-0.15961,-729.63,-1931.7,5.8872e+05,579447,1,109.06,1352.8,192.88,-796.62,-58.495,-278.13,-66.941,-532.32,-83.943,1699.9,27019,382,1316,810,-0.70486,-0.23566,2.0695
36.873,2061.1,247.81,-0.19835,-722.02,-1946.7,5.8806e+05,579445,1,77.06,1362.2,180.96,-799.15,-38.297,-282.11,-81.477,-521.86,-87.222,1703.1,28477,382,1316,810,-0.71754,-0.23566,2.0651
34.776,2072.4,249.08,-0.23096,-714.43,-1961.6,5.8703e+05,579443,1,120.74,1490,215.09,-809.62,-71.487,-295.34,-63.215,-475.17,-77.193,1806.8,131466,382,1316,810,-0.7302,-0.23566,2.0607
32.672,2084.1,250.4,-0.24555,-707.18,-1976.6,5.8595e+05,579441,1,81.546,1495,199.49,-800.26,-56.073,-295.57,-77.125,-469.91,-81.081,1801.6,130956,382,1316,810,-0.74283,-0.23566,2.0562
30.417,2095.7,251.64,-0.27092,-699.92,-1991.5,5.8617e+05,579439,1,132.62,1600,233.94,-773.48,-110.97,-297.02,-50.889,-436.78,-68.987,1878.7,139530,382,1316,810,-0.75543,-0.23566,2.0516
27.4,2105.9,252.36,-0.35693,-691.65,-2005.2,5.8675e+05,579437,1,184.5,1676.2,263.47,-677.63,-195.63,-276.57,-14.783,-414.73,-53.247,1913.7,142510,382,1316,810,-0.76801,-0.23566,2.0469
23.535,2114.6,252.55,-0.43063,-682.18,-2017.5,5.8614e+05,579435,1,210.29,1781.8,285.81,-503.35,-328.53,-230.42,19.423,-391.21,-37.303,1967.2,143971,382,1316,810,-0.78055,-0.23566,2.0421
18.853,2121.6,252.14,-0.5649,-671.53,-2028.4,5.8488e+05,579433,1,315.5,1925.4,347.56,-410.56,-519.41,-220.56,82.784,-364.26,-9.8903,2134,163567,382,1316,810,-0.79307,-0.23566,2.0373
12.875,2126.1,250.67,-0.8869,-658.86,-2037,5.8332e+05,579431,1,354.48,1988.2,369.16,-78.506,-749.58,-116.73,154.05,-366.28,19.196,2225.9,166075,382,1316,810,-0.80555,-0.23566,2.0324
5.1578,2127.9,247.9,-1.3951,-643.66,-2043.3,5.8222e+05,579429,1,493.02,2039.2,437.02,-35.037,-1047.3,-135.57,222.37,-389.36,44.143,2431.4,177538,382,1316,810,-0.81801,-0.23566,2.0274
-4.3903,2125.5,244,-1.7239,-625.57,-2045.9,5.8148e+05,579427,1,588.65,2106.7,487.85,105.87,-1327,-112.29,276.41,-380.52,68.706,2652.1,200524,382,1316,810,-0.83044,-0.23566,2.0224
-14.182,2126.7,240.66,-1.7109,-608.62,-2052,5.8041e+05,579425,1,665.95,2174.7,531.95,-167.33,-1567.8,-252.99,270.66,-350.61,72.463,2864.9,205830,382,1316,810,-0.84283,-0.23566,2.0172
-25.324,2131.6,236.67,-2.0421,-591.31,-2061.8,5.8103e+05,579423,1,709.29,2130.8,551.5,-466.8,-1650.6,-392.5,269,-353.7,72.812,2940.5,207544,382,1316,810,-0.85519,-0.23566,2.012
-37.483,2142.4,233.26,-1.9429,-574.89,-2077.3,5.8296e+05,579421,1,952.44,1848.1,629.19,-1238.6,-1248.9,-683.65,194.03,-317.86,46.474,2901.8,206705,382,1311,808,-0.86752,-0.23566,2.0067
-48.801,2166.1,232.78,-0.75453,-563.62,-2105,5.8502e+05,579419,1,1070.7,1826.6,692.12,-1698.4,-897.87,-855.85,231.94,-139.26,86.527,3076.7,211758,382,1311,808,-0.87982,-0.23566,2.0014
-69.08,2196.3,229.35,0.82368,-544.79,-2141.1,5.8638e+05,579417,1,2401.1,688.3,1160.3,-3522.1,603.49,-1507.5,327.83,-148.08,130.7,4772.2,292491,382,1311,808,-0.89208,-0.23566,1.9959
-117.76,2259.1,221.65,6.9489,-506.73,-2215.8,5.7063e+05,579415,1,755.6,820.2,428.3,6082.3,-12873,1309.5,3125,-4308.4,928.99,15331,333521,382,1317,811,-0.90431,-0.23566,1.9904
-167.62,2355.1,215.92,12.364,-475.78,-2322.6,5.2643e+05,579413,1,4965.2,8147.6,3236,5489.9,-43609,-2449.1,4572.3,-11725,770.95,46886,349157,382,1317,811,-0.91651,-0.23566,1.9848
-275.09,2152.9,101.6,-23.101,-280.91,-2154.5,5.0666e+05,579411,1,-14332,27550,-3565.3,45431,-90316,10808,7533.2,-14661,1802.3,1.0766e+05,358524,382,1316,810,-0.92867,-0.23566,1.9792
119.04,1003.6,-160.11,-302.18,-251.86,-944.55,4.9498e+05,579409,1,-31202,56400,-8231,83620,-1.4057e+05,23170,11941,-12273,4154.4,1.7839e+05,363905,382,1316,810,-0.94079,-0.23566,1.9735
575.6,-139.67,-235.56,-445.25,-364.84,273.78,4.9351e+05,579407,1,-40469,81062,-9963.3,85211,-1.5794e+05,22403,-2178.2,5228.5,-502.07,2.0261e+05,365031,382,1326,812,-0.95289,-0.23566,1.9676
909.29,4584.2,1122.9,418.07,-2890.3,-3817.6,6.0425e+05,577947,1,95205,89716,31205,55032,22841,15300,30864,27828,10160,1.5395e+05,362374,382,1312,809,-0.49894,-0.22224,2.13
426.82,3670.2,578.86,89.574,-1939.1,-3196.7,6.044e+05,577945,1,39940,22107,11746,50172,17074,13800,23580,17592,7461.1,78373,354950,382,1312,809,-0.512,-0.22224,2.1269
314.18,3168.4,423.15,13.428,-1582,-2795.3,6.0366e+05,577943,1,7201.1,-6870.8,1048.5,29062,256.37,7196.5,7074.6,-333.41,1692.4,32398,344387,382,1312,809,-0.52504,-0.22224,2.1237
248.52,2844.5,368.96,7.4919,-1366.3,-2534.1,6.0072e+05,577941,1,4156.7,-3883.8,642.76,19317,312.87,4920.6,4067.3,-1230.6,893.61,21192,338263,382,1312,809,-0.53806,-0.22224,2.1204
187.78,2641.2,337.59,11.032,-1210,-2379.3,5.9673e+05,577939,1,3908.3,-3710.2,614.94,14536,1075.1,3892.9,2358,-1910.3,410.79,16322,334488,382,1312,809,-0.55106,-0.22224,2.1171
142.83,2440.5,304.92,9.805,-1071.8,-2218.2,5.9481e+05,577937,1,3216.9,-4722.8,347.7,13926,2559.4,3973.9,2206.7,-1603,415.06,16020,334197,382,1302,805,-0.56404,-0.22224,2.1137
116.16,2227,270.72,4.2277,-948.31,-2036.4,5.9559e+05,577935,1,2237.4,-3275.1,265.62,13851,1876.4,3976.1,2383.7,-1406.2,500.89,15326,333513,382,1302,805,-0.577,-0.22224,2.1102
94.475,2072.2,247.97,2.7806,-855.64,-1905.8,5.9388e+05,577933,1,1515.1,-940.04,325.93,7109.5,-33.972,1985,1240.3,-1491.2,189.52,7846.6,316079,382,1302,805,-0.58994,-0.22224,2.1066
77.267,2003.2,236.3,2.3447,-801.03,-1852.8,5.8992e+05,577931,1,867.54,287.07,278.12,2975.2,-39.422,841.42,602.33,-1103.6,54.922,3472.4,265278,382,1302,805,-0.60285,-0.22224,2.1029
70.029,1989.2,232.02,0.8451,-776.65,-1847.3,5.881e+05,577929,1,327,656.47,165.06,451.11,-5.0781,129.31,208.51,-842.14,-28.577,1581.9,15428,382,1359,816,-0.61574,-0.22224,2.0992
67.213,1991.9,231.66,0.21947,-763.33,-1855.6,5.8729e+05,577927,1,148.07,892.49,139.08,-346.44,33.69,-101.01,3.448,-694.13,-72.717,1581.9,15427,382,1316,810,-0.62861,-0.22224,2.0954
65.148,1998.9,232.49,0.10598,-752.73,-1867.4,5.8621e+05,577925,1,118.28,997.63,142.39,-550.94,37.907,-165.27,-46.272,-654.24,-83.717,1581.9,15432,382,1316,810,-0.64146,-0.22224,2.0915
63.185,2007.5,233.57,0.045219,-743.15,-1880.5,5.8697e+05,577923,1,100.09,1088.4,146.73,-648.71,27.98,-200.96,-64.64,-620.18,-85.929,1581.9,15437,382,1316,810,-0.65428,-0.22224,2.0875
61.104,2017.1,234.73,-0.00033515,-734.07,-1894.4,5.8767e+05,577921,1,115.83,1136.9,159.06,-705.68,-0.23757,-225.62,-63.061,-605.33,-85.099,1581.9,15443,382,1316,810,-0.66707,-0.22224,2.0835
59.205,2027.4,235.99,-0.050905,-725.67,-1908.6,5.8858e+05,577919,1,88.647,1171.4,154.28,-746.91,-8.7243,-245.28,-76.326,-592.37,-88.257,1581.9,15446,382,1316,810,-0.67985,-0.22224,2.0793
57.511,2038.2,237.39,-0.089172,-717.9,-1923.2,5.8928e+05,577917,1,75.582,1201.4,153.98,-779.64,-9.8174,-261.38,-83.736,-580.83,-90.143,1581.9,15453,382,1316,810,-0.69259,-0.22224,2.0751
55.972,2049.5,238.89,-0.11301,-710.66,-1937.9,5.8938e+05,577915,1,64.259,1234.2,154.43,-800.95,-0.63303,-272.97,-89.565,-565.92,-91.219,1613.6,17217,382,1316,810,-0.70531,-0.22224,2.0708
54.57,2060.9,240.48,-0.12151,-703.86,-1952.6,5.8884e+05,577913,1,44.988,1265,150.97,-811.13,14.967,-280.89,-98.447,-551.4,-93.21,1638.4,19448,382,1316,810,-0.718,-0.22224,2.0665
53.341,2072.5,242.15,-0.10975,-697.5,-1967.2,5.8745e+05,577911,1,57.385,1322.4,163.69,-804.92,10.171,-284.58,-90.794,-529.42,-89.475,1674.6,24620,382,1316,810,-0.73067,-0.22224,2.062
52.031,2083.9,243.75,-0.13239,-691.22,-1981.7,5.8745e+05,577909,1,55.246,1353.9,166.47,-776.85,2.6588,-280.32,-85.221,-518.42,-86.658,1682.1,25488,382,1316,810,-0.74331,-0.22224,2.0575
50.427,2094.6,245.09,-0.21927,-684.58,-1995.4,5.878e+05,577907,1,77.133,1404.7,180.77,-696.9,-57.562,-262.73,-64.754,-506.07,-78.495,1684.1,25960,382,1316,810,-0.75592,-0.22224,2.0529
48.517,2103.8,246.11,-0.33979,-677.35,-2007.5,5.8661e+05,577905,1,101.07,1499.5,201.18,-546.99,-157.16,-222.85,-34.541,-479.68,-64.922,1705.3,28643,382,1316,810,-0.7685,-0.22224,2.0482
46.346,2111.1,246.77,-0.50644,-669.47,-2017.8,5.8463e+05,577903,1,116.4,1562.6,214.9,-398.12,-221.8,-176.05,-3.3958,-462.2,-51.358,1719.4,29567,382,1316,810,-0.78105,-0.22224,2.0435
43.538,2115.5,246.69,-0.81328,-660.23,-2025.4,5.8383e+05,577901,1,185.91,1674.1,255.5,-174.8,-416.32,-113.16,54.845,-436.18,-25.955,1820.2,132899,382,1316,810,-0.79358,-0.22224,2.0386
39.637,2116.4,245.71,-1.1821,-649.03,-2029.7,5.8403e+05,577899,1,282.05,1790.5,308.33,131.73,-655.52,-19.023,140.42,-410.37,11.165,2004,145155,382,1316,810,-0.80607,-0.22224,2.0337
33.448,2112.4,243.07,-1.6835,-634.2,-2029.8,5.8503e+05,577897,1,410.39,1931.1,378.68,306.54,-944.35,19.221,213.68,-372.02,45.407,2283.2,168256,382,1316,810,-0.81854,-0.22224,2.0287
25.715,2106.5,239.74,-1.9855,-617.52,-2028.3,5.8518e+05,577895,1,535.15,2003.8,440.06,286.01,-1116.9,-6.2622,236.53,-302.24,64.167,2444.6,177892,382,1316,810,-0.83097,-0.22224,2.0237
15.32,2103.3,235.52,-2.2561,-599.01,-2030,5.8619e+05,577893,1,727.09,2045.7,529.79,-53.571,-1219.8,-159.52,277.2,-262.58,86.434,2581.4,198703,382,1316,810,-0.84337,-0.22224,2.0185
2.2221,2109.4,231.98,-1.6675,-580.74,-2041.1,5.8831e+05,577891,1,854.11,1880.9,571.6,-724.38,-1091.9,-431.35,213.1,-249.43,62.35,2570.7,198066,382,1308,807,-0.85574,-0.22224,2.0133
-11.39,2130.4,230.83,-0.02924,-566.5,-2066.6,5.9029e+05,577889,1,2716.9,-358.14,1144.1,-1569.1,-393.45,-721.51,702.88,-798.17,219.5,3624.3,268825,382,1308,807,-0.86808,-0.22224,2.008
-44.077,2161.8,225.44,4.473,-536.07,-2106.8,5.7897e+05,577887,1,324.28,-268.95,110.7,4665.9,-8784.2,1129.1,2083.7,-3464.5,547.98,10819,325687,382,1311,808,-0.88038,-0.22224,2.0027
-84.974,2232.8,224.04,12.319,-508.78,-2187.2,5.4072e+05,577885,1,4902.6,1533.8,2355.2,543.55,-24168,-2355.9,2426.9,-7764.7,246.42,26232,341566,382,1311,808,-0.89265,-0.22224,1.9972
-202.16,2146,151.57,3.5888,-350.01,-2132.3,5.1296e+05,577883,1,-8943.9,15021,-2478.4,48164,-70485,14267,12079,-15876,3763.3,90639,356549,382,1311,808,-0.90489,-0.22224,1.9917
67.204,1144.8,-94.242,-228.85,-262.07,-1096.7,4.9677e+05,577881,1,-18342,36799,-4379.4,59378,-1.147e+05,14612,9163.4,-16128,2405.7,1.3768e+05,361115,382,1317,811,-0.91709,-0.22224,1.9861
408.37,29.263,-248.52,-399.37,-255.86,66.527,4.9361e+05,577879,1,-43588,76053,-12091,87817,-1.6221e+05,23209,-3811,2038.8,-1649.4,2.0595e+05,365157,382,1316,810,-0.92926,-0.22224,1.9805
1213,-1273.4,-132.84,-509.89,-738.98,1518,4.8729e+05,577877,1,-50739,80846,-15006,89484,-1.6311e+05,24093,-5024.3,10223,-1294.1,2.1133e+05,365362,382,1316,810,-0.9414,-0.22224,1.9747
692.12,4333.8,1148.1,538.36,-2492.3,-3752,6.0625e+05,576413,1,1.0471e+05,95334,34071,59595,45233,18853,35271,34024,11889,1.7236e+05,363565,382,1312,809,-0.51231,-0.20881,2.1282
274.54,3254.5,499.36,107.92,-1536.6,-2922.9,6.0572e+05,576411,1,34014,36351,11774,45497,35512,14608,21854,24682,7747.6,85488,355890,382,1303,806,-0.52536,-0.20881,2.125
220.73,2830.7,347.27,12.219,-1277.4,-2559.3,6.051e+05,576409,1,8216.9,10342,3044,33739,20661,10445,14041,13480,4800.6,47539,349301,382,1303,806,-0.53839,-0.20881,2.1217
184.11,2669.2,322.72,11.258,-1163.1,-2431,6.0003e+05,576407,1,3541.8,4881.8,1386.6,10686,7559.7,3498.4,2181.1,2556.3,803.32,16020,334198,382,1303,806,-0.55139,-0.20881,2.1184
114.55,2542.7,311.38,28.624,-1037.2,-2345,5.9771e+05,576405,1,4903.8,2820.6,1575.8,14472,13889,5237.2,2247.5,3111.6,903.18,21905,338771,382,1302,805,-0.56438,-0.20881,2.115
76.835,2272.9,262.13,15.698,-884.86,-2111.2,5.9896e+05,576403,1,1319.7,-789.61,271.36,16306,13491,5751.4,2843.4,3008,1061.2,22398,339114,382,1302,805,-0.57735,-0.20881,2.1114
78.431,2079.4,230.18,2.1258,-801.2,-1934.2,6.0048e+05,576401,1,408.66,-682.12,41.879,13482,6182.2,4339.4,2562.9,774.16,781.15,15723,333883,382,1302,805,-0.59029,-0.20881,2.1079
80.013,2006,222.34,0.32284,-764.83,-1869.4,5.9885e+05,576399,1,77.342,213,42.581,3619.8,912.11,1117.9,558.76,-698.77,88.389,4005.7,284278,382,1302,805,-0.60322,-0.20881,2.1042
79.61,1990.7,221.41,0.14541,-747.9,-1859.8,5.9507e+05,576397,1,-1.7664,777.39,76.066,354.62,177.84,119.7,5.1961,-730.67,-71.002,1581.9,15425,382,1302,805,-0.61612,-0.20881,2.1005
78.94,1993,222.22,0.045567,-737.16,-1866.6,5.9212e+05,576395,1,67.532,865.86,107.33,-336.37,106.11,-90.838,-37.299,-697.49,-81.543,1581.9,15424,382,1302,805,-0.62899,-0.20881,2.0966
78.202,1999.9,223.55,0.018714,-728.24,-1877.6,5.9009e+05,576393,1,14.355,959.58,99.147,-533.68,95.613,-154.48,-85.415,-658.22,-91.175,1581.9,15423,382,1283,798,-0.64185,-0.20881,2.0927
77.276,2008.3,224.99,0.0029255,-719.95,-1889.8,5.8985e+05,576391,1,61.369,1012.9,121.1,-623.18,66.836,-188.27,-77.692,-642.27,-88.919,1581.9,15422,382,1283,798,-0.65467,-0.20881,2.0888
76.004,2017.4,226.39,-0.016069,-711.84,-1902.7,5.8962e+05,576389,1,62.276,1078.7,128.04,-683.76,40.078,-215.05,-83.097,-621.15,-88.814,1581.9,15421,382,1283,798,-0.66748,-0.20881,2.0847
74.631,2027.5,227.84,-0.044442,-704.18,-1916.3,5.8945e+05,576387,1,60.331,1124.5,132.61,-741.69,22.043,-240.44,-88.872,-605.55,-89.836,1581.9,15420,382,1283,798,-0.68026,-0.20881,2.0806
73.357,2038.4,229.41,-0.061789,-697.14,-1930.5,5.8912e+05,576385,1,50.987,1153.9,133.1,-787.57,26.863,-260.27,-96.778,-592.87,-91.922,1581.9,15419,382,1283,798,-0.69301,-0.20881,2.0764
72.246,2049.8,231.11,-0.065187,-690.66,-1945,5.8866e+05,576383,1,37.588,1180.3,131.79,-812.23,35.149,-273.16,-103.89,-581.19,-93.94,1582.6,15482,382,1316,810,-0.70574,-0.20881,2.0721
71.259,2061.4,232.87,-0.065255,-684.58,-1959.6,5.8853e+05,576381,1,33.483,1194.6,132.26,-817.32,42.788,-278.76,-105.29,-574.63,-94.446,1594.8,16046,382,1316,810,-0.71844,-0.20881,2.0677
70.338,2073,234.64,-0.07436,-678.78,-1974,5.8884e+05,576379,1,28.634,1207.7,131.87,-799.52,44.769,-278.37,-103.77,-569.36,-94.02,1593.5,15991,382,1316,810,-0.73111,-0.20881,2.0633
69.394,2084.2,236.34,-0.11528,-673.03,-1987.8,5.8853e+05,576377,1,39.448,1250.7,142.65,-754.86,17.972,-270.77,-90.708,-556.5,-89.752,1598.6,16256,382,1316,810,-0.74376,-0.20881,2.0587
68.347,2094.2,237.84,-0.20309,-667.03,-2000.5,5.8726e+05,576375,1,33.768,1241.2,137.97,-647.52,-6.4496,-238.52,-80.432,-560.05,-86.017,1537.7,13573,382,1316,810,-0.75638,-0.20881,2.0541
67.215,2102.5,239.11,-0.31361,-660.65,-2011.5,5.8574e+05,576373,1,49.591,1263.2,146.95,-499.09,-65.968,-193.39,-56.158,-553.59,-77.05,1492,12545,382,1316,810,-0.76897,-0.20881,2.0494
65.918,2108.6,240.02,-0.48128,-653.63,-2020.1,5.8565e+05,576371,1,82.188,1334.9,168.92,-278.42,-197.93,-126.39,-12.435,-534.16,-59.349,1496.3,12565,382,1316,810,-0.78153,-0.20881,2.0447
64.196,2110.9,240.32,-0.71054,-645.36,-2025.2,5.8658e+05,576369,1,108.34,1350.4,181.11,18.805,-317.84,-24.655,34.847,-532.89,-40.646,1502.3,12587,382,1316,810,-0.79406,-0.20881,2.0399
61.441,2108.3,239.54,-1.0721,-634.82,-2025.6,5.8763e+05,576367,1,206.49,1410.3,227.46,297.93,-484.19,68.529,100.04,-502.95,-11.649,1635.3,19158,382,1316,810,-0.80656,-0.20881,2.0349
57.49,2101.4,237.94,-1.3126,-622.16,-2022.1,5.8761e+05,576365,1,340.89,1521.5,295.76,474.68,-582.76,131.22,154.01,-416.65,19.734,1816.2,132470,382,1316,810,-0.81903,-0.20881,2.03
50.956,2094.5,235.78,-1.0433,-607.23,-2019,5.8856e+05,576363,1,499.9,1571.4,368.68,289.7,-580.14,57.36,164.71,-365.16,30.231,1854.8,137104,382,1316,810,-0.83147,-0.20881,2.0249
41.306,2093.6,233.54,-0.15911,-591.08,-2022.4,5.9094e+05,576361,1,1206.3,904.18,601.6,-307.43,-384.15,-170.75,323.71,-470.28,87.769,1799.9,130771,382,1308,807,-0.84388,-0.20881,2.0198
23.171,2102.3,229.61,1.6909,-568.99,-2037,5.8797e+05,576359,1,1971.5,-163.04,828.1,-1630.6,182.69,-679.15,332.28,-642.06,75.918,2877.7,206163,382,1308,807,-0.85626,-0.20881,2.0145
-23.684,2142.5,222.85,9.5274,-527.09,-2088.6,5.6153e+05,576357,1,4642.6,-1255.3,1881.1,3440.6,-9235.3,551.1,2791.9,-3740.3,827.42,12107,328386,382,1308,807,-0.8686,-0.20881,2.0092
-121.71,2136.7,183.7,13.254,-416.83,-2107.2,5.2336e+05,576355,1,-5528.1,9264.2,-1515.5,30257,-40636,9212.6,7898.1,-9555.9,2503.7,54132,350734,382,1311,808,-0.88091,-0.20881,2.0039
25.065,1433.7,1.1855,-145.25,-319.3,-1390.4,5.0437e+05,576353,1,-18917,39574,-4423,58205,-1.0367e+05,15353,6621.5,-10380,1857,1.2834e+05,360381,382,1311,808,-0.89319,-0.20881,1.9984
336.25,269.72,-205.04,-349.9,-265.25,-187.26,4.9834e+05,576351,1,-34841,72026,-8425,87076,-1.5458e+05,23498,4309.9,406.68,1915.4,1.9628e+05,364794,382,1317,811,-0.90544,-0.20881,1.9929
760.3,4246.6,1143.6,546.7,-2411.4,-3715.7,6.0624e+05,574879,1,88456,73102,28380,58166,60453,20008,29568,34679,10542,1.5362e+05,362346,382,1303,806,-0.52566,-0.19538,2.1262
355.92,3048.1,503.38,127.95,-1457.6,-2744.1,6.0553e+05,574877,1,11544,21470,4845.7,50803,38453,16329,25710,22230,8512,78560,354979,382,1303,806,-0.53869,-0.19538,2.1229
335.97,2758.2,366.04,23.464,-1290.2,-2487.8,6.0298e+05,574875,1,2724.9,19581,2493.1,7833.2,13958,3260.2,3885.7,8092.1,1722.6,27339,342102,382,1303,806,-0.55171,-0.19538,2.1196
268.17,2822.3,390.64,56.304,-1238.1,-2579.5,5.9975e+05,574873,1,6578.7,20419,3615.7,4165,18880,2866.2,703.62,7531.1,878.04,30220,343414,382,1303,806,-0.5647,-0.19538,2.1161
94.731,2592.6,352.22,83.155,-981.97,-2425.6,6.0073e+05,574871,1,6664.2,13137,2987,16869,27153,7119.5,3355.9,8172.1,1671.1,37139,346298,382,1302,805,-0.57768,-0.19538,2.1126
77.436,2140.7,238.67,17.909,-782.88,-2008,6.0169e+05,574869,1,3368.2,3492.8,1241.8,24071,17959,8330.4,6143.8,5269.5,2186.5,32661,344495,382,1302,805,-0.59063,-0.19538,2.1091
87.201,2015.8,213.16,1.0417,-735.37,-1891,6.021e+05,574867,1,-497.32,612.31,-86.1,5179.7,2169.7,1674.7,1012.9,-155.39,273.22,6008,303704,382,1302,805,-0.60356,-0.19538,2.1054
90.285,1994.2,211.84,-0.036843,-720.41,-1873.7,6.0074e+05,574865,1,-125.52,785.21,36.56,802.37,496.38,278.64,31.981,-646.47,-51.616,1581.9,15435,382,1302,805,-0.61646,-0.19538,2.1017
91.104,1995,213.08,-0.051061,-711.17,-1878.3,5.9883e+05,574863,1,-52.859,933.54,71,-220.59,234.06,-45.363,-71.788,-645.88,-81.865,1581.9,15426,382,1295,802,-0.62935,-0.19538,2.0978
91.227,2001.3,214.66,-0.051605,-703.32,-1888.1,5.9773e+05,574861,1,-21.86,1003.3,86.814,-510.84,128.46,-144.97,-97.173,-639.39,-89.52,1581.9,15431,382,1283,798,-0.64221,-0.19538,2.0939
90.982,2009.2,216.28,-0.066943,-695.94,-1899.4,5.9743e+05,574859,1,0.3539,1055,98.636,-590.11,83.499,-177.27,-96.488,-628.16,-89.004,1581.9,15434,382,1283,798,-0.65504,-0.19538,2.0899
90.446,2018.1,217.91,-0.076601,-688.82,-1911.5,5.9534e+05,574857,1,15.893,1104.9,108.47,-664.46,37.954,-209.28,-100.06,-617.66,-89.922,1581.9,15440,382,1283,798,-0.66786,-0.19538,2.0859
89.686,2028,219.58,-0.072167,-682.05,-1924.5,5.9251e+05,574855,1,30.443,1136.6,116.53,-734.49,21.298,-238.22,-102.29,-606.88,-90.422,1581.9,15445,382,1283,798,-0.68064,-0.19538,2.0818
88.835,2038.9,221.33,-0.057683,-675.75,-1938.4,5.8972e+05,574853,1,27.976,1160.7,118.43,-792.14,18.472,-262.65,-108.76,-596.34,-92.379,1581.9,15448,382,1283,798,-0.6934,-0.19538,2.0775
87.965,2050.4,223.14,-0.046663,-669.82,-1952.7,5.8777e+05,574851,1,30.433,1168.1,120.4,-822.16,31.617,-277.02,-110.9,-589.92,-93.362,1581.9,15418,382,1283,798,-0.70614,-0.19538,2.0732
87.145,2062.2,224.99,-0.034891,-664.22,-1967.1,5.8601e+05,574849,1,26.706,1170.7,119.93,-819.25,45.283,-281.27,-110.42,-584.97,-93.736,1581.5,15395,382,1283,798,-0.71885,-0.19538,2.0689
86.324,2073.7,226.81,-0.040253,-658.78,-1981.2,5.8485e+05,574847,1,25.29,1168.5,119.59,-788.99,45.211,-275.18,-106.01,-584.85,-92.88,1562.8,14573,382,1283,798,-0.73153,-0.19538,2.0644
85.431,2084.6,228.51,-0.075786,-653.26,-1994.6,5.8456e+05,574845,1,38.738,1155.4,123.69,-717.3,19.531,-257.09,-92.355,-589.68,-89.233,1515.6,12642,382,1316,810,-0.74418,-0.19538,2.0599
84.464,2094.2,230.04,-0.13277,-647.5,-2006.6,5.8505e+05,574843,1,44.548,1135.6,124.66,-579.62,-24.168,-216.18,-74.172,-596.57,-84.027,1434.9,12295,382,1316,810,-0.75681,-0.19538,2.0553
83.37,2101.9,231.31,-0.21437,-641.3,-2016.7,5.8584e+05,574841,1,49.842,1124.2,126.06,-431.59,-56.298,-166.94,-54.865,-601.4,-77.743,1367.5,12033,382,1316,810,-0.7694,-0.19538,2.0506
82.02,2106.6,232.15,-0.35538,-634.24,-2023.9,5.8642e+05,574839,1,76.788,1108.7,135.4,-223.47,-116.02,-95.721,-19.451,-609.61,-65.425,1304.7,11784,382,1316,810,-0.78197,-0.19538,2.0458
80.145,2106.9,232.25,-0.58934,-625.64,-2026.8,5.866e+05,574837,1,143.76,1053.8,157.37,126.37,-255.73,25.094,38.476,-624.48,-44.595,1277.2,11670,382,1316,810,-0.79451,-0.19538,2.041
77.51,2102.4,231.66,-0.73969,-615.3,-2025.1,5.8634e+05,574835,1,178.67,1006.1,168.06,367.48,-317.05,114.98,60.565,-620.36,-35.395,1308,11798,382,1316,810,-0.80702,-0.19538,2.0361
74.016,2096.5,231.08,-0.41895,-604.15,-2022.2,5.8758e+05,574833,1,490.06,663.77,263.26,303.26,-117.96,109.77,121.54,-658.35,-13.564,1147.3,10959,382,1298,803,-0.81949,-0.19538,2.0311
68.315,2090.7,229.84,0.15544,-591.02,-2019.7,5.8886e+05,574831,1,887.63,419.14,409.6,232.87,24.323,95.901,238.07,-644.72,35.795,1291.9,11732,382,1298,803,-0.83194,-0.19538,2.026
42.739,2090.3,223.86,3.598,-559.58,-2026.8,5.7303e+05,574829,1,-463.83,1112.5,-102.08,10588,-12754,3264.5,2967.7,-4054.9,866.15,17689,335696,382,1298,803,-0.84436,-0.19538,2.0209
2.8509,2109.6,214.21,7.8077,-518.12,-2056.1,5.312e+05,574827,1,-3156.9,12454,-197.55,18864,-43357,4005.3,3745,-8506.7,796.02,50038,349879,382,1308,807,-0.85674,-0.19538,2.0157
-43.737,1813.9,111.82,-41.649,-370.03,-1779.3,5.1185e+05,574825,1,-9125.8,29686,-1155.9,42516,-88032,9994.2,9717.9,-14287,2823.3,1.0454e+05,358218,382,1308,807,-0.86909,-0.19538,2.0104
348.67,668.27,-103.49,-293.51,-399.77,-576.98,5.0118e+05,574823,1,-37587,66876,-10117,84529,-1.4166e+05,23510,2914.1,-3977,846.05,1.8379e+05,364173,382,1311,808,-0.88141,-0.19538,2.005
827.8,4203.9,1140.8,551.24,-2351.5,-3718.3,6.0639e+05,573345,1,68052,99685,25577,72760,74959,24911,36474,35152,12300,1.7168e+05,363530,382,1303,806,-0.53898,-0.18194,2.124
714.55,3047.2,541.87,91.095,-1717.7,-2670.4,6.047e+05,573343,1,15840,44241,7826,34709,53892,13511,19200,25681,7145.6,87408,356127,382,1303,806,-0.552,-0.18194,2.1207
679.04,3120.9,507.82,56.259,-1680.5,-2762.6,6.0045e+05,573341,1,9463.4,34164,5469.9,-8828,38188,886.92,-1006,12832,819.16,54682,350842,382,1302,805,-0.565,-0.18194,2.1173
417.82,3240.5,547.1,147.97,-1469.2,-2965.5,6.0171e+05,573339,1,16948,29046,7110.9,21083,51543,10296,4871.8,14915,2643.3,68131,353340,382,1302,805,-0.57798,-0.18194,2.1138
75.107,2572.1,383.2,134.74,-902.93,-2436.1,6.0307e+05,573337,1,19425,15111,6649.3,41759,67317,17383,11400,19595,4856.7,88119,356214,382,1302,805,-0.59094,-0.18194,2.1102
94.588,2075.2,220.94,13.972,-723.62,-1959.7,6.0327e+05,573335,1,-915.74,-504.81,-301.76,17403,30404,7523.3,5288.8,9004.4,2265.1,37407,346390,382,1302,805,-0.60388,-0.18194,2.1065
102.61,2002.5,204.1,0.70695,-695.6,-1891.7,6.0123e+05,573333,1,-651.13,473.81,-147.54,8676.1,9408.6,3309.1,2455.2,2144.8,890.67,13669,331725,382,1299,804,-0.61679,-0.18194,2.1028
104.43,1998,204.54,0.018859,-686.14,-1890.5,5.9922e+05,573331,1,-123.76,1044.2,53.284,-39.957,499.29,29.231,-62.428,-554.82,-67.211,1581.9,15430,382,1299,804,-0.62968,-0.18194,2.0989
105.38,2003.3,206.23,-0.063022,-679.25,-1898.9,5.9819e+05,573329,1,-83.9,1114.9,70.912,-392.19,262.41,-98.212,-97.095,-579.69,-80.296,1581.9,15433,382,1295,802,-0.64255,-0.18194,2.095
105.88,2010.5,207.98,-0.12825,-672.77,-1909,5.9911e+05,573327,1,-48.932,1182.3,87.318,-538.51,124.64,-158.12,-107.13,-583.46,-84.429,1581.9,15438,382,1283,798,-0.65539,-0.18194,2.0911
105.94,2018.4,209.66,-0.21014,-666.33,-1919.7,5.9982e+05,573325,1,-16.731,1220.8,100.87,-599.78,27.229,-189.84,-104.73,-583.19,-84.462,1581.9,15442,382,1283,798,-0.66821,-0.18194,2.087
105.52,2027.9,211.4,-0.22194,-660.12,-1931.9,5.9792e+05,573323,1,8.0209,1245.5,111.2,-720.6,-38.714,-239.08,-112.12,-581.01,-87.491,1581.9,15452,382,1283,798,-0.681,-0.18194,2.0829
104.8,2038.9,213.26,-0.16959,-654.29,-1945.6,5.9493e+05,573321,1,26.986,1245,117.76,-802.08,-30.386,-270.36,-115.43,-576.68,-89.066,1623.5,17940,382,1283,798,-0.69377,-0.18194,2.0786
103.94,2050.6,215.14,-0.10758,-648.75,-1959.9,5.9169e+05,573319,1,30.056,1239.9,118.79,-835.62,-14.72,-285.82,-117.06,-573.4,-90.213,1638,19414,382,1283,798,-0.70651,-0.18194,2.0743
103.01,2062.6,217.02,-0.060088,-643.4,-1974.4,5.8798e+05,573317,1,36.794,1228.7,120.52,-833.47,-2.1454,-288.69,-113.01,-574.05,-89.614,1629.1,18556,382,1283,798,-0.71923,-0.18194,2.07
101.99,2074.2,218.8,-0.041938,-638.04,-1988.3,5.8478e+05,573315,1,53.899,1190.7,123.88,-772.08,-8.963,-274.13,-98.338,-584.99,-86.375,1570.6,14907,382,1283,798,-0.73191,-0.18194,2.0655
100.71,2084.7,220.36,-0.050648,-632.31,-2001.2,5.8414e+05,573313,1,62.77,1153.3,124.42,-690.89,-33.319,-252.25,-86.032,-598.53,-83.901,1504.8,12597,382,1283,798,-0.74457,-0.18194,2.061
99.269,2094,221.74,-0.070802,-626.3,-2012.8,5.8414e+05,573311,1,80.219,1113.3,127.87,-589.03,-58.199,-220.96,-68.32,-613.1,-79.257,1431.2,12280,382,1286,799,-0.75721,-0.18194,2.0564
97.671,2101,222.82,-0.13338,-619.74,-2022.2,5.8503e+05,573309,1,102.09,1033.4,130.05,-383.83,-98.935,-152.3,-38.978,-638.24,-71.133,1299.8,11761,382,1291,800,-0.76981,-0.18194,2.0517
95.745,2104.6,223.39,-0.25201,-612.16,-2028.2,5.8497e+05,573307,1,133.76,964.63,137.78,-63.375,-158.82,-38.09,7.7413,-656.86,-55.775,1197,11201,382,1291,800,-0.78238,-0.18194,2.0469
92.754,2103.4,223.2,-0.28407,-602.55,-2029.6,5.8469e+05,573305,1,230.93,887.82,168.4,156.22,-172.06,45.543,43.004,-668.55,-42.366,1173.3,11085,382,1294,801,-0.79493,-0.18194,2.0421
88.7,2099.7,222.73,0.047725,-591.61,-2028.9,5.8562e+05,573303,1,742.48,172.29,312.61,-100.45,394.14,-7.326,94.615,-707.78,-25.545,1163.9,11048,382,1294,801,-0.80744,-0.18194,2.0372
79.985,2095.7,221.13,1.1392,-576.19,-2028.6,5.7883e+05,573301,1,646.68,-685.97,203.49,4275.7,-2710.2,1505.5,1270.9,-1856,354.88,5831.8,302041,382,1294,801,-0.81993,-0.18194,2.0322
59.019,2099.6,217.85,4.7679,-550.87,-2038.5,5.4975e+05,573299,1,-2330.4,4977,-543.39,13138,-20362,3677.8,2703.5,-4948.2,685.77,25758,341337,382,1298,803,-0.83238,-0.18194,2.0271
-21.298,2039.7,181.26,6.0863,-446.97,-1998.5,5.1872e+05,573297,1,-6308.7,17602,-1167.3,33391,-52238,9512.7,7727.7,-9762.7,2390.1,66678,353077,382,1298,803,-0.8448,-0.18194,2.022
227.67,1172.4,1.3221,-184.54,-428.04,-1099.6,5.0484e+05,573295,1,-31388,45519,-9385,73283,-97290,22596,3952.8,-4194.4,1273.1,1.3611e+05,360991,382,1298,803,-0.85719,-0.18194,2.0167
746.3,-104.36,-117.41,-393.89,-601.23,254.98,4.9985e+05,573293,1,-35604,70387,-9100.6,84202,-1.4018e+05,23788,1303.1,3954.2,848.3,1.8338e+05,364148,382,1308,807,-0.86955,-0.18194,2.0114
1141.9,4209.1,1101.4,453.48,-2528.2,-3692.7,6.0563e+05,571809,1,52299,43708,16866,55636,76673,20553,28653,31537,9993.2,1.2744e+05,360313,382,1303,806,-0.55227,-0.16849,2.1217
1163.6,3608.8,695.5,94.358,-2253.9,-3126.1,6.02e+05,571807,1,7077.8,32655,4479.5,10506,53612,6945.6,13493,20250,5160.2,69196,353505,382,1303,806,-0.56528,-0.16849,2.1183
71.286,2829.1,445.62,190.75,-921.32,-2706,6.0372e+05,571801,1,14223,15740,5267.5,52707,64376,20213,14464,16148,5435.2,91149,356606,382,1299,804,-0.60417,-0.16849,2.1075
109.77,2090.2,219.21,18.767,-691.81,-1987.4,6.0247e+05,571799,1,-1685.4,-1500,-604.57,28552,35270,11029,8638.8,9471.3,3241.3,48592,349535,382,1299,804,-0.61709,-0.16849,2.1038
119.38,2008.5,198.05,1.0437,-664.45,-1909.5,5.9894e+05,571797,1,-937.28,371.96,-247.34,9546.7,11143,3701.4,2666,2424.8,978.12,15621,333788,382,1295,802,-0.62999,-0.16849,2.1
121.46,2007,198.68,0.08864,-657.09,-1910.7,5.9701e+05,571795,1,-157.42,1285.1,54.767,-162.78,742.14,7.3754,-76.068,-446.4,-59.714,1581.9,15450,382,1295,802,-0.64286,-0.16849,2.0961
122.99,2012.6,200.48,-0.14855,-651.61,-1918.7,5.9839e+05,571793,1,-128.7,1401.9,72.229,-296.46,340.31,-66.285,-96.378,-477.36,-68.897,1581.9,15449,382,1283,798,-0.65571,-0.16849,2.0921
123.69,2018.4,202.09,-0.36449,-645.64,-1927,5.9736e+05,571791,1,-49.362,1481.9,103.34,-505.92,-8.4289,-162.98,-107.23,-504.24,-75.216,1662.3,21593,382,1283,798,-0.66854,-0.16849,2.088
123.41,2026.9,203.85,-0.36609,-639.73,-1938,5.936e+05,571789,1,10.377,1472.4,122,-670.85,-112.57,-228.61,-111.63,-515.14,-78.31,1726.8,29953,382,1283,798,-0.68134,-0.16849,2.0839
122.61,2038,205.73,-0.28306,-634.18,-1951.5,5.9099e+05,571787,1,30.742,1455.8,127.78,-810.2,-147.14,-282.18,-120.03,-520.77,-82.364,1785.1,129193,382,1283,798,-0.69411,-0.16849,2.0797
121.54,2050,207.61,-0.20114,-628.81,-1966,5.8907e+05,571785,1,47.655,1435.7,132.35,-860.06,-104.98,-301.26,-118.82,-518.49,-82.679,1792.3,129931,382,1283,798,-0.70686,-0.16849,2.0754
120.26,2062.3,209.43,-0.12297,-623.48,-1980.5,5.8665e+05,571783,1,71.617,1396.8,138.23,-808.04,-87.949,-288.54,-101.46,-525.64,-78.248,1735.5,30397,382,1283,798,-0.71958,-0.16849,2.071
118.63,2073.6,211.01,-0.092934,-617.74,-1994.2,5.8494e+05,571781,1,91.309,1364.9,143.23,-748.49,-117.53,-274.41,-86.556,-538.94,-74.698,1686.6,26111,382,1283,798,-0.73227,-0.16849,2.0665
116.66,2083.7,212.3,-0.10086,-611.5,-2006.6,5.8407e+05,571779,1,117.12,1285,147.41,-659.3,-144.12,-249.31,-67.842,-566.22,-71.1,1592,15919,382,1286,799,-0.74494,-0.16849,2.062
114.07,2092.3,213.24,-0.10261,-604.44,-2017.6,5.834e+05,571777,1,167.18,1220.9,160.63,-553.12,-136.79,-214.82,-45.751,-572.83,-63.663,1499.8,12575,382,1291,800,-0.75758,-0.16849,2.0574
111.36,2099.3,214,-0.083958,-597.09,-2027,5.8195e+05,571775,1,168.42,1116.6,154.53,-370.27,-110.02,-147.63,-25.806,-594.59,-58.63,1351.9,11962,382,1291,800,-0.77019,-0.16849,2.0527
108.37,2103,214.44,0.0042318,-588.9,-2033.1,5.8275e+05,571773,1,516.18,576.31,246.46,-527.45,468.34,-165.54,-15.275,-586.07,-54.341,1237.3,11425,382,1294,801,-0.78277,-0.16849,2.0479
103.88,2101.8,214.09,0.29794,-578.32,-2034.7,5.8325e+05,571771,1,1276.7,-959.28,426.48,799.73,869.59,383.08,479.85,-921.03,113.12,2316.4,169171,382,1294,801,-0.79532,-0.16849,2.0431
87.539,2105.5,212.48,3.4517,-557.64,-2043.3,5.6781e+05,571769,1,-4597.2,4132.8,-1513.4,11973,-15023,3596.3,2137.6,-4031.2,532.21,21062,338173,382,1294,801,-0.80784,-0.16849,2.0382
48.899,2137.8,210.94,12.993,-522.32,-2084.3,5.3029e+05,571767,1,497.17,11178,1078,8294.9,-27372,1211,2381.8,-5678.9,513.74,31370,343932,382,1294,801,-0.82033,-0.16849,2.0332
62.828,1833.6,132.53,-42.059,-443.37,-1784.8,5.1289e+05,571765,1,-17392,27604,-4957.5,48074,-62108,14772,6426,-7706.5,2015.5,87066,356082,382,1294,801,-0.83279,-0.16849,2.0281
519.11,676.33,-40.409,-288.54,-574.16,-561.79,5.0263e+05,571763,1,-36563,62679,-10161,81364,-1.2267e+05,23926,1651.7,-912.07,572.65,1.6617e+05,363215,382,1298,803,-0.84522,-0.16849,2.023
1249.8,-726.89,0.2201,-431.56,-996.85,954.19,4.9829e+05,571761,1,-56203,83960,-16919,1.0421e+05,-1.5347e+05,31535,-7749.4,10746,-2449.5,2.1467e+05,365473,382,1298,803,-0.85761,-0.16849,2.0177
62.032,2956.8,460.33,214.74,-880.15,-2852.6,6.0303e+05,570263,1,11567,15447,4449,51707,59277,19499,13607,12177,4893.9,85541,355895,382,1299,804,-0.61737,-0.15503,2.1047
127.48,2113.8,213.66,18.569,-663.74,-2022.2,6.0149e+05,570261,1,1798.1,3247.8,761.63,38004,50802,14894,10136,11566,3829.3,67175,353179,382,1295,802,-0.63028,-0.15503,2.1009
140.16,2023.4,194.15,1.4948,-640.55,-1934.2,5.9778e+05,570259,1,-1146.6,439.95,-312.86,9972.7,19561,4417,2520.5,4220.6,1062.5,22989,339484,382,1295,802,-0.64315,-0.15503,2.097
144.32,2019,195.01,0.2127,-635.47,-1931.7,5.9623e+05,570257,1,-466.76,1803.8,-14.146,3860.2,5359.1,1581.3,721.13,825.86,281.73,7132.7,312231,382,1295,802,-0.65601,-0.15503,2.093
146.04,2018.2,196.01,-0.5039,-629.3,-1933.1,5.9696e+05,570255,1,-49.751,1897.2,125.01,-229.89,-16.131,-75.041,-72.666,-350.21,-49.795,1951.1,143495,382,1295,802,-0.66884,-0.15503,2.089
145.47,2023.9,197.39,-0.63895,-622.8,-1941.2,5.9505e+05,570253,1,31.357,1964.1,154.32,-639.16,-338.67,-234.77,-107.51,-369.29,-62.783,2147.7,163891,382,1283,798,-0.68164,-0.15503,2.0848
144.2,2034.9,199.16,-0.56158,-617.13,-1954.6,5.9283e+05,570251,1,43.499,1790.2,149.05,-830.56,-253.69,-296.4,-123.04,-418.26,-72.977,2065.5,161643,382,1283,798,-0.69442,-0.15503,2.0806
142.83,2047.9,201.15,-0.38963,-612.06,-1969.8,5.8941e+05,570249,1,56.967,1937.7,161.84,-929.23,-212.51,-331.32,-131.57,-356.41,-71.379,2225.3,166060,382,1283,798,-0.70718,-0.15503,2.0763
141.24,2060.6,202.97,-0.27396,-606.84,-1984.7,5.8649e+05,570247,1,81.207,1872.6,167.24,-846.93,-132.86,-302.95,-110.58,-362.74,-65.726,2125.1,163362,382,1283,798,-0.7199,-0.15503,2.0719
138.93,2071,204.21,-0.298,-600.48,-1997.4,5.8594e+05,570245,1,147.97,1815.6,187.62,-722.42,-121.04,-265.22,-78.311,-359.96,-55.178,2024.7,146443,382,1286,799,-0.7326,-0.15503,2.0675
135.7,2080.3,205.09,-0.26018,-593.12,-2009.1,5.8604e+05,570243,1,177.02,1664.5,189.19,-666.61,-94.808,-248.97,-60.792,-390.26,-52.159,1874,139057,382,1286,799,-0.74528,-0.15503,2.0629
132.46,2090.7,206.26,0.01814,-586.23,-2021.7,5.8414e+05,570241,1,510.28,1524.3,301.73,-1822.6,1580.5,-560.12,-272.43,-0.93336,-101.96,2982.1,208305,382,1291,800,-0.75792,-0.15503,2.0583
127.89,2098,206.72,0.32939,-577.48,-2031.6,5.8602e+05,570239,1,1497.6,-271.25,550.74,-996.39,3611.5,-114.67,135.86,40.03,52.408,4085.5,285308,382,1291,800,-0.77053,-0.15503,2.0536
115.02,2108.1,206.41,2.7345,-561.53,-2045.7,5.7988e+05,570237,1,1515.5,-3174.3,353.03,-1928.6,5276.5,-357.85,-99.53,-253.47,-58.789,6653.2,309336,382,1291,800,-0.78312,-0.15503,2.0489
86.392,2150,209.79,12.17,-538.38,-2093.8,5.4769e+05,570235,1,-5209.7,9256.8,-1365.1,18245,-24959,5323.3,3127.4,-5037.3,853.16,33686,344944,382,1294,801,-0.79568,-0.15503,2.044
23.571,2077.1,174.77,6.9644,-449.74,-2035.5,5.1787e+05,570233,1,-10492,18277,-2892.9,28225,-46050,7918.9,5055.2,-7312.4,1474.3,59276,351743,382,1294,801,-0.80821,-0.15503,2.0391
458.61,1167.1,34.196,-221.82,-630.26,-1061.7,5.0341e+05,570231,1,-28635,48855,-7851.5,58761,-98558,16238,3459.8,-7027,845.62,1.2946e+05,360474,382,1294,801,-0.8207,-0.15503,2.0341
989.99,43.244,-1.4543,-379.5,-904.84,138.59,5.0005e+05,570229,1,-44323,87254,-11617,96285,-1.5708e+05,27716,-3364.7,8062,-804.74,2.1096e+05,365352,382,1294,801,-0.83317,-0.15503,2.029
77.798,3179.2,481.14,232.9,-879.67,-3084.9,6.0167e+05,568725,1,5853.1,1098.6,1783.3,48968,45151,17821,11997,6626.5,4084.8,70691,353775,382,1295,802,-0.63054,-0.14157,2.1018
152.43,2344.3,259.62,52.157,-700.43,-2256.8,5.9644e+05,568723,1,-2462.9,1823.6,-632.42,35865,15995,12021,7702.3,479.6,2387.8,41973,347867,382,1295,802,-0.64342,-0.14157,2.0979
174.58,2069.2,202.5,7.5034,-639.82,-1985.9,5.9109e+05,568721,1,-899.45,2160.8,-135.65,10740,3694.6,3597.6,2004.1,161.7,635.83,12324,329107,382,1295,802,-0.65628,-0.14157,2.0939
176.98,2019,193.5,0.062613,-621.94,-1938.6,5.9218e+05,568719,1,-87.384,2384.2,135.15,1447.3,1021.5,529.51,245.6,-9.975,77.43,3032.4,209876,382,1295,802,-0.66912,-0.14157,2.0898
175.13,2017.8,193.33,-0.84747,-612.92,-1940.1,5.9165e+05,568717,1,10.759,2490.7,171.79,-203.74,-54.477,-72.342,-66.094,-158.1,-32.746,2512.7,194736,382,1283,798,-0.68193,-0.14157,2.0857
173.58,2030.3,195.22,-0.75822,-607.69,-1954.7,5.8949e+05,568715,1,-45.362,2707.3,167.31,-1060.3,18.347,-354.21,-197.88,-51.68,-70.41,2942.2,207580,382,1283,798,-0.69471,-0.14157,2.0815
172.37,2045.1,197.53,-0.53504,-603.55,-1971.6,5.8769e+05,568713,1,42.607,2746.1,201.41,-1001.3,296.43,-323,-153.21,21.236,-51.888,2967.3,208042,382,1283,798,-0.70747,-0.14157,2.0772
170.83,2059.3,199.75,-0.23748,-599.1,-1987.7,5.8684e+05,568711,1,78.809,3061.2,232.99,-2342.5,2533.2,-652.79,-485.36,658.09,-127.19,4737.8,292189,382,1283,798,-0.7202,-0.14157,2.0728
168.03,2069.8,201.22,0.011442,-592.73,-2000.3,5.8922e+05,568709,1,185.82,2909.6,262.73,-888.71,5795.6,62.528,-127.68,1397.6,45.171,6702.5,309648,382,1286,799,-0.73291,-0.14157,2.0683
163.75,2081.3,202.59,0.61836,-585.31,-2014.2,5.8775e+05,568707,1,587.3,2084.8,355.07,-673.04,7140.7,230.9,41.158,1541.7,116.81,7661.9,315113,382,1286,799,-0.74558,-0.14157,2.0638
159.7,2105.1,206.4,2.6849,-581.23,-2040,5.7514e+05,568705,1,1065.8,1322.8,488.52,-4205.9,3937,-1296,-715.86,550.34,-229.05,6233.9,305928,382,1286,799,-0.75823,-0.14157,2.0592
132.27,2199.6,222.81,20.188,-572.2,-2139.6,5.5738e+05,568703,1,-3488.4,12613,-482.6,14202,-27479,3560.2,2696,-4809.7,700.92,34233,345182,382,1291,800,-0.77085,-0.14157,2.0545
22.519,2245.7,207.58,40.892,-468.06,-2205.9,5.3389e+05,568701,1,-8199.6,27435,-1374.1,23585,-61326,5055.6,2571.7,-7407.5,494.45,72293,354023,382,1291,800,-0.78345,-0.14157,2.0497
239.66,1625.3,82.772,-114.43,-514.53,-1558.3,5.0823e+05,568699,1,-24988,47327,-6600.1,61854,-1.0218e+05,17270,8501.8,-8084.1,2744.3,1.3273e+05,360718,382,1291,800,-0.79601,-0.14157,2.0449
714.06,524.81,-32.573,-326.57,-724.33,-393.79,4.9959e+05,568697,1,-39581,70341,-10870,75155,-1.3633e+05,20381,655.29,-2729.7,37.437,1.7689e+05,363829,382,1294,801,-0.80854,-0.14157,2.0399
1584.7,-842.13,67.804,-474.76,-1338.5,1099.2,4.924e+05,568695,1,-57384,95225,-16532,99608,-1.7243e+05,28240,-9105.3,13308,-2762,2.3098e+05,365958,382,1294,801,-0.82104,-0.14157,2.0349
158.27,2569.8,251.82,44.3,-702.05,-2489.5,5.9486e+05,567187,1,-2696.1,-2801.8,-996.99,46228,23832,15582,6558.3,710.31,2043.9,54878,350882,382,1295,802,-0.64366,-0.1281,2.0987
200.1,2139.5,201.25,7.3258,-638.63,-2061.6,5.9305e+05,567185,1,-1828.6,201.97,-552.03,19043,13418,6737.4,2502.5,382.02,798.84,24470,340503,382,1295,802,-0.65653,-0.1281,2.0947
211.5,2027.7,191.93,-0.033967,-619.36,-1951.8,5.9256e+05,567183,1,-802.25,1510.8,-157.62,6044.1,5294.4,2229.3,517.22,174.41,173.51,8532.9,319006,382,1280,797,-0.66937,-0.1281,2.0906
213.76,2016.9,193.01,-0.67431,-613.49,-1942.8,5.9628e+05,567181,1,-1120.3,4037.6,-122.5,-2822.5,8057,-457.38,-1044.6,1824.3,-235.74,9753.9,323023,382,1283,798,-0.68218,-0.1281,2.0865
217.45,2034,197.39,-0.30829,-615.09,-1960.9,5.9219e+05,567179,1,-348.36,5448.5,211.84,-1668.3,11490,112.79,-424.07,3182.8,44.265,13228,331123,382,1283,798,-0.69497,-0.1281,2.0822
220.86,2058.6,203.47,1.2653,-618.42,-1986.3,5.8548e+05,567177,1,-169.84,5479.6,273.76,1344.5,6508.5,846.02,255.12,2257.2,221.49,8956.7,320302,382,1283,798,-0.70774,-0.1281,2.0779
222.51,2095.4,212.24,5.1635,-623.12,-2024.1,5.7582e+05,567175,1,-3361.1,9451.6,-615.43,5468.7,-14645,1075.2,882.2,-2060,193,18751,336551,382,1283,798,-0.72047,-0.1281,2.0736
217.61,2227.7,242,25.372,-644.41,-2157,5.6165e+05,567173,1,-3456.4,16934,-231.03,2860.8,-31497,-764.69,-186.42,-4661.7,-325.56,36351,346020,382,1283,798,-0.73318,-0.1281,2.0691
191.22,2334.9,262.12,45.22,-638.25,-2268.8,5.4783e+05,567171,1,1182.5,28699,2120.4,2081.9,-55513,-2420,861.95,-7495.8,-107.42,63074,352437,382,1286,799,-0.74587,-0.1281,2.0646
168.24,2197.1,221.14,21.132,-575.53,-2138.4,5.2733e+05,567169,1,-4759,30368,47.107,20520,-66707,3624.4,3345,-8058.8,759.39,76848,354710,382,1286,799,-0.75852,-0.1281,2.0599
332.44,1599.1,96.944,-119.13,-585.92,-1523,5.0871e+05,567167,1,-22018,51834,-5174,61717,-1.2549e+05,15631,7744.7,-10739,2248.2,1.5225e+05,362243,382,1286,799,-0.77115,-0.1281,2.0553
771.08,537.14,-42.84,-346.07,-774.94,-405.72,4.9664e+05,567165,1,-31637,66457,-8012,66401,-1.4476e+05,16451,1306.6,-5673.1,102.97,1.765e+05,363801,382,1286,799,-0.78374,-0.1281,2.0505
1365.9,-612.65,-8.8176,-467.16,-1160.8,821.82,4.9081e+05,567163,1,-39397,85015,-10032,79932,-1.7192e+05,20406,-4742.5,7887.5,-1402.6,2.129e+05,365416,382,1291,800,-0.79631,-0.1281,2.0456
68.575,3014.2,274.56,84.923,-650.53,-2955.5,5.9407e+05,565651,1,640.13,-9914.6,-349.92,50592,18402,16480,6166.4,-4498,1648.4,57703,351443,382,1276,796,-0.64388,-0.11463,2.0994
178.5,2409.8,219.3,30.039,-628.89,-2343.2,5.9198e+05,565649,1,-4618.3,-12667,-2110.3,31514,12224,10544,3115.2,-4391.5,750.96,38335,346710,382,1280,797,-0.65675,-0.11463,2.0954
227.19,2099.5,193.51,5.4061,-609.71,-2031.1,5.8718e+05,565647,1,-13534,3872.3,-4163.3,17945,-16880,4911.8,583.4,-6885.9,-167.32,29906,343270,382,1280,797,-0.6696,-0.11463,2.0913
284.64,2207.6,235.81,20.409,-687.79,-2130,5.6563e+05,565645,1,-3717.8,26771,187.9,-7857.9,-43459,-4773.5,-2963.5,-8760.9,-1412,52833,350490,382,1283,798,-0.68242,-0.11463,2.0872
320.84,2340.8,281.24,42.941,-750.74,-2257.4,5.556e+05,565643,1,-5518.2,40053,272.46,9487.9,-66335,-201.55,-1189.6,-7065.7,-741.1,78594,354986,382,1283,798,-0.69521,-0.11463,2.083
319.72,2260.2,269.78,34.259,-727.83,-2180,5.451e+05,565641,1,-723.26,44191,2070.8,12530,-86094,-134.1,2485.8,-6611.6,524.75,97862,357440,382,1283,798,-0.70798,-0.11463,2.0786
321.3,2022.3,213.27,-9.5567,-669.76,-1946.7,5.2762e+05,565639,1,-3093.4,37741,882.83,30010,-1.011e+05,5190.2,5974,-9762.2,1575.5,1.1277e+05,359028,382,1283,798,-0.72072,-0.11463,2.0743
555.25,1312.4,75.818,-182.25,-732.74,-1210.9,5.1244e+05,565637,1,-17759,40401,-4127.8,41871,-1.2807e+05,7989.7,5068.7,-12554,1110.6,1.4272e+05,361519,382,1283,798,-0.73343,-0.11463,2.0698
939.36,581.18,0.044103,-349,-954.95,-431.79,5.0137e+05,565635,1,-20042,66020,-3607.5,37361,-1.6335e+05,4563.9,-878.59,-7777.5,-782.19,1.8148e+05,364064,382,1286,799,-0.74612,-0.11463,2.0653
1108.1,0.51055,-10.534,-392.27,-1023.2,165.02,4.9709e+05,565633,1,-17025,84932,-1556.6,54106,-1.8544e+05,9606.9,2463.3,-2484.9,726.67,2.1196e+05,365378,382,1286,799,-0.75878,-0.11463,2.0606
-165.86,3140.8,153.87,51.047,-354.53,-3128.5,5.8965e+05,564115,1,-455.25,-7681.4,-586,69241,-46021,19224,9557.2,-16529,2163.8,87810,356174,382,1280,797,-0.64408,-0.10116,2.1
-219.96,2563.2,93.295,36.731,-192.81,-2566.8,5.8163e+05,564113,1,-6141,5245.1,-1816.6,43950,-87697,9867.6,4659.4,-24079,345.96,1.0193e+05,357900,382,1280,797,-0.65695,-0.10116,2.096
6.7475,1930.7,31.23,-61.164,-290.27,-1908.1,5.571e+05,564111,1,-38323,25405,-11210,58331,-1.0677e+05,13824,2651.4,-21006,-131.02,1.3297e+05,360739,382,1280,797,-0.6698,-0.10116,2.092
937.06,842.85,-43.668,-371.13,-983.71,-696.38,5.2226e+05,564109,1,-40586,65980,-10118,42666,-1.4814e+05,6916,-5579.2,-9902.4,-2337.7,1.7336e+05,363617,382,1280,797,-0.68262,-0.10116,2.0878
1423.2,199.73,23.278,-437.22,-1369.2,7.2126,5.1243e+05,564107,1,-18136,90207,-1642.2,41627,-1.7644e+05,5364.4,-2378,-1303.4,-906.8,2.034e+05,365057,382,1283,798,-0.69542,-0.10116,2.0836
1414.8,-267.32,24.875,-419.84,-1296.7,464.69,5.1063e+05,564105,1,5000.9,91142,6118.8,37616,-1.9836e+05,3219.3,2745,1184.6,939.81,2.217e+05,365712,382,1283,798,-0.70819,-0.10116,2.0793
1155,-838.48,-94.047,-428.85,-938.21,990.84,5.0859e+05,564103,1,-3719.5,78950,2482.3,47728,-2.1939e+05,5821.3,5865.8,-2136.3,1860.6,2.382e+05,366107,382,1283,798,-0.72094,-0.10116,2.0749
-327.4,2097.3,-138.25,-119.77,80.612,-2122.3,5.7421e+05,562579,1,-14722,76023,-1732.6,1.314e+05,-2.091e+05,32053,20785,-16150,5684,2.6218e+05,366605,382,1276,796,-0.64425,-0.087676,2.1006
320.01,41.166,-431.09,-508.3,-177.66,1.5178,5.4061e+05,562577,1,-37282,87032,-8194.8,98250,-2.3964e+05,20798,5440.8,-16515,924.83,2.7722e+05,366845,382,1276,796,-0.65712,-0.087676,2.0966
1185.5,-1041.7,-332.4,-635.98,-887.82,1186.8,5.1449e+05,562575,1,-60936,1.069e+05,-15119,66667,-2.5961e+05,10620,-11344,-460.74,-3711.6,2.9575e+05,367068,382,1280,797,-0.66998,-0.087676,2.0925
