"Cartesian Velocity:0","Cartesian Velocity:1","Cartesian Velocity:2","Spherical Velocity:0","Spherical Velocity:1","Spherical Velocity:2","Pressure","PointID","RegionId","GSV:0","GSV:1","GSV:2","GSV:3","GSV:4","GSV:5","GSV:6","GSV:7","GSV:8","magGSV","magGSV_Order","DescendingManifold","AscendingManifold","MorseSmaleManifold","Points:0","Points:1","Points:2"
-1240.7,-705.38,252.47,5.7006,-343.84,1407.9,5.9246e+05,375965,1,7047.5,-35986,37895,44011,-3371.9,19257,-35480,-8811.3,-4216.6,80337,355238,176,832,1914,-0.54895,1.4916,1.5195
-1456,-1177.1,624.29,1.5984,-860.4,1776.2,5.8216e+05,375963,1,6764.6,-35791,37746,40909,-2448,17492,-36568,-9775,-3852.8,78643,354992,176,832,1914,-0.55826,1.4916,1.5161
-1918.3,-800.99,119.77,11.525,-153.94,2076.6,5.8679e+05,374769,1,11375,-33949,37805,46749,-3503.7,20289,-34153,-7968.4,-4378.3,81054,355332,176,832,1914,-0.54583,1.5015,1.5109
-2098.9,-1217.4,443.62,2.6905,-606.83,2390.8,5.8632e+05,374767,1,6951.6,-34970,37363,39706,-3566.3,18123,-34676,-8342,-4425.2,76659,354675,176,832,1914,-0.55509,1.5015,1.5075
-2269.9,-1626.1,775.47,2.6306,-1060.6,2696.9,5.8309e+05,374765,1,3178.3,-34532,35661,36154,-1756.3,15317,-33291,-10157,-2350.6,72360,354034,176,832,1914,-0.56433,1.5015,1.504
-2248.8,-284.57,-384.14,86.991,608.74,2215.3,5.6823e+05,373589,1,32117,-30216,41585,46927,-5227.8,21917,-39622,-6764.4,-7280.2,89734,356421,176,832,1914,-0.53346,1.5113,1.5055
-2523.5,-850.99,-28.679,18.315,56.403,2662.6,5.901e+05,373587,1,14275,-33875,39258,43246,-5299.3,20978,-32151,-5852.6,-5745,79572,355124,176,832,1914,-0.54269,1.5113,1.5022
-2752.4,-1303,303.64,2.2124,-412.92,3032.3,5.8537e+05,373585,1,6115.1,-34419,36965,36895,-3230.6,16872,-32318,-8703.7,-3150.3,73313,354189,176,832,1914,-0.5519,1.5113,1.4988
-2907.7,-1660.8,588.92,0.93028,-802.41,3304,5.879e+05,373583,1,2165.3,-34052,35221,33054,-2165.9,14591,-30546,-9653.4,-1707.6,69330,353536,176,832,1914,-0.56108,1.5113,1.4954
-3034.6,-2010,875.96,-0.22336,-1192.6,3548.8,5.8883e+05,373581,1,1294.4,-34407,35313,33440,-1430.2,14217,-31321,-10437,-1398.4,69619,353597,176,832,1914,-0.57025,1.5113,1.4919
-3175.5,-2370,1170.7,0.19851,-1590.3,3813.5,5.8771e+05,373579,1,852.82,-34962,35904,33156,-921.65,13845,-31214,-11095,-862.21,70016,353662,176,832,1914,-0.57939,1.5113,1.4884
-2112.6,-966.44,-972.25,-831.04,554.37,2311.8,5.0429e+05,372425,1,-1.2223e+05,-22139,-19431,-1.1906e+05,-38183,-2569,-61965,-22104,973.49,1.8915e+05,364458,176,832,1914,-0.52116,1.5211,1.4999
-2736.8,-532.44,-370.35,39.672,542.39,2759.5,5.2974e+05,372423,1,45993,-28123,44845,4766.7,-18719,20790,-51360,-5002.5,-13015,92493,356774,176,832,1914,-0.53035,1.5211,1.4967
-3234.4,-952.08,-114.61,57.143,209.03,3366.6,5.8368e+05,372421,1,19298,-36711,44296,37268,-7590.5,21206,-25270,-2427.2,-6670,79167,355062,176,832,1914,-0.53953,1.5211,1.4934
-3383.7,-1355.8,136.93,-0.80695,-186.94,3643,5.9458e+05,372419,1,4387.9,-35789,38130,35158,-5674.4,18700,-26625,-5782.8,-3888.1,71620,353909,176,832,1914,-0.54868,1.5211,1.4901
-3534.8,-1706.5,416.89,-1.9327,-567.58,3906.3,5.886e+05,372417,1,2344.8,-35415,37122,31346,-3425,15271,-28834,-8821.5,-1796.4,69330,353535,176,832,1914,-0.55781,1.5211,1.4867
-3689.8,-2049,690.43,-0.38076,-935.58,4173.1,5.9039e+05,372415,1,1703.7,-35501,37024,32299,-1979.2,14398,-30119,-10247,-1037.2,70012,353659,176,832,1914,-0.56692,1.5211,1.4832
-3826,-2387.7,964.51,-0.39316,-1304.3,4423.6,5.9313e+05,372413,1,230.59,-35377,36494,31664,-1307.3,13652,-29901,-10915,-389.46,69330,353537,176,36,1901,-0.57602,1.5211,1.4797
-3954.4,-2729.2,1244.1,-0.5269,-1679.1,4670.6,5.9402e+05,372411,1,-386.23,-34948,35885,32400,-492.68,13333,-30878,-11581,-280.35,69460,353567,176,36,1901,-0.58508,1.5211,1.4762
-7862.2,-142.62,-5514,-2026.6,5638.8,7505.7,5.6249e+05,371281,1,-7.8017e+05,-80527,-1.83e+05,1.4628e+05,-28301,79294,-2.8909e+05,-13504,-85881,8.765e+05,368117,176,832,1914,-0.50893,1.5308,1.4942
-2477.4,-1244.4,-1684.5,-1424.9,977.25,2745.5,5.2663e+05,371279,1,-1.6821e+05,-49616,-6784.8,-28357,-6698.9,-2896.3,-1.8134e+05,-28097,-34308,2.579e+05,366516,176,832,1914,-0.51809,1.5308,1.4911
-3246.1,-825.25,-300.52,0.44368,408.55,3337.9,5.2572e+05,371277,1,57858,-34182,55695,-11921,-20188,16698,-73977,6933.8,-33166,1.2275e+05,359908,176,832,1914,-0.52723,1.5308,1.4879
-3894.1,-1134.8,-119.15,79.362,234.16,4050.3,5.8548e+05,371275,1,28406,-36121,47402,26718,-13787,23877,-15850,1403.5,-7182.5,78341,354946,176,832,1914,-0.53635,1.5308,1.4846
-4073.4,-1480.5,25.884,-2.8236,-37.596,4334.1,5.9858e+05,371273,1,3236,-37976,40482,26930,-8374.9,18606,-18913,-4725.3,-2115.2,69330,353532,176,832,1914,-0.54545,1.5308,1.4813
-4228.2,-1786.7,256.46,-5.2012,-351.09,4584,5.9431e+05,371271,1,1264.6,-37856,39689,27759,-5429.9,16047,-25559,-7716.3,-1605.1,69330,353534,176,832,1914,-0.55452,1.5308,1.4779
-4366.5,-2093.2,500.37,-2.5602,-676.8,4820.8,5.938e+05,371269,1,61.32,-37399,38858,28575,-3335.4,14392,-27006,-9631.6,-327.15,69330,353533,176,36,1901,-0.56358,1.5308,1.4745
-4490.9,-2409.6,756.07,-2.2615,-1019.2,5050.5,5.9472e+05,371267,1,-1051.5,-36694,37749,30836,-1444.5,13533,-29514,-11268,201.72,70048,353671,176,36,1901,-0.57262,1.5308,1.471
-4611,-2738.1,1025.4,-2.2287,-1378.9,5282.9,5.9629e+05,371265,1,-1844.7,-37195,38120,30953,-1004.4,13300,-29938,-11913,594.16,70813,353797,176,36,1901,-0.58163,1.5308,1.4675
-8474.2,-3533,-2496.6,-2211.9,1359.6,9153.5,5.4788e+05,370157,1,-6.2634e+05,26798,-2.4006e+05,1.0982e+05,-4895.8,40633,-2.5516e+05,16464,-1.0284e+05,7.3508e+05,368097,176,28,1899,-0.50589,1.5405,1.4853
-3360,-2333.4,-936.91,-1479.3,-81.57,3926.4,5.2727e+05,370155,1,-2.9517e+05,-46808,-52788,-86292,-62504,34572,-1.4957e+05,58812,-1.125e+05,3.7833e+05,367605,176,832,1914,-0.51499,1.5405,1.4822
-4022.1,-1294,-112.94,-23.871,130.92,4224.5,5.3319e+05,370153,1,46236,-46417,64743,-40486,-26696,13589,-40049,14845,-29504,1.1711e+05,359417,176,832,1914,-0.52408,1.5405,1.479
-4623,-1417,-94.544,64.761,186.16,4832.2,5.8693e+05,370151,1,17501,-41873,50026,13962,-16827,22672,-3514.2,1507.4,-2864.5,74680,354378,176,832,1914,-0.53314,1.5405,1.4757
-4806.9,-1663.8,-41.138,-7.9346,48.236,5086.6,5.9753e+05,370149,1,2080.1,-41966,44685,19701,-12846,20714,-11387,-1773.2,-2368.7,69877,353633,176,832,1914,-0.54219,1.5405,1.4724
-4957.9,-1910.8,126.97,-10.962,-180.49,5311.8,5.9567e+05,370147,1,-586.02,-41498,43310,20728,-9121,17360,-19030,-5491,-1395.3,69330,353531,176,36,1901,-0.55121,1.5405,1.4691
-5092.8,-2166.3,321.44,-5.8967,-436.47,5526.5,5.9651e+05,370145,1,-1695.6,-41219,42690,24135,-5848.8,15390,-23300,-8714.5,243.59,70688,353774,176,36,1901,-0.56022,1.5405,1.4657
-5220.9,-2450.7,544.39,-3.399,-731.93,5746.7,5.9813e+05,370143,1,-2948.2,-40954,42012,26590,-3384,13927,-26028,-11004,1456,71862,353951,176,36,1901,-0.5692,1.5405,1.4622
-7344.7,-1442.4,-3779.4,-1874.7,3401.3,7431.3,5.7176e+05,369063,1,-5.9131e+05,-99323,-95368,4.4683e+05,1.5079e+05,-7283.1,-5.4677e+05,-2.1657e+05,42298,9.6887e+05,368118,176,28,1899,-0.50283,1.5501,1.4763
-4393.6,-2491,-421.7,-1015.8,-348.68,4953.1,5.3376e+05,369061,1,-1.9443e+05,-79932,17619,34209,49017,-40130,-2.2686e+05,-55311,-19831,3.2342e+05,367316,176,28,1899,-0.51188,1.5501,1.4732
-5009.2,-1862.8,130.85,-38.989,-211,5341.6,5.5114e+05,369059,1,35229,-41117,55815,-32740,-18255,7685.1,-11231,2929.6,-6915.8,87714,356163,176,832,1914,-0.52091,1.5501,1.4701
-5474.4,-1846.4,-0.14627,17.61,15.964,5777.4,5.9014e+05,369057,1,24354,-38780,49552,1007.4,-16356,17565,6770.1,1203.4,1204.4,71960,353965,176,832,1914,-0.52992,1.5501,1.4668
-5660.7,-1966.6,-40.622,-26.058,31.191,5992.6,5.9722e+05,369055,1,3675.3,-41122,44830,13046,-11497,16938,-5350.2,-3109.1,1322.7,66732,353095,176,832,1914,-0.53891,1.5501,1.4636
-5794.3,-2123.3,39.407,-26.896,-76.595,6170.7,5.9562e+05,369053,1,-2229.7,-43720,45607,13704,-7783.6,13399,-12239,-7232.3,3096.4,68088,353328,176,36,1901,-0.54788,1.5501,1.4602
-5925.5,-2314.7,171,-17.87,-244.1,6359.1,5.9568e+05,369051,1,-3239.7,-43663,45100,19668,-6516.2,14429,-19434,-8835.8,1951.9,71049,353832,176,36,1901,-0.55683,1.5501,1.4568
-6039,-2530.2,333.02,-9.741,-452.36,6540.5,5.9635e+05,369049,1,-4843.2,-44182,45364,21496,-4380.5,13062,-21676,-10964,3276.9,72705,354092,176,36,1901,-0.56576,1.5501,1.4534
-6151.7,-2787.9,536.46,-3.8088,-716.89,6737.2,5.9737e+05,369047,1,-4705.8,-43628,44706,24942,-3128.8,13210,-25376,-12184,2960.9,74375,354340,176,36,1901,-0.57467,1.5501,1.4499
-8374.3,1447.5,-3418.1,260.46,4892.6,7739.7,6.2136e+05,8041,1,1.5592e+05,-28485,72598,-48399,-39683,28579,1.0334e+05,17395,9890.2,2.1496e+05,365480,176,19,1897,-0.40697,1.5635,1.4916
-12111,2044.8,-9556.4,-2205.1,10876,10911,5.5275e+05,10491,1,-5.2816e+05,-65962,-1.0984e+05,2.5892e+05,-12752,1.0179e+05,-4.6724e+05,-44284,-1.1331e+05,7.7848e+05,368108,176,28,1899,-0.49819,1.556,1.4717
-5746,-2011.7,136.2,24.025,-160.93,6087.3,5.8367e+05,11729,1,23516,-47620,59080,-16403,-7424.3,2168.2,-4275.2,2183.2,-3717,81712,355424,176,28,1899,-0.5201,1.5583,1.4616
-5775.4,-1988.2,99.383,-4.8902,-137.38,6107.3,5.3314e+05,11727,1,-1.3199e+05,-31736,-11444,71198,-22930,49069,-1.8247e+05,40511,-1.0595e+05,2.6967e+05,366724,176,28,1899,-0.51053,1.5615,1.4616
-5785,-1887.1,-97.414,-5.8694,125.17,6084.5,5.9576e+05,11731,1,15980,-39919,48365,1058.8,-10576,11714,10081,-2345.4,6112.1,67696,353269,176,28,1899,-0.52965,1.5551,1.4616
-6641.4,-2215.5,-140.98,-27.718,163.32,7000.7,5.9713e+05,12977,1,2403.3,-42664,46736,9764.4,-9928,14333,-5050.7,-3712,2075.9,66732,353094,176,28,1899,-0.54211,1.5602,1.4515
-6478.7,-2307.3,-19.083,-20.802,7.1248,6877.3,5.9597e+05,12979,1,-2704.7,-44059,46256,16446,-6084.7,12831,-15412,-8673.2,3401.7,69890,353637,176,36,1901,-0.55168,1.5569,1.4515
-6915.4,-2918.7,398.06,-2.9137,-529.63,7498,5.9717e+05,14235,1,-5205.8,-45451,47046,21740,-2177.1,10999,-26897,-11968,2198.1,76001,354589,176,36,1901,-0.57381,1.5583,1.4414
-7144.3,-2715,132.87,-8.0601,-182.93,7641.8,5.9633e+05,14233,1,-2787.5,-41872,44281,18592,-3342,10895,-19067,-10001,3364.8,68354,353380,176,36,1901,-0.56424,1.5618,1.4414
-7577.8,-3252.8,743.12,192.56,-813.73,8237.5,5.9362e+05,15499,1,-4418.1,-42701,44647,16840,8759.9,-2770.7,-28044,-27017,18156,77784,354857,176,36,1901,-0.58646,1.563,1.4311
-7258.4,845.33,-2644.9,119.54,3710.1,6827.5,6.1861e+05,8039,1,1.3027e+05,-72288,1.1065e+05,-22641,-46762,43059,58577,6432.7,8769,2.0626e+05,365171,176,18,1896,-0.39737,1.566,1.4916
-10264,492.01,-3744.5,-260.84,4829.8,9809.6,5.9842e+05,9251,1,79958,-22490,45646,-88032,-66215,45800,1.4017e+05,36975,-636.53,2.1031e+05,365319,176,19,1897,-0.40927,1.5723,1.4817
-9419.4,-207.25,-2364.4,-29.805,3172.8,9181,6.0915e+05,9249,1,1.2343e+05,-6412.5,39655,-18664,-51088,49156,78996,46276,-27890,1.7715e+05,363842,176,18,1896,-0.39961,1.5748,1.4817
-11323,2685.6,-9743.4,-2077.9,11193,10038,5.5699e+05,11721,1,-42738,2.1542e+05,-2.4522e+05,2.5752e+05,-1.4306e+05,2.3887e+05,-2.5669e+05,2.5377e+05,-3.5816e+05,7.1469e+05,368087,176,30,1900,-0.4817,1.5706,1.4616
-7103.4,-1718.5,-1517.2,-613.04,1485.4,7289.1,5.3115e+05,11725,1,-2.3891e+05,59261,-1.4406e+05,73938,-94259,1.2584e+05,-2.507e+05,1.6673e+05,-2.6339e+05,5.2111e+05,367961,176,27,1898,-0.50094,1.5646,1.4616
-10069,-449.72,-5408.4,-1665.8,5757,9742.4,5.4143e+05,11723,1,-2.7279e+05,1.705e+05,-2.7398e+05,2.5121e+05,-71074,1.6028e+05,-4.8723e+05,1.902e+05,-3.6755e+05,8.2527e+05,368115,176,27,1898,-0.49133,1.5676,1.4616
-6864.9,-2308,0.62167,-11.566,-10.992,7242.5,5.9815e+05,12973,1,7657.4,-47998,54470,-2122.9,-15843,16296,10536,53.081,3751.1,77302,354771,176,28,1899,-0.52293,1.5668,1.4515
-7001.8,-2396.9,95.751,-13.61,-139.43,7400,5.9974e+05,12971,1,-21315,-48596,45124,-7219.9,-20219,19270,-9148.5,7065.5,-10703,77023,354730,176,27,1898,-0.5133,1.57,1.4515
-6769.1,-2219.5,-132.84,-26.491,153.57,7123.2,5.9992e+05,12975,1,3588.3,-44733,49464,425.36,-15408,16757,6911.3,1376,1026.2,70920,353807,176,28,1899,-0.53253,1.5635,1.4515
-7562.5,-2489,-134.7,-26.286,155.55,7961.1,5.9977e+05,14227,1,756.58,-35407,38763,1133.8,-11514,12948,3939,1206.7,125.29,55455,351002,176,28,1899,-0.53539,1.5719,1.4414
-7456.2,-2497.5,-134.03,-21.369,158.93,7862.9,5.9762e+05,14229,1,1870.8,-32503,36112,7428.1,-8308.1,11870,-3192.4,-927.58,-211.53,51383,350173,176,36,1901,-0.54503,1.5686,1.4414
-7323.5,-2577,-43.74,-15.802,44.202,7763.7,5.9542e+05,14231,1,-2238.8,-40025,42525,13530,-7222.6,13018,-11757,-5390.9,1329,63160,352450,176,36,1901,-0.55464,1.5652,1.4414
-7772,-3058.6,335.55,78.178,-374.96,8350.2,5.8862e+05,15497,1,-585.38,-32178,34965,10310,7692.6,-4348.5,-12575,-22726,19918,59280,351745,176,36,1901,-0.57685,1.5666,1.4311
-7897.8,-2864.8,44.322,20.611,-40.71,8401.3,5.8894e+05,15495,1,-396.79,-27702,30150,15346,2127.9,3732.3,-17250,-12261,6596.2,49213,349702,176,36,1901,-0.56723,1.5701,1.4311
-7972.5,-2748.2,-82.179,1.5434,109.57,8432.6,5.929e+05,15493,1,609.13,-25043,27678,10091,-2039.4,6155,-7346.1,-5360.1,3021.1,40365,347375,176,36,1901,-0.55759,1.5736,1.4311
-7885.8,-87.586,-1861.5,81.274,2593.5,7676.4,6.1609e+05,9247,1,2.2858e+05,20346,37928,47863,-38795,53848,48258,49808,-40464,2.5932e+05,366545,176,18,1896,-0.38994,1.5772,1.4817
-11126,264.13,-5334.6,-1249.3,6054.4,10682,5.7131e+05,10475,1,23034,51890,-49755,-81235,-1.3482e+05,1.2144e+05,1.6617e+05,1.9101e+05,-1.5819e+05,3.6652e+05,367553,176,30,1900,-0.42124,1.5786,1.4717
-10127,-560.57,-2880.8,-435.83,3484.7,9941.4,5.8646e+05,10473,1,91405,54162,-32875,-51649,-81420,72870,1.5183e+05,1.1296e+05,-78935,2.6272e+05,366608,176,30,1900,-0.41155,1.5811,1.4717
-8592.4,-756.45,-1619.4,-58.37,2126.9,8514.5,6.0585e+05,10471,1,95297,66538,-45528,-6892.7,-60329,63317,61390,96639,-87504,2.0986e+05,365307,176,30,1900,-0.40184,1.5836,1.4717
-7617.9,-1183,-785.64,-20.636,1038.8,7679.2,6.101e+05,10469,1,1.1687e+05,24554,4613.8,12700,-51254,58553,37663,60822,-55519,1.6941e+05,363399,176,18,1896,-0.39212,1.586,1.4717
-9730.2,829.5,-5967.4,-1367.6,6770.6,9124.8,5.6292e+05,11715,1,-24791,34793,-45461,-92106,-2.5256e+05,2.4446e+05,1.0792e+05,3.5027e+05,-3.4554e+05,6.2422e+05,368038,176,30,1900,-0.45271,1.5792,1.4616
-7695.5,-3141.6,786.96,-3.4872,-1050.7,8282.8,5.6525e+05,12967,1,-91157,19167,-51483,72870,-63085,92535,-1.5035e+05,1.2698e+05,-1.877e+05,3.2116e+05,367293,176,30,1900,-0.494,1.5761,1.4515
-8023.4,-3159.2,759.44,-0.24932,-1011.2,8597,5.6253e+05,12965,1,-28570,54021,-67854,55376,-1.1471e+05,1.4222e+05,-82691,2.057e+05,-2.4963e+05,3.9529e+05,367672,176,30,1900,-0.48432,1.5791,1.4515
-7322.3,-2812.4,465.69,-27.341,-643.98,7831.2,5.844e+05,12969,1,-26430,-29680,23070,-27436,-34792,27969,19953,49510,-46331,99263,357602,176,27,1898,-0.50366,1.5731,1.4515
-7670.9,-2531.7,-79.272,-31.507,77.62,8077.9,6.0034e+05,14225,1,-88.284,-29273,31926,-1753.7,-9589.7,9844.5,6552,1349.9,886.64,45975,348928,176,27,1898,-0.52574,1.5752,1.4414
-7794,-2587,-16.619,-38.691,-11.577,8212,6.015e+05,14223,1,-3785.5,-29477,30842,-6719.8,-10232,8802.3,11286,2225.1,1556.3,46867,349153,176,27,1898,-0.51606,1.5784,1.4414
-7930.9,-2726.7,153.43,-34.188,-232.83,8384.7,6.0197e+05,14221,1,-10241,-25955,24799,-18117,-5347.9,-481.24,22653,-1075.5,9083.3,48450,349504,176,27,1898,-0.50637,1.5815,1.4414
-8039.4,-2661.4,-103.44,-12.177,125.81,8468.1,5.9972e+05,15489,1,1541.8,-16224,18443,1694.7,-5898.5,7142.4,3372.8,2813.4,-1847.1,26779,341811,176,28,1899,-0.53823,1.5803,1.4311
-8013.2,-2679.7,-126.14,-7.091,160.06,8448.8,5.9722e+05,15491,1,3299.8,-17356,20357,5749.2,-4060.2,6675.1,-624.66,-13.729,-231.7,28654,342680,176,36,1901,-0.54792,1.5769,1.4311
-8217.2,-2847.9,-101.86,20.848,151.12,8696,5.8353e+05,16767,1,570.71,-9371.1,10586,3089.4,3722,-2897.4,770.05,-7516.5,8640.4,19072,336795,176,36,1901,-0.5702,1.5783,1.4209
-8217.8,-2833.9,-171.08,26.993,247.02,8690.8,5.8517e+05,16769,1,4849.4,-8647.7,11515,-6026.4,4007,-6891.8,15627,-7978.2,15196,29488,343092,176,36,1901,-0.57988,1.5748,1.4209
-8232.4,-2803.3,-117.96,5.6904,159.37,8695.9,5.8829e+05,16765,1,1200.7,-6372.9,7528.9,4101,-223.41,1851.6,339.86,-637.1,838.38,10966,325969,176,36,1901,-0.56051,1.5818,1.4209
-5681.3,-1033.6,-228.49,62.111,363.47,5767.3,6.0697e+05,10465,1,78628,-51904,75955,20210,-41116,49479,-6009.4,25126,-28640,1.4381e+05,361619,176,18,1896,-0.37262,1.5907,1.4717
-6501.7,-1180.4,-291.1,83.058,466.61,6597.4,6.0675e+05,10467,1,1.0775e+05,-34885,65559,22409,-61246,71764,17925,44273,-43014,1.751e+05,363714,176,18,1896,-0.38238,1.5884,1.4717
-9901.7,-1282.6,-2882.2,-843.71,3107.2,9880.8,5.5917e+05,11713,1,-7185.9,54865,-61695,-79443,-1.8447e+05,1.7491e+05,1.3346e+05,2.9547e+05,-2.786e+05,5.1042e+05,367947,176,30,1900,-0.44301,1.5819,1.4616
-9372.3,-2341.8,-524.8,-189.6,533.76,9658,5.7185e+05,11711,1,20955,61133,-60027,-21450,-1.1728e+05,1.2012e+05,69930,2.0501e+05,-2.0045e+05,3.5146e+05,367476,176,30,1900,-0.4333,1.5846,1.4616
-9015.5,-2639.3,207.85,-30.352,-305.22,9391.1,5.8823e+05,11709,1,6615,72939,-77029,-13770,-1.1556e+05,1.2057e+05,29219,2.0829e+05,-2.1619e+05,3.6104e+05,367530,176,30,1900,-0.42356,1.5873,1.4616
-8571,-2346.7,113.61,-8.1808,-159.35,8885.8,6.0239e+05,11707,1,43901,56204,-48542,15106,-55851,64734,18795,1.0261e+05,-1.0576e+05,1.9248e+05,364627,176,30,1900,-0.41382,1.5898,1.4616
-8133.6,-2182.4,101.75,-18.141,-152.33,8420.5,6.0704e+05,11705,1,46322,17842,-6645.5,14741,-40226,47792,2829.6,51711,-55452,1.1129e+05,358881,176,30,1900,-0.40405,1.5923,1.4616
-7280.1,-2075.5,372.04,12.74,-486.65,7563.6,6.0652e+05,11701,1,55286,-14035,29835,17244,-28932,36047,3759.2,28172,-29695,90923,356574,176,18,1896,-0.38448,1.5972,1.4616
-7673.9,-2048.5,154.05,-7.2889,-212.69,7941.3,6.0758e+05,11703,1,42688,3741,7471.5,13286,-31644,38078,4390.6,38105,-40348,87287,356114,176,30,1900,-0.39428,1.5948,1.4616
-8333.3,-3089.9,740,23.199,-964.75,8866.1,5.6548e+05,12961,1,-3500.2,54386,-60132,3730.6,-1.6999e+05,1.857e+05,-4898.8,2.8103e+05,-3.0659e+05,4.9293e+05,367920,176,30,1900,-0.4649,1.585,1.4515
-8243,-3117.9,708.42,3.5433,-939.98,8791.3,5.6373e+05,12963,1,-33121,57194,-72742,52703,-1.6378e+05,1.9448e+05,-82517,2.7172e+05,-3.211e+05,5.1071e+05,367948,176,30,1900,-0.47462,1.5821,1.4515
-8375.8,-3060.8,756.97,23.36,-987.2,8895,5.7175e+05,12959,1,-11085,27180,-33042,22226,-68543,81382,-33328,1.2272e+05,-1.4373e+05,2.2494e+05,365794,176,30,1900,-0.45517,1.5878,1.4515
-8410,-3026.3,753.8,12.165,-992.81,8914.5,5.8598e+05,12957,1,-12494,31823,-38530,-11796,-54539,55654,15594,1.044e+05,-1.0875e+05,1.7842e+05,363907,176,30,1900,-0.44542,1.5905,1.4515
-8057.5,-2859.9,340.22,-18.006,-466.13,8544,6.0186e+05,14219,1,-8845.8,-12506,10695,-8547.8,3943.3,-7253.1,13165,-6355.5,11485,28911,342824,176,30,1900,-0.49665,1.5846,1.4414
-8174.3,-2921.5,437.29,-12.556,-589.94,8671.7,6.0313e+05,14217,1,-6330.3,-5053.8,3401.6,-4811.5,5179.2,-7315.7,9611.4,-5324.9,9079,19592,337153,176,30,1900,-0.48692,1.5876,1.4414
-8243.9,-2927.3,490.37,-7.0694,-655.47,8737.4,6.0383e+05,14215,1,-7796.8,-2456,106.94,-921.26,7235.6,-8250.3,5358.6,-7048,9495.3,18885,336663,176,30,1900,-0.47717,1.5906,1.4414
-8105.1,-2711.4,39.405,-18.613,-67.859,8546.4,6.0304e+05,15485,1,-1855.7,-11887,12463,-3706,-5799.6,5080.5,8591.7,4973.7,-2404.5,21854,338722,176,27,1898,-0.5188,1.5868,1.4311
-8072.4,-2680.2,-42.847,-17.795,41.18,8505.7,5.998e+05,15487,1,1049.2,-13283,15039,-600.64,-5897.3,6292.9,5941.1,4223.3,-2485.5,23190,339637,176,28,1899,-0.52853,1.5835,1.4311
-8142.2,-2765.1,147.36,-18.433,-209.9,8597.6,6.0379e+05,15483,1,-1751,-5856.7,5872.2,-5023.7,-2851.6,1392.9,10977,4019,-583.06,15626,333793,176,27,1898,-0.50906,1.5899,1.4311
-8231.2,-2766.7,-105.88,-1.1684,137.74,8683.3,5.9411e+05,16763,1,2015.4,-5910.7,7335,3232.9,-2002.4,3473.4,2109.4,1944.2,-1354.3,11375,326723,176,36,1901,-0.55079,1.5852,1.4209
-8220,-2750.7,-61.672,-4.4275,77.06,8667.9,5.9769e+05,16761,1,2363.2,-2617.7,3807.5,1103.2,-2168.5,2844.4,5070.8,3586,-2085.3,9157.8,321122,176,28,1899,-0.54106,1.5886,1.4209
-8206.1,-2755.5,8.9724,-6.2457,-17.045,8656.4,6.0013e+05,16759,1,1090.3,-4287,5180,-492.06,-3274.4,3472.9,6194.2,4453.6,-2669.5,11608,327210,176,28,1899,-0.5313,1.5918,1.4209
-8258.7,-2785.9,-213.33,5.8243,282.95,8714,5.8179e+05,18047,1,195.31,1243.9,-1338.4,-2217.7,1679.8,-2794.2,8538.1,-47.477,3523.6,10210,324147,176,36,1901,-0.57316,1.5865,1.4106
-8255.4,-2791.9,-146.21,2.6364,192.79,8713.8,5.8387e+05,18045,1,-113.33,919.12,-1099.5,-159.51,1536.2,-1796,5468.1,40.443,2137.1,6492,308294,176,36,1901,-0.56341,1.59,1.4106
-8267.8,-2762.4,-309.1,4.7031,406.86,8713,5.8474e+05,18049,1,794.52,229.76,51.206,-3043.7,1729.7,-3189.3,9928.8,-793.83,4966,12124,328428,176,36,1901,-0.58288,1.583,1.4106
-8247.8,-2788.8,-87.103,-0.09285,113.46,8706.2,5.923e+05,18043,1,509.74,1404.3,-1402.4,519.18,153.37,25.499,5114.1,2242,-526.21,5995.8,303610,176,28,1899,-0.55364,1.5934,1.4106
-8199.6,-2724.6,-333.96,0.58471,433.6,8636,5.8348e+05,19337,1,-570.02,3756.7,-4506.9,-2518.7,863.44,-2034,8611.3,2401.6,875.16,11255,326506,176,132,1911,-0.58586,1.591,1.4002
-6850.4,-1843.7,298.66,24.649,-377.83,7090.3,6.0732e+05,11699,1,54037,-29883,46481,34630,-23879,34969,-17507,18304,-24502,1.0103e+05,357800,176,18,1896,-0.37468,1.5995,1.4616
-6303.6,-1478,96.499,33.46,-99.394,6474.4,6.0887e+05,11697,1,69495,-36316,57026,41276,-26380,39160,-23114,19665,-27295,1.2247e+05,359883,176,18,1896,-0.36485,1.6018,1.4616
-5661.9,-1138.3,-63.264,41.767,121.84,5774.1,6.1024e+05,11695,1,68821,-36723,56961,32073,-26596,36985,-13567,21197,-26576,1.1736e+05,359429,176,18,1896,-0.35502,1.604,1.4616
-8415.1,-2927.7,681.44,-4.2517,-910.92,8889.3,6.0128e+05,12955,1,2528.1,38370,-41116,-4681.7,-30809,32136,24202,69189,-68111,1.2323e+05,359943,176,30,1900,-0.43565,1.5932,1.4515
-8356.8,-2815.5,625.33,-12.092,-843.1,8800.2,6.0702e+05,12953,1,9659.5,21817,-21070,7128,-8438.2,11302,3313.3,20543,-21497,46455,349051,176,30,1900,-0.42587,1.5959,1.4515
-8248.1,-2755.5,657.25,-8.5387,-882.48,8676.2,6.0612e+05,12951,1,9702.2,10039,-8248.5,9778.9,-9948.3,13723,-1966.9,15951,-18090,35092,345521,176,30,1900,-0.41607,1.5985,1.4515
-8095.6,-2659.6,658.65,-5.9859,-882.1,8501,6.0607e+05,12949,1,19640,7104.2,-2294.6,13544,-12924,18007,-3706.4,18438,-21320,43869,348391,176,30,1900,-0.40625,1.601,1.4515
-7887.2,-2558.8,672.38,-0.17356,-895.27,8270.8,6.0578e+05,12947,1,29557,-1178.2,9345.1,12698,-16558,21687,596.85,20109,-21977,52495,350409,176,18,1896,-0.39642,1.6035,1.4515
-7660.5,-2459.5,687.3,4.2968,-911.2,8023.4,6.0635e+05,12945,1,23668,-7302.9,14378,14430,-11372,16430,-3776.9,12214,-14528,42453,348007,176,18,1896,-0.38657,1.6059,1.4515
-7407.2,-2311.5,650.13,7.6209,-858.79,7739.2,6.0751e+05,12943,1,36326,-11792,22442,23288,-13430,20876,-10040,12900,-16859,60599,352002,176,18,1896,-0.37671,1.6082,1.4515
-8268.6,-2919.7,541.96,-2.9667,-720.21,8756.1,6.0841e+05,14213,1,-2340.1,2590.4,-3622.1,-913.21,4120.1,-4834.1,6478.8,-2352.6,4674.8,11655,327306,176,30,1900,-0.4674,1.5935,1.4414
-8275.4,-2921.1,604.7,-2.0329,-802.48,8760,6.1327e+05,14211,1,-1895.4,4017.2,-5042.4,-683.7,3511.8,-4089,5897.8,-1416.7,3413.4,11096,326219,176,30,1900,-0.45762,1.5963,1.4414
-8267.1,-2918.7,727.05,-2.8659,-965.21,8744.2,6.0828e+05,14207,1,489.94,5403.5,-5849.6,2869.2,1060.5,-307.33,2259.5,2348,-1921,9856.2,323303,176,30,1900,-0.43799,1.6018,1.4414
-8275.9,-2923.9,669.13,-2.3142,-888.04,8757.7,6.106e+05,14209,1,-958.18,4943.5,-5773,-661.17,2807.9,-3307,6254.9,-72.68,2008.2,11005,326047,176,30,1900,-0.44781,1.5991,1.4414
-8173.3,-2819.4,265.8,-13.699,-361.85,8642.4,6.0422e+05,15481,1,-1205.8,-2686.1,2551.1,-4032.4,-553.75,-784.86,10247,2302.1,993.68,11986,328035,176,27,1898,-0.49929,1.593,1.4311
-8194.9,-2856.4,369.48,-8.5341,-493.98,8672.3,6.0563e+05,15479,1,-3073.2,-2149,1322.2,-3886.1,642.99,-2041.6,9532.5,1058.9,2072.1,11479,326920,176,30,1900,-0.48951,1.596,1.4311
-8206,-2878.8,458.29,-4.9265,-607.86,8687.2,6.0628e+05,15477,1,-1748.3,1044.1,-1756.2,-1546.1,971.87,-1599.1,7221.5,1554.3,677.49,9856.2,323287,176,30,1900,-0.4797,1.599,1.4311
-8197,-2772,91.584,-7.5396,-126.39,8652.6,6.0082e+05,16757,1,900.4,-1265.1,1740.3,-1649.6,-2440.3,2135.8,7758.7,4727.5,-2467.4,10359,324507,176,27,1898,-0.52152,1.5951,1.4209
-8180.9,-2827.8,289.71,-4.8432,-383.71,8652.2,6.0247e+05,16753,1,181.4,0.80578,55.652,-2536.6,-1513.1,803.29,8802.6,4203.7,-1614.5,10352,324484,176,27,1898,-0.50191,1.6014,1.4209
-8188.9,-2798.8,188.59,-6.7327,-252.81,8652.3,6.0185e+05,16755,1,986.44,-520.32,929.94,-2200.9,-2010.1,1466,8614.5,4645.1,-2122,10650,325270,176,27,1898,-0.51172,1.5982,1.4209
-8230.7,-2784.2,-23.769,-1.3459,29.859,8688.8,5.9611e+05,18041,1,1279.2,1667.1,-1406.8,210.7,-769.06,947.69,5879.2,3562,-1765.2,7635.3,314954,176,28,1899,-0.54386,1.5968,1.4106
-8211.6,-2789.8,51.876,-2.4256,-69.652,8672.4,5.9732e+05,18039,1,1106.6,1419.1,-1199.2,-545.34,-1189.9,1137.8,6635.5,3985.7,-2001.9,8462.2,318708,176,28,1899,-0.53405,1.6001,1.4106
-8192.8,-2744,-244.59,0.79221,317.87,8637.7,5.8235e+05,19335,1,-768.46,3781.5,-4631.4,-2053.2,1062.8,-2056.3,7855.3,2139.6,789.54,10622,325171,176,132,1911,-0.57609,1.5946,1.4002
-8187,-2760.4,-159.73,0.47158,207.54,8638.8,5.8319e+05,19333,1,-627.75,3660.7,-4431.3,-1464,933.05,-1656.9,7161.3,2270.4,300.54,9783.7,323108,176,132,1911,-0.56629,1.5981,1.4002
-8180.3,-2773.3,-79.021,-0.094549,102.41,8637.4,5.9146e+05,19331,1,-564.15,3890.2,-4683.9,-1541.6,686.69,-1404,7319.9,2715.5,-189.49,10159,324052,176,132,1911,-0.55647,1.6016,1.4002
-8170.7,-2784.1,0.42366,-0.57137,-1.0218,8632,5.9472e+05,19329,1,-57.406,3680,-4246.1,-1069.7,289.2,-752.43,6936.4,3098.2,-841.64,9580.7,322455,176,132,1911,-0.54664,1.6049,1.4002
-8114.1,-2670.9,-428.77,0.034788,553.32,8535.2,5.8445e+05,20635,1,-936.2,4358.2,-5400.9,-2320.1,824.88,-1942.5,8114.2,2833.7,234.88,11524,326997,176,132,1911,-0.59862,1.5954,1.3897
-8107.6,-2690.5,-339.2,0.086183,437.77,8537.8,5.8368e+05,20633,1,-951.48,4355.9,-5421.2,-2280.1,867.92,-1965.5,8070,2764.2,233.84,11485,326927,176,132,1911,-0.58882,1.5991,1.3897
-7048.8,-2079.4,551.31,16.941,-719.05,7334.6,6.0833e+05,12941,1,47292,-17460,31247,29328,-17493,26783,-14320,15946,-21291,79460,355102,176,18,1896,-0.36684,1.6105,1.4515
-6569.7,-1812.3,440.3,27.942,-561.6,6806.1,6.0951e+05,12939,1,59053,-23286,40313,32147,-21816,32110,-14487,19352,-25049,96989,357323,176,18,1896,-0.35695,1.6127,1.4515
-5982.1,-1538.7,349.36,44.749,-425.77,6171.9,6.1015e+05,12937,1,64509,-27126,45552,27405,-22520,31599,-9003.7,19562,-23918,1.0131e+05,357836,176,18,1896,-0.34705,1.6149,1.4515
-8240.7,-2900.6,775.43,-3.579,-1029.9,8710,6.0678e+05,14205,1,2388.6,5275.9,-5159,2668.9,-1866.7,2857.8,3327,5963.1,-5632.5,12541,329855,176,30,1900,-0.42816,1.6045,1.4414
-8192.3,-2875.9,823.89,-3.3717,-1093.9,8652.6,6.0617e+05,14203,1,5325.4,4364,-3316.7,3569,-2676,4013.1,3370.9,6522.8,-6282.9,13704,331777,176,30,1900,-0.4183,1.6071,1.4414
-8110.4,-2834.6,864.3,-1.8883,-1146.1,8558.4,6.0547e+05,14201,1,9836.2,3060.2,-622.66,6673.4,-4577.3,6986.7,1189,8185.7,-8778.1,19138,336831,176,30,1900,-0.40844,1.6096,1.4414
-8006.9,-2788.1,903.96,-0.25796,-1197.2,8442,6.0594e+05,14199,1,13706,-211.9,4006.6,8058.1,-6179,9115.5,688.91,8865.9,-9705,23736,340004,176,18,1896,-0.39855,1.6121,1.4414
-7863.9,-2706.4,914.34,2.1632,-1208.8,8278.9,6.0651e+05,14197,1,16852,-3157.5,8058.8,10953,-7220.5,11032,-1858.9,9092.4,-10687,29208,342960,176,18,1896,-0.38865,1.6145,1.4414
-7669.6,-2590.5,898.94,5.4938,-1185.6,8058.2,6.0739e+05,14195,1,26642,-5423.6,13026,17079,-9151.9,14701,-6040.2,10575,-13407,42761,348077,176,18,1896,-0.37874,1.6168,1.4414
-8209.3,-2891.6,536.82,-2.9461,-709.61,8691.3,6.0886e+05,15475,1,-823.03,2367.5,-2918.4,-1278.4,602.47,-1091.8,7063.7,2180.6,-123.25,9856.2,323290,176,30,1900,-0.46988,1.6019,1.4311
-8208.6,-2900.4,609.72,-2.553,-805.29,8690,6.0973e+05,15473,1,-450.34,2714.5,-3190.2,-926.76,493.88,-850.29,6665.5,2324.3,-462.83,9856.2,323288,176,30,1900,-0.46005,1.6048,1.4311
-8203.6,-2907.9,681.8,-2.5989,-900.26,8683.8,6.093e+05,15471,1,-223.41,3284.5,-3751,-533.66,448.59,-669.86,6246.7,2522.4,-866.75,9856.2,323289,176,30,1900,-0.45019,1.6076,1.4311
-8192.2,-2913.7,753.96,-2.6274,-995.34,8670.6,6.0819e+05,15469,1,618.26,3448.8,-3692.5,-625.77,37.288,-235.54,6642.1,3035.9,-1367.9,9856.2,323296,176,30,1900,-0.44032,1.6103,1.4311
-8172.4,-2917.8,826.85,-2.4272,-1091.2,8648.4,6.0689e+05,15467,1,1869.9,3619.8,-3518.5,333.72,-488.84,648.49,5934.6,3707.7,-2390.9,9856.2,323299,176,30,1900,-0.43043,1.613,1.4311
-8175.5,-2850.8,382.03,-3.673,-503.68,8652.1,6.0262e+05,16751,1,-181.22,1051.2,-1252.1,-1984.3,-578.92,-33.728,8089.1,3317.2,-943.59,9856.2,323298,176,27,1898,-0.49207,1.6044,1.4209
-8170.4,-2868.2,467.42,-2.8478,-614.87,8650,6.0382e+05,16749,1,23.557,1735,-1954.5,-1484.1,-130.01,-355.93,7471.7,2856.6,-695.8,9856.2,323292,176,27,1898,-0.48222,1.6074,1.4209
-8164.8,-2880.8,546.32,-2.8331,-718.23,8645.6,6.0542e+05,16747,1,-98.802,2016,-2314.2,-1158.5,-2.1435,-382,7045.5,2721.4,-738.06,9856.2,323286,176,132,1911,-0.47235,1.6103,1.4209
-8175.2,-2817,222.4,-3.041,-292.45,8644.9,5.9958e+05,18035,1,940.74,1494.4,-1361,-1746.6,-1262,797.29,8128.7,4190.7,-1804.8,9856.2,323282,176,27,1898,-0.51437,1.6065,1.4106
-8193.8,-2800.5,133.19,-3.1406,-176.25,8658.4,5.9817e+05,18037,1,1060,2051.3,-1949.3,-1060.7,-1007.5,749.91,7328.7,4059.2,-1893.7,9252.4,321460,176,27,1898,-0.52422,1.6033,1.4106
-8159.9,-2836.1,313.69,-2.6714,-411.15,8634.7,5.9989e+05,18033,1,645.09,1887.1,-1925.7,-1599.6,-722.98,252.48,7860.4,3637.3,-1339.7,9856.2,323283,176,27,1898,-0.5045,1.6096,1.4106
-8158.8,-2794.8,80.355,-1.2557,-105.25,8623.9,5.9593e+05,19327,1,220.28,3420,-3851.4,-1179.7,-123.88,-312.03,7169,3501.8,-1282,9663.5,322721,176,132,1911,-0.53678,1.6083,1.4002
-8101.4,-2709.4,-250.47,0.11101,323.3,8540,5.8325e+05,20631,1,-941.68,4352.1,-5419.2,-2192.5,912.48,-1967,7973.2,2685.4,218.54,11381,326735,176,132,1911,-0.57899,1.6027,1.3897
-8095.3,-2727.2,-163.27,0.058183,210.73,8541.3,5.837e+05,20629,1,-896.13,4316.9,-5345.9,-2000,930.16,-1890.6,7746.8,2626.9,136.46,11108,326237,176,132,1911,-0.56915,1.6062,1.3897
-8088.9,-2744,-77.113,-0.053896,99.463,8541.5,5.919e+05,20627,1,-803.34,4370.4,-5391.7,-1923.6,834.56,-1742.7,7700.6,2762.1,-103.64,11099,326225,176,132,1911,-0.55928,1.6096,1.3897
-8081.9,-2760.5,8.7042,-0.22192,-11.413,8540.3,5.9423e+05,20625,1,-731.99,4342.6,-5338.2,-1933.4,711.44,-1592,7746.6,2884,-290.76,11094,326212,176,132,1911,-0.5494,1.613,1.3897
-8073.9,-2776.8,94.861,-0.36508,-122.71,8537.7,5.9405e+05,20623,1,-504.69,4261.9,-5147.2,-1758.1,575,-1351.8,7617.3,3008.3,-534.25,10841,325718,176,132,1911,-0.53949,1.6164,1.3897
-8017.6,-2636.8,-431.85,-0.045441,554.46,8432.9,5.8571e+05,21937,1,-1008.9,4437,-5598.3,-2287.9,841.12,-1975.8,8036.1,2865.9,173.52,11607,327205,176,132,1911,-0.6016,1.6034,1.3793
-8011.4,-2656.3,-342.27,-0.024088,439.45,8435.8,5.8545e+05,21935,1,-998.85,4434.4,-5603.1,-2263,869.4,-1985.1,8022.2,2809.7,161.81,11582,327134,176,132,1911,-0.59175,1.6071,1.3793
-8005.2,-2675.2,-253.2,-0.0094614,325.1,8437.9,5.848e+05,21933,1,-973.76,4435.3,-5583,-2217.3,892.05,-1976.2,7985.2,2765.8,145.39,11526,326998,176,132,1911,-0.58188,1.6107,1.3793
-5347.8,-1316.4,311.82,57.729,-364.39,5503.9,6.1095e+05,12935,1,70356,-28695,48213,21525,-20452,27776,-1583.4,17790,-20208,1.0236e+05,357967,176,38,1902,-0.33713,1.617,1.4515
-7111.4,-2292.3,836.81,18.865,-1091.7,7438.7,6.0892e+05,14191,1,42440,-11762,23725,23479,-13861,21385,-9177.6,14084,-18086,65672,352888,176,18,1896,-0.35887,1.6214,1.4414
-7416.1,-2452.9,876.58,12.315,-1150,7775.6,6.0785e+05,14193,1,27618,-7098.6,15037,16268,-10620,16091,-5041.2,11737,-14471,45257,348738,176,18,1896,-0.36881,1.6191,1.4414
-6683.9,-2076.5,774.84,35.305,-995.35,6971,6.0942e+05,14189,1,46663,-15708,28990,23511,-15554,23227,-8206.8,14887,-18771,72389,354042,176,18,1896,-0.34891,1.6235,1.4414
-6161.2,-1847.9,714.26,51.722,-900.89,6408.7,6.1037e+05,14187,1,64047,-20439,38068,26808,-17812,26370,-7329.4,16438,-20251,91839,356699,176,18,1896,-0.33895,1.6257,1.4414
-8140.2,-2916.8,897.77,-1.9829,-1184.2,8612.4,6.0601e+05,15465,1,2976.2,3425.7,-2995.2,622.5,-1247,1585.6,5934.2,4513.9,-3346.7,10040,323781,176,30,1900,-0.42052,1.6156,1.4311
-8095.7,-2911.9,967.79,-1.1984,-1275.8,8563.2,6.0564e+05,15463,1,5313.3,2663.5,-1494.5,2276.2,-2002.9,2907.7,4756.3,5116.7,-4411.5,11112,326243,176,30,1900,-0.4106,1.6181,1.4311
-8031.9,-2888.4,1021.8,-0.20683,-1346.1,8490.3,6.057e+05,15461,1,6836,1438.3,272.74,3336.8,-2869.2,4178.7,3905.3,5712.6,-5379.5,12749,330266,176,18,1896,-0.40067,1.6206,1.4311
-7944.5,-2852.1,1067.3,1.0578,-1404.9,8391.4,6.0624e+05,15459,1,11203,598.16,2374,6500.4,-3787.5,6055.2,1530.3,6456.1,-6884.2,17782,335772,176,18,1896,-0.39071,1.6231,1.4311
-7821.3,-2790.4,1093.5,3.3519,-1437.5,8251.5,6.0683e+05,15457,1,15834,-1734.8,6158.9,9185.1,-5590.4,8774,-231.28,7813.6,-8921.9,24999,340885,176,18,1896,-0.38075,1.6254,1.4311
-8146.6,-2901,699.41,-3.4209,-919.33,8627.1,6.0709e+05,16743,1,451.42,2745.9,-2976.7,-927.51,-147.76,-124.99,6937.1,3061,-1276.9,9856.2,323293,176,30,1900,-0.45255,1.616,1.4209
-8157.4,-2891,622.33,-3.2296,-818.17,8638.3,6.0642e+05,16745,1,376.33,2390.9,-2596.8,-1048.9,-149.83,-170.15,7034.2,2965.2,-1081.1,9856.2,323291,176,132,1911,-0.46246,1.6132,1.4209
-8131.6,-2911.7,778.91,-3.2996,-1023.4,8611.6,6.0716e+05,16741,1,1028.2,2994.2,-3091.7,-883.9,-373.67,152.23,7095.6,3409.7,-1684.3,9856.2,323300,176,30,1900,-0.44263,1.6187,1.4209
-8111.5,-2922,860.02,-2.7967,-1129.3,8590.7,6.0698e+05,16739,1,1467.6,3108.7,-3099.4,-903,-516.27,314.62,7279.2,3609.5,-1902.8,9856.2,323327,176,30,1900,-0.43268,1.6214,1.4209
-8085.9,-2932.4,942.92,-2.0189,-1237.2,8563.8,6.0651e+05,16737,1,2265.2,3080,-2843.1,-387.11,-719.87,704.55,6910.7,3820,-2302,9856.2,323328,176,30,1900,-0.42273,1.6241,1.4209
-8136.9,-2866.2,482.89,-2.5839,-631.63,8617.3,6.0226e+05,18029,1,319.36,1956,-2128.3,-1313.1,-328.11,-75.745,7354.5,3100.7,-1022.4,9856.2,323285,176,132,1911,-0.48471,1.6157,1.4106
-8147.7,-2852,399.94,-2.4259,-523.37,8625.8,6.0086e+05,18031,1,551.83,2096.7,-2210.7,-1335.9,-414.66,5.1934,7480.7,3297.3,-1149.2,9856.2,323284,176,27,1898,-0.49462,1.6127,1.4106
-8126.1,-2878.9,563.78,-2.9571,-737.38,8607.9,6.0363e+05,18027,1,464.48,2330.4,-2522,-1171.8,-304.93,-43.894,7218.5,3188,-1234.5,9856.2,323294,176,132,1911,-0.47479,1.6187,1.4106
-8129.2,-2822.6,251.12,-1.5183,-326.93,8602.7,5.9704e+05,19323,1,368.12,3097,-3440.3,-1543.2,-306.11,-219.86,7691.4,3593.8,-1302.7,9892.2,323436,176,132,1911,-0.517,1.6147,1.4002
-8143.8,-2806.3,162.85,-1.5833,-212.51,8612.7,5.9704e+05,19325,1,409.77,3327.9,-3681.1,-1319.4,-268.53,-189.83,7440.4,3652.6,-1403.3,9864.7,323364,176,132,1911,-0.5269,1.6115,1.4002
-8116.3,-2837.7,337.06,-1.5745,-438.44,8593.5,5.9761e+05,19321,1,397.19,2809.4,-3103.8,-1399.7,-221.66,-251.79,7520.5,3355.8,-1157.4,9856.2,323305,176,132,1911,-0.50708,1.6179,1.4002
-8065.1,-2793.9,182.31,-0.39712,-235.58,8534,5.9331e+05,20621,1,-345.21,4117.3,-4932.6,-1792.1,434.15,-1191.2,7731.5,3111.5,-678.24,10777,325610,176,132,1911,-0.52956,1.6197,1.3897
-7998.9,-2693.5,-164.87,-8.8416e-05,211.7,8439.2,5.847e+05,21931,1,-934.79,4457.8,-5605.2,-2138.3,906.44,-1947.8,7911.8,2737.1,77.801,11465,326890,176,132,1911,-0.57199,1.6142,1.3793
-7992.5,-2711.4,-77.029,-0.032307,98.88,8439.6,5.9167e+05,21929,1,-897.02,4474.5,-5613.8,-2116,891.55,-1908.1,7903.1,2741.9,4.8403,11456,326874,176,132,1911,-0.56207,1.6177,1.3793
-7985.9,-2729.4,10.931,-0.10384,-14.119,8439.4,5.9378e+05,21927,1,-855.37,4478.5,-5605.8,-2099.9,871,-1866.7,7902.7,2751.2,-59.199,11441,326838,176,132,1911,-0.55213,1.6211,1.3793
-7979.1,-2747.7,99.386,-0.14646,-127.73,8438.6,5.9258e+05,21925,1,-769.08,4457.5,-5552.8,-2085.3,815.82,-1781.1,7929.2,2788.5,-166.88,11409,326785,176,132,1911,-0.54218,1.6244,1.3793
-7920.2,-2602.5,-434.81,-0.077776,555.5,8329.6,5.858e+05,23245,1,-1017.3,4437.9,-5680.4,-2262.1,846.01,-1999,8000.5,2867,165.43,11622,327234,176,132,1911,-0.60456,1.6113,1.3687
-7913.9,-2621.7,-345.02,-0.071415,440.78,8332.3,5.8512e+05,23243,1,-997,4450.7,-5689.5,-2259.3,862.14,-2001.7,8016.8,2832.7,145.4,11634,327263,176,132,1911,-0.59467,1.615,1.3687
-7907.5,-2640.9,-255.34,-0.045077,326.22,8334.4,5.8481e+05,23241,1,-971.5,4464.2,-5682.4,-2217.8,886.46,-1991.7,7988.3,2787.5,116.21,11594,327179,176,132,1911,-0.58474,1.6186,1.3687
-7822,-2567.9,-437.54,-0.08292,556.28,8225.5,5.8456e+05,24561,1,-1001.7,4448.4,-5752.3,-2252.1,848.19,-2016.2,7998.3,2866.6,149.08,11660,327316,176,132,1911,-0.6075,1.6191,1.3581
-5498.2,-1611,691.85,83.534,-843.61,5708.4,6.1062e+05,14185,1,82023,-19999,41157,20758,-17328,24264,5136.8,17407,-18472,1.0398e+05,358151,176,38,1902,-0.32896,1.6277,1.4414
-4568,-1442.2,848.15,149.73,-993.12,4759.9,6.1032e+05,14183,1,1.1267e+05,-7854.3,33732,9815.8,-13922,17966,27553,18394,-14776,1.2579e+05,360173,176,38,1902,-0.31897,1.6297,1.4414
-7645.4,-2698.5,1100.5,7.8102,-1442.8,8053.7,6.0732e+05,15455,1,23789,-4618,11351,13696,-7718.9,12280,-3258.4,9338.3,-11433,36641,346124,176,18,1896,-0.37077,1.6277,1.4311
-7406.5,-2572.8,1085.1,14.277,-1417,7787.5,6.0793e+05,15453,1,28266,-6690.2,14706,14936,-9056.6,14063,-3490.2,10345,-12658,42922,348128,176,18,1896,-0.36077,1.63,1.4311
-6715.3,-2254.2,1030.5,35.929,-1326.5,7034.1,6.095e+05,15449,1,47895,-11500,24537,22153,-12142,19138,-6078.9,12466,-15677,66864,353118,176,18,1896,-0.34074,1.6343,1.4311
-7111,-2439.9,1072.8,21.569,-1394.6,7465,6.0872e+05,15451,1,36584,-9668.7,19951,18296,-11121,17138,-5238.7,11694,-14602,54401,350784,176,18,1896,-0.35077,1.6322,1.4311
-6143.4,-2025.4,1000.7,67.98,-1259.8,6422.9,6.0968e+05,15447,1,75846,-12683,31951,23839,-13715,21186,2183.9,14917,-16575,92960,356840,176,38,1902,-0.33071,1.6363,1.4311
-8054.6,-2938.8,1022.6,-1.2507,-1341,8530,6.0615e+05,16735,1,2739.5,2699.6,-2301,-195.35,-955.19,1035.8,6823.1,3970.9,-2566.2,9856.2,323324,176,30,1900,-0.41275,1.6266,1.4209
-8012.7,-2937,1095.9,-0.15629,-1436.1,8483.4,6.056e+05,16733,1,4413.3,2423.2,-1527.8,1159,-1363.7,1889.6,5727.5,4332.9,-3341.8,9859.2,323343,176,18,1896,-0.40277,1.6291,1.4209
-7957.2,-2925.7,1161.5,1.0086,-1521.1,8420.9,6.0577e+05,16731,1,7184.9,1513.3,236.43,3049.7,-2255.8,3420.9,4296.6,5077.9,-4634.8,12074,328300,176,18,1896,-0.39276,1.6316,1.4209
-7773.4,-2858.8,1261,5.0921,-1647.9,8214.2,6.0716e+05,16727,1,14238,-1187.4,5079.4,7193,-4433.4,6974.1,1545.8,6758.9,-7363.9,21266,338316,176,18,1896,-0.37271,1.6363,1.4209
-7882.5,-2902,1217.7,2.5007,-1593.4,8336.6,6.0639e+05,16729,1,9019.5,624.77,1694.2,4044.9,-3027.5,4556.8,3626.6,5694.9,-5560.8,14402,332578,176,18,1896,-0.38274,1.6339,1.4209
-8099.5,-2903.5,726.64,-3.2054,-949.89,8582.4,6.0532e+05,18023,1,773.95,2559.9,-2699.5,-1114.7,-425.93,131.43,7276.7,3403.6,-1574.1,9856.2,323297,176,132,1911,-0.45489,1.6244,1.4106
-8082.9,-2916.2,809.85,-2.9656,-1058.2,8565.9,6.0583e+05,18021,1,1037,2676.1,-2756.1,-1098.2,-484.95,211.9,7352.1,3502.7,-1714,9856.2,323302,176,132,1911,-0.44492,1.6271,1.4106
-8113.8,-2891.1,644.63,-3.1848,-842.96,8596.3,6.0471e+05,18025,1,650.8,2495.4,-2659.7,-1158.9,-381.82,58.403,7279.7,3340.4,-1449.9,9856.2,323295,176,132,1911,-0.46485,1.6215,1.4106
-8062.8,-2928.9,894.12,-2.5835,-1167.7,8545.4,6.0614e+05,18019,1,1416.2,2733.2,-2718.6,-1070,-579.81,338.62,7451.9,3623.8,-1883.4,9856.2,323309,176,30,1900,-0.43492,1.6298,1.4106
-8039.6,-2941.4,979.16,-2.0176,-1278.1,8521.3,6.0615e+05,18017,1,1808.5,2640.8,-2515.7,-932.12,-647.12,467.95,7402.2,3656.1,-2006.5,9856.2,323310,176,18,1896,-0.42492,1.6325,1.4106
-8091.3,-2864.6,503.72,-2.125,-655.03,8573.2,6.002e+05,19317,1,362.37,2768,-3085.6,-1327.6,-197.19,-233.47,7384.5,3264.5,-1220,9856.2,323301,176,132,1911,-0.48719,1.624,1.4002
-8103.7,-2851.1,420.5,-1.7946,-546.84,8583.5,5.9908e+05,19319,1,252.03,3019,-3416.4,-1385.6,-76.415,-405.81,7430.2,3239.6,-1114.3,9856.2,323307,176,132,1911,-0.49715,1.621,1.4002
-8078.6,-2878.3,587.37,-2.3487,-763.71,8562.2,6.0148e+05,19315,1,467.79,2882.7,-3193.3,-1329.2,-205.84,-214.96,7432,3312.2,-1315.5,9856.2,323304,176,132,1911,-0.47722,1.6269,1.4002
-8065.1,-2892.3,671.49,-2.5199,-872.95,8549.8,6.0255e+05,19313,1,516.46,2886.7,-3189.2,-1319.7,-253.99,-147.54,7437.8,3362.8,-1422.2,9856.2,323306,176,132,1911,-0.46723,1.6298,1.4002
-8055.9,-2810.2,268.81,-0.5221,-347.3,8529.1,5.9397e+05,20619,1,-309.84,3931.5,-4710.1,-1716.9,390.96,-1101.1,7647.8,3069.5,-722.97,10511,324822,176,132,1911,-0.51961,1.6229,1.3897
-8046.2,-2825.6,354.2,-0.73361,-457.66,8523,5.9551e+05,20617,1,-204.77,3822.7,-4551,-1675.8,340.15,-1014.8,7628.8,3065.8,-787.81,10370,324530,176,132,1911,-0.50964,1.626,1.3897
-7972.2,-2766.1,188.02,-0.17631,-241.56,8437.1,5.9254e+05,21923,1,-747.73,4409.1,-5492.9,-2086.6,777.85,-1723.9,7943.9,2794.5,-232.09,11361,326694,176,132,1911,-0.5322,1.6277,1.3793
-7965.2,-2784.3,276.32,-0.24909,-355,8434.9,5.9344e+05,21921,1,-631.63,4357.1,-5387.5,-1987.3,739.91,-1628,7862.6,2799.9,-328.14,11195,326386,176,132,1911,-0.5222,1.631,1.3793
-7901,-2659.6,-166.14,-0.017244,212.27,8335.6,5.8396e+05,23239,1,-931.83,4485.1,-5713.7,-2186.2,894.78,-1982.5,7973.6,2768.2,74.444,11593,327172,176,132,1911,-0.5748,1.6221,1.3687
-7894.4,-2677.9,-77.281,-0.024821,98.722,8336,5.8946e+05,23237,1,-902.95,4495.3,-5706.4,-2152.5,896.51,-1952.3,7946.3,2746.8,21.528,11555,327069,176,132,1911,-0.56484,1.6256,1.3687
-7887.9,-2696.5,11.651,-0.080925,-14.951,8336,5.9273e+05,23235,1,-871.69,4503.8,-5719.5,-2167.7,880.54,-1927.6,7983.6,2745.4,-35.765,11585,327142,176,132,1911,-0.55485,1.6291,1.3687
-7881.3,-2715.3,100.94,-0.11412,-129.06,8335.5,5.932e+05,23233,1,-849.67,4503.5,-5709.6,-2173.7,872.66,-1906.2,8007.7,2735.9,-75.351,11590,327163,176,132,1911,-0.54485,1.6324,1.3687
-7874.8,-2734.2,190.36,-0.13815,-243.34,8334.5,5.9286e+05,23231,1,-814.67,4500,-5696.5,-2161.1,867.64,-1881.5,8010.2,2717.8,-117.95,11571,327105,176,132,1911,-0.53482,1.6358,1.3687
-7815.4,-2587.2,-347.37,-0.076104,441.63,8228,5.8391e+05,24559,1,-982.46,4460.3,-5762,-2247.3,860.02,-2016.5,8009.5,2841.1,129.18,11669,327337,176,132,1911,-0.59756,1.6228,1.3581
-7808.8,-2606.4,-257.2,-0.051395,327,8229.8,5.8379e+05,24557,1,-953.84,4476.7,-5773.9,-2226.5,873.71,-2009.7,8006.5,2810.8,97.919,11665,327327,176,132,1911,-0.58759,1.6264,1.3581
-7716.2,-2552.6,-349.45,-0.055703,442.17,8122.9,5.8187e+05,25881,1,-969.51,4461.9,-5825.9,-2241.6,852.76,-2030,8007.6,2853.7,119.47,11702,327409,176,132,1911,-0.60042,1.6306,1.3475
-5204.5,-1795.8,1106.8,141.31,-1336.6,5452.5,6.0961e+05,15445,1,1.2015e+05,-7953.2,35938,20064,-14562,21194,20888,18159,-16167,1.3372e+05,360796,176,38,1902,-0.32066,1.6383,1.4311
-3759.1,-1679.4,1492.1,249.4,-1751.5,4005.9,6.0955e+05,15443,1,1.4848e+05,3853.2,27870,1217.3,-13627,15947,44487,22075,-15688,1.6122e+05,362883,176,38,1902,-0.3106,1.6403,1.4311
-7607.3,-2782.2,1284.3,11.402,-1673.2,8028.8,6.0737e+05,16725,1,19658,-3489.9,9019.4,9950.3,-6148.5,9613,-131.17,8040.8,-9291.4,29329,343017,176,18,1896,-0.36266,1.6385,1.4209
-7393.7,-2686.1,1294.1,17.618,-1680.8,7793,6.0829e+05,16723,1,26464,-6041.7,13513,12827,-7464.5,11782,-1779.6,8867.1,-10665,38393,346729,176,18,1896,-0.3526,1.6407,1.4209
-7116.6,-2564.5,1290.8,26.666,-1668.7,7490.2,6.0941e+05,16721,1,41717,-9259.1,20661,17856,-9642.9,15408,-2071.6,10784,-12955,56485,351222,176,38,1902,-0.34253,1.6428,1.4209
-6652.8,-2382.4,1295,60.37,-1645.7,6993,6.0934e+05,16719,1,64610,-8395.2,24750,20505,-10901,17399,3850.3,13081,-14249,78029,354900,176,38,1902,-0.33244,1.6449,1.4209
-5846.6,-2195,1421.9,131.81,-1751.5,6159.4,6.0959e+05,16717,1,1.1307e+05,-4827.5,31117,20162,-12096,18583,21882,16878,-14626,1.2511e+05,360118,176,38,1902,-0.32234,1.6469,1.4209
-8013,-2951.6,1062.2,-1.4307,-1385.8,8492.8,6.0621e+05,18015,1,2246.2,2534.7,-2282.6,-710.92,-710.7,615.22,7266.1,3678.1,-2134,9856.2,323311,176,18,1896,-0.41489,1.635,1.4106
-7980.6,-2958.5,1143,-0.66482,-1490.5,8457.4,6.0603e+05,18013,1,3170.7,2521,-2012.6,-63.981,-798.96,906.19,6781.7,3747.6,-2394.3,9856.2,323312,176,18,1896,-0.40485,1.6376,1.4106
-7938.7,-2959,1219,0.34723,-1588.7,8410.8,6.0593e+05,18011,1,4197.9,2304.8,-1502.6,527.32,-1004.4,1312.5,6385.7,3912.5,-2750.4,9856.2,323330,176,18,1896,-0.3948,1.64,1.4106
-7881.4,-2951.7,1290.3,1.9685,-1680.3,8346.9,6.058e+05,18009,1,6109.3,1541.7,-134.29,1650.2,-1661.4,2378.8,5565.6,4432.6,-3638.2,10711,325419,176,18,1896,-0.38473,1.6424,1.4106
-7815.2,-2941.3,1358.8,3.1255,-1768.6,8273.3,6.066e+05,18007,1,7376.6,448.58,1425.2,2298,-2364.8,3362,5130.2,4917.2,-4373.6,12184,328597,176,18,1896,-0.37464,1.6447,1.4106
-7725.7,-2912.9,1413.8,5.9198,-1838,8172.7,6.0703e+05,18005,1,13611,-1245.5,4943.2,6161.9,-3622.9,5802,2535.5,5835.3,-6145.4,19346,336961,176,18,1896,-0.36454,1.647,1.4106
-8050.4,-2906.2,755.93,-2.5476,-982.48,8535.9,6.0351e+05,19311,1,672.2,2893.5,-3155.3,-1287.6,-312.82,-58.55,7462.2,3430.5,-1552.9,9856.2,323308,176,132,1911,-0.45722,1.6327,1.4002
-8033.9,-2919.7,840.58,-2.4301,-1092.2,8519.5,6.0433e+05,19309,1,893.17,2840.5,-3034.6,-1292.4,-396.04,48.872,7544.4,3495.9,-1673.3,9856.2,323329,176,132,1911,-0.44719,1.6354,1.4002
-8016.1,-2934.3,926.94,-2.1778,-1204,8501.7,6.048e+05,19307,1,1205.8,2757.9,-2854.4,-1279.4,-472.38,153.71,7632.6,3537.7,-1765.6,9856.2,323334,176,132,1911,-0.43715,1.6382,1.4002
-7995.7,-2948,1012.8,-1.8903,-1315,8480.4,6.0538e+05,19305,1,1425.5,2698.8,-2734.1,-1173,-487.53,213.79,7569,3522.7,-1827.3,9856.2,323326,176,132,1911,-0.42709,1.6408,1.4002
-7972,-2959.8,1097.3,-1.5201,-1424.4,8455.1,6.058e+05,19303,1,1872.7,2624.6,-2519.1,-958.55,-540.79,347.21,7443.4,3541.3,-1930.8,9856.2,323320,176,132,1911,-0.41701,1.6434,1.4002
-8025.8,-2856.1,524.44,-1.373,-677.86,8508,5.985e+05,20613,1,45.586,3594.1,-4202.1,-1534.5,169.05,-740.93,7528.5,3150.3,-1039.1,10059,323815,176,132,1911,-0.48965,1.6322,1.3897
-8014.4,-2871.4,609.82,-1.6908,-788.29,8498.6,5.9985e+05,20611,1,87.881,3570.1,-4173.3,-1587.4,102.94,-670.62,7621.1,3215.5,-1152.3,10144,324011,176,132,1911,-0.47963,1.6352,1.3897
-8036.4,-2841,439.46,-1.0244,-567.92,8516.2,5.9685e+05,20615,1,-171.28,3767.3,-4487.3,-1666.7,292.41,-943.81,7623,3079.7,-875.86,10319,324405,176,132,1911,-0.49966,1.6291,1.3897
-8002.3,-2887.1,696.06,-1.8459,-899.7,8488.1,6.0093e+05,20609,1,298.29,3425.3,-3935.5,-1509.9,-14.073,-493.66,7607.1,3294.6,-1316.4,10014,323716,176,132,1911,-0.46959,1.6381,1.3897
-7958.1,-2802.1,364,-0.41985,-467.71,8431.9,5.9477e+05,21919,1,-640.64,4332.7,-5379.2,-2005.2,714.53,-1595.8,7875.1,2799.2,-385.08,11189,326375,176,132,1911,-0.51218,1.6342,1.3793
-7950.4,-2819.5,451.25,-0.68875,-579.96,8427.7,5.9644e+05,21917,1,-509.86,4275.6,-5261.8,-1943.5,637.8,-1467.9,7847.8,2855.2,-520.9,11071,326161,176,132,1911,-0.50215,1.6373,1.3793
-7868.3,-2753.1,279.7,-0.19127,-357.53,8333.1,5.9346e+05,23229,1,-774.69,4483.1,-5659.2,-2134.2,846.13,-1828.2,7992.5,2712.2,-189.39,11516,326981,176,132,1911,-0.52477,1.639,1.3687
-7802.2,-2625.4,-167.26,-0.025069,212.66,8231,5.8344e+05,24555,1,-917.55,4494.7,-5785.7,-2191.6,885.86,-1993,7987.1,2777.9,51.764,11644,327283,176,132,1911,-0.5776,1.63,1.3581
-7795.4,-2644.1,-77.602,-0.024776,98.654,8231.4,5.8795e+05,24553,1,-895.14,4502.9,-5791,-2181.1,886.51,-1975.5,7985.8,2757.4,9.9136,11638,327274,176,132,1911,-0.56758,1.6335,1.3581
-7788.8,-2662.9,12.062,-0.068975,-15.392,8231.4,5.9125e+05,24551,1,-878.6,4507.8,-5794.2,-2187.1,884.44,-1963.9,8005,2743.9,-20.992,11649,327296,176,132,1911,-0.55755,1.637,1.3581
-7782.2,-2682,101.98,-0.095556,-129.75,8231,5.909e+05,24549,1,-855.78,4512.9,-5795.9,-2192.5,883.15,-1950.6,8027.9,2725.6,-55.795,11660,327319,176,132,1911,-0.5475,1.6404,1.3581
-7775.8,-2701.1,191.99,-0.13802,-244.22,8230.2,5.9153e+05,24547,1,-834.54,4517.8,-5806,-2201.8,878.31,-1935.3,8051.4,2707.8,-97.992,11677,327354,176,132,1911,-0.53742,1.6437,1.3581
-7769.4,-2720.5,282.06,-0.22905,-358.82,8228.9,5.9318e+05,24545,1,-810.61,4519.3,-5783.1,-2193.6,872.29,-1905.5,8053.5,2695,-140.91,11656,327308,176,132,1911,-0.52732,1.647,1.3581
-7702.6,-2591,-168.26,-0.024793,212.91,8125.6,5.8278e+05,25877,1,-917.41,4488.3,-5842.8,-2209.4,877.24,-2016.8,8007.3,2792.6,61.069,11695,327389,176,132,1911,-0.58037,1.6378,1.3475
-7709.4,-2571.9,-258.79,-0.04515,327.45,8124.6,5.8341e+05,25879,1,-935.83,4477.7,-5853.1,-2229.1,863.9,-2028.8,8016.3,2824.4,87.158,11716,327443,176,132,1911,-0.59041,1.6343,1.3475
-7616.3,-2517.8,-351.36,-0.039389,442.51,8017.1,5.8159e+05,27209,1,-947.42,4463.8,-5899.1,-2236.9,849.65,-2048.4,8013.3,2854.6,106.33,11744,327496,176,132,1911,-0.60327,1.6383,1.3368
-4328,-2002.1,1816.5,287.04,-2137.1,4624.9,6.098e+05,16715,1,1.7443e+05,3649,33953,9184.9,-12523,16593,48193,21105,-13972,1.8728e+05,364360,176,38,1902,-0.31223,1.6489,1.4209
-7372.8,-2763.7,1466,19.332,-1894.8,7781.6,6.0903e+05,18001,1,25867,-3552.8,10463,10700,-5346.2,8865.3,1156.2,7313.5,-8271.6,33707,344959,176,38,1902,-0.3443,1.6513,1.4106
-7578.9,-2848.7,1445.3,12.163,-1873.8,8008.2,6.077e+05,18003,1,18029,-2744.7,7711.6,8353.1,-4559.5,7414.9,1184,6490.6,-7281.2,25182,341011,176,38,1902,-0.35443,1.6492,1.4106
-7019.8,-2640.9,1504.4,46.028,-1922.6,7403.8,6.0884e+05,17999,1,51396,-5459.1,18503,15161,-7548.8,12424,6224.7,9863.2,-10096,60769,352034,176,38,1902,-0.33416,1.6534,1.4106
-6350.9,-2487.5,1632.8,110.53,-2036.1,6710.5,6.0917e+05,17997,1,1.0356e+05,-3568.2,27828,17849,-9126.1,14806,24316,13665,-10518,1.1411e+05,359150,176,38,1902,-0.32401,1.6554,1.4106
-4991,-2309.2,2006,258.57,-2398.6,5333.5,6.0972e+05,17995,1,1.6312e+05,1551.8,34441,15019,-10860,16107,43991,17255,-10477,1.7533e+05,363731,176,38,1902,-0.31385,1.6574,1.4106
-7945,-2970.5,1181.4,-0.96157,-1532.9,8425.7,6.0606e+05,19301,1,2396,2449.1,-2185,-692.38,-635.09,543.55,7288.7,3588.1,-2098.4,9856.2,323313,176,18,1896,-0.40692,1.6459,1.4002
-7911.9,-2978.2,1263.7,-0.12239,-1639.1,8389.2,6.0605e+05,19299,1,3358.3,2084.6,-1510.3,-228.23,-889.27,979.83,7022.3,3760.7,-2444.5,9856.2,323314,176,18,1896,-0.39681,1.6484,1.4002
-7871.8,-2983,1344.5,0.97241,-1742.9,8344.7,6.0611e+05,19297,1,4049.8,1791.5,-998.37,200.25,-1054.7,1294.2,6680.4,3840.8,-2679.4,9856.2,323322,176,18,1896,-0.38669,1.6508,1.4002
-7821.4,-2979.2,1417.3,2.1218,-1836.4,8287.7,6.0674e+05,19295,1,5179.7,1558.8,-446.29,855.5,-1148.3,1582.4,6196.1,3874.2,-2896.2,9856.2,323336,176,18,1896,-0.37656,1.6531,1.4002
-7755,-2967.8,1485.9,4.1006,-1923.7,8213.1,6.072e+05,19293,1,7040,918.09,756.49,1756.7,-1568.8,2314.1,5695,4176.2,-3444.6,11118,326251,176,18,1896,-0.3664,1.6554,1.4002
-7665.3,-2947.1,1550.4,7.3995,-2004.6,8113.4,6.077e+05,19291,1,12626,-714.65,4034.7,4838,-2803,4533.3,3748.3,5105.9,-5081.7,17145,335200,176,38,1902,-0.35624,1.6576,1.4002
-7989.7,-2902.5,782.24,-1.8645,-1010.9,8476.4,6.0192e+05,20607,1,302.95,3418.6,-3943.5,-1548.3,-15.678,-494.9,7656.6,3280,-1345.7,10058,323813,176,132,1911,-0.45953,1.6409,1.3897
-7976.4,-2918.1,868.68,-1.8977,-1122.5,8463.6,6.0283e+05,20605,1,467.6,3323.5,-3787.9,-1556,-93.588,-393.28,7719.1,3319.7,-1437.2,10043,323786,176,132,1911,-0.44945,1.6437,1.3897
-7960.9,-2933.2,955.15,-1.9571,-1234.1,8448,6.0393e+05,20603,1,798.73,3183.6,-3515.9,-1463.1,-195.51,-232.83,7716.3,3374.6,-1549.9,9934.8,323546,176,132,1911,-0.43935,1.6464,1.3897
-7943.7,-2949,1042.9,-1.7893,-1347.3,8430.4,6.0471e+05,20601,1,881.85,3118.4,-3432.3,-1465.3,-210.34,-205.28,7756.1,3363.3,-1591.7,9925.6,323520,176,132,1911,-0.42924,1.6491,1.3897
-7924.8,-2963.5,1129.8,-1.4778,-1459.1,8410.2,6.053e+05,20599,1,1456.7,2862.3,-2959,-1181.5,-336.11,41.447,7589.3,3406.9,-1755.7,9856.2,323333,176,132,1911,-0.41912,1.6517,1.3897
-7942,-2837.3,539.39,-0.8699,-693.28,8422.4,5.9701e+05,21915,1,-383.99,4186.5,-5117.8,-1901.2,526.96,-1306.4,7846.9,2946.7,-703.87,10964,325962,176,132,1911,-0.49209,1.6403,1.3793
-7933.2,-2855.1,627.66,-0.96097,-806.69,8416.1,5.9767e+05,21913,1,-350.25,4119.1,-5038.7,-1913.1,465.48,-1224.8,7885.2,2984.4,-806.42,10936,325909,176,132,1911,-0.48202,1.6433,1.3793
-7924.1,-2872.7,715.79,-1.0381,-919.91,8408.9,5.9859e+05,21911,1,-104.73,3948,-4740.1,-1757.3,342.19,-1009.2,7773.4,3057.6,-986.31,10632,325225,176,132,1911,-0.47193,1.6462,1.3793
-7861.8,-2772.1,369.09,-0.29787,-471.82,8331,5.9406e+05,23227,1,-740.26,4482.4,-5662.4,-2150.7,816.79,-1789.9,8028.2,2729.1,-259.83,11540,327034,176,132,1911,-0.51471,1.6422,1.3687
-7855.2,-2791.5,458.89,-0.40017,-586.65,8328.4,5.9478e+05,23225,1,-660.72,4445.8,-5582.1,-2125.7,749.72,-1682.2,8031.9,2785.4,-392.51,11476,326913,176,132,1911,-0.50462,1.6453,1.3687
-7695.8,-2610,-77.935,-0.02761,98.602,8126.1,5.8758e+05,25875,1,-891.75,4496.5,-5859.7,-2198.1,880.83,-2006.1,8008,2767.9,22.523,11695,327390,176,132,1911,-0.57031,1.6414,1.3475
-7689,-2629.1,12.371,-0.067992,-15.708,8126.1,5.9045e+05,25873,1,-872.13,4504.9,-5856.8,-2196.9,881.51,-1986.6,8020.2,2744.6,-20.638,11695,327388,176,132,1911,-0.56023,1.6448,1.3475
-7682.4,-2648.3,102.85,-0.10239,-130.23,8125.7,5.9002e+05,25871,1,-853.61,4510.1,-5865.4,-2205.4,880.52,-1977.4,8043.6,2727,-51.823,11712,327431,176,132,1911,-0.55012,1.6483,1.3475
-7675.9,-2667.7,193.48,-0.16168,-244.96,8124.8,5.9066e+05,25869,1,-831.41,4518.3,-5876.4,-2218.3,876.35,-1965.9,8074.6,2715.9,-88.403,11738,327484,176,132,1911,-0.54,1.6516,1.3475
-7669.3,-2687.4,284.44,-0.22182,-360.11,8123.6,5.9146e+05,25867,1,-811.1,4528.3,-5868,-2224.5,870.44,-1939.6,8095,2705.1,-138.93,11744,327497,176,132,1911,-0.52985,1.6549,1.3475
-7763,-2740.1,372.51,-0.31228,-473.9,8227.2,5.9317e+05,24543,1,-787.75,4527.7,-5808.4,-2228.4,856.68,-1893.5,8114.7,2701.8,-186.02,11719,327449,176,132,1911,-0.51721,1.6502,1.3581
-7602.4,-2556.5,-169.18,-0.019145,213.07,8019.7,5.8298e+05,27205,1,-903.09,4482.9,-5912.5,-2214.5,868.4,-2035,8019.2,2799.5,51.789,11739,327486,176,132,1911,-0.58312,1.6456,1.3368
-7609.3,-2537.2,-260.25,-0.029918,327.75,8018.7,5.8252e+05,27207,1,-926.42,4473.3,-5905.7,-2228.3,859.25,-2044.2,8019,2829.1,83.499,11745,327499,176,132,1911,-0.59321,1.642,1.3368
-7508.7,-2502.4,-261.62,-0.01581,327.96,7912.2,5.8252e+05,28541,1,-913.48,4464.8,-5965,-2228.2,852.17,-2061.6,8024,2834.7,79.836,11778,327562,176,132,1911,-0.59598,1.6497,1.3261
-7534.1,-2902.3,1599.2,13.281,-2063,7967.9,6.0873e+05,19289,1,22372,-2402.8,8303.6,8030.5,-4180.3,6904,3779.8,6431.5,-6675.9,28374,342564,176,38,1902,-0.34606,1.6598,1.4002
-6767.8,-2718.1,1801.6,92.773,-2259.9,7163.9,6.089e+05,19285,1,79655,-1062.4,19711,14525,-6319.5,10869,20450,10417,-7622.5,87684,356158,176,38,1902,-0.32567,1.6639,1.4002
-7285.6,-2826.4,1661.4,34.599,-2126.1,7701.2,6.0858e+05,19287,1,34119,-2994.1,11704,8662.8,-4826.4,7805.4,8550.9,7132.2,-6429.3,40430,347401,176,38,1902,-0.33587,1.6619,1.4002
-5594.2,-2564.5,2170.9,242.07,-2615.6,5973.6,6.0973e+05,19283,1,1.4808e+05,-251.57,33530,12393,-7632.1,11873,45177,13110,-5441.2,1.6015e+05,362805,176,42,1903,-0.31545,1.6659,1.4002
-7876.8,-2987.9,1300.7,-0.48111,-1678.8,8357.4,6.0595e+05,20595,1,2005.2,2558.4,-2477.4,-969.01,-429.82,232.42,7497.9,3402.1,-1900.1,9856.2,323319,176,132,1911,-0.39882,1.6567,1.3897
-7902.8,-2976.2,1215.2,-1.0813,-1569,8386.1,6.0571e+05,20597,1,1511,2824.6,-2923,-1184.6,-317.89,27.088,7614.1,3371.6,-1767.7,9856.2,323332,176,132,1911,-0.40898,1.6542,1.3897
-7846.5,-2997.1,1384.1,0.26107,-1785.8,8323.3,6.062e+05,20593,1,3188.3,2163.1,-1691.1,-324.99,-624.8,650.83,7052.4,3481.7,-2177.6,9856.2,323315,176,18,1896,-0.38864,1.6591,1.3897
-7809.5,-3001.8,1463.8,1.094,-1888,8281.1,6.0682e+05,20591,1,3849,1817.3,-1134.7,-9.223,-811.5,964.43,6861.6,3594.9,-2432.7,9856.2,323316,176,18,1896,-0.37846,1.6615,1.3897
-7695.9,-2994.2,1613.8,4.4648,-2078.8,8153.3,6.0789e+05,20587,1,6960,938.97,665.56,1398.8,-1347.5,1974.2,6124.5,3946.9,-3150.5,10975,325988,176,38,1902,-0.35804,1.666,1.3897
-7759.7,-3000.9,1540.4,2.5601,-1985.7,8224.9,6.0722e+05,20589,1,5239,1452.7,-357.27,610.48,-1085.1,1457.1,6507.9,3792.4,-2813.1,9899.9,323461,176,38,1902,-0.36825,1.6638,1.3897
-7603.8,-2973.4,1680,8.7417,-2160.7,8050.6,6.0836e+05,20585,1,13952,-295.15,3817.7,3874.1,-2273.1,3686.5,5814.4,4691.7,-4176,17786,335776,176,38,1902,-0.34781,1.6682,1.3897
-7914.5,-2889.7,803.13,-1.2207,-1032.2,8400.6,6.0001e+05,21909,1,-155.91,3979.6,-4818.4,-1824.1,379.03,-1068.4,7831.7,2998.9,-956.81,10721,325447,176,132,1911,-0.46182,1.6491,1.3793
-7903.7,-2906.7,890.66,-1.4419,-1144.8,8390.5,6.0146e+05,21907,1,8.9402,3883.8,-4654.4,-1839.3,276.34,-936.21,7917.6,3078.7,-1090.2,10698,325384,176,132,1911,-0.45169,1.6519,1.3793
-7891.9,-2925,980.28,-1.4407,-1259.8,8379.2,6.024e+05,21905,1,378.96,3649.1,-4250,-1712.4,104.62,-673.87,7887.7,3192.8,-1301.5,10441,324678,176,132,1911,-0.44155,1.6546,1.3793
-7878.9,-2942.5,1069.3,-1.3582,-1374.1,8366.1,6.0337e+05,21903,1,307.72,3654.9,-4303.3,-1740.1,151.99,-731.17,7908.1,3130,-1281.4,10466,324735,176,132,1911,-0.43138,1.6573,1.3793
-7864.5,-2958.7,1157.1,-1.2414,-1486.7,8350.6,6.042e+05,21901,1,664.22,3416.7,-3912.4,-1561.3,47.875,-536.32,7803.7,3156.3,-1414.2,10149,324027,176,132,1911,-0.42121,1.6599,1.3793
-7841.4,-2830.2,638.74,-0.56563,-816.57,8321,5.9602e+05,23221,1,-549.07,4389.3,-5483.6,-2062.3,699.92,-1574.5,7995.6,2792.7,-531.96,11352,326677,176,132,1911,-0.48439,1.6514,1.3687
-7848.4,-2811,549.07,-0.4439,-701.91,8325.1,5.9458e+05,23223,1,-668.77,4451.3,-5614.9,-2164.4,757.48,-1698.5,8086.8,2761,-403.58,11537,327026,176,132,1911,-0.49451,1.6484,1.3687
-7834,-2849.1,728.02,-0.73695,-930.78,8315.8,5.974e+05,23219,1,-478.67,4348.9,-5423.6,-2046.6,659.8,-1507.6,8004.9,2805.3,-616.41,11304,326602,176,132,1911,-0.47425,1.6543,1.3687
-7756.5,-2760.1,463.46,-0.35092,-589.58,8224.9,5.9378e+05,24541,1,-746.21,4530.1,-5793.7,-2225.3,845.51,-1860.3,8135.1,2697.5,-246.43,11717,327446,176,132,1911,-0.50707,1.6533,1.3581
-7588.7,-2595,12.685,-0.058648,-16.022,8020.1,5.9006e+05,27201,1,-867.85,4495.7,-5922.5,-2207.5,876.28,-2015.3,8033.6,2753.5,-9.9439,11742,327493,176,132,1911,-0.56288,1.6526,1.3368
-7595.5,-2575.7,-78.251,-0.026577,98.536,8020.1,5.8828e+05,27203,1,-883.56,4490.3,-5918.3,-2207.2,873.85,-2024.2,8022.9,2772.8,18.32,11737,327483,176,132,1911,-0.57301,1.6492,1.3368
-7582,-2614.5,103.75,-0.1031,-130.76,8019.7,5.9102e+05,27199,1,-843.59,4505.7,-5930.7,-2216.8,873.71,-1998.9,8062.5,2735.6,-55.416,11762,327525,176,132,1911,-0.55273,1.6561,1.3368
-7568.6,-2654.1,286.8,-0.16121,-361.35,8017.4,5.911e+05,27195,1,-794.62,4527,-5947.2,-2242.5,869,-1973.9,8129.9,2709.2,-132.02,11816,327654,176,132,1911,-0.53237,1.6627,1.3368
-7575.3,-2634.1,195.09,-0.14653,-245.82,8018.8,5.9131e+05,27197,1,-819.06,4515.9,-5938.3,-2230.5,869.92,-1985.1,8098.1,2724,-94.801,11790,327586,176,132,1911,-0.54256,1.6594,1.3368
-7662.8,-2707.4,375.76,-0.24887,-475.71,8121.8,5.9205e+05,25865,1,-781.76,4539.9,-5888,-2245.8,863.46,-1928.7,8144.9,2702.1,-183.65,11793,327600,176,132,1911,-0.51969,1.6581,1.3475
-7501.6,-2521.8,-170.05,-0.010853,213.17,7913.1,5.8347e+05,28539,1,-892.51,4473.9,-5972.4,-2219.1,861.51,-2054.5,8029,2804.6,50.496,11777,327560,176,132,1911,-0.58585,1.6533,1.3261
-7494.6,-2541.2,-78.558,-0.017541,98.468,7913.5,5.8788e+05,28537,1,-873.28,4481.3,-5978.3,-2213.2,867.52,-2044.8,8035.4,2777.6,17.875,11777,327559,176,132,1911,-0.57569,1.6569,1.3261
-7407.5,-2467.4,-262.96,-0.0029104,328.13,7805.2,5.8181e+05,29881,1,-899.37,4451.6,-6025.9,-2227.4,843.62,-2081.1,8027.7,2842.4,79.986,11810,327636,176,132,1911,-0.59874,1.6573,1.3153
-7400.3,-2487,-170.89,-0.0041905,213.24,7806,5.835e+05,29879,1,-883.59,4461.3,-6023.2,-2220.9,853.8,-2071.2,8034.2,2810.7,50.732,11805,327620,176,132,1911,-0.58855,1.6609,1.3153
-7083,-2870.9,1887.5,63.878,-2383.5,7502.5,6.0831e+05,20581,1,61514,-2347.6,17202,9753.7,-4209.7,7346,20031,6795.7,-3487.5,68642,353426,176,42,1903,-0.32731,1.6723,1.3897
-7441.8,-2938.6,1758.5,21.642,-2251.5,7876.5,6.0819e+05,20583,1,25528,-593.91,6866,5630.6,-3102.4,5081.8,8962.3,5743,-4729.2,30034,343330,176,38,1902,-0.33757,1.6703,1.3897
-6199.9,-2754.3,2192.7,182.55,-2680.6,6604.1,6.0942e+05,20579,1,1.2597e+05,-2395,31458,12103,-5749.4,9681.4,41399,8530.8,-879.4,1.3757e+05,361108,176,42,1903,-0.31705,1.6743,1.3897
-4504,-2644.6,2771.3,363.91,-3279.2,4906.5,6.1029e+05,20577,1,1.7032e+05,-1722.7,39643,1639.4,-5858.2,7459.9,53794,9624,272.04,1.8347e+05,364153,176,42,1903,-0.30677,1.6762,1.3897
-7848.1,-2974.1,1244.5,-0.98445,-1598.8,8332.5,6.0475e+05,21899,1,1019.1,3160,-3511,-1427.4,-57.309,-356.48,7753.5,3178.3,-1529.7,9903.4,323473,176,132,1911,-0.41101,1.6625,1.3793
-7829.4,-2988.7,1331.5,-0.65693,-1710.2,8311.4,6.0543e+05,21897,1,1284.6,3020.9,-3277.4,-1292.3,-96.177,-261.78,7664.2,3161,-1587,9856.2,323335,176,132,1911,-0.40081,1.665,1.3793
-7806.9,-3001,1416.7,-0.26511,-1819.2,8285.6,6.061e+05,21895,1,1859.6,2789.8,-2850.7,-1033.5,-205.81,-46.193,7515.9,3203.5,-1743.1,9856.2,323323,176,132,1911,-0.39058,1.6674,1.3793
-7778.3,-3010.7,1500.4,0.32918,-1926.2,8252.7,6.0676e+05,21893,1,2557.6,2540.4,-2375.2,-779.71,-362.84,222.12,7408.9,3302.8,-1954.4,9856.2,323318,176,132,1911,-0.38034,1.6698,1.3793
-7742.7,-3018.6,1583.9,1.2579,-2032.7,8212.1,6.0732e+05,21891,1,3669.1,2110.5,-1577.8,-242.97,-591.58,647.12,7077,3427.6,-2247.5,9856.2,323317,176,38,1902,-0.37009,1.6721,1.3793
-7698.2,-3021.3,1663.3,2.5425,-2133.6,8161.2,6.0804e+05,21889,1,4473.6,1649.5,-844.58,58.504,-787.18,969.13,7007,3526.2,-2455.7,9856.2,323331,176,38,1902,-0.35982,1.6743,1.3793
-7631.7,-3015,1739.9,5.822,-2229.3,8086.4,6.0823e+05,21887,1,8263.6,1238.9,584.63,1343.5,-1186.3,1778.4,6803.2,3903.9,-3012,12130,328448,176,38,1902,-0.34954,1.6765,1.3793
-7525.4,-3003.6,1826,13.518,-2333.7,7971.3,6.0809e+05,21885,1,16929,-200.23,4374.8,2761.1,-1949.8,3042.7,9042.1,4370.8,-3098.2,20902,338074,176,42,1903,-0.33925,1.6786,1.3793
-7826.2,-2868,817.46,-0.89945,-1045.2,8309.7,5.9849e+05,23217,1,-365.67,4278.4,-5306.8,-2034.7,572.94,-1382.3,8031.8,2869.2,-760.89,11238,326473,176,132,1911,-0.46409,1.6572,1.3687
-7817.7,-2887.5,907.85,-0.97577,-1160.8,8302.5,5.9937e+05,23215,1,-295.61,4234.2,-5235,-2059.7,516.43,-1310.6,8099.3,2914.6,-848.03,11245,326489,176,132,1911,-0.45391,1.66,1.3687
-7808.6,-2907.1,998.69,-0.95839,-1276.8,8294.2,6.0032e+05,23213,1,-166.21,4148.8,-5095.9,-2017.4,480.71,-1239.4,8095.9,2912.8,-913.04,11131,326273,176,132,1911,-0.44372,1.6628,1.3687
-7799.1,-2926.3,1089.1,-0.90775,-1392.3,8284.7,6.0132e+05,23211,1,23.231,3978.7,-4831.2,-1893.9,406.82,-1093.9,8007.3,2926.4,-1028.6,10856,325757,176,132,1911,-0.43351,1.6655,1.3687
-7788.9,-2944.7,1178.6,-0.87935,-1506.6,8273.9,6.0248e+05,23209,1,-22.62,3988.3,-4880.1,-1921.9,441.08,-1135.7,8025.9,2864.8,-1010.4,10888,325823,176,132,1911,-0.42328,1.6681,1.3687
-7777.1,-2962.2,1267.5,-0.84452,-1620.1,8260.7,6.0365e+05,23207,1,380.16,3788.8,-4505.5,-1714.5,319.99,-909.44,7898.7,2929.7,-1183.5,10538,324904,176,132,1911,-0.41304,1.6707,1.3687
-7743.6,-2800.3,645.66,-0.39456,-821.28,8218.7,5.9473e+05,24537,1,-669.66,4518.5,-5755.8,-2198.3,820.38,-1790.1,8133.3,2686.9,-362.52,11671,327342,176,132,1911,-0.48675,1.6594,1.3581
-7750.1,-2780.2,554.52,-0.36552,-705.37,8222.1,5.9418e+05,24539,1,-721.18,4527,-5785.4,-2230,837.14,-1837.1,8157.1,2687.6,-293.18,11721,327457,176,132,1911,-0.49692,1.6564,1.3581
-7730.3,-2840.9,828.09,-0.55267,-1053.4,8210,5.9662e+05,24533,1,-585.77,4505.9,-5731.4,-2218.7,773,-1712.7,8197.1,2706.3,-498.89,11692,327381,176,132,1911,-0.46635,1.6653,1.3581
-7737.1,-2820.6,736.84,-0.45175,-937.26,8214.8,5.9529e+05,24535,1,-650.67,4518.7,-5766.8,-2226.6,804.24,-1770,8179.7,2688.8,-414.34,11711,327429,176,132,1911,-0.47656,1.6624,1.3581
-7656.3,-2727.7,467.43,-0.23631,-591.7,8119.6,5.9172e+05,25863,1,-759,4549,-5902.4,-2254.2,867.65,-1926.1,8170.7,2681.3,-209.55,11817,327656,176,132,1911,-0.50951,1.6613,1.3475
-7649.9,-2748,559.13,-0.25679,-707.76,8116.9,5.9289e+05,25861,1,-729.99,4558.5,-5901.1,-2255.7,867.38,-1907.3,8187.5,2661,-252.78,11823,327678,176,132,1911,-0.4993,1.6644,1.3475
-7487.7,-2560.7,12.976,-0.03901,-16.297,7913.5,5.905e+05,28535,1,-850.5,4491.4,-5987.3,-2218.2,869.39,-2032.1,8057.8,2753.9,-23.405,11792,327599,176,132,1911,-0.56552,1.6604,1.3261
-7480.9,-2580.4,104.7,-0.068717,-131.31,7913,5.9082e+05,28533,1,-832.4,4498.8,-5993.3,-2228.6,869.1,-2023.7,8083.8,2739.4,-51.884,11812,327641,176,132,1911,-0.55532,1.6638,1.3261
-7474,-2600.3,196.7,-0.10183,-246.66,7912.1,5.9223e+05,28531,1,-810.13,4509.2,-5996.4,-2237.8,868.68,-2011.3,8111.2,2724.7,-86.358,11831,327723,176,132,1911,-0.5451,1.6672,1.3261
-7460.4,-2640.7,381.44,-0.15086,-478.3,7908.7,5.9319e+05,28527,1,-761.25,4529.4,-6010,-2257.1,869.72,-1989.7,8168.3,2688.5,-154.88,11874,327812,176,132,1911,-0.5246,1.6738,1.3261
-7467.2,-2620.4,288.96,-0.12624,-362.34,7910.6,5.9275e+05,28529,1,-778.53,4520.1,-6021,-2252.6,867.53,-2005.7,8151,2707.7,-123.62,11871,327808,176,132,1911,-0.53486,1.6705,1.3261
-7561.9,-2674.2,378.75,-0.17293,-477.16,8015.6,5.9147e+05,27193,1,-766.04,4540.6,-5958.8,-2253.5,870.12,-1962.1,8163.4,2688.1,-172.86,11845,327746,176,132,1911,-0.52215,1.666,1.3368
-7393.2,-2506.5,-78.868,-0.012851,98.406,7806.4,5.8847e+05,29877,1,-857.97,4466.9,-6043.2,-2218.6,858.41,-2066.3,8049.3,2783.2,17.166,11818,327662,176,132,1911,-0.57835,1.6645,1.3153
-7386.2,-2526.2,13.208,-0.032339,-16.507,7806.3,5.9096e+05,29875,1,-843.87,4477.7,-6035,-2220.1,864.38,-2054,8062.5,2760,-10.736,11819,327669,176,132,1911,-0.56813,1.668,1.3153
-7305.9,-2432.4,-264.23,0.0052767,328.23,7697.7,5.7944e+05,31227,1,-887.18,4441.1,-6070.1,-2224.9,838.75,-2092.2,8031.3,2839.8,71.573,11830,327722,176,132,1911,-0.60147,1.6649,1.3045
-7298.6,-2452,-171.69,-3.3012e-06,213.27,7698.5,5.8271e+05,31225,1,-865.48,4445.8,-6085.1,-2220.7,845.13,-2088.4,8042.6,2812,43.384,11838,327731,176,132,1911,-0.59124,1.6685,1.3045
-6691.9,-2901.7,2200.9,129.78,-2721.4,7114.9,6.0904e+05,21881,1,98034,-235.04,22767,9742,-3304.3,6263.2,35450,6853,-200.92,1.076e+05,358518,176,42,1903,-0.31863,1.6826,1.3793
-7297.5,-2972.7,1947.3,41.039,-2467.3,7732.6,6.0788e+05,21883,1,40466,-267.39,9893.1,5467.2,-2691.5,4568.1,17092,5551.9,-2708,46084,348958,176,42,1903,-0.32894,1.6806,1.3793
-5243.7,-2777,2734.2,322.78,-3250.8,5658,6.102e+05,21879,1,1.5517e+05,-2632.2,37861,6094.2,-3579.2,5760.1,53841,6534.6,4046.2,1.6899e+05,363373,176,42,1903,-0.3083,1.6846,1.3793
-7763.3,-2978.8,1355.7,-0.7539,-1732.7,8244.9,6.0465e+05,23205,1,671.97,3628.4,-4236.9,-1600.5,250.52,-779.38,7851.1,2941.3,-1278.1,10331,324432,176,132,1911,-0.40278,1.6732,1.3687
-7747,-2994.6,1443.6,-0.52419,-1844.9,8225.8,6.0537e+05,23203,1,740.84,3514.8,-4102.1,-1625.7,196.39,-709.65,7909.8,2955.7,-1352.1,10298,324366,176,132,1911,-0.3925,1.6756,1.3687
-7727.3,-3009.5,1531.5,-0.10382,-1956.9,8202.7,6.0595e+05,23201,1,1605,3088.7,-3340,-1246.2,-22.668,-321.18,7696.7,3070.2,-1616.4,9856.2,323337,176,132,1911,-0.38222,1.678,1.3687
-7704.2,-3022.8,1618.1,0.37275,-2067.2,8175.4,6.0692e+05,23199,1,2212.1,2694.4,-2716.3,-954.12,-181.66,-38.22,7513.2,3126.9,-1805.4,9856.2,323321,176,38,1902,-0.37191,1.6803,1.3687
-7673.2,-3031.5,1701.4,1.2048,-2172.9,8138.9,6.0783e+05,23197,1,3141.7,2510.8,-2264.1,-623.95,-298.98,199.64,7423.6,3210.3,-1983.9,9856.2,323325,176,38,1902,-0.3616,1.6826,1.3687
-7628.2,-3037,1785.6,3.1791,-2279,8087.5,6.0811e+05,23195,1,5217.1,1818.5,-909.92,-109.08,-674.24,798.04,7572,3431.3,-2279.2,10332,324436,176,38,1902,-0.35126,1.6847,1.3687
-7426.9,-3029.3,1981,22.837,-2513,7870.5,6.0757e+05,23191,1,26264,-571.68,6987,2838.7,-1557.1,2596.4,14159,3760.5,-1236.7,31182,343847,176,42,1903,-0.33056,1.6889,1.3687
-7561.1,-3038.6,1873.6,7.5027,-2388,8013.2,6.0803e+05,23193,1,9478.2,1213.6,845.24,579.38,-1036.6,1416,8685.2,3730.3,-2435.6,13810,331908,176,42,1903,-0.34092,1.6869,1.3687
-7723.2,-2861.6,919.91,-0.59182,-1170.2,8204.5,5.9746e+05,24531,1,-459.3,4437.4,-5593.5,-2177.2,702.79,-1591.7,8194.6,2754.3,-628.91,11580,327125,176,132,1911,-0.45612,1.6681,1.3581
-7708.5,-2902.4,1103,-0.64302,-1403,8191,5.9987e+05,24527,1,-298.33,4325.9,-5416.2,-2080.5,661.86,-1480.7,8131.6,2723.3,-745.37,11366,326705,176,132,1911,-0.43562,1.6736,1.3581
-7716,-2882.2,1011.8,-0.59191,-1287,8198.2,5.9834e+05,24529,1,-491.94,4439.7,-5636.4,-2206.5,732.31,-1629.6,8226.9,2696.4,-617.03,11624,327236,176,132,1911,-0.44588,1.6709,1.3581
-7691.7,-2941.9,1284.7,-0.72856,-1634.1,8172.9,6.0274e+05,24523,1,-17.35,4166,-5145.8,-1951.6,567.81,-1296.7,8068,2747.2,-927.56,11097,326222,176,132,1911,-0.41505,1.6788,1.3581
-7700.4,-2922.1,1193.7,-0.72378,-1518.4,8182.6,6.0157e+05,24525,1,-334.15,4335.3,-5468.2,-2126.7,675.77,-1504.1,8182.5,2690.4,-758.98,11438,326833,176,132,1911,-0.42534,1.6762,1.3581
-7643.4,-2768.5,650.97,-0.2921,-824,8113.6,5.9334e+05,25859,1,-701.21,4563.3,-5894.5,-2258.9,861.05,-1881.6,8204.6,2646.8,-303.57,11826,327714,176,132,1911,-0.48908,1.6674,1.3475
-7630.4,-2810.2,835.56,-0.36591,-1057.6,8105.5,5.9517e+05,25855,1,-645.57,4570.9,-5900.8,-2298.3,839.89,-1842.4,8288.4,2640.6,-396.45,11889,327836,176,132,1911,-0.46858,1.6733,1.3475
-7636.9,-2789.1,743.02,-0.34233,-940.52,8109.8,5.9446e+05,25857,1,-669.68,4572.7,-5912.3,-2279.7,854.44,-1870.1,8247.9,2638.9,-345.31,11868,327802,176,132,1911,-0.47884,1.6704,1.3475
-7623.9,-2831.5,928.4,-0.35752,-1175.1,8100.8,5.9561e+05,25853,1,-600.32,4563.2,-5880.7,-2285.9,836.9,-1818.9,8292.3,2621.2,-439.73,11867,327797,176,132,1911,-0.45831,1.6761,1.3475
-7555.2,-2694.5,470.8,-0.20128,-593.12,8013.2,5.9242e+05,27191,1,-741.57,4551.7,-5968.2,-2260.6,873.17,-1953.4,8187,2665.3,-204.3,11864,327786,176,132,1911,-0.51192,1.6691,1.3368
-7548.6,-2715,563.12,-0.21797,-709.41,8010.4,5.9256e+05,27189,1,-721.37,4560.1,-5975.1,-2270.4,874.2,-1945.6,8212.5,2648.8,-231.48,11884,327829,176,132,1911,-0.50167,1.6722,1.3368
-7541.9,-2735.7,655.64,-0.24376,-825.96,8007,5.9301e+05,27187,1,-696.73,4571.8,-5985.6,-2282.3,873.16,-1933.2,8240.7,2632.5,-269.89,11909,327879,176,132,1911,-0.4914,1.6753,1.3368
-7379.2,-2546,105.51,-0.055762,-131.7,7805.7,5.9181e+05,29873,1,-815.13,4490.7,-6052.8,-2233.6,864.06,-2045.4,8099.5,2742.2,-49.481,11854,327762,176,132,1911,-0.55788,1.6715,1.3153
-7372.2,-2566.1,198.14,-0.07322,-247.3,7804.6,5.9219e+05,29871,1,-793.22,4505,-6059.9,-2247.1,864.82,-2032.7,8133.5,2723.9,-89.284,11881,327823,176,132,1911,-0.54762,1.6749,1.3153
-7358.3,-2606.9,384.11,-0.11047,-479.4,7801.2,5.9382e+05,29867,1,-745,4528.4,-6082.6,-2268.5,866.74,-2014.1,8191.4,2687.5,-158.42,11932,327920,176,132,1911,-0.52702,1.6815,1.3153
-7453.6,-2661.2,474.13,-0.18364,-594.52,7906.3,5.9367e+05,28525,1,-735.48,4538,-6023.2,-2266.1,869.52,-1981.1,8194.5,2671.2,-188.12,11898,327850,176,132,1911,-0.51432,1.6769,1.3261
-7365.2,-2586.4,291.02,-0.089433,-363.21,7803.1,5.9305e+05,29869,1,-763.89,4515,-6086.1,-2259.4,865.39,-2031.6,8167.6,2707.2,-117.85,11918,327898,176,132,1911,-0.53733,1.6782,1.3153
-7291.4,-2471.7,-79.16,-0.0091929,98.325,7698.8,5.8713e+05,31223,1,-842.21,4456.1,-6095.8,-2220.6,851.09,-2081.2,8059.7,2785.8,11.532,11850,327757,176,132,1911,-0.58099,1.6721,1.3045
-7284.3,-2491.5,13.478,-0.025589,-16.761,7698.6,5.8957e+05,31221,1,-827.44,4468.5,-6089.2,-2223.8,856.62,-2068.9,8075.7,2764,-17.302,11855,327770,176,132,1911,-0.57072,1.6757,1.3045
-7196.5,-2417,-172.45,0.0013765,213.25,7590.5,5.8219e+05,32577,1,-849.96,4430.6,-6144.1,-2221.4,835.42,-2106.8,8049.8,2819.9,42.173,11871,327809,176,132,1911,-0.5939,1.676,1.2936
-7189.2,-2436.8,-79.408,-0.0092458,98.191,7590.7,5.8562e+05,32575,1,-834.56,4442.6,-6136.7,-2220.1,843.51,-2095.7,8061.2,2794.3,15.665,11871,327807,176,132,1911,-0.58361,1.6797,1.2936
-7042,-2989.1,2176,81.305,-2715.6,7475.2,6.0853e+05,23189,1,83743,-3202.5,23303,8038.3,-2336,4742.8,34111,4186.3,2720.5,94060,356984,176,47,1904,-0.32019,1.6909,1.3687
-5936.2,-2885.3,2620,245.97,-3152,6358.6,6.1003e+05,23187,1,1.4297e+05,-3751.1,36845,7901,-3392.9,5993.2,51833,4577.1,6030.1,1.5706e+05,362578,176,47,1904,-0.30981,1.6929,1.3687
-7681.9,-2960.9,1375.1,-0.69649,-1749,8161.6,6.0378e+05,24521,1,39.777,4091.9,-5061.7,-1952,533.08,-1243.4,8090.8,2748.3,-995.73,11046,326120,176,132,1911,-0.40474,1.6813,1.3581
-7657.5,-2997.2,1554.9,-0.4044,-1977.5,8131.9,6.0558e+05,24517,1,534.8,3840.3,-4617.9,-1744.4,412.69,-1009.5,7992.2,2778.8,-1177.7,10657,325286,176,132,1911,-0.38407,1.6861,1.3581
-7670.6,-2979.4,1465.1,-0.60519,-1863.4,8148,6.0463e+05,24519,1,258.31,3947.5,-4821.6,-1861.5,452.77,-1103.4,8051.9,2782.3,-1110.1,10844,325724,176,132,1911,-0.39441,1.6838,1.3581
-7641.2,-3013.3,1643.3,-0.12701,-2089.6,8111.8,6.0668e+05,24515,1,934.08,3649.2,-4281.3,-1590.9,328.41,-849.72,7922.3,2804.1,-1294.3,10401,324589,176,132,1911,-0.37372,1.6885,1.3581
-7620.3,-3028.2,1731.7,0.41184,-2201.6,8086.4,6.0752e+05,24513,1,1738.8,3238.8,-3571.9,-1323.6,108.03,-491,7856.3,2933.6,-1548.9,10050,323807,176,42,1903,-0.36335,1.6907,1.3581
-7593.4,-3042.2,1820.9,1.4198,-2314.2,8054.5,6.0806e+05,24511,1,2377.8,2731.6,-2797.8,-1216,-105.98,-185.99,7967.7,3018.4,-1698.6,10050,323808,176,42,1903,-0.35297,1.6929,1.3581
-7554.8,-3052.5,1909.9,3.6197,-2425.7,8009.8,6.0825e+05,24509,1,6451.2,1958,-831.09,-245.65,-441.17,482.9,8519.7,3183.5,-1821.5,11518,326985,176,42,1903,-0.34258,1.6951,1.3581
-7480.8,-3056.4,2008.6,11.704,-2544.8,7928.6,6.0755e+05,24507,1,11522,1093.7,1425,130.4,-575.68,746.74,10998,3001.3,-1069.3,16371,334520,176,47,1904,-0.33217,1.6971,1.3581
-7260.3,-3043.7,2164.8,47.564,-2715.3,7699.9,6.0806e+05,24505,1,44087,1825.1,8091.7,3750.9,-942.97,2057.3,22819,4116.3,242.84,50689,350014,176,47,1904,-0.32175,1.6991,1.3581
-7610.7,-2873.7,1113.4,-0.41723,-1409.3,8089.2,5.9845e+05,25849,1,-499.51,4519.9,-5798.6,-2228.2,812.17,-1735.1,8257.1,2596.5,-562.18,11755,327508,176,132,1911,-0.43771,1.6816,1.3475
-7617.4,-2852.7,1021,-0.383,-1292.3,8095.3,5.9705e+05,25851,1,-577.18,4551.8,-5871.6,-2278.7,837.24,-1801.8,8295,2593.3,-480.39,11850,327756,176,132,1911,-0.44802,1.6789,1.3475
-7597,-2915.7,1298,-0.45876,-1642.9,8074.7,6.0094e+05,25845,1,-335.16,4429.2,-5637.5,-2151,753.79,-1606.7,8218.4,2602.9,-712.72,11581,327130,176,132,1911,-0.41704,1.6868,1.3475
-7603.9,-2894.8,1205.8,-0.43453,-1526.2,8082.3,5.9957e+05,25847,1,-487.4,4500.4,-5788.3,-2239.4,803.04,-1715.2,8281.7,2580.4,-605.73,11756,327513,176,132,1911,-0.42738,1.6843,1.3475
-7528.8,-2778,841.63,-0.28932,-1060.2,7999,5.9477e+05,27183,1,-651.9,4586.8,-5998.1,-2313.2,871.57,-1910.8,8309.2,2599.1,-342.18,11963,327978,176,132,1911,-0.47081,1.6812,1.3368
-7535.3,-2756.7,748.47,-0.27271,-942.9,8003.3,5.938e+05,27185,1,-675.85,4581.2,-5994.7,-2302.2,869.26,-1919.9,8279.8,2620.4,-309.85,11943,327938,176,132,1911,-0.48111,1.6783,1.3368
-7522.4,-2799.4,934.93,-0.3012,-1177.8,7994.4,5.9595e+05,27181,1,-634.05,4589.2,-5999.8,-2319.4,876.24,-1902.9,8328.4,2572.7,-372.06,11973,328004,176,132,1911,-0.46048,1.684,1.3368
-7516,-2821,1028.3,-0.30871,-1295.4,7989.2,5.9698e+05,27179,1,-612.61,4589.7,-5997.2,-2314.3,879.75,-1892.2,8333.7,2551.4,-401.58,11968,327990,176,132,1911,-0.45014,1.6868,1.3368
-7446.8,-2681.9,567,-0.22247,-710.97,7903.4,5.9427e+05,28523,1,-705.1,4551.3,-6034.4,-2278.2,867.05,-1964.4,8228.4,2653.3,-234.17,11926,327912,176,132,1911,-0.50402,1.6801,1.3261
-7440,-2702.7,660.12,-0.26352,-827.74,7899.9,5.9489e+05,28521,1,-679.36,4562.2,-6043.5,-2289.4,865.52,-1950.9,8258.5,2637.2,-272.81,11951,327952,176,132,1911,-0.4937,1.6831,1.3261
-7433.2,-2723.9,753.55,-0.28593,-944.88,7896,5.9556e+05,28519,1,-662.3,4568.9,-6050.9,-2304.4,867.4,-1942.8,8291.3,2616.7,-305.08,11977,328014,176,132,1911,-0.48336,1.6861,1.3261
-7277.1,-2511.5,106.36,-0.044048,-132.16,7697.9,5.9052e+05,31219,1,-789.9,4480.5,-6120,-2237.6,853.84,-2064.8,8116.9,2750.6,-53.665,11900,327856,176,132,1911,-0.56043,1.6791,1.3045
-7269.8,-2531.7,199.54,-0.060514,-247.91,7696.7,5.9129e+05,31217,1,-772.35,4497.1,-6121.2,-2248.2,858.59,-2052.5,8144.8,2727.7,-88.715,11920,327902,176,132,1911,-0.55011,1.6825,1.3045
-7248.3,-2593.7,480.6,-0.13049,-597.09,7690.2,5.9431e+05,31211,1,-709.01,4540.2,-6159.5,-2288.5,863.34,-2026.4,8237.8,2673.6,-190.53,12008,328091,176,132,1911,-0.51905,1.6924,1.3045
-7255.5,-2572.8,386.63,-0.097662,-480.34,7692.8,5.9333e+05,31213,1,-723.02,4524.3,-6157.5,-2273.9,861.62,-2041.6,8208.9,2692.9,-150.44,11985,328034,176,132,1911,-0.52942,1.6892,1.3045
-7351.4,-2627.6,477.45,-0.14393,-595.89,7798.7,5.9454e+05,29865,1,-720.32,4539.4,-6090.2,-2278.8,865.35,-1999.5,8218.8,2670.5,-198.74,11953,327958,176,132,1911,-0.51669,1.6847,1.3153
-7262.7,-2552.1,292.95,-0.075687,-363.96,7695,5.9234e+05,31215,1,-749.57,4509.3,-6138.2,-2260.2,860.68,-2047.6,8175.7,2709.2,-118.36,11950,327949,176,132,1911,-0.53978,1.6859,1.3045
-7181.8,-2456.7,13.797,-0.02401,-17.08,7590.4,5.8742e+05,32573,1,-801.74,4459.4,-6158,-2228.3,845.19,-2087.3,8093.5,2774.6,-23.476,11903,327866,176,132,1911,-0.57329,1.6832,1.2936
-7093.9,-2381.8,-173.14,0.0042772,213.17,7482.1,5.8034e+05,33935,1,-839.81,4423.9,-6197.2,-2222.3,830.38,-2123.5,8055.3,2824.3,39.446,11903,327865,176,132,1911,-0.59654,1.6835,1.2826
-7086.4,-2401.8,-79.54,-0.011296,97.917,7482.1,5.8425e+05,33933,1,-809.72,4440.4,-6210.9,-2224.7,833.81,-2113.5,8078.5,2804.4,3.2546,11924,327910,176,132,1911,-0.5862,1.6871,1.2826
-6516.1,-2983.6,2525.8,174.49,-3074.6,6946.8,6.0975e+05,24503,1,1.1332e+05,-2313.7,28700,6964.7,-1564.2,3546.7,46233,3850.7,5733.9,1.2617e+05,360198,176,47,1904,-0.31132,1.7011,1.3581
-4866,-2899.6,3178.3,383.31,-3740.3,5296.3,6.111e+05,24501,1,1.6676e+05,-7727,46610,-37.472,-2502.6,3159.5,58600,2891.1,9395.1,1.8327e+05,364137,176,47,1904,-0.30088,1.703,1.3581
-7589.6,-2936.3,1389.9,-0.49911,-1759.2,8066,6.0261e+05,25843,1,-360.24,4421.5,-5665.2,-2193.3,760.98,-1620.2,8269.4,2566.9,-723.35,11631,327253,176,132,1911,-0.40668,1.6894,1.3475
-7581.6,-2956.7,1481.7,-0.50975,-1875.4,8056.1,6.0402e+05,25841,1,-93.731,4282.4,-5401.5,-2057.2,674.99,-1451.1,8185.2,2610.9,-874.26,11353,326678,176,132,1911,-0.39631,1.6918,1.3475
-7572.4,-2976.5,1572.9,-0.48758,-1990.8,8044.3,6.0536e+05,25839,1,88.442,4150.9,-5197.4,-1978.9,612.3,-1335.5,8147.4,2625.5,-978.12,11160,326326,176,132,1911,-0.38592,1.6942,1.3475
-7561.4,-2995.6,1663.8,-0.35597,-2105.8,8030.1,6.0632e+05,25837,1,461.31,3968.6,-4866.6,-1849.5,508.03,-1154,8106.9,2682.1,-1121.9,10901,325844,176,80,1910,-0.37551,1.6966,1.3475
-7548.1,-3014.2,1754.9,-0.063246,-2220.8,8012.9,6.0714e+05,25835,1,433.38,3891.1,-4801.4,-1906.2,497.2,-1147.3,8179.6,2655.2,-1132.6,10900,325840,176,80,1910,-0.3651,1.6988,1.3475
-7531.2,-3031.6,1845.5,0.46726,-2335.1,7991.4,6.0781e+05,25833,1,1265.7,3588.9,-4193.7,-1618.2,355.44,-876.24,8091,2719.9,-1294.8,10494,324789,176,80,1910,-0.35467,1.7011,1.3475
-7509,-3047.4,1936,1.4309,-2448.8,7963.9,6.0843e+05,25831,1,2545.1,3063.6,-3230.8,-1329.4,207.96,-605.36,8311.1,2698.4,-1287.5,10319,324409,176,47,1904,-0.34422,1.7032,1.3475
-7471.6,-3060.2,2029.8,4.7929,-2564.9,7920.3,6.0775e+05,25829,1,6412.5,2700.5,-1850.5,-797.81,36.133,-247.92,9726.7,2826.5,-1172.4,12510,329776,176,47,1904,-0.33377,1.7053,1.3475
-7363.7,-3064,2151.1,21.92,-2705.2,7805.2,6.0753e+05,25827,1,27973,1400.2,4843.8,1483.3,-265.73,680.03,18096,2696.6,898.05,33856,345014,176,47,1904,-0.3233,1.7073,1.3475
-7509.7,-2842.5,1121.6,-0.31151,-1412.9,7983.5,5.9785e+05,27177,1,-586.36,4585.5,-5993.7,-2305.9,882.11,-1876.5,8335.7,2524,-443.05,11957,327962,176,132,1911,-0.43978,1.6896,1.3368
-7503.4,-2864.1,1214.8,-0.33533,-1530.3,7977.3,5.9902e+05,27175,1,-548.33,4574.3,-5958.9,-2286.8,875.68,-1842.5,8324.7,2508.6,-493.71,11915,327890,176,132,1911,-0.42941,1.6922,1.3368
-7497.1,-2885.5,1307.8,-0.37973,-1647.5,7970.5,6.0066e+05,27173,1,-503.31,4558.3,-5937.4,-2276.8,866.74,-1812.8,8331,2490.8,-546.42,11892,327840,176,132,1911,-0.41901,1.6948,1.3368
-7420,-2766.8,941.04,-0.29236,-1179.9,7887,5.9716e+05,28515,1,-628.3,4579.2,-6061.8,-2320.3,879.66,-1931.9,8335.6,2562.6,-361.42,12007,328090,176,132,1911,-0.46264,1.6919,1.3261
-7426.5,-2745.3,847.23,-0.29263,-1062.3,7891.7,5.9641e+05,28517,1,-644.32,4575.1,-6057.2,-2315.9,871.93,-1936.7,8319.4,2592.6,-334.68,11998,328066,176,132,1911,-0.47301,1.6891,1.3261
-7413.6,-2788.5,1034.9,-0.28609,-1297.6,7881.9,5.9765e+05,28513,1,-611.8,4583.9,-6059.8,-2322.3,888.45,-1923.4,8349.4,2529.5,-391.86,12011,328101,176,132,1911,-0.45225,1.6947,1.3261
-7337.5,-2669.7,664.87,-0.22489,-829.83,7792.3,5.9629e+05,29861,1,-674.17,4556.2,-6105.7,-2298,862.26,-1974.5,8273.3,2642.6,-272.19,11997,328061,176,132,1911,-0.49598,1.6909,1.3153
-7344.4,-2648.6,571.03,-0.18977,-712.7,7795.8,5.9569e+05,29863,1,-693.88,4549.6,-6112.8,-2294.2,863.27,-1995.2,8254.2,2659.5,-228.23,11991,328047,176,132,1911,-0.50635,1.6878,1.3153
-7330.6,-2691,758.84,-0.24613,-947.1,7788.4,5.9697e+05,29859,1,-654.26,4559.9,-6127.4,-2306.8,865.95,-1971.2,8300.1,2617.5,-307.31,12023,328125,176,132,1911,-0.4856,1.6939,1.3153
-7323.9,-2712.5,852.96,-0.25256,-1064.6,7784,5.9757e+05,29857,1,-636.74,4563.2,-6112,-2313.7,871.17,-1956.9,8320.7,2588.2,-337.62,12024,328129,176,132,1911,-0.47519,1.6969,1.3153
-7174.4,-2476.9,107.29,-0.040572,-132.71,7589.5,5.8863e+05,32571,1,-776.85,4474.7,-6172.8,-2239.8,846.32,-2078.2,8125.7,2757.1,-58.92,11934,327924,176,132,1911,-0.56295,1.6867,1.2936
-7167,-2497.2,201.04,-0.0642,-248.65,7588.2,5.8998e+05,32569,1,-753.51,4485.5,-6181.6,-2247.4,848.14,-2070.8,8150.8,2740.7,-87.047,11955,327960,176,132,1911,-0.55259,1.6901,1.2936
-7159.5,-2517.7,294.98,-0.088218,-364.85,7586.3,5.9081e+05,32567,1,-722.46,4506.2,-6202.3,-2259.6,849.67,-2059.4,8186.3,2720.5,-130.22,11992,328048,176,132,1911,-0.54221,1.6935,1.2936
-7144.5,-2559.6,483.83,-0.14632,-598.42,7581,5.9268e+05,32563,1,-681.69,4538.2,-6239,-2293.2,851.69,-2043.6,8259.9,2687.1,-202.26,12068,328281,176,132,1911,-0.52139,1.7,1.2936
-7241.2,-2614.9,574.92,-0.16204,-714.28,7687.1,5.9533e+05,31209,1,-680.58,4552.4,-6188.8,-2304.4,861.26,-2018.8,8278.8,2659.1,-233.45,12053,328196,176,132,1911,-0.50866,1.6955,1.3045
-7152,-2538.5,389.23,-0.11159,-481.41,7583.9,5.9158e+05,32565,1,-698.13,4525.1,-6222.8,-2275,851.17,-2051.7,8222.2,2702.9,-165.17,12031,328146,176,132,1911,-0.53181,1.6968,1.2936
-7078.8,-2421.9,14.253,-0.031487,-17.57,7481.6,5.8601e+05,33931,1,-779.74,4457.8,-6226.3,-2230.7,835.84,-2103.2,8105.8,2786.7,-34.175,11951,327951,176,132,1911,-0.57584,1.6907,1.2826
-7071.1,-2442.1,108.33,-0.056052,-133.41,7480.5,5.8752e+05,33929,1,-754.35,4472.3,-6240,-2242.3,835.85,-2092.6,8139,2770.4,-71.402,11981,328022,176,132,1911,-0.56545,1.6942,1.2826
-6982.9,-2366.6,-79.537,-0.0073545,97.489,7372.8,5.8259e+05,35295,1,-789.28,4443.8,-6287.2,-2230.5,826.82,-2134.5,8095.1,2816.8,-5.629,11982,328027,176,132,1911,-0.58877,1.6945,1.2717
-6975,-2386.8,14.932,-0.02378,-18.321,7372,5.8384e+05,35293,1,-761.32,4459.6,-6301.6,-2238.5,826.74,-2122.1,8124.4,2800.8,-44.997,12009,328096,176,132,1911,-0.57836,1.6981,1.2717
-5685.6,-2945.9,2948.3,296.03,-3501.4,6111.5,6.1091e+05,25823,1,1.5741e+05,-5807.1,42497,3728.6,-765.12,1824.3,59037,1423.4,11388,1.7393e+05,363651,176,52,1905,-0.30232,1.7111,1.3475
-6945.2,-3037.3,2400.2,97.929,-2961.4,7378.5,6.0916e+05,25825,1,69347,-2868.3,19616,4704.3,-851.71,2161.7,34210,1527.3,5959.9,80235,355217,176,47,1904,-0.31281,1.7092,1.3475
-7484.1,-2928.6,1494.1,-0.41834,-1882.1,7954.8,6.0353e+05,27169,1,-404.33,4515.6,-5862.1,-2246.4,841.42,-1742.2,8333.2,2473.4,-650.93,11819,327667,176,132,1911,-0.39818,1.6999,1.3368
-7490.7,-2907.1,1401,-0.4076,-1764.8,7963,6.0203e+05,27171,1,-467.35,4534.9,-5901.5,-2274,849.77,-1774.4,8343.9,2485.1,-604.75,11867,327796,176,132,1911,-0.40861,1.6974,1.3368
-7477.1,-2950,1587,-0.39663,-1999.1,7945.6,6.0479e+05,27167,1,-314.96,4467.7,-5780.4,-2205.9,816.68,-1683,8314.8,2471.3,-723.11,11730,327473,176,80,1910,-0.38775,1.7023,1.3368
-7469.5,-2971,1679.8,-0.33229,-2115.9,7935.1,6.0583e+05,27165,1,-133.15,4355.5,-5593,-2137.7,764,-1578.5,8290.8,2480.6,-822.38,11553,327063,176,80,1910,-0.37729,1.7046,1.3368
-7450.5,-3011.7,1864.5,0.012652,-2348.3,7908.3,6.0771e+05,27161,1,427.32,4059.2,-5074,-1943.2,647.25,-1347,8235,2495.1,-987.92,11110,326239,176,80,1910,-0.35635,1.7091,1.3368
-7460.9,-2991.7,1772.2,-0.21635,-2232.3,7922.9,6.0681e+05,27163,1,1.3779,4234.5,-5408.5,-2096.4,714.28,-1488.5,8285.2,2484.9,-898.52,11399,326769,176,80,1910,-0.36683,1.7069,1.3368
-7437.2,-3030.6,1956.1,0.4437,-2463.3,7890.2,6.0852e+05,27159,1,549.59,3881.7,-4840.6,-1921.5,615.48,-1289.2,8280.1,2453,-999.45,10960,325955,176,80,1910,-0.34585,1.7113,1.3368
-7417.9,-3048,2048.6,1.732,-2578.9,7865.2,6.0819e+05,27157,1,3849.5,3305.6,-3278.3,-1333.8,406.44,-856.57,9192.5,2499,-898.44,11434,326824,176,47,1904,-0.33535,1.7134,1.3368
-7368.3,-3061.8,2153.4,9.056,-2705.2,7809.3,6.07e+05,27155,1,13522,1741.2,991.31,-523.21,135.37,-308.07,13598,2073.2,618.09,19412,337029,176,47,1904,-0.32483,1.7154,1.3368
-7407.3,-2810.2,1128.8,-0.29211,-1415.3,7876.4,5.9846e+05,28511,1,-594.54,4583.2,-6078,-2323.5,894.6,-1923.4,8360.6,2500.1,-415.53,12022,328121,176,132,1911,-0.44184,1.6975,1.3261
-7401.2,-2832,1222.6,-0.31732,-1532.9,7870.4,5.9963e+05,28509,1,-570.46,4586.9,-6053.7,-2314.9,896.56,-1898.6,8357.4,2478.2,-457.26,11999,328070,176,132,1911,-0.43141,1.7002,1.3261
-7395.1,-2854,1316.5,-0.35526,-1650.6,7863.9,6.0084e+05,28507,1,-555.45,4582.4,-6073.5,-2328.2,896.34,-1894.2,8388.1,2456.7,-492.67,12027,328141,176,132,1911,-0.42097,1.7028,1.3261
-7389,-2876,1410.4,-0.36729,-1768.4,7856.9,6.0182e+05,28505,1,-509.04,4573.8,-6026.9,-2307.4,891.19,-1856.6,8378.5,2441.4,-544.6,11980,328019,176,132,1911,-0.41052,1.7053,1.3261
-7317.3,-2734.1,947.17,-0.26302,-1182.1,7779.3,5.9824e+05,29855,1,-619.46,4566.5,-6120.3,-2316.3,878.99,-1954.5,8334.5,2558.2,-360.81,12033,328152,176,132,1911,-0.46477,1.6997,1.3153
-7310.8,-2755.8,1041.4,-0.28518,-1299.7,7774.1,5.9905e+05,29853,1,-604.41,4571,-6125.8,-2321.3,886,-1948.7,8351.5,2528.3,-388,12043,328175,176,132,1911,-0.45434,1.7026,1.3153
-7234.1,-2636.3,669.45,-0.16245,-831.71,7683.7,5.9575e+05,31207,1,-669.35,4556.8,-6182.2,-2309.1,865.7,-2005.1,8295,2634.6,-269.27,12056,328248,176,132,1911,-0.49824,1.6986,1.3045
-7227.3,-2657.7,763.99,-0.1711,-949.14,7679.9,5.9636e+05,31205,1,-653.3,4560.8,-6207.3,-2311.9,874.62,-2009.9,8310.2,2603.9,-289.6,12076,328307,176,132,1911,-0.48781,1.7016,1.3045
-7220.5,-2679.3,858.53,-0.19287,-1066.6,7675.6,5.9733e+05,31203,1,-639.23,4563.2,-6188.8,-2314.3,877.54,-1992.9,8320.7,2582,-321.44,12068,328282,176,132,1911,-0.47736,1.7046,1.3045
-7213.9,-2701,953.19,-0.21837,-1184.2,7670.9,5.9809e+05,31201,1,-618.45,4566.9,-6199.6,-2322.4,883.05,-1987.3,8344.9,2551.8,-353.33,12086,328324,176,132,1911,-0.46689,1.7075,1.3045
-7063.4,-2462.7,202.7,-0.071023,-249.61,7479,5.8835e+05,33927,1,-732.07,4489.7,-6251.8,-2253.5,838.71,-2081,8169.9,2748.8,-110.07,12009,328094,176,132,1911,-0.55505,1.6976,1.2826
-7047.8,-2504.3,392.14,-0.15518,-482.89,7474.2,5.9041e+05,33923,1,-676.31,4519.8,-6287.4,-2278.3,834.89,-2058.1,8237.1,2724.7,-190.15,12077,328310,176,132,1911,-0.53417,1.7043,1.2826
-7055.7,-2483.4,297.3,-0.10335,-366.1,7477,5.8938e+05,33925,1,-692.94,4508.5,-6281,-2262.7,838.57,-2077.2,8201.3,2738.3,-141.87,12049,328184,176,132,1911,-0.54462,1.701,1.2826
-7040,-2525.5,487.42,-0.15851,-600.2,7471.1,5.9079e+05,33921,1,-660.43,4524.6,-6293.2,-2288.3,836.38,-2047.7,8267,2704.7,-225.37,12098,328355,176,132,1911,-0.5237,1.7075,1.2826
-7032.6,-2546.9,582.76,-0.12918,-717.55,7467.8,5.9094e+05,33919,1,-655.24,4526.5,-6305,-2288.7,850.34,-2053.1,8272.4,2662.8,-236.38,12101,328367,176,132,1911,-0.51322,1.7107,1.2826
-7137.2,-2580.9,578.8,-0.15617,-715.86,7577.8,5.9356e+05,32561,1,-669.14,4544.6,-6256.6,-2302.3,857.89,-2039.9,8284.6,2659.9,-237.42,12092,328337,176,132,1911,-0.51095,1.7032,1.2936
-7130,-2602.3,673.69,-0.15561,-833.21,7574.2,5.9432e+05,32559,1,-663.1,4550.7,-6245.7,-2307.1,868.16,-2033.4,8297.5,2628.7,-256.56,12091,328336,176,132,1911,-0.50049,1.7063,1.2936
-6967.1,-2407.4,109.71,-0.03986,-134.51,7370.9,5.8559e+05,35291,1,-735.13,4477.1,-6319.6,-2246.4,829.71,-2113.6,8152.3,2781.4,-80.878,12039,328167,176,132,1911,-0.56793,1.7016,1.2717
-6959.1,-2428,204.55,-0.075903,-250.79,7369.1,5.8715e+05,35289,1,-706.67,4495.3,-6331.1,-2255.3,830.43,-2101.4,8181.8,2766.8,-117.6,12066,328267,176,132,1911,-0.55748,1.7051,1.2717
-6870.4,-2351.7,15.799,-0.014203,-19.293,7261.8,5.8407e+05,36659,1,-734.75,4479.1,-6412.5,-2248.1,822.23,-2153,8147.5,2817.7,-57.917,12100,328362,176,132,1911,-0.58087,1.7055,1.2606
-6862.1,-2372.2,111.01,-0.046651,-135.51,7260.1,5.8588e+05,36657,1,-715.89,4488.7,-6395.4,-2249.9,823.33,-2129.5,8165.1,2796.3,-96.292,12097,328351,176,132,1911,-0.57039,1.709,1.2606
-6388.1,-3011.5,2732.4,189.05,-3296.7,6814.7,6.1052e+05,27151,1,1.0536e+05,-1515.2,25835,5803,-758.04,2291.5,47089,1477.8,8808.2,1.1877e+05,359557,176,52,1905,-0.30375,1.7192,1.3368
-4662.1,-2933.6,3418.9,404.02,-3996.7,5088.5,6.1195e+05,27149,1,1.6758e+05,-7889.7,47001,1095.3,-487.39,889.52,60267,689.47,12387,1.8478e+05,364223,176,52,1905,-0.2932,1.7211,1.3368
-7167.6,-3062.6,2327.2,47.387,-2894.8,7601.9,6.0839e+05,27153,1,46200,1691.6,8552.1,2404.8,-96.082,673.99,27041,2379.9,3250.3,54444,350792,176,52,1905,-0.3143,1.7173,1.3368
-7383,-2898,1504.4,-0.36253,-1886.2,7849.4,6.031e+05,28503,1,-486.07,4556.5,-6021,-2303.2,894.14,-1847.1,8388.9,2410.7,-579.28,11970,327995,176,80,1910,-0.40005,1.7078,1.3261
-7377,-2920,1598.2,-0.33634,-2003.8,7841.3,6.0442e+05,28501,1,-417.82,4524.2,-5951,-2273.7,882.56,-1802.6,8376.1,2394.7,-633.77,11898,327849,176,80,1910,-0.38956,1.7102,1.3261
-7370.8,-2941.8,1691.8,-0.30943,-2121.1,7832.4,6.0583e+05,28499,1,-416.71,4510.2,-5957,-2282.9,891.93,-1808.6,8394,2357.5,-646.32,11904,327868,176,80,1910,-0.37906,1.7126,1.3261
-7364.3,-2963.6,1785.4,-0.25538,-2238.4,7822.6,6.0697e+05,28497,1,-215.1,4431.8,-5779.7,-2203.5,850.42,-1709.1,8357.8,2367.6,-737.03,11730,327472,176,80,1910,-0.36854,1.7149,1.3261
-7357.1,-2985.2,1878.9,-0.14764,-2355.6,7811.6,6.0786e+05,28495,1,-149.78,4350,-5680.7,-2176.5,838.89,-1675.2,8351,2332.4,-770.62,11629,327250,176,80,1910,-0.35801,1.7171,1.3261
-7338.1,-3026,2064.5,0.48569,-2587.7,7782.7,6.0875e+05,28491,1,998.31,3987.3,-4928,-1949.2,728.8,-1442.7,8622.5,2294.5,-788.54,11306,326608,176,52,1905,-0.33692,1.7214,1.3261
-7349,-3006.1,1971.8,0.016584,-2471.9,7798.9,6.0883e+05,28493,1,43.991,4243.1,-5492.1,-2098.2,802.4,-1591.2,8324.8,2326.2,-834.02,11452,326866,176,80,1910,-0.34747,1.7193,1.3261
-7316.9,-3045.3,2162,2.9988,-2708.1,7755.7,6.0688e+05,28489,1,4035.4,3800.6,-3963.1,-1743.8,622.52,-1240.6,10173,2372.3,-585.57,12683,330155,176,52,1905,-0.32635,1.7234,1.3261
-7237.6,-3060.4,2289.1,18.449,-2855.7,7670.3,6.0753e+05,28487,1,24192,815.46,4615.3,11.873,247.89,-328.68,19009,1353.4,2733.1,31273,343889,176,52,1905,-0.31577,1.7254,1.3261
-7304.4,-2777.6,1135.7,-0.30591,-1417.4,7768.5,5.9962e+05,29851,1,-587.96,4575.6,-6131,-2325,893.05,-1942.5,8366.5,2498.6,-416.13,12052,328193,176,132,1911,-0.44388,1.7053,1.3153
-7298.2,-2799.6,1230.1,-0.31952,-1535.2,7762.5,6.0016e+05,29849,1,-574.97,4578.5,-6129.2,-2330.1,897.35,-1932.5,8381.5,2474.4,-445.79,12058,328254,176,132,1911,-0.43341,1.708,1.3153
-7286.2,-2844,1419.2,-0.31819,-1771.2,7749.4,6.0149e+05,29845,1,-539.26,4577.3,-6118.1,-2329.9,909.87,-1911.7,8403.8,2415.9,-510.62,12054,328242,176,80,1910,-0.41242,1.7132,1.3153
-7292.1,-2821.7,1324.7,-0.31951,-1653.2,7756.2,6.0061e+05,29847,1,-560.87,4576.3,-6145.4,-2335.6,904.35,-1931.4,8401.8,2442.6,-476.31,12075,328303,176,132,1911,-0.42292,1.7106,1.3153
-7207.3,-2722.9,1048,-0.23926,-1302,7665.7,5.9849e+05,31199,1,-598.11,4570,-6209.9,-2325,888.58,-1979.5,8360.7,2520.6,-387.47,12096,328347,176,132,1911,-0.45641,1.7103,1.3045
-7200.9,-2744.8,1142.8,-0.25288,-1419.7,7660.1,5.9892e+05,31197,1,-585.64,4570.9,-6190,-2326.1,892.49,-1963.1,8370.7,2496.7,-416.5,12087,328327,176,132,1911,-0.4459,1.7131,1.3045
-7123,-2623.9,768.66,-0.1524,-950.65,7570.3,5.946e+05,32557,1,-641.16,4553.2,-6272.9,-2310.9,875.4,-2036.5,8315.1,2595.8,-280.85,12112,328403,176,132,1911,-0.49001,1.7093,1.2936
-7116.2,-2645.6,863.75,-0.1591,-1068.2,7566,5.9494e+05,32555,1,-630.12,4563.6,-6269.1,-2319.8,883.02,-2025.7,8335.8,2565.1,-310.38,12122,328423,176,132,1911,-0.47951,1.7123,1.2936
-7109.5,-2667.5,958.99,-0.16438,-1186,7561.3,5.9549e+05,32553,1,-619.72,4567.6,-6281.2,-2330.8,887.33,-2021.6,8360,2539.2,-335.76,12143,328487,176,132,1911,-0.469,1.7152,1.2936
-7102.9,-2689.5,1054.3,-0.18886,-1303.9,7556.2,5.9635e+05,32551,1,-602.05,4572.2,-6285.2,-2331.6,892.72,-2014.9,8369.2,2515,-361.76,12148,328503,176,132,1911,-0.45846,1.718,1.2936
-6951,-2448.9,299.84,-0.10407,-367.61,7366.6,5.8802e+05,35287,1,-677.49,4511.9,-6359.6,-2276.1,824.53,-2087.6,8229.9,2757.4,-169.98,12118,328410,176,132,1911,-0.54701,1.7085,1.2717
-6943.1,-2470.2,395.69,-0.10634,-485.1,7364.1,5.8927e+05,35285,1,-674.51,4510.1,-6355.8,-2290.1,824.22,-2075.8,8256.8,2737.7,-201.51,12130,328449,176,132,1911,-0.53652,1.7118,1.2717
-6935.4,-2491.5,491.32,-0.112,-602.32,7361.1,5.9028e+05,35283,1,-656.39,4513.9,-6359.5,-2280.8,837.41,-2072.9,8255.4,2697.3,-222.93,12121,328420,176,132,1911,-0.526,1.715,1.2717
-6927.9,-2512.7,586.66,-0.16163,-719.22,7357.7,5.9162e+05,35281,1,-635.05,4522.5,-6368.4,-2271.4,850.32,-2069.7,8250.2,2657.1,-245.99,12115,328406,176,132,1911,-0.51547,1.7182,1.2717
-6920.2,-2534,682.09,-0.23617,-836.25,7353.7,5.9282e+05,35279,1,-622.13,4529,-6376.9,-2289.8,849.68,-2062.1,8289.7,2643,-273.91,12147,328502,176,132,1911,-0.50492,1.7214,1.2717
-7025.4,-2568.3,678.03,-0.11579,-834.84,7464.3,5.9123e+05,33917,1,-646.79,4540.1,-6314.7,-2300.4,864.37,-2053.5,8297.2,2622.4,-257.23,12122,328422,176,132,1911,-0.50271,1.7138,1.2826
-6853.8,-2393.2,206.8,-0.072219,-252.45,7258.1,5.8797e+05,36655,1,-686.68,4501.6,-6426.8,-2271.5,816.37,-2118.7,8214,2788.4,-145.22,12150,328510,176,132,1911,-0.5599,1.7125,1.2606
-6764.3,-2316,16.661,0.029386,-20.228,7149.8,5.8234e+05,38029,1,-724.68,4493.7,-6497.9,-2259.4,821.08,-2180.2,8167.8,2827.3,-62.33,12173,328562,176,132,1911,-0.58335,1.7127,1.2495
-6755.9,-2337.1,112.91,-0.0020796,-137.22,7148.3,5.8473e+05,38027,1,-708.69,4495.6,-6500,-2270,818.01,-2164.3,8194.9,2808.6,-100.86,12187,328608,176,132,1911,-0.57283,1.7163,1.2495
-6861.2,-3051.4,2553.1,94.927,-3128.8,7287.4,6.0985e+05,28485,1,90865,-7503.8,30380,4673.6,-461.26,1656.1,44149,-1063.5,11429,1.065e+05,358421,176,52,1905,-0.30517,1.7273,1.3261
-5595.1,-2970.9,3143.7,309.15,-3707.2,6014.6,6.118e+05,28483,1,1.5484e+05,-12797,50922,4507.7,-1141.1,2504.2,61554,-2615.5,17067,1.7563e+05,363751,176,52,1905,-0.29457,1.7291,1.3261
-7280.4,-2866.2,1513.6,-0.3057,-1889,7742.2,6.025e+05,29843,1,-530.23,4570.3,-6131.3,-2325.7,920.62,-1915.8,8407.3,2379.6,-528.51,12055,328244,176,80,1910,-0.4019,1.7157,1.3153
-7274.7,-2888.4,1607.9,-0.30333,-2006.7,7734.5,6.0385e+05,29841,1,-496.02,4561.3,-6106.2,-2312.5,926.9,-1899,8405.1,2345.2,-562.46,12026,328135,176,80,1910,-0.39136,1.7181,1.3153
-7263.4,-2932.8,1796.5,-0.2452,-2241.9,7717.5,6.0689e+05,29837,1,-413.76,4526.1,-6045.4,-2291.8,931.75,-1865.8,8415.2,2285.1,-624.06,11968,327989,176,80,1910,-0.37025,1.7228,1.3153
-7269.1,-2910.6,1702.2,-0.29131,-2124.3,7726.3,6.0552e+05,29839,1,-470.63,4548.2,-6086,-2310.2,929.74,-1885.2,8416.2,2316.2,-592.97,12010,328100,176,80,1910,-0.38081,1.7205,1.3153
-7257.6,-2955,1890.6,-0.18333,-2359.3,7708,6.0809e+05,29835,1,-373.44,4493,-5995.4,-2271.3,932.29,-1844.2,8404.2,2251.8,-654.93,11909,327877,176,80,1910,-0.35967,1.725,1.3153
-7251.5,-2976.8,1984.3,-0.12233,-2476.2,7697.5,6.0941e+05,29833,1,-213.29,4442.4,-5885.8,-2207.3,918.43,-1792,8378.9,2233.1,-702.63,11791,327592,176,80,1910,-0.34908,1.7272,1.3153
-7234.5,-3019.9,2173.1,0.7264,-2711.2,7670,6.0759e+05,29829,1,1723.2,3938.1,-4759.1,-2052.1,814.69,-1582.5,9302.5,2081.7,-429.42,11814,327647,176,52,1905,-0.32786,1.7314,1.3153
-7244.4,-2998.3,2078,0.034825,-2593,7685.4,6.0965e+05,29831,1,-136.91,4376.8,-5803.6,-2228.8,902.99,-1765.1,8457.8,2204.4,-723.23,11776,327557,176,80,1910,-0.33847,1.7293,1.3153
-7208,-3040.6,2277.5,5.3593,-2838,7637.6,6.068e+05,29827,1,7176.2,3762.9,-3259.4,-1711.4,771.54,-1432.7,12258,2060.9,226.04,15375,333578,176,52,1905,-0.31723,1.7334,1.3153
-7067.2,-3053.3,2441.9,36.473,-3019.9,7490.6,6.0879e+05,29825,1,31723,2994.4,3375.5,395.1,703.79,-846.57,23284,1698.2,3172.1,39789,347195,176,52,1905,-0.30658,1.7353,1.3153
-7194.6,-2766.9,1237.7,-0.27428,-1537.6,7654.1,5.9975e+05,31195,1,-571.84,4572,-6210.9,-2332.7,901.19,-1964.6,8391.9,2462.1,-443.19,12108,328391,176,132,1911,-0.43538,1.7158,1.3045
-7182.6,-2811.4,1427.5,-0.27488,-1773.4,7641.1,6.014e+05,31191,1,-549.97,4569.2,-6203.2,-2331,921.61,-1956.4,8407.1,2394,-488.34,12100,328364,176,80,1910,-0.4143,1.721,1.3045
-7188.5,-2789.1,1332.6,-0.28614,-1655.5,7647.8,6.006e+05,31193,1,-560.46,4571.5,-6205.1,-2333.3,909.65,-1958.4,8401.1,2431.9,-467.57,12105,328381,176,132,1911,-0.42485,1.7184,1.3045
-7096.4,-2711.6,1149.6,-0.24276,-1421.8,7550.7,5.9798e+05,32549,1,-587.65,4573.4,-6281.4,-2332.4,897.61,-2001.2,8382.2,2487.8,-401.33,12148,328505,176,132,1911,-0.44791,1.7208,1.2936
-7018.3,-2589.9,773.33,-0.15144,-952.19,7460.2,5.9253e+05,33915,1,-632.22,4548.1,-6330.7,-2307.6,870.49,-2050.7,8312.2,2593.6,-282.13,12139,328476,176,132,1911,-0.49219,1.7169,1.2826
-7011.3,-2611.7,868.82,-0.20639,-1069.8,7455.8,5.9378e+05,33913,1,-613.86,4555.6,-6344.7,-2317.9,872.58,-2043.5,8340.7,2575.9,-317.07,12165,328547,176,132,1911,-0.48164,1.7199,1.2826
-7004.3,-2633.6,964.4,-0.2637,-1187.5,7450.9,5.9527e+05,33911,1,-605.38,4564.1,-6339.1,-2326.4,882.02,-2034.7,8359.6,2542.5,-344.19,12173,328561,176,132,1911,-0.47108,1.7228,1.2826
-6997.5,-2655.7,1060.3,-0.26223,-1305.5,7445.7,5.9588e+05,33909,1,-594.06,4563.1,-6358.9,-2330.1,888.98,-2033.2,8379.2,2514.5,-380.5,12192,328624,176,132,1911,-0.4605,1.7257,1.2826
-6845.5,-2414.3,302.79,-0.083776,-369.61,7255.7,5.886e+05,36653,1,-670.48,4501.5,-6428.4,-2274.1,820.13,-2108.5,8231.3,2759.5,-176.64,12154,328519,176,132,1911,-0.54938,1.7159,1.2606
-6837.6,-2435.6,398.81,-0.093065,-486.8,7253.1,5.9012e+05,36651,1,-664.58,4506.8,-6425,-2283.5,830.81,-2106,8252,2724.1,-193,12163,328539,176,132,1911,-0.53884,1.7192,1.2606
-6829.8,-2456.9,494.77,-0.11523,-603.94,7250,5.9122e+05,36649,1,-644.14,4515.2,-6439.6,-2281.6,840.78,-2104.9,8261.7,2691.8,-215.95,12172,328558,176,132,1911,-0.52828,1.7225,1.2606
-6821.9,-2478.4,590.89,-0.13779,-721.27,7246.4,5.9184e+05,36647,1,-631.09,4516.8,-6442.4,-2287.5,840.57,-2090.1,8280.3,2672.1,-257.38,12181,328583,176,132,1911,-0.5177,1.7257,1.2606
-6814.4,-2500.2,687.34,-0.12873,-838.98,7242.6,5.9206e+05,36645,1,-616.23,4516.4,-6434,-2298.6,839.39,-2071.5,8308.7,2652.4,-302.28,12191,328620,176,132,1911,-0.5071,1.7288,1.2606
-6912.7,-2555.7,778.03,-0.25259,-953.87,7349.3,5.935e+05,35277,1,-611.86,4535.2,-6388,-2303.8,854.57,-2054.4,8320.7,2614.4,-310.94,12173,328559,176,132,1911,-0.49435,1.7244,1.2717
-6747.6,-2358.2,209.15,-0.019232,-254.2,7146.3,5.8627e+05,38025,1,-692.92,4495.9,-6499.7,-2280.1,817.38,-2151,8222.4,2786.5,-135.1,12199,328657,176,132,1911,-0.56229,1.7198,1.2495
-6739.5,-2379.6,305.67,-0.045802,-371.51,7144.1,5.8855e+05,38023,1,-675.65,4495.4,-6496.9,-2278.8,822.82,-2143.9,8232.5,2759,-156.88,12196,328645,176,132,1911,-0.55173,1.7232,1.2495
-6648.9,-2301.3,114.38,0.016638,-138.41,7035.4,5.8358e+05,39403,1,-711.97,4489.4,-6587,-2280.1,817.82,-2202,8205.5,2806.7,-87.027,12247,328818,176,132,1911,-0.57525,1.7235,1.2384
-6640.6,-2322.7,211.23,-0.0076099,-255.63,7033.6,5.854e+05,39401,1,-695.06,4489.3,-6577.7,-2287.2,821.12,-2188,8231,2776.4,-118.96,12250,328832,176,132,1911,-0.56466,1.727,1.2384
-6386.6,-3018.2,2841.3,174.78,-3415.1,6802.8,6.1125e+05,29823,1,1.1211e+05,-8174.5,35808,4927.2,215.85,816.82,51035,-2012.6,14084,1.2942e+05,360468,176,52,1905,-0.29593,1.7371,1.3153
-4644.4,-2924.8,3568.8,424.3,-4136.7,5056.6,6.1291e+05,29821,1,1.8194e+05,-17710,62824,1782.9,351.86,-37.533,64585,-4744.9,20322,2.0487e+05,365115,176,52,1905,-0.28527,1.7389,1.3153
-7176.9,-2833.7,1522.3,-0.26943,-1891.2,7634,6.0236e+05,31189,1,-532.56,4566.9,-6191.7,-2326.5,933.07,-1948.8,8410.8,2354.5,-514.29,12088,328332,176,80,1910,-0.40373,1.7235,1.3045
-7165.9,-2878.4,1711.8,-0.25094,-2126.5,7618.6,6.0483e+05,31185,1,-492.76,4558.4,-6171.3,-2317.9,948.92,-1933,8421.1,2289.9,-563.08,12066,328268,176,80,1910,-0.38255,1.7284,1.3045
-7171.3,-2856,1617.1,-0.2616,-2008.9,7626.5,6.0336e+05,31187,1,-523.87,4563.3,-6209.2,-2323.1,944.65,-1954.4,8414.6,2317.5,-531.38,12092,328339,176,80,1910,-0.39315,1.726,1.3045
-7160.6,-2900.7,1806.4,-0.23447,-2244.1,7610.2,6.0652e+05,31183,1,-483.33,4551,-6189.4,-2313.3,962.77,-1941.2,8424.2,2245.2,-577.9,12068,328283,176,80,1910,-0.37194,1.7307,1.3045
-7155.3,-2923.1,1901,-0.20368,-2361.5,7601.3,6.0812e+05,31181,1,-428.19,4535.4,-6138.8,-2293.2,966.73,-1916.6,8418.4,2212.2,-611.56,12018,328116,176,80,1910,-0.36131,1.7329,1.3045
-7149.9,-2945.3,1995.3,-0.17039,-2478.7,7591.7,6.0965e+05,31179,1,-360.94,4509,-6088,-2274.1,964.02,-1889.7,8419.3,2184.8,-648.99,11970,327994,176,80,1910,-0.35067,1.7351,1.3045
-7138,-2990,2184.5,0.075661,-2713.5,7569.7,6.0947e+05,31175,1,-109.96,4453,-5965.5,-2265.4,957.81,-1852.3,8548.2,2135.6,-677.16,11958,327970,176,52,1905,-0.32935,1.7393,1.3045
-7128.2,-3012.2,2281.3,1.1059,-2833,7554,6.0665e+05,31173,1,2623.6,3832.3,-4489.6,-2091.4,907.25,-1723.3,10030,1818.1,16.198,12402,329408,176,52,1905,-0.31867,1.7413,1.3045
-7144.3,-2967.6,2089.8,-0.10643,-2595.9,7581.2,6.1049e+05,31177,1,-342.45,4496.7,-6086,-2286.1,965.79,-1886.5,8449.3,2159.9,-667.51,11983,328029,176,80,1910,-0.34002,1.7372,1.3045
-7088.2,-3032.9,2395.7,9.6752,-2968.8,7507.8,6.0762e+05,31171,1,20776,100.92,4663,-603.49,593.52,-941.96,18698,109.51,4207.2,28676,342692,176,52,1905,-0.30798,1.7432,1.3045
-7090.2,-2733.8,1245,-0.24897,-1539.7,7544.8,5.987e+05,32547,1,-578.39,4570.6,-6299,-2330.9,908.53,-2003,8393.2,2451.9,-430.02,12158,328530,176,132,1911,-0.43735,1.7235,1.2936
-7084.1,-2756.1,1340.3,-0.22337,-1657.6,7538.5,5.9939e+05,32545,1,-564.26,4568.6,-6269.3,-2331.1,917.22,-1988.9,8400.7,2418.8,-455.23,12139,328477,176,132,1911,-0.42676,1.7262,1.2936
-7072.6,-2800.7,1530.7,-0.21418,-1893.1,7524.9,6.0154e+05,32541,1,-539.9,4565.1,-6265.8,-2326.7,940.88,-1984.5,8411.2,2342,-496.31,12129,328443,176,80,1910,-0.40555,1.7313,1.2936
-7078.2,-2778.4,1435.5,-0.21606,-1775.4,7531.9,6.0061e+05,32543,1,-556.29,4565.8,-6294.5,-2325.7,933.88,-2000.7,8401.1,2372.2,-468.39,12144,328491,176,80,1910,-0.41616,1.7288,1.2936
-6991.1,-2678,1156.3,-0.20322,-1423.7,7440.2,5.9594e+05,33907,1,-587.09,4562.7,-6355.5,-2333.1,904.03,-2033.9,8393.4,2471.4,-398.6,12193,328629,176,132,1911,-0.4499,1.7285,1.2826
-6905.5,-2577.7,874.26,-0.21813,-1071.8,7344.8,5.9362e+05,35275,1,-600.55,4539.8,-6395.4,-2321.8,860.44,-2052.1,8361.3,2588.9,-336.04,12200,328660,176,132,1911,-0.48376,1.7274,1.2717
-6898.5,-2599.9,970.65,-0.1738,-1189.9,7339.9,5.9367e+05,35273,1,-593.59,4540.3,-6399.1,-2318.3,873.59,-2051.4,8359.4,2548.6,-357.51,12197,328647,176,132,1911,-0.47315,1.7304,1.2717
-6891.8,-2622,1066.8,-0.13778,-1307.8,7334.8,5.9393e+05,35271,1,-588.97,4537.7,-6408,-2315.6,891.6,-2058.5,8364.4,2498.1,-370.59,12196,328643,176,132,1911,-0.46252,1.7332,1.2717
-6885.3,-2644.1,1162.8,-0.14069,-1425.4,7329.3,5.9522e+05,35269,1,-583.38,4542.9,-6400.5,-2319.5,901.49,-2054.1,8374.2,2469.7,-387.78,12196,328641,176,132,1911,-0.45188,1.736,1.2717
-6731.4,-2400.7,401.89,-0.075514,-488.46,7141.3,5.8953e+05,38021,1,-654.75,4498.5,-6498.4,-2278.1,828.67,-2134.5,8246.6,2728.8,-186.27,12199,328654,176,132,1911,-0.54114,1.7265,1.2495
-6723.3,-2422.2,498.43,-0.09558,-605.8,7138.1,5.9051e+05,38019,1,-639.95,4497.8,-6498.4,-2286.4,831.45,-2121.8,8271.2,2697.5,-222.54,12208,328683,176,132,1911,-0.53054,1.7298,1.2495
-6708.1,-2465.7,691.82,-0.094944,-840.83,7130.9,5.9141e+05,38015,1,-613.24,4499.4,-6501.9,-2294.8,847.31,-2112.6,8305.8,2628.6,-267.17,12219,328717,176,132,1911,-0.50927,1.7362,1.2495
-6715.6,-2443.9,595.19,-0.088358,-723.39,7134.7,5.9083e+05,38017,1,-630.42,4495.5,-6497.4,-2293.6,836.61,-2114.8,8293.2,2666.5,-247.47,12215,328700,176,132,1911,-0.51991,1.7331,1.2495
-6807,-2522,783.68,-0.12689,-956.56,7238.4,5.9252e+05,36643,1,-605.51,4512.7,-6446.2,-2295.4,851.42,-2078.3,8311.5,2613.9,-310.34,12190,328619,176,132,1911,-0.49649,1.7319,1.2606
-6799.7,-2543.8,879.94,-0.14865,-1074.1,7233.8,5.9344e+05,36641,1,-592.44,4514.3,-6441.2,-2305.9,859.96,-2072.3,8338.1,2577.6,-333.68,12200,328661,176,132,1911,-0.48585,1.7349,1.2606
-6632.5,-2344.1,308.09,-0.031184,-372.86,7031.4,5.8721e+05,39399,1,-674.1,4489.6,-6576.3,-2289.5,825.16,-2174.5,8250.4,2743.7,-155.68,12253,328845,176,132,1911,-0.55405,1.7305,1.2384
-6541.1,-2265.3,115.87,0.015885,-139.63,6921.8,5.8293e+05,40785,1,-711.05,4482.5,-6648.2,-2285,817.45,-2223.7,8213.6,2799,-89.065,12286,328964,176,132,1911,-0.57764,1.7307,1.2272
-6532.8,-2286.7,213.06,-0.011586,-256.78,6920,5.848e+05,40783,1,-697.49,4479.5,-6667.2,-2294.7,819.33,-2222.9,8239.1,2774.2,-113.94,12308,329050,176,132,1911,-0.56701,1.7342,1.2272
-6524.7,-2308.3,310.44,-0.036629,-374.15,6917.8,5.8664e+05,40781,1,-683.44,4480.7,-6644.9,-2299.3,822.25,-2205.5,8258.1,2749.5,-141.18,12300,329020,176,132,1911,-0.55636,1.7377,1.2272
-5737.9,-2958.1,3166,275.96,-3729.4,6141.1,6.1248e+05,31167,1,1.4748e+05,-12518,48951,5740.4,562.33,513.88,60307,-3601.1,18025,1.6826e+05,363335,176,57,1906,-0.28657,1.7468,1.3045
-6835.3,-3036,2615.9,66.588,-3200.4,7248.1,6.1016e+05,31169,1,63385,-1940.5,16816,3412.8,456.78,145.37,36141,-1011.5,9501.3,75588,354532,176,52,1905,-0.29728,1.745,1.3045
-7061.7,-2845.5,1720.9,-0.20951,-2128.3,7509.8,6.0391e+05,32537,1,-513.34,4560.9,-6274,-2321.2,963.72,-1983.1,8421.6,2264.3,-537.23,12125,328432,176,80,1910,-0.38427,1.7361,1.2936
-7067,-2823.1,1625.9,-0.20582,-2010.7,7517.5,6.0252e+05,32539,1,-531.07,4563.5,-6286.4,-2322.5,953.74,-1991.7,8413.3,2302.8,-511.09,12134,328461,176,80,1910,-0.39492,1.7337,1.2936
-7056.5,-2868,1816,-0.20177,-2245.8,7501.6,6.054e+05,32535,1,-496.84,4557.4,-6277,-2316.2,975.9,-1981.4,8425.9,2221.7,-560.2,12120,328417,176,80,1910,-0.37361,1.7385,1.2936
-7051.4,-2890.5,1910.9,-0.18739,-2363.2,7492.9,6.0705e+05,32533,1,-472.67,4554.5,-6253.2,-2308.6,981.43,-1967.7,8426.4,2196.5,-583.33,12100,328357,176,80,1910,-0.36294,1.7407,1.2936
-7046.3,-2912.9,2005.7,-0.17303,-2480.5,7483.7,6.0882e+05,32531,1,-439.99,4544.7,-6243.5,-2302.6,989.08,-1959.8,8433.5,2157.6,-610.5,12087,328331,176,80,1910,-0.35225,1.7429,1.2936
-7041.3,-2935.5,2100.6,-0.14113,-2597.8,7474,6.103e+05,32529,1,-390.6,4523.7,-6206.8,-2301.6,993.24,-1944.8,8455.9,2119,-638.04,12067,328270,176,80,1910,-0.34155,1.745,1.2936
-7036.1,-2958.1,2195.6,-0.078157,-2715.2,7463.6,6.1102e+05,32527,1,-255.16,4481.5,-6111.7,-2295.8,993.14,-1924.5,8524.4,2079.7,-635.52,12036,328159,176,52,1905,-0.33083,1.7471,1.2936
-7019.2,-3003.5,2390,1.8112,-2954.2,7434.7,6.0674e+05,32523,1,2333.9,4351.3,-5340.2,-2170.6,996.94,-1872.3,10075,1967.5,-246.25,12944,330637,176,52,1905,-0.30937,1.751,1.2936
-7030.4,-2980.8,2291,0.1297,-2833,7452.1,6.0868e+05,32525,1,-101.61,4467.2,-6074.9,-2298.6,1001.1,-1926.9,8640.6,2044.2,-620.03,12087,328328,176,52,1905,-0.32011,1.7491,1.2936
-6953,-3023.3,2521.8,17.714,-3105.7,7361.9,6.0876e+05,32521,1,31558,537.84,6406.6,421.13,660.92,-812.69,23319,373.57,4817.5,40071,347284,176,52,1905,-0.29862,1.7529,1.2936
-6984.9,-2700.3,1252.1,-0.16719,-1541.7,7434.4,5.9704e+05,33905,1,-581.42,4561.2,-6355.5,-2326.9,916.05,-2033.5,8390.1,2436.1,-414.33,12183,328589,176,132,1911,-0.43929,1.7312,1.2826
-6978.8,-2722.5,1347.7,-0.15267,-1659.3,7428.3,5.9787e+05,33903,1,-569.2,4562.1,-6351.1,-2323.9,928.33,-2031,8391.8,2398.1,-431.44,12175,328566,176,80,1910,-0.42866,1.7339,1.2826
-6967.3,-2767.2,1538.8,-0.15394,-1894.6,7414.8,6.0012e+05,33899,1,-544.24,4561.9,-6358,-2323.6,952.08,-2028.9,8409.2,2318.8,-473.14,12177,328570,176,80,1910,-0.40735,1.739,1.2826
-6973,-2744.8,1443.2,-0.15827,-1776.9,7421.7,5.9931e+05,33901,1,-558.05,4560.7,-6364.1,-2323.3,940.95,-2035.5,8399.1,2357.1,-446.92,12180,328575,176,80,1910,-0.41801,1.7364,1.2826
-6879,-2666.3,1258.7,-0.12953,-1543,7323.5,5.9602e+05,35267,1,-574.71,4543.6,-6405.9,-2317,919.43,-2060.5,8379.1,2420.2,-396.21,12194,328634,176,80,1910,-0.44122,1.7388,1.2717
-6792.6,-2565.8,976.34,-0.1609,-1191.7,7228.8,5.9453e+05,36639,1,-579.05,4514.3,-6441.6,-2300.9,874.83,-2073.4,8340.6,2532.7,-347.4,12197,328648,176,132,1911,-0.4752,1.7379,1.2606
-6785.7,-2587.8,1072.6,-0.16121,-1309.2,7223.5,5.9557e+05,36637,1,-579.55,4512.5,-6443.9,-2304.7,884.69,-2073.8,8353.3,2499.4,-360.67,12197,328650,176,132,1911,-0.46452,1.7407,1.2606
-6779.2,-2609.9,1169,-0.12836,-1426.8,7218,5.9615e+05,36635,1,-572.98,4515.5,-6445.3,-2304.7,902.13,-2076.8,8360,2450.9,-374.39,12196,328642,176,161,1913,-0.45383,1.7436,1.2606
-6624.5,-2365.7,405.12,-0.052403,-490.3,7028.8,5.8822e+05,39397,1,-655.63,4486.4,-6561,-2290.7,823.51,-2153.6,8265.5,2723.3,-193.24,12245,328811,176,132,1911,-0.54343,1.7338,1.2384
-6608.9,-2409.1,599.01,-0.12098,-724.99,7022.4,5.9121e+05,39393,1,-623.49,4484.8,-6560,-2290.3,835.62,-2136.6,8289.1,2659.1,-247.7,12243,328800,176,132,1911,-0.52211,1.7404,1.2384
-6616.7,-2387.4,502.15,-0.074833,-607.75,7025.9,5.8968e+05,39395,1,-644.04,4484.3,-6582,-2292,830.38,-2155.7,8276.1,2690.6,-214.11,12256,328858,176,132,1911,-0.53278,1.7371,1.2384
-6601.1,-2430.9,696.04,-0.15794,-842.44,7018.5,5.9238e+05,39391,1,-603.84,4485.3,-6564.3,-2292.2,840.65,-2130.1,8305.5,2631.1,-274.54,12250,328830,176,132,1911,-0.51142,1.7435,1.2384
-6593.6,-2452.8,793.22,-0.15404,-960.05,7014.3,5.9318e+05,39389,1,-601.35,4480.6,-6556,-2296.7,847.87,-2123.7,8320.4,2598.8,-295.41,12247,328824,176,132,1911,-0.50071,1.7466,1.2384
-6700.6,-2487.5,788.46,-0.11272,-958.29,7126.6,5.9236e+05,38013,1,-598.84,4503.3,-6499.5,-2298.3,856.4,-2104.6,8320.9,2592.5,-295.71,12222,328725,176,132,1911,-0.49861,1.7393,1.2495
-6686.3,-2531.6,982.09,-0.11712,-1193.6,7117.3,5.9463e+05,38009,1,-584.56,4492.8,-6498.6,-2299,873.36,-2098,8338.8,2523.7,-340.06,12216,328704,176,132,1911,-0.47723,1.7453,1.2495
-6693.3,-2509.5,885.31,-0.11834,-1076,7122.1,5.9342e+05,38011,1,-594.42,4497,-6510.7,-2303.2,860.44,-2103.7,8336.2,2566.5,-316.04,12232,328764,176,132,1911,-0.48793,1.7423,1.2495
-6516.8,-2330.2,408.02,-0.061026,-491.78,6915.4,5.8866e+05,40779,1,-666.62,4475.6,-6645.9,-2302.6,825.49,-2195,8276.6,2717.3,-174.69,12303,329031,176,132,1911,-0.54569,1.741,1.2272
-6424.2,-2250.5,214.94,-0.00026997,-257.97,6805.5,5.8361e+05,42169,1,-703.17,4456,-6719.8,-2304.7,813.6,-2245.3,8251.1,2769,-110.27,12340,329171,176,132,1911,-0.56934,1.7413,1.216
-6416.2,-2272.4,312.81,-0.021431,-375.46,6803.5,5.8573e+05,42167,1,-684.7,4455.7,-6701.9,-2305.3,818.08,-2229.5,8267,2740.4,-139.73,12331,329139,176,132,1911,-0.55865,1.7448,1.216
-4828.1,-2872.9,3577.2,417.94,-4119.6,5216.8,6.1372e+05,32517,1,1.9673e+05,-16356,64140,3609.3,396.36,281.61,69270,-5008,21631,2.1997e+05,365672,176,57,1906,-0.27709,1.7564,1.2936
-6512.1,-3009.5,2833.1,117.61,-3418,6913.4,6.1159e+05,32519,1,81510,-10706,32467,5446.2,-199.36,1457.5,42650,-4265.6,15215,99565,357633,176,57,1906,-0.28786,1.7547,1.2936
-6956.5,-2812.2,1729.7,-0.16149,-2129.6,7399.9,6.0256e+05,33895,1,-519.6,4560.4,-6365.3,-2320.5,974.62,-2024.3,8421.7,2240.3,-519.62,12175,328569,176,80,1910,-0.38598,1.7438,1.2826
-6951.4,-2834.7,1825.1,-0.15883,-2247.1,7391.8,6.0375e+05,33893,1,-506.32,4560.5,-6348.3,-2318.6,981.09,-2013.3,8426.6,2214.8,-541.48,12164,328543,176,80,1910,-0.37527,1.7462,1.2826
-6961.8,-2789.7,1634.3,-0.15351,-2012.1,7407.5,6.0109e+05,33897,1,-530.68,4561,-6357.5,-2322,964.65,-2025,8415.9,2275.4,-498.97,12173,328560,176,80,1910,-0.39667,1.7414,1.2826
-6946.4,-2857.3,1920.4,-0.16075,-2364.5,7383.3,6.0533e+05,33891,1,-486.86,4558.2,-6346,-2312.7,991.04,-2007.8,8429.1,2177,-565.96,12156,328523,176,80,1910,-0.36455,1.7485,1.2826
-6941.5,-2879.9,2015.7,-0.16064,-2481.8,7374.4,6.072e+05,33889,1,-471.42,4555.3,-6361.5,-2311.8,1001.2,-2008.6,8438.1,2136.4,-589.61,12163,328540,176,80,1910,-0.35381,1.7507,1.2826
-6936.6,-2902.6,2111,-0.14392,-2599.1,7365,6.0903e+05,33887,1,-441.9,4550.9,-6329,-2309.3,1006.1,-1991.8,8448.4,2109.8,-615.24,12144,328490,176,80,1910,-0.34307,1.7528,1.2826
-6931.9,-2925.4,2206.3,-0.11438,-2716.4,7355.1,6.1075e+05,33885,1,-403.62,4539.1,-6315.2,-2308.7,1015.9,-1988.2,8467.7,2066.3,-633.2,12138,328473,176,80,1910,-0.3323,1.7549,1.2826
-6921.7,-2971.1,2397.5,0.16913,-2951.6,7333,6.0804e+05,33881,1,772.12,4211.7,-5602.5,-2259.4,1021.2,-1948.8,9187.2,1800.4,-253.53,12140,328481,176,57,1906,-0.31074,1.7588,1.2826
-6927.1,-2948.2,2301.7,-0.054752,-2833.8,7344.6,6.111e+05,33883,1,-232.95,4488.2,-6199.7,-2306.2,1022.9,-1975,8573.3,2004.2,-603.37,12115,328408,176,52,1905,-0.32153,1.7569,1.2826
-6908,-2993.9,2499,2.7338,-3074.7,7312.6,6.0756e+05,33879,1,10567,1775.9,-34.815,-1482.6,845.77,-1510.2,14251,510.28,2585.6,18167,336125,176,57,1906,-0.29995,1.7607,1.2826
-6872.9,-2688.5,1354.6,-0.12499,-1660.5,7317.3,5.9719e+05,35265,1,-560.03,4544.2,-6419,-2315.9,934.33,-2064.3,8387.4,2372.5,-415.12,12199,328653,176,80,1910,-0.43054,1.7415,1.2717
-6861.3,-2733.3,1546.5,-0.11413,-1895.7,7303.9,5.9926e+05,35261,1,-539.87,4547.9,-6429.1,-2318.5,957.66,-2062.3,8407.4,2296.3,-457.05,12207,328680,176,80,1910,-0.40914,1.7466,1.2717
-6855.8,-2755.8,1642.3,-0.11188,-2013.2,7296.6,6.0038e+05,35259,1,-533.04,4552.3,-6419.8,-2320.7,965.71,-2054.5,8415.4,2270.2,-477.73,12205,328674,176,80,1910,-0.39841,1.7491,1.2717
-6867,-2710.9,1450.5,-0.12068,-1778.1,7310.8,5.9825e+05,35263,1,-550.09,4548.3,-6420.5,-2320.1,946.63,-2061.4,8401.7,2333.3,-438.79,12205,328675,176,80,1910,-0.41985,1.7441,1.2717
-6772.8,-2632.1,1265.2,-0.12162,-1544.2,7212.2,5.972e+05,36633,1,-558.49,4515.7,-6458.3,-2303.3,917.15,-2080.8,8368.3,2402.9,-392.88,12200,328659,176,80,1910,-0.44313,1.7463,1.2606
-6679.6,-2553.6,1078.7,-0.11748,-1311,7112.1,5.9575e+05,38007,1,-572.33,4490.5,-6488.3,-2293.4,887.12,-2092.9,8340.4,2478.7,-361.3,12201,328662,176,132,1911,-0.46651,1.7482,1.2495
-6672.9,-2575.6,1175.1,-0.1319,-1428.2,7106.5,5.9707e+05,38005,1,-559.21,4489,-6501,-2290.3,899.34,-2096.4,8345.6,2437.6,-377.71,12203,328667,176,161,1913,-0.45577,1.751,1.2495
-6501.1,-2374,603.11,-0.10141,-726.91,6909.1,5.9041e+05,40775,1,-632.39,4469.5,-6625.4,-2301.7,831.72,-2166.6,8302.9,2663.3,-237.27,12290,328982,176,132,1911,-0.52428,1.7476,1.2272
-6493.7,-2396.1,700.78,-0.088338,-844.62,6905.6,5.9097e+05,40773,1,-620.73,4453.4,-6613.2,-2297.1,837.72,-2156.5,8307.3,2623.6,-266.56,12270,328910,176,132,1911,-0.51355,1.7508,1.2272
-6508.9,-2352,505.41,-0.095698,-609.17,6912.4,5.8958e+05,40777,1,-644.35,4467.4,-6640.1,-2301,827.89,-2180.9,8290.5,2685.7,-211.64,12296,329001,176,132,1911,-0.53499,1.7444,1.2272
-6486.5,-2418.1,798.21,-0.08516,-962.04,6901.7,5.9164e+05,40771,1,-606.54,4445.5,-6593.8,-2291.6,848.3,-2146.7,8312.2,2580.2,-289.48,12248,328827,176,132,1911,-0.5028,1.7539,1.2272
-6586.4,-2474.9,890.41,-0.13133,-1077.6,7009.8,5.94e+05,39387,1,-594.46,4467.4,-6553.6,-2293.9,861.29,-2125.2,8326,2549.2,-313.29,12235,328783,176,132,1911,-0.48999,1.7497,1.2384
-6579.5,-2497,987.47,-0.10528,-1195.1,7005.1,5.9469e+05,39385,1,-587.15,4467,-6549.2,-2294.8,874.5,-2125.8,8335.8,2508.5,-324.34,12232,328769,176,132,1911,-0.47924,1.7527,1.2384
-6572.8,-2519.1,1084.5,-0.097299,-1312.5,7000.1,5.9548e+05,39383,1,-571.28,4466.5,-6548,-2290.5,885.15,-2121.3,8338.4,2470.1,-347.32,12224,328738,176,161,1913,-0.46848,1.7556,1.2384
-6408.3,-2294.3,410.72,-0.035139,-492.99,6801.2,5.8707e+05,42165,1,-673.89,4448,-6698.2,-2314.4,821.23,-2223.5,8292,2711.4,-161.69,12338,329159,176,132,1911,-0.54793,1.7482,1.216
-6400.7,-2316.5,508.94,-0.036971,-610.87,6798.6,5.8803e+05,42163,1,-663.79,4440.4,-6688.1,-2312.8,824.65,-2212.6,8298.3,2684.1,-186.58,12325,329112,176,132,1911,-0.53719,1.7515,1.216
-6307.5,-2236.1,314.9,-0.0088693,-376.44,6688.9,5.8509e+05,43557,1,-699.85,4416.7,-6747.3,-2313.1,811.68,-2260.3,8270,2735.6,-113.96,12349,329206,176,132,1911,-0.56091,1.7519,1.2048
-6299.9,-2258.2,413.26,-0.018676,-494.02,6686.9,5.8664e+05,43555,1,-681.04,4410,-6729.3,-2315.8,816.85,-2246.8,8290.1,2700.1,-142.19,12341,329173,176,132,1911,-0.55015,1.7553,1.2048
-5999.8,-2944.5,3101.6,206.16,-3670.5,6385.3,6.1299e+05,33875,1,1.4682e+05,-12055,48110,10069,929.89,892.16,61443,-4692.2,19695,1.6824e+05,363334,176,61,1907,-0.27832,1.7642,1.2826
-6800.3,-3010.2,2653.5,29.212,-3245.9,7197.9,6.1023e+05,33877,1,41884,639.83,8370.4,2135.5,906.38,-785.32,27919,-347.36,6687.4,51527,350195,176,57,1906,-0.28914,1.7625,1.2826
-6850.5,-2778.4,1738.2,-0.10579,-2130.7,7289,6.0115e+05,35257,1,-521.35,4551.6,-6427.5,-2319.1,975.88,-2054.2,8421.1,2234.3,-497.54,12207,328679,176,80,1910,-0.38767,1.7515,1.2717
-6845.3,-2801,1834,-0.10935,-2248.1,7281.1,6.0254e+05,35255,1,-506.17,4552.9,-6429.4,-2317.2,988.3,-2050,8428.1,2191.5,-524.31,12206,328676,176,80,1910,-0.37692,1.7538,1.2717
-6840.3,-2823.7,1929.7,-0.10909,-2365.5,7272.7,6.0353e+05,35253,1,-489.53,4553.3,-6429.8,-2315.2,999.26,-2043.7,8435.2,2150.3,-553.26,12204,328670,176,80,1910,-0.36615,1.7561,1.2717
-6835.5,-2846.4,2025.4,-0.11521,-2482.8,7263.9,6.0529e+05,35251,1,-477.14,4553.3,-6429.5,-2313.9,1006.3,-2038.2,8440.5,2121.7,-574.94,12202,328666,176,80,1910,-0.35537,1.7583,1.2717
-6830.8,-2869.2,2121.1,-0.11341,-2600.1,7254.7,6.0714e+05,35249,1,-455.98,4551.9,-6425.5,-2311.7,1015.2,-2031.9,8449.3,2086.4,-598.84,12199,328655,176,80,1910,-0.34457,1.7605,1.2717
-6821.6,-2915,2312.4,-0.07952,-2834.5,7234.9,6.1092e+05,35245,1,-401.07,4542.2,-6405.1,-2308.9,1034.1,-2021.3,8475.1,2010.3,-637.28,12189,328615,176,80,1910,-0.32294,1.7646,1.2717
-6826.2,-2892.1,2216.8,-0.10351,-2717.3,7245.1,6.0925e+05,35247,1,-436.78,4549,-6420.1,-2309.6,1024.1,-2025.7,8456.9,2050.2,-622.01,12194,328637,176,80,1910,-0.33376,1.7626,1.2717
-6817.1,-2938,2408.1,-0.032741,-2951.8,7224.2,6.109e+05,35243,1,-354.13,4525.9,-6383.2,-2309.9,1045.4,-2020.1,8505.6,1959.1,-642.36,12184,328599,176,57,1906,-0.31211,1.7665,1.2717
-6811.8,-2961.1,2504.4,0.2332,-3069.7,7212.3,6.0787e+05,35241,1,397.16,4488.6,-6142.3,-2285.8,1051.4,-2003,8995.1,1910,-518.52,12378,329319,176,57,1906,-0.30126,1.7684,1.2717
-6792.4,-2983.7,2610,4.4579,-3196.1,7185.8,6.0888e+05,35239,1,16276,1213.9,1939.3,-586.83,761.47,-1203.7,16452,281.95,3325.1,23544,339880,176,61,1907,-0.29041,1.7702,1.2717
-6766.7,-2654.3,1361.4,-0.12021,-1661.6,7205.9,5.9817e+05,36631,1,-547.25,4517.9,-6464.9,-2306.3,928.36,-2080.1,8381.5,2364.8,-414.27,12208,328682,176,80,1910,-0.4324,1.749,1.2606
-6760.7,-2676.7,1457.7,-0.11003,-1779.1,7199.3,5.9904e+05,36629,1,-543.46,4525,-6460.3,-2312.3,938.57,-2076.7,8394.6,2336.1,-429.91,12213,328696,176,80,1910,-0.42166,1.7516,1.2606
-6754.9,-2699.1,1553.9,-0.10018,-1896.6,7192.4,5.9988e+05,36627,1,-533.21,4524.4,-6468.9,-2310.9,949.64,-2077.7,8400.5,2298.7,-447.71,12215,328702,176,80,1910,-0.41091,1.7542,1.2606
-6749.3,-2721.6,1650.1,-0.094728,-2014,7185.2,6.0074e+05,36625,1,-521.52,4528.3,-6475.8,-2312.1,964.58,-2078,8411,2252.8,-469.56,12221,328723,176,80,1910,-0.40014,1.7567,1.2606
-6666.4,-2597.8,1271.6,-0.13403,-1545.5,7100.6,5.9809e+05,38003,1,-547.18,4491.3,-6498.7,-2295.2,907.8,-2091.5,8362.3,2406,-398.75,12208,328687,176,161,1913,-0.44502,1.7538,1.2495
-6660.2,-2620.1,1368.2,-0.11802,-1662.8,7094.3,5.9899e+05,38001,1,-539.31,4489.6,-6504.2,-2296.2,918.3,-2092.1,8371,2369,-415.8,12211,328692,176,80,1910,-0.43425,1.7565,1.2495
-6559.7,-2563.5,1278.2,-0.084331,-1547,6988.7,5.9639e+05,39379,1,-542.79,4466.6,-6542.3,-2288.9,904.91,-2109.7,8356.5,2395.3,-395.99,12218,328711,176,161,1913,-0.4469,1.7612,1.2384
-6566.2,-2541.2,1181.3,-0.095157,-1429.7,6994.6,5.959e+05,39381,1,-555.27,4462.3,-6550.4,-2287.7,894.57,-2116.8,8346,2429.8,-373.72,12221,328722,176,161,1913,-0.4577,1.7584,1.2384
-6393.3,-2338.6,606.93,-0.046965,-728.49,6795.7,5.8971e+05,42161,1,-645.47,4427.8,-6669.1,-2307.7,832.24,-2200.1,8306.6,2640.9,-214.7,12304,329036,176,132,1911,-0.52644,1.7548,1.216
-6379,-2382.9,802.54,-0.071461,-963.29,6788.7,5.9257e+05,42157,1,-614.41,4419.8,-6649.4,-2294.1,850.62,-2183.7,8311.1,2565.4,-258.83,12272,328916,176,132,1911,-0.50486,1.7611,1.216
-6386.1,-2360.8,704.75,-0.06156,-845.91,6792.4,5.9138e+05,42159,1,-630.83,4420.7,-6658.5,-2299,842.66,-2193.2,8305.3,2598.8,-235.17,12283,328955,176,132,1911,-0.51566,1.758,1.216
-6479.4,-2440.2,895.52,-0.087972,-1079.3,6897.4,5.9284e+05,40769,1,-596.1,4434.5,-6602.3,-2285,859.81,-2151.9,8310.7,2535.8,-298.98,12239,328791,176,132,1911,-0.49203,1.757,1.2272
-6472.5,-2462.2,992.68,-0.097638,-1196.4,6892.7,5.9374e+05,40767,1,-580.14,4442.7,-6584.3,-2286.6,870.29,-2140,8325.9,2502.1,-322.73,12234,328778,176,161,1913,-0.48124,1.76,1.2272
-6465.7,-2484.3,1090,-0.087802,-1313.7,6887.7,5.945e+05,40765,1,-568.97,4435.1,-6597.2,-2286.9,878.7,-2143.5,8335.7,2464.3,-337.16,12239,328789,176,161,1913,-0.47043,1.7629,1.2272
-6459.1,-2506.6,1187.3,-0.079529,-1431,6882.3,5.9523e+05,40763,1,-555.64,4438,-6592.6,-2286.2,888.93,-2138.2,8343.8,2429.2,-357.09,12235,328785,176,161,1913,-0.4596,1.7657,1.2272
-6292.4,-2280.4,511.66,-0.029585,-611.65,6684.5,5.8898e+05,43553,1,-668.35,4395.4,-6722.3,-2316.7,825.02,-2242.4,8304.6,2654.8,-163.15,12332,329143,176,132,1911,-0.53937,1.7586,1.2048
-6198.7,-2199.5,316.61,-0.0089329,-376.97,6574.2,5.8509e+05,44951,1,-698.59,4373.1,-6766.2,-2316.3,806.43,-2276.6,8277.8,2715.5,-104.06,12349,329207,176,132,1911,-0.56315,1.7589,1.1935
-6191.3,-2221.8,415.4,-0.012455,-494.59,6572.4,5.865e+05,44949,1,-684.85,4361.7,-6764.7,-2319.2,811.09,-2272,8295,2680.8,-125.52,12348,329197,176,132,1911,-0.55235,1.7623,1.1935
-6574.6,-2984.6,2813.2,57.587,-3407.5,6959.3,6.1175e+05,35237,1,84300,-1198,19830,9088.2,847.29,766.64,42020,-1556.4,11267,97366,357375,176,61,1907,-0.27954,1.772,1.2717
-4963.3,-2783.1,3518.4,396.27,-4031.9,5324.2,6.1445e+05,35235,1,2.0702e+05,-7786.2,54302,13797,2845.2,-1038.1,73160,-3876.1,20816,2.2774e+05,365875,176,61,1907,-0.26866,1.7737,1.2717
-6743.9,-2744.2,1746.3,-0.089306,-2131.4,7177.6,6.0159e+05,36623,1,-509.63,4532.3,-6482.7,-2313.6,978.9,-2077.6,8421.9,2207.9,-492.51,12227,328744,176,80,1910,-0.38935,1.7591,1.2606
-6738.7,-2766.9,1842.5,-0.085439,-2248.8,7169.6,6.0255e+05,36621,1,-501.14,4534.4,-6486.4,-2314.6,987.64,-2075.1,8429.1,2177.6,-511.49,12230,328756,176,80,1910,-0.37855,1.7614,1.2606
-6733.7,-2789.7,1938.6,-0.088051,-2366.1,7161.3,6.0366e+05,36619,1,-489.96,4536.7,-6489.6,-2314.1,996.12,-2071.8,8435.4,2147.7,-531.36,12232,328770,176,80,1910,-0.36773,1.7637,1.2606
-6728.8,-2812.5,2034.7,-0.088328,-2483.4,7152.6,6.0476e+05,36617,1,-473.83,4539.8,-6493.9,-2313.4,1007.9,-2066.9,8444,2106.2,-559.81,12235,328781,176,80,1910,-0.35691,1.766,1.2606
-6724.1,-2835.4,2130.8,-0.087608,-2600.7,7143.5,6.0616e+05,36615,1,-458.48,4540.1,-6502.7,-2311.9,1018.6,-2064.3,8451.5,2065.7,-585.57,12239,328792,176,80,1910,-0.34606,1.7681,1.2606
-6719.5,-2858.4,2226.9,-0.083869,-2717.9,7134,6.0805e+05,36613,1,-440.18,4542.9,-6490.7,-2309.4,1028,-2054.4,8457.3,2032.8,-610.5,12231,328762,176,80,1910,-0.33521,1.7702,1.2606
-6710.6,-2904.4,2418.9,-0.057397,-2952.3,7113.6,6.1147e+05,36609,1,-401.62,4540.6,-6489.9,-2307.8,1044.6,-2047.1,8474.8,1967.1,-648.51,12232,328766,176,80,1910,-0.31346,1.7742,1.2606
-6715,-2881.4,2322.9,-0.072028,-2835.1,7124,6.0983e+05,36611,1,-423.28,4541.2,-6493.3,-2306.8,1037,-2051.4,8462.7,1997.6,-630.94,12230,328755,176,80,1910,-0.32434,1.7722,1.2606
-6706.3,-2927.6,2515,-0.015744,-3069.5,7102.7,6.1055e+05,36607,1,-147.62,4481.9,-6351.8,-2304.7,1052.8,-2036.6,8642.9,1887.6,-586.09,12232,328772,176,61,1907,-0.30257,1.7761,1.2606
-6700.5,-2950.9,2612.2,0.41531,-3187.8,7089.8,6.082e+05,36605,1,1395.1,4479.3,-6004.2,-2139.1,1078.5,-2016.9,9435.9,1817.2,-384.98,12663,330111,176,61,1907,-0.29166,1.7779,1.2606
-6659.8,-2970.4,2727.4,9.8517,-3321.8,7041.3,6.1027e+05,36603,1,37490,-1227.5,9899.3,3177.9,459.77,33.308,23456,-717.96,6166.3,45870,348901,176,61,1907,-0.28075,1.7797,1.2606
-6654.1,-2642.4,1464.8,-0.11007,-1780.2,7087.7,5.9968e+05,37999,1,-531.28,4498.2,-6498.4,-2302.3,933.03,-2089.2,8386.9,2327.3,-433.18,12216,328703,176,80,1910,-0.42347,1.7591,1.2495
-6648.2,-2664.8,1561.3,-0.10491,-1897.5,7080.8,6.0023e+05,37997,1,-516.8,4494.2,-6513.3,-2299.3,945,-2092.3,8392.7,2283.3,-453.45,12219,328716,176,80,1910,-0.41266,1.7617,1.2495
-6637,-2710,1754.3,-0.08596,-2132,7065.8,6.0168e+05,37993,1,-496.01,4500.9,-6524.4,-2302.4,967.08,-2091,8412.4,2211.4,-489.03,12230,328757,176,80,1910,-0.39102,1.7666,1.2495
-6642.5,-2687.4,1657.8,-0.095298,-2014.7,7073.5,6.009e+05,37995,1,-507.78,4499,-6515.3,-2301.9,956.59,-2090.8,8404,2247.6,-470.71,12224,328737,176,80,1910,-0.40185,1.7642,1.2495
-6553.4,-2585.7,1375,-0.085253,-1664.1,6982.5,5.9704e+05,39377,1,-531.35,4464.8,-6546.5,-2287.7,915.47,-2109.5,8362.8,2357.1,-412.44,12217,328708,176,161,1913,-0.43608,1.7639,1.2384
-6547.3,-2608.1,1471.9,-0.084979,-1781.3,6975.9,5.9769e+05,39375,1,-519.63,4466.2,-6549.4,-2291.2,925.8,-2107.4,8376.8,2319.8,-432.5,12223,328728,176,80,1910,-0.42525,1.7665,1.2384
-6452.7,-2528.8,1284.5,-0.085418,-1548.1,6876.5,5.9597e+05,40761,1,-539.32,4436,-6595.7,-2284.1,899.1,-2134.2,8351.9,2388,-381.93,12233,328775,176,161,1913,-0.44876,1.7685,1.2272
-6446.4,-2551.2,1381.7,-0.090015,-1665.2,6870.3,5.9642e+05,40759,1,-523.87,4440.4,-6589.9,-2284.5,910.81,-2126.4,8362.9,2347.2,-408.94,12231,328761,176,161,1913,-0.4379,1.7712,1.2272
-6285.2,-2302.8,610.08,-0.031781,-729.31,6681.8,5.9032e+05,43551,1,-653.71,4394.7,-6713.9,-2313.7,833.19,-2233.7,8312.9,2621.4,-186.41,12323,329104,176,132,1911,-0.52857,1.7619,1.2048
-6278.1,-2325.1,708.4,-0.038297,-846.84,6678.7,5.9149e+05,43549,1,-634.61,4392.1,-6707.8,-2306.2,840.59,-2222.7,8315.6,2586.5,-215.89,12310,329064,176,132,1911,-0.51775,1.7651,1.2048
-6271,-2347.4,806.64,-0.04648,-964.28,6675.1,5.925e+05,43547,1,-613.52,4388.2,-6699.8,-2297.6,848.79,-2209.5,8318.6,2546,-250.28,12294,328996,176,132,1911,-0.50691,1.7683,1.2048
-6372,-2405,900.21,-0.081479,-1080.5,6784.5,5.938e+05,42155,1,-599.54,4410.2,-6656.7,-2290.3,858.42,-2180.8,8317.9,2524.7,-283.98,12268,328901,176,132,1911,-0.49405,1.7642,1.216
-6365.2,-2427.3,997.9,-0.085965,-1197.8,6780,5.9484e+05,42153,1,-577.8,4413.6,-6637.7,-2284.1,866.82,-2164,8323.2,2489.7,-316.11,12251,328836,176,161,1913,-0.48321,1.7672,1.216
-6358.4,-2449.4,1095.4,-0.099046,-1314.9,6774.9,5.958e+05,42151,1,-560.87,4413.2,-6633.7,-2282.3,876.27,-2157.4,8332.9,2451.6,-339.42,12247,328822,176,161,1913,-0.47236,1.7701,1.216
-6351.8,-2471.7,1193.1,-0.097495,-1432,6769.6,5.9646e+05,42149,1,-549.07,4409.6,-6637.7,-2282.6,883.86,-2154.9,8342.7,2418.1,-359.48,12248,328826,176,161,1913,-0.46149,1.773,1.216
-6176.8,-2266.6,612.94,-0.025922,-729.8,6567.6,5.9042e+05,44945,1,-652.24,4361,-6754.1,-2315.6,827,-2255.5,8317,2612.9,-174.55,12338,329163,176,132,1911,-0.53068,1.769,1.1935
-6184,-2244.2,514.17,-0.02007,-612.2,6570.2,5.8884e+05,44947,1,-669.48,4362.3,-6757.7,-2317.2,819.02,-2263.2,8304.8,2648.3,-149.62,12341,329174,176,132,1911,-0.54153,1.7657,1.1935
-6082.6,-2185.2,417.26,-0.011425,-494.86,6457.7,5.8707e+05,46347,1,-683.4,4326.9,-6796.7,-2319.8,803.58,-2291,8296.8,2675.7,-112.6,12356,329229,176,132,1911,-0.55453,1.7693,1.1821
-6075.3,-2207.7,516.46,-0.013799,-612.51,6455.6,5.892e+05,46345,1,-665.4,4326.8,-6794.3,-2319.2,811.02,-2282.8,8310.5,2641.6,-139.01,12355,329226,176,132,1911,-0.54366,1.7726,1.1821
-6062.8,-2896.9,3050.7,146.09,-3621.1,6428.3,6.1337e+05,36601,1,1.7611e+05,-5496,44796,23804,142.34,4806.2,66590,-3854,19483,1.9614e+05,364788,176,61,1907,-0.26982,1.7813,1.2606
-6631.7,-2732.7,1850.8,-0.077321,-2249.3,7057.8,6.0251e+05,37991,1,-490.97,4512.8,-6523.9,-2309.2,981.97,-2088.2,8427.3,2171.8,-509.39,12240,328796,176,80,1910,-0.38017,1.769,1.2495
-6626.6,-2755.5,1947.3,-0.068826,-2366.6,7049.5,6.0359e+05,37989,1,-472.7,4512.5,-6542.8,-2306.9,993.25,-2090.4,8435.1,2129.7,-531.97,12249,328829,176,80,1910,-0.36931,1.7713,1.2495
-6621.6,-2778.4,2043.9,-0.061994,-2483.9,7040.8,6.0476e+05,37987,1,-465.89,4518.6,-6547.1,-2310,1004.4,-2088.1,8444.7,2095.6,-552.07,12256,328857,176,80,1910,-0.35843,1.7735,1.2495
-6616.8,-2801.3,2140.3,-0.058234,-2601.2,7031.7,6.0616e+05,37985,1,-454.83,4521.7,-6551.5,-2309,1013.4,-2085.5,8449.9,2065,-571.34,12259,328868,176,80,1910,-0.34754,1.7757,1.2495
-6612.2,-2824.3,2236.8,-0.052942,-2718.4,7022.3,6.0746e+05,37983,1,-439.26,4524.8,-6561.9,-2307.2,1025.6,-2084,8456.1,2023.3,-595.44,12264,328884,176,80,1910,-0.33664,1.7778,1.2495
-6607.8,-2847.4,2333.2,-0.050291,-2835.5,7012.4,6.09e+05,37981,1,-423.49,4531.1,-6550.1,-2306.5,1036.7,-2073.4,8463,1987,-622.7,12258,328866,176,80,1910,-0.32573,1.7798,1.2495
-6603.4,-2870.6,2429.6,-0.04723,-2952.7,7002.1,6.1048e+05,37979,1,-400.83,4529,-6565.5,-2307.3,1045.7,-2073,8475.1,1945.9,-645.63,12269,328907,176,80,1910,-0.3148,1.7818,1.2495
-6594.7,-2917.3,2622.7,0.009741,-3187.3,6980,6.0998e+05,37975,1,394.3,4397.1,-6181.7,-2245.7,1046,-2017.2,8912.3,1810.6,-499.37,12283,328954,176,61,1907,-0.29291,1.7855,1.2495
-6599.1,-2893.8,2526,-0.039568,-3069.8,6991.4,6.1161e+05,37977,1,-373.99,4529.4,-6565.6,-2313.6,1053.3,-2067,8497.2,1909.9,-668.69,12280,328943,176,80,1910,-0.30386,1.7837,1.2495
-6585.7,-2940.5,2722,1.2371,-3307.2,6963.5,6.0903e+05,37973,1,4776.6,4690.7,-5665.5,-1527.3,1119.2,-1954,10667,1853.3,-247.97,14199,332384,176,61,1907,-0.28195,1.7873,1.2495
-6445.9,-2942.4,2874.5,33.948,-3469.8,6813.8,6.1211e+05,37971,1,1.0235e+05,-3368.1,26607,14901,335.74,2686.9,42475,-1196.5,10794,1.1552e+05,359288,176,61,1907,-0.27098,1.789,1.2495
-6541.4,-2630.5,1568.7,-0.083769,-1898.5,6969,5.9848e+05,39373,1,-507.49,4467.8,-6552.4,-2291.2,936.97,-2105.2,8385.2,2281.3,-452.93,12224,328736,176,80,1910,-0.41441,1.7691,1.2384
-6535.6,-2653.1,1665.5,-0.083717,-2015.7,6961.6,5.9932e+05,39371,1,-495.05,4470.9,-6557.4,-2292.8,948.06,-2103.4,8396.6,2243.5,-473.44,12230,328754,176,80,1910,-0.40354,1.7716,1.2384
-6530,-2675.7,1762.3,-0.082759,-2132.8,6953.9,6.0024e+05,39369,1,-480.95,4474.7,-6562.6,-2293.2,959.44,-2101.6,8405.9,2205.6,-494.25,12235,328779,176,80,1910,-0.39266,1.7741,1.2384
-6524.5,-2698.4,1859.2,-0.076491,-2250,6945.9,6.0113e+05,39367,1,-470.13,4478.7,-6569.5,-2296,971.08,-2100.8,8418.1,2167.4,-513.94,12243,328801,176,80,1910,-0.38177,1.7764,1.2384
-6440.2,-2573.6,1478.9,-0.090259,-1782.3,6863.7,5.9703e+05,40757,1,-511.15,4439.2,-6594.5,-2284.8,919.27,-2123.8,8372.5,2312.9,-429.95,12234,328776,176,161,1913,-0.42702,1.7739,1.2272
-6434.2,-2596.1,1576.1,-0.087508,-1899.5,6856.8,5.976e+05,40755,1,-498.5,4440.5,-6597,-2285.5,929.68,-2120.7,8382.6,2275.6,-451.69,12236,328786,176,80,1910,-0.41613,1.7765,1.2272
-6345.3,-2494.1,1290.7,-0.092648,-1549.2,6763.9,5.9679e+05,42147,1,-533.6,4403.7,-6643.3,-2282.2,891.12,-2151.8,8353.5,2381.5,-383.07,12249,328828,176,161,1913,-0.4506,1.7758,1.216
-6339,-2516.5,1388.3,-0.089024,-1666.4,6757.7,5.9708e+05,42145,1,-518.91,4408.7,-6635.7,-2280.8,901.8,-2143.7,8361.3,2345.1,-406.55,12244,328809,176,161,1913,-0.4397,1.7785,1.216
-6332.9,-2539,1485.9,-0.084415,-1783.4,6751.2,5.9738e+05,42143,1,-505.78,4414.1,-6629.2,-2281.1,912.72,-2136.5,8370.8,2309.2,-429.8,12242,328798,176,161,1913,-0.42878,1.7812,1.216
-6169.7,-2289.1,711.73,-0.027133,-847.42,6564.6,5.9137e+05,44943,1,-635.99,4359.3,-6750.3,-2312.1,834.98,-2247,8325.3,2577.2,-200.8,12331,329138,176,132,1911,-0.51982,1.7722,1.1935
-6162.8,-2311.5,810.43,-0.032045,-964.95,6561.2,5.9226e+05,44941,1,-621.04,4358.6,-6747.7,-2306.5,842.16,-2239.6,8327.8,2547,-223.69,12323,329103,176,132,1911,-0.50894,1.7753,1.1935
-6156,-2334,909.04,-0.040527,-1082.4,6557.3,5.9315e+05,44939,1,-600.87,4358.5,-6738.7,-2297.8,850.93,-2226.2,8329.6,2508.9,-256.28,12307,329048,176,132,1911,-0.49803,1.7784,1.1935
-6264.1,-2369.7,904.78,-0.053501,-1081.6,6671.1,5.9333e+05,43545,1,-599.2,4386.8,-6696.6,-2292.8,855.08,-2201.3,8322.7,2517.1,-273.87,12287,328969,176,132,1911,-0.49605,1.7713,1.2048
-6257.4,-2392,1002.9,-0.056153,-1198.9,6666.7,5.9426e+05,43543,1,-584.81,4382.7,-6696.4,-2290.8,862.42,-2196.2,8331,2482.6,-295.72,12283,328952,176,161,1913,-0.48517,1.7743,1.2048
-6250.7,-2414.4,1101,-0.056807,-1316.1,6661.9,5.9485e+05,43541,1,-562.53,4384.1,-6683.1,-2284.2,871.09,-2180.9,8335.6,2444.8,-330.74,12268,328902,176,161,1913,-0.47428,1.7773,1.2048
-6244.2,-2436.8,1198.9,-0.067319,-1433.2,6656.7,5.9565e+05,43539,1,-544.39,4379.4,-6681.4,-2281.6,879.19,-2173.6,8344.5,2405.1,-358.01,12262,328881,176,161,1913,-0.46336,1.7802,1.2048
-6068.2,-2230.3,615.67,-0.018361,-730.17,6453.1,5.9076e+05,46343,1,-649.33,4326,-6791.9,-2317,818.8,-2274.4,8320.9,2606.6,-165.74,12351,329210,176,132,1911,-0.53278,1.7759,1.1821
-6061.2,-2252.9,714.85,-0.021807,-847.79,6450.2,5.918e+05,46341,1,-633.64,4328.3,-6787.3,-2313.6,827.5,-2266,8328.7,2573.4,-189.99,12345,329188,176,132,1911,-0.52187,1.7792,1.1821
-5857.6,-2134.4,520.66,-0.0075494,-612.73,6226,5.902e+05,49153,1,-651.14,4259.7,-6865.6,-2318.8,792.73,-2313.8,8318.7,2631.4,-129.35,12378,329320,176,132,1911,-0.54788,1.7864,1.1593
-5966.5,-2171.1,518.62,-0.0085036,-612.67,6340.9,5.8924e+05,47747,1,-659.93,4291.1,-6830.4,-2320,801.49,-2299.9,8315.1,2636.9,-131.67,12366,329275,176,132,1911,-0.54578,1.7795,1.1707
-5959.4,-2193.8,618.25,-0.01156,-730.37,6338.5,5.916e+05,47745,1,-643.07,4291.8,-6829.7,-2317.7,809.86,-2292.3,8325.6,2601.5,-158,12364,329262,176,132,1911,-0.53485,1.7828,1.1707
-4418.1,-2596.9,3635.3,473.46,-4090.9,4745.5,6.1447e+05,37969,1,2.1929e+05,-29674,87958,11803,-5767.6,10823,77805,-9935.9,30381,2.5312e+05,366417,176,68,1908,-0.26,1.7906,1.2495
-6519.2,-2721.2,1956,-0.065896,-2367.2,6937.4,6.0188e+05,39365,1,-456.6,4483.8,-6577,-2297.2,983.33,-2100.3,8428.9,2128.7,-533.3,12251,328834,176,80,1910,-0.37086,1.7787,1.2384
-6514.1,-2744,2052.8,-0.049718,-2484.3,6928.6,6.0255e+05,39363,1,-447.2,4489.7,-6586.8,-2299.1,996.36,-2101.1,8438,2088.7,-551.29,12260,328869,176,80,1910,-0.35994,1.781,1.2384
-6509.2,-2767,2149.7,-0.033297,-2601.5,6919.5,6.0325e+05,39361,1,-435.15,4498.6,-6600.9,-2301.1,1012.3,-2103,8448.9,2041.8,-571.79,12273,328918,176,80,1910,-0.34901,1.7832,1.2384
-6504.4,-2790.1,2246.5,-0.022291,-2718.7,6910,6.0399e+05,39359,1,-428.27,4503.3,-6608.9,-2302.8,1022,-2101.9,8455.9,2009.9,-589.03,12280,328944,176,80,1910,-0.33806,1.7853,1.2384
-6499.9,-2813.2,2343.3,-0.018669,-2835.8,6900.1,6.0538e+05,39357,1,-411.89,4511,-6619.3,-2303.1,1033,-2099.1,8463.9,1973.4,-612.46,12289,328979,176,80,1910,-0.3271,1.7873,1.2384
-6495.5,-2836.5,2440.1,-0.021734,-2952.9,6889.9,6.0781e+05,39355,1,-400.49,4516.8,-6628.4,-2307.1,1042.5,-2095.2,8474.9,1938.2,-637.04,12300,329016,176,80,1910,-0.31613,1.7893,1.2384
-6491.1,-2859.8,2536.9,-0.029955,-3070.1,6879.2,6.1033e+05,39353,1,-381.93,4520.5,-6632,-2311.9,1048.9,-2089.9,8490.2,1911,-658.99,12310,329065,176,80,1910,-0.30514,1.7912,1.2384
-6486.9,-2883.4,2633.9,-0.030095,-3187.5,6868.1,6.1129e+05,39351,1,-275.56,4514.1,-6601.9,-2325,1052,-2075.4,8569.8,1870.8,-673.51,12339,329168,176,61,1907,-0.29415,1.793,1.2384
-6481.9,-2907.3,2731.7,0.10548,-3305.7,6855.8,6.0949e+05,39349,1,3105.1,4000.3,-5104.1,-1795.4,974.6,-1822.3,9966.6,1619.2,-85.152,12695,330178,176,61,1907,-0.28314,1.7948,1.2384
-5714.6,-2803.4,3173.5,173.38,-3722.3,6058.2,6.132e+05,39345,1,2.0011e+05,7406.6,30830,24450,3869.3,-519.29,70353,953.98,13275,2.1631e+05,365525,176,68,1908,-0.26109,1.7981,1.2384
-6454.2,-2927.7,2838.8,5.6528,-3431.7,6819.9,6.1068e+05,39347,1,27037,6316,-3360.2,3103.8,1493.6,-1515.2,17507,2215.2,597.23,33288,344752,176,68,1908,-0.27212,1.7965,1.2384
-6422.7,-2641.3,1770.4,-0.070363,-2133.7,6841.8,5.9852e+05,40751,1,-470.41,4445.1,-6603.7,-2286.5,950.9,-2115,8402.3,2200.8,-495.06,12243,328799,176,80,1910,-0.3943,1.7814,1.2272
-6428.4,-2618.7,1673.2,-0.082793,-2016.6,6849.4,5.9814e+05,40753,1,-483.87,4442.5,-6599.6,-2286.2,939.84,-2117.3,8393.5,2239,-474.16,12240,328794,176,80,1910,-0.40522,1.779,1.2272
-6417.2,-2664.1,1867.6,-0.060191,-2250.8,6833.7,5.9902e+05,40749,1,-456.93,4448.2,-6608.4,-2287.2,962.01,-2112.8,8411.9,2162.7,-515.77,12247,328821,176,80,1910,-0.38336,1.7838,1.2272
-6411.8,-2686.9,1964.7,-0.052941,-2367.9,6825.2,5.9962e+05,40747,1,-442.72,4452,-6613.9,-2288,973.31,-2110.9,8421.3,2124.2,-536.18,12252,328840,176,80,1910,-0.37241,1.7861,1.2272
-6321,-2584.2,1680.9,-0.070763,-2017.6,6737.1,5.9802e+05,42139,1,-475.2,4410.7,-6638.2,-2280.4,931.91,-2132,8389.6,2232.7,-472.6,12246,328815,176,80,1910,-0.40689,1.7863,1.216
-6326.9,-2561.6,1583.4,-0.078523,-1900.5,6744.3,5.977e+05,42141,1,-491.59,4405.9,-6640.2,-2279.4,919.93,-2137.4,8378.3,2273.6,-448.85,12244,328808,176,161,1913,-0.41784,1.7838,1.216
-6237.8,-2459.2,1296.9,-0.074409,-1550.3,6651,5.9619e+05,43537,1,-529.95,4378.9,-6679.5,-2280.4,886.23,-2168,8352.5,2375.1,-378.35,12260,328870,176,161,1913,-0.45243,1.783,1.2048
-6231.5,-2481.8,1394.9,-0.07413,-1667.5,6645,5.9666e+05,43535,1,-518.19,4377.7,-6677.8,-2279.5,893.62,-2163,8360.3,2344.5,-397.8,12258,328862,176,161,1913,-0.44148,1.7857,1.2048
-6225.3,-2504.3,1492.8,-0.070521,-1784.5,6638.5,5.9701e+05,43533,1,-499.38,4377.2,-6676.2,-2276.5,905.04,-2157,8368.2,2299.9,-423.68,12253,328844,176,161,1913,-0.43052,1.7884,1.2048
-6054.3,-2275.5,814,-0.024112,-965.37,6446.9,5.9241e+05,46339,1,-615.01,4322.2,-6789.8,-2308.9,835.67,-2258.8,8336.7,2531.5,-219.6,12339,329166,176,132,1911,-0.51095,1.7823,1.1821
-6047.6,-2298.1,913.08,-0.028978,-1082.9,6443.2,5.9313e+05,46337,1,-597.44,4327,-6779.5,-2301.2,845.6,-2245.6,8338.1,2495.5,-250.33,12325,329111,176,132,1911,-0.5,1.7854,1.1821
-6149.3,-2356.5,1007.5,-0.049199,-1199.6,6553.1,5.9383e+05,44937,1,-583.58,4348.5,-6744.4,-2293.7,857.23,-2220.8,8336.9,2469.3,-283.79,12302,329028,176,161,1913,-0.48711,1.7814,1.1935
-6142.7,-2379,1106,-0.05378,-1316.9,6548.4,5.9441e+05,44935,1,-565.19,4352.8,-6733.7,-2289.5,866.28,-2208.7,8344.1,2435,-311.56,12293,328992,176,161,1913,-0.47617,1.7844,1.1935
-6136.2,-2401.6,1204.5,-0.055031,-1434.1,6543.3,5.9477e+05,44933,1,-549.2,4355,-6726.6,-2285.4,874.01,-2198.7,8348.8,2404.1,-337.16,12285,328963,176,161,1913,-0.46521,1.7873,1.1935
-6129.9,-2424.2,1302.9,-0.057242,-1551.3,6537.8,5.9523e+05,44931,1,-531.08,4349.5,-6726.3,-2282.6,881.63,-2191.2,8357.1,2364.7,-365.98,12280,328945,176,161,1913,-0.45424,1.7901,1.1935
-5952.4,-2216.5,717.84,-0.016708,-848.03,6335.7,5.9297e+05,47743,1,-626.04,4295.3,-6824.6,-2313.6,820.26,-2281.8,8334,2562.2,-187.75,12357,329237,176,132,1911,-0.5239,1.7861,1.1707
-5741.3,-2120.5,623.1,-0.008221,-730.52,6108.5,5.9416e+05,50561,1,-626.96,4228,-6905.7,-2316.5,790.94,-2322,8333.6,2593.2,-151.91,12391,329369,176,132,1911,-0.53894,1.7965,1.1478
-5850.5,-2157.2,620.71,-0.0084996,-730.47,6223.6,5.9287e+05,49151,1,-635.94,4258.3,-6868.7,-2317.8,800.02,-2308.6,8330,2597.9,-152.72,12378,329322,176,132,1911,-0.53691,1.7897,1.1593
-5843.5,-2180,720.73,-0.01278,-848.18,6220.8,5.9447e+05,49149,1,-620.37,4259.2,-6869,-2314.5,808.94,-2301.2,8338.3,2561.6,-179.1,12375,329306,176,132,1911,-0.52591,1.793,1.1593
-6406.5,-2709.7,2061.9,-0.047646,-2484.9,6816.4,6.0018e+05,40745,1,-427.1,4456.4,-6620,-2286.1,985.38,-2109.2,8426.8,2084.7,-556.17,12255,328850,176,80,1910,-0.36144,1.7884,1.2272
-6401.4,-2732.7,2158.9,-0.040541,-2601.9,6807.1,6.0069e+05,40743,1,-412.45,4459.9,-6631,-2287.3,995.31,-2108.7,8436.7,2048.9,-575.11,12264,328886,176,80,1910,-0.35046,1.7906,1.2272
-6396.4,-2755.7,2256,-0.033018,-2718.9,6797.4,6.0116e+05,40741,1,-403.15,4475.6,-6643.4,-2292.6,1012.1,-2109.3,8450.9,2003.9,-594.64,12282,328950,176,80,1910,-0.33947,1.7927,1.2272
-6391.6,-2778.9,2353.2,-0.021565,-2836,6787.4,6.0158e+05,40739,1,-390.02,4481.9,-6658.9,-2295.9,1022.1,-2109.2,8463.1,1969,-614.46,12297,329005,176,80,1910,-0.32846,1.7948,1.2272
-6386.9,-2802.2,2450.4,-0.010728,-2953.1,6777,6.0205e+05,40737,1,-372.95,4497.1,-6680.5,-2300,1034.5,-2109.5,8475.9,1932.1,-636.23,12320,329094,176,80,1910,-0.31744,1.7967,1.2272
-6382.5,-2825.6,2547.7,-0.0061321,-3070.4,6766.4,6.0358e+05,40735,1,-366.56,4515,-6700.4,-2315.5,1046.2,-2106.7,8502.3,1896.1,-663.23,12355,329225,176,80,1910,-0.30641,1.7986,1.2272
-6378,-2849.3,2645.2,-0.014213,-3187.9,6755.2,6.0721e+05,40733,1,-310.61,4542.7,-6754.7,-2339.6,1049.6,-2107.6,8555.3,1874.8,-693.23,12432,329530,176,80,1910,-0.29537,1.8005,1.2272
-6373.4,-2873.5,2743.3,-0.016175,-3306.2,6743.3,6.1018e+05,40731,1,149.79,4491.8,-6559.1,-2315.4,1029.8,-2045.8,8792.9,1835.5,-664.99,12448,329595,176,68,1908,-0.28432,1.8023,1.2272
-6364.8,-2897.8,2843.6,0.64475,-3426.5,6727,6.1005e+05,40729,1,18053,2126.5,781.69,1459.1,568.22,-529.39,14186,946.88,1717.8,23214,339656,176,74,1909,-0.27325,1.804,1.2272
-6166.4,-2878,2994.2,43.096,-3579.5,6515.9,6.1227e+05,40727,1,1.7965e+05,15752,14377,34806,3418.5,2240,57575,4017.1,6157,1.932e+05,364650,176,74,1909,-0.26218,1.8056,1.2272
-6309.6,-2629.7,1875.9,-0.063521,-2251.6,6721.3,5.9847e+05,42135,1,-444.41,4416.1,-6645.4,-2280.7,952.7,-2125.2,8408.2,2157.3,-515.93,12252,328838,176,80,1910,-0.38494,1.7912,1.216
-6315.3,-2606.9,1778.4,-0.066843,-2134.6,6729.4,5.9826e+05,42137,1,-458.58,4413.1,-6641,-2279,942.6,-2128.6,8396.9,2194.4,-494,12246,328817,176,80,1910,-0.39592,1.7888,1.216
-6304.1,-2652.5,1973.4,-0.05659,-2368.6,6712.8,5.9867e+05,42133,1,-429.91,4419.4,-6650.3,-2281.1,963.43,-2122.4,8417.5,2119.4,-537.4,12256,328856,176,80,1910,-0.37394,1.7935,1.216
-6298.8,-2675.4,2070.9,-0.049598,-2485.6,6704,5.9892e+05,42131,1,-412.89,4424.4,-6656.9,-2280.5,974,-2118.9,8425.1,2082.1,-560.31,12261,328872,176,80,1910,-0.36293,1.7957,1.216
-6219.3,-2526.9,1590.7,-0.065057,-1901.5,6631.7,5.973e+05,43531,1,-483.23,4381.1,-6673,-2276.6,916.6,-2150.7,8379.2,2259.2,-448.11,12252,328842,176,80,1910,-0.41953,1.791,1.2048
-6207.6,-2572.4,1786.4,-0.063402,-2135.5,6616.9,5.9837e+05,43527,1,-450.79,4382.3,-6681.9,-2276.6,933.52,-2142.9,8398.2,2189.8,-493.42,12258,328867,176,80,1910,-0.39752,1.796,1.2048
-6213.4,-2549.6,1688.5,-0.063831,-2018.5,6624.5,5.9794e+05,43529,1,-467.5,4377.5,-6684,-2275.7,922.98,-2150.6,8386.7,2228.1,-465.48,12257,328861,176,80,1910,-0.40854,1.7935,1.2048
-6123.7,-2446.8,1401.3,-0.061586,-1668.4,6531.9,5.959e+05,44929,1,-511.2,4347.8,-6722.4,-2278.4,891.38,-2182.2,8364.1,2322.3,-395.99,12272,328917,176,161,1913,-0.44325,1.7929,1.1935
-6117.5,-2469.4,1499.5,-0.069184,-1785.4,6525.6,5.9654e+05,44927,1,-492.32,4345.4,-6725.7,-2274.7,898.29,-2176.4,8369.5,2288.8,-421.04,12270,328908,176,161,1913,-0.43224,1.7955,1.1935
-6111.5,-2492.1,1597.8,-0.07424,-1902.4,6518.8,5.9699e+05,44925,1,-474.93,4351.5,-6718.1,-2273.1,908.02,-2166.9,8378.2,2254.8,-445.87,12266,328891,176,80,1910,-0.42121,1.7982,1.1935
-5945.6,-2239.3,817.4,-0.020207,-965.65,6332.5,5.9358e+05,47741,1,-613.04,4288.9,-6832.5,-2311.2,825.64,-2279.6,8341.2,2532,-206.96,12357,329236,176,132,1911,-0.51293,1.7893,1.1707
-5938.9,-2262,916.91,-0.023275,-1083.2,6328.8,5.9421e+05,47739,1,-595.58,4292.3,-6827.2,-2305.5,836.24,-2268.9,8346.6,2492.3,-237.06,12348,329204,176,132,1911,-0.50195,1.7924,1.1707
-6040.9,-2320.8,1012.1,-0.037478,-1200.3,6439.1,5.9386e+05,46335,1,-582.53,4317.9,-6789.1,-2298.5,850.56,-2242.8,8345.6,2462.3,-273.42,12325,329110,176,161,1913,-0.48903,1.7885,1.1821
-6034.4,-2343.4,1111,-0.047088,-1317.6,6434.6,5.9451e+05,46333,1,-565.31,4325.9,-6774.7,-2291.4,859.7,-2228.4,8346.7,2432.3,-301.79,12311,329067,176,161,1913,-0.47805,1.7914,1.1821
-6028,-2366.1,1209.8,-0.05281,-1434.8,6429.6,5.9513e+05,46331,1,-547.16,4321,-6775.2,-2288.4,867.47,-2220.9,8355.8,2392.4,-330.12,12306,329042,176,161,1913,-0.46705,1.7943,1.1821
-6021.7,-2388.8,1308.7,-0.056286,-1552,6424.2,5.9566e+05,46329,1,-529.63,4320.2,-6772.4,-2284,875.91,-2212.8,8361.4,2355.9,-356.07,12300,329015,176,161,1913,-0.45603,1.7972,1.1821
-6015.5,-2411.6,1407.4,-0.059599,-1669.2,6418.4,5.961e+05,46327,1,-513.21,4318.3,-6774.7,-2281.9,882.88,-2206.8,8369.3,2322.5,-380.27,12298,329008,176,161,1913,-0.445,1.7999,1.1821
-5631.9,-2083.7,625.44,-0.0099614,-730.54,5993.1,5.9516e+05,51975,1,-621.49,4196.1,-6944.9,-2315.6,779.03,-2337.6,8334.9,2597.6,-145.09,12406,329418,176,132,1911,-0.54095,1.8032,1.1362
-5624.9,-2106.7,726.28,-0.012748,-848.32,5990.5,5.9759e+05,51973,1,-604.52,4193.6,-6949.3,-2313.1,787.84,-2331.3,8345.5,2556.8,-173.14,12404,329415,176,132,1911,-0.52988,1.8065,1.1362
-5734.3,-2143.4,723.53,-0.011286,-848.27,6105.8,5.9604e+05,50559,1,-612.59,4226.6,-6909.2,-2314.2,798.67,-2316.7,8342.3,2558.9,-175.48,12390,329366,176,132,1911,-0.52791,1.7997,1.1478
-5727.4,-2166.4,823.92,-0.015603,-965.96,6102.7,5.966e+05,50557,1,-597.95,4227.3,-6909.7,-2310.3,807.98,-2309.6,8349.3,2521.8,-201.48,12386,329351,176,161,1913,-0.51685,1.803,1.1478
-5836.6,-2202.9,820.7,-0.017413,-965.83,6217.7,5.9514e+05,49147,1,-604.29,4263,-6864.8,-2309.9,819.84,-2291.2,8345.1,2521.5,-208.52,12368,329284,176,132,1911,-0.5149,1.7961,1.1593
-3116.8,-1139.3,-1205.9,-535.62,1081.6,3318.2,4.9357e+05,61981,1,-1.9062e+05,-19746,-91078,-36600,-4537.8,-16229,-52672,-3813.1,-28096,2.241e+05,365776,176,132,1911,-0.68894,1.8025,1.0544
-6293.6,-2698.4,2168.4,-0.045832,-2602.6,6694.7,5.9906e+05,42129,1,-395.32,4430,-6664.4,-2280,984.24,-2115,8433,2045.6,-584.16,12267,328898,176,80,1910,-0.3519,1.7979,1.216
-6288.4,-2721.5,2265.8,-0.039285,-2719.5,6685,5.9944e+05,42127,1,-373.92,4436.2,-6677.9,-2279.9,993.18,-2112.6,8442.4,2012.1,-606.8,12278,328934,176,80,1910,-0.34086,1.8001,1.216
-6283.3,-2744.6,2363.3,-0.031909,-2836.5,6674.8,5.9994e+05,42125,1,-366.21,4455.3,-6687.2,-2285.6,1009.3,-2110.9,8455.8,1971.2,-626.54,12296,328999,176,80,1910,-0.32981,1.8021,1.216
-6278.3,-2767.9,2460.7,-0.02562,-2953.5,6664.1,6.0075e+05,42123,1,-310.18,4471.4,-6730.2,-2283.8,1015.7,-2110.1,8472.2,1939.6,-658.49,12331,329137,176,80,1910,-0.31875,1.8041,1.216
-6273.1,-2791.2,2558.3,-0.010432,-3070.6,6652.7,6.0133e+05,42121,1,-317.34,4506.3,-6758.1,-2303.9,1033.2,-2112.7,8502,1903.8,-675.09,12381,329330,176,80,1910,-0.30767,1.806,1.216
-6262.5,-2839.3,2755.3,0.031217,-3307,6628.4,6.0466e+05,42117,1,-200.78,4637.1,-6939.5,-2400,1051.3,-2127.1,8678.4,1872.2,-740.04,12667,330121,176,80,1910,-0.28549,1.8097,1.216
-6267.8,-2814.9,2656.4,0.021033,-3188.3,6640.8,6.0191e+05,42119,1,-194.09,4582.4,-6875.8,-2323.7,1041.7,-2120,8570,1887.5,-717.95,12523,329807,176,80,1910,-0.29658,1.8079,1.216
-6255.3,-2864.8,2856.2,0.1228,-3428,6613.8,6.0935e+05,42115,1,1697.1,4977,-7039,-2073.8,1091.9,-2099.9,9214.7,1944.7,-805.98,13283,331214,176,74,1909,-0.27438,1.8114,1.216
-6190.6,-2877.9,2970.9,11.179,-3558.4,6539.9,6.1133e+05,42113,1,1.3621e+05,12119,10819,29515,3573.6,925.62,40780,2324.9,5217,1.4628e+05,361812,176,74,1909,-0.26326,1.813,1.216
-6196.4,-2618.1,1982.2,-0.057816,-2369.5,6600.3,5.9909e+05,43523,1,-416.94,4387.1,-6687.5,-2275.3,952.9,-2133.4,8414.8,2116.4,-541,12262,328879,176,80,1910,-0.37545,1.8008,1.2048
-6202,-2595.2,1884.3,-0.061726,-2252.5,6608.8,5.9884e+05,43525,1,-433.56,4383.8,-6683.1,-2275.3,942.86,-2137.5,8405.5,2153.5,-518.05,12258,328864,176,80,1910,-0.3865,1.7984,1.2048
-6190.9,-2641.1,2080,-0.05517,-2486.4,6591.4,5.9937e+05,43521,1,-393.37,4389.5,-6697.8,-2275.2,962.61,-2129.7,8426,2076.3,-567.83,12270,328913,176,80,1910,-0.3644,1.803,1.2048
-6185.6,-2664.2,2177.9,-0.049873,-2603.4,6582.1,5.9957e+05,43519,1,-381.53,4403.3,-6694.9,-2276.7,974.19,-2122.7,8434.2,2044.7,-589.01,12274,328923,176,80,1910,-0.35333,1.8052,1.2048
-6105.5,-2514.9,1696.1,-0.07022,-2019.4,6511.6,5.9738e+05,44923,1,-457.75,4354.5,-6719.1,-2274.1,917.44,-2161,8390.8,2218.3,-470.9,12270,328912,176,80,1910,-0.41017,1.8007,1.1935
-6099.7,-2537.8,1794.4,-0.060182,-2136.5,6504,5.9771e+05,44921,1,-445.16,4348.9,-6728.3,-2273.8,923.04,-2159.9,8398.6,2188.1,-489.77,12273,328919,176,80,1910,-0.39911,1.8032,1.1935
-6094.1,-2560.7,1892.6,-0.051407,-2253.5,6496.1,5.9815e+05,44919,1,-426.16,4355.4,-6728.1,-2273,935.23,-2154,8407.2,2147.2,-514.92,12274,328922,176,80,1910,-0.38804,1.8056,1.1935
-6009.4,-2434.4,1506.2,-0.059229,-1786.3,6412.2,5.9654e+05,46325,1,-494.94,4323.9,-6765.7,-2278.3,891.98,-2195.5,8375.2,2289.6,-408.05,12291,328987,176,161,1913,-0.43394,1.8026,1.1821
-6003.4,-2457.3,1604.9,-0.059901,-1903.4,6405.6,5.9683e+05,46323,1,-476.03,4320.8,-6768.1,-2275.1,898.2,-2188.8,8381.7,2256.9,-434.31,12289,328977,176,161,1913,-0.42287,1.8053,1.1821
-5997.4,-2480.1,1703.6,-0.061187,-2020.4,6398.5,5.9712e+05,46321,1,-453.92,4320.3,-6765.3,-2272.1,907.43,-2179.3,8390.4,2215.8,-465.77,12284,328960,176,80,1910,-0.41179,1.8078,1.1821
-5829.9,-2225.8,920.62,-0.022425,-1083.4,6214.2,5.9587e+05,49145,1,-591.29,4257.1,-6873.3,-2307.3,825.24,-2288.9,8351.8,2491.3,-228.19,12368,329285,176,161,1913,-0.50387,1.7993,1.1593
-5823.3,-2248.7,1020.5,-0.027445,-1201,6210.2,5.9633e+05,49143,1,-574.4,4260.7,-6868.5,-2302.4,835.92,-2278.5,8357.9,2451.4,-258.15,12360,329244,176,161,1913,-0.49282,1.8023,1.1593
-5932.3,-2284.8,1016.4,-0.02703,-1200.7,6324.8,5.9472e+05,47737,1,-579.73,4292.2,-6825.8,-2301.3,844.51,-2260.3,8352.7,2456.6,-264.73,12343,329176,176,161,1913,-0.49094,1.7954,1.1707
-5925.8,-2307.7,1115.7,-0.030798,-1318.1,6320.4,5.9533e+05,47735,1,-562.3,4291.9,-6823.8,-2295.6,852.81,-2251.2,8356.6,2420.6,-292.85,12335,329155,176,161,1913,-0.47991,1.7984,1.1707
-5919.4,-2330.5,1215.1,-0.038188,-1435.4,6315.6,5.9608e+05,47733,1,-544.27,4288.1,-6826,-2291.4,860.64,-2243.1,8363.4,2381.1,-323.08,12330,329133,176,161,1913,-0.46887,1.8013,1.1707
-5913.1,-2353.3,1314.3,-0.048206,-1552.7,6310.3,5.9679e+05,47731,1,-526.22,4293,-6815.6,-2286.2,869.55,-2230.6,8367.5,2348.1,-352.19,12319,329092,176,161,1913,-0.45781,1.8042,1.1707
-5907,-2376.2,1413.5,-0.056564,-1669.9,6304.6,5.9733e+05,47729,1,-508.57,4290.8,-6816.8,-2283,876.27,-2223.7,8374.1,2315,-377.54,12316,329085,176,161,1913,-0.44673,1.8069,1.1707
-5900.9,-2399.2,1512.7,-0.06034,-1787,6298.5,5.9772e+05,47727,1,-490.85,4290.1,-6814.3,-2280.7,884.07,-2215.3,8382.9,2279.5,-404.26,12313,329073,176,161,1913,-0.43563,1.8096,1.1707
-5522.3,-2046.8,627.75,-0.015254,-730.55,5877.5,5.9621e+05,53391,1,-611.67,4159.8,-6989.4,-2314.8,767.46,-2352.6,8340.6,2592.7,-145.64,12423,329487,176,132,1911,-0.54295,1.8098,1.1247
-5515.3,-2070,728.99,-0.018109,-848.36,5874.9,5.9874e+05,53389,1,-596.59,4160.4,-6989.5,-2311.9,776.59,-2345.3,8348.4,2555.3,-171.76,12419,329471,176,161,1913,-0.53183,1.8131,1.1247
-5508.4,-2093.2,830.18,-0.022709,-966.12,5871.9,5.9898e+05,53387,1,-582.6,4160.7,-6989.6,-2308.3,786.1,-2338.3,8355.7,2517.3,-196.9,12414,329457,176,161,1913,-0.5207,1.8164,1.1247
-5618,-2129.8,827.08,-0.016013,-966.05,5987.4,5.9805e+05,51971,1,-590.21,4194.2,-6949.7,-2309.6,797.28,-2324.4,8352.9,2519.2,-198.56,12400,329403,176,161,1913,-0.51879,1.8097,1.1362
-5611.3,-2153,927.82,-0.018739,-1083.7,5984,5.9809e+05,51969,1,-577.43,4197.2,-6947.2,-2306,807.02,-2317.1,8358.7,2484.2,-222.1,12395,329383,176,161,1913,-0.50767,1.8128,1.1362
-5720.7,-2189.4,924.26,-0.018808,-1083.6,6099.2,5.9679e+05,50555,1,-582.28,4231.3,-6905.8,-2306,819.07,-2299.9,8356.2,2481.4,-230.79,12379,329324,176,161,1913,-0.50578,1.8061,1.1478
-5419.5,-1986.6,528.32,-0.03617,-612.62,5763.8,5.9238e+05,54811,1,-625.79,4129.4,-7022.5,-2319.1,748.77,-2372.7,8337.8,2628.4,-115.59,12441,329560,176,132,1911,-0.55605,1.813,1.1131
-4884.9,-1405.2,-619.91,22.403,721.23,5069.5,5.615e+05,60541,1,-877.51,1806.9,-3599,-4838.7,-129.42,-2760.2,22895,4252.9,7128.9,25321,341104,176,132,1911,-0.66452,1.8047,1.0662
-4894.5,-1494,-463.61,0.83341,530.55,5111,5.8659e+05,60539,1,-3379.1,2041.8,-5525.7,-7748.8,-259.38,-4302.4,13345,2751.4,3494.8,17961,335939,176,132,1911,-0.65343,1.8087,1.0662
-4944.6,-1582,-300.05,-5.2665,340.15,5189,5.8951e+05,60537,1,-4872.5,2040.8,-6399.2,-6490,125.95,-4128.8,12136,2523.5,3035,17056,335114,176,132,1911,-0.64232,1.8127,1.0662
-4983.2,-1640.4,-166.14,-5.3185,187.01,5245.6,5.8194e+05,60535,1,-3245.6,2730.6,-6576.7,-4961.7,262.73,-3387.6,11421,2817.7,1961.6,15480,333666,176,139,1912,-0.63119,1.8166,1.0662
-5092.8,-1697.1,-130.79,-4.4528,147.55,5367.7,5.8606e+05,59101,1,-3415.6,3019.6,-7071.4,-4348.3,469.27,-3332.8,10475,2605.8,1743.9,14852,333055,176,132,1911,-0.62903,1.8104,1.078
-5104.2,-1733.1,-13.05,-2.0029,13.845,5390.4,5.8276e+05,59099,1,-2080.6,3438.8,-6982.7,-3590.5,554.19,-2998,9877.6,2705,1130.6,13902,332031,176,132,1911,-0.61791,1.8142,1.078
-5216.9,-1837.5,217.96,-0.76208,-251.38,5529.6,5.8754e+05,57665,1,-1066.4,3920.7,-7112.2,-2697.8,664.36,-2580.8,8770.6,2732.3,242.4,12881,330509,176,132,1911,-0.59353,1.8153,1.0897
-5212.5,-1863.7,324.19,-0.4257,-373.49,5532.5,5.8919e+05,57663,1,-786.92,3997.6,-7093.7,-2492.4,682.26,-2471.3,8570.7,2716.9,45.972,12671,330129,176,139,1912,-0.58238,1.8189,1.0897
-5316.5,-1925.9,427.65,-0.17383,-494.21,5649.2,5.913e+05,56235,1,-679.39,4066.3,-7072.8,-2371,715.52,-2411.1,8409.5,2671.8,-59.311,12523,329809,176,132,1911,-0.5692,1.8161,1.1014
-5309.5,-1949.4,530.1,-0.053085,-612.5,5647.7,5.9214e+05,56233,1,-619.71,4093.7,-7060.2,-2321.8,736.31,-2387.2,8352.1,2629,-111.14,12462,329637,176,139,1912,-0.55805,1.8195,1.1014
-4833.7,-1472,-1252.6,-319.91,1252.5,5042.7,4.9763e+05,61979,1,-57368,-4477.2,-29491,-5958.2,-1438.9,-1440.7,25119,5278.9,7011.4,70203,353704,176,132,1911,-0.67787,1.8066,1.0544
-1606.3,-862.33,-700.93,-536.59,507.15,1808.3,4.8759e+05,63419,1,-2.2271e+05,-33549,-89394,-49195,-8382.8,-18091,-76521,-16166,-22743,2.6109e+05,366586,176,132,1911,-0.69123,1.8085,1.0425
-4236.6,-1414.7,-1362.6,-501.83,1277.4,4463.5,4.9262e+05,63417,1,-1.3867e+05,-23003,-50896,-24583,-4252.7,-8759,-6765.1,-3025.2,635.35,1.52e+05,362225,176,132,1911,-0.68012,1.8127,1.0425
-6174.8,-2710.5,2373.6,-0.034441,-2837.4,6561.9,5.9967e+05,43515,1,-313.6,4429.3,-6738.7,-2275.6,991.22,-2114.2,8458.3,1978.7,-646.93,12314,329078,176,80,1910,-0.33115,1.8094,1.2048
-6180.2,-2687.3,2275.7,-0.043328,-2720.4,6572.3,5.9965e+05,43517,1,-349.18,4403.2,-6713.5,-2274.2,979.53,-2120.3,8443.2,2013.3,-614.48,12285,328962,176,80,1910,-0.34224,1.8074,1.2048
-6169.3,-2733.8,2471.5,-0.021032,-2954.4,6550.8,5.9983e+05,43513,1,-274.59,4456.8,-6774.2,-2280.1,1000.4,-2109.9,8478.3,1949.5,-679.04,12354,329222,176,80,1910,-0.32004,1.8114,1.2048
-6163.4,-2757.2,2569.7,-0.0035176,-3071.8,6538.9,6.0045e+05,43511,1,-179.89,4523.7,-6855.7,-2288.2,1009.4,-2106,8520,1931.9,-723.4,12451,329608,176,80,1910,-0.30892,1.8134,1.2048
-6147.5,-2804.5,2767.6,0.25949,-3308.2,6509.4,6.0115e+05,43507,1,279.26,4895.6,-7319.3,-2360.1,1044.5,-2136.6,8776.4,1952.7,-858.06,13054,330844,176,80,1910,-0.28664,1.817,1.2048
-6156.6,-2780.8,2668.2,0.049553,-3189.5,6525.5,6.0111e+05,43509,1,-41.05,4615.6,-6965.5,-2289.5,1020.7,-2103.7,8568.9,1918.9,-773.74,12579,329937,176,80,1910,-0.29779,1.8152,1.2048
-6136,-2830.2,2870.3,0.46925,-3430.9,6490.6,6.0367e+05,43505,1,1928.1,5219.6,-7453,-2425.4,938.27,-1968.3,9638.5,2118.3,-1012.6,13984,332143,176,80,1910,-0.27549,1.8187,1.2048
-6103.3,-2857.1,2984,3.2517,-3564.9,6450.5,6.1023e+05,43503,1,89100,17180,-6829.2,21174,4029.4,-1556.4,25296,4374.2,-1134.3,96994,357324,176,80,1910,-0.26432,1.8204,1.2048
-4089.8,-2344.1,3449.6,418.55,-3849.5,4373.5,6.0778e+05,43501,1,1.7559e+05,5296.1,29033,14063,-1174.8,4901,60797,2836.6,8426.5,1.8894e+05,364449,176,80,1910,-0.25315,1.822,1.2048
-6088.5,-2583.7,1990.9,-0.050154,-2370.4,6487.6,5.9852e+05,44917,1,-406.73,4358.6,-6731.5,-2272.3,944.36,-2148.4,8415.6,2111.4,-540.46,12277,328929,176,80,1910,-0.37696,1.808,1.1935
-6082.9,-2606.8,2089.1,-0.046003,-2487.4,6478.8,5.9886e+05,44915,1,-384.28,4362.3,-6740.9,-2273,951.79,-2144,8427.2,2079.1,-564.98,12286,328965,176,80,1910,-0.36586,1.8102,1.1935
-6077.4,-2629.9,2187.4,-0.042762,-2604.4,6469.4,5.994e+05,44913,1,-358.58,4375.5,-6745.5,-2274.9,962.39,-2134.3,8440.8,2042,-597.46,12297,329003,176,80,1910,-0.35474,1.8124,1.1935
-5991.6,-2503,1802.2,-0.059206,-2137.4,6390.9,5.9742e+05,46319,1,-431.21,4322.2,-6766.1,-2269.2,918.55,-2172.6,8398.7,2172.2,-493.54,12283,328951,176,80,1910,-0.40069,1.8103,1.1821
-5985.8,-2526,1900.8,-0.055033,-2254.3,6382.9,5.9746e+05,46317,1,-410.45,4323.4,-6774.8,-2269.1,926.56,-2169.6,8409.6,2137.6,-515.65,12289,328980,176,80,1910,-0.38957,1.8127,1.1821
-5980.1,-2549.1,1999.5,-0.0464,-2371.4,6374.5,5.976e+05,46315,1,-398.65,4335.8,-6769.9,-2272,937.31,-2161.7,8420.2,2106.8,-538.1,12294,328994,176,80,1910,-0.37844,1.8151,1.1821
-5894.9,-2422.2,1611.9,-0.057816,-1904.2,6292,5.9797e+05,47725,1,-468.26,4289.1,-6810.5,-2276.9,893.17,-2205.1,8391.2,2238.1,-435.87,12307,329043,176,80,1910,-0.42452,1.8123,1.1707
-5889,-2445.2,1711,-0.055729,-2021.3,6285,5.9811e+05,47723,1,-451.44,4289.2,-6808.7,-2273.3,900.17,-2198.3,8395.2,2207.9,-458.25,12302,329026,176,80,1910,-0.41339,1.8149,1.1707
-5883.2,-2468.2,1810,-0.055729,-2138.3,6277.6,5.981e+05,47721,1,-432.43,4290.3,-6807.9,-2270.2,907.16,-2191.6,8400.3,2178.2,-480.8,12299,329010,176,80,1910,-0.40225,1.8174,1.1707
-5714.1,-2212.5,1024.6,-0.021454,-1201.2,6095.3,5.9698e+05,50553,1,-569.59,4225.1,-6914.2,-2303.7,824.5,-2297.7,8363.1,2450.9,-250.11,12380,329327,176,161,1913,-0.49469,1.8092,1.1478
-5707.7,-2235.6,1124.8,-0.024242,-1318.7,6091.1,5.9736e+05,50551,1,-556.05,4228.8,-6909.9,-2299.9,834.09,-2289.3,8368.1,2416.4,-274.9,12374,329299,176,161,1913,-0.48358,1.8122,1.1478
-5816.9,-2271.7,1120.3,-0.033861,-1318.4,6205.9,5.9686e+05,49141,1,-556.65,4257.4,-6871.6,-2298.1,844.33,-2271,8364.9,2411.2,-287.77,12356,329232,176,161,1913,-0.48176,1.8053,1.1593
-5810.5,-2294.6,1220.1,-0.038869,-1435.8,6201.1,5.9705e+05,49139,1,-543.9,4264.4,-6862.7,-2293.9,853.4,-2261.4,8368.1,2382.5,-309.82,12348,329202,176,161,1913,-0.47067,1.8082,1.1593
-5804.3,-2317.7,1319.8,-0.040568,-1553.2,6196,5.9734e+05,49137,1,-528.61,4260.9,-6865.6,-2291.1,859.98,-2255.2,8375.1,2348.9,-335.19,12346,329191,176,161,1913,-0.45957,1.8111,1.1593
-5798.2,-2340.7,1419.5,-0.039982,-1670.5,6190.5,5.9763e+05,49135,1,-507.77,4260.1,-6862.3,-2286.7,869.02,-2244.4,8382.4,2307.5,-367.9,12339,329164,176,161,1913,-0.44844,1.8139,1.1593
-5792.1,-2363.8,1519.1,-0.045275,-1787.7,6184.5,5.9791e+05,49133,1,-489.95,4259.3,-6859.5,-2283.2,876.75,-2235.3,8388.4,2272,-395.94,12333,329147,176,161,1913,-0.43731,1.8166,1.1593
-5786.2,-2386.9,1618.7,-0.051811,-1904.9,6178.1,5.9821e+05,49131,1,-472.21,4256.8,-6860.5,-2280.8,883.63,-2228.8,8396.4,2238.4,-420.51,12331,329135,176,80,1910,-0.42615,1.8192,1.1593
-5405.4,-2033.1,731.68,-0.024379,-848.41,5759.1,5.9902e+05,54807,1,-589.85,4132.3,-7022.3,-2310.8,766.89,-2356.4,8350.7,2554.2,-170.9,12430,329522,176,161,1913,-0.53376,1.8197,1.1131
-5412.4,-2009.8,630.03,-0.02347,-730.55,5761.7,5.9669e+05,54809,1,-602.55,4119.9,-7034.8,-2315.3,753.42,-2368.6,8347.5,2592.2,-143.88,12441,329562,176,139,1912,-0.54492,1.8164,1.1131
-5398.5,-2056.4,833.26,-0.031908,-966.2,5756.2,5.9943e+05,54805,1,-575.93,4123.1,-7032.6,-2307.7,772.1,-2353.5,8358.4,2519.6,-193.42,12430,329520,176,161,1913,-0.52259,1.823,1.1131
-5391.8,-2079.7,934.79,-0.029537,-1083.9,5752.9,5.9959e+05,54803,1,-561.09,4126.7,-7028.4,-2302.8,784.23,-2344.7,8364.5,2477.1,-220.84,12422,329484,176,161,1913,-0.51139,1.8261,1.1131
-5501.7,-2116.4,931.31,-0.025561,-1083.8,5868.6,5.9924e+05,53385,1,-567.68,4164.5,-6985.7,-2304.1,797.9,-2329.5,8362.5,2475.4,-224.71,12408,329425,176,161,1913,-0.50954,1.8195,1.1247
-5604.7,-2176.1,1028.5,-0.021455,-1201.3,5980.2,5.9846e+05,51967,1,-561.63,4195.1,-6950,-2302.4,816.28,-2310.8,8366.5,2443.5,-248.94,12392,329370,176,161,1913,-0.49654,1.8159,1.1362
-4829.4,-1439.4,-505.31,9.6737,581.11,5031.1,5.801e+05,61975,1,1586.9,1572.6,-1696.3,-6608.9,-816.57,-2700.6,17414,3551.1,4759.7,19951,337403,176,132,1911,-0.65564,1.8148,1.0544
-4866.2,-1330.6,-733.69,27.983,851.36,5026.2,5.2138e+05,61977,1,-12229,-957.14,-6207.7,1062.1,905.24,-812.29,32377,6568.4,9315.4,37011,346255,176,132,1911,-0.66677,1.8108,1.0544
-4856.7,-1521.3,-348.78,-2.0781,396.32,5085.9,5.9041e+05,61973,1,-3414.6,1845.5,-5263.1,-6606.3,-322.65,-3475.1,12869,3060.9,2573.2,16739,334868,176,139,1912,-0.6445,1.8188,1.0544
-4887.3,-1591.6,-194.34,-4.8933,218.78,5139,5.8154e+05,61971,1,-2748.8,2533.4,-6034,-5489.1,-101.89,-3124.7,12431,3301.1,1760.6,16088,334247,176,139,1912,-0.63332,1.8227,1.0544
-4898.5,-1644.9,-45.064,-2.0557,50.229,5167.2,5.8349e+05,61969,1,-1606.6,3121,-6357.7,-4483.4,186.12,-2977.7,11748,3216.8,1384.5,15232,333430,176,139,1912,-0.62213,1.8266,1.0544
-4999.8,-1690.9,-25.386,-2.3843,27.704,5278,5.8485e+05,60533,1,-1740.1,3352.5,-6737.8,-3823.8,333.35,-2789.9,10479,3056.9,859.41,14215,332401,176,139,1912,-0.62003,1.8204,1.0662
-5108.5,-1767.8,103.22,-1.3121,-119.16,5405.4,5.8671e+05,59097,1,-1318.4,3700.9,-6984.2,-3061,564.76,-2676.1,9267.5,2800.8,494.02,13230,331127,176,132,1911,-0.60677,1.818,1.078
-5107.4,-1798.1,214.89,-0.85087,-247.02,5413.3,5.8698e+05,59095,1,-970.38,3864.1,-7056.9,-2726.9,610.49,-2533,8876.7,2792.3,176.47,12904,330559,176,139,1912,-0.5956,1.8217,1.078
-5102.6,-1825.3,323.48,-0.44701,-371.39,5416.2,5.887e+05,59093,1,-750.38,3940.2,-7088.6,-2585.8,638.87,-2490.3,8756.5,2767,73.165,12805,330365,176,139,1912,-0.58441,1.8253,1.078
-5096,-1850.5,429.39,-0.2018,-492.76,5416.2,5.9019e+05,59091,1,-640.35,3998.5,-7124.5,-2416.2,679.26,-2437.5,8514.1,2697.3,-48.329,12616,330021,176,139,1912,-0.5732,1.8288,1.078
-5206.3,-1888.3,428.55,-0.20326,-493.52,5532.8,5.9081e+05,57661,1,-671.61,4033.6,-7098.3,-2385.1,702.62,-2425.6,8443.9,2680,-55.657,12556,329886,176,139,1912,-0.57121,1.8225,1.0897
-5199.3,-1912.1,531.83,-0.068469,-612.34,5531.4,5.9204e+05,57659,1,-607.47,4051.5,-7101.2,-2335.2,718.61,-2404.3,8384.7,2634.7,-105.63,12499,329742,176,139,1912,-0.56002,1.8259,1.0897
-5302.4,-1972.8,632.28,-0.029553,-730.54,5645.6,5.9681e+05,56231,1,-595.22,4087.7,-7070.5,-2316.7,740.84,-2382,8354.5,2596.2,-139.63,12458,329622,176,139,1912,-0.54687,1.8229,1.1014
-2986.3,-1054.9,-1384.3,-594.57,1251.7,3166.6,4.8338e+05,64859,1,-1.9908e+05,-28813,-81088,-44670,-7526.7,-16211,-32184,-1878.9,-18386,2.2523e+05,365809,176,139,1912,-0.68236,1.8186,1.0306
-5060.8,-1644.9,-1243.3,-401.52,1194.4,5317.4,4.8596e+05,64857,1,-76716,-15954,-22297,-7759.5,-2571,-701.47,24250,6734.5,3705.3,85740,355923,176,139,1912,-0.67119,1.8228,1.0306
-4945.8,-1402.2,-922.74,-91.344,998.82,5125.7,4.9667e+05,63415,1,-16545,-8917.9,4767.5,885.44,-3881.1,7378.6,31955,3814.4,13870,40919,347559,176,139,1912,-0.66899,1.8168,1.0425
-6059.7,-2699.8,2482.6,-0.022171,-2955.9,6437,6.0041e+05,44907,1,-198.88,4452.5,-6831.8,-2277.6,981.23,-2107.8,8497.9,1968.6,-705.47,12398,329395,176,80,1910,-0.32132,1.8187,1.1935
-6066.1,-2676.4,2384.1,-0.039149,-2838.6,6448.8,6.0032e+05,44909,1,-262.57,4409.8,-6786,-2271.7,975.04,-2117,8469.1,1986.9,-665.22,12340,329169,176,80,1910,-0.33247,1.8167,1.1935
-6071.9,-2653.1,2285.7,-0.044027,-2721.5,6459.5,6.0005e+05,44911,1,-313.87,4391.6,-6768.7,-2274.7,969.23,-2125.3,8456.5,2010,-635.13,12320,329095,176,80,1910,-0.34361,1.8146,1.1935
-6043.1,-2747.1,2681.3,0.13375,-3192.4,6408.1,6.0066e+05,44903,1,169.59,4699,-7118.4,-2283.3,991.65,-2081.5,8626.9,1980.9,-862.4,12744,330260,176,80,1910,-0.29898,1.8225,1.1935
-6052.4,-2723.3,2581.6,0.020311,-3073.7,6423.8,6.0055e+05,44905,1,39.346,4562.7,-6966.5,-2290.8,973.44,-2084.8,8590.7,1985.4,-798.4,12581,329942,176,80,1910,-0.31015,1.8206,1.1935
-6028.8,-2770.7,2782.5,0.57741,-3312.6,6387,6.0018e+05,44901,1,1251.7,5124.2,-7551.5,-2278.5,966.56,-2031.2,8994.2,2134.7,-1098.4,13482,331494,176,80,1910,-0.28779,1.8243,1.1935
-6002.9,-2794.2,2887.5,1.9056,-3436.6,6353.6,5.9956e+05,44899,1,1315.8,5499.1,-8098.3,-2681.3,962.64,-2090.9,9506.7,2239.8,-1217.4,14385,332560,176,80,1910,-0.27659,1.826,1.1935
-5974.3,-2828.8,3006.8,1.6967,-3578.8,6318.8,6.087e+05,44897,1,57831,7448.6,1170.9,11989,1014.9,1038.4,19724,2811.9,26.943,62802,352407,176,80,1910,-0.26538,1.8277,1.1935
-4764,-2535.4,3305.8,235.63,-3783.7,5067.6,6.0467e+05,44895,1,1.5472e+05,1642.3,30087,8972.6,-3972.1,8047.8,60320,5517.3,4182.4,1.6939e+05,363394,176,80,1910,-0.25416,1.8293,1.1935
-5974.5,-2572.3,2098.2,-0.043467,-2488.4,6365.7,5.9776e+05,46313,1,-367.24,4336,-6789.1,-2271.7,942.47,-2159.7,8432.8,2075.4,-563.01,12308,329051,176,80,1910,-0.3673,1.8174,1.1821
-5968.8,-2595.5,2196.9,-0.043758,-2605.5,6356.2,5.9798e+05,46311,1,-331.45,4353.3,-6807.3,-2275.8,949.91,-2151.3,8452.7,2045.9,-597.2,12333,329148,176,80,1910,-0.35614,1.8196,1.1821
-5963,-2618.9,2295.8,-0.042214,-2722.8,6346.2,5.9848e+05,46309,1,-301.58,4373.7,-6818.8,-2279.8,958.48,-2141.5,8469.1,2018,-629.28,12354,329220,176,80,1910,-0.34497,1.8218,1.1821
-5877.4,-2491.3,1909.1,-0.05475,-2255.3,6269.7,5.9794e+05,47719,1,-406.95,4292.5,-6807.7,-2267.5,914.76,-2182.8,8408.7,2144,-509.48,12298,329007,176,80,1910,-0.39109,1.8198,1.1707
-5871.6,-2514.4,2008.1,-0.053773,-2372.3,6261.2,5.978e+05,47717,1,-375.14,4301.1,-6816.4,-2269.6,923.52,-2174,8426.7,2106,-543.42,12312,329068,176,80,1910,-0.37992,1.8222,1.1707
-5780.4,-2410.1,1718.2,-0.054889,-2022.1,6171.3,5.9841e+05,49129,1,-447.68,4260.9,-6850.2,-2275.7,893.54,-2215.3,8402.3,2199.1,-453.85,12321,329097,176,80,1910,-0.41498,1.8218,1.1593
-5774.6,-2433.2,1817.7,-0.054901,-2139.2,6164,5.9837e+05,49127,1,-420.53,4260,-6851.5,-2273.1,900.45,-2205.6,8412.7,2162,-486.38,12320,329096,176,80,1910,-0.40379,1.8243,1.1593
-5598.3,-2199.3,1129.2,-0.025427,-1318.9,5976,5.9871e+05,51965,1,-545.52,4193.2,-6953,-2298.9,825.49,-2304.4,8374.2,2403,-276.14,12389,329360,176,161,1913,-0.48539,1.8189,1.1362
-5701.3,-2258.7,1225,-0.028561,-1436.2,6086.5,5.9771e+05,50549,1,-537.69,4228.7,-6908.6,-2295.4,844.14,-2279.8,8375.2,2373.6,-306.25,12367,329280,176,161,1913,-0.47245,1.8151,1.1478
-5695.1,-2281.8,1325.1,-0.03594,-1553.6,6081.4,5.9818e+05,50547,1,-520.27,4231.7,-6902.9,-2291.1,854.49,-2269.1,8380.9,2333.6,-336,12359,329240,176,161,1913,-0.46131,1.818,1.1478
-5689.1,-2305,1425.2,-0.045253,-1670.9,6076,5.985e+05,50545,1,-504.98,4223.4,-6913.8,-2290,859.52,-2266.8,8390.7,2300.1,-358.76,12363,329258,176,161,1913,-0.45014,1.8208,1.1478
-5683.1,-2328.2,1525.3,-0.048206,-1788.2,6070.1,5.9866e+05,50543,1,-487.27,4234.1,-6897.3,-2285.3,870.78,-2252.3,8394.8,2265.6,-387.94,12351,329211,176,80,1910,-0.43896,1.8235,1.1478
-5677.2,-2351.4,1625.3,-0.048203,-1905.5,6063.9,5.9878e+05,50541,1,-471.6,4225.2,-6907.3,-2284.2,875.66,-2249.7,8404.2,2232.2,-411.17,12354,329221,176,80,1910,-0.42777,1.8261,1.1478
-5671.4,-2374.7,1725.3,-0.049048,-2022.7,6057.2,5.9872e+05,50539,1,-449.76,4226.5,-6903.7,-2281.2,883.85,-2239.8,8411.9,2196,-440.18,12349,329208,176,80,1910,-0.41655,1.8287,1.1478
-5295.3,-1996.2,734.34,-0.036845,-848.46,5643.1,5.9897e+05,56229,1,-581.09,4091.4,-7066.7,-2310.8,752.03,-2370.9,8355.8,2553.8,-170.58,12446,329586,176,161,1913,-0.53568,1.8262,1.1014
-5288.5,-2019.6,836.32,-0.046466,-966.3,5640.3,5.9931e+05,56227,1,-566.65,4094.8,-7062.2,-2305.1,763.94,-2361.1,8360.9,2511.2,-198.9,12437,329550,176,161,1913,-0.52446,1.8295,1.1014
-5281.8,-2043,938.22,-0.047783,-1084,5637,5.9983e+05,56225,1,-554.75,4087.4,-7069.2,-2301.3,769.43,-2358.1,8366.3,2479.7,-218.6,12435,329541,176,161,1913,-0.51323,1.8327,1.1014
-5275.2,-2066.5,1040.1,-0.045138,-1201.7,5633.4,6.0036e+05,56223,1,-539.78,4091,-7064.8,-2296.8,782.19,-2350.5,8372.7,2436.3,-244.79,12428,329510,176,161,1913,-0.50197,1.8358,1.1014
-5385.2,-2103.1,1036.3,-0.033296,-1201.6,5749.2,6.0012e+05,54801,1,-546.19,4130.4,-7024.3,-2299.2,796.19,-2336.3,8371.8,2434.7,-247.99,12416,329460,176,161,1913,-0.50018,1.8292,1.1131
-5495.1,-2139.6,1032.4,-0.027027,-1201.5,5864.8,5.9943e+05,53383,1,-554.4,4161.5,-6989.9,-2301.2,805.43,-2325,8369.3,2440.8,-246.85,12406,329419,176,161,1913,-0.49837,1.8226,1.1247
-4807.7,-1375.3,-547.44,39.861,643.22,4989,5.5597e+05,63413,1,8894.5,2300.6,1658.6,3258.3,1568.5,-606.59,28240,6504.9,6594,31367,343930,176,139,1912,-0.65783,1.8209,1.0425
-4786.7,-1470.3,-390.51,2.2748,444.75,5002.9,5.8634e+05,63411,1,722.73,2088.8,-3200.2,-7759.4,-702.88,-3598.1,13594,3572.6,2187.4,17062,335117,176,139,1912,-0.64664,1.8249,1.0425
-4797.7,-1544.3,-220.27,-2.4087,248.88,5038.8,5.8383e+05,63409,1,-1887.7,2562.8,-5635.1,-5645.7,-268.12,-2966.5,13035,3562.1,1693.4,16374,334524,176,139,1912,-0.63543,1.8288,1.0425
-4799.3,-1601.5,-62.409,-2.0068,69.801,5059.4,5.7969e+05,63407,1,-653.62,3388.5,-6355.2,-4501.6,-55.387,-2599.6,12232,3713.3,790.31,15600,333772,176,139,1912,-0.6242,1.8327,1.0425
-4896.3,-1686.3,88.187,-1.0868,-101.09,5178.4,5.8176e+05,61967,1,-826.37,3654.6,-6823.9,-3449.1,366.6,-2636.3,10272,3127.9,524.18,13970,332120,176,161,1913,-0.61091,1.8304,1.0544
-5002.3,-1726.7,95.184,-1.2501,-109.53,5291.7,5.8359e+05,60531,1,-1160.8,3630.8,-6876.6,-3183.7,480.81,-2641.5,9609.9,2923,487.33,13427,331427,176,139,1912,-0.60885,1.8242,1.0662
-4998.7,-1758.6,211.59,-0.70146,-242.32,5297.7,5.8638e+05,60529,1,-846.15,3814.6,-7007.2,-2878.2,549.44,-2555.6,9214.5,2874.5,245.74,13142,330980,176,161,1913,-0.59764,1.8279,1.0662
-4992.6,-1787,322.92,-0.43591,-369.47,5299.8,5.8809e+05,60527,1,-663.96,3931.4,-7118.9,-2613.5,598.92,-2467.1,8845.2,2820,21.979,12886,330516,176,161,1913,-0.58642,1.8315,1.0662
-4985.6,-1813,430.4,-0.23857,-492.26,5299.6,5.9057e+05,60525,1,-603.28,3962,-7154.7,-2460.3,638.39,-2432.3,8611.1,2744,-67.057,12701,330194,176,161,1913,-0.57517,1.8351,1.0662
-4978.3,-1837.5,535.37,-0.15923,-612.23,5298.3,5.9445e+05,60523,1,-581.21,3975.4,-7163,-2355.8,675.48,-2411,8434.3,2658,-122.63,12549,329869,176,161,1913,-0.5639,1.8386,1.0662
-5088.9,-1874.8,533.55,-0.1051,-612.21,5414.9,5.9371e+05,59089,1,-595.47,4015.1,-7135.5,-2347.3,697.13,-2408.8,8411.4,2647.2,-114.48,12528,329821,176,161,1913,-0.56197,1.8323,1.078
-5081.7,-1898.5,636.78,-0.078487,-730.64,5412.9,5.968e+05,59087,1,-576.09,4017.2,-7135.5,-2319.3,711.86,-2397.2,8371.6,2598.2,-147.66,12485,329707,176,161,1913,-0.55071,1.8357,1.078
-5192.1,-1935.6,634.52,-0.045828,-730.56,5529.3,5.9694e+05,57657,1,-584.62,4059,-7099.2,-2315.7,730.71,-2387.4,8359.4,2590.4,-147.84,12467,329649,176,161,1913,-0.5488,1.8294,1.0897
-1760.4,-918.93,-803.61,-586.69,600.1,1971,4.7752e+05,66303,1,-2.3117e+05,-50549,-64626,-65136,-15284,-16402,-52631,-9899.4,-17640,2.6095e+05,366583,176,139,1912,-0.68457,1.8245,1.0187
-4886.6,-1259.4,-803.2,49.649,932.27,5023.8,4.9473e+05,66299,1,-4022.5,803.64,-4210.2,8803.8,3486.7,-485.98,38890,6600.6,13474,43150,348195,176,139,1912,-0.66213,1.8328,1.0187
-4782.1,-1664.8,-1301.5,-522.98,1195.2,5062.8,4.7953e+05,66301,1,-1.4988e+05,-31942,-42790,-22282,-1234.8,-12900,-9159.3,-10090,11859,1.6219e+05,362946,176,139,1912,-0.67336,1.8287,1.0187
-4835.1,-1294.2,-597.12,96.127,726.96,4987.2,5.2791e+05,64855,1,11165,3337.2,1265.6,4857.3,3879.2,-3650.2,30052,6981.2,6972.3,34494,345296,176,139,1912,-0.65999,1.8269,1.0306
-5949.6,-2666.2,2494.5,-0.036099,-2958.3,6322.7,5.9936e+05,46305,1,-36.894,4502,-6965.7,-2299.7,945.91,-2085.1,8580.9,2021.4,-795.04,12557,329888,176,80,1910,-0.32259,1.8258,1.1821
-5956.8,-2642.5,2394.9,-0.042987,-2840.3,6335.2,5.9892e+05,46307,1,-201.37,4419.8,-6876.6,-2288.9,956.78,-2122.5,8515,2007.8,-693.58,12431,329526,176,80,1910,-0.33378,1.8238,1.1821
-5928.1,-2714.3,2696.4,0.22829,-3197.6,6289.3,5.9954e+05,46301,1,551.11,4763.1,-7225.7,-2313.8,929.24,-2025.2,8794.3,2088.2,-992.56,12969,330691,176,80,1910,-0.30016,1.8297,1.1821
-5940.5,-2690.1,2594.7,0.030937,-3077.2,6307.9,5.9947e+05,46303,1,177.03,4579.4,-7035.2,-2303.8,938.77,-2058.2,8653.7,2036,-869.23,12677,330144,176,80,1910,-0.31138,1.8278,1.1821
-5907.7,-2738.6,2800.9,0.9204,-3321.1,6262.3,5.992e+05,46299,1,1996,5234,-7643.2,-2369.5,845.79,-1893.3,9380.5,2341.8,-1340.8,13964,332109,176,80,1910,-0.28893,1.8315,1.1821
-5870,-2763.1,2911.6,2.9664,-3451.1,6217.6,5.9867e+05,46297,1,3567.3,6157.6,-8711.7,-2574.7,820.3,-1870.6,10155,2674.8,-1773.8,15835,334001,176,80,1910,-0.27768,1.8332,1.1821
-5801.2,-2790.2,3035.4,6.4291,-3595.8,6141.9,6.0223e+05,46295,1,32056,11113,-10151,3489.3,1725.3,-1917.5,16748,3874.8,-2273.1,39670,347160,176,80,1910,-0.26643,1.8349,1.1821
-5111.8,-2678.8,3301.4,130.65,-3832,5431.8,6.0242e+05,46293,1,1.0432e+05,10128,6673.9,10248,-1007.1,3794.8,42075,6403.5,-923.97,1.1385e+05,359127,176,80,1910,-0.25516,1.8365,1.1821
-5865.7,-2537.7,2107.3,-0.050299,-2489.4,6252.2,5.9768e+05,47715,1,-334.63,4318.3,-6836.2,-2273.1,931.72,-2164.6,8448.3,2071.7,-581.86,12338,329160,176,80,1910,-0.36873,1.8245,1.1707
-5859.8,-2561.1,2206.6,-0.046261,-2606.8,6242.6,5.9764e+05,47713,1,-295.71,4333.3,-6852,-2276.2,937.31,-2157.7,8466.9,2048.3,-610.22,12361,329248,176,80,1910,-0.35753,1.8267,1.1707
-5853.3,-2584.6,2306,-0.044992,-2724.3,6232,5.9762e+05,47711,1,-222.54,4373,-6897.5,-2289.1,938.48,-2143.1,8511.4,2035.8,-662.74,12429,329518,176,80,1910,-0.34631,1.8288,1.1707
-5768.8,-2456.5,1917.2,-0.053503,-2256.3,6156.2,5.9809e+05,49125,1,-392.88,4266.5,-6847.6,-2269.9,907.72,-2194.2,8420.2,2132.1,-516.03,12319,329090,176,80,1910,-0.39259,1.8268,1.1593
-5762.9,-2479.8,2016.8,-0.05336,-2373.5,6147.7,5.9777e+05,49123,1,-360.31,4266.3,-6859.3,-2273.3,910.02,-2188.8,8439.4,2107.8,-541.61,12334,329154,176,80,1910,-0.38138,1.8292,1.1593
-5756.8,-2503.2,2116.5,-0.053898,-2490.8,6138.6,5.9767e+05,49121,1,-317.84,4280.7,-6863.7,-2274.5,915.42,-2175.9,8457.4,2083.1,-576.31,12348,329203,176,80,1910,-0.37015,1.8315,1.1593
-5665.6,-2398.1,1825.3,-0.050572,-2140,6050,5.9843e+05,50537,1,-421.3,4230.7,-6898.9,-2279.2,891.39,-2227.1,8423.3,2161.3,-473.67,12348,329198,176,80,1910,-0.40532,1.8313,1.1478
-5659.8,-2421.5,1925.3,-0.053775,-2257.2,6042.3,5.9794e+05,50535,1,-385.33,4238.1,-6897,-2278.6,897.2,-2212.1,8438.6,2130.3,-511.81,12352,329217,176,80,1910,-0.39408,1.8337,1.1478
-5488.6,-2162.9,1133.4,-0.026974,-1319,5860.7,5.9992e+05,53381,1,-540.8,4158.5,-6994,-2298.5,813.03,-2320.8,8376.6,2406.2,-268.76,12404,329414,176,161,1913,-0.48718,1.8256,1.1247
-5482.3,-2186.3,1234.4,-0.028002,-1436.6,5856.2,6.0045e+05,53379,1,-525.36,4162.3,-6990,-2295.4,824.58,-2312.1,8384.1,2364.7,-296.6,12399,329397,176,161,1913,-0.47596,1.8286,1.1247
-5591.9,-2222.5,1229.7,-0.029396,-1436.4,5971.5,5.9906e+05,51963,1,-532.08,4196.1,-6950.3,-2296.2,834.82,-2296.9,8380.6,2368.6,-300.13,12385,329345,176,161,1913,-0.47422,1.8219,1.1362
-5585.7,-2245.8,1330.3,-0.031974,-1553.8,5966.5,5.9932e+05,51961,1,-516.67,4196.4,-6949.9,-2293.1,843.66,-2289.4,8387.4,2331.8,-326.8,12381,329331,176,161,1913,-0.46303,1.8247,1.1362
-5573.7,-2292.4,1531.3,-0.034758,-1788.7,5955.4,5.9973e+05,51957,1,-484.41,4196.5,-6947.7,-2287.9,860.94,-2274,8402.5,2258.5,-379.79,12374,329301,176,80,1910,-0.4406,1.8303,1.1362
-5579.7,-2269.1,1430.8,-0.033715,-1671.3,5961.2,5.9966e+05,51959,1,-501.14,4196.6,-6949.1,-2290.9,852.12,-2281.6,8395.8,2295.7,-353.79,12378,329321,176,161,1913,-0.45182,1.8276,1.1362
-5567.9,-2315.8,1631.8,-0.037478,-1906,5949.3,5.9967e+05,51955,1,-464.67,4199.6,-6941.3,-2284.5,870.99,-2263.2,8409.5,2219,-409.99,12367,329279,176,80,1910,-0.42936,1.833,1.1362
-5562.1,-2339.3,1732.2,-0.041794,-2023.3,5942.7,5.9933e+05,51953,1,-447.42,4194.2,-6949.5,-2285,875.61,-2260.6,8420.6,2189.2,-429.73,12372,329296,176,80,1910,-0.41811,1.8356,1.1362
-5556.4,-2362.8,1832.7,-0.047576,-2140.6,5935.7,5.9862e+05,51951,1,-422.08,4200.1,-6944.9,-2285,882.53,-2249.3,8433.6,2159.4,-458.81,12374,329300,176,80,1910,-0.40684,1.8381,1.1362
-5185.1,-1959.2,737,-0.056226,-848.56,5526.9,5.9877e+05,57655,1,-573.75,4051.3,-7106.1,-2311.6,735.48,-2382.9,8361,2558.7,-169.53,12461,329632,176,161,1913,-0.53757,1.8327,1.0897
-5178.2,-1982.7,839.39,-0.069587,-966.44,5524.1,5.9996e+05,57653,1,-560.77,4054.1,-7101.3,-2304.5,747.94,-2373.2,8363.8,2515.3,-198.3,12450,329600,176,161,1913,-0.52631,1.8359,1.0897
-5171.5,-2006.3,941.68,-0.066599,-1084.2,5521,6.0025e+05,57651,1,-545.54,4057.5,-7096.4,-2298.1,760.92,-2364.9,8368.4,2471.7,-225.33,12440,329558,176,161,1913,-0.51504,1.8391,1.0897
-5165,-2029.8,1043.9,-0.057046,-1201.9,5517.4,6.0082e+05,57649,1,-533.51,4049.7,-7102.6,-2293.4,767.23,-2362.8,8372.1,2438.7,-243.57,12436,329545,176,161,1913,-0.50374,1.8423,1.0897
-5158.5,-2053.4,1146,-0.046538,-1319.5,5513.5,6.0143e+05,57647,1,-519.42,4056.2,-7096,-2290.2,780.76,-2356.2,8378.8,2397,-265.81,12430,329521,176,161,1913,-0.49243,1.8453,1.0897
-5268.7,-2090,1141.9,-0.039569,-1319.3,5629.4,6.0083e+05,56221,1,-524.33,4094.8,-7060.6,-2293.6,794.76,-2343.3,8380.8,2393,-270.33,12422,329486,176,161,1913,-0.4907,1.8388,1.1014
-5378.8,-2126.5,1137.7,-0.031066,-1319.2,5745.2,6.0065e+05,54799,1,-532.66,4127.2,-7028.1,-2296.3,804.03,-2332.3,8379,2399.6,-269.37,12414,329455,176,161,1913,-0.48895,1.8323,1.1131
-4712.7,-1502.3,-242.7,-0.9807,274.22,4944.7,5.8382e+05,64851,1,-68.123,2937.6,-5270.3,-6406.3,-637.19,-2834.9,13639,4201.5,955.58,17044,335103,176,139,1912,-0.63752,1.8348,1.0306
-4724.7,-1421.9,-409.11,18.31,472.84,4928.3,5.827e+05,64853,1,6874,3821.5,-2415.5,-8663.1,-1074.7,-3570.1,17725,4176.4,3799.7,22421,339136,176,139,1912,-0.64877,1.8309,1.0306
-4890,-1719.9,209.31,-0.64434,-238.87,5182.4,5.8589e+05,61965,1,-631.83,3859.8,-7074.9,-2880,472.48,-2455.7,9336.6,3013.4,51.07,13272,331196,176,161,1913,-0.59967,1.8341,1.0544
-5074.7,-1922.2,739.7,-0.091929,-848.72,5410.6,5.9891e+05,59085,1,-564.63,4020.1,-7131.5,-2309.3,724.4,-2385.9,8364.3,2553.4,-179.86,12466,329646,176,161,1913,-0.53944,1.8391,1.078
-3818.9,-1275.7,-1640,-641.94,1514.2,4024.5,4.6883e+05,67747,1,-1.4445e+05,-18906,-62900,-21608,-5801.3,-3964.4,138.54,-1327,2033.5,1.6031e+05,362819,176,139,1912,-0.67551,1.8345,1.0067
-5202.7,-1550.8,-1174,-262.54,1185.3,5420.1,4.6409e+05,67745,1,-70730,-11490,-26620,-1097.8,-7434.8,12682,35376,8660.5,7381.4,86265,355984,176,161,1913,-0.66424,1.8386,1.0067
-4720.4,-1220.3,-498.56,150.81,638.44,4857,5.3974e+05,67743,1,19108,8653.6,-3461.8,9618,3205.1,493.64,37899,6133.8,13518,47029,349186,176,161,1913,-0.65294,1.8427,1.0067
-4668.5,-1351.4,-432.35,52.686,515.4,4851.8,5.7703e+05,66297,1,8451.1,3842.1,-1490.2,-9876.6,-472.3,-5445,20229,5998.6,2112.7,25797,341351,176,161,1913,-0.65087,1.8368,1.0187
-2243.2,-1369.4,-1196.3,-995.9,836.22,2578.3,4.6363e+05,69197,1,-2.4907e+05,-20384,-1.3246e+05,-29428,-23877,24167,-90195,16549,-92849,3.1472e+05,367246,176,161,1913,-0.67763,1.8403,0.99467
-5837.9,-2632.7,2507.1,-0.0024873,-2961.7,6206.9,5.9755e+05,47707,1,21.41,4484.1,-7014.2,-2334.7,930.14,-2105.5,8655.4,2041.2,-787.6,12640,330070,176,80,1910,-0.32384,1.833,1.1707
-5827.2,-2657.5,2609.4,0.068816,-3082.5,6190.8,5.9778e+05,47705,1,381.02,4644.7,-7179.7,-2380,889.88,-2030,8836.5,2126.8,-974.87,12938,330627,176,80,1910,-0.31259,1.8349,1.1707
-5846.2,-2608.4,2406.1,-0.03201,-2842.5,6220.2,5.9757e+05,47709,1,-123.61,4421.8,-6951.3,-2311,935.64,-2124.6,8575.4,2032.3,-724.43,12522,329805,176,80,1910,-0.33508,1.8309,1.1707
-5811.4,-2682.6,2713.8,0.35593,-3205.7,6169,5.9738e+05,47703,1,1183.3,4963.2,-7488.2,-2442.1,819.02,-1909.4,9191.3,2311.4,-1277.6,13559,331602,176,80,1910,-0.30133,1.8368,1.1707
-5786.9,-2709.3,2823.2,1.044,-3334.5,6138.4,5.9757e+05,47701,1,2449.1,5330.1,-7771,-2488.4,773.07,-1830.6,9701.5,2484.9,-1501.5,14404,332580,176,80,1910,-0.29005,1.8386,1.1707
-5737.2,-2736,2941.5,3.5346,-3472.7,6082.2,5.9709e+05,47699,1,4481,5833.3,-8101.9,-2687.5,621.42,-1619.5,10688,2852.8,-1926.5,16002,334177,176,80,1910,-0.27876,1.8404,1.1707
-5650.6,-2767.7,3079.2,8.1754,-3632.5,5989.7,5.991e+05,47697,1,21701,6467,-5294.6,-168.65,44.622,-122.09,15948,3776.5,-2321.7,28545,342632,176,80,1910,-0.26747,1.842,1.1707
-5250.5,-2748.3,3312.1,70.693,-3868.2,5578.7,5.9971e+05,47695,1,1.0187e+05,2008.6,18749,5313.1,-1747.4,3896,49098,4435.5,3590.3,1.1385e+05,359126,176,80,1910,-0.25616,1.8436,1.1707
-5750.4,-2526.7,2216.4,-0.053357,-2608.3,6128.6,5.9753e+05,49119,1,-245.22,4312,-6896.8,-2286.3,916.02,-2156.7,8502.1,2065.4,-635,12405,329417,176,80,1910,-0.3589,1.8337,1.1593
-5743.3,-2550.5,2316.8,-0.041203,-2726.5,6117.5,5.9735e+05,49117,1,-122.34,4356.1,-6946,-2310.6,907.41,-2130.6,8581.5,2067.7,-711.07,12504,329759,176,80,1910,-0.34764,1.8359,1.1593
-5735.2,-2574.7,2418,-0.0096497,-2845.6,6105,5.9708e+05,49115,1,-39.806,4415.9,-6997.3,-2321.7,911.68,-2114.1,8622.1,2061.7,-765.61,12583,329948,176,80,1910,-0.33637,1.838,1.1593
-5653.9,-2445.1,2025.5,-0.059276,-2374.7,6033.9,5.9765e+05,50533,1,-341.46,4248.5,-6901.3,-2279.6,900.98,-2196.6,8457.7,2103.8,-552.58,12365,329269,176,80,1910,-0.38282,1.8361,1.1478
-5647.6,-2468.7,2125.8,-0.067783,-2492.3,6024.8,5.9743e+05,50531,1,-284.38,4260.9,-6917,-2288.1,899.9,-2182.1,8492.9,2088.1,-595.35,12399,329398,176,80,1910,-0.37155,1.8384,1.1478
-5550.5,-2386.4,1933.3,-0.055251,-2258.1,5928,5.9792e+05,51949,1,-380.91,4204.2,-6949.5,-2291.6,884.83,-2234.8,8463.2,2131.2,-500.26,12392,329372,176,80,1910,-0.39555,1.8406,1.1362
-5544.5,-2410.2,2034.1,-0.063609,-2375.9,5919.7,5.9727e+05,51947,1,-327.7,4219.3,-6948,-2296.7,886.28,-2210.5,8493,2109.3,-555.12,12410,329439,176,80,1910,-0.38425,1.8429,1.1362
-5372.4,-2149.9,1239.1,-0.027517,-1436.7,5740.7,6.0111e+05,54797,1,-517.3,4121.6,-7034.3,-2293.4,812.19,-2328.9,8387.2,2360.1,-292.54,12413,329447,176,161,1913,-0.47769,1.8352,1.1131
-5366.2,-2173.4,1340.4,-0.026459,-1554.2,5735.9,6.0167e+05,54795,1,-503.15,4130.6,-7025.5,-2291.4,825.34,-2319.4,8394.9,2319.6,-318.99,12407,329424,176,161,1913,-0.46642,1.8381,1.1131
-5476.1,-2209.6,1335.4,-0.028711,-1554.1,5851.3,6.0087e+05,53377,1,-510.84,4162.7,-6990,-2293.2,833.89,-2305.6,8392.2,2327,-321.52,12396,329388,176,161,1913,-0.46474,1.8315,1.1247
-5470,-2233,1436.3,-0.02891,-1671.5,5846.1,6.0104e+05,53375,1,-495.56,4163,-6989.6,-2290.6,843.27,-2299,8399.6,2289,-346.4,12393,329377,176,161,1913,-0.45349,1.8343,1.1247
-5464.1,-2256.5,1537.2,-0.030024,-1788.9,5840.4,6.0097e+05,53373,1,-477.97,4159.9,-6993.1,-2288.7,852.23,-2293.1,8409.1,2247.3,-373.64,12392,329373,176,161,1913,-0.44223,1.837,1.1247
-5458.3,-2280,1638.1,-0.031904,-1906.3,5834.4,6.0035e+05,53371,1,-462.62,4169.6,-6981.8,-2286.5,862.48,-2281.7,8415.1,2215.8,-399.08,12386,329350,176,80,1910,-0.43095,1.8397,1.1247
-5452.5,-2303.6,1739,-0.037059,-2023.7,5827.9,5.9933e+05,53369,1,-437.61,4164,-6991.9,-2289.2,867.17,-2275.5,8433.9,2179.1,-429.45,12396,329386,176,80,1910,-0.41965,1.8423,1.1247
-5446.8,-2327.3,1839.9,-0.045757,-2141.2,5821,5.9833e+05,53367,1,-407.79,4173.9,-6985.7,-2291.4,873.92,-2260.3,8452.1,2149.4,-465.38,12401,329405,176,80,1910,-0.40834,1.8449,1.1247
-5054.6,-1993.1,1047.7,-0.074811,-1202.1,5401.3,6.0131e+05,59079,1,-524.16,4017.3,-7125.9,-2288.9,759.06,-2369.6,8372.1,2428.7,-248.21,12437,329548,176,161,1913,-0.5055,1.8487,1.078
-5152.2,-2077,1248.1,-0.035317,-1437,5509.2,6.0194e+05,57645,1,-501,4051.1,-7100.3,-2286.2,791.82,-2353.3,8387.5,2349.9,-289.76,12427,329505,176,161,1913,-0.4811,1.8483,1.0897
-5262.4,-2113.5,1243.6,-0.032182,-1436.9,5625.1,6.015e+05,56219,1,-511.67,4087.7,-7067.8,-2290.8,800.78,-2341.7,8386.9,2360.7,-288.18,12422,329483,176,161,1913,-0.47941,1.8418,1.1014
-5725,-2599.3,2520.4,0.070822,-2966,6089.9,5.9648e+05,49113,1,254.01,4523.3,-7116.2,-2400.7,873.46,-2059.8,8836.2,2130.7,-911.78,12860,330471,176,80,1910,-0.32509,1.84,1.1593
-5712.1,-2625.1,2625.2,0.18368,-3089.3,6071.9,5.9638e+05,49111,1,586.03,4646.8,-7225.8,-2482.6,843.25,-2011.4,9063.6,2196.7,-1038.2,13157,331004,176,80,1910,-0.31379,1.842,1.1593
-5693.9,-2652.2,2733.7,0.51878,-3216.8,6048.1,5.9607e+05,49109,1,1489.2,4940.5,-7479.4,-2617.8,758.06,-1891.4,9564,2402.2,-1322.5,13877,331989,176,80,1910,-0.30248,1.8438,1.1593
-5660.1,-2680.3,2848.7,1.576,-3351.5,6008.6,5.9557e+05,49107,1,2813.9,5403.7,-7883.1,-2727.6,620.34,-1667.5,10169,2736.8,-1802.9,14967,333167,176,80,1910,-0.29116,1.8457,1.1593
-5606.6,-2714.7,2979.5,3.5045,-3504.2,5949.9,5.9584e+05,49105,1,6023.3,6195.6,-8439.8,-3366.5,244.41,-1199.8,12199,3536.8,-2707.6,18094,336055,176,80,1910,-0.27983,1.8474,1.1593
-5292.2,-2789.3,3340.1,32.178,-3910.8,5625.7,5.9624e+05,49101,1,37186,6736.7,-2566.7,-645.76,-709.86,974.31,25250,5174.9,-2669.3,45914,348913,176,80,1910,-0.25714,1.8507,1.1593
-5505.3,-2751.4,3130.1,8.6966,-3678.2,5843.5,5.9551e+05,49103,1,12807,7214.9,-8562.3,-3278.3,-48.6,-679.11,15251,4408.4,-3514.4,23769,340029,176,80,1910,-0.26849,1.8491,1.1593
-5640.8,-2492.6,2226.6,-0.064309,-2610.5,6014.5,5.9684e+05,50529,1,-196.15,4276.3,-6935.5,-2313.1,889.47,-2157.3,8565.4,2086.7,-659.57,12465,329642,176,80,1910,-0.36026,1.8406,1.1478
-5633.2,-2516.8,2328.1,-0.045485,-2729.4,6003.1,5.964e+05,50527,1,-103.1,4311.2,-6943.4,-2319.1,890.77,-2134.3,8604.5,2077.6,-710.09,12506,329761,176,80,1910,-0.34896,1.8428,1.1478
-5624.1,-2541.4,2430.6,0.014048,-2849.5,5989.8,5.9567e+05,50525,1,93.284,4372.6,-7001.4,-2375.9,863.22,-2086.2,8758,2116.1,-825.57,12679,330147,176,80,1910,-0.33765,1.8449,1.1478
-5538.1,-2434.2,2135.3,-0.066461,-2494.1,5910.5,5.9663e+05,51945,1,-256.26,4231,-6956.4,-2313.4,879.87,-2184.6,8548,2098.7,-617.82,12454,329614,176,80,1910,-0.37294,1.8453,1.1362
-5434.8,-2375.2,2042.7,-0.063662,-2377.2,5805.2,5.9677e+05,53363,1,-328.26,4186.5,-6988,-2311.7,875.58,-2231.8,8520,2110.5,-539.8,12446,329582,176,80,1910,-0.38567,1.8497,1.1247
-5440.9,-2351.1,1941.1,-0.056354,-2259,5813.4,5.9753e+05,53365,1,-370.45,4171.4,-6999.1,-2307.5,871.67,-2251.6,8496.5,2129.5,-499.74,12436,329544,176,80,1910,-0.39701,1.8473,1.1247
-5428.4,-2399.6,2144.8,-0.066306,-2496,5796.2,5.9592e+05,53361,1,-266.71,4187.8,-6991.8,-2337.1,867.67,-2210.4,8587.1,2099.4,-593.63,12494,329729,176,80,1910,-0.37431,1.8521,1.1247
-5256.2,-2137,1345.3,-0.025217,-1554.4,5620.3,6.0199e+05,56217,1,-498.51,4092.1,-7064.7,-2289.1,811.61,-2335.8,8394.6,2324.1,-309.5,12419,329472,176,161,1913,-0.4681,1.8447,1.1014
-5250.1,-2160.6,1447,-0.018878,-1671.9,5615.2,6.0224e+05,56215,1,-481.43,4092.9,-7065.4,-2287.3,823.43,-2329.9,8404.5,2278.3,-336.26,12417,329465,176,80,1910,-0.45677,1.8475,1.1014
-5360.2,-2196.9,1441.7,-0.024729,-1671.7,5730.8,6.0183e+05,54793,1,-489.26,4128.5,-7028.5,-2289.7,833.58,-2315,8402.9,2283.6,-340.96,12406,329422,176,161,1913,-0.45514,1.841,1.1131
-5354.2,-2220.4,1543,-0.023197,-1789.2,5725.2,6.0129e+05,54791,1,-474.37,4126.8,-7031.7,-2288.4,841.55,-2310.4,8411.4,2247.9,-363.24,12406,329420,176,161,1913,-0.44383,1.8437,1.1131
-5348.4,-2244.1,1644.3,-0.025913,-1906.6,5719.2,5.9981e+05,54789,1,-454.57,4133.3,-7026.7,-2288.9,852.18,-2299.3,8424.6,2207.6,-394.62,12406,329421,176,80,1910,-0.43251,1.8464,1.1131
-5342.6,-2267.8,1745.6,-0.035317,-2024.1,5712.9,5.9857e+05,54787,1,-432.53,4133.6,-7030.6,-2292.8,857.67,-2292.4,8443.3,2176.4,-420.64,12416,329459,176,80,1910,-0.42117,1.849,1.1131
-5336.8,-2291.7,1847.1,-0.047159,-2141.8,5706,5.9756e+05,54785,1,-402.72,4138.1,-7032.2,-2301.6,860.86,-2279.5,8473.6,2150.2,-456.89,12434,329536,176,80,1910,-0.40982,1.8516,1.1131
-5146,-2100.6,1350.2,-0.021177,-1554.5,5504.5,6.0268e+05,57643,1,-486.83,4058.7,-7095.4,-2285.5,804.79,-2347,8397.1,2309.3,-312.22,12425,329495,176,161,1913,-0.46975,1.8512,1.0897
-5612.8,-2566.9,2535.1,0.1252,-2972,5973.8,5.9503e+05,50523,1,375.11,4454.6,-7062.2,-2449.9,830.33,-2032.3,8960.1,2171.2,-947.18,12906,330563,176,80,1910,-0.32632,1.847,1.1478
-5597.8,-2593.6,2642.3,0.28938,-3097.7,5953.9,5.95e+05,50521,1,959.7,4694.4,-7300.9,-2575.5,772.91,-1951.1,9337.6,2315.6,-1169.4,13462,331470,176,80,1910,-0.31498,1.8489,1.1478
-5573,-2621.7,2754.9,0.79919,-3229.3,5923.9,5.9436e+05,50519,1,1923.1,5044.5,-7628.5,-2841.4,669.48,-1829.3,10047,2566.8,-1484.8,14455,332641,176,80,1910,-0.30363,1.8508,1.1478
-5535.3,-2655.6,2880.1,1.609,-3375.6,5881.5,5.9477e+05,50517,1,3615.8,5493.7,-7951.6,-3253.7,415.43,-1497,11255,3095.1,-2135,16133,334289,176,80,1910,-0.29227,1.8527,1.1478
-5466.4,-2692.5,3020.6,4.3184,-3538.7,5808,5.9344e+05,50515,1,5873.1,5789.4,-7931.8,-4207.2,-38.631,-957.99,13379,3877.6,-3017.6,18780,336572,176,80,1910,-0.28089,1.8544,1.1478
-5378.9,-2746.1,3190.7,6.7038,-3736.6,5717.7,5.9289e+05,50513,1,9206.2,5232.8,-6306.8,-4482.4,-452.09,-316.93,15268,4204.9,-3229.2,20821,338021,176,80,1910,-0.26951,1.8561,1.1478
-5531.2,-2458.5,2237.1,-0.054012,-2613,5900.4,5.9566e+05,51943,1,-182.06,4244.3,-6959.3,-2332.1,875.49,-2165.7,8604.4,2091.6,-662.65,12499,329743,176,80,1910,-0.36161,1.8475,1.1362
-5523.4,-2483.2,2339.7,-0.030834,-2732.8,5888.9,5.949e+05,51941,1,-45.009,4278.6,-6979.6,-2370.5,858.89,-2128.8,8711.3,2107.2,-745.25,12601,329996,176,80,1910,-0.35026,1.8497,1.1362
-5513.8,-2508.6,2443.8,0.016652,-2854.4,5875.4,5.9439e+05,51939,1,166.51,4329.5,-7007.2,-2433.5,831.55,-2080.8,8876.9,2144.2,-847.37,12764,330296,176,80,1910,-0.33891,1.8518,1.1362
-5501.6,-2535,2550.3,0.084041,-2978.8,5858.7,5.9415e+05,51937,1,584.96,4475.3,-7134.8,-2540.7,778.28,-2001.7,9176.7,2253.4,-1032.6,13142,330978,176,80,1910,-0.32754,1.8539,1.1362
-5421.5,-2424.3,2247.5,-0.056653,-2615.5,5786.2,5.9473e+05,53359,1,-168,4213.9,-6986.1,-2351.3,863.12,-2176.8,8644,2093.7,-661.1,12536,329835,176,80,1910,-0.36294,1.8543,1.1247
-5324.9,-2340.1,2051.3,-0.058794,-2378.5,5690.4,5.9552e+05,54781,1,-321.63,4148.2,-7030.8,-2334,860.39,-2246.7,8564.1,2109.7,-540.62,12493,329726,176,80,1910,-0.38707,1.8565,1.1131
-5331,-2315.8,1948.9,-0.055656,-2259.9,5698.5,5.9662e+05,54783,1,-365.03,4143.8,-7033.2,-2315.9,862.09,-2265.1,8515.3,2127.7,-495.87,12462,329634,176,80,1910,-0.39845,1.854,1.1131
-5311.7,-2390,2257.7,-0.072647,-2618,5671.9,5.9374e+05,54777,1,-154.22,4173.9,-7029.8,-2402.2,841,-2192.2,8737.3,2105,-660.56,12624,330032,176,80,1910,-0.36426,1.8611,1.1131
-5318.6,-2364.9,2154.1,-0.063106,-2497.8,5681.7,5.946e+05,54779,1,-262.72,4154.8,-7027.4,-2359.6,856.52,-2226.7,8628.8,2095.6,-587.51,12537,329838,176,80,1910,-0.37567,1.8588,1.1131
-5139.9,-2124.2,1452.2,-0.012957,-1671.9,5499.5,6.0129e+05,57641,1,-473.56,4051.7,-7102.7,-2284.2,810.66,-2345.7,8404.1,2276.3,-328.94,12425,329497,176,80,1910,-0.45838,1.8541,1.0897
-5133.9,-2148,1554.2,-0.014628,-1789.4,5494.1,5.987e+05,57639,1,-459.87,4056.7,-7100.4,-2286,820.25,-2339.1,8416.5,2241.2,-351,12427,329507,176,80,1910,-0.447,1.8569,1.0897
-5244.2,-2184.3,1548.7,-0.017276,-1789.3,5609.7,6.0075e+05,56213,1,-463.54,4090.6,-7070.1,-2287.8,832.4,-2324.8,8417.5,2236.1,-362.13,12420,329476,176,80,1910,-0.44542,1.8503,1.1014
-5238.3,-2208,1650.3,-0.023545,-1906.8,5603.8,5.989e+05,56211,1,-447.25,4096.3,-7068,-2291,840.25,-2316.5,8432.8,2205.3,-386.91,12425,329496,176,80,1910,-0.43406,1.853,1.1014
-5232.5,-2231.9,1752.1,-0.03476,-2024.4,5597.5,5.9785e+05,56209,1,-422.88,4102.5,-7067.5,-2297.7,846.78,-2304.5,8458,2172.9,-421.33,12438,329552,176,80,1910,-0.42268,1.8556,1.1014
-5220.8,-2280.3,1956.7,-0.054897,-2260.7,5583.4,5.9586e+05,56205,1,-361.88,4107.6,-7070.8,-2326.8,849.9,-2280.6,8538.3,2125.7,-491.16,12490,329718,176,80,1910,-0.39988,1.8607,1.1014
-5226.7,-2255.9,1854.2,-0.046461,-2142.3,5590.7,5.9693e+05,56207,1,-395.68,4104.1,-7072,-2310.2,849.02,-2295.1,8493.6,2148.2,-452.56,12462,329635,176,80,1910,-0.41129,1.8582,1.1014
-5482.6,-2562.7,2660.7,0.26213,-3107.7,5835.1,5.9394e+05,51935,1,1350.4,4712.2,-7323.3,-2721.2,694.71,-1890.6,9697.1,2440.6,-1291,13812,331910,176,80,1910,-0.31616,1.8558,1.1362
-5452.5,-2594.3,2780.7,0.76336,-3247.4,5800.6,5.9324e+05,51933,1,2337.3,4984.2,-7524.4,-3125.7,490.81,-1638.9,10666,2845.7,-1795.8,14990,333181,176,80,1910,-0.30476,1.8577,1.1362
-5408.2,-2631.7,2914.3,1.8348,-3402.9,5752.2,5.9245e+05,51931,1,3852.8,5353,-7768.2,-3807.9,252.1,-1392.4,12216,3344.3,-2325.6,16917,335005,176,80,1910,-0.29336,1.8596,1.1362
-5345.3,-2680.3,3071.5,3.668,-3585.3,5686.5,5.9137e+05,51929,1,4933.4,5336.8,-7508.4,-4459.3,-54.724,-1022,13541,3797.8,-2841.4,18330,336248,176,80,1910,-0.28194,1.8613,1.1362
-5413.4,-2449.5,2351.3,-0.036802,-2736.3,5774.6,5.9367e+05,53357,1,4.6769,4236.4,-7008.6,-2440.7,829.75,-2137.3,8846.7,2129.2,-751.64,12714,330218,176,80,1910,-0.35155,1.8565,1.1247
-5403.3,-2475.8,2457.3,-0.022439,-2859.6,5760.7,5.9348e+05,53355,1,297.13,4332.6,-7065.2,-2512.5,788.82,-2059.2,9053,2205,-913.18,12946,330642,176,80,1910,-0.34016,1.8586,1.1247
-5367,-2534,2683,0.2558,-3122.2,5716.3,5.9238e+05,53351,1,1400.8,4607.4,-7228.2,-2942.4,582.73,-1794.7,10094,2594.3,-1441.7,14083,332258,176,80,1910,-0.31732,1.8627,1.1247
-5388.9,-2503.3,2566.5,0.048552,-2986.7,5742.2,5.9293e+05,53353,1,799.96,4467.1,-7158.4,-2676.4,723.85,-1978.9,9474.1,2333.1,-1092.8,13410,331401,176,80,1910,-0.32874,1.8607,1.1247
-5214.8,-2304.9,2059.6,-0.063177,-2379.7,5575.5,5.9475e+05,56203,1,-319.09,4111.7,-7068,-2348.9,849.17,-2264.8,8593.2,2105.7,-531.31,12526,329817,176,80,1910,-0.38845,1.8631,1.1014
-5208.5,-2329.9,2163.2,-0.080953,-2499.3,5566.9,5.9381e+05,56201,1,-255.88,4120.9,-7067.5,-2383.5,841.78,-2241.5,8675,2098.6,-585.2,12586,329956,176,80,1910,-0.37702,1.8655,1.1014
-5193.2,-2382.3,2374.8,-0.13353,-2743.9,5545.8,5.9216e+05,56197,1,43.797,4185.6,-7085.1,-2540.6,790.98,-2159.1,9036.4,2163.1,-760.06,12899,330543,176,80,1910,-0.3541,1.8699,1.1014
-5201.6,-2355.5,2267.9,-0.10776,-2620.3,5557.2,5.93e+05,56199,1,-141.83,4140.3,-7068.5,-2447.3,825.06,-2211.2,8821.2,2110.5,-651.63,12703,330200,176,80,1910,-0.36556,1.8677,1.1014
-5303.5,-2415.9,2363,-0.080687,-2740,5660.4,5.9289e+05,54775,1,28.136,4208.3,-7036.6,-2484.5,812.41,-2147.3,8929,2140.2,-752.96,12788,330335,176,80,1910,-0.35283,1.8633,1.1131
-5128,-2171.8,1656.3,-0.022291,-1906.9,5488.2,5.9746e+05,57637,1,-441.02,4059.1,-7102.3,-2290.8,827.77,-2332,8436.6,2206.5,-377.25,12437,329547,176,80,1910,-0.43559,1.8596,1.0897
-5122.2,-2195.9,1758.6,-0.03274,-2024.7,5482,5.9666e+05,57635,1,-418.39,4062.8,-7105.1,-2300.2,833.24,-2323,8466.1,2176,-407.5,12455,329615,176,80,1910,-0.42418,1.8622,1.0897
-5116.4,-2220.1,1861.2,-0.042142,-2142.9,5475.2,5.9571e+05,57633,1,-387.93,4067.4,-7107.5,-2316.3,836.85,-2309.4,8510.5,2145.7,-448.47,12484,329703,176,80,1910,-0.41274,1.8648,1.0897
-5110.5,-2244.6,1964.2,-0.050019,-2261.5,5468,5.9452e+05,57631,1,-358.62,4071.2,-7108.4,-2336.9,838.65,-2297.6,8560.2,2121.7,-483.37,12518,329788,176,80,1910,-0.40129,1.8673,1.0897
-5104.5,-2269.5,2067.8,-0.063532,-2380.8,5460.3,5.9352e+05,57629,1,-316.68,4075.9,-7106.9,-2364.1,836.56,-2281,8624.1,2104.6,-526.04,12562,329899,176,80,1910,-0.38983,1.8697,1.0897
-5336.5,-2570.2,2811.1,0.75342,-3271,5682.2,5.9176e+05,53349,1,2416.5,4733.5,-7199.8,-3464.3,367.79,-1556.8,11292,2978.1,-1859,15313,333503,176,80,1910,-0.30589,1.8646,1.1247
-5290.5,-2611.7,2953.4,2.1404,-3435.7,5632.8,5.9022e+05,53347,1,3675.1,4858.1,-7101,-4166.2,94.27,-1244.6,12797,3467.7,-2408.8,16972,335051,176,80,1910,-0.29444,1.8664,1.1247
-5234,-2666,3118,3.2809,-3626.6,5574.2,5.8989e+05,53345,1,4450.4,4645.5,-6604.9,-5066.5,-179.95,-966.67,14332,3832.2,-2785.7,18426,336320,176,80,1910,-0.28298,1.8682,1.1247
-5292.9,-2443.3,2471.2,-0.11482,-2865.5,5646.2,5.9304e+05,54773,1,339.39,4272.8,-7064.4,-2649.5,744.36,-2063.2,9304.4,2255.3,-921.66,13138,330972,176,80,1910,-0.34139,1.8654,1.1131
-5276.8,-2472.9,2584.6,-0.052378,-2997,5626.6,5.9237e+05,54771,1,884.07,4388.7,-7096.4,-2876.4,617.39,-1883.2,9851.9,2486,-1259.6,13691,331757,176,80,1910,-0.32994,1.8675,1.1131
-5255.7,-2507.2,2707.5,0.14667,-3139.3,5602.1,5.9179e+05,54769,1,1563.2,4476,-7075.9,-3367.2,420.9,-1663.8,10874,2830.1,-1663.8,14692,332903,176,80,1910,-0.31847,1.8694,1.1131
-5098.3,-2294.9,2172.2,-0.090681,-2500.9,5451.9,5.9276e+05,57627,1,-242.49,4083.3,-7110.2,-2424.5,822.49,-2255.4,8754.6,2105.8,-589.13,12663,330110,176,80,1910,-0.37835,1.872,1.0897
-5091.4,-2321.1,2278.1,-0.13453,-2622.8,5442.4,5.9234e+05,57625,1,-115.96,4112.1,-7105.8,-2501.8,797.63,-2209.8,8928.6,2138.8,-680.21,12804,330362,176,80,1910,-0.36685,1.8743,1.0897
-5082.6,-2348.7,2386.9,-0.18314,-2748.1,5430.9,5.921e+05,57623,1,141.58,4157.4,-7115.5,-2694.9,726.85,-2125.4,9346.6,2254.6,-853.18,13169,331025,176,80,1910,-0.35535,1.8765,1.0897
-5181.7,-2411,2485.9,-0.16546,-2872.2,5531.1,5.9205e+05,56195,1,384.87,4249.8,-7121.4,-2839.3,688.22,-2056.9,9656.1,2338.8,-975.64,13467,331475,176,80,1910,-0.34261,1.8721,1.1014
-5017.6,-2135.6,1662.2,-0.023549,-1907.1,5372.5,5.9615e+05,59067,1,-425.47,4024.6,-7129.9,-2293.6,817.18,-2339.1,8451.2,2196.6,-384.64,12450,329603,176,80,1910,-0.43711,1.866,1.078
-5011.8,-2159.8,1765,-0.032569,-2025,5366.3,5.9549e+05,59065,1,-403.51,4023.5,-7134.4,-2305.1,820.01,-2331.8,8484.5,2170.3,-412.12,12472,329665,176,80,1910,-0.42565,1.8687,1.078
-5005.9,-2184.2,1868.1,-0.041508,-2143.4,5359.6,5.946e+05,59063,1,-380.47,4022,-7138,-2320.1,822.14,-2324.3,8523.8,2145.1,-439.76,12497,329740,176,80,1910,-0.41418,1.8713,1.078
-5000,-2208.9,1971.7,-0.05092,-2262.2,5352.5,5.9348e+05,59061,1,-350.86,4029.6,-7135.6,-2343,825.52,-2310.2,8578,2118.9,-478.72,12533,329832,176,80,1910,-0.40269,1.8738,1.078
-4994,-2234,2075.8,-0.066994,-2381.7,5344.9,5.926e+05,59059,1,-311.1,4034.8,-7135.7,-2378.8,824.08,-2297.4,8656,2100.9,-515.7,12590,329962,176,80,1910,-0.39118,1.8762,1.078
-4987.8,-2259.7,2181.1,-0.099915,-2502.4,5336.6,5.9224e+05,59057,1,-257.51,4043.3,-7136.3,-2426.8,816.66,-2281.8,8758.6,2098.3,-555.94,12670,330127,176,80,1910,-0.37966,1.8786,1.078
-5225.7,-2546.6,2841.2,0.52973,-3294.2,5569.1,5.9168e+05,54767,1,2597.8,4579.9,-6980.2,-3752.7,250.4,-1449.4,11862,3141.9,-2023.2,15728,333891,176,80,1910,-0.307,1.8714,1.1131
-5131.1,-2649.3,3159.3,2.8939,-3661.6,5470,5.8954e+05,54763,1,3888.6,4395.5,-6395.7,-5015.1,-99.583,-1114.5,14189,3655,-2518.7,17966,335943,176,80,1910,-0.28401,1.875,1.1131
-5182.7,-2592.9,2991.4,1.8472,-3467.5,5523.4,5.9005e+05,54765,1,3194.3,4437.6,-6636.2,-4556.8,29.475,-1260.5,13387,3474.7,-2302.1,17114,335168,176,80,1910,-0.29551,1.8732,1.1131
-5166.7,-2443.6,2604.5,-0.1421,-3009.3,5513,5.921e+05,56193,1,810.39,4323.5,-7103.2,-3009.1,609.12,-1940.5,10074,2481.7,-1183.9,13858,331970,176,80,1910,-0.33112,1.8741,1.1014
-5144.5,-2479.6,2731.2,0.13591,-3155.5,5487.8,5.9114e+05,56191,1,1279.8,4377.4,-7082.6,-3441,470.15,-1803.9,10957,2727,-1448.4,14692,332905,176,80,1910,-0.31962,1.8761,1.1014
-5117.3,-2522.9,2871.4,0.45213,-3317.3,5458.2,5.9159e+05,56189,1,2101.5,4389.2,-6898.7,-4059.2,261.26,-1579.7,12277,3093.6,-1843.9,15938,334114,176,80,1910,-0.3081,1.8781,1.1014
-4980.8,-2286.4,2288.2,-0.15478,-2625.4,5327.2,5.9255e+05,59055,1,-145.01,4064.9,-7141.3,-2533.2,791.44,-2249.9,8982.3,2128.6,-630.56,12855,330460,176,80,1910,-0.36813,1.8809,1.078
-4972.1,-2315.2,2399.3,-0.21014,-2752.9,5316.1,5.931e+05,59053,1,53.697,4100.4,-7144.4,-2720,737.72,-2192.5,9378,2216.5,-753.46,13192,331059,176,80,1910,-0.35658,1.8831,1.078
-4960.6,-2347.2,2516.8,-0.19767,-2887.7,5302.1,5.9347e+05,59051,1,365.92,4144.4,-7123.7,-3005.8,642.77,-2085.7,9978.6,2384.1,-967.87,13713,331790,176,80,1910,-0.34502,1.8852,1.078
-5070.9,-2379.1,2501.4,-0.19466,-2880,5416.4,5.9203e+05,57621,1,408.28,4202.4,-7117.2,-2923.3,657.3,-2054.8,9821.5,2374.5,-996.57,13593,331640,176,80,1910,-0.34382,1.8787,1.0897
-5055.5,-2413.3,2623.3,-0.1768,-3020.4,5398.2,5.9264e+05,57619,1,778.95,4256.4,-7101.7,-3212,561.08,-1947.6,10441,2548.9,-1207.4,14162,332351,176,80,1910,-0.33229,1.8808,1.0897
-5080.2,-2573.2,3027.2,1.5329,-3496.7,5419.1,5.903e+05,56187,1,2682.1,4227.2,-6505.9,-4811.8,58.73,-1391.7,13712,3390.4,-2114.6,17218,335259,176,80,1910,-0.29657,1.8799,1.1014
-5035.1,-2452.5,2755.6,0.12316,-3172.6,5375.5,5.9216e+05,57617,1,1264.5,4226.2,-6939.3,-3747,393.9,-1781.8,11537,2833.4,-1511.8,15113,333311,176,80,1910,-0.32074,1.8828,1.0897
-4976.6,-2549.9,3058.3,1.4768,-3520.2,5313.2,5.9135e+05,57613,1,2267.9,4167.8,-6582.2,-4787.5,166.25,-1596.9,13596,3208,-1824.7,17024,335086,176,80,1910,-0.29762,1.8866,1.0897
-5008.9,-2496.9,2898.7,0.64261,-3337,5347,5.9193e+05,57615,1,1807.3,4170.1,-6711.3,-4335.5,265.41,-1685.2,12734,3050.9,-1683.4,16177,334334,176,80,1910,-0.30919,1.8847,1.0897
-4945.7,-2383.1,2642.4,-0.10696,-3031.7,5284.9,5.94e+05,59049,1,680.93,4122.6,-7016.3,-3446.3,516.48,-1969.2,10871,2596.8,-1195,14459,332646,176,80,1910,-0.33345,1.8873,1.078
-4927.9,-2424.1,2777.7,0.19609,-3186.9,5265.1,5.9402e+05,59047,1,1025.9,4104.2,-6887.9,-3836.4,428.52,-1895.8,11673,2741.7,-1321.7,15145,333344,176,80,1910,-0.32186,1.8893,1.078
