"Cartesian Velocity:0","Cartesian Velocity:1","Cartesian Velocity:2","Spherical Velocity:0","Spherical Velocity:1","Spherical Velocity:2","Pressure","PointID","RegionId","GSV:0","GSV:1","GSV:2","GSV:3","GSV:4","GSV:5","GSV:6","GSV:7","GSV:8","magGSV","magGSV_Order","DescendingManifold","AscendingManifold","MorseSmaleManifold","Points:0","Points:1","Points:2"
2095.3,1294.5,1652.6,416.38,-2280.7,-1849.8,6.0744e+05,510339,1,29142,-63175,32567,-40558,1.0755e+05,-49364,30044,-64652,33524,1.666e+05,363237,500,1311,1460,-1.2098,0.36928,1.7986
2527.4,1167.1,2022.6,525.12,-2825.8,-1892.1,6.084e+05,508819,1,11203,-74611,22972,-22992,1.3927e+05,-44038,10094,-75602,22531,1.855e+05,364262,500,1311,1460,-1.1753,0.38257,1.8187
2136.5,1862.1,1662.8,541.07,-2147,-2427.9,6.0845e+05,508817,1,19818,-69847,27652,-26787,1.2722e+05,-44071,17502,-74159,27113,1.7726e+05,363849,500,1311,1460,-1.1864,0.38257,1.8114
1723.8,2207.4,1219.9,446.21,-1493.5,-2627.3,6.0806e+05,508815,1,15503,-44814,19759,-12512,64876,-21924,16630,-61571,24118,1.1016e+05,358791,500,1311,1460,-1.1975,0.38257,1.8041
1428.7,2332.1,782.74,260.07,-989.14,-2654.5,6.0714e+05,508813,1,14210,-25075,14831,-10073,35842,-14315,21182,-43722,23491,74524,354360,500,1311,1460,-1.2085,0.38257,1.7967
1527.2,2194.4,1060.3,645.65,-1028.9,-2607,6.1144e+05,507329,1,-11506,-79660,10387,11787,1.5265e+05,-24846,-9795.6,-77244,10882,1.919e+05,364598,500,1316,1465,-0.97842,0.39585,1.929
1598.6,2205.1,1110,647.75,-1120.7,-2641,6.1132e+05,507327,1,-10735,-74752,9779.6,10006,1.3308e+05,-21820,-9622.2,-77846,11112,1.7425e+05,363666,500,1315,1464,-0.99024,0.39585,1.923
1672.4,2220.1,1161.5,650.16,-1213.9,-2679.3,6.1121e+05,507325,1,-12053,-86306,11348,14347,1.8237e+05,-29547,-10156,-78294,10808,2.2002e+05,365674,500,1315,1464,-1.002,0.39585,1.9169
1749.2,2238.1,1216.3,653.3,-1310.5,-2721,6.111e+05,507323,1,-11014,-79284,10468,12579,1.5526e+05,-24982,-10053,-79087,11057,1.9464e+05,364724,500,1314,1463,-1.0138,0.39585,1.9107
1818,2242.6,1270.7,656.42,-1404.7,-2746.8,6.1099e+05,507321,1,-10864,-79143,10487,13081,1.5642e+05,-24956,-10237,-79824,11086,1.9583e+05,364775,500,1313,1462,-1.0255,0.39585,1.9044
1884,2251.2,1324.5,659.97,-1495.1,-2775,6.1089e+05,507319,1,-11462,-84689,11234,15793,1.8598e+05,-29527,-10478,-79421,10790,2.2288e+05,365750,500,1313,1462,-1.0371,0.39585,1.8981
1950.6,2261.7,1379.8,663.87,-1586.4,-2804.8,6.1079e+05,507317,1,-9922.5,-69829,9106.5,8918.4,1.1033e+05,-17814,-10390,-82281,11572,1.5697e+05,362572,500,1313,1462,-1.0488,0.39585,1.8917
2012.6,2267.9,1432.7,666.11,-1673.9,-2828.6,6.1071e+05,507315,1,-10620,-83099,11339,15545,1.7954e+05,-28351,-10291,-80845,11165,2.1724e+05,365562,500,1313,1462,-1.0603,0.39585,1.8852
2067.2,2273.2,1482.9,668.47,-1754.6,-2848.6,6.1062e+05,507313,1,-10550,-79061,10549,14142,1.5958e+05,-25032,-10649,-81948,11215,1.993e+05,364911,500,1313,1462,-1.0719,0.39585,1.8787
2117.1,2271.1,1530.7,668.96,-1832.3,-2859.7,6.1053e+05,507311,1,-9511.2,-79072,11131,14499,1.5968e+05,-24848,-10114,-82420,11602,1.9955e+05,364920,500,1313,1462,-1.0834,0.39585,1.8721
2157.4,2264.2,1574.2,668.89,-1901.6,-2862.8,6.1043e+05,507309,1,-8931.7,-78909,11423,14683,1.595e+05,-24707,-9927.7,-82920,11800,1.9954e+05,364918,500,1312,1461,-1.0949,0.39585,1.8654
2181,2257.6,1607.9,668.21,-1952,-2860.4,6.1028e+05,507307,1,-8214,-78698,11797,14882,1.5911e+05,-24509,-9440.3,-83083,12112,1.9919e+05,364906,500,1312,1461,-1.1063,0.39585,1.8586
2184.6,2257.5,1625.1,664.61,-1975.8,-2857.3,6.1012e+05,507305,1,-6610.2,-78115,12635,14246,1.5796e+05,-24647,-8224.5,-83055,12829,1.9798e+05,364858,500,1312,1461,-1.1177,0.39585,1.8518
2146.8,2253.8,1607.4,652.11,-1948.6,-2837.2,6.0987e+05,507303,1,-3843.7,-76735,14035,12910,1.5416e+05,-24666,-5746.9,-82653,14254,1.9419e+05,364703,500,1312,1461,-1.129,0.39585,1.8449
2042.2,2267.5,1518.1,618.08,-1824.4,-2811.8,6.0948e+05,507301,1,-155.84,-72307,15385,4677.1,1.3759e+05,-26288,-2241.8,-80534,15966,1.7847e+05,363914,500,1311,1460,-1.1403,0.39585,1.838
1871.9,2304.6,1328.6,540.83,-1586,-2788,6.0895e+05,507299,1,5337.7,-66896,17707,8566.8,1.1686e+05,-19490,7297.2,-77672,21364,1.5959e+05,362767,500,1311,1460,-1.1516,0.39585,1.8309
1672,2350.4,1052.2,411.72,-1272.3,-2763.8,6.0824e+05,507297,1,5928.6,-55599,15724,-8199.2,82053,-22761,5943.1,-70273,18970,1.2659e+05,360232,500,1311,1460,-1.1628,0.39585,1.8238
1523.7,2391.5,777.09,259.06,-999.37,-2753,6.0748e+05,507295,1,3164.9,-43036,11301,2722.5,46844,-8285,8979.7,-61204,19017,91916,356708,500,1311,1460,-1.174,0.39585,1.8167
1438.6,2409.1,578.06,134.02,-823.24,-2740.7,6.0682e+05,507293,1,6005.3,-29066,10212,-5711.7,23950,-8883.8,6629.8,-47556,14635,64731,352731,500,1311,1460,-1.1851,0.39585,1.8094
1374.4,2404.4,462.46,64.19,-715.27,-2714.4,6.0612e+05,507291,1,1531.9,-12065,3633.3,1424,5901.5,-327.26,1621.7,-26745,6878.1,31037,343778,500,1311,1460,-1.1962,0.39585,1.8021
1334.5,2387.4,404.64,27.421,-661.62,-2684.3,6.0502e+05,507289,1,4462.1,-7331.1,4582.8,-329.64,3842.4,-1049.2,6752.8,-21587,9221.3,26594,341727,500,1311,1460,-1.2072,0.39585,1.7947
918.67,2353,4.8971,33.769,51.25,-2525.2,6.101e+05,505805,1,-6673.2,-27519,2373.9,-338.17,8458.2,-1951.5,-6592.9,-47217,6535.2,56555,351237,500,1316,1465,-0.9773,0.40912,1.9268
979.77,2373.4,39.527,35.391,-17.692,-2567.7,6.0993e+05,505803,1,-6308.9,-25161,2038.9,-828.07,8245,-2168.8,-6012.5,-42910,5917.9,51603,350212,500,1316,1465,-0.98911,0.40912,1.9208
1042.6,2398.8,74.791,36.859,-86.83,-2615,6.098e+05,505801,1,-6815.2,-28592,2463,-603.08,9150.2,-2249.2,-6866.5,-48720,6671.6,58519,351607,500,1315,1464,-1.0009,0.40912,1.9147
1101.8,2417.4,109.73,37.595,-155.23,-2654.1,6.0968e+05,505799,1,-5721.5,-22229,1677.1,-417.77,7679.9,-1856.8,-5578.8,-37199,4917.5,45070,348698,500,1314,1463,-1.0126,0.40912,1.9085
1156.1,2432,145.69,39.964,-221.53,-2687.3,6.0938e+05,505797,1,-5993.4,-26815,2469.5,-18.648,8737.4,-1870.9,-6474,-45013,6067.2,54275,350763,500,1313,1462,-1.0243,0.40912,1.9023
1204.5,2444.7,179.08,41.779,-282.43,-2716.3,6.0918e+05,505795,1,-5860.5,-27686,2693,4.9461,8861.1,-1890.7,-6598.7,-46133,6213.8,55683,351058,500,1313,1462,-1.0359,0.40912,1.8959
1247.4,2459.7,209.76,43.626,-336.84,-2745,6.0902e+05,505793,1,-5286.4,-28438,3144.1,-288.1,8910.1,-2069.3,-6248,-47041,6582.4,56794,351279,500,1313,1462,-1.0476,0.40912,1.8895
1286.7,2478,239.34,46.251,-386.82,-2775.2,6.0879e+05,505791,1,-5006.6,-25763,2714.4,-132.18,8069.8,-1809.5,-5926.7,-42219,5725,51136,350109,500,1313,1462,-1.0591,0.40912,1.8831
1323.2,2493.3,268.09,48.409,-435.07,-2801.4,6.0862e+05,505789,1,-5553.7,-33687,4071.6,563.45,10092,-1847.6,-7241.9,-54653,7612.1,66220,352994,500,1313,1462,-1.0707,0.40912,1.8765
1351.7,2496.2,295.47,50.465,-480.02,-2813,6.0843e+05,505787,1,-4587.6,-31070,4052.7,703.48,9269.4,-1594.6,-6382.6,-49862,7068.2,60570,351994,500,1313,1462,-1.0822,0.40912,1.8699
1374.6,2498.3,320.69,52.897,-519.51,-2821.6,6.0823e+05,505785,1,-4100.1,-27950,3656.8,846.32,8282.8,-1299.3,-5884.3,-44649,6229.1,54308,350768,500,1312,1461,-1.0936,0.40912,1.8633
1390.9,2498.8,342.64,55.198,-552.43,-2826.2,6.0803e+05,505783,1,-4756.9,-40338,5925.3,1212.4,12168,-1918.9,-7586.5,-64695,9527.3,78561,354977,500,1312,1461,-1.105,0.40912,1.8565
1403.1,2499.3,360.74,56.095,-579.87,-2829.5,6.0791e+05,505781,1,-2813.5,-27618,4337,975.31,8305.5,-1222.5,-5093.4,-44974,6750.1,54360,350775,500,1312,1461,-1.1164,0.40912,1.8497
1407.3,2496.1,375.32,57.203,-600.07,-2826.4,6.0764e+05,505779,1,-1682.6,-28715,5265.7,1035.4,9082.1,-1352.4,-4374.5,-48717,7998.1,58283,351557,500,1312,1461,-1.1277,0.40912,1.8428
1401.1,2490.3,380.51,55.279,-607.49,-2817.4,6.0732e+05,505777,1,-1596.9,-21749,3798.6,1238.9,6910.4,-747.44,-3928.9,-38621,6066,45648,348847,500,1312,1461,-1.139,0.40912,1.8359
1386.1,2481.1,374.08,47.654,-602.38,-2802.1,6.0693e+05,505775,1,2237.6,-24777,6869.8,448.68,8579,-1605.9,619.51,-48155,11006,56417,351201,500,1311,1460,-1.1503,0.40912,1.8288
1365.3,2467.8,359.41,35.781,-588.85,-2781.2,6.0624e+05,505773,1,-84.567,-11073,2406.7,1325.3,3621.7,43.167,-1826.4,-24401,4255.6,27570,342205,500,1311,1460,-1.1615,0.40912,1.8218
1347.3,2451.5,344.14,21.612,-577.73,-2758.5,6.0543e+05,505771,1,1616.8,-8113.3,2849.6,669.89,2404.8,-99.315,2069.9,-18765,5512,21670,338616,500,1311,1460,-1.1726,0.40912,1.8146
1333.6,2431.8,335.94,10.685,-574.39,-2734,6.0462e+05,505769,1,325.3,-3979.3,1105.8,1395.8,599.1,782.81,-817.14,-8889.8,1455.8,10094,323929,500,1311,1460,-1.1837,0.40912,1.8074
1321.6,2410,335.46,4.9206,-577.07,-2708.2,6.0347e+05,505767,1,983.99,-3581.1,1453.4,1237.5,431.7,725.31,496.13,-8253.9,2174.5,9552.5,322439,500,1311,1460,-1.1948,0.40912,1.8001
1311.8,2386.7,340.19,2.0218,-584.62,-2681.6,6.0197e+05,505765,1,661.06,-1573.6,801.01,1419.3,-75.285,972.55,-147.4,-3782.7,756.59,4628.6,291139,500,1311,1460,-1.2058,0.40912,1.7927
1303.9,2362.5,348.13,0.6654,-595.39,-2654.9,5.9975e+05,505763,1,366,-1014.8,481.86,1494.2,-181.39,1060.1,-793.69,-2354.2,-2.9846,3310.2,267756,500,1311,1460,-1.2168,0.40912,1.7853
847.24,2411.4,-99.805,-0.28226,205.83,-2549.6,6.1198e+05,504281,1,-4390.1,-2800.3,-1620.8,-841.61,3882.7,-1278.3,-2640,-5042.7,-241.24,8922.8,320295,500,1316,1465,-0.97615,0.42237,1.9245
907.92,2431.5,-67.957,-0.16882,138.78,-2592.7,6.1181e+05,504279,1,-4403.4,-3590.1,-1489.5,-1175.5,3990.1,-1478.5,-2730.7,-6046.8,-90.704,9900.2,323477,500,1316,1465,-0.98794,0.42237,1.9185
967.92,2456.9,-36.626,0.017918,74.243,-2639.9,6.116e+05,504277,1,-4058.8,-2705.4,-1533.4,-980.99,3599.5,-1307.8,-2573.8,-4968.6,-256.79,8552.8,319132,500,1314,1463,-0.99969,0.42237,1.9124
1023.8,2472.6,-4.5204,0.12392,9.2846,-2676.2,6.1143e+05,504275,1,-3962.6,-3741.5,-1287.2,-616.37,3632,-1128.1,-2748.3,-6110.3,-120.51,9544.8,322416,500,1314,1463,-1.0114,0.42237,1.9063
1076.6,2485.1,27.613,0.28222,-54.373,-2707.9,6.1124e+05,504273,1,-3618.3,-2978.3,-1294.9,-403.02,3326.2,-956.94,-2607.1,-5251.1,-245.52,8379.3,318484,500,1313,1462,-1.0231,0.42237,1.9
1125,2494.2,58.922,0.43238,-115.2,-2734.4,6.1101e+05,504271,1,-3397.8,-3283.7,-1132.8,-393.83,3275,-944.9,-2549.4,-5714.8,-129.11,8634.8,319362,500,1313,1462,-1.0347,0.42237,1.8937
1170,2506.3,88.497,0.64673,-171.38,-2762,6.1073e+05,504269,1,-3050.2,-3204.2,-982.26,-498.98,3003.9,-947.74,-2449.4,-5727.8,-87.192,8337.9,318318,500,1313,1462,-1.0463,0.42237,1.8873
1207.7,2517.1,114.93,0.78771,-220.57,-2785.5,6.1046e+05,504267,1,-2548.7,-3161.2,-732.1,-386.9,2636.9,-808.7,-2194.1,-5756.7,47.029,7920.7,316567,500,1313,1462,-1.0579,0.42237,1.8809
1238.3,2525.7,138.53,0.99107,-263.32,-2804,6.1004e+05,504265,1,-2245.5,-3417.2,-517.5,-121.63,2230.1,-569.49,-2165.4,-5880.1,79.447,7846.7,316132,500,1313,1462,-1.0694,0.42237,1.8743
1264.2,2525.6,161.92,1.2416,-304.81,-2812.5,6.0954e+05,504263,1,-1979.9,-4055.6,-238.96,191.52,1897.5,-316.25,-2181.5,-6622.5,219.79,8533.9,319075,500,1313,1462,-1.0809,0.42237,1.8677
1285.4,2523.9,183.43,1.4923,-342.04,-2817.7,6.09e+05,504261,1,-1524.3,-2855.9,-251.4,364.62,1548,-138.2,-1840.5,-5002.3,49.147,6442.4,308041,500,1313,1462,-1.0923,0.42237,1.8611
1302.2,2520.7,203.04,1.7467,-375.04,-2819.6,6.084e+05,504259,1,-1391.2,-4646.7,216.27,284.99,1459.5,-160.35,-1976.5,-7579.9,528.52,9351.6,321798,500,1312,1461,-1.1037,0.42237,1.8543
1314.3,2517,220.16,1.9376,-403,-2819.3,6.078e+05,504257,1,-926.72,-2841.5,85.421,509.18,1035.1,70.338,-1572.6,-5024.5,193.11,6167,305524,500,1312,1461,-1.1151,0.42237,1.8475
1322.4,2510.9,235.7,2.1823,-427.49,-2815.3,6.0704e+05,504255,1,-779.53,-4196.7,474.27,541.06,934.17,118.59,-1651.7,-7069.2,593.18,8525.2,319046,500,1312,1461,-1.1264,0.42237,1.8406
1326.1,2501.2,249.31,2.2615,-448.32,-2806.4,6.0629e+05,504253,1,-378.5,-3415.7,543.6,769.67,658.87,326.1,-1364.8,-6069.1,538.4,7226.7,312765,500,1312,1461,-1.1377,0.42237,1.8337
1325.6,2487.7,261.02,2.0598,-465.81,-2792.3,6.0559e+05,504251,1,89.807,-2747,686.11,967.76,334.34,532.42,-915.69,-5206,617.33,6138.3,305262,500,1311,1460,-1.1489,0.42237,1.8267
1322.2,2471.3,271.4,1.6995,-480.88,-2774.6,6.0461e+05,504249,1,215.95,-1962.2,591.12,1153.8,81.5,719.01,-796.86,-3997.1,413.25,4783.7,292619,500,1311,1460,-1.1601,0.42237,1.8196
1317,2452.2,280.99,1.1128,-494.64,-2753.5,6.0373e+05,504247,1,188.63,-1640.1,502.12,1285.1,-21.547,836.09,-962.55,-3360.9,156.53,4192.3,286609,500,1311,1460,-1.1712,0.42237,1.8124
1310.8,2430.7,290.56,0.61811,-507.99,-2730,6.0262e+05,504245,1,324.53,-1447,548.76,1368,-85.625,914.38,-742.33,-2904.7,190.36,3773.5,281055,500,1311,1460,-1.1823,0.42237,1.8052
1304.1,2407.8,300.32,0.29213,-521.23,-2704.9,6.0144e+05,504243,1,362.78,-1172.6,515.65,1443.7,-167.32,997.78,-758.91,-2327.3,41.591,3297.6,267174,500,1311,1460,-1.1934,0.42237,1.7979
1297.2,2384,310.31,0.12448,-534.45,-2679,5.9956e+05,504241,1,322.36,-1041.5,462.41,1481.1,-198.25,1043.1,-857.5,-2075.2,-87.675,3126.1,254389,500,1311,1460,-1.2044,0.42237,1.7906
1290.2,2359.8,320.46,0.052715,-547.59,-2652.6,5.9482e+05,504239,1,335.36,-1011,468.01,1493,-198.8,1064.7,-833.91,-2004.4,-93.794,3078.6,252343,500,1311,1460,-1.2154,0.42237,1.7832
840.61,2460.1,-134.96,-3.349,271.89,-2589,6.103e+05,502757,1,-4326,-255.54,-2134.5,-975.34,3137.1,-1201.3,-2409.7,-2311.4,-699.56,6871,310730,500,1316,1465,-0.97496,0.4356,1.9222
904.86,2479.7,-101.71,-3.4551,201.2,-2633.9,6.1034e+05,502755,1,-4001.7,-113.88,-2034.8,-1063.8,3012.2,-1231.2,-2331.5,-2234.4,-693.36,6541.9,308757,500,1316,1465,-0.98673,0.4356,1.9162
958.42,2498.8,-71.918,-2.6624,140.5,-2673.6,6.0992e+05,502753,1,-3644.2,-212.68,-1858.3,-942.13,2792.6,-1128.1,-2236.7,-2233.3,-661.21,6096.3,304909,500,1315,1464,-0.99847,0.4356,1.9101
1013.1,2515.6,-41.175,-2.7136,77.606,-2711.1,6.0989e+05,502751,1,-3517.2,-431.95,-1768.2,-613.18,2684.7,-937.55,-2282.8,-2333.5,-678.55,5938.3,303127,500,1314,1463,-1.0102,0.4356,1.9039
1063.4,2525.5,-10.063,-2.5295,15.6,-2740.3,6.0981e+05,502749,1,-3427.7,-608.27,-1707.4,-393.02,2569.2,-799.94,-2334.3,-2421.6,-702.32,5851.2,302360,500,1314,1463,-1.0218,0.4356,1.8977
1114.3,2534.8,21.993,-2.6532,-47.595,-2768.6,6.0985e+05,502747,1,-3223.3,-543.31,-1636.5,-366.39,2547.9,-785.72,-2292.8,-2409,-698.78,5670.5,300530,500,1313,1462,-1.0335,0.4356,1.8914
1159.8,2543.6,52.544,-2.2999,-105.88,-2794.1,6.0966e+05,502745,1,-2878.4,-513.07,-1477.3,-285.32,2403.3,-712.16,-2186.9,-2373.3,-664.59,5287,297104,500,1313,1462,-1.045,0.4356,1.885
1199.8,2550.5,81.104,-1.9847,-159.31,-2815.3,6.0954e+05,502743,1,-2230.6,-597.97,-1114.9,-18.664,2031.6,-479.64,-1940.7,-2322.4,-553.14,4516.6,289881,500,1313,1462,-1.0566,0.4356,1.8786
1225.8,2549,104.78,-1.2433,-201.75,-2823.2,6.0911e+05,502741,1,-1732.5,-760.8,-814.06,252.72,1561.1,-217.45,-1748.7,-2312.7,-463.16,3925.9,283288,500,1313,1462,-1.0681,0.4356,1.872
1250,2546.9,127.22,-1.231,-242.28,-2829.6,6.0928e+05,502739,1,-1520.7,-757.69,-704.01,366.55,1330.7,-98.591,-1664.6,-2249.1,-438.5,3649.4,278759,500,1313,1462,-1.0796,0.4356,1.8655
1270.9,2543.2,148.75,-1.0126,-280.03,-2833.2,6.0896e+05,502737,1,-1337.5,-848.06,-586.58,435.84,1211.2,-27.018,-1597.7,-2286,-402.75,3528.6,276139,500,1313,1462,-1.091,0.4356,1.8588
1288.4,2537.3,169.06,-0.86399,-314.98,-2833.2,6.0886e+05,502735,1,-1033,-856.16,-413.45,533.54,1023.9,77.553,-1467.8,-2257.7,-343.13,3268,265675,500,1312,1461,-1.1024,0.4356,1.8521
1300.3,2529.4,187.01,-0.58195,-344.76,-2829.3,6.0847e+05,502733,1,-709.83,-858.87,-225.63,664.13,804.38,211.63,-1321,-2212.7,-275.38,3023.6,249970,500,1312,1461,-1.1137,0.4356,1.8453
1307.5,2519.4,202.74,-0.38064,-370.11,-2821.5,6.0821e+05,502731,1,-415.6,-927.11,-34.633,808.28,529.78,369.89,-1187.2,-2190,-208.08,2890.2,245049,500,1312,1461,-1.125,0.4356,1.8384
1310.2,2505.9,216.58,-0.22519,-391.68,-2808.8,6.0795e+05,502729,1,-160.6,-1026.4,143.47,958.23,245.86,537.37,-1062.6,-2198.4,-139.24,2889.4,245018,500,1312,1461,-1.1363,0.4356,1.8315
1309.7,2489.8,229.16,-0.1235,-410.73,-2792.6,6.0757e+05,502727,1,14.553,-972.53,242.46,1151.7,92.676,702.6,-1000.1,-2073.4,-131.83,2854.9,243510,500,1311,1460,-1.1475,0.4356,1.8245
1306.9,2471.4,240.77,-0.052091,-427.78,-2773.3,6.07e+05,502725,1,121.52,-1050.9,328.21,1203.7,6.543,765.42,-938.98,-2133.6,-88.796,2950.1,247373,500,1311,1460,-1.1587,0.4356,1.8174
1302.2,2450.9,251.74,-0.015554,-443.48,-2751.2,6.0623e+05,502723,1,228.32,-1029.2,394.35,1332.3,-100.98,884.64,-889.34,-2055.1,-81.17,2975.9,248172,500,1311,1460,-1.1698,0.4356,1.8102
1296.4,2428.6,262.37,-0.0021953,-458.36,-2727.1,6.0525e+05,502721,1,284.16,-1015.9,432.35,1433.2,-177.77,982.75,-879.11,-1990.1,-94.398,3015.5,249445,500,1311,1460,-1.1809,0.4356,1.803
1290,2405.2,272.8,0.0027685,-472.69,-2701.8,6.0376e+05,502719,1,302.6,-1019.1,448.08,1468.7,-199.18,1023.2,-875.44,-1980.7,-100.68,3045.3,250865,500,1311,1460,-1.1919,0.4356,1.7957
1283.2,2381.2,283.13,0.0056075,-486.62,-2675.9,6.0017e+05,502717,1,316.05,-1013.4,459.42,1485.3,-204.04,1048.8,-865.39,-1969.9,-102.31,3053.8,251215,500,1311,1460,-1.2029,0.4356,1.7884
1276.3,2357,293.41,0.0080979,-500.26,-2649.6,5.9387e+05,502715,1,319.14,-1007.3,463.9,1491.7,-203.52,1066.5,-864.61,-1962.2,-109.39,3057,251341,500,1311,1460,-1.2139,0.4356,1.781
1269.3,2332.7,303.66,0.017101,-513.63,-2623.2,5.922e+05,502713,1,321.93,-998.02,467.46,1492.9,-197.05,1079.4,-860.68,-1957.6,-113.57,3055.6,251280,500,1311,1460,-1.2248,0.4356,1.7735
1262.3,2308.3,313.86,0.023562,-526.73,-2596.7,5.9112e+05,502711,1,322.71,-984.78,469.88,1494.3,-189.95,1094,-858.38,-1950.6,-118.53,3052.2,251143,500,1311,1460,-1.2356,0.4356,1.766
843.42,2496.9,-161.72,-5.0332,322.65,-2620.7,6.0829e+05,501235,1,-4254.8,513.82,-2279.1,-1093,2453.1,-1126.9,-2329.9,-1728.2,-778.64,6408.3,307763,500,1316,1465,-0.97373,0.44881,1.9198
906.5,2516.1,-129.28,-5.221,253.29,-2665.6,6.0841e+05,501233,1,-3946.6,487.19,-2146.9,-1009.3,2418.7,-1085.9,-2307.4,-1746.3,-779.38,6119.7,305120,500,1316,1465,-0.98549,0.44881,1.9138
962.08,2533.8,-98.102,-4.2521,189.84,-2705.4,6.0782e+05,501231,1,-3450.2,342.54,-1884.3,-805.3,2216,-940.84,-2177.8,-1764.6,-723.8,5513.3,299055,500,1316,1465,-0.99722,0.44881,1.9077
1011.3,2546.7,-68.926,-3.8232,130.67,-2737.9,6.0777e+05,501229,1,-3260.7,99.472,-1754.3,-543.12,2005.7,-760.18,-2153.5,-1833.2,-710.67,5207.5,296380,500,1315,1464,-1.0089,0.44881,1.9015
1059.9,2555.9,-39.049,-3.8973,70.392,-2766.3,6.0788e+05,501227,1,-3303.6,28.1,-1786.6,-452.65,1997.1,-715.9,-2230.6,-1897.1,-752.75,5287.1,297105,500,1314,1463,-1.0206,0.44881,1.8953
1110.5,2566,-7.7104,-4.1668,8.0705,-2796,6.079e+05,501225,1,-3123.3,-38.426,-1699.8,-291.47,1950,-622.86,-2246.8,-1933.2,-769.15,5128.2,295727,500,1314,1463,-1.0322,0.44881,1.889
1155.8,2572.4,23.161,-3.7468,-51.035,-2819.8,6.0776e+05,501223,1,-2751.8,-245.13,-1466.9,-167.69,1895.3,-541.27,-2149.7,-2044.1,-707.14,4795.5,292743,500,1314,1463,-1.0437,0.44881,1.8826
1191.4,2574.3,50.854,-2.9083,-102.27,-2835.3,6.0755e+05,501221,1,-2103.1,-430.3,-1077.8,298.07,1484,-187.12,-1954.2,-2020,-613.32,4046.2,284821,500,1313,1462,-1.0553,0.44881,1.8762
1219.2,2568.8,76.299,-2.2875,-148.66,-2840.6,6.072e+05,501219,1,-1724.9,-478.82,-868.83,470.79,1262.9,-33.74,-1784,-2015.4,-534.08,3647.8,278730,500,1313,1462,-1.0668,0.44881,1.8697
1242.6,2563.2,99.259,-2.033,-190.13,-2843.9,6.0734e+05,501217,1,-1457.9,-501,-722.64,484.12,1027.8,33.19,-1654.3,-1972.9,-482.11,3324.5,268378,500,1313,1462,-1.0782,0.44881,1.8631
1262.1,2557.3,120.5,-1.7089,-227.54,-2845.2,6.0713e+05,501215,1,-1261.9,-583.98,-598.92,515.95,923.18,80.507,-1569.4,-1994.3,-439.35,3170.2,261083,500,1313,1462,-1.0896,0.44881,1.8565
1278.6,2549.3,140.66,-1.5349,-262.52,-2843.3,6.0718e+05,501213,1,-960.73,-682.52,-404.81,713.98,685.72,258.53,-1462.4,-1992.1,-384.56,2975.6,248162,500,1313,1462,-1.101,0.44881,1.8497
1290.7,2539.1,159.25,-1.1666,-293.74,-2837.6,6.0681e+05,501211,1,-648.47,-779.18,-201.36,815.84,542.12,362.23,-1321,-2014.6,-308.12,2838.5,241622,500,1312,1461,-1.1123,0.44881,1.8429
1296.9,2525.3,175.44,-0.76317,-319.99,-2826.2,6.0656e+05,501209,1,-349.96,-838.46,-8.3624,1021.5,345.93,541.25,-1197.4,-1998.8,-243.87,2821.3,241051,500,1312,1461,-1.1236,0.44881,1.8361
1298.7,2508.6,189.59,-0.49949,-342.36,-2810.4,6.0656e+05,501207,1,-145.24,-862.73,121.67,1101.9,196.53,635.11,-1087.6,-1976.3,-190.13,2821.3,241050,500,1311,1460,-1.1349,0.44881,1.8292
1297.6,2490.6,202.3,-0.31145,-361.88,-2792.3,6.0636e+05,501205,1,39.337,-914.01,250.85,1236.8,38.345,767.6,-1008.1,-1964.7,-147.79,2821.3,241052,500,1311,1460,-1.1461,0.44881,1.8222
1294,2470.5,213.92,-0.16414,-379.22,-2771.2,6.0617e+05,501203,1,169.61,-950.76,343.53,1320.4,-81.13,862.19,-940.7,-1954.7,-116.29,2874.6,244413,500,1311,1460,-1.1572,0.44881,1.8151
1288.8,2448.8,224.83,-0.071244,-395.1,-2748.1,6.0564e+05,501201,1,257.21,-989.67,412.55,1407,-174.59,954.84,-900.41,-1953.3,-97.926,2962,247724,500,1311,1460,-1.1683,0.44881,1.808
1282.6,2425.9,235.39,-0.026506,-410.21,-2723.5,6.0492e+05,501199,1,288.49,-1002.8,438.95,1449.7,-198.65,999.1,-887.19,-1955.3,-93.724,3006.6,249075,500,1311,1460,-1.1794,0.44881,1.8008
1276,2402.3,245.79,-0.0050503,-424.83,-2698,6.0283e+05,501197,1,304.23,-1008.8,453.59,1474.8,-208.03,1030,-879.44,-1957.4,-94.553,3034.6,250432,500,1311,1460,-1.1904,0.44881,1.7935
1269.3,2378.3,256.13,0.0027341,-439.13,-2672.1,5.9839e+05,501195,1,306.66,-1004.1,459.86,1483.4,-207.82,1050.3,-878.38,-1954.5,-97.212,3043.3,250775,500,1311,1460,-1.2014,0.44881,1.7861
1262.4,2354.2,266.44,0.0092126,-453.18,-2646.1,5.9538e+05,501193,1,313.05,-999.73,464.31,1488.7,-200.41,1065,-871.7,-1954.6,-103.48,3048.7,251000,500,1311,1460,-1.2123,0.44881,1.7787
1255.6,2330,276.73,0.015778,-466.98,-2619.9,5.9365e+05,501191,1,308.36,-983.61,463.44,1487.6,-190.33,1075.8,-874.18,-1946.2,-108.08,3040.9,250693,500,1311,1460,-1.2232,0.44881,1.7713
1248.7,2305.7,287,0.021786,-480.55,-2593.6,5.9227e+05,501189,1,314.75,-980.15,468.45,1492.2,-186.84,1090.1,-867.54,-1945.6,-112.88,3046.3,250907,500,1311,1460,-1.2341,0.44881,1.7637
1241.7,2281.2,297.25,0.024207,-493.89,-2567.2,5.9113e+05,501187,1,316.67,-967.22,471.65,1494.2,-183.59,1106.1,-864.52,-1937.8,-117.62,3043.7,250791,500,1311,1460,-1.2449,0.44881,1.7561
855.7,2529.6,-182.77,-6.2981,362.08,-2652.1,6.0587e+05,499715,1,-4266.3,1049,-2416.7,-1165.7,2218,-1124.2,-2300.8,-1374.9,-836.45,6369.3,307385,500,1316,1465,-0.97247,0.46201,1.9173
918.29,2546.4,-149.84,-6.2418,292.06,-2695.2,6.0608e+05,499713,1,-3815.6,903.71,-2179.9,-867.24,2052.1,-940.3,-2269.6,-1416.2,-826.11,5814.9,302001,500,1316,1465,-0.98421,0.46201,1.9113
969.23,2560,-119.86,-4.9504,231.48,-2730.2,6.0567e+05,499711,1,-3142.3,732.22,-1820.9,-588.6,1708.4,-723.19,-2080,-1416.9,-742.1,4939.5,294034,500,1316,1465,-0.99592,0.46201,1.9052
1015.8,2570.9,-91.704,-4.4943,174.22,-2760.3,6.0554e+05,499709,1,-3165.3,448.51,-1788.5,-524.42,1660.7,-679.3,-2098.4,-1562,-735.76,4929.3,293899,500,1316,1465,-1.0076,0.46201,1.8991
1064.2,2579.9,-62.35,-4.8854,114.25,-2789.1,6.0568e+05,499707,1,-3153.1,623.13,-1850.8,-495.32,1603.7,-659.61,-2134.4,-1479.4,-786.88,4936.7,293982,500,1314,1463,-1.0192,0.46201,1.8928
1113,2591,-32.064,-4.8627,54.295,-2819.6,6.0564e+05,499705,1,-2992.6,272.35,-1701,-307.57,1550.9,-545.99,-2159.9,-1627.1,-781.96,4758.7,292387,500,1314,1463,-1.0308,0.46201,1.8866
1155.8,2594.4,-1.9764,-4.4791,-3.5747,-2840.2,6.0562e+05,499703,1,-2486.1,-9.8417,-1374.6,65.593,1458.9,-319.05,-2070.6,-1770.1,-715.02,4270.4,287421,500,1314,1463,-1.0424,0.46201,1.8802
1185,2590.6,24.074,-3.1181,-51.079,-2848.5,6.0541e+05,499701,1,-1867.7,-272.82,-984.63,501.6,1045.3,24.452,-1861.5,-1813.7,-600.12,3604.4,277885,500,1314,1463,-1.0539,0.46201,1.8738
1213.7,2584.4,49.381,-3.079,-98.458,-2853.9,6.0538e+05,499699,1,-1725.4,-380.55,-889.51,614.07,997.83,104.38,-1806.4,-1886.4,-563.92,3526.5,276084,500,1313,1462,-1.0654,0.46201,1.8673
1236.2,2575.2,72.84,-2.6442,-140.89,-2854,6.0552e+05,499697,1,-1396.1,-402.77,-707.57,628.46,812.83,162.08,-1663.8,-1859.7,-501.05,3189.3,261905,500,1313,1462,-1.0768,0.46201,1.8607
1254.5,2567.6,93.955,-2.1476,-178.12,-2853.7,6.0524e+05,499695,1,-1104,-519.38,-519.81,669.47,608.45,242.79,-1522.4,-1866.4,-430.39,2936.5,246880,500,1313,1462,-1.0882,0.46201,1.854
1269.7,2557.6,113.78,-1.9178,-212.75,-2849.8,6.054e+05,499693,1,-869.84,-610.89,-364.34,796.89,503.84,349.09,-1433.8,-1892.3,-380.09,2838,241603,500,1313,1462,-1.0996,0.46201,1.8473
1279.2,2544.8,131.59,-1.39,-242.62,-2840.9,6.0519e+05,499691,1,-609.99,-725.08,-185.07,938.36,384.8,469.25,-1333.1,-1928.8,-318.86,2789.3,239711,500,1312,1461,-1.1109,0.46201,1.8406
1284.4,2528.9,147.64,-0.98525,-269.01,-2827.4,6.0495e+05,499689,1,-325.04,-874.57,21.451,1111.2,208.04,627.59,-1206.7,-1975.5,-241.11,2821.3,241049,500,1311,1460,-1.1221,0.46201,1.8337
1286.2,2510.2,162.24,-0.72592,-292.56,-2810,6.0514e+05,499687,1,-89.79,-943.38,183.91,1254.1,32.335,770.87,-1097.8,-1977.6,-180.23,2872,244320,500,1311,1460,-1.1334,0.46201,1.8268
1284.5,2490.4,175.14,-0.40736,-312.61,-2790.2,6.0479e+05,499685,1,86.225,-982.53,304.32,1325.7,-77.283,855.62,-1005.5,-1972.9,-132.52,2912.3,245994,500,1311,1460,-1.1446,0.46201,1.8198
1280.6,2468.9,186.93,-0.22789,-330.58,-2767.9,6.0481e+05,499683,1,185.38,-990.46,370.92,1391.3,-127.24,919.66,-955.39,-1966.1,-107.87,2956.5,247552,500,1311,1460,-1.1557,0.46201,1.8127
1275.1,2446.4,197.92,-0.087562,-346.92,-2744,6.0407e+05,499681,1,248.9,-994.64,414.98,1430.3,-160.88,963.48,-920.36,-1959.2,-92.356,2986.2,248459,500,1311,1460,-1.1668,0.46201,1.8056
1268.8,2423.1,208.47,-0.02203,-362.34,-2719.1,6.026e+05,499679,1,291.1,-1002.1,448.13,1467.6,-202.53,1013.3,-895.32,-1952,-84.901,3021.7,249897,500,1311,1460,-1.1779,0.46201,1.7984
1262.1,2399.3,218.84,-0.001759,-377.27,-2693.5,5.9909e+05,499677,1,300.41,-996.9,457.11,1477.4,-210.27,1037.1,-886.84,-1947.2,-87.383,3030,250249,500,1311,1460,-1.1889,0.46201,1.7912
1255.5,2375.5,229.2,0.0033088,-391.99,-2668,5.9642e+05,499675,1,299.88,-988.14,457.58,1478.4,-201.81,1046.7,-885.5,-1944.2,-92.085,3028.2,250187,500,1311,1460,-1.1999,0.46201,1.7838
1248.8,2351.5,239.58,0.010379,-406.5,-2642.2,5.9455e+05,499673,1,300.11,-975.92,458.32,1481.8,-193.25,1060.2,-884.43,-1938.7,-98.627,3026.6,250112,500,1311,1460,-1.2108,0.46201,1.7764
1242.1,2327.5,249.95,0.018477,-420.78,-2616.4,5.9285e+05,499671,1,301.4,-965.49,460.27,1484.6,-187.13,1074.1,-882.32,-1933.7,-104.34,3025.9,250087,500,1311,1460,-1.2217,0.46201,1.769
1235.4,2303.2,260.3,0.024659,-434.82,-2590.3,5.9137e+05,499669,1,306.28,-960.76,465.47,1490.5,-184.36,1090.2,-878.07,-1931.5,-108.44,3031.7,250303,500,1311,1460,-1.2325,0.46201,1.7614
1228.5,2278.7,270.61,0.02633,-448.6,-2564,5.9018e+05,499667,1,308.57,-954.46,470.53,1495.8,-184.16,1107.6,-876.53,-1927.3,-111.55,3036.6,250532,500,1016,1441,-1.2433,0.46201,1.7538
872.38,2558.1,-199.66,-6.3198,394.87,-2681.2,6.0339e+05,498195,1,-3941,1201,-2294.1,-1181,1795.5,-1041,-2168.7,-1165.3,-810.85,5887.1,302732,500,1316,1465,-0.97117,0.4752,1.9147
932.11,2571.5,-167.81,-6.5903,326.46,-2720.9,6.0367e+05,498193,1,-3567.2,880.35,-2057,-672.38,1640.8,-755.22,-2186.6,-1313.8,-799.15,5347.2,297608,500,1316,1465,-0.9829,0.4752,1.9087
981.32,2582.2,-138.12,-5.3342,266.32,-2753,6.0328e+05,498191,1,-3056.9,981.65,-1846.2,-454.18,1536.3,-622.16,-2066,-1275.6,-761.89,4907,293698,500,1316,1465,-0.99459,0.4752,1.9027
1024.1,2590.3,-111.05,-4.6659,211.48,-2779.5,6.0308e+05,498189,1,-3139.3,1006.7,-1921.1,-565.99,1512.7,-679.29,-2063.7,-1255.9,-782.76,4907,293697,500,1316,1465,-1.0062,0.4752,1.8965
1078.6,2603.4,-80.595,-5.9398,147.77,-2815.3,6.0328e+05,498187,1,-3055.7,1050.6,-1907.7,-469.21,1598.2,-653.08,-2099,-1243.8,-817.56,4889,293571,500,1314,1463,-1.0179,0.4752,1.8903
1118.9,2609.3,-52.144,-4.5963,93.488,-2838,6.0314e+05,498185,1,-2626,775.56,-1627,-180.02,1338.6,-434.81,-2029.5,-1302.5,-778.14,4310.3,287848,500,1314,1463,-1.0294,0.4752,1.884
1157.4,2612.2,-24.536,-4.3681,39.98,-2856.9,6.0338e+05,498183,1,-2094.1,120.6,-1190.4,320.01,1007.4,-75.582,-1900.8,-1555.2,-660.21,3661.6,279047,500,1314,1463,-1.041,0.4752,1.8777
1182.6,2602.2,0.55041,-3.2444,-6.3054,-2858.3,6.0321e+05,498181,1,-1697.3,-6.6434,-953.63,614.05,818.76,136.96,-1792.1,-1647,-589.73,3335.9,268909,500,1314,1463,-1.0525,0.4752,1.8713
1208.7,2596.3,24.235,-3.1992,-50.852,-2863.5,6.0311e+05,498179,1,-1636.6,-198.26,-883.37,651.65,752.65,180.84,-1760.4,-1712.5,-568.26,3298,267193,500,1314,1463,-1.0639,0.4752,1.8648
1232.2,2585.1,48.219,-3.175,-95.204,-2862.6,6.035e+05,498177,1,-1268.3,-226.68,-676.08,780.74,618.03,294.13,-1648.9,-1713.5,-515.77,3019.3,249779,500,1313,1462,-1.0754,0.4752,1.8582
1249,2575.5,69.333,-2.3277,-132.17,-2860.2,6.0305e+05,498175,1,-1053.4,-347.7,-527.9,733.76,536.55,293.62,-1524.1,-1743.5,-447.17,2825.6,241219,500,1313,1462,-1.0868,0.4752,1.8516
1261.7,2563.2,88.426,-1.9683,-165.54,-2853.5,6.0334e+05,498173,1,-709.33,-551.93,-279.39,927.7,324.61,469.23,-1378.1,-1799,-356.79,2767.6,239019,500,1311,1460,-1.0981,0.4752,1.8449
1269.1,2548.1,105.52,-1.4209,-194.42,-2842,6.0322e+05,498171,1,-414.53,-766.67,-52.446,1084.7,151.79,616.85,-1258.6,-1882.8,-275.09,2767.6,239023,500,1311,1460,-1.1094,0.4752,1.8381
1271.7,2530.1,120.57,-0.92568,-219.2,-2825.8,6.0319e+05,498169,1,-214.49,-865.46,93.163,1232.9,43.22,743.44,-1168.3,-1918.6,-217.22,2823.4,241135,500,1311,1460,-1.1206,0.4752,1.8313
1273,2510.3,134.87,-0.84837,-242.85,-2807.4,6.037e+05,498167,1,-52.237,-939.98,214.04,1331.2,-46.495,838.4,-1094.3,-1947.1,-169.21,2902.8,245581,500,1311,1460,-1.1319,0.4752,1.8243
1270.6,2489.2,147.75,-0.4471,-263.1,-2786.3,6.0328e+05,498165,1,66.981,-990.37,300.42,1359.1,-85.194,876.21,-1034.5,-1973.1,-135.44,2946,247250,500,1311,1460,-1.143,0.4752,1.8174
1266.7,2467,159.65,-0.28126,-281.67,-2763.4,6.0334e+05,498163,1,175.66,-1005.9,375.5,1421.3,-145.47,943.49,-972.96,-1968.1,-104.24,2991,248575,500,1311,1460,-1.1542,0.4752,1.8103
1261.2,2443.9,170.85,-0.11847,-298.71,-2739.2,6.0235e+05,498161,1,254.92,-1008.5,430.65,1468.8,-187.43,998.62,-931.45,-1958.8,-85.639,3021.7,249895,500,1311,1460,-1.1653,0.4752,1.8032
1254.9,2420.2,181.52,-0.022221,-314.65,-2714,5.9948e+05,498159,1,279.17,-993.48,446.96,1483.9,-199.23,1024.8,-913.63,-1946.2,-80.941,3021.7,249896,500,1311,1460,-1.1763,0.4752,1.796
1248.4,2396.4,192,-0.0051196,-330.14,-2688.7,5.9633e+05,498157,1,288.91,-977.25,451.28,1475.1,-201.65,1032.6,-899.15,-1935.5,-82.676,3014.4,249409,500,1311,1460,-1.1873,0.4752,1.7888
1242,2372.8,202.46,-0.00034811,-345.37,-2663.5,5.9486e+05,498155,1,289.98,-965.25,452.2,1473.7,-197.22,1044.7,-895.35,-1929.2,-89.151,3008.9,249158,500,1311,1460,-1.1982,0.4752,1.7814
1235.5,2348.9,212.93,0.007141,-360.39,-2638.1,5.9331e+05,498153,1,290.28,-955.34,453.74,1478,-192.2,1058.9,-895.12,-1924.2,-94.678,3009.7,249179,500,1311,1460,-1.2092,0.4752,1.7741
1228.9,2324.9,223.36,0.014228,-375.1,-2612.4,5.9171e+05,498151,1,297.16,-952.57,461.46,1485,-192.02,1077.2,-890.49,-1922.7,-97.799,3018.3,249732,500,1016,1441,-1.22,0.4752,1.7666
1222.2,2300.6,233.72,0.020342,-389.5,-2586.4,5.9019e+05,498149,1,302.53,-951.52,469.39,1491.5,-192.24,1097.9,-886.15,-1922,-101.82,3028.8,250211,500,1016,1441,-1.2308,0.4752,1.7591
1215.4,2276.2,244.04,0.025301,-403.61,-2560.2,5.8879e+05,498147,1,307.5,-951.83,475.88,1497.4,-191.23,1114.6,-881.48,-1922.5,-105.36,3038.5,250608,500,1016,1441,-1.2416,0.4752,1.7515
1208.4,2251.5,254.29,0.025634,-417.42,-2533.7,5.8763e+05,498145,1,311.61,-952.91,484.72,1500.6,-194.75,1131,-878.82,-1922,-104.83,3047.3,250947,500,1016,1441,-1.2523,0.4752,1.7439
837.18,2558.1,-241.64,-7.4127,480.89,-2659.2,6.0165e+05,496677,1,-3796.7,1579.3,-2294.3,-1536.2,1580.3,-1166.8,-1926.5,-930.95,-725.03,5787.5,301714,500,1316,1465,-0.95808,0.48836,1.918
882.84,2577.6,-216.29,-4.9866,429.21,-2699.3,6.0089e+05,496675,1,-3487.6,961.86,-2019.4,-1055.1,1376.8,-887.62,-1973.1,-1169.1,-703.4,5169,296109,500,1316,1465,-0.96983,0.48836,1.9121
943.61,2594.6,-186.81,-6.9073,362.69,-2743.3,6.0164e+05,496673,1,-3653.4,747.16,-2071,-690.8,1543.6,-749.62,-2164.1,-1350,-768.73,5347.2,297607,500,1316,1465,-0.98154,0.48836,1.9061
993.25,2602.8,-156.4,-5.7246,300.91,-2774,6.007e+05,496671,1,-3345.4,926.01,-1982.5,-446.33,1552.4,-631.38,-2187.5,-1309.4,-804.35,5112.2,295598,500,1316,1465,-0.99322,0.48836,1.9
1043.9,2610.8,-126.13,-5.8405,238.34,-2804.5,6.0101e+05,496669,1,-3076.2,1304,-1966.6,-449.66,1448.8,-612.86,-2105.8,-1122.9,-825.89,4907.7,293705,500,1316,1465,-1.0049,0.48836,1.8939
1093.2,2624.1,-96.727,-5.6117,179.21,-2838.7,6.009e+05,496667,1,-2796,855.17,-1725.1,-293.08,1194.3,-463.99,-2026.4,-1204.2,-780.78,4406.6,288845,500,1316,1465,-1.0165,0.48836,1.8877
1130.6,2624.4,-68.85,-4.6427,125.35,-2855.6,6.0122e+05,496665,1,-1946.3,374.11,-1161.5,168.4,848.26,-127.37,-1803.2,-1385.5,-627.12,3406.7,271900,500,1314,1463,-1.028,0.48836,1.8814
1153.7,2622.1,-46.782,-2.9882,84.686,-2863.8,6.0067e+05,496663,1,-1903.2,-4.2031,-1057.5,441.92,673.03,70.333,-1768.1,-1527.4,-583.24,3345.6,269290,500,1314,1463,-1.0396,0.48836,1.8751
1184.8,2613.3,-21.445,-4.163,33.975,-2869.2,6.0144e+05,496661,1,-1701.5,86.743,-979.32,627.95,765.17,153.79,-1772.9,-1564.5,-590.14,3286.9,266617,500,1314,1463,-1.051,0.48836,1.8687
1205.6,2605.4,1.2671,-2.8133,-6.8633,-2870.8,6.006e+05,496659,1,-1440.5,-62.708,-806.49,759.75,576.76,281.96,-1697.8,-1574.8,-554.1,3064,251589,500,1314,1463,-1.0625,0.48836,1.8622
1230.6,2593.7,25.27,-3.6075,-52.775,-2870.5,6.0159e+05,496657,1,-1351.2,-154.3,-738.99,851.23,574.06,341.74,-1681.3,-1645.1,-539.69,3064.4,251608,500,1314,1463,-1.0739,0.48836,1.8556
1244.5,2581.2,46.047,-2.2517,-88.58,-2864.5,6.0085e+05,496655,1,-859.76,-314.3,-420.91,906.47,383.95,430.64,-1484.5,-1679.4,-427.63,2767.6,239020,500,1314,1463,-1.0853,0.48836,1.849
1254.2,2566.5,64.053,-1.8136,-120.11,-2854.7,6.0131e+05,496653,1,-480.19,-556.58,-136.88,1094.7,162.3,608.87,-1293.9,-1751.4,-303.44,2767.6,239016,500,1311,1460,-1.0966,0.48836,1.8423
1259,2549.5,80.079,-1.2641,-147.35,-2840.7,6.0117e+05,496651,1,-291.98,-739.16,20.636,1183,48.703,702.42,-1209.5,-1834.4,-243.24,2767.6,239021,500,1311,1460,-1.1079,0.48836,1.8356
1260.1,2529.9,94.506,-0.864,-171.49,-2822.8,6.0125e+05,496649,1,-117.14,-862.14,158.65,1306.4,-62.387,818.18,-1125.7,-1888.6,-185.76,2833.8,241481,500,1311,1460,-1.1191,0.48836,1.8287
1259.8,2509.2,108.07,-0.75594,-194.12,-2803.1,6.0186e+05,496647,1,17.143,-933.41,261.98,1375.5,-117.31,886.41,-1065.8,-1917.3,-146.45,2909.5,245887,500,1311,1460,-1.1303,0.48836,1.8218
1256.9,2487.4,120.67,-0.44153,-214.36,-2781.2,6.0155e+05,496645,1,101.74,-974.23,325.04,1403.6,-142.3,921.11,-1024.4,-1942.2,-124.05,2956.5,247553,500,1311,1460,-1.1415,0.48836,1.8149
1252.7,2464.7,132.53,-0.29119,-233.22,-2758.1,6.0147e+05,496643,1,196.81,-988.5,393.34,1459.2,-181.86,980.58,-973.46,-1943.2,-95.07,3004.5,249012,500,1311,1460,-1.1526,0.48836,1.8078
1247.2,2441.2,143.76,-0.12058,-250.66,-2733.7,6.0017e+05,496641,1,251.22,-988.36,430.94,1484.2,-195.79,1014.5,-941.08,-1942.3,-82.384,3021.7,249894,500,1311,1460,-1.1636,0.48836,1.8007
1241.2,2417.5,154.64,-0.043237,-267.36,-2708.7,5.9684e+05,496639,1,263.36,-974.28,437.75,1485,-196.17,1026,-928.05,-1934.8,-81.007,3019.6,249787,500,1311,1460,-1.1747,0.48836,1.7935
1235.1,2393.8,165.35,-0.020742,-283.58,-2683.8,5.9469e+05,496637,1,272.8,-960,443.8,1478.6,-195.28,1034,-916.81,-1925.5,-80.639,3006.8,249085,500,1311,1460,-1.1857,0.48836,1.7863
1228.8,2370.1,175.91,-0.010574,-299.31,-2658.7,5.9355e+05,496635,1,281.3,-952.11,449.48,1472.8,-197.33,1043.4,-906.25,-1919.6,-83.518,3006.4,249065,500,1311,1460,-1.1966,0.48836,1.779
1222.4,2346.2,186.4,-0.0021603,-314.68,-2633.4,5.9215e+05,496633,1,287.71,-950.65,458.18,1479,-201.31,1063.6,-902.35,-1917.5,-86.44,3009,249162,500,1016,1441,-1.2075,0.48836,1.7716
1215.8,2322.2,196.82,0.006617,-329.72,-2607.8,5.9052e+05,496631,1,294.25,-951.77,467.84,1485.9,-203.31,1084,-898.37,-1917.8,-88.606,3021.3,249869,500,1016,1441,-1.2183,0.48836,1.7642
1209.1,2297.9,207.18,0.013932,-344.43,-2581.9,5.8899e+05,496629,1,299.09,-951.55,472.7,1489.7,-200.83,1096.6,-893.4,-1918.8,-92.582,3028,250170,500,1016,1441,-1.2291,0.48836,1.7567
1202.2,2273.4,217.48,0.021907,-358.82,-2555.9,5.8752e+05,496627,1,304.68,-953.33,482.19,1497,-201.01,1117.3,-889.81,-1919.8,-94.743,3041.4,250710,500,1016,1441,-1.2399,0.48836,1.7491
1195.2,2248.8,227.72,0.026576,-372.93,-2529.5,5.8637e+05,496625,1,309.65,-954.4,490.04,1502,-200.18,1134.8,-885.15,-1920.6,-97.057,3051.6,251112,500,1016,1441,-1.2506,0.48836,1.7414
800.13,2549.5,-278.38,-5.5845,562.16,-2627.1,5.9946e+05,495159,1,-3464.8,1991.9,-2224.4,-2050.3,1249.2,-1333.1,-1493.6,-638.51,-568.62,5605.7,299952,500,1316,1465,-0.94495,0.50151,1.9211
854.88,2577.1,-254.97,-6.277,507.89,-2679.4,5.9976e+05,495157,1,-3207.9,1212.2,-1920.1,-1351,1204,-988.71,-1738.1,-976.76,-614.6,5117.3,295650,500,1316,1465,-0.95672,0.50151,1.9153
899.77,2594,-230.96,-5.2179,456.52,-2717.2,5.9904e+05,495155,1,-3285.4,1556.7,-2075.1,-1176.3,1246.4,-924.31,-1805.8,-936.38,-668.47,5117.3,295649,500,1316,1465,-0.96846,0.50151,1.9094
952.78,2614.2,-205.17,-6.0628,399.28,-2761.3,5.9946e+05,495153,1,-3451.8,1167.4,-2083.8,-857.3,1306.1,-782.88,-2031.3,-1096,-757.95,5155.1,296007,500,1316,1465,-0.98015,0.50151,1.9034
1009.5,2625.3,-173.77,-6.4956,332.72,-2798.4,5.9879e+05,495151,1,-3688.4,1177.2,-2241.5,-472.83,1425.2,-623.64,-2277.4,-1167.8,-882.78,5155.1,296006,500,1316,1465,-0.99181,0.50151,1.8974
1069,2632,-139.32,-7.3652,260.67,-2832.3,5.99e+05,495149,1,-2952.1,1374.1,-1925.5,-262.63,1419.4,-515.2,-2157.3,-1119.7,-845.94,4825.2,292987,500,1316,1465,-1.0034,0.50151,1.8912
1101.7,2637.8,-113.29,-4.0601,213.27,-2852.9,5.9842e+05,495147,1,-2266.1,882.7,-1451.2,-108.88,1105,-351.09,-1896.2,-1191.4,-701.18,3857.9,282350,500,1316,1465,-1.015,0.50151,1.885
1135.6,2635.7,-88.335,-4.5302,162.56,-2866.7,5.9956e+05,495145,1,-1811,510.36,-1123.3,365.23,781.03,-8.5852,-1733.3,-1306.4,-596.31,3257.6,265172,500,1314,1463,-1.0266,0.50151,1.8788
1154.9,2629.9,-67.223,-2.6381,123.93,-2870.4,5.9838e+05,495143,1,-1707.1,333.26,-1036.6,395.13,584.15,63.155,-1688.9,-1373,-569.25,3108.5,253656,500,1314,1463,-1.0381,0.50151,1.8724
1189.6,2624.4,-41.772,-4.7014,71.423,-2880.9,5.9984e+05,495141,1,-1603.5,104.68,-927.94,671.47,563.41,227.34,-1716.9,-1485.4,-566.18,3120.5,254096,500,1314,1463,-1.0495,0.50151,1.866
1204.8,2611.3,-19.758,-2.4599,33.123,-2875.8,5.9827e+05,495139,1,-1267.1,-66.049,-706.93,842,408.19,370.48,-1638.7,-1553.1,-516.05,2913.1,246023,500,1314,1463,-1.061,0.50151,1.8596
1228.4,2600.4,2.8061,-3.6076,-10.859,-2875.9,5.9974e+05,495137,1,-1216.3,-240.59,-637.21,894.01,390.05,412.88,-1617.5,-1621.6,-498.81,2925.7,246524,500,1314,1463,-1.0724,0.50151,1.853
1239.4,2584.8,22.905,-2.097,-45.419,-2866.4,5.988e+05,495135,1,-612.69,-462.89,-233.38,1111.1,189.04,601.48,-1398.9,-1704.4,-357.49,2767.6,239017,500,1314,1463,-1.0837,0.50151,1.8464
1246.4,2568.2,39.908,-1.5858,-75.282,-2853.9,5.9937e+05,495133,1,-370.66,-615.15,-52.079,1166.7,66.075,676.93,-1254.4,-1759.6,-266.6,2767.6,239015,500,1314,1463,-1.095,0.50151,1.8397
1248.5,2549.4,54.807,-1.0139,-100.75,-2837.4,5.9896e+05,495131,1,-201.2,-701.58,70.996,1250.6,3.9195,752.36,-1173.9,-1798.7,-214.92,2767.6,239018,500,1016,1441,-1.1063,0.50151,1.833
1248.8,2528.9,68.69,-0.81417,-124.52,-2818.5,5.9934e+05,495129,1,-52.07,-807.65,190.66,1353.9,-87.406,852.03,-1103.1,-1845.6,-166.56,2812.3,240607,500,1311,1460,-1.1175,0.50151,1.8261
1247.3,2507.5,81.814,-0.6515,-146.62,-2797.9,5.9981e+05,495127,1,25.1,-888.21,260,1387.4,-134.6,896.86,-1064.7,-1882.5,-142.22,2881.3,244677,500,1311,1460,-1.1287,0.50151,1.8192
1243.7,2485,94.1,-0.39436,-166.73,-2775.5,5.9952e+05,495125,1,142.48,-936.38,348.86,1438.8,-176.94,954.03,-1009.3,-1905.7,-107.39,2948.3,247312,500,1311,1460,-1.1398,0.50151,1.8123
1239.1,2462,105.75,-0.24999,-185.57,-2752.1,5.9925e+05,495123,1,199.37,-969.55,396.53,1467.4,-199.49,991.08,-976.52,-1922.1,-88.585,2994.7,248690,500,1311,1460,-1.1509,0.50151,1.8053
1233.7,2438.5,116.99,-0.12821,-203.44,-2727.7,5.976e+05,495121,1,232.77,-967.03,419.62,1483.8,-201.32,1012.9,-957.01,-1923.8,-80.848,3009.5,249172,500,1311,1460,-1.162,0.50151,1.7982
1227.9,2414.7,127.97,-0.072105,-220.68,-2703,5.955e+05,495119,1,253.05,-957.11,432.99,1485.3,-200.8,1027.9,-939.1,-1920.8,-77.823,3008,249120,500,1311,1460,-1.173,0.50151,1.791
1222,2391.1,138.77,-0.042632,-237.38,-2678.3,5.937e+05,495117,1,265.37,-952.33,445.17,1481,-205.64,1041.1,-928.57,-1915.9,-75.176,3006.4,249063,500,1016,1441,-1.184,0.50151,1.7838
1215.7,2367.3,149.39,-0.020218,-253.53,-2653.3,5.9211e+05,495115,1,277.83,-952.38,454.54,1477.5,-206.2,1051.8,-914.86,-1916.1,-76.896,3006.4,249064,500,1016,1441,-1.1949,0.50151,1.7765
1209.2,2343.3,159.87,-0.0084912,-269.2,-2628,5.9071e+05,495113,1,285.09,-955.47,466.45,1481.5,-213.79,1070.7,-910.98,-1915.6,-75.343,3017.3,249667,500,1016,1441,-1.2058,0.50151,1.7691
1202.6,2319.3,170.28,-0.0008196,-284.53,-2602.6,5.8935e+05,495111,1,290.96,-955.03,472.85,1484.7,-212.09,1085.8,-905.11,-1916.3,-79.54,3024.3,250022,500,1016,1441,-1.2166,0.50151,1.7617
1195.9,2295,180.62,0.0076045,-299.54,-2576.8,5.8789e+05,495109,1,297.09,-954.92,479.65,1489.7,-209.67,1102,-899.5,-1917.3,-83.74,3033.1,250359,500,1016,1441,-1.2274,0.50151,1.7542
1189,2270.6,190.9,0.016964,-314.22,-2550.9,5.8651e+05,495107,1,301.48,-956.16,488.65,1495.3,-210.74,1119.3,-897.91,-1917.6,-83.777,3044.3,250814,500,1016,1441,-1.2381,0.50151,1.7466
1182,2245.9,201.14,0.02546,-328.61,-2524.6,5.8537e+05,495105,1,307.3,-956.94,496.68,1502.4,-209.01,1139.2,-892.61,-1918.6,-87.695,3056.3,251311,500,1016,1441,-1.2488,0.50151,1.739
782.79,2528.3,-302.72,-4.8656,616.55,-2591.6,5.9735e+05,493643,1,-2881.3,2182.5,-1978.1,-2286.3,1215,-1432.4,-1205.9,-618.19,-418.28,5267.3,296917,500,1316,1465,-0.93179,0.51463,1.9241
827.22,2566.4,-286.77,-4.5113,578.65,-2649.1,5.9767e+05,493641,1,-2822,1737.6,-1853.3,-2051.9,1060.6,-1291.6,-1252.9,-663.23,-438.47,5051.8,294977,500,1316,1465,-0.94358,0.51463,1.9183
870.68,2591.6,-268.15,-4.9641,534.63,-2694.5,5.9754e+05,493639,1,-3289.3,1620.1,-2080.2,-1528.7,1150.4,-1072.5,-1610.8,-819.66,-584.84,5117.7,295660,500,1316,1465,-0.95533,0.51463,1.9125
928.9,2613.6,-242.13,-6.7816,474.22,-2743.6,5.9754e+05,493637,1,-3208.1,1733.3,-2094.4,-1136.6,1361.3,-943.6,-1799.7,-878.25,-677.39,5117.3,295648,500,1316,1465,-0.96704,0.51463,1.9066
969.12,2628.7,-218.34,-4.8568,425.84,-2777.7,5.9697e+05,493635,1,-3079,1560.9,-2013.3,-838.46,1202.6,-758.78,-1894.6,-885.84,-737.14,4859.3,293278,500,1316,1465,-0.97873,0.51463,1.9006
1023.1,2645,-190.95,-6.2892,365.53,-2818.8,5.9715e+05,493633,1,-3678.7,1191.3,-2248,-585.82,1258.7,-646.06,-2183.1,-1052.4,-856.86,5155.1,296005,500,1316,1465,-0.99037,0.51463,1.8946
1082,2650.2,-157.17,-7.7586,293.81,-2851.7,5.9731e+05,493631,1,-2933.1,855.52,-1783.8,-119.66,1120.5,-367.26,-2148.3,-1210.9,-808.79,4545,290225,500,1316,1465,-1.002,0.51463,1.8885
1110.9,2650.3,-130.72,-3.6748,246.79,-2866.1,5.9649e+05,493629,1,-1956.9,429.29,-1172.4,273.66,789.92,-68.273,-1817.2,-1355.6,-607.6,3406,271881,500,1316,1465,-1.0135,0.51463,1.8823
1142.6,2645.7,-106.53,-4.3213,197.16,-2877.1,5.9754e+05,493627,1,-1703.9,283.49,-1006.5,534.59,680.06,106.32,-1707.3,-1418.8,-542.99,3158.9,260544,500,1316,1465,-1.0251,0.51463,1.876
1162.8,2636.7,-84.587,-2.9826,155.9,-2878.7,5.967e+05,493625,1,-1556.6,365.15,-963.16,543.33,564.8,145.32,-1652.3,-1374.3,-537.56,3004.6,249014,500,1314,1463,-1.0366,0.51463,1.8697
1186,2631.3,-63.678,-3.4013,114.5,-2884.7,5.9751e+05,493623,1,-1356.5,-19.451,-758.23,732.82,416.46,297.85,-1597,-1493.7,-484.34,2868.9,244196,500,1314,1463,-1.048,0.51463,1.8633
1205.7,2617.2,-41.129,-3.122,71.862,-2881,5.9692e+05,493621,1,-1192.8,7.3448,-681.8,913.32,396.43,410.82,-1629.8,-1535.3,-504.24,2883.7,244760,500,1314,1463,-1.0594,0.51463,1.8569
1223.5,2605.2,-20.045,-2.9698,32.474,-2878.1,5.9755e+05,493619,1,-930.16,-318.77,-448.47,1021.3,247.15,523.32,-1520.4,-1640.5,-423.36,2779.9,239401,500,1314,1463,-1.0708,0.51463,1.8503
1233,2587,-0.82234,-2.0176,-1.5954,-2865.9,5.9706e+05,493617,1,-509.36,-493.76,-160.3,1226.9,123.22,685.94,-1371.7,-1725.2,-323.09,2767.6,239022,500,1314,1463,-1.0821,0.51463,1.8437
1237.2,2568.3,15.283,-1.3429,-29.849,-2850.6,5.9733e+05,493615,1,-251.22,-637.12,29.496,1257.5,0.78695,748.52,-1219.1,-1765.7,-230.71,2767.6,239014,500,1016,1441,-1.0934,0.51463,1.837
1238.4,2548.7,29.698,-0.91822,-54.964,-2833.3,5.9721e+05,493613,1,-94.575,-794.79,166.78,1337.3,-109.7,840.21,-1126.1,-1827.6,-166.93,2794.8,239961,500,1016,1441,-1.1047,0.51463,1.8303
1237.6,2527.2,43.195,-0.72749,-78.372,-2813.2,5.9734e+05,493611,1,13.848,-834.45,244.35,1401.5,-139.68,897.23,-1080.5,-1850.7,-138.73,2856,243555,500,1016,1441,-1.1159,0.51463,1.8235
1234.7,2505.1,55.776,-0.50318,-99.727,-2791.6,5.9758e+05,493609,1,84.688,-876.35,300.34,1423.9,-168.66,930.36,-1043.7,-1868.9,-118.57,2895.4,245249,500,1016,1441,-1.1271,0.51463,1.8166
1231,2482.4,67.82,-0.36496,-119.92,-2769.1,5.9746e+05,493607,1,178.78,-918.9,375.08,1462.8,-201.82,977.79,-996.08,-1887.9,-87.127,2952.6,247433,500,1311,1460,-1.1382,0.51463,1.8096
1225.9,2459.1,79.254,-0.19155,-138.67,-2745.4,5.966e+05,493605,1,210.38,-945.2,402.82,1472.8,-210.52,998.92,-974.48,-1904.4,-79.996,2982.3,248370,500,1311,1460,-1.1493,0.51463,1.8026
1220.5,2435.6,90.423,-0.13594,-156.84,-2721.3,5.9536e+05,493603,1,233.79,-948.36,423.66,1484.9,-215.52,1022.4,-958.14,-1907.7,-71.763,2998.8,248838,500,1016,1441,-1.1603,0.51463,1.7955
1214.8,2411.9,101.45,-0.097295,-174.5,-2696.8,5.9417e+05,493601,1,252.66,-951.65,439.94,1485.3,-215.21,1036.9,-944.25,-1910.8,-69.567,3006.4,249062,500,1016,1441,-1.1713,0.51463,1.7884
1208.7,2388.1,112.23,-0.050699,-191.46,-2672.1,5.9232e+05,493599,1,265.26,-956.79,452.55,1482.8,-219,1047.5,-933.63,-1912.8,-67.006,3011.6,249228,500,1016,1441,-1.1823,0.51463,1.7812
1202.4,2364.3,122.83,-0.028728,-207.89,-2647.2,5.9085e+05,493597,1,275.04,-958.58,463.13,1481.3,-220.78,1060.5,-923.91,-1914.1,-66.118,3016.4,249628,500,1016,1441,-1.1932,0.51463,1.7739
1195.9,2340.3,133.31,-0.015943,-223.89,-2622,5.8945e+05,493595,1,282.29,-958.74,471.73,1481.9,-221.56,1074.6,-917.2,-1914.4,-67.423,3021.9,249907,500,1016,1441,-1.204,0.51463,1.7665
1189.3,2316.3,143.71,-0.0075536,-239.52,-2596.7,5.8814e+05,493593,1,287.12,-959.02,479.14,1484,-221.63,1088.9,-913.28,-1914.7,-69.066,3028.8,250209,500,1016,1441,-1.2148,0.51463,1.7591
1182.6,2292,154.05,0.0017578,-254.83,-2571.1,5.8673e+05,493591,1,293.87,-958.36,485.95,1488.8,-218.48,1105.7,-906.77,-1915.6,-74.167,3037.3,250568,500,1016,1441,-1.2256,0.51463,1.7516
1175.7,2267.6,164.32,0.01218,-269.8,-2545.3,5.854e+05,493589,1,299.38,-959.44,496.19,1495.5,-219.01,1125.9,-904.28,-1915.9,-75.003,3050.1,251055,500,1016,1441,-1.2363,0.51463,1.7441
1168.7,2243,174.54,0.021951,-284.47,-2519.2,5.8461e+05,493587,1,304.79,-959.33,503.22,1502.4,-216.49,1143.1,-900.03,-1916.8,-78.262,3060.6,251472,500,1016,1441,-1.247,0.51463,1.7365
817.41,2546.9,-311.19,-6.4771,628.09,-2618.7,5.9608e+05,492127,1,-3005.9,2111.6,-2030.4,-2201.6,1308.7,-1424.3,-1299.1,-725.87,-427.25,5348.1,297613,500,1253,1459,-0.93039,0.52774,1.9212
848.36,2578.9,-296.78,-3.0699,598.87,-2664.6,5.9524e+05,492125,1,-2619,1923,-1820.3,-1956.8,1079.7,-1259.6,-1222.6,-699.82,-409.03,5051.8,294976,500,1253,1459,-0.94216,0.52774,1.9155
894.73,2606.2,-279.32,-5.2177,554.26,-2713.6,5.9573e+05,492123,1,-3288.9,2164.2,-2244,-1743.7,1220.7,-1209,-1506,-672.61,-567.8,5117.7,295659,500,1316,1465,-0.9539,0.52774,1.9096
951.7,2634,-254.84,-6.3981,498.17,-2767.7,5.9553e+05,492121,1,-3187.9,1753.7,-2099.2,-1202.2,1234.7,-948.79,-1777.6,-798.9,-680.06,5076.9,295228,500,1316,1465,-0.9656,0.52774,1.9037
1000.7,2645,-227.25,-6.0521,439.57,-2802.8,5.9547e+05,492119,1,-2857,1781.7,-1965.7,-727.07,1099.3,-681.46,-1839.2,-811.17,-719.59,4686.3,291735,500,1316,1465,-0.97726,0.52774,1.8978
1042.5,2660.3,-202.97,-5.001,389.74,-2837.8,5.952e+05,492117,1,-3127.2,1278.3,-1989.8,-531.42,973.86,-546.19,-1978,-933.55,-775.2,4720.9,292029,500,1316,1465,-0.98889,0.52774,1.8918
1089.4,2662.7,-174.8,-6.5198,328.94,-2863.4,5.9558e+05,492115,1,-2216.9,595.91,-1342.5,119.99,776.73,-153.23,-1865.1,-1244.2,-641.58,3626.5,278356,500,1316,1465,-1.0005,0.52774,1.8857
1114.9,2660.4,-150.65,-3.3623,284.7,-2874.4,5.9501e+05,492113,1,-1769.8,323.14,-1045.8,358.6,610.31,22.266,-1719.5,-1390,-535.72,3163.5,260769,500,1316,1465,-1.012,0.52774,1.8795
1143.5,2654.5,-127.72,-3.9745,237.41,-2883.4,5.9537e+05,492111,1,-1792.2,241.55,-1046.4,581.8,617.41,145.39,-1742.3,-1447.6,-546.03,3245.8,264603,500,1316,1465,-1.0235,0.52774,1.8732
1170.5,2644.4,-103.32,-3.9835,189.15,-2887.6,5.9545e+05,492109,1,-1328.3,250.59,-806.34,693.92,446,258.62,-1612.9,-1414.3,-493.74,2840.8,242319,500,1314,1463,-1.035,0.52774,1.8669
1184.4,2635.7,-84.142,-2.2902,154.23,-2886.7,5.9502e+05,492107,1,-1219,-72.274,-666.44,789.15,257.01,371.87,-1550.2,-1464.2,-456.97,2741.9,238043,500,1314,1463,-1.0465,0.52774,1.8605
1206.9,2621.6,-62.056,-3.7197,109.59,-2884.7,5.9572e+05,492105,1,-1072.8,-142.11,-569.98,972.3,218.56,492.83,-1547.7,-1538.3,-444.77,2773.4,239189,500,1314,1463,-1.0578,0.52774,1.8541
1216.5,2607.3,-43.165,-2.0318,76.456,-2876.4,5.9528e+05,492103,1,-685.31,-498.39,-254.2,1113.1,78.538,622.65,-1429.7,-1653.3,-355.08,2705.4,236740,500,1314,1463,-1.0692,0.52774,1.8475
1225.7,2588.2,-24.981,-2.0456,42.548,-2863.6,5.9569e+05,492101,1,-458.19,-586.66,-99.789,1290.9,21.161,752,-1333.8,-1732.7,-285.84,2767.6,239013,500,1016,1441,-1.0805,0.52774,1.841
1228.7,2567.8,-8.9587,-1.2451,14.361,-2846.6,5.9545e+05,492099,1,-127.27,-674.8,119.25,1352.7,-59.585,822.48,-1188.1,-1774.5,-196.17,2767.6,239024,500,1016,1441,-1.0918,0.52774,1.8343
1227,2546.8,4.3923,-0.61706,-8.8206,-2826.9,5.9496e+05,492097,1,-16.929,-763.28,210.17,1372.8,-124.79,862.84,-1104,-1804.4,-143.9,2787,239629,500,1016,1441,-1.103,0.52774,1.8276
1225.6,2525.1,17.322,-0.66549,-31.878,-2806.6,5.9574e+05,492095,1,28.18,-849.11,262.98,1412.6,-173.9,914.02,-1070.4,-1847.2,-120.07,2867.8,244156,500,1016,1441,-1.1142,0.52774,1.8208
1222.7,2502.5,29.875,-0.49029,-53.566,-2784.9,5.9553e+05,492093,1,135.04,-898.29,345.99,1454.7,-203.56,962.85,-1027.2,-1872.5,-91.823,2932.4,246738,500,1016,1441,-1.1254,0.52774,1.8139
1218,2479.4,41.609,-0.26263,-73.397,-2761.8,5.9472e+05,492091,1,196.28,-927.7,394.47,1473.3,-218.29,990.44,-992.28,-1886.2,-73.148,2966.7,247882,500,1016,1441,-1.1365,0.52774,1.8069
1212.8,2456,52.898,-0.17649,-92.342,-2738.1,5.9432e+05,492089,1,220.79,-935.47,415.08,1480.2,-226.27,1010,-972.6,-1892.5,-65.156,2981.7,248341,500,1016,1441,-1.1475,0.52774,1.7999
1207.3,2432.5,63.993,-0.13641,-110.72,-2714.2,5.9337e+05,492087,1,232.79,-945.93,428.93,1482.1,-229.67,1025.4,-962.09,-1899.4,-62.593,2995.2,248701,500,1016,1441,-1.1586,0.52774,1.7929
1201.6,2408.8,74.956,-0.098363,-128.59,-2689.9,5.9247e+05,492085,1,251.21,-954.38,446.95,1487.7,-230.19,1041.6,-951.32,-1905.4,-58.433,3010.6,249205,500,1016,1441,-1.1696,0.52774,1.7857
1195.4,2385,85.681,-0.04996,-145.77,-2665.2,5.9034e+05,492083,1,265.64,-959.39,459.78,1484.6,-229.06,1053.1,-937.94,-1910.4,-58.146,3016.8,249651,500,1016,1441,-1.1805,0.52774,1.7785
1189.1,2361.1,96.252,-0.036178,-162.48,-2640.4,5.8956e+05,492081,1,271.16,-960.83,469.08,1481.8,-231.79,1064.6,-932.22,-1910.8,-55.597,3020.4,249836,500,1016,1441,-1.1914,0.52774,1.7712
1182.6,2337.2,106.74,-0.024484,-178.79,-2615.4,5.8833e+05,492079,1,278.6,-960.67,476.53,1481.4,-229.76,1077.4,-924.49,-1911.7,-58.778,3024.6,250039,500,1016,1441,-1.2022,0.52774,1.7639
1176,2313.1,117.13,-0.013413,-194.72,-2590.2,5.8689e+05,492077,1,284.41,-961.87,486.72,1483.9,-231.37,1094.7,-920.75,-1911.7,-58.941,3033.6,250398,500,1016,1441,-1.213,0.52774,1.7565
1169.2,2288.9,127.46,-0.0036931,-210.31,-2564.8,5.8563e+05,492075,1,290.65,-961.56,492.26,1487.8,-227.17,1109.3,-913.97,-1913.6,-64.613,3041.2,250700,500,1016,1441,-1.2238,0.52774,1.749
1162.4,2264.5,137.72,0.0070767,-225.56,-2539.1,5.8447e+05,492073,1,295.14,-962.56,501.32,1492.9,-227.97,1126.2,-912.29,-1913.8,-64.582,3051.7,251121,500,1016,1441,-1.2345,0.52774,1.7415
1155.3,2239.9,147.93,0.017422,-240.51,-2513.2,5.8398e+05,492071,1,301.6,-962.66,509.63,1501.3,-225.06,1146.7,-907.45,-1915,-68.788,3064.7,251619,500,1016,1441,-1.2451,0.52774,1.7339
1148.2,2215.1,158.08,0.025531,-255.16,-2486.9,5.8352e+05,492069,1,305.39,-963.07,516.62,1502.4,-223.81,1161.4,-902.42,-1915.6,-70.834,3071.2,251858,500,1016,1441,-1.2558,0.52774,1.7262
785.82,2529.2,-342.3,-5.2002,697.51,-2577.8,5.9385e+05,490613,1,-3460.8,1708.3,-2130.5,-2382.4,1275.4,-1494,-1316.2,-850.1,-388.85,5527.1,299201,500,1253,1459,-0.91718,0.54083,1.9239
842.96,2565,-322.39,-6.4858,647.92,-2640.9,5.9435e+05,490611,1,-2754.7,1838.4,-1853.6,-1948.7,1198.2,-1283.3,-1322.4,-796.17,-417.07,5051.8,294978,500,1253,1459,-0.92896,0.54083,1.9182
873.95,2591.1,-306.5,-3.1819,615.49,-2681.9,5.9288e+05,490609,1,-2754.7,2309.8,-2013.2,-1955.7,1048,-1260.1,-1289.5,-624.2,-458.5,5074.5,295200,500,1253,1459,-0.94072,0.54083,1.9125
930.86,2625.5,-286.84,-6.1618,565.13,-2742.7,5.9465e+05,490607,1,-2921.6,2047.1,-2038.6,-1768.8,1158.5,-1210.8,-1410.4,-668.02,-515.24,5051.8,294975,500,1316,1465,-0.95243,0.54083,1.9067
968.36,2648.5,-267.18,-4.1322,524.35,-2783.6,5.9285e+05,490605,1,-3238.8,1445.7,-2060.6,-1018.2,1013.2,-804.76,-1782.7,-883.44,-655.88,4891.4,293590,500,1316,1465,-0.96412,0.54083,1.9008
1027.9,2661.8,-239.2,-7.57,458.61,-2826.4,5.9442e+05,490603,1,-2821.9,1633.4,-1914.1,-639.36,1136.9,-652.96,-1829,-942.23,-671.91,4594.3,290736,500,1316,1465,-0.97576,0.54083,1.8949
1056.9,2671.2,-216.6,-3.6492,416.95,-2850.5,5.9263e+05,490601,1,-2313.8,1110.2,-1528.2,-293.89,846.08,-394.6,-1744.9,-1035.2,-615.85,3791.4,281319,500,1316,1465,-0.98737,0.54083,1.8888
1099,2673.9,-191.7,-5.7451,361.55,-2874.6,5.9476e+05,490599,1,-2026.8,572.69,-1239.3,251.37,643.38,-50.187,-1742.4,-1236.5,-569.27,3367.5,270215,500,1316,1465,-0.99894,0.54083,1.8828
1120.5,2667.5,-169.12,-3.1337,319.34,-2880.6,5.9309e+05,490597,1,-1556.5,619.14,-1015.8,407.07,592.5,48.674,-1665.8,-1265.3,-531.97,3002.7,248962,500,1316,1465,-1.0105,0.54083,1.8766
1146.8,2662.5,-147.55,-3.6497,274.69,-2889.7,5.9385e+05,490595,1,-1696.3,336.43,-1023.5,609.09,485,193.38,-1690.8,-1361.7,-530.54,3110.6,253735,500,1316,1465,-1.022,0.54083,1.8704
1174.3,2650.8,-123.14,-4.3049,225.26,-2893.1,5.937e+05,490593,1,-1328.2,204.21,-792.21,843.96,412.04,347.64,-1637.7,-1423.2,-492.15,2895.8,245273,500,1316,1465,-1.0334,0.54083,1.864
1184,2638.5,-104.38,-1.8536,192.15,-2887.5,5.927e+05,490591,1,-1020.5,27.168,-583.03,911.02,228.53,446.27,-1505.5,-1460,-421.9,2653.2,234759,500,1314,1463,-1.0448,0.54083,1.8577
1205.8,2624.7,-83.323,-3.7723,148.52,-2885.8,5.9455e+05,490589,1,-883.73,-250.62,-427.94,1049.7,133.98,560.59,-1470.4,-1557.6,-383.29,2682.6,235914,500,1314,1463,-1.0562,0.54083,1.8512
1209.7,2607.4,-66.003,-1.372,119.16,-2872.6,5.9294e+05,490587,1,-469.41,-445.67,-141.27,1192,17.751,684.39,-1351.1,-1643.5,-300.22,2635.3,233821,500,1016,1441,-1.0676,0.54083,1.8447
1216.7,2588,-49.505,-1.8265,87.418,-2858.8,5.9423e+05,490585,1,-368.41,-637.03,-27.54,1328.8,-62.537,797.6,-1269.3,-1743,-229.97,2765.9,238932,500,1016,1441,-1.0789,0.54083,1.8381
1218.4,2566.6,-34.045,-1.1133,59.843,-2840.7,5.9368e+05,490583,1,-93.263,-755.31,167.73,1400.8,-110.07,865.56,-1182,-1802.3,-171.41,2829.4,241338,500,1016,1441,-1.0901,0.54083,1.8315
1215.9,2544.3,-20.865,-0.54293,36.586,-2819.8,5.9304e+05,490581,1,45.564,-815.68,269.81,1433.8,-184.35,920.93,-1080.7,-1827.6,-109.98,2863.3,243865,500,1016,1441,-1.1013,0.54083,1.8247
1213.5,2522.3,-8.4169,-0.56279,14.135,-2799,5.9391e+05,490579,1,94.001,-879.49,319.6,1435.4,-217.24,945.23,-1043.6,-1851.7,-88.901,2900.2,245450,500,1016,1441,-1.1125,0.54083,1.818
1210,2499.6,3.7587,-0.41297,-7.2271,-2777.1,5.9362e+05,490577,1,158.4,-921.65,374.65,1466.1,-226.81,978.93,-1018.4,-1876.2,-70.72,2955.7,247531,500,1016,1441,-1.1236,0.54083,1.8111
1205.2,2476.3,15.39,-0.23402,-27.258,-2753.9,5.9255e+05,490575,1,198.68,-927.85,402.01,1480.3,-228.24,999.24,-995.59,-1885,-63.465,2975.3,248154,500,1016,1441,-1.1347,0.54083,1.8042
1199.9,2452.8,26.655,-0.17411,-46.506,-2730.3,5.9228e+05,490573,1,228.43,-938.5,429.36,1487.6,-240.07,1021,-974.98,-1889.8,-50.414,2992.4,248616,500,1016,1441,-1.1458,0.54083,1.7972
1194.2,2429.2,37.624,-0.11338,-64.946,-2706.4,5.9113e+05,490571,1,240.29,-948.26,440.59,1482.9,-240.86,1030.8,-962,-1895.9,-51.298,2998.9,248842,500,1016,1441,-1.1568,0.54083,1.7901
1188.2,2405.5,48.435,-0.083883,-82.875,-2682.1,5.9029e+05,490569,1,255.64,-957.65,459.17,1487,-245.2,1048.6,-952.72,-1901.1,-44.861,3014.6,249420,500,1016,1441,-1.1678,0.54083,1.783
1182,2381.7,59.126,-0.057487,-100.33,-2657.6,5.8878e+05,490567,1,264.12,-959.99,467.41,1484,-241.25,1059.3,-943.63,-1905.3,-47.54,3019.2,249771,500,1016,1441,-1.1787,0.54083,1.7758
1175.7,2357.9,69.708,-0.044126,-117.36,-2633,5.8806e+05,490565,1,270.1,-960.79,475.13,1480.8,-239.71,1070.5,-936.38,-1906.6,-48.846,3022,249910,500,1016,1441,-1.1895,0.54083,1.7685
1169.2,2333.9,80.177,-0.027586,-133.94,-2608.2,5.8644e+05,490563,1,277.19,-962.31,485.26,1481.3,-240.63,1084.7,-931.18,-1907.2,-48.344,3028.9,250212,500,1016,1441,-1.2004,0.54083,1.7612
1162.6,2309.9,90.555,-0.016346,-150.14,-2583.2,5.8517e+05,490561,1,282.53,-963.47,493.39,1483.1,-239.32,1099.6,-926.36,-1908.6,-50.253,3036.6,250531,500,1016,1441,-1.2112,0.54083,1.7538
1155.8,2285.7,100.87,-0.0065772,-165.99,-2557.9,5.8412e+05,490559,1,287.85,-963.63,498.59,1486.9,-235.36,1113,-920.79,-1910.7,-55.054,3044.1,250808,500,1016,1441,-1.2219,0.54083,1.7463
1148.9,2261.3,111.11,0.0034761,-181.51,-2532.4,5.8351e+05,490557,1,292.99,-964.09,507.58,1492.3,-234.71,1130.9,-918.05,-1911.1,-56.348,3054.9,251254,500,1016,1441,-1.2326,0.54083,1.7388
1141.9,2236.7,121.31,0.014045,-196.73,-2506.6,5.8341e+05,490555,1,297.96,-964.53,515.68,1499.2,-233.52,1148.4,-915.58,-1911.8,-58.137,3066.4,251684,500,1016,1441,-1.2432,0.54083,1.7312
1134.7,2211.9,131.45,0.023074,-211.65,-2480.4,5.835e+05,490553,1,302.44,-965.01,521.99,1502.6,-230.9,1164.4,-909.88,-1913.2,-62.237,3074.8,252017,500,1016,1441,-1.2538,0.54083,1.7235
861.97,2582.4,-335.77,-5.5426,673.61,-2659,5.9212e+05,489097,1,-3636.9,1555.3,-2211.9,-1975.6,1310.8,-1335,-1570,-969.32,-480.38,5527.1,299202,500,1253,1459,-0.9275,0.5539,1.9152
912.69,2608.1,-314.16,-5.6743,623.59,-2710.2,5.9187e+05,489095,1,-2776.4,2230.8,-2013.3,-1887.5,1291.7,-1304.6,-1392.5,-721.14,-476.55,5134,295778,500,1253,1459,-0.93923,0.5539,1.9095
957.75,2642.9,-295.93,-4.651,583.26,-2765.8,5.925e+05,489093,1,-2425.5,1722.3,-1710.2,-1664.8,1098.5,-1148.4,-1300.3,-715.82,-440.91,4412.3,288897,500,1253,1459,-0.95093,0.5539,1.9037
989.32,2660.4,-278.63,-3.4146,545.85,-2799.3,5.9125e+05,489091,1,-2692.9,1663,-1852.8,-1082.7,964.49,-829.94,-1500.6,-784.71,-531.59,4403.6,288819,500,1316,1465,-0.9626,0.5539,1.8978
1046.1,2676.6,-253.48,-7.3343,484.98,-2843.9,5.9283e+05,489089,1,-2789.6,1244.8,-1795,-647,906.86,-596.26,-1786.2,-966.85,-637.51,4322.2,287976,500,1316,1465,-0.97422,0.5539,1.8919
1074.5,2682.3,-230.24,-3.4972,441.9,-2864.8,5.9145e+05,489087,1,-1786.8,966.34,-1218.6,-18.375,698.17,-214.4,-1596.9,-1080.4,-515.65,3182.5,261609,500,1316,1465,-0.98581,0.5539,1.8859
1103.8,2681.1,-209.3,-4.1889,396.5,-2879.8,5.9242e+05,489085,1,-2035.8,669.95,-1274.7,218.53,571.94,-51.341,-1671.6,-1178.5,-539.4,3327.1,268489,500,1316,1465,-0.99737,0.5539,1.8798
1131.6,2675.5,-186.22,-3.9405,349.36,-2889.9,5.9232e+05,489083,1,-1524.5,568.16,-987.09,494.94,489.84,121.9,-1621,-1253.5,-501.89,2927.8,246591,500,1316,1465,-1.0089,0.5539,1.8736
1149.6,2667.5,-166.34,-2.7818,310.57,-2892.8,5.9143e+05,489081,1,-1425,312.69,-873.72,739.13,350.42,300.61,-1608.7,-1327.1,-486.01,2869.9,244238,500,1316,1465,-1.0204,0.5539,1.8674
1176.2,2656.3,-143.45,-4.2075,262.66,-2896.7,5.9246e+05,489079,1,-1056.6,66.538,-604.79,960.21,248.03,460.51,-1559.6,-1436.3,-438.63,2714.8,237061,500,1316,1465,-1.0318,0.5539,1.8611
1186.6,2640.6,-123.69,-2.0952,226.98,-2888.7,5.9123e+05,489077,1,-775.34,112.08,-469.69,1049.6,131.22,551.15,-1450.6,-1421,-391.17,2570.2,229916,500,1316,1465,-1.0432,0.5539,1.8547
1199.9,2625.4,-105.42,-2.7276,190.38,-2882.2,5.9282e+05,489075,1,-645.63,-302.97,-275.97,1115.9,23.874,629.4,-1373.4,-1555.1,-317.47,2575.3,230377,500,1016,1441,-1.0546,0.5539,1.8483
1202.8,2606.4,-89.274,-1.2644,161.48,-2867.4,5.9172e+05,489073,1,-308.38,-569.42,-7.1793,1289.6,-101.02,777.67,-1247.4,-1688.7,-213.7,2674.1,235599,500,1016,1441,-1.0659,0.5539,1.8418
1207,2586.5,-74.003,-1.489,132.09,-2852.2,5.9284e+05,489071,1,-197.95,-762.67,114.43,1380.2,-152.35,858.36,-1208.7,-1783.9,-172.26,2823.4,241136,500,1016,1441,-1.0772,0.5539,1.8352
1206.8,2564.5,-59.611,-0.89337,105.99,-2832.9,5.9168e+05,489069,1,-16.737,-817.76,238.08,1450.7,-179.16,919.97,-1140.4,-1827.3,-126.42,2892.1,245124,500,1016,1441,-1.0884,0.5539,1.8286
1205.1,2541.8,-46.253,-0.65531,81.636,-2812.2,5.9181e+05,489067,1,59.074,-809.13,281.99,1462.8,-191.31,941.13,-1087.8,-1829,-100.36,2887.7,244956,500,1016,1441,-1.0996,0.5539,1.8219
1201.6,2519.1,-33.935,-0.45136,59.459,-2790.6,5.9185e+05,489065,1,128.67,-847.68,337.28,1456.6,-220.09,956.5,-1039.6,-1835.6,-74.854,2896.5,245319,500,1016,1441,-1.1108,0.5539,1.8151
1197.1,2496.3,-22.282,-0.28229,38.753,-2768.3,5.9149e+05,489063,1,181.13,-911.03,391.87,1465.3,-245.39,983.63,-1007,-1862.5,-52.689,2945.7,247240,500,1016,1441,-1.1219,0.5539,1.8082
1192.1,2473,-10.909,-0.20307,18.731,-2745.3,5.9041e+05,489061,1,205.65,-937.06,417.22,1485.8,-246.23,1011,-994.01,-1883.8,-47.414,2987.3,248480,500,1016,1441,-1.1329,0.5539,1.8013
1186.8,2449.4,0.30982,-0.1717,-0.7786,-2721.8,5.9037e+05,489059,1,229.22,-943.97,437.61,1489.7,-247.99,1026.3,-979.04,-1889.5,-40.906,2999.9,248874,500,1016,1441,-1.144,0.5539,1.7943
1180.9,2425.8,11.224,-0.09583,-19.402,-2697.9,5.8857e+05,489057,1,247.48,-950.72,454.57,1487.1,-251.98,1039.1,-964.85,-1892.8,-36.919,3006.9,249088,500,1016,1441,-1.155,0.5539,1.7873
1174.9,2402,21.983,-0.082576,-37.562,-2673.8,5.8827e+05,489055,1,254.71,-953.85,463.61,1486.2,-253.37,1052.3,-956.77,-1895.4,-36.906,3013.2,249363,500,1016,1441,-1.1659,0.5539,1.7802
1168.7,2378.2,32.654,-0.065268,-55.293,-2649.5,5.8758e+05,489053,1,262.08,-955.54,471.9,1484.5,-252.56,1062,-950.87,-1897.1,-37.492,3017.3,249669,500,1016,1441,-1.1768,0.5539,1.773
1162.3,2354.4,43.188,-0.044058,-72.525,-2625.1,5.859e+05,489051,1,269.06,-959.72,482.04,1479.5,-250.86,1073.9,-942.71,-1900.3,-37.98,3022,249909,500,1016,1441,-1.1877,0.5539,1.7657
1155.8,2330.5,53.633,-0.030051,-89.364,-2600.4,5.8465e+05,489049,1,274.98,-961.31,490.24,1480.2,-248.18,1087.1,-937.17,-1902.5,-39.473,3028.8,250210,500,1016,1441,-1.1985,0.5539,1.7584
1149.2,2306.5,63.991,-0.017829,-105.81,-2575.5,5.8339e+05,489047,1,279.45,-961.89,496.63,1481.3,-246.8,1098.8,-933.04,-1903.6,-41.228,3034.5,250429,500,1016,1441,-1.2093,0.5539,1.751
1142.4,2282.3,74.285,-0.0082819,-121.93,-2550.5,5.8266e+05,489045,1,285.19,-963.11,505.51,1485.2,-244.49,1116.9,-928.26,-1905.3,-44.247,3044.9,250839,500,1016,1441,-1.22,0.5539,1.7436
1135.5,2258,84.519,0.0020785,-137.71,-2525.1,5.8238e+05,489043,1,291.6,-964.27,515.04,1492.1,-242.17,1137.4,-923.94,-1906.9,-47.548,3057.9,251376,500,1016,1441,-1.2306,0.5539,1.736
1128.5,2233.4,94.693,0.012758,-153.17,-2499.4,5.8283e+05,489041,1,296.95,-965.18,522.19,1499.8,-239.76,1155.2,-920.22,-1908.6,-51.363,3070.2,251825,500,1016,1441,-1.2413,0.5539,1.7285
876.9,2598.8,-351.36,-4.7606,703.19,-2674.3,5.8985e+05,487585,1,-3815.2,1503.5,-2296.1,-2148.9,1235.4,-1406.4,-1520,-958.17,-452.16,5527.1,299203,500,1253,1459,-0.926,0.56694,1.9121
949.28,2630.1,-325.02,-8.4818,637.46,-2741.9,5.9102e+05,487583,1,-3284.3,1904.1,-2172.3,-1761.2,1452.9,-1295.4,-1635.3,-940.67,-523.12,5463.9,298559,500,1253,1459,-0.93772,0.56694,1.9064
978.87,2656.1,-306.8,-2.9912,604.94,-2782.3,5.8898e+05,487581,1,-2226.3,1817.5,-1654.3,-1387.7,1125.5,-1027.7,-1359.4,-828.39,-431.6,4238.6,287087,500,1253,1459,-0.9494,0.56694,1.9006
1018.2,2674.5,-288.69,-4.2242,561.74,-2820.9,5.9095e+05,487579,1,-2570.8,1884,-1867.3,-982.6,949.96,-781.8,-1452.8,-780.89,-503.43,4370.1,288486,500,1253,1459,-0.96104,0.56694,1.8948
1060.7,2688.2,-267.08,-5.4947,512.43,-2856.6,5.9101e+05,487577,1,-2185.7,1149.9,-1467.9,-472.15,764.78,-471.04,-1568.4,-992.72,-509.42,3604,277877,500,1316,1465,-0.97265,0.56694,1.8888
1085.1,2691.1,-246.69,-3.0923,472.45,-2873.5,5.8997e+05,487575,1,-1703.6,763.54,-1121,67.954,567.57,-134.4,-1543.8,-1175.6,-453.09,3009.6,249177,500,1316,1465,-0.98422,0.56694,1.8828
1113.6,2688.2,-225.94,-3.9993,427.03,-2887.1,5.9105e+05,487573,1,-1791.2,713.01,-1164.2,342.7,503.36,30.432,-1605.7,-1194.7,-491.13,3113,253811,500,1316,1465,-0.99575,0.56694,1.8768
1139.5,2681.8,-203.75,-3.8751,381.35,-2896,5.902e+05,487571,1,-1323,567.74,-884.48,621.1,395.18,215.26,-1565.9,-1236.8,-468.24,2764.8,238902,500,1316,1465,-1.0073,0.56694,1.8706
1157.5,2672.2,-183.41,-2.8056,341.44,-2897.9,5.9034e+05,487569,1,-1150.9,467.18,-770.52,791.7,288.72,345.42,-1518.2,-1254.9,-447.81,2654.5,234813,500,1316,1465,-1.0187,0.56694,1.8644
1175.5,2659.4,-163.42,-3.122,300.67,-2896.6,5.9056e+05,487567,1,-1071.3,91.843,-619.45,992.65,189.95,491.84,-1513.7,-1380.5,-416.05,2678.3,235760,500,1316,1465,-1.0301,0.56694,1.8581
1187.2,2642.1,-144,-2.3506,263.35,-2888.2,5.9024e+05,487565,1,-622.42,-194.38,-289.72,1159.8,44.251,639.05,-1392.6,-1516.6,-318.46,2570.2,229915,500,1016,1441,-1.0415,0.56694,1.8517
1192.9,2624.5,-127.74,-1.679,232.31,-2876.3,5.9049e+05,487563,1,-327.68,-483.86,-38.607,1232.6,-96.117,734.05,-1263,-1619.2,-225.15,2584.2,230948,500,1016,1441,-1.0529,0.56694,1.8453
1195.6,2604.8,-112.68,-1.2338,203.61,-2861.1,5.908e+05,487561,1,-172.67,-531.62,64.707,1328.5,-138.43,810.71,-1182.5,-1666.6,-168.41,2638.6,234065,500,1016,1441,-1.0642,0.56694,1.8388
1196.3,2584,-98.659,-1.036,176.89,-2843.7,5.9077e+05,487559,1,-121.74,-683.05,140.16,1380.9,-180.78,864.79,-1158.3,-1731,-142.95,2747.2,238243,500,1016,1441,-1.0754,0.56694,1.8323
1195.5,2561.8,-84.986,-0.82033,151.25,-2824.3,5.9059e+05,487557,1,-3.9346,-809.85,249.79,1453.1,-213.18,930.55,-1124.9,-1802.2,-108.25,2875.1,244429,500,1016,1441,-1.0866,0.56694,1.8256
1193.4,2539,-71.865,-0.62591,126.97,-2803.5,5.9003e+05,487555,1,81.626,-866.85,319.47,1479.9,-225.18,964.31,-1082.7,-1842.9,-80.372,2933.6,246781,500,1016,1441,-1.0978,0.56694,1.8189
1189.3,2515.7,-59.683,-0.37484,104.82,-2781.3,5.8974e+05,487553,1,184.13,-901.39,395.27,1476.7,-253.91,985.21,-1021.3,-1856.3,-45.218,2951.1,247396,500,1016,1441,-1.109,0.56694,1.8122
1184.1,2492.7,-48.372,-0.18608,84.46,-2758.8,5.8888e+05,487551,1,205.83,-922.64,417.4,1470.5,-265.17,995.66,-996.32,-1864.8,-32.521,2960.2,247658,500,1016,1441,-1.1201,0.56694,1.8053
1179,2469.4,-37.163,-0.19754,64.306,-2736,5.891e+05,487549,1,212.36,-932.72,427.96,1481.9,-263.69,1014.5,-991.23,-1873.9,-31.183,2981.3,248320,500,1016,1441,-1.1311,0.56694,1.7984
1173.6,2445.9,-26.031,-0.15426,44.673,-2712.6,5.8817e+05,487547,1,233.62,-946.33,448.21,1490.4,-260.51,1033.5,-981.09,-1885.1,-30.365,3004.2,249000,500,1016,1441,-1.1421,0.56694,1.7914
1167.6,2422.2,-15.163,-0.087474,25.826,-2688.8,5.8615e+05,487545,1,248.73,-949.29,463.43,1489.1,-263.3,1047.5,-969.44,-1886.9,-26.075,3010.4,249195,500,1016,1441,-1.1531,0.56694,1.7844
1161.6,2398.5,-4.4156,-0.087617,7.3785,-2664.9,5.8661e+05,487543,1,253.96,-952.04,468.81,1486.2,-260.88,1056.3,-961.3,-1890.1,-29.141,3013.4,249372,500,1016,1441,-1.164,0.56694,1.7773
1155.3,2374.6,6.2141,-0.063893,-10.561,-2640.8,5.8536e+05,487541,1,264.36,-954.71,482.06,1482.1,-262.93,1069.1,-953.97,-1890.7,-26.967,3018,249713,500,1016,1441,-1.1749,0.56694,1.7701
1148.9,2350.9,16.711,-0.043634,-28.017,-2616.5,5.8395e+05,487539,1,268.92,-957.99,490.12,1476.6,-261.17,1078.8,-947.33,-1893.5,-27.326,3020.9,249850,500,1016,1441,-1.1858,0.56694,1.7629
1142.4,2327,27.127,-0.03125,-45.091,-2592.1,5.8279e+05,487537,1,273.2,-959.83,494.92,1478.4,-255.69,1089.9,-941.98,-1897.4,-31.798,3027.9,250161,500,1016,1441,-1.1965,0.56694,1.7556
1135.8,2303,37.468,-0.018975,-61.795,-2567.4,5.818e+05,487535,1,278.49,-960.82,503.94,1480.2,-254.8,1104.9,-938.23,-1898.2,-32.339,3035.8,250487,500,1016,1441,-1.2073,0.56694,1.7482
1129,2278.9,47.738,-0.0092443,-78.146,-2542.4,5.8148e+05,487533,1,283.38,-962.89,513.2,1483.3,-254.27,1121.1,-935.13,-1899.7,-33.043,3045.8,250887,500,1016,1441,-1.218,0.56694,1.7407
1122.1,2254.6,57.95,0.0013763,-94.168,-2517.3,5.8151e+05,487531,1,288.65,-964.45,520.13,1489.6,-250.62,1138,-930.83,-1902.5,-37.527,3057.5,251358,500,1016,1441,-1.2287,0.56694,1.7332
1115,2230,68.103,0.011392,-109.87,-2491.8,5.8249e+05,487529,1,294.52,-965.51,527.44,1497.8,-247.44,1156.6,-926.48,-1904.7,-42.139,3070.4,251828,500,1016,1441,-1.2393,0.56694,1.7257
1107.8,2205.2,78.206,0.021431,-125.28,-2465.9,5.8339e+05,487527,1,298.12,-967.85,537.6,1501.5,-248.63,1174.7,-924.84,-1905.3,-41.449,3081.9,252544,500,1016,1441,-1.2498,0.56694,1.718
902.77,2616.3,-363.29,-4.8654,723.48,-2696.1,5.8835e+05,486073,1,-3747.2,2063.7,-2443.1,-2279.7,1311.5,-1501.5,-1423.2,-785.46,-450.21,5527.1,299204,500,1253,1459,-0.92447,0.57997,1.909
971.69,2650.6,-339.19,-8.1613,663.16,-2765,5.8938e+05,486071,1,-3325.9,1694.4,-2144.9,-1811.1,1341.7,-1296.6,-1628.1,-917.51,-520.42,5390.5,297946,500,1253,1459,-0.93616,0.57997,1.9033
1003.5,2671.3,-318.79,-3.0659,625.6,-2802.3,5.8769e+05,486069,1,-2240.7,1498.5,-1579.4,-1060.6,1058.3,-854.14,-1446.4,-966.09,-425.54,3992.7,284136,500,1253,1459,-0.94782,0.57997,1.8975
1041.9,2687,-300.44,-4.39,581.86,-2838.5,5.8923e+05,486067,1,-2347.9,1477.3,-1641.3,-866.81,923.02,-721.05,-1416.9,-933.42,-433.64,3947.1,283557,500,1253,1459,-0.95945,0.57997,1.8916
1073.4,2698.2,-281.62,-3.8509,541.08,-2866.8,5.8954e+05,486065,1,-1668.1,969.63,-1155.9,-295.27,714.36,-370.8,-1393.6,-1060.7,-389.61,3002.2,248944,500,1253,1459,-0.97104,0.57997,1.8857
1095.8,2698.2,-263.08,-2.8914,502.24,-2880.6,5.8845e+05,486063,1,-1631.9,848.32,-1114.2,143.18,549.97,-94.096,-1483,-1130,-426.7,2935,246836,500,1316,1465,-0.98259,0.57997,1.8797
1124,2694.6,-242.49,-4.046,456.7,-2893.9,5.8949e+05,486061,1,-1570.1,706.49,-1052.4,465.86,416.8,118.69,-1568.6,-1176.7,-468.3,2922.5,246427,500,1316,1465,-0.99411,0.57997,1.8736
1147.6,2687.5,-220.88,-3.5752,412.65,-2901.5,5.8881e+05,486059,1,-1254.5,408.78,-800.67,688.46,323.91,271.1,-1554.1,-1263.5,-444.03,2691.3,236236,500,1316,1465,-1.0056,0.57997,1.8675
1162.6,2675.5,-201.39,-2.5242,374.23,-2900.1,5.8877e+05,486057,1,-934.1,207.89,-573.93,898.19,209.87,425.47,-1449.7,-1347.2,-372.1,2516.4,225692,500,1316,1465,-1.017,0.57997,1.8613
1173.5,2660.2,-183.74,-2.2246,338.71,-2893.6,5.8874e+05,486055,1,-681.49,-153.85,-329.96,1153.2,26.082,632.14,-1388.5,-1489.5,-304.01,2562.4,229376,500,1016,1441,-1.0284,0.57997,1.855
1183.7,2642.4,-165.84,-2.2138,302.86,-2884.3,5.8924e+05,486053,1,-480.67,-325.14,-167.08,1248.3,-33.48,713.04,-1332.7,-1573,-255.73,2597.8,231812,500,1016,1441,-1.0398,0.57997,1.8487
1186.6,2622.8,-150.24,-1.3019,273.2,-2869.7,5.8882e+05,486051,1,-194.3,-485.9,42.639,1310.6,-131.34,789.39,-1208.4,-1633.8,-174.85,2606.5,232249,500,1016,1441,-1.0511,0.57997,1.8423
1187.4,2602.4,-136.21,-0.99845,245.93,-2853.2,5.8924e+05,486049,1,-65.941,-675.62,175.7,1370.8,-213.83,863.01,-1133.2,-1719.1,-113.76,2722.8,237375,500,1016,1441,-1.0624,0.57997,1.8358
1186.1,2580.9,-123.04,-0.74683,220.6,-2834.5,5.8899e+05,486047,1,-3.1043,-759.42,238.51,1422.8,-236.62,911.26,-1113.1,-1764.4,-95.946,2811.7,240584,500,1016,1441,-1.0736,0.57997,1.8292
1183.9,2558.6,-110.23,-0.63683,196.1,-2814.5,5.8884e+05,486045,1,80.452,-821.67,310.53,1463,-253.88,952.03,-1076.9,-1799.9,-65.911,2879.7,244611,500,1016,1441,-1.0848,0.57997,1.8226
1180.8,2535.6,-97.766,-0.49015,172.65,-2793.5,5.883e+05,486043,1,92.236,-881.41,336.5,1485.3,-250.84,975.22,-1077.5,-1836,-64.603,2941.9,247086,500,1016,1441,-1.096,0.57997,1.8159
1176.8,2512.2,-85.67,-0.37174,150.19,-2771.4,5.8835e+05,486041,1,177.56,-904.64,399.18,1495.8,-260.52,998.14,-1033.2,-1853.7,-36.431,2969.2,247962,500,1016,1441,-1.1071,0.57997,1.8092
1171.4,2488.9,-74.363,-0.16529,129.57,-2748.7,5.8684e+05,486039,1,215.77,-919.1,429.35,1476.6,-272,1004.5,-997.09,-1862.1,-20.854,2966.7,247879,500,1016,1441,-1.1182,0.57997,1.8023
1166,2465.7,-63.313,-0.17019,109.43,-2726,5.8727e+05,486037,1,225.71,-934.39,444.88,1482,-276.69,1023.1,-987.96,-1869.3,-16.697,2985.3,248438,500,1016,1441,-1.1292,0.57997,1.7954
1160.3,2442.1,-52.334,-0.12779,89.778,-2702.8,5.8576e+05,486035,1,234.02,-941.38,453.45,1489.2,-272.14,1036.2,-984.69,-1876,-20.277,3000.2,248883,500,1016,1441,-1.1402,0.57997,1.7885
1154.4,2418.4,-41.49,-0.09542,70.644,-2679.2,5.8478e+05,486033,1,246.78,-943.94,466.23,1489.4,-271.28,1048.6,-975.88,-1879,-17.88,3007.4,249106,500,1016,1441,-1.1512,0.57997,1.7814
1148.3,2394.7,-30.765,-0.086013,51.968,-2655.5,5.8458e+05,486031,1,255.1,-949.28,477.4,1487,-271.54,1062.7,-967.26,-1882.4,-18.224,3014.5,249418,500,1016,1441,-1.1621,0.57997,1.7743
1142,2370.9,-20.153,-0.063518,33.78,-2631.5,5.8349e+05,486029,1,265.01,-953.53,489.99,1481.3,-271.52,1073.9,-958.67,-1884.8,-16.817,3018.7,249752,500,1016,1441,-1.173,0.57997,1.7672
1135.6,2347.1,-9.7002,-0.040108,16.127,-2607.4,5.8173e+05,486027,1,268.16,-955.5,494.14,1475.4,-268.82,1079.4,-951.97,-1887.7,-19.155,3018.8,249757,500,1016,1441,-1.1838,0.57997,1.76
1129,2323.3,0.66628,-0.028775,-1.1411,-2583.1,5.8102e+05,486025,1,272.56,-959.81,503.4,1475.2,-266.37,1093.7,-947.39,-1891.3,-19.855,3027.8,250156,500,1016,1441,-1.1946,0.57997,1.7527
1122.3,2299.4,10.972,-0.017413,-18.06,-2558.6,5.8025e+05,486023,1,277.82,-963.16,512.6,1479.1,-262.98,1111.2,-943.15,-1895,-22.604,3039.8,250647,500,1016,1441,-1.2053,0.57997,1.7453
1115.5,2275.3,21.209,-0.0081988,-34.627,-2533.9,5.8042e+05,486021,1,281.94,-964.35,519.13,1482,-261.18,1124.2,-939.92,-1896.7,-24.673,3047.8,250973,500,1016,1441,-1.216,0.57997,1.7379
1108.6,2251,31.386,0.0012636,-50.863,-2508.9,5.8112e+05,486019,1,286.55,-965.88,527.16,1487.3,-259.67,1140.5,-937.34,-1898.4,-26.661,3058.8,251408,500,1016,1441,-1.2266,0.57997,1.7304
1101.5,2226.5,41.513,0.011392,-66.791,-2483.5,5.8243e+05,486017,1,292.63,-967.47,534.56,1496.5,-255.58,1160.5,-932.78,-1901.4,-32.342,3073.3,251948,500,1016,1441,-1.2372,0.57997,1.7228
1094.3,2201.7,51.591,0.02133,-82.42,-2457.8,5.8346e+05,486015,1,296.21,-969.93,544.79,1500.5,-256.6,1178.7,-931.25,-1902.1,-31.709,3085.2,252660,500,1016,1441,-1.2478,0.57997,1.7152
881.37,2598.3,-389.85,-3.4092,782.54,-2658.5,5.8675e+05,484563,1,-2999.2,2083.6,-2077.6,-2591.8,1309.9,-1641.5,-1044.1,-782.53,-255.55,5527.1,299206,500,1253,1459,-0.91119,0.59297,1.9114
935.7,2636.4,-373.4,-5.3954,739.11,-2723.8,5.8766e+05,484561,1,-3731.3,2014.7,-2436,-2278,1366.1,-1528.4,-1455.2,-810.74,-454.71,5527.1,299205,500,1253,1459,-0.9229,0.59297,1.9057
990.54,2669.5,-352.91,-6.0753,690.7,-2784.7,5.8766e+05,484559,1,-2675.7,1366.4,-1743,-1461.1,1182.2,-1087.1,-1479.8,-1019.5,-409.99,4491.8,289637,500,1253,1459,-0.93458,0.59297,1.9
1022.5,2684.3,-333.42,-3.3684,650.84,-2817.5,5.8652e+05,484557,1,-2251.6,1544.4,-1609.8,-939.36,1066.5,-803.8,-1450.1,-1043,-397.79,4007.6,284338,500,1253,1459,-0.94622,0.59297,1.8943
1061.6,2700.6,-314.59,-4.3038,606.84,-2855,5.8806e+05,484555,1,-2037.2,1256.6,-1424.7,-685.53,886.88,-624.43,-1390.4,-1050.1,-375.24,3547.2,276691,500,1253,1459,-0.95782,0.59297,1.8884
1084.8,2706.3,-297.1,-2.7651,570.31,-2874.7,5.8714e+05,484553,1,-1480.4,920.86,-1054,-33.776,586.03,-201.69,-1366.5,-1106.7,-355.29,2784.6,239554,500,1316,1465,-0.96939,0.59297,1.8825
1109.4,2705.7,-278.71,-3.1093,529.58,-2889.4,5.8738e+05,484551,1,-1618.1,854.1,-1117.9,318.03,464.19,20.579,-1492.6,-1135.4,-423.39,2934.4,246814,500,1316,1465,-0.98092,0.59297,1.8765
1135.6,2700.3,-258.07,-3.864,484.61,-2900.6,5.8795e+05,484549,1,-1320,712.51,-924.37,554.35,376.8,175.33,-1498.4,-1155.9,-428.15,2710.9,236957,500,1316,1465,-0.99242,0.59297,1.8705
1151,2690.9,-239.1,-2.5452,446.87,-2902.2,5.8697e+05,484547,1,-899.85,277.94,-572.11,810.24,196.18,374.6,-1418.7,-1304.4,-348.77,2426,190544,500,1316,1465,-1.0039,0.59297,1.8643
1163,2677.5,-221.51,-2.1423,410.88,-2898.6,5.8769e+05,484545,1,-732.46,-60.003,-381.19,1042.6,51.876,554.64,-1373.2,-1454.5,-288.14,2483.3,196351,500,1016,1441,-1.0153,0.59297,1.8581
1172.3,2660.1,-204.29,-2.0714,375.65,-2889.9,5.8751e+05,484543,1,-476.15,-211.24,-195.14,1240.1,-53.101,704.92,-1310,-1513.3,-239.57,2531.9,227027,500,1016,1441,-1.0267,0.59297,1.8519
1178.1,2641.2,-188.01,-1.6771,343.23,-2877.7,5.8757e+05,484541,1,-355.5,-408.54,-68.183,1289.3,-112.97,761.7,-1283.2,-1588.2,-213.16,2601.5,231982,500,1016,1441,-1.038,0.59297,1.8455
1179.2,2620.4,-173.34,-1.0584,314.63,-2861.5,5.875e+05,484539,1,-59.87,-571.04,150.79,1385,-186.5,849.44,-1154.6,-1664.6,-119.88,2673.1,235549,500,1016,1441,-1.0493,0.59297,1.8391
1177.6,2599.2,-160.3,-0.6857,289.05,-2843.4,5.8736e+05,484537,1,21.568,-683.41,234.22,1399.8,-236.53,886.1,-1097.3,-1718.9,-77.261,2736.3,237866,500,1016,1441,-1.0606,0.59297,1.8327
1175.5,2577.4,-147.73,-0.62746,264.26,-2824.3,5.8781e+05,484535,1,55.583,-778.15,285.22,1433,-265.21,928.1,-1082.4,-1769.3,-62.197,2825.1,241192,500,1016,1441,-1.0718,0.59297,1.8261
1172.5,2554.8,-135.36,-0.52897,240.28,-2804,5.8734e+05,484533,1,117.64,-830.53,340.9,1466.1,-276.02,962.72,-1061.3,-1798.8,-45.431,2887.3,244935,500,1016,1441,-1.083,0.59297,1.8195
1168.3,2531.9,-123.43,-0.35306,217.57,-2782.7,5.863e+05,484531,1,150.91,-878.78,378.59,1488,-278.39,989.23,-1047.3,-1827.7,-34.216,2940.6,247021,500,1016,1441,-1.0941,0.59297,1.8128
1164,2508.5,-111.64,-0.31927,195.27,-2760.7,5.8656e+05,484529,1,196.75,-916.78,422.56,1497.9,-279.8,1010.1,-1023.5,-1853.3,-16.976,2980.3,248292,500,1016,1441,-1.1052,0.59297,1.8061
1158.5,2485,-100.39,-0.14855,174.43,-2738,5.8458e+05,484527,1,225.21,-917.64,441.14,1486.5,-279.84,1013,-1002.1,-1857.2,-10.431,2975.7,248164,500,1016,1441,-1.1163,0.59297,1.7993
1152.9,2461.7,-89.443,-0.14519,154.2,-2715.4,5.8522e+05,484525,1,227.93,-928.59,450.06,1479.6,-285.6,1023,-990.38,-1861.6,-6.0252,2980,248287,500,1016,1441,-1.1273,0.59297,1.7924
1147.2,2438.2,-78.541,-0.11832,134.39,-2692.4,5.8405e+05,484523,1,239.24,-939.25,463.72,1486.5,-283.45,1040.8,-985.34,-1869.2,-8.0341,2998.8,248834,500,1016,1441,-1.1383,0.59297,1.7854
1141.2,2414.6,-67.747,-0.092557,115.07,-2669.1,5.8296e+05,484521,1,249.64,-947.8,478.15,1488.3,-282.85,1057.2,-978.19,-1874.9,-6.3352,3012.3,249246,500,1016,1441,-1.1492,0.59297,1.7784
1135,2390.8,-57.078,-0.076685,96.227,-2645.4,5.8232e+05,484519,1,257.53,-954.07,489.2,1486.2,-282.35,1069.5,-971.34,-1879,-6.2607,3020.3,249833,500,1016,1441,-1.1601,0.59297,1.7713
1128.7,2367.1,-46.513,-0.058113,77.844,-2621.6,5.8158e+05,484517,1,262.31,-955.73,494.26,1481.7,-278.68,1075.6,-964.78,-1882,-8.6906,3021.5,249882,500,1016,1441,-1.171,0.59297,1.7642
1122.2,2343.3,-36.099,-0.034257,59.99,-2597.7,5.797e+05,484515,1,268.59,-960.01,504.69,1473.7,-277.34,1084.9,-956.6,-1885.4,-7.1063,3023.9,250004,500,1016,1441,-1.1818,0.59297,1.757
1115.6,2319.5,-25.789,-0.024235,42.547,-2573.6,5.7927e+05,484513,1,271.96,-963.03,511.76,1472.6,-275.09,1097,-951.99,-1888.5,-8.8203,3030.5,250264,500,1016,1441,-1.1925,0.59297,1.7497
1108.9,2295.6,-15.529,-0.015066,25.436,-2549.3,5.7903e+05,484511,1,275.2,-964.38,518.56,1475.8,-272.38,1111.1,-949.81,-1890.6,-11.005,3039.4,250639,500,1016,1441,-1.2033,0.59297,1.7423
1102,2271.6,-5.3225,-0.007248,8.6536,-2524.8,5.7975e+05,484509,1,280.02,-965.64,524.68,1480.6,-267.54,1127.1,-944.98,-1893.8,-16.481,3049.6,251042,500,1016,1441,-1.2139,0.59297,1.7349
1095.1,2247.3,4.8285,0.0010978,-7.8024,-2499.9,5.8121e+05,484507,1,285.4,-967.54,535.77,1486.3,-267.94,1146,-943.58,-1894.4,-16.029,3062.4,251534,500,1016,1441,-1.2245,0.59297,1.7274
1087.9,2222.8,14.928,0.012103,-23.943,-2474.7,5.8265e+05,484505,1,291.05,-969.22,541.88,1495.3,-263.61,1164.4,-938.86,-1897.8,-22.506,3076.1,252070,500,1016,1441,-1.2351,0.59297,1.7199
1080.7,2198.1,24.977,0.022546,-39.782,-2449.2,5.8363e+05,484503,1,294.37,-971.85,552.04,1499.2,-264.69,1182.7,-937.49,-1898.6,-21.92,3088.1,252778,500,1016,1441,-1.2456,0.59297,1.7123
869.15,2576.3,-413.15,-4.4918,830.74,-2621.7,5.8667e+05,483055,1,-2956.6,1879.7,-1982.3,-2891.8,1348.2,-1784.1,-935.02,-887.93,-158.45,5590.6,299800,500,1253,1459,-0.89788,0.60595,1.9136
912.21,2617.1,-400.43,-3.6137,799.3,-2683.8,5.852e+05,483053,1,-3080.6,2023.1,-2115.6,-2511.2,1372.6,-1635.7,-1114,-857.71,-258.88,5564.9,299544,500,1253,1459,-0.90961,0.60595,1.908
963.88,2654.7,-384.83,-5.2193,758.38,-2747.7,5.8647e+05,483051,1,-2987,1727.6,-1996,-2129.2,1222.6,-1419.9,-1253.3,-906.75,-319.23,5141,295839,500,1253,1459,-0.9213,0.60595,1.9024
1003,2684.5,-368.87,-3.9571,722.36,-2797.6,5.852e+05,483049,1,-2724.2,1117.8,-1698.6,-1480,996.25,-1044.3,-1407.6,-1062.7,-353.8,4366.3,288448,500,1253,1459,-0.93295,0.60595,1.8967
1046.7,2701.1,-348.01,-4.5637,674.21,-2838.7,5.869e+05,483047,1,-2311,1293.1,-1567.4,-816.75,1042.3,-741.01,-1471.6,-1090,-385.55,3908.3,283076,500,1253,1459,-0.94457,0.60595,1.891
1076.2,2711.4,-329.57,-3.3277,634.64,-2866.3,5.8521e+05,483045,1,-1549.5,1041.3,-1122,-271.19,704.86,-363.7,-1349.5,-1093.9,-334.21,2928.5,246610,500,1253,1459,-0.95616,0.60595,1.8851
1098.2,2714.4,-312.64,-2.5028,597.98,-2883.4,5.8594e+05,483043,1,-1386.6,929.59,-1015.6,100.86,520.66,-115.41,-1338.7,-1114.4,-330.22,2693.7,236312,500,1316,1465,-0.96771,0.60595,1.8792
1121.7,2712.4,-294.62,-3.0384,557.64,-2896.7,5.8599e+05,483041,1,-1477.1,823.71,-1036.2,319.6,455.15,20.951,-1434.3,-1141.7,-380.41,2783.7,239513,500,1316,1465,-0.97922,0.60595,1.8733
1143.9,2705.2,-274.88,-3.341,515.11,-2904.6,5.8655e+05,483039,1,-1047.6,431.01,-693.76,712.11,265.97,292.41,-1427.4,-1260.8,-347.76,2485.2,196450,500,1316,1465,-0.99069,0.60595,1.8672
1154,2692.3,-257.45,-1.9012,480.39,-2901,5.8547e+05,483037,1,-562.76,149.4,-351.02,954.88,82.846,487.55,-1298.5,-1356.3,-257.12,2333.3,173694,500,1316,1465,-1.0021,0.60595,1.8611
1161.1,2677.4,-242.06,-1.5769,448.27,-2893.8,5.8607e+05,483035,1,-517.67,-113.98,-245.4,1122.2,-31.435,624.02,-1278,-1459.4,-221.54,2409,189180,500,1016,1441,-1.0135,0.60595,1.8549
1169.2,2659.2,-225.72,-1.9385,413.86,-2884.1,5.8675e+05,483033,1,-374.9,-343.16,-94.018,1281.9,-113.55,748.37,-1272.3,-1559.2,-194.01,2563.4,229464,500,1016,1441,-1.0249,0.60595,1.8487
1170.8,2638.9,-210.76,-1.1161,384.36,-2869,5.8566e+05,483031,1,-130.21,-541.76,105.54,1371.5,-181.81,831.47,-1193.8,-1645.8,-129.86,2660.4,235082,500,1016,1441,-1.0362,0.60595,1.8423
1170.2,2617.4,-197.18,-0.80433,357.07,-2851.6,5.861e+05,483029,1,26.017,-692.53,243.91,1419.4,-248.24,893.87,-1111.5,-1724.1,-66.112,2761.8,238804,500,1016,1441,-1.0475,0.60595,1.8359
1167.6,2595.5,-184.63,-0.54631,331.98,-2832.6,5.859e+05,483027,1,87.075,-730,292.3,1428.8,-274.38,917.81,-1071.9,-1741.5,-43.416,2787.2,239641,500,1016,1441,-1.0587,0.60595,1.8295
1164.4,2573.4,-172.55,-0.49555,307.83,-2813.1,5.8629e+05,483025,1,110.24,-777.12,322.84,1439,-286.87,937.99,-1056.5,-1762.2,-33.182,2824.1,241164,500,1016,1441,-1.07,0.60595,1.823
1160.7,2550.8,-160.64,-0.41107,284.41,-2792.6,5.8583e+05,483023,1,147.6,-844.79,369.17,1465.5,-294.39,969.52,-1046.6,-1799,-23.276,2894.5,245213,500,1016,1441,-1.0811,0.60595,1.8164
1156,2527.8,-149.04,-0.28099,261.96,-2771.2,5.8491e+05,483021,1,191.03,-889.83,414.47,1487.5,-299.54,998.56,-1027.2,-1827,-5.8358,2948.4,247315,500,1016,1441,-1.0922,0.60595,1.8097
1151.1,2504.4,-137.6,-0.24427,240.01,-2749.3,5.8455e+05,483019,1,194.95,-911.49,424.78,1496.1,-294.26,1013,-1024.9,-1843,-8.5541,2974.5,248131,500,1016,1441,-1.1033,0.60595,1.803
1145.6,2480.9,-126.42,-0.15305,218.93,-2726.8,5.8354e+05,483017,1,227.47,-923.89,452.1,1488.7,-294.18,1021.8,-1003.7,-1853.3,1.9789,2983.1,248389,500,1016,1441,-1.1144,0.60595,1.7961
1139.8,2457.6,-115.53,-0.12232,198.58,-2704.3,5.8306e+05,483015,1,238.97,-938.87,469.04,1482.1,-297.41,1034,-990.76,-1861.2,7.7963,2993.1,248636,500,1016,1441,-1.1254,0.60595,1.7893
1133.9,2434.2,-104.75,-0.099701,178.71,-2681.4,5.8216e+05,483013,1,244.28,-949.39,479.11,1484.4,-294.64,1048.8,-986.17,-1869.4,5.8298,3008,249122,500,1016,1441,-1.1363,0.60595,1.7823
1127.9,2410.6,-94.03,-0.08436,159.25,-2658.3,5.8125e+05,483011,1,249.74,-953.26,486.8,1487,-291.86,1060.6,-982.51,-1873.4,4.5417,3017.3,249673,500,1016,1441,-1.1472,0.60595,1.7753
1121.6,2386.8,-83.404,-0.069146,140.22,-2634.8,5.8057e+05,483009,1,256.25,-955.94,494.86,1486.2,-289.9,1070.5,-977.21,-1876,3.875,3022.8,249947,500,1016,1441,-1.1581,0.60595,1.7683
1115.2,2363.1,-72.903,-0.047712,121.69,-2611.2,5.7925e+05,483007,1,263.26,-961.36,505.55,1479,-287.51,1080.6,-968.8,-1880.4,3.9785,3026.8,250123,500,1016,1441,-1.1689,0.60595,1.7611
1108.7,2339.4,-62.532,-0.030164,103.64,-2587.5,5.7808e+05,483005,1,267.35,-963.87,512.85,1472,-285.02,1088.6,-961.81,-1883.3,3.7504,3028,250167,500,1016,1441,-1.1797,0.60595,1.7539
1102,2315.6,-52.256,-0.02205,85.99,-2563.6,5.7808e+05,483003,1,269.79,-964.87,517.82,1470.5,-282.09,1099,-957.52,-1885.5,0.87197,3032.1,250314,500,1016,1441,-1.1905,0.60595,1.7466
1095.3,2291.8,-42.028,-0.015145,68.672,-2539.5,5.7857e+05,483001,1,273.27,-966.92,526.92,1473.3,-280.75,1115.7,-955.82,-1887.2,-0.060858,3042.4,250741,500,1016,1441,-1.2012,0.60595,1.7393
1088.5,2267.7,-31.844,-0.0074641,51.672,-2515.1,5.7977e+05,482999,1,277.88,-967.33,531.6,1478.8,-275.16,1130.6,-951.11,-1890.3,-6.6748,3051.9,251133,500,1016,1441,-1.2118,0.60595,1.7319
1081.5,2243.5,-21.718,0.0023931,35.005,-2490.4,5.8131e+05,482997,1,283.23,-969.53,541.87,1484.4,-275.32,1147.8,-949.56,-1891.3,-6.4062,3064.2,251596,500,1016,1441,-1.2224,0.60595,1.7244
1074.3,2219.1,-11.65,0.014035,18.664,-2465.4,5.8275e+05,482995,1,289.99,-972.26,551.44,1494.5,-273.4,1169.8,-945.73,-1894.1,-10.657,3080.9,252463,500,1016,1441,-1.233,0.60595,1.7169
1067,2194.3,-1.632,0.023583,2.6233,-2440,5.8369e+05,482993,1,292.25,-974.6,558.12,1497.6,-272.39,1186.1,-942.82,-1896.2,-13.654,3091.2,252950,500,1016,1441,-1.2435,0.60595,1.7093
846.84,2545.7,-435.51,-3.5324,880.78,-2571.3,5.8447e+05,481549,1,-2929.1,2024.8,-2006.9,-3463.9,1220.9,-1993.2,-629.33,-782.86,-38.1,5931.2,303064,500,1253,1459,-0.88455,0.61891,1.9156
893.3,2594.8,-426.16,-3.9727,853.37,-2642.8,5.8474e+05,481547,1,-3046.6,1885.6,-2036.5,-3133.5,1287.4,-1882.5,-847.61,-860.47,-118.41,5786,301701,500,1253,1459,-0.89628,0.61891,1.9102
939.58,2637.3,-413.5,-3.8299,820.81,-2708.4,5.8427e+05,481545,1,-3010.1,1753.2,-2004,-2571.6,1349.1,-1662.6,-1065.5,-966,-193.28,5427.1,298292,500,1253,1459,-0.90799,0.61891,1.9046
989.42,2673,-397.75,-4.9492,780.5,-2770,5.8511e+05,481543,1,-2795,1680.7,-1894.7,-2025.2,1329.9,-1409.9,-1199.3,-996.25,-255.64,4957.9,294194,500,1253,1459,-0.91966,0.61891,1.899
1021.9,2697.4,-382.74,-3.1415,747.32,-2812.2,5.8309e+05,481541,1,-2411.1,1486.5,-1672.5,-1368.5,1105.9,-1033.8,-1312.3,-1021.9,-311.72,4224.7,286945,500,1253,1459,-0.93129,0.61891,1.8934
1064.4,2717.9,-364.4,-4.2571,703.31,-2856.2,5.8582e+05,481539,1,-2266.1,1074.5,-1481.5,-733.48,1017.9,-697.41,-1448.9,-1158.6,-344,3755.7,280704,500,1253,1459,-0.94289,0.61891,1.8876
1091.6,2722.5,-345.19,-2.9362,662.4,-2878.2,5.8363e+05,481537,1,-1577.6,973.45,-1118.5,-82.293,812.23,-307.99,-1405,-1184.7,-321.34,2988.2,248506,500,1253,1459,-0.95446,0.61891,1.8818
1112.4,2722,-328.03,-2.4056,624.8,-2892,5.8437e+05,481535,1,-1271.4,972.9,-973.31,175.01,617.4,-112.53,-1325.4,-1144.8,-304.55,2663.6,235192,500,1253,1459,-0.96599,0.61891,1.8759
1131.6,2717.6,-310.98,-2.5628,586.92,-2901.4,5.8467e+05,481533,1,-1095.5,574.27,-761.94,542.35,330.49,174.86,-1351.7,-1224.4,-301.21,2441.6,191909,500,1253,1459,-0.97748,0.61891,1.8699
1146.6,2708.1,-293.68,-2.3828,549.73,-2903.9,5.8471e+05,481531,1,-786.18,136.82,-461.48,853.73,144.11,406.1,-1339.6,-1354.7,-260.76,2337.2,173914,500,1316,1465,-0.98893,0.61891,1.8639
1155.2,2693.2,-277.18,-1.6671,515.49,-2898,5.8454e+05,481529,1,-468.97,14.97,-256.64,1057.3,36.097,557,-1267.6,-1416.6,-210.54,2333.3,173693,500,1016,1441,-1.0004,0.61891,1.8578
1159.3,2676.2,-262.53,-1.2328,484.8,-2887.9,5.8469e+05,481527,1,-248.84,-196.05,-69.928,1224.7,-110.95,705.64,-1187,-1489.1,-148.82,2400.8,188593,500,1016,1441,-1.0117,0.61891,1.8516
1162.7,2656.9,-248.06,-1.3098,454.16,-2875.1,5.8504e+05,481525,1,-173.48,-476.11,64.272,1329.9,-195.05,803.12,-1183.5,-1602.4,-118.47,2587.5,231134,500,1016,1441,-1.0231,0.61891,1.8454
1161.9,2635.9,-234.44,-0.75265,426.52,-2858.5,5.8439e+05,481523,1,-12.502,-648.76,211.49,1414.7,-243.96,878,-1137.2,-1693.4,-69.559,2731.9,237678,500,1016,1441,-1.0344,0.61891,1.8391
1160.3,2613.9,-221.51,-0.66544,399.86,-2840.4,5.8476e+05,481521,1,58.243,-713.21,274.74,1448,-269.19,916.52,-1099.3,-1728.2,-41.967,2791.7,239800,500,1016,1441,-1.0456,0.61891,1.8327
1157.1,2591.5,-209.18,-0.47965,374.85,-2821,5.8461e+05,481519,1,113.31,-768.71,325.31,1443.4,-290.66,933.5,-1066.6,-1756.4,-24.156,2823.5,241149,500,1016,1441,-1.0569,0.61891,1.8262
1153,2569.1,-197.48,-0.35306,351.25,-2801,5.8432e+05,481517,1,171.04,-841.42,387.27,1453.9,-311.9,960.53,-1034,-1789.1,2.1761,2879.4,244604,500,1016,1441,-1.0681,0.61891,1.8197
1148.4,2546.5,-186.04,-0.27948,328.42,-2780.4,5.8406e+05,481515,1,188.89,-887.34,415.86,1470.5,-313.25,984.37,-1026.9,-1817.7,8.2361,2929.9,246662,500,1016,1441,-1.0792,0.61891,1.8131
1143.4,2523.5,-174.73,-0.22442,306.14,-2759,5.833e+05,481513,1,201.51,-902.46,430.88,1486,-311.89,1003.8,-1022.9,-1830.4,9.7535,2958.1,247599,500,1016,1441,-1.0903,0.61891,1.8065
1138.2,2500.2,-163.49,-0.19955,284.28,-2737.2,5.8302e+05,481511,1,214.49,-918.41,446.43,1493.6,-308.35,1019,-1017.5,-1841.8,10.125,2980,248286,500,1016,1441,-1.1014,0.61891,1.7997
1132.5,2476.7,-152.46,-0.1317,263.16,-2714.9,5.8178e+05,481509,1,236.34,-938.47,471.39,1486.8,-307.76,1029.8,-1001.7,-1854.9,19.447,2994.9,248694,500,1016,1441,-1.1124,0.61891,1.793
1126.6,2453.4,-141.66,-0.097822,242.72,-2692.5,5.8092e+05,481507,1,244.1,-947.75,483.08,1481.6,-307.43,1039.9,-992.53,-1861.4,21.645,3002.1,248940,500,1016,1441,-1.1234,0.61891,1.7861
1120.6,2429.9,-130.97,-0.083914,222.76,-2669.8,5.8033e+05,481505,1,246.66,-952.33,488.59,1481.4,-304.96,1050.6,-988.73,-1865.6,18.658,3009.4,249171,500,1016,1441,-1.1343,0.61891,1.7792
1114.4,2406.4,-120.34,-0.075326,203.17,-2646.9,5.7964e+05,481503,1,249.79,-958.02,494.76,1484.5,-300.43,1063.8,-985.68,-1871.5,14.177,3020.7,249847,500,1016,1441,-1.1452,0.61891,1.7722
1108.1,2382.7,-109.77,-0.060941,183.98,-2623.6,5.7876e+05,481501,1,257.64,-964.14,507.64,1482.6,-298.53,1076.9,-980.42,-1875.7,16.238,3029.9,250245,500,1016,1441,-1.1561,0.61891,1.7651
1101.7,2359,-99.306,-0.041704,165.27,-2600.2,5.775e+05,481499,1,262.11,-966.03,514.1,1477.3,-294.73,1084.3,-974.01,-1878.8,14.962,3031.5,250298,500,1016,1441,-1.1669,0.61891,1.758
1095.1,2335.3,-88.968,-0.027962,147.01,-2576.7,5.77e+05,481497,1,265.25,-967.85,520.59,1470.4,-292.48,1092.4,-967.63,-1881.2,14.168,3032.2,250317,500,1016,1441,-1.1776,0.61891,1.7508
1088.5,2311.6,-78.718,-0.021241,129.16,-2553,5.7755e+05,481495,1,268.11,-970.35,527.86,1468.7,-289.94,1106.3,-963.11,-1884,11.401,3038.8,250622,500,1016,1441,-1.1884,0.61891,1.7435
1081.7,2287.8,-68.522,-0.015121,111.64,-2529.1,5.7857e+05,481493,1,270.91,-971.51,533.45,1471.2,-287.76,1118.7,-960.95,-1885.9,8.6763,3046.4,250912,500,1016,1441,-1.199,0.61891,1.7362
1074.8,2263.8,-58.371,-0.0067542,94.452,-2504.9,5.799e+05,481491,1,275.37,-972.65,540.07,1476.2,-284.46,1133.6,-957.89,-1888.2,5.0901,3056.4,251314,500,1016,1441,-1.2097,0.61891,1.7288
1067.8,2239.6,-48.279,0.0040189,77.594,-2480.4,5.8127e+05,481489,1,282.27,-976.58,552.14,1484.9,-283.64,1155.8,-955.21,-1891.1,3.5161,3073.8,251965,500,1016,1441,-1.2202,0.61891,1.7214
1060.6,2215.2,-38.244,0.014607,61.061,-2455.5,5.8288e+05,481487,1,288.48,-978.46,561.79,1494.9,-283,1177.5,-952.61,-1892.8,0.42192,3089.9,252903,500,1016,1441,-1.2308,0.61891,1.7138
1053.3,2190.5,-28.253,0.021374,44.817,-2430.3,5.838e+05,481485,1,289.48,-977.56,563.86,1495.9,-279.05,1189.1,-948.48,-1894.3,-5.4441,3094.4,253127,500,1016,1441,-1.2413,0.61891,1.7063
875.21,2562.4,-446.56,-3.4487,898.34,-2593.2,5.826e+05,480041,1,-2878.9,1955,-1975.3,-3570.2,1219.5,-2050.9,-571.74,-827.16,9.0162,5955,303252,500,1253,1459,-0.88294,0.63185,1.9122
920.26,2613.5,-438.43,-3.6196,873.9,-2665.6,5.8336e+05,480039,1,-2863.5,1870.7,-1967.4,-3018.5,1336.4,-1862.3,-832.55,-918.93,-87.368,5610.7,299998,500,1253,1459,-0.89465,0.63185,1.9067
963.04,2655.8,-427.55,-3.4823,844.93,-2729.4,5.8293e+05,480037,1,-2873.8,1813.5,-1973.7,-2543,1372.9,-1667.9,-1002.3,-967.67,-156.79,5342.5,297571,500,1253,1459,-0.90634,0.63185,1.9012
1009.3,2691.3,-413.3,-4.2797,808.22,-2789.2,5.8321e+05,480035,1,-2708,1619,-1847.7,-1912.6,1274.9,-1347.9,-1198.4,-1020.7,-240.46,4796.3,292752,500,1253,1459,-0.91799,0.63185,1.8956
1048.8,2714,-395.82,-3.6985,768.12,-2834.2,5.8308e+05,480033,1,-2066.6,1550.6,-1534.2,-1103.8,1108.7,-913.59,-1260.2,-1037,-271.33,3879.2,282675,500,1253,1459,-0.9296,0.63185,1.8899
1076.9,2729.7,-380.6,-2.6881,733.79,-2866.7,5.8285e+05,480031,1,-1853.5,1051.7,-1277.8,-537.1,805.59,-536.15,-1329.6,-1137.9,-283.95,3246.9,264643,500,1253,1459,-0.94118,0.63185,1.8842
1102.9,2732.8,-363.07,-2.7239,693.87,-2887,5.8289e+05,480029,1,-1537.7,832.07,-1059.4,66.214,695.53,-199.54,-1395.5,-1247.3,-288.4,2879.8,244616,500,1253,1459,-0.95272,0.63185,1.8784
1124.8,2730.6,-345.06,-2.4329,654.22,-2900.4,5.8324e+05,480027,1,-1122.2,648.14,-795.44,467.8,491.79,76.004,-1354,-1266.7,-269.61,2507.8,224944,500,1253,1459,-0.96423,0.63185,1.8725
1138.8,2720.9,-328.23,-2.0859,617.55,-2902.8,5.8286e+05,480025,1,-728.56,439.33,-528.61,763.19,232.07,320.65,-1277.6,-1278.4,-234.66,2333.3,173692,500,1253,1459,-0.9757,0.63185,1.8665
1147.8,2709.2,-312.98,-1.5921,584.67,-2900.6,5.8333e+05,480023,1,-535.21,119.1,-323.64,952.61,67.132,482.74,-1253.4,-1369.7,-199.98,2333.3,173691,500,1016,1441,-0.98713,0.63185,1.8605
1153.7,2692.7,-297.87,-1.3786,552.13,-2892.3,5.8364e+05,480021,1,-225.36,-249.03,-35.807,1209.3,-118.29,692.56,-1174.5,-1511.1,-117.11,2397.3,188299,500,1016,1441,-0.99853,0.63185,1.8544
1154.9,2673.7,-284.07,-0.91493,522.92,-2879.2,5.8313e+05,480019,1,-99.58,-468.76,106.21,1309.8,-223.99,794.31,-1139.1,-1597.6,-77.283,2548.2,228347,500,1016,1441,-1.0099,0.63185,1.8483
1154.6,2653.5,-271.04,-0.8174,495.03,-2864,5.8377e+05,480017,1,-7.3993,-605.95,204.12,1372,-266.45,852.29,-1109.3,-1651.2,-48.47,2654.8,234833,500,1016,1441,-1.0212,0.63185,1.842
1152.6,2632,-258.38,-0.58671,468.47,-2846.6,5.8363e+05,480015,1,59.481,-694.63,272.76,1430.3,-287.86,903.73,-1097.2,-1706.6,-29.609,2761,238768,500,1016,1441,-1.0325,0.63185,1.8357
1149.9,2609.8,-245.98,-0.54021,442.51,-2828,5.8363e+05,480013,1,110.66,-777.1,331.87,1462.9,-304.82,940.03,-1077.6,-1751.8,-9.6378,2841.3,242343,500,1016,1441,-1.0437,0.63185,1.8293
1145.8,2587.1,-234.07,-0.35614,418.02,-2808.3,5.8292e+05,480011,1,166.81,-826.7,383.29,1461.4,-315.83,955.25,-1047.8,-1778.4,10.161,2875.3,244435,500,1016,1441,-1.0549,0.63185,1.8229
1141.1,2564.6,-222.7,-0.2476,394.78,-2788,5.8285e+05,480009,1,203.33,-878.18,425.93,1457.7,-327.01,970.85,-1020.9,-1805.9,29.864,2910.8,245934,500,1016,1441,-1.0661,0.63185,1.8164
1135.9,2542,-211.59,-0.19247,372.26,-2767.4,5.8226e+05,480007,1,202.77,-889.9,430.51,1464.4,-325.3,983.79,-1019.9,-1814.6,25.738,2927.5,246583,500,1016,1441,-1.0772,0.63185,1.8098
1130.6,2519,-200.51,-0.18002,350.1,-2746.2,5.8194e+05,480005,1,215.01,-919.61,452.08,1482.7,-324.26,1008.6,-1017.8,-1834.2,28.391,2969.5,247972,500,1016,1441,-1.0883,0.63185,1.8032
1125.1,2495.7,-189.46,-0.15496,328.33,-2724.4,5.8142e+05,480003,1,229.83,-942.4,472.7,1490.5,-319.66,1026.7,-1012.4,-1850.2,30.205,2998.6,248830,500,1016,1441,-1.0994,0.63185,1.7965
1119.2,2472.3,-178.57,-0.10376,307.21,-2702.3,5.7983e+05,480001,1,239.45,-949.34,483.77,1486.4,-317.13,1034.2,-1004.1,-1856.5,32.529,3004.7,249018,500,1016,1441,-1.1104,0.63185,1.7897
1113.3,2449,-167.85,-0.08483,286.64,-2680.1,5.7954e+05,479999,1,243.62,-953.64,490.67,1481.1,-315.56,1041.2,-997.47,-1860.4,32.969,3007.3,249102,500,1016,1441,-1.1213,0.63185,1.7828
1107.1,2425.6,-157.22,-0.076081,266.52,-2657.6,5.7895e+05,479997,1,247.64,-959.16,498.6,1479.8,-313.76,1052.9,-992.84,-1864.9,31.518,3015.2,249439,500,1016,1441,-1.1322,0.63185,1.7759
1100.9,2402.1,-146.66,-0.064553,246.81,-2634.9,5.7792e+05,479995,1,251.78,-966.22,507.87,1480.8,-310.27,1067.8,-989.3,-1870.6,28.863,3027,250133,500,1016,1441,-1.1431,0.63185,1.769
1094.5,2378.5,-136.15,-0.051538,227.5,-2611.9,5.7697e+05,479993,1,256.44,-972.02,517.72,1479.1,-306.37,1080.2,-985.14,-1875.7,28.371,3035.9,250492,500,1016,1441,-1.154,0.63185,1.7619
1088.1,2354.8,-125.74,-0.036062,208.61,-2588.7,5.7617e+05,479991,1,260.24,-972.55,522.67,1474.7,-301.56,1088.2,-978.8,-1878.5,25.249,3037.2,250560,500,1016,1441,-1.1647,0.63185,1.7548
1081.5,2331.1,-115.43,-0.024197,190.17,-2565.3,5.7603e+05,479989,1,263.05,-974.77,529.39,1468.9,-299.72,1096.4,-973.59,-1880.9,25.173,3039,250627,500,1016,1441,-1.1755,0.63185,1.7476
1074.8,2307.5,-105.22,-0.018596,172.13,-2541.9,5.7707e+05,479987,1,265.14,-976.1,534.47,1466.9,-298.15,1105.8,-970.02,-1882.7,23.358,3042.7,250753,500,1016,1441,-1.1862,0.63185,1.7404
1068,2283.7,-95.063,-0.013346,154.43,-2518.1,5.7854e+05,479985,1,268.51,-978.2,541.25,1469.1,-295.26,1121.1,-966.62,-1885.6,19.255,3052,251136,500,1016,1441,-1.1968,0.63185,1.7331
1061.1,2259.7,-84.954,-0.0050162,137.07,-2494.1,5.7991e+05,479983,1,273.61,-981.79,551.81,1474.9,-293.54,1140.7,-964.4,-1888.6,17.41,3066.5,251685,500,1016,1441,-1.2075,0.63185,1.7257
1054,2235.6,-74.893,0.0039061,120.02,-2469.8,5.8153e+05,479981,1,279.22,-982.58,559.29,1483.5,-290.88,1158.6,-961.7,-1890.7,13.53,3079.6,252382,500,1016,1441,-1.218,0.63185,1.7182
1046.8,2211.1,-64.879,0.012141,103.28,-2445.1,5.8337e+05,479979,1,284.15,-983.26,566.54,1491.9,-290.02,1176.1,-959.79,-1891.8,10.428,3092.2,252991,500,1016,1441,-1.2285,0.63185,1.7107
857.79,2521.8,-462.65,-2.4683,935.4,-2536.6,5.8179e+05,478537,1,-2523.7,2170.2,-1877,-4239.5,854.57,-2209.8,-137.44,-567.08,126.93,6208.5,305832,500,1253,1459,-0.86957,0.64476,1.914
902.7,2580.8,-458.87,-3.3299,918.2,-2615.9,5.8166e+05,478535,1,-2774.1,1970.3,-1946,-3842.1,1087.1,-2137.3,-399.98,-762.98,72.844,6051.7,304562,500,1253,1459,-0.8813,0.64476,1.9086
946.77,2631.9,-451.37,-3.4315,895.19,-2688.1,5.8141e+05,478533,1,-2834.7,1826,-1947.6,-3252.8,1286.4,-1959.8,-709.37,-934.72,-15.67,5711.1,300922,500,1253,1459,-0.89299,0.64476,1.9032
990.68,2676,-440.76,-3.2946,866.8,-2754.2,5.8198e+05,478531,1,-2719.1,1723.1,-1881.6,-2448.5,1341,-1622.2,-979.19,-1012.3,-123.94,5131,295758,500,1253,1459,-0.90465,0.64476,1.8976
1030.3,2708.3,-427.89,-3.3834,834.07,-2807.8,5.8121e+05,478529,1,-2476.5,1430.2,-1689.6,-1588.3,1208.7,-1182,-1203.3,-1102.3,-208.67,4372.7,288514,500,1253,1459,-0.91628,0.64476,1.8921
1069.9,2731,-411.38,-3.5976,794.59,-2853.2,5.8228e+05,478527,1,-1948.6,1245.3,-1380.8,-937.96,1096.4,-833.84,-1254.1,-1170.7,-216.28,3608.6,277974,500,1253,1459,-0.92787,0.64476,1.8864
1091.1,2739.5,-396.39,-1.9163,761.83,-2876.1,5.8051e+05,478525,1,-1486.5,1133.4,-1128.9,-396.31,885.69,-500.18,-1235.2,-1157.8,-218.67,2979,248259,500,1253,1459,-0.93943,0.64476,1.8807
1115,2742.1,-380.33,-2.461,723.89,-2895.3,5.8211e+05,478523,1,-1240.1,767.88,-892.01,223.8,571.75,-82.016,-1303.5,-1231.2,-237.73,2564.8,229569,500,1253,1459,-0.95095,0.64476,1.8749
1131,2736.6,-363.83,-1.8632,687.59,-2903.1,5.8109e+05,478521,1,-860.03,288.88,-542.33,735.84,280.44,283.95,-1314.9,-1361.8,-207.02,2333.3,173689,500,1016,1441,-0.96244,0.64476,1.869
1143.9,2724.2,-347,-1.8796,650.29,-2903,5.8235e+05,478519,1,-607.38,162.68,-371.89,911.95,163.93,420.8,-1273.6,-1393,-184.93,2333.3,173690,500,1016,1441,-0.97389,0.64476,1.8631
1147.1,2708.4,-332.84,-0.91172,620.11,-2894.4,5.8068e+05,478517,1,-173.69,-229.45,-12.164,1176,-101.46,660.12,-1148.4,-1502.3,-87.248,2344.2,174331,500,1016,1441,-0.9853,0.64476,1.857
1148.9,2690.6,-319.64,-0.86858,590.74,-2883.1,5.8245e+05,478515,1,-97.263,-433.17,99.221,1267,-194.34,750.4,-1118.8,-1580.1,-51.843,2482.8,196309,500,1016,1441,-0.99668,0.64476,1.851
1148,2670.5,-306.79,-0.64232,562.79,-2868.2,5.819e+05,478513,1,30.882,-553.23,211.11,1359.7,-248.83,829.58,-1092,-1638.2,-22.502,2612.9,232491,500,1016,1441,-1.008,0.64476,1.8448
1145.6,2649.4,-294.58,-0.51072,536.28,-2851.5,5.8227e+05,478511,1,75.446,-683.57,281.73,1400,-299.67,882.16,-1078.3,-1695.9,-4.2997,2723.8,237415,500,1016,1441,-1.0193,0.64476,1.8386
1142.3,2627.7,-282.66,-0.40632,510.68,-2833.5,5.8226e+05,478509,1,138.13,-787.01,355.7,1447.7,-326.96,930.91,-1058.7,-1748.7,20.674,2830.8,241385,500,1016,1441,-1.0306,0.64476,1.8323
1138.4,2605.3,-270.87,-0.36372,485.6,-2814.4,5.8189e+05,478507,1,141.88,-821.5,370.19,1466.2,-325.39,951.08,-1063.9,-1769.3,15.556,2873.1,244358,500,1016,1441,-1.0418,0.64476,1.8259
1133.8,2582.6,-259.34,-0.25798,461.48,-2794.5,5.8178e+05,478505,1,205.53,-880.05,432.06,1468.8,-336.29,969.66,-1031.8,-1801.8,43.739,2920.2,246333,500,1016,1441,-1.053,0.64476,1.8195
1128.5,2560,-248.23,-0.16619,438.45,-2774.2,5.8088e+05,478503,1,211.1,-894.31,441.07,1459.5,-334.29,974.04,-1021.4,-1812.2,44.257,2925.6,246518,500,1016,1441,-1.0641,0.64476,1.813
1123.1,2537.3,-237.32,-0.1425,416.02,-2753.6,5.8082e+05,478501,1,220.98,-921.95,460.65,1466.4,-337.6,993.4,-1014.2,-1828.9,49.07,2956,247540,500,1016,1441,-1.0752,0.64476,1.8065
1117.5,2514.4,-226.42,-0.13792,393.92,-2732.6,5.8061e+05,478499,1,226.89,-939.74,473.64,1479.1,-335.93,1013.1,-1014.4,-1840.4,47.08,2984,248411,500,1016,1441,-1.0863,0.64476,1.7998
1111.7,2491.1,-215.54,-0.11398,372.23,-2711,5.7949e+05,478497,1,232.83,-949.07,483.25,1486.1,-332.01,1026.7,-1013.3,-1847.9,45.367,3000.8,248898,500,1016,1441,-1.0973,0.64476,1.7931
1105.8,2467.8,-204.76,-0.087984,351.03,-2689.1,5.7855e+05,478495,1,241.29,-960.48,496.41,1483.8,-327.36,1038.8,-1006.4,-1857.7,46.106,3013.5,249378,500,1016,1441,-1.1083,0.64476,1.7864
1099.7,2444.5,-194.11,-0.071248,330.35,-2667.1,5.7782e+05,478493,1,245.15,-968.4,505.66,1478.4,-324.07,1049.5,-999.85,-1864.2,45.597,3020.4,249837,500,1016,1441,-1.1192,0.64476,1.7795
1093.5,2421.1,-183.54,-0.064559,310.1,-2644.8,5.7715e+05,478491,1,248.17,-971.37,511.14,1478.2,-320.36,1060,-996.17,-1867.9,42.205,3026.7,250117,500,1016,1441,-1.1301,0.64476,1.7726
1087.2,2397.6,-173.04,-0.053494,290.26,-2622.3,5.7624e+05,478489,1,252.01,-976.38,520.71,1477.2,-319.25,1071.6,-993.92,-1871.1,43.464,3035,250446,500,1016,1441,-1.141,0.64476,1.7657
1080.8,2374.1,-162.59,-0.04413,270.8,-2599.5,5.7578e+05,478487,1,253.92,-976.83,523.31,1477,-313.66,1080.8,-990.1,-1874.4,37.813,3039,250626,500,1016,1441,-1.1518,0.64476,1.7586
1074.3,2350.5,-152.23,-0.030781,251.75,-2576.6,5.7517e+05,478485,1,257.58,-980.64,532.27,1472.6,-310.72,1091.1,-985.78,-1877.9,38.479,3044.1,250810,500,1016,1441,-1.1626,0.64476,1.7515
1067.7,2326.9,-141.96,-0.021041,233.13,-2553.4,5.7542e+05,478483,1,260.7,-981.99,538.05,1467.4,-306.69,1101.2,-979.11,-1881,35.194,3046.3,250908,500,1016,1441,-1.1733,0.64476,1.7444
1060.9,2303.2,-131.77,-0.016512,214.91,-2530.1,5.7682e+05,478481,1,263.53,-984.44,545.67,1465.6,-305.41,1114.6,-975.21,-1883.3,33.355,3052.7,251169,500,1016,1441,-1.184,0.64476,1.7371
1054.1,2279.5,-121.65,-0.011785,197.03,-2506.6,5.7856e+05,478479,1,266.88,-985.89,552.46,1467.9,-303.02,1129,-972.42,-1885.5,30.246,3061.2,251496,500,1016,1441,-1.1946,0.64476,1.7298
1047.2,2255.5,-111.58,-0.0041804,179.49,-2482.8,5.7999e+05,478477,1,270.79,-986.61,558.8,1472.8,-300.78,1143.2,-970.38,-1887.2,27.438,3070.7,251837,500,1016,1441,-1.2052,0.64476,1.7225
1040.1,2231.4,-101.54,0.0030126,162.26,-2458.7,5.82e+05,478475,1,276.45,-987.99,567.42,1482.5,-299.21,1163.5,-968.45,-1889,23.63,3085.8,252687,500,1016,1441,-1.2158,0.64476,1.715
1032.9,2207,-91.547,0.009662,145.31,-2434.1,5.8371e+05,478473,1,281.3,-988.99,576.18,1493.3,-297.36,1187.1,-966.75,-1890.5,18.575,3102.5,253438,500,1016,1441,-1.2263,0.64476,1.7075
860.19,2464.1,-463.45,-1.7108,940.91,-2478.2,5.7988e+05,477035,1,-1829.6,2890.6,-1807.7,-4846.6,440.85,-2316.2,426.97,-93.139,221.78,6652.8,309402,500,1253,1459,-0.85618,0.65765,1.9156
891.11,2532.8,-469.14,-1.7822,944.21,-2556.9,5.8034e+05,477033,1,-2065.4,2518.2,-1810.1,-4562.9,688.98,-2311.6,204.14,-365.18,217.35,6383.1,307518,500,1253,1459,-0.86792,0.65765,1.9103
928.11,2595.3,-470.23,-2.4362,937.23,-2634.3,5.7991e+05,477031,1,-2653.5,2027.5,-1927.8,-3920.9,1026.4,-2165.5,-311.98,-719.78,102.22,6050.7,304551,500,1253,1459,-0.87962,0.65765,1.905
972.68,2651.1,-465.15,-3.1818,917.95,-2710.8,5.8041e+05,477029,1,-2629.3,1869.9,-1883.3,-3420.6,1172.2,-2010.2,-523.96,-876.16,57.699,5667.3,300507,500,1253,1459,-0.89129,0.65765,1.8995
1013.4,2694.9,-456,-2.9145,892.69,-2775,5.8028e+05,477027,1,-2551.7,1592.5,-1768.4,-2475.1,1308.1,-1632.4,-899.78,-1080.7,-53.873,4965.5,294251,500,1253,1459,-0.90293,0.65765,1.894
1052.2,2727,-443.46,-2.8774,860.85,-2828.3,5.805e+05,477025,1,-2328.1,1447.4,-1627,-1676.1,1286,-1255.2,-1094,-1141.4,-132.5,4326.4,288011,500,1253,1459,-0.91454,0.65765,1.8885
1083.9,2745,-428.86,-2.7521,825.67,-2865.6,5.7982e+05,477023,1,-1757.1,1123.9,-1255.1,-713.81,1029.2,-708.87,-1226.6,-1217.8,-177.93,3319.1,268126,500,1253,1459,-0.92611,0.65765,1.8828
1107.4,2751.8,-413.08,-1.8217,790.1,-2888.8,5.7999e+05,477021,1,-1362.7,922.64,-1003.5,-56.111,733.95,-283.68,-1266.4,-1233.7,-201.96,2739.4,237956,500,1253,1459,-0.93764,0.65765,1.8771
1125.6,2749.4,-397.52,-1.8934,753.91,-2901,5.7994e+05,477019,1,-875.57,629.66,-663.87,487.97,523.58,63.497,-1229.5,-1288.1,-168.87,2306.4,172428,500,1253,1459,-0.94914,0.65765,1.8713
1135.5,2739.9,-382.68,-1.2338,720.85,-2902.3,5.7944e+05,477017,1,-522.38,219.28,-344.7,878.72,205.12,380.78,-1208.7,-1379.7,-134.32,2217.9,168717,500,1016,1441,-0.96061,0.65765,1.8654
1142.9,2725.2,-367.88,-1.2728,687.25,-2897.6,5.8099e+05,477015,1,-322.59,-203.26,-95.102,1124.5,-33.335,601.22,-1201,-1514.8,-92.885,2351,174838,500,1016,1441,-0.97203,0.65765,1.8595
1143.1,2706.5,-354.47,-0.57199,657.93,-2885.2,5.7915e+05,477013,1,22.546,-449.99,172.88,1296.2,-199.85,760.14,-1091.2,-1605.7,-8.2871,2509.9,225136,500,1016,1441,-0.98343,0.65765,1.8535
1141.5,2687.2,-342.47,-0.45522,630.78,-2871.1,5.8061e+05,477011,1,23.582,-578.67,219.07,1319.7,-263.4,805.43,-1076.5,-1648,5.8184,2591.9,231435,500,1016,1441,-0.99478,0.65765,1.8474
1138.9,2666.4,-330.54,-0.4256,604.03,-2855.1,5.8097e+05,477009,1,108.59,-701.49,310.27,1395.4,-308.34,872.79,-1060,-1704.7,29.757,2726.7,237500,500,1016,1441,-1.0061,0.65765,1.8413
1135.2,2644.9,-318.89,-0.32423,578.33,-2837.5,5.8097e+05,477007,1,148.89,-753,352.31,1421.9,-325.35,903.08,-1049.9,-1728.5,38.561,2783.5,239509,500,1016,1441,-1.0174,0.65765,1.8351
1130.8,2622.9,-307.48,-0.26956,553.4,-2819,5.8079e+05,477005,1,170.08,-817.27,389.31,1445.6,-342.71,934.4,-1044.1,-1760.2,46.815,2849.5,243266,500,1016,1441,-1.0286,0.65765,1.8288
1126.3,2600.4,-296.09,-0.26375,528.8,-2799.8,5.8111e+05,477003,1,189.74,-878.03,425.26,1468.7,-348.23,963.7,-1042.3,-1794.2,52.808,2916,246182,500,1016,1441,-1.0398,0.65765,1.8225
1121.1,2577.7,-284.89,-0.17484,505.02,-2779.9,5.8013e+05,477001,1,217.46,-913.26,456.68,1468.5,-347.34,975.63,-1028.2,-1815.8,62.592,2945.7,247241,500,1016,1441,-1.051,0.65765,1.8161
1115.5,2555.1,-273.99,-0.11466,482.11,-2759.7,5.7921e+05,476999,1,226.36,-929.3,470.66,1461.6,-347.96,984.34,-1016.8,-1827.1,67.259,2956.2,247545,500,1016,1441,-1.0621,0.65765,1.8096
1109.9,2532.4,-263.21,-0.11162,459.67,-2739.2,5.797e+05,476997,1,230.79,-943.45,481.55,1465.7,-348.7,999.64,-1012.9,-1836.4,66.955,2974.4,248128,500,1016,1441,-1.0732,0.65765,1.803
1104.1,2509.5,-252.46,-0.1015,437.62,-2718.3,5.7885e+05,476995,1,232.45,-953.33,488.57,1475.3,-345.1,1015.7,-1014.5,-1843.9,62.118,2993.6,248656,500,1016,1441,-1.0842,0.65765,1.7964
1098.2,2486.4,-241.71,-0.090302,415.92,-2697,5.7791e+05,476993,1,238.92,-966.41,502.14,1482.1,-341.61,1033.7,-1013.1,-1853.5,61.755,3015.1,249435,500,1016,1441,-1.0952,0.65765,1.7897
1092.1,2463.1,-231.02,-0.076699,394.63,-2675.3,5.772e+05,476991,1,242.66,-970.52,508.57,1480.9,-336.83,1043.1,-1009.2,-1858.5,59.403,3021.6,249890,500,1016,1441,-1.1062,0.65765,1.783
1086,2439.8,-220.44,-0.061961,373.83,-2653.5,5.7618e+05,476989,1,245.44,-974.67,515.59,1476,-334.05,1051.3,-1004.8,-1862.1,58.996,3025.2,250060,500,1016,1441,-1.1171,0.65765,1.7761
1079.7,2416.5,-209.92,-0.056412,353.45,-2631.4,5.7583e+05,476987,1,247.38,-978.92,521.31,1475.2,-328.41,1063.4,-1000.9,-1867.3,54.498,3032.7,250343,500,1016,1441,-1.128,0.65765,1.7693
1073.4,2393.1,-199.47,-0.046316,333.46,-2609.1,5.7497e+05,476985,1,250.47,-981.86,528.28,1474.7,-325.46,1074.5,-998.18,-1870.4,52.929,3039.5,250641,500,1016,1441,-1.1388,0.65765,1.7623
1066.9,2369.6,-189.08,-0.037659,313.86,-2586.6,5.7463e+05,476983,1,253,-984.74,534.68,1472.9,-321.46,1085.2,-994.67,-1874,50.663,3045.3,250862,500,1016,1441,-1.1496,0.65765,1.7553
1060.4,2346.1,-178.76,-0.026032,294.67,-2563.9,5.7426e+05,476981,1,255.57,-987.08,540.98,1469.7,-317.38,1094.9,-990.45,-1877.4,48.865,3049.6,251043,500,1016,1441,-1.1604,0.65765,1.7482
1053.7,2322.5,-168.52,-0.019692,275.88,-2541,5.7516e+05,476979,1,257.46,-987.75,545.66,1466.8,-315.11,1103.4,-986.74,-1879.2,47.112,3052.1,251137,500,1016,1441,-1.1711,0.65765,1.741
1047,2298.8,-158.36,-0.01612,257.47,-2517.9,5.7698e+05,476977,1,260.17,-989.6,553.02,1464.3,-313.48,1116.2,-982.8,-1881.2,45.236,3057.5,251359,500,1016,1441,-1.1817,0.65765,1.7338
1040.2,2275.1,-148.27,-0.010847,239.41,-2494.6,5.7851e+05,476975,1,263.32,-989.78,557.68,1465.4,-310.22,1128.6,-978.8,-1883.3,40.455,3063.3,251562,500,1016,1441,-1.1923,0.65765,1.7265
1033.2,2251.2,-138.22,-0.0049554,221.69,-2471,5.8056e+05,476973,1,267.98,-991.88,566.96,1471.3,-308.79,1147.7,-976.85,-1885.4,37.721,3076.5,252238,500,1016,1441,-1.2029,0.65765,1.7192
1026.2,2227.1,-128.21,0.0020396,204.27,-2447,5.8242e+05,476971,1,273.73,-993.2,575.65,1481.6,-306.87,1168.2,-975.22,-1887.3,33.756,3092,252985,500,1016,1441,-1.2134,0.65765,1.7118
1018.9,2202.7,-118.24,0.0097433,187.13,-2422.6,5.835e+05,476969,1,276.87,-993.58,581.54,1489.2,-304.88,1184.8,-974.37,-1888.4,29.938,3103.7,253485,500,1016,1441,-1.2239,0.65765,1.7043
905.19,2468.4,-462.35,-1.0778,934.11,-2500.7,5.7827e+05,475531,1,-1327.1,3304.4,-1751.9,-5125.9,262.87,-2385.3,749.63,134.56,287.78,6960.3,311257,500,1253,1459,-0.85452,0.67051,1.9119
930.59,2540.4,-471.99,-1.1949,945.38,-2578.5,5.7844e+05,475529,1,-1592.2,3008.5,-1782.9,-4869.4,425.53,-2360.9,524.7,-68.911,261.58,6676.7,309553,500,1253,1459,-0.86623,0.67051,1.9066
961.39,2607.5,-477.41,-1.5399,947.65,-2655.7,5.7874e+05,475527,1,-2033.9,2497.3,-1821.3,-4359.3,702.74,-2259.3,142.14,-398.66,205.05,6205.9,305805,500,1253,1459,-0.87791,0.67051,1.9013
998,2666.4,-477.38,-2.2714,938.46,-2730,5.7857e+05,475525,1,-2372.6,1962.6,-1808.2,-3594.8,977.69,-2030.5,-322.11,-749.42,112.66,5606.3,299958,500,1253,1459,-0.88956,0.67051,1.8958
1036.3,2713.3,-471.14,-2.4075,918.27,-2795.4,5.7914e+05,475523,1,-2296.8,1751,-1712.7,-2770.8,1128,-1715.1,-645.44,-928.86,21.589,4944.2,294079,500,1253,1459,-0.90118,0.67051,1.8904
1070.1,2744.3,-460.6,-2.1926,890.62,-2845.2,5.7884e+05,475521,1,-2006.8,1306.9,-1436.1,-1485.9,1124.8,-1117.4,-1007.8,-1165.5,-73.937,3859.9,282375,500,1253,1459,-0.91276,0.67051,1.8848
1099.9,2760,-446.4,-2.2103,855.97,-2879.9,5.7842e+05,475519,1,-1544.7,1009.5,-1118,-471.85,988.24,-582.56,-1199.1,-1272.4,-135.8,3044.5,250821,500,1253,1459,-0.92431,0.67051,1.8792
1118.4,2761.8,-431.41,-1.3911,821.74,-2896.4,5.7836e+05,475517,1,-987.33,645.3,-722.77,269.99,650.67,-96.497,-1218.1,-1336.8,-129.82,2388.9,187584,500,1253,1459,-0.93582,0.67051,1.8734
1131.8,2755.6,-416.7,-1.2412,787.5,-2903,5.783e+05,475515,1,-610.71,163.26,-367.17,741.58,231.36,295.05,-1204.3,-1418,-103.34,2217.9,168716,500,1016,1441,-0.9473,0.67051,1.8677
1136.3,2740.9,-402.82,-0.72488,755.94,-2897.4,5.7761e+05,475513,1,-179.1,-121.02,-47.585,1136.1,14.757,579.23,-1128.2,-1498.4,-39.192,2279.3,171418,500,1016,1441,-0.95874,0.67051,1.8618
1137.3,2723.3,-390.1,-0.60201,726.43,-2886.9,5.7853e+05,475511,1,-66.704,-415.84,116.68,1259.3,-150.76,712.76,-1106.5,-1593.7,-0.90071,2464.1,194225,500,1016,1441,-0.97015,0.67051,1.8559
1135.8,2703.5,-377.72,-0.37916,698.14,-2873,5.7869e+05,475509,1,76.676,-606.57,261.45,1345.4,-248.08,804.19,-1077.5,-1671.4,34.522,2629.9,233537,500,1016,1441,-0.98152,0.67051,1.8499
1132.1,2682.9,-366.27,-0.22041,671.91,-2857,5.7805e+05,475507,1,127.28,-678.96,315.17,1363.3,-297.72,841.26,-1044.1,-1698.4,54.91,2685,236011,500,1016,1441,-0.99285,0.67051,1.8439
1128.2,2661.8,-355,-0.25046,646.12,-2840.1,5.7981e+05,475505,1,163.15,-792.85,378.69,1412.3,-342.69,896.89,-1039.7,-1745.1,68.74,2801.1,240183,500,1016,1441,-1.0041,0.67051,1.8377
1123.6,2640,-343.79,-0.20124,620.96,-2822.1,5.7948e+05,475503,1,193.91,-863.32,424.15,1439.2,-361.4,932.29,-1034.3,-1779.7,77.133,2877,244499,500,1016,1441,-1.0154,0.67051,1.8315
1118.6,2617.9,-332.72,-0.17475,596.39,-2803.5,5.793e+05,475501,1,196.34,-891.3,437.48,1455.6,-363.94,953.42,-1036.3,-1795.2,74.602,2913.3,246034,500,1016,1441,-1.0266,0.67051,1.8253
1113.5,2595.4,-321.64,-0.17202,572.16,-2784.2,5.7958e+05,475499,1,220.29,-925.24,468.05,1466.2,-365.49,971.76,-1029.3,-1814,83.831,2951,247393,500,1016,1441,-1.0378,0.67051,1.8189
1107.9,2572.7,-310.69,-0.10972,548.6,-2764.4,5.7802e+05,475497,1,225.72,-939.16,477.84,1466.1,-358.63,981.82,-1025.6,-1826.4,80.743,2966.1,247851,500,1016,1441,-1.0489,0.67051,1.8125
1102.2,2550.1,-299.93,-0.084919,525.67,-2744.4,5.7788e+05,475495,1,233.08,-951.78,490.2,1462,-358.17,991.13,-1016.9,-1835.7,84.644,2976.5,248193,500,1016,1441,-1.06,0.67051,1.8061
1096.4,2527.4,-289.25,-0.084559,503.2,-2724.1,5.779e+05,475493,1,233.86,-959,495.79,1464.4,-356.42,1003.4,-1015.3,-1840.9,80.983,2987.4,248483,500,1016,1441,-1.0711,0.67051,1.7995
1090.5,2504.6,-278.6,-0.079514,481.11,-2703.4,5.7709e+05,475491,1,237.47,-970.8,507.19,1473.2,-354.78,1023,-1016.1,-1848.6,78.684,3009.1,249165,500,1016,1441,-1.0821,0.67051,1.7929
1084.5,2481.5,-267.94,-0.080424,459.32,-2682.3,5.7679e+05,475489,1,239.96,-976.44,514.53,1477.8,-350.5,1037.5,-1015.9,-1853.9,75.124,3022.2,249916,500,1016,1441,-1.0931,0.67051,1.7862
1078.3,2458.3,-257.32,-0.069057,437.94,-2660.9,5.7592e+05,475487,1,241.76,-977.38,517.01,1477.8,-344.02,1046.1,-1012.7,-1857.8,69.247,3026.5,250109,500,1016,1441,-1.104,0.67051,1.7795
1072.1,2435,-246.79,-0.055235,417.03,-2639.3,5.7489e+05,475485,1,245.14,-982.92,526.42,1472.6,-341.91,1054.5,-1009,-1861.5,71.522,3031.4,250289,500,1016,1441,-1.1149,0.67051,1.7727
1065.8,2411.8,-236.33,-0.046911,396.53,-2617.5,5.7419e+05,475483,1,246.35,-985.12,530.55,1471.5,-337.41,1064.1,-1005.9,-1865,67.861,3036.3,250510,500,1016,1441,-1.1258,0.67051,1.7658
1059.4,2388.4,-225.93,-0.040009,376.41,-2595.4,5.738e+05,475481,1,248.95,-988.99,537.92,1471.7,-332.52,1077.8,-1003,-1869.6,64.609,3045.2,250855,500,1016,1441,-1.1366,0.67051,1.7589
1052.9,2365,-215.59,-0.030828,356.68,-2573.2,5.7342e+05,475479,1,251.33,-992.35,545.61,1469.2,-329.16,1089.9,-999.66,-1873.2,63.165,3051.7,251118,500,1016,1441,-1.1474,0.67051,1.7519
1046.4,2341.5,-205.32,-0.023738,337.34,-2550.7,5.7387e+05,475477,1,253.1,-991.66,547.76,1467.5,-324.14,1098.2,-995.21,-1875.9,57.789,3053.6,251208,500,1016,1441,-1.1581,0.67051,1.7448
1039.7,2318,-195.11,-0.0197,318.38,-2528,5.7528e+05,475475,1,255.03,-994.29,556.08,1464.1,-322.92,1110.6,-992.35,-1877.9,57.827,3059.2,251425,500,1016,1441,-1.1688,0.67051,1.7377
1033,2294.4,-184.98,-0.015531,299.79,-2505.1,5.7692e+05,475473,1,257.6,-994.71,561.02,1463,-320.19,1121.2,-988.54,-1879.7,54.583,3063.3,251563,500,1016,1441,-1.1794,0.67051,1.7305
1026.1,2270.7,-174.91,-0.011108,281.56,-2482,5.7887e+05,475471,1,260.57,-995.19,566.35,1464.1,-317.9,1133.7,-985.31,-1881.5,50.974,3069.6,251809,500,1016,1441,-1.19,0.67051,1.7232
1019.2,2246.8,-164.89,-0.0060376,263.67,-2458.6,5.8087e+05,475469,1,265.06,-997.56,576.69,1469.8,-317.87,1153.1,-984.32,-1882.9,49.642,3083.1,252589,500,1016,1441,-1.2006,0.67051,1.7159
1012.1,2222.7,-154.91,0.0018307,246.07,-2434.8,5.8246e+05,475467,1,270.85,-997.12,581.98,1480,-313.04,1171.6,-980.89,-1885.5,42.046,3096.1,253186,500,1016,1441,-1.2111,0.67051,1.7085
1004.8,2198.4,-144.96,0.010008,228.75,-2410.6,5.8321e+05,475465,1,272.22,-997.62,589.65,1487,-310.53,1191.5,-981.89,-1886.3,39.108,3109.4,253686,500,1016,1441,-1.2215,0.67051,1.701
956.12,2470.1,-457.93,-0.56197,920.44,-2525.5,5.7694e+05,474029,1,-756.68,3906.4,-1739.4,-5413.9,1.6405,-2417.1,1113.8,485.93,322.52,7455.9,313888,500,1253,1459,-0.85282,0.68334,1.9081
976.36,2544.9,-471.08,-0.65909,938.87,-2601.9,5.7647e+05,474027,1,-1156.7,3350.4,-1728.6,-5056.5,240.64,-2385.4,786.32,141.34,306.28,6899.2,310894,500,1253,1459,-0.86451,0.68334,1.9028
999.2,2615.3,-481.23,-0.67179,951.18,-2676.7,5.7682e+05,474025,1,-1430,2972.9,-1732.9,-4688.5,393.11,-2305,529.58,-88.501,275.07,6457.5,308160,500,1253,1459,-0.87617,0.68334,1.8975
1028.3,2678.8,-486.37,-1.1879,952.61,-2750,5.7663e+05,474023,1,-1831.3,2418.3,-1732.1,-3937.3,630.63,-2070,59.359,-430.37,181.07,5710.4,300917,500,1253,1459,-0.8878,0.68334,1.8921
1060,2729,-484.85,-1.4761,941.4,-2814.3,5.7721e+05,474021,1,-1748.3,1696.7,-1450.5,-2703.1,809.78,-1580.4,-394.52,-860.16,122.21,4405.7,288836,500,1253,1459,-0.89939,0.68334,1.8866
1088.6,2759.7,-477.06,-1.4733,918.73,-2860.9,5.7714e+05,474019,1,-1653.1,1311.9,-1276.5,-1405.5,960.56,-1026.8,-859.69,-1126.3,-7.8536,3470.4,274068,500,1253,1459,-0.91095,0.68334,1.8811
1112.5,2773,-464.92,-1.4847,888.08,-2890.4,5.7628e+05,474017,1,-1144.5,797.77,-851.8,-255.17,696.11,-376.35,-1081.4,-1284.5,-64.083,2487.3,196577,500,1253,1459,-0.92248,0.68334,1.8754
1127,2770.8,-450.73,-0.84897,855.05,-2901.6,5.7694e+05,474015,1,-484.99,149,-294.29,719.96,276.13,261.76,-1136.1,-1462.6,-32.023,2106.6,164970,500,1016,1441,-0.93397,0.68334,1.8697
1131,2757.1,-437.67,-0.47493,824.26,-2897,5.7523e+05,474013,1,-329.43,-99.91,-129.18,974.09,87.586,463.29,-1144.5,-1517.3,-25.89,2217.9,168715,500,1016,1441,-0.94542,0.68334,1.864
1131.6,2739.7,-425.27,-0.35205,794.76,-2887.2,5.7646e+05,474011,1,14.881,-518.94,199.36,1275.5,-193.48,729.15,-1073.7,-1645,52.648,2523.2,226301,500,1016,1441,-0.95684,0.68334,1.8581
1129.3,2719.9,-413.46,-0.25866,766.76,-2873.4,5.7621e+05,474009,1,104.81,-657.73,298,1356.1,-274.86,810.57,-1058.9,-1689.6,70.052,2661.7,235125,500,1016,1441,-0.96822,0.68334,1.8522
1125.6,2699.3,-402.04,-0.1757,739.9,-2857.8,5.7654e+05,474007,1,147.97,-733.71,350.14,1385,-306.37,846.53,-1048.3,-1722.7,82.61,2735.9,237851,500,1016,1441,-0.97957,0.68334,1.8462
1121.1,2678.1,-390.98,-0.11772,714.08,-2841.1,5.7662e+05,474005,1,188.36,-823.07,407.27,1405.6,-349.59,886.77,-1030.2,-1760.3,99.059,2816.5,240782,500,1016,1441,-0.99088,0.68334,1.8402
1116.3,2656.6,-380.05,-0.14473,688.75,-2823.8,5.7839e+05,474003,1,204.75,-873.23,437.4,1426.5,-370.22,917.5,-1026.6,-1780.2,102.4,2871.1,244286,500,1016,1441,-1.0022,0.68334,1.8341
1111.1,2634.7,-369.13,-0.12701,663.9,-2805.7,5.7792e+05,474001,1,214.33,-894.31,452.82,1441,-373.9,936.73,-1028.2,-1791.7,100.86,2902.1,245520,500,1016,1441,-1.0134,0.68334,1.8279
1105.7,2612.6,-358.29,-0.11785,639.53,-2787,5.7807e+05,473999,1,219.73,-928.4,471.93,1453.7,-377.65,959.34,-1028.6,-1810.3,100.59,2941.8,247085,500,1016,1441,-1.0246,0.68334,1.8217
1100.2,2590.1,-347.44,-0.11104,615.54,-2767.9,5.7792e+05,473997,1,227.34,-950.8,487.69,1462.7,-375.44,975.93,-1027.7,-1823.7,100.13,2969.6,247976,500,1016,1441,-1.0357,0.68334,1.8153
1094.4,2567.6,-336.66,-0.079766,592.04,-2748.3,5.7668e+05,473995,1,232.48,-957.92,495.93,1464.1,-371.41,985.56,-1025.4,-1830.8,99.228,2980.5,248296,500,1016,1441,-1.0469,0.68334,1.8089
1088.6,2545,-326,-0.069193,569.07,-2728.4,5.7664e+05,473993,1,235.15,-969.34,505.55,1460.3,-367.94,996.64,-1019.8,-1839.9,98.971,2991.1,248577,500,1016,1441,-1.0579,0.68334,1.8025
1082.6,2522.3,-315.4,-0.067635,546.53,-2708.3,5.7642e+05,473991,1,236.25,-976.3,511.69,1463.9,-364.7,1011.1,-1018.4,-1845.7,94.044,3003.7,248984,500,1016,1441,-1.069,0.68334,1.796
1076.6,2499.5,-304.81,-0.066881,524.35,-2687.8,5.7558e+05,473989,1,238.17,-983.93,520.85,1469,-363.95,1026.2,-1019.6,-1850.2,93.648,3018.5,249738,500,1016,1441,-1.08,0.68334,1.7894
1070.6,2476.5,-294.22,-0.07103,502.47,-2667,5.7576e+05,473987,1,238.04,-984.22,521.86,1474.3,-357.81,1037.8,-1019.6,-1853.5,85.647,3026.4,250103,500,1016,1441,-1.0909,0.68334,1.7827
1064.4,2453.3,-283.67,-0.055382,481.01,-2645.9,5.7409e+05,473985,1,241.43,-990.5,530.95,1472.6,-352.05,1049.1,-1016.9,-1859.4,84.56,3035.3,250456,500,1016,1441,-1.1019,0.68334,1.776
1058.1,2430.2,-273.2,-0.044826,459.99,-2624.6,5.7333e+05,473983,1,243.29,-993.28,536.26,1469.7,-346,1059,-1012.6,-1864.1,81.059,3039.9,250658,500,1016,1441,-1.1127,0.68334,1.7692
1051.8,2407,-262.8,-0.037473,439.37,-2603,5.7276e+05,473981,1,244.66,-997.44,543.61,1468.2,-343.1,1070.3,-1010.7,-1867.8,80.503,3047.3,250944,500,1016,1441,-1.1236,0.68334,1.7623
1045.3,2383.7,-252.44,-0.032591,419.13,-2581.2,5.7256e+05,473979,1,246.56,-998.07,547.9,1468.7,-338.84,1081.1,-1008.3,-1870.5,76.592,3052.7,251167,500,1016,1441,-1.1344,0.68334,1.7554
1038.8,2360.3,-242.14,-0.026592,399.25,-2559.2,5.7278e+05,473977,1,247.97,-998.5,552.07,1467.8,-336.08,1090.5,-1006,-1872.3,73.898,3056.6,251327,500,1016,1441,-1.1451,0.68334,1.7484
1032.2,2336.8,-231.91,-0.023707,379.75,-2536.9,5.7406e+05,473975,1,249.59,-999.72,558.01,1464.7,-332.41,1102.7,-1002.2,-1875,70.606,3061,251483,500,1016,1441,-1.1558,0.68334,1.7413
1025.6,2313.3,-221.73,-0.019704,360.63,-2514.5,5.7552e+05,473973,1,251.66,-1000.5,563.52,1462.6,-329.29,1113.6,-998.74,-1877,67.854,3065.1,251633,500,1016,1441,-1.1665,0.68334,1.7342
1018.8,2289.8,-211.62,-0.015273,341.87,-2491.8,5.7694e+05,473971,1,254.19,-1001.1,569.4,1461.8,-327.32,1125.9,-995.34,-1878.7,64.956,3070.3,251827,500,1016,1441,-1.1771,0.68334,1.727
1012,2266.1,-201.58,-0.012355,323.47,-2468.9,5.7923e+05,473969,1,258.06,-1002.2,577.14,1463.7,-325.69,1142.6,-991.9,-1880.4,61.215,3079.3,252372,500,1016,1441,-1.1877,0.68334,1.7198
1005,2242.3,-191.58,-0.0076537,305.4,-2445.7,5.8119e+05,473967,1,262.05,-1002.5,583.43,1468.4,-324.02,1156.8,-990.01,-1881.6,58.161,3088.3,252783,500,1016,1441,-1.1982,0.68334,1.7125
997.88,2218.2,-181.63,0.00064848,287.64,-2422.1,5.8238e+05,473965,1,266.62,-1002.3,590.75,1477.4,-320.96,1175.9,-988.96,-1883,53.604,3101.6,253406,500,1016,1441,-1.2087,0.68334,1.7051
990.64,2193.9,-171.69,0.0083782,270.14,-2398.2,5.8276e+05,473963,1,267.56,-1001.6,595.34,1483,-317.13,1192.7,-988.59,-1884.2,48.51,3111.5,253766,500,1016,1441,-1.2191,0.68334,1.6976
1000.7,2391.2,-432.09,-0.18892,870.93,-2479.4,5.7491e+05,472531,1,-364.13,4451,-1781.5,-5560,-171.3,-2385.8,1343.8,784.81,305.52,7891,316420,500,1253,1459,-0.83939,0.69616,1.9094
1014.1,2469.4,-449.73,-0.1741,899.08,-2553.5,5.7519e+05,472529,1,-372.69,4401.8,-1779.7,-5568.1,-142.46,-2431.8,1341.3,746.8,324.27,7879.3,316342,500,1253,1459,-0.85109,0.69616,1.9042
1029.3,2545.9,-465.92,-0.22161,923.76,-2627.7,5.7428e+05,472527,1,-523.55,4102.4,-1744.1,-5329.8,-65.482,-2393.9,1179.5,572.64,324.48,7490.8,314075,500,1253,1459,-0.86276,0.69616,1.899
1045.8,2618.6,-479.91,-0.12989,943.95,-2700,5.7465e+05,472525,1,-842.69,3449.5,-1657.2,-4804.9,73.201,-2246.5,832.41,216.54,304.33,6657.9,309436,500,1253,1459,-0.8744,0.69616,1.8937
1064.1,2684.3,-490.64,-0.26775,957.04,-2768.1,5.7376e+05,472523,1,-977.17,2647.6,-1438,-3977.2,116.2,-1911.1,460.67,-170.76,277.96,5462.1,298550,500,1253,1459,-0.886,0.69616,1.8883
1084.1,2737.1,-495.76,-0.45997,958.93,-2827.2,5.7309e+05,472521,1,-1228,2057.1,-1347.8,-3056.9,148.31,-1508.1,2.5541,-462.32,169.91,4409.1,288873,500,1253,1459,-0.89757,0.69616,1.8828
1107.3,2771.5,-492.57,-0.88766,944.47,-2873.7,5.7382e+05,472519,1,-989.89,1174.1,-913.65,-1496.9,183.56,-787.96,-495.11,-909.84,96.261,2677.8,235741,500,1253,1459,-0.90911,0.69616,1.8772
1122.6,2780.6,-483.07,-0.83292,918.97,-2895,5.724e+05,472517,1,-622.51,310.19,-418.52,-18.872,86.929,-37.586,-914.08,-1301.4,34.314,1788.5,130037,500,1253,1459,-0.92061,0.69616,1.8716
1126.4,2772.4,-471.97,-0.22955,891.71,-2895.2,5.7246e+05,472515,1,-176.4,-181.74,-18.044,754.65,-91.854,413.3,-989.44,-1504,68.357,2014.7,147149,500,1016,1441,-0.93207,0.69616,1.8659
1125.6,2755.4,-460.41,-0.11865,863.24,-2885.5,5.7266e+05,472513,1,-36.964,-472.06,158.24,1178.5,-166.56,660.6,-1069.9,-1636,67.791,2434.8,191369,500,1016,1441,-0.94351,0.69616,1.8602
1122.6,2736.1,-449.21,-0.10013,835.71,-2872.2,5.7411e+05,472511,1,157.25,-737.73,359.24,1347.4,-308.81,810.43,-1031.5,-1728.3,119.97,2707.5,236810,500,1016,1441,-0.9549,0.69616,1.8544
1118.6,2715.5,-438.07,-0.097193,808.7,-2857.1,5.7449e+05,472509,1,158.69,-801.56,384.97,1384.9,-332.69,850.08,-1044,-1752.1,112.85,2782.1,239467,500,1016,1441,-0.96626,0.69616,1.8485
1113.9,2694.3,-427.09,-0.069506,782.41,-2840.9,5.7415e+05,472507,1,204.23,-879.03,441.12,1413.4,-366.86,890.53,-1030.7,-1784.1,126.32,2862.8,243851,500,1016,1441,-0.97759,0.69616,1.8425
1108.8,2672.9,-416.27,-0.062042,756.79,-2823.9,5.7497e+05,472505,1,217.68,-900.46,458.71,1422.9,-376.29,908.9,-1025,-1793.8,128.07,2888.9,244999,500,1016,1441,-0.98887,0.69616,1.8365
1103.4,2651.2,-405.54,-0.074245,731.69,-2806.4,5.7595e+05,472503,1,218.65,-920.57,468.98,1431.7,-382.62,926.84,-1026.2,-1802,124.12,2913.1,246022,500,1016,1441,-1.0001,0.69616,1.8304
1097.9,2629.3,-394.81,-0.077763,706.97,-2788.3,5.7637e+05,472501,1,227.72,-948.28,488.18,1445.5,-388.55,949.73,-1026.6,-1815.4,123.68,2949.1,247342,500,1016,1441,-1.0113,0.69616,1.8242
1092.2,2607.1,-384.11,-0.076371,682.68,-2769.7,5.7625e+05,472499,1,232.58,-962.6,499.91,1452.2,-388.99,964.82,-1026.5,-1823.5,122.96,2969.1,247957,500,1016,1441,-1.0225,0.69616,1.818
1086.5,2584.7,-373.42,-0.071703,658.77,-2750.8,5.7596e+05,472497,1,231.79,-972.46,505.99,1458.6,-383.72,979.68,-1028.3,-1831.7,117.2,2986,248450,500,1016,1441,-1.0336,0.69616,1.8117
1080.6,2562.2,-362.75,-0.060751,635.28,-2731.5,5.756e+05,472495,1,234.89,-982.96,515.58,1459.3,-377.91,992.34,-1025.6,-1840.8,115.36,2999.7,248863,500,1016,1441,-1.0447,0.69616,1.8053
1074.7,2539.7,-352.17,-0.053471,612.25,-2711.9,5.7517e+05,472493,1,236.38,-986.74,520.66,1458.6,-375.07,1001.3,-1023.2,-1844.5,113.28,3005.5,249040,500,1016,1441,-1.0558,0.69616,1.7988
1068.7,2517.1,-341.63,-0.053699,589.64,-2692,5.7476e+05,472491,1,236.33,-991.44,525.79,1461.4,-372.7,1014.7,-1022.8,-1848.6,109.22,3015.8,249606,500,1016,1441,-1.0668,0.69616,1.7923
1062.6,2494.3,-331.11,-0.059115,567.36,-2671.7,5.7504e+05,472489,1,237.01,-995.75,531.27,1466.3,-369.81,1029.2,-1023.4,-1852.6,104.53,3027.6,250153,500,1016,1441,-1.0778,0.69616,1.7857
1056.4,2471.3,-320.59,-0.053839,545.43,-2651.2,5.7385e+05,472487,1,237.75,-1000,536.83,1468.9,-363.82,1041.3,-1023.4,-1857.5,100.57,3037.6,250577,500,1016,1441,-1.0887,0.69616,1.7791
1050.2,2448.3,-310.11,-0.042344,523.9,-2630.4,5.7256e+05,472485,1,239.57,-1003.3,542.74,1468.3,-357.82,1051.5,-1021.2,-1862.3,97.921,3044.4,250820,500,1016,1441,-1.0996,0.69616,1.7724
1043.9,2425.2,-299.7,-0.035644,502.76,-2609.3,5.7195e+05,472483,1,240.56,-1004.1,546.41,1466.7,-353.37,1060.7,-1018.3,-1865.3,94.349,3048.1,250984,500,1016,1441,-1.1105,0.69616,1.7656
1037.5,2402,-289.35,-0.030106,482.03,-2588,5.7156e+05,472481,1,241.24,-1008.3,554.28,1464.8,-350.48,1073.1,-1016.9,-1869,93.941,3055.8,251287,500,1016,1441,-1.1213,0.69616,1.7588
1031.1,2378.8,-279.03,-0.028434,461.64,-2566.4,5.7193e+05,472479,1,243.03,-1006,555.47,1466.5,-344.52,1084.1,-1013.6,-1871.2,86.084,3059.5,251430,500,1016,1441,-1.1321,0.69616,1.7518
1024.6,2355.5,-268.76,-0.026062,441.61,-2544.6,5.7297e+05,472477,1,244.19,-1008.1,562.16,1465,-342.2,1096,-1011.9,-1873.5,84.725,3065.6,251646,500,1016,1441,-1.1428,0.69616,1.7449
1018,2332.1,-258.55,-0.022477,421.96,-2522.6,5.7404e+05,472475,1,245.32,-1009.6,567.74,1462.5,-339.88,1105.8,-1009.7,-1875.5,83.228,3069.7,251810,500,1016,1441,-1.1535,0.69616,1.7378
1011.3,2308.6,-248.4,-0.018381,402.67,-2500.4,5.7539e+05,472473,1,247.51,-1009.3,572.5,1460.8,-336.03,1117.7,-1005.7,-1877.5,78.803,3073.5,251955,500,1016,1441,-1.1641,0.69616,1.7307
1004.5,2285.1,-238.32,-0.015601,383.75,-2477.9,5.7738e+05,472471,1,250.05,-1010.6,579.88,1460.9,-334.24,1132.4,-1003.1,-1879.3,76.379,3081,252467,500,1016,1441,-1.1747,0.69616,1.7235
997.68,2261.4,-228.29,-0.013099,365.17,-2455.2,5.7949e+05,472469,1,253.35,-1009.6,584.51,1462.4,-332.09,1144.7,-999.78,-1880.2,72.201,3086.2,252703,500,1016,1441,-1.1853,0.69616,1.7163
990.7,2237.6,-218.31,-0.0088321,346.93,-2432.2,5.8119e+05,472467,1,258.26,-1008.3,590.05,1467,-329.21,1160.2,-996.19,-1881.3,66.702,3094.2,253122,500,1016,1441,-1.1958,0.69616,1.709
983.59,2213.6,-208.37,-0.0014432,328.99,-2408.9,5.8213e+05,472465,1,260.75,-1009.6,598.31,1473.7,-328.34,1177.9,-997.38,-1882.2,65.158,3107.1,253595,500,1016,1441,-1.2062,0.69616,1.7016
976.38,2189.4,-198.45,0.0049237,311.31,-2385.2,5.8232e+05,472463,1,261.29,-1006.2,601.12,1478.4,-321.8,1193.9,-996.31,-1883,58.245,3114.2,253860,500,1016,1441,-1.2167,0.69616,1.6942
1068.1,2387.7,-418.85,-0.031492,839.21,-2512.6,5.7285e+05,471031,1,-84.764,4936.2,-1874.7,-5663.9,-286.4,-2383.3,1506,1031.2,277.99,8314.9,318254,500,1253,1459,-0.83766,0.70894,1.9055
1079,2466.8,-438,0.032472,870.6,-2585.2,5.7298e+05,471029,1,-167.76,4727.2,-1840.6,-5587.9,-236.03,-2415.7,1441,911.23,305.06,8116.6,317561,500,1253,1459,-0.84933,0.70894,1.9003
1090.8,2544.1,-456.16,0.0026039,899.37,-2657.4,5.7198e+05,471027,1,-195.03,4574.4,-1800.8,-5382.8,-224.29,-2360.6,1353.8,834.25,302.2,7837.3,316016,500,1253,1459,-0.86098,0.70894,1.8951
1102.6,2617,-472.67,-0.025939,924.42,-2726.3,5.7234e+05,471025,1,-38.267,4248.9,-1613.3,-4968.4,-233.73,-2202.4,1247,703.41,310.41,7238.4,312821,500,1253,1459,-0.87259,0.70894,1.8897
1112,2681.6,-487.07,0.044422,945.12,-2787.8,5.7141e+05,471023,1,-192.38,3612.9,-1445.7,-4258.1,-212.62,-1913.1,931.18,424.63,276.16,6175.8,305601,500,1253,1459,-0.88417,0.70894,1.8844
1118.6,2733.2,-497.98,0.046667,958.66,-2837.4,5.7024e+05,471021,1,100.22,2316.7,-825.68,-3084.7,-257.77,-1371,604.67,-97.116,323.86,4242.7,287117,500,1253,1459,-0.89572,0.70894,1.8789
1121.8,2766.8,-503.74,0.052913,962.12,-2870.8,5.7419e+05,471019,1,16.314,754.03,-275.95,-1522.7,-238.63,-644.12,28.936,-746.44,295.34,2020.1,147318,500,1253,1459,-0.90723,0.70894,1.8734
1121.3,2775.4,-501.94,-0.013251,951.09,-2882.3,5.7689e+05,471017,1,59.545,-94.911,66.295,-42.209,-281.35,88.04,-487.29,-1263.8,239.25,1413.3,12279,500,1016,1441,-0.9187,0.70894,1.8678
1118.5,2767.2,-494.87,-0.022388,930.4,-2878.8,5.7383e+05,471015,1,99.16,-643.31,294.8,804.11,-329.19,527.94,-844.56,-1624.6,196.3,2221.5,168852,500,1016,1441,-0.93015,0.70894,1.8621
1115.6,2751,-484.88,-0.11501,904.44,-2868.8,5.7158e+05,471013,1,128.17,-761.05,356.16,1215.6,-351.35,751.24,-986.77,-1714.4,154.18,2612.4,232463,500,1016,1441,-0.94156,0.70894,1.8563
1111.2,2731.3,-474.15,-0.0076393,877.82,-2854.7,5.7008e+05,471011,1,193.51,-856.72,428.16,1356.9,-368.04,840.02,-1023.7,-1769.9,150.94,2800,240134,500,1016,1441,-0.95293,0.70894,1.8505
1106.2,2710.4,-463.4,-0.015371,851.36,-2839,5.7121e+05,471009,1,206.45,-892.1,450.56,1399.8,-375.72,874.39,-1028.3,-1786.2,149.97,2859.6,243700,500,1016,1441,-0.96427,0.70894,1.8447
1100.9,2689,-452.67,-0.017152,825.35,-2822.5,5.7133e+05,471007,1,221.3,-937.27,479.29,1421.6,-386.75,902.87,-1029.1,-1807.2,152.26,2913.9,246101,500,1016,1441,-0.97557,0.70894,1.8387
1095.5,2667.4,-442.01,-0.025885,799.85,-2805.5,5.7255e+05,471005,1,223.96,-955.57,490.05,1428.2,-392.04,921.35,-1027.9,-1816,147.61,2936.3,246875,500,1016,1441,-0.98683,0.70894,1.8327
1089.8,2645.7,-431.39,-0.039057,774.79,-2788,5.7402e+05,471003,1,229.19,-976.21,504.72,1439,-397.46,942.59,-1028.6,-1825.2,145.45,2964.5,247808,500,1016,1441,-0.99806,0.70894,1.8266
1084.1,2623.7,-420.77,-0.048471,750.09,-2770.1,5.7485e+05,471001,1,230.61,-981.93,509.85,1446.2,-396.12,956.98,-1029.5,-1829.4,139.67,2977.9,248231,500,1016,1441,-1.0092,0.70894,1.8204
1078.3,2601.5,-410.16,-0.049087,725.8,-2751.7,5.7459e+05,470999,1,232.26,-991.15,517.98,1450.8,-393.96,969.99,-1030.3,-1835.5,137.75,2992.5,248621,500,1016,1441,-1.0204,0.70894,1.8142
1072.5,2579.2,-399.56,-0.048947,701.88,-2733,5.748e+05,470997,1,233.56,-998.37,525.27,1453.9,-390.78,981.87,-1030.6,-1840.9,135.92,3004.6,249015,500,1016,1441,-1.0315,0.70894,1.8079
1066.5,2556.8,-388.99,-0.041977,678.36,-2714,5.7407e+05,470995,1,233.77,-999.89,528.26,1456.2,-385.55,992.37,-1030.1,-1844.6,130.74,3011.4,249223,500,1016,1441,-1.0426,0.70894,1.8015
1060.5,2534.3,-378.47,-0.037326,655.28,-2694.7,5.7328e+05,470993,1,234.19,-1004.8,534.31,1456.6,-381.07,1005.5,-1028.3,-1849.9,127.02,3020.5,249843,500,1016,1441,-1.0536,0.70894,1.7951
1054.4,2511.7,-367.99,-0.042494,632.56,-2675,5.7398e+05,470991,1,234.86,-1007.7,539.26,1459.6,-378.42,1018.8,-1027.8,-1853.2,122.74,3029.7,250239,500,1016,1441,-1.0646,0.70894,1.7886
1048.3,2489,-357.51,-0.043602,610.2,-2655.1,5.733e+05,470989,1,234.86,-1009.2,542.46,1463,-373.98,1030.7,-1028.1,-1856.1,117.26,3037.5,250575,500,1016,1441,-1.0756,0.70894,1.7821
1042.1,2466.1,-347.06,-0.03885,588.2,-2634.8,5.7228e+05,470987,1,235.64,-1013.8,549.51,1463.8,-369.81,1042.5,-1028,-1860.4,115.84,3046.8,250924,500,1016,1441,-1.0865,0.70894,1.7754
1035.8,2443.1,-336.65,-0.033642,566.57,-2614.2,5.7146e+05,470985,1,236.22,-1014.2,553.1,1464.5,-363.75,1054.4,-1026.3,-1864,110.38,3052.7,251172,500,1016,1441,-1.0974,0.70894,1.7687
1029.5,2420.1,-326.28,-0.029917,545.32,-2593.4,5.7124e+05,470983,1,237.31,-1015.7,558.56,1462.9,-358.46,1066.5,-1023.7,-1867.7,106.68,3058.4,251386,500,1016,1441,-1.1082,0.70894,1.762
1023.1,2397,-315.96,-0.026054,524.46,-2572.4,5.7085e+05,470981,1,237.6,-1017.1,563.56,1462.4,-355.7,1077.7,-1022.6,-1869.9,104.32,3064,251591,500,1016,1441,-1.119,0.70894,1.7551
1016.7,2373.8,-305.68,-0.026986,503.93,-2551.1,5.7201e+05,470979,1,238.94,-1016.2,566.19,1463.6,-351.23,1089,-1020.2,-1872.1,98.356,3068.7,251778,500,1016,1441,-1.1297,0.70894,1.7482
1010.2,2350.5,-295.44,-0.023943,483.76,-2529.6,5.7265e+05,470977,1,240.43,-1017.5,572.41,1462.2,-347.75,1101.5,-1018,-1874.6,95.516,3074.5,251996,500,1016,1441,-1.1404,0.70894,1.7413
1003.5,2327.2,-285.27,-0.020131,463.97,-2507.8,5.7393e+05,470975,1,241.77,-1017.9,577.26,1459.9,-344.62,1112.2,-1015,-1876.6,92.458,3078.2,252301,500,1016,1441,-1.1511,0.70894,1.7342
996.87,2303.8,-275.15,-0.017103,444.54,-2485.8,5.7535e+05,470973,1,243.2,-1017.9,581.42,1459,-342.21,1121.8,-1012.6,-1878,89.764,3081.9,252541,500,1016,1441,-1.1617,0.70894,1.7271
990.1,2280.3,-265.08,-0.015534,425.45,-2463.6,5.7742e+05,470971,1,245.07,-1017.7,585.87,1459.5,-340.13,1132.7,-1010.5,-1879.2,86.804,3086.7,252724,500,1016,1441,-1.1723,0.70894,1.72
983.24,2256.6,-255.07,-0.014018,406.7,-2441.1,5.7974e+05,470969,1,248.04,-1017.3,591.73,1461.2,-338.1,1146.8,-1008,-1880.2,83.114,3093.5,253036,500,1016,1441,-1.1828,0.70894,1.7127
976.27,2232.9,-245.1,-0.010919,388.28,-2418.3,5.8139e+05,470967,1,252.28,-1016.2,598.96,1465.5,-335.79,1165,-1005.5,-1880.9,78.295,3102.9,253445,500,1016,1441,-1.1933,0.70894,1.7055
969.18,2208.9,-235.17,-0.0050685,370.16,-2395.2,5.8248e+05,470965,1,256.73,-1013.7,604.79,1473.1,-331.63,1183.9,-1003.6,-1881.5,71.916,3113.4,253831,500,1016,1441,-1.2037,0.70894,1.6981
1132.9,2304.4,-382.63,-0.060109,767.89,-2480,5.7434e+05,469535,1,102.93,5389.3,-1992.9,-5674.9,-363.5,-2320.1,1586.3,1259.2,210.71,8654.1,319428,500,1253,1459,-0.82421,0.7217,1.9066
1141.8,2383.2,-402.56,0.026816,801.59,-2550,5.7095e+05,469533,1,117.89,5442.5,-2018.4,-5729.2,-352.6,-2380.2,1620.7,1276,225.74,8753.7,319705,500,1253,1459,-0.83589,0.7217,1.9015
1151,2462.4,-422.63,0.071176,834.95,-2621,5.7031e+05,469531,1,114.52,5358.6,-1991.5,-5665.7,-337.84,-2400.2,1594.8,1230.4,242.62,8647.9,319401,500,1253,1459,-0.84754,0.7217,1.8963
1159.7,2539.5,-442.13,0.11897,866.64,-2690.5,5.6622e+05,469529,1,182.69,5015.9,-1829.3,-5391.2,-307.8,-2334.4,1502.3,1084.7,269.36,8164.2,317727,500,1253,1459,-0.85916,0.7217,1.8911
1166.4,2612.2,-460.68,0.39281,896.35,-2755.5,5.6188e+05,469527,1,517.65,4700.7,-1559.7,-4955.4,-269.45,-2184.3,1460.6,976.58,300.16,7574.6,314645,500,1253,1459,-0.87075,0.7217,1.8858
1164.4,2677.5,-479.14,1.8323,927.31,-2809.8,5.6106e+05,469525,1,1015.5,3635,-917.92,-4187.4,-242.36,-1870.2,1394.4,570.2,435.06,6215.8,305884,500,1253,1459,-0.88231,0.7217,1.8804
1155.3,2729.2,-496.41,2.8697,954.83,-2849.2,5.6077e+05,469523,1,1630.1,2471.1,-171.39,-3122.1,-234.19,-1396.2,1241.9,86.085,559.03,4733.6,292161,500,1253,1459,-0.89383,0.7217,1.8749
1128.8,2764.7,-513.84,5.8034,985.28,-2865.5,5.5752e+05,469521,1,1573.3,593.23,530.52,-1701.7,-161.1,-757.66,784.1,-687.16,642.36,2846.8,243146,500,1241,1458,-0.90531,0.7217,1.8694
1115.6,2772.7,-521.33,3.0238,987.35,-2868.7,5.5643e+05,469519,1,702.88,-622.61,586.56,-74.027,-157.96,27.046,133.84,-1455.9,628.98,1946.8,144109,500,1241,1458,-0.91677,0.7217,1.8638
1108,2763,-518.28,1.1648,971.13,-2861.3,5.5698e+05,469517,1,262.8,-746.35,420.5,871.14,-288.37,547.42,-685.1,-1665,303.41,2297.4,172159,500,1016,1441,-0.92819,0.7217,1.8582
1103.6,2745.3,-509.77,0.037818,946.19,-2849.4,5.5735e+05,469515,1,227.7,-913.02,472.63,1260.3,-382.6,789,-923.15,-1778.7,226.9,2744.7,238182,500,1016,1441,-0.93957,0.7217,1.8524
1098.1,2725.6,-499.66,0.044339,920.43,-2835,5.5776e+05,469513,1,214.67,-951.32,482.24,1358.8,-402.28,857.66,-1012.4,-1801.9,181.54,2869.2,244205,500,1016,1441,-0.95092,0.7217,1.8466
1092.7,2704.7,-489.21,0.016183,894.38,-2819.3,5.6424e+05,469511,1,223.1,-979.7,500.37,1407.1,-402,894.07,-1026.3,-1822.1,175.95,2933.5,246778,500,1016,1441,-0.96223,0.7217,1.8408
1087.1,2683.3,-478.65,0.0030965,868.51,-2803,5.6773e+05,469509,1,227.21,-1000.5,515.45,1424.3,-403.79,915.1,-1031.6,-1832.8,175.97,2966.8,247884,500,1016,1441,-0.97351,0.7217,1.8348
1081.4,2661.7,-468.08,-0.0083396,843.02,-2786.1,5.701e+05,469507,1,227.94,-999.35,517.22,1431.5,-403.14,929.96,-1032.4,-1833.4,167.62,2974.9,248145,500,1016,1441,-0.98475,0.7217,1.8288
1075.7,2639.9,-457.52,-0.020254,817.93,-2768.9,5.7216e+05,469505,1,229.27,-1002.1,521.03,1437.3,-402.98,943.41,-1032.5,-1835.3,161.7,2984.5,248422,500,1016,1441,-0.99595,0.7217,1.8227
1069.9,2618,-446.96,-0.026668,793.2,-2751.2,5.7288e+05,469503,1,229.72,-1011.5,529.27,1444,-401.56,960.13,-1034.6,-1841,157.8,3001.5,248929,500,1016,1441,-1.0071,0.7217,1.8166
1064,2595.9,-436.42,-0.028132,768.86,-2733.1,5.7289e+05,469501,1,230.2,-1016.4,535.24,1448.8,-397.53,975.4,-1035.2,-1845.7,152.56,3013.7,249385,500,1016,1441,-1.0182,0.7217,1.8104
1058.1,2573.6,-425.89,-0.02855,744.9,-2714.7,5.7279e+05,469499,1,230.59,-1017,537.97,1452,-393.04,986.6,-1035.1,-1848.6,146.91,3020.5,249839,500,1016,1441,-1.0293,0.7217,1.8041
1052.1,2551.3,-415.38,-0.026384,721.32,-2696,5.7225e+05,469497,1,230.46,-1021.5,544.32,1452.7,-389.8,998.34,-1035.2,-1852.8,145.38,3029.4,250232,500,1016,1441,-1.0404,0.7217,1.7977
1046,2528.8,-404.91,-0.028293,698.14,-2676.9,5.7267e+05,469495,1,231.11,-1021.3,547.16,1454.8,-386.19,1009.5,-1034.1,-1854.9,140.41,3034.9,250440,500,1016,1441,-1.0514,0.7217,1.7913
1039.9,2506.3,-394.46,-0.031888,675.32,-2657.5,5.7285e+05,469493,1,231.21,-1021.5,549.87,1457.1,-382.45,1020.8,-1033.6,-1856.9,135.01,3040.7,250676,500,1016,1441,-1.0624,0.7217,1.7848
1033.8,2483.6,-384.03,-0.030737,652.86,-2637.8,5.7187e+05,469491,1,231.27,-1024.7,556.31,1459.3,-377.88,1035.3,-1034.2,-1860.7,131.59,3050.6,251078,500,1016,1441,-1.0733,0.7217,1.7783
1027.6,2460.8,-373.63,-0.029236,630.76,-2617.9,5.7114e+05,469489,1,231.84,-1024.6,559.89,1461,-372.31,1047.9,-1033.1,-1863.7,125.98,3057,251339,500,1016,1441,-1.0842,0.7217,1.7717
1021.3,2437.9,-363.26,-0.027394,609.02,-2597.6,5.7092e+05,469487,1,232.06,-1026.1,564.78,1460.6,-368.43,1058.5,-1032.4,-1866.4,123.58,3062.6,251546,500,1016,1441,-1.095,0.7217,1.765
1015,2415,-352.93,-0.023995,587.65,-2577.1,5.7038e+05,469485,1,233.03,-1025.3,567.44,1460.5,-364.35,1068.2,-1030.3,-1868.3,118.92,3066,251668,500,1016,1441,-1.1058,0.7217,1.7582
1008.6,2391.9,-342.64,-0.022892,566.66,-2556.3,5.7085e+05,469483,1,234.03,-1024.4,570.15,1460.4,-360.65,1078.1,-1028,-1870.1,114.26,3069.5,251808,500,1016,1441,-1.1166,0.7217,1.7514
1002.1,2368.8,-332.4,-0.023495,546.01,-2535.3,5.7179e+05,469481,1,234.1,-1026.5,576.3,1460.6,-357.86,1091.2,-1027.8,-1872.6,112.02,3077,252260,500,1016,1441,-1.1273,0.7217,1.7445
995.58,2345.5,-322.19,-0.021322,525.7,-2514,5.7286e+05,469479,1,235.8,-1025.9,580.56,1460.3,-353.63,1103.3,-1025.2,-1874.6,107.19,3081.6,252533,500,1016,1441,-1.138,0.7217,1.7376
988.97,2322.2,-312.04,-0.01788,505.76,-2492.5,5.7381e+05,469477,1,237.49,-1024.8,583.79,1458.8,-350.17,1112.7,-1021.9,-1876.2,103.15,3084,252619,500,1016,1441,-1.1487,0.7217,1.7306
982.29,2298.9,-301.94,-0.017514,486.18,-2470.7,5.7601e+05,469475,1,238.53,-1025.3,589.81,1457.6,-347.95,1126.2,-1019.9,-1877.7,100.29,3089.7,252894,500,1016,1441,-1.1593,0.7217,1.7235
975.53,2275.4,-291.89,-0.017129,466.94,-2448.7,5.7823e+05,469473,1,241.08,-1024.7,595.88,1458.7,-345.51,1141.8,-1017.3,-1878.9,95.75,3096.5,253199,500,1016,1441,-1.1698,0.7217,1.7163
968.68,2251.8,-281.89,-0.015794,448.02,-2426.4,5.8001e+05,469471,1,244.29,-1023.2,600.33,1460.7,-342.96,1154.7,-1014.4,-1879.7,91.039,3102,253423,500,1016,1441,-1.1803,0.7217,1.7091
961.73,2228,-271.93,-0.013276,429.42,-2403.9,5.8201e+05,469469,1,245.63,-1023.5,606.36,1463.4,-341.7,1167.7,-1014.8,-1880.2,89.467,3109.7,253699,500,1016,1441,-1.1908,0.7217,1.7019
954.67,2204.1,-262.01,-0.007871,411.12,-2381,5.8292e+05,469467,1,248.72,-1019.9,610.7,1468,-336.13,1183.8,-1012.8,-1880.7,83.055,3116.7,253953,500,1016,1441,-1.2012,0.7217,1.6945
1213.6,2298.9,-362.86,-0.049836,723.54,-2523.1,5.7545e+05,468039,1,201.05,5772.1,-2141.9,-5791.1,-448.21,-2330.4,1668.3,1455.7,159.01,9057.7,320748,500,1253,1459,-0.82244,0.73443,1.9025
1222.1,2377.9,-383.16,0.023857,758.15,-2592.3,5.6785e+05,468037,1,195.5,5729.1,-2128.4,-5749.3,-364.34,-2390.8,1661.4,1404.8,188.47,9003.5,320555,500,1253,1459,-0.83409,0.73443,1.8974
1230.6,2457.3,-403.6,0.094949,792.48,-2662.2,5.6186e+05,468035,1,282.57,5764.2,-2118.6,-5714.2,-305.46,-2434.9,1673.1,1414.9,196.6,9017.1,320601,500,1253,1459,-0.84572,0.73443,1.8922
1238.4,2534.8,-423.56,0.29277,825.53,-2730.7,5.611e+05,468033,1,515.91,5609.7,-1943.6,-5494.9,-269.19,-2387.8,1654.1,1343.7,228.51,8722.1,319614,500,1253,1459,-0.85732,0.73443,1.887
1236.9,2609.2,-444.77,2.1426,863.19,-2791.2,5.5956e+05,468031,1,1412,5037.1,-1312.7,-5026.4,-144.45,-2263.7,1786.9,1129.3,384.44,8007.2,317062,500,1253,1459,-0.86888,0.73443,1.8817
1217.3,2675,-469.67,5.2961,909.44,-2833.8,5.6042e+05,468029,1,2325.8,4171.2,-542.03,-4188.2,-92.389,-1927.5,1929.4,815.54,585.63,7007,311522,500,1253,1459,-0.88041,0.73443,1.8763
1189.2,2726.5,-495.53,6.7065,953.94,-2860.7,5.6481e+05,468027,1,3378.5,2346,690.52,-3204,-128,-1473.8,1972.9,127.38,888.87,5877.7,302625,500,1241,1458,-0.8919,0.73443,1.8709
1119,2763.5,-529.61,14,1022.7,-2850.1,5.5911e+05,468025,1,3092.5,-527.62,1697.3,-1411.4,-121.29,-632.38,1719.2,-1190.6,1299.4,4603.4,290859,500,1241,1458,-0.90337,0.73443,1.8654
1103.9,2770.3,-546.04,4.1881,1030.1,-2851.4,5.629e+05,468023,1,564.64,-946.56,652.01,356.91,-255.44,279.31,-26.175,-1818.2,703.46,2390,187678,500,1068,1444,-0.9148,0.73443,1.8598
1095.9,2758.1,-543.59,1.264,1013.2,-2842,5.5661e+05,468021,1,312.33,-935.74,526.17,1049,-350.24,664.03,-705.01,-1815.1,364.48,2615,232567,500,1016,1441,-0.92619,0.73443,1.8542
1089.8,2739.9,-535.42,0.37612,989.15,-2828.9,5.5516e+05,468019,1,267.79,-1007.2,537.38,1293.6,-379.83,807.78,-925.27,-1833.5,261.48,2851.6,243364,500,1016,1441,-0.93755,0.73443,1.8484
1083.7,2719.8,-525.75,0.18692,963.76,-2814.1,5.5471e+05,468017,1,236.87,-1009.1,523.1,1359,-398.85,857.49,-994.8,-1826.4,214.81,2908.7,245840,500,1016,1441,-0.94887,0.73443,1.8427
1078.2,2698.9,-515.46,0.033703,937.68,-2798.7,5.5654e+05,468015,1,221.63,-1026.1,525.42,1405.7,-406.98,896.53,-1026.4,-1839.7,198.44,2966.6,247878,500,1016,1441,-0.96016,0.73443,1.8368
1072.6,2677.5,-504.94,0.0081661,911.76,-2782.6,5.6172e+05,468013,1,219.96,-1037.2,534.18,1425.4,-409.02,920.94,-1039.3,-1847.1,191.94,2997.6,248783,500,1016,1441,-0.97141,0.73443,1.8309
1066.9,2655.9,-494.4,-0.0015939,886.18,-2766,5.6772e+05,468011,1,224.77,-1028.7,533.96,1432.1,-407.91,933.79,-1038.7,-1845,182.35,2999.9,248870,500,1016,1441,-0.98263,0.73443,1.8249
1061.1,2634.1,-483.88,-0.0086679,861.01,-2749,5.699e+05,468009,1,225.38,-1031.3,538.83,1437.9,-407.32,949.08,-1039.9,-1846.8,176.9,3010.4,249194,500,1016,1441,-0.99381,0.73443,1.8188
1055.2,2612.2,-473.36,-0.012555,836.21,-2731.6,5.7052e+05,468007,1,225.33,-1036.2,546.17,1442.3,-405.76,964.57,-1041.9,-1849.9,174.32,3022.6,249939,500,1016,1441,-1.005,0.73443,1.8127
1049.3,2590.1,-462.85,-0.016011,811.79,-2713.9,5.7111e+05,468005,1,226.21,-1033.4,547.38,1445.7,-402.32,976.69,-1041,-1850.7,166.91,3026.7,250116,500,1016,1441,-1.0161,0.73443,1.8065
1043.4,2568,-452.37,-0.01891,787.75,-2695.8,5.7165e+05,468003,1,226.35,-1033.1,550.3,1448.7,-397.92,989.59,-1040.8,-1853.2,160.72,3033.3,250368,500,1016,1441,-1.0271,0.73443,1.8002
1037.4,2545.7,-441.9,-0.020311,764.08,-2677.3,5.7192e+05,468001,1,226.34,-1034.4,554.51,1450.2,-394.49,1000.8,-1040.8,-1855.7,157.41,3039.8,250653,500,1016,1441,-1.0381,0.73443,1.7939
1031.3,2523.3,-431.46,-0.022127,740.79,-2658.6,5.7211e+05,467999,1,226.71,-1033.8,557,1452.2,-390.63,1011.8,-1040.1,-1857.5,152.11,3044.8,250835,500,1016,1441,-1.0491,0.73443,1.7875
1025.2,2500.8,-421.04,-0.02277,717.87,-2639.5,5.716e+05,467997,1,226.48,-1035.8,562.8,1454.1,-386.36,1026,-1040.6,-1860.4,148.48,3053.4,251201,500,1016,1441,-1.0601,0.73443,1.781
1019.1,2478.2,-410.65,-0.022964,695.31,-2620.1,5.7101e+05,467995,1,226.71,-1036.1,566.87,1456.1,-382.09,1038.6,-1040.4,-1862.9,144.02,3060.1,251457,500,1016,1441,-1.071,0.73443,1.7745
1012.8,2455.4,-400.28,-0.022962,673.1,-2600.4,5.7082e+05,467993,1,227.77,-1033.9,567.73,1457.8,-377.89,1047.5,-1038.8,-1864.3,137.9,3063,251556,500,1016,1441,-1.0819,0.73443,1.7679
1006.6,2432.6,-389.95,-0.019631,651.26,-2580.5,5.6977e+05,467991,1,227.58,-1035.8,573.52,1457.6,-373.99,1059.6,-1038.6,-1867.2,135.76,3069.9,251816,500,1016,1441,-1.0927,0.73443,1.7612
1000.2,2409.7,-379.65,-0.018264,629.77,-2560.2,5.6993e+05,467989,1,228.49,-1035.2,577.09,1457.9,-369.29,1071.6,-1036.7,-1869.6,130.61,3074.8,252016,500,1016,1441,-1.1035,0.73443,1.7545
993.83,2386.7,-369.4,-0.018245,608.65,-2539.7,5.705e+05,467987,1,229.34,-1034.6,580.68,1458.2,-365.14,1083.9,-1034.7,-1871.7,125.38,3079.7,252389,500,1016,1441,-1.1142,0.73443,1.7477
987.37,2363.6,-359.18,-0.019038,587.87,-2518.9,5.7183e+05,467985,1,229.42,-1035.9,586.56,1458.1,-362.32,1096.8,-1034.5,-1873.8,123.02,3086.5,252714,500,1016,1441,-1.1249,0.73443,1.7408
980.84,2340.4,-349,-0.017242,567.43,-2497.9,5.7266e+05,467983,1,231.15,-1033.8,588.09,1458.4,-358.32,1105.3,-1031.7,-1875.2,117.61,3088.6,252791,500,1016,1441,-1.1356,0.73443,1.7338
974.24,2317.2,-338.87,-0.016403,547.35,-2476.6,5.7428e+05,467981,1,232.24,-1033.3,592.77,1456.9,-355.2,1116.9,-1029.4,-1876.7,114.22,3092.6,253007,500,1016,1441,-1.1462,0.73443,1.7268
967.58,2293.8,-328.79,-0.016615,527.62,-2455.1,5.7634e+05,467979,1,232.46,-1034.2,599.5,1456.3,-353.46,1131,-1028.9,-1877.9,112.49,3099.4,253311,500,1016,1441,-1.1568,0.73443,1.7198
960.83,2270.4,-318.76,-0.016462,508.21,-2433.4,5.7804e+05,467977,1,235.74,-1031.2,601.66,1457.3,-350,1141.7,-1024.9,-1878.7,106.12,3101.9,253418,500,1016,1441,-1.1673,0.73443,1.7127
953.99,2246.8,-308.77,-0.016549,489.13,-2411.3,5.8062e+05,467975,1,237.77,-1030.5,608.01,1459.2,-347.97,1157.6,-1023.7,-1879.3,102.34,3109.5,253691,500,1016,1441,-1.1778,0.73443,1.7055
947.06,2223.1,-298.81,-0.013673,470.36,-2389,5.8225e+05,467973,1,240.71,-1028,613.72,1462,-343.97,1174.1,-1021.7,-1879.7,97.093,3116.4,253942,500,1016,1441,-1.1882,0.73443,1.6982
940.04,2199.3,-288.9,-0.0082933,451.89,-2366.4,5.8281e+05,467971,1,241.54,-1025.9,616.85,1463.9,-340.13,1185.5,-1021,-1880.3,92.932,3121.2,254166,500,1016,1441,-1.1986,0.73443,1.6909
1164.9,1189.4,-51.18,-0.93812,109.67,-1662,5.995e+05,466569,1,137.86,7508.8,-2833.1,-7385.1,-441.01,-2396.8,2311.5,2187.8,-36.331,11621,327243,500,1253,1459,-0.67876,0.74713,1.9535
1175.1,1287.2,-78.635,-1.4644,167.13,-1736.7,5.9426e+05,466567,1,159.64,7550.3,-2833.5,-7364.5,-617.15,-2377.4,2314.5,2265.9,-46.083,11654,327324,500,1253,1459,-0.69074,0.74713,1.9493
1185.9,1383.5,-105.53,-2.2308,222.01,-1811.7,5.8751e+05,466565,1,108.84,7597,-2878.5,-7208.7,-708.2,-2333.4,2245.9,2335.9,-85.752,11594,327190,500,1253,1459,-0.70268,0.74713,1.945
1290,2210.7,-320.08,-0.46659,638.34,-2499.3,5.7799e+05,466547,1,299.28,6040,-2248,-6076.7,-643.81,-2332.3,1807.2,1657.6,116.85,9509.6,322285,500,1253,1459,-0.80897,0.74713,1.9033
1298.1,2292,-341.14,-0.1812,675.61,-2568.7,5.7602e+05,466545,1,243.26,5985.4,-2251.1,-5931.9,-527.47,-2356.5,1735.6,1581.9,127.35,9354.2,321807,500,1253,1459,-0.82063,0.74713,1.8983
1307,2372.7,-361.8,-0.00054177,711.31,-2638.7,5.7371e+05,466543,1,256.18,5991.6,-2252.2,-5877.7,-401.31,-2425.4,1724.2,1539.4,150.26,9327,321724,500,1253,1459,-0.83227,0.74713,1.8932
1315.1,2453,-382.52,0.3478,746.87,-2708.4,5.5681e+05,466541,1,391.58,5993.3,-2196.7,-5794.6,-301.69,-2470.3,1725.4,1507.8,174.38,9271,321574,500,1253,1459,-0.84387,0.74713,1.8881
1320.6,2532.5,-403.58,1.1451,783.24,-2776.2,5.5966e+05,466539,1,802.37,5945.9,-1994.5,-5607.8,-181.33,-2475.3,1781,1453.1,232.5,9106.1,320928,500,1253,1459,-0.85544,0.74713,1.8829
1314.7,2608.8,-426.96,3.4895,826.05,-2834.4,5.5961e+05,466537,1,2212.6,5923.6,-1334.1,-5103.3,-65.202,-2329,2079.3,1398.1,403.88,8926.2,320305,500,1253,1459,-0.86697,0.74713,1.8776
1283.9,2674.9,-455.79,7.8785,881.85,-2869.4,5.6333e+05,466535,1,3585.9,5060.8,-336.44,-4258.2,-25.924,-1983.4,2352.2,1124.8,653.72,8238.6,317988,500,1241,1458,-0.87848,0.74713,1.8722
1218,2724.7,-493.81,13.612,956.34,-2870,5.6583e+05,466533,1,7694.1,1675,3002.9,-3061.9,-28.162,-1448.8,3597.5,-8.4845,1720.9,9919.7,323520,500,1241,1458,-0.88995,0.74713,1.8668
1101.7,2762.5,-548.32,22.89,1066.2,-2829.9,5.6186e+05,466531,1,4366,-1532.7,2717,-1483.1,22.659,-723.14,2605.2,-1374.8,1809.8,6593.1,309056,500,1241,1458,-0.90139,0.74713,1.8613
1088.2,2766.6,-573.34,4.4293,1075.8,-2830.2,5.6438e+05,466529,1,460.73,-1253.8,731.48,251.4,-204.29,208.17,620.69,-1792,1023.8,2666.9,235316,500,1241,1458,-0.91279,0.74713,1.8557
1081.4,2753.2,-570.39,1.041,1057,-2820.9,5.5755e+05,466527,1,297.85,-1068.1,579.8,1090.7,-356.54,690.08,-733.03,-1889,394.7,2760.4,238741,500,1068,1444,-0.92416,0.74713,1.8501
1074.9,2734.4,-561.92,0.43829,1032.7,-2807.4,5.5353e+05,466525,1,265.83,-1060.4,564.43,1312,-394.03,825.31,-944.66,-1864.6,276.08,2918.3,246268,500,1016,1441,-0.93549,0.74713,1.8444
1068.9,2714,-552.18,0.1875,1007,-2792.7,5.5443e+05,466523,1,234.08,-1053.8,548.78,1381.9,-407.03,877.08,-1009.5,-1855.1,233.96,2970.9,248014,500,1016,1441,-0.94679,0.74713,1.8386
1063.1,2693,-541.96,0.084632,981,-2777.4,5.5366e+05,466521,1,218.38,-1055.9,545.13,1413.4,-414.04,909.63,-1036,-1851.5,212.29,3000.5,248887,500,1016,1441,-0.95806,0.74713,1.8328
1057.6,2671.6,-531.48,0.010128,954.96,-2761.6,5.5571e+05,466519,1,212.41,-1056.5,544.85,1425.6,-413.11,925.37,-1045.6,-1853.3,203.18,3014.4,249411,500,1016,1441,-0.96928,0.74713,1.8269
1051.9,2650,-520.93,0.0013316,929.25,-2745.3,5.6354e+05,466517,1,216.21,-1053.6,548.77,1433.5,-411.54,940.79,-1048.7,-1853.4,195.86,3023.3,249964,500,1016,1441,-0.98048,0.74713,1.8209
1046.1,2628.2,-510.4,-0.0029096,903.93,-2728.6,5.6793e+05,466515,1,218.9,-1050.5,552.67,1438.7,-409.9,956.92,-1048.6,-1853.1,189.03,3029.8,250243,500,1016,1441,-0.99163,0.74713,1.8148
1040.3,2606.4,-499.89,-0.006834,879.02,-2711.6,5.6949e+05,466513,1,220.12,-1049.1,555.46,1441.5,-407.91,967.68,-1048.2,-1853.7,184.65,3034.3,250424,500,1016,1441,-1.0027,0.74713,1.8087
1034.4,2584.3,-489.41,-0.0105,854.49,-2694.1,5.7065e+05,466511,1,220.52,-1048,557.94,1443.7,-405.52,978.06,-1048.1,-1854.6,180.22,3038.7,250619,500,1016,1441,-1.0138,0.74713,1.8025
1028.5,2562.2,-478.95,-0.012508,830.35,-2676.3,5.7101e+05,466509,1,220.54,-1047.6,561.97,1445.8,-402.06,991.5,-1048.2,-1856.1,175.45,3044.9,250845,500,1016,1441,-1.0249,0.74713,1.7963
1022.5,2540,-468.51,-0.014135,806.59,-2658.2,5.7121e+05,466507,1,221.64,-1045.3,564.25,1448.1,-397.53,1004.7,-1046.8,-1857.7,168.18,3049.5,251031,500,1016,1441,-1.0359,0.74713,1.7899
1016.4,2517.7,-458.1,-0.014853,783.2,-2639.7,5.7087e+05,466505,1,221.71,-1045.6,568.74,1449.9,-393.51,1018,-1046.8,-1860,163.81,3056.3,251312,500,1016,1441,-1.0468,0.74713,1.7836
1010.3,2495.2,-447.71,-0.015387,760.18,-2621,5.702e+05,466503,1,221.54,-1046.1,572.88,1451.3,-390.42,1029.6,-1047,-1861.8,160.48,3062.5,251536,500,1016,1441,-1.0578,0.74713,1.7771
1004.2,2472.7,-437.35,-0.016621,737.52,-2601.9,5.702e+05,466501,1,222.76,-1043.8,573.73,1453.5,-386.47,1038.8,-1045.5,-1863.2,154.27,3065.6,251648,500,1016,1441,-1.0686,0.74713,1.7706
997.94,2450,-427.02,-0.015569,715.21,-2582.5,5.6937e+05,466499,1,222.7,-1044.4,578.65,1454.5,-382.13,1051.9,-1045.4,-1865.7,150.47,3072.4,251910,500,1016,1441,-1.0795,0.74713,1.764
991.66,2427.2,-416.72,-0.0146,693.26,-2562.8,5.6929e+05,466497,1,223.3,-1043.9,582.42,1455,-377.98,1063.4,-1044.3,-1867.9,146.23,3077.4,252271,500,1016,1441,-1.0903,0.74713,1.7573
985.33,2404.4,-406.45,-0.014986,671.66,-2542.8,5.6993e+05,466495,1,223.67,-1043.5,585.44,1455.4,-374.93,1073.2,-1043.4,-1869.4,142.58,3081.5,252529,500,1016,1441,-1.1011,0.74713,1.7506
978.93,2381.4,-396.22,-0.015393,650.42,-2522.6,5.7086e+05,466493,1,224.28,-1042.9,589.24,1455.6,-371.36,1085,-1042.1,-1871.1,138.28,3086.3,252709,500,1016,1441,-1.1118,0.74713,1.7438
972.48,2358.4,-386.03,-0.015841,629.51,-2502.1,5.7211e+05,466491,1,224.8,-1042.3,593.01,1455.9,-367.78,1096.8,-1040.9,-1872.8,133.92,3091.2,252947,500,1016,1441,-1.1225,0.74713,1.737
965.96,2335.3,-375.88,-0.015485,608.95,-2481.3,5.7341e+05,466489,1,225.75,-1041.4,597.62,1455.6,-363.6,1110.4,-1039.1,-1874.7,129.08,3096.4,253196,500,1016,1441,-1.1331,0.74713,1.73
959.37,2312.1,-365.77,-0.014976,588.73,-2460.3,5.7475e+05,466487,1,226.96,-1040.3,602.41,1454.9,-359.9,1124,-1036.8,-1876.3,124.46,3101.1,253394,500,1016,1441,-1.1437,0.74713,1.7231
952.72,2288.8,-355.7,-0.015004,568.85,-2439.1,5.7637e+05,466485,1,228,-1039.4,605.95,1455.1,-357.46,1134.4,-1035.3,-1877.2,121.01,3105.2,253530,500,1016,1441,-1.1542,0.74713,1.716
945.99,2265.4,-345.68,-0.017019,549.28,-2417.5,5.7903e+05,466483,1,229.76,-1038.1,610.48,1456.3,-355.01,1147.8,-1033.6,-1877.9,116.59,3110.6,253734,500,1016,1441,-1.1647,0.74713,1.7089
939.17,2241.8,-335.69,-0.017124,530.04,-2395.7,5.8145e+05,466481,1,231.87,-1036.5,615.23,1457.7,-352.29,1161.4,-1031.9,-1878.5,112.15,3116.2,253930,500,1016,1441,-1.1752,0.74713,1.7017
932.27,2218.2,-325.75,-0.013827,511.11,-2373.7,5.8248e+05,466479,1,233.34,-1034.7,618.85,1458.5,-349.21,1172.2,-1030.5,-1879.1,108.5,3120.2,254081,500,1016,1441,-1.1856,0.74713,1.6945
925.3,2194.4,-315.84,-0.0092909,492.47,-2351.3,5.8313e+05,466477,1,234.28,-1030.8,622.56,1459.9,-343.18,1186.9,-1029.2,-1879.5,102.77,3124.9,254317,500,1016,1441,-1.196,0.74713,1.6872
1282.3,1280.6,-46.831,-0.82149,98.827,-1810.2,5.8592e+05,465075,1,148.89,7381.8,-2829.9,-7299,-363.13,-2436.5,2259.3,2139.9,-37.505,11470,326919,500,1253,1459,-0.68919,0.75981,1.945
1292.9,1378,-73.231,-0.7185,154.4,-1884.6,5.7891e+05,465073,1,116.58,7337.9,-2830.4,-7213.3,-373.39,-2459.7,2221.3,2152.5,-40.006,11387,326759,500,1253,1459,-0.70111,0.75981,1.9407
1364.6,2031.1,-248.84,-0.6079,500.18,-2408.1,5.7542e+05,465059,1,342.41,6398,-2406.4,-6406.9,-737.39,-2336.7,1982.5,1880.9,65.135,10068,323860,500,1253,1459,-0.7838,0.75981,1.9088
1371.7,2116.2,-272.11,-0.62945,542.82,-2477.8,5.7539e+05,465057,1,392,6340,-2366.7,-6295.7,-737.22,-2336,1940.7,1847.2,73.426,9938.4,323569,500,1253,1459,-0.79549,0.75981,1.9039
1378.1,2200,-295.07,-0.49118,584.47,-2546.5,5.7571e+05,465055,1,410.88,6291.4,-2343.3,-6191.8,-711.67,-2347.1,1909,1805.8,88.544,9823.9,323266,500,1253,1459,-0.80716,0.75981,1.899
1385.4,2283.7,-317.47,-0.20077,624.61,-2616.4,5.7386e+05,465053,1,332.08,6258.6,-2367.9,-6114.9,-571.07,-2414.3,1845.9,1732.8,102.45,9739.3,323047,500,1253,1459,-0.8188,0.75981,1.894
1394.1,2366.8,-339.15,-0.00088303,662.56,-2687.2,5.6827e+05,465051,1,301.2,6229.4,-2373.9,-6023.4,-427.91,-2475.6,1796.2,1661.3,120.99,9650.2,322758,500,1253,1459,-0.8304,0.75981,1.889
1402.6,2448.6,-360.34,0.31338,699.17,-2757.5,5.5754e+05,465049,1,413.59,6250.4,-2336.4,-5921.3,-319.95,-2517.3,1785.9,1621.3,144,9593.6,322561,500,1253,1459,-0.84198,0.75981,1.8839
1408.7,2529.6,-381.86,1.0574,736.54,-2826.1,5.591e+05,465047,1,806.83,6293.4,-2178.4,-5740.8,-211.62,-2522.1,1835.3,1588.3,191.34,9502.3,322259,500,1253,1459,-0.85352,0.75981,1.8787
1406.8,2607.4,-404.66,2.7713,777.35,-2887.4,5.6247e+05,465045,1,2241,6514.4,-1604.2,-5253.9,-84.881,-2390.3,2106.2,1625.5,313.72,9514.9,322309,500,1241,1458,-0.86503,0.75981,1.8734
1372,2675.5,-434.11,8.8338,837.13,-2920.3,5.6645e+05,465043,1,7399.2,5352.2,1311.3,-3932.2,31.439,-1860.5,3400.8,1339.7,1056.8,10886,325834,500,1241,1458,-0.87651,0.75981,1.868
1251.2,2724.4,-487.04,23.57,953.95,-2883.5,5.677e+05,465041,1,12397,1856.8,5172.3,-3098.7,-56.042,-1455.3,5524.1,314.27,2514.8,15250,333446,500,1241,1458,-0.88796,0.75981,1.8626
1075.1,2764.1,-569.03,34.784,1117.6,-2805.3,5.6386e+05,465039,1,5630.7,-1135.3,3172.3,-1405.2,-43.487,-657.45,3491.2,-1167.1,2161.3,7980.5,316893,500,1241,1458,-0.89937,0.75981,1.8571
1071,2762.5,-602.51,3.6262,1122.7,-2807.3,5.6911e+05,465037,1,-76.335,-1373.9,528.51,504.57,-300.53,372.85,1147.6,-1879.3,1330.2,3045.5,250872,500,1241,1458,-0.91075,0.75981,1.8516
1065.3,2747.8,-598.03,0.69524,1101.7,-2798,5.581e+05,465035,1,220.47,-1138,578.91,1098.5,-382.91,706.7,-783.14,-1942.3,408.92,2843.3,242445,500,1068,1444,-0.92209,0.75981,1.846
1059.4,2728.6,-588.92,0.28177,1076.4,-2784.9,5.5463e+05,465033,1,239.78,-1090.7,570.52,1324.3,-404.34,838.32,-974.97,-1882.3,280.05,2960.5,247668,500,1068,1444,-0.9334,0.75981,1.8403
1053.6,2708,-578.9,0.1262,1050.2,-2770.5,5.5373e+05,465031,1,216.33,-1076.2,558.58,1392.5,-417.34,890.52,-1033.3,-1861.8,241.47,3002.6,248960,500,1068,1444,-0.94468,0.75981,1.8345
1047.9,2687,-568.57,0.065226,1024,-2755.5,5.5372e+05,465029,1,217.73,-1065.4,555.33,1410,-418.09,909.36,-1040.2,-1855.2,226.17,3009.3,249170,500,1016,1441,-0.95591,0.75981,1.8287
1042.3,2665.6,-558.12,0.025539,997.89,-2740,5.5273e+05,465027,1,208.73,-1065.6,554.95,1425,-418.27,930.44,-1052.5,-1853.7,214.24,3024.6,250035,500,1016,1441,-0.96712,0.75981,1.8228
1036.6,2644.1,-547.58,0.0019415,972.06,-2724.1,5.5955e+05,465025,1,208.44,-1065.2,558.9,1433.2,-416.47,947.44,-1057.1,-1854.3,207.18,3035.5,250470,500,1016,1441,-0.97828,0.75981,1.8168
1030.9,2622.3,-537.05,6.1909e-05,946.63,-2707.7,5.6428e+05,465023,1,211.65,-1062.7,561.59,1437.3,-413.4,958.87,-1056.6,-1855.2,201.15,3040.5,250673,500,1016,1441,-0.98941,0.75981,1.8108
1025.1,2600.5,-526.54,-0.002222,921.59,-2691,5.6747e+05,465021,1,214.52,-1059.1,563.45,1440.5,-410.17,970.78,-1054.6,-1855.6,194.16,3043.7,250789,500,1016,1441,-1.0005,0.75981,1.8047
1019.3,2578.5,-516.07,-0.0039382,896.96,-2673.8,5.6865e+05,465019,1,214.35,-1058.4,567.73,1442.5,-407.83,983.63,-1055.4,-1856.3,190.67,3049.4,251029,500,1016,1441,-1.0116,0.75981,1.7985
1013.3,2556.4,-505.62,-0.0054367,872.71,-2656.4,5.6925e+05,465017,1,214.58,-1057.8,571.42,1443.9,-405.23,994.72,-1055.4,-1857.3,187.3,3054.3,251231,500,1016,1441,-1.0226,0.75981,1.7923
1007.4,2534.3,-495.2,-0.007061,848.84,-2638.5,5.6971e+05,465015,1,215.51,-1056.1,574.41,1445.6,-401.85,1006.9,-1054.5,-1858.5,181.94,3058.7,251405,500,1016,1441,-1.0336,0.75981,1.7859
1001.3,2512,-484.81,-0.0083982,825.35,-2620.4,5.6926e+05,465013,1,217.04,-1053.6,576.09,1447.5,-397.95,1017.9,-1052.7,-1859.9,175.34,3062.2,251525,500,1016,1441,-1.0445,0.75981,1.7796
995.23,2489.6,-474.45,-0.010917,802.23,-2601.9,5.6994e+05,465011,1,216.86,-1053.5,579.95,1448.8,-395.17,1029.6,-1053,-1861.3,171.82,3067.8,251734,500,1016,1441,-1.0554,0.75981,1.7731
989.09,2467.1,-464.12,-0.01197,779.46,-2583.1,5.695e+05,465009,1,217.32,-1052.3,583.8,1450.6,-390.65,1043.6,-1052.5,-1863.3,166.17,3073.9,251972,500,1016,1441,-1.0663,0.75981,1.7666
982.88,2444.5,-453.81,-0.01205,757.05,-2564,5.6942e+05,465007,1,217.96,-1051.4,587.29,1451.6,-386.67,1055.3,-1051.7,-1865.1,161.6,3078.8,252354,500,1016,1441,-1.0771,0.75981,1.76
976.61,2421.8,-443.54,-0.012053,734.99,-2544.7,5.6922e+05,465005,1,218.34,-1050.4,590.66,1452.5,-382.96,1067.1,-1050.8,-1866.8,156.98,3083.6,252606,500,1016,1441,-1.0879,0.75981,1.7534
970.29,2399,-433.3,-0.013039,713.28,-2525,5.7009e+05,465003,1,219.05,-1049.2,594.79,1453.1,-378.76,1080.9,-1049.6,-1868.6,151.72,3089,252866,500,1016,1441,-1.0986,0.75981,1.7467
963.91,2376.1,-423.09,-0.013544,691.92,-2505,5.7109e+05,465001,1,219.59,-1048.1,598.33,1453.3,-375.14,1092.6,-1048.4,-1870,147.23,3093.4,253033,500,1016,1441,-1.1093,0.75981,1.7399
957.47,2353.1,-412.92,-0.014628,670.89,-2484.8,5.7262e+05,464999,1,220.67,-1046.7,601.02,1453.8,-371.23,1103.2,-1046.6,-1871.6,142.11,3097.2,253227,500,1016,1441,-1.1199,0.75981,1.7331
950.96,2330,-402.79,-0.014612,650.2,-2464.3,5.7395e+05,464997,1,220.33,-1046.7,605.56,1453.2,-369.26,1113.3,-1046.8,-1872.4,140.73,3101.6,253405,500,1016,1441,-1.1306,0.75981,1.7262
944.39,2306.9,-392.7,-0.014849,629.85,-2443.6,5.7548e+05,464995,1,221.62,-1045.3,608.45,1453.2,-365.6,1123.9,-1044.6,-1873.9,135.84,3105.1,253528,500,1016,1441,-1.1411,0.75981,1.7192
937.75,2283.6,-382.65,-0.015994,609.83,-2422.5,5.7761e+05,464993,1,223.19,-1043.7,612.4,1453.6,-362.19,1137.3,-1042.2,-1875.2,130.44,3109.9,253709,500,1016,1441,-1.1517,0.75981,1.7122
931.04,2260.2,-372.64,-0.017596,590.12,-2401.3,5.7995e+05,464991,1,223.36,-1042.8,618.43,1454.6,-360.43,1152.6,-1042.8,-1875.3,127.59,3116.8,253956,500,1016,1441,-1.1621,0.75981,1.7051
924.25,2236.7,-362.66,-0.016552,570.72,-2379.7,5.8121e+05,464989,1,226.51,-1039.8,621.43,1455.6,-355.82,1165.3,-1039,-1876.6,120.65,3120.5,254095,500,1016,1441,-1.1726,0.75981,1.6979
917.39,2213.1,-352.72,-0.014744,551.64,-2357.9,5.8319e+05,464987,1,228.05,-1037,625.17,1456.4,-351.46,1178.1,-1037.2,-1877.2,115.7,3124.7,254306,500,1016,1441,-1.183,0.75981,1.6907
910.46,2189.4,-342.82,-0.011775,532.84,-2335.8,5.8423e+05,464985,1,226.28,-1035.6,628.33,1455.3,-348.44,1187.8,-1038.1,-1877.3,113.64,3127.9,254450,500,1016,1441,-1.1933,0.75981,1.6834
1387.1,1276.6,-16.927,-0.26259,35.498,-1884.9,5.7741e+05,463585,1,190.06,7222.9,-2811.9,-7240.6,-337.63,-2434.6,2245,2049,-20.189,11306,326622,500,1253,1459,-0.68762,0.77246,1.9405
1397,1372.8,-43.495,-0.4504,90.939,-1957,5.7635e+05,463583,1,173.34,7190,-2805.6,-7194.5,-384.08,-2445.7,2226.2,2052.3,-14.464,11254,326517,500,1253,1459,-0.69952,0.77246,1.9363
1407.1,1468.5,-69.701,-0.58165,144.88,-2029.8,5.7559e+05,463581,1,172.97,7110,-2779,-7160.4,-425.63,-2466.4,2201.6,2036.9,-3.748,11173,326375,500,1253,1459,-0.71138,0.77246,1.9319
1451.2,1931.4,-197.02,-0.9651,395.43,-2391.4,5.7458e+05,463571,1,414.16,6646.4,-2522.2,-6628.2,-836.89,-2335.5,2075,2000.1,27.735,10445,324708,500,1253,1459,-0.77031,0.77246,1.9092
1458,2019.1,-221.19,-0.80083,441.1,-2461,5.7417e+05,463569,1,436.88,6582.6,-2487.1,-6473.9,-819.66,-2322.9,2029.4,1971.2,33.675,10281,324334,500,1253,1459,-0.78201,0.77246,1.9044
1464.4,2105.1,-244.84,-0.57945,485.11,-2529.9,5.7335e+05,463567,1,484.44,6600.6,-2490.4,-6397,-753.08,-2365.6,2013.5,1964.2,39.873,10247,324254,500,1253,1459,-0.79368,0.77246,1.8996
1470.9,2190.3,-268.15,-0.32177,527.85,-2598.9,5.7207e+05,463565,1,456.95,6557,-2476.3,-6287.8,-642.36,-2414.4,1963.9,1900.6,61.627,10129,323991,500,1253,1459,-0.80532,0.77246,1.8947
1478,2275.6,-291.33,-0.093761,569.62,-2668.9,5.7009e+05,463563,1,427.67,6584.9,-2507.5,-6260.9,-549.46,-2482,1945.5,1873.5,74.94,10139,324015,500,1253,1459,-0.81693,0.77246,1.8897
1486.1,2360.4,-314.02,0.085699,609.72,-2739.8,5.6616e+05,463561,1,389.03,6563,-2519.5,-6157.6,-447.87,-2523.2,1887.9,1821.4,83.098,10047,323820,500,1253,1459,-0.82851,0.77246,1.8847
1494.5,2443.8,-336,0.34061,647.95,-2810.5,5.6095e+05,463559,1,442.85,6551.6,-2495,-6053.2,-341.97,-2564.8,1857,1770.5,102.04,9963.7,323618,500,1253,1459,-0.84006,0.77246,1.8796
1501.6,2526.4,-357.91,0.89166,685.96,-2880.1,5.5993e+05,463557,1,715.23,6654.2,-2417.1,-5882.7,-223.16,-2580.3,1868.6,1752.9,126.35,9926.1,323537,500,1253,1459,-0.85158,0.77246,1.8744
1503.9,2605.9,-380.1,2.0898,724.98,-2944.7,5.6432e+05,463555,1,2071.7,6833.8,-1863.6,-5420.3,-86.528,-2466,2083.7,1758.3,236.12,9870.3,323389,500,1253,1459,-0.86306,0.77246,1.8691
1473.8,2676.9,-408.2,8.2205,782.4,-2982,5.6945e+05,463553,1,7786.6,7183.2,688.18,-4348.5,75.996,-2066.7,3441.3,1873.9,839.99,12327,329122,500,1241,1458,-0.87452,0.77246,1.8638
1299.9,2723.3,-473.32,32.921,937.52,-2906.9,5.7063e+05,463551,1,14867,5481.5,4811.5,-3138.8,104.4,-1536.9,6123.1,1528.8,2285.8,18207,336154,500,1241,1458,-0.88594,0.77246,1.8584
1044.8,2762.8,-587.43,49.211,1168,-2775.5,5.665e+05,463549,1,9189.8,-127.16,4464.4,-1163.5,-174.55,-484.86,5671.3,-605.17,2988.3,12144,328492,500,1241,1458,-0.89732,0.77246,1.8529
1054,2756.4,-631.67,2.0728,1167.8,-2782.8,5.7566e+05,463547,1,-235.63,-1153.9,367.47,733.04,-412.55,534.4,691.72,-1983.4,1162.3,2877.2,244503,500,1241,1458,-0.90867,0.77246,1.8474
1049.1,2741.9,-625.48,0.37955,1145.5,-2774.5,5.6037e+05,463545,1,170.71,-1116.6,555.11,1130.7,-407.79,737.05,-897.85,-1904.4,352.28,2851.1,243349,500,1068,1444,-0.91999,0.77246,1.8418
1043.6,2722.6,-615.91,0.1684,1119.6,-2761.8,5.547e+05,463543,1,209.9,-1093.3,566.01,1343.9,-416.7,857.67,-1014,-1871.2,271.36,2979.6,248276,500,1068,1444,-0.93128,0.77246,1.8361
1038.1,2702,-605.68,0.077745,1093,-2747.8,5.5419e+05,463541,1,205.45,-1080,561.59,1395.3,-422.36,896.82,-1045.5,-1857.5,245.52,3009.5,249173,500,1068,1444,-0.94252,0.77246,1.8303
1032.5,2680.9,-595.26,0.041227,1066.6,-2733.2,5.5359e+05,463539,1,205.66,-1073.5,562.02,1414.6,-423.95,919,-1054.9,-1852.9,232.98,3022.7,249942,500,1016,1441,-0.95374,0.77246,1.8245
1026.9,2659.6,-584.78,0.016142,1040.3,-2718,5.5423e+05,463537,1,204.58,-1069.2,562.7,1424.4,-424.13,935.93,-1059.7,-1850.1,223.57,3030.3,250257,500,1016,1441,-0.96491,0.77246,1.8186
1021.3,2638,-574.26,0.0051057,1014.5,-2702.4,5.5565e+05,463535,1,204.3,-1069,565.94,1430.6,-422.1,949.61,-1062.6,-1850.8,217.97,3038.7,250618,500,1016,1441,-0.97605,0.77246,1.8127
1015.6,2616.4,-563.74,0.0012274,988.95,-2686.3,5.6e+05,463533,1,206.57,-1067.6,568.19,1435.3,-418.4,961.66,-1062.4,-1852.8,210.77,3044.9,250841,500,1016,1441,-0.98716,0.77246,1.8066
1009.8,2594.5,-553.25,-0.0003489,963.83,-2669.9,5.6484e+05,463531,1,207.78,-1066,572.52,1438.5,-415.47,975.76,-1062.6,-1853.6,206.08,3051,251092,500,1016,1441,-0.99823,0.77246,1.8006
1004,2572.6,-542.79,-0.0013845,939.09,-2653.1,5.6697e+05,463529,1,209.54,-1063.7,575.26,1440.9,-411.44,988.43,-1061.2,-1855.1,199.62,3055.5,251276,500,1016,1441,-1.0093,0.77246,1.7944
998.07,2550.6,-532.36,-0.0025244,914.75,-2636,5.6822e+05,463527,1,209.61,-1062.9,579.63,1442.2,-409.19,1000.8,-1061.7,-1855.7,196.55,3060.8,251475,500,1016,1441,-1.0202,0.77246,1.7882
992.12,2528.4,-521.95,-0.0040086,890.78,-2618.5,5.6901e+05,463525,1,210.75,-1061.4,582.08,1443.9,-405.77,1011.5,-1060.6,-1857.1,191.31,3064.8,251622,500,1016,1441,-1.0312,0.77246,1.7819
986.1,2506.2,-511.58,-0.0064065,867.19,-2600.6,5.7012e+05,463523,1,211.45,-1060,585.3,1445.4,-402.49,1023.5,-1059.9,-1858.4,186.43,3069.4,251804,500,1016,1441,-1.0421,0.77246,1.7755
980.02,2483.9,-501.24,-0.0080216,843.97,-2582.4,5.6999e+05,463521,1,212.01,-1058.5,588.97,1446.9,-398.35,1037.3,-1059.3,-1860.1,180.69,3074.9,252022,500,1016,1441,-1.053,0.77246,1.7691
973.89,2461.4,-490.93,-0.0090252,821.1,-2564,5.6968e+05,463519,1,212.43,-1057.5,591.68,1448,-395.25,1047.2,-1058.8,-1861.4,176.7,3078.9,252362,500,1016,1441,-1.0638,0.77246,1.7626
967.7,2438.9,-480.65,-0.0099138,798.59,-2545.2,5.6918e+05,463517,1,213.26,-1056,594.17,1449.3,-391.47,1058,-1057.7,-1863,171.54,3083.1,252587,500,1016,1441,-1.0746,0.77246,1.756
961.46,2416.2,-470.4,-0.010976,776.42,-2526.1,5.6942e+05,463515,1,212.87,-1055.3,598.56,1449.7,-388.84,1070.2,-1058.1,-1863.8,168.64,3088.2,252782,500,1016,1441,-1.0854,0.77246,1.7494
955.15,2393.5,-460.18,-0.013186,754.6,-2506.7,5.7093e+05,463513,1,213.6,-1053.8,601.8,1450.4,-384.96,1082.2,-1056.9,-1865.3,163.54,3092.7,253014,500,1016,1441,-1.0961,0.77246,1.7427
948.79,2370.6,-449.99,-0.013818,733.11,-2487,5.7209e+05,463511,1,214.63,-1052.2,605.06,1450.8,-380.61,1094.4,-1055.2,-1867.1,158.01,3097,253215,500,1016,1441,-1.1068,0.77246,1.736
942.36,2347.7,-439.84,-0.014035,711.97,-2467,5.7331e+05,463509,1,216.11,-1050.5,607.49,1451.5,-376.04,1105.4,-1052.9,-1869,151.92,3100.7,253379,500,1016,1441,-1.1174,0.77246,1.7291
935.87,2324.7,-429.73,-0.013397,691.17,-2446.8,5.7418e+05,463507,1,216.03,-1049.8,612.36,1451.1,-373.18,1117.8,-1052.7,-1869.9,149.22,3105.7,253548,500,1016,1441,-1.128,0.77246,1.7222
929.32,2301.6,-419.66,-0.014139,670.69,-2426.3,5.7594e+05,463505,1,216.44,-1048.4,616.7,1451.3,-370.18,1131.2,-1051.8,-1870.8,145.04,3110.7,253737,500,1016,1441,-1.1385,0.77246,1.7153
922.7,2278.3,-409.62,-0.015759,650.54,-2405.6,5.7765e+05,463503,1,218.53,-1046.2,619.56,1452.3,-366.52,1143.7,-1049.1,-1872.2,138.73,3114.9,253884,500,1016,1441,-1.149,0.77246,1.7083
916.01,2255,-399.62,-0.018678,630.68,-2384.5,5.7998e+05,463501,1,217.99,-1044.8,624.46,1452.9,-365.33,1156.7,-1050.3,-1871.5,136.55,3120.2,254080,500,1016,1441,-1.1595,0.77246,1.7012
909.25,2231.6,-389.65,-0.019205,611.14,-2363.2,5.8269e+05,463499,1,220.73,-1042.7,626.62,1453.4,-360.89,1166.6,-1046.7,-1873.3,130.29,3123.1,254257,500,1016,1441,-1.1699,0.77246,1.694
902.43,2208,-379.72,-0.017151,591.91,-2341.7,5.8488e+05,463497,1,221.5,-1040.4,630.51,1453,-356.55,1178.7,-1045.3,-1874,126.03,3126.8,254415,500,1016,1441,-1.1803,0.77246,1.6868
895.54,2184.4,-369.83,-0.014112,572.98,-2319.9,5.8534e+05,463495,1,220.16,-1037.9,634.36,1451.6,-351.23,1191.8,-1045.1,-1874.7,122.07,3130.6,254532,500,1016,1441,-1.1906,0.77246,1.6796
1500.1,1366.9,-14.082,-0.4538,28.643,-2029.3,5.7328e+05,462095,1,235.39,7116.7,-2807.1,-7170.9,-386.84,-2433.4,2230.8,2026.6,-17.678,11187,326396,500,1253,1459,-0.69789,0.78507,1.9318
1509.2,1462.5,-40.416,-0.41825,83.21,-2100.3,5.7338e+05,462093,1,260.19,7064.9,-2781.7,-7141.8,-441.54,-2449.7,2221.2,2029,-8.5522,11134,326304,500,1253,1459,-0.70973,0.78507,1.9275
1518.2,1557.2,-66.547,-0.41826,136.48,-2171.5,5.7311e+05,462091,1,277.19,7005.7,-2751.9,-7039.9,-507.65,-2430.7,2198.9,2034.3,-5.3562,11020,326092,500,1253,1459,-0.72155,0.78507,1.9231
1526.6,1650,-92.266,-0.5256,187.91,-2242,5.7233e+05,462089,1,349.06,6905.3,-2696.2,-6889.8,-646.93,-2371.4,2168,2049.4,-10.166,10839,325728,500,1253,1459,-0.73333,0.78507,1.9186
1534.6,1741.1,-117.53,-0.66577,237.59,-2311.7,5.7136e+05,462087,1,394.72,6852.1,-2656.7,-6774.8,-702,-2348.9,2143.5,2058.1,-9.7711,10719,325453,500,1253,1459,-0.74509,0.78507,1.9141
1541.7,1830.7,-142.53,-0.78049,286.03,-2380.5,5.7255e+05,462085,1,445.43,6825.3,-2633.1,-6710,-745.58,-2349,2129.9,2067,-7.7509,10659,325308,500,1253,1459,-0.75682,0.78507,1.9095
1548.2,1919.5,-167.4,-0.77111,333.71,-2449.1,5.7259e+05,462083,1,477.6,6766.2,-2587.7,-6618.2,-791.64,-2344.8,2102.9,2061.1,1.4443,10550,324987,500,1253,1459,-0.76852,0.78507,1.9048
1554.5,2007.4,-191.9,-0.66012,380.11,-2517.6,5.7217e+05,462081,1,520.44,6781.5,-2592.6,-6518.7,-765.51,-2363.3,2077.1,2054.4,3.6749,10497,324821,500,1253,1459,-0.7802,0.78507,1.9
1560.6,2094.1,-215.96,-0.48148,425.05,-2585.9,5.7206e+05,462079,1,522.3,6782.3,-2591.8,-6462.8,-719.13,-2402.5,2055.1,2035,15.522,10460,324738,500,1253,1459,-0.79184,0.78507,1.8952
1567.5,2181,-239.84,-0.23644,469.09,-2655.5,5.7089e+05,462077,1,491.3,6803,-2616.5,-6442,-653.47,-2459.2,2036.3,2015,26.385,10467,324759,500,1253,1459,-0.80345,0.78507,1.8903
1575.2,2267.9,-263.47,-0.038209,511.89,-2726.2,5.6882e+05,462075,1,467.72,6834.5,-2644.3,-6365.9,-533.39,-2529.8,2002.2,1976.8,42.179,10443,324703,500,1253,1459,-0.81504,0.78507,1.8853
1583.1,2353.8,-286.67,0.14237,553.18,-2796.9,5.6602e+05,462073,1,462.98,6844.5,-2654.7,-6274.6,-455.17,-2568.2,1964.6,1948.8,49.711,10390,324588,500,1253,1459,-0.82659,0.78507,1.8803
1591.4,2438.7,-309.31,0.36041,592.85,-2867.8,5.6331e+05,462071,1,479.14,6864.4,-2660.2,-6179.1,-356.63,-2612.3,1925.2,1914.4,58.692,10341,324480,500,1253,1459,-0.83811,0.78507,1.8752
1599.4,2522.9,-331.66,0.75445,631.66,-2938.4,5.6309e+05,462069,1,647.32,6907.1,-2605.7,-6040.4,-252.41,-2638,1911.8,1884.3,77.24,10278,324328,500,1253,1459,-0.8496,0.78507,1.87
1603.7,2604.9,-353.99,1.8185,670.92,-3005.4,5.6517e+05,462067,1,1597.8,7267.8,-2319.7,-5631.2,-70.959,-2569.3,2019,1929.5,120.08,10339,324477,500,1241,1458,-0.86106,0.78507,1.8648
1586.9,2678.5,-379.1,6.0714,719.86,-3052.6,5.7262e+05,462065,1,8699.1,8027.8,714.78,-4381.4,162.67,-2121.4,3604.8,2078.9,818.93,13503,331520,500,1241,1458,-0.87249,0.78507,1.8595
1397.6,2727.6,-445.02,36.822,885.48,-2967.4,5.7541e+05,462063,1,21571,5546.3,7961.1,-2823.7,294.09,-1468.4,7968.5,1585,3138.4,25407,341147,500,1241,1458,-0.88388,0.78507,1.8541
1011.4,2758.5,-596.08,71.944,1212.5,-2740.8,5.6827e+05,462061,1,12488,-2350.1,6990.2,-858.39,-219.92,-317.38,7635.5,-311.15,3817,16858,334960,500,1241,1458,-0.89524,0.78507,1.8486
1037.5,2750.5,-660.17,0.94987,1211.9,-2758.4,5.8571e+05,462059,1,-1023.2,-1424.5,107.63,758.43,-349.62,522.7,1836.4,-1524.4,1542.3,3483.3,274845,500,1241,1458,-0.90657,0.78507,1.8431
1033.1,2736.1,-652.7,0.20165,1188.6,-2750.8,5.6335e+05,462057,1,156.99,-1098.1,548.82,1173.8,-411.98,764.33,-958.31,-1872.5,321.96,2862.1,243830,500,1157,1454,-0.91786,0.78507,1.8375
1027.9,2716.6,-642.79,0.10187,1162.1,-2738.4,5.5603e+05,462055,1,191.87,-1091.6,563.97,1339.8,-419.41,858.08,-1030.3,-1863.7,275.12,2977.3,248210,500,1068,1444,-0.92911,0.78507,1.8318
1022.5,2695.9,-632.43,0.044747,1135.3,-2724.7,5.5501e+05,462053,1,195.36,-1080.3,565.04,1400.2,-427.59,904.95,-1058.4,-1851.3,250.87,3016.2,249620,500,1068,1444,-0.94034,0.78507,1.8261
1017,2674.7,-621.95,0.023087,1108.7,-2710.4,5.5436e+05,462051,1,197.86,-1074.5,566.87,1416.4,-429.85,925.86,-1065,-1846.9,239.83,3027.5,250150,500,1068,1444,-0.95152,0.78507,1.8203
1011.5,2653.4,-611.44,0.011214,1082.4,-2695.5,5.5478e+05,462049,1,199.52,-1072.4,569.9,1424.2,-428.73,941.17,-1067.1,-1846.3,232.73,3035.5,250468,500,1068,1444,-0.96267,0.78507,1.8144
1005.8,2631.9,-600.94,0.0055025,1056.4,-2680.3,5.5561e+05,462047,1,200.8,-1070.8,572.98,1429.5,-426.89,955.07,-1068.2,-1846.6,226.43,3042.3,250736,500,1016,1441,-0.97379,0.78507,1.8085
1000.1,2610.3,-590.44,0.0018478,1030.8,-2664.5,5.5791e+05,462045,1,201.91,-1069.6,576.2,1433.6,-423.89,967.96,-1068.7,-1847.9,220.91,3048.7,250998,500,1016,1441,-0.98487,0.78507,1.8025
994.4,2588.5,-579.97,0.00011519,1005.6,-2648.4,5.6267e+05,462043,1,203.1,-1068.3,579.48,1436.4,-420.69,980.21,-1068.6,-1849.3,215.78,3054.1,251228,500,1016,1441,-0.99591,0.78507,1.7964
988.59,2566.6,-569.52,-0.00094214,980.83,-2632,5.6819e+05,462041,1,204.31,-1067,582.82,1438.5,-417.46,992.14,-1068,-1850.7,210.89,3059,251417,500,1016,1441,-1.0069,0.78507,1.7902
982.71,2544.6,-559.11,-0.0022709,956.4,-2615.1,5.7e+05,462039,1,205.26,-1065.7,586.09,1440.1,-414.25,1004,-1067.3,-1852.1,206.03,3063.8,251579,500,1016,1441,-1.0179,0.78507,1.784
976.77,2522.6,-548.73,-0.0036062,932.35,-2597.9,5.7076e+05,462037,1,206.08,-1064.4,589.34,1441.7,-410.89,1015.8,-1066.7,-1853.5,201.18,3068.5,251770,500,1016,1441,-1.0288,0.78507,1.7777
970.77,2500.4,-538.38,-0.0052278,908.67,-2580.4,5.7091e+05,462035,1,206.76,-1063.1,592.54,1443.1,-407.49,1027.6,-1066.1,-1854.8,196.32,3073.1,251936,500,1016,1441,-1.0397,0.78507,1.7714
964.72,2478.1,-528.06,-0.0063752,885.36,-2562.5,5.7046e+05,462033,1,207.2,-1062.1,595.21,1444.1,-404.5,1037.4,-1065.6,-1856.1,192.32,3077.1,252261,500,1016,1441,-1.0505,0.78507,1.765
958.61,2455.7,-517.77,-0.0083443,862.4,-2544.3,5.7042e+05,462031,1,207.91,-1060.5,598.08,1445.6,-400.19,1050.1,-1064.6,-1858,186.27,3082,252547,500,1016,1441,-1.0614,0.78507,1.7585
952.44,2433.2,-507.5,-0.010733,839.78,-2525.8,5.7019e+05,462029,1,207.69,-1059,602.56,1446.6,-396.82,1064.3,-1064.9,-1858.9,182.02,3087.6,252757,500,1016,1441,-1.0721,0.78507,1.752
946.21,2410.6,-497.27,-0.012043,817.51,-2507,5.6982e+05,462027,1,208.66,-1057.2,605.59,1447.7,-392.54,1077,-1063.6,-1860.6,176.04,3092.3,252995,500,1016,1441,-1.0829,0.78507,1.7453
939.93,2387.9,-487.07,-0.013442,795.58,-2487.9,5.7069e+05,462025,1,209.31,-1056.1,608.51,1448.1,-389.45,1086.6,-1062.8,-1861.8,172.21,3095.9,253177,500,1016,1441,-1.0935,0.78507,1.7387
933.58,2365.1,-476.9,-0.012321,774,-2468.5,5.7171e+05,462023,1,209.94,-1055.2,611.55,1448.2,-386.18,1096.2,-1061.8,-1863.1,168.56,3099.4,253318,500,1016,1441,-1.1042,0.78507,1.7319
927.17,2342.2,-466.78,-0.012401,752.76,-2448.9,5.7316e+05,462021,1,210.39,-1053.6,615.45,1448.6,-381.74,1109.9,-1060.6,-1864.8,163.26,3104.5,253506,500,1016,1441,-1.1148,0.78507,1.7251
920.71,2319.3,-456.69,-0.013561,731.83,-2428.9,5.7434e+05,462019,1,211.2,-1051.4,619.37,1449,-377.83,1123.9,-1059.4,-1866.1,157.81,3109.4,253689,500,1016,1441,-1.1254,0.78507,1.7182
914.17,2296.2,-446.63,-0.015014,711.24,-2408.7,5.7573e+05,462017,1,211.65,-1050,622.19,1449.6,-375.11,1134.3,-1058.5,-1866.9,153.85,3113.3,253823,500,1016,1441,-1.1359,0.78507,1.7113
907.59,2273,-436.6,-0.020091,690.94,-2388.2,5.7828e+05,462015,1,212.39,-1047.7,625.47,1450.7,-372.34,1147.3,-1057.7,-1867.2,148.67,3117.7,253996,500,1016,1441,-1.1464,0.78507,1.7043
900.94,2249.7,-426.6,-0.02455,670.94,-2367.4,5.8201e+05,462013,1,213.7,-1045.7,629.38,1451.1,-369.31,1159.9,-1056.4,-1867.6,143.84,3122.1,254211,500,1016,1441,-1.1568,0.78507,1.6972
894.2,2226.3,-416.64,-0.02008,651.27,-2346.4,5.8314e+05,462011,1,215.14,-1044.1,633.59,1450.3,-364.99,1171.1,-1054.4,-1868.8,139.88,3125.6,254337,500,1016,1441,-1.1672,0.78507,1.6901
887.4,2202.9,-406.73,-0.015893,631.92,-2325.1,5.8428e+05,462009,1,215.57,-1041.9,637.59,1449.3,-359.7,1184.3,-1052.6,-1870.2,134.97,3129.7,254507,500,1016,1441,-1.1775,0.78507,1.6829
880.54,2179.3,-396.86,-0.014857,612.87,-2303.6,5.8643e+05,462007,1,214.91,-1040.5,639.83,1448.4,-356.01,1193.6,-1051.7,-1871.4,131.24,3132.5,254594,500,1016,1441,-1.1878,0.78507,1.6757
873.65,2155.7,-387.02,-0.016529,594.09,-2281.9,5.8713e+05,462005,1,213.82,-1038.7,641.41,1446.3,-351.23,1202.7,-1050.2,-1873.1,126.47,3134.5,254655,500,1016,1441,-1.1981,0.78507,1.6683
1611.2,1455.7,-11.086,-0.42103,22.096,-2171.3,5.7075e+05,460605,1,307.66,7006.8,-2784.3,-7074.1,-515.45,-2391.3,2219.4,2030.2,-22.442,11046,326139,500,1253,1459,-0.70806,0.79766,1.9229
1619.1,1548.3,-36.988,-0.63044,74.571,-2239.3,5.729e+05,460603,1,379.23,6926.1,-2741.3,-6934.6,-642.91,-2337.6,2190.7,2049.9,-30.54,10890,325841,500,1253,1459,-0.71984,0.79766,1.9185
1626.4,1639.6,-62.518,-0.78293,125.63,-2306.9,5.7327e+05,460601,1,420.48,6896.2,-2713.2,-6847.2,-691.71,-2328.9,2171.6,2062.6,-29.589,10810,325683,500,1253,1459,-0.7316,0.79766,1.9141
1633.5,1730.1,-87.732,-0.80759,175.52,-2374.6,5.7261e+05,460599,1,440.7,6872.1,-2699.1,-6775.8,-717.92,-2337.7,2147.8,2070.1,-28.696,10747,325526,500,1253,1459,-0.74333,0.79766,1.9095
1640.5,1819.7,-112.6,-0.72807,224.16,-2442.3,5.7194e+05,460597,1,482.08,6862.2,-2682.4,-6698.5,-728.34,-2350,2129.4,2076.6,-25.584,10691,325383,500,1253,1459,-0.75503,0.79766,1.9049
1647.1,1908.4,-137.28,-0.65254,271.71,-2510,5.7189e+05,460595,1,516.79,6878,-2678.7,-6624.7,-726.51,-2368,2116.8,2085,-21.191,10658,325305,500,1253,1459,-0.76671,0.79766,1.9003
1653.4,1996.2,-161.75,-0.56025,318.18,-2577.5,5.7199e+05,460593,1,536.46,6901.5,-2684.3,-6573.3,-709.37,-2401,2103.3,2090.1,-15.895,10649,325283,500,1253,1459,-0.77835,0.79766,1.8955
1660.3,2084.3,-186.05,-0.36182,363.8,-2646.3,5.7116e+05,460591,1,521.8,6934.2,-2703.6,-6544.8,-648.13,-2458.2,2086.5,2076.9,-4.2958,10660,325309,500,1253,1459,-0.78997,0.79766,1.8907
1667.7,2172.5,-210.26,-0.17928,408.55,-2716.3,5.7011e+05,460589,1,499.16,6987.6,-2743.7,-6521.1,-563.85,-2533.1,2073.5,2061.1,9.3643,10696,325390,500,1253,1459,-0.80155,0.79766,1.8858
1675.6,2260.2,-234.21,-0.039984,452.08,-2786.9,5.6893e+05,460587,1,489.82,7042,-2784,-6479.7,-508.67,-2584.7,2055.2,2059.4,12.316,10722,325470,500,1253,1459,-0.81311,0.79766,1.8809
1683.8,2347.2,-257.72,0.12633,494.15,-2857.8,5.6711e+05,460585,1,487.67,7039.9,-2776,-6354.3,-437.7,-2610.8,2003.7,2027.6,20.454,10631,325233,500,1253,1459,-0.82464,0.79766,1.8759
1692.5,2433.5,-280.75,0.32096,534.75,-2929,5.6595e+05,460583,1,495.3,7074.5,-2795.4,-6300.1,-368.07,-2658.8,1980.9,2014.1,26.343,10629,325226,500,1253,1459,-0.83613,0.79766,1.8708
1701.1,2519.1,-303.47,0.62704,574.33,-3000.4,5.6586e+05,460581,1,592.77,7147.7,-2786.9,-6182.1,-264.5,-2695.3,1954.4,1996,34.324,10610,325175,500,1253,1459,-0.84759,0.79766,1.8656
1708.2,2603.2,-325.84,1.324,613.3,-3069.9,5.6811e+05,460579,1,1027.6,7272,-2642.4,-5886.8,-139.45,-2657.6,1938.5,1984,44.257,10505,324837,500,1241,1458,-0.85902,0.79766,1.8604
1705.5,2681.5,-348.19,3.8668,654.57,-3129.3,5.7638e+05,460577,1,6879.5,8059.8,-212.46,-4915.3,175.4,-2375.6,3184.8,2143.4,577.75,12539,329848,500,1241,1458,-0.87042,0.79766,1.8551
1538.2,2741.2,-407.3,34.913,807.53,-3064.8,5.7891e+05,460575,1,29413,8830.6,10273,-2759,709.4,-1615.5,9603.5,2515.1,3511.2,34208,345171,500,1241,1458,-0.88179,0.79766,1.8497
977.37,2756.4,-596.31,102.81,1253.3,-2706.9,5.7161e+05,460573,1,13557,-310.99,6640.3,67.777,321.44,-102.32,9232.1,-44.619,4485.1,18261,336190,500,1241,1458,-0.89312,0.79766,1.8442
1021.3,2745.3,-688.18,0.35644,1255.4,-2734.5,5.9439e+05,460571,1,-1274.5,-1096.6,-144.98,919.04,-362.17,610.79,1922.2,-1915.9,1766.7,3831.9,281965,500,1241,1458,-0.90442,0.79766,1.8387
1017.3,2730.2,-679.73,0.072351,1230.9,-2726.8,5.687e+05,460569,1,130.53,-1095.3,540.8,1129.4,-400.6,737.91,-961.19,-1877.6,335.57,2862.1,243831,500,1157,1454,-0.91569,0.79766,1.8331
1012.2,2710.4,-669.58,0.052151,1204.1,-2714.7,5.5869e+05,460567,1,180.47,-1083.5,564.49,1363.3,-426.87,877.95,-1055.5,-1850.1,272.12,2991.3,248584,500,1157,1454,-0.92692,0.79766,1.8275
1006.9,2689.6,-659.13,0.023854,1177,-2701.3,5.565e+05,460565,1,187.46,-1078.3,569.85,1406.4,-435.76,916.55,-1071,-1841.7,255.75,3022.4,249930,500,1068,1444,-0.93811,0.79766,1.8218
1001.5,2668.5,-648.62,0.013513,1150.3,-2687.2,5.5542e+05,460563,1,193.33,-1075.8,572.21,1416.7,-434.08,930.7,-1071.3,-1842.5,246.85,3031,250283,500,1068,1444,-0.94927,0.79766,1.816
995.93,2647.2,-638.1,0.008376,1123.9,-2672.7,5.5513e+05,460561,1,193.86,-1074,577.57,1424.1,-434.96,947.87,-1075.3,-1840.2,242.87,3040.1,250665,500,1068,1444,-0.9604,0.79766,1.8101
990.33,2625.7,-627.61,0.0045056,1097.9,-2657.7,5.5623e+05,460559,1,196.91,-1072,579.59,1428.4,-431.52,960.57,-1073.8,-1842.2,234.78,3045.5,250870,500,1068,1444,-0.97149,0.79766,1.8042
984.67,2604.1,-617.13,0.0018453,1072.3,-2642.4,5.5739e+05,460557,1,197.74,-1070.9,583.09,1431.6,-429.3,972.69,-1074.4,-1842.9,230.42,3051.1,251094,500,1016,1441,-0.98254,0.79766,1.7982
978.94,2582.4,-606.67,0.00028664,1047,-2626.6,5.6087e+05,460555,1,198.92,-1069.6,586.39,1434.2,-426.03,984.8,-1074.2,-1844.3,225.34,3056.5,251319,500,1016,1441,-0.99355,0.79766,1.7921
973.14,2560.6,-596.25,-0.00070252,1022.1,-2610.4,5.6885e+05,460553,1,199.72,-1068.4,590.71,1436.3,-422.98,998.35,-1074.3,-1845.4,220.88,3062.2,251526,500,1016,1441,-1.0045,0.79766,1.786
967.29,2538.6,-585.86,-0.0018213,997.63,-2593.9,5.7235e+05,460551,1,201.73,-1067,591.88,1438.3,-418.56,1007.7,-1072.2,-1848.1,214.04,3065.9,251659,500,1016,1441,-1.0155,0.79766,1.7798
961.37,2516.6,-575.5,-0.0033174,973.51,-2577,5.7244e+05,460549,1,200.99,-1066.2,597.33,1439.1,-417,1021,-1073.6,-1847.9,212.3,3071.4,251870,500,1016,1441,-1.0264,0.79766,1.7735
955.39,2494.4,-565.17,-0.0048348,949.76,-2559.8,5.7174e+05,460547,1,203.16,-1064.6,598.34,1441.1,-411.8,1031.2,-1071,-1851,204.37,3075.3,252034,500,1016,1441,-1.0372,0.79766,1.7672
949.35,2472.2,-554.87,-0.005974,926.36,-2542.2,5.7086e+05,460545,1,202.5,-1063.6,603.23,1441.8,-409.31,1044.8,-1071.9,-1851.5,201.41,3080.8,252455,500,1016,1441,-1.0481,0.79766,1.7608
943.25,2449.9,-544.6,-0.0084118,903.32,-2524.3,5.7046e+05,460543,1,202.93,-1061.9,605.9,1443.3,-405.08,1057.5,-1071.1,-1853.4,195.26,3085.7,252685,500,1016,1441,-1.0588,0.79766,1.7543
937.11,2427.4,-534.36,-0.011077,880.61,-2506.1,5.6931e+05,460541,1,203.27,-1060.7,608.47,1444.3,-402.05,1067.4,-1070.7,-1854.5,191.13,3089.6,252892,500,1016,1441,-1.0696,0.79766,1.7478
930.91,2404.9,-524.14,-0.013227,858.25,-2487.6,5.694e+05,460539,1,203.72,-1059.4,611.14,1445,-398.97,1077.1,-1070.2,-1855.7,187.08,3093.3,253031,500,1016,1441,-1.0803,0.79766,1.7412
924.64,2382.2,-513.96,-0.014056,836.22,-2468.8,5.7065e+05,460537,1,204.8,-1057.9,615.3,1445.4,-394.44,1090.5,-1069,-1857.4,181.78,3098.3,253266,500,1016,1441,-1.091,0.79766,1.7346
918.31,2359.5,-503.82,-0.011611,814.55,-2449.7,5.7171e+05,460535,1,205.37,-1056.2,619.15,1445.6,-389.9,1103.9,-1067.8,-1859.1,176.52,3103.1,253455,500,1016,1441,-1.1016,0.79766,1.7278
911.92,2336.7,-493.72,-0.012838,793.21,-2430.3,5.7253e+05,460533,1,205.53,-1054.7,621.65,1446.2,-386.9,1113.9,-1067.1,-1860.2,172.54,3106.8,253583,500,1016,1441,-1.1122,0.79766,1.721
905.48,2313.8,-483.64,-0.017466,772.17,-2410.6,5.7479e+05,460531,1,205.35,-1052.9,624.81,1446.8,-384.17,1125.7,-1067.2,-1860.6,168.4,3111,253747,500,1016,1441,-1.1227,0.79766,1.7142
898.99,2290.7,-473.59,-0.020014,751.45,-2390.7,5.7612e+05,460529,1,206.67,-1050.2,627.5,1447.9,-379.87,1139.3,-1065.2,-1861.9,161.35,3115.4,253904,500,1016,1441,-1.1332,0.79766,1.7073
892.44,2267.6,-463.56,-0.026465,731.01,-2370.4,5.7922e+05,460527,1,207.24,-1048.2,631.18,1448.7,-377.21,1151.4,-1065.1,-1862.1,157.17,3119.9,254069,500,1016,1441,-1.1437,0.79766,1.7003
885.8,2244.3,-453.57,-0.022528,710.9,-2349.9,5.8092e+05,460525,1,209.39,-1047.1,635.1,1448.8,-373.04,1162,-1062.9,-1863.6,152.73,3123.8,254279,500,1016,1441,-1.1541,0.79766,1.6932
879.09,2221,-443.63,-0.017798,691.12,-2329.1,5.8317e+05,460523,1,209.51,-1046.2,640.14,1447.4,-369.61,1173.4,-1062.2,-1864.3,150.62,3127.8,254446,500,1016,1441,-1.1644,0.79766,1.6861
872.31,2197.6,-433.74,-0.01604,671.66,-2308.1,5.8585e+05,460521,1,209.93,-1044.6,643.52,1446.5,-365.39,1184.9,-1060.4,-1865.9,146.12,3131.5,254561,500,1016,1441,-1.1748,0.79766,1.6789
865.48,2174.1,-423.89,-0.016283,652.49,-2286.9,5.8808e+05,460519,1,210.61,-1042.3,645.13,1445.9,-359.73,1196.1,-1057.5,-1868.3,139.15,3134.6,254956,500,1016,1441,-1.185,0.79766,1.6717
858.62,2150.6,-414.07,-0.017826,633.6,-2265.4,5.8854e+05,460517,1,207.74,-1041.6,649.31,1442.3,-356.16,1207.7,-1057.9,-1869.2,136.86,3138,255107,500,1016,1441,-1.1953,0.79766,1.6644
1726.3,1630,-32.539,-0.64168,64.49,-2373.6,5.7097e+05,459115,1,438.37,6877.4,-2750.5,-6837.7,-630.97,-2345.8,2167,2053.4,-42.982,10799,325660,500,1253,1459,-0.72984,0.81022,1.9095
1733.4,1720.1,-57.572,-0.63002,114.17,-2440,5.7121e+05,459113,1,467.44,6877.1,-2743,-6763,-648.02,-2357.1,2148.7,2063.5,-41.202,10753,325541,500,1253,1459,-0.74154,0.81022,1.9049
1740.4,1809.6,-82.394,-0.59564,162.75,-2506.7,5.7191e+05,459111,1,487.18,6893.7,-2746,-6704.3,-644.8,-2382.5,2132.4,2068.6,-36.736,10732,325492,500,1253,1459,-0.75321,0.81022,1.9004
1747.2,1898.3,-106.97,-0.52916,210.21,-2573.6,5.723e+05,459109,1,510.66,6920.4,-2751.8,-6647.8,-632.17,-2412.3,2118.4,2074.8,-32.034,10721,325461,500,1253,1459,-0.76486,0.81022,1.8957
1754.3,1986.9,-131.37,-0.37604,256.78,-2641.3,5.7138e+05,459107,1,513.83,6966,-2769.6,-6622.8,-599.86,-2459.7,2111.2,2079.5,-23.779,10748,325527,500,1253,1459,-0.77648,0.81022,1.891
1762,2075.9,-155.8,-0.22469,302.72,-2710.4,5.7065e+05,459105,1,493.45,7030.2,-2817.9,-6617.7,-537.43,-2537.2,2106.2,2075.8,-11.887,10759,325569,500,1253,1459,-0.78807,0.81022,1.8862
1770,2164.6,-180.07,-0.12736,347.63,-2780.3,5.7009e+05,459103,1,492.45,7073.5,-2837.8,-6566,-508.78,-2579.6,2089.1,2077.7,-4.7349,10759,325574,500,1253,1459,-0.79962,0.81022,1.8813
1778.4,2252.9,-204.08,-0.037447,391.35,-2850.8,5.6946e+05,459101,1,488.33,7096.6,-2853.3,-6522,-489.03,-2608.2,2070,2078.1,-2.5059,10759,325570,500,1253,1459,-0.81115,0.81022,1.8764
1787.1,2340.8,-227.71,0.09235,433.81,-2921.8,5.6857e+05,459099,1,480.68,7129.4,-2879.1,-6473.6,-447.29,-2648.6,2045.6,2073.7,-0.66823,10759,325571,500,1253,1459,-0.82265,0.81022,1.8713
1796.3,2428.1,-250.98,0.26215,475.02,-2993.2,5.6812e+05,459097,1,498.18,7167.4,-2879.7,-6367.8,-373.88,-2684.1,2007.4,2058.1,6.3275,10759,325561,500,1253,1459,-0.83412,0.81022,1.8663
1805.6,2515,-273.96,0.49346,515.18,-3065.1,5.6898e+05,459095,1,513.7,7216.9,-2917.8,-6350.1,-310.03,-2749.5,1996.3,2049.1,12.133,10759,325573,500,1253,1459,-0.84555,0.81022,1.8611
1814.3,2600.8,-296.54,0.96852,554.42,-3136.3,5.7071e+05,459093,1,807.74,7396.9,-2851.7,-6037.9,-159.49,-2721.1,1938,2038,7.0969,10737,325508,500,1253,1459,-0.85696,0.81022,1.8559
941.44,2773,-589.22,147.29,1300.9,-2684.9,5.7702e+05,459087,1,30800,2244.2,13798,278.22,554.84,-100.52,13975,888.43,6357.9,37162,346302,500,1241,1458,-0.89097,0.81022,1.8398
1005.6,2740.4,-715.97,-0.11236,1298.1,-2710.8,5.975e+05,459085,1,-2587.2,-1352.2,-667.51,1546.1,-51.97,782,4428.8,-1428,2789.7,6434.9,307991,500,1241,1458,-0.90224,0.81022,1.8343
1001.6,2724.2,-706.63,0.011211,1272.6,-2702.6,5.7438e+05,459083,1,134.95,-1080.9,546.43,1219.7,-408.74,790.91,-1028.9,-1860.1,309.98,2894.9,245228,500,1166,1455,-0.91348,0.81022,1.8287
996.52,2704.1,-696.29,0.026416,1245.4,-2690.6,5.6156e+05,459081,1,173.51,-1081.7,568.77,1376,-436.99,892.26,-1070.5,-1839.3,274.41,3001.4,248926,500,1157,1454,-0.92469,0.81022,1.8231
991.25,2683.3,-685.79,0.013744,1218.2,-2677.4,5.5785e+05,459079,1,181.42,-1079.6,575.16,1406.6,-439.45,919.74,-1078.7,-1837,264.94,3025.8,250077,500,1157,1454,-0.93586,0.81022,1.8174
985.85,2662.1,-675.26,0.0078268,1191.4,-2663.7,5.5692e+05,459077,1,188.1,-1076.8,578.49,1417.6,-439.44,937.02,-1078.8,-1836.8,255.09,3035.3,250457,500,1157,1454,-0.94699,0.81022,1.8116
980.36,2640.8,-664.75,0.005221,1165,-2649.5,5.571e+05,459075,1,189.2,-1075.3,584.32,1423.7,-440.18,953.52,-1081.9,-1835.1,251.83,3043.9,250795,500,1068,1444,-0.95809,0.81022,1.8058
974.78,2619.4,-654.26,0.0031401,1138.9,-2634.9,5.578e+05,459073,1,192.46,-1073.5,585.72,1426.5,-437,963.33,-1079.6,-1837.1,244.74,3047.4,250957,500,1068,1444,-0.96915,0.81022,1.7998
969.14,2597.8,-643.8,0.0014287,1113.2,-2619.8,5.5886e+05,459071,1,193.5,-1072.1,589.95,1429.7,-434.47,977.46,-1080.1,-1837.8,239.84,3053.6,251205,500,1068,1444,-0.98017,0.81022,1.7939
963.43,2576.2,-633.37,0.00025964,1087.9,-2604.3,5.608e+05,459069,1,194.46,-1070.7,594.23,1432.1,-431.59,991.16,-1080.4,-1838.7,235.21,3059.5,251427,500,1016,1441,-0.99116,0.81022,1.7878
957.65,2554.4,-622.97,-0.00064459,1063,-2588.5,5.6765e+05,459067,1,196.24,-1069.6,595.56,1434.2,-427.84,999.63,-1078.9,-1841,229.45,3063,251555,500,1016,1441,-1.0021,0.81022,1.7817
951.81,2532.5,-612.6,-0.0016266,1038.4,-2572.2,5.7391e+05,459065,1,196.82,-1068.3,599.81,1435.8,-424.75,1013.1,-1078.9,-1842,225.02,3068.5,251772,500,1016,1441,-1.013,0.81022,1.7755
945.9,2510.5,-602.26,-0.0034316,1014.3,-2555.7,5.7326e+05,459063,1,197.13,-1067.1,603.96,1437.1,-421.6,1026.4,-1078.9,-1843.1,220.6,3073.9,251971,500,1016,1441,-1.0239,0.81022,1.7693
939.94,2488.4,-591.95,-0.0049853,990.43,-2538.7,5.7206e+05,459061,1,198.95,-1065.8,605.12,1438.8,-417.05,1035.6,-1076.8,-1845.9,213.81,3077.5,252275,500,1016,1441,-1.0347,0.81022,1.763
933.92,2466.2,-581.68,-0.006041,966.97,-2521.5,5.7074e+05,459059,1,198.04,-1064.9,609.62,1439.3,-415.24,1047.3,-1078,-1845.9,211.92,3082.2,252552,500,1016,1441,-1.0455,0.81022,1.7566
927.85,2443.9,-571.43,-0.010095,943.85,-2503.9,5.7006e+05,459057,1,197.96,-1063.6,612.26,1440.5,-411.44,1059.2,-1077.6,-1847.6,206.47,3086.9,252733,500,1016,1441,-1.0563,0.81022,1.7501
921.73,2421.5,-561.21,-0.013908,921.06,-2486,5.6947e+05,459055,1,199.38,-1061.7,613.88,1442.2,-406.38,1070.8,-1075.8,-1850.4,198.88,3091.3,252958,500,1016,1441,-1.067,0.81022,1.7436
915.55,2399.1,-551.01,-0.014801,898.61,-2467.8,5.6922e+05,459053,1,199,-1060.3,618.94,1442.3,-403.29,1084.1,-1076.6,-1850.7,195.95,3096.4,253193,500,1016,1441,-1.0777,0.81022,1.737
909.3,2376.5,-540.85,-0.013417,876.51,-2449.2,5.704e+05,459051,1,200.43,-1059,621.95,1442.7,-399.27,1094.3,-1075.1,-1852.5,191.22,3100.1,253346,500,1016,1441,-1.0883,0.81022,1.7304
902.98,2353.8,-530.73,-0.01168,854.75,-2430.4,5.7164e+05,459049,1,200.03,-1057.6,625.03,1442.9,-396.11,1105.4,-1074.8,-1853.4,187.48,3104.1,253498,500,1016,1441,-1.0989,0.81022,1.7237
896.63,2331,-520.64,-0.017684,833.3,-2411.3,5.7316e+05,459047,1,200.75,-1055,627.24,1444.2,-391.33,1118.7,-1073.4,-1855.3,180.34,3108.7,253664,500,1016,1441,-1.1095,0.81022,1.7169
890.22,2308.2,-510.58,-0.020672,812.15,-2391.9,5.7391e+05,459045,1,200.26,-1053.2,631.42,1444.8,-388.45,1132,-1074.2,-1855.3,176.5,3113.7,253844,500,1016,1441,-1.12,0.81022,1.7101
883.76,2285.2,-500.54,-0.023796,791.32,-2372.2,5.7624e+05,459043,1,201.55,-1051.6,632.79,1445.8,-384.8,1141,-1072.3,-1857.1,170.76,3116.9,253962,500,1016,1441,-1.1305,0.81022,1.7032
877.23,2262.1,-490.52,-0.027221,770.77,-2352.3,5.7935e+05,459041,1,202.51,-1050.4,637.97,1446.2,-380.89,1154.7,-1071.9,-1858.1,166.58,3122.6,254232,500,1016,1441,-1.1409,0.81022,1.6962
870.61,2238.9,-480.55,-0.019065,750.57,-2332,5.8111e+05,459039,1,205.07,-1048.8,642.36,1446,-375.9,1167,-1069.1,-1860.1,161.37,3127,254418,500,1016,1441,-1.1513,0.81022,1.6892
863.92,2215.6,-470.64,-0.015837,730.69,-2311.5,5.8373e+05,459037,1,204.75,-1047.7,647.02,1444.9,-372.96,1178.8,-1068.6,-1860.8,159.11,3131.2,254549,500,1016,1441,-1.1616,0.81022,1.6821
857.16,2192.3,-460.77,-0.015865,711.12,-2290.7,5.8674e+05,459035,1,205.29,-1046.2,649.72,1444,-369.15,1188.9,-1066.6,-1862.3,154.56,3134.2,254649,500,1016,1441,-1.1719,0.81022,1.6749
850.35,2168.9,-450.94,-0.015453,691.85,-2269.7,5.8905e+05,459033,1,204.89,-1045.1,653.02,1442.5,-365,1199.9,-1065.4,-1864,150.39,3137.9,255103,500,1016,1441,-1.1822,0.81022,1.6677
843.5,2145.4,-441.15,-0.017048,672.86,-2248.5,5.8871e+05,459031,1,203.46,-1044.2,655.64,1440.2,-360.93,1210.4,-1064.3,-1865.8,146.12,3141.1,255232,500,1016,1441,-1.1924,0.81022,1.6604
836.61,2121.8,-431.39,-0.023688,654.15,-2227.1,5.8661e+05,459029,1,198.97,-1041.9,655.42,1437.6,-358.64,1221.6,-1064.6,-1866.3,140.23,3143,255298,500,1016,1441,-1.2026,0.81022,1.653
1833.2,1711.3,-27.835,-0.44989,54.548,-2507.3,5.7099e+05,457629,1,462.42,6861.9,-2790.9,-6774.6,-574.17,-2388.6,2146.6,2030.2,-43.372,10759,325588,500,1253,1459,-0.73972,0.82275,1.9003
1840.5,1800.9,-52.571,-0.38845,103.09,-2573.4,5.7129e+05,457627,1,472.19,6884.7,-2800.9,-6727.7,-567.46,-2420.3,2131.2,2036.9,-39.33,10752,325536,500,1253,1459,-0.75137,0.82275,1.8957
1848,1890.1,-77.051,-0.29191,150.5,-2640.2,5.7107e+05,457625,1,477.01,6925.9,-2820.8,-6687.1,-537.44,-2464.3,2118.7,2039.9,-32.616,10759,325557,500,1253,1459,-0.76299,0.82275,1.8911
1855.9,1979.2,-101.39,-0.2014,196.97,-2708,5.7086e+05,457623,1,473.22,6982.8,-2852,-6664,-500.76,-2525.9,2112.1,2044,-21.983,10759,325584,500,1253,1459,-0.77458,0.82275,1.8863
1881.6,2246,-173.89,-0.043172,331.28,-2916.4,5.7045e+05,457617,1,467.47,7073.8,-2907.2,-6566.4,-460.93,-2636,2076.6,2060.3,-7.8732,10759,325581,500,1253,1459,-0.80916,0.82275,1.8718
1890.9,2334.4,-197.56,0.04329,373.91,-2987.4,5.7048e+05,457615,1,456.19,7100.5,-2934.9,-6530.3,-424.87,-2687.9,2055.6,2055.4,-2.5411,10759,325580,500,1253,1459,-0.82063,0.82275,1.8668
1900.6,2422.5,-220.94,0.16745,415.45,-3058.9,5.7078e+05,457613,1,470.18,7140.7,-2941.8,-6459.4,-384.2,-2720.8,2030.8,2052.9,2.4866,10759,325579,500,1253,1459,-0.83207,0.82275,1.8617
909.01,2782.7,-587.01,183.82,1344.3,-2659.6,5.83e+05,457603,1,33097,-1952.5,16754,439.36,-551.61,475.79,15689,196.41,7493.1,41024,347607,500,1241,1458,-0.88879,0.82275,1.8353
990.2,2735.1,-743.47,-0.57875,1339.8,-2686.9,6.0062e+05,457601,1,-2904.3,-1289.6,-837.65,1924.4,-475.68,1158.7,5035,-1316.4,3045.6,7241,312835,500,1241,1458,-0.90003,0.82275,1.8298
985.83,2717.9,-733.38,-0.03023,1313.5,-2677.9,5.7948e+05,457599,1,140.49,-1083.9,559.13,1257.4,-447.58,830.42,-1063.2,-1831.9,295.06,2924.3,246480,500,1166,1455,-0.91124,0.82275,1.8242
980.8,2697.7,-722.96,0.012253,1286.2,-2666.1,5.6448e+05,457597,1,168.76,-1082.4,575.28,1378.2,-445.4,900.67,-1078.9,-1831.8,281.45,3006.4,249068,500,1166,1455,-0.92242,0.82275,1.8186
975.56,2676.8,-712.44,0.007948,1259,-2653.3,5.5945e+05,457595,1,177.12,-1080.7,581.69,1410,-445.63,928.34,-1086.5,-1831.1,271.51,3032,250312,500,1157,1454,-0.93356,0.82275,1.8129
970.19,2655.7,-701.9,0.004305,1232.1,-2639.8,5.5776e+05,457593,1,182.24,-1078.9,585.65,1418.7,-445.04,943.13,-1087,-1831.4,264.92,3040.7,250683,500,1157,1454,-0.94467,0.82275,1.8072
964.73,2634.4,-691.39,0.0026792,1205.5,-2625.9,5.5867e+05,457591,1,184.42,-1077.6,590.62,1423.1,-445.24,957.61,-1088.1,-1830.7,260.89,3047.6,250964,500,1157,1454,-0.95574,0.82275,1.8013
959.17,2613,-680.91,0.001678,1179.4,-2611.6,5.5971e+05,457589,1,187.39,-1075.2,593.6,1425.6,-442.35,970.34,-1086.5,-1831.7,254.33,3051.8,251126,500,1068,1444,-0.96677,0.82275,1.7954
953.55,2591.5,-670.47,0.0009429,1153.7,-2596.8,5.5991e+05,457587,1,189.14,-1073.3,596.86,1427.8,-439.5,982.27,-1085.9,-1832.7,249.24,3056.3,251308,500,1068,1444,-0.97777,0.82275,1.7895
947.86,2569.9,-660.06,-4.6216e-06,1128.4,-2581.7,5.6125e+05,457585,1,190.05,-1072.1,600.38,1429.9,-437.02,993.76,-1086.1,-1833.5,245.21,3061.1,251493,500,1016,1441,-0.98873,0.82275,1.7834
942.1,2548.1,-649.68,-0.0008591,1103.4,-2566.1,5.6524e+05,457583,1,192.47,-1070.4,602.3,1432.3,-432.47,1005.2,-1084.1,-1836.1,237.74,3065.6,251649,500,1016,1441,-0.99966,0.82275,1.7773
936.27,2526.3,-639.33,-0.0017789,1078.8,-2550.2,5.7104e+05,457581,1,191.87,-1069.5,607.75,1433.3,-430.9,1018.6,-1085.6,-1835.8,235.91,3071.1,251850,500,1016,1441,-1.0105,0.82275,1.7712
930.39,2504.3,-629.01,-0.0034497,1054.6,-2534,5.7257e+05,457579,1,193.66,-1068.1,608.79,1435,-426.4,1027.7,-1083.5,-1838.6,229.09,3074.6,252001,500,1016,1441,-1.0214,0.82275,1.7649
924.45,2482.3,-618.72,-0.0049911,1030.7,-2517.3,5.7117e+05,457577,1,193.92,-1066.8,612.89,1436.1,-423.07,1040.8,-1083.6,-1839.7,224.69,3079.8,252392,500,1016,1441,-1.0322,0.82275,1.7586
918.44,2460.2,-608.47,-0.0061914,1007.2,-2500.4,5.7057e+05,457575,1,194.27,-1065.3,616.4,1437.4,-418.86,1054.3,-1083.1,-1841.5,218.98,3085.1,252656,500,1016,1441,-1.043,0.82275,1.7523
912.39,2437.9,-598.25,-0.0093762,983.99,-2483.1,5.6996e+05,457573,1,193.92,-1064.4,618.68,1438.3,-415.73,1064,-1083,-1842.8,214.78,3089,252871,500,1016,1441,-1.0537,0.82275,1.7458
906.29,2415.6,-588.04,-0.013115,961.14,-2465.5,5.6833e+05,457571,1,193.87,-1063,621.48,1439.2,-411.89,1075.6,-1082.9,-1844.4,209.76,3093.6,253042,500,1016,1441,-1.0644,0.82275,1.7393
900.13,2393.2,-577.87,-0.014777,938.61,-2447.5,5.6913e+05,457569,1,194.64,-1061.6,624.83,1439.8,-407.97,1087,-1082.3,-1846,205,3098,253257,500,1016,1441,-1.0751,0.82275,1.7328
893.9,2370.6,-567.73,-0.012957,916.44,-2429.3,5.7005e+05,457567,1,195.59,-1059.8,628.17,1440.1,-404.12,1098.4,-1081.3,-1847.4,200.42,3102,253421,500,1016,1441,-1.0857,0.82275,1.7261
887.62,2348,-557.64,-0.013438,894.59,-2410.8,5.7106e+05,457565,1,195.49,-1058,630.87,1440.7,-400.33,1110.1,-1080.7,-1848.6,195.56,3106,253561,500,1016,1441,-1.0962,0.82275,1.7194
881.29,2325.3,-547.56,-0.018994,873.05,-2391.9,5.7235e+05,457563,1,195.09,-1056.8,633.12,1441.5,-397.16,1120.1,-1080.7,-1849.8,191.24,3110,253716,500,1016,1441,-1.1068,0.82275,1.7127
874.91,2302.5,-537.51,-0.022312,851.8,-2372.8,5.7354e+05,457561,1,195.23,-1054.8,637,1442.4,-393.44,1133.8,-1080.9,-1850.7,186.19,3115.3,253901,500,1016,1441,-1.1173,0.82275,1.7059
868.46,2279.6,-527.48,-0.022734,830.87,-2353.4,5.7546e+05,457559,1,197.02,-1053.1,640.38,1443.4,-388.39,1146.9,-1079,-1852.8,179.5,3120.4,254091,500,1016,1441,-1.1277,0.82275,1.699
861.95,2256.5,-517.49,-0.021515,810.26,-2333.7,5.7834e+05,457557,1,197.88,-1052.7,644.96,1443.6,-384.82,1158.1,-1078.4,-1854.1,176.21,3125.4,254331,500,1016,1441,-1.1381,0.82275,1.692
855.35,2233.4,-507.55,-0.016878,789.96,-2313.7,5.8103e+05,457555,1,199.32,-1050.9,649.01,1443.5,-380.99,1169.9,-1076.8,-1855.6,172.11,3129.8,254509,500,1016,1441,-1.1485,0.82275,1.685
848.68,2210.2,-497.65,-0.016278,769.98,-2293.5,5.8426e+05,457553,1,200.12,-1049.1,652.65,1442.8,-377.42,1181.5,-1075.1,-1856.8,167.97,3133.5,254623,500,1016,1441,-1.1588,0.82275,1.6779
841.95,2186.9,-487.8,-0.016161,750.31,-2273,5.8803e+05,457551,1,200.92,-1048,655.73,1441.8,-373.52,1191.5,-1073.1,-1858.4,163.58,3136.7,255052,500,1016,1441,-1.1691,0.82275,1.6708
835.15,2163.5,-478,-0.014216,730.95,-2252.2,5.8907e+05,457549,1,199.98,-1047.3,660.21,1439.7,-370.47,1202.7,-1072.8,-1859.2,161.26,3140.5,255206,500,1016,1441,-1.1793,0.82275,1.6636
828.31,2140.1,-468.23,-0.017778,711.87,-2231.3,5.8946e+05,457547,1,198.37,-1045.5,661.79,1438.4,-366.45,1215,-1071.5,-1861.1,154.96,3144.1,255337,500,1016,1441,-1.1895,0.82275,1.6563
821.45,2116.6,-458.49,-0.030434,693.03,-2210.1,5.8653e+05,457545,1,192.1,-1043.5,660.37,1437.1,-363.89,1227,-1073.3,-1861.7,148.06,3147.2,259963,500,1016,1441,-1.1996,0.82275,1.649
885.99,2756.8,-583.35,204.26,1360.1,-2614.1,5.8921e+05,456121,1,39185,3859.1,17049,838.3,-349.57,571,17649,1215.5,7973.8,47103,349196,500,1229,1457,-0.88657,0.83524,1.8307
974.03,2727.3,-768.86,0.057649,1378.8,-2660.2,5.9908e+05,456119,1,-2930,-1615.1,-689.96,1273.3,-763.51,975.96,5272.3,-902.37,2984.3,7235,312806,500,1229,1457,-0.89779,0.83524,1.8252
970.05,2711.2,-759.94,-0.051968,1353.6,-2652.7,5.837e+05,456117,1,130.82,-1090.7,565.64,1232.1,-477.13,835.34,-1046.2,-1819.7,311.17,2924.3,246481,500,1166,1455,-0.90897,0.83524,1.8197
965.03,2691.2,-749.6,0.011912,1326.4,-2641.3,5.6535e+05,456115,1,164.39,-1085.1,583,1376.3,-447.33,904.17,-1084.9,-1828.6,291.61,3010.3,249193,500,1166,1455,-0.92012,0.83524,1.8141
959.8,2670.3,-739.08,0.0061421,1299.2,-2628.7,5.6053e+05,456113,1,172.59,-1083.6,588.53,1411.4,-449.01,933.12,-1093.3,-1827.7,280.53,3038,250590,500,1166,1455,-0.93123,0.83524,1.8084
954.46,2649.2,-728.54,0.0010446,1272.2,-2615.6,5.5895e+05,456111,1,176.82,-1082,594.62,1420.8,-451.35,952.96,-1095.4,-1826.1,274.16,3048.9,251004,500,1157,1454,-0.94231,0.83524,1.8027
949.02,2627.9,-718.03,-0.00029705,1245.7,-2602,5.5992e+05,456109,1,180.97,-1079.3,597.15,1422.6,-449.42,964.53,-1092.9,-1826.9,267.28,3051.8,251130,500,1157,1454,-0.95335,0.83524,1.7968
943.5,2606.5,-707.56,-0.00072116,1219.5,-2588,5.6143e+05,456107,1,180.95,-1077.7,601.53,1423.9,-448.06,976.32,-1094.2,-1826.4,265.06,3056.3,251309,500,1068,1444,-0.96436,0.83524,1.791
937.91,2585.1,-697.13,-0.0003646,1193.8,-2573.5,5.6127e+05,456105,1,185.22,-1074.8,602.7,1426.3,-443.58,986.3,-1090.9,-1828.7,257.1,3058.9,251411,500,1068,1444,-0.97533,0.83524,1.785
932.24,2563.5,-686.73,-0.00074195,1168.4,-2558.7,5.6188e+05,456103,1,185.24,-1073.7,607.39,1428.1,-442.18,998.51,-1092.3,-1828.3,254.92,3064.1,251595,500,1068,1444,-0.98627,0.83524,1.779
926.5,2541.8,-676.37,-0.0015046,1143.4,-2543.5,5.6433e+05,456101,1,187.3,-1071.8,610.29,1430.1,-438.43,1010.9,-1090.9,-1830,248.57,3068.6,251776,500,1016,1441,-0.99716,0.83524,1.7729
920.69,2520,-666.04,-0.0024899,1118.7,-2527.8,5.6848e+05,456099,1,188.34,-1070.3,613.46,1431.4,-435.24,1022.5,-1090.3,-1831.3,243.68,3072.9,251931,500,1016,1441,-1.008,0.83524,1.7667
914.82,2498.1,-655.75,-0.0035893,1094.5,-2511.9,5.7025e+05,456097,1,189.24,-1069,615.82,1432.7,-431.6,1032.8,-1089.4,-1833.1,238.51,3076.9,252252,500,1016,1441,-1.0188,0.83524,1.7605
908.9,2476.1,-645.48,-0.0054923,1070.5,-2495.6,5.7067e+05,456095,1,189.05,-1067.9,619.98,1433.4,-429.02,1044.7,-1090,-1833.6,235.38,3081.6,252531,500,1016,1441,-1.0296,0.83524,1.7542
902.91,2454,-635.25,-0.0063783,1047,-2478.9,5.7011e+05,456093,1,189.99,-1066.5,622.15,1434.5,-425.1,1054.9,-1089,-1835.6,229.94,3085.4,252677,500,1016,1441,-1.0404,0.83524,1.7479
896.87,2431.8,-625.05,-0.0077158,1023.7,-2461.9,5.6897e+05,456091,1,189.72,-1065,625.29,1435.7,-420.65,1068.3,-1088.8,-1837.4,224.09,3090.7,252932,500,1016,1441,-1.0511,0.83524,1.7415
890.79,2409.6,-614.87,-0.013238,1000.8,-2444.6,5.6862e+05,456089,1,189.41,-1063.8,628.02,1436.5,-416.74,1079.7,-1088.8,-1839.1,219.06,3095.3,253154,500,1016,1441,-1.0617,0.83524,1.735
884.66,2387.2,-604.73,-0.01416,978.25,-2426.9,5.6907e+05,456087,1,190.31,-1062.6,630.67,1437.3,-412.7,1090,-1087.9,-1841.1,213.99,3099.4,253313,500,1016,1441,-1.0724,0.83524,1.7284
878.46,2364.7,-594.61,-0.015205,956,-2409,5.6948e+05,456085,1,189.58,-1060.6,635.22,1437.2,-409.65,1103.2,-1088.8,-1841.3,210.95,3104,253495,500,1016,1441,-1.083,0.83524,1.7218
872.2,2342.2,-584.53,-0.014887,934.08,-2390.7,5.7118e+05,456083,1,191.67,-1058.7,636.29,1438.6,-404.22,1113.4,-1085.9,-1844.3,203.18,3107.6,253620,500,1016,1441,-1.0935,0.83524,1.7152
865.89,2319.5,-574.47,-0.018544,912.46,-2372.2,5.7149e+05,456081,1,189.87,-1057.2,640.47,1439.1,-401.29,1127.4,-1087.6,-1844.5,199.61,3113.2,253817,500,1016,1441,-1.104,0.83524,1.7084
859.54,2296.7,-564.44,-0.024283,891.13,-2353.3,5.733e+05,456079,1,190.72,-1055.6,643.08,1440.2,-397.47,1138.4,-1087,-1846.1,194.23,3117.6,253991,500,1016,1441,-1.1145,0.83524,1.7016
853.11,2273.9,-554.43,-0.022534,870.12,-2334.2,5.7524e+05,456077,1,192.18,-1054.6,646.7,1440.5,-394.21,1148.2,-1086.1,-1847.3,190.55,3121.7,254184,500,1016,1441,-1.1249,0.83524,1.6947
846.6,2250.9,-544.47,-0.017946,849.44,-2314.8,5.7803e+05,456075,1,193.37,-1053.6,651.44,1440.9,-389.49,1161.9,-1084.7,-1849.4,185.61,3127.5,254434,500,1016,1441,-1.1353,0.83524,1.6878
840.03,2227.8,-534.55,-0.017818,829.05,-2295,5.807e+05,456073,1,193.94,-1051.7,656.11,1441,-385.74,1175.6,-1084.2,-1850.4,181.58,3132.7,254598,500,1016,1441,-1.1456,0.83524,1.6808
833.39,2204.7,-524.67,-0.018244,808.97,-2275.1,5.8499e+05,456071,1,195.84,-1050.4,659.05,1440.6,-381.4,1186,-1081.3,-1852.5,176.14,3136.2,255038,500,1016,1441,-1.1559,0.83524,1.6737
826.67,2181.4,-514.84,-0.015179,789.21,-2254.8,5.8733e+05,456069,1,196.14,-1049.3,663.78,1438.7,-377.75,1198.3,-1079.8,-1853.8,172.53,3140.2,255193,500,1016,1441,-1.1661,0.83524,1.6666
819.89,2158.1,-505.06,-0.014179,769.76,-2234.3,5.8903e+05,456067,1,195.95,-1048,665.88,1437.5,-373.91,1208.3,-1078,-1855.7,167.65,3143.3,255308,500,1016,1441,-1.1763,0.83524,1.6594
813.07,2134.7,-495.31,-0.020415,750.58,-2213.6,5.8851e+05,456065,1,192.79,-1046.9,668.2,1436.9,-372.72,1219.2,-1079.7,-1855.5,164.89,3147.3,259966,500,1016,1441,-1.1865,0.83524,1.6522
806.25,2111.2,-485.56,-0.037572,731.62,-2192.7,5.8418e+05,456063,1,186.65,-1044.2,666.01,1436.2,-370.36,1232.9,-1081.5,-1855.8,155.56,3150.7,260196,500,1016,1441,-1.1966,0.83524,1.6449
1047,2774.7,-536.11,203.42,1265.5,-2727.6,5.9358e+05,454641,1,48309,25780,11232,1640.3,1347.8,180.37,19834,6928.4,6365.6,60092,351909,500,1229,1457,-0.88432,0.84771,1.8261
939.16,2710.9,-762.65,31.179,1406,-2614.4,5.8744e+05,454639,1,9220,5076.4,2118.6,2878.3,464.92,1189.8,12159,3204.9,4449.7,17410,335452,500,1229,1457,-0.89551,0.84771,1.8206
954.07,2704,-786.9,-0.50274,1393.3,-2626.7,5.9632e+05,454637,1,-480.78,-1346.2,388.59,868.49,-630.08,727.73,0.34333,-1421.4,661.15,2924.3,246482,500,1229,1457,-0.90666,0.84771,1.8151
949.15,2684.7,-776.31,-0.0045578,1366.3,-2616.1,5.6974e+05,454635,1,159.86,-1089.9,591.69,1351.1,-463.38,902.63,-1116,-1842.3,297.14,3024.3,250020,500,1166,1455,-0.91778,0.84771,1.8095
943.95,2663.7,-765.73,0.0037381,1338.9,-2603.8,5.621e+05,454633,1,168.18,-1088.8,597.73,1417.1,-454.07,943.94,-1102.2,-1824.8,287.91,3050.3,251065,500,1166,1455,-0.92887,0.84771,1.8038
938.63,2642.5,-755.18,-0.0031524,1311.9,-2591,5.6038e+05,454631,1,169.52,-1087.8,602.09,1422.7,-454.95,957.39,-1104.3,-1823.8,284.71,3057.6,251362,500,1166,1455,-0.93992,0.84771,1.7981
933.22,2621.3,-744.67,-0.0036449,1285.4,-2577.7,5.6051e+05,454629,1,173.69,-1083.2,604.49,1421.9,-453.96,969.13,-1101.1,-1822.9,277.99,3057.5,251360,500,1166,1455,-0.95093,0.84771,1.7923
927.75,2600,-734.21,-0.0040605,1259.2,-2564,5.6208e+05,454627,1,176.26,-1080,607.43,1422.5,-451.62,980.32,-1099.6,-1822.9,272.98,3059.7,251435,500,1157,1454,-0.96191,0.84771,1.7864
922.19,2578.5,-723.79,-0.0028814,1233.4,-2549.9,5.6211e+05,454625,1,178.73,-1077.5,610.69,1424.7,-449.02,992.28,-1098.7,-1823.4,267.82,3063.6,251575,500,1157,1454,-0.97286,0.84771,1.7805
916.55,2557,-713.41,-0.0026139,1208,-2535.3,5.63e+05,454623,1,181.79,-1074.7,613.66,1426.9,-445.64,1004.9,-1097,-1824.5,261.37,3067.5,251716,500,1068,1444,-0.98376,0.84771,1.7745
910.84,2535.3,-703.06,-0.0026432,1182.9,-2520.4,5.638e+05,454621,1,181.86,-1073.8,617.6,1428.1,-444.15,1015.3,-1097.8,-1824.5,259.22,3071.8,251889,500,1068,1444,-0.99463,0.84771,1.7684
905.05,2513.6,-692.75,-0.003483,1158.3,-2505.1,5.6623e+05,454619,1,183.66,-1071.6,620.26,1429.3,-440.23,1027.3,-1096.3,-1826.1,252.93,3075.5,252043,500,1016,1441,-1.0055,0.84771,1.7623
899.21,2491.8,-682.47,-0.0043531,1134,-2489.4,5.6803e+05,454617,1,184.67,-1069.6,623.77,1430.4,-436.21,1040.5,-1095.5,-1827.5,247.23,3080.2,252430,500,1016,1441,-1.0163,0.84771,1.7561
893.3,2469.8,-672.23,-0.0051547,1110,-2473.4,5.683e+05,454615,1,185.69,-1068.2,625.93,1431.6,-432.31,1050.6,-1094.5,-1829.5,241.81,3083.9,252616,500,1016,1441,-1.027,0.84771,1.7498
887.34,2447.8,-662.02,-0.0074526,1086.4,-2457,5.6932e+05,454613,1,185.53,-1066.9,629.22,1432.1,-429.42,1061.3,-1094.7,-1830.3,238.32,3088,252773,500,1016,1441,-1.0377,0.84771,1.7435
881.32,2425.7,-651.84,-0.0085789,1063.1,-2440.3,5.6896e+05,454611,1,184.71,-1065.7,633.05,1432.5,-426.39,1073.3,-1095.5,-1830.9,234.88,3092.6,253012,500,1016,1441,-1.0484,0.84771,1.7371
875.26,2403.4,-641.69,-0.011948,1040.1,-2423.3,5.6865e+05,454609,1,186.09,-1064.4,633.75,1434.2,-420.76,1083.2,-1093.5,-1834.5,226.89,3096.6,253203,500,1016,1441,-1.059,0.84771,1.7306
869.13,2381.1,-631.57,-0.011973,1017.5,-2406,5.6832e+05,454607,1,184.55,-1062.6,637.91,1434.3,-417.62,1096.4,-1094.8,-1834.9,223.63,3101.5,253402,500,1016,1441,-1.0696,0.84771,1.7241
862.98,2358.7,-621.47,-0.019123,995.19,-2388.3,5.693e+05,454605,1,185.59,-1060.6,640.24,1435,-413.55,1106.7,-1094,-1836.5,218.42,3105.1,253526,500,1016,1441,-1.0802,0.84771,1.7175
856.73,2336.2,-611.41,-0.014002,973.21,-2370.3,5.7077e+05,454603,1,186.22,-1059.5,643.73,1435.6,-409.64,1118.3,-1093.3,-1838.1,213.73,3109.8,253703,500,1016,1441,-1.0907,0.84771,1.7108
850.45,2313.6,-601.38,-0.019885,951.52,-2352.1,5.7116e+05,454601,1,185.55,-1057.6,646.03,1436.8,-405.84,1130.4,-1093.5,-1839.4,208.39,3114.5,253868,500,1016,1441,-1.1012,0.84771,1.7041
844.12,2290.9,-591.36,-0.0241,930.12,-2333.5,5.727e+05,454599,1,186.35,-1056.5,649.75,1437.7,-402.02,1142.4,-1093.3,-1840.9,203.4,3119.7,254066,500,1016,1441,-1.1116,0.84771,1.6973
837.71,2268.1,-581.38,-0.021267,909.05,-2314.6,5.7479e+05,454597,1,188.87,-1055.5,654.12,1438.2,-397.26,1154.8,-1091.2,-1843.3,197.89,3124.9,254316,500,1016,1441,-1.122,0.84771,1.6904
831.2,2245.2,-571.45,-0.015539,888.3,-2295.5,5.77e+05,454595,1,187.82,-1054.6,658.89,1437.9,-395.09,1166.7,-1092.1,-1843.4,196.28,3129.8,254510,500,1016,1441,-1.1324,0.84771,1.6835
824.67,2222.2,-561.54,-0.022272,867.82,-2276,5.812e+05,454593,1,189.55,-1053,660.32,1439,-390.35,1176.5,-1089.8,-1846.2,189.66,3133.7,254631,500,1016,1441,-1.1427,0.84771,1.6765
818.04,2199,-551.68,-0.018003,847.67,-2256.3,5.8371e+05,454591,1,190.55,-1051.6,665.97,1438.2,-387.53,1189.3,-1089.3,-1846.5,186.91,3138.5,255133,500,1016,1441,-1.153,0.84771,1.6695
811.33,2175.9,-541.87,-0.014742,827.83,-2236.3,5.8624e+05,454589,1,191.54,-1050.2,669.54,1436.8,-383.58,1200.9,-1086.7,-1848.2,182.08,3141.9,255261,500,1016,1441,-1.1632,0.84771,1.6624
804.57,2152.6,-532.11,-0.016527,808.29,-2216,5.8777e+05,454587,1,190.99,-1048.6,672.03,1435.9,-380.14,1213.4,-1085.3,-1849.8,176.42,3145.9,255396,500,1016,1441,-1.1734,0.84771,1.6552
797.78,2129.2,-522.37,-0.028909,789,-2195.5,5.8816e+05,454585,1,187.49,-1046.6,672.46,1435.6,-377.86,1226.5,-1086,-1850.4,169.65,3150,260142,500,1016,1441,-1.1835,0.84771,1.648
791.01,2105.8,-512.62,-0.053871,769.89,-2174.8,5.8189e+05,454583,1,182.06,-1044.8,672.81,1435.7,-377.38,1238.3,-1090,-1849.2,164.69,3154.3,260349,500,1016,1441,-1.1936,0.84771,1.6407
784.26,2082.2,-502.83,-0.077529,750.96,-2153.9,5.7135e+05,454581,1,179.36,-1045.8,674.97,1431.1,-374.76,1249.1,-1089.5,-1851.3,157.94,3157.4,260485,500,1016,1441,-1.2036,0.84771,1.6333
1641.8,2796.1,-380.52,120.01,856.57,-3148,5.9637e+05,453163,1,53307,18850,16937,428.19,1191.5,-342.15,18369,6107.1,6034.5,62423,352336,500,1229,1457,-0.88204,0.86014,1.8213
864.42,2735.3,-692.12,147.26,1443,-2569.8,5.9235e+05,453161,1,24589,-4666.5,14186,4088.5,2561.2,791.23,16442,3912.5,6211.7,34290,345209,500,1229,1457,-0.8932,0.86014,1.8159
938.29,2696.3,-815,-2.1694,1432.8,-2600.4,6.0373e+05,453159,1,-3145,-2095.6,-564.81,2518.6,380.68,1070.9,4403.1,-237.04,2292.3,6850.9,310605,500,1229,1457,-0.90432,0.86014,1.8104
933.1,2678.1,-803.14,-0.041577,1405.9,-2590.7,5.7377e+05,453157,1,167.88,-1098.5,609.27,1295.5,-453.51,872.97,-1192.1,-1849.6,279.26,3028.6,250198,500,1166,1455,-0.91541,0.86014,1.8048
927.93,2657,-792.45,-0.0025753,1378.4,-2578.6,5.6531e+05,453155,1,158.06,-1098.3,606.52,1425.7,-453.65,951.04,-1117.3,-1826.6,297.95,3068.5,251769,500,1166,1455,-0.92647,0.86014,1.7992
922.69,2635.8,-781.86,-0.010874,1351.3,-2566,5.6256e+05,453153,1,164.29,-1091.5,608.8,1423.3,-458.12,964.57,-1110.7,-1821.7,291.06,3064.6,251618,500,1166,1455,-0.93749,0.86014,1.7934
917.34,2614.6,-771.34,-0.0098103,1324.6,-2553,5.6132e+05,453151,1,164.28,-1088.8,611.7,1422.4,-457.26,973.91,-1111.1,-1820.6,288.6,3066,251661,500,1166,1455,-0.94848,0.86014,1.7876
911.91,2593.3,-760.87,-0.0080025,1298.4,-2539.7,5.6189e+05,453149,1,169.57,-1083.6,614.43,1421.9,-455.45,985.51,-1107.2,-1819.5,282.2,3065.4,251644,500,1157,1454,-0.95943,0.86014,1.7818
906.4,2571.9,-750.46,-0.0066995,1272.6,-2525.9,5.6223e+05,453147,1,172.78,-1080.4,617.74,1423.5,-453.41,997.44,-1105.6,-1819.3,277.08,3068.3,251760,500,1157,1454,-0.97034,0.86014,1.7759
900.79,2550.4,-740.08,-0.0056023,1247.1,-2511.6,5.6276e+05,453145,1,175.33,-1078,621.12,1425.4,-451,1009.5,-1104.6,-1819.8,271.99,3072.2,251906,500,1068,1444,-0.98122,0.86014,1.7699
895.11,2528.8,-729.74,-0.0053333,1222.1,-2497,5.6414e+05,453143,1,177.42,-1075.1,624.62,1426.6,-448.01,1022.9,-1103.3,-1820.3,266.15,3075.9,252064,500,1068,1444,-0.99206,0.86014,1.7638
889.35,2507.1,-719.45,-0.0057476,1197.4,-2482,5.6535e+05,453141,1,178.69,-1073.3,627.2,1427.1,-445.25,1032.2,-1102.4,-1821.1,262.18,3078.7,252350,500,1068,1444,-1.0029,0.86014,1.7577
883.53,2485.3,-709.19,-0.0056908,1173,-2466.7,5.6621e+05,453139,1,179.1,-1071.7,630.35,1427.7,-442.26,1042.8,-1102.3,-1821.8,258.29,3082.2,252551,500,1016,1441,-1.0136,0.86014,1.7515
877.65,2463.4,-698.97,-0.0064893,1149,-2450.9,5.6709e+05,453137,1,181.38,-1069.2,631.94,1429.2,-437.18,1053.7,-1100,-1824.3,250.93,3085.5,252680,500,1016,1441,-1.0244,0.86014,1.7453
871.71,2441.5,-688.78,-0.0072292,1125.4,-2434.9,5.6763e+05,453135,1,180.57,-1067.7,636.49,1429.5,-434.28,1066.9,-1101.1,-1824.5,247.77,3090.4,252923,500,1016,1441,-1.0351,0.86014,1.739
865.71,2419.4,-678.62,-0.0091234,1102.1,-2418.5,5.6848e+05,453133,1,181.16,-1066.1,638.62,1430.3,-430.38,1077,-1100.3,-1826.3,242.57,3094,253109,500,1016,1441,-1.0457,0.86014,1.7326
859.66,2397.2,-668.5,-0.010999,1079.1,-2401.7,5.6868e+05,453131,1,180.83,-1064.8,641.27,1431,-426.33,1088.2,-1100.2,-1828,237.61,3098.3,253268,500,1016,1441,-1.0563,0.86014,1.7261
853.57,2375,-658.4,-0.014571,1056.4,-2384.7,5.6842e+05,453129,1,179.49,-1062.8,644.23,1431.5,-422.26,1101,-1101.1,-1829.1,232.71,3103,253450,500,1016,1441,-1.0669,0.86014,1.7196
847.44,2352.6,-648.32,-0.02013,1034,-2367.3,5.6921e+05,453127,1,182,-1061.6,646.01,1432.7,-417.39,1110.1,-1098.9,-1832,226.12,3106.7,253581,500,1016,1441,-1.0774,0.86014,1.713
841.2,2330.2,-638.29,-0.011348,1012,-2349.6,5.6993e+05,453125,1,181.23,-1060.6,650.69,1432.8,-415.04,1121.7,-1100.1,-1832,224.26,3111.5,253763,500,1016,1441,-1.0879,0.86014,1.7064
834.96,2307.6,-628.27,-0.023322,990.24,-2331.6,5.7156e+05,453123,1,180.55,-1058.6,652.43,1434.4,-410.31,1134.6,-1099.9,-1834.2,217.4,3116.6,253949,500,1016,1441,-1.0984,0.86014,1.6997
828.64,2285,-618.27,-0.023466,968.78,-2313.3,5.7199e+05,453121,1,182.2,-1057,656.42,1435.2,-406.58,1146.6,-1099.5,-1835.5,212.5,3121.6,254179,500,1016,1441,-1.1088,0.86014,1.6929
822.24,2262.2,-608.32,-0.020402,947.65,-2294.7,5.7455e+05,453119,1,183.94,-1056.2,660.94,1435.5,-402.78,1158.3,-1098.2,-1837.3,208.36,3126.6,254410,500,1016,1441,-1.1191,0.86014,1.6861
815.77,2239.4,-598.41,-0.017297,926.83,-2275.8,5.7698e+05,453117,1,184.15,-1055,664.28,1435.8,-399.08,1170.2,-1097.4,-1838.9,203.82,3131.4,254557,500,1016,1441,-1.1295,0.86014,1.6792
809.24,2216.4,-588.53,-0.022174,906.29,-2256.6,5.795e+05,453115,1,184.5,-1053.8,667.8,1436.5,-395.54,1182.6,-1096.9,-1840.3,198.96,3136.6,255050,500,1016,1441,-1.1397,0.86014,1.6722
802.64,2193.3,-578.68,-0.020292,886.05,-2237.1,5.8298e+05,453113,1,186.27,-1052.3,672.23,1436,-392.04,1194.2,-1095.4,-1841.6,194.83,3140.9,255222,500,1016,1441,-1.15,0.86014,1.6652
795.95,2170.2,-568.9,-0.01794,866.13,-2217.4,5.855e+05,453111,1,186.31,-1051.1,676.02,1434.9,-389.51,1205.3,-1094.4,-1842.3,191.54,3144.6,255353,500,1016,1441,-1.1602,0.86014,1.6581
789.22,2147,-559.15,-0.02354,846.5,-2197.4,5.8683e+05,453109,1,185.95,-1049.2,678.45,1434.5,-386.31,1218.2,-1093.1,-1843.4,185.53,3148.7,260082,500,1016,1441,-1.1703,0.86014,1.651
782.44,2123.6,-549.41,-0.033492,827.11,-2177.1,5.849e+05,453107,1,182.09,-1047.6,678.62,1435.1,-383.81,1232.2,-1094.2,-1844.2,177.67,3153.8,260328,500,1016,1441,-1.1804,0.86014,1.6437
775.71,2100.2,-539.65,-0.062443,807.88,-2156.6,5.7923e+05,453105,1,178.34,-1046.9,679.51,1434,-381.83,1245,-1095.9,-1845,170.28,3158.4,260531,500,1016,1441,-1.1905,0.86014,1.6365
768.91,2076.7,-529.91,-0.069747,788.91,-2135.9,5.7143e+05,453103,1,175.22,-1048.2,684.11,1431,-381.09,1256.3,-1097.8,-1845.2,168.01,3163.4,260765,500,1016,1441,-1.2005,0.86014,1.6291
762.14,2053.1,-520.19,-0.091092,770.18,-2115.1,5.6796e+05,453101,1,171.03,-1045.7,681.89,1425.3,-380.61,1266.6,-1096.2,-1846,159.29,3162.8,260742,500,1016,1441,-1.2105,0.86014,1.6217
803.46,2786.1,-647.72,246.53,1500.2,-2552.6,5.981e+05,451685,1,49965,5228.5,21852,3678,2024.3,839.97,21604,2490.1,9390.9,59840,351851,500,1229,1457,-0.89085,0.87254,1.8111
922.44,2689.2,-843.12,-3.5888,1472.2,-2574.2,6.078e+05,451683,1,-3916,-1288.6,-1316.2,4322,80.804,2107.1,5582.6,-1547.1,3509.4,9366.4,321847,500,1229,1457,-0.90195,0.87254,1.8056
916.8,2671.6,-830.05,-0.06007,1445.2,-2564.8,5.7671e+05,451681,1,160.1,-1114.2,621.74,1350.8,-453.53,907.25,-1188.9,-1830,283.24,3057.7,251365,500,1216,1456,-0.91301,0.87254,1.8001
911.74,2650.4,-819.26,-0.011835,1417.5,-2553,5.6962e+05,451679,1,146.91,-1109.4,615.14,1433.6,-455.67,959.81,-1131.3,-1827.4,306.03,3086.7,252728,500,1166,1455,-0.92404,0.87254,1.7944
906.58,2629.1,-808.61,-0.021563,1390.2,-2540.7,5.6464e+05,451677,1,150.19,-1100.8,615.52,1428.3,-458,970.05,-1124.8,-1822.8,301.24,3079.4,252378,500,1166,1455,-0.93503,0.87254,1.7887
901.35,2607.9,-798.04,-0.021578,1363.5,-2528.1,5.6274e+05,451675,1,158.67,-1091.1,617.6,1422.2,-458.9,979.96,-1117.4,-1818.5,294.97,3071.3,251865,500,1166,1455,-0.94599,0.87254,1.783
895.98,2586.6,-787.56,-0.013181,1337.3,-2515,5.6159e+05,451673,1,160.42,-1088.8,622.47,1423,-458.9,992.18,-1117.9,-1816.5,292.48,3074.6,252004,500,1166,1455,-0.95691,0.87254,1.7771
890.51,2565.2,-777.14,-0.01096,1311.4,-2501.5,5.6221e+05,451671,1,167.63,-1083.8,624,1422.8,-456.8,1001.8,-1111.6,-1816.4,284.92,3073.3,251944,500,1157,1454,-0.9678,0.87254,1.7712
884.94,2543.8,-766.76,-0.0096085,1285.9,-2487.6,5.6272e+05,451669,1,167.9,-1082.3,629.58,1424.6,-456.26,1016,-1113.3,-1815.3,282.59,3079,252365,500,1157,1454,-0.97865,0.87254,1.7652
879.29,2522.2,-756.43,-0.0086855,1260.8,-2473.3,5.6368e+05,451667,1,171.75,-1079.1,630.59,1424.9,-452.87,1024.5,-1109.7,-1816.6,275.97,3079.6,252388,500,1068,1444,-0.98946,0.87254,1.7592
873.58,2500.5,-746.14,-0.010106,1236.1,-2458.6,5.6558e+05,451665,1,172.57,-1076.3,634.15,1425.1,-449.92,1037,-1109.2,-1816.8,271.4,3082.8,252572,500,1068,1444,-1.0002,0.87254,1.7531
867.79,2478.8,-735.9,-0.0081993,1211.7,-2443.5,5.6485e+05,451663,1,174.17,-1073.5,637.01,1425.5,-446.4,1048,-1108.1,-1817.6,266.55,3085.5,252679,500,1068,1444,-1.011,0.87254,1.7469
861.95,2457,-725.7,-0.0089498,1187.7,-2428.1,5.6621e+05,451661,1,175.06,-1071.2,639.73,1426.3,-442.61,1059.1,-1107.4,-1818.6,261.6,3088.9,252862,500,1016,1441,-1.0217,0.87254,1.7407
856.03,2435.1,-715.53,-0.0089908,1164,-2412.3,5.6671e+05,451659,1,175.94,-1069.1,642.59,1427.1,-438.88,1070.2,-1106.8,-1819.7,256.68,3092.5,253002,500,1016,1441,-1.0323,0.87254,1.7344
850.06,2413,-705.39,-0.010073,1140.6,-2396.2,5.6786e+05,451657,1,176.76,-1067.3,644.74,1427.8,-434.9,1080.2,-1105.9,-1821.3,251.51,3095.9,253178,500,1016,1441,-1.043,0.87254,1.728
844.02,2390.9,-695.29,-0.0095108,1117.6,-2379.8,5.6741e+05,451655,1,175.17,-1065.4,648.7,1427.7,-431.51,1093,-1107.2,-1821.5,248.23,3100.2,253349,500,1016,1441,-1.0535,0.87254,1.7216
837.97,2368.7,-685.21,-0.016488,1094.9,-2363,5.6885e+05,451653,1,175.83,-1063.9,649.08,1429.1,-426.56,1102,-1105.8,-1824.4,241.12,3103.6,253474,500,1016,1441,-1.0641,0.87254,1.7151
831.85,2346.5,-675.16,-0.018302,1072.5,-2345.9,5.6888e+05,451651,1,176.52,-1062.2,653.5,1429.7,-422.53,1115,-1106,-1825.6,236.7,3108.8,253667,500,1016,1441,-1.0746,0.87254,1.7085
825.64,2324.1,-665.15,-0.013153,1050.4,-2328.5,5.6974e+05,451649,1,177.25,-1059.9,655.84,1430.9,-417.71,1127.4,-1105,-1827.7,230.38,3113.3,253822,500,1016,1441,-1.085,0.87254,1.7019
819.41,2301.6,-655.16,-0.020736,1028.6,-2310.8,5.7131e+05,451647,1,175.08,-1059.9,660.2,1431.6,-415.25,1139.5,-1107.2,-1828.1,228.03,3119.3,254052,500,1016,1441,-1.0955,0.87254,1.6952
813.13,2279,-645.18,-0.02543,1007.1,-2292.8,5.7138e+05,451645,1,178.39,-1057.8,663.09,1433.1,-410.29,1151.4,-1105.3,-1830.8,220.66,3124.2,254293,500,1016,1441,-1.1059,0.87254,1.6885
806.73,2256.3,-635.25,-0.017598,985.92,-2274.4,5.7405e+05,451643,1,179.72,-1057.2,667.83,1433.2,-407.2,1162.6,-1104.3,-1831.9,217.52,3128.9,254479,500,1016,1441,-1.1162,0.87254,1.6816
800.27,2233.5,-625.37,-0.017652,965.05,-2255.8,5.7616e+05,451641,1,179.87,-1055.9,670.17,1433.8,-403.67,1173.5,-1103.3,-1833.7,212.52,3133.3,254612,500,1016,1441,-1.1265,0.87254,1.6748
793.77,2210.6,-615.5,-0.024621,944.44,-2236.9,5.7872e+05,451639,1,179.21,-1054.9,674.58,1434.2,-401.18,1186.4,-1104.3,-1834.2,209.13,3138.9,255148,500,1016,1441,-1.1367,0.87254,1.6678
787.18,2187.5,-605.68,-0.023151,924.13,-2217.6,5.8161e+05,451637,1,181.56,-1053.4,678.84,1434.1,-397.2,1199.1,-1102.2,-1836.1,203.5,3143.7,255325,500,1016,1441,-1.147,0.87254,1.6608
780.51,2164.5,-595.91,-0.021293,904.13,-2198.1,5.8403e+05,451635,1,180.88,-1052.1,683,1433.3,-394.91,1213,-1101.6,-1836.6,199.26,3148.7,260080,500,1016,1441,-1.1571,0.87254,1.6537
773.81,2141.3,-586.17,-0.029127,884.4,-2178.4,5.8422e+05,451633,1,181.41,-1050.4,683.85,1433,-391.78,1221.7,-1099.7,-1838.3,193.53,3151.1,260214,500,1016,1441,-1.1673,0.87254,1.6466
767.05,2118,-576.44,-0.039223,864.92,-2158.3,5.8187e+05,451631,1,178.45,-1048.9,685.7,1434.1,-390.56,1235.4,-1101.9,-1838,187.94,3156.8,260460,500,1016,1441,-1.1773,0.87254,1.6394
760.33,2094.5,-566.69,-0.066507,845.6,-2138.1,5.7775e+05,451629,1,174.92,-1048.8,687.93,1433,-388.61,1250.3,-1103.4,-1839,180.4,3162.8,260740,500,1016,1441,-1.1874,0.87254,1.6322
753.52,2071.1,-556.98,-0.064763,826.58,-2117.6,5.7106e+05,451627,1,172.15,-1047.8,689.5,1430.3,-387.11,1261.9,-1103.6,-1839.8,174.71,3166.1,260910,500,1016,1441,-1.1974,0.87254,1.6249
746.77,2047.5,-547.25,-0.10343,807.72,-2096.9,5.6828e+05,451625,1,165.07,-1046.6,688.16,1429.2,-389.99,1276.4,-1106.9,-1837.9,166.85,3170.4,261085,500,1016,1441,-1.2073,0.87254,1.6175
740.06,2023.8,-537.48,-0.14661,789,-2076,5.6715e+05,451623,1,164.53,-1044.5,688.85,1422.3,-390.43,1286.3,-1103.8,-1837.8,158.68,3169.1,261040,500,1016,1441,-1.2172,0.87254,1.61
767.43,2834.2,-641.42,303.59,1562.1,-2549.6,6.0205e+05,450211,1,56245,168.71,27324,3944.6,2113.6,927.75,24607,-140.03,12138,68439,353396,500,1229,1457,-0.88847,0.88491,1.8063
906.3,2683.2,-870.66,-3.9845,1511.5,-2548.4,6.1103e+05,450209,1,-5065,-1126.9,-1954.5,6834.4,200.45,3292.8,7634.2,-1707.3,4620,13072,330886,500,1216,1456,-0.89954,0.88491,1.8008
900.28,2664.9,-856.99,-0.05207,1484.1,-2538.5,5.7993e+05,450207,1,177.23,-1118.1,639.7,1307.6,-449.72,883.93,-1259.7,-1835.3,265.18,3067.5,251715,500,1216,1456,-0.91057,0.88491,1.7953
895.31,2643.6,-846.18,-0.019957,1456.3,-2527,5.7357e+05,450205,1,133.82,-1117.2,621.36,1435.6,-459.27,966.35,-1141.8,-1825.6,314.71,3097.3,253235,500,1166,1455,-0.92157,0.88491,1.7896
890.33,2622.4,-835.44,-0.036977,1428.9,-2515.1,5.6777e+05,450203,1,136.22,-1108.2,620.94,1432.5,-457.54,975.75,-1137.9,-1823.2,309.6,3092,252981,500,1166,1455,-0.93253,0.88491,1.7839
885.22,2601.1,-824.81,-0.035857,1402.1,-2502.8,5.6389e+05,450201,1,145.17,-1100.9,624.09,1426.3,-459,984.04,-1130.9,-1819.7,304.92,3085.3,252668,500,1166,1455,-0.94346,0.88491,1.7782
879.94,2579.8,-814.28,-0.023411,1375.7,-2490,5.6257e+05,450199,1,150.87,-1095.4,628.79,1425,-460.23,996.29,-1128.2,-1816.1,301.4,3084.6,252646,500,1166,1455,-0.95435,0.88491,1.7724
874.52,2558.5,-803.84,-0.015915,1349.8,-2476.8,5.6238e+05,450197,1,158.95,-1089.4,632.63,1424.1,-460.67,1008.9,-1122.2,-1813.5,295.32,3083.1,252591,500,1157,1454,-0.96521,0.88491,1.7665
869,2537,-793.46,-0.014417,1324.3,-2463.2,5.63e+05,450195,1,162.58,-1086.1,636.1,1423.9,-459.89,1020.6,-1119.4,-1812.5,290.45,3084.4,252632,500,1157,1454,-0.97603,0.88491,1.7605
863.39,2515.5,-783.13,-0.012959,1299.2,-2449.2,5.6358e+05,450193,1,164.42,-1082.9,638.7,1423.6,-457.39,1031.4,-1117.7,-1812.6,285.54,3086,252695,500,1068,1444,-0.98681,0.88491,1.7545
857.72,2493.9,-772.86,-0.014292,1274.4,-2434.8,5.6493e+05,450191,1,165.19,-1079.5,641.85,1422.8,-454.41,1043.4,-1116.9,-1812.4,280.97,3087.9,252767,500,1068,1444,-0.99756,0.88491,1.7484
851.97,2472.2,-762.62,-0.012936,1250,-2420.1,5.6513e+05,450189,1,168.51,-1075.9,643.57,1423.4,-450.1,1053,-1114.3,-1813.6,274.78,3089.3,252882,500,1068,1444,-1.0083,0.88491,1.7423
846.16,2450.4,-752.43,-0.011574,1225.9,-2404.9,5.6542e+05,450187,1,169.31,-1073.8,646.73,1424,-446.92,1063.6,-1114,-1814.1,270.88,3092.6,253008,500,1068,1444,-1.0189,0.88491,1.736
840.28,2428.6,-742.28,-0.010721,1202.2,-2389.5,5.6572e+05,450185,1,170.13,-1071.3,649.34,1424.7,-443.13,1074.7,-1113.4,-1815.1,265.9,3095.9,253176,500,1068,1444,-1.0296,0.88491,1.7298
834.34,2406.6,-732.16,-0.012264,1178.9,-2373.7,5.6676e+05,450183,1,171.58,-1068.1,651.43,1425.3,-438.34,1086.3,-1111.9,-1816.6,259.53,3098.7,253280,500,1016,1441,-1.0402,0.88491,1.7234
828.35,2384.6,-722.07,-0.012787,1155.8,-2357.5,5.676e+05,450181,1,170.04,-1066.3,655.17,1424.9,-435.63,1097.1,-1113.5,-1816.4,257.35,3102.3,253428,500,1016,1441,-1.0507,0.88491,1.717
822.3,2362.4,-712.02,-0.01338,1133.1,-2341,5.6756e+05,450179,1,171.22,-1064.2,656.41,1426.5,-430.22,1108.3,-1111.9,-1819.1,249.72,3106.2,253566,500,1016,1441,-1.0612,0.88491,1.7105
816.2,2340.2,-701.99,-0.016875,1110.6,-2324.2,5.6831e+05,450177,1,171.22,-1062.9,659.68,1427.1,-426.71,1119.2,-1112.2,-1820.3,245.76,3110.7,253736,500,1016,1441,-1.0717,0.88491,1.704
810.04,2317.9,-691.99,-0.017284,1088.5,-2307.1,5.7018e+05,450175,1,173,-1061.2,662.65,1428.1,-422.71,1129.7,-1111.2,-1822,240.7,3114.8,253881,500,1016,1441,-1.0822,0.88491,1.6974
803.79,2295.4,-682.04,-0.012478,1066.7,-2289.6,5.6938e+05,450173,1,171.66,-1060.7,666.65,1429.1,-419.67,1142.3,-1112.6,-1822.7,237.22,3120.7,254101,500,1016,1441,-1.0925,0.88491,1.6907
797.56,2272.9,-672.08,-0.029565,1045.1,-2271.9,5.7208e+05,450171,1,171.78,-1059.3,669.59,1430.7,-415.58,1154.7,-1112.9,-1824.7,231.54,3126.5,254405,500,1016,1441,-1.1029,0.88491,1.684
791.17,2250.2,-662.17,-0.015951,1023.9,-2253.8,5.7259e+05,450169,1,176.34,-1057.2,673.3,1431.4,-410.95,1166.3,-1109.7,-1827.4,224.97,3130.7,254536,500,1016,1441,-1.1132,0.88491,1.6772
784.73,2227.5,-652.31,-0.01893,1002.9,-2235.4,5.7585e+05,450167,1,174.98,-1056.7,678.51,1431.7,-408.35,1180.6,-1110.6,-1827.7,222.02,3137.1,255073,500,1016,1441,-1.1235,0.88491,1.6703
778.24,2204.6,-642.47,-0.024382,982.27,-2216.7,5.7784e+05,450165,1,175.22,-1056,681.89,1432.5,-404.62,1194,-1110.2,-1829.9,215.86,3143.2,255306,500,1016,1441,-1.1337,0.88491,1.6634
771.67,2181.7,-632.66,-0.025068,961.9,-2197.8,5.8015e+05,450163,1,176.87,-1054.5,685.55,1432.3,-402.05,1203.9,-1109,-1830.9,212.27,3146.9,259933,500,1016,1441,-1.1439,0.88491,1.6564
765.02,2158.6,-622.91,-0.023449,941.84,-2178.5,5.8121e+05,450161,1,176.9,-1053.3,688.22,1432.5,-399.93,1214.6,-1108.4,-1831.6,208.15,3150.9,260207,500,1016,1441,-1.154,0.88491,1.6493
758.34,2135.4,-613.17,-0.039567,922.01,-2159,5.8213e+05,450159,1,175.43,-1051.4,690.89,1432.7,-398.45,1230.4,-1108.5,-1831.6,201.15,3156.4,260445,500,1016,1441,-1.1641,0.88491,1.6422
751.62,2112.2,-603.44,-0.052527,902.41,-2139.1,5.8005e+05,450157,1,173.26,-1050.2,693.51,1433.1,-397.48,1246.7,-1109.7,-1831.6,193.41,3162.8,260746,500,1016,1441,-1.1742,0.88491,1.635
744.86,2088.8,-593.72,-0.062716,883.06,-2119.1,5.7517e+05,450155,1,170.49,-1050.6,695.14,1432.2,-395.88,1257.1,-1110.5,-1832.7,188.38,3167.3,260964,500,1016,1441,-1.1842,0.88491,1.6278
738.11,2065.3,-583.99,-0.091046,863.89,-2098.8,5.7141e+05,450153,1,166.8,-1047.1,694.72,1431.9,-397.77,1272.4,-1112.5,-1830.7,179.87,3171.1,261115,500,1016,1441,-1.1942,0.88491,1.6205
731.37,2041.6,-574.23,-0.12943,844.87,-2078.3,5.6894e+05,450151,1,160.42,-1046.6,693.88,1430.6,-398.91,1286.7,-1115.2,-1829.2,170.99,3175.4,261284,500,1016,1441,-1.2041,0.88491,1.6132
724.68,2017.9,-564.44,-0.16957,826.01,-2057.6,5.6785e+05,450149,1,159.34,-1047.3,697.68,1423.7,-398.25,1295.8,-1114.1,-1829.6,166.07,3176.5,261360,500,1016,1441,-1.214,0.88491,1.6057
749.2,2881,-656.49,335.87,1624.6,-2557.4,6.0487e+05,448739,1,51324,175.57,24914,6226.6,1739,2238.4,25660,-956.72,13075,64281,352653,500,1216,1456,-0.88606,0.89725,1.8014
889.91,2678.2,-897.48,-3.2242,1550.8,-2523,6.1287e+05,448737,1,-5114.1,-1115.8,-1976.7,8049.3,-296.31,4143.3,7907.5,-1820.2,4823.9,14229,332415,500,1216,1456,-0.89709,0.89725,1.7959
883.67,2658,-883.88,-0.02788,1522.4,-2511.8,5.8422e+05,448735,1,171.91,-1122.9,649.77,1426.5,-421.54,934.8,-1248.5,-1817.3,277.87,3120.6,254097,500,1216,1456,-0.9081,0.89725,1.7904
878.76,2636.8,-873.1,-0.025831,1494.7,-2500.6,5.7672e+05,448733,1,123.74,-1115.9,624.7,1435.1,-459.56,970,-1149.6,-1821.7,323.84,3099.6,253320,500,1166,1455,-0.91906,0.89725,1.7848
873.92,2615.6,-862.35,-0.043108,1467.3,-2489.1,5.7065e+05,448731,1,125.8,-1113,627.12,1434.5,-460.14,981.92,-1148.1,-1820.2,317.84,3100.6,253376,500,1166,1455,-0.93,0.89725,1.7791
868.92,2594.3,-851.65,-0.047432,1440.3,-2477.2,5.6589e+05,448729,1,134.76,-1105.8,631.5,1429.7,-462.39,994.52,-1142.5,-1816.6,311.95,3096.6,253202,500,1166,1455,-0.9409,0.89725,1.7734
863.76,2573,-841.06,-0.036391,1413.9,-2464.7,5.641e+05,448727,1,144.15,-1099.8,636.45,1427,-463.9,1005.9,-1136.4,-1813.4,307.65,3094.1,253115,500,1166,1455,-0.95176,0.89725,1.7676
858.4,2551.6,-830.58,-0.025129,1387.9,-2451.8,5.6345e+05,448725,1,150.85,-1095.8,640.57,1425.8,-464.17,1015.5,-1131.9,-1811.7,304.25,3093.5,253039,500,1166,1455,-0.96259,0.89725,1.7617
852.93,2530.2,-820.19,-0.019877,1362.3,-2438.5,5.634e+05,448723,1,154.67,-1091.9,643.79,1424.2,-463.31,1026.4,-1128.3,-1810.4,299.66,3093.1,253026,500,1157,1454,-0.97338,0.89725,1.7557
847.37,2508.7,-809.86,-0.01906,1337.2,-2424.8,5.6405e+05,448721,1,156.98,-1087.8,646.15,1422.3,-461.56,1036.7,-1125.5,-1809.5,294.9,3092.6,253010,500,1068,1444,-0.98413,0.89725,1.7497
841.75,2487.1,-799.58,-0.019223,1312.4,-2410.7,5.647e+05,448719,1,157.4,-1084.7,648.41,1421,-458.6,1046.1,-1124.6,-1809.5,290.99,3093.4,253032,500,1068,1444,-0.99485,0.89725,1.7437
836.07,2465.5,-789.35,-0.018024,1287.9,-2396.3,5.6526e+05,448717,1,161.49,-1080.3,650.1,1421.1,-454.6,1055.5,-1121.5,-1810.2,284.8,3093.8,253098,500,1068,1444,-1.0055,0.89725,1.7375
830.29,2443.8,-779.17,-0.014127,1263.9,-2381.5,5.6485e+05,448715,1,162.72,-1077,653.7,1421.7,-450.96,1068.2,-1121.1,-1810.3,280.17,3097.1,253223,500,1068,1444,-1.0162,0.89725,1.7313
824.45,2422,-769.03,-0.013491,1240.1,-2366.3,5.6536e+05,448713,1,163.04,-1073.5,656.7,1421.9,-447.01,1080.5,-1120.9,-1810.5,275.46,3100,253340,500,1068,1444,-1.0268,0.89725,1.7251
818.56,2400.1,-758.93,-0.014741,1216.7,-2350.8,5.6601e+05,448711,1,165.04,-1070.3,657.94,1422.6,-442.36,1090.2,-1118.9,-1812,269.07,3101.8,253416,500,1068,1444,-1.0373,0.89725,1.7187
812.61,2378.1,-748.86,-0.015361,1193.6,-2334.9,5.6679e+05,448709,1,165.37,-1068,660.85,1422.7,-438.82,1100.6,-1118.9,-1812.6,265.09,3104.9,253521,500,1016,1441,-1.0479,0.89725,1.7123
806.58,2356,-738.82,-0.013942,1170.9,-2318.7,5.6701e+05,448707,1,165.7,-1066.3,663.07,1423.4,-435.37,1110,-1118.7,-1813.7,260.87,3108.2,253644,500,1016,1441,-1.0584,0.89725,1.7059
800.52,2333.9,-728.81,-0.01813,1148.4,-2302.2,5.6823e+05,448705,1,166.1,-1063.6,666.07,1424.6,-430.64,1123.4,-1118.6,-1815,254.77,3112.9,253807,500,1016,1441,-1.0688,0.89725,1.6993
794.38,2311.6,-718.84,-0.017021,1126.2,-2285.4,5.6872e+05,448703,1,169.24,-1061.5,670.01,1425.9,-426.01,1135.9,-1117,-1817,248.75,3117.8,253997,500,1016,1441,-1.0792,0.89725,1.6927
788.14,2289.2,-708.91,-0.011907,1104.4,-2268.2,5.6986e+05,448701,1,167.63,-1060.9,673.8,1427,-423.02,1148.5,-1118.5,-1817.7,245.25,3123.7,254273,500,1016,1441,-1.0896,0.89725,1.6861
781.9,2266.7,-698.98,-0.02284,1082.8,-2250.7,5.71e+05,448699,1,167.28,-1061.4,676.65,1428.7,-418.98,1159.6,-1118.7,-1820.3,239.87,3129.9,254512,500,1016,1441,-1.0999,0.89725,1.6794
775.56,2244.1,-689.09,-0.021829,1061.5,-2232.9,5.7217e+05,448697,1,170.59,-1058.6,681.14,1429.4,-415.64,1171.8,-1117.6,-1821.4,235.26,3134.4,254652,500,1016,1441,-1.1102,0.89725,1.6726
769.12,2221.4,-679.25,-0.015037,1040.5,-2214.7,5.7562e+05,448695,1,171.66,-1058.3,685.54,1429.8,-412.22,1183.8,-1116.4,-1822.9,230.97,3139.7,255178,500,1016,1441,-1.1204,0.89725,1.6658
762.63,2198.6,-669.44,-0.019759,1019.8,-2196.3,5.7619e+05,448693,1,170.5,-1057.4,687.5,1431,-409.59,1194.6,-1116.7,-1824.3,226.57,3144.6,255355,500,1016,1441,-1.1306,0.89725,1.6588
756.1,2175.7,-659.65,-0.030384,999.37,-2177.6,5.7827e+05,448691,1,171.47,-1055.4,691.68,1431.5,-407.26,1209.8,-1116.5,-1825.1,220.25,3150.6,260192,500,1016,1441,-1.1408,0.89725,1.6519
749.48,2152.7,-649.89,-0.033151,979.21,-2158.5,5.7989e+05,448689,1,171.38,-1053.5,695.26,1431.7,-405.44,1225.3,-1115.9,-1825.2,213.84,3156,260424,500,1016,1441,-1.1509,0.89725,1.6448
742.82,2129.5,-640.16,-0.04374,959.31,-2139.2,5.7902e+05,448687,1,170.6,-1052.4,697.5,1432.4,-403.72,1236.6,-1116.4,-1825.6,208.8,3160.7,260640,500,1016,1441,-1.161,0.89725,1.6378
736.11,2106.3,-630.43,-0.058485,939.62,-2119.6,5.7754e+05,448685,1,169.22,-1050.8,700.14,1434,-403.78,1251.3,-1118.1,-1824.7,202.71,3166.8,260943,500,1016,1441,-1.171,0.89725,1.6306
729.36,2082.9,-620.71,-0.076438,920.16,-2099.7,5.7408e+05,448683,1,166,-1048.9,698.87,1432.8,-403.28,1264.7,-1117.5,-1825.3,193.1,3170,261068,500,1016,1441,-1.181,0.89725,1.6234
722.69,2059.3,-610.93,-0.1263,900.8,-2079.6,5.7206e+05,448681,1,161.34,-1047.3,700.89,1434.4,-406.28,1281.5,-1122.9,-1821.9,186.27,3177.1,261380,500,1016,1441,-1.1909,0.89725,1.6161
715.91,2035.7,-601.17,-0.1296,881.72,-2059.3,5.6916e+05,448679,1,159.23,-1048.4,702.57,1430.2,-404.87,1292,-1121.7,-1823.1,178.73,3179.7,261510,500,1016,1441,-1.2008,0.89725,1.6088
709.19,2012,-591.41,-0.15919,862.82,-2038.8,5.69e+05,448677,1,155.99,-1053,709.55,1423.3,-407.02,1304.8,-1122.1,-1823.9,176.46,3185.5,261729,500,1016,1441,-1.2107,0.89725,1.6014
702.35,1988.4,-581.73,-0.1501,844.3,-2018.1,5.6784e+05,448675,1,156.72,-1052.1,710.63,1414.5,-402.13,1308.8,-1116.4,-1827.6,171.18,3182.4,261606,500,1016,1441,-1.2205,0.89725,1.5939
738.81,2929.4,-677.57,361.26,1686.7,-2571.1,6.067e+05,447269,1,64721,-154.09,31627,5480.3,2013.5,1732.8,28555,-1008.5,14514,79077,355043,500,1216,1456,-0.88361,0.90955,1.7964
873.12,2674.7,-924.11,-1.5487,1590.6,-2498,6.1186e+05,447267,1,-4683.2,-897.5,-1865.3,9877.5,349.49,4726.9,8305.7,-1568.2,4908.1,15549,333738,500,1216,1456,-0.89462,0.90955,1.791
866.98,2651,-910.77,-0.024584,1560.3,-2484.8,5.9004e+05,447265,1,160.96,-1123.7,653.88,1523.4,-470.05,1011.8,-1248.9,-1820.4,294.31,3200.3,262358,500,1216,1456,-0.90559,0.90955,1.7854
862.33,2630.1,-900.02,-0.035397,1532.6,-2474.3,5.7871e+05,447263,1,115,-1117.6,630.35,1432.1,-461.03,973.1,-1158.3,-1818.7,332.94,3103.2,253460,500,1166,1455,-0.91653,0.90955,1.7798
857.39,2608.8,-889.25,-0.032734,1505.2,-2462.9,5.7276e+05,447261,1,120.18,-1114.2,635.23,1440.4,-461.74,991.26,-1158.3,-1815.4,326.1,3110.3,253724,500,1166,1455,-0.92743,0.90955,1.7742
852.49,2587.5,-878.54,-0.052164,1478.2,-2451.2,5.6874e+05,447259,1,123.39,-1113,636.7,1433.3,-463.25,997.18,-1152.9,-1815.5,321.15,3106.6,253578,500,1166,1455,-0.9383,0.90955,1.7685
847.38,2566.2,-867.92,-0.042963,1451.7,-2439.1,5.6575e+05,447257,1,131.4,-1110.5,644.28,1432,-465.72,1010.8,-1149.7,-1813.4,318.17,3109.1,253678,500,1166,1455,-0.94913,0.90955,1.7627
842.13,2544.7,-857.39,-0.038455,1425.6,-2426.4,5.6564e+05,447255,1,142.77,-1103.4,647.76,1427.2,-466.64,1020.8,-1140.4,-1811.3,312.07,3103.7,253486,500,1157,1454,-0.95993,0.90955,1.7568
836.72,2523.3,-846.96,-0.028714,1400,-2413.4,5.647e+05,447253,1,142.87,-1100.7,652.6,1425.1,-467.32,1033.5,-1140.3,-1808.8,310.05,3105.4,253539,500,1157,1454,-0.97069,0.90955,1.7509
831.23,2501.8,-836.62,-0.027127,1374.8,-2400,5.6483e+05,447251,1,149.15,-1092.9,653.16,1420.9,-464.22,1041.7,-1133.2,-1807.6,303.36,3099.4,253314,500,1157,1454,-0.98142,0.90955,1.7449
825.68,2480.3,-826.34,-0.025554,1350,-2386.3,5.6516e+05,447249,1,150.06,-1089.6,655.61,1419.3,-461.47,1051.2,-1131.9,-1807.2,299.54,3099.8,253328,500,1068,1444,-0.99211,0.90955,1.7388
820.05,2458.8,-816.11,-0.023437,1325.5,-2372.1,5.6542e+05,447247,1,152.66,-1085.6,658.26,1419.1,-458.29,1061.8,-1130.2,-1807.2,294.61,3101.1,253391,500,1068,1444,-1.0028,0.90955,1.7327
814.33,2437.1,-805.94,-0.019249,1301.4,-2357.6,5.6527e+05,447245,1,154.19,-1081.2,661.38,1419.2,-454.53,1074.1,-1129.5,-1806.9,289.91,3103.1,253457,500,1068,1444,-1.0134,0.90955,1.7265
808.54,2415.3,-795.8,-0.01769,1277.7,-2342.8,5.6514e+05,447243,1,157.38,-1077.5,662.13,1419.9,-450.54,1081.7,-1126.8,-1807.9,284.22,3103.6,253482,500,1068,1444,-1.0239,0.90955,1.7203
802.7,2393.5,-785.71,-0.017963,1254.2,-2327.6,5.6562e+05,447241,1,156.62,-1074.5,665.17,1419.7,-446.87,1093.4,-1127.6,-1807.9,280.37,3106.5,253574,500,1068,1444,-1.0345,0.90955,1.714
796.78,2371.6,-775.65,-0.017106,1231.1,-2312,5.6594e+05,447239,1,160.45,-1070,666.6,1420.6,-441.73,1104,-1124.6,-1809.3,272.9,3108,253640,500,1068,1444,-1.045,0.90955,1.7076
790.8,2349.6,-765.63,-0.015201,1208.3,-2296.1,5.6627e+05,447237,1,159.62,-1067.8,669.95,1421,-438.13,1115.9,-1125.6,-1809.6,269.15,3112.1,253781,500,1068,1444,-1.0554,0.90955,1.7012
784.77,2327.5,-755.64,-0.018369,1185.8,-2279.9,5.672e+05,447235,1,159.62,-1065.8,673.02,1421.9,-434.74,1126.7,-1126.2,-1810.1,265.35,3116,253926,500,1016,1441,-1.0659,0.90955,1.6946
778.66,2305.3,-745.68,-0.017566,1163.6,-2263.3,5.6819e+05,447233,1,162.91,-1063.1,676.7,1423.6,-430.5,1139.6,-1124.7,-1811.5,259.01,3120.7,254106,500,1016,1441,-1.0762,0.90955,1.6881
772.45,2282.9,-735.76,-0.012939,1141.7,-2246.4,5.6918e+05,447231,1,164.85,-1060.8,681.7,1424.7,-427.03,1153.4,-1124.3,-1812,254.68,3126,254382,500,1016,1441,-1.0866,0.90955,1.6814
766.18,2260.5,-725.88,-0.01381,1120.1,-2229.1,5.6976e+05,447229,1,163.06,-1060.7,682.45,1426.5,-422.68,1164.6,-1124.3,-1814.9,247.71,3131.6,254563,500,1016,1441,-1.0969,0.90955,1.6747
759.91,2238,-716,-0.027949,1098.8,-2211.6,5.7201e+05,447227,1,165.99,-1058.8,687.56,1427.6,-419.25,1176.2,-1124.2,-1816,244.11,3136.9,255063,500,1016,1441,-1.1071,0.90955,1.668
753.44,2215.3,-706.19,-0.0072264,1077.8,-2193.7,5.7365e+05,447225,1,167.82,-1058.6,692.51,1428.6,-416.59,1189,-1123,-1817.5,239.8,3143,255297,500,1016,1441,-1.1173,0.90955,1.6612
746.99,2192.5,-696.4,-0.023906,1057,-2175.5,5.7557e+05,447223,1,165.82,-1057,694.84,1430.2,-414.11,1204.8,-1123.9,-1818.5,232.82,3149.6,260125,500,1016,1441,-1.1275,0.90955,1.6543
740.48,2169.6,-686.61,-0.035331,1036.5,-2157,5.7721e+05,447221,1,166.5,-1056.5,698.32,1430.7,-411.88,1215.5,-1124,-1819.3,228.28,3154.5,260362,500,1016,1441,-1.1376,0.90955,1.6473
733.87,2146.6,-676.86,-0.034311,1016.3,-2138.2,5.773e+05,447219,1,166.99,-1055.3,701.32,1431.4,-410.18,1226.7,-1123.7,-1819.9,223.85,3159.1,260556,500,1016,1441,-1.1477,0.90955,1.6403
727.24,2123.5,-667.13,-0.050905,996.3,-2119.1,5.771e+05,447217,1,165.28,-1053.1,703.67,1433,-410.14,1244.3,-1124.8,-1819.1,215.7,3165.8,260895,500,1016,1441,-1.1578,0.90955,1.6332
720.56,2100.2,-657.39,-0.072033,976.5,-2099.7,5.7596e+05,447215,1,164.26,-1051.4,706.08,1434.7,-409.7,1259.5,-1126.1,-1818.4,208.4,3172.1,261161,500,1016,1441,-1.1678,0.90955,1.6261
713.84,2076.8,-647.65,-0.090166,956.93,-2080,5.7345e+05,447213,1,160.54,-1050.4,706.94,1435.7,-408.38,1273.9,-1128.4,-1817.9,200.42,3177.7,261399,500,1016,1441,-1.1777,0.90955,1.6189
707.16,2053.3,-637.85,-0.13348,937.46,-2060.1,5.7233e+05,447211,1,158.51,-1051.1,709.48,1435,-408.14,1288.9,-1129.3,-1818.1,191.55,3184,261677,500,1016,1441,-1.1876,0.90955,1.6116
700.37,2029.6,-628.1,-0.1377,918.3,-2039.9,5.7047e+05,447209,1,156.85,-1052.9,713.99,1431.8,-406.69,1299.3,-1129.7,-1819.3,188.25,3188.7,261878,500,1016,1441,-1.1975,0.90955,1.6043
693.56,2006,-618.38,-0.15956,899.39,-2019.5,5.7063e+05,447207,1,153.69,-1056.6,719.61,1428,-406.46,1311.7,-1129.6,-1821,185.99,3195.2,262154,500,1016,1441,-1.2073,0.90955,1.597
686.72,1982.3,-608.73,-0.17149,880.79,-1999,5.6801e+05,447205,1,149.9,-1055.3,718.24,1417.3,-414.23,1323.1,-1126.3,-1820.2,177.52,3193.1,262068,500,1016,1441,-1.2171,0.90955,1.5895
747.5,2940.1,-685.96,374.18,1708.5,-2571.9,6.0759e+05,445803,1,77583,10321,32500,2806.3,-26.249,1447,31322,2467.7,14070,91526,356648,500,1216,1456,-0.88113,0.92181,1.7914
854.24,2676.3,-948.71,4.8482,1633,-2475,6.0636e+05,445801,1,2442,3048.2,-379.26,11056,1047,4951.3,11323,1266.5,4953.2,17821,335824,500,1166,1455,-0.89211,0.92181,1.7859
850.37,2644.1,-937.84,-0.15291,1597.9,-2457.8,5.9936e+05,445799,1,104.29,-1137.5,641.27,1699.5,-380.95,1059.1,-1207.8,-1823.1,330.02,3280.6,266306,500,1166,1455,-0.90305,0.92181,1.7804
845.68,2623.3,-927.01,-0.023581,1570.3,-2447.5,5.7976e+05,445797,1,106.65,-1122.2,637.78,1431.9,-450.84,971.54,-1170.6,-1821.5,343.23,3111.4,253756,500,1166,1455,-0.91395,0.92181,1.7748
840.89,2602,-916.19,-0.031618,1542.8,-2436.5,5.7542e+05,445795,1,113.86,-1121.2,643.25,1450,-456.33,993.71,-1170.5,-1818.5,336.64,3126.1,254384,500,1166,1455,-0.92483,0.92181,1.7692
835.96,2580.6,-905.44,-0.048006,1515.7,-2425,5.7123e+05,445793,1,118.51,-1118,647.3,1441.6,-464.5,1007.7,-1164.1,-1813.5,330.37,3121.8,254188,500,1166,1455,-0.93567,0.92181,1.7635
830.85,2559.2,-894.81,-0.041373,1489.2,-2413.1,5.678e+05,445791,1,125.49,-1117.1,653.42,1434.9,-470.08,1019.1,-1157.6,-1810.9,326.36,3120.1,254075,500,1166,1455,-0.94647,0.92181,1.7577
825.66,2537.8,-884.26,-0.046568,1463.1,-2400.7,5.6769e+05,445789,1,130.34,-1112.3,656.52,1430.6,-470.26,1029.1,-1153,-1809.4,322.07,3117.5,253985,500,1157,1454,-0.95724,0.92181,1.7519
820.34,2516.4,-873.8,-0.039279,1437.4,-2388,5.6658e+05,445787,1,133.13,-1106.5,659.27,1424.3,-470.32,1039.6,-1148.9,-1806.9,318.01,3113.4,253835,500,1157,1454,-0.96797,0.92181,1.746
814.95,2494.9,-863.43,-0.038523,1412.1,-2374.9,5.6647e+05,445785,1,139.15,-1101.1,660.34,1420.5,-467.41,1044.9,-1142.8,-1806.8,313.48,3108.8,253670,500,1157,1454,-0.97866,0.92181,1.74
809.46,2473.5,-853.15,-0.030412,1387.3,-2361.5,5.6572e+05,445783,1,141.19,-1096.5,663.47,1418,-464.66,1056.1,-1140.6,-1805.6,309.14,3108.2,253647,500,1068,1444,-0.98932,0.92181,1.734
803.89,2451.9,-842.92,-0.030223,1362.8,-2347.6,5.6627e+05,445781,1,143.87,-1091.9,665.79,1417.3,-461.6,1066.5,-1138.5,-1805.2,304.24,3108.5,253661,500,1068,1444,-0.99994,0.92181,1.7279
798.24,2430.3,-832.74,-0.025354,1338.7,-2333.5,5.6569e+05,445779,1,145.65,-1088.6,667.79,1416.9,-458.32,1074.9,-1137.2,-1805.5,300.2,3109.4,253687,500,1068,1444,-1.0105,0.92181,1.7217
792.52,2408.6,-822.61,-0.023693,1314.9,-2318.9,5.6545e+05,445777,1,147.93,-1082.8,669.9,1417.2,-453.52,1087.3,-1135.7,-1805.3,294.07,3110.4,253732,500,1068,1444,-1.0211,0.92181,1.7155
786.73,2386.9,-812.52,-0.021413,1291.4,-2304,5.6511e+05,445775,1,149.48,-1078.9,672.11,1417.5,-449.54,1098,-1134.7,-1805.5,288.92,3112.2,253786,500,1068,1444,-1.0316,0.92181,1.7092
780.88,2365,-802.46,-0.02188,1268.3,-2288.8,5.6579e+05,445773,1,151.72,-1074.8,673.81,1417.9,-445.44,1107.7,-1133.2,-1806.1,283.55,3113.6,253841,500,1068,1444,-1.042,0.92181,1.7028
774.94,2343.1,-792.45,-0.017647,1245.5,-2273.2,5.6529e+05,445771,1,152.29,-1070.8,677.32,1418.6,-441.08,1121.1,-1133.7,-1805.9,278.67,3117.2,253971,500,1016,1441,-1.0525,0.92181,1.6964
768.95,2321,-782.48,-0.019113,1222.9,-2257.2,5.6652e+05,445769,1,155.53,-1067.6,679.6,1420.5,-436.8,1132.6,-1131.6,-1807.1,271.83,3120.5,254093,500,1016,1441,-1.0629,0.92181,1.6899
762.86,2298.8,-772.53,-0.017456,1200.7,-2240.9,5.6681e+05,445767,1,155.18,-1066,684.25,1421.6,-434.4,1144.9,-1133.5,-1806.9,269.43,3125.9,254374,500,1016,1441,-1.0732,0.92181,1.6833
756.71,2276.6,-762.62,-0.016693,1178.8,-2224.3,5.687e+05,445765,1,160.34,-1062.5,686.45,1423,-430.29,1154.4,-1130,-1808.4,262.98,3128,254453,500,1016,1441,-1.0835,0.92181,1.6767
750.44,2254.2,-752.77,-0.010088,1157.2,-2207.3,5.6798e+05,445763,1,159.6,-1060.8,689.42,1423.9,-427.35,1166.2,-1130.7,-1808.7,258.8,3132.6,254595,500,1016,1441,-1.0938,0.92181,1.67
744.18,2231.7,-742.91,-0.025476,1135.8,-2190,5.7191e+05,445761,1,161.63,-1060.4,695,1425.9,-423.46,1181.1,-1130.5,-1810.7,253.14,3140.3,255197,500,1016,1441,-1.104,0.92181,1.6633
737.72,2209.1,-733.12,-0.0060163,1114.8,-2172.3,5.7216e+05,445759,1,163.37,-1058.9,699.17,1427.7,-420.66,1194.4,-1129.9,-1812,248.35,3146.5,259911,500,1016,1441,-1.1142,0.92181,1.6565
731.3,2186.3,-723.34,-0.029076,1093.9,-2154.4,5.7521e+05,445757,1,161.38,-1058.2,700.66,1429.1,-418.39,1205.5,-1130.7,-1812.8,243.34,3151.4,260228,500,1016,1441,-1.1243,0.92181,1.6496
724.79,2163.5,-713.57,-0.032038,1073.4,-2136.1,5.7532e+05,445755,1,162.12,-1057.5,705.38,1430.6,-416.37,1221.6,-1131.4,-1813.7,236.44,3159.1,260552,500,1016,1441,-1.1344,0.92181,1.6427
718.21,2140.5,-703.83,-0.043384,1053.1,-2117.5,5.7628e+05,445753,1,161.76,-1055.6,707.54,1431.9,-415.21,1236.9,-1131,-1814.2,228.79,3164.9,260858,500,1016,1441,-1.1445,0.92181,1.6357
711.6,2117.4,-694.08,-0.064733,1033,-2098.7,5.7599e+05,445751,1,159.54,-1055.9,712.35,1434.7,-414.77,1252.4,-1135.2,-1813.3,224.34,3173.9,261223,500,1016,1441,-1.1545,0.92181,1.6286
704.95,2094.1,-684.33,-0.079565,1013.1,-2079.5,5.7524e+05,445749,1,159.55,-1054.1,712.22,1433.8,-412.66,1263.6,-1133.1,-1814.6,215.06,3176.4,261355,500,1016,1441,-1.1645,0.92181,1.6215
698.25,2070.8,-674.58,-0.089675,993.44,-2060,5.7389e+05,445747,1,155.59,-1055.1,717.28,1435.7,-412.32,1280.5,-1138.5,-1814.2,210.43,3186.6,261775,500,1016,1441,-1.1744,0.92181,1.6144
691.54,2047.3,-664.81,-0.10535,973.96,-2040.3,5.7239e+05,445745,1,155.41,-1054.3,717.64,1435.5,-407.86,1291.2,-1136.8,-1816.2,201.28,3190,261931,500,1016,1441,-1.1843,0.92181,1.6071
684.73,2023.7,-655.09,-0.10499,954.76,-2020.3,5.7251e+05,445743,1,154.83,-1056.6,725.38,1433.4,-408.11,1306.4,-1137.5,-1817.2,198.77,3198.5,262283,500,1016,1441,-1.1941,0.92181,1.5998
677.85,2000,-645.42,-0.11283,935.84,-2000.1,5.7016e+05,445741,1,151.27,-1057.3,726.37,1432.1,-408.25,1319.1,-1136.8,-1818.1,192.96,3203.3,262508,500,1016,1441,-1.2039,0.92181,1.5925
671.04,1976.2,-635.72,-0.17739,917.03,-1979.6,5.6912e+05,445739,1,144.72,-1057.5,726.2,1430.1,-416.17,1336.3,-1140.2,-1814.7,183.95,3209,262799,500,1016,1441,-1.2137,0.92181,1.5851
664.26,1952.3,-625.98,-0.23353,898.36,-1959,5.669e+05,445737,1,142.18,-1056.8,726.36,1419.4,-421.64,1345.2,-1136.9,-1812.2,176.17,3205.3,262626,500,1016,1441,-1.2234,0.92181,1.5776
1187.3,2933.7,-563.76,313.77,1403.8,-2874.9,6.0671e+05,444339,1,71173,27866,20315,3941.2,789.71,1570.1,29976,9731.7,9650,85789,355932,500,1166,1455,-0.87862,0.93405,1.7863
797.87,2728.2,-914.2,95.728,1690.6,-2459.3,6.0292e+05,444337,1,11802,-5530.2,8743.5,12020,5480.4,3105.4,15837,5136.9,5162.9,27098,341975,500,1166,1455,-0.88956,0.93405,1.7808
833.95,2637.1,-966.22,-1.4458,1635.6,-2430.6,6.0776e+05,444335,1,-2387.9,-2359.8,41.647,5334,1240.1,2036.2,2694.7,87.765,1305,7374.3,313476,500,1166,1455,-0.90047,0.93405,1.7753
828.97,2616.7,-954.16,-0.027679,1607.7,-2420.7,5.8129e+05,444333,1,109.93,-1128.6,651.82,1440.1,-448.43,978.92,-1213.4,-1838.8,344.15,3148.9,260091,500,1166,1455,-0.91135,0.93405,1.7698
824.08,2595.1,-943.24,-0.021622,1580.1,-2409.7,5.7705e+05,444331,1,107.25,-1128.5,652.87,1456.7,-457.61,1004.5,-1180.9,-1818.9,343.64,3142.1,255269,500,1166,1455,-0.92219,0.93405,1.7642
819.29,2573.7,-932.44,-0.050458,1553,-2398.5,5.7451e+05,444329,1,108.89,-1129.3,659.28,1455.1,-462.76,1018.5,-1180.6,-1816.3,340.97,3146.4,259906,500,1166,1455,-0.933,0.93405,1.7585
814.18,2552.2,-921.74,-0.041866,1526.4,-2386.7,5.7008e+05,444327,1,119.07,-1123.2,662.24,1439.9,-470.88,1026.9,-1167.6,-1810.8,334.76,3133.4,254620,500,1157,1454,-0.94377,0.93405,1.7527
809.06,2530.8,-911.17,-0.051656,1500.2,-2374.7,5.6979e+05,444325,1,120,-1121.4,665.19,1432.7,-472.62,1035.5,-1163.3,-1809,331.62,3130.2,254524,500,1157,1454,-0.95451,0.93405,1.7469
803.82,2509.3,-900.69,-0.048801,1474.5,-2362.2,5.6852e+05,444323,1,121.74,-1116.6,667.06,1426.5,-472,1043.5,-1159.9,-1807.5,328.2,3126.3,254400,500,1157,1454,-0.96521,0.93405,1.741
798.52,2487.9,-890.3,-0.049555,1449.2,-2349.5,5.6822e+05,444321,1,130.28,-1107.4,667.89,1419.3,-469.77,1050.5,-1151.1,-1805.5,321.96,3117.1,253966,500,1157,1454,-0.97587,0.93405,1.735
793.08,2466.5,-880.01,-0.03541,1424.3,-2336.3,5.668e+05,444319,1,130.07,-1105.4,672.02,1417,-467.77,1060.3,-1151.2,-1804.7,320.25,3118.7,254032,500,1157,1454,-0.9865,0.93405,1.729
787.59,2445,-869.77,-0.037,1399.8,-2322.8,5.6737e+05,444317,1,134.66,-1098.6,672.61,1415.8,-463.92,1069.7,-1146.7,-1804.1,313.73,3116,253927,500,1068,1444,-0.99709,0.93405,1.7229
782.01,2423.5,-859.59,-0.031218,1375.6,-2309,5.6635e+05,444315,1,136.57,-1093.2,674.95,1414.9,-460.13,1080.8,-1145.5,-1803.5,308.85,3116.3,253934,500,1068,1444,-1.0076,0.93405,1.7168
776.37,2401.9,-849.46,-0.028898,1351.8,-2294.7,5.6585e+05,444313,1,137.08,-1089.4,678.06,1414.7,-456.57,1092,-1145.8,-1803,305.17,3118.4,254022,500,1068,1444,-1.0182,0.93405,1.7106
770.63,2380.2,-839.37,-0.025296,1328.3,-2280.1,5.6516e+05,444311,1,142.77,-1083.3,678.29,1415.5,-451.82,1101.3,-1141.3,-1803.8,297.1,3117.6,253987,500,1068,1444,-1.0286,0.93405,1.7043
764.85,2358.4,-829.32,-0.02679,1305.2,-2265.2,5.6547e+05,444309,1,141.7,-1079.2,681.36,1415.2,-447.64,1113.5,-1142.8,-1803.3,293.4,3120.2,254082,500,1068,1444,-1.0391,0.93405,1.6979
758.98,2336.5,-819.31,-0.022536,1282.3,-2249.9,5.6521e+05,444307,1,144.79,-1075.1,684.81,1416.8,-443.76,1125.8,-1142,-1803.3,288.2,3123.5,254270,500,1016,1441,-1.0495,0.93405,1.6915
753.02,2314.5,-809.34,-0.019499,1259.7,-2234.3,5.6525e+05,444305,1,148.47,-1071.5,686.93,1418.7,-439.93,1136.8,-1139.7,-1804.1,281.65,3126.3,254396,500,1016,1441,-1.0598,0.93405,1.6851
746.99,2292.4,-799.4,-0.020157,1237.5,-2218.2,5.6642e+05,444303,1,149.21,-1069.2,690.14,1420,-436.66,1148.3,-1140.1,-1804.5,277.3,3130.6,254531,500,1016,1441,-1.0702,0.93405,1.6785
740.88,2270.1,-789.5,-0.02021,1215.5,-2201.9,5.6718e+05,444301,1,152.61,-1065.4,692.93,1421.3,-433.01,1159.1,-1138.4,-1804.9,271.93,3133.3,254613,500,1016,1441,-1.0804,0.93405,1.6719
734.67,2247.8,-779.64,-0.014244,1193.8,-2185.2,5.6785e+05,444299,1,154.18,-1062.4,697.81,1422.8,-429.86,1174.3,-1138.7,-1804.4,267.02,3138.6,255138,500,1016,1441,-1.0907,0.93405,1.6653
728.37,2225.4,-769.83,-0.014951,1172.5,-2168.1,5.694e+05,444297,1,157.37,-1062.3,702.74,1424.5,-427.02,1186,-1136.9,-1805.8,262.35,3144.4,255348,500,1016,1441,-1.1009,0.93405,1.6586
721.97,2202.8,-760.05,-0.011876,1151.4,-2150.7,5.7278e+05,444295,1,158.73,-1060,705.21,1426.6,-424.12,1198.2,-1136.4,-1807,256.68,3149.5,260114,500,1016,1441,-1.111,0.93405,1.6518
715.54,2180.1,-750.28,-0.024692,1130.6,-2133,5.7375e+05,444293,1,157.83,-1059.9,709.41,1428.7,-421.94,1213.4,-1137.9,-1807.8,250.98,3157.3,260480,500,1016,1441,-1.1211,0.93405,1.6449
709.04,2157.3,-740.53,-0.032369,1109.9,-2114.9,5.75e+05,444291,1,156.44,-1059.8,714.02,1431.2,-421.34,1229.3,-1140.6,-1808,246.05,3166.2,260916,500,1016,1441,-1.1312,0.93405,1.638
702.48,2134.3,-730.78,-0.043945,1089.6,-2096.6,5.7476e+05,444289,1,157.42,-1057.9,714.36,1432,-418.75,1241.2,-1138.6,-1809.8,236.98,3169.9,261064,500,1016,1441,-1.1412,0.93405,1.631
695.88,2111.2,-721.04,-0.057907,1069.4,-2077.9,5.7471e+05,444287,1,156.26,-1058.4,720.06,1434.6,-419.43,1257.2,-1142.3,-1808.8,232.88,3179.4,261493,500,1016,1441,-1.1512,0.93405,1.624
689.2,2088,-711.31,-0.068769,1049.5,-2058.9,5.7396e+05,444285,1,154.23,-1058.9,722.49,1434.9,-418.29,1272.1,-1142.9,-1810.2,224.96,3186.4,261762,500,1016,1441,-1.1612,0.93405,1.6169
682.52,2064.6,-701.57,-0.094931,1029.8,-2039.7,5.7335e+05,444283,1,151.43,-1059,724.63,1435,-418.49,1286.8,-1144.8,-1810.8,217.82,3193.2,262073,500,1016,1441,-1.1711,0.93405,1.6098
675.8,2041.1,-691.82,-0.10877,1010.2,-2020.1,5.7282e+05,444281,1,150.86,-1059.7,728.83,1434.9,-420.4,1302.5,-1145.9,-1811.1,211.19,3201.1,262386,500,1016,1441,-1.1809,0.93405,1.6025
668.99,2017.6,-682.12,-0.11121,990.99,-2000.3,5.7079e+05,444279,1,150.85,-1058.8,732.52,1432,-423.66,1317,-1144.7,-1810.4,205.59,3205.5,262629,500,1016,1441,-1.1907,0.93405,1.5953
662.14,1993.8,-672.42,-0.14158,971.92,-1980.2,5.7001e+05,444277,1,148.05,-1057.5,732.96,1433.9,-426.03,1333.4,-1145.7,-1808.7,196.94,3211.8,262939,500,1016,1441,-1.2005,0.93405,1.5879
655.3,1969.9,-662.66,-0.19688,952.95,-1959.8,5.6857e+05,444275,1,142.55,-1059.2,735.67,1433.8,-432.64,1352.5,-1150.3,-1804.3,187.82,3220.2,263361,500,1016,1441,-1.2102,0.93405,1.5805
648.49,1945.9,-652.89,-0.24199,934.16,-1939.3,5.6582e+05,444273,1,138.83,-1061.9,738.23,1424.5,-435.35,1363.2,-1148,-1803.9,180.82,3220.8,263392,500,1016,1441,-1.2199,0.93405,1.5731
689.93,2839.9,-795.05,301.77,1761.1,-2445.6,6.0566e+05,442875,1,58517,11641,22806,9462.3,2263.9,3532.3,27520,7135.2,9892,71366,353882,500,1166,1455,-0.88698,0.94624,1.7757
817.88,2630.2,-996.26,-4.1267,1673.8,-2403.7,6.1252e+05,442873,1,-5402,-1630.2,-1843.4,8920.3,2.4696,4493.2,7575.8,-1062.6,4375,14583,332777,500,1166,1455,-0.89786,0.94624,1.7702
811.88,2610.2,-981.6,-0.030832,1645.2,-2393.5,5.829e+05,442871,1,126.85,-1140.8,677.01,1435.5,-443.2,977.12,-1318.4,-1865.8,321.82,3211,262904,500,1166,1455,-0.90871,0.94624,1.7647
807.2,2588.4,-970.45,-0.02403,1617.3,-2382.8,5.7985e+05,442869,1,97.435,-1143.1,665.41,1477.1,-450.47,1015.1,-1201.6,-1826.9,353.11,3175,261261,500,1166,1455,-0.91952,0.94624,1.759
802.31,2566.7,-959.56,-0.038157,1590,-2371.6,5.7638e+05,442867,1,102.41,-1143.8,671.63,1464.5,-464.17,1027.5,-1192.1,-1819.7,349.57,3168.7,261019,500,1166,1455,-0.93029,0.94624,1.7534
797.33,2545.1,-948.79,-0.05374,1563.3,-2360.1,5.7417e+05,442865,1,105.54,-1138.4,673.75,1452.5,-469.61,1035.7,-1185.6,-1815.2,346.03,3159.8,260605,500,1157,1454,-0.94104,0.94624,1.7476
792.24,2523.7,-938.18,-0.052609,1537.1,-2348.3,5.7166e+05,442863,1,112.38,-1129.6,673.45,1434.7,-473.16,1040.3,-1172.1,-1810.2,340.38,3142.1,255271,500,1157,1454,-0.95174,0.94624,1.7418
787.09,2502.3,-927.67,-0.058153,1511.3,-2336.1,5.7086e+05,442861,1,108.87,-1128.3,676.08,1428.9,-473.24,1049.3,-1171.9,-1809.1,338.59,3141.5,255250,500,1157,1454,-0.96241,0.94624,1.736
781.91,2480.9,-917.24,-0.062561,1485.9,-2323.7,5.7026e+05,442859,1,115.94,-1119.6,676.75,1419.7,-471.82,1055.4,-1163.5,-1806.7,333.09,3131.4,254560,500,1157,1454,-0.97304,0.94624,1.73
776.56,2459.5,-906.93,-0.043797,1461,-2310.9,5.6844e+05,442857,1,119.03,-1112.6,679.51,1415.5,-468.66,1066,-1160.6,-1804.7,329.06,3128.2,254459,500,1157,1454,-0.98364,0.94624,1.724
771.15,2438.1,-896.68,-0.042948,1436.5,-2297.7,5.6831e+05,442855,1,123.83,-1104,680.3,1414.2,-464.73,1076.5,-1156.5,-1802.9,322.76,3124.7,254305,500,1068,1444,-0.9942,0.94624,1.7179
765.66,2416.6,-886.49,-0.038858,1412.3,-2284.2,5.6744e+05,442853,1,128.5,-1097.9,681.73,1413,-461.52,1085.3,-1153.1,-1802.2,317.25,3122.9,254246,500,1068,1444,-1.0047,0.94624,1.7118
760.08,2395,-876.36,-0.033565,1388.5,-2270.3,5.665e+05,442851,1,127.38,-1095.7,685.34,1412.8,-458.63,1096,-1154.8,-1801.8,314.92,3126.3,254398,500,1068,1444,-1.0152,0.94624,1.7056
754.41,2373.4,-866.27,-0.029803,1365,-2256,5.6544e+05,442849,1,133.57,-1088.4,685.07,1413.2,-453.84,1105,-1149.8,-1801.9,306.78,3123.9,254282,500,1068,1444,-1.0257,0.94624,1.6994
748.71,2351.7,-856.22,-0.031152,1341.8,-2241.4,5.6552e+05,442847,1,131.28,-1085.6,688.68,1412.9,-449.89,1116.7,-1152.5,-1801.6,304.29,3127.6,254440,500,1068,1444,-1.0361,0.94624,1.693
742.89,2329.8,-846.22,-0.025728,1318.9,-2226.4,5.6475e+05,442845,1,137.98,-1080.7,690.61,1415.1,-446.25,1126.6,-1148.8,-1802.1,297.28,3129,254483,500,1068,1444,-1.0464,0.94624,1.6866
736.98,2307.9,-836.25,-0.022447,1296.3,-2211,5.6501e+05,442843,1,139.63,-1077.8,694.27,1416.8,-443.42,1138.7,-1149,-1802,293.15,3133.2,254611,500,1068,1444,-1.0568,0.94624,1.6802
730.99,2285.8,-826.32,-0.02066,1274,-2195.2,5.6496e+05,442841,1,141.43,-1073.4,697.08,1418,-439.21,1152.4,-1148.3,-1802,286.69,3136.5,255047,500,1016,1441,-1.067,0.94624,1.6737
724.96,2263.7,-816.41,-0.024277,1252,-2179.2,5.6633e+05,442839,1,144.02,-1068.7,700.32,1420.1,-434.91,1166.8,-1147.9,-1802,280,3140.6,255213,500,1016,1441,-1.0773,0.94624,1.6671
718.81,2241.4,-806.54,-0.020299,1230.3,-2162.7,5.6672e+05,442837,1,148.35,-1064.7,705.25,1422.4,-432.02,1179.5,-1147.5,-1801.2,275.95,3145,255367,500,1016,1441,-1.0875,0.94624,1.6605
712.52,2219,-796.74,-0.012001,1208.9,-2145.9,5.6671e+05,442835,1,153.51,-1062,709.14,1424.1,-429.42,1191.7,-1143.8,-1801.4,269.94,3148.5,260065,500,1016,1441,-1.0977,0.94624,1.6537
706.15,2196.4,-786.97,-0.013452,1187.7,-2128.8,5.7108e+05,442833,1,154.43,-1061.2,713.02,1426.1,-427.16,1205.6,-1143.3,-1802.2,264.21,3154.9,260375,500,1016,1441,-1.1078,0.94624,1.647
699.7,2173.8,-777.23,-0.016566,1166.9,-2111.2,5.7294e+05,442831,1,153.99,-1062.1,718.68,1429.1,-426,1221.1,-1145.5,-1802.8,260.07,3164.3,260809,500,1016,1441,-1.1179,0.94624,1.6402
693.2,2151,-767.49,-0.03147,1146.2,-2093.4,5.735e+05,442829,1,152.39,-1061.6,720.31,1431.6,-424.44,1234.6,-1146.9,-1804.2,253.19,3171.4,261127,500,1016,1441,-1.1279,0.94624,1.6333
686.67,2128,-757.75,-0.053806,1125.8,-2075.2,5.7376e+05,442827,1,152.35,-1061.3,724.1,1433.8,-424.22,1250.1,-1148.5,-1804.3,246.2,3179.2,261482,500,1016,1441,-1.1379,0.94624,1.6263
680.06,2104.9,-748,-0.065814,1105.6,-2056.7,5.7396e+05,442825,1,152.82,-1061.5,728.09,1434.3,-423.64,1265.3,-1148.3,-1805.2,238.61,3186.3,261757,500,1016,1441,-1.1479,0.94624,1.6193
673.37,2081.7,-738.29,-0.07429,1085.6,-2038,5.7295e+05,442823,1,149.96,-1062.4,732.87,1437.6,-424.29,1282.1,-1152.5,-1804.5,234.21,3196.6,262216,500,1016,1441,-1.1578,0.94624,1.6122
666.69,2058.3,-728.56,-0.10427,1065.8,-2018.9,5.7233e+05,442821,1,148.34,-1062.2,733.72,1437.5,-426.46,1298,-1152.5,-1804.9,223.96,3202.8,262496,500,1016,1441,-1.1677,0.94624,1.6051
659.93,2034.7,-718.81,-0.1298,1046.2,-1999.5,5.7073e+05,442819,1,146.1,-1063.2,737.29,1439.8,-429.59,1315.4,-1154.8,-1803.9,217.27,3212.2,262956,500,1016,1441,-1.1775,0.94624,1.5979
653.17,2011,-709.05,-0.1826,1026.7,-1979.8,5.7052e+05,442817,1,145.2,-1062,739.14,1436.9,-435.25,1330.1,-1154.5,-1801.6,209.24,3215.7,263154,500,1016,1441,-1.1873,0.94624,1.5906
646.34,1987.2,-699.28,-0.21245,1007.5,-1959.8,5.6934e+05,442815,1,143.06,-1063.6,744.88,1437.4,-442.73,1352.7,-1157.4,-1796.8,199.59,3225.9,263655,500,1016,1441,-1.197,0.94624,1.5833
639.46,1963.4,-689.53,-0.2234,988.51,-1939.6,5.6624e+05,442813,1,138.31,-1065,744.77,1430.9,-445.6,1364.3,-1156.4,-1796.7,190.99,3227.5,263736,500,1016,1441,-1.2067,0.94624,1.576
632.6,1939.3,-679.75,-0.26685,969.64,-1919.1,5.6564e+05,442811,1,135.62,-1069.5,752.12,1428.9,-455.1,1383.4,-1158.8,-1793.7,186.28,3238.1,264223,500,1016,1441,-1.2164,0.94624,1.5685
625.83,2873.2,-744.53,401.14,1800,-2408.4,6.0735e+05,441415,1,43766,-2652.9,23063,11837,19.212,5950.9,28470,531.51,13931,60289,351950,500,1166,1455,-0.88437,0.9584,1.7704
801.41,2624.1,-1025.2,-5.4117,1711.6,-2376.9,6.1447e+05,441413,1,-6447.8,-1114.7,-2639.1,9821.5,-427.86,5181.5,9311.2,-1920,5723.2,17217,335255,500,1166,1455,-0.89522,0.9584,1.765
794.48,2603.5,-1009.1,-0.015035,1682.4,-2365.9,5.84e+05,441411,1,185.85,-1147,719.69,1436.9,-431.58,973.18,-1461,-1859.4,262.41,3275.2,266038,500,1166,1455,-0.90603,0.9584,1.7595
789.93,2581.7,-997.89,-0.023904,1654.4,-2355.4,5.8281e+05,441409,1,85.042,-1164,681.12,1499.9,-451.01,1029.9,-1224.8,-1833.1,363.04,3214.3,263095,500,1166,1455,-0.91681,0.9584,1.7539
785.09,2559.8,-986.84,-0.036759,1626.9,-2344.4,5.7916e+05,441407,1,88.641,-1158.5,681.65,1474.7,-463.9,1037.4,-1208.2,-1825.1,358,3193.7,262093,500,1157,1454,-0.92756,0.9584,1.7482
780.21,2538.1,-975.96,-0.065905,1600,-2333.1,5.7775e+05,441405,1,94.097,-1149.4,682.88,1459.3,-466.72,1042.4,-1199,-1820.1,355.52,3179.2,261477,500,1157,1454,-0.93826,0.9584,1.7425
775.22,2516.6,-965.29,-0.05829,1573.7,-2321.5,5.7454e+05,441403,1,98.285,-1144.3,685.22,1442,-471.96,1048.4,-1188.8,-1814.6,351.84,3165.3,260875,500,1157,1454,-0.94894,0.9584,1.7367
770.15,2495.2,-954.74,-0.062617,1547.9,-2309.7,5.7325e+05,441401,1,100.42,-1136.8,684.48,1427.6,-474.61,1055,-1179,-1810,346.43,3151.7,260238,500,1157,1454,-0.95958,0.9584,1.7308
765.05,2473.8,-944.3,-0.07073,1522.5,-2297.6,5.7232e+05,441399,1,100.24,-1131,685.77,1418.8,-471.61,1061.2,-1176.3,-1808.8,344.11,3145.6,255387,500,1157,1454,-0.97018,0.9584,1.7249
759.83,2452.5,-933.96,-0.05516,1497.6,-2285.1,5.7053e+05,441397,1,106.83,-1122.5,686.82,1414.3,-468.61,1068.2,-1170.8,-1806.8,339.42,3139.2,255157,500,1157,1454,-0.98074,0.9584,1.7189
754.53,2431.1,-923.69,-0.049618,1473,-2272.3,5.6953e+05,441395,1,108.74,-1118.6,689.3,1413.8,-465.95,1078.3,-1169.2,-1806.1,335.48,3139.8,255184,500,1068,1444,-0.99127,0.9584,1.7129
749.15,2409.7,-913.47,-0.048873,1448.8,-2259,5.6891e+05,441393,1,116.33,-1108.5,690.28,1412.3,-462.72,1089.4,-1164.1,-1803.6,328,3135.3,254970,500,1068,1444,-1.0018,0.9584,1.7068
743.63,2388.2,-903.33,-0.039176,1424.9,-2245.4,5.6716e+05,441391,1,118.64,-1104,692.81,1411.3,-459.93,1099.2,-1162.7,-1802.8,323.96,3135.5,255024,500,1068,1444,-1.0122,0.9584,1.7006
738.06,2366.6,-893.23,-0.036775,1401.4,-2231.5,5.6627e+05,441389,1,120.92,-1097,692.61,1410.4,-455.28,1107.6,-1160.4,-1802.2,318.29,3133.2,254608,500,1068,1444,-1.0226,0.9584,1.6944
732.43,2344.9,-883.19,-0.032726,1378.1,-2217.2,5.6531e+05,441387,1,122.13,-1093.7,696.34,1411.1,-451.23,1118.9,-1161.2,-1802,314.7,3136.4,255045,500,1068,1444,-1.033,0.9584,1.688
726.68,2323.1,-873.17,-0.029738,1355.2,-2202.5,5.6506e+05,441385,1,127.61,-1087.3,698.88,1414.5,-447.81,1132.8,-1159.3,-1801.1,307.21,3139.1,255155,500,1068,1444,-1.0433,0.9584,1.6817
720.83,2301.2,-863.2,-0.027216,1332.6,-2187.4,5.6478e+05,441383,1,131.96,-1080.7,701.9,1415.7,-444.37,1146.9,-1157.7,-1799.8,300.57,3140.9,255220,500,1016,1441,-1.0536,0.9584,1.6752
714.9,2279.2,-853.27,-0.023581,1310.3,-2171.9,5.6458e+05,441381,1,134.05,-1077.6,704.41,1416.1,-441.49,1156.4,-1156.6,-1799.7,296.29,3142.9,255295,500,1016,1441,-1.0639,0.9584,1.6687
708.89,2257.1,-843.38,-0.022752,1288.2,-2156.1,5.6463e+05,441379,1,133.93,-1075.5,707.13,1417.7,-438.03,1168,-1157.5,-1800.2,291.53,3147.4,259971,500,1016,1441,-1.0741,0.9584,1.6622
702.82,2234.9,-833.51,-0.026871,1266.5,-2140,5.6597e+05,441377,1,139.44,-1070.6,709.78,1420.8,-433.56,1179.8,-1155.6,-1800.7,284.58,3150.8,260200,500,1016,1441,-1.0843,0.9584,1.6556
696.62,2212.5,-823.67,-0.01841,1245,-2123.5,5.6588e+05,441375,1,144.83,-1066.5,715.43,1423.9,-430.88,1193.3,-1154.8,-1799.7,280.56,3155.7,260408,500,1016,1441,-1.0944,0.9584,1.6489
690.25,2190,-813.9,-0.010729,1223.8,-2106.5,5.6742e+05,441373,1,150.32,-1063.9,722.07,1426.9,-430.05,1210.8,-1152.3,-1798.3,274.5,3162.3,260724,500,1016,1441,-1.1045,0.9584,1.6421
683.79,2167.4,-804.19,-0.011269,1202.9,-2089.2,5.7245e+05,441371,1,150.45,-1063.8,726.03,1429.2,-428.84,1225.4,-1152.1,-1798.7,268.87,3169.3,261042,500,1016,1441,-1.1146,0.9584,1.6353
677.3,2144.6,-794.46,-0.030982,1182.3,-2071.6,5.7241e+05,441369,1,148.54,-1063.9,728.72,1432.8,-428.59,1241.7,-1154.7,-1799.2,261.43,3178.4,261441,500,1016,1441,-1.1246,0.9584,1.6285
670.77,2121.6,-784.72,-0.050344,1161.8,-2053.6,5.729e+05,441367,1,148.59,-1064.3,733.05,1434.6,-428.37,1257,-1156.4,-1799.7,254.58,3186.7,261778,500,1016,1441,-1.1346,0.9584,1.6215
664.14,2098.5,-774.99,-0.055017,1141.5,-2035.3,5.7259e+05,441365,1,148.85,-1064.7,737.52,1436.9,-430.4,1274.1,-1157.4,-1799.5,247.73,3195.7,262177,500,1016,1441,-1.1445,0.9584,1.6145
657.46,2075.3,-765.28,-0.073184,1121.5,-2016.7,5.7171e+05,441363,1,145.31,-1065,740.75,1439.8,-438.61,1297.4,-1161.1,-1796.5,238.29,3207,262712,500,1016,1441,-1.1544,0.9584,1.6075
650.78,2051.9,-755.53,-0.11374,1101.6,-1997.8,5.7151e+05,441361,1,144.77,-1065,743.14,1441.8,-443.33,1314.5,-1162.4,-1794.8,229.16,3215,263120,500,1016,1441,-1.1642,0.9584,1.6004
644.01,2028.3,-745.75,-0.1396,1081.9,-1978.5,5.7007e+05,441359,1,143.11,-1065.4,744.68,1439.5,-445.27,1328.1,-1161.6,-1794.2,220.45,3218.9,263299,500,1016,1441,-1.174,0.9584,1.5932
637.23,2004.5,-735.95,-0.17872,1062.3,-1958.9,5.6891e+05,441357,1,140.7,-1069.5,752.37,1441.9,-468.14,1360.7,-1166.3,-1785.3,209.07,3235.9,264103,500,1016,1441,-1.1838,0.9584,1.586
630.38,1980.6,-726.15,-0.20944,1042.9,-1939,5.6678e+05,441355,1,139.04,-1072.9,757.96,1435.6,-485.17,1382.1,-1165.3,-1779.5,200.37,3242.8,264445,500,1016,1441,-1.1935,0.9584,1.5787
623.47,1956.6,-716.36,-0.25215,1023.8,-1918.8,5.6564e+05,441353,1,135.7,-1074.3,758.76,1430.4,-482.87,1390.8,-1163.7,-1781.1,193.61,3244.3,264523,500,1016,1441,-1.2032,0.9584,1.5713
616.55,1932.4,-706.56,-0.29945,1004.8,-1898.4,5.6274e+05,441351,1,131.85,-1078.8,763.41,1424.9,-494.06,1407.9,-1163.6,-1778.1,187.31,3251.3,264836,500,1016,1441,-1.2128,0.9584,1.5639
590.66,2847,-741.7,424.34,1815,-2351.6,6.0803e+05,439957,1,95767,-6320.5,50936,8913.7,-1470.2,5270.1,36654,-4686,20824,1.1711e+05,359415,500,1166,1455,-0.88173,0.97053,1.7652
784.19,2617.8,-1053.4,-5.8969,1748.8,-2349.2,6.1457e+05,439955,1,-6350.3,-830.43,-2739.9,8466.8,-1184.3,4921.8,9260.4,-2304.2,5929.7,16494,334636,500,1166,1455,-0.89254,0.97053,1.7597
777.13,2597,-1036.6,-0.0076247,1719.2,-2338.2,5.8585e+05,439953,1,143.61,-1171.7,722.5,1490.8,-452.03,1020,-1374.2,-1832.6,305.7,3274.6,266008,500,1166,1455,-0.90332,0.97053,1.7542
772.33,2574.8,-1025.4,-0.0099848,1691.2,-2327.6,5.8481e+05,439951,1,86.604,-1183,701.93,1512.6,-467.69,1050.3,-1234.5,-1830.5,370.67,3243.7,264487,500,1166,1455,-0.91407,0.97053,1.7486
767.4,2552.8,-1014.3,-0.033491,1663.7,-2316.6,5.8219e+05,439949,1,74.573,-1179.1,695.63,1488.3,-466.57,1047.3,-1226.3,-1830.2,369.47,3224.8,263599,500,1157,1454,-0.92478,0.97053,1.743
762.87,2531.2,-1003.4,-0.083516,1636.6,-2305.8,5.8121e+05,439947,1,74.428,-1171.4,694.57,1463.8,-466.84,1049,-1215.3,-1827,366.32,3204.7,262605,500,1157,1454,-0.93546,0.97053,1.7373
757.93,2509.5,-992.55,-0.065257,1610.2,-2294.5,5.7764e+05,439945,1,82.661,-1161.8,697.68,1450.3,-469.97,1057.5,-1206.7,-1821.4,362.59,3192.4,262035,500,1157,1454,-0.9461,0.97053,1.7315
752.94,2488.1,-981.96,-0.066689,1584.3,-2282.9,5.7585e+05,439943,1,85.392,-1150,693.63,1429.7,-471.16,1058.2,-1192.6,-1815.4,358.3,3169.1,261035,500,1157,1454,-0.95671,0.97053,1.7257
747.99,2466.8,-971.48,-0.077397,1558.9,-2271.1,5.7473e+05,439941,1,85.234,-1143.6,693.36,1419.4,-468.27,1062.6,-1188.1,-1813.6,355.26,3160.1,260615,500,1157,1454,-0.96728,0.97053,1.7198
742.91,2445.5,-961.1,-0.064539,1533.9,-2259,5.728e+05,439939,1,93.021,-1135.1,695.96,1415.6,-466.69,1072,-1183.2,-1810.8,350.41,3155,260384,500,1157,1454,-0.97781,0.97053,1.7138
737.66,2424.1,-950.82,-0.050462,1509.3,-2246.5,5.7074e+05,439937,1,98.556,-1127.9,698.06,1413.9,-464.82,1082.4,-1178.9,-1808.4,345.48,3152,260256,500,1157,1454,-0.98831,0.97053,1.7078
732.37,2402.7,-940.58,-0.055246,1485.1,-2233.6,5.7045e+05,439935,1,99.455,-1123.7,699.78,1412.6,-462.89,1092.5,-1178,-1807.5,341.04,3152.2,260267,500,1068,1444,-0.99877,0.97053,1.7017
726.98,2381.3,-930.41,-0.047684,1461.1,-2220.3,5.6848e+05,439933,1,105.83,-1113,699.66,1409.5,-459.06,1102.3,-1172.9,-1805.2,333.6,3146,255401,500,1068,1444,-1.0092,0.97053,1.6955
721.55,2359.7,-920.29,-0.046873,1437.5,-2206.7,5.6757e+05,439931,1,110.23,-1105.1,700.82,1408.5,-454.5,1112.1,-1170.2,-1803.8,327.87,3143.6,255316,500,1068,1444,-1.0196,0.97053,1.6893
715.96,2338.1,-910.24,-0.03389,1414.3,-2192.7,5.6554e+05,439929,1,112.7,-1102.2,705.58,1411.2,-451.51,1125.2,-1171.2,-1803.5,324.03,3149,260092,500,1068,1444,-1.0299,0.97053,1.683
710.28,2316.4,-900.22,-0.031699,1391.4,-2178.3,5.651e+05,439927,1,116.12,-1097.2,707.22,1413.6,-448.66,1136.8,-1169.9,-1802.8,317.73,3151,260213,500,1068,1444,-1.0402,0.97053,1.6766
704.54,2294.5,-890.23,-0.034929,1368.7,-2163.5,5.6535e+05,439925,1,117.9,-1092.9,709.7,1415,-445.63,1148.3,-1170.1,-1802.3,312.88,3153.8,260330,500,1068,1444,-1.0505,0.97053,1.6702
698.68,2272.6,-880.28,-0.030014,1346.3,-2148.3,5.6461e+05,439923,1,125.69,-1082.9,711.41,1415.5,-441.62,1160.8,-1165.9,-1799.7,304.94,3151.5,260231,500,1016,1441,-1.0607,0.97053,1.6638
692.72,2250.5,-870.39,-0.023309,1324.2,-2132.8,5.6352e+05,439921,1,125.99,-1078.5,714.36,1416.4,-438.16,1173.7,-1166.8,-1798.4,300.23,3154.4,260356,500,1016,1441,-1.0709,0.97053,1.6572
686.73,2228.4,-860.52,-0.028551,1302.4,-2117,5.6476e+05,439919,1,131.52,-1074.3,716.18,1419.6,-434.81,1184.8,-1164,-1798.7,292.5,3157.2,260473,500,1016,1441,-1.0811,0.97053,1.6506
680.58,2206.1,-850.67,-0.022369,1280.9,-2100.7,5.6462e+05,439917,1,137.38,-1071.8,724.02,1425.1,-433,1201.6,-1164.7,-1797.8,288.3,3166.4,260923,500,1016,1441,-1.0912,0.97053,1.6439
674.27,2183.5,-840.87,-0.015483,1259.6,-2084,5.6603e+05,439915,1,142.3,-1068.1,729.54,1428.7,-431.16,1215.6,-1164,-1796.6,284.34,3172,261160,500,1016,1441,-1.1012,0.97053,1.6372
667.8,2160.9,-831.16,-0.0074766,1238.7,-2066.9,5.6938e+05,439913,1,146.93,-1066.4,734.95,1431.3,-431.59,1232.5,-1160.9,-1795.3,277.4,3178.1,261421,500,1016,1441,-1.1113,0.97053,1.6304
661.31,2138.1,-821.44,-0.030362,1218,-2049.4,5.7291e+05,439911,1,144.79,-1067.2,737.96,1434.7,-431.84,1248.9,-1162.8,-1795.3,270.13,3187.1,261797,500,1016,1441,-1.1212,0.97053,1.6236
654.76,2115.1,-811.71,-0.049802,1197.5,-2031.6,5.7205e+05,439909,1,144.81,-1067,740.91,1437.2,-433,1264.3,-1164.3,-1795.6,262.5,3195,262145,500,1016,1441,-1.1312,0.97053,1.6167
648.13,2092,-801.97,-0.072613,1177.1,-2013.5,5.714e+05,439907,1,144.33,-1067.4,747.55,1445.2,-441.51,1291.4,-1169.7,-1791.1,253.5,3211,262903,500,1016,1441,-1.1411,0.97053,1.6097
641.46,2068.6,-792.21,-0.11628,1156.9,-1994.9,5.7122e+05,439905,1,142.78,-1066.7,747.09,1443.8,-444.91,1304.4,-1168.2,-1790.5,244.28,3214.1,263082,500,1016,1441,-1.1509,0.97053,1.6027
634.77,2045.1,-782.39,-0.17547,1136.9,-1976.1,5.6974e+05,439903,1,140.98,-1066.5,750.58,1451.5,-455.83,1330.8,-1173.9,-1784.7,232.57,3228.6,263805,500,1016,1441,-1.1608,0.97053,1.5956
627.97,2021.2,-772.53,-0.23145,1116.9,-1956.8,5.6879e+05,439901,1,141.76,-1069.6,757.98,1452.8,-477.94,1362.7,-1175.3,-1774.8,218.27,3242.5,264431,500,1016,1441,-1.1705,0.97053,1.5884
621.13,1997.2,-762.63,-0.30617,1097.1,-1937.1,5.6767e+05,439899,1,139.18,-1075,765.22,1452.5,-499.34,1392.7,-1176.5,-1764.5,205.86,3255.7,265078,500,1016,1441,-1.1802,0.97053,1.5812
614.23,1973,-752.74,-0.37443,1077.6,-1917.1,5.6666e+05,439897,1,137.01,-1076.6,766,1440.2,-506.4,1399.1,-1172,-1765,201.22,3253,264924,500,1016,1441,-1.1899,0.97053,1.5739
607.26,1948.8,-742.88,-0.42159,1058.2,-1897,5.6451e+05,439895,1,135.78,-1081.6,773.29,1435.2,-518.92,1417.9,-1171.4,-1759.3,193.98,3260.4,265320,500,1016,1441,-1.1996,0.97053,1.5666
600.26,1924.5,-733.06,-0.45637,1039.2,-1876.6,5.6276e+05,439893,1,129.87,-1090.1,779.24,1422.5,-532.14,1434.4,-1168.4,-1756.7,187.36,3265.4,265552,500,1016,1441,-1.2092,0.97053,1.5592
632.37,2767.7,-858.87,296.63,1828.4,-2316.6,6.0618e+05,438503,1,25056,-11382,18782,12676,-4168,8657.7,20856,-10976,16545,46822,349139,500,1166,1455,-0.87905,0.98262,1.7598
765.84,2612.2,-1079.2,-3.6103,1785.3,-2321.1,6.1331e+05,438501,1,-4983.7,-1245.7,-1810,6474.8,-394.41,3486.1,7220.8,-1682.4,4571.1,12640,330069,500,1166,1455,-0.88983,0.98262,1.7544
759.43,2590.2,-1064.2,0.010532,1755.7,-2310,5.8838e+05,438499,1,155.99,-1211.6,760.48,1532.4,-438.21,1033.4,-1401.6,-1779.1,279.46,3299.5,267261,500,1157,1454,-0.90058,0.98262,1.7489
754.36,2567.7,-1052.9,-0.0063668,1727.6,-2299.1,5.8725e+05,438497,1,80.532,-1189.4,712.48,1520,-470.09,1059.5,-1245.5,-1829.9,380.42,3259.9,265292,500,1157,1454,-0.91129,0.98262,1.7433
749.69,2545.8,-1041.9,-0.041165,1700.2,-2288.6,5.8546e+05,438495,1,64.71,-1188.5,706.91,1479.8,-470.45,1053.3,-1231.5,-1829.4,380.06,3231.9,263943,500,1157,1454,-0.92197,0.98262,1.7377
744.94,2524.1,-1030.9,-0.057118,1673.3,-2277.9,5.8296e+05,438493,1,60.815,-1194.3,710.31,1467.2,-471.76,1057.7,-1227.6,-1831.2,377.88,3229.8,263856,500,1157,1454,-0.93262,0.98262,1.732
740.27,2502.5,-1020.1,-0.079346,1646.7,-2267,5.8154e+05,438491,1,58.983,-1188.4,709.27,1453.9,-466.9,1059.6,-1223.3,-1832.3,376.24,3220.1,263354,500,1157,1454,-0.94323,0.98262,1.7262
735.48,2481,-1009.4,-0.080119,1620.7,-2255.8,5.7902e+05,438489,1,67.741,-1171.1,705.18,1437.3,-463.15,1059.7,-1210.7,-1827.9,371.85,3197.2,262238,500,1157,1454,-0.9538,0.98262,1.7204
730.66,2459.7,-998.84,-0.07684,1595.2,-2244.4,5.7687e+05,438487,1,67.514,-1161.5,703.69,1422.6,-462.23,1065,-1203.8,-1823.2,367.87,3182.6,261617,500,1157,1454,-0.96434,0.98262,1.7145
725.71,2438.5,-988.41,-0.071274,1570.1,-2232.6,5.7524e+05,438485,1,76.62,-1150.9,705.68,1418.1,-461.32,1074.4,-1197.6,-1819,362.85,3175.1,261268,500,1157,1454,-0.97484,0.98262,1.7086
720.61,2417.2,-978.07,-0.056038,1545.5,-2220.4,5.7301e+05,438483,1,85.017,-1142.4,707.65,1416.5,-460.98,1084.6,-1192,-1815.2,357.1,3170.5,261090,500,1068,1444,-0.98531,0.98262,1.7026
715.39,2395.7,-967.81,-0.055613,1521.2,-2207.7,5.7173e+05,438481,1,84.804,-1136.9,709.05,1414.8,-459.22,1095.5,-1191.6,-1813.2,353.09,3169.8,261060,500,1068,1444,-0.99574,0.98262,1.6965
710.11,2374.3,-957.62,-0.05273,1497.2,-2194.8,5.7004e+05,438479,1,89.607,-1127.7,708.39,1409.7,-457.81,1103.1,-1186.4,-1809.9,346.96,3162.1,260709,500,1068,1444,-1.0061,0.98262,1.6904
704.77,2352.9,-947.49,-0.051012,1473.6,-2181.5,5.6866e+05,438477,1,94.921,-1119,710.22,1407.7,-454.54,1114.9,-1183.2,-1807.6,340.53,3159.1,260559,500,1068,1444,-1.0165,0.98262,1.6842
699.3,2331.3,-937.42,-0.039394,1450.3,-2167.8,5.6695e+05,438475,1,101.7,-1112.8,713.97,1410.5,-451.57,1127.7,-1181.5,-1806.4,334.84,3161.4,260686,500,1068,1444,-1.0268,0.98262,1.6779
693.68,2309.6,-927.39,-0.032524,1427.3,-2153.7,5.6572e+05,438473,1,105.44,-1108,716.78,1413.6,-448.77,1140.9,-1180.7,-1805.5,328.82,3164.8,260853,500,1068,1444,-1.0371,0.98262,1.6716
687.99,2287.8,-917.39,-0.03618,1404.6,-2139.2,5.6533e+05,438471,1,106.14,-1103,717.66,1413.8,-445.73,1152.2,-1180.3,-1804.7,322.62,3165.8,260893,500,1068,1444,-1.0473,0.98262,1.6652
682.29,2265.9,-907.41,-0.040365,1382.2,-2124.4,5.6526e+05,438469,1,107.11,-1097,718.62,1413.7,-440.95,1161.9,-1180.9,-1804.2,317.56,3166.2,260914,500,1068,1444,-1.0575,0.98262,1.6587
676.46,2244,-897.47,-0.03245,1360,-2109.2,5.6394e+05,438467,1,117.55,-1086,720.52,1416.4,-436.39,1173.1,-1176.2,-1801.5,310.29,3163.9,260793,500,1068,1444,-1.0677,0.98262,1.6522
670.49,2221.8,-887.6,-0.026906,1338.2,-2093.6,5.6351e+05,438465,1,121.55,-1081.4,725.35,1421,-434.49,1190.1,-1176.8,-1799.2,303.58,3169.9,261065,500,1016,1441,-1.0778,0.98262,1.6456
664.37,2199.5,-877.75,-0.020881,1316.6,-2077.6,5.6326e+05,438463,1,129.56,-1075.9,730.45,1425.9,-433.26,1207.2,-1174.1,-1797,295.82,3175.1,261270,500,1016,1441,-1.0879,0.98262,1.639
658.19,2177.1,-867.91,-0.024705,1295.2,-2061.2,5.6576e+05,438461,1,135.58,-1072.9,738.15,1431.3,-432.29,1224.3,-1174.6,-1795.2,291.42,3183.7,261665,500,1016,1441,-1.0979,0.98262,1.6322
651.73,2154.4,-858.16,-0.0078621,1274.3,-2044.2,5.6583e+05,438459,1,143.28,-1069.9,744.45,1434.6,-432.92,1239.5,-1170.7,-1793.1,286.04,3188.9,261886,500,1016,1441,-1.1079,0.98262,1.6255
645.21,2131.6,-848.45,-0.020906,1253.5,-2027,5.7247e+05,438457,1,140.91,-1071.2,747.64,1438.9,-434.54,1257.5,-1172.5,-1792.6,278.45,3198.9,262300,500,1016,1441,-1.1178,0.98262,1.6187
638.67,2108.6,-838.7,-0.057115,1232.9,-2009.3,5.7091e+05,438455,1,140.32,-1071.4,752.08,1445.7,-440.48,1282.5,-1176.5,-1789.8,266.91,3212.6,262968,500,1016,1441,-1.1278,0.98262,1.6118
632.05,2085.3,-828.9,-0.09911,1212.4,-1991.3,5.7192e+05,438453,1,139.97,-1071.8,755.5,1451.6,-443.57,1300.6,-1179.7,-1788,258.47,3223.3,263540,500,1016,1441,-1.1376,0.98262,1.6048
625.37,2061.8,-819.07,-0.13857,1192.1,-1972.8,5.6962e+05,438451,1,137.02,-1071.8,757.56,1458.9,-454.39,1327.2,-1184.9,-1782,244.96,3236.9,264175,500,1016,1441,-1.1474,0.98262,1.5978
618.7,2038,-809.12,-0.22339,1171.7,-1954,5.6988e+05,438449,1,138.56,-1072.9,764.34,1466.4,-471.91,1360.8,-1189.2,-1771.7,228.28,3253.4,264941,500,1016,1441,-1.1572,0.98262,1.5907
611.86,2013.9,-799.12,-0.2766,1151.5,-1934.6,5.6903e+05,438447,1,140.47,-1074.8,770.47,1472.3,-477.96,1381.6,-1191.1,-1767.4,218.96,3265.6,265559,500,1016,1441,-1.167,0.98262,1.5836
604.94,1989.6,-789.11,-0.33735,1131.5,-1914.9,5.6876e+05,438445,1,139.31,-1077.8,775.1,1469,-482.39,1394.6,-1190,-1764.6,212.78,3270,265769,500,1016,1441,-1.1767,0.98262,1.5764
597.96,1965.2,-779.12,-0.3898,1111.8,-1894.9,5.6727e+05,438443,1,137.7,-1085.6,783.94,1462,-497.28,1416.6,-1186.9,-1758.3,203.83,3278,266182,500,1016,1441,-1.1863,0.98262,1.5692
590.87,1940.8,-769.21,-0.43079,1092.3,-1874.7,5.6603e+05,438441,1,134.35,-1095.3,792.78,1448.5,-515.66,1436.1,-1181.5,-1753.2,197.33,3283.5,266437,500,1016,1441,-1.1959,0.98262,1.5619
583.75,1916.4,-759.4,-0.46766,1073.2,-1854.3,5.6382e+05,438439,1,129.12,-1100,795.49,1436.8,-525.17,1446.1,-1178,-1751.6,193.67,3283.9,266447,500,1016,1441,-1.2055,0.98262,1.5545
576.64,1892,-749.61,-0.53089,1054.3,-1833.7,5.6133e+05,438437,1,125.15,-1107.5,801.75,1429.8,-544.42,1468.7,-1177.2,-1747,185.14,3294.7,266970,500,1016,1441,-1.215,0.98262,1.5471
714.4,2955.6,-727.25,473.76,1845.1,-2479.1,6.0953e+05,437053,1,88685,-34056,62535,2144,-2633.2,2607.2,36994,-11652,24706,1.2275e+05,359909,500,1157,1454,-0.86556,0.99467,1.7597
739.92,2637.8,-1093.9,25.566,1848.3,-2298.9,6.051e+05,437051,1,-3837,300.04,-2050.1,13841,-4411,9354.4,15355,-7783.6,12000,27530,342182,500,1157,1454,-0.87634,0.99467,1.7544
746.4,2606.1,-1103.8,-0.181,1820.8,-2291.6,6.0768e+05,437049,1,-1134.2,-109.11,-503.34,2713.8,-1568.3,2259.1,818.14,-3668.9,2485.2,6065.1,304653,500,1157,1454,-0.88709,0.99467,1.749
741.2,2583,-1091.9,0.0071862,1791.9,-2280.9,5.9251e+05,437047,1,82.406,-1210.5,733.49,1564.3,-468.71,1075,-1279.3,-1837.6,388.6,3316.2,267998,500,1157,1454,-0.8978,0.99467,1.7435
736.42,2560.5,-1080.5,-0.025693,1763.8,-2270.6,5.9133e+05,437045,1,70.037,-1198.9,722.86,1524.6,-464.13,1062.5,-1257.7,-1835.1,392.91,3276.8,266094,500,1157,1454,-0.90848,0.99467,1.7379
731.65,2538.6,-1069.5,-0.037907,1736.4,-2260.2,5.885e+05,437043,1,63.566,-1198.7,722.58,1493.9,-468.41,1060.9,-1245.3,-1832.2,392.9,3256,265095,500,1157,1454,-0.91913,0.99467,1.7323
726.84,2516.9,-1058.6,-0.0456,1709.6,-2249.7,5.8575e+05,437041,1,58.404,-1197.9,720.95,1465.7,-471.67,1061.5,-1232.4,-1830.5,389.35,3236.8,264168,500,1157,1454,-0.92974,0.99467,1.7267
722.12,2495.4,-1047.8,-0.059932,1683.2,-2239,5.836e+05,437039,1,44.783,-1198.9,717.37,1448.1,-467.65,1061.5,-1230.1,-1833.3,387.51,3228.1,263777,500,1157,1454,-0.94032,0.99467,1.7209
717.62,2474.1,-1037.1,-0.083193,1657.1,-2228.3,5.8218e+05,437037,1,44.055,-1191.2,715.28,1434,-459.66,1061.6,-1224.8,-1835.3,385.35,3216.2,263172,500,1157,1454,-0.95086,0.99467,1.7151
712.94,2452.8,-1026.5,-0.072888,1631.6,-2217.3,5.792e+05,437035,1,47.423,-1182.6,714.94,1426.8,-455.15,1067.4,-1221,-1834.7,380.95,3208.8,262793,500,1157,1454,-0.96137,0.99467,1.7093
708.19,2431.6,-1016,-0.073558,1606.4,-2205.8,5.7773e+05,437033,1,56.565,-1172.1,716.81,1422.6,-454.16,1076.9,-1214.7,-1830.8,376.07,3201.4,262405,500,1068,1444,-0.97184,0.99467,1.7033
703.21,2410.2,-1005.6,-0.056628,1581.6,-2193.9,5.7494e+05,437031,1,68.587,-1157.7,717.48,1420,-455.32,1089.4,-1207,-1823.8,368.08,3192,262022,500,1068,1444,-0.98227,0.99467,1.6973
698.19,2388.8,-995.22,-0.06169,1557.2,-2181.7,5.7389e+05,437029,1,66.98,-1151.9,717.83,1416.9,-453.05,1099.2,-1206.9,-1822.1,364.06,3190.1,261935,500,1068,1444,-0.99267,0.99467,1.6913
693.04,2367.4,-984.97,-0.058915,1533.2,-2169,5.7189e+05,437027,1,75.417,-1137.9,717.13,1410.5,-452.23,1108.6,-1199.5,-1816,356.94,3178.3,261437,500,1068,1444,-1.003,0.99467,1.6851
687.79,2346,-974.82,-0.052862,1509.5,-2156.1,5.701e+05,437025,1,81.943,-1132.1,720.2,1408.7,-450.76,1117.3,-1195.6,-1813.8,353.03,3176,261338,500,1068,1444,-1.0133,0.99467,1.679
682.39,2324.5,-964.73,-0.042123,1486.2,-2142.7,5.6836e+05,437023,1,88.797,-1125.7,723.76,1411.6,-449.57,1131.2,-1194,-1811.4,346.51,3178,261416,500,1068,1444,-1.0236,0.99467,1.6727
676.86,2302.9,-954.68,-0.033308,1463.2,-2128.8,5.6676e+05,437021,1,93.35,-1119.3,726.08,1413.6,-447.04,1143.9,-1192.3,-1809.6,340.42,3179.2,261481,500,1068,1444,-1.0339,0.99467,1.6664
671.27,2281.1,-944.66,-0.036633,1440.4,-2114.6,5.6614e+05,437019,1,95.013,-1112.8,725.6,1413.3,-443.52,1153.4,-1190.8,-1808.4,333.9,3177.7,261400,500,1068,1444,-1.0441,0.99467,1.66
665.64,2259.3,-934.69,-0.038628,1418,-2100.1,5.6498e+05,437017,1,92.15,-1108.5,726.25,1411.8,-438.79,1163.1,-1193.1,-1808.4,329.43,3178.9,261461,500,1068,1444,-1.0542,0.99467,1.6536
659.97,2237.4,-924.72,-0.039562,1395.7,-2085.3,5.6451e+05,437015,1,101.19,-1098.6,727.94,1415.4,-434.19,1175.7,-1190.1,-1806.3,321.03,3178.5,261446,500,1016,1441,-1.0644,0.99467,1.6471
654.11,2215.3,-914.79,-0.03043,1373.8,-2070,5.6333e+05,437013,1,106.5,-1093.1,734.24,1424.8,-430.87,1195.1,-1194.1,-1804.4,314.82,3189,261894,500,1016,1441,-1.0745,0.99467,1.6405
648.08,2193,-904.89,-0.02245,1352.1,-2054.2,5.6267e+05,437011,1,119.7,-1083.7,738.74,1428.5,-431.77,1211.8,-1187,-1799.1,305.76,3188.9,261885,500,1016,1441,-1.0845,0.99467,1.6339
641.91,2170.5,-895.05,-0.021996,1330.7,-2038,5.6349e+05,437009,1,126.3,-1082.2,746.55,1433.9,-431.7,1228.4,-1186.4,-1797.7,300.94,3197.7,262255,500,1016,1441,-1.0945,0.99467,1.6272
635.53,2147.9,-885.25,-0.01256,1309.6,-2021.3,5.6491e+05,437007,1,135.87,-1078.3,754.53,1439.2,-432.75,1246.6,-1183.4,-1794.7,295.04,3204.9,262611,500,1016,1441,-1.1045,0.99467,1.6205
628.97,2125,-875.52,-0.0096409,1288.8,-2004.2,5.6919e+05,437005,1,136.06,-1078.2,758.59,1444.4,-435.51,1266,-1183.7,-1792.4,287.36,3214.2,263090,500,1016,1441,-1.1144,0.99467,1.6137
622.46,2101.9,-865.73,-0.061446,1268.1,-1986.7,5.725e+05,437003,1,134.6,-1079.7,763.04,1453,-438.84,1287.6,-1189.5,-1791.2,278.21,3229.3,263834,500,1016,1441,-1.1243,0.99467,1.6068
615.8,2078.6,-855.9,-0.080518,1247.5,-1968.8,5.6982e+05,437001,1,135.72,-1078.5,765.04,1457.9,-444.68,1309.3,-1190.4,-1787.7,264.8,3238.4,264230,500,1016,1441,-1.1341,0.99467,1.5999
609.12,2055,-845.99,-0.14371,1227,-1950.4,5.7052e+05,436999,1,131.35,-1084.4,773.25,1477.4,-450.44,1343,-1205.4,-1785.4,252.06,3268.7,265712,500,1016,1441,-1.1439,0.99467,1.5929
602.45,2031,-835.91,-0.22718,1206.4,-1931.6,5.7115e+05,436997,1,131.81,-1083.6,774.2,1479.2,-456.5,1360.5,-1205.4,-1780.9,239.02,3274.1,265991,500,1016,1441,-1.1537,0.99467,1.5858
595.55,2006.8,-825.84,-0.2341,1186.2,-1912.3,5.706e+05,436995,1,136.33,-1089.4,786.87,1483.1,-460.78,1383.2,-1207.1,-1778.6,231.13,3289.9,266757,500,1016,1441,-1.1634,0.99467,1.5787
588.56,1982.5,-815.81,-0.24906,1166.1,-1892.7,5.6963e+05,436993,1,135.49,-1094.4,794.58,1483.7,-469.04,1406.9,-1207.2,-1775.1,221.37,3302.3,267388,500,1016,1441,-1.173,0.99467,1.5716
581.5,1958,-805.77,-0.29175,1146.3,-1872.8,5.6961e+05,436991,1,136.93,-1097.2,801.23,1482.9,-474.52,1422.8,-1205.3,-1772.9,216.14,3310,267744,500,1016,1441,-1.1827,0.99467,1.5643
574.31,1933.4,-795.8,-0.32807,1126.7,-1852.5,5.6797e+05,436989,1,136.12,-1102.5,809.01,1480.3,-483.77,1441.7,-1203.8,-1770,210.67,3319.4,268136,500,1016,1441,-1.1922,0.99467,1.557
567.07,1908.7,-785.9,-0.40093,1107.4,-1831.9,5.6598e+05,436987,1,128.58,-1107.1,808.5,1459.6,-508.36,1457.3,-1193.2,-1759.1,200.92,3311.6,267823,500,1016,1441,-1.2018,0.99467,1.5497
559.85,1883.8,-775.98,-0.50446,1088.2,-1811.2,5.6467e+05,436985,1,128.3,-1115.8,821.06,1463.1,-517.03,1481.3,-1198.4,-1757.8,194.96,3332,268698,500,1016,1441,-1.2112,0.99467,1.5423
552.48,1859.1,-766.17,-0.52943,1069.4,-1790.2,5.6189e+05,436983,1,124.67,-1121.5,825.21,1441.9,-530.09,1487.5,-1190,-1752.9,190.73,3324.5,268380,500,1016,1441,-1.2207,0.99467,1.5348
535.47,2916.9,-747.71,528.78,1939.7,-2304.8,6.1071e+05,435603,1,1.1441e+05,-2681.9,57330,1313,-1276.2,1442.6,47118,-453.44,23347,1.384e+05,361180,500,1157,1454,-0.86285,1.0067,1.7542
732.72,2620.5,-1142.5,-0.041178,1884.7,-2270.9,6.1558e+05,435601,1,-6374.3,-963.38,-2603.8,10424,-604.96,5522.4,12288,-1893.5,7175.5,19848,337331,500,1140,1453,-0.8736,1.0067,1.7489
727.28,2598.1,-1131.3,0.0032063,1856.5,-2261.1,6.0098e+05,435599,1,85.525,-1237.7,759.23,1523.9,-522.47,1076.3,-1255.4,-1809.5,408.97,3299.5,267264,500,1140,1453,-0.88431,1.0067,1.7435
722.63,2576,-1119.9,0.016968,1828.2,-2251.6,5.9525e+05,435597,1,58.745,-1237.4,745.61,1547.1,-487.62,1077.4,-1282.8,-1833.2,400.3,3324,268364,500,1157,1454,-0.89499,1.0067,1.738
718.08,2553.6,-1108.5,-0.020923,1800,-2241.7,5.9374e+05,435595,1,50.174,-1224.4,737.72,1524.5,-466.35,1067.9,-1271.3,-1842,405.8,3301.8,267366,500,1157,1454,-0.90564,1.0067,1.7325
713.42,2531.5,-1097.3,-0.03518,1772.4,-2231.6,5.9107e+05,435593,1,52.477,-1215.7,736.6,1502.1,-462.81,1066.7,-1259.9,-1840.7,404.62,3281.9,266359,500,1157,1454,-0.91625,1.0067,1.7269
708.69,2509.8,-1086.3,-0.039117,1745.6,-2221.3,5.8828e+05,435591,1,48.166,-1209.3,733.83,1474.4,-463.31,1064.2,-1247.7,-1837.5,404.51,3259,265260,500,1157,1454,-0.92683,1.0067,1.7213
703.99,2488.3,-1075.6,-0.043021,1719.3,-2210.9,5.8572e+05,435589,1,40.649,-1201.4,726.62,1444.8,-461.98,1061.1,-1234.7,-1834.9,400.55,3232.9,263983,500,1157,1454,-0.93738,1.0067,1.7155
699.43,2467.1,-1064.9,-0.055717,1693.5,-2200.5,5.8401e+05,435587,1,31.959,-1202.8,725.92,1430.4,-456.22,1061.6,-1232.2,-1839,399.64,3227.3,263727,500,1157,1454,-0.94788,1.0067,1.7098
694.88,2446,-1054.4,-0.059562,1668,-2189.8,5.8171e+05,435585,1,32.681,-1199.9,727.36,1425.8,-451.46,1068.6,-1231.1,-1841.8,395.78,3226.9,263710,500,1068,1444,-0.95836,1.0067,1.7039
690.26,2424.7,-1043.8,-0.065686,1642.7,-2178.7,5.801e+05,435583,1,36.62,-1194.8,729.35,1427.3,-446.12,1078.8,-1231.6,-1843.6,390.38,3229.4,263840,500,1068,1444,-0.96879,1.0067,1.698
685.44,2403.4,-1033.3,-0.053929,1617.9,-2167.1,5.7753e+05,435581,1,46.681,-1184.2,730.72,1425.5,-445.04,1088.5,-1226,-1840,384.55,3223.4,263542,500,1068,1444,-0.97919,1.0067,1.692
680.52,2382,-1022.9,-0.055938,1593.4,-2155.1,5.7577e+05,435579,1,42.883,-1177.4,730.01,1423.1,-441.52,1099.5,-1227.7,-1838.7,380.11,3222.2,263481,500,1068,1444,-0.98956,1.0067,1.686
675.6,2360.7,-1012.6,-0.063023,1569.2,-2142.9,5.7411e+05,435577,1,54.728,-1163.1,728.29,1414.8,-444.03,1106.5,-1217,-1831.4,372.13,3206.7,262694,500,1068,1444,-0.99988,1.0067,1.6799
670.52,2339.3,-1002.4,-0.056853,1545.5,-2130.3,5.72e+05,435575,1,62.505,-1153,731.28,1414.3,-444.24,1120.8,-1214.1,-1826.4,365.83,3203.9,262529,500,1068,1444,-1.0102,1.0067,1.6737
665.24,2317.7,-992.22,-0.045975,1522,-2117.1,5.7011e+05,435573,1,71.004,-1141.9,734.26,1414.2,-443.02,1134.6,-1211.1,-1821.5,359.62,3200.9,262377,500,1068,1444,-1.0204,1.0067,1.6675
659.81,2296.1,-982.14,-0.031924,1499,-2103.6,5.6785e+05,435571,1,82.293,-1129.7,733.96,1414.1,-441.73,1144.3,-1203,-1816,351.4,3192.8,262057,500,1068,1444,-1.0306,1.0067,1.6612
654.34,2274.4,-972.1,-0.034484,1476.2,-2089.7,5.6695e+05,435569,1,77.828,-1123.9,733.66,1413.3,-436.53,1155.7,-1206.3,-1815.3,346.45,3194,262108,500,1068,1444,-1.0408,1.0067,1.6548
648.81,2252.7,-962.1,-0.035075,1453.7,-2075.6,5.6561e+05,435567,1,83.911,-1113,732.56,1411.3,-432.94,1165.1,-1201.7,-1812,338.18,3187.6,261823,500,1068,1444,-1.0509,1.0067,1.6484
643.22,2230.9,-952.15,-0.031931,1431.4,-2061.1,5.6423e+05,435565,1,87.141,-1109.6,736.66,1416.7,-429.25,1178.7,-1204.3,-1812,332.75,3194.7,262133,500,1068,1444,-1.061,1.0067,1.6419
637.49,2208.8,-942.17,-0.030194,1409.4,-2046.1,5.636e+05,435563,1,92.406,-1107.1,742.76,1426.6,-428.07,1196.9,-1207.7,-1811.3,326.3,3206.7,262693,500,1016,1441,-1.0711,1.0067,1.6354
631.58,2186.5,-932.2,-0.027177,1387.6,-2030.6,5.6319e+05,435561,1,103.4,-1099.9,747.91,1432.5,-427.12,1212.5,-1204.7,-1808.4,319.14,3210.6,262884,500,1016,1441,-1.0811,1.0067,1.6288
625.44,2164,-922.31,-0.019175,1366.1,-2014.6,5.6202e+05,435559,1,115.18,-1092.3,755.44,1439,-428.86,1234.1,-1201.6,-1802.7,310.53,3216.3,263179,500,1016,1441,-1.0911,1.0067,1.6221
619.16,2141.3,-912.45,-0.016765,1344.9,-1998.1,5.6353e+05,435557,1,127.37,-1087.6,764.69,1445.2,-430.5,1253.3,-1197.7,-1798.7,304.66,3223.6,263552,500,1016,1441,-1.101,1.0067,1.6154
612.58,2118.4,-902.68,-0.0059823,1324,-1981.1,5.6471e+05,435555,1,132.17,-1087.2,771.67,1452.1,-434.65,1274.8,-1196.9,-1795.2,296.9,3234.3,264047,500,1016,1441,-1.1109,1.0067,1.6086
606.02,2095.3,-892.89,-0.046572,1303.2,-1963.7,5.717e+05,435553,1,129.6,-1090.7,776.23,1460.1,-438.63,1297.4,-1201.1,-1793.6,286.82,3249.3,264745,500,1016,1441,-1.1208,1.0067,1.6018
599.36,2071.9,-883.02,-0.082951,1282.6,-1945.9,5.7174e+05,435551,1,130.06,-1093.3,782.33,1470.3,-444.11,1322.6,-1207.4,-1792.2,275.36,3267.8,265662,500,1016,1441,-1.1306,1.0067,1.5949
592.64,2048.1,-873.05,-0.127,1261.9,-1927.7,5.7164e+05,435549,1,128.01,-1096.6,787.24,1480.5,-448.63,1347.6,-1216,-1790.8,262.1,3286.7,266601,500,1016,1441,-1.1403,1.0067,1.5879
585.85,2024.2,-862.99,-0.15154,1241.4,-1908.9,5.7107e+05,435547,1,128.96,-1102.3,795.84,1488.5,-449.5,1369.1,-1220.9,-1792.3,253.13,3305.2,267527,500,1016,1441,-1.15,1.0067,1.5809
578.9,2000,-852.94,-0.15802,1221.1,-1889.8,5.7071e+05,435545,1,130.3,-1108,806.34,1495,-452.87,1393.4,-1225.1,-1793.6,245.64,3324.9,268393,500,1016,1441,-1.1597,1.0067,1.5738
571.88,1975.5,-842.87,-0.20397,1201,-1870.3,5.7192e+05,435543,1,130.99,-1106.1,807.05,1496.2,-455.16,1407.3,-1223.3,-1790.8,236.6,3328.3,268537,500,1016,1441,-1.1694,1.0067,1.5666
564.76,1950.9,-832.77,-0.24652,1180.9,-1850.3,5.7089e+05,435541,1,132.45,-1111.5,817.71,1498.5,-465.03,1433.1,-1224.6,-1787.5,228.11,3344.2,269243,500,1016,1441,-1.179,1.0067,1.5594
557.51,1926.1,-822.72,-0.28228,1161.2,-1830.1,5.699e+05,435539,1,132.66,-1114.7,824.55,1496,-474.27,1453.1,-1222.2,-1782.9,220.57,3351.9,269585,500,1016,1441,-1.1885,1.0067,1.5522
550.21,1901.2,-812.71,-0.33899,1141.7,-1809.5,5.6802e+05,435537,1,128.99,-1119.5,829.6,1490.6,-488.13,1474,-1219.9,-1775.9,211.28,3358.3,269849,500,1016,1441,-1.198,1.0067,1.5448
542.85,1876.2,-802.7,-0.39359,1122.4,-1788.7,5.66e+05,435535,1,126.2,-1126,835.79,1472.6,-504.32,1487.8,-1211.2,-1767.5,203.75,3354.3,269680,500,1016,1441,-1.2075,1.0067,1.5375
535.41,1851.2,-792.82,-0.43223,1103.5,-1767.7,5.63e+05,435533,1,123.51,-1131.7,844,1464.7,-518.17,1507.4,-1209.3,-1763.7,199.5,3362.6,270029,500,1016,1441,-1.2169,1.0067,1.53
523.01,2910.1,-744.51,551.51,1951.3,-2277,6.1165e+05,434157,1,88476,7802.4,38582,5689.6,53.533,2834,45320,2591.8,20742,1.0913e+05,358680,500,1140,1453,-0.86011,1.0187,1.7486
713.59,2617.3,-1168.3,3.6262,1921.7,-2243.1,6.1211e+05,434155,1,-6423.5,-2001.6,-2013.8,11407,1468.5,4808.2,13078,-256.45,6630.6,20489,337816,500,1140,1453,-0.87082,1.0187,1.7433
708.84,2590,-1158.6,0.0065137,1891.1,-2230.8,6.0341e+05,434153,1,87.103,-1209.7,751.78,1684.7,-452.07,1117.3,-1202.2,-1781.1,433.24,3336.5,268927,500,1140,1453,-0.8815,1.0187,1.7379
703.82,2568.4,-1147.7,0.032441,1863.8,-2221.7,5.9555e+05,434151,1,68.837,-1220.5,752.97,1506.8,-503.76,1072.2,-1257.8,-1814.9,419.38,3284.3,266463,500,1157,1454,-0.89215,1.0187,1.7325
699.23,2546.5,-1136.5,0.001579,1836.1,-2212.3,5.9554e+05,434149,1,36.606,-1237.8,749.2,1508.7,-481.33,1072.6,-1272.4,-1835.5,417.44,3301.8,267365,500,1157,1454,-0.90276,1.0187,1.727
694.74,2524.6,-1125.3,-0.025212,1808.6,-2202.6,5.9344e+05,434147,1,34.752,-1235.6,749.62,1496,-467.15,1070.2,-1268.4,-1844,418.22,3297.8,267180,500,1157,1454,-0.91334,1.0187,1.7214
690.2,2502.8,-1114.3,-0.034767,1781.7,-2192.6,5.9086e+05,434145,1,30.165,-1227.7,745.19,1477,-456.65,1066.3,-1262.3,-1847.6,417.26,3282,266363,500,1157,1454,-0.92389,1.0187,1.7158
685.66,2481.4,-1103.5,-0.031536,1755.4,-2182.6,5.8802e+05,434143,1,28.018,-1220.2,741.76,1451.3,-452.04,1060.1,-1249.6,-1846.9,418.47,3259.2,265266,500,1157,1454,-0.9344,1.0187,1.7101
681.11,2460.2,-1092.9,-0.029687,1729.6,-2172.5,5.8568e+05,434141,1,25.904,-1214.8,740.46,1432.7,-449.11,1062.7,-1241,-1846.6,415.67,3245.1,264576,500,1068,1444,-0.94487,1.0187,1.7043
676.48,2439.1,-1082.4,-0.028415,1704.2,-2161.9,5.8333e+05,434139,1,23.771,-1214.1,741.51,1424.2,-446.62,1068.8,-1238.2,-1848.5,412.25,3242.6,264434,500,1068,1444,-0.95531,1.0187,1.6985
671.92,2418,-1071.9,-0.034952,1679.2,-2151.2,5.8148e+05,434137,1,22.384,-1212.1,742.3,1424.3,-439.95,1077.4,-1240.5,-1852.6,407.22,3246.6,264633,500,1068,1444,-0.96571,1.0187,1.6926
667.29,2396.8,-1061.4,-0.033669,1654.3,-2140,5.7925e+05,434135,1,25.548,-1204.6,742.85,1429.8,-434.06,1091.7,-1243.6,-1854.3,399.26,3251.5,264852,500,1068,1444,-0.97608,1.0187,1.6866
662.55,2375.4,-1051,-0.039895,1629.7,-2128.4,5.7744e+05,434133,1,26.601,-1198.8,742.34,1427.9,-432.68,1100.3,-1242.8,-1853.2,393.89,3249.6,264752,500,1068,1444,-0.98641,1.0187,1.6806
657.75,2354,-1040.6,-0.052752,1605.4,-2116.4,5.7593e+05,434131,1,32.139,-1191.6,744.11,1422.3,-434.12,1110.6,-1237.9,-1849.7,388.45,3244.1,264514,500,1068,1444,-0.99671,1.0187,1.6745
652.78,2332.5,-1030.3,-0.053955,1581.5,-2104,5.7408e+05,434129,1,34.3,-1180.2,742.69,1419.7,-430.39,1121.3,-1237.3,-1846.6,381.8,3238.9,264252,500,1068,1444,-1.007,1.0187,1.6684
647.72,2311,-1020,-0.051805,1558,-2091.3,5.7236e+05,434127,1,52.28,-1162.4,743.01,1417.9,-429.41,1129.1,-1227.3,-1838.6,374.74,3225.3,263628,500,1068,1444,-1.0172,1.0187,1.6622
642.5,2289.5,-1009.9,-0.030272,1534.8,-2078.2,5.6925e+05,434125,1,58.822,-1150.6,744.37,1420.3,-429.01,1145.1,-1225.9,-1832.3,366.63,3223.1,263526,500,1068,1444,-1.0274,1.0187,1.6559
637.14,2267.8,-999.75,-0.030001,1511.9,-2064.6,5.679e+05,434123,1,57.245,-1139.8,741.24,1412.8,-427.78,1154.4,-1222.9,-1826.9,360.15,3213.5,263057,500,1068,1444,-1.0375,1.0187,1.6496
631.8,2246.2,-989.71,-0.033588,1489.3,-2050.8,5.6682e+05,434121,1,69.234,-1126.5,742.03,1414.3,-424.83,1165.7,-1217.2,-1821.6,351.65,3207.4,262730,500,1068,1444,-1.0476,1.0187,1.6432
626.28,2224.4,-979.72,-0.022226,1467,-2036.6,5.6466e+05,434119,1,77.17,-1121.8,748.69,1422.7,-425.76,1186.6,-1218.5,-1818.4,343.31,3216.8,263206,500,1068,1444,-1.0577,1.0187,1.6367
620.56,2202.3,-969.73,-0.022609,1445,-2021.8,5.6391e+05,434117,1,84.746,-1116.7,752.68,1429.4,-426.26,1203.5,-1217.8,-1815.9,334.83,3222.8,263504,500,1016,1441,-1.0677,1.0187,1.6302
614.76,2180,-959.74,-0.027286,1423.1,-2006.6,5.6366e+05,434115,1,90.218,-1112.7,758.07,1436.3,-423.89,1219.3,-1219.8,-1814.8,329.05,3231.1,263918,500,1016,1441,-1.0777,1.0187,1.6236
608.76,2157.5,-949.76,-0.021166,1401.5,-1990.8,5.6243e+05,434113,1,98.851,-1108.2,766.47,1447.6,-422.82,1240.8,-1222.9,-1812.4,322.09,3244,264506,500,1016,1441,-1.0876,1.0187,1.617
602.51,2134.8,-939.84,-0.015403,1380.1,-1974.6,5.6179e+05,434111,1,118.25,-1098.3,773.73,1450.2,-427.74,1258.3,-1210.8,-1804.3,313.34,3241.6,264391,500,1016,1441,-1.0975,1.0187,1.6103
596.03,2111.8,-929.98,-0.0078259,1359.1,-1957.8,5.6314e+05,434109,1,124.78,-1097.9,784.35,1461.9,-428.92,1281.1,-1214.8,-1802.3,308.38,3258.4,265225,500,1016,1441,-1.1074,1.0187,1.6035
589.35,2088.6,-920.17,-0.015253,1338.3,-1940.5,5.7145e+05,434107,1,128.8,-1102.7,793.69,1469.8,-438.83,1308.5,-1213.7,-1798.3,298.09,3274.6,266010,500,1016,1441,-1.1172,1.0187,1.5967
582.63,2065.1,-910.3,-0.059021,1317.6,-1922.7,5.722e+05,434105,1,126.15,-1107.9,799.38,1477.8,-445.82,1333.3,-1219.8,-1797.3,286.95,3292.9,266879,500,1016,1441,-1.127,1.0187,1.5898
575.84,2041.4,-900.35,-0.094928,1297,-1904.5,5.7116e+05,434103,1,124.83,-1112.3,805.52,1486.6,-449.36,1356.8,-1227.2,-1797.7,275.64,3311.8,267830,500,1016,1441,-1.1367,1.0187,1.5828
568.96,2017.3,-890.32,-0.12441,1276.4,-1885.9,5.7131e+05,434101,1,125.24,-1116.9,813.12,1493.4,-452.15,1378.7,-1232.1,-1798.9,266.5,3329.4,268596,500,1016,1441,-1.1464,1.0187,1.5758
561.98,1993.1,-880.27,-0.15123,1256.1,-1866.9,5.7235e+05,434099,1,125.51,-1120,820.25,1500.2,-457.16,1401.6,-1237.2,-1798.5,257.8,3346.4,269316,500,1016,1441,-1.156,1.0187,1.5688
554.93,1968.6,-870.17,-0.17992,1235.9,-1847.5,5.7107e+05,434097,1,125.57,-1122,825.21,1502.6,-464.78,1425.7,-1238.3,-1795.4,245.09,3358.4,269857,500,1016,1441,-1.1656,1.0187,1.5617
547.76,1943.9,-860.04,-0.20794,1215.8,-1827.7,5.7125e+05,434095,1,127.43,-1125.4,833.86,1507.6,-469.33,1447.4,-1241,-1793.7,237.25,3373.4,270411,500,1016,1441,-1.1752,1.0187,1.5545
540.47,1919,-849.92,-0.24193,1195.9,-1807.4,5.7007e+05,434093,1,127.76,-1127.2,839.97,1508.3,-474.64,1467.5,-1240.2,-1789.8,228.69,3382.3,271017,500,1016,1441,-1.1847,1.0187,1.5472
533.11,1893.8,-839.79,-0.30731,1176.2,-1786.8,5.6959e+05,434091,1,126.7,-1130.5,846.09,1508.8,-482.07,1488.9,-1239.9,-1785,219.31,3392.2,271424,500,1016,1441,-1.1942,1.0187,1.5399
525.68,1868.7,-829.7,-0.35128,1156.7,-1766,5.6747e+05,434089,1,123.91,-1132.9,850.38,1497.7,-494.19,1504.7,-1235.2,-1778.5,212.01,3392.2,271423,500,1016,1441,-1.2036,1.0187,1.5326
518.19,1843.5,-819.72,-0.40442,1137.5,-1745,5.6495e+05,434087,1,123.48,-1137.1,859.35,1488.4,-519.18,1532.8,-1230.4,-1766.1,202.1,3399.3,271655,500,1016,1441,-1.213,1.0187,1.5252
945.08,2898.3,-624.46,494.91,1667.8,-2580.1,6.1116e+05,432713,1,1.1972e+05,42025,33754,-1778.5,508.29,-1135.1,48768,14220,15538,1.4165e+05,361444,500,1129,1452,-0.85733,1.0306,1.743
665.2,2680.6,-1137.7,94.696,1978.8,-2235.6,6.0812e+05,432711,1,5061.9,1226.3,1809.2,15502,6842.7,3638.1,24913,7068.6,8164.4,32681,344503,500,1129,1452,-0.86801,1.0306,1.7377
690.81,2582.5,-1186.1,-0.076356,1925.7,-2201.2,6.1136e+05,432709,1,-1935.5,-2239.4,359.91,6277.1,1869.4,2050.5,2890.7,362.87,1231,8123.8,317583,500,1129,1452,-0.87866,1.0306,1.7323
685.39,2560.4,-1175.1,0.028402,1898.2,-2191.6,5.9695e+05,432707,1,96.103,-1204.7,768.35,1498.2,-523.21,1083.6,-1246.5,-1790.5,426.7,3278.1,266195,500,1129,1452,-0.88927,1.0306,1.7269
680.39,2539,-1164.3,0.028554,1871.4,-2182.4,5.9561e+05,432705,1,57.846,-1222.2,761.9,1480.5,-500.06,1073.3,-1249.9,-1812,431.42,3278.1,266194,500,1157,1454,-0.89985,1.0306,1.7214
675.71,2517.4,-1153.5,0.0081184,1844.5,-2173,5.9475e+05,432703,1,28.875,-1238.6,759.17,1477.1,-478.94,1071.4,-1263,-1833.1,430.86,3288.1,266660,500,1157,1454,-0.91039,1.0306,1.7159
671.3,2495.9,-1142.6,-0.011972,1817.8,-2163.6,5.9285e+05,432701,1,17.387,-1239.1,756.06,1462.1,-458.88,1063.8,-1262.5,-1846.9,433.14,3283.3,266424,500,1157,1454,-0.9209,1.0306,1.7102
666.94,2474.6,-1131.8,-0.011406,1791.5,-2154,5.901e+05,432699,1,12.329,-1235.6,754.3,1445,-443.7,1059.9,-1258.1,-1856.4,433.99,3274.4,266003,500,1068,1444,-0.93138,1.0306,1.7046
662.46,2453.5,-1121.1,-0.0030205,1765.8,-2144.1,5.8736e+05,432697,1,14.199,-1233.2,756.08,1436,-440.96,1063.6,-1253.2,-1857.8,432.31,3269.5,265744,500,1068,1444,-0.94182,1.0306,1.6988
657.91,2432.4,-1110.6,0.0019221,1740.5,-2133.9,5.8496e+05,432695,1,13.772,-1228,755.31,1425.7,-435.64,1067,-1248.2,-1859.4,429.92,3261.9,265384,500,1068,1444,-0.95223,1.0306,1.693
653.31,2411.4,-1100.2,0.0055672,1715.6,-2123.4,5.8252e+05,432693,1,13.831,-1225.9,756.78,1423,-432.22,1075.9,-1247.8,-1861.6,425.27,3263.2,265446,500,1068,1444,-0.9626,1.0306,1.6871
648.68,2390.2,-1089.8,0.001298,1690.8,-2112.5,5.8057e+05,432691,1,12.678,-1230.4,762.22,1430.7,-430.91,1091.5,-1253.8,-1866.2,420.04,3278.7,266224,500,1068,1444,-0.97293,1.0306,1.6812
644.02,2368.8,-1079.4,-0.017117,1666.3,-2101.1,5.7936e+05,432689,1,10.756,-1227.2,760.78,1429.5,-428.31,1103.1,-1255.5,-1868.7,411.13,3281.2,266332,500,1068,1444,-0.98323,1.0306,1.6752
639.29,2347.4,-1068.9,-0.034107,1642,-2089.4,5.7801e+05,432687,1,10.488,-1224.2,762.19,1428,-423.26,1111.3,-1257,-1871,407.14,3283.2,266415,500,1068,1444,-0.99349,1.0306,1.6691
634.51,2326,-1058.6,-0.033117,1618,-2077.4,5.7558e+05,432685,1,6.6689,-1213.8,755.84,1419.5,-415.58,1112.1,-1255.8,-1870.6,402.38,3272.2,265892,500,1068,1444,-1.0037,1.0306,1.663
629.87,2304.7,-1048.2,-0.042598,1594.3,-2065.3,5.7392e+05,432683,1,19.507,-1196.1,756.08,1425.5,-411.16,1128.1,-1254.5,-1865.2,392.56,3268.5,265696,500,1068,1444,-1.0139,1.0306,1.6568
624.8,2283,-1037.9,-0.024642,1570.8,-2052.4,5.7107e+05,432681,1,28.152,-1180.9,756.28,1430.4,-408.21,1144,-1254.8,-1859.6,383.79,3266.2,265597,500,1068,1444,-1.024,1.0306,1.6506
619.6,2261.3,-1027.7,-0.026229,1547.8,-2039.1,5.6966e+05,432679,1,41.618,-1160.3,752.05,1420.5,-408.86,1147.9,-1240.4,-1848,377.18,3242.2,264424,500,1068,1444,-1.0342,1.0306,1.6442
614.5,2239.8,-1017.6,-0.023618,1525.1,-2025.8,5.6774e+05,432677,1,43.047,-1152.7,752.32,1419.3,-405.06,1157.5,-1240.5,-1845.7,371.6,3240.1,264308,500,1068,1444,-1.0442,1.0306,1.6379
609.03,2217.9,-1007.5,-0.012576,1502.7,-2011.7,5.6564e+05,432675,1,59.301,-1144.9,761.12,1431.9,-411.23,1182.8,-1239.3,-1838.1,361.34,3249.2,264736,500,1068,1444,-1.0543,1.0306,1.6314
603.4,2195.8,-997.5,-0.013507,1480.5,-1997.2,5.646e+05,432673,1,67.268,-1135,763.98,1435.4,-415.45,1203.6,-1237.2,-1830.2,350.53,3249.8,264758,500,1016,1441,-1.0642,1.0306,1.6249
597.67,2173.6,-987.49,-0.016089,1458.6,-1982.2,5.6352e+05,432671,1,77.258,-1125.8,768.88,1442.9,-416.04,1225,-1236.7,-1824.5,339.98,3254.9,265029,500,1016,1441,-1.0742,1.0306,1.6184
591.78,2151.1,-977.46,-0.015261,1436.9,-1966.8,5.6239e+05,432669,1,86.915,-1121.4,775.59,1452.3,-415.95,1242.9,-1237.3,-1822.2,332.93,3264.3,265486,500,1016,1441,-1.0841,1.0306,1.6117
585.63,2128.3,-967.44,-0.011611,1415.4,-1950.7,5.6114e+05,432667,1,102.58,-1115.9,786.48,1463.7,-421.65,1268.4,-1234.9,-1815.5,324.03,3275.5,266049,500,1016,1441,-1.094,1.0306,1.6051
579.22,2105.3,-957.49,-0.004541,1394.2,-1934.1,5.6112e+05,432665,1,121.68,-1112.3,800.65,1470.6,-432.12,1295.3,-1226.3,-1806.9,315.86,3284.6,266473,500,1016,1441,-1.1038,1.0306,1.5983
572.41,2081.9,-947.63,2.2284e-05,1373.3,-1916.8,5.5417e+05,432663,1,127.72,-1117.4,813.65,1484.8,-438.14,1321.6,-1230.5,-1805.4,310.5,3307.6,267638,500,1016,1441,-1.1136,1.0306,1.5915
565.62,2058.3,-937.74,-0.051992,1352.5,-1899.1,5.7245e+05,432661,1,122.89,-1121.2,816.34,1486.9,-447.57,1345.1,-1232.4,-1801.7,298.08,3318.6,268095,500,1016,1441,-1.1233,1.0306,1.5847
558.78,2034.5,-927.78,-0.092419,1331.9,-1881,5.7102e+05,432659,1,121.36,-1125.3,822.28,1491.8,-453.5,1367.6,-1238.1,-1800.7,287.13,3334.2,268826,500,1016,1441,-1.133,1.0306,1.5777
551.84,2010.4,-917.77,-0.11881,1311.3,-1862.5,5.7135e+05,432657,1,121.2,-1128.2,828.46,1500.7,-463.51,1395.9,-1244.2,-1798,274.56,3353.4,269646,500,1016,1441,-1.1427,1.0306,1.5708
544.81,1986.1,-907.71,-0.14766,1290.9,-1843.6,5.6936e+05,432655,1,121.46,-1130.4,834.58,1504.4,-477.22,1423.3,-1247.2,-1793.3,262.8,3368.4,270251,500,1016,1441,-1.1523,1.0306,1.5637
537.71,1961.4,-897.55,-0.21749,1270.5,-1824.1,5.7082e+05,432653,1,121.57,-1133.5,840.49,1510.5,-490.51,1449.7,-1251.8,-1788.2,250.62,3384.9,271123,500,1016,1441,-1.1619,1.0306,1.5566
530.5,1936.6,-887.39,-0.2452,1250.4,-1804.4,5.6955e+05,432651,1,121.76,-1140.4,850.64,1504.6,-513.95,1479.5,-1250.6,-1780,238.43,3397.8,271603,500,1016,1441,-1.1714,1.0306,1.5495
523.21,1911.7,-877.23,-0.26453,1230.4,-1784.3,5.6891e+05,432649,1,120.12,-1146.6,859.87,1495.7,-532.65,1503.6,-1250.2,-1773.6,228.98,3407.5,271925,500,1016,1441,-1.1809,1.0306,1.5422
515.79,1886.5,-867.06,-0.28141,1210.6,-1763.8,5.6841e+05,432647,1,121.04,-1142.1,858.85,1504.6,-508.06,1507.2,-1249.4,-1779.9,223.18,3410.1,272022,500,1016,1441,-1.1903,1.0306,1.535
508.35,1861.2,-856.9,-0.32727,1191,-1743.1,5.6607e+05,432645,1,115.43,-1149.4,868.03,1505.4,-539.17,1547.1,-1255.7,-1767.2,208.97,3432.4,272817,500,1016,1441,-1.1997,1.0306,1.5276
500.86,1835.6,-846.69,-0.42982,1171.5,-1721.9,5.6531e+05,432643,1,119.66,-1144.1,869.23,1502.9,-531.48,1553.6,-1246.9,-1764.6,203.4,3427,272657,500,1016,1441,-1.2091,1.0306,1.5202
2459.2,2841.6,-198.02,235.08,625.99,-3703.3,6.0977e+05,431271,1,1.4844e+05,67150,33015,-9749.4,-2741.6,-3149.9,51072,20812,12735,1.7593e+05,363770,500,1129,1452,-0.85452,1.0425,1.7373
548.81,2884.8,-958.03,397.15,2062.7,-2264.6,6.1041e+05,431269,1,46123,15354,13659,13780,5109.7,3851.7,35248,10735,11118,65282,352830,500,1129,1452,-0.86517,1.0425,1.732
672.69,2578.7,-1213.9,1.4017,1962.3,-2173.8,6.1298e+05,431267,1,-4835.1,-1600.2,-1465.7,12884,1593.7,5524,9018.1,-705.96,4956.7,18263,336193,500,1129,1452,-0.87578,1.0425,1.7267
667.02,2552.4,-1202.4,0.03913,1932.2,-2161.5,6.02e+05,431265,1,-39.816,-1304,770.15,2322.5,25.128,1175.9,-873.24,-1504.8,459.39,3508.7,275611,500,1126,1451,-0.88636,1.0425,1.7213
661.88,2531.3,-1191.9,0.075421,1905.9,-2152.6,5.945e+05,431263,1,76.218,-1206.4,772.81,1456.2,-518.23,1076.2,-1231.5,-1790.6,444.13,3278.1,266190,500,1129,1452,-0.8969,1.0425,1.7158
656.91,2509.9,-1181.3,0.056639,1879.6,-2143.4,5.939e+05,431261,1,48.065,-1222.1,770.41,1451.1,-488.72,1067.8,-1241.9,-1814.2,446.87,3278.1,266191,500,1157,1454,-0.90741,1.0425,1.7102
652.3,2488.8,-1170.8,0.0445,1853.5,-2134.3,5.9306e+05,431259,1,17.978,-1239.5,767.7,1442.2,-464.76,1060.8,-1252.5,-1837.7,449.43,3278.1,266193,500,1157,1454,-0.91789,1.0425,1.7046
647.89,2467.8,-1160.2,0.031934,1827.6,-2125,5.9135e+05,431257,1,8.5883,-1246.6,769.19,1437.2,-450.72,1059.8,-1256.3,-1851.2,450.48,3278.1,266185,500,1068,1444,-0.92833,1.0425,1.699
643.44,2446.8,-1149.7,0.03309,1802,-2115.4,5.8889e+05,431255,1,2.7761,-1251.5,772.09,1431,-433.68,1060.3,-1258.3,-1867.2,452.02,3285.8,266558,500,1068,1444,-0.93874,1.0425,1.6933
639.02,2425.8,-1139.2,0.03651,1776.8,-2105.6,5.8658e+05,431253,1,-2.01,-1253.5,774.76,1427.1,-422.25,1065.2,-1260.8,-1877.6,452,3292.4,266858,500,1068,1444,-0.94911,1.0425,1.6875
634.47,2404.8,-1128.8,0.039566,1751.9,-2095.4,5.8422e+05,431251,1,6.4172,-1247.4,776.48,1430.5,-423.32,1079.2,-1259.4,-1876.3,443.02,3294.2,266951,500,1068,1444,-0.95945,1.0425,1.6816
629.74,2383.6,-1118.4,0.034426,1727.3,-2084.6,5.8219e+05,431249,1,6.9157,-1253.7,785.48,1435.9,-421.81,1095.1,-1263.6,-1881.6,440.53,3310.5,267767,500,1068,1444,-0.96975,1.0425,1.6757
624.97,2362.3,-1108.1,0.019855,1702.9,-2073.3,5.8076e+05,431247,1,0.39759,-1250.2,779.39,1430.2,-421.55,1100.9,-1264.4,-1881.3,431.46,3306,267564,500,1068,1444,-0.98001,1.0425,1.6697
620.35,2341.1,-1097.7,0.010988,1678.8,-2062.1,5.7903e+05,431245,1,-9.0178,-1244.3,773.36,1421.1,-407.24,1099.8,-1266.7,-1887.8,428.27,3300.5,267305,500,1068,1444,-0.99024,1.0425,1.6637
615.85,2319.9,-1087.4,0.011114,1654.8,-2050.7,5.7666e+05,431243,1,-14.372,-1242.8,774.09,1422.7,-395.73,1108.7,-1273,-1896.1,425.07,3309.1,267704,500,1068,1444,-1.0004,1.0425,1.6576
611.18,2298.5,-1077,-0.0030523,1631.1,-2038.7,5.7511e+05,431241,1,-11.958,-1240.9,777.56,1432.3,-390.23,1124.5,-1280.4,-1900.2,417.23,3322.2,268258,500,1068,1444,-1.0106,1.0425,1.6514
606.35,2276.9,-1066.6,0.00018648,1607.6,-2026.2,5.728e+05,431239,1,-2.2677,-1222.2,771.68,1434,-387.03,1133.2,-1277.6,-1893,405.89,3310.6,267781,500,1068,1444,-1.0207,1.0425,1.6452
601.7,2255.4,-1056.3,-0.0029524,1584.3,-2013.6,5.709e+05,431237,1,1.9288,-1200.6,765.07,1431.1,-377.31,1140,-1274.8,-1887.9,399.25,3296.3,267101,500,1068,1444,-1.0308,1.0425,1.6389
596.7,2233.8,-1046,0.0062518,1561.4,-2000.5,5.6818e+05,431235,1,28.697,-1182.2,772.66,1437.5,-391.83,1167.7,-1264.8,-1870.1,385.57,3290,266761,500,1068,1444,-1.0408,1.0425,1.6325
591.36,2211.7,-1035.8,0.0019229,1538.7,-1986.6,5.6683e+05,431233,1,33.002,-1175.6,776.15,1447.8,-392.24,1188.2,-1269.9,-1866.5,376.95,3299.4,267259,500,1068,1444,-1.0508,1.0425,1.6261
585.91,2189.6,-1025.6,5.4493e-05,1516.4,-1972.3,5.6532e+05,431231,1,44.94,-1157.7,776.13,1448.7,-392.8,1203.4,-1264.7,-1855.6,367.31,3289.9,266756,500,1016,1441,-1.0608,1.0425,1.6196
580.31,2167.3,-1015.5,0.00098032,1494.3,-1957.7,5.6346e+05,431229,1,58.533,-1147.2,780.37,1452.1,-400.49,1222.7,-1258.8,-1844.8,356.82,3287.5,266640,500,1016,1441,-1.0707,1.0425,1.6131
574.51,2144.8,-1005.4,-0.0018184,1472.4,-1942.4,5.6195e+05,431227,1,73.826,-1138.3,787.89,1463.4,-408.68,1250.3,-1256.7,-1834.8,343.72,3295.1,266983,500,1016,1441,-1.0806,1.0425,1.6065
568.46,2121.9,-995.3,-0.009786,1450.8,-1926.6,5.6114e+05,431225,1,89.007,-1134.6,800.17,1477.8,-413.42,1276.6,-1257.1,-1829.9,335.72,3310.9,267794,500,1016,1441,-1.0904,1.0425,1.5998
562.05,2098.7,-985.23,-0.0093122,1429.4,-1910,5.6043e+05,431223,1,109.53,-1132,816.53,1489.5,-425.2,1306.9,-1252.3,-1820.7,326.71,3325.3,268415,500,1016,1441,-1.1002,1.0425,1.5931
555.25,2075.2,-975.25,0.00096013,1408.3,-1892.7,5.5932e+05,431221,1,122.53,-1127.9,826.37,1493.1,-437.62,1333.4,-1243.1,-1809.7,317.18,3330.1,268633,500,1016,1441,-1.1099,1.0425,1.5863
548.37,2051.4,-965.33,-0.03243,1387.5,-1875.1,5.7103e+05,431219,1,121.51,-1136.9,838.41,1505.9,-446.51,1362.9,-1251.1,-1808.1,309.49,3356.3,269774,500,1016,1441,-1.1197,1.0425,1.5795
541.46,2027.5,-955.35,-0.079701,1366.7,-1857.1,5.7017e+05,431217,1,116.67,-1139.2,838.61,1504.4,-466.64,1390.6,-1252.2,-1800,292.32,3364.9,270127,500,1016,1441,-1.1293,1.0425,1.5726
534.48,2003.2,-945.27,-0.14578,1346,-1838.6,5.6789e+05,431215,1,114.92,-1143.2,844.91,1513.9,-485.67,1424.9,-1259.2,-1793.5,278.12,3387,271180,500,1016,1441,-1.139,1.0425,1.5656
527.44,1978.5,-935.05,-0.25477,1325.3,-1819.5,5.6849e+05,431213,1,116.33,-1146.2,852.43,1520.4,-502.98,1456.9,-1265.1,-1783.8,260.85,3404.7,271842,500,1016,1441,-1.1485,1.0425,1.5586
520.25,1953.4,-924.7,-0.34811,1304.6,-1799.9,5.6791e+05,431211,1,118.86,-1150.5,861.15,1524.3,-520.88,1488.8,-1264.8,-1774.4,245.86,3420.5,272438,500,1016,1441,-1.1581,1.0425,1.5515
512.9,1928.1,-914.39,-0.43411,1284.1,-1779.9,5.6867e+05,431209,1,119.46,-1157.2,872.19,1524.9,-512.35,1497.4,-1266.5,-1775.7,243.64,3429.4,272730,500,1016,1441,-1.1676,1.0425,1.5444
505.52,1903,-904.18,-0.49385,1264,-1759.7,5.6916e+05,431207,1,114.83,-1160.5,874.18,1507.5,-521.01,1504.7,-1260.7,-1773.4,238.61,3423.9,272573,500,1016,1441,-1.177,1.0425,1.5372
498.11,1877.9,-894.05,-0.48425,1244.3,-1739.5,5.6681e+05,431205,1,111.13,-1164,879.35,1510.5,-546.14,1543.5,-1264.3,-1764.7,222.05,3444.5,273233,500,1016,1441,-1.1864,1.0425,1.5299
490.67,1852.6,-883.84,-0.52676,1224.6,-1718.9,5.65e+05,431203,1,106.14,-1166.2,881.87,1496.7,-581.03,1573.4,-1263.4,-1750.9,206.48,3450.6,273408,500,1016,1441,-1.1958,1.0425,1.5226
483.18,1826.9,-873.47,-0.59634,1204.8,-1697.8,5.619e+05,431201,1,111.34,-1171.9,894.93,1515.1,-643.55,1648.2,-1268.9,-1722.2,175.56,3495.7,275234,500,1016,1441,-1.2051,1.0425,1.5153
755.49,2958.5,-764.5,522.17,1896,-2457.8,6.1111e+05,429831,1,1.2877e+05,50453,33163,3032.5,2121.3,268.72,56291,20691,15414,1.5516e+05,362458,500,1126,1451,-0.86229,1.0544,1.7262
641.54,2631.9,-1207.2,62.505,2018,-2172.5,6.0848e+05,429829,1,1450.2,1007.3,120.71,16438,7620,3614.9,16396,6661.8,4168.9,25982,341437,500,1126,1451,-0.87287,1.0544,1.7209
648.56,2545.3,-1229.2,0.87373,1966.1,-2131.8,6.0771e+05,429827,1,-358.96,-1245.8,584.25,8278.3,3011.4,2376.9,3818.6,1153.8,1231.5,10134,324005,500,1118,1450,-0.88341,1.0544,1.7155
643.42,2523.1,-1219.2,0.036069,1939.5,-2122.4,5.9595e+05,429825,1,77.02,-1208.6,783.63,1473.4,-491.82,1072.5,-1212.1,-1772,456.2,3278.1,266189,500,1118,1450,-0.89392,1.0544,1.7101
638.28,2502.5,-1209.1,0.13109,1914.1,-2113.7,5.9289e+05,429823,1,69.264,-1220.1,793.31,1419.7,-485.54,1054.3,-1206.8,-1799.2,475.31,3278.1,266187,500,1107,1448,-0.9044,1.0544,1.7046
633.31,2481.6,-1198.9,0.11889,1888.7,-2104.7,5.9205e+05,429821,1,30.988,-1237.6,782.86,1429.8,-461.59,1055.6,-1239.9,-1832,466.53,3278.1,266186,500,1107,1448,-0.91484,1.0544,1.699
628.62,2461,-1188.7,0.11512,1863.5,-2095.7,5.9076e+05,429819,1,17.711,-1264.4,798,1420.5,-439.92,1051.3,-1242.5,-1860.6,480.35,3284.6,266475,500,1068,1444,-0.92525,1.0544,1.6933
624.07,2440.2,-1178.4,0.10618,1838.3,-2086.4,5.8923e+05,429817,1,-5.0625,-1278.5,796.02,1422.6,-426.36,1055.1,-1258.5,-1879.9,476.8,3306.4,267592,500,1068,1444,-0.93562,1.0544,1.6876
619.59,2419.4,-1168.1,0.09996,1813.4,-2076.9,5.8739e+05,429815,1,-10.499,-1289.8,803.41,1422.5,-414.03,1059,-1262.9,-1895.9,480.01,3323.4,268314,500,1068,1444,-0.94596,1.0544,1.6819
615.05,2398.5,-1157.8,0.093197,1788.7,-2066.9,5.8541e+05,429813,1,-9.1684,-1286.8,802.96,1435.8,-407.83,1074.1,-1273,-1902.1,469.26,3337.8,268976,500,1068,1444,-0.95626,1.0544,1.676
610.32,2377.2,-1147.4,0.086915,1764.1,-2056.3,5.8335e+05,429811,1,-11.041,-1292.4,810.26,1439.6,-397.01,1083,-1278.3,-1913.2,469.86,3353.3,269642,500,1068,1444,-0.96652,1.0544,1.6701
605.6,2356,-1137.1,0.085891,1739.8,-2045.4,5.813e+05,429809,1,-14.04,-1274.4,797.27,1429.4,-392.81,1087.1,-1275.4,-1908.4,457.71,3334.3,268832,500,1068,1444,-0.97675,1.0544,1.6642
601.1,2335.1,-1126.9,0.085405,1715.9,-2034.6,5.7937e+05,429807,1,-28.526,-1278,795.78,1420.3,-376.27,1084.6,-1279.8,-1922.1,460.5,3338.7,269005,500,1068,1444,-0.98695,1.0544,1.6581
596.49,2313.9,-1116.7,0.071996,1692.1,-2023.3,5.7765e+05,429805,1,-27.824,-1282.3,802.57,1431.4,-373.27,1101.2,-1287.8,-1928.7,456.17,3358,269838,500,1068,1444,-0.9971,1.0544,1.652
591.83,2292.6,-1106.4,0.062701,1668.5,-2011.6,5.7586e+05,429803,1,-35.836,-1273.1,794.3,1428.7,-366.55,1108.3,-1294.2,-1930.3,446.35,3355.2,269724,500,1068,1444,-1.0072,1.0544,1.6459
587.33,2271.3,-1096,0.073528,1645,-1999.7,5.7322e+05,429801,1,-35.284,-1256.1,785.27,1432.7,-358.56,1120.1,-1299.2,-1928.9,432.67,3350.8,269529,500,1068,1444,-1.0173,1.0544,1.6397
582.96,2250,-1085.6,0.054072,1621.7,-1987.7,5.7164e+05,429799,1,-33.92,-1255,789.04,1445.5,-356.16,1139.2,-1308.1,-1932.4,424.72,3367.3,270201,500,1068,1444,-1.0273,1.0544,1.6334
578.06,2228,-1075.1,0.035286,1598.4,-1974.6,5.6986e+05,429797,1,-14.07,-1239.3,794.28,1458.9,-359.18,1162.8,-1307.5,-1922.9,412.61,3369.6,270289,500,1068,1444,-1.0373,1.0544,1.6271
573.02,2205.8,-1064.7,0.023781,1575.4,-1961.1,5.6825e+05,429795,1,-1.1832,-1214.9,789.73,1462.4,-354.6,1175.6,-1304.3,-1912.2,401.31,3356.3,269773,500,1068,1444,-1.0473,1.0544,1.6207
567.94,2183.8,-1054.4,0.024689,1552.8,-1947.3,5.6599e+05,429793,1,7.7023,-1200.8,790.05,1467.9,-357.59,1194.2,-1304,-1902.4,390.38,3353.6,269650,500,1016,1441,-1.0572,1.0544,1.6142
562.52,2161.4,-1044.1,0.020311,1530.4,-1932.9,5.6406e+05,429791,1,34.992,-1178.5,796.2,1475.1,-373.85,1224.3,-1292.9,-1879.5,374.5,3344.1,269232,500,1016,1441,-1.0671,1.0544,1.6077
556.82,2138.7,-1033.8,0.013065,1508.3,-1917.8,5.6222e+05,429789,1,53.185,-1167.1,802.94,1478.9,-387.36,1248.1,-1284,-1864.3,362.93,3340.8,269088,500,1016,1441,-1.077,1.0544,1.6011
550.86,2115.7,-1023.5,-0.0023795,1486.4,-1902,5.6129e+05,429787,1,70.361,-1162.1,816.5,1498.5,-400.39,1286.1,-1287.1,-1853,348.16,3360.5,269939,500,1016,1441,-1.0868,1.0544,1.5945
544.5,2092.2,-1013.3,-0.00523,1464.7,-1885.5,5.6e+05,429785,1,93.89,-1153.6,830.96,1507.4,-413.17,1315.3,-1279.3,-1839.7,338.2,3367.3,270198,500,1016,1441,-1.0965,1.0544,1.5878
537.85,2068.6,-1003.2,0.0059591,1443.4,-1868.5,5.5963e+05,429783,1,112.93,-1149.7,845.86,1516,-427.31,1345.7,-1271.8,-1827.5,328.93,3377.5,270660,500,1016,1441,-1.1063,1.0544,1.581
530.84,2044.6,-993.13,-0.0017928,1422.4,-1850.8,5.6535e+05,429781,1,117.82,-1154.1,856.56,1522.1,-445.53,1377.5,-1267.4,-1817.1,318.66,3391.5,271396,500,1016,1441,-1.1159,1.0544,1.5742
523.84,2020.3,-983.03,-0.106,1401.5,-1832.6,5.6889e+05,429779,1,112.42,-1161.1,862.38,1536.3,-462.68,1413.9,-1277.7,-1810.5,302.12,3417.5,272339,500,1016,1441,-1.1256,1.0544,1.5673
516.8,1995.5,-972.73,-0.24557,1380.4,-1813.8,5.684e+05,429777,1,108.42,-1164.3,865.19,1534.2,-485.31,1444.8,-1280,-1797.7,281.78,3426.6,272647,500,1016,1441,-1.1352,1.0544,1.5604
509.7,1970.5,-962.34,-0.3229,1359.4,-1794.7,5.6877e+05,429775,1,108.43,-1170.5,874.45,1534.4,-489.7,1462.9,-1286.1,-1794.3,270.19,3439.1,273062,500,1016,1441,-1.1447,1.0544,1.5534
502.45,1945.7,-952.01,-0.28473,1338.8,-1775.4,5.689e+05,429773,1,112.22,-1172.9,883.59,1533.7,-483.44,1474.4,-1283.6,-1796.3,266.83,3445.9,273276,500,1016,1441,-1.1542,1.0544,1.5464
495.04,1920.8,-941.77,-0.2274,1318.5,-1755.8,5.6846e+05,429771,1,112.8,-1174.6,889.22,1529.6,-479.83,1486.3,-1279.3,-1794.9,259.91,3447.9,273326,500,1016,1441,-1.1637,1.0544,1.5392
487.58,1895.6,-931.55,-0.25564,1298.4,-1735.8,5.6692e+05,429769,1,108.59,-1182.3,896.83,1538.3,-503.47,1524.4,-1284.1,-1790.5,249.09,3474.8,274478,500,1016,1441,-1.1731,1.0544,1.5321
480.13,1870,-921.24,-0.39355,1278.2,-1715.3,5.6291e+05,429767,1,102.72,-1191.4,904.21,1567.4,-563.94,1604.5,-1300.5,-1770.5,218.17,3531.3,276214,500,1016,1441,-1.1825,1.0544,1.5249
472.6,1843.4,-910.56,-0.66956,1257.6,-1693.8,5.6009e+05,429765,1,100.85,-1199.6,912.77,1566.4,-658.15,1687.8,-1305.3,-1722.1,171.24,3566,277059,500,1016,1441,-1.1918,1.0544,1.5176
464.98,1816,-899.49,-1.0309,1236.6,-1671.5,5.5886e+05,429763,1,102.42,-1215,929.92,1573.4,-742.98,1770.3,-1303.7,-1680.5,136.33,3613.2,278069,500,1016,1441,-1.2011,1.0544,1.5102
457,1788.2,-888.4,-1.314,1215.8,-1648.5,5.5843e+05,429761,1,107.55,-1228,948.3,1531.2,-794.12,1790.3,-1285,-1649,121.95,3603.4,277864,500,1016,1441,-1.2104,1.0544,1.5028
624.81,2897.4,-989.57,385.82,2062.2,-2315.8,6.0976e+05,428393,1,72417,40515,11321,11291,6432.3,1764.8,39475,19216,8007.5,95799,357188,500,1118,1450,-0.86993,1.0662,1.7151
627.24,2562.7,-1244.1,24.092,2008.2,-2115.4,6.0868e+05,428391,1,-93.624,-389.24,190.75,16639,8813.2,2995.9,10670,3842.8,3039.8,22396,339119,500,1118,1450,-0.88043,1.0662,1.7098
624.71,2515.9,-1246.3,0.80124,1973.4,-2092.6,6.0529e+05,428389,1,323.74,-1031.2,812.49,5356.4,2237.7,1378.8,1083.8,-197.15,677.21,6253,306212,500,1114,1449,-0.89091,1.0662,1.7043
619.51,2494.6,-1236.7,0.13184,1948,-2083.6,5.9492e+05,428387,1,69.196,-1248.2,820.2,1431.8,-423.71,1025,-1186.6,-1805.4,503.53,3278.1,266188,500,1114,1449,-0.90135,1.0662,1.6988
614.2,2474.7,-1227.1,0.29706,1923.8,-2075.2,5.9119e+05,428385,1,55.441,-1268,828.38,1412.3,-437.77,1035.9,-1205.4,-1844.2,512.17,3278.1,266192,500,1090,1446,-0.91175,1.0662,1.6933
609.05,2454.2,-1217.3,0.24888,1899.2,-2066.1,5.9009e+05,428383,1,32.902,-1306.9,845.25,1414.4,-416.62,1037.5,-1228.8,-1888.5,522.93,3320.2,268174,500,1068,1444,-0.92213,1.0662,1.6876
604.12,2433.7,-1207.5,0.23301,1874.8,-2056.9,5.8884e+05,428381,1,-1.713,-1323.2,837.33,1412.2,-408.03,1042.1,-1250.2,-1908.4,515.06,3342,269148,500,1068,1444,-0.93246,1.0662,1.6819
599.4,2413.1,-1197.5,0.21633,1850.4,-2047.5,5.8749e+05,428379,1,-19.227,-1345.8,845.36,1419.9,-388.97,1046,-1266.1,-1934.9,518.69,3377,270645,500,1068,1444,-0.94277,1.0662,1.6762
594.74,2392.4,-1187.4,0.19837,1826.1,-2037.8,5.8586e+05,428377,1,-27.167,-1354.2,849.05,1434.9,-374.98,1058,-1282.3,-1952.5,514.75,3405.3,271860,500,1068,1444,-0.95303,1.0662,1.6704
590.07,2371.3,-1177.2,0.19071,1801.7,-2027.5,5.8404e+05,428375,1,-39.612,-1355.1,845.24,1440.7,-357,1062.2,-1297,-1967.5,509.87,3420.1,272423,500,1068,1444,-0.96327,1.0662,1.6645
585.56,2350.4,-1167,0.20118,1777.6,-2017.2,5.8195e+05,428373,1,-50.541,-1344,834.47,1429.9,-338.93,1057,-1297.7,-1976,508.74,3410.2,272025,500,1068,1444,-0.97346,1.0662,1.6585
581.11,2329.5,-1156.8,0.18968,1753.8,-2006.7,5.8017e+05,428371,1,-52.541,-1331.6,828.45,1438.5,-331.15,1071.9,-1306.4,-1979.1,498.36,3415,272188,500,1068,1444,-0.98362,1.0662,1.6525
576.54,2308.3,-1146.6,0.16215,1730,-1995.6,5.7853e+05,428369,1,-54.162,-1317.6,821.07,1441.8,-328.21,1084.7,-1312.4,-1976.3,486.78,3412,272082,500,1068,1444,-0.99374,1.0662,1.6465
572.1,2287.2,-1136.3,0.15361,1706.4,-1984.4,5.7652e+05,428367,1,-60.159,-1306.1,812.21,1433.9,-322.96,1087.3,-1314.1,-1975.3,479.83,3401.6,271734,500,1068,1444,-1.0038,1.0662,1.6404
567.74,2266.1,-1126,0.13956,1683,-1973,5.7453e+05,428365,1,-59.731,-1301.8,813.09,1448.7,-323.76,1109.3,-1324.8,-1976,469.12,3416.6,272303,500,1068,1444,-1.0139,1.0662,1.6342
563.1,2244.5,-1115.7,0.099668,1659.7,-1960.8,5.7308e+05,428363,1,-47.501,-1290.6,813.45,1455.2,-341.55,1138.4,-1325.1,-1962.1,448.6,3415.7,272209,500,1068,1444,-1.0239,1.0662,1.6279
558.45,2222.6,-1105.2,0.08719,1636.4,-1948.2,5.7094e+05,428361,1,-60.318,-1290.5,811.03,1463.7,-331.38,1149.9,-1342.3,-1969.8,441.95,3432,272800,500,1068,1444,-1.0338,1.0662,1.6216
554,2200.8,-1094.6,0.081721,1613.2,-1935.4,5.6879e+05,428359,1,-46.463,-1265.8,805.64,1470.7,-326.03,1165.6,-1341.2,-1960.6,427.53,3421.5,272485,500,1016,1441,-1.0438,1.0662,1.6152
549.17,2178.5,-1084,0.068024,1590.2,-1921.9,5.6669e+05,428357,1,-26.918,-1246.2,808.45,1492.2,-325.79,1193.2,-1345,-1950.6,411.88,3427.5,272670,500,1016,1441,-1.0537,1.0662,1.6088
544.07,2155.9,-1073.4,0.046728,1567.3,-1907.7,5.6496e+05,428355,1,-8.9571,-1231.9,814.55,1508.7,-333.74,1222.7,-1346.6,-1937.7,397.48,3433.6,272852,500,1016,1441,-1.0635,1.0662,1.6023
538.55,2132.9,-1062.8,0.03361,1544.8,-1892.8,5.6288e+05,428353,1,29.933,-1202.5,823.09,1513.9,-362.12,1261,-1326.7,-1901.9,376.68,3414.2,272150,500,1016,1441,-1.0733,1.0662,1.5957
532.71,2109.6,-1052.3,0.017142,1522.5,-1877.1,5.6099e+05,428351,1,45.594,-1196.3,833.8,1523.3,-378.24,1292,-1324.1,-1887.8,364.13,3422.1,272515,500,1016,1441,-1.0831,1.0662,1.5891
526.58,2086,-1041.8,0.00043842,1500.4,-1860.9,5.5967e+05,428349,1,69.129,-1185,846.32,1535,-396.93,1327.5,-1318,-1869.1,349.16,3428.4,272693,500,1016,1441,-1.0928,1.0662,1.5824
520.02,2062.1,-1031.4,-0.0039499,1478.8,-1843.8,5.5941e+05,428347,1,101.67,-1175.8,866.89,1543.1,-417.4,1362.2,-1303.3,-1850.4,340.23,3434.2,272868,500,1016,1441,-1.1025,1.0662,1.5757
512.88,2037.7,-1021.2,-0.0010231,1457.5,-1825.9,5.5506e+05,428345,1,113.19,-1181.5,883.18,1552.8,-442.65,1401.5,-1297.6,-1835.4,327.49,3452.5,273464,500,1016,1441,-1.1122,1.0662,1.5689
505.78,2013.1,-1010.9,-0.11149,1436.3,-1807.6,5.7166e+05,428343,1,104.92,-1189.9,887.61,1552.5,-465.65,1432.7,-1299.9,-1823.3,311,3464.9,273804,500,1016,1441,-1.1218,1.0662,1.5621
498.65,1988.3,-1000.6,-0.15475,1415.1,-1789,5.6771e+05,428341,1,101.35,-1198.9,896.29,1558.1,-491.8,1470,-1307.7,-1815.6,295.17,3489.2,275035,500,1016,1441,-1.1313,1.0662,1.5551
491.45,1963.4,-990.22,-0.15143,1394.3,-1770.1,5.665e+05,428339,1,99.313,-1203.4,901.54,1539.1,-528.69,1499.5,-1301.3,-1799.7,278.59,3489.6,275047,500,1016,1441,-1.1409,1.0662,1.5482
484.18,1938.6,-979.95,-0.1666,1373.7,-1750.9,5.6589e+05,428337,1,96.799,-1213.7,912.03,1507.6,-578.32,1526,-1289.5,-1786,272.91,3489.6,275045,500,1016,1441,-1.1503,1.0662,1.5411
476.74,1913.4,-969.69,-0.20805,1353.3,-1731.3,5.6293e+05,428335,1,102.76,-1217.5,922.8,1529.5,-614.24,1582.3,-1296.1,-1773.2,251.55,3528.8,276146,500,1016,1441,-1.1598,1.0662,1.5341
469.13,1887.4,-959.22,-0.37364,1332.6,-1710.7,5.5961e+05,428333,1,96.726,-1238.4,938.9,1542.7,-741.83,1700.1,-1305.1,-1726.2,205.69,3601.4,277817,500,1016,1441,-1.1692,1.0662,1.5269
461.52,1860.3,-948.28,-0.71941,1311.4,-1689.2,5.5771e+05,428331,1,88.009,-1269.3,960.29,1555.7,-900.08,1840.9,-1322.8,-1655.7,136.05,3697.3,279662,500,1016,1441,-1.1785,1.0662,1.5197
453.87,1832.4,-936.79,-1.0665,1289.6,-1666.8,5.5509e+05,428329,1,83.602,-1283.1,970.53,1554.5,-936.91,1882.5,-1329.1,-1630.5,105.14,3724.2,280124,500,1016,1441,-1.1878,1.0662,1.5125
445.82,1804,-925.14,-1.2399,1267.9,-1643.7,5.5567e+05,428327,1,85.946,-1297,987.42,1519.8,-937.78,1873.9,-1312.1,-1618,102.37,3703.4,279763,500,1016,1441,-1.1971,1.0662,1.5051
437.65,1776.2,-913.77,-1.2478,1246.9,-1620.7,5.5271e+05,428325,1,83.458,-1306.9,997.75,1508.2,-926.23,1874.8,-1308.2,-1612.1,93.753,3698.2,279677,500,1016,1441,-1.2063,1.0662,1.4978
429.51,1748.6,-902.49,-1.2668,1226.2,-1597.7,5.4944e+05,428323,1,82.756,-1303.9,1000.6,1504.4,-928.17,1891.8,-1297,-1599.3,86.203,3695.9,279638,500,1016,1441,-1.2155,1.0662,1.4903
1754.3,2986,-512.71,373.63,1276.7,-3238.4,6.0928e+05,426959,1,1.3236e+05,87193,11985,-2323.6,-2113.7,245.9,54051,32292,7041.3,1.7114e+05,363501,500,1118,1450,-0.86695,1.078,1.7093
636.59,2818.1,-1110,267.38,2083.8,-2272.7,6.0859e+05,426957,1,56625,37230,5408.1,14911,8898,2067.1,32443,18699,4798.5,79704,355137,500,1114,1449,-0.87742,1.078,1.7039
605.08,2531.7,-1262.9,21.281,2014.4,-2076.6,6.0763e+05,426955,1,1701.3,1180,125.41,14666,8636.6,2114.3,6649,3069,1486.7,18823,336609,500,1114,1449,-0.88786,1.078,1.6985
599.77,2489.4,-1264.8,1.5636,1983.9,-2054.4,6.026e+05,426953,1,945.89,-737.98,966.29,5256.4,2446,1210.8,851.87,-423.41,710.55,6233.9,306046,500,1107,1448,-0.89826,1.078,1.693
594.29,2467.7,-1255.9,0.38096,1959.2,-2044.8,5.9427e+05,426951,1,55.757,-1348.1,891.49,1457.3,-354.98,1010.7,-1184.2,-1897.3,574.45,3349.4,269475,500,1107,1448,-0.90864,1.078,1.6875
588.67,2448,-1246.7,0.50419,1935.8,-2036.1,5.913e+05,426949,1,47.741,-1367.8,902.46,1413.8,-352.52,996.2,-1206.1,-1934.5,581.92,3367.3,270203,500,1090,1446,-0.91897,1.078,1.6819
583.19,2427.6,-1237.3,0.45965,1912.1,-2026.8,5.8957e+05,426947,1,18.071,-1403.8,912.5,1411.1,-324.71,988.79,-1235.6,-1982.3,591.05,3418.1,272363,500,1068,1444,-0.92928,1.078,1.6762
578.06,2407.4,-1227.8,0.43847,1888.6,-2017.5,5.8785e+05,426945,1,-25.924,-1440.1,914.96,1434.3,-307.5,1004.9,-1271.3,-2023.1,590.76,3483,274832,500,1068,1444,-0.93954,1.078,1.6705
573.15,2386.8,-1218.1,0.3931,1864.8,-2007.9,5.8638e+05,426943,1,-61.058,-1466.5,916.68,1437.3,-293.45,1011.3,-1300.1,-2058.6,592.87,3528.3,276128,500,1068,1444,-0.94977,1.078,1.6647
568.51,2366.2,-1208.1,0.38742,1840.9,-1998.2,5.8453e+05,426941,1,-69.789,-1430.6,887.27,1438.7,-299.35,1026.4,-1313,-2041.5,563.85,3501.6,275412,500,1068,1444,-0.95997,1.078,1.6588
564.18,2345.7,-1198.1,0.38154,1817.1,-1988.5,5.826e+05,426939,1,-99.708,-1452.4,890.07,1438.8,-261.62,1014,-1329,-2082.3,580.77,3538.1,276435,500,1068,1444,-0.97013,1.078,1.6529
559.89,2324.9,-1188,0.33977,1793.3,-1978.3,5.8098e+05,426937,1,-99.681,-1431.3,877.31,1453.5,-268.27,1038.5,-1341.8,-2072.1,558.9,3535.2,276342,500,1068,1444,-0.98025,1.078,1.6469
555.67,2303.7,-1177.7,0.3014,1769.4,-1967.8,5.7936e+05,426935,1,-111.19,-1419,866.09,1460.6,-258.9,1050.8,-1357.2,-2076.5,547.08,3540.3,276480,500,1068,1444,-0.99034,1.078,1.6408
551.53,2282.6,-1167.3,0.26079,1745.7,-1957,5.7792e+05,426933,1,-100.25,-1374.4,844.4,1461.6,-264.11,1069.2,-1355.9,-2052.3,521.96,3504.9,275499,500,1068,1444,-1.0004,1.078,1.6347
547.29,2261.3,-1156.9,0.2104,1722,-1945.7,5.7621e+05,426931,1,-91.467,-1365,846.94,1479.8,-264.39,1092.9,-1364.9,-2050.3,510.49,3517.1,275847,500,1068,1444,-1.0104,1.078,1.6286
542.86,2239.5,-1146.4,0.16965,1698.4,-1933.8,5.7424e+05,426929,1,-82.23,-1343.1,839.76,1486.7,-279.87,1119.7,-1367.8,-2029.8,487.74,3505.3,275506,500,1068,1444,-1.0204,1.078,1.6223
538.39,2217.6,-1135.8,0.14788,1675,-1921.5,5.7214e+05,426927,1,-92.243,-1323,824.85,1483.2,-273.5,1129,-1376.7,-2025.2,474.22,3494.3,275191,500,1016,1441,-1.0303,1.078,1.616
533.97,2195.9,-1125.3,0.13249,1651.9,-1909.1,5.6991e+05,426925,1,-79.985,-1304,821.63,1482.3,-282.77,1147.2,-1372.6,-2011,459.78,3480.6,274650,500,1016,1441,-1.0402,1.078,1.6097
529.48,2173.7,-1114.5,0.1154,1628.7,-1896.1,5.6755e+05,426923,1,-63.712,-1294.5,828.72,1513.7,-299.35,1192.6,-1385.2,-1997.8,436.1,3502.8,275441,500,1016,1441,-1.0501,1.078,1.6033
524.69,2150.9,-1103.6,0.085429,1605.4,-1882.2,5.6562e+05,426921,1,-48.155,-1281.1,833.03,1532.2,-311.66,1227.4,-1391.3,-1984.2,416.08,3512.1,275707,500,1016,1441,-1.0599,1.078,1.5968
519.59,2127.7,-1092.7,0.059705,1582.2,-1867.5,5.6365e+05,426919,1,-23.261,-1267.7,844.5,1556.6,-321.63,1264.3,-1394,-1970.4,399.91,3525.8,276059,500,1016,1441,-1.0697,1.078,1.5903
513.95,2104,-1081.8,0.030763,1559.3,-1851.9,5.6165e+05,426917,1,19.674,-1237,854.93,1560.7,-355.59,1306.6,-1370.4,-1929.2,377.32,3503.3,275453,500,1016,1441,-1.0794,1.078,1.5837
507.97,2080,-1071,-0.0021412,1536.8,-1835.7,5.6019e+05,426915,1,39.471,-1231.4,869.12,1568.4,-377.63,1341.3,-1364.2,-1911.5,364.59,3510.3,275658,500,1016,1441,-1.0891,1.078,1.577
501.57,2055.7,-1060.2,-0.025238,1514.6,-1818.7,5.6011e+05,426913,1,75.021,-1220.4,889.32,1574,-401.13,1375.3,-1346.6,-1888.6,353.52,3510.1,275653,500,1016,1441,-1.0988,1.078,1.5703
494.43,2030.9,-1049.7,-0.0031609,1492.9,-1800.6,5.587e+05,426911,1,98.797,-1217.2,910.07,1593.3,-418.23,1416.5,-1344.2,-1873.5,341.42,3531.7,276231,500,1016,1441,-1.1084,1.078,1.5635
487.13,2006,-1039.3,-0.057862,1471.5,-1782.1,5.6755e+05,426909,1,103.31,-1224.4,922.09,1596.5,-461.16,1465.9,-1333.8,-1847.7,321.63,3545,276647,500,1016,1441,-1.1179,1.078,1.5567
479.86,1980.5,-1028.8,-0.21356,1450,-1763.1,5.6576e+05,426907,1,91.684,-1238,927.88,1597.5,-510.63,1517.5,-1336.5,-1829.1,299.91,3569.2,277137,500,1016,1441,-1.1275,1.078,1.5498
472.54,1954.6,-1018,-0.45566,1428.3,-1743.5,5.6327e+05,426905,1,92.62,-1244.9,937.38,1611.2,-566.41,1580.4,-1344.8,-1805.5,271.61,3604.6,277891,500,1016,1441,-1.137,1.078,1.5429
465,1927.9,-1007.1,-0.78974,1406.5,-1723,5.6267e+05,426903,1,94.406,-1264,957.74,1598.9,-717.47,1697.2,-1339.7,-1735.2,217.78,3650.8,278784,500,1016,1441,-1.1464,1.078,1.5359
457.26,1900.6,-996.1,-1.1628,1384.7,-1701.8,5.6039e+05,426901,1,98.648,-1292.7,987.11,1580.3,-901.71,1833.9,-1325.3,-1647.3,157.98,3718,280025,500,1016,1441,-1.1558,1.078,1.5288
449.31,1872.5,-984.71,-1.5934,1362.6,-1679.6,5.5831e+05,426899,1,87.208,-1323.7,1005.5,1577.8,-1022.6,1935.9,-1331,-1586.4,103.1,3788.5,281271,500,1016,1441,-1.1652,1.078,1.5217
441.28,1843.3,-972.77,-2.0597,1339.8,-1656.4,5.5871e+05,426897,1,84.829,-1342.7,1021.7,1575.7,-1079.7,1990.2,-1336.7,-1553.6,69.03,3830,281929,500,1016,1441,-1.1745,1.078,1.5145
433.01,1814.5,-960.86,-2.2316,1317.6,-1633.1,5.5815e+05,426895,1,72.344,-1367.4,1034.9,1510.6,-1103.8,1975.5,-1317.9,-1540.3,66.508,3803,281508,500,1016,1441,-1.1838,1.078,1.5073
424.9,1786.8,-949.31,-2.1488,1296.3,-1610.6,5.545e+05,426893,1,58.457,-1385.6,1042.4,1438.5,-1111.5,1942.8,-1294.7,-1539,76.194,3760.3,280781,500,1016,1441,-1.193,1.078,1.5
416.67,1759.6,-938.14,-2.0302,1275.7,-1588.2,5.5206e+05,426891,1,54.382,-1388.9,1047,1443.1,-1137.6,1984.2,-1291.6,-1532.2,66.057,3789.7,281294,500,1016,1441,-1.2022,1.078,1.4926
408.5,1731.9,-926.88,-2.088,1255,-1565.3,5.4954e+05,426889,1,39.518,-1397.5,1046.7,1426.4,-1173.4,2015.5,-1292.5,-1521,49.445,3809.3,281594,500,1016,1441,-1.2113,1.078,1.4852
400.39,1703.6,-915.32,-2.2001,1234.1,-1541.9,5.4669e+05,426887,1,45.293,-1392.9,1053.7,1435.4,-1185.3,2050.5,-1295.4,-1505.7,28.234,3829.9,281927,500,1016,1441,-1.2204,1.078,1.4778
1564.4,3012.8,-633.61,381.69,1461.1,-3105.7,6.0868e+05,425527,1,1.231e+05,83919,9295.9,2182.9,1738.6,118.2,53082,34549,5125.9,1.6226e+05,362954,500,1114,1449,-0.87438,1.0897,1.698
661.42,2784.1,-1150.8,227.76,2077.4,-2268.4,6.0787e+05,425525,1,54255,38785,3209.8,15907,11261,1076,29629,19494,2862.2,78136,354910,500,1107,1448,-0.88478,1.0897,1.6926
576.46,2517.8,-1281.1,30.132,2033.6,-2043.6,6.0645e+05,425523,1,3514.8,571.89,1474,14948,10630,993.16,5915.3,3025.8,1146.8,19943,337399,500,1107,1448,-0.89515,1.0897,1.6871
572.46,2463.7,-1285.9,1.8431,1997.9,-2014.9,6.0122e+05,425521,1,739.86,-1032.2,1063,6198.6,3066.6,1325,937.18,-608.94,888.06,7373.1,313472,500,1103,1447,-0.90548,1.0897,1.6816
566.38,2443.3,-1277.8,0.96597,1975.1,-2005.5,5.9386e+05,425519,1,29.463,-1526.9,1008.2,1434.3,-219.47,926.91,-1207.2,-2083.6,692.87,3548.5,276721,500,1090,1446,-0.91578,1.0897,1.676
560.25,2424,-1269.3,1.1097,1953,-1996.6,5.906e+05,425517,1,-0.59745,-1600.3,1045.3,1439.1,-150.85,897.12,-1245.4,-2179.2,732.55,3659.1,278948,500,1090,1446,-0.92605,1.0897,1.6704
554.71,2403.7,-1260.2,0.92368,1929.9,-1987.2,5.8888e+05,425515,1,-58.336,-1617.6,1026.5,1479.1,-182.06,950.89,-1304.9,-2193.1,702.08,3715.4,279984,500,1068,1444,-0.93628,1.0897,1.6647
549.65,2382.9,-1250.7,0.73822,1906.2,-1977.5,5.8768e+05,425513,1,-110.12,-1634.5,1012.2,1470.9,-151.15,937.28,-1336.8,-2228.2,703.39,3744.3,280516,500,1068,1444,-0.94648,1.0897,1.6589
545.15,2362.5,-1241,0.66207,1882.7,-1968.3,5.8611e+05,425511,1,-125.7,-1572.9,962.01,1459.5,-174.15,958.71,-1351.8,-2193.8,660.93,3684,279441,500,1068,1444,-0.95664,1.0897,1.653
541,2342.1,-1231.1,0.5861,1859,-1959,5.8443e+05,425509,1,-159.88,-1585.9,955.85,1479.6,-138,959.33,-1384.3,-2232.9,665.22,3732,280312,500,1068,1444,-0.96676,1.0897,1.6471
536.91,2321.2,-1220.9,0.5127,1835.1,-1949.2,5.8278e+05,425507,1,-170.99,-1567.2,940.4,1505.9,-140.6,990.31,-1414.1,-2230.5,640.8,3744.8,280517,500,1068,1444,-0.97685,1.0897,1.6412
532.89,2300.1,-1210.6,0.46409,1811.1,-1939,5.8106e+05,425505,1,-171.15,-1532.3,918.12,1483.1,-158.72,1000.5,-1408.2,-2205.5,620.29,3698.4,279678,500,1068,1444,-0.9869,1.0897,1.6352
529.22,2279.3,-1200.2,0.43723,1787.4,-1929,5.7903e+05,425503,1,-186.03,-1522.3,905.59,1496.6,-152.13,1016.6,-1428.2,-2208.7,605.73,3708.6,279862,500,1068,1444,-0.99692,1.0897,1.6291
525.48,2257.9,-1189.5,0.37892,1763.3,-1918.3,5.7712e+05,425501,1,-146.29,-1456.4,885.17,1514.9,-182.99,1062.3,-1421.7,-2154.7,561.57,3655.4,278868,500,1068,1444,-1.0069,1.0897,1.6229
521.51,2235.9,-1178.6,0.31868,1739.1,-1906.7,5.7525e+05,425499,1,-168.61,-1439.6,865.72,1534.4,-151.84,1068.1,-1452.4,-2168.2,549.3,3671.6,279226,500,1016,1441,-1.0168,1.0897,1.6167
517.62,2214,-1167.7,0.28265,1715.3,-1895,5.7302e+05,425497,1,-146.44,-1391.9,850.29,1548.3,-161.76,1097.9,-1452.1,-2138.8,523.08,3642.4,278653,500,1016,1441,-1.0267,1.0897,1.6104
513.62,2192,-1156.8,0.2363,1691.6,-1883,5.7042e+05,425495,1,-107.02,-1353.1,848.13,1523.4,-228.35,1139.1,-1416.9,-2076.5,491.85,3576.8,277286,500,1016,1441,-1.0366,1.0897,1.6041
509.04,2169.2,-1145.8,0.1604,1667.9,-1869.6,5.6862e+05,425493,1,-108.68,-1363.8,861.34,1575.7,-238.4,1194.8,-1455.3,-2081.5,470.15,3640.4,278615,500,1016,1441,-1.0464,1.0897,1.5977
504.41,2146.2,-1134.8,0.11079,1644.4,-1855.9,5.6672e+05,425491,1,-74.923,-1325.2,855.79,1550.9,-284.81,1223.9,-1423.8,-2030,441.94,3580.8,277360,500,1016,1441,-1.0562,1.0897,1.5913
499.52,2122.9,-1123.6,0.075173,1620.9,-1841.5,5.646e+05,425489,1,-68.344,-1332.5,871.46,1592.6,-289.15,1268.8,-1450.7,-2033.4,425.24,3631.7,278454,500,1016,1441,-1.0659,1.0897,1.5848
494.25,2098.8,-1112.3,0.034241,1597.3,-1826.2,5.6285e+05,425487,1,-34.527,-1315.1,884.15,1607.4,-314.45,1310.1,-1441.4,-2007,404.7,3630.5,278437,500,1016,1441,-1.0757,1.0897,1.5782
488.45,2074.3,-1101,-0.0035438,1574.1,-1809.9,5.611e+05,425485,1,2.7944,-1293.4,897.87,1608.1,-348.87,1351,-1419.9,-1970.5,385.08,3613.8,278081,500,1016,1441,-1.0853,1.0897,1.5716
482.19,2049.6,-1089.9,-0.028003,1551.3,-1792.9,5.6007e+05,425483,1,34.261,-1280.5,917.15,1622.4,-376.51,1398.7,-1413.5,-1943.3,365.33,3622.2,278244,500,1016,1441,-1.0949,1.0897,1.5649
475.44,2024.6,-1078.9,-0.008313,1529,-1775.2,5.6034e+05,425481,1,87.149,-1253.4,937.79,1620.3,-409.04,1435.8,-1375.9,-1902.7,352.97,3598.6,277749,500,1016,1441,-1.1045,1.0897,1.5581
467.85,1999,-1068.2,-0.0085432,1507.2,-1756.2,5.6077e+05,425479,1,102.9,-1284.6,978.52,1682,-449.95,1524.8,-1397.2,-1893,329.55,3690.4,279540,500,1016,1441,-1.1141,1.0897,1.5513
460.32,1972.4,-1057.2,-0.28064,1485,-1736.4,5.664e+05,425477,1,84.448,-1281.3,963.48,1655.1,-523.09,1572.4,-1377.8,-1844.7,296.21,3667.7,279143,500,1016,1441,-1.1236,1.0897,1.5445
452.79,1945,-1045.7,-0.63568,1462.1,-1715.7,5.6293e+05,425475,1,82.558,-1316.5,995.36,1718.7,-607.57,1698.7,-1420.3,-1806.1,234.37,3778,281120,500,1016,1441,-1.133,1.0897,1.5375
445.09,1916.6,-1033.8,-1.0177,1438.8,-1694.1,5.5995e+05,425473,1,85.137,-1325.8,1007.7,1754.5,-677.27,1791.8,-1433.4,-1760,183.24,3835.8,282032,500,1016,1441,-1.1424,1.0897,1.5305
437.06,1886.9,-1021.4,-1.5036,1415,-1671.1,5.6122e+05,425471,1,101.89,-1346.8,1041.3,1766.1,-716.05,1846.2,-1436.2,-1724.2,149.45,3873.8,282611,500,1016,1441,-1.1518,1.0897,1.5235
428.45,1856.7,-1008.9,-1.8715,1391.3,-1647,5.6146e+05,425469,1,101.59,-1357,1051.2,1721.2,-829.21,1910.2,-1402.7,-1649.3,110.65,3867.3,282513,500,1016,1441,-1.1611,1.0897,1.5164
419.94,1826.9,-996.38,-2.061,1368.1,-1623.2,5.5964e+05,425467,1,84.947,-1386.7,1065.7,1675.1,-859.09,1916.1,-1390.1,-1623.6,94.251,3854.7,282304,500,1016,1441,-1.1704,1.0897,1.5093
411.43,1797.9,-984.3,-2.0944,1345.8,-1599.9,5.5758e+05,425465,1,77.568,-1405.7,1081.7,1653.4,-793.98,1872.2,-1380.7,-1651.7,117.18,3830.1,281931,500,1016,1441,-1.1796,1.0897,1.502
402.92,1769.6,-972.79,-2.1677,1324.4,-1576.8,5.564e+05,425463,1,54.405,-1412.5,1071.6,1560.9,-928.39,1915,-1338.7,-1595.3,98.203,3802.4,281501,500,1016,1441,-1.1888,1.0897,1.4948
394.73,1741.2,-961.27,-2.4446,1303,-1553.6,5.5431e+05,425461,1,46.991,-1420.3,1079.3,1591.7,-935.41,1965.2,-1353.2,-1591.9,79.303,3850.5,282242,500,1016,1441,-1.198,1.0897,1.4875
386.24,1712.2,-949.57,-2.6715,1281.6,-1529.8,5.5333e+05,425459,1,33.928,-1429.5,1080.1,1522.3,-1047.2,2011.4,-1331.6,-1534,43.715,3847,282203,500,1016,1441,-1.2071,1.0897,1.4801
1702.4,3039.4,-635.3,352.47,1411.6,-3228.4,6.0813e+05,424099,1,1.226e+05,84984,8436.8,2866.1,3743.2,-830.13,52634,35772,4132.4,1.6252e+05,362970,500,1107,1448,-0.88166,1.1014,1.6866
617.79,2820.5,-1170.3,267.34,2132.9,-2255.2,6.078e+05,424097,1,59039,38012,6224.5,17607,12403,1241.2,30384,19232,3447.2,82095,355467,500,1103,1447,-0.892,1.1014,1.6812
545.16,2496.5,-1308.3,29.798,2055.5,-2003.8,6.0641e+05,424095,1,3302.6,-307.3,1971.2,18772,9019.9,4132.5,6669.6,1552.9,2549.8,22784,339365,500,1103,1447,-0.9023,1.1014,1.6757
540.86,2441.2,-1311.6,2.1629,2018.8,-1974,5.9895e+05,424093,1,-116.7,-1844.6,1152.7,2875.5,895.95,977.84,-802.5,-2029.3,897.71,4510.1,289827,500,1090,1446,-0.91256,1.1014,1.6701
534.05,2423.2,-1304.8,1.927,1999.1,-1965.6,5.9361e+05,424091,1,-10.858,-1781.2,1173,1440.1,-138.67,891.1,-1239,-2332.7,856.57,3891.8,282883,500,1090,1446,-0.92279,1.1014,1.6645
527.8,2401.7,-1295.9,1.4202,1975.8,-1955.1,5.9135e+05,424089,1,-84.627,-1829.4,1167.5,1487.7,-15.848,846.99,-1326.4,-2410.5,854.88,3993.5,284145,500,1068,1444,-0.93299,1.1014,1.6588
522.66,2381.7,-1286.9,1.339,1953.1,-1946.1,5.8925e+05,424087,1,-191.99,-1864,1132.8,1492.5,32.061,829.64,-1392.8,-2465,848.32,4055.5,284949,500,1068,1444,-0.94315,1.1014,1.653
518.58,2361.9,-1277.5,1.2037,1929.8,-1937.8,5.8748e+05,424085,1,-246.77,-1849.4,1094.4,1508.8,52.912,837.35,-1435,-2487.2,833.24,4074.2,285217,500,1068,1444,-0.95327,1.1014,1.6472
515.03,2341.4,-1267.5,1.0312,1905.8,-1929.2,5.8574e+05,424083,1,-274.77,-1804.2,1050.4,1562,65.771,874.31,-1496.8,-2488.4,790.95,4086.7,285354,500,1068,1444,-0.96336,1.1014,1.6413
511.44,2320,-1256.9,0.87355,1881.2,-1919.6,5.8408e+05,424081,1,-290.45,-1777.5,1026.6,1597.5,91.652,889.7,-1536.1,-2498.4,770.63,4104.3,285576,500,1068,1444,-0.97342,1.1014,1.6354
508.06,2298.8,-1246.2,0.78157,1856.7,-1910.1,5.8201e+05,424079,1,-260.57,-1680.9,978.28,1559.3,30.263,920.99,-1505.9,-2411.9,719.98,3966.6,283796,500,1068,1444,-0.98343,1.1014,1.6294
504.64,2277.6,-1235.6,0.69621,1832.5,-1900.2,5.8008e+05,424077,1,-250.96,-1649.5,965.92,1566.4,35.127,934.06,-1511,-2404.2,707.13,3950.6,283608,500,1068,1444,-0.99341,1.1014,1.6233
501.28,2256.2,-1224.7,0.64393,1808.2,-1890,5.779e+05,424075,1,-256.69,-1613.7,940.08,1590.5,-7.5924,991.54,-1536,-2365.1,658.28,3931,283351,500,1068,1444,-1.0034,1.1014,1.6172
498.19,2234.6,-1213.5,0.60539,1783.7,-1879.5,5.7569e+05,424073,1,-269.58,-1572.5,905.81,1567.9,-30.087,1006.4,-1538.4,-2334.2,628.62,3879.2,282672,500,1016,1441,-1.0133,1.1014,1.611
495.35,2212.7,-1202.1,0.52133,1758.9,-1868.9,5.7367e+05,424071,1,-247.73,-1548.4,906.18,1623.5,-42.221,1063.2,-1563.1,-2318.5,597.16,3901.7,283001,500,1016,1441,-1.0231,1.1014,1.6048
491.56,2189.4,-1190.4,0.36288,1733.9,-1856.2,5.7185e+05,424069,1,-182.22,-1475,898.07,1632.6,-116.7,1136.2,-1535.6,-2229.3,542.05,3821.9,281795,500,1016,1441,-1.033,1.1014,1.5985
487.51,2165.9,-1178.7,0.25337,1709.1,-1843.1,5.6987e+05,424067,1,-161.77,-1451.1,898.27,1636.1,-147.07,1173,-1531.5,-2198.3,518.17,3802.6,281502,500,1016,1441,-1.0427,1.1014,1.5921
483.22,2142.4,-1167.1,0.17776,1684.8,-1829.5,5.676e+05,424065,1,-137.01,-1422.5,897.46,1637.3,-194.19,1221.4,-1523.2,-2152,484.06,3774,281065,500,1016,1441,-1.0525,1.1014,1.5857
478.41,2118.4,-1155.5,0.1164,1660.7,-1814.9,5.6539e+05,424063,1,-91.156,-1391.8,908.6,1633.2,-257.69,1279.3,-1496.4,-2093.1,450.79,3736.9,280389,500,1016,1441,-1.0622,1.1014,1.5792
473.24,2094,-1143.9,0.060001,1636.7,-1799.5,5.6371e+05,424061,1,-78.069,-1391.3,922.72,1665.2,-276.02,1329.4,-1513.5,-2081.6,427.52,3770.5,281003,500,1016,1441,-1.0719,1.1014,1.5726
467.69,2069.1,-1132.2,0.016978,1612.9,-1783.4,5.619e+05,424059,1,-39.416,-1362.3,931.73,1660,-319.14,1373.4,-1489.1,-2035.5,402.13,3740.5,280452,500,1016,1441,-1.0815,1.1014,1.566
461.82,2044,-1120.6,-0.012281,1589.4,-1766.6,5.595e+05,424057,1,-17.888,-1351.7,942.53,1659.2,-341.84,1402.4,-1477.2,-2013.8,389.01,3733.8,280336,500,1016,1441,-1.0911,1.1014,1.5594
455.41,2018.6,-1109.1,-0.039695,1566.3,-1749,5.6007e+05,424055,1,46.668,-1342.6,985.89,1688.6,-382.53,1468.5,-1458.2,-1980.6,371.54,3757.4,280732,500,1016,1441,-1.1006,1.1014,1.5526
447.55,1992,-1097.9,-0.011667,1543.7,-1729.3,5.5611e+05,424053,1,96.776,-1353.2,1035.7,1751.5,-430.96,1567.2,-1457.5,-1947.6,342.34,3828.6,281897,500,1016,1441,-1.1101,1.1014,1.5459
439.7,1964.5,-1086.4,-0.26389,1520.8,-1708.8,5.6911e+05,424051,1,75.588,-1353.3,1021.4,1744.9,-489.3,1618.7,-1447.5,-1902.5,305.38,3820,281755,500,1016,1441,-1.1196,1.1014,1.539
431.86,1936.1,-1074.3,-0.54545,1497.2,-1687.4,5.6329e+05,424049,1,73.01,-1406.4,1067.5,1830.5,-527.37,1728.9,-1512.5,-1903.7,257.32,3964.7,283780,500,1016,1441,-1.129,1.1014,1.5321
423.81,1906.8,-1061.8,-0.7811,1473.2,-1665.1,5.6323e+05,424047,1,72.25,-1409.5,1071.4,1818.6,-605.87,1796,-1504.7,-1844,206.69,3968.3,283811,500,1016,1441,-1.1384,1.1014,1.5252
415.46,1877,-1048.9,-0.88527,1449.1,-1641.9,5.6258e+05,424045,1,83.39,-1433.2,1103.2,1817.8,-634.03,1834.2,-1515.7,-1827.3,180.08,4002.2,284267,500,1016,1441,-1.1477,1.1014,1.5181
406.72,1847.1,-1036.1,-0.81814,1425.4,-1618.3,5.6075e+05,424043,1,85.746,-1445.5,1119.5,1812,-654.58,1864.7,-1500.2,-1811,171.64,4012.3,284390,500,1016,1441,-1.157,1.1014,1.5111
397.98,1817.6,-1023.6,-0.79328,1402.4,-1594.7,5.6067e+05,424041,1,70.223,-1449.6,1115.3,1744.1,-669.54,1844.4,-1463.6,-1785.6,170.31,3949.9,283593,500,1016,1441,-1.1663,1.1014,1.5039
389.37,1788.3,-1011.4,-0.87018,1379.8,-1571.2,5.582e+05,424039,1,49.145,-1463.2,1117,1724.1,-759.12,1915.1,-1463.9,-1766.2,150.94,3986.5,284077,500,1016,1441,-1.1755,1.1014,1.4968
380.91,1758.7,-999.18,-1.165,1357.2,-1547.4,5.5615e+05,424037,1,36.67,-1455.2,1106.3,1687.8,-833.29,1962.4,-1438.5,-1700.1,111.74,3963.5,283762,500,1016,1441,-1.1847,1.1014,1.4895
372.49,1728.7,-986.79,-1.5113,1334.5,-1523.1,5.5483e+05,424035,1,34.492,-1452.1,1106,1657.6,-871.21,1983.7,-1415.2,-1651.2,84.775,3938.4,283434,500,1016,1441,-1.1938,1.1014,1.4822
364.08,1699.1,-974.4,-1.6844,1312.2,-1499,5.5028e+05,424033,1,20.314,-1459.5,1107.6,1621.6,-906.16,1998.3,-1422.3,-1644.5,71.032,3941.3,283466,500,1016,1441,-1.2028,1.1014,1.4749
1619.6,3066.3,-677.05,381.67,1494.1,-3179,6.0822e+05,422675,1,1.324e+05,80121,16909,2395.5,6754.5,-3147.6,55664,34459,6623.4,1.6919e+05,363386,500,1103,1447,-0.88881,1.1131,1.6752
577.47,2797.7,-1210.3,261,2164.6,-2207.2,6.0771e+05,422673,1,45199,37312,-702.64,27856,18568,2623.1,27968,20752,1155.1,76009,354590,500,1103,1447,-0.89908,1.1131,1.6697
507.17,2477.9,-1340.9,29.725,2086,-1960.5,6.0591e+05,422671,1,17297,8998.1,3328.9,18110,13545,764.51,11996,6758.7,1966.7,33117,344682,500,1090,1446,-0.9093,1.1131,1.6642
504.71,2419.7,-1342,1.5246,2045.7,-1930.2,5.9627e+05,422669,1,-47.018,-1974.5,1299.2,6140.8,3208.1,1225.3,264.15,-1653.8,1248.4,7710.7,315377,500,1090,1446,-0.9195,1.1131,1.6585
497.45,2404.3,-1335.8,2.6587,2028.4,-1923.1,5.9343e+05,422667,1,-110.26,-2109.7,1361.6,1366.9,284.39,578.07,-1299.1,-2743.3,1119.5,4366.6,288453,500,1068,1444,-0.92966,1.1131,1.6529
491.53,2383.9,-1327.5,2.1748,2006.4,-1913.5,5.911e+05,422665,1,-235.53,-2076.4,1265.8,1582.4,310.02,692.73,-1446,-2736.3,1020.5,4434.9,289089,500,1068,1444,-0.93978,1.1131,1.6471
487.28,2364.3,-1318.8,1.8802,1983.9,-1905.4,5.8923e+05,422663,1,-348.64,-2172.2,1273.6,1609.5,427.96,638.59,-1521.7,-2882.4,1078,4629.2,291143,500,1068,1444,-0.94987,1.1131,1.6413
484.17,2344.1,-1309,1.6456,1960.1,-1897.6,5.8736e+05,422661,1,-418.33,-2137.2,1209.3,1634.7,362.78,709.61,-1603.2,-2854.2,1003.4,4608.3,290910,500,1068,1444,-0.95992,1.1131,1.6355
481.81,2323.3,-1298.1,1.4885,1935,-1889.6,5.8527e+05,422659,1,-476.45,-2098.2,1151.5,1674.9,389.19,729.12,-1683.4,-2875.1,965.15,4634.1,291202,500,1068,1444,-0.96994,1.1131,1.6296
479.64,2301.8,-1286.7,1.3363,1909.4,-1881,5.8343e+05,422657,1,-423.89,-1955.9,1083.5,1681.1,353.52,770.4,-1674,-2780.5,894.83,4478.6,289502,500,1068,1444,-0.97992,1.1131,1.6236
477.79,2280.4,-1275.2,1.2046,1883.7,-1872.5,5.8121e+05,422655,1,-420.59,-1877.6,1035.4,1735.2,332.25,832.59,-1713.1,-2738.2,836.81,4440.9,289165,500,1068,1444,-0.98986,1.1131,1.6175
475.08,2257.3,-1263.1,0.96511,1857.5,-1861.9,5.7948e+05,422653,1,-359.21,-1786.8,1011.8,1741.7,258.73,900.9,-1689.6,-2649.4,782.69,4329.5,288041,500,1068,1444,-0.99977,1.1131,1.6114
472.48,2234.9,-1251.4,0.81339,1831.9,-1851.5,5.7741e+05,422651,1,-364.94,-1724.1,966.33,1716.6,175.67,957.2,-1688.3,-2569.8,720.68,4231.7,287018,500,1016,1441,-1.0096,1.1131,1.6053
469.94,2212.5,-1239.5,0.67097,1806.5,-1840.9,5.752e+05,422649,1,-332.34,-1690.8,965.42,1698.5,66.131,1036.7,-1669.2,-2491.3,670.3,4160.2,286268,500,1016,1441,-1.0195,1.1131,1.599
466.92,2188.6,-1227,0.53324,1780.2,-1828.7,5.7294e+05,422647,1,-305.42,-1663.1,964.85,1749.2,20.624,1113.1,-1691.7,-2448.5,619.57,4162.9,286291,500,1016,1441,-1.0293,1.1131,1.5928
463.79,2164.6,-1214.4,0.41536,1754.1,-1816.1,5.7068e+05,422645,1,-262.63,-1598.3,948.63,1717.1,-49.617,1158.1,-1653.8,-2365.4,575.89,4059.2,284989,500,1016,1441,-1.039,1.1131,1.5864
460.18,2140.2,-1201.8,0.30188,1728.4,-1802.6,5.6846e+05,422643,1,-250.73,-1581.3,950.6,1752.8,-80.391,1220.1,-1680.4,-2340.1,537.41,4077.1,285248,500,1016,1441,-1.0487,1.1131,1.58
455.81,2115.3,-1189.4,0.21764,1702.9,-1787.9,5.6613e+05,422641,1,-155.95,-1496.3,952.98,1730.5,-159.26,1277.5,-1608.9,-2230.3,493.6,3953.4,283634,500,1016,1441,-1.0584,1.1131,1.5735
450.93,2090.1,-1177.1,0.14977,1678,-1772.5,5.6375e+05,422639,1,-135.68,-1482.2,960.62,1725.2,-205.46,1321.6,-1596.4,-2192.2,469.41,3934.2,283383,500,1016,1441,-1.068,1.1131,1.567
445.82,2064.8,-1164.8,0.06995,1653.3,-1756.5,5.6205e+05,422637,1,-108.86,-1469.2,972.6,1733.8,-240.59,1366.2,-1587.9,-2161.8,447.05,3929.6,283334,500,1016,1441,-1.0776,1.1131,1.5604
440.05,2038.9,-1152.7,0.0052037,1629,-1739.5,5.6013e+05,422635,1,-64.545,-1449.5,993.57,1728.2,-307.91,1429.7,-1560.8,-2105.1,416.19,3906.2,283056,500,1016,1441,-1.0872,1.1131,1.5538
433.67,2012.7,-1140.7,-0.047481,1605.2,-1721.6,5.5999e+05,422633,1,0.77932,-1442.8,1040.9,1761.3,-359.78,1509.6,-1548.4,-2065.8,390.07,3936.1,283407,500,1016,1441,-1.0967,1.1131,1.5471
426.11,1985.7,-1128.8,0.013831,1581.8,-1701.9,5.5863e+05,422631,1,73.727,-1411.6,1071.3,1779.5,-387.36,1555.8,-1511.1,-2023.9,376.19,3924.8,283276,500,1016,1441,-1.1062,1.1131,1.5403
417.68,1957.5,-1117,-0.014336,1558.5,-1680.8,5.5833e+05,422629,1,80.474,-1447,1109,1845.9,-447.09,1667.6,-1533.1,-1995.7,333.3,4020.3,284479,500,1016,1441,-1.1156,1.1131,1.5335
409.38,1928.2,-1104.6,-0.30899,1534.5,-1658.6,5.6636e+05,422627,1,61.246,-1479.1,1123.7,1886.1,-506.93,1759.7,-1564.3,-1970.7,284.12,4095.9,285461,500,1016,1441,-1.125,1.1131,1.5266
401.02,1897.9,-1091.6,-0.60587,1509.8,-1635.5,5.6482e+05,422625,1,59.554,-1502.3,1145.7,1911,-546.31,1825.6,-1592.1,-1957,247.11,4157.2,286237,500,1016,1441,-1.1343,1.1131,1.5197
392.37,1867.2,-1078.4,-0.79178,1485.1,-1611.7,5.6504e+05,422623,1,66.465,-1511.8,1162.2,1880.4,-615.89,1875.8,-1577.4,-1916.5,215.73,4157.2,286239,500,1016,1441,-1.1436,1.1131,1.5127
383.38,1836.4,-1065.3,-0.91926,1460.9,-1587.4,5.6499e+05,422621,1,64.289,-1527.9,1178.9,1862.8,-661.03,1914.9,-1564,-1901.5,208.28,4172.2,286395,500,1016,1441,-1.1529,1.1131,1.5057
374.5,1805.6,-1052.4,-1.1579,1437,-1563.1,5.6417e+05,422619,1,39.325,-1532.3,1168.7,1818,-746.22,1964,-1551.3,-1856.7,176.15,4161.7,286281,500,1016,1441,-1.1621,1.1131,1.4986
365.97,1775.1,-1039.5,-1.466,1413.3,-1538.9,5.6186e+05,422617,1,12.832,-1538,1160.2,1780.8,-860.56,2044,-1545.6,-1787.7,121.13,4171.4,286386,500,1016,1441,-1.1713,1.1131,1.4914
357.62,1744.4,-1026.4,-1.7749,1389.4,-1514.5,5.5861e+05,422615,1,2.739,-1530.6,1150.2,1724,-926.82,2066.5,-1520.3,-1738.2,94.197,4136.2,285965,500,1016,1441,-1.1804,1.1131,1.4842
349.24,1713.8,-1013.2,-1.9377,1365.9,-1490,5.5725e+05,422613,1,3.3143,-1511.9,1139.6,1647.5,-966.21,2053.4,-1474,-1690.9,84.22,4060.5,285003,500,1016,1441,-1.1895,1.1131,1.4769
1504.2,3099.3,-743.14,410.14,1611,-3107.6,6.0826e+05,421255,1,1.0087e+05,68654,7737.5,9341.6,3935.7,2467.2,45090,28610,4898.8,1.3391e+05,360821,500,1090,1446,-0.89582,1.1247,1.6637
485.26,2775.7,-1276.2,257.43,2238.6,-2119.2,6.0776e+05,421253,1,59461,24845,15364,21475,12998,2938.2,31359,13078,8157.9,79049,355040,500,1090,1446,-0.90601,1.1247,1.6581
470.72,2454.1,-1384,18.98,2119.5,-1914.9,6.0534e+05,421251,1,150.78,-2389.7,1709.9,16326,8400,3263.5,3628.4,-996.49,2664.8,19434,337048,500,1090,1446,-0.91617,1.1247,1.6525
462.98,2407.9,-1379.7,3.2077,2085.8,-1888.2,5.9653e+05,421249,1,-161.5,-2341.3,1508,5829.5,3533.4,836.72,-254.8,-2383.2,1479.6,7929.9,316604,500,1090,1446,-0.92629,1.1247,1.6469
456.08,2393.8,-1374.7,4.0701,2070.2,-1882.2,5.9297e+05,421247,1,-259.19,-2380.2,1483.5,1760.6,897.67,387.81,-1454.9,-3213.7,1372.9,5130.1,295748,500,1068,1444,-0.93638,1.1247,1.6412
451.31,2373.6,-1366.7,3.3379,2048.2,-1873.6,5.9057e+05,421245,1,-460.78,-2429.2,1404.7,1776.3,721.81,533.19,-1670.6,-3259,1274.2,5204.1,296355,500,1068,1444,-0.94643,1.1247,1.6354
448.34,2352.5,-1356.8,2.6857,2023.8,-1865.6,5.8873e+05,421243,1,-572.38,-2397.9,1319.6,1771.5,661.55,584.68,-1769.4,-3239.8,1197.1,5176.6,296170,500,1068,1444,-0.95645,1.1247,1.6296
446.48,2331.2,-1345.9,2.3022,1998.3,-1858,5.868e+05,421241,1,-644.11,-2352.7,1246.4,1738.7,657.31,578.71,-1818.8,-3228.4,1154.4,5133.9,295777,500,1068,1444,-0.96643,1.1247,1.6237
446.39,2311,-1334.3,2.1653,1972.3,-1852.1,5.8438e+05,421239,1,-661.21,-2265.2,1176.4,1803.3,627.84,651.79,-1887.2,-3183.7,1075,5086.9,295330,500,1068,1444,-0.97637,1.1247,1.6177
445.92,2288.3,-1321.4,1.8418,1944.4,-1844,5.8254e+05,421237,1,-641.25,-2184.4,1132.6,1892.9,566.46,762.97,-1949.8,-3116.4,982.14,5042.8,294896,500,1068,1444,-0.98628,1.1247,1.6117
445.37,2264.3,-1307.6,1.5662,1915.5,-1834.7,5.8054e+05,421235,1,-577.84,-2045.4,1073.7,1888.7,530.59,798.92,-1922.8,-3010.4,915.23,4873.9,293416,500,1016,1441,-0.99615,1.1247,1.6056
444.7,2240.5,-1293.9,1.301,1886.9,-1825.1,5.7829e+05,421233,1,-556.35,-1988.4,1051.3,1984,484.79,904.54,-1977.6,-2965.7,846.38,4876.5,293439,500,1016,1441,-1.006,1.1247,1.5995
442.44,2214.8,-1280.1,0.90521,1858.3,-1812.8,5.7639e+05,421231,1,-450.4,-1893.2,1049.9,1935.4,265.73,1045.8,-1898.5,-2765.6,742.72,4648,291362,500,1016,1441,-1.0158,1.1247,1.5933
439.95,2189.3,-1266.3,0.62443,1830.1,-1800.2,5.7483e+05,421229,1,-413.86,-1800.3,1009.1,1867.2,152.27,1100.6,-1845.3,-2636,674.9,4467.8,289399,500,1016,1441,-1.0255,1.1247,1.587
437.33,2164.3,-1252.8,0.45901,1802.7,-1787.5,5.7287e+05,421227,1,-370.04,-1726.8,986.83,1843.3,95.014,1141.7,-1813.4,-2554.4,628.89,4360.2,288389,500,1016,1441,-1.0353,1.1247,1.5807
434.48,2139.4,-1239.5,0.3786,1775.7,-1774.5,5.7013e+05,421225,1,-334.68,-1684.6,981.62,1821.3,46.534,1175.2,-1788,-2498.3,598.45,4290.8,287663,500,1016,1441,-1.0449,1.1247,1.5743
431.21,2114,-1226,0.31204,1748.8,-1760.6,5.6719e+05,421223,1,-279.55,-1674.1,1014.3,1877.9,-37.175,1288.6,-1795.1,-2440.8,546.11,4310,287846,500,1016,1441,-1.0546,1.1247,1.5678
426.86,2087.5,-1212.5,0.19979,1722.1,-1744.8,5.65e+05,421221,1,-196.46,-1600.6,1016.8,1808,-148.11,1338.6,-1698.5,-2318.5,508.92,4151.7,286201,500,1016,1441,-1.0642,1.1247,1.5613
421.91,2061,-1199.3,0.075183,1696.1,-1728.4,5.6351e+05,421219,1,-185.15,-1607.2,1036.6,1824,-207.68,1411,-1709.7,-2285.7,474.21,4174.4,286419,500,1016,1441,-1.0737,1.1247,1.5548
416.5,2034.4,-1186.5,-0.0010136,1670.8,-1711.3,5.6169e+05,421217,1,-127.8,-1565.5,1048.2,1804.4,-251.98,1445.4,-1663,-2226.3,454.02,4111.3,285664,500,1016,1441,-1.0833,1.1247,1.5482
410.41,2007.5,-1173.8,-0.044521,1645.9,-1693.3,5.5965e+05,421215,1,-78.491,-1551.3,1077.4,1831.5,-290.48,1509.3,-1655.5,-2188.9,425.9,4123.6,285800,500,1016,1441,-1.0927,1.1247,1.5415
403.23,1979.7,-1161.2,-0.025008,1621.5,-1673.7,5.5862e+05,421213,1,39.793,-1513.5,1137.4,1864,-369.87,1610.9,-1602.3,-2106.2,390.77,4116.8,285745,500,1016,1441,-1.1022,1.1247,1.5348
394.44,1950.5,-1148.8,-0.0081925,1597.4,-1651.7,5.5611e+05,421211,1,82.205,-1522.1,1180.4,1929.1,-418.01,1711.1,-1605.3,-2073.7,358.71,4188.9,286580,500,1016,1441,-1.1116,1.1247,1.528
385.58,1920.2,-1136,-0.2677,1572.9,-1628.6,5.7078e+05,421209,1,63.527,-1548,1189.9,1948.8,-470.2,1781.8,-1620.4,-2046.4,318.19,4233.8,287042,500,1016,1441,-1.1209,1.1247,1.5211
376.84,1889.3,-1122.7,-0.49542,1547.9,-1605.1,5.6509e+05,421207,1,46.872,-1594.9,1220.9,1981,-516.62,1860.7,-1658.1,-2041.3,281.74,4322.7,287979,500,1016,1441,-1.1302,1.1247,1.5142
368.01,1858.1,-1109.2,-0.65697,1522.7,-1580.9,5.6416e+05,421205,1,37.682,-1601.2,1224.3,1967.3,-567.57,1909.8,-1663.3,-2012.9,246.74,4333.9,288109,500,1016,1441,-1.1395,1.1247,1.5072
358.91,1826.4,-1095.6,-0.8187,1497.8,-1556.2,5.6351e+05,421203,1,43.727,-1585.1,1219.1,1926.5,-628.09,1944.8,-1624.4,-1955.8,219.15,4289.6,287652,500,1016,1441,-1.1487,1.1247,1.5002
349.92,1794.4,-1081.9,-1.1382,1472.7,-1531,5.6193e+05,421201,1,4.246,-1605.9,1215.7,1969.1,-661.81,2026.5,-1674.8,-1936.8,163.52,4366,288443,500,1016,1441,-1.1579,1.1247,1.4932
341.51,1762,-1067.8,-1.6524,1447.1,-1505.7,5.6085e+05,421199,1,-6.9623,-1585.7,1192.5,1895.2,-745.19,2049.2,-1626.4,-1863.3,132.01,4291.6,287675,500,1016,1441,-1.1671,1.1247,1.486
333,1729.7,-1053.6,-1.9776,1421.8,-1480.3,5.6015e+05,421197,1,-24.125,-1586,1186.1,1864,-791.38,2080.1,-1627.9,-1819.6,91.029,4280.1,287521,500,1016,1441,-1.1762,1.1247,1.4788
1073.6,3120.7,-922.3,478.89,1942.7,-2781.8,6.086e+05,419837,1,1.2853e+05,59718,28890,7190.3,8838.9,-2057.6,56450,27049,12167,1.585e+05,362674,500,1090,1446,-0.90269,1.1362,1.652
429.67,2684.3,-1373,180.64,2275.5,-2016.1,6.0729e+05,419835,1,20335,8552.7,5329.9,28873,16286,4756.5,17948,7128.1,5001.2,45106,348707,500,1090,1446,-0.9128,1.1362,1.6465
424.66,2438.8,-1432.4,13.085,2166.4,-1867.2,6.029e+05,419833,1,-501.63,-2865.3,1704.4,10429,4182.1,2945.1,740.62,-3008,2492.1,12732,330243,500,1080,1445,-0.92289,1.1362,1.6408
416.63,2411.3,-1429.8,5.9773,2145.2,-1852.1,5.959e+05,419831,1,-287.41,-2629.2,1666.1,2054.9,977.03,493.52,-1494.5,-3598.8,1650.9,5753.5,301399,500,1080,1445,-0.93294,1.1362,1.6352
410.86,2387.9,-1421.3,4.4694,2121.6,-1841.1,5.9264e+05,419829,1,-462.55,-2613.1,1551.7,2012.6,1078.6,411.68,-1775,-3607.1,1485.6,5762.1,301474,500,1068,1444,-0.94296,1.1362,1.6294
408.15,2365,-1410.9,3.4517,2095.8,-1832.5,5.9057e+05,419827,1,-660.97,-2629.3,1451.9,1962.9,1013.9,439.17,-1902.8,-3615.7,1415.4,5764.5,301489,500,1068,1444,-0.95294,1.1362,1.6236
407.93,2343.9,-1399.5,2.969,2069.4,-1826.6,5.8826e+05,419825,1,-795.82,-2562.6,1326.5,1902.5,921.94,484.18,-1992.4,-3563.8,1317.9,5663.1,300471,500,1068,1444,-0.96288,1.1362,1.6177
408.6,2322,-1387.1,2.4061,2041.7,-1820.5,5.863e+05,419823,1,-830.69,-2513.7,1271.3,1953.6,828.43,594.75,-2074.5,-3507,1220.7,5619,300077,500,1068,1444,-0.97279,1.1362,1.6118
409.19,2298.2,-1373,2.0235,2012,-1812.8,5.8437e+05,419821,1,-824,-2410,1199.9,1984.5,794.89,650.72,-2123.7,-3431,1127.2,5520.2,299128,500,1051,1443,-0.98266,1.1362,1.6058
410.87,2274.8,-1358.3,1.8385,1981.7,-1805.9,5.8217e+05,419819,1,-817.5,-2347.7,1162.9,2101.3,731.1,784.85,-2213.2,-3372,1024.4,5515.1,299087,500,1016,1441,-0.99249,1.1362,1.5997
411.63,2248.7,-1342.5,1.4316,1949.8,-1796.3,5.8034e+05,419817,1,-706.75,-2252.8,1162.9,2175.9,567.86,966.16,-2214.2,-3212.5,897.15,5380.1,297864,500,1016,1441,-1.0023,1.1362,1.5936
410.13,2219.7,-1325.9,1.0405,1917.1,-1782.6,5.7866e+05,419815,1,-625.06,-2158.7,1147.1,2172.6,534.36,1001,-2177.4,-3126.1,850.74,5254.7,296798,500,1016,1441,-1.0121,1.1362,1.5874
409.56,2193.9,-1310.6,0.93787,1886.9,-1771.5,5.7608e+05,419813,1,-637.85,-2070.8,1076.4,2047.7,497.65,961.89,-2113.5,-3046.6,826.19,5064.7,295108,500,1016,1441,-1.0218,1.1362,1.5812
408.91,2168.4,-1295.5,0.81724,1857.2,-1760.2,5.7339e+05,419811,1,-565.03,-1970.5,1052.2,2045.3,393.27,1052.5,-2072.4,-2920.2,752.12,4913.6,293755,500,1016,1441,-1.0315,1.1362,1.5749
407.28,2141.7,-1280.3,0.59287,1827.4,-1747.1,5.7092e+05,419809,1,-454.55,-1902.3,1077.3,2048,192.88,1219.4,-2018.6,-2753.8,655.85,4774.2,292527,500,1016,1441,-1.0411,1.1362,1.5685
403.74,2113.4,-1265.2,0.3399,1798,-1731.3,5.69e+05,419807,1,-375.49,-1875.3,1114.1,2049.3,41.178,1349.9,-1980.9,-2640.9,590.87,4708.5,291915,500,1016,1441,-1.0507,1.1362,1.5621
399.83,2085.7,-1250.6,0.18143,1769.7,-1715.3,5.6696e+05,419805,1,-317.58,-1792.9,1092.5,1933.5,-64.109,1365.6,-1873,-2513.7,557.51,4500.5,289724,500,1016,1441,-1.0603,1.1362,1.5556
395.57,2058.3,-1236.4,0.076384,1742.2,-1698.9,5.6487e+05,419803,1,-284.53,-1758.5,1093.9,1912,-102.24,1395,-1844.8,-2465.2,534.79,4443.9,289184,500,1016,1441,-1.0698,1.1362,1.5491
390.88,2031,-1222.6,0.016212,1715.5,-1682.2,5.6246e+05,419801,1,-232.67,-1705.6,1094.1,1901.4,-158.38,1446.9,-1809.8,-2390.7,495.24,4373.8,288520,500,1016,1441,-1.0793,1.1362,1.5425
385.33,2003.3,-1208.9,-0.018164,1689.3,-1664.2,5.5978e+05,419799,1,-141.59,-1658.8,1127.4,1917.8,-218.23,1520.9,-1767.1,-2316.9,461.84,4334.2,288110,500,1016,1441,-1.0887,1.1362,1.5358
378.49,1974.5,-1195.4,-0.024055,1663.5,-1644.4,5.5807e+05,419797,1,-55.907,-1641.5,1179.4,1966.1,-267.92,1607.8,-1749.4,-2269.9,432.32,4360.2,288388,500,1016,1441,-1.0981,1.1362,1.5291
369.88,1944.4,-1182.1,0.045538,1638.3,-1622,5.5614e+05,419795,1,54.112,-1632.6,1258.4,2026.2,-370.98,1751,-1711.7,-2185,385.88,4406.1,288840,500,1016,1441,-1.1075,1.1362,1.5224
360.31,1913.2,-1168.9,-0.017369,1613.3,-1598.1,5.6027e+05,419793,1,54.343,-1655.8,1280.5,2026.2,-465.59,1843.8,-1691,-2123,342.65,4426.1,289018,500,1016,1441,-1.1168,1.1362,1.5155
351.01,1881.1,-1155.3,-0.37758,1587.6,-1573.5,5.6617e+05,419791,1,20.011,-1703.7,1300,2050.2,-551.48,1947.6,-1729.2,-2104.8,295.66,4516.8,289890,500,1016,1441,-1.1261,1.1362,1.5087
342.19,1849.1,-1141.3,-0.66388,1561.8,-1549,5.6283e+05,419789,1,-7.3481,-1707.1,1286.5,1990.1,-615.11,1970.2,-1722.5,-2069.4,263.67,4484.3,289554,500,1016,1441,-1.1353,1.1362,1.5017
333.22,1817,-1127.2,-0.79439,1536.2,-1524.2,5.6149e+05,419787,1,-12.433,-1694.9,1279.2,1987,-664.76,2027.1,-1727.1,-2026.1,217.8,4488.2,289591,500,1016,1441,-1.1445,1.1362,1.4947
324.4,1784.4,-1112.8,-0.99666,1510.3,-1499,5.5957e+05,419785,1,-33.959,-1682,1258.6,1976.9,-711.71,2077.1,-1735.5,-1979.2,165.82,4483.3,289548,500,1016,1441,-1.1537,1.1362,1.4877
316.03,1751.5,-1097.9,-1.3006,1483.7,-1473.6,5.61e+05,419783,1,-54.451,-1665.6,1234.1,1959.2,-728.1,2095.6,-1730.1,-1935.9,126.28,4451.6,289252,500,1016,1441,-1.1628,1.1362,1.4806
695.17,3088.3,-1124.6,485.55,2232.7,-2462.8,6.0868e+05,418421,1,1.1461e+05,56056,24069,16654,9504.7,2644.3,54729,25931,12116,1.4507e+05,361719,500,1080,1445,-0.90941,1.1478,1.6404
368.62,2591.8,-1465.8,108.97,2312.8,-1908.1,6.0652e+05,418419,1,10103,956.7,4984.1,29480,18635,3438.9,13467,5296.9,3809.4,39748,347185,500,1080,1445,-0.91946,1.1478,1.6347
373.83,2422.6,-1486.7,5.109,2219,-1815.1,5.9935e+05,418417,1,-678.29,-2792.5,1582.7,12147,6520.8,2287.1,1857.1,-1963.2,2428.2,14808,333011,500,1080,1445,-0.92947,1.1478,1.6291
368.12,2407.4,-1481.2,5.8063,2202.3,-1809.7,5.9494e+05,418415,1,-530.56,-2753.9,1635.5,1924.1,1205.6,263.17,-1815,-3840.5,1658.9,6046.6,304126,500,1080,1445,-0.93945,1.1478,1.6233
365.63,2383.6,-1470.5,4.562,2175.8,-1801,5.9233e+05,418413,1,-785.9,-2795.2,1524.2,2136.2,1436.3,233.54,-2066.7,-4009.6,1635.1,6360.6,307305,500,1068,1444,-0.94939,1.1478,1.6175
365.9,2360.8,-1458.5,3.6505,2147.8,-1794.7,5.9011e+05,418411,1,-927.7,-2780.5,1428.4,2156.6,1349,321.67,-2204.7,-3979.5,1522.7,6342.1,307149,500,1068,1444,-0.9593,1.1478,1.6117
367.16,2337.1,-1444.8,2.983,2118.1,-1788.3,5.8804e+05,418409,1,-994.6,-2720.5,1344.8,2183.3,1220.8,444.07,-2303,-3892.8,1393.5,6249.2,306182,500,1051,1443,-0.96917,1.1478,1.6058
369.88,2313.8,-1430,2.6867,2087.2,-1783,5.8554e+05,418407,1,-997.27,-2620,1267.7,2144.6,1042.7,566.48,-2332.8,-3750.1,1259.2,6046.8,304130,500,1016,1441,-0.979,1.1478,1.5998
371.73,2287.6,-1413.9,2.1638,2054.5,-1774.8,5.8357e+05,418405,1,-981.44,-2666.8,1316.8,2389.8,988.75,768.7,-2499.6,-3766.6,1168.7,6236.2,306067,500,1016,1441,-0.9888,1.1478,1.5938
372.2,2259,-1396.6,1.7366,2020.4,-1763.5,5.8172e+05,418403,1,-920.51,-2556,1266.5,2298.7,822.57,849.4,-2435.6,-3585.4,1058.3,5964.4,303346,500,1016,1441,-0.99856,1.1478,1.5877
374.4,2231.6,-1378.6,1.6531,1986,-1754.1,5.794e+05,418401,1,-893.53,-2409.6,1178.3,2277.9,822.98,853.49,-2425,-3501,994.26,5806.4,301910,500,1016,1441,-1.0083,1.1478,1.5815
376.05,2204.3,-1361.1,1.4487,1952.3,-1744,5.7685e+05,418399,1,-836.3,-2332.7,1162.1,2323.8,677.46,1008.6,-2432.9,-3382.6,895.21,5703.5,300852,500,1016,1441,-1.018,1.1478,1.5753
376.11,2175.3,-1343.5,1.0299,1918.7,-1731.2,5.7482e+05,418397,1,-700.71,-2247.9,1186.6,2288.6,437.49,1181.7,-2336.6,-3173.1,789.94,5470.8,298635,500,1016,1441,-1.0276,1.1478,1.569
374.53,2145.3,-1326.2,0.66018,1885.7,-1716.2,5.7266e+05,418395,1,-617.65,-2210.2,1214.2,2273.1,324.28,1270.1,-2287.1,-3073.5,740.29,5371.3,297787,500,1016,1441,-1.0372,1.1478,1.5627
372.5,2115.5,-1309.1,0.4261,1853.4,-1700.8,5.7015e+05,418393,1,-557.74,-2162.3,1220.2,2240.7,232.8,1331.8,-2240.4,-2980.2,693.72,5263.7,296879,500,1016,1441,-1.0468,1.1478,1.5563
369.44,2085.9,-1292.6,0.26371,1822.4,-1684.4,5.6759e+05,418391,1,-527.85,-2073,1177.4,2129.5,116.91,1363.1,-2159.4,-2845.8,639.28,5053.6,294995,500,1016,1441,-1.0563,1.1478,1.5498
366.48,2057.8,-1277.1,0.1559,1793,-1668.8,5.6504e+05,418389,1,-422.52,-1925.4,1139.4,2012,3.75,1387.8,-2016.8,-2665.7,587.53,4762,292407,500,1016,1441,-1.0658,1.1478,1.5433
362.83,2029.5,-1261.8,0.06504,1764.2,-1652.3,5.6258e+05,418387,1,-368.9,-1875.6,1145.5,2042.9,-51.606,1469.9,-2014.8,-2598.6,533.18,4732.8,292156,500,1016,1441,-1.0753,1.1478,1.5367
358.12,2000.6,-1246.8,0.0093265,1736.1,-1634.4,5.5984e+05,418385,1,-226.44,-1798,1187.8,2035.4,-152.4,1558.6,-1918.9,-2469.2,489.76,4616.2,290998,500,1016,1441,-1.0847,1.1478,1.5301
351.74,1970.4,-1232,-0.021743,1708.4,-1614.1,5.5745e+05,418383,1,-92.611,-1761.3,1259.9,2074.8,-254.03,1683.1,-1862.4,-2369.9,445.28,4602.6,290851,500,1016,1441,-1.094,1.1478,1.5234
343.41,1938.9,-1217.4,0.0032307,1681.4,-1591.3,5.5675e+05,418381,1,1.0465,-1796.8,1364.4,2195.2,-322.48,1841.7,-1888.6,-2345.5,405.63,4757.9,292375,500,1016,1441,-1.1034,1.1478,1.5167
333.29,1906,-1203.3,-0.031761,1655.2,-1566,5.5517e+05,418379,1,48.424,-1767.7,1376.7,2125.8,-451.42,1909,-1779.7,-2225.6,376.71,4653.2,291423,500,1016,1441,-1.1126,1.1478,1.5099
323.26,1872.2,-1189,-0.43114,1628.6,-1539.9,5.6269e+05,418377,1,6.3973,-1847,1416.7,2180.6,-544.21,2041.3,-1832.1,-2213,326.05,4795.5,292740,500,1016,1441,-1.1219,1.1478,1.503
314.2,1838.7,-1174.4,-0.9391,1601.7,-1514.4,5.6182e+05,418375,1,-66.927,-1850.9,1369.7,2070.4,-666.28,2076.4,-1816,-2137.3,266.91,4720.7,292027,500,1016,1441,-1.1311,1.1478,1.4961
305.48,1805.4,-1159.5,-1.2671,1574.7,-1489.1,5.6086e+05,418373,1,-102.1,-1849.4,1350.1,2024,-744.06,2126.4,-1827.9,-2083.4,207.46,4706.4,291899,500,1016,1441,-1.1403,1.1478,1.4892
296.91,1771.9,-1144.3,-1.5517,1547.6,-1463.6,5.6206e+05,418371,1,-90.51,-1790.1,1313.2,1991.6,-770.8,2139.9,-1797.9,-2024.2,169.86,4629.9,291151,500,1016,1441,-1.1494,1.1478,1.4821
329.54,2973.7,-1347.1,432.78,2481.9,-2102.2,6.086e+05,417009,1,59397,28819,12686,28496,13506,6454,35457,15940,8518.2,84495,355773,500,1080,1445,-0.91599,1.1593,1.6286
332.17,2493.9,-1548.9,31.704,2330.3,-1816,6.053e+05,417007,1,13655,5978.2,3435.6,26472,10600,7419.1,15640,3249.5,6510.6,37413,346393,500,1068,1444,-0.92596,1.1593,1.6229
322.92,2430.1,-1545.2,7.2484,2288.5,-1777.8,5.9748e+05,417005,1,-712.57,-3007,1744.3,5962.1,3806.4,701.32,-843.87,-3582.8,2074.1,8998.3,320537,500,1068,1444,-0.9359,1.1593,1.6172
319.93,2411.9,-1538,6.8243,2267.8,-1772.6,5.9389e+05,417003,1,-803.51,-2913.1,1623.7,2181.7,1739.8,30.252,-2106.7,-4331.7,1879.2,6803.6,310316,500,1068,1444,-0.94581,1.1593,1.6114
319.96,2386.6,-1525.4,5.3487,2238.3,-1765,5.914e+05,417001,1,-993.78,-2980.5,1560.6,2428.3,1542.1,332.48,-2391.1,-4293,1676.4,6902.8,310908,500,1051,1443,-0.95568,1.1593,1.6056
322.44,2360.5,-1510.2,4.221,2205.6,-1758.5,5.8908e+05,416999,1,-1158.7,-3006,1479.9,2444,1381,475.06,-2550.8,-4242.5,1535.3,6894.7,310880,500,1051,1443,-0.96551,1.1593,1.5997
325.17,2333,-1493.5,3.2479,2171.2,-1750.8,5.869e+05,416997,1,-1173.7,-2980.2,1450.3,2434.7,1249,581.58,-2618,-4160.1,1424.4,6810.1,310365,500,1016,1441,-0.97531,1.1593,1.5938
327.6,2304.2,-1475.5,2.6318,2135.5,-1741.7,5.847e+05,416995,1,-1167.8,-2918.8,1409.8,2572.1,1171.1,741.13,-2751.2,-4090.5,1283.1,6808.4,310356,500,1016,1441,-0.98507,1.1593,1.5877
330.16,2274.8,-1456.4,2.3017,2098.8,-1731.9,5.8237e+05,416993,1,-1127.5,-2778.1,1325.3,2469.4,1056.6,780.36,-2687.5,-3929.9,1187,6530.3,308691,500,1016,1441,-0.99479,1.1593,1.5817
334.23,2247,-1437.5,1.962,2062.7,-1724,5.8041e+05,416991,1,-1121,-2722.5,1289.5,2488,929.87,905.35,-2717.8,-3837,1089.2,6442.1,308039,500,1016,1441,-1.0045,1.1593,1.5755
336.3,2216,-1417.6,1.4687,2025.3,-1712.2,5.7848e+05,416989,1,-1014,-2688.5,1331.8,2578.6,814.92,1064.1,-2725.8,-3745.8,1006.4,6399.2,307692,500,1016,1441,-1.0141,1.1593,1.5693
337.18,2184.1,-1397.5,1.046,1988,-1698.5,5.7633e+05,416987,1,-947.34,-2657.5,1351.5,2574.2,685.85,1173.5,-2699.5,-3638.8,933.73,6297.6,306649,500,1016,1441,-1.0237,1.1593,1.5631
337.35,2152,-1377.5,0.71358,1951.3,-1683.7,5.7394e+05,416985,1,-843.53,-2566.4,1352.3,2507,469.37,1314.1,-2608.7,-3433.3,826.09,6052.6,304568,500,1016,1441,-1.0333,1.1593,1.5568
336.08,2119.3,-1358,0.39182,1915.4,-1667.2,5.7176e+05,416983,1,-775.25,-2423.5,1291.5,2374.8,310.47,1367.8,-2492.4,-3235.7,742,5742.9,301283,500,1016,1441,-1.0428,1.1593,1.5504
335.2,2088.5,-1339.4,0.17728,1881.3,-1652,5.6939e+05,416981,1,-728.03,-2319.6,1246.3,2264.3,268.69,1340.8,-2399.6,-3142,724.73,5533.2,299252,500,1016,1441,-1.0523,1.1593,1.544
333.78,2059,-1321.9,0.082611,1849.1,-1636.9,5.6634e+05,416979,1,-693.39,-2231.4,1205.8,2207.7,208.96,1365.2,-2350.5,-3042.3,674.41,5378.7,297845,500,1016,1441,-1.0618,1.1593,1.5375
331.72,2029.7,-1304.8,-0.016879,1817.7,-1621.1,5.6378e+05,416977,1,-523.27,-2083,1209.5,2145.7,93.421,1428.6,-2200.7,-2857.7,622.74,5111.4,295586,500,1016,1441,-1.0712,1.1593,1.5309
328.03,1999.3,-1288,-0.063428,1787.1,-1603.2,5.61e+05,416975,1,-414.64,-2042.5,1261.6,2242.3,10.641,1580.1,-2211.3,-2771,543.23,5130.6,295754,500,1016,1441,-1.0806,1.1593,1.5243
322.09,1967.3,-1271.5,-0.07213,1757.1,-1582.2,5.5816e+05,416973,1,-201.83,-1954.8,1347.9,2240,-166.52,1737.4,-2069.9,-2577.1,479.78,4989.9,294465,500,1016,1441,-1.0899,1.1593,1.5177
314.22,1934.2,-1255.4,-0.057418,1728,-1558.9,5.5764e+05,416971,1,-59.37,-1950.5,1454.3,2312.5,-263.02,1884.3,-2026.8,-2501.9,445.69,5045.4,294915,500,1016,1441,-1.0992,1.1593,1.511
303.58,1899,-1239.9,-0.064255,1699.8,-1531.8,5.5445e+05,416969,1,20.305,-1990.9,1549.9,2347.4,-424.05,2056.7,-1976,-2405.6,398.35,5112.4,295603,500,1016,1441,-1.1085,1.1593,1.5042
292.79,1863,-1224.5,-0.48923,1671.7,-1503.9,5.6392e+05,416967,1,-65.744,-2044.6,1535.3,2259.6,-607.35,2160.6,-1940.7,-2303.6,333.59,5086.2,295324,500,1016,1441,-1.1177,1.1593,1.4974
283.28,1827.7,-1209,-1.0968,1643.4,-1477,5.6389e+05,416965,1,-153.72,-2063.6,1489.2,2165.1,-684.29,2168.8,-1938.9,-2262.4,294.21,5032.3,294800,500,1016,1441,-1.1268,1.1593,1.4905
275.01,1793.5,-1193.1,-1.5457,1615.1,-1451.6,5.6143e+05,416963,1,-200.83,-2059.5,1455.2,2079.8,-734.4,2162.4,-1935.4,-2226.9,260.37,4971.2,294297,500,1016,1441,-1.136,1.1593,1.4835
1026.4,3180.8,-976.34,547.25,2044.5,-2764.9,6.0882e+05,415603,1,1.3127e+05,51972,36109,9830.5,4251.8,2549.7,61021,23236,17499,1.6102e+05,362863,500,1068,1444,-0.91248,1.1707,1.6223
264.05,2740.6,-1542,214.61,2507.8,-1903.5,6.0725e+05,415601,1,23036,277.97,12822,27482,14957,4824.4,20733,4517.5,8467.3,47109,349198,500,1068,1444,-0.92242,1.1707,1.6167
278.22,2462.8,-1612.2,12.078,2381.8,-1751.9,6.0166e+05,415599,1,1534,-1186,1737.9,19228,7842.5,5335.3,6938.2,-445.88,4294.9,23092,339564,500,1068,1444,-0.93232,1.1707,1.611
273.12,2438.8,-1608.1,7.4432,2361,-1741.8,5.9587e+05,415597,1,-761.72,-3052.3,1779.3,3490.3,2208.4,432.48,-1860.5,-4207.5,1974.1,7441.1,313805,500,1068,1444,-0.94219,1.1707,1.6053
270.58,2409.1,-1595,5.3146,2329.9,-1729.9,5.9267e+05,415595,1,-953.2,-3131.3,1724.1,2640.3,1444.8,513.71,-2485.4,-4393.4,1736,7176.4,312503,500,1051,1443,-0.95202,1.1707,1.5995
271.69,2381,-1579.6,4.045,2296.7,-1721.4,5.9048e+05,415593,1,-1170.7,-3194.2,1637.7,2539.1,1351.1,539.36,-2627.2,-4386.9,1634.6,7185.9,312559,500,1051,1443,-0.96182,1.1707,1.5936
274.58,2352.7,-1562.2,3.3376,2261.4,-1713.8,5.881e+05,415591,1,-1327,-3240.9,1581.2,2542.6,1311.6,585.32,-2784.5,-4400.5,1546.5,7266.4,312957,500,1016,1441,-0.97158,1.1707,1.5877
279.19,2324.7,-1543.3,2.9997,2224.7,-1707.4,5.8558e+05,415589,1,-1352.2,-3226.7,1550.4,2615.9,1261.1,686.74,-2889.9,-4375.1,1447.6,7289.5,313067,500,1016,1441,-0.9813,1.1707,1.5817
283.41,2293.7,-1522.5,2.5271,2185.2,-1698.2,5.8359e+05,415587,1,-1376.4,-3193.3,1510.3,2678.7,1250.2,753.5,-2980.7,-4363.9,1372.5,7313.7,313176,500,1016,1441,-0.99099,1.1707,1.5756
287.38,2263.1,-1502,2.0296,2146.6,-1688.8,5.8173e+05,415585,1,-1310.6,-3132.5,1502.1,2747,1124.1,913.37,-3010.9,-4252.1,1252.5,7221.2,312733,500,1016,1441,-1.0006,1.1707,1.5695
290.66,2230.2,-1480,1.5839,2106.2,-1677.1,5.7959e+05,415583,1,-1192.2,-3046.2,1506.9,2746.1,907.18,1096.8,-2963.3,-4055.2,1115.7,7000.6,311490,500,1016,1441,-1.0102,1.1707,1.5633
292.2,2195,-1457.3,1.1022,2065.1,-1662.1,5.7767e+05,415581,1,-1160.9,-3099.8,1573.9,2852.5,757.97,1298.7,-3042.3,-3998.9,1017.3,7079,311976,500,1016,1441,-1.0198,1.1707,1.5571
292.77,2160,-1435.2,0.72181,2025.2,-1646.1,5.7534e+05,415579,1,-1159.6,-3042.1,1530.7,2722.3,606.74,1349.9,-2975.2,-3866.2,947.26,6873.2,310743,500,1016,1441,-1.0294,1.1707,1.5508
293.88,2126.1,-1413.4,0.3888,1986,-1631,5.7312e+05,415577,1,-1072.2,-2864.3,1447.8,2566.4,536.95,1316.9,-2823.7,-3701.1,904.75,6523,308639,500,1016,1441,-1.0389,1.1707,1.5445
295.76,2094.5,-1392.4,0.14078,1948.5,-1617.5,5.7063e+05,415575,1,-1076.2,-2692.9,1317.4,2423.6,509.62,1263.1,-2750.3,-3578.4,850.59,6242.4,306123,500,1016,1441,-1.0483,1.1707,1.5381
296.86,2063.7,-1372.3,0.057412,1912.6,-1603.8,5.6746e+05,415573,1,-921.81,-2501.4,1276.6,2398,461.23,1302.7,-2651.9,-3421.6,785.36,5979.4,303498,500,1016,1441,-1.0577,1.1707,1.5316
296.52,2032.5,-1352.8,-0.032794,1877.8,-1588.3,5.6444e+05,415571,1,-771.9,-2375.3,1284.4,2407.3,326.59,1433.1,-2571.9,-3239.6,688.54,5781.6,301660,500,1016,1441,-1.0671,1.1707,1.5251
294.19,2000.3,-1333.7,-0.072287,1843.9,-1570.4,5.6142e+05,415569,1,-563.47,-2271.5,1353,2438.8,181.48,1588.6,-2468.4,-3063,612.73,5627,300151,500,1016,1441,-1.0764,1.1707,1.5185
289.15,1966.1,-1314.9,-0.086235,1810.7,-1548.9,5.584e+05,415567,1,-380.05,-2235.6,1460.8,2549.1,45.476,1793.8,-2432.7,-2938.9,532.53,5642,300280,500,1016,1441,-1.0857,1.1707,1.5119
281.45,1930.5,-1296.9,-0.089606,1778.9,-1524.3,5.5699e+05,415565,1,-124.62,-2204,1623.8,2512.6,-251.48,2025.7,-2231.2,-2694.9,470.54,5518.3,299112,500,1016,1441,-1.095,1.1707,1.5052
270.11,1892.3,-1279.5,-0.098301,1748.2,-1494.9,5.552e+05,415563,1,-47.611,-2280.4,1750.5,2548.5,-446.09,2229.8,-2189.3,-2603.9,423.27,5628.9,300169,500,1016,1441,-1.1042,1.1707,1.4984
258.65,1854.2,-1262.9,-0.45067,1718.4,-1465.3,5.6094e+05,415561,1,-87.459,-2238.7,1689.2,2422.2,-521.54,2214.3,-2090.4,-2508.9,407.66,5454,298491,500,1016,1441,-1.1134,1.1707,1.4916
248.66,1816.9,-1246.3,-1.1073,1688.6,-1437,5.6166e+05,415559,1,-226.13,-2290.8,1635.6,2296.1,-632.6,2234.2,-2091.4,-2454.1,354.4,5400,298026,500,1016,1441,-1.1225,1.1707,1.4848
367.43,3074.5,-1333.9,522.33,2520.9,-2176.9,6.0859e+05,414199,1,88369,35964,23838,25124,10345,6799.5,50531,18981,14847,1.1657e+05,359378,500,1068,1444,-0.91884,1.1821,1.6104
224.18,2576.6,-1666.5,74.238,2516.9,-1768.1,6.0558e+05,414197,1,2951.9,-4626.3,5102.1,22569,10559,5215.5,10203,-491.06,6206.3,29104,342906,500,1068,1444,-0.92871,1.1821,1.6048
224.58,2456.6,-1675.6,6.2785,2447.7,-1703.4,5.9814e+05,414195,1,-1728.2,-3715.9,1744.9,10376,4693.3,2572.4,852.07,-3027.3,2728.9,13171,331029,500,1051,1443,-0.93853,1.1821,1.599
220.15,2432.7,-1665.4,6.107,2422.9,-1694,5.9421e+05,414193,1,-897.93,-3208.2,1840.2,2601.3,1619.8,348.04,-2464.7,-4535,1890.6,7362.9,313433,500,1051,1443,-0.94833,1.1821,1.5933
219.5,2403,-1650.5,4.6764,2390,-1683.6,5.9183e+05,414191,1,-1165.2,-3361.4,1802.1,2824.5,1690.5,444.46,-2769.5,-4684.6,1820.3,7737.4,315501,500,1016,1441,-0.95809,1.1821,1.5874
222.08,2374.3,-1633.5,3.8128,2355,-1675.9,5.8941e+05,414189,1,-1362.7,-3406.6,1709.1,2675.1,1456.4,550.91,-2889.4,-4613.3,1674.9,7642,315013,500,1016,1441,-0.96781,1.1821,1.5815
224.86,2343.9,-1614.7,3.1266,2317.9,-1666.9,5.8714e+05,414187,1,-1447.9,-3466.7,1705.2,2776,1424.7,652.81,-3047.8,-4657.7,1606.7,7794.2,315795,500,1016,1441,-0.97749,1.1821,1.5755
229.61,2314.5,-1594.7,2.9289,2279.9,-1659.8,5.8462e+05,414185,1,-1518.5,-3531.3,1708.8,2787.4,1282.9,788.29,-3150,-4641.6,1518.3,7842.5,316111,500,1016,1441,-0.98714,1.1821,1.5695
234.82,2283.4,-1573.2,2.5593,2239.8,-1651.5,5.8227e+05,414183,1,-1468.2,-3510.5,1716.6,2891.3,1180.6,951.41,-3212.2,-4561.5,1397.8,7820.7,315927,500,1016,1441,-0.99676,1.1821,1.5634
236.63,2245.9,-1549.2,1.9062,2196.2,-1636,5.8038e+05,414181,1,-1389.1,-3602.3,1838.3,3066.4,961.56,1252.1,-3315.7,-4487.3,1264.3,7931.5,316607,500,1016,1441,-1.0063,1.1821,1.5573
239.44,2209.1,-1524.8,1.3667,2152.6,-1621.4,5.786e+05,414179,1,-1433.5,-3654.3,1848.2,3031.7,793.91,1381.3,-3347.5,-4413.1,1171.9,7912.6,316532,500,1016,1441,-1.0159,1.1821,1.5511
240.87,2170.9,-1500.1,0.88187,2108.8,-1604.5,5.7678e+05,414177,1,-1438,-3574.5,1782.5,2905.9,792.1,1318.2,-3285.9,-4364.4,1162.6,7747.8,315555,500,1016,1441,-1.0254,1.1821,1.5448
244.26,2136.6,-1476.6,0.56085,2067.2,-1591.1,5.7452e+05,414175,1,-1516.9,-3319.3,1531.1,2675.8,835.93,1156.3,-3198.5,-4242.2,1109.8,7370,313462,500,1016,1441,-1.0348,1.1821,1.5385
249.27,2105,-1453.8,0.33702,2027,-1580.5,5.7173e+05,414173,1,-1506.7,-3104.8,1372.3,2619,867.9,1115.7,-3187.9,-4143.7,1028.3,7144.2,312312,500,1016,1441,-1.0442,1.1821,1.5321
254.02,2073.8,-1431,0.25129,1987.3,-1569.5,5.6837e+05,414171,1,-1207.7,-2842.1,1364.4,2564,713.51,1218.6,-2972.2,-3852.6,927.07,6670.9,309523,500,1016,1441,-1.0536,1.1821,1.5257
256.35,2040.3,-1408,0.12225,1947.7,-1554.8,5.6532e+05,414169,1,-1154.1,-2794,1371.5,2748.4,723.68,1356.1,-3091.4,-3842.6,834.49,6779,310182,500,1016,1441,-1.063,1.1821,1.5192
255.6,2005.1,-1385.7,0.06181,1909.2,-1536.4,5.6178e+05,414167,1,-802.38,-2580.6,1449.4,2787.2,461.92,1614.4,-2902.3,-3504.9,683.03,6416.1,307838,500,1016,1441,-1.0723,1.1821,1.5126
252.44,1968.4,-1363.8,-0.018906,1871.7,-1515,5.5869e+05,414165,1,-513.69,-2527.1,1616.8,2839,190.82,1889.5,-2752.2,-3268.1,589.94,6287.6,306548,500,1016,1441,-1.0815,1.1821,1.506
243.64,1927.5,-1342.6,-0.1315,1835.4,-1486.2,5.5688e+05,414163,1,-263.05,-2618.7,1876.5,2954.2,-115,2238.4,-2668.6,-3109.3,514.31,6422.9,307899,500,1016,1441,-1.0907,1.1821,1.4994
231.83,1885.6,-1322.8,-0.26388,1801.2,-1454.2,5.5774e+05,414161,1,-176.67,-2605.6,1934.4,2724.4,-416.26,2337.7,-2430.7,-2879.5,489.86,6169.4,305547,500,1016,1441,-1.0999,1.1821,1.4926
220.33,1845.6,-1304.7,-0.56436,1769.4,-1423.5,5.6093e+05,414159,1,-204.11,-2530.6,1857.1,2508.1,-544.61,2304.3,-2262.1,-2717.9,469.71,5875,302597,500,1016,1441,-1.1091,1.1821,1.4859
210.19,1807.4,-1287.1,-0.95872,1738.5,-1394.8,5.5942e+05,414157,1,-369.98,-2632.6,1829.8,2409.9,-641.06,2335.3,-2311.8,-2722.7,433.89,5918.9,302973,500,1016,1441,-1.1182,1.1821,1.479
1538.7,3164.9,-804.08,490.75,1699,-3146.9,6.0848e+05,412801,1,1.7286e+05,80171,38764,741.38,-2902.3,2666,77343,33167,19397,2.128e+05,365409,500,1068,1444,-0.91523,1.1935,1.6041
117.65,2877.6,-1597.1,351.32,2697.7,-1855.9,6.0791e+05,412799,1,62155,20472,20431,25667,9294,7941.5,40523,12418,14073,86616,356017,500,1051,1443,-0.92506,1.1935,1.5985
174.35,2497.2,-1749,14.331,2551.9,-1677.1,6.0292e+05,412797,1,-3075.3,-3639.2,934.42,17191,4697,6504.7,4319.1,-3841.8,5385.3,21116,338225,500,1051,1443,-0.93485,1.1935,1.5928
167.04,2467,-1743.3,8.9916,2528,-1662,5.9645e+05,412795,1,-904.63,-3505.4,2098.5,3908.1,2431.6,492.74,-2032.3,-4566.1,2221,8297.7,318205,500,1051,1443,-0.9446,1.1935,1.587
164.47,2434.2,-1728.7,6.7446,2494.5,-1648.7,5.9302e+05,412793,1,-1127.4,-3548.1,1997.6,3076,1795.8,501.82,-2869.1,-4931.4,1990.3,8203.7,317879,500,1016,1441,-0.95432,1.1935,1.5812
165.52,2401.4,-1711,5.0675,2457.5,-1637.7,5.9056e+05,412791,1,-1362.3,-3639.2,1923.9,2974,1664.1,559.58,-3044.9,-4935.6,1876.1,8238.9,317990,500,1016,1441,-0.964,1.1935,1.5753
168.69,2369.4,-1691.4,4.1899,2418.9,-1628.5,5.8797e+05,412789,1,-1517.1,-3769.3,1930.1,2990,1462,744.73,-3217.3,-4930,1757.2,8343.3,318340,500,1016,1441,-0.97365,1.1935,1.5693
172.54,2336.9,-1670.7,3.3627,2379.2,-1619.1,5.8544e+05,412787,1,-1512.9,-3746.2,1906.4,2982.8,1355.1,842.28,-3252.1,-4848.1,1652.3,8259,318063,500,1016,1441,-0.98326,1.1935,1.5633
173.89,2299.8,-1648.2,2.4237,2337,-1604.5,5.836e+05,412785,1,-1479.2,-3962.1,2094.6,3186,1025.4,1246.2,-3425.3,-4790.8,1488,8481,318813,500,1016,1441,-0.99284,1.1935,1.5573
175.29,2260.7,-1623.5,1.8195,2292.3,-1588.2,5.8179e+05,412783,1,-1478.6,-4072.5,2179.4,3238.7,841.18,1446.3,-3503.7,-4743.5,1386,8573.7,319182,500,1016,1441,-1.0024,1.1935,1.5511
175.23,2220.4,-1598.6,1.2884,2247.8,-1569.6,5.8031e+05,412781,1,-1584.9,-4070.5,2103.9,3082.6,789.53,1407.5,-3491.5,-4708.6,1348.8,8473.2,318788,500,1016,1441,-1.0119,1.1935,1.545
179.64,2185.2,-1574.1,1.1109,2204.5,-1557.3,5.7809e+05,412779,1,-1872.7,-3992.4,1857.1,2756.1,926.29,1111.5,-3472.7,-4777.3,1403.6,8333,318301,500,1016,1441,-1.0213,1.1935,1.5387
187.55,2153.4,-1549.5,0.95181,2161.6,-1549.5,5.7548e+05,412777,1,-2074.9,-3861,1615.7,2659.8,1099.9,932.81,-3560,-4838.9,1378.5,8304.6,318229,500,1016,1441,-1.0308,1.1935,1.5324
196.59,2121.8,-1524.4,0.65577,2117.9,-1542.3,5.7304e+05,412775,1,-1854.9,-3596.9,1546.9,2763.1,1151.9,981.1,-3518.6,-4702.1,1277.1,8050.9,317271,500,1016,1441,-1.0401,1.1935,1.5261
203.83,2088.8,-1498.8,0.5307,2074.3,-1532.4,5.6983e+05,412773,1,-1715,-3369.9,1462,2813.8,1149.8,1038.6,-3501.6,-4562.8,1164.9,7822.4,315936,500,1016,1441,-1.0495,1.1935,1.5197
209.78,2053.9,-1472.6,0.36229,2030,-1520,5.6656e+05,412771,1,-1485,-3159.5,1457.4,3108.8,1089,1316.5,-3594.2,-4393.7,954.61,7747.9,315556,500,1016,1441,-1.0588,1.1935,1.5132
212.82,2016.1,-1445.8,0.19705,1985.2,-1503.1,5.6306e+05,412769,1,-1028.9,-3101.6,1734,3398.7,727.02,1836.8,-3531.2,-4099.1,747.53,7679.2,315220,500,1016,1441,-1.0681,1.1935,1.5067
208.25,1972.2,-1419.5,0.0014197,1941.4,-1476,5.5987e+05,412767,1,-628.8,-2992.1,1926.1,3215.1,280.44,2086.6,-3126.8,-3684,680.47,7186,312561,500,1016,1441,-1.0773,1.1935,1.5001
197.94,1924.5,-1394.4,-0.30525,1899.5,-1441.9,5.5885e+05,412765,1,-461.64,-3301.6,2310.2,3455,-148.55,2631.8,-3190.3,-3597.6,562.24,7666.4,315164,500,1016,1441,-1.0865,1.1935,1.4935
186.29,1878.5,-1371.6,-0.67164,1861,-1407.6,5.6026e+05,412763,1,-390.89,-3116.3,2210.9,2947,-412.5,2499.4,-2760.5,-3271.5,591.08,6966.1,311295,500,1016,1441,-1.0956,1.1935,1.4868
175.61,1836.2,-1351.2,-1.058,1826,-1376.2,5.6052e+05,412761,1,-511.55,-3096.8,2116.8,2657.5,-597.62,2465.1,-2623.9,-3127,564.34,6694,309653,500,1016,1441,-1.1047,1.1935,1.48
166.26,1796.8,-1332,-1.433,1792.9,-1347.4,5.5954e+05,412759,1,-555.82,-3005.9,2016.1,2452.3,-688.98,2412,-2500.1,-2991.2,534.22,6418.6,307864,500,1016,1441,-1.1138,1.1935,1.4732
265.7,3119.9,-1366.4,608.69,2620,-2106.3,6.0895e+05,411405,1,1.23e+05,31818,46747,20501,9594.2,4710.3,68628,20185,24362,1.5676e+05,362560,500,1051,1443,-0.92137,1.2048,1.5921
107.5,2608.3,-1798.7,85.902,2687,-1680.1,6.059e+05,411403,1,2396.9,-2805.9,3534,24736,10013,6855,14247,2620.7,6312.8,32170,344283,500,1051,1443,-0.93112,1.2048,1.5864
110.4,2484.4,-1818.1,7.0292,2622.5,-1616.1,5.9839e+05,411401,1,-2298.3,-4212.4,1854.7,11044,4311.5,3236.1,2420.6,-2437.3,3276.3,14143,332329,500,1042,1442,-0.94084,1.2048,1.5807
105.51,2460.7,-1808.9,7.0219,2599.2,-1607,5.9432e+05,411399,1,-995.79,-3648.3,2189.3,2889.4,1590.8,527.41,-2608,-4866.7,2147.4,8203.7,317880,500,1016,1441,-0.95052,1.2048,1.5749
104.63,2427.8,-1792.4,5.5137,2564,-1594.9,5.9166e+05,411397,1,-1298.5,-3880.4,2189.2,3143.5,1418.3,836.86,-3116.2,-5005.3,1939.6,8523.8,319037,500,1016,1441,-0.96016,1.2048,1.569
106.03,2393,-1772.7,4.2537,2524.7,-1583.1,5.8919e+05,411395,1,-1494.2,-3966.1,2126.7,3096.8,1330.3,896.79,-3269,-5013.5,1831.5,8592.2,319242,500,1016,1441,-0.96977,1.2048,1.5631
107.28,2356.1,-1751,3.1865,2483,-1569.4,5.8677e+05,411393,1,-1484.6,-4163.7,2285.5,3229.9,1038.3,1228.4,-3410.3,-4954.9,1685.7,8763.9,319736,500,1016,1441,-0.97935,1.2048,1.5571
106.79,2315,-1726.7,2.3612,2438.4,-1551.3,5.8473e+05,411391,1,-1447,-4445.6,2539.3,3404.9,726.63,1606,-3571.1,-4921.3,1554.3,9077.1,320814,500,1016,1441,-0.98888,1.2048,1.5511
105.76,2272.9,-1701.6,1.7121,2393,-1531.7,5.8316e+05,411389,1,-1611.2,-4472.6,2444.2,3235.6,719.07,1532.8,-3591.2,-4927.2,1517.2,9021.4,320613,500,1016,1441,-0.99838,1.2048,1.545
106.66,2232.8,-1676.3,1.339,2348,-1514.4,5.8161e+05,411387,1,-1851.6,-4439.2,2258.5,2960.8,788.69,1324,-3579.6,-4966.7,1538.3,8900.8,320215,500,1016,1441,-1.0078,1.2048,1.5388
112.31,2200,-1653.1,1.1984,2306.5,-1505.1,5.7939e+05,411385,1,-2146.8,-4493.3,2113.3,2596.4,942.66,979.06,-3515.4,-5126,1703.8,8910.1,320256,500,1016,1441,-1.0173,1.2048,1.5326
120.81,2170.3,-1630.2,1.1203,2265.7,-1499.6,5.7682e+05,411383,1,-2344.9,-4338.6,1848.9,2502.2,1180.9,746.83,-3606.6,-5216.3,1695,8890.7,320181,500,1016,1441,-1.0266,1.2048,1.5263
133.22,2142.9,-1606,1.1077,2223.6,-1498.2,5.7388e+05,411381,1,-2390.9,-4091.5,1614.4,2674.7,1513.1,623.09,-3808.1,-5326.8,1627.7,8967.7,320439,500,1016,1441,-1.036,1.2048,1.52
145.88,2112.6,-1579,1.2214,2178,-1494.7,5.7024e+05,411379,1,-2151.9,-3766,1509,3046.9,1627.7,812.33,-3979.5,-5217.3,1398.8,8871.1,320115,500,1016,1441,-1.0453,1.2048,1.5136
155.99,2076.4,-1549.2,1.0142,2128.5,-1485,5.6682e+05,411377,1,-1914.3,-3892,1781.9,3677.7,1535.7,1344.4,-4303.7,-5269.3,1211.5,9350.6,321793,500,1016,1441,-1.0546,1.2048,1.5072
158.81,2031.4,-1517.5,0.54606,2076.6,-1463.6,5.6368e+05,411375,1,-1349,-3712,2023.5,3815.4,1113.4,1810.6,-4063.6,-4837,1000.9,8926.4,320306,500,1016,1441,-1.0638,1.2048,1.5007
152.55,1977.9,-1485.3,0.022727,2024.4,-1429.4,5.6094e+05,411373,1,-839.86,-3989.7,2617.5,4131.4,360.15,2676.9,-3972.7,-4483.7,764.8,9182.1,321274,500,1016,1441,-1.073,1.2048,1.4941
140.61,1921.5,-1454.9,-0.62906,1974.9,-1388.6,5.61e+05,411371,1,-829.62,-4212.9,2816.5,3767.9,-300.02,2987.9,-3686.5,-4165.3,696.35,9000.5,320546,500,1016,1441,-1.0821,1.2048,1.4875
129.55,1870.5,-1428.3,-1.3507,1930.9,-1351.7,5.6251e+05,411369,1,-763.23,-3867,2578.9,3127.7,-497.82,2708.3,-3166.1,-3775.9,734.17,8023.2,317143,500,1016,1441,-1.0912,1.2048,1.4808
120.74,1825.8,-1404.9,-1.8599,1891.6,-1320.4,5.6113e+05,411367,1,-1114.5,-4050,2487.5,2798,-692.53,2655.1,-3181.2,-3792.5,733.89,8014.5,317096,500,1016,1441,-1.1003,1.2048,1.4741
1464.1,3141.9,-830.46,527.63,1747.9,-3061.2,6.0859e+05,410015,1,1.7527e+05,66664,49996,-3497.6,-4232.1,1303.6,77568,27643,23601,2.1221e+05,365389,500,1051,1443,-0.91765,1.216,1.5857
-7.3775,2852.2,-1699.9,358.97,2815.1,-1723.7,6.0806e+05,410013,1,63799,21086,20958,24162,7755.5,8225,45160,13207,16229,90238,356495,500,1042,1442,-0.92736,1.216,1.58
54.441,2519.4,-1890.7,16.478,2725,-1580.9,6.0291e+05,410011,1,-2849.2,-3989.4,1395,12682,3605.5,4732.2,3781,-3886.2,5229.3,16702,334826,500,1042,1442,-0.93704,1.216,1.5743
46.971,2486.2,-1888,7.9376,2702,-1564.4,5.966e+05,410009,1,-783.3,-3625.3,2337.4,3039.9,1182.8,920.27,-2300.1,-4733.8,2279,8203.7,317881,500,1042,1442,-0.94668,1.216,1.5685
36.738,2217.2,-1739.3,1.8254,2418.2,-1447.5,5.7969e+05,409995,1,-2431.7,-4740.8,2157.4,2337.7,1110.8,669.76,-3515.5,-5425.9,1982.1,9269.2,321566,500,1016,1441,-1.0132,1.216,1.5264
49.079,2194.5,-1719.3,2.1883,2381.6,-1449.9,5.7688e+05,409993,1,-2771.5,-4692,1892.9,2106.7,1547.3,179.5,-3581.7,-5753.7,2197.3,9534.4,322378,500,1016,1441,-1.0225,1.216,1.5202
64.311,2171.6,-1697.2,2.3492,2342.3,-1454.1,5.7424e+05,409991,1,-2790.9,-4532.4,1740.1,2616.4,1952.3,215.07,-4010.8,-5973.9,2066.1,9904.9,323494,500,1016,1441,-1.0318,1.216,1.5139
78.894,2143.2,-1670.9,2.3194,2297.4,-1453.7,5.7114e+05,409989,1,-2593.2,-4399.9,1757.7,3128,2007.3,541.48,-4304.3,-5964.7,1836.9,10038,323789,500,1016,1441,-1.0411,1.216,1.5075
89.162,2103.9,-1639.3,1.807,2245.1,-1442.7,5.6763e+05,409987,1,-2147.7,-4549.5,2191.2,4144.3,1842.8,1403,-4793.9,-6005.3,1520.6,10677,325353,500,1016,1441,-1.0503,1.216,1.5011
90.047,2049.6,-1602.5,0.87616,2185.6,-1414.3,5.6464e+05,409985,1,-1413.6,-4897.9,2987.9,4813.6,922.49,2664.2,-4869.4,-5576.3,1086.7,11046,326140,500,1016,1441,-1.0595,1.216,1.4946
78.615,1982.3,-1563.6,-0.12346,2123.7,-1367.6,5.6311e+05,409983,1,-1133.1,-5252.7,3482.7,4838.5,135.37,3364.5,-4718.1,-5237.6,894.48,11236,326479,500,1016,1441,-1.0687,1.216,1.4881
65.067,1917.2,-1528,-1.189,2066.7,-1320.3,5.6403e+05,409981,1,-1191.1,-5323.9,3505.2,4378.6,-182.5,3327.4,-4404.8,-5056,952.4,10872,325796,500,1016,1441,-1.0778,1.216,1.4815
55.358,1861.1,-1497.1,-2.2944,2016.4,-1281.5,5.6408e+05,409979,1,-1520.7,-5266.7,3225,3457.7,-609.32,3049.3,-3937.3,-4726.8,999.01,10046,323812,500,1016,1441,-1.0868,1.216,1.4749
49.86,1813.8,-1469.8,-3.1111,1971.5,-1251.3,5.6157e+05,409977,1,-1732.3,-5107.6,2941,2843.4,-806.92,2790.1,-3661.9,-4497.4,994.79,9427.8,322017,500,1016,1441,-1.0959,1.216,1.4682
-13.598,2206.1,-1799.5,3.7619,2475.7,-1405.9,5.7519e+05,408605,1,-3110.7,-4989.8,1939.7,2108.4,2017.8,-202.5,-3806.8,-6356,2574.2,10412,324642,500,1016,1441,-1.0276,1.2272,1.5077
3.3777,2181,-1775.2,3.6254,2433,-1410.1,5.7178e+05,408603,1,-2696.4,-5267.2,2451.2,3679.7,2059.5,862.28,-4731.7,-6680.4,2196.4,11462,326907,500,1016,1441,-1.0368,1.2272,1.5013
9.4524,2132.1,-1740.3,2.3363,2375.2,-1390.2,5.6857e+05,408601,1,-2049.6,-5548.5,3119.5,4829.9,1384.3,2251.1,-5259.6,-6419.8,1581.7,12100,328369,500,1016,1441,-1.046,1.2272,1.4949
-0.17864,2061.2,-1698.4,0.77469,2308.1,-1343.6,5.6639e+05,408599,1,-1321.8,-6208.9,4191.3,5930.8,664.77,3650.6,-5659.5,-6341,1228,13437,331440,500,1016,1441,-1.0552,1.2272,1.4885
-17.625,1982.3,-1654.9,-0.50566,2239.7,-1285.4,5.6615e+05,408597,1,-1357.3,-6538.2,4443,5403.3,-85.2,3950.6,-5317.2,-5992.4,1146.5,13215,331107,500,1016,1441,-1.0643,1.2272,1.482
-33.034,1910.3,-1615.7,-1.7928,2177.4,-1232.8,5.6614e+05,408595,1,-1847.8,-6770.7,4292,4400.7,-610.64,3715.4,-4859.2,-5767.8,1261.8,12637,330062,500,1016,1441,-1.0734,1.2272,1.4754
-42.147,1849.6,-1581.3,-3.2162,2122,-1191.8,5.6471e+05,408593,1,-2291.5,-6792.6,3990,3666,-782.13,3353.6,-4606.7,-5673.5,1348.9,12159,328535,500,1016,1441,-1.0824,1.2272,1.4688
-91.238,2154.5,-1852.3,2.5064,2519.2,-1317,5.692e+05,407219,1,-1937.6,-6828.2,4324.3,5832.3,1351.9,2956.7,-5875.5,-7271.5,1935.4,14311,332496,500,1016,1441,-1.0417,1.2384,1.4887
-112.17,2065.4,-1804.3,0.5223,2443.3,-1250.8,5.6797e+05,407217,1,-1345.5,-7905.5,5662.4,6691.6,7.923,4740.4,-6279.7,-7022.8,1422.3,15950,334120,500,1016,1441,-1.0508,1.2384,1.4823
-135.7,1977.3,-1757.9,-0.83187,2370.6,-1182.6,5.6821e+05,407215,1,-1764.2,-8422.7,5816.3,5747,-651.63,4680.3,-5871.9,-6889.4,1572.4,15737,333904,500,1016,1441,-1.0599,1.2384,1.4759
-154.79,1900.2,-1717.3,-2.0403,2306.4,-1124.4,5.6609e+05,407213,1,-2193.9,-8202.4,5311.4,4857.7,-733.2,4146,-5451.9,-6672.7,1656.6,14786,332988,500,1016,1441,-1.0689,1.2384,1.4693
-221.13,2170.8,-1979.7,3.1662,2683.5,-1216.4,5.6905e+05,405843,1,-1926.3,-9350.7,6534.5,7238.6,732.66,4456.7,-6925.1,-8565,2365.4,18263,336194,500,1016,1441,-1.0373,1.2495,1.4825
-253.7,2062.4,-1925.3,0.27239,2597.9,-1129.6,5.6954e+05,405841,1,-1615.7,-10537,7791.3,8019.5,-268.04,5901.5,-7451.8,-8653.4,2063.3,20205,337602,500,1016,1441,-1.0464,1.2495,1.4761
-284.66,1964.5,-1876.8,-1.4102,2521.8,-1050.1,5.6859e+05,405839,1,-2188.7,-10782,7601.2,6411.5,-1086.6,5517.7,-6677,-8234.8,2218.1,19206,336874,500,1016,1441,-1.0554,1.2495,1.4697
-453.15,2046.7,-2077.7,-0.66103,2792.8,-954.65,5.7111e+05,404471,1,-2823.1,-15820,11597,9015.7,-1775.2,7917.6,-9068.8,-11316,3296.3,27587,342213,500,1016,1441,-1.0419,1.2606,1.4698
