"Cartesian Velocity:0","Cartesian Velocity:1","Cartesian Velocity:2","Spherical Velocity:0","Spherical Velocity:1","Spherical Velocity:2","Pressure","PointID","RegionId","GSV:0","GSV:1","GSV:2","GSV:3","GSV:4","GSV:5","GSV:6","GSV:7","GSV:8","magGSV","magGSV_Order","DescendingManifold","AscendingManifold","MorseSmaleManifold","Points:0","Points:1","Points:2"
-4483.5,-43.752,-2149.7,66.444,2384.4,4363,6.0757e+05,80847,1,-123.03,-4120.2,8739,3.3129,16782,-36224,1500,-62175,1.3497e+05,1.5419e+05,362391,273,207,3382,-0.48181,1.9488,0.89725
-4338.1,47.519,-2401.1,5.4542,2625.3,4206.5,6.0011e+05,82317,1,1082.1,4462.7,-9300.3,-1699.5,1099.3,-3319.4,8754.6,-1561.1,8048,16326,334492,273,207,3382,-0.47112,1.9571,0.88491
-4470.5,-17.068,-2225.1,32.144,2451.5,4350.3,6.0694e+05,80845,1,2522.9,-3301.6,8356.2,-3431.1,16900,-38270,15361,-62646,1.4319e+05,1.6283e+05,362992,273,207,3382,-0.46984,1.9518,0.89725
-4442.1,-28.488,-2143,25.188,2358.5,4331.5,6.0695e+05,80843,1,1599.2,-3580.7,8485.5,-5608.6,18517,-42873,23676,-69026,1.612e+05,1.8333e+05,364143,273,207,3382,-0.45786,1.9546,0.89725
-4422.7,-44.255,-2061.2,16.314,2265,4322.1,6.071e+05,80841,1,1283.8,-661.37,1977.8,-5021.4,13938,-32656,20312,-51367,1.212e+05,1.3796e+05,361146,273,206,3381,-0.44585,1.9574,0.89725
-4404.3,-68.199,-1946.6,13.84,2138.4,4314.9,6.0745e+05,80839,1,2014.4,-867.98,2765.6,-6161.9,15910,-37445,25257,-58560,1.3902e+05,1.5842e+05,362668,273,206,3381,-0.43384,1.9601,0.89725
-4378.9,-107.76,-1765.4,23.414,1944.2,4303.8,6.0802e+05,80837,1,1830.3,-824.47,2570.9,-8776.6,17606,-42301,31999,-63611,1.5295e+05,1.7507e+05,363712,273,206,3381,-0.4218,1.9627,0.89725
-4207.6,-508.59,-70.24,277.19,200.83,4225,6.1114e+05,80833,1,11841,20.661,5143.9,-24734,18019,-50304,81765,-51511,1.4891e+05,1.8748e+05,364367,273,217,3391,-0.39768,1.9677,0.89725
-4333.4,-212.17,-1322.9,78.083,1483.9,4285.4,6.093e+05,80835,1,5300.5,2048.1,-2146.2,-13980,11619,-31676,58128,-38384,1.1005e+05,1.354e+05,360947,273,206,3381,-0.40975,1.9652,0.89725
-4195.1,70.223,-2422.5,2.637,2640.3,4062.2,5.9755e+05,83791,1,1167,4697.5,-9937.5,-2190.6,114.2,-1443.3,10650,2142.5,943.97,15747,333919,273,218,3392,-0.47238,1.9623,0.87254
-4162.3,46.401,-2289.6,4.2921,2496.2,4042,5.9834e+05,83789,1,1307.1,4691.4,-9870,-2159.9,99.846,-1367,10431,2085.8,827.11,15541,333723,273,207,3382,-0.46033,1.9652,0.87254
-4306.7,23.973,-2271.1,6.5649,2483.8,4187.7,6.0073e+05,82315,1,1069.1,4559.9,-9549.5,-2143.7,586.65,-2399.2,9904.2,297.62,4432.9,15545,333731,273,207,3382,-0.4591,1.9599,0.88491
-4283.1,-2.9119,-2146.9,4.2285,2347,4176.7,6.0026e+05,82313,1,854.8,4550.7,-9662.4,-2312.4,430.06,-2116.5,10236,812.76,3347.3,15539,333722,273,206,3381,-0.44707,1.9627,0.88491
-4261.1,-29.363,-2020.1,3.7755,2208.4,4166.8,6.0023e+05,82311,1,895.13,4595.2,-9754.6,-2397.3,498.58,-2278.2,10931,690.97,3817.6,16211,334374,273,206,3381,-0.43502,1.9654,0.88491
-4235.6,-54.291,-1891.3,4.9872,2068.2,4152.5,6.0076e+05,82309,1,1513.9,4665.2,-9670.6,-3042.1,789.51,-3189.7,14235,-257.37,7290.1,19836,337320,273,206,3381,-0.42295,1.968,0.88491
-4163.4,-89.352,-1652.7,9.7453,1809.6,4098.6,6.0415e+05,82305,1,4267.3,4277.6,-7638,-4815,3659.8,-10285,24563,-11151,35752,47361,349260,273,217,3391,-0.39877,1.9731,0.88491
-4097.6,-90.345,-1552.7,14.485,1702.5,4038.7,6.0614e+05,82303,1,6363,1469.2,-529.4,-11146,13533,-34814,48848,-50567,1.3322e+05,1.5573e+05,362491,273,217,3391,-0.38665,1.9755,0.88491
-4205.6,-76.351,-1765.6,6.8423,1931.7,4132.6,6.0192e+05,82307,1,2027,4599.6,-9310.5,-1876.3,2045.5,-5397.1,10870,-4810.9,15644,23126,339584,273,217,3391,-0.41087,1.9706,0.88491
-3769.1,156.97,-2571.4,1.0016,2780.2,3621.2,5.9103e+05,88227,1,752.87,4518.8,-10213,-2631.3,-151.62,-1175.4,11163,2780,-48.348,16308,334481,273,307,3401,-0.48819,1.9746,0.83524
-3896,107.44,-2429.7,1.0336,2633.7,3762.7,5.9408e+05,86745,1,906.5,4596.4,-10188,-2462.6,-93.892,-1161.5,10866,2630.9,-34.878,16068,334230,273,307,3401,-0.47485,1.9726,0.84771
-4046,89.946,-2428.9,1.8493,2640,3912.6,5.9569e+05,85267,1,1081.5,4696.4,-10121,-2276.6,9.5736,-1272.4,10678,2433.6,311.68,15890,334057,273,307,3401,-0.47363,1.9675,0.86014
-4017.5,63.084,-2293.9,2.4862,2493.6,3897.3,5.9558e+05,85265,1,1130.1,4634.3,-10024,-2236.4,-26.375,-1138.6,10399,2391.8,90.543,15602,333774,273,307,3401,-0.46155,1.9703,0.86014
-4137.9,18.16,-2160,2.7116,2354.3,4030.5,5.9794e+05,83787,1,923.81,4612.4,-9928.3,-2259.4,77.706,-1335.3,10157,2044.3,604.57,15340,333533,273,206,3381,-0.44827,1.968,0.87254
-4115,-8.5219,-2031.6,2.4814,2214.4,4019.6,5.9783e+05,83785,1,973.69,4639.2,-9996.9,-2124.8,121.58,-1331.7,10082,1982,537.45,15316,333505,273,206,3381,-0.43618,1.9707,0.87254
-4059,-52.941,-1784.6,4.7504,1946.2,3984.3,5.9859e+05,83781,1,1966,4803.6,-9952.5,-1457.2,303.06,-1374.8,9274.3,1584.1,790.86,14807,333010,273,217,3391,-0.41197,1.9759,0.87254
-4090.4,-33.116,-1905.5,3.051,2077.2,4006,5.9815e+05,83783,1,1307.6,4688.9,-9971.6,-1874.5,187.1,-1334.7,9806.2,1837.9,608.22,15112,333310,273,206,3381,-0.42408,1.9733,0.87254
-4017.1,-65.921,-1673.9,6.9264,1826.6,3950.5,5.9971e+05,83779,1,2849,4924.2,-9861.4,-909.36,412.87,-1352.5,8345.3,1284.7,910.44,14303,332489,273,217,3391,-0.39984,1.9784,0.87254
-3965.6,-72.993,-1575.6,8.1983,1720.1,3905.8,6.011e+05,83777,1,2910.1,4563.4,-9063.2,-797.8,299.44,-1031.3,7633.7,1141,798.55,13170,331026,273,217,3391,-0.38769,1.9808,0.87254
-4049.3,-99.386,-1466.1,10.285,1606.1,3997.1,6.0679e+05,82301,1,1561.1,1429,-2585,-4306.9,12897,-30397,18211,-48026,1.1409e+05,1.2952e+05,360480,273,216,3390,-0.37452,1.9778,0.88491
-3507.2,263.85,-2872.4,0.28707,3089.9,3327.6,5.8816e+05,91197,1,222.55,4505.1,-10844,-3140.8,-224.52,-1442,12097,3045.4,234.75,17482,335526,273,307,3401,-0.51493,1.9783,0.81022
-3643.6,206.83,-2716.9,0.42562,2929.9,3480.8,5.9038e+05,89711,1,524.29,4460.7,-10430,-2895.6,-217.8,-1246.6,11701,2966.1,8.3339,16872,334972,273,307,3401,-0.50155,1.9765,0.82275
-3620.4,173.17,-2568.6,0.59901,2770.1,3473,5.8853e+05,89709,1,769.58,4457.6,-10237,-2681.3,-195.97,-1119.9,11304,2876.9,-196.97,16427,334578,273,307,3401,-0.48941,1.9796,0.82275
-3747.6,123.72,-2427.4,0.57724,2624.3,3614.5,5.9146e+05,88225,1,786.55,4495.5,-10212,-2588.9,-152.74,-1120.7,11044,2750.3,-199.47,16207,334369,273,307,3401,-0.47606,1.9776,0.83524
-3723.4,93.768,-2288.5,0.73504,2474.2,3603.9,5.9012e+05,88223,1,949.38,4463.1,-10066,-2369,-126.59,-1019.9,10643,2645,-348.15,15786,333953,273,307,3401,-0.46392,1.9805,0.83524
-3870.5,78.796,-2292.8,1.3683,2485.5,3750.5,5.9306e+05,86743,1,1111.8,4557.7,-10035,-2238.8,-83.041,-1027.4,10443,2541.4,-237.55,15632,333800,273,307,3401,-0.46274,1.9755,0.84771
-3842.9,52.669,-2161.7,1.5067,2343.5,3735.2,5.9284e+05,86741,1,1072,4561.5,-10045,-2184.4,-50.292,-1040,10169,2417.4,-236.36,15427,333623,273,307,3401,-0.45061,1.9783,0.84771
-3991,36.517,-2163.8,2.1181,2352,3883.2,5.9568e+05,85263,1,1041.3,4622.9,-10060,-2206.6,10.687,-1176.8,10182,2292,61.027,15455,333645,273,307,3401,-0.44945,1.9731,0.86014
-3966.8,9.7119,-2034.7,1.7428,2211.7,3871,5.9593e+05,85261,1,961.45,4599.3,-10087,-2144.4,27.579,-1157.2,10017,2216,12.496,15330,333519,273,307,3401,-0.43733,1.9759,0.86014
-3942.5,-15.056,-1909.2,1.9893,2075.4,3857.7,5.9578e+05,85259,1,1284.6,4651.5,-10056,-1851.5,106.79,-1158.2,9652.3,2030.6,90.374,15050,333242,273,206,3381,-0.4252,1.9785,0.86014
-3911.9,-35.002,-1789.8,3.1697,1946.2,3836.7,5.9572e+05,85257,1,1853.7,4716.2,-9974.1,-1457.2,176.13,-1106,9062.6,1852.8,84.943,14633,332833,273,206,3381,-0.41305,1.9811,0.86014
-3873.5,-49.59,-1679.5,4.4974,1826.8,3806.6,5.9628e+05,85255,1,2285.9,4614.4,-9576.2,-1127.9,175.53,-930.36,8366.2,1686,11.315,13901,332026,273,217,3391,-0.40089,1.9836,0.86014
-3834.5,-62.156,-1578,4.4488,1716.5,3775,5.9729e+05,85253,1,2177.8,4328.9,-9010.3,-1030.3,100.53,-697.53,7758.2,1573,-126.46,12996,330727,273,217,3391,-0.38871,1.986,0.86014
-3799.8,-74.221,-1482.9,3.4588,1612.8,3747.3,5.986e+05,85251,1,1798.7,4171.4,-8854,-1068.5,101.06,-700.41,7470.9,1517.9,-240.51,12603,330001,273,215,3389,-0.37652,1.9883,0.86014
-3926.1,-84.536,-1483.5,5.6042,1618.6,3873.3,6.02e+05,83775,1,1821.6,4081,-8487.8,-1170.5,155.96,-855.6,7468.4,1161,569.64,12603,330002,273,216,3390,-0.37553,1.9831,0.87254
-3902.5,-100.76,-1388.5,2.8968,1514,3856.9,6.0252e+05,83773,1,999.24,4162.2,-9053.4,-1399.1,214.83,-1069.9,7769.6,1272.1,335.53,12866,330479,273,215,3389,-0.36335,1.9854,0.87254
-4036,-118.27,-1382.9,2.1187,1511.5,3991.4,6.0822e+05,82299,1,669.45,1326.1,-2744.4,-4513.7,15669,-36615,18397,-58096,1.3639e+05,1.547e+05,362430,273,216,3390,-0.36238,1.9801,0.88491
-3346,286.12,-2876.6,-0.016844,3086.8,3166.1,5.8763e+05,92683,1,-16.371,4516.9,-11241,-3333.7,-233.08,-1578.8,12449,3116.3,310.08,18034,336008,273,307,3401,-0.51617,1.983,0.79766
-4027.2,-139.38,-1277.5,1.6758,1396.2,3990,6.0983e+05,82297,1,-2170.6,2915,-7406.8,-5824.1,16090,-38043,20744,-57740,1.3642e+05,1.5551e+05,362476,273,215,3389,-0.35022,1.9823,0.88491
-3490.1,225.45,-2716.8,0.10584,2922.4,3327.4,5.8851e+05,91195,1,276.79,4489.9,-10828,-3074.8,-219.72,-1379.3,11986,3024.7,61.796,17369,335412,273,307,3401,-0.50278,1.9814,0.81022
-3471.3,188.85,-2564.3,0.080293,2758.4,3324.5,5.8718e+05,91193,1,519.09,4412.4,-10495,-2828.8,-213.65,-1191,11529,2936.9,-210.18,16761,334884,273,307,3401,-0.49061,1.9844,0.81022
-3598.1,140.21,-2423.9,0.40736,2614,3465.4,5.8834e+05,89707,1,729.48,4403.1,-10187,-2610.3,-184.31,-1070.4,11077,2801.4,-323.96,16197,334355,273,307,3401,-0.47725,1.9825,0.82275
-3577.7,107.93,-2282.1,0.27951,2460.9,3458.8,5.8768e+05,89705,1,791.62,4382.7,-10146,-2475.9,-151.8,-1040.3,10778,2693.3,-388.53,15924,334096,273,307,3401,-0.46508,1.9854,0.82275
-3553.6,79.474,-2147.1,0.41283,2315.4,3447.2,5.8686e+05,89703,1,885.13,4301.9,-9919.2,-2261,-134.33,-924.29,10295,2575.7,-544.74,15381,333587,273,307,3401,-0.45289,1.9882,0.82275
-3697.6,66.366,-2155.1,0.91994,2330.1,3590.6,5.8925e+05,88221,1,1034.5,4424.2,-9934.4,-2180.6,-98.776,-941.21,10159,2507,-468.47,15320,333507,273,307,3401,-0.45176,1.9833,0.83524
-3819,25.589,-2032.4,1.0376,2203.1,3723.2,5.9336e+05,86739,1,981.87,4490.9,-10001,-2128.6,-41.481,-1009,9969.5,2351.6,-324.29,15222,333422,273,307,3401,-0.43846,1.981,0.84771
-3794.6,0.98621,-1907.2,1.2873,2067.5,3709.7,5.9273e+05,86737,1,1128.2,4525.4,-10017,-1944.5,19.435,-1028.3,9679.5,2213.7,-287.79,15020,333215,273,307,3401,-0.4263,1.9836,0.84771
-3766.5,-20.515,-1787,1.887,1937.5,3691.4,5.9251e+05,86735,1,1538.4,4481.4,-9748.9,-1603.6,48.272,-897.13,9103.7,2054.8,-366.27,14426,332617,273,206,3381,-0.41412,1.9862,0.84771
-3733.8,-37.796,-1675.1,2.5046,1816.5,3667.3,5.9289e+05,86733,1,1785,4362.5,-9386.6,-1321.2,44.442,-730.77,8428.3,1908.5,-480.21,13694,331760,273,206,3381,-0.40193,1.9887,0.84771
-3701.4,-52.54,-1571.9,2.4317,1704.6,3642.6,5.9381e+05,86731,1,1819.2,4219.4,-9073.5,-1128.2,50.341,-637.03,7832.1,1779.5,-578.68,13037,330811,273,206,3381,-0.38972,1.9911,0.84771
-3670.5,-65.513,-1474.9,2.1262,1599.4,3618.6,5.9515e+05,86729,1,1755.2,4096.7,-8852.4,-1013.7,51.509,-572.76,7474.4,1705.4,-682.13,12603,329998,273,206,3381,-0.37749,1.9935,0.84771
-3639.5,-77.1,-1381.2,2.103,1497.8,3593.9,5.9603e+05,86727,1,1757.8,4101.6,-8898.6,-966.8,88.825,-625.15,7395.5,1612.3,-611.25,12574,329929,273,215,3389,-0.36525,1.9958,0.84771
-3770.7,-87.201,-1388.3,2.7247,1509.6,3724.8,5.9945e+05,85249,1,1573.9,4163.6,-8968.7,-1116.2,144.82,-806.74,7644.7,1506.3,-251.3,12765,330296,273,215,3389,-0.36431,1.9906,0.86014
-3742.7,-100.84,-1289.4,3.517,1402.6,3703.2,5.9861e+05,85247,1,1919.4,4335.8,-9248.7,-959.94,269.52,-1017.3,7820.2,1311.3,168.27,13151,330993,273,215,3389,-0.35209,1.9928,0.86014
-3879.9,-117.48,-1284.6,3.6884,1401.1,3841.1,6.0171e+05,83771,1,1655,4539.4,-9675.7,-1197.9,363.85,-1311.1,8422.9,1309,406.59,13895,332017,273,215,3389,-0.35116,1.9876,0.87254
-3331.5,245.75,-2717.2,-0.10909,2915.7,3168.7,5.8751e+05,92681,1,105.17,4441.4,-10997,-3147.2,-224.98,-1421.2,12069,3036,34.851,17536,335566,273,307,3401,-0.50399,1.9862,0.79766
-4011.2,-183.8,-1073.1,18.97,1180.5,3985.1,6.0934e+05,82295,1,2103,7218.5,-15348,-14115,18279,-45968,50249,-58379,1.4873e+05,1.7605e+05,363778,273,215,3389,-0.33806,1.9844,0.88491
-3931.7,-412.89,-73.282,180.18,159.26,3946.6,6.119e+05,82293,1,8339.6,7217.8,-13147,-20004,14130,-38986,88349,-41077,1.245e+05,1.6555e+05,363176,273,228,3399,-0.32587,1.9864,0.88491
-3842.6,-128.41,-1177.4,8.9139,1286.6,3809.5,6.0243e+05,83769,1,3351.8,5025.4,-10162,-3061.2,1374.6,-4289.5,18103,-1853.1,11123,24986,340868,273,228,3399,-0.33896,1.9897,0.87254
-3428.4,123.96,-2277.1,0.067623,2449.5,3309.7,5.859e+05,91189,1,701.6,4285.1,-10106,-2499,-172.69,-1008.2,10776,2713.3,-480.28,15874,334042,273,307,3401,-0.46622,1.9903,0.81022
-3410.4,92.247,-2137.9,0.0073385,2299.7,3304.7,5.8569e+05,91187,1,598.41,4183.3,-9972.7,-2381.6,-150.24,-972.27,10412,2582.9,-500.01,15469,333656,273,307,3401,-0.454,1.9931,0.81022
-3389.7,65.288,-2008.7,0.12169,2160.8,3295.5,5.8463e+05,91185,1,702.87,4099.9,-9726.6,-2156.2,-117.57,-890.32,9900.2,2434.8,-587.23,14888,333087,273,307,3401,-0.44176,1.9959,0.81022
-3530.2,53.093,-2018.2,0.42067,2176.4,3435.3,5.8669e+05,89701,1,935.9,4240.8,-9749.6,-2088.6,-99.844,-873.87,9856.4,2421.9,-591.04,14914,333109,273,307,3401,-0.44068,1.991,0.82275
-3674,39.756,-2026.3,0.6833,2190.8,3578.6,5.8964e+05,88219,1,1010.4,4396.4,-9907.4,-2075.5,-59.054,-947.53,9875.5,2379.3,-473.91,15071,333259,273,307,3401,-0.43958,1.986,0.83524
-3649.5,15.063,-1901,0.88177,2055.3,3564.9,5.8892e+05,88217,1,1047.8,4321.4,-9766.9,-1941,-41.961,-892.71,9578.2,2272.9,-520.89,14728,332931,273,307,3401,-0.42739,1.9887,0.83524
-3625.5,-8.2687,-1779.6,1.0706,1924.2,3550.8,5.8871e+05,88215,1,1121.9,4216.1,-9512.5,-1772.7,-29.279,-810.73,9160.9,2138.3,-557.63,14217,332406,273,307,3401,-0.41518,1.9913,0.83524
-3599,-28.218,-1665.4,1.3226,1800.9,3533.3,5.8911e+05,88213,1,1539.9,4192.7,-9238.4,-1410.3,2.8607,-686.32,8487.5,1992.8,-657.67,13572,331616,273,206,3381,-0.40295,1.9938,0.83524
-3540.9,-57.471,-1463,1.4932,1582.1,3489.8,5.909e+05,88209,1,1663.2,3977.6,-8754.2,-1035.5,18.4,-511.47,7479.8,1781.5,-880.28,12508,329771,273,206,3381,-0.37845,1.9986,0.83524
-3570.5,-43.952,-1561.1,1.5228,1688.2,3512.4,5.8974e+05,88211,1,1479,4022.7,-8948.4,-1237.3,2.0182,-585.92,7945.7,1889.8,-800.55,12949,330650,273,206,3381,-0.39071,1.9962,0.83524
-3479.1,-79.502,-1277.5,2.2493,1382,3439.9,5.917e+05,88205,1,2133.3,3978.4,-8630.9,-721.84,76.915,-492.65,6987.8,1603,-864.89,12157,328528,273,215,3389,-0.3539,2.0031,0.83524
-3511.5,-69.673,-1368.5,1.5598,1480,3466.6,5.9166e+05,88207,1,1798.3,3934.1,-8635.5,-903.34,33.351,-476.36,7238.5,1711.8,-926.77,12268,328906,273,206,3381,-0.36618,2.0009,0.83524
-3607,-87.745,-1287.7,2.9146,1396.7,3567.3,5.9581e+05,86725,1,2380.3,4237.9,-9004.5,-628.5,200.44,-732.4,7088.1,1376,-310.59,12566,329915,273,215,3389,-0.353,1.998,0.84771
-3701.9,-107.07,-1196.1,7.1247,1302.7,3667.3,5.9857e+05,85245,1,3339.2,4575.7,-9323.7,-66.093,451.77,-1078.3,6440.5,855.61,563.93,12764,330294,273,215,3389,-0.33985,1.9949,0.86014
-3684.1,-90.804,-1079,16.446,1182.7,3653.2,6.0896e+05,83765,1,6139,4230.6,-7447.6,-7501,9562.7,-24365,37018,-34548,91585,1.0865e+05,358622,273,228,3399,-0.31452,1.9937,0.87254
-3773.7,-119.13,-1100.6,16.12,1206,3743.2,6.0554e+05,83767,1,5617.4,5274.5,-9935.7,748.49,4816.5,-10641,6441.8,-14728,35762,42806,348086,273,228,3399,-0.32675,1.9917,0.87254
-3639.6,-99.719,-1125.9,11.282,1228.1,3607.7,6.0036e+05,85243,1,5188.9,4653.1,-8823.5,1028.7,551.25,-888.15,4403.3,413.05,716.55,12192,328630,273,228,3399,-0.32761,1.997,0.86014
-3232.8,51.673,-1874.6,0.039114,2011.7,3149.8,5.8304e+05,92669,1,506.11,3834.6,-9357.2,-2047.7,-94.985,-867.8,9495.9,2237.2,-490.5,14244,332427,273,307,3401,-0.43054,2.0034,0.79766
-3248.6,78.325,-2000.1,-0.053785,2146.3,3155,5.8359e+05,92671,1,427.98,3946.3,-9659.6,-2253.6,-123.33,-943,9991.5,2395.5,-457.83,14860,333061,273,307,3401,-0.44283,2.0007,0.79766
-3369,39.875,-1883.9,0.14735,2026.5,3285.4,5.8504e+05,91183,1,847.55,4048.4,-9516.2,-1985.6,-90.789,-830.74,9540.4,2309.1,-620.53,14458,332649,273,307,3401,-0.42951,1.9986,0.81022
-3508,27.607,-1892.3,0.51703,2040.8,3423.9,5.8613e+05,89699,1,878.23,4150.3,-9618.2,-1969.7,-69.703,-855.95,9527.4,2277.5,-571.18,14540,332731,273,307,3401,-0.42845,1.9937,0.82275
-3486.5,4.0019,-1771.6,0.69869,1910.7,3412.3,5.8541e+05,89697,1,917.5,4144,-9570.1,-1869.2,-37.862,-855.49,9269.3,2165.3,-547.28,14309,332491,273,307,3401,-0.41621,1.9962,0.82275
-3465.4,-18.171,-1655.5,0.68063,1785.4,3400.3,5.8633e+05,89695,1,1063.3,4007.3,-9214,-1605.7,-24.255,-730.97,8670.9,2021.5,-650.82,13598,331644,273,307,3401,-0.40396,1.9988,0.82275
-3414.9,-50.644,-1448.8,0.96241,1562.7,3364.7,5.8754e+05,89691,1,1385.2,3831,-8685.1,-1152.6,-2.9831,-527.94,7632.9,1819.4,-889.05,12490,329719,273,206,3381,-0.3794,2.0036,0.82275
-3387.6,-63.206,-1354.1,1.2184,1460.7,3343.6,5.879e+05,89689,1,1662,3758.3,-8421.2,-947.28,6.6583,-439.49,7251.8,1728.7,-977.86,12059,328263,273,206,3381,-0.3671,2.0059,0.82275
-3439.9,-35.351,-1549,0.99935,1670.7,3382.6,5.8632e+05,89693,1,1293.6,3896.5,-8860.5,-1318.5,-19.388,-581.02,8040.3,1915.5,-829.25,12901,330553,273,307,3401,-0.39168,2.0012,0.82275
-3355.4,-73.125,-1263.4,1.8611,1363.2,3316.9,5.8763e+05,89687,1,2053.4,3702.8,-8140.5,-726.45,6.9314,-328.65,6864,1638.9,-1048.2,11650,327314,273,215,3389,-0.35478,2.0081,0.82275
-3439.1,-85.497,-1192.5,3.3488,1290.5,3404.6,5.9207e+05,88203,1,2776.5,3965.6,-8377.2,-328.19,110.58,-401.64,6348.6,1436.7,-834.51,11703,327438,273,215,3389,-0.3416,2.0052,0.83524
-3565,-92.81,-1200.7,5.0912,1303.5,3529.9,5.9567e+05,86723,1,3240,4301,-8866.5,-63.559,270.79,-665.73,6085.2,1130.2,-229.3,12103,328381,273,215,3389,-0.34073,2.0001,0.84771
-3510.6,-89.19,-1130.6,7.3035,1228.4,3478.8,5.9677e+05,86721,1,4196.5,4402.7,-8750.1,454.4,343.95,-633.68,5135.8,874.54,-68.031,11892,327867,273,215,3389,-0.32845,2.0022,0.84771
-3558.8,-82.11,-1082,12.468,1181,3528.2,6.022e+05,85241,1,5182.7,4328.2,-8150.1,948.9,298.42,-340.35,3580.4,640.03,-178.74,11242,326498,273,228,3399,-0.31535,1.999,0.86014
-3495.7,-75.287,-1035.5,8.2293,1128.7,3467.5,6.0322e+05,85239,1,3701.8,4072.5,-8144.5,211.63,175.34,-327.93,4132.3,833.36,-484.42,10715,325445,273,228,3399,-0.30308,2.0009,0.86014
-3621.9,-82.693,-1041.4,9.6103,1138.7,3593.4,6.111e+05,83763,1,3608,3780.6,-7400.5,-2064.9,14969,-34659,12474,-55611,1.304e+05,1.4753e+05,361890,273,228,3399,-0.30228,1.9956,0.87254
-3581.7,-85.846,-979.84,5.6264,1069.9,3556.9,6.1375e+05,83761,1,508.23,4670.9,-10494,-3834.4,17794,-41666,17609,-65824,1.5524e+05,1.759e+05,363767,273,227,3398,-0.29003,1.9974,0.87254
-3551.5,-92.141,-906.94,4.9787,990.21,3530.4,6.1502e+05,83759,1,511.66,5797.9,-13093,-2610.2,13887,-32382,12984,-50446,1.1871e+05,1.3512e+05,360929,273,227,3398,-0.27777,1.9992,0.87254
-3513.4,-114.03,-731.96,10.302,801.88,3500,6.1442e+05,83755,1,-2954.9,9399.6,-22332,-5491.4,20096,-47329,21279,-71285,1.6836e+05,1.9274e+05,364635,273,226,3397,-0.25321,2.0024,0.87254
-3528.9,-100.24,-829.02,5.9057,905.72,3511.4,6.1542e+05,83757,1,972.1,6696.2,-15039,-2476.6,13302,-31010,13034,-47452,1.1184e+05,1.2785e+05,360350,273,227,3398,-0.2655,2.0008,0.87254
-3507.5,-158.82,-519.22,33.525,580.15,3501.4,6.1226e+05,83753,1,-1417.4,11876,-27602,-7908.7,16289,-39329,33165,-53945,1.3209e+05,1.5568e+05,362487,273,225,3396,-0.24092,2.0039,0.87254
-3445.1,-80.801,-1073.8,7.7232,1167,3415.6,5.9817e+05,86719,1,4315.2,3889.3,-7580.3,554.32,114.02,-60.541,4212.4,1007,-811.59,10533,324908,273,228,3399,-0.31616,2.0041,0.84771
-3097.7,65.148,-1869.7,-0.086209,2001.6,3014.9,5.8331e+05,94157,1,168.59,3641.4,-9220.1,-2144.9,-89.321,-951.24,9543.5,2147.4,-244.41,14127,332306,273,307,3401,-0.43156,2.0081,0.78507
-3086.5,39.26,-1748.8,-0.026717,1872.2,3013.5,5.8265e+05,94155,1,189.6,3544,-8972.3,-1990.4,-69.876,-890.35,9148.7,2021.9,-264.71,13628,331686,273,307,3401,-0.41923,2.0107,0.78507
-3215.8,27.645,-1755.1,0.18909,1883.5,3142.4,5.8241e+05,92667,1,475.73,3657.3,-8964.1,-1875,-78.957,-783.6,9007.3,2069.1,-493.67,13555,331597,273,307,3401,-0.41824,2.006,0.79766
-3348.1,16.596,-1764.1,0.39794,1897.7,3274.2,5.8391e+05,91181,1,729.02,3923.7,-9313.7,-1874.6,-61.482,-813.44,9160.6,2138.2,-562.6,13988,332146,273,307,3401,-0.41724,2.0012,0.81022
-3330.4,-6.5632,-1647.4,0.33608,1772.2,3265.7,5.8434e+05,91179,1,668.46,3824.2,-9121.8,-1767.7,-35.777,-795.82,8832.3,1990.4,-505.6,13574,331622,273,307,3401,-0.40495,2.0037,0.81022
-3312.6,-27.048,-1537,0.51715,1653.5,3256.2,5.8402e+05,91177,1,939.81,3752.5,-8823.8,-1462.9,-12.624,-680.32,8215.6,1869.8,-633.91,12916,330581,273,307,3401,-0.39265,2.0061,0.81022
-3290.8,-42.865,-1436.3,0.79313,1545.4,3241.3,5.8434e+05,91175,1,1148.7,3622.1,-8453.7,-1223.3,-7.4109,-556.4,7683.2,1766.1,-778.53,12267,328898,273,307,3401,-0.38033,2.0085,0.81022
-3265.8,-56.634,-1340,1.0407,1441.8,3222.7,5.8466e+05,91173,1,1358.5,3529,-8157.3,-1052.8,-14.364,-442.03,7309.2,1700.2,-911.34,11802,327653,273,307,3401,-0.368,2.0108,0.81022
-3240.3,-69.029,-1247.3,1.294,1342.3,3202.9,5.8508e+05,91171,1,1678.2,3482.4,-7907.1,-833.08,-4.7718,-353.33,6891.1,1611,-981.71,11372,326732,273,206,3381,-0.35565,2.013,0.81022
-3324.3,-82.543,-1176.4,2.0855,1269.4,3290.9,5.8866e+05,89685,1,2466.9,3554.9,-7675.4,-386.47,9.9206,-187.54,6196.2,1516,-1129.8,10945,325939,273,215,3389,-0.34245,2.0102,0.82275
-3388.1,-83.677,-1121.1,5.1445,1214.1,3357,5.9245e+05,88201,1,3399.2,3792.4,-7770.4,104.17,81.005,-152.58,5291.7,1289.9,-1013.3,10819,325702,273,215,3389,-0.32929,2.0073,0.83524
-2497,655.89,-942.07,14.161,1029.6,2548,6.336e+05,85159,1,12342,6642.1,-18262,1679.7,4936.2,-11835,2676.2,-25072,57709,68289,353368,273,231,3400,0.19218,2.0145,0.86014
-3452.4,499.99,-474.53,23.233,528.57,3480.5,6.3714e+05,82215,1,-4634.3,35784,-80056,-1981.7,16050,-35786,9741.1,-67393,1.5006e+05,1.9081e+05,364544,273,209,3383,0.15424,2.0071,0.88491
-3664.8,354.64,93.9,83.743,-65.758,3681.6,6.3542e+05,82213,1,1640.1,27678,-63049,-13996,14989,-31196,54767,-60296,1.2574e+05,1.6906e+05,363376,273,209,3383,0.16655,2.0061,0.88491
-3031.5,407.97,-15.329,119.67,68.434,3055.7,6.3383e+05,83685,1,11449,9354.8,-24009,-9444,8187.4,-16902,41430,-29312,59068,85449,355888,273,209,3383,0.17934,2.0104,0.87254
-3289.6,533.62,-662.04,8.5321,726.93,3319.1,6.3711e+05,82217,1,-9425.2,40190,-89175,890.91,19768,-44627,2700.1,-82814,1.8599e+05,2.3129e+05,365966,273,209,3383,0.14192,2.008,0.88491
-2984.9,485.4,-735.04,5.4994,805.34,3006.1,6.3349e+05,82223,1,-5371.3,29217,-65346,2459.3,16184,-36759,-1395.3,-65912,1.4872e+05,1.823e+05,364098,273,211,3385,0.10494,2.0102,0.88491
-3064.1,510.54,-740.72,5.07,811.36,3088.7,6.3476e+05,82221,1,-6717,36300,-80992,2865,19773,-44915,-3317.6,-81409,1.8382e+05,2.2532e+05,365810,273,210,3384,0.11727,2.0096,0.88491
-3164.4,528.83,-724.5,5.0473,793.63,3191.9,6.3598e+05,82219,1,-5221.1,26686,-59617,1814.6,11261,-25628,-761.5,-47706,1.0761e+05,1.3761e+05,361111,273,209,3383,0.1296,2.0088,0.88491
-3444.1,-333.3,307.49,176.14,-258.85,3459.7,6.1466e+05,83751,1,3714.4,17511,-39073,-9534.8,21978,-52742,38924,-66035,1.6124e+05,1.9255e+05,364628,273,225,3396,-0.22862,2.0054,0.87254
-3387.7,-75.191,-1021.8,5.6375,1109.7,3360.7,5.995e+05,86717,1,3398.8,3460.8,-6973.9,213.76,-1.0513,81.051,4328,1137.1,-1154.3,9673.3,322841,273,228,3399,-0.30386,2.006,0.84771
-3453.2,-77.157,-974.76,5.0915,1061.3,3428.4,6.0338e+05,85237,1,2495.1,3814.3,-8042,-223.38,135.06,-387.54,5060,938.3,-484.19,10601,325140,273,227,3398,-0.29079,2.0027,0.86014
-3419.7,-80.752,-908.46,4.146,988.88,3398.3,6.0367e+05,85235,1,2221.2,3880.8,-8319.2,-243.41,210.22,-567.49,5233.7,802.59,-177.89,10849,325751,273,227,3398,-0.2785,2.0044,0.86014
-3385.3,-82.426,-843.28,4.7485,918.31,3366.7,6.0409e+05,85233,1,2224.3,4000.3,-8629,-208.23,283.04,-722.89,5319.1,643,155.94,11171,326368,273,227,3398,-0.26619,2.0061,0.86014
-3347.3,-82.362,-779.44,6.3749,849.64,3331.2,6.0454e+05,85231,1,2413.2,4519.8,-9822.9,-505.46,639.63,-1631.1,6892.9,-285.02,2670.4,13446,331451,273,226,3397,-0.25388,2.0077,0.86014
-3292.8,-77.19,-716.06,11.095,782.78,3278.5,6.0516e+05,85229,1,4474.9,4833.7,-10031,950.53,1137.1,-2377,3496.3,-2019.6,5662.5,14150,332341,273,225,3396,-0.24156,2.0092,0.86014
-3217.7,-55.197,-695.47,12.912,761.17,3203.3,6.0818e+05,85227,1,5163,5524.6,-11473,-1823.2,3505.8,-8626.9,15560,-11128,30004,39307,347039,273,225,3396,-0.22922,2.0107,0.86014
-3342.4,-84.303,-1055.2,3.9615,1142.3,3314.7,5.9416e+05,88199,1,3312.6,3425.7,-6984.6,162.16,-40.603,156.97,4743.8,1293.9,-1309.8,9871.1,323394,273,215,3389,-0.31697,2.0092,0.83524
-3293.1,-79.836,-999.11,3.6975,1081.6,3267.9,5.9518e+05,88197,1,3396.6,3237.5,-6545.8,334.87,-66.706,283.2,4288.5,1295.1,-1542.9,9354.7,321809,273,228,3399,-0.30463,2.0111,0.83524
-3074.9,16.28,-1635.3,0.025973,1750.7,3010.7,5.8251e+05,94153,1,301.39,3430.7,-8641.2,-1795.3,-44.235,-817.83,8696.9,1869.5,-284.77,13024,330788,273,307,3401,-0.40689,2.0133,0.78507
-3200.6,4.9259,-1640.8,0.13497,1760.8,3136.2,5.8338e+05,92665,1,549.2,3640.4,-8859.2,-1768.3,-47.93,-777.49,8762.3,1953.2,-455.87,13288,331222,273,307,3401,-0.40593,2.0085,0.79766
-3186,-16.219,-1530.4,0.29619,1642.4,3129.8,5.8272e+05,92663,1,624.22,3524.3,-8590.3,-1563.5,-16.646,-729.94,8290,1796.9,-447.04,12717,330224,273,307,3401,-0.39359,2.011,0.79766
-3148.8,-50.189,-1327.2,0.76436,1424.6,3106.4,5.8285e+05,92659,1,1137.3,3428.4,-8119.3,-1150.1,-6.0645,-518.38,7438.1,1657.9,-733.58,11797,327646,273,307,3401,-0.36889,2.0156,0.79766
-3168.3,-34.322,-1426,0.61552,1530.4,3119.3,5.8202e+05,92661,1,799.32,3434.8,-8303.8,-1376.3,-18.425,-610.97,7872.9,1722.5,-595.98,12205,328675,273,307,3401,-0.38125,2.0133,0.79766
-3126.1,-63.011,-1234.9,1.0573,1325.6,3089.4,5.8305e+05,92657,1,1274.8,3332.6,-7855.8,-990.88,0.71545,-448.22,7073,1568.7,-785.7,11346,326683,273,307,3401,-0.35651,2.0179,0.79766
-3101,-73.452,-1147.8,1.4453,1232.3,3069.3,5.8296e+05,92655,1,1527.1,3207.9,-7464.8,-757.13,-2.4174,-321.45,6523.6,1467.4,-899.2,10702,325416,273,206,3381,-0.34412,2.02,0.79766
-3211,-77.786,-1162.2,1.7699,1250.9,3178.4,5.8516e+05,91169,1,1942.9,3423.4,-7691.5,-613.36,21.207,-313.25,6412.2,1488.9,-984.73,10928,325911,273,206,3381,-0.3433,2.0152,0.81022
-3177.8,-84.108,-1082.5,2.2261,1165.3,3149.5,5.8563e+05,91167,1,2232,3272.7,-7229.5,-338.13,-8.6926,-118.94,5785.7,1425.6,-1166.6,10245,324251,273,206,3381,-0.33092,2.0172,0.81022
-3279.5,-83.126,-1102.8,3.6435,1190.6,3249.7,5.8802e+05,89683,1,2704.5,3356.2,-7136.5,-112.21,-24.01,14.683,5399.4,1424.3,-1326.6,10122,323983,273,215,3389,-0.33011,2.0123,0.82275
-3241.3,-85.389,-1035.6,2.6979,1117.8,3215.1,5.9014e+05,89681,1,2829.2,3250.6,-6845.3,-1.0825,-35.803,85.567,4925.8,1349.8,-1395.6,9668,322818,273,215,3389,-0.31776,2.0143,0.82275
-2372.8,625.75,-936.95,5.6442,1017.8,2421.5,6.2639e+05,86637,1,9225.2,2561.9,-8241.3,1951.5,-1247.8,2538.8,-3503.3,1322,-2374.5,13822,331927,273,231,3400,0.19267,2.0198,0.84771
-2453.1,589.95,-874.8,3.8247,949.68,2495.8,6.238e+05,86639,1,5827.9,3128.2,-8719.1,2614.1,-862.1,1492.6,-4180.1,372.6,7.7654,12132,328458,273,231,3400,0.18028,2.0209,0.84771
-2592.3,600.14,-839.37,9.8231,916.21,2635.4,6.2982e+05,85161,1,5165.3,7038.3,-17531,3367.9,1803.2,-4884.9,-5535.1,-9777.4,23905,33462,344844,273,231,3400,0.17981,2.0157,0.86014
-2920.1,457.5,-720.57,5.4199,789.5,2938,6.322e+05,82225,1,-3145.5,22884,-51401,2891.6,12603,-28709,-3901,-50901,1.1517e+05,1.4155e+05,361433,273,211,3385,0.092604,2.0108,0.88491
-2866.3,429.34,-702.86,5.2457,770.08,2881.2,6.3097e+05,82227,1,-5430.8,31307,-70158,1705.2,19885,-44983,1754.9,-78742,1.7737e+05,2.1452e+05,365467,273,211,3385,0.080264,2.0114,0.88491
-2907.6,527.09,-595.89,24.874,659.94,2941.2,6.3064e+05,83687,1,-6900.1,15004,-33152,-5667.5,2895.9,-5557.5,27458,-13033,24657,54543,350817,273,209,3383,0.167,2.0114,0.87254
-2837.1,558.19,-772.56,4.7491,843.72,2871.6,6.3158e+05,83689,1,-3431.9,12609,-28351,-1277.4,1004.5,-2066.3,9442.9,-6158.7,12434,35541,345717,273,209,3383,0.15466,2.0124,0.87254
-2798.9,560.54,-840.78,-1.5286,915.32,2831.5,6.3228e+05,83691,1,-3658.5,10370,-23238,179.03,398.35,-932.12,4371.6,-3747,7868.9,27515,342172,273,209,3383,0.1423,2.0133,0.87254
-2618.9,569.6,-811.78,5.4474,884.38,2657,6.2617e+05,85163,1,-536.43,7491.3,-17364,-522.87,1607.6,-3625.3,8723.7,-8508.7,18060,29130,342921,273,231,3400,0.16744,2.0167,0.86014
-2680.3,471.37,-810.79,-2.6942,882.15,2699.1,6.2749e+05,83699,1,-2351.1,5655.5,-12744,2376.6,81.837,-438.82,-2198.4,-1690.5,4110.8,15177,333374,273,211,3385,0.092852,2.0162,0.87254
-2706.9,500.21,-837.22,-3.2309,910.7,2729.3,6.2905e+05,83697,1,-1674.5,5174.2,-11723,2224.9,-35.308,-177.56,-1950.1,-1309.7,3235.8,13710,331783,273,210,3384,0.10522,2.0156,0.87254
-2736.1,526.15,-854.85,-3.3924,929.85,2762.1,6.3042e+05,83695,1,-2767,7008.2,-15751,1841.1,31.019,-311.59,-711.29,-1887,4419.7,18220,336161,273,209,3383,0.11759,2.0149,0.87254
-2767.4,547.16,-859.12,-3.2525,934.56,2796.8,6.3159e+05,83693,1,-2006.2,8290.2,-18769,1395.3,64.238,-346.34,423.09,-2264.5,5123.9,21416,338438,273,209,3383,0.12995,2.0142,0.87254
-3314.6,-334.06,1295.4,344.5,-1264.9,3325.3,6.1933e+05,80781,1,13155,36592,-80170,15498,26756,-58111,-38592,-69717,1.5181e+05,2.0413e+05,365079,273,205,3380,-0.080045,2.0059,0.89725
-3145.8,-33.583,-689.83,9.7116,753.68,3131.3,6.1055e+05,85225,1,4846.8,4274.6,-8735.8,924.43,4793.1,-10897,3279.7,-18014,42668,49157,349689,273,224,3395,-0.21688,2.012,0.86014
-3322.6,-423.05,848.08,277.3,-804.06,3348.8,6.1608e+05,83749,1,5866.5,16619,-36546,122.46,21274,-48779,6960.4,-60791,1.4154e+05,1.6809e+05,363322,273,225,3396,-0.21631,2.0067,0.87254
-3255.5,-273.81,317.54,177.98,-269,3266.5,6.154e+05,83747,1,3366.1,15998,-35808,7976.3,20865,-45923,-22525,-63475,1.403e+05,1.6846e+05,363347,273,224,3395,-0.204,2.008,0.87254
-3246.2,-75.14,-946.27,3.2786,1024.3,3223.3,5.9532e+05,88195,1,3034.1,3123.9,-6463.3,176.15,-59.566,207.19,4421.3,1261.6,-1497,9175.9,321244,273,227,3398,-0.29229,2.013,0.83524
-3345,-74.319,-964.49,3.8222,1046.9,3321,5.9975e+05,86715,1,2759.5,3389.4,-7074.9,-16.361,27.35,-68.728,4712.1,1094.1,-974.78,9670.3,322827,273,228,3399,-0.29155,2.0079,0.84771
-3307.6,-75.496,-901.73,3.3715,978.68,3286.5,5.9982e+05,86713,1,2496.2,3415.2,-7270.7,-115.82,56.596,-171.08,4971,1017.3,-776.99,9856.6,323353,273,227,3398,-0.27922,2.0096,0.84771
-3271.3,-76.75,-838.58,3.5568,910.32,3253,5.9989e+05,86711,1,2723,3550.3,-7555.7,25.118,128.68,-296.26,4871.2,847.12,-484.87,10094,323928,273,226,3397,-0.26688,2.0113,0.84771
-3183.3,-70.379,-727.35,5.7188,790.67,3168.9,6e+05,86707,1,3397,3352.2,-6982,525.46,148.02,-200.11,3774.7,502.6,-106.27,9293.9,321638,273,225,3396,-0.24218,2.0144,0.84771
-3228.1,-74.231,-779.97,5.0342,847.42,3211.9,5.9954e+05,86709,1,3053,3497.3,-7390.9,211.08,125.7,-233.44,4433.7,774.59,-504.38,9838.9,323296,273,226,3397,-0.25454,2.0129,0.84771
-3130.7,-57.655,-694.66,6.5442,755.58,3117,6.0111e+05,86705,1,4176.7,2836.6,-5609.8,1237.4,44.216,230.7,1938.4,451.97,-549.4,7925.4,316592,273,225,3396,-0.22982,2.0159,0.84771
-3203.2,-85.297,-973.42,2.4493,1050.7,3179.8,5.91e+05,89679,1,2931.7,3062,-6431.7,203.2,-60.609,221.53,4491.5,1345.5,-1633.6,9169.8,321214,273,228,3399,-0.3054,2.0162,0.82275
-2951.4,28.548,-1632.6,0.075504,1743.8,2887.3,5.8121e+05,95641,1,91.653,3280.8,-8522.5,-1863.1,-40.889,-877.64,8750.8,1797,-72.005,12941,330634,273,307,3401,-0.40783,2.018,0.77246
-2941.5,6.1694,-1521.6,0.11767,1625.3,2885.5,5.8084e+05,95639,1,172.93,3190.6,-8256.3,-1734.2,-36.195,-793.93,8453.3,1715.3,-156.5,12508,329769,273,307,3401,-0.39545,2.0204,0.77246
-3061.6,-4.7908,-1525.7,0.2123,1633.4,3005.5,5.815e+05,94151,1,422.78,3380.2,-8465.2,-1656.2,-22.385,-775,8400.3,1762.6,-302.96,12664,330111,273,307,3401,-0.39453,2.0157,0.78507
-3048.1,-24.797,-1419,0.346,1519.3,2999.5,5.8123e+05,94149,1,506.96,3320.5,-8284.9,-1526.5,-13.919,-712.08,8095.9,1681.7,-357.56,12299,329012,273,307,3401,-0.38215,2.0181,0.78507
-3033.1,-42.131,-1318.6,0.54454,1411.9,2991.2,5.8117e+05,94147,1,762.25,3221.9,-7932.9,-1280,-5.0019,-591.19,7568.8,1576.9,-490.62,11657,327331,273,307,3401,-0.36976,2.0204,0.78507
-3015.5,-56.801,-1224,0.8134,1310.7,2979.3,5.8138e+05,94145,1,1052.2,3115.7,-7553.4,-1028.7,-7.2502,-448.06,7028.1,1493.5,-665.29,11009,326075,273,307,3401,-0.35736,2.0226,0.78507
-2994.1,-68.399,-1136,1.1176,1216.6,2963.1,5.8168e+05,94143,1,1235.9,3057.6,-7342.8,-848.38,-0.74751,-371.69,6591.2,1414.9,-750.58,10567,325039,273,307,3401,-0.34494,2.0248,0.78507
-2971.8,-77.885,-1054.2,1.206,1129.1,2945.2,5.8262e+05,94141,1,1395.8,3035.6,-7241.5,-690.56,20.003,-346.93,6212.7,1331.7,-787.69,10256,324283,273,307,3401,-0.33251,2.0269,0.78507
-3076.4,-82.492,-1066.4,1.4088,1144.9,3049.2,5.8439e+05,92653,1,1901.5,3074,-7010.6,-408.85,-5.8043,-156.45,5739.3,1365.6,-1086.4,9919.2,323517,273,206,3381,-0.33172,2.0221,0.79766
-3142.8,-85.59,-1016.2,2.2289,1094,3117.7,5.8693e+05,91165,1,2393,3127.2,-6853.3,-118.22,-18.627,-0.70323,5094.1,1344.5,-1346.7,9594.8,322562,273,215,3389,-0.31854,2.0192,0.81022
-2333,568.02,-863.72,3.5298,935.15,2374.2,6.1932e+05,88119,1,5269.7,3006.5,-8448.2,1469.1,-848.39,1744.6,-1609.4,683.77,-1316.9,10904,325861,273,231,3400,0.18074,2.026,0.83524
-2490.2,564.15,-846.91,2.1454,918.75,2528.4,6.2182e+05,86641,1,2283.3,3211.3,-8113.6,1470.4,-468.83,825.81,-576.71,-342.86,933.07,9259.7,321537,273,231,3400,0.16787,2.022,0.84771
-2658.4,440.81,-778.94,-2.0895,847.71,2673.9,6.2614e+05,83701,1,-1900.3,4638.6,-10495,2436.1,42.556,-320.31,-2419,-1328.2,3272.1,12634,330060,273,211,3385,0.080479,2.0168,0.87254
-2825.3,399.48,-678.65,5.1085,743.58,2837.2,6.296e+05,82229,1,-2026.2,19620,-44208,2789.1,11312,-25729,-3581.1,-44796,1.0132e+05,1.2421e+05,360031,273,212,3386,0.067921,2.0118,0.88491
-2618.3,560.84,-840.51,1.2132,913.8,2653.6,6.2597e+05,85165,1,-566.7,5042.1,-11692,240.53,-11.878,-7.9829,3642.9,-1883.7,3731.4,13901,332027,273,209,3383,0.15506,2.0177,0.86014
-2615.5,552.99,-866.76,-1.1058,941.34,2648,6.2693e+05,85167,1,51.818,4183.9,-9805,853.99,-358.91,704.02,1370.9,-480.19,886.92,10858,325772,273,209,3383,0.14268,2.0186,0.86014
-2612.3,539.06,-875.32,-2.1049,950.21,2641.6,6.2671e+05,85169,1,-610.46,3853.1,-8927.7,1306.7,-370.82,673.82,245.91,-295.15,644.38,9888.6,323441,273,209,3383,0.13029,2.0195,0.86014
-2590.4,466.28,-820.75,-2.0485,890.94,2609.1,6.2319e+05,85175,1,-782.15,2255.2,-5198.8,2353.3,-293.31,437.84,-2470.7,-43.734,362.58,6691.7,309638,273,210,3384,0.093097,2.0215,0.86014
-2598.9,494.49,-849.08,-2.3567,921.59,2621.1,6.2447e+05,85173,1,-640.17,2703.6,-6257,2118.9,-331.21,519.91,-1895.6,-64.412,377.14,7448.4,313854,273,210,3384,0.1055,2.0209,0.86014
-2606.5,519.27,-868.42,-2.376,942.6,2632.4,6.2568e+05,85171,1,-73.095,2875.4,-6751.5,1731.6,-381.58,663.33,-1040.9,-29.01,203.72,7652.8,315101,273,209,3383,0.1179,2.0202,0.86014
-3436.1,-226.08,1195.1,271.64,-1187.7,3435.4,6.2398e+05,80767,1,-11273,48425,-1.0766e+05,-6722.5,25638,-57032,26495,-71786,1.5978e+05,2.2227e+05,365730,273,202,3377,0.0061596,2.0075,0.89725
-3594.9,-323.97,1667.2,354.31,-1667.8,3591.7,6.2529e+05,80765,1,-7780,40164,-89516,-3519.7,22765,-50829,19098,-65508,1.464e+05,1.9721e+05,364826,273,213,3387,0.018477,2.0074,0.89725
-3280.8,-113.62,693.58,188.47,-675.47,3281.2,6.2269e+05,80769,1,-10611,40319,-89908,-6606.6,22711,-50671,27358,-71018,1.5857e+05,2.0949e+05,365295,273,202,3377,-0.0061583,2.0075,0.89725
-3149.2,-151.4,646.24,222.56,-608.38,3152.5,6.1922e+05,80779,1,5741.2,28228,-62454,8982.4,19411,-42571,-26955,-62313,1.3692e+05,1.7423e+05,363665,273,204,3379,-0.067735,2.0064,0.89725
-3078.3,-8.6236,117.95,117.85,-76.523,3077.4,6.1938e+05,80777,1,1097.1,33217,-73767,7099.6,21782,-47944,-23088,-71797,1.5807e+05,2.0011e+05,364936,273,204,3379,-0.055423,2.0067,0.89725
-3064.6,58.543,-105.36,70.526,146.92,3062.7,6.2021e+05,80775,1,-723.78,23881,-53289,2000.9,13615,-30193,-4014.9,-46125,1.0244e+05,1.3096e+05,360588,273,203,3378,-0.043109,2.007,0.89725
-3090.5,58.988,-64.062,70.987,101.9,3089.2,6.2082e+05,80773,1,-6817.7,36063,-80438,-2982.9,21805,-48532,13471,-72014,1.6041e+05,2.0434e+05,365086,273,203,3378,-0.030793,2.0073,0.89725
-3160.9,-2.2267,214.85,112.19,-185.19,3160.8,6.215e+05,80771,1,-7757.5,32950,-73591,-4468.2,18591,-41486,19436,-60267,1.3461e+05,1.7544e+05,363737,273,202,3377,-0.018476,2.0074,0.89725
-3212.3,-749.65,2845.7,649.71,-2823,3253.9,6.2089e+05,82261,1,24193,23456,-49527,17882,26301,-57136,-57470,-70133,1.5172e+05,1.9775e+05,364846,273,222,3393,-0.1296,2.0088,0.88491
-2877.7,-377.08,1485.1,406.53,-1443.6,2894.8,6.1908e+05,82259,1,16235,23476,-50770,25268,22972,-48594,-73690,-60994,1.2848e+05,1.805e+05,364024,273,214,3388,-0.11727,2.0096,0.88491
-2764,90.684,-431.83,25.548,482.95,2756.9,6.1795e+05,82255,1,4115.5,13189,-29341,7238.2,10650,-23237,-20407,-38651,84985,1.0436e+05,358194,273,214,3388,-0.092603,2.0108,0.88491
-2798.6,-27.747,9.3393,111.95,39.013,2796.3,6.1734e+05,82257,1,3696.7,17450,-38939,18106,16390,-34806,-74721,-57246,1.2021e+05,1.6418e+05,363086,273,214,3388,-0.10494,2.0102,0.88491
-2735.6,119.8,-491.37,11.695,541.89,2728.6,6.1814e+05,82253,1,6350.2,13052,-28873,6507.1,9614.5,-21082,-19350,-37265,82257,1.0076e+05,357773,273,205,3380,-0.080263,2.0114,0.88491
-3076.5,-41.978,-673.37,6.1188,732.34,3063.3,6.0237e+05,86703,1,3570.9,2319.9,-4599.3,1043.3,-121.43,558.16,1855.8,706.11,-1206.5,7445.6,313832,273,225,3396,-0.21744,2.0172,0.84771
-3036.1,-32.152,-646.83,4.2565,702.8,3023.8,6.0352e+05,86701,1,3363.7,2206.1,-4432.1,948.31,-68.381,391.61,2019.2,599.03,-935.31,7445.6,313831,273,224,3395,-0.20506,2.0185,0.84771
-3097.3,-26.553,-658.3,6.275,717.97,3084.1,6.1061e+05,85223,1,3513.9,3803.7,-8033.2,2754.8,3725,-8012.3,-5548.5,-14215,31743,37649,346477,273,224,3395,-0.20453,2.0133,0.86014
-3202.5,-119.06,-230.47,78.906,285.2,3199.3,6.1521e+05,83745,1,2913.1,15515,-34881,5310.5,18373,-40855,-10048,-60923,1.3716e+05,1.6164e+05,362908,273,223,3394,-0.19167,2.0092,0.87254
-3112.4,-77.84,-864.11,2.3942,932.76,3093.5,5.9197e+05,89675,1,2794.8,2903.8,-6164.7,58.283,-124.59,326.94,4489.5,1356.8,-1789.6,8920.3,320287,273,226,3397,-0.28063,2.0198,0.82275
-3157.8,-80.176,-920.13,2.9339,993.39,3136.5,5.908e+05,89677,1,3225.7,3037.8,-6304.3,312.34,-77.335,301.38,4217.2,1354.3,-1820.8,9083.3,320840,273,228,3399,-0.29302,2.018,0.82275
-3206.3,-75.131,-886.29,2.6787,959.2,3186.1,5.9573e+05,88193,1,2676.3,3113.3,-6626,-15.079,-42.287,98.139,4697.6,1188.2,-1302.9,9270.8,321573,273,226,3397,-0.27993,2.0147,0.83524
-3168.5,-75.652,-825.26,2.6997,893.23,3150.9,5.9557e+05,88191,1,2744.6,3174.3,-6763.2,38.428,-6.7336,28.561,4696.9,1069,-1073.5,9365.3,321841,273,226,3397,-0.26756,2.0164,0.83524
-3095.9,-72.407,-717.33,2.869,776.63,3082.4,5.9631e+05,88187,1,2893,2703.7,-5694.6,576.21,-4.4971,174.34,3258.7,750.19,-866.71,7772,315672,273,225,3396,-0.2428,2.0195,0.83524
-3128.6,-74.371,-767.72,3.205,831.24,3113.2,5.9538e+05,88189,1,2552.3,2853.6,-6122.3,170.76,-42.636,155.2,4158.6,958.64,-1051.2,8456.5,318742,273,226,3397,-0.25519,2.018,0.83524
-3055.3,-62.913,-680.37,3.8754,737.09,3042.7,5.9675e+05,88185,1,3026.5,2557.9,-5361.6,839.16,-22.575,286.08,2584.9,740.3,-1073.3,7445.6,313835,273,225,3396,-0.2304,2.021,0.83524
-3011.3,-49.9,-654.55,4.0148,709.23,2999.3,5.9832e+05,88183,1,3299,2408.4,-4972.3,1034.5,-57.158,408.37,1919.1,727.96,-1262.3,7445.6,313830,273,223,3394,-0.218,2.0224,0.83524
-3106.6,-86.637,-952.06,2.0926,1024.9,3084.6,5.8801e+05,91163,1,2652.4,3018.9,-6545.5,39.017,-42.089,119.37,4776.8,1332.5,-1528.6,9270.4,321570,273,206,3381,-0.30615,2.0211,0.81022
-3062.8,-83.908,-893.29,2.7981,962.01,3043.1,5.8733e+05,91161,1,2883.8,2924.5,-6234.3,157.45,-93.723,291.49,4424.2,1359.2,-1784.5,8970,320449,273,228,3399,-0.29374,2.023,0.81022
-2824.1,17.766,-1520.6,-0.0053502,1620.4,2768.1,5.8199e+05,97129,1,-91.33,3031.7,-8128,-1813.3,-38.538,-844.34,8531.2,1642.1,77.003,12440,329557,273,307,3401,-0.39635,2.025,0.75981
-2816.8,-3.6783,-1413.3,0.06672,1506,2768.3,5.8107e+05,97127,1,106.31,2997,-7943.5,-1647.7,-22.246,-774.05,8191.6,1569.6,-46.971,12041,328215,273,307,3401,-0.38392,2.0274,0.75981
-2931.5,-14.639,-1415,0.13163,1511.3,2883.1,5.8115e+05,95637,1,362.02,3126.9,-7996.3,-1535.4,-16.857,-714.7,8027.2,1603.8,-229.57,11991,328082,273,307,3401,-0.38304,2.0228,0.77246
-2919.4,-32.891,-1313.4,0.3696,1403,2877.6,5.8013e+05,95635,1,429.67,3051.5,-7818.3,-1416,-7.1919,-663.4,7736.2,1521.8,-276.7,11632,327272,273,307,3401,-0.37062,2.0251,0.77246
-2904.9,-48.982,-1216.8,0.57308,1299.8,2869.1,5.8028e+05,95633,1,724.66,3051.8,-7656.5,-1196.8,6.528,-573.53,7290.8,1452.9,-417.53,11210,326430,273,307,3401,-0.35819,2.0274,0.77246
-2888.9,-62.718,-1126.1,0.74225,1203.1,2858.4,5.808e+05,95631,1,968.33,2968.7,-7367.6,-958.09,12.242,-462.32,6744.2,1366.7,-569.18,10623,325206,273,307,3401,-0.34574,2.0295,0.77246
-2868.7,-72.819,-1043.2,1.0634,1114.6,2842.6,5.8105e+05,95629,1,1290.9,2912.8,-7094.9,-705.11,13.643,-339.39,6177.4,1298.2,-755.76,10076,323880,273,307,3401,-0.33328,2.0316,0.77246
-2945.8,-84.468,-978.25,1.5802,1047.9,2923,5.8295e+05,94139,1,1775.9,2905.5,-6785.7,-383.86,-4.2136,-146.99,5511.6,1281.8,-1062,9537.2,322388,273,206,3381,-0.32007,2.0289,0.78507
-3042.1,-84.681,-996.99,2.1451,1070.7,3018.2,5.8442e+05,92651,1,2233.8,3034.1,-6803.3,-190.25,-14.626,-38.704,5250.1,1345.8,-1312.1,9571.6,322491,273,206,3381,-0.31931,2.0241,0.79766
-3009,-87.274,-930.7,1.9197,999.47,2988.2,5.8572e+05,92649,1,2188.7,2946.6,-6633.7,-158.61,-29.026,12.023,5020.6,1305.9,-1370.4,9289.6,321627,273,206,3381,-0.30688,2.026,0.79766
-2257.4,529.15,-837.67,2.394,904.25,2293.4,6.1367e+05,89603,1,3818.6,2917.8,-7975.1,864.9,-690.38,1528.6,87.689,467.65,-1173.7,9584.5,322535,273,231,3400,0.16872,2.0322,0.82275
-2380.1,549.59,-848.75,2.0918,918.38,2417.4,6.1787e+05,88121,1,3501.8,3071.4,-8190.5,1142.2,-646.14,1340.2,-413.56,270.19,-573.75,9637,322716,273,231,3400,0.1683,2.0271,0.83524
-2503.7,550.51,-853.11,0.56004,924.81,2538.5,6.2148e+05,86643,1,1077.6,2960.2,-7258.4,943.89,-422.55,835.48,786.33,-218.72,375.78,8073.6,317378,273,209,3383,0.15546,2.023,0.84771
-2406,536.41,-851.51,0.76123,920.82,2440.1,6.174e+05,88123,1,2051.3,2733.5,-7025.4,905.68,-533.7,1127.6,533.02,149.54,-463.7,7995.9,316991,273,231,3400,0.15586,2.0281,0.83524
-2583,436.22,-787.75,-1.7843,855.19,2598.4,6.221e+05,85177,1,-628.48,1851.5,-4282,2440.8,-264.27,396.25,-2713,-24.609,304.92,5983.1,303517,273,211,3385,0.080691,2.0221,0.86014
-2641,410.02,-745.8,-1.5998,811.82,2653.4,6.2478e+05,83703,1,-1100.2,3365.1,-7673.3,2418.3,-21.709,-132.48,-2534.1,-859.18,2169.4,9441.7,322064,273,212,3386,0.068103,2.0172,0.87254
-2791.9,370.42,-655.59,4.5738,718.15,2801.1,6.283e+05,82231,1,-3668.8,21178,-47623,1295,13113,-29658,2801.2,-51006,1.1488e+05,1.3997e+05,361298,273,212,3386,0.055575,2.0122,0.88491
-2511.3,539.91,-866.84,-0.61967,939.21,2543.1,6.2192e+05,86645,1,742.34,2700.6,-6568.4,918.69,-447.4,914.79,860.51,-11.922,-122.13,7322.9,313225,273,209,3383,0.14305,2.0239,0.84771
-2517.6,526.36,-872.43,-1.2291,945,2546.3,6.2147e+05,86647,1,551.81,2357.1,-5710,1320.2,-456.87,892.87,-187.93,175.13,-394.78,6437,308006,273,209,3383,0.13063,2.0247,0.84771
-2533.3,428.44,-786.4,-1.3673,851.71,2548.3,6.1685e+05,86655,1,295.77,1312.3,-3164.4,2374.3,-348.62,607.99,-2728.8,238.82,-313.11,5055,295016,273,210,3384,0.0809,2.0273,0.84771
-2530,457.94,-819.75,-1.3246,887.87,2548.4,6.1816e+05,86653,1,322.68,1694.9,-4085.6,2222,-389.14,681.57,-2373.8,239.04,-307.68,5568.5,299592,273,209,3383,0.093338,2.0268,0.84771
-2526.6,484.96,-847.55,-1.4116,917.96,2548.4,6.1926e+05,86651,1,369.97,1996,-4814.1,1947.9,-424.09,767.43,-1727.2,235.76,-348.07,5917.7,302961,273,209,3383,0.10577,2.0262,0.84771
-2522.7,508.11,-866.05,-1.4444,938,2548,6.204e+05,86649,1,486.85,2183.3,-5281.1,1639.8,-443.8,833.81,-988.37,215.63,-382.86,6135.5,305245,273,209,3383,0.1182,2.0255,0.84771
-2762.5,342.07,-631.4,4.6713,691.77,2769.2,6.2703e+05,82233,1,-1801.8,19235,-43376,2489.7,12042,-27288,-2826.3,-46093,1.0413e+05,1.2699e+05,360267,273,213,3387,0.043228,2.0125,0.88491
-2737.2,315.32,-610.23,4.605,668.62,2741.8,6.2573e+05,82235,1,-3816.8,17090,-38487,480.67,10775,-24327,5325.6,-40686,91622,1.1213e+05,358961,273,213,3387,0.030878,2.0127,0.88491
-2703.2,263.04,-572.05,2.9943,626.2,2704,6.2254e+05,82239,1,-4830.3,15639,-35282,-1339.6,9761.9,-22016,11761,-35525,80074,99533,357631,273,202,3377,0.0061764,2.013,0.88491
-2717.7,289.71,-593.11,3.62,649.48,2720.3,6.2428e+05,82237,1,-993.21,12442,-28118,2226,7457.1,-16869,-1986.9,-27758,62680,77426,354798,273,213,3387,0.018528,2.0129,0.88491
-2694.3,235.15,-545.39,3.3494,597.24,2693.5,6.2054e+05,82241,1,-1923.2,9530.5,-21574,332.77,4597.7,-10385,4759.8,-16431,37163,48609,349537,273,202,3377,-0.0061751,2.013,0.88491
-2714.3,136.64,-500.09,7.6051,549.62,2708.1,6.1827e+05,82251,1,998.9,6619.2,-14896,1155.9,3558.6,-7936,165.02,-14306,32289,39887,347226,273,205,3380,-0.06792,2.0118,0.88491
-2702,152.7,-505.03,4.7823,553.77,2696.8,6.1828e+05,82249,1,1185.9,6900.5,-15521,3034.1,2813.3,-6150.9,-7470.2,-10982,24290,33336,344783,273,204,3379,-0.055574,2.0122,0.88491
-2696.1,169.27,-508.3,3.3659,556.73,2691.8,6.1788e+05,82247,1,217.69,6556.3,-14814,1354.8,1709,-3789.9,-110.94,-6274.7,14155,22833,339392,273,203,3378,-0.043226,2.0125,0.88491
-2693.1,187.06,-511.1,3.3613,559.78,2690,6.177e+05,82245,1,-875.23,7186.3,-16277,564.62,2210.4,-4964,2887.1,-7864.2,17834,27119,341985,273,203,3378,-0.030877,2.0127,0.88491
-2691.9,208.68,-521.92,3.6699,571.73,2689.8,6.1866e+05,82243,1,-4.3424,7049.5,-15956,1966,2604.8,-5841.4,-1437.7,-9254.8,20868,29534,343113,273,202,3377,-0.018526,2.0129,0.88491
-3148.6,-46.016,-438.42,40.756,495.25,3140.3,6.1584e+05,83743,1,3331.9,15513,-34854,3097,17118,-38501,-5658.8,-59621,1.3513e+05,1.5843e+05,362669,273,223,3394,-0.17934,2.0104,0.87254
-3086.2,-4.98,-501.3,30.909,559.5,3076,6.1656e+05,83741,1,4508,15827,-35420,1198.5,16904,-38435,4367.6,-59440,1.3677e+05,1.5984e+05,362783,273,222,3393,-0.167,2.0114,0.87254
-2998.8,30.918,-524.28,31.167,584.65,2987.6,6.1685e+05,83739,1,9155.2,15272,-33435,2343.4,16570,-37507,2374,-60132,1.38e+05,1.6059e+05,362833,273,222,3393,-0.15465,2.0124,0.87254
-2876.4,68.526,-543.88,33.076,606.83,2864.4,6.1671e+05,83737,1,8870,13633,-29827,1527.6,15771,-35844,2520.4,-59275,1.3608e+05,1.5725e+05,362592,273,222,3393,-0.1423,2.0133,0.87254
-2755.8,96.2,-565.51,26.575,627.58,2743.9,6.1621e+05,83735,1,11038,10258,-21843,3260.5,13756,-30980,-4350.5,-54197,1.2339e+05,1.4158e+05,361436,273,222,3393,-0.12995,2.0142,0.87254
-2692.2,102.66,-569.75,11.955,625.88,2681.6,6.1519e+05,83733,1,6975.6,5251.9,-11080,4794.7,9116.7,-20196,-15557,-38389,85709,98867,357559,273,222,3393,-0.11759,2.0149,0.87254
-2670.9,105.56,-556.82,3.6184,608.18,2661.8,6.1367e+05,83731,1,1909.8,2644.9,-5845.6,4975.5,3044.2,-6360.1,-17840,-13222,28083,37430,346401,273,214,3388,-0.10522,2.0156,0.87254
-2659.6,114.55,-543.82,1.5469,593.13,2651.6,6.125e+05,83729,1,719.85,2051.7,-4643.1,791.22,329.88,-670.62,1068.1,-1592.8,3762.1,6730.7,309890,273,214,3388,-0.092851,2.0162,0.87254
-2650.8,125.51,-532.2,0.94855,580.22,2643.7,6.1213e+05,83727,1,972.83,1886.7,-4249.2,1202.1,152.05,-234.91,-160.63,-905.72,2057.8,5400.5,298035,273,205,3380,-0.080478,2.0168,0.87254
-2969.3,-37.1,-631.35,3.6507,684,2957.8,6.001e+05,88181,1,3557.2,2421,-4992.7,1142.1,-27.694,345.33,1787,684.72,-1221.3,7445.6,313834,273,223,3394,-0.20558,2.0237,0.83524
-2988.9,-17.151,-624.33,5.4507,678.91,2977,6.0369e+05,86699,1,4153.9,2340.9,-4648.3,1410.8,10.009,295.1,1390.8,491.96,-858.84,7445.6,313833,273,224,3395,-0.19267,2.0198,0.84771
-3052,-14.454,-630.84,6.728,688.32,3039.6,6.0918e+05,85221,1,3729.3,3207.3,-6662.5,1173.2,1275.8,-2700.7,2055.1,-4357.3,10575,14626,332825,273,224,3395,-0.19218,2.0145,0.86014
-2996.1,5.9777,-618.86,8.3994,676.01,2983.7,6.0861e+05,85219,1,4669.1,3635.2,-7521.5,2401.8,1057.8,-1956.7,-1974.9,-3259.7,7151.3,12960,330672,273,223,3394,-0.17981,2.0157,0.86014
-3028.9,-85.015,-834.75,1.6548,898.58,3011.8,5.8931e+05,91159,1,2353.2,2626,-5746.6,52.086,-131.62,345.57,4314.8,1293.8,-1732.9,8300.1,318216,273,226,3397,-0.28132,2.0247,0.81022
-3075.7,-78.11,-805.44,2.0129,869.34,3059.2,5.9186e+05,89673,1,2395.7,2728.8,-5919.8,39.698,-100.64,260.64,4406.2,1189.1,-1485.2,8446.5,318709,273,226,3397,-0.26823,2.0215,0.82275
-3013.2,-74.116,-702.84,2.3298,758.83,3000.5,5.9205e+05,89669,1,2564.1,2591,-5602.2,474.78,-31.564,216.37,3366.5,891.39,-1192.3,7648.2,315075,273,226,3397,-0.24341,2.0246,0.82275
-3047,-79.053,-748.46,1.7195,807.78,3032.9,5.9223e+05,89671,1,2207.3,2573.7,-5657.8,191.23,-65.838,219.19,3952.1,1006.4,-1250.5,7860.7,316238,273,226,3397,-0.25582,2.0231,0.82275
-2976.6,-67.244,-662.79,2.7212,715.8,2965.1,5.9303e+05,89667,1,2823.2,2523.3,-5423.7,744.44,-39.263,303.77,2646.8,837.95,-1317,7445.6,313837,273,226,3397,-0.23098,2.0261,0.82275
-2936.5,-55.94,-633.92,3.082,684.82,2925.6,5.9427e+05,89665,1,3180.9,2527.3,-5390.6,980.2,-38.466,356.12,2094.9,815.85,-1451.7,7445.6,313836,273,307,3401,-0.21854,2.0274,0.82275
-2889.9,-42.289,-610.34,3.4833,659.56,2879.4,5.9549e+05,89663,1,3448.2,2509.7,-5326.3,1023.4,-78.773,450.81,1910.7,845.62,-1607.8,7445.6,313829,273,223,3394,-0.2061,2.0287,0.82275
-2976.2,-88.613,-867.77,2.0281,931.99,2958.1,5.8562e+05,92647,1,2232.4,2730.7,-6117,-15.683,-61.862,150.66,4557.7,1241.3,-1470.2,8623.3,319331,273,206,3381,-0.29445,2.0279,0.79766
-2697.3,-13.242,-1308.1,-0.01178,1390.8,2655.6,5.8189e+05,98617,1,129.63,2841.8,-7648.8,-1542.2,-15.478,-725.11,7908.3,1460.8,-33.532,11583,327151,273,307,3401,-0.3723,2.0343,0.74713
-2806.9,-23.062,-1310.1,0.18274,1396.2,2765.2,5.7988e+05,97125,1,279.45,2942.5,-7723.2,-1485.2,-16.204,-683.38,7821.8,1502.1,-186.67,11599,327203,273,307,3401,-0.37147,2.0297,0.75981
-2796.4,-40.747,-1211.6,0.2587,1291.2,2760.9,5.804e+05,97123,1,502.39,2922.3,-7567.4,-1284.9,4.3217,-620.71,7399.1,1415.8,-277.99,11177,326383,273,307,3401,-0.35901,2.032,0.75981
-2782,-55.103,-1119.7,0.54506,1193.4,2751.8,5.7963e+05,97121,1,643.58,2824.5,-7291.1,-1106.5,6.3845,-524.18,6962,1337.7,-405.18,10652,325291,273,307,3401,-0.34653,2.0341,0.75981
-2765.6,-67.236,-1033.5,0.74805,1101.6,2740,5.799e+05,97119,1,959.11,2786.7,-7037.4,-846.2,10.171,-398.28,6361.1,1266.7,-602.75,10076,323879,273,307,3401,-0.33404,2.0362,0.75981
-2846.9,-81.325,-965.07,1.1147,1031.2,2824.8,5.8205e+05,95627,1,1285.3,2821.2,-6905,-607,7.8143,-275.74,5832.1,1235.4,-818.64,9692.5,322906,273,307,3401,-0.32081,2.0336,0.77246
-2823.1,-86.678,-895.01,1.2043,956.39,2804.2,5.8283e+05,95625,1,1581.4,2729.4,-6562,-326.36,2.5489,-138.12,5162.5,1173.4,-1028.6,9067.7,320785,273,307,3401,-0.30833,2.0355,0.77246
-2917,-87.718,-911.61,1.5895,976.54,2897.3,5.8408e+05,94137,1,1964.9,2761.8,-6367.8,-184.47,-27.43,-1.9976,4966.9,1231.3,-1243,8933.3,320330,273,206,3381,-0.30761,2.0308,0.78507
-2300.1,518.23,-840.55,1.2269,906.88,2333,6.1311e+05,89605,1,3310.2,2805.2,-7584.6,753.84,-659.41,1489.6,453.23,474.57,-1264.7,9033.5,320653,273,231,3400,0.15625,2.0332,0.82275
-2331.7,507.92,-847.14,0.43744,913.67,2361.7,6.1228e+05,89607,1,2566.4,2616.3,-6930.7,812.82,-599.56,1342.6,482.15,437.44,-1171.5,8129.2,317606,273,231,3400,0.14377,2.0341,0.82275
-2424.1,525.2,-860,-0.13943,929.63,2455.1,6.1695e+05,88125,1,1634.4,2371.8,-6051.1,939.5,-517.3,1099.8,455.77,264.69,-725.11,6933.7,311099,273,209,3383,0.14341,2.029,0.83524
-2577.4,405.69,-753.23,-1.528,817.8,2589.6,6.2062e+05,85179,1,-209.86,1510.2,-3534.9,2408,-263.08,425.33,-2712.2,35.503,134.1,5314.5,297335,273,212,3386,0.068282,2.0225,0.86014
-2627.5,380.49,-715.23,-1.2767,778.65,2637,6.2328e+05,83705,1,-873.92,3251.4,-7430,2336.1,22.528,-197.53,-2396.4,-901.56,2223,9139.7,321088,273,212,3386,0.055724,2.0176,0.87254
-2573.4,376.24,-721.01,-1.2925,782.88,2582.8,6.1867e+05,85181,1,-276.75,1300.8,-3034.9,2318.1,-226.14,381.72,-2488.6,19.887,113.17,4770.3,292492,273,212,3386,0.055871,2.0229,0.86014
-2617.2,352.19,-687.09,-1.0308,748.1,2624.1,6.2164e+05,83707,1,-997.78,3099,-7080.7,2263.5,61.656,-253.26,-2179.7,-939.09,2265.9,8757.6,319719,273,212,3386,0.043343,2.0179,0.87254
-2439,512.07,-863.6,-0.59476,933.33,2466.9,6.1599e+05,88127,1,1145.9,2231.9,-5595.4,1158.9,-503.06,1038.9,20.141,287.11,-704.24,6392,307638,273,209,3383,0.13096,2.0299,0.83524
-2452.1,494.89,-857.25,-0.75107,926.4,2476.7,6.1499e+05,88129,1,1172.1,1941,-4886.1,1542.6,-490.5,975.69,-963.65,371.77,-772.17,5852.4,302368,273,209,3383,0.1185,2.0306,0.83524
-2478.1,447.15,-812.12,-0.7462,877.62,2496.1,6.1291e+05,88133,1,1181.9,1418.4,-3589.4,2167.4,-440.23,833.27,-2443.8,429.89,-779.25,5351.8,297644,273,209,3383,0.093575,2.0319,0.83524
-2491.4,418.45,-778.49,-0.82591,841.23,2506.1,6.1141e+05,88135,1,1124.1,1199.8,-3033.6,2276.7,-393.95,742.66,-2685.6,399.19,-717.16,5067.8,295144,273,231,3400,0.081106,2.0325,0.83524
-2502.6,389.27,-743.77,-0.74808,803.73,2514.3,6.0999e+05,88137,1,639.87,1012,-2510.9,2303.9,-343.39,644.52,-2665.5,326.16,-573.06,4595.5,290752,273,231,3400,0.068633,2.0329,0.83524
-2536.4,398.35,-751.42,-1.3046,813.83,2548.4,6.1493e+05,86657,1,162.78,1046.2,-2510.5,2361.4,-305.02,541.77,-2688,209.88,-289.39,4554.1,290337,273,212,3386,0.068459,2.0278,0.84771
-2464.9,473.05,-839.44,-0.73118,907.16,2486.2,6.1409e+05,88131,1,976.08,1647.5,-4124.2,1943.3,-457.12,868.5,-1875.3,390.67,-718.18,5440.7,298384,273,209,3383,0.10604,2.0313,0.83524
-2610,324.28,-659.45,-0.80052,718.09,2614.7,6.1958e+05,83709,1,-253.06,2045.7,-4713,2271.6,-42.407,21.163,-2330.9,-474.24,1170.5,6217,305895,273,213,3387,0.030961,2.0181,0.87254
-2606.4,296.19,-631.13,-0.59573,687.33,2609,6.1738e+05,83711,1,-302.15,2227.1,-5118.6,2262.7,8.2812,-63.255,-2251.4,-575.44,1364.8,6605.9,309129,273,213,3387,0.018577,2.0183,0.87254
-2606.1,267.43,-600.45,-0.13448,654.1,2606.9,6.1549e+05,83713,1,-132.46,2037,-4685.1,2292.3,6.1702,-25.263,-2348.9,-468.39,1086.8,6187.9,305680,273,213,3387,0.0061929,2.0184,0.87254
-2609.2,238.43,-568.8,0.49913,619.89,2608.4,6.1405e+05,83715,1,243.55,1798.6,-4136.8,2230,6.0428,6.6464,-2224,-391.91,881.28,5590.8,299802,273,202,3377,-0.0061917,2.0184,0.87254
-2642.3,138.53,-524.53,0.77698,571.78,2636.1,6.1254e+05,83725,1,629.72,1383.6,-3142.4,1154.3,-20.277,137.04,318.2,-218.58,525.51,3736.6,280384,273,205,3380,-0.068102,2.0172,0.87254
-2627.5,170.4,-523.13,0.58627,570.17,2623.3,6.1291e+05,83721,1,444.66,1512.8,-3459.6,1413.5,-5.6602,85.854,-253.12,-243.7,545.64,4108.7,285616,273,203,3378,-0.043342,2.0179,0.87254
-2634.4,153.64,-521.81,0.67102,568.77,2629.1,6.13e+05,83723,1,558.14,1408,-3208.2,1288,-21.608,133.4,62.23,-200.88,463.93,3810.9,281621,273,204,3379,-0.055723,2.0176,0.87254
-2615,211.65,-543.31,0.76702,592.24,2613,6.1304e+05,83717,1,433.84,1518.3,-3489.6,1969.3,-10.628,67.365,-1545.2,-296.06,649.24,4631.4,291172,273,202,3377,-0.018576,2.0183,0.87254
-2621.4,189.2,-528.98,0.64581,576.57,2618.2,6.1272e+05,83719,1,490.62,1234,-2833.4,1666.9,-41.076,155.24,-834.1,-159.41,337.5,3664.9,279102,273,203,3378,-0.03096,2.0181,0.87254
-2930.5,30.255,-617.49,9.3529,674.93,2918,6.088e+05,85217,1,5701.9,3657.2,-7469,1898.1,480.62,-750.13,246.83,-1065.9,2514.2,10658,325302,273,222,3393,-0.16744,2.0167,0.86014
-2852.8,55.139,-617.49,10.226,675.3,2840.2,6.0878e+05,85215,1,6598.2,4099.3,-8387.4,2086.2,568.56,-941.66,-119.92,-1545,3559.4,12301,329027,273,222,3393,-0.15506,2.0177,0.86014
-2760.3,78.202,-613.42,10.942,671.18,2747.9,6.0868e+05,85213,1,7209.7,3232.8,-6361.9,1724.7,113.93,28.968,132.79,-775.9,1813.9,10479,324786,273,222,3393,-0.14268,2.0186,0.86014
-2686.9,90.859,-600.08,7.9136,655.4,2675.4,6.0837e+05,85211,1,4351.4,1815.3,-3592.9,716.62,-289.75,794.27,1047.9,95.901,-82.383,6122.2,305132,273,222,3393,-0.13029,2.0195,0.86014
-2651.2,94.678,-577.32,3.3031,628.71,2641.2,6.0786e+05,85209,1,1797.1,1090.6,-2313,523.53,-242.65,643.04,1357.7,276.22,-469.92,3557.5,276866,273,222,3393,-0.1179,2.0202,0.86014
-2636.2,101.14,-558.09,1.1201,606.89,2627.3,6.0764e+05,85207,1,910.26,935.78,-2082.8,641.9,-126.55,375.87,1392.5,159.95,-206.42,2935.8,246862,273,222,3393,-0.1055,2.0209,0.86014
-2627.4,110.43,-542.58,0.5249,589.78,2619.6,6.0746e+05,85205,1,591.32,855.18,-1943,827.76,-103.61,333.07,1059.4,135.29,-203.92,2616.4,232621,273,214,3388,-0.093096,2.0215,0.86014
-2621.1,121.1,-529.83,0.296,575.82,2614.2,6.0772e+05,85203,1,519.03,799.11,-1826.2,966.71,-96.784,315.76,798.06,119.18,-205.13,2445.4,192224,273,205,3380,-0.08069,2.0221,0.86014
-2916.9,-22.051,-608.21,4.9077,659.5,2905.8,6.0082e+05,88179,1,4106.1,2479.8,-5068.3,1256.6,-61.335,441.52,1625.4,728.17,-1389.1,7455,313885,273,223,3394,-0.19316,2.0249,0.83524
-2857.3,-4.051,-591.72,6.3564,642.28,2846.4,6.0132e+05,88177,1,5131.4,2494.4,-4944.1,1580.1,-86.297,551.45,1047.3,717.31,-1513.8,7981.8,316904,273,223,3394,-0.18073,2.026,0.83524
-2930.1,2.3617,-610.24,7.139,664.34,2918.3,6.0422e+05,86697,1,5212.4,2452.4,-4745.1,1747.8,11.902,342.85,781.5,458.65,-927.82,7781.6,315726,273,223,3394,-0.18028,2.0209,0.84771
-2854.2,26.221,-603.93,9.1848,658.37,2842.2,6.0447e+05,86695,1,6013.8,2596.1,-4989.2,1834,-19.148,415.05,497.39,534.29,-1177.8,8558.9,319147,273,223,3394,-0.16787,2.022,0.84771
-2945.8,-88.245,-812.86,1.4654,872.84,2929.9,5.8721e+05,92645,1,2182.9,2583.3,-5796.7,115.35,-57.387,185.27,4137.4,1148.5,-1462.4,8103.5,317514,273,206,3381,-0.282,2.0296,0.79766
-2995.1,-82.696,-782.57,1.6884,842.47,2979.9,5.8904e+05,91157,1,2275.9,2541,-5616.9,187.47,-79.399,261.23,3971.1,1137.4,-1530.5,7918.5,316552,273,226,3397,-0.26889,2.0264,0.81022
-2963.7,-80.73,-731.78,1.5587,787.78,2950.4,5.8962e+05,91155,1,2183.1,2551.7,-5682.7,163.57,-54.906,188.48,3964.2,1043.4,-1347.3,7890.1,316417,273,226,3397,-0.25645,2.028,0.81022
-2931.4,-77.353,-683.69,1.9749,736.22,2919.7,5.8939e+05,91153,1,2403,2554.6,-5676.4,389.44,-37.455,210.48,3432,950.65,-1346.4,7695.1,315299,273,226,3397,-0.244,2.0296,0.81022
-2896.9,-71.539,-642.77,2.1268,692.26,2886.3,5.904e+05,91151,1,2804.1,2540.6,-5564.5,719.9,-35.7,291.91,2672.4,881.24,-1444.1,7475.9,313989,273,307,3401,-0.23155,2.031,0.81022
-2855.2,-60.714,-611.78,2.9273,659.24,2845.2,5.9061e+05,91149,1,3156.6,2557.2,-5573.4,882.2,-53.05,370.62,2241.1,893.84,-1639.5,7549.5,314526,273,307,3401,-0.21908,2.0324,0.81022
-2812.8,-49.952,-583.91,2.9314,629.27,2803.4,5.9182e+05,91147,1,3225.4,2482.7,-5425.9,885.12,-105.14,488.78,2057.3,930.06,-1816,7445.6,313828,273,223,3394,-0.2066,2.0337,0.81022
-2766.1,-38.009,-558.71,3.1537,602.25,2757.2,5.9293e+05,91145,1,3800.6,2462.5,-5260.7,1072.7,-114,543.28,1784.9,908.13,-1846.2,7553.9,314549,273,223,3394,-0.19412,2.0349,0.81022
-2843.8,-30.662,-584.21,3.5472,631.4,2833.9,5.9713e+05,89661,1,4192.7,2478.2,-5143.3,1267.7,-115.65,578.96,1538.6,851.84,-1742.2,7632.7,314964,273,223,3394,-0.19365,2.03,0.82275
-2888,-89.673,-849.26,1.5395,909.77,2870.9,5.8476e+05,94135,1,1863,2681.8,-6252.4,-111.46,-20.997,11.213,4649.7,1152.9,-1229.4,8615.6,319310,273,206,3381,-0.29514,2.0327,0.78507
-2859.5,-89.86,-792.98,1.3369,849.44,2844.7,5.8597e+05,94133,1,2037.1,2638.5,-6105.6,45.219,-21.549,71.371,4254.2,1108.3,-1339.4,8337.7,318317,273,206,3381,-0.28267,2.0344,0.78507
-2688.5,-31.367,-1208.8,0.16474,1285.3,2652.9,5.7929e+05,98615,1,247.53,2741.1,-7363.9,-1378.6,-11.74,-632.17,7519,1385.1,-161.1,11072,326184,273,307,3401,-0.35981,2.0365,0.74713
-2665.9,-61.238,-1026,0.4331,1091.1,2640.6,5.7894e+05,98611,1,637.65,2664.5,-6989.4,-1003.7,8.7152,-477.4,6634.8,1243.2,-400.86,10165,324083,273,307,3401,-0.33479,2.0408,0.74713
-2678.4,-47.807,-1113.8,0.26293,1184.4,2648.4,5.7898e+05,98613,1,444.49,2694.9,-7146.8,-1192.8,-6.497,-538.02,7078.2,1321.1,-311.19,10592,325116,273,307,3401,-0.34731,2.0387,0.74713
-2651,-72.023,-945.01,0.5169,1005,2629.8,5.7959e+05,98609,1,842.93,2587.3,-6710.4,-768.65,12.205,-365.99,6044,1164.9,-575.22,9559.1,322458,273,307,3401,-0.32226,2.0428,0.74713
-2748.7,-77.329,-953.63,0.73741,1016.5,2727.1,5.8096e+05,97117,1,1144.5,2705.9,-6765.8,-624.7,11.675,-295.86,5801.1,1191.6,-746.25,9514,322304,273,307,3401,-0.32154,2.0382,0.75981
-2728.4,-84.029,-881.37,0.93327,939.57,2710.2,5.8126e+05,97115,1,1226.2,2642.4,-6607.3,-487.16,16.886,-246.17,5432.3,1132.9,-821.57,9160.1,321182,273,307,3401,-0.30903,2.0402,0.75981
-2705.9,-88.271,-815.75,1.0253,869.67,2690.5,5.8212e+05,97113,1,1520.7,2571.4,-6317.6,-256.02,3.5864,-110.42,4859.8,1096.7,-1048.6,8650.7,319411,273,307,3401,-0.29651,2.042,0.75981
-2797.5,-89.541,-831.71,1.2243,888.79,2781.3,5.8372e+05,95623,1,1794.4,2653.9,-6305.6,-110.27,-2.5071,-36.521,4604,1117.9,-1188.2,8596.3,319255,273,307,3401,-0.29583,2.0374,0.77246
-2263.3,476.51,-830.25,0.67958,893.36,2289.3,6.0822e+05,91093,1,2918.8,2495,-6767.7,929,-640.76,1464.9,0.323,647.67,-1637.5,8189.4,317824,273,231,3400,0.13161,2.0399,0.81022
-2357.2,495.84,-850.18,0.025559,916.79,2384.2,6.1141e+05,89609,1,1961.8,2252.8,-5877.7,1130,-555.04,1194.1,-165.59,458.73,-1111.9,6925.1,311046,273,231,3400,0.13129,2.0349,0.82275
-2539.3,369.43,-718.72,-1.0249,778.51,2548.5,6.1269e+05,86659,1,350.41,894.01,-2165.7,2275,-285.88,531.53,-2544.2,215.34,-344.81,4217.9,286889,273,212,3386,0.056016,2.0282,0.84771
-2542.3,341.23,-687.8,-0.75138,745.11,2549,6.1084e+05,86661,1,249.82,795.35,-1915,2260.5,-254.07,486.59,-2464.9,179.14,-297,3996.2,284181,273,212,3386,0.04357,2.0285,0.84771
-2570.8,347.76,-690.81,-1.0596,750.17,2577.7,6.1628e+05,85183,1,-116.44,1038.9,-2432.8,2280.1,-207.53,379,-2408.4,54.841,-14.843,4266.2,287373,273,213,3387,0.043458,2.0232,0.86014
-2402.1,458.68,-825.17,-0.10074,889.77,2422.7,6.1023e+05,89613,1,1810.8,1817.1,-4735.3,1804.9,-523.85,1065.3,-1776.7,549.13,-1133.9,6198,305756,273,231,3400,0.10631,2.0364,0.82275
-2380.1,479.6,-843.32,-0.12448,909.33,2404,6.1087e+05,89611,1,1917.3,2036.7,-5320,1455.9,-546.02,1143,-970.68,522.37,-1157.5,6512,308570,273,231,3400,0.1188,2.0357,0.82275
-2443.3,406.4,-765.36,-0.13317,825.26,2457.5,6.0846e+05,89617,1,1496.8,1445.6,-3726.3,2183.9,-451.68,898.1,-2569.2,511.73,-1008.2,5645.8,300322,273,231,3400,0.081309,2.0376,0.82275
-2423.2,433.6,-797.62,-0.14054,860.04,2440.6,6.0949e+05,89615,1,1816.3,1596.3,-4166.3,2060.3,-490.38,984.98,-2376.9,557.2,-1116.2,5988.9,303627,273,231,3400,0.093809,2.037,0.82275
-2461.5,379.16,-733.53,-0.067861,790.96,2472.9,6.0763e+05,89619,1,1304,1305.2,-3347.5,2128.5,-377.17,756.51,-2401.8,399.6,-788.86,5138.6,295819,273,231,3400,0.068805,2.038,0.82275
-2511.1,361.38,-712.26,-0.51622,769.75,2520.1,6.089e+05,88139,1,666.76,882.27,-2197.2,2200.7,-298.95,580.29,-2435.7,273.05,-501.53,4192.6,286612,273,231,3400,0.056158,2.0333,0.83524
-2570.1,319.33,-660.65,-0.85591,717.49,2574.7,6.1392e+05,85185,1,29.498,933.09,-2191.1,2291.8,-201.48,391.81,-2450.9,77.409,-95.363,4140.1,286017,273,213,3387,0.031042,2.0234,0.86014
-2571.2,290.77,-629.93,-0.59493,684.21,2573.8,6.1236e+05,85187,1,175.78,814.39,-1917.1,2302.2,-197.45,413.28,-2495.7,107.85,-199.03,4019.8,284472,273,213,3387,0.018626,2.0236,0.86014
-2574.5,261.98,-598.17,-0.15363,649.89,2575.3,6.1164e+05,85189,1,338.8,754.34,-1772.1,2303.5,-181.29,410.07,-2506.6,109.31,-239.8,3960.3,283712,273,213,3387,0.0062092,2.0237,0.86014
-2580.5,233.41,-567.1,0.26568,616.31,2579.8,6.1106e+05,85191,1,481.79,744.67,-1740.4,2222.4,-151.33,370.73,-2263.8,70.442,-180.52,3752,280648,273,202,3377,-0.006208,2.0237,0.86014
-2614.6,133.78,-521.52,0.23322,566.78,2608.6,6.0847e+05,85201,1,486.83,726.78,-1671.2,1094.7,-104.08,333.17,496.75,121.96,-245.74,2280.5,171454,273,204,3379,-0.068281,2.0225,0.86014
-2607.6,148.78,-518.69,0.23359,563.69,2602.5,6.0922e+05,85199,1,520.6,705.86,-1624.3,1287.2,-110.89,343.99,38.414,108.59,-251.91,2296.1,172118,273,204,3379,-0.05587,2.0229,0.86014
-2601,165.75,-520.65,0.24701,565.83,2596.8,6.0958e+05,85197,1,487.07,681.84,-1578.3,1480.1,-112.95,336.56,-426.57,79.561,-206.92,2396,188152,273,203,3378,-0.043456,2.0232,0.86014
-2588.1,207.17,-542.49,0.36631,589.61,2586.1,6.1029e+05,85193,1,553.48,654.44,-1527,1923.4,-130.44,350.23,-1511.4,61.58,-177.46,3037.3,250567,273,202,3377,-0.018625,2.0236,0.86014
-2594.9,184.8,-527.66,0.28531,573.46,2591.8,6.0981e+05,85195,1,509.7,676.72,-1571.8,1669.7,-113.15,325.66,-880.37,55.55,-160.76,2626.6,233388,273,202,3377,-0.031041,2.0234,0.86014
-2769.1,47.87,-596.88,9.7068,650.94,2757.3,6.0454e+05,86693,1,5914.4,2408.3,-4654.8,1490.9,-202.49,759.68,642.1,757.54,-1693.4,8315.2,318258,273,222,3393,-0.15546,2.023,0.84771
-2699.2,61.271,-583.6,7.0048,635.41,2688.2,6.0468e+05,86691,1,4580.9,1639.6,-3144.2,1076.5,-388.73,1106.8,842.55,868.39,-1932.1,6425.8,307919,273,222,3393,-0.14305,2.0239,0.84771
-2648.7,73.75,-573.12,4.3133,622.93,2638.5,6.0455e+05,86689,1,2725.9,1060.4,-2110.9,868.12,-347.45,961.78,871.07,701.94,-1544.7,4295.1,287698,273,222,3393,-0.13063,2.0247,0.84771
-2623.1,83.757,-562.18,1.4225,609.87,2613.7,6.0537e+05,86687,1,1517.3,827.23,-1759.9,851.08,-252.89,722.5,869.49,505.01,-1086,3095.9,253179,273,222,3393,-0.1182,2.0255,0.84771
-2609.8,94.538,-550.77,0.31803,597.04,2601.4,6.0602e+05,86685,1,789.41,733.27,-1651.1,858.44,-170.03,513.51,958.7,329.43,-668.63,2528.1,226719,273,222,3393,-0.10577,2.0262,0.84771
-2597.7,116.32,-526.18,-0.040147,570.24,2591,6.0563e+05,86681,1,382.88,634.2,-1479.1,956.01,-106.04,344.48,806.2,158.55,-301.61,2132.3,165720,273,205,3380,-0.080899,2.0273,0.84771
-2602.8,105.13,-537.91,0.0071402,582.98,2595.2,6.0598e+05,86683,1,458.1,674.62,-1560.8,880.94,-115.06,371.99,979.58,198.98,-367.97,2272.3,171212,273,222,3393,-0.093337,2.0268,0.84771
-2717.7,4.1509,-551.64,5.9603,597.25,2708,5.9806e+05,89657,1,4474.9,1957.5,-3912,1248.2,-257.39,892.72,1067.6,871.3,-1933,6871.4,310733,273,223,3394,-0.16872,2.0322,0.82275
-2782.4,-12.011,-568.14,5.5965,614.9,2772.5,5.9706e+05,89659,1,4839.1,2484.3,-5067.5,1408.5,-132.56,639.04,1230.8,848.97,-1826.8,7953.1,316729,273,223,3394,-0.18119,2.0311,0.82275
-2781.1,17.042,-579.42,8.4823,629.85,2770.2,6.0166e+05,88175,1,5994.5,2387.1,-4585.5,1578.8,-199.52,800.01,843.4,830.79,-1844.5,8404.5,318568,273,223,3394,-0.1683,2.0271,0.83524
-2914.1,-86.43,-760.15,1.6185,816.34,2900.2,5.8715e+05,92643,1,2242.1,2579,-5818.5,179.29,-46.376,178.37,3977,1105.3,-1465.5,8048.9,317259,273,307,3401,-0.26954,2.0313,0.79766
-2881.1,-83.604,-711.02,1.6076,763.62,2868.9,5.8784e+05,92641,1,2290.4,2560.8,-5779.1,234.72,-48.604,199.04,3780.8,1056.3,-1466.7,7928.4,316601,273,307,3401,-0.25707,2.0329,0.79766
-2815.3,-75.451,-621.42,1.8859,667.57,2805.7,5.886e+05,92637,1,2677.9,2537.9,-5696.9,583.83,-34.648,255.92,2919.6,920.55,-1499.2,7621.9,314902,273,307,3401,-0.2321,2.0359,0.79766
-2847.3,-79.955,-664.09,1.8404,713.34,2836.5,5.878e+05,92639,1,2330.7,2545.3,-5794.5,340.6,-37.741,201.03,3442.1,979.28,-1445.6,7780.8,315722,273,307,3401,-0.24459,2.0345,0.79766
-2774,-66.079,-587.18,2.816,631.2,2765.1,5.8821e+05,92635,1,3124.9,2512.8,-5558.1,794.93,-60.356,372.72,2412.9,926.49,-1700.4,7570.9,314629,273,307,3401,-0.21961,2.0373,0.79766
-2730.4,-55.74,-558.59,2.8523,600.53,2722,5.8915e+05,92633,1,2968.9,2405.6,-5365.6,778.87,-91.034,437.51,2198.7,916.86,-1766.5,7279.6,313017,273,307,3401,-0.2071,2.0386,0.79766
-2691.5,-46.558,-530.43,2.578,570.21,2683.8,5.8982e+05,92631,1,2936.9,2079.5,-4598.3,894.63,-141.23,578.42,1832.4,877.36,-1793.6,6526.4,308662,273,223,3394,-0.19459,2.0399,0.79766
-2709.9,-22.639,-538.58,4.4284,581.09,2701.2,5.9257e+05,91143,1,3788.8,2068.6,-4343.4,1165.3,-199.39,763.06,1334.3,907.36,-1979.9,6782.5,310207,273,223,3394,-0.18163,2.0361,0.81022
-2769.3,-90.041,-774.26,1.3274,827.47,2755.3,5.8434e+05,95621,1,1821.2,2591,-6190.6,-59.692,-11.566,8.5211,4407.4,1090.5,-1265.2,8400.7,318551,273,307,3401,-0.28332,2.0392,0.77246
-2740.3,-90.159,-718.61,1.3626,768.04,2728.3,5.8483e+05,95619,1,1972.2,2540.9,-6004.7,56.659,-28.113,93.935,4115.9,1069.7,-1372.2,8147.6,317663,273,307,3401,-0.27081,2.0409,0.77246
-2827.7,-88.349,-739.5,1.6005,792.29,2814.7,5.8587e+05,94131,1,2144.6,2576.6,-5950.7,140.89,-39.329,149.96,3969.7,1084.5,-1456.4,8108.5,317536,273,307,3401,-0.27018,2.0361,0.78507
-2583.6,-22.195,-1207,-0.058078,1280.5,2548.1,5.8166e+05,100109,1,4.2411,2585.3,-7195.4,-1492.4,-33.81,-643.33,7725.5,1379.8,-25.104,11076,326194,273,307,3401,-0.3606,2.041,0.73443
-2577,-39.67,-1110.8,0.05722,1178.5,2547.1,5.7924e+05,100107,1,221.82,2566.8,-7036.1,-1281.9,-9.3051,-582.72,7220.2,1283.7,-146.52,10580,325084,273,307,3401,-0.34807,2.0432,0.73443
-2567.3,-54.395,-1020.8,0.19754,1083.1,2542.3,5.7802e+05,100105,1,493.79,2518.4,-6776.7,-1035.5,-1.9693,-466.15,6628,1211.8,-354.59,9966.1,323632,273,307,3401,-0.33553,2.0453,0.73443
-2556,-66.767,-937.21,0.23801,994.4,2535.2,5.7882e+05,100103,1,557.28,2457.9,-6619.2,-903.07,5.9841,-417.72,6271.9,1147.6,-427.22,9591.2,322555,273,307,3401,-0.32297,2.0473,0.73443
-2541.7,-75.995,-860.87,0.44808,913.48,2524.5,5.7852e+05,100101,1,850.16,2424.9,-6407,-648.17,15.305,-317.65,5673.1,1075.2,-599.81,9048.4,320717,273,307,3401,-0.3104,2.0492,0.73443
-2634.5,-80.486,-869.82,0.69266,925.1,2616.9,5.7991e+05,98607,1,1118.1,2536,-6468.2,-516.54,15.046,-255.46,5444.7,1102.1,-763.4,9016.3,320595,273,307,3401,-0.30972,2.0448,0.74713
-2595.8,-90.557,-738.48,0.7042,785.45,2583.6,5.8157e+05,98603,1,1363.6,2377.9,-6001,-221.3,-2.5717,-78.609,4596.3,1014.3,-1026.9,8172.6,317761,273,307,3401,-0.28461,2.0484,0.74713
-2615.2,-86.029,-801.88,0.89667,852.93,2600.4,5.7996e+05,98605,1,1132.2,2470.9,-6328.1,-433.16,13.518,-211.34,5147.4,1053.1,-827.35,8715.2,319596,273,307,3401,-0.29717,2.0466,0.74713
-2679.7,-90.122,-755.86,1.122,805.89,2666.6,5.8256e+05,97111,1,1630.8,2470.4,-6033,-131,-24.859,17.919,4486.5,1086.4,-1244.2,8248.3,318023,273,307,3401,-0.28397,2.0438,0.75981
-2297.3,461.64,-823.59,0.54454,886.14,2320.3,6.0795e+05,91095,1,2440.1,2253.3,-6020.1,1376.4,-593.35,1290.4,-928.55,630.96,-1453,7386.2,313542,273,231,3400,0.11909,2.0407,0.81022
-2518,333.88,-682.21,-0.36619,737.33,2524.6,6.0832e+05,88141,1,612.93,760.51,-1888.2,2221.1,-262.9,527.5,-2443.7,228.18,-431.74,4001.3,284257,273,231,3400,0.043681,2.0336,0.83524
-2545.7,312.8,-656.66,-0.60046,711.42,2550.2,6.0994e+05,86663,1,298.39,653.72,-1574.2,2287,-231.13,469.48,-2505.2,176.91,-332.14,3862.2,282442,273,213,3387,0.031123,2.0287,0.84771
-2327.5,442.14,-806.53,0.49115,867.76,2347.4,6.0776e+05,91097,1,2612,2149.5,-5779.4,1643.8,-584.26,1257.9,-1626.3,676.76,-1495.9,7403.4,313631,273,231,3400,0.10657,2.0414,0.81022
-2356.6,418.23,-779.66,0.33182,838.8,2373.4,6.0765e+05,91099,1,2355,1954.5,-5209.9,1923.8,-550.17,1159.5,-2202.3,659.54,-1403.3,7007.9,311525,273,231,3400,0.09404,2.042,0.81022
-2383.3,392.56,-749.08,0.29724,805.89,2397.1,6.0697e+05,91101,1,1993.5,1767.8,-4662.9,2003.7,-474.08,994.02,-2299.2,553.76,-1165,6404.7,307732,273,231,3400,0.081508,2.0426,0.81022
-2475.9,352.77,-704.7,-0.045079,759.88,2484.7,6.0713e+05,89621,1,974.48,1102.4,-2797.9,2132.4,-308.45,621.12,-2324,289.96,-562.8,4563.2,290419,273,231,3400,0.056299,2.0384,0.82275
-2424.5,342.71,-695.03,0.15129,747.69,2433.1,6.055e+05,91105,1,1351.9,1514.5,-3907.5,2047.2,-355.83,753.42,-2199.6,368.69,-775.69,5463.6,298556,273,231,3400,0.056437,2.0434,0.81022
-2405.2,367.52,-721.19,0.28829,775.89,2416.2,6.0606e+05,91103,1,1723.1,1692.6,-4424.4,1952.9,-406.59,863.84,-2100.5,444.93,-948.13,5970.2,303421,273,231,3400,0.068974,2.043,0.81022
-2555.1,255.26,-592.86,-0.25886,642.41,2555.8,6.1009e+05,86667,1,460.73,524.77,-1257.7,2282.7,-203.74,470.69,-2499.9,174.72,-399.63,3739.4,280431,273,213,3387,0.0062253,2.0289,0.84771
-2549.9,284.11,-625,-0.46389,677.17,2552.4,6.0994e+05,86665,1,419.52,550.96,-1328.2,2310.9,-217.91,475.02,-2574,185.36,-391.95,3830.3,281935,273,213,3387,0.018674,2.0288,0.84771
-2561.8,227.09,-562.42,-0.032089,609.52,2561.1,6.0939e+05,86669,1,555.73,521.49,-1239.6,2172.9,-177.1,437.98,-2192.3,139.33,-346.99,3465.3,273811,273,213,3387,-0.006224,2.0289,0.84771
-2592.8,128.7,-517.35,-0.04041,560.67,2587,6.0598e+05,86679,1,433.38,597.26,-1391.6,1115.5,-108.81,347.36,432.76,137.81,-293.2,2037.1,147906,273,204,3379,-0.068458,2.0278,0.84771
-2587.1,143.38,-514,-0.003629,557.06,2582.1,6.0661e+05,86677,1,436.03,559.23,-1310.2,1251.3,-115.16,359.91,90.576,135.97,-318.04,2013.9,147127,273,203,3378,-0.056014,2.0282,0.84771
-2581.1,160.4,-516.39,0.032238,559.67,2577.1,6.0725e+05,86675,1,465.48,550.9,-1292.4,1427.4,-121.56,367.14,-336.28,124.63,-314.99,2146,166125,273,203,3378,-0.043569,2.0285,0.84771
-2575.3,179.64,-524.26,0.076256,568.21,2572.3,6.076e+05,86673,1,480.73,536.56,-1266,1655.2,-129.68,370.34,-900.39,104.3,-280.89,2432.2,191184,273,202,3377,-0.031122,2.0287,0.84771
-2569.1,201.61,-538.9,0.076618,584.08,2567.1,6.0828e+05,86671,1,533.9,511.76,-1215.6,1919.5,-152.65,404.79,-1580.9,116.32,-309.54,2916.3,246193,273,213,3387,-0.018673,2.0288,0.84771
-2707.5,33.684,-566.91,7.6369,615.97,2696.9,6.0205e+05,88173,1,4429.3,1752.1,-3427.4,1147.1,-324.25,1005.5,894.53,873.89,-1959.6,6501.6,308503,273,223,3394,-0.15586,2.0281,0.83524
-2655.7,45.466,-554.59,4.4973,601.37,2645.9,6.0249e+05,88171,1,3543.5,1309.4,-2557.8,1098,-330.83,991.11,650.22,795.78,-1817.6,5241.2,296684,273,222,3393,-0.14341,2.029,0.83524
-2619.9,59.247,-548.19,2.5003,593.63,2610.7,6.0254e+05,88169,1,2547.3,956.38,-1907.6,1123.6,-319.72,952.17,412.52,708.56,-1650.7,4087.9,285365,273,222,3393,-0.13096,2.0299,0.83524
-2599.7,73.546,-545.56,0.79142,590.09,2591,6.0334e+05,88167,1,1298.2,679.22,-1462.5,1110.3,-218.93,689.69,332.2,478.52,-1116.4,2761.9,238808,273,222,3393,-0.1185,2.0306,0.83524
-2588.2,87.106,-540.25,0.06961,584.05,2580.1,6.0373e+05,88165,1,688.85,598.63,-1365.9,1051.3,-152.46,504.55,534.51,323.71,-720.34,2234,169779,273,222,3393,-0.10604,2.0313,0.83524
-2581.8,99.554,-531.82,-0.14636,574.85,2574.5,6.0365e+05,88163,1,414.21,571.7,-1343,980.2,-119.49,400.63,728.61,226.17,-469.04,2059.1,163372,273,222,3393,-0.093574,2.0319,0.83524
-2577.7,111.39,-521.76,-0.15073,563.97,2571.2,6.0327e+05,88161,1,289.94,548.87,-1309.7,981.61,-95.456,326.46,722.85,144.89,-283.39,1950.3,144208,273,222,3393,-0.081105,2.0325,0.83524
-2574,123.78,-513.14,-0.13511,554.66,2568.3,6.0344e+05,88159,1,351.87,542.38,-1287.7,1078.9,-101.03,332.87,495.24,134.4,-283.9,1924.9,143507,273,203,3378,-0.068632,2.0329,0.83524
-2664.7,-10.263,-521.61,3.2651,562.38,2656.5,5.9414e+05,91141,1,2974.7,1542.1,-3249,1047.5,-274.34,907.45,1044.2,853.35,-1924.5,5413.1,298149,273,223,3394,-0.16914,2.0372,0.81022
-2632.3,2.9792,-510.7,2.0901,550.18,2624.3,5.9523e+05,91139,1,2600.2,1195.2,-2496.9,1168.5,-250.62,855.07,587.76,721.23,-1694.9,4508,289801,273,223,3394,-0.15663,2.0382,0.81022
-2664.9,17.493,-537.64,4.3725,581.51,2655.7,5.9897e+05,89655,1,3511.9,1317.8,-2581.9,1108.8,-342.01,1055.1,825.1,845.89,-1931.2,5321.8,297393,273,223,3394,-0.15625,2.0332,0.82275
-2796.6,-86.695,-688.81,1.4565,737.97,2785.4,5.8674e+05,94129,1,2247.5,2522.4,-5803.2,224.35,-49.404,200.38,3734.6,1049.7,-1500.6,7904.7,316485,273,307,3401,-0.25768,2.0377,0.78507
-2694.2,-71.508,-562.54,2.4621,603.17,2686.4,5.8663e+05,94123,1,2753,2334.3,-5281.7,648.97,-68.777,359.25,2585.6,897.91,-1602.7,7179.1,312522,273,307,3401,-0.22013,2.0421,0.78507
-2730.6,-77.809,-601.18,2.0612,644.39,2721.9,5.8681e+05,94125,1,2389,2421.4,-5589,438.15,-34.432,220.29,3105,916.15,-1458.9,7460.4,313915,273,307,3401,-0.23265,2.0408,0.78507
-2764.4,-83.358,-642.15,1.6516,688.09,2754.6,5.8693e+05,94127,1,2276.6,2461.1,-5688.7,332.41,-42.047,213.05,3431.9,989.43,-1493.5,7664.6,315152,273,307,3401,-0.24517,2.0393,0.78507
-2660.2,-63.568,-531.84,2.1895,570.2,2653,5.8753e+05,94121,1,2388.6,2032.4,-4659,691.94,-105.74,456.95,2167.6,841.47,-1614.2,6344.6,307173,273,307,3401,-0.20759,2.0435,0.78507
-2602.9,-43.759,-486.44,1.64,521.39,2596.4,5.8827e+05,94117,1,1969,1590,-3685.2,959,-101.22,485.17,1194.1,630.25,-1360.6,4982.5,294397,273,223,3394,-0.1825,2.0458,0.78507
-2629.6,-54.143,-506.93,1.9182,543.43,2622.8,5.8782e+05,94119,1,2053.7,1829.3,-4257.5,790.22,-95.297,445.72,1748.4,732.58,-1471.1,5681.6,300624,273,307,3401,-0.19505,2.0447,0.78507
-2653.6,-35.191,-508.03,2.7661,546.24,2646.2,5.896e+05,92629,1,2572.4,1675.4,-3695.5,990.35,-197.29,729.11,1310.7,822.58,-1799.6,5501.4,298957,273,223,3394,-0.18207,2.041,0.79766
-2623.4,-22.193,-495.77,1.8182,532.71,2616.2,5.9135e+05,92627,1,2266.3,1388.9,-3072.7,1126.7,-173.65,682.47,722.7,676.91,-1575.6,4662.1,291500,273,223,3394,-0.16954,2.0421,0.79766
-2656.4,-91.643,-699.44,0.96353,745.7,2645.4,5.8365e+05,97109,1,1697.2,2401.1,-5857.7,2.5312,-15.202,40.872,4109.2,1002.7,-1229.2,7897,316453,273,307,3401,-0.27143,2.0455,0.75981
-2712.9,-89.142,-667.76,1.28,713.69,2702.7,5.8562e+05,95617,1,1974,2427.2,-5757.9,159.68,-31.513,135.96,3772.1,1000.7,-1382.9,7754.2,315593,273,307,3401,-0.25828,2.0425,0.77246
-2476.4,-30.784,-1110.2,-0.1827,1175.2,2446.4,5.821e+05,101603,1,20.62,2425.5,-6870.1,-1367.1,-25.539,-588.57,7382.1,1272.2,-39.483,10555,325007,273,307,3401,-0.34882,2.0476,0.7217
-2470.8,-47.192,-1017.2,-0.014277,1076.8,2445.8,5.7907e+05,101601,1,199.78,2390.9,-6697.3,-1171.3,-7.2189,-526.18,6884.6,1188.4,-164.55,10055,323831,273,307,3401,-0.33625,2.0497,0.7217
-2462.4,-60.679,-931.57,0.093262,986.23,2441.8,5.7774e+05,101599,1,456.72,2335.3,-6437,-922.54,1.0145,-415.02,6272.3,1117.2,-379.06,9426.3,322011,273,307,3401,-0.32367,2.0517,0.7217
-2437.1,-79.301,-780.89,0.36875,826.81,2423.2,5.7731e+05,101595,1,753.56,2248.1,-6090.5,-575.84,10.01,-267.36,5332.8,995.92,-628.6,8540.8,319096,273,307,3401,-0.29847,2.0555,0.7217
-2451,-71.336,-852.69,0.24933,902.78,2434,5.772e+05,101597,1,656.39,2312.1,-6296.6,-740.29,9.0944,-346.08,5818.2,1060.7,-507.52,9018,320604,273,307,3401,-0.31107,2.0537,0.7217
-2525.4,-82.939,-790.59,0.62707,838.98,2511.1,5.7859e+05,100099,1,1010,2366.4,-6189.8,-469.67,9.7955,-217.45,5157.1,1020.4,-763.46,8568.6,319171,273,307,3401,-0.29782,2.0511,0.73443
-2508.9,-88.46,-725.73,0.46668,770.11,2497.2,5.7995e+05,100097,1,1019.4,2300.8,-6046,-370.3,13.079,-182.64,4841.4,964.58,-806.12,8250.9,318033,273,307,3401,-0.28523,2.0529,0.73443
-2489.9,-91.277,-667.02,0.63778,707.88,2480.2,5.7999e+05,100095,1,1232.5,2203.4,-5706.4,-136.97,0.81094,-54.119,4251.4,922.88,-1000.5,7673.7,315201,273,307,3401,-0.27263,2.0546,0.73443
-2572.5,-91.321,-683.65,0.82663,727.2,2562.2,5.8202e+05,98601,1,1585.5,2325.6,-5803.9,-18.034,2.1632,-12.769,4103.1,956.51,-1129.9,7786.8,315750,273,307,3401,-0.27203,2.0501,0.74713
-2240,423.22,-783.07,0.97206,840.68,2259,6.0574e+05,92583,1,2976,2215.3,-6069.5,1638.7,-612.86,1355.3,-1718.1,770.46,-1750.7,7881.1,316355,273,231,3400,0.10682,2.0463,0.79766
-2487.5,326,-675.68,-0.10741,728.56,2494,6.0683e+05,89623,1,990.73,1108.9,-2813,2158.3,-292.62,608.92,-2369.7,273.36,-550.1,4607.7,290902,273,231,3400,0.04379,2.0387,0.82275
-2497.7,298,-644.35,-0.30498,694.7,2502,6.0681e+05,89625,1,887.03,965.14,-2433.2,2261.9,-272.14,587.34,-2584.2,271.2,-573.24,4500.5,289725,273,231,3400,0.03128,2.0389,0.82275
-2524.5,305.7,-651.03,-0.36145,703.63,2528.9,6.0823e+05,88143,1,587.75,663.67,-1641,2280.8,-243.95,513.53,-2556.1,219.58,-444.62,3972.9,283864,273,231,3400,0.031202,2.0338,0.83524
-2531.1,277.01,-618.94,-0.41823,668.92,2533.5,6.0845e+05,88145,1,512.88,591.73,-1451.4,2306.4,-231.72,508.55,-2586,213.85,-458.93,3910.9,283106,273,231,3400,0.018722,2.034,0.83524
-2277.4,400.88,-757.62,0.7151,813.28,2293.4,6.0552e+05,92585,1,2799.2,2159.7,-5883.8,1767,-564.05,1243.6,-1978.9,705.3,-1582.3,7682.7,315236,273,231,3400,0.094267,2.0469,0.79766
-2308.8,377.65,-731.54,0.48977,785.2,2322.1,6.0489e+05,92587,1,2389.9,2104.9,-5659.4,1827.1,-494.23,1086.7,-1998,588.05,-1310.7,7279.4,313014,273,231,3400,0.081705,2.0475,0.79766
-2334.8,353.97,-705.94,0.17733,757.61,2345.4,6.045e+05,92589,1,1948.3,1997.3,-5294.7,1888.8,-456.52,1003.8,-2022.7,529.41,-1178.8,6809.1,310359,273,231,3400,0.06914,2.048,0.79766
-2356.9,330.37,-681.4,-0.067708,731.18,2365.2,6.0416e+05,92591,1,1750.7,1920.6,-5056.7,1938.9,-418.16,934.2,-2095.2,496.49,-1125.1,6560,308856,273,231,3400,0.056573,2.0483,0.79766
-2441.4,316.79,-667.06,-0.095223,717.51,2447.6,6.0533e+05,91107,1,1367.7,1470,-3792.1,2136.1,-333.99,731.45,-2421.7,375.35,-822.15,5504.8,298990,273,231,3400,0.043898,2.0437,0.81022
-2545.4,220.33,-556.32,-0.28042,601.28,2544.7,6.0738e+05,88149,1,552.45,504.83,-1224,2083.2,-178.84,451.77,-2043.3,165.23,-417.13,3318.1,268078,273,213,3387,-0.0062399,2.0341,0.83524
-2538.3,248.04,-586.15,-0.40059,633.47,2539,6.0825e+05,88147,1,596.68,551.98,-1352.1,2263,-214.61,503.57,-2505.4,209.84,-489.6,3804,281523,273,231,3400,0.0062411,2.0341,0.83524
-2569.1,138.07,-509.16,-0.11499,550.37,2564.3,6.0406e+05,88157,1,406.39,522.68,-1245.6,1247.4,-110.28,351.36,72.686,131.2,-312.33,1949.7,144196,273,203,3378,-0.056157,2.0333,0.83524
-2563.5,154.97,-511.58,-0.076845,553,2559.6,6.0476e+05,88155,1,451.43,521.53,-1248.6,1458.2,-121.73,370.83,-455.82,127.65,-332.91,2156,166421,273,231,3400,-0.04368,2.0336,0.83524
-2551.9,195.77,-534.23,-0.1135,577.47,2550,6.062e+05,88151,1,490.71,511.68,-1232.8,1831.8,-145.42,396.48,-1404,124.59,-334.43,2766.7,238993,273,213,3387,-0.018721,2.034,0.83524
-2557.7,174.23,-519.89,-0.035498,562,2554.7,6.0533e+05,88153,1,462.37,522.11,-1257.3,1648.6,-133.27,383.76,-952.75,123.11,-333.05,2446.2,192280,273,231,3400,-0.031201,2.0338,0.83524
-2627.5,31.161,-529.43,2.5279,571.92,2618.8,5.9995e+05,89653,1,2561,953.8,-1903.6,1208.5,-291.34,932.45,344.7,698.12,-1664,4108.7,285617,273,223,3394,-0.14377,2.0341,0.82275
-2600.9,46.91,-527.4,1.3678,569.26,2592.5,6.0054e+05,89651,1,1868.7,676.08,-1370.5,1306.3,-232.02,778.89,-15.613,534.42,-1320.1,3197.3,262240,273,222,3393,-0.13129,2.0349,0.82275
-2581.6,64.295,-530.4,0.5367,572.17,2573.4,6.0106e+05,89649,1,1204.8,577.3,-1252.1,1328.2,-184.4,648.72,-119.25,423.7,-1066.9,2627.5,233430,273,222,3393,-0.1188,2.0357,0.82275
-2570,79.821,-529.76,-0.050727,571.24,2562.3,6.0177e+05,89647,1,721.38,545.99,-1254.3,1183.9,-152.88,532.84,211.32,332.54,-796.69,2211.4,168505,273,222,3393,-0.10631,2.0364,0.82275
-2563.6,93.927,-525.32,-0.1793,566.4,2556.5,6.0146e+05,89645,1,453.45,565.12,-1351.3,1117.1,-109.28,399.7,385.58,213.18,-486.74,2049.8,162995,273,222,3393,-0.093808,2.037,0.82275
-2559.2,106.69,-517.64,-0.18677,558.11,2552.9,6.0135e+05,89643,1,305.15,563.97,-1364.6,1003.8,-95.642,336.87,659.57,160.05,-329.39,1993.2,145702,273,222,3393,-0.081307,2.0376,0.82275
-2555.4,119.24,-509.54,-0.17595,549.38,2549.9,6.0161e+05,89641,1,341.78,591.24,-1437.6,1056.6,-94.848,322.94,517.6,134.17,-288.25,2032.7,147753,273,231,3400,-0.068804,2.038,0.82275
-2596.2,-6.5604,-490.6,1.3153,526.98,2589.1,5.9218e+05,92625,1,1779.4,1111.6,-2501.5,1264.2,-147.28,622.41,226.84,538.72,-1334.9,3845.8,282189,273,223,3394,-0.15701,2.0431,0.79766
-2605.6,18.698,-507.14,1.2548,546.02,2597.8,5.9654e+05,91137,1,1779.8,881.18,-1908.1,1330.3,-197.48,734.61,23.013,562.69,-1414,3500,275365,273,223,3394,-0.14412,2.0391,0.81022
-2622.4,-76.56,-541.19,1.7536,578.69,2615.5,5.8643e+05,95611,1,2006.2,2061.1,-4887.2,489.38,-55.973,286.96,2636.4,795.8,-1352.2,6472.7,308283,273,307,3401,-0.22064,2.0469,0.77246
-2650.5,-80.825,-580.06,2.1282,620.34,2642.6,5.8539e+05,95613,1,2139.5,2282.3,-5401.7,382.55,-36.472,213.37,3097.3,886.91,-1409.9,7178.1,312516,273,307,3401,-0.2332,2.0455,0.77246
-2683.8,-86.429,-620.72,1.5378,663.55,2674.9,5.8594e+05,95615,1,2248.5,2375,-5564.3,357.18,-27.424,184.08,3339.6,936.01,-1414.7,7473.3,313978,273,307,3401,-0.24574,2.044,0.77246
-2595.4,-69.227,-511.06,1.582,546.44,2589.1,5.8691e+05,95609,1,1895.7,1821,-4322.9,696.91,-59.18,341.7,1979.1,688.09,-1294.1,5680.6,300617,273,307,3401,-0.20808,2.0482,0.77246
-2570.3,-59.83,-487.72,1.4283,521.45,2564.3,5.872e+05,95607,1,1760.2,1695.7,-4049.1,804.05,-57.849,354.29,1589.7,614.96,-1227.7,5249.4,296749,273,307,3401,-0.19551,2.0494,0.77246
-2529.2,-36.726,-458.27,0.67337,489.72,2523.6,5.8874e+05,95603,1,1353.6,1496.5,-3679.7,1074.6,-50.357,371.49,628.9,480.07,-1134.6,4562.9,290417,273,307,3401,-0.17034,2.0517,0.77246
-2548.4,-49.324,-469.51,1.0662,501.88,2542.7,5.8788e+05,95605,1,1461.5,1598.5,-3902.7,902.8,-46.151,337.39,1159.5,529.7,-1129.4,4873.8,293414,273,307,3401,-0.18293,2.0506,0.77246
-2578.2,-30.177,-476.21,1.1486,510.25,2571.9,5.8945e+05,94115,1,1633,1367.7,-3220.7,1150.1,-97.245,500.83,522.29,535.4,-1284.1,4324.5,287994,273,223,3394,-0.16995,2.0469,0.78507
-2556.5,-15.134,-471.11,0.68217,504.61,2550.1,5.9069e+05,94113,1,1556.1,1254,-2949.9,1247,-112.47,543.74,228.52,518.38,-1301.7,4071.2,285168,273,223,3394,-0.15738,2.0479,0.78507
-2548.2,-91.003,-632.06,0.98781,672.4,2539.4,5.8229e+05,98599,1,1519.3,2215,-5553.5,56.169,-11.529,50.903,3799.8,903.85,-1160.9,7393.6,313580,273,307,3401,-0.25945,2.0517,0.74713
-2630.6,-90.323,-649.35,1.2202,692.42,2621.1,5.8358e+05,97107,1,1788.9,2353,-5730.4,126.73,-8.1079,64.688,3771.8,938.11,-1241.3,7631.6,314961,273,307,3401,-0.25887,2.0471,0.75981
-2604,-88.485,-601.7,1.3247,641.68,2595.9,5.8428e+05,97105,1,1850,2228.8,-5409.6,235.11,-24.99,142.73,3437.9,887.2,-1275.2,7208.5,312675,273,307,3401,-0.2463,2.0487,0.75981
-2370.1,-53.94,-928.13,-0.059508,980.47,2349.6,5.7884e+05,103097,1,192.18,2237.1,-6399.2,-1067,-1.5979,-484.01,6567.9,1094.5,-167.54,9577.4,322511,273,307,3401,-0.32435,2.0561,0.70894
-2361.9,-66.112,-846.36,0.084847,894.14,2345.1,5.7675e+05,103095,1,488.56,2216.4,-6198.6,-817.63,7.4505,-381.01,5952.6,1034.8,-381.9,9002,320551,273,307,3401,-0.31173,2.058,0.70894
-2351.6,-75.54,-772.19,0.1475,815.8,2338.1,5.7685e+05,103093,1,473.54,2108.1,-5945.6,-681.03,6.2357,-307.63,5495.4,966.86,-489.08,8482.3,318818,273,307,3401,-0.2991,2.0599,0.70894
-2340.4,-82.594,-705.19,0.083539,745,2329.5,5.7768e+05,103091,1,666.09,2081.9,-5777.7,-465.62,14.837,-231.08,4927.1,899.78,-629.24,7994.5,316979,273,307,3401,-0.28645,2.0617,0.70894
-2423.7,-85.843,-714.51,0.2429,756.5,2412.4,5.784e+05,101593,1,883.47,2177.1,-5847.6,-390.61,8.7216,-179.81,4829.8,935.82,-758.97,8042.3,317232,273,307,3401,-0.28585,2.0573,0.7217
-2409.2,-90.179,-653.78,0.32972,692.24,2400.1,5.7858e+05,101591,1,851.86,2089.1,-5656.9,-262.4,12.385,-136.42,4407.2,867.01,-804.27,7615.8,314870,273,307,3401,-0.27322,2.059,0.7217
-2393.5,-91.809,-601.18,0.28809,636.54,2386.1,5.7945e+05,101589,1,1088.8,2055.1,-5457.2,-24.999,14.398,-51.015,3783,806.93,-932.28,7143.2,312305,273,307,3401,-0.26058,2.0607,0.7217
-2470.9,-92.159,-615.04,0.5869,652.71,2463,5.8104e+05,100093,1,1222.5,2084.3,-5402.8,11.208,-9.0148,28.011,3755.3,861.12,-1078.1,7144,312309,273,307,3401,-0.26002,2.0562,0.73443
-2457.1,288.84,-634.68,-0.41019,682.56,2461.3,6.0529e+05,91109,1,1209.9,1326.9,-3400.2,2252.6,-308.51,691.88,-2643.3,371.38,-836.63,5315.9,297348,273,231,3400,0.031357,2.0439,0.81022
-2471.2,260.17,-600.62,-0.59882,645.84,2473.5,6.0514e+05,91111,1,1138.1,1254.8,-3202.2,2243,-282.45,658.93,-2641.1,364.18,-856.38,5148.8,295901,273,231,3400,0.018815,2.0441,0.81022
-2507.6,269.13,-611.11,-0.48277,658.78,2509.9,6.0659e+05,89627,1,744.41,791.24,-1977.9,2291,-247.21,562.43,-2621.9,266.56,-603.74,4246,287150,273,231,3400,0.018769,2.0391,0.82275
-2220.6,360.89,-710.95,0.29415,761.23,2233.2,6.0269e+05,94075,1,2631.4,2281.5,-6247.1,1680.5,-558.27,1280.5,-1788.1,715.59,-1681.1,7903.6,316478,273,231,3400,0.081899,2.0523,0.78507
-2250.7,338.65,-687.3,-0.17607,735.73,2260.9,6.0303e+05,94077,1,2295.2,2219.6,-6009.2,1770.2,-494.73,1138.1,-1921.7,654.04,-1542.8,7581.5,314696,273,231,3400,0.069304,2.0528,0.78507
-2277.1,315.69,-662.07,-0.33358,708.66,2284.9,6.0303e+05,94079,1,2026.7,2107.7,-5648.2,1897.4,-449.89,1041.8,-2170.4,634.1,-1505.2,7260.8,312935,273,231,3400,0.056707,2.0532,0.78507
-2378.2,305.04,-652.87,-0.2238,700.51,2384.2,6.0402e+05,92593,1,1778,1883.1,-4951.1,2049.2,-398.68,910.66,-2406,525.18,-1217.4,6629.8,309273,273,231,3400,0.044004,2.0486,0.79766
-2399,277.92,-620.08,-0.2731,665.29,2403,6.0373e+05,92595,1,1605.6,1721.9,-4491,2162.2,-345.05,801.75,-2607.8,488.86,-1154.6,6286.6,306540,273,231,3400,0.031433,2.0489,0.79766
-2532.9,189.84,-528.87,-0.22634,570.21,2531.1,6.0435e+05,89633,1,540.64,658.98,-1623,1810.9,-157.05,427.47,-1421.7,160.44,-426.49,3012.7,249258,273,231,3400,-0.018767,2.0391,0.82275
-2525.8,213.5,-549.47,-0.41233,592.34,2525.1,6.0532e+05,89631,1,622.14,680.99,-1684.6,2063.5,-192.59,487.99,-2057.3,207.66,-524.07,3573.8,277232,273,231,3400,-0.0062555,2.0392,0.82275
-2517,240.48,-578.26,-0.5152,623.35,2517.7,6.0603e+05,89629,1,765.56,776.52,-1936,2188.1,-221.52,536.17,-2396,253.5,-613.93,4030.3,284642,273,231,3400,0.0062568,2.0392,0.82275
-2550.7,132.99,-504.53,-0.19086,543.97,2546,6.0245e+05,89639,1,410.67,587.06,-1426.4,1242.5,-108.48,350.36,56.408,137.01,-333.05,2087.8,164326,273,231,3400,-0.056297,2.0384,0.82275
-2544.8,149.53,-506.45,-0.17841,546.05,2541,6.031e+05,89637,1,472.31,630.11,-1539.9,1396.9,-118,368.67,-345.23,143.53,-373.38,2317.7,172833,273,231,3400,-0.043789,2.0387,0.82275
-2539,168.63,-514.8,-0.14105,555.07,2536.1,6.0362e+05,89635,1,506.52,657.46,-1614.2,1596,-130.99,386.99,-861.84,141.28,-382.92,2630.1,233548,273,231,3400,-0.031279,2.0389,0.82275
-2582.4,36.173,-509.05,0.55449,547.79,2574.7,5.9818e+05,91135,1,1643.7,697.58,-1488.6,1427.5,-202.72,741.46,-287.14,518.81,-1351.3,3195.4,262164,273,223,3394,-0.13161,2.0399,0.81022
-2563.3,54.673,-514.52,-0.020049,553.45,2555.7,5.9961e+05,91133,1,1196.5,599.49,-1328.5,1409.2,-182.55,665.54,-307.36,435.86,-1141.3,2757.7,238654,273,231,3400,-0.11909,2.0407,0.81022
-2551.6,72.213,-518.45,-0.32834,557.56,2544.4,6.0043e+05,91131,1,804.28,648.14,-1530.6,1360.1,-136.89,524.03,-207.4,317.62,-831.46,2527.5,226672,273,231,3400,-0.10657,2.0414,0.81022
-2537.1,101.94,-513.03,-0.29355,551.74,2531.1,6.0024e+05,91127,1,438.49,730.27,-1799.2,1062.9,-99.208,357.49,500.81,188.5,-426.22,2387.1,187455,273,231,3400,-0.081507,2.0426,0.81022
-2543,88.295,-518.55,-0.31508,557.67,2536.3,6.0003e+05,91129,1,547.07,681.17,-1654.6,1191.4,-110.39,417.52,205.47,235.78,-573.1,2352.3,174932,273,231,3400,-0.094039,2.042,0.81022
-2531.9,114.72,-505.51,-0.25487,543.67,2526.6,6.0051e+05,91125,1,430.05,817.67,-2032.8,1048.8,-94.865,327.42,515.53,157.4,-354.51,2572.6,230209,273,231,3400,-0.068973,2.043,0.81022
-2526.6,128.05,-499.6,-0.24329,537.32,2522.1,6.0124e+05,91123,1,445.37,773.18,-1916.7,1185.3,-103.04,340.56,171.42,149.34,-361.75,2486.8,196546,273,231,3400,-0.056436,2.0434,0.81022
-2539.9,0.88722,-470.35,0.16577,503.6,2533.5,5.9235e+05,94111,1,1268.6,1154.3,-2780.6,1321.8,-104.23,515.07,-77.66,448.09,-1182.5,3781.7,281180,273,223,3394,-0.14481,2.0489,0.78507
-2574.9,9.0646,-487.86,0.63123,523.76,2567.9,5.9392e+05,92623,1,1467.1,989.32,-2269.5,1306.6,-147.97,614.96,20.831,497.86,-1270.2,3500.1,275371,273,223,3394,-0.14447,2.044,0.79766
-2557.7,25.951,-489.2,0.12499,525,2550.7,5.955e+05,92621,1,1301.1,911.89,-2125,1415.1,-148.45,616.02,-313.89,468.13,-1251.8,3365.8,270159,273,223,3394,-0.13193,2.0449,0.79766
-2576,-84.469,-559.93,1.578,597.26,2569,5.8431e+05,97103,1,1816.1,2045.3,-4952.1,348.54,-48.418,236.59,2988.7,818.21,-1289.1,6591.5,309045,273,307,3401,-0.23373,2.0502,0.75981
-2553.6,-79.833,-524.26,1.1816,559.11,2547.5,5.8567e+05,97101,1,1471.9,1907.6,-4736.4,457.78,-19.175,184.86,2502.4,677.04,-1101.3,6034.6,304022,273,307,3401,-0.22114,2.0516,0.75981
-2532.7,-73.344,-493.75,1.1216,526.57,2527.1,5.8608e+05,97099,1,1544.8,1824.8,-4505.6,620.9,-19.478,221.95,2060.5,616.98,-1098.1,5681.9,300628,273,307,3401,-0.20855,2.0529,0.75981
-2510.9,-64.124,-471.14,1.0543,502.45,2505.6,5.8655e+05,97097,1,1487.9,1699.5,-4206.7,786.62,-26.455,272.47,1508.7,555.17,-1109.9,5225.7,296569,273,307,3401,-0.19595,2.0541,0.75981
-2492,-53.774,-454.06,0.62391,484.09,2486.9,5.8791e+05,97095,1,1304.1,1600.6,-4011.1,922.6,-25.525,288.63,1026.8,484.58,-1060.8,4868.4,293334,273,307,3401,-0.18334,2.0553,0.75981
-2474.9,-41.419,-443.04,0.33612,472.25,2469.9,5.8862e+05,97093,1,1191.7,1587.9,-4036.9,1036.1,-18.792,285,657.91,444.35,-1053.8,4809.8,292865,273,307,3401,-0.17073,2.0564,0.75981
-2458.6,-27.21,-437.64,0.10165,466.4,2453.5,5.892e+05,97091,1,1206.4,1565.3,-3986.2,1167.1,-24.001,310.36,274.01,421.63,-1082.4,4762.2,292412,273,231,3400,-0.15811,2.0574,0.75981
-2512.2,-22.219,-453.36,0.22327,484.31,2506.6,5.9005e+05,95601,1,1296,1379.9,-3401.6,1246.6,-65.875,426.67,120.5,451.73,-1172.5,4299.8,287751,273,231,3400,-0.15775,2.0527,0.77246
-2452.4,-91.023,-569.51,0.51885,604.39,2445.7,5.8186e+05,100091,1,1213.2,2019.1,-5248.8,131.48,3.3221,34.198,3370.8,768.11,-1014.7,6789.6,310235,273,307,3401,-0.2474,2.0578,0.73443
-2526.9,-90.274,-584.17,0.89185,621.45,2519.6,5.8304e+05,98597,1,1390.4,2090.3,-5283.8,133.33,-16.473,88.358,3468.9,826.26,-1121.7,6944.1,311168,273,307,3401,-0.24686,2.0533,0.74713
-2506.8,-87.693,-542.15,0.89847,576.77,2500.6,5.8364e+05,98595,1,1448.8,1977.2,-4983.7,327.45,-9.1051,126.39,2909.7,729.76,-1091.2,6415.5,307833,273,307,3401,-0.23425,2.0548,0.74713
-2274.7,-60.291,-842.42,-0.10231,888.07,2258.1,5.792e+05,104595,1,237.5,2080.8,-6049,-915.37,0.63747,-411.72,6126.6,1004.1,-230.43,8976.7,320475,273,307,3401,-0.31238,2.0623,0.69616
-2267.4,-70.891,-766.01,-0.0036331,807.55,2254.1,5.7743e+05,104593,1,342.65,2035.2,-5887.2,-737.76,10.374,-349.54,5602.2,935.18,-357.46,8483.6,318823,273,307,3401,-0.29972,2.0641,0.69616
-2258.5,-78.941,-697.07,-0.023351,734.86,2247.9,5.7771e+05,104591,1,449,2001.3,-5761.2,-570.15,19.036,-293.58,5121.1,872.95,-470.23,8063.4,317331,273,307,3401,-0.28705,2.0659,0.69616
-2248.4,-84.693,-634.51,0.01612,668.92,2240,5.7785e+05,104589,1,615.16,1973.5,-5600.2,-356.06,25.806,-217.16,4547.8,810.8,-610.98,7584.3,314710,273,307,3401,-0.27436,2.0677,0.69616
-2328.4,-87.744,-643.41,0.14474,679.76,2319.7,5.7786e+05,103089,1,727.32,2035.1,-5642.6,-313.18,24.226,-192.55,4486.5,828.62,-675.94,7610.3,314834,273,307,3401,-0.2738,2.0634,0.70894
-2315.1,-90.443,-588.8,0.1615,622.07,2308.2,5.7817e+05,103087,1,819.52,1976.8,-5456.2,-125.81,24.615,-119.08,3929.1,773.02,-801.31,7145.5,312321,273,307,3401,-0.26113,2.065,0.70894
-2376.8,-91.185,-555.27,0.23091,587.92,2370.7,5.8021e+05,101587,1,1022.6,1986.6,-5334.3,80.183,17.475,-23.202,3395.9,748.35,-965.39,6817.5,310400,273,307,3401,-0.24793,2.0622,0.7217
-2418.3,250.25,-586.46,-0.28902,629.22,2420.5,6.0341e+05,92597,1,1464.3,1602.1,-4155.2,2179.4,-299.02,716.73,-2601.2,449.74,-1094.3,5957.9,303274,273,231,3400,0.01886,2.049,0.79766
-2435.5,223.04,-554.56,-0.28292,594.99,2436.1,6.0277e+05,92599,1,1233.2,1478,-3808.9,2072.3,-256.62,639.32,-2273.6,385.33,-966.99,5407,298102,273,231,3400,0.0062873,2.0491,0.79766
-2483.4,232.09,-567.93,-0.58509,610.68,2484.1,6.0459e+05,91113,1,904.57,1086.1,-2747.7,2172.9,-248.2,604.31,-2418.7,326.1,-797.94,4614,290975,273,231,3400,0.0062721,2.0442,0.81022
-2302.1,291.2,-632.7,-0.12794,677.29,2307.9,6.0268e+05,94081,1,2004.6,2059.8,-5504.2,1982.3,-419.5,987.18,-2411.6,632.79,-1522.1,7222.9,312745,273,231,3400,0.044108,2.0535,0.78507
-2326.8,265.59,-600.85,0.19188,643.32,2330.6,6.0218e+05,94083,1,2013.9,2022.2,-5387.3,2017.7,-379.2,910.19,-2483.2,594.25,-1454.7,7130.7,312243,273,231,3400,0.031507,2.0537,0.78507
-2350.9,239.42,-568.93,0.28855,609.19,2353,6.0159e+05,94085,1,1820.9,1894.8,-5004.9,2046,-314.45,773.43,-2402.3,503.05,-1257.9,6666.7,309497,273,231,3400,0.018905,2.0539,0.78507
-2503.9,183.79,-522.62,-0.29491,562.06,2502.1,6.0286e+05,91117,1,708.53,1004,-2524,1705.2,-157.66,439.64,-1229.2,201.13,-537.62,3584.3,277436,273,231,3400,-0.018814,2.0441,0.81022
-2494.7,206.37,-541.2,-0.45522,581.98,2494.1,6.0375e+05,91115,1,804.63,1029.1,-2593.1,1955.6,-202.55,522.81,-1870.1,260.94,-668.72,4072.1,285179,273,231,3400,-0.0062708,2.0442,0.81022
-2519.6,144.02,-500.46,-0.24837,538.23,2515.9,6.02e+05,91121,1,604.7,894.48,-2230.7,1401.4,-122.6,383.14,-397.08,175.04,-461.14,2944.2,247175,273,231,3400,-0.043896,2.0437,0.81022
-2512,163.01,-509.07,-0.23024,547.51,2509.2,6.0242e+05,91119,1,610.56,924.63,-2313.2,1587.6,-134.83,401.17,-886.38,174.77,-474.39,3212.4,262964,273,231,3400,-0.031356,2.0439,0.81022
-2542.1,44.48,-495.54,-0.36804,531.61,2535.2,5.9748e+05,92619,1,1183.7,803.15,-1883.9,1513,-160.73,635.64,-597.16,446.62,-1232,3223.1,263522,273,231,3400,-0.11938,2.0456,0.79766
-2515.5,81.812,-508.7,-0.53506,545.67,2509.1,5.9871e+05,92615,1,779.33,909.65,-2244.5,1297.1,-128.87,485.14,-70.204,320.78,-834.78,3035.1,250449,273,231,3400,-0.094266,2.0469,0.79766
-2526.8,64.375,-505.35,-0.6563,542.04,2520,5.9869e+05,92617,1,1015.2,834.33,-2005.9,1494.5,-149.98,586.06,-545.05,400.7,-1104.8,3166.7,260933,273,231,3400,-0.10682,2.0463,0.79766
-2506.9,96.711,-506.19,-0.42179,543.02,2501.1,5.99e+05,92613,1,644.85,1032.3,-2593.2,1111.6,-108.48,391.98,364.99,247.5,-601.62,3188,261845,273,231,3400,-0.081704,2.0475,0.79766
-2499.2,109.82,-499.59,-0.37181,535.96,2494,5.9965e+05,92611,1,538.21,1008.1,-2539.9,1049.8,-105.72,363.51,507.33,216.16,-509.81,3093,253022,273,231,3400,-0.069139,2.048,0.79766
-2491.6,123.17,-493.78,-0.28457,529.77,2487.2,6.0019e+05,92609,1,600.15,1082,-2735.1,1139.7,-109.68,362.78,263.83,204.73,-505.15,3289.5,266737,273,231,3400,-0.056572,2.0483,0.79766
-2479.9,11.069,-456.06,-0.38532,486.96,2474,5.9218e+05,95597,1,1148.3,1345.6,-3378.9,1362.1,-83.801,456.96,-262.14,429.08,-1184.3,4274.6,287466,273,231,3400,-0.13255,2.0545,0.77246
-2495.2,-5.4269,-454.72,-0.101,485.64,2489.3,5.9096e+05,95599,1,1187.8,1367.5,-3414.7,1325.6,-67.236,427.86,-137.33,426.3,-1159.9,4293.3,287685,273,231,3400,-0.14515,2.0536,0.77246
-2524.1,18.062,-472.77,-0.16333,506.07,2517.7,5.9367e+05,94109,1,1148,1104.4,-2693,1405.3,-106.84,515.09,-330.93,418.25,-1147,3693.4,279591,273,231,3400,-0.13224,2.0497,0.78507
-2509.2,36.062,-478,-0.48614,511.54,2502.9,5.9522e+05,94107,1,1158.6,1101.5,-2700.9,1470.9,-118.16,536.12,-530.06,425.38,-1192.3,3768.1,280957,273,231,3400,-0.11966,2.0505,0.78507
-2466.7,-75.495,-479.84,0.79504,510.48,2461.7,5.8531e+05,98591,1,1310.4,1849.7,-4723.3,549.27,7.7953,133.13,2139.2,581.72,-995.71,5802.9,301878,273,307,3401,-0.20902,2.0575,0.74713
-2485.8,-81.845,-509.54,0.89337,542.1,2480.2,5.8451e+05,98593,1,1386.3,1891.1,-4793.1,482.97,4.1189,131.68,2400.6,637.86,-1042.5,5998.3,303716,273,307,3401,-0.22164,2.0562,0.74713
-2448.4,-67.467,-455.76,0.65314,484.83,2443.8,5.8604e+05,98589,1,1234.7,1767.6,-4550.9,706.16,2.9927,177.69,1606.1,523.16,-1016.4,5456.8,298517,273,307,3401,-0.19639,2.0587,0.74713
-2431.3,-57.351,-438.98,0.29778,466.85,2426.8,5.874e+05,98587,1,1207.2,1691.1,-4362,892,-5.9035,233.48,1039.1,480.78,-1068.1,5162,296055,273,307,3401,-0.18375,2.0599,0.74713
-2414.5,-45.19,-427.94,0.12763,455.06,2409.9,5.8798e+05,98585,1,1184.4,1667.2,-4322.6,1046.9,-8.2012,259.38,591.02,445.57,-1091.3,5076.4,295225,273,307,3401,-0.17111,2.061,0.74713
-2397.7,-31.394,-421.84,0.019183,448.53,2393,5.8836e+05,98583,1,1184.8,1668.8,-4362.9,1127.5,-20.852,295.15,298.85,444.44,-1164,5121,295679,273,231,3400,-0.15846,2.062,0.74713
-2441.5,-11.444,-436.93,-0.15791,465.55,2436.2,5.8987e+05,97089,1,1198.4,1551.9,-3976.7,1269.9,-51.662,382.73,-56.288,444.52,-1214.4,4805.9,292828,273,231,3400,-0.14548,2.0583,0.75981
-2360.5,-88.986,-514.63,0.14362,544.86,2355.4,5.8122e+05,101585,1,1051,1916.2,-5136.7,250.57,17.434,31.008,2894.8,677.64,-991.89,6406.9,307757,273,307,3401,-0.23527,2.0637,0.7217
-2434.6,-88.564,-528.36,0.51554,560.73,2428.9,5.8264e+05,100089,1,1211.9,1960.2,-5109.6,291.35,16.792,45.052,2897.3,673.9,-960.99,6424.9,307912,273,307,3401,-0.23477,2.0593,0.73443
-2416.1,-83.612,-494.35,0.59968,524.68,2411.1,5.833e+05,100087,1,1219.4,1894.5,-4947,442.51,14.697,92.037,2411.7,618.68,-1004.8,6079.6,304785,273,307,3401,-0.22213,2.0607,0.73443
-2184.1,-65.599,-762.01,-0.20195,801.64,2170.9,5.7944e+05,106093,1,253.69,1974.6,-5845.3,-786.04,8.1767,-369.82,5714.9,916.97,-259.88,8512,318963,273,307,3401,-0.30032,2.0683,0.68334
-2177.1,-74.64,-690.81,-0.17969,726.74,2166.6,5.7871e+05,106091,1,301.18,1934.4,-5744.9,-648.52,16.147,-324.86,5295.4,861.76,-369.1,8141.5,317643,273,307,3401,-0.28763,2.0701,0.68334
-2168.9,-81.31,-626.69,-0.19399,659.27,2160.8,5.7857e+05,106089,1,447.11,1919.4,-5640.4,-432.05,29.082,-263.03,4666.3,788.09,-509.31,7655.7,315111,273,307,3401,-0.27492,2.0719,0.68334
-2237.8,-88.429,-578.2,0.031621,609.56,2231.2,5.782e+05,104587,1,575.35,1908.1,-5474.7,-221.11,32.268,-180.74,4076.5,735.04,-651.62,7184,312551,273,307,3401,-0.26167,2.0693,0.69616
-2226.9,-89.855,-529.14,-0.0090221,557.83,2221.7,5.7892e+05,104585,1,717.81,1886.1,-5354.6,-13.306,38.382,-119.89,3486,677.99,-767.26,6779.5,310185,273,307,3401,-0.24897,2.0709,0.69616
-2301.1,-90.882,-541.25,0.090378,571.81,2295.5,5.789e+05,103085,1,868.01,1891.5,-5212.6,69.365,19.742,-34.385,3324.1,714.41,-925.08,6627.6,309266,273,307,3401,-0.24846,2.0666,0.70894
-2373.2,213.92,-540.14,0.16927,578.32,2373.9,6.0109e+05,94087,1,1573.3,1762.6,-4624.9,1898.2,-243.48,626.42,-1919.8,394.22,-1019.9,5992.3,303664,273,231,3400,0.0063022,2.054,0.78507
-2449.4,198.7,-530.49,-0.27236,569.16,2448.8,6.021e+05,92601,1,1063.5,1403,-3604.5,1799.2,-201.92,535.15,-1562.3,302.09,-789.9,4776.2,292555,273,231,3400,-0.006286,2.0491,0.79766
-2246.2,252.45,-579.42,0.52527,619.06,2249.8,6.0076e+05,95571,1,2155.4,2043.5,-5520.4,1951.5,-368.97,905.71,-2380.7,600.95,-1506.3,7236,312811,273,231,3400,0.03158,2.0585,0.77246
-2273.9,227.77,-549.55,0.59867,587.19,2275.9,6.0027e+05,95573,1,2119.9,2023.4,-5463,1870,-326.18,825.9,-2145.8,546.15,-1406.6,7042.6,311773,273,231,3400,0.018949,2.0587,0.77246
-2298.8,204.1,-523.69,0.51901,559.53,2299.4,5.9981e+05,95575,1,1884.1,1986.9,-5305.3,1845.3,-281.96,731.35,-1904.3,479.8,-1256.1,6715.5,309793,273,231,3400,0.0063168,2.0587,0.77246
-2461,177.15,-513.81,-0.1995,551.29,2459.3,6.0156e+05,92603,1,881.04,1310.6,-3349.5,1660.6,-171.07,478.49,-1174.1,256.22,-685.43,4317.7,287924,273,231,3400,-0.018859,2.049,0.79766
-2471.8,156.98,-501.03,-0.14459,537.59,2469.1,6.0114e+05,92605,1,835.35,1239.9,-3155.6,1542.1,-147.96,440.48,-832.63,238.18,-643.79,3993.9,284150,273,231,3400,-0.031431,2.0489,0.79766
-2482.6,138.35,-492.83,-0.20185,528.78,2479.1,6.0078e+05,92607,1,774.6,1185.9,-3011,1311.9,-124.49,393.81,-206.67,223.54,-584.5,3660.3,278966,273,231,3400,-0.044002,2.0486,0.79766
-2493.6,55.247,-486.47,-0.72413,520.52,2487.3,5.9639e+05,94105,1,1167,1129.6,-2796,1505.1,-143.61,580.58,-632.66,450.2,-1263.5,3908.7,283080,273,231,3400,-0.10708,2.0512,0.78507
-2478,74.36,-494.81,-0.79288,529.41,2471.9,5.9723e+05,94103,1,1065,1186.3,-2974.9,1410.6,-150.35,564.07,-390.81,427.04,-1167.3,3926.8,283306,273,231,3400,-0.094489,2.0518,0.78507
-2465.4,90.591,-495.82,-0.64685,530.55,2459.8,5.9773e+05,94101,1,875.98,1233.8,-3134.2,1222.1,-143.29,506.56,64.771,380.53,-991.42,3875,282623,273,231,3400,-0.081898,2.0523,0.78507
-2455.1,104.17,-490.48,-0.48884,524.9,2450.1,5.9826e+05,94099,1,770.91,1322.6,-3393.5,1093.1,-126.79,428.38,377.57,305.11,-765.65,4009.5,284358,273,231,3400,-0.069303,2.0528,0.78507
-2444.9,117.77,-485.33,-0.26506,519.48,2440.7,5.9857e+05,94097,1,773.48,1374.1,-3535.4,1142.8,-121.2,396.68,228.98,261.37,-665.75,4126.4,285832,273,231,3400,-0.056706,2.0532,0.78507
-2425.4,4.863,-438.53,-0.43968,467.15,2420.1,5.9084e+05,97087,1,1219.5,1567.8,-4041.7,1322.9,-76.75,435.34,-223.44,462.98,-1293.2,4915.5,293772,273,231,3400,-0.13285,2.0592,0.75981
-2464,28.665,-460.43,-0.55283,491.56,2458.2,5.9324e+05,95595,1,1226.1,1406.8,-3562.3,1423.4,-107.29,504.98,-452.08,461.64,-1299.2,4535.4,290126,273,231,3400,-0.11994,2.0553,0.77246
-2398.2,-77.194,-465.88,0.46908,494.43,2393.7,5.8454e+05,100085,1,1144.9,1806.1,-4747.9,569.93,11.202,129.08,1957.7,550.54,-991.95,5707.6,300893,273,307,3401,-0.20948,2.062,0.73443
-2382.1,-69.692,-441.68,0.30759,468.7,2378,5.8562e+05,100083,1,1083.8,1762.3,-4660.5,669.17,13.217,141.4,1616.9,502.82,-977.1,5503.6,298975,273,307,3401,-0.19682,2.0633,0.73443
-2366.5,-60.219,-423.73,0.13182,449.59,2362.5,5.8655e+05,100081,1,1097.3,1736.1,-4601.9,804.26,12.454,168.2,1211.8,474.4,-1024.1,5367.8,297752,273,307,3401,-0.18416,2.0644,0.73443
-2350.3,-48.627,-411.79,0.081772,436.91,2346.3,5.8696e+05,100079,1,1164.6,1718,-4560.7,980.35,2.6524,220.7,700.67,452.9,-1108.2,5295.4,297169,273,307,3401,-0.17149,2.0655,0.73443
-2317,-21.28,-401.4,-0.099367,425.82,2312.7,5.8787e+05,100075,1,1267.4,1734.9,-4633.2,1144,-28.217,306.64,158.13,453.37,-1243.9,5409.6,298116,273,231,3400,-0.14613,2.0675,0.73443
-2333.9,-35.385,-405.04,0.024766,429.72,2329.8,5.8735e+05,100077,1,1181.9,1717.6,-4578.7,1079,-8.7774,257.52,375.78,441.08,-1158.7,5312.3,297309,273,307,3401,-0.15881,2.0665,0.73443
-2381.6,-16.872,-418.74,-0.18701,445.16,2376.8,5.8906e+05,98581,1,1204.2,1655.9,-4339.2,1207.6,-39.066,342.72,46.188,452.28,-1238.1,5132,295765,273,231,3400,-0.14581,2.0629,0.74713
-2364.2,-0.89216,-419.86,-0.3358,446.3,2359.4,5.8955e+05,98579,1,1269.1,1676.8,-4403.4,1256.5,-52.58,372.46,-105.45,463.09,-1298,5238.6,296665,273,231,3400,-0.13315,2.0638,0.74713
-2274,-85.654,-465.69,-0.06409,491.94,2270,5.8035e+05,103081,1,897.46,1823.2,-5036.9,334.95,29.667,18.896,2503.6,605.19,-968.73,6098.1,304926,273,307,3401,-0.22308,2.0695,0.70894
-2287.8,-89.387,-500.15,-0.019496,528.35,2283.2,5.7975e+05,103083,1,859.57,1852,-5117,203.02,26.113,-9.8244,2902.4,655.93,-945.13,6335.7,307081,273,307,3401,-0.23577,2.0681,0.70894
-2344.3,-84.713,-480.09,0.19167,508.31,2339.8,5.8176e+05,101583,1,994.3,1832,-4946.1,399.65,17.046,73.442,2384.6,603.88,-996.83,6001.5,303742,273,307,3401,-0.22261,2.0651,0.7217
-2329.5,-79.006,-451.2,0.06106,477.68,2325.5,5.8307e+05,101581,1,1022.4,1804.8,-4858,515.89,18.054,98.427,2043.2,559.54,-1000.2,5802.3,301873,273,307,3401,-0.20993,2.0665,0.7217
-2095.9,-70.022,-685.53,-0.38793,719.69,2085.6,5.7879e+05,107593,1,282.06,1889.1,-5712.6,-639.33,10.386,-305.92,5265.9,854.99,-387.77,8086.8,317446,273,307,3401,-0.2882,2.0742,0.67051
-2159.9,-85.588,-569.7,-0.19707,599.31,2153.6,5.7879e+05,106087,1,516.77,1901.8,-5574,-249.66,40.578,-219.98,4119.4,716.4,-590.61,7273,312987,273,307,3401,-0.2622,2.0735,0.68334
-2149.6,-87.532,-519.56,-0.17816,546.57,2144.7,5.7907e+05,106085,1,619.52,1903.7,-5553.6,-101.39,50.399,-191.28,3687.6,663.38,-654.25,7026.1,311671,273,307,3401,-0.24947,2.0751,0.68334
-2137.9,-87.193,-476.17,-0.14533,500.93,2134.1,5.7951e+05,106083,1,720.8,1886.5,-5484.3,99.491,50.681,-120.39,3074.4,615.42,-802.74,6682.7,309582,273,307,3401,-0.23674,2.0766,0.68334
-2214.6,-88.71,-487.68,-0.049301,514.1,2210.4,5.7953e+05,104583,1,801.72,1852.1,-5225.1,173.78,40.814,-63.323,2938.6,626.35,-861.73,6417.2,307851,273,307,3401,-0.23626,2.0724,0.69616
-2321.9,182.24,-503.79,0.31973,538.2,2321.4,5.9971e+05,95577,1,1624.8,1907.7,-5070.2,1676,-233.39,632.82,-1402,414.88,-1113.5,6215.1,305877,273,231,3400,-0.0063155,2.0587,0.77246
-2391.7,190.73,-518.31,-0.038732,554.86,2391.1,6.0105e+05,94089,1,1332.5,1688.5,-4411.9,1745.7,-212.58,569.58,-1483.7,349.19,-924.24,5539.5,299311,273,231,3400,-0.0063009,2.054,0.78507
-2406.9,169.93,-502.77,-0.086824,538.21,2405.3,6.009e+05,94091,1,1152.9,1590.8,-4138.1,1608,-184.14,520.28,-1115.4,317.74,-857.89,5094.6,295414,273,231,3400,-0.018904,2.0539,0.78507
-2220.6,193.4,-504.58,0.73727,537.97,2221.1,5.9838e+05,97065,1,1984.4,1990.9,-5406.3,1732.3,-278.63,739.25,-1726.2,492.64,-1317.2,6761.1,310090,273,231,3400,0.0063312,2.0634,0.75981
-2434,132.46,-483.52,-0.11252,517.59,2430.6,5.9932e+05,94095,1,930.38,1445.4,-3731.5,1300.5,-134.44,423.58,-220.65,269.83,-715.67,4404.7,288826,273,231,3400,-0.044107,2.0535,0.78507
-2420.6,150.21,-490.19,-0.032584,524.76,2418,6.001e+05,94093,1,1078.6,1515.7,-3930,1456.4,-156.35,469.95,-689.02,297.1,-805.83,4741.8,292231,273,231,3400,-0.031506,2.0537,0.78507
-2447.3,46.884,-466.77,-0.68314,498.28,2441.6,5.9423e+05,95593,1,1290.5,1407.2,-3569.8,1467.7,-132.87,557.23,-602.95,493.6,-1397.2,4629.4,291146,273,231,3400,-0.10733,2.056,0.77246
-2429.6,65.522,-474.99,-0.93452,506.97,2424,5.9566e+05,95591,1,1199.5,1407.8,-3596.5,1419.8,-155.02,588.16,-497.1,503.76,-1403.2,4605.6,290875,273,231,3400,-0.094709,2.0566,0.77246
-2414.1,82.892,-480.1,-0.98551,512.41,2408.9,5.9679e+05,95589,1,1096.4,1497.8,-3880,1267.5,-156.52,552,-138.4,456.59,-1236.4,4710.8,291932,273,231,3400,-0.082088,2.0571,0.77246
-2388.2,111.8,-474.39,-0.28726,506.58,2384.2,5.9669e+05,95585,1,1001.3,1621.5,-4249.5,1143.9,-139.71,456.49,183.76,336.49,-883.25,4914.6,293766,273,231,3400,-0.056838,2.058,0.77246
-2401.2,97.664,-478.11,-0.71192,510.38,2396.5,5.97e+05,95587,1,973.28,1548.4,-4039.8,1149.6,-143.24,485.48,213.12,380.28,-995.65,4735.4,292179,273,231,3400,-0.069464,2.0576,0.77246
-2346.6,15.067,-421.28,-0.42011,447.77,2341.7,5.9002e+05,98577,1,1342.7,1702.9,-4491,1299.7,-84.188,441.81,-255.28,493.27,-1403.6,5389,297935,273,231,3400,-0.12048,2.0646,0.74713
-2408.2,21.738,-441.39,-0.4974,470.18,2402.9,5.913e+05,97085,1,1282.6,1580.5,-4084,1363.3,-94.956,472.87,-331.58,482.94,-1361.5,5011,294624,273,231,3400,-0.12021,2.0599,0.75981
-2390.7,39.185,-446.2,-0.50542,475.3,2385.4,5.9192e+05,97083,1,1314.4,1599.1,-4153,1393.3,-120,522.48,-478.19,503.73,-1433.3,5128.2,295726,273,231,3400,-0.10757,2.0606,0.75981
-2315,-71.518,-427.78,0.008559,452.87,2311.3,5.8402e+05,101579,1,1005.3,1758.4,-4755.5,640.77,19.657,118.67,1642.8,505.2,-993.05,5575.2,299658,273,307,3401,-0.19725,2.0677,0.7217
-2300.4,-62.562,-409,-0.023292,432.98,2296.9,5.8488e+05,101577,1,1075.7,1753.2,-4760.7,791.89,17.222,151.39,1184,469.18,-1043.1,5500.5,298951,273,307,3401,-0.18456,2.0689,0.7217
-2266.6,-38.768,-388.66,-0.02083,411.45,2262.9,5.8601e+05,101573,1,1230.7,1761.5,-4784.4,1024.6,-5.2776,240.83,456.7,451.94,-1195.5,5518.8,299119,273,307,3401,-0.15915,2.071,0.7217
-2284.3,-51.535,-396.06,0.030291,419.3,2280.8,5.8536e+05,101575,1,1185.2,1758.6,-4763.9,935.71,11.764,188.34,763.24,450.53,-1108.6,5488,298796,273,307,3401,-0.17186,2.07,0.7217
-2248.7,-25.385,-383.76,-0.1096,406.23,2244.9,5.8656e+05,101571,1,1299.5,1764.1,-4801.3,1069.9,-25.169,289.23,286.42,462.49,-1269.4,5566.9,299575,273,307,3401,-0.14644,2.0719,0.7217
-2230.4,-11.609,-380.55,-0.19923,402.8,2226.5,5.8699e+05,101569,1,1336.4,1740.9,-4752.6,1129.4,-51.075,355.6,75.149,480.61,-1365.4,5559.6,299501,273,231,3400,-0.13373,2.0728,0.7217
-2298.2,-6.2678,-400.43,-0.17225,424.76,2293.8,5.8818e+05,100073,1,1348.4,1749.6,-4676.1,1213,-58.878,383.11,-44.626,488.23,-1379.8,5523.7,299158,273,231,3400,-0.13344,2.0683,0.73443
-2201.8,-85.667,-452.17,-0.10993,476.66,2198.3,5.801e+05,104581,1,837.6,1848,-5247,314.11,42.912,-28.519,2465.8,578.18,-932.73,6247.6,306171,273,307,3401,-0.22354,2.0738,0.69616
-2260.6,-80.164,-437.29,-0.20739,461.89,2257.1,5.8138e+05,103079,1,929.02,1795.4,-4970.2,489.86,29.54,58.255,2013.6,546.35,-996.83,5863.5,302477,273,307,3401,-0.21037,2.0708,0.70894
-2069.5,-84.831,-509.71,-0.37776,535.08,2064.8,5.7849e+05,107587,1,608.13,1883.6,-5604.2,-97.904,43.705,-172.37,3632.7,675.46,-743.37,7040.7,311762,273,307,3401,-0.24997,2.0792,0.67051
-2125.2,-84.771,-439.44,-0.18788,462.27,2122.1,5.8027e+05,106081,1,799.52,1868,-5418.7,253.05,48.547,-65.34,2595,579.16,-908.64,6438.7,308026,273,307,3401,-0.22399,2.078,0.68334
-2341.8,162.29,-489.45,0.1801,522.83,2340.3,5.9939e+05,95579,1,1556.2,1857,-4929.4,1525.8,-196.42,562.62,-1007.8,378.42,-1036.4,5923.3,303004,273,231,3400,-0.018948,2.0587,0.77246
-2244.8,172.91,-486.6,0.57629,518.75,2244.3,5.9791e+05,97067,1,1822.9,1954.9,-5294.7,1562.7,-240.66,666.67,-1237.5,450.93,-1234.1,6432.8,307973,273,231,3400,-0.00633,2.0634,0.75981
-2359.5,143.05,-477.33,0.12025,509.87,2357,5.9838e+05,95581,1,1238.7,1728.9,-4553.1,1453.2,-170.3,509.09,-734.83,339.65,-930.17,5401.3,298047,273,231,3400,-0.031579,2.0585,0.77246
-2374.9,126.36,-472.71,-0.029428,504.88,2371.7,5.9731e+05,95583,1,1130.2,1698.9,-4469,1273.8,-148.25,463.99,-215.49,316.44,-853.63,5183.7,296227,273,231,3400,-0.044209,2.0583,0.77246
-2373.7,56.561,-452.02,-0.70185,481.43,2368.5,5.932e+05,97081,1,1273.6,1597.4,-4171.4,1390.9,-152.65,584,-519.84,533.7,-1508.4,5167.5,296102,273,231,3400,-0.094925,2.0613,0.75981
-2355.9,74.242,-459.31,-0.94835,489.11,2351.1,5.9465e+05,97079,1,1353.3,1668.2,-4388.3,1333.4,-162.35,588.6,-412.49,537.3,-1507.9,5362.4,297713,273,231,3400,-0.082275,2.0618,0.75981
-2338.6,90.182,-461.79,-0.94139,491.75,2334.3,5.9558e+05,97077,1,1228.6,1715.1,-4544.4,1201.7,-167.25,564.72,-27.435,493.25,-1343.8,5379.9,297863,273,231,3400,-0.069623,2.0623,0.75981
-2321.9,104.84,-460.51,-0.62307,490.51,2318.1,5.9575e+05,97075,1,1278.4,1800.3,-4804.1,1184.4,-161.78,527.2,-9.9661,424.85,-1157.1,5584,299739,273,231,3400,-0.056968,2.0627,0.75981
-2306.5,119.67,-460.05,-0.21105,490.17,2303.4,5.9581e+05,97073,1,1207.4,1826.4,-4880.1,1209.1,-153.43,487.98,-70.511,362.87,-987.17,5607.5,299968,273,231,3400,-0.04431,2.063,0.75981
-2279.5,9.0897,-401.11,-0.24618,425.47,2275.1,5.886e+05,100071,1,1390.6,1751.2,-4720.7,1212.1,-76.693,416.61,-137.91,495.47,-1422.8,5587.7,299766,273,231,3400,-0.12075,2.0691,0.73443
-2260,24.906,-403.77,-0.36554,428.24,2255.6,5.8915e+05,100069,1,1428,1745.8,-4698.1,1279.1,-99.773,470.71,-324.51,516.72,-1501.2,5626.1,300143,273,231,3400,-0.10805,2.0698,0.73443
-2327.7,31.965,-425.83,-0.53836,452.57,2322.8,5.9068e+05,98575,1,1408.9,1730.6,-4593.4,1327,-114.63,507.21,-409.4,521.18,-1502.4,5550.4,299409,273,231,3400,-0.10781,2.0653,0.74713
-2308.7,48.858,-431.15,-0.70255,458.17,2304,5.916e+05,98573,1,1398.6,1732.3,-4598.2,1352.2,-135.25,544.38,-473.7,529.4,-1519.6,5572.9,299639,273,231,3400,-0.095138,2.0659,0.74713
-2246.1,-72.975,-413.69,-0.23205,436.95,2242.9,5.821e+05,103077,1,994.21,1789.9,-4959.1,634.24,24.569,102.62,1583.7,510.02,-1053.2,5751.1,301370,273,307,3401,-0.19766,2.0721,0.70894
-2214.2,-54.009,-380.11,-0.079891,401.53,2211.1,5.8333e+05,103073,1,1157.4,1783.9,-4939.1,868.53,11.048,178.12,873.7,471.35,-1165.4,5661,300451,273,307,3401,-0.17222,2.0743,0.70894
-2231,-64.363,-394.46,-0.21847,416.64,2227.9,5.8291e+05,103075,1,1094.8,1796,-4968.3,743.35,23.468,124.65,1276.5,484.63,-1083.2,5719.7,300999,273,307,3401,-0.18495,2.0732,0.70894
-2179.8,-29.543,-365.14,-0.13836,385.69,2176.5,5.8499e+05,103069,1,1243.4,1744.2,-4842.5,1020.3,-21.503,274.68,345.42,467.26,-1293.8,5582.7,299729,273,307,3401,-0.14675,2.0763,0.70894
-2197.2,-42.323,-370.7,-0.096593,391.58,2194,5.8424e+05,103071,1,1215,1763.3,-4888.7,961.16,-6.5428,234.88,551.92,470,-1250.3,5617.2,300054,273,307,3401,-0.15949,2.0754,0.70894
-2112.4,-80.606,-408.41,-0.21203,429.61,2109.8,5.8088e+05,106079,1,840.56,1844.8,-5354.1,394.64,45.854,-18.279,2147.7,542.07,-983.37,6229.6,306001,273,307,3401,-0.21124,2.0793,0.68334
-2188,-80.55,-423.14,-0.21786,446.01,2184.9,5.8081e+05,104579,1,915.86,1839.7,-5207.7,449.3,40.246,15.493,2064.9,550.8,-1015.3,6094.7,304896,273,307,3401,-0.21081,2.0751,0.69616
-2173.8,-74.121,-398.16,-0.23887,419.68,2171,5.814e+05,104577,1,949.54,1829,-5182.8,545.52,37.225,45.211,1770.4,527.33,-1062.1,5995.8,303695,273,307,3401,-0.19807,2.0764,0.69616
-2267.7,153.96,-473.58,0.41838,504.82,2266.2,5.9701e+05,97069,1,1736.3,1941.1,-5241.9,1464.6,-217.96,627.48,-936.88,435.15,-1205.8,6274.3,306437,273,231,3400,-0.018991,2.0634,0.75981
-2289.1,135.7,-463.33,0.174,493.81,2286.7,5.9614e+05,97071,1,1471.4,1900.3,-5101.5,1355.1,-178.05,539.44,-549.78,382.85,-1061.1,5961.1,303302,273,231,3400,-0.031651,2.0632,0.75981
-2288.9,65.582,-436.34,-0.79415,463.66,2284.4,5.9244e+05,98571,1,1415.3,1755.7,-4699.2,1280.6,-164.44,596.2,-326.01,572.78,-1621.1,5679.1,300606,273,231,3400,-0.08246,2.0664,0.74713
-2252.5,96.553,-440.76,-0.49785,468.46,2249,5.9368e+05,98567,1,1456.7,1812.4,-4909.8,1208.1,-176.38,582.42,-175.01,517.63,-1447.2,5808.2,301924,273,231,3400,-0.057095,2.0673,0.74713
-2270.3,81.465,-439.52,-0.71886,467.06,2266.3,5.9318e+05,98569,1,1404.3,1764.6,-4756.6,1237.5,-173.95,600.26,-237.87,562.39,-1582.5,5701.8,300831,273,231,3400,-0.069779,2.0669,0.74713
-2232.6,112.29,-444.16,-0.24223,472.16,2229.7,5.9405e+05,98565,1,1459.6,1876.5,-5101.2,1230,-180.03,569.31,-251.94,455.16,-1273.1,5952.7,303232,273,231,3400,-0.044409,2.0676,0.74713
-2158.8,-66.117,-378.12,-0.22889,398.55,2156.1,5.8201e+05,104575,1,1033.8,1808.3,-5113.6,685.7,26.356,103.72,1356.7,503.64,-1136.4,5861.3,302462,273,307,3401,-0.18533,2.0775,0.69616
