"Cartesian Velocity:0","Cartesian Velocity:1","Cartesian Velocity:2","Spherical Velocity:0","Spherical Velocity:1","Spherical Velocity:2","Pressure","PointID","RegionId","GSV:0","GSV:1","GSV:2","GSV:3","GSV:4","GSV:5","GSV:6","GSV:7","GSV:8","magGSV","magGSV_Order","DescendingManifold","AscendingManifold","MorseSmaleManifold","Points:0","Points:1","Points:2"
-576.39,579.57,-232.79,0.17047,468.52,709.09,6.0469e+05,430031,1,64.273,-1609.4,879.69,1722.1,-95.738,-207.93,-661.43,-8.6166,104.94,2614.4,232540,164,1242,2074,0.28899,1.0544,1.9079
-601.13,578.06,-232.9,0.15196,463.97,731.08,6.0474e+05,428595,1,62.049,-1601.6,890.83,1716.7,-101.73,-202.83,-657.38,-5.4655,102.64,2608.4,232326,164,1242,2074,0.28802,1.0662,1.9014
-600.33,557.64,-225.03,0.17071,449.56,721.04,6.0495e+05,428593,1,65.365,-1601.9,886.63,1720.8,-93.661,-198.53,-659.95,-9.5599,101.59,2609.9,232376,164,1242,2074,0.27634,1.0662,1.9032
-625.02,556.16,-225.16,0.15198,445.27,743.24,6.0508e+05,427159,1,64.006,-1594.5,896.95,1716.4,-97.763,-193.65,-656.9,-7.3036,99.528,2604.9,232152,164,1242,2074,0.2754,1.078,1.8967
-649.7,554.61,-225.26,0.13716,441.01,765.48,6.0538e+05,425729,1,62.596,-1588,907.78,1712.2,-102.59,-190.44,-653.93,-4.5233,97.965,2601,231963,164,1242,2074,0.27444,1.0897,1.8901
-648.95,534.43,-217.5,0.15656,426.92,756.17,6.072e+05,425727,1,65.9,-1586.6,905.73,1713.7,-95.097,-184.04,-655.1,-8.2916,96.095,2600,231921,164,1242,2074,0.26284,1.0897,1.8917
-674.37,553.01,-225.33,0.12787,436.81,787.76,6.0585e+05,424303,1,62.912,-1581.4,915.56,1710.3,-102.12,-186.84,-652.47,-4.6649,96.783,2597.8,231816,164,1242,2074,0.27348,1.1014,1.8834
-673.6,532.93,-217.62,0.14388,422.92,778.62,6.076e+05,424301,1,65.327,-1580.5,914.37,1711.2,-96.858,-181.17,-653.21,-7.2576,94.998,2597,231777,164,1242,2074,0.26191,1.1014,1.8851
-672.94,512.85,-209.91,0.16315,408.92,769.87,6.0958e+05,424299,1,67.506,-1579.5,912.23,1713.1,-90.547,-175.25,-653.77,-10.322,93.058,2596.4,231754,164,1242,2074,0.25034,1.1014,1.8866
-699.02,551.38,-225.38,0.12378,432.68,810.09,6.0645e+05,422881,1,62.323,-1574.8,925.05,1707.6,-106.33,-186.66,-650.4,-2.4088,96.546,2595,231652,164,1242,2074,0.2725,1.1131,1.8767
-698.23,531.41,-217.72,0.13584,418.99,801.1,6.0778e+05,422879,1,64.338,-1573.4,923.43,1709,-98.58,-179.03,-651.28,-6.3195,94.232,2593.9,231569,164,1242,2074,0.26098,1.1131,1.8783
-697.54,511.42,-210.06,0.15197,405.2,792.5,6.0942e+05,422877,1,66.162,-1571.3,921.47,1710.8,-90.911,-171.4,-651.77,-10.219,91.851,2592.4,231468,164,1242,2074,0.24945,1.1131,1.8799
-724.51,569.6,-233.03,0.11371,442.01,841.6,6.0604e+05,421465,1,62.684,-1567.2,933.87,1704.4,-111.23,-189.42,-648.54,-0.5019,97.858,2591.4,231410,164,1242,2074,0.28298,1.1247,1.8682
-723.64,549.73,-225.42,0.1218,428.62,832.44,6.0681e+05,421463,1,62.564,-1566.6,933.1,1705.9,-104.9,-182.83,-648.89,-3.4593,95.622,2591.1,231387,164,1242,2074,0.27151,1.1247,1.8699
-722.84,529.85,-217.82,0.13088,415.13,823.61,6.0779e+05,421461,1,63.223,-1564.9,932.89,1706.8,-99.401,-176.27,-649.2,-6.1386,93.489,2589.9,231335,164,1242,2074,0.26003,1.1247,1.8715
-722.12,509.96,-210.21,0.14371,401.54,815.15,6.0891e+05,421459,1,65.067,-1565.5,930.07,1708.9,-94.49,-171.16,-650.46,-8.4441,91.781,2590.4,231357,164,1242,2074,0.24855,1.1247,1.8731
-721.49,490.05,-202.59,0.15461,387.84,807.04,6.0898e+05,421457,1,64.584,-1563.4,929.82,1710.2,-89.013,-164.62,-650.2,-11.035,89.517,2589.1,231247,164,1242,2074,0.23705,1.1247,1.8746
-748.23,548.05,-225.46,0.11855,424.65,854.81,6.067e+05,420047,1,62.672,-1559.3,941.94,1703.6,-109.4,-182.4,-647.26,-1.5266,95.589,2588,231179,164,1242,2074,0.27052,1.1362,1.863
-747.41,528.27,-217.91,0.12587,411.35,846.14,6.0739e+05,420045,1,62.558,-1558.5,941.05,1705.1,-103.24,-175.77,-647.79,-4.4193,93.372,2587.6,231147,164,1242,2074,0.25908,1.1362,1.8647
-746.67,508.47,-210.34,0.13648,397.95,837.82,6.0822e+05,420043,1,63.571,-1556.7,939.35,1706.9,-95.893,-168.11,-648.63,-8.0463,90.964,2586.5,231067,164,1242,2074,0.24763,1.1362,1.8662
-746.01,488.66,-202.77,0.14749,384.44,829.84,6.0848e+05,420041,1,63.49,-1555.7,937.07,1709.3,-88.773,-161.15,-649.09,-11.366,88.579,2586,231044,164,1242,2074,0.23618,1.1362,1.8677
-773.67,566,-233,0.10524,433.76,886.03,6.0531e+05,418635,1,63.477,-1552.4,949.82,1700.8,-115.87,-184.92,-645.82,1.1753,96.684,2585.1,231002,164,1242,2074,0.28089,1.1478,1.8544
-772.78,546.32,-225.49,0.11215,420.74,877.2,6.06e+05,418633,1,62.371,-1550.3,950.54,1702.1,-110.57,-177.94,-645.8,-1.2967,94.279,2584.2,230943,164,1242,2074,0.26951,1.1478,1.8561
-771.95,526.64,-217.98,0.11838,407.61,868.68,6.0646e+05,418631,1,62.097,-1549.8,948.84,1704.1,-103.68,-170.93,-646.59,-4.5547,91.973,2583.9,230925,164,1242,2074,0.25812,1.1478,1.8577
-771.19,506.94,-210.46,0.12716,394.4,860.5,6.0728e+05,418629,1,62.435,-1549,947.97,1705.3,-98.931,-165.21,-647.15,-6.7693,90.049,2583.4,230904,164,1242,2074,0.24671,1.1478,1.8593
-770.5,487.23,-202.94,0.1378,381.09,852.65,6.0788e+05,418627,1,62.518,-1547.6,946.71,1707.1,-92.783,-158.63,-647.62,-9.656,87.849,2582.7,230860,164,1242,2074,0.2353,1.1478,1.8608
-769.88,467.5,-195.42,0.14529,367.69,845.14,6.0744e+05,418625,1,60.936,-1546.4,945.8,1708.8,-86.595,-152.06,-647.54,-12.433,85.513,2582.1,230821,164,1242,2074,0.22388,1.1478,1.8622
-798.19,564.12,-232.97,0.096342,429.71,908.28,6.0437e+05,417225,1,63.438,-1544.1,958.32,1699.2,-119.45,-181.73,-644.45,2.8231,95.553,2581.8,230797,164,1242,2074,0.27983,1.1593,1.8474
-797.29,544.54,-225.5,0.10262,416.86,899.6,6.0493e+05,417223,1,62.426,-1542.9,958.21,1700.9,-114.25,-175.33,-644.77,0.43197,93.345,2581.5,230772,164,1242,2074,0.26849,1.1593,1.8491
-796.45,524.95,-218.03,0.10839,403.92,891.23,6.053e+05,417221,1,61.803,-1542.5,957.68,1702.4,-109.56,-169.66,-645.25,-1.6195,91.335,2581.5,230773,164,1242,2074,0.25714,1.1593,1.8507
-795.67,505.34,-210.56,0.11552,390.88,883.18,6.0606e+05,417219,1,61.845,-1542,955.93,1704.2,-102.77,-162.62,-646.01,-4.8415,89.031,2581,230716,164,1242,2074,0.24578,1.1593,1.8523
-794.97,485.73,-203.08,0.12467,377.76,875.47,6.0689e+05,417217,1,61.032,-1538.8,956.77,1705,-97.282,-154.63,-645.84,-7.4507,86.338,2579.1,230598,164,1242,2074,0.23441,1.1593,1.8537
-794.33,466.1,-195.6,0.13319,364.55,868.08,6.071e+05,417215,1,60.754,-1540.1,952.86,1707.8,-89.841,-149.3,-646.85,-10.948,84.591,2580,230650,164,1242,2074,0.22303,1.1593,1.8551
-793.73,446.45,-188.13,0.13685,351.27,861.01,6.0667e+05,417213,1,58.11,-1537.3,954.67,1708.4,-85.635,-142.26,-646.11,-12.668,81.979,2578.5,230560,164,1242,2074,0.21165,1.1593,1.8565
-823.66,581.65,-240.32,0.079267,438.26,939.36,6.0262e+05,415821,1,64.303,-1536.4,968.13,1695.4,-129.29,-185.13,-642.31,7.7095,96.416,2578.6,230573,164,1242,2074,0.29005,1.1707,1.8386
-822.69,562.18,-232.9,0.08532,425.69,930.53,6.0314e+05,415819,1,63.418,-1535.9,967.5,1697.3,-124.67,-179.55,-642.91,5.5539,94.518,2578.8,230580,164,1242,2074,0.27876,1.1707,1.8404
-821.78,542.7,-225.48,0.091326,413.01,922.01,6.0364e+05,415817,1,62.34,-1534.8,966.38,1699.8,-117.72,-171.99,-643.79,2.2729,92.03,2578.6,230569,164,1242,2074,0.26747,1.1707,1.842
-820.92,523.19,-218.05,0.097625,400.24,913.78,6.0424e+05,415815,1,61.562,-1533.9,965.41,1701.8,-110.78,-164.33,-644.41,-0.87378,89.413,2578.3,230546,164,1242,2074,0.25616,1.1707,1.8436
-820.13,503.68,-210.62,0.10378,387.38,905.87,6.0501e+05,415813,1,61.272,-1534.1,963.84,1703.3,-105.14,-158.33,-644.96,-3.4803,87.376,2578.2,230540,164,1242,2074,0.24484,1.1707,1.8452
-819.41,484.16,-203.19,0.11072,374.44,898.28,6.0579e+05,415811,1,60.461,-1532,964.93,1703.9,-101.47,-152.1,-644.76,-5.0603,85.144,2577.1,230477,164,1242,2074,0.23351,1.1707,1.8466
-818.74,464.62,-195.76,0.11823,361.42,891.02,6.0623e+05,415809,1,59.866,-1532,962.38,1706,-94.809,-145.85,-645.49,-8.2965,83.138,2577.1,230475,164,1242,2074,0.22218,1.1707,1.848
-818.13,445.07,-188.33,0.12322,348.32,884.07,6.0608e+05,415807,1,57.238,-1529.5,962.63,1707.5,-88.475,-137.83,-645.23,-11.118,80.311,2575.8,230414,164,1242,2074,0.21084,1.1707,1.8494
-817.56,425.51,-180.9,0.12556,335.15,877.42,6.0612e+05,415805,1,56.029,-1529.4,961.43,1708.8,-82.834,-131.78,-645.55,-13.554,78.154,2575.6,230400,164,1242,2074,0.19948,1.1707,1.8506
-848.13,579.56,-240.19,0.070574,434.12,961.48,6.0229e+05,414419,1,64.487,-1529.6,974.84,1695,-131.45,-182.74,-641.64,8.9583,95.451,2576.6,230454,164,1242,2074,0.28893,1.1821,1.8315
-847.14,560.18,-232.81,0.07455,421.7,952.8,6.0201e+05,414417,1,62.714,-1526.7,975.87,1696.9,-126.06,-174.9,-641.89,6.4459,92.774,2575.6,230394,164,1242,2074,0.27768,1.1821,1.8332
-846.22,540.79,-225.43,0.080141,409.19,944.42,6.0239e+05,414415,1,62.214,-1526.6,974.44,1698.8,-120.8,-168.83,-642.83,4.0051,90.756,2575.7,230403,164,1242,2074,0.26643,1.1821,1.8349
-845.36,521.38,-218.04,0.087364,396.59,936.34,6.0332e+05,414413,1,61.853,-1526.2,973.88,1700.3,-116.2,-163.21,-643.45,2.0374,88.758,2575.8,230422,164,1242,2074,0.25516,1.1821,1.8365
-844.56,501.96,-210.65,0.093555,383.9,928.57,6.0432e+05,414411,1,60.962,-1525.5,973,1702.1,-109.44,-155.46,-643.78,-1.0085,86.068,2575.4,230383,164,1242,2074,0.24389,1.1821,1.838
-843.82,482.52,-203.26,0.098563,371.13,921.11,6.049e+05,414409,1,60.078,-1525.3,971.24,1703.7,-102.87,-148.36,-644.2,-4.126,83.705,2575,230360,164,1242,2074,0.23261,1.1821,1.8395
-843.14,463.08,-195.87,0.10393,358.29,913.96,6.0504e+05,414407,1,58.367,-1522.9,971.81,1704.8,-97.976,-141.22,-644.11,-6.3292,81.213,2573.8,230283,164,1242,2074,0.22132,1.1821,1.8409
-842.51,443.62,-188.49,0.10872,345.38,907.12,6.0501e+05,414405,1,56.952,-1522.5,970.45,1706.4,-92.516,-135.16,-644.46,-8.8537,79.148,2573.5,230270,164,1242,2074,0.21002,1.1821,1.8422
-841.92,424.16,-181.1,0.11229,332.39,900.59,6.0516e+05,414403,1,55.513,-1521.6,969.72,1707.8,-86.737,-128.45,-644.73,-11.372,76.784,2573.1,230244,164,1242,2074,0.19871,1.1821,1.8434
-841.4,404.68,-173.71,0.11773,319.33,894.38,6.0603e+05,414401,1,55.615,-1520.7,968.87,1708.7,-80.996,-121.66,-645.21,-13.863,74.422,2572.4,230197,164,1242,2074,0.1874,1.1821,1.8446
-872.56,577.43,-240.03,0.064141,430.02,983.61,6.0264e+05,413021,1,64.48,-1521.2,982.77,1694.5,-133.38,-180.26,-640.77,10.131,94.471,2574,230302,164,1242,2074,0.28779,1.1935,1.8243
-871.57,558.14,-232.69,0.06594,417.76,975.08,6.0147e+05,413019,1,62.628,-1518.4,984.32,1696,-129.18,-173.4,-640.9,8.2968,92.045,2573.1,230245,164,1242,2074,0.27659,1.1935,1.826
-870.63,538.83,-225.35,0.070384,405.41,966.83,6.0163e+05,413017,1,62.08,-1518.4,982.49,1698.1,-123.15,-166.15,-642.08,5.5057,89.634,2573.2,230250,164,1242,2074,0.26538,1.1935,1.8277
-869.76,519.51,-218,0.078036,392.97,958.89,6.0276e+05,413015,1,61.866,-1518.5,980.73,1700.1,-116.84,-159.02,-642.92,2.6426,87.2,2573.3,230254,164,1242,2074,0.25416,1.1935,1.8293
-868.95,500.18,-210.65,0.084384,380.44,951.26,6.0396e+05,413013,1,60.992,-1516.6,981.93,1701,-113.05,-152.95,-642.8,1.1298,84.953,2572.5,230206,164,1242,2074,0.24293,1.1935,1.8308
-868.2,480.83,-203.3,0.088273,367.84,943.93,6.0429e+05,413011,1,59.492,-1516.6,980.35,1702.7,-106.74,-145.78,-643.09,-1.7894,82.485,2572.4,230195,164,1242,2074,0.23169,1.1935,1.8322
-867.5,461.48,-195.96,0.091953,355.18,936.9,6.0408e+05,413009,1,57.471,-1514.8,980.29,1704,-100.92,-138.03,-643.11,-4.4386,79.809,2571.3,230126,164,1242,2074,0.22045,1.1935,1.8336
-866.86,442.11,-188.61,0.095875,342.43,930.17,6.0372e+05,413007,1,56.61,-1516.1,977.38,1705.8,-95.205,-132.68,-643.87,-7.1435,78.036,2571.8,230155,164,1242,2074,0.20919,1.1935,1.835
-866.26,422.74,-181.26,0.099688,329.63,923.75,6.0407e+05,413005,1,54.56,-1512.5,979.37,1706.3,-90.485,-124.98,-643.56,-9.0644,75.27,2570,229909,164,1242,2074,0.19793,1.1935,1.8362
-865.72,403.35,-173.92,0.10546,316.75,917.65,6.0501e+05,413003,1,55.078,-1513.3,976.36,1707.9,-83.628,-118.47,-644.5,-12.253,73.133,2570,229910,164,1242,2074,0.18666,1.1935,1.8374
-865.26,383.96,-166.57,0.11461,303.81,911.89,6.0618e+05,413001,1,55.96,-1511.8,976.06,1708.4,-78.637,-111.93,-644.74,-14.413,70.858,2569,229845,164,1242,2074,0.17538,1.1935,1.8385
-898,594.46,-247.16,0.058992,438.01,1014.4,6.0566e+05,411629,1,66.687,-1511.3,992.12,1692.5,-139.86,-184.82,-639.69,13.153,96.209,2571,229982,164,1242,2074,0.29779,1.2048,1.8152
-896.96,575.27,-239.86,0.060158,425.98,1005.8,6.0359e+05,411627,1,64.476,-1511,991.66,1694.4,-134.87,-177.86,-640.03,10.976,93.689,2571,229983,164,1242,2074,0.28664,1.2048,1.817
-895.95,556.05,-232.56,0.060257,413.86,997.36,6.0199e+05,411625,1,62.349,-1510.3,990.89,1696.4,-129,-169.75,-640.7,8.3549,90.842,2570.8,229968,164,1242,2074,0.27549,1.2048,1.8187
-895,536.83,-225.25,0.063543,401.66,989.25,6.0183e+05,411623,1,61.973,-1509.9,990.3,1697.7,-124.82,-163.9,-641.41,6.5712,88.784,2570.7,229964,164,1242,2074,0.26432,1.2048,1.8204
-894.12,517.6,-217.94,0.070689,389.38,981.45,6.029e+05,411621,1,62.015,-1510.1,989.02,1699.2,-119.88,-157.65,-642.19,4.4194,86.591,2570.8,229971,164,1242,2074,0.25315,1.2048,1.822
-893.31,498.35,-210.63,0.076675,377.02,973.95,6.0404e+05,411619,1,60.783,-1508.3,989.37,1700.8,-114.01,-149.52,-642.2,1.8772,83.682,2570,229905,164,1242,2074,0.24196,1.2048,1.8235
-892.55,479.09,-203.32,0.079741,364.58,966.75,6.042e+05,411617,1,59.18,-1508.5,988.35,1702.1,-109.01,-143.27,-642.29,-0.32516,81.435,2569.9,229898,164,1242,2074,0.23077,1.2048,1.8249
-891.84,459.83,-196.01,0.082264,352.08,959.83,6.0345e+05,411615,1,57.36,-1507.3,988.37,1703.2,-104.2,-136.72,-642.34,-2.4218,79.111,2569.3,229859,164,1242,2074,0.21957,1.2048,1.8263
-891.17,440.55,-188.71,0.085396,339.51,953.22,6.0285e+05,411613,1,55.587,-1507.3,986.28,1704.8,-97.546,-129.36,-642.82,-5.5281,76.637,2569,229839,164,1242,2074,0.20836,1.2048,1.8276
-890.56,421.26,-181.4,0.088967,326.88,946.9,6.0316e+05,411611,1,54.268,-1506,986.19,1705.7,-92.574,-122.87,-642.98,-7.6987,74.376,2568.2,229790,164,1242,2074,0.19714,1.2048,1.8289
-890.01,401.97,-174.09,0.094785,314.18,940.9,6.0453e+05,411609,1,53.944,-1504.6,985.99,1706.5,-87.592,-116.39,-643.29,-9.859,72.129,2567.4,229725,164,1242,2074,0.18592,1.2048,1.8301
-889.53,382.67,-166.79,0.10363,301.42,935.23,6.0593e+05,411607,1,55.427,-1505.3,982.87,1707.9,-80.971,-109.77,-644.12,-12.957,69.95,2567.2,229714,164,1242,2074,0.17468,1.2048,1.8312
-922.36,592.19,-246.94,0.057596,433.9,1036.4,6.0749e+05,410239,1,67.271,-1503.8,998.2,1692.5,-140.56,-183.32,-639.44,13.423,95.891,2568.8,229834,164,1242,2074,0.29658,1.216,1.8079
-921.3,573.08,-239.67,0.057717,422.01,1027.9,6.0488e+05,410237,1,64.928,-1501.2,999.9,1694.2,-136.28,-176.62,-639.51,11.597,93.484,2568.2,229787,164,1242,2074,0.28549,1.216,1.8097
-920.29,553.95,-232.41,0.057016,410.03,1019.6,6.032e+05,410235,1,62.898,-1501.8,998.73,1695.9,-131.65,-170.26,-640.07,9.6625,91.132,2568.5,229814,164,1242,2074,0.27438,1.216,1.8114
-919.33,534.8,-225.14,0.059571,397.98,1011.7,6.028e+05,410233,1,62.13,-1501.2,997.85,1697.7,-125.88,-162.08,-641.07,7.2136,88.246,2568.3,229799,164,1242,2074,0.26326,1.216,1.813
-918.45,515.65,-217.86,0.066074,385.84,1004,6.0378e+05,410231,1,62.032,-1500.7,996.95,1699.3,-119.98,-153.92,-641.71,4.7089,85.332,2568,229775,164,1242,2074,0.25213,1.216,1.8146
-917.63,496.49,-210.58,0.07145,373.63,996.64,6.0476e+05,410229,1,61.027,-1500.5,996.59,1700.4,-115.78,-148.1,-641.73,2.9688,83.163,2567.8,229764,164,1242,2074,0.24099,1.216,1.8161
-916.86,477.32,-203.31,0.073597,361.35,989.56,6.0458e+05,410227,1,59.161,-1500.1,996.13,1701.7,-110.58,-141.21,-641.72,0.72603,80.662,2567.6,229736,164,1242,2074,0.22984,1.216,1.8176
-916.14,458.14,-196.04,0.07529,349.01,982.76,6.0338e+05,410225,1,56.999,-1499.6,995.68,1702.8,-105.32,-134.3,-641.73,-1.5566,78.191,2567.1,229710,164,1242,2074,0.21868,1.216,1.819
-915.46,438.95,-188.78,0.07762,336.61,976.26,6.024e+05,410223,1,55.405,-1499.2,995.27,1703.7,-100.94,-128.55,-641.85,-3.4568,76.148,2566.8,229694,164,1242,2074,0.20752,1.216,1.8203
-914.84,419.75,-181.51,0.080632,324.15,970.05,6.0266e+05,410221,1,53.622,-1498.1,994.31,1705,-94.507,-120.68,-642.16,-6.3918,73.483,2565.9,229648,164,1242,2074,0.19634,1.216,1.8215
-914.27,400.55,-174.25,0.085874,311.62,964.14,6.0436e+05,410219,1,53.398,-1497.1,993.4,1705.9,-89.065,-113.87,-642.6,-8.837,71.173,2565.2,229590,164,1242,2074,0.18516,1.216,1.8227
-913.77,381.33,-166.98,0.094143,299.04,958.57,6.0606e+05,410217,1,53.882,-1495.9,992.3,1706.9,-83.695,-107.02,-643.02,-11.242,68.835,2564.3,229533,164,1242,2074,0.17398,1.216,1.8238
-913.36,362.12,-159.71,0.10233,286.4,953.33,6.062e+05,410215,1,53.831,-1494.7,991.23,1707.8,-78.377,-100.12,-642.96,-13.626,66.436,2563.3,229450,164,1242,2074,0.16278,1.216,1.8248
-946.66,589.91,-246.72,0.057223,429.87,1058.4,6.0907e+05,408853,1,67.776,-1494.7,1005.5,1692.6,-141.26,-181.6,-639.08,13.624,95.573,2566.2,229664,164,1242,2074,0.29537,1.2272,1.8005
-945.6,570.87,-239.49,0.05616,418.11,1050,6.0653e+05,408851,1,64.597,-1492.1,1006.7,1694.7,-136.26,-173.72,-639.34,11.448,92.766,2565.6,229620,164,1242,2074,0.28432,1.2272,1.8023
-944.59,551.82,-232.25,0.055018,406.27,1041.9,6.0458e+05,408849,1,62.617,-1492.2,1005.6,1696.7,-130.87,-166.2,-640.14,9.2512,90,2565.8,229630,164,1242,2074,0.27325,1.2272,1.804
-943.62,532.75,-225.02,0.057191,394.36,1034.1,6.0418e+05,408847,1,62.331,-1492.1,1005.1,1697.8,-126.84,-160.31,-640.82,7.6589,87.842,2565.7,229628,164,1242,2074,0.26218,1.2272,1.8056
-942.73,513.68,-217.77,0.063443,382.36,1026.6,6.05e+05,408845,1,62.484,-1492,1004.6,1698.8,-122.74,-154.44,-641.36,6.0375,85.68,2565.7,229624,164,1242,2074,0.2511,1.2272,1.8072
-941.91,494.6,-210.53,0.068402,370.3,1019.3,6.0577e+05,408843,1,61.433,-1491.8,1004,1700.3,-116.84,-146.33,-641.4,3.6133,82.655,2565.4,229608,164,1242,2074,0.24,1.2272,1.8087
-941.14,475.51,-203.29,0.07005,358.17,1012.4,6.0531e+05,408841,1,59.277,-1491.6,1003.8,1701.4,-111.73,-139.4,-641.21,1.5053,80.063,2565.2,229593,164,1242,2074,0.2289,1.2272,1.8101
-940.41,456.42,-196.06,0.070999,345.99,1005.7,6.0378e+05,408839,1,57.269,-1492,1002.9,1702.4,-106.85,-133.11,-641.25,-0.59116,77.779,2565.1,229584,164,1242,2074,0.21779,1.2272,1.8115
-939.72,437.31,-188.83,0.072276,333.75,999.29,6.0234e+05,408837,1,54.427,-1490,1003.4,1703.4,-100.98,-125.01,-641.07,-3.1806,74.952,2564,229505,164,1242,2074,0.20667,1.2272,1.8128
-939.08,418.2,-181.61,0.074073,321.45,993.19,6.0232e+05,408835,1,52.938,-1490,1002.3,1704.4,-96.063,-118.72,-641.38,-5.3719,72.765,2563.7,229485,164,1242,2074,0.19554,1.2272,1.8141
-938.49,399.09,-174.38,0.077974,309.09,987.38,6.0393e+05,408833,1,52.324,-1488.9,1001.3,1705.5,-90.88,-111.81,-641.91,-7.702,70.414,2562.9,229418,164,1242,2074,0.18441,1.2272,1.8152
-937.98,379.96,-167.15,0.084949,296.67,981.89,6.0599e+05,408831,1,52.628,-1487.6,1000.1,1706.4,-85.707,-104.87,-642.31,-10.025,68.045,2562,229336,164,1242,2074,0.17327,1.2272,1.8163
-937.54,360.83,-159.92,0.092041,284.2,976.72,6.0645e+05,408829,1,52.072,-1486.1,998.89,1707.6,-80.572,-97.915,-642.4,-12.29,65.604,2560.9,229266,164,1242,2074,0.16212,1.2272,1.8173
-937.16,341.68,-152.69,0.094763,271.68,971.86,6.0435e+05,408827,1,49.972,-1484.4,997.75,1708.7,-75.467,-90.924,-642.06,-14.529,63.113,2559.6,229166,164,1242,2074,0.15096,1.2272,1.8183
-970.92,587.59,-246.5,0.055456,425.9,1080.4,6.0915e+05,407471,1,67.819,-1483.9,1013.8,1693.1,-143.07,-178.93,-638.71,14.256,94.93,2563.3,229457,164,1242,2074,0.29415,1.2384,1.793
-969.85,568.64,-239.3,0.053175,414.28,1072.2,6.067e+05,407469,1,64.425,-1482.2,1013.8,1695.1,-137.94,-171.04,-639.17,12.02,92.124,2562.8,229400,164,1242,2074,0.28314,1.2384,1.7948
-968.82,549.66,-232.1,0.052337,402.58,1064.2,6.0509e+05,407467,1,63.192,-1483.9,1012,1696.5,-133.51,-166.11,-639.88,10.267,90.254,2563.5,229471,164,1242,2074,0.27212,1.2384,1.7965
-967.86,530.68,-224.89,0.055047,390.8,1056.5,6.0512e+05,407465,1,62.833,-1482.6,1012,1697.9,-128.22,-158.23,-640.79,8.2331,87.372,2563,229430,164,1242,2074,0.26109,1.2384,1.7981
-966.97,511.69,-217.68,0.061665,378.94,1049.1,6.0598e+05,407463,1,63.054,-1482.7,1011.4,1699.2,-122.21,-150.22,-641.24,5.9156,84.355,2562.9,229409,164,1242,2074,0.25005,1.2384,1.7997
-966.15,492.69,-210.47,0.066827,367.02,1042,6.0662e+05,407461,1,61.997,-1482.8,1011.3,1700.1,-117.93,-144.51,-641.12,4.2373,82.157,2562.9,229411,164,1242,2074,0.23901,1.2384,1.8012
-965.37,473.68,-203.26,0.068288,355.04,1035.2,6.0611e+05,407459,1,60.06,-1483.5,1010.7,1701.2,-113.09,-138.25,-640.93,2.2567,79.785,2563,229428,164,1242,2074,0.22795,1.2384,1.8026
-964.64,454.67,-196.07,0.06848,343.01,1028.6,6.0437e+05,407457,1,56.923,-1482.1,1011.5,1702.2,-107.39,-130.1,-640.56,-0.14891,76.827,2562.3,229363,164,1242,2074,0.21689,1.2384,1.804
-963.94,435.65,-188.88,0.068045,330.92,1022.3,6.0257e+05,407455,1,53.798,-1481.3,1011.3,1703.2,-102.2,-122.93,-640.44,-2.4344,74.288,2561.7,229320,164,1242,2074,0.20581,1.2384,1.8053
-963.29,416.63,-181.69,0.068199,318.78,1016.3,6.0212e+05,407453,1,52.524,-1482.9,1008.6,1704.3,-97.294,-117.16,-641,-4.6368,72.263,2561.9,229334,164,1242,2074,0.19473,1.2384,1.8065
-962.69,397.59,-174.5,0.070303,306.58,1010.6,6.0347e+05,407451,1,50.83,-1479.7,1009.9,1705.3,-93.231,-110.32,-641.19,-6.3456,69.882,2560.7,229250,164,1242,2074,0.18364,1.2384,1.8077
-962.15,378.55,-167.3,0.075738,294.33,1005.2,6.0552e+05,407449,1,50.993,-1478.9,1007.7,1706.3,-87.516,-102.85,-641.79,-8.9111,67.323,2559.6,229164,164,1242,2074,0.17255,1.2384,1.8088
-961.69,359.5,-160.11,0.081816,282.02,1000.1,6.0629e+05,407447,1,50.245,-1477.4,1006.4,1707.4,-82.377,-95.941,-641.88,-11.159,64.895,2558.5,229086,164,1242,2074,0.16145,1.2384,1.8098
-961.27,340.44,-152.92,0.084239,269.66,995.29,6.0482e+05,407445,1,48.106,-1475.8,1005.3,1708.5,-77.198,-89.041,-641.65,-13.34,62.394,2557.3,228994,164,1242,2074,0.15034,1.2384,1.8108
-995.12,585.23,-246.25,0.048455,421.98,1102.4,6.0621e+05,406095,1,67.338,-1473.1,1022.1,1693.8,-146.95,-174.79,-638.44,16.144,93.41,2560.6,229246,164,1242,2074,0.29291,1.2495,1.7855
-994.04,566.36,-239.09,0.044758,410.49,1094.3,6.0434e+05,406093,1,64.93,-1474.9,1019.6,1695,-141.42,-169.7,-638.93,13.656,91.658,2560.8,229265,164,1242,2074,0.28195,1.2495,1.7873
-993.01,547.47,-231.92,0.045411,398.92,1086.5,6.0321e+05,406091,1,63.001,-1473.1,1019.4,1696.7,-136.01,-161.99,-639.82,11.459,88.904,2560.1,229193,164,1242,2074,0.27098,1.2495,1.789
-992.04,528.57,-224.75,0.050537,387.28,1078.9,6.0432e+05,406089,1,63.433,-1472.9,1018.6,1697.9,-130.67,-155.35,-640.79,9.4192,86.467,2560,229185,164,1242,2074,0.26,1.2495,1.7906
-991.15,509.66,-217.57,0.059401,375.57,1071.6,6.0559e+05,406087,1,64.146,-1473.2,1018.3,1698.5,-126.14,-149.8,-641.05,7.7113,84.358,2559.8,229177,164,1242,2074,0.249,1.2495,1.7921
-990.33,490.75,-210.39,0.065742,363.79,1064.7,6.0628e+05,406085,1,63.214,-1474.4,1017.8,1699.7,-119.85,-142.86,-640.86,5.2164,81.69,2560.2,229211,164,1242,2074,0.238,1.2495,1.7936
-989.57,471.83,-203.22,0.067048,351.96,1058,6.0599e+05,406083,1,60.598,-1473.5,1018.9,1701.2,-114.06,-134.89,-640.54,2.8935,78.694,2560.2,229210,164,1242,2074,0.22699,1.2495,1.7951
-988.83,452.9,-196.06,0.066073,340.07,1051.5,6.0454e+05,406081,1,56.826,-1473.2,1019.2,1702.2,-108.98,-127.68,-640.01,0.78905,75.997,2560,229188,164,1242,2074,0.21597,1.2495,1.7964
-988.13,433.96,-188.91,0.063728,328.14,1045.3,6.0255e+05,406079,1,54.293,-1474.7,1017.5,1703.1,-104.53,-122.65,-640.14,-1.1998,74.211,2560.2,229203,164,1242,2074,0.20495,1.2495,1.7977
-987.46,415.02,-181.75,0.061812,316.15,1039.4,6.0165e+05,406077,1,51.037,-1472.6,1017.3,1704.5,-99.288,-114.76,-640.46,-3.5177,71.477,2559.2,229139,164,1242,2074,0.19391,1.2495,1.7989
-986.84,396.06,-174.6,0.062403,304.1,1033.8,6.0286e+05,406075,1,50.027,-1472,1015.4,1705.6,-93.739,-107.22,-641.09,-5.9367,68.838,2558.4,229082,164,1242,2074,0.18287,1.2495,1.8001
-986.28,377.1,-167.44,0.066893,292,1028.5,6.0484e+05,406073,1,48.721,-1468.6,1016.4,1705.9,-89.581,-100.45,-641.05,-7.6181,66.447,2556.6,228948,164,1242,2074,0.17182,1.2495,1.8012
-985.79,358.14,-160.28,0.072901,279.86,1023.4,6.0589e+05,406071,1,48.712,-1469.1,1013.2,1707.1,-83.369,-93.783,-641.41,-10.403,64.14,2555.9,228906,164,1242,2074,0.16077,1.2495,1.8022
-985.35,339.16,-153.13,0.075911,267.67,1018.7,6.0507e+05,406069,1,46.431,-1467.2,1012.9,1708.1,-78.518,-87.398,-641.23,-12.418,61.841,2554.9,228819,164,1242,2074,0.14971,1.2495,1.8032
-984.95,320.18,-145.98,0.076083,255.43,1014.3,6.0284e+05,406067,1,44.211,-1466.5,1012.4,1708.8,-74.252,-81.644,-641.01,-14.091,59.682,2554.3,228763,164,1242,2074,0.13864,1.2495,1.804
-1018.2,564,-238.85,0.031177,406.71,1116.4,6.0016e+05,404723,1,63.631,-1464.4,1027.3,1695.3,-144.79,-164.88,-638.55,15.684,89.621,2557.8,229033,164,1242,2074,0.28075,1.2606,1.7797
-1017.1,545.2,-231.72,0.033,395.29,1108.7,5.9828e+05,404721,1,62.929,-1463.3,1026,1696.5,-139.58,-158.18,-639.62,13.38,87.406,2556.9,228970,164,1242,2074,0.26982,1.2606,1.7813
-1016.2,526.39,-224.58,0.042489,383.78,1101.3,6.0034e+05,404719,1,64.618,-1463.6,1025.4,1697.1,-133.81,-151.81,-640.55,11.247,85.051,2556.7,228956,164,1242,2074,0.25889,1.2606,1.783
-1015.3,507.59,-217.44,0.055135,372.22,1094.2,6.0134e+05,404717,1,65.426,-1465.2,1024.6,1698.1,-126.93,-145.32,-640.7,8.5244,82.601,2557.1,228985,164,1242,2074,0.24794,1.2606,1.7845
-1014.5,488.77,-210.3,0.063137,360.6,1087.3,6.0195e+05,404715,1,64.403,-1464.2,1025.8,1699.1,-121.85,-138.6,-640.15,6.478,80.075,2556.9,228972,164,1242,2074,0.23699,1.2606,1.786
-1013.7,469.94,-203.17,0.064071,348.91,1080.7,6.0283e+05,404713,1,61.729,-1465.1,1025.5,1701.2,-116.54,-132.93,-640.42,4.1948,78.022,2558.1,229059,164,1242,2074,0.22603,1.2606,1.7874
-1013,451.09,-196.04,0.062134,337.16,1074.4,6.0261e+05,404711,1,58.651,-1465.5,1025.8,1702.3,-112.5,-127.13,-640.2,2.7293,75.708,2558.4,229084,164,1242,2074,0.21505,1.2606,1.7888
-1012.3,432.24,-188.92,0.056697,325.38,1068.3,6.0017e+05,404709,1,52.771,-1464.6,1025.4,1703.3,-106.72,-119.03,-639.44,0.037545,72.871,2557.4,229001,164,1242,2074,0.20407,1.2606,1.7901
-1011.6,413.37,-181.81,0.052901,313.54,1062.5,5.9943e+05,404707,1,49.842,-1463.2,1024.4,1704.9,-101.74,-112.17,-640.23,-2.251,70.591,2556.8,228966,164,1242,2074,0.19309,1.2606,1.7913
-1010.9,394.49,-174.68,0.053667,301.64,1057,6.01e+05,404705,1,48.591,-1462.3,1023.5,1705.5,-96.648,-105.28,-640.72,-4.2399,68.065,2555.9,228904,164,1242,2074,0.18209,1.2606,1.7924
-1010.4,375.62,-167.56,0.058031,289.7,1051.7,6.0247e+05,404703,1,47.852,-1461.3,1022.5,1705.6,-91.482,-98.406,-640.64,-6.4095,65.616,2554.4,228773,164,1242,2074,0.17109,1.2606,1.7935
-1009.8,356.74,-160.44,0.064614,277.72,1046.7,6.0313e+05,404701,1,46.834,-1459.5,1022.1,1706.1,-86.585,-92.065,-640.5,-8.5304,63.417,2553.1,228697,164,1242,2074,0.16008,1.2606,1.7945
-1009.4,337.86,-153.33,0.068639,265.69,1042.1,6.031e+05,404699,1,45.511,-1459.3,1019.8,1707.9,-79.849,-85.024,-640.96,-11.468,60.973,2552.8,228682,164,1242,2074,0.14907,1.2606,1.7955
-1009,318.96,-146.21,0.070272,253.62,1037.7,6.0242e+05,404697,1,41.907,-1457.7,1019.7,1708.5,-74.229,-77.457,-640.35,-13.687,58.156,2551.6,228583,164,1242,2074,0.13805,1.2606,1.7964
-1008.6,300.07,-139.11,0.068461,241.52,1033.6,5.9969e+05,404695,1,38.731,-1456.9,1019.2,1708.5,-69.968,-71.671,-639.71,-15.522,56.1,2550.4,228519,164,1242,2074,0.12702,1.2606,1.7972
-1041.2,542.87,-231.48,0.01826,391.65,1130.9,5.9322e+05,403355,1,62.947,-1455.2,1033.8,1696.3,-142.18,-154.99,-639.32,15.548,85.682,2555,228844,164,1242,2074,0.26866,1.2717,1.7737
-1040.2,524.16,-224.38,0.033431,380.29,1123.6,5.9511e+05,403353,1,66.056,-1454.9,1032.6,1696.2,-136.74,-148.34,-640.27,13.298,83.438,2553.8,228740,164,1242,2074,0.25777,1.2717,1.7753
-1039.4,505.45,-217.27,0.048947,368.88,1116.7,5.9378e+05,403351,1,67.262,-1455.3,1032.2,1697.1,-131.28,-141.83,-640.1,11.065,81.014,2553.7,228734,164,1242,2074,0.24687,1.2717,1.7768
-1038.6,486.73,-210.18,0.056649,357.41,1109.9,5.9264e+05,403349,1,65.66,-1455.9,1032.4,1698.4,-125.89,-135.32,-639.58,8.8944,78.499,2554.2,228759,164,1242,2074,0.23597,1.2717,1.7783
-1037.8,467.99,-203.09,0.056847,345.87,1103.5,5.9534e+05,403347,1,62.733,-1456,1032.4,1701,-120.4,-129.06,-640.19,6.4938,76.308,2555.4,228868,164,1242,2074,0.22505,1.2717,1.7797
-1037.1,449.22,-195.98,0.057352,334.26,1097.3,5.9963e+05,403345,1,57.39,-1456.9,1031.9,1702.8,-113.98,-122.38,-639.66,3.749,73.83,2555.9,228908,164,1242,2074,0.21413,1.2717,1.7811
-1036.4,430.45,-188.91,0.044126,322.62,1091.3,5.9538e+05,403343,1,50.758,-1453.1,1033.2,1704,-110.97,-114.91,-638.85,2.4571,71.071,2554.2,228761,164,1242,2074,0.20319,1.2717,1.7823
-1035.7,411.67,-181.83,0.039355,310.93,1085.6,5.948e+05,403341,1,49.143,-1455.4,1030.1,1704.9,-104.63,-109.32,-640.16,-0.4474,69.315,2554.6,228782,164,1242,2074,0.19225,1.2717,1.7836
-1035,392.88,-174.74,0.044828,299.18,1080.1,5.997e+05,403339,1,47.454,-1451.9,1031.1,1705.3,-100.92,-102.27,-640.39,-1.7375,66.686,2552.7,228676,164,1242,2074,0.18131,1.2717,1.7847
-1034.4,374.09,-167.65,0.048007,287.4,1074.9,5.9907e+05,403337,1,46.814,-1451.8,1029.3,1705.5,-94.719,-95.238,-640.17,-4.4395,64.225,2551.5,228577,164,1242,2074,0.17035,1.2717,1.7858
-1033.9,355.3,-160.57,0.053341,275.58,1070,5.962e+05,403335,1,45.299,-1449.9,1029.2,1705.7,-89.44,-87.361,-639.75,-6.5794,61.357,2549.8,228491,164,1242,2074,0.15939,1.2717,1.7868
-1033.4,336.51,-153.5,0.057645,263.72,1065.4,5.9608e+05,403333,1,44.941,-1451.3,1027.3,1707.1,-84.235,-82.931,-640.48,-8.9762,59.942,2550.6,228526,164,1242,2074,0.14843,1.2717,1.7877
-1033,317.7,-146.42,0.063221,251.8,1061.1,5.9954e+05,403331,1,42.56,-1449.8,1027.5,1708.1,-79.476,-76.508,-640.31,-10.82,57.558,2550,228499,164,1242,2074,0.13745,1.2717,1.7886
-1032.6,298.89,-139.35,0.058162,239.86,1057.1,5.9666e+05,403329,1,36.944,-1448.3,1026.6,1708.8,-73.483,-68.538,-639.29,-13.418,54.714,2548.5,228373,164,1242,2074,0.12648,1.2717,1.7894
-1032.2,280.08,-132.3,0.052342,227.9,1053.3,5.921e+05,403327,1,31.538,-1446.8,1025.7,1709.1,-68.719,-61.433,-638.79,-15.511,52.222,2546.9,228232,164,1242,2074,0.11549,1.2717,1.7902
-1065.3,540.5,-231.21,0.011682,388.04,1153.2,5.7763e+05,401993,1,63.087,-1447.7,1042,1696,-143.5,-152.66,-638.94,17.245,84.247,2553.8,228736,164,1242,2074,0.26749,1.2826,1.7659
-1064.3,521.87,-224.14,0.024622,376.82,1146,5.8843e+05,401991,1,66.201,-1447.5,1040.8,1696.5,-138.62,-145.74,-639.94,15.075,81.977,2553,228692,164,1242,2074,0.25665,1.2826,1.7675
-1063.4,503.24,-217.07,0.038077,365.54,1139.1,5.84e+05,401989,1,68.533,-1447,1039.6,1697.2,-133.84,-138.77,-640.03,12.918,79.556,2552,228628,164,1242,2074,0.2458,1.2826,1.7691
-1062.6,484.61,-210.01,0.045681,354.19,1132.6,5.7289e+05,401987,1,66.247,-1446.6,1039.2,1698.9,-129.07,-131.92,-639.51,10.977,76.903,2551.9,228609,164,1242,2074,0.23494,1.2826,1.7705
-1061.9,465.95,-202.95,0.041416,342.8,1126.2,5.8066e+05,401985,1,63.156,-1446.2,1038.9,1700.4,-124.1,-125.18,-639.5,8.8443,74.461,2551.8,228599,164,1242,2074,0.22407,1.2826,1.7719
-1061.2,447.29,-195.89,0.046551,331.35,1120.1,6.083e+05,401983,1,56.847,-1445.2,1038.5,1703,-118.68,-118.88,-639.33,6.3855,72.243,2552,228626,164,1242,2074,0.21319,1.2826,1.7733
-1060.4,428.58,-188.85,0.026665,319.84,1114.2,5.8744e+05,401981,1,49.998,-1444.2,1038.1,1704.8,-113.67,-112.2,-638.99,4.2982,69.738,2551.7,228589,164,1242,2074,0.20231,1.2826,1.7746
-1059.7,409.88,-181.81,0.023527,308.3,1108.6,5.8702e+05,401979,1,47.678,-1443.6,1037.6,1704.7,-108.52,-105.36,-639.75,2.2612,67.322,2550.6,228529,164,1242,2074,0.19141,1.2826,1.7758
-1059,391.19,-174.76,0.029134,296.71,1103.2,6.0928e+05,401977,1,46.62,-1443.5,1035.8,1705.2,-102.46,-98.297,-640.06,-0.47736,64.963,2549.6,228473,164,1242,2074,0.18052,1.2826,1.7769
-1058.4,372.48,-167.71,0.033233,285.07,1098.1,5.9697e+05,401975,1,45.857,-1440.4,1037,1705.6,-98.705,-91.341,-640.02,-1.6487,62.241,2548.1,228343,164,1242,2074,0.16961,1.2826,1.778
-1057.8,353.78,-160.66,0.038728,273.4,1093.3,5.8452e+05,401973,1,45.684,-1442.6,1034.7,1705.7,-93.451,-85.916,-639.76,-3.9715,60.322,2548,228337,164,1242,2074,0.1587,1.2826,1.779
-1057.4,335.08,-153.62,0.042038,261.69,1088.8,5.805e+05,401971,1,44.104,-1441.2,1034.9,1706.6,-88.09,-78.204,-639.8,-6.1222,57.525,2547.3,228266,164,1242,2074,0.14778,1.2826,1.7799
-1056.9,316.37,-146.58,0.047767,249.94,1084.5,5.9501e+05,401969,1,40.562,-1441.2,1033.6,1708,-81.711,-71.42,-639.61,-9.059,55.27,2547.2,228253,164,1242,2074,0.13685,1.2826,1.7808
-1056.5,297.64,-139.55,0.041721,238.16,1080.5,5.966e+05,401967,1,34.567,-1437.7,1034.8,1709.3,-78.25,-64.338,-639.07,-10.186,52.511,2546,228168,164,1242,2074,0.12592,1.2826,1.7816
-1056.1,278.9,-132.53,0.032895,226.34,1076.8,5.8631e+05,401965,1,29.938,-1439.3,1031.6,1709.8,-72.243,-58.422,-638.84,-13.063,50.59,2545.5,228135,164,1242,2074,0.11499,1.2826,1.7823
-1089.3,538.1,-230.91,0.01261,384.47,1175.4,5.5717e+05,400635,1,64.511,-1440,1048.7,1696.5,-143.77,-150.52,-639.09,17.875,83.374,2552.3,228653,164,1242,2074,0.2663,1.2936,1.7581
-1088.3,519.55,-223.87,0.021536,373.37,1168.4,5.5772e+05,400633,1,66.436,-1439.5,1048.6,1697.2,-139.34,-144,-639.73,16.084,81.065,2552,228625,164,1242,2074,0.25551,1.2936,1.7597
-1087.4,501,-216.84,0.029864,362.22,1161.6,5.5746e+05,400631,1,67.418,-1438.5,1047.1,1698,-134.76,-136.94,-639.84,14.007,78.612,2550.7,228531,164,1242,2074,0.24471,1.2936,1.7612
-1086.6,482.44,-209.81,0.035752,351.01,1155.1,5.564e+05,400629,1,65.706,-1437.1,1045.9,1699.3,-130.12,-130,-639.4,11.918,76.098,2549.5,228451,164,1242,2074,0.2339,1.2936,1.7627
-1085.9,463.87,-202.79,0.031875,339.75,1148.9,5.5969e+05,400627,1,61.766,-1436,1045.1,1700.8,-125.28,-123.21,-639.14,9.9058,73.559,2548.7,228390,164,1242,2074,0.22308,1.2936,1.7641
-1085.1,445.28,-195.77,0.029278,328.44,1142.9,5.7313e+05,400625,1,55.556,-1434.6,1044.4,1702.8,-120.46,-116.46,-638.84,7.667,71.187,2548.1,228342,164,1242,2074,0.21225,1.2936,1.7654
-1084.3,426.67,-188.77,0.017062,317.08,1137.1,5.6694e+05,400623,1,49.8,-1434.2,1044.4,1704.4,-114.99,-110.11,-638.98,5.6877,68.68,2548.2,228346,164,1242,2074,0.20141,1.2936,1.7667
-1083.6,408.06,-181.75,0.016278,305.67,1131.5,5.6419e+05,400621,1,47.244,-1433.9,1044.1,1704.7,-109.73,-103.47,-639.51,3.706,66.223,2547.7,228318,164,1242,2074,0.19057,1.2936,1.7679
-1082.9,389.45,-174.74,0.017695,294.23,1126.2,5.7255e+05,400619,1,45.911,-1433.4,1043.5,1705.3,-104.8,-96.605,-639.79,1.6502,63.784,2547.1,228239,164,1242,2074,0.17972,1.2936,1.769
-1082.3,370.83,-167.72,0.020831,282.73,1121.2,5.7046e+05,400617,1,45.699,-1432.9,1042.8,1705.7,-99.815,-89.775,-640.05,-0.37593,61.329,2546.3,228193,164,1242,2074,0.16886,1.2936,1.7701
-1081.8,352.21,-160.71,0.028852,271.2,1116.5,5.6225e+05,400615,1,45.172,-1432.4,1042.1,1706.1,-94.918,-82.873,-639.78,-2.2946,58.749,2545.4,228130,164,1242,2074,0.15799,1.2936,1.7711
-1081.3,333.58,-153.7,0.029525,259.64,1112,5.5589e+05,400613,1,43.211,-1430.5,1042,1706.6,-89.621,-75.133,-639.32,-4.3748,55.881,2544,228026,164,1242,2074,0.14712,1.2936,1.7721
-1080.8,314.96,-146.7,0.032981,248.04,1107.9,5.7352e+05,400611,1,39.978,-1432.4,1039.8,1707.8,-84.959,-69.387,-639.25,-6.6132,53.941,2544.6,228079,164,1242,2074,0.13625,1.2936,1.7729
-1080.4,296.31,-139.71,0.02348,236.41,1103.9,5.7593e+05,400609,1,33.013,-1428.2,1041.5,1709.1,-79.909,-62.387,-638.78,-8.3953,51.28,2543.1,227952,164,1242,2074,0.12537,1.2936,1.7737
-1080,277.66,-132.71,0.017909,224.74,1100.2,5.6816e+05,400607,1,28.413,-1430.3,1038.6,1709.9,-74.506,-56.118,-638.93,-10.825,49.093,2543.4,227967,164,1242,2074,0.11448,1.2936,1.7745
-1079.5,259,-125.73,0.011601,213.05,1096.8,5.5683e+05,400605,1,23.934,-1427.7,1040.4,1710,-69.846,-49.881,-638.96,-12.199,46.582,2542.3,227895,164,1242,2074,0.10359,1.2936,1.7751
-1113.3,535.69,-230.6,0.014536,380.96,1197.7,5.507e+05,399283,1,65.611,-1429.3,1056.3,1696.7,-144.93,-149.64,-638.9,18.504,83.255,2549.7,228476,164,1242,2074,0.26511,1.3045,1.7502
-1112.3,517.22,-223.6,0.021255,369.98,1190.7,5.4826e+05,399281,1,66.234,-1430.4,1054.5,1697.7,-139.29,-142.13,-639.57,16.142,80.573,2549.5,228456,164,1242,2074,0.25437,1.3045,1.7518
-1111.4,498.75,-216.6,0.02689,358.95,1184.1,5.4711e+05,399279,1,66.06,-1429.1,1054,1698.7,-134.88,-135.67,-639.58,14.243,78.268,2548.6,228374,164,1242,2074,0.24361,1.3045,1.7533
-1110.6,480.26,-209.61,0.030162,347.87,1177.7,5.4659e+05,399277,1,64.089,-1427.6,1052.7,1699.8,-130.13,-128.82,-639.25,12.188,75.765,2547.1,228242,164,1242,2074,0.23285,1.3045,1.7548
-1109.8,461.77,-202.62,0.027949,336.75,1171.6,5.4838e+05,399275,1,60.288,-1426.3,1051.8,1701.2,-125.3,-122.06,-638.89,10.222,73.201,2546,228175,164,1242,2074,0.22208,1.3045,1.7562
-1109,443.27,-195.64,0.023696,325.57,1165.6,5.5269e+05,399273,1,54.827,-1425.2,1051.2,1702.7,-120.3,-115.43,-638.67,8.1848,70.71,2545.5,228132,164,1242,2074,0.2113,1.3045,1.7575
-1108.2,424.75,-188.66,0.015459,314.35,1159.9,5.5207e+05,399271,1,49.473,-1423.8,1051.7,1704,-114.57,-108.13,-638.88,6.0279,67.962,2545,228104,164,1242,2074,0.20051,1.3045,1.7588
-1107.5,406.22,-181.68,0.01445,303.09,1154.4,5.5049e+05,399269,1,47.362,-1426.1,1049.6,1704.8,-109.96,-102.44,-639.43,4.1498,65.857,2545.5,228141,164,1242,2074,0.18971,1.3045,1.76
-1106.8,387.69,-174.7,0.015677,291.78,1149.2,5.5151e+05,399267,1,45.741,-1422.9,1051.5,1705.5,-104.96,-95.341,-639.64,2.2735,63.29,2544.5,228063,164,1242,2074,0.17891,1.3045,1.7611
-1106.2,369.15,-167.72,0.019053,280.43,1144.3,5.4924e+05,399265,1,45.39,-1424.6,1049.2,1706,-99.617,-88.317,-639.93,0.089016,60.698,2544.3,228050,164,1242,2074,0.1681,1.3045,1.7622
-1105.6,350.62,-160.74,0.024621,269.04,1139.7,5.4488e+05,399263,1,44.441,-1423.3,1049.1,1706.4,-95.039,-81.907,-639.67,-1.7949,58.393,2543.3,227963,164,1242,2074,0.15729,1.3045,1.7632
-1105.1,332.07,-153.76,0.025666,257.61,1135.3,5.4449e+05,399261,1,42.799,-1422.8,1048.5,1706.7,-90.904,-76.233,-639.26,-3.4097,56.254,2542.5,227908,164,1242,2074,0.14646,1.3045,1.7641
-1104.7,313.53,-146.8,0.02622,246.16,1131.2,5.4928e+05,399259,1,38.353,-1421.3,1047.5,1707.7,-85.155,-68.303,-638.84,-5.7677,53.359,2541.3,227812,164,1242,2074,0.13564,1.3045,1.765
-1104.2,294.97,-139.84,0.019086,234.68,1127.3,5.483e+05,399257,1,32.571,-1420.5,1047.1,1708.8,-79.995,-61.675,-638.58,-7.7613,50.866,2540.8,227785,164,1242,2074,0.12481,1.3045,1.7658
-1103.8,276.41,-132.88,0.013441,223.17,1123.6,5.4619e+05,399255,1,27.872,-1420.2,1046.9,1709.4,-74.715,-55.11,-638.75,-9.8141,48.456,2540.7,227771,164,1242,2074,0.11397,1.3045,1.7665
-1103.4,257.84,-125.93,0.010644,211.62,1120.2,5.381e+05,399253,1,23.711,-1421.1,1046.2,1709.8,-68.911,-47.926,-638.96,-12.03,45.761,2540.8,227780,164,1242,2074,0.10313,1.3045,1.7672
-1103,239.27,-118.97,0.0095961,200.06,1117.1,5.3956e+05,399251,1,21.575,-1419.5,1047.7,1709.9,-64.854,-42.395,-638.94,-13.515,43.733,2540.4,227751,164,1242,2074,0.092282,1.3045,1.7678
-1137.2,533.26,-230.29,0.015618,377.5,1219.9,5.4901e+05,397937,1,66.476,-1420.6,1062.4,1697,-144.99,-147.58,-638.89,18.608,82.724,2547.4,228268,164,1242,2074,0.26391,1.3153,1.7423
-1136.3,514.87,-223.33,0.020326,366.65,1213.1,5.4653e+05,397935,1,65.689,-1419.6,1062.2,1698.1,-140.42,-141.31,-639.2,16.676,80.51,2546.8,228225,164,1242,2074,0.25321,1.3153,1.7439
-1135.3,496.48,-216.36,0.024047,355.75,1206.5,5.451e+05,397933,1,64.855,-1419.8,1059.9,1699.2,-134.77,-133.86,-639.33,14.2,77.854,2546,228167,164,1242,2074,0.24251,1.3153,1.7454
-1134.5,478.08,-209.4,0.026032,344.8,1200.2,5.4469e+05,397931,1,62.49,-1418.1,1059.4,1700.3,-130.28,-127.51,-639.08,12.28,75.554,2544.7,228088,164,1242,2074,0.23179,1.3153,1.7468
-1133.7,459.67,-202.45,0.024533,333.8,1194.2,5.4571e+05,397929,1,58.959,-1416.9,1058.5,1701.5,-125.37,-120.84,-638.77,10.303,73.025,2543.7,227999,164,1242,2074,0.22107,1.3153,1.7482
-1132.9,441.25,-195.5,0.020642,322.76,1188.3,5.4756e+05,397927,1,53.614,-1414.8,1058.5,1702.9,-119.9,-113.42,-638.55,8.1557,70.234,2542.6,227916,164,1242,2074,0.21034,1.3153,1.7495
-1132.1,422.81,-188.56,0.015181,311.68,1182.7,5.4902e+05,397925,1,50.415,-1416.6,1057.1,1703.8,-115.77,-108.44,-638.71,6.6093,68.254,2543.2,227955,164,1242,2074,0.1996,1.3153,1.7508
-1131.4,404.37,-181.61,0.014266,300.55,1177.4,5.4855e+05,397923,1,47.495,-1415.5,1057.6,1704.8,-110.15,-101.07,-639.25,4.4516,65.563,2542.8,227935,164,1242,2074,0.18885,1.3153,1.752
-1130.7,385.93,-174.66,0.015674,289.38,1172.2,5.4665e+05,397921,1,45.926,-1415.4,1057.2,1705.5,-105.06,-94.429,-639.58,2.4673,63.119,2542.6,227918,164,1242,2074,0.1781,1.3153,1.7531
-1130,367.48,-167.71,0.018891,278.16,1167.4,5.4494e+05,397919,1,44.788,-1414.4,1057.2,1706,-100.39,-88.157,-639.64,0.60751,60.847,2542,227868,164,1242,2074,0.16734,1.3153,1.7542
-1129.5,349.02,-160.77,0.022634,266.91,1162.8,5.4205e+05,397917,1,43.454,-1414.7,1055.3,1706.5,-94.666,-80.608,-639.46,-1.7818,58.097,2541.1,227802,164,1242,2074,0.15657,1.3153,1.7552
-1128.9,330.56,-153.83,0.02344,255.63,1158.5,5.4127e+05,397915,1,41.161,-1413.9,1054.2,1707,-89.573,-73.67,-639.07,-3.8536,55.546,2539.9,227725,164,1242,2074,0.1458,1.3153,1.7561
-1128.5,312.1,-146.89,0.022777,244.32,1154.4,5.4232e+05,397913,1,37.316,-1411.4,1055.1,1707.6,-85.611,-68.112,-638.67,-5.418,53.539,2538.8,227577,164,1242,2074,0.13502,1.3153,1.757
-1128,293.63,-139.97,0.017656,232.98,1150.6,5.4217e+05,397911,1,32.292,-1411.6,1053.9,1708.5,-79.944,-60.934,-638.47,-7.5691,50.79,2538.5,227554,164,1242,2074,0.12424,1.3153,1.7578
-1127.6,275.15,-133.04,0.013254,221.62,1147,5.4218e+05,397909,1,27.984,-1411.3,1053.8,1709.1,-74.742,-54.359,-638.58,-9.5138,48.314,2538.3,227542,164,1242,2074,0.11345,1.3153,1.7585
-1127.1,256.67,-126.12,0.011056,210.22,1143.7,5.3285e+05,397907,1,24.666,-1411.5,1053.9,1709.6,-69.575,-47.747,-638.79,-11.476,45.859,2538.5,227551,164,1242,2074,0.10266,1.3153,1.7592
-1126.8,238.19,-119.2,0.010472,198.8,1140.6,5.3169e+05,397905,1,21.487,-1412.7,1053.4,1709.8,-63.853,-40.535,-638.79,-13.686,43.167,2538.7,227565,164,1242,2074,0.091863,1.3153,1.7597
-1126.4,219.7,-112.28,0.010779,187.36,1137.8,5.4975e+05,397903,1,20.303,-1411.3,1055,1709.3,-59.707,-35.09,-638.49,-15.207,41.172,2537.9,227512,164,1242,2074,0.081064,1.3153,1.7603
-1162.2,549.1,-236.91,0.013096,384.76,1249.1,5.5104e+05,396599,1,68.306,-1410.9,1069,1695.8,-150.55,-152.29,-638.09,20.887,84.672,2544.5,228069,164,1242,2074,0.27333,1.3261,1.7326
-1161.1,530.81,-229.98,0.015335,374.1,1242.1,5.4934e+05,396597,1,66.74,-1410.8,1068.6,1697.2,-145.5,-145.82,-638.66,18.824,82.344,2544.6,228076,164,1242,2074,0.26269,1.3261,1.7343
-1160.1,512.51,-223.05,0.01846,363.37,1235.4,5.4747e+05,396595,1,65.394,-1410.5,1068,1698.4,-140.48,-139.3,-638.95,16.723,80.002,2544.2,228044,164,1242,2074,0.25205,1.3261,1.7358
-1159.2,494.2,-216.12,0.020702,352.6,1229,5.462e+05,396593,1,63.961,-1410,1067.4,1699.4,-136.34,-133.8,-639.01,14.994,78.006,2543.7,228001,164,1242,2074,0.24139,1.3261,1.7374
-1158.3,475.88,-209.19,0.02179,341.78,1222.8,5.456e+05,396591,1,61.195,-1408.5,1066.1,1700.6,-130.58,-126.06,-638.89,12.531,75.217,2542.3,227893,164,1242,2074,0.23073,1.3261,1.7388
-1157.5,457.55,-202.27,0.020846,330.91,1216.8,5.4693e+05,396589,1,57.772,-1407.5,1065.2,1701.7,-125.62,-119.46,-638.67,10.507,72.756,2541.3,227813,164,1242,2074,0.22005,1.3261,1.7402
-1156.7,439.21,-195.36,0.017883,320,1211,5.4864e+05,396587,1,54.56,-1407,1064.9,1702.7,-121.44,-113.98,-638.56,8.8967,70.659,2540.9,227789,164,1242,2074,0.20937,1.3261,1.7415
-1155.9,420.87,-188.45,0.014549,309.05,1205.5,5.4963e+05,396585,1,50.265,-1406.5,1064.5,1703.9,-115.51,-106.36,-638.74,6.6609,67.751,2540.6,227766,164,1242,2074,0.19868,1.3261,1.7428
-1155.2,402.51,-181.53,0.013959,298.05,1200.2,5.4959e+05,396583,1,47.729,-1406.4,1064.3,1704.8,-110.4,-99.812,-639.12,4.7082,65.309,2540.5,227760,164,1242,2074,0.18798,1.3261,1.7439
-1154.5,384.15,-174.62,0.015276,287.02,1195.2,5.4763e+05,396581,1,45.866,-1406.1,1063.9,1705.6,-105.3,-93.238,-639.38,2.6792,62.915,2540.2,227742,164,1242,2074,0.17728,1.3261,1.7451
-1153.8,365.79,-167.7,0.017857,275.94,1190.4,5.4612e+05,396579,1,44.374,-1405.8,1063.4,1706.2,-100.23,-86.646,-639.44,0.6355,60.519,2539.7,227706,164,1242,2074,0.16657,1.3261,1.7461
-1153.3,347.42,-160.79,0.020251,264.83,1185.9,5.4452e+05,396577,1,42.396,-1404.4,1063.2,1706.6,-95.574,-80.395,-639.22,-1.2612,58.268,2538.6,227563,164,1242,2074,0.15585,1.3261,1.7471
-1152.7,329.04,-153.89,0.020636,253.69,1181.7,5.44e+05,396575,1,40.237,-1405.6,1060.7,1707.1,-90.151,-73.486,-638.94,-3.5023,55.699,2538,227517,164,1242,2074,0.14513,1.3261,1.748
-1152.2,310.66,-146.99,0.01949,242.52,1177.7,5.4429e+05,396573,1,35.65,-1402.3,1061.5,1707.8,-84.8,-66.131,-638.54,-5.5633,53.011,2536.4,227402,164,1242,2074,0.1344,1.3261,1.7489
-1151.7,292.28,-140.09,0.016166,231.32,1173.9,5.4452e+05,396571,1,32.059,-1402.5,1060.7,1708.4,-80.056,-60.068,-638.43,-7.3495,50.693,2536.1,227371,164,1242,2074,0.12367,1.3261,1.7497
-1151.3,273.89,-133.2,0.013304,220.1,1170.4,5.4391e+05,396569,1,28.283,-1402.5,1060.7,1709,-74.894,-53.513,-638.51,-9.275,48.219,2536.1,227369,164,1242,2074,0.11293,1.3261,1.7504
-1150.9,255.5,-126.31,0.011561,208.85,1167.1,5.3757e+05,396567,1,25.215,-1402.5,1060.7,1709.4,-69.716,-46.965,-638.68,-11.222,45.772,2536.1,227377,164,1242,2074,0.10219,1.3261,1.7511
-1150.5,237.1,-119.42,0.011861,197.57,1164.1,5.3995e+05,396565,1,22.891,-1403,1060.9,1709.5,-64.462,-40.435,-638.64,-13.199,43.33,2536.2,227384,164,1242,2074,0.091441,1.3261,1.7517
-1150.2,218.71,-112.53,0.013771,186.28,1161.3,5.4388e+05,396563,1,21.377,-1404.8,1060.8,1708.9,-58.629,-33.329,-638.36,-15.401,40.644,2536.4,227399,164,1242,2074,0.080691,1.3261,1.7522
-1186,546.54,-236.55,0.012767,381.29,1271.2,5.5012e+05,395265,1,68.851,-1402.8,1074.3,1696,-150.97,-150.77,-638.03,21.117,84.315,2542.3,227896,164,1242,2074,0.27206,1.3368,1.7245
-1185,528.34,-229.66,0.014291,370.75,1264.3,5.505e+05,395263,1,66.692,-1399.4,1075.9,1697.5,-146.07,-143.75,-638.34,19.153,81.825,2541.4,227816,164,1242,2074,0.26147,1.3368,1.7262
-1184,510.12,-222.76,0.016088,360.15,1257.7,5.4929e+05,395261,1,65.188,-1402.2,1073.2,1698.7,-140.87,-137.88,-638.78,16.948,79.667,2541.9,227866,164,1242,2074,0.25087,1.3368,1.7278
-1183,491.89,-215.87,0.017217,349.5,1251.4,5.4906e+05,395259,1,62.332,-1399,1073.8,1699.9,-135.61,-130.5,-638.71,14.755,77.038,2540.4,227750,164,1242,2074,0.24027,1.3368,1.7293
-1182.1,473.66,-208.98,0.017677,338.8,1245.3,5.4849e+05,395257,1,60.028,-1399,1072.6,1700.9,-130.93,-124.56,-638.7,12.817,74.85,2539.8,227721,164,1242,2074,0.22965,1.3368,1.7307
-1181.3,455.42,-202.09,0.017161,328.07,1239.4,5.4949e+05,395255,1,57.017,-1398.2,1071.9,1701.9,-125.92,-118.03,-638.61,10.828,72.398,2539,227594,164,1242,2074,0.21903,1.3368,1.7321
-1180.5,437.17,-195.21,0.015414,317.28,1233.7,5.5099e+05,395253,1,53.269,-1398.4,1070.6,1703.1,-120.35,-111,-638.57,8.6546,69.708,2538.6,227557,164,1242,2074,0.2084,1.3368,1.7334
-1179.7,418.91,-188.33,0.013617,306.46,1228.3,5.5146e+05,395251,1,50.341,-1395.7,1072.2,1704,-115.87,-104.78,-638.71,7.0196,67.396,2537.9,227504,164,1242,2074,0.19776,1.3368,1.7346
-1178.9,400.64,-181.45,0.013333,295.6,1223.1,5.5126e+05,395249,1,47.693,-1397.7,1070.3,1704.9,-110.32,-98.137,-639.02,4.8141,64.892,2538.2,227535,164,1242,2074,0.18711,1.3368,1.7358
-1178.2,382.36,-174.57,0.014261,284.69,1218.1,5.4943e+05,395247,1,45.729,-1396.9,1070.4,1705.6,-105.6,-91.992,-639.18,2.962,62.651,2537.8,227499,164,1242,2074,0.17645,1.3368,1.7369
-1177.6,364.08,-167.69,0.016098,273.75,1213.5,5.4904e+05,395245,1,44.048,-1397.1,1069.5,1706.2,-100.85,-86.007,-639.22,1.0231,60.475,2537.4,227474,164,1242,2074,0.16579,1.3368,1.738
-1177,345.8,-160.81,0.017432,262.78,1209,5.4827e+05,395243,1,41.466,-1394.9,1070,1706.7,-95.972,-79.435,-638.97,-0.94101,58.122,2536.2,227383,164,1242,2074,0.15513,1.3368,1.739
-1176.4,327.51,-153.94,0.01751,251.77,1204.8,5.4807e+05,395241,1,38.646,-1394.8,1068.5,1707.3,-90.383,-72.295,-638.74,-3.1981,55.487,2535.3,227296,164,1242,2074,0.14445,1.3368,1.7399
-1175.9,309.22,-147.08,0.016476,240.74,1200.9,5.4934e+05,395239,1,34.844,-1393,1068.4,1707.9,-84.853,-64.954,-638.51,-5.336,52.78,2534.1,227210,164,1242,2074,0.13377,1.3368,1.7407
-1175.4,290.92,-140.22,0.014643,229.69,1197.2,5.4956e+05,395237,1,31.996,-1395.1,1066.3,1708.4,-80.205,-59.308,-638.43,-7.1299,50.584,2534.4,227228,164,1242,2074,0.12309,1.3368,1.7415
-1175,272.62,-133.36,0.012763,218.6,1193.7,5.4787e+05,395235,1,28.811,-1392.5,1068,1708.7,-75.655,-53.16,-638.43,-8.7656,48.314,2533.6,227169,164,1242,2074,0.1124,1.3368,1.7422
-1174.6,254.31,-126.5,0.012156,207.49,1190.5,5.4477e+05,395233,1,25.816,-1393.5,1067.3,1709.2,-69.879,-46.151,-638.54,-10.969,45.679,2533.8,227185,164,1242,2074,0.10171,1.3368,1.7429
-1174.2,236.01,-119.64,0.013536,196.36,1187.5,5.451e+05,395231,1,23.884,-1393.8,1067.4,1709.1,-64.614,-39.677,-638.48,-12.981,43.283,2533.6,227174,164,1242,2074,0.091015,1.3368,1.7435
-1173.9,217.7,-112.79,0.016194,185.21,1184.8,5.4134e+05,395229,1,22.333,-1393.9,1067.4,1708.7,-59.365,-33.175,-638.04,-15.077,40.937,2533,227120,164,1242,2074,0.080315,1.3368,1.744
-1173.7,199.41,-105.95,0.021028,174.06,1182.4,5.3811e+05,395227,1,22.331,-1393.8,1067.2,1707.6,-54.182,-26.619,-637.25,-17.207,38.616,2531.7,227010,164,1242,2074,0.069613,1.3368,1.7445
-1209.8,543.96,-236.19,0.011752,377.88,1293.2,5.4855e+05,393937,1,69.122,-1391.4,1081.5,1696.3,-151.44,-148.71,-637.85,21.406,83.818,2539.2,227671,164,1242,2074,0.27077,1.3475,1.7164
-1208.7,525.85,-229.33,0.012414,367.45,1286.5,5.5129e+05,393935,1,66.761,-1391.2,1081.1,1697.7,-146.4,-142.32,-638.19,19.369,81.475,2539.1,227598,164,1242,2074,0.26024,1.3475,1.718
-1207.7,507.72,-222.47,0.013485,356.97,1280,5.5069e+05,393933,1,64.422,-1390.7,1080.4,1699,-141.35,-135.93,-638.44,17.281,79.161,2538.7,227564,164,1242,2074,0.24969,1.3475,1.7196
-1206.8,489.58,-215.61,0.014108,346.45,1273.8,5.5213e+05,393931,1,61.899,-1390.2,1079.8,1700.1,-136.29,-129.5,-638.52,15.196,76.819,2538.1,227526,164,1242,2074,0.23913,1.3475,1.7211
-1205.9,471.43,-208.76,0.014402,335.88,1267.7,5.5156e+05,393929,1,59.303,-1389.5,1079.1,1701.1,-131.26,-123.04,-638.56,13.157,74.438,2537.4,227472,164,1242,2074,0.22857,1.3475,1.7225
-1205,453.27,-201.91,0.014017,325.26,1261.9,5.5278e+05,393927,1,56.358,-1388.8,1078.4,1702.2,-126.22,-116.58,-638.55,11.141,72.038,2536.7,227425,164,1242,2074,0.21799,1.3475,1.7239
-1204.2,435.11,-195.06,0.013128,314.61,1256.4,5.5331e+05,393925,1,53.381,-1388.3,1078,1703.1,-121.16,-110.12,-638.58,9.1993,69.587,2536.3,227389,164,1242,2074,0.20741,1.3475,1.7252
-1203.4,416.93,-188.21,0.012312,303.92,1251,5.5057e+05,393923,1,50.503,-1388,1077.6,1704.1,-116.09,-103.67,-638.71,7.2642,67.146,2535.9,227356,164,1242,2074,0.19682,1.3475,1.7265
-1202.7,398.75,-181.36,0.012227,293.18,1245.9,5.5009e+05,393921,1,48.296,-1387.9,1077.4,1704.8,-111.84,-98.286,-638.82,5.6262,65.133,2535.8,227335,164,1242,2074,0.18623,1.3475,1.7276
-1202,380.56,-174.52,0.012873,282.41,1241.1,5.5048e+05,393919,1,45.432,-1387.5,1076.9,1705.7,-105.87,-90.745,-638.95,3.2299,62.389,2535.3,227293,164,1242,2074,0.17562,1.3475,1.7287
-1201.3,362.37,-167.67,0.01389,271.6,1236.4,5.5199e+05,393917,1,43.066,-1387.8,1075.6,1706.3,-100.23,-83.74,-638.96,0.91,59.85,2534.8,227255,164,1242,2074,0.16501,1.3475,1.7298
-1200.7,344.17,-160.83,0.014576,260.76,1232.1,5.5203e+05,393915,1,40.193,-1385.5,1076,1706.9,-95.338,-77.218,-638.76,-1.0221,57.494,2533.6,227170,164,1242,2074,0.15439,1.3475,1.7308
-1200.1,325.97,-154,0.014572,249.89,1227.9,5.5289e+05,393913,1,37.202,-1384.5,1075.6,1707.4,-90.115,-70.494,-638.58,-3.08,55.023,2532.6,227093,164,1242,2074,0.14377,1.3475,1.7317
-1199.6,307.76,-147.16,0.01379,239,1224,5.5334e+05,393911,1,35.213,-1386,1073.9,1707.8,-86.019,-65.484,-638.51,-4.6957,53.114,2532.6,227096,164,1242,2074,0.13314,1.3475,1.7325
-1199.1,289.55,-140.33,0.012782,228.08,1220.4,5.5135e+05,393909,1,31.617,-1384.5,1074.1,1708.3,-80.415,-58.225,-638.41,-6.7904,50.401,2531.8,227018,164,1242,2074,0.12251,1.3475,1.7333
-1198.7,271.34,-133.51,0.012067,217.13,1217,5.4895e+05,393907,1,28.44,-1385.2,1073.2,1708.8,-74.724,-51.192,-638.4,-8.9499,47.738,2531.7,227008,164,1242,2074,0.11187,1.3475,1.734
-1198.2,253.12,-126.68,0.012365,206.16,1213.8,5.4714e+05,393905,1,26.415,-1383.3,1074.4,1708.9,-70.614,-45.856,-638.33,-10.49,45.805,2530.9,226925,164,1242,2074,0.10123,1.3475,1.7347
-1197.9,234.9,-119.86,0.013907,195.17,1210.9,5.4774e+05,393903,1,23.872,-1384,1073.5,1708.9,-64.842,-38.858,-638.16,-12.818,43.268,2530.6,226900,164,1242,2074,0.090586,1.3475,1.7353
-1197.6,216.69,-113.05,0.016019,184.17,1208.3,5.4445e+05,393901,1,21.66,-1382.4,1073.5,1708.4,-59.131,-31.66,-637.53,-15.153,40.744,2528.9,226788,164,1242,2074,0.079936,1.3475,1.7358
-1197.3,198.48,-106.24,0.018388,173.16,1205.9,5.4043e+05,393899,1,21.155,-1384.5,1071.4,1707.7,-54.49,-25.941,-636.98,-17.106,38.667,2528.3,226740,164,1242,2074,0.069284,1.3475,1.7363
-1197.1,180.28,-99.444,0.020561,162.15,1203.8,5.4037e+05,393897,1,18.301,-1380.4,1071.8,1706.8,-50.079,-19.765,-635.78,-18.918,36.554,2525.2,226486,164,1242,2074,0.058629,1.3475,1.7366
-1196.9,35.426,-45.812,0.019865,74.769,1196,6.2555e+05,393881,1,8.9799,-1371.4,1066,1673.8,-13.351,36.027,-611.03,-30.688,14.495,2488.9,196762,164,1242,2074,-0.026655,1.3475,1.7374
-1197.6,-0.081516,-32.956,0.045986,53.803,1196.9,6.0661e+05,393877,1,7.4475,-1372.3,1065.8,1664,-3.5866,49.485,-600.93,-35.393,10.616,2480.5,196182,164,1242,2074,-0.047974,1.3475,1.737
-1198,-17.85,-26.545,0.040832,43.329,1197.7,6.1818e+05,393875,1,0.95066,-1368.7,1063.4,1669.3,1.3329,56.357,-604.44,-37.671,8.4833,2480.5,196174,164,1242,2074,-0.058631,1.3475,1.7366
-1198.5,-35.689,-20.087,0.031342,32.775,1198.7,6.3531e+05,393873,1,-0.10246,-1367.7,1059.2,1674.7,5.7085,62.409,-608.76,-39.358,6.184,2480.5,196178,164,1242,2074,-0.069285,1.3475,1.7363
-1198.9,-53.587,-13.579,0.026122,22.152,1200,6.5623e+05,393871,1,-7.4761,-1361.3,1057.7,1678.2,10.604,68.015,-612.16,-41.162,4.1756,2480.5,196177,164,1242,2074,-0.079937,1.3475,1.7358
-1234.6,559.39,-242.64,0.010797,384.77,1322.1,5.5582e+05,392617,1,71.702,-1382.7,1087.2,1695.3,-156.23,-152.86,-637.47,23.358,85.609,2536.7,227428,164,1242,2074,0.27996,1.3581,1.7065
-1233.5,541.37,-235.82,0.010894,374.51,1315.3,5.5417e+05,392615,1,69.168,-1379.9,1088.5,1696.7,-151.76,-146.74,-637.71,21.611,83.383,2536,227359,164,1242,2074,0.26948,1.3581,1.7082
-1232.5,523.34,-228.99,0.011091,364.2,1308.7,5.5327e+05,392613,1,66.562,-1382,1086.6,1698,-146.27,-140.37,-638.08,19.39,80.977,2536.4,227400,164,1242,2074,0.25899,1.3581,1.7098
-1231.5,505.29,-222.17,0.011376,353.85,1302.3,5.5129e+05,392611,1,64.055,-1381,1086.6,1699.2,-141.59,-134.37,-638.23,17.511,78.778,2536,227360,164,1242,2074,0.2485,1.3581,1.7114
-1230.5,487.24,-215.35,0.011533,343.44,1296.1,5.5101e+05,392609,1,61.473,-1380.5,1086.1,1700.3,-136.52,-128,-638.36,15.464,76.434,2535.5,227311,164,1242,2074,0.23799,1.3581,1.7129
-1229.6,469.18,-208.53,0.011611,333,1290.2,5.494e+05,392607,1,58.7,-1380,1085.5,1701.4,-131.45,-121.61,-638.42,13.428,74.075,2535,227274,164,1242,2074,0.22748,1.3581,1.7143
-1228.7,451.11,-201.71,0.011471,322.51,1284.5,5.5101e+05,392605,1,56.016,-1379.5,1085,1702.3,-126.38,-115.22,-638.47,11.429,71.69,2534.5,227236,164,1242,2074,0.21695,1.3581,1.7157
-1227.9,433.03,-194.9,0.011394,311.98,1279,5.5056e+05,392603,1,53.213,-1379.1,1084.5,1703.3,-121.3,-108.82,-638.55,9.4477,69.297,2534,227204,164,1242,2074,0.20642,1.3581,1.717
-1227.1,414.94,-188.08,0.011211,301.41,1273.7,5.5058e+05,392601,1,50.432,-1378.8,1084.1,1704.2,-116.21,-102.43,-638.62,7.4651,66.905,2533.7,227179,164,1242,2074,0.19588,1.3581,1.7182
-1226.3,396.85,-181.27,0.011328,290.8,1268.7,5.4986e+05,392599,1,47.292,-1378.3,1083.6,1705.1,-110.24,-94.954,-638.72,5.1104,64.149,2533.1,227132,164,1242,2074,0.18534,1.3581,1.7194
-1225.6,378.75,-174.46,0.01142,280.16,1263.9,5.4963e+05,392597,1,45.088,-1378.1,1083.3,1705.7,-105.99,-89.608,-638.73,3.4376,62.172,2532.8,227107,164,1242,2074,0.17478,1.3581,1.7205
-1225,360.64,-167.65,0.011656,269.49,1259.4,5.497e+05,392595,1,42.472,-1377.6,1082.7,1706.4,-100.89,-83.181,-638.72,1.3945,59.83,2532.2,227048,164,1242,2074,0.16422,1.3581,1.7215
-1224.3,342.53,-160.85,0.011844,258.78,1255.1,5.5149e+05,392593,1,39.723,-1377,1082.2,1706.9,-95.791,-76.739,-638.62,-0.64648,57.478,2531.5,226996,164,1242,2074,0.15366,1.3581,1.7225
-1223.8,324.42,-154.04,0.011786,248.05,1251,5.5093e+05,392591,1,37.455,-1376.6,1081.8,1707.3,-91.542,-71.362,-638.53,-2.3033,55.487,2531,226935,164,1242,2074,0.14308,1.3581,1.7234
-1223.2,306.3,-147.24,0.011498,237.28,1247.2,5.511e+05,392589,1,34.139,-1375.8,1081.1,1707.9,-85.576,-63.85,-638.42,-4.627,52.709,2530.1,226868,164,1242,2074,0.13251,1.3581,1.7242
-1222.7,288.18,-140.45,0.011422,226.5,1243.6,5.4962e+05,392587,1,31.369,-1375.3,1080.6,1708.3,-80.446,-57.404,-638.36,-6.5974,50.314,2529.5,226827,164,1242,2074,0.12193,1.3581,1.725
-1222.3,270.05,-133.66,0.011411,215.69,1240.2,5.4965e+05,392585,1,28.485,-1375,1080.2,1708.6,-75.278,-50.984,-638.23,-8.5978,47.941,2528.9,226790,164,1242,2074,0.11134,1.3581,1.7257
-1221.9,251.92,-126.87,0.011669,204.85,1237.1,5.4789e+05,392583,1,25.801,-1375.5,1079.2,1708.8,-69.589,-43.996,-638.16,-10.847,45.371,2528.6,226759,164,1242,2074,0.10075,1.3581,1.7264
-1221.5,233.79,-120.08,0.012319,194,1234.3,5.4895e+05,392581,1,23.441,-1373.2,1080.1,1708.8,-65.448,-38.718,-637.82,-12.469,43.508,2527.3,226659,164,1242,2074,0.090153,1.3581,1.727
-1221.2,215.67,-113.3,0.013291,183.14,1231.7,5.4973e+05,392579,1,21.277,-1373.6,1078.9,1708.5,-60.635,-32.756,-637.42,-14.419,41.345,2526.5,226590,164,1242,2074,0.079555,1.3581,1.7275
-1220.9,197.54,-106.53,0.014123,172.27,1229.3,5.4939e+05,392577,1,18.506,-1372.2,1077.8,1707.8,-54.677,-25.172,-636.58,-16.871,38.663,2524.3,226396,164,1242,2074,0.068953,1.3581,1.728
-1220.6,179.43,-99.77,0.014506,161.4,1227.2,5.5171e+05,392575,1,15.495,-1370.3,1076.2,1706.8,-48.851,-17.485,-635.41,-19.208,35.894,2521.4,226152,164,1242,2074,0.058349,1.3581,1.7283
-1220.1,53.03,-52.87,0.0075741,85.603,1219.4,6.344e+05,392561,1,5.6186,-1366.1,1071.6,1685.5,-17.387,30.169,-619.7,-29.117,16.768,2498.4,224064,164,1242,2074,-0.015917,1.3581,1.7293
-1220.4,35.194,-46.328,0.028715,75.03,1219.4,6.0421e+05,392559,1,10.217,-1364.7,1074.3,1674.3,-13.159,36.014,-610.84,-30.675,14.796,2489.1,196774,164,1242,2074,-0.026527,1.3581,1.7291
-1220.7,17.497,-39.912,0.041717,64.648,1219.8,5.9225e+05,392557,1,9.1743,-1365.5,1071.9,1664.8,-8.361,43.043,-602.24,-33.004,12.714,2480.2,196105,164,1242,2074,-0.037137,1.3581,1.7289
-1221.1,-0.15551,-33.553,0.0388,54.34,1220.3,6.0194e+05,392555,1,4.352,-1362.8,1070.8,1664.3,-4.2664,49.324,-600.29,-34.943,10.873,2477.5,195864,164,1242,2074,-0.047744,1.3581,1.7287
-1221.4,-17.839,-27.183,0.027486,44.005,1221.1,6.1553e+05,392553,1,-2.7061,-1360,1068.5,1667.4,0.00037581,54.587,-602.49,-36.796,9.1857,2477.7,195891,164,1242,2074,-0.05835,1.3581,1.7283
-1221.8,-35.582,-20.765,0.017687,33.598,1222,6.3271e+05,392551,1,-9.7591,-1354.2,1064,1673.7,6.699,61.526,-608.15,-39.597,6.848,2478.4,195936,164,1242,2074,-0.068954,1.3581,1.728
-1222.1,-53.384,-14.292,0.01461,23.118,1223.1,6.5333e+05,392549,1,-13.811,-1348.8,1059.8,1678.4,13.412,68.483,-612.77,-42.136,4.2745,2478.2,195927,164,1242,2074,-0.079556,1.3581,1.7275
-1222.5,-71.22,-7.789,0.015797,12.603,1224.5,6.7451e+05,392547,1,-17.858,-1344.5,1057.8,1679.7,18.439,74.195,-614.04,-43.895,2.1324,2476.5,195532,164,1242,2074,-0.090154,1.3581,1.727
-1259.4,574.61,-249.02,0.0097141,391.44,1351,5.6846e+05,391303,1,74.755,-1372.1,1094.3,1693.9,-162.12,-157.77,-637,25.777,87.719,2533.8,227191,164,1242,2074,0.28902,1.3687,1.6965
-1258.3,556.69,-242.23,0.0097696,381.35,1344,5.6702e+05,391301,1,72.309,-1372.7,1093.5,1695.3,-157.4,-152.12,-637.34,23.907,85.587,2534,227205,164,1242,2074,0.2786,1.3687,1.6983
-1257.2,538.76,-235.44,0.0098973,371.2,1337.3,5.6603e+05,391299,1,69.239,-1370.1,1094.5,1696.9,-152.02,-145.04,-637.61,21.791,83.005,2533.3,227142,164,1242,2074,0.26818,1.3687,1.6999
-1256.1,520.81,-228.66,0.010036,361.01,1330.8,5.6426e+05,391297,1,67.017,-1372.6,1092.6,1698,-147.37,-139.87,-637.91,19.93,81.013,2533.9,227198,164,1242,2074,0.25774,1.3687,1.7016
-1255.1,502.86,-221.87,0.010171,350.77,1324.5,5.6203e+05,391295,1,63.953,-1371.2,1092.7,1699.4,-141.78,-132.81,-638.09,17.701,78.425,2533.3,227144,164,1242,2074,0.24729,1.3687,1.7031
-1254.2,484.89,-215.08,0.010204,340.49,1318.5,5.619e+05,391293,1,61.196,-1370.9,1092.3,1700.5,-136.67,-126.53,-638.22,15.669,76.093,2533,227121,164,1242,2074,0.23684,1.3687,1.7046
-1253.2,466.92,-208.3,0.010347,330.16,1312.6,5.5977e+05,391291,1,58.498,-1370.5,1091.8,1701.6,-131.58,-120.22,-638.31,13.65,73.747,2532.6,227084,164,1242,2074,0.22638,1.3687,1.706
-1252.4,448.93,-201.51,0.010256,319.8,1307,5.6116e+05,391289,1,55.746,-1370.2,1091.4,1702.5,-126.49,-113.89,-638.38,11.641,71.394,2532.2,227045,164,1242,2074,0.2159,1.3687,1.7074
-1251.5,430.94,-194.73,0.010338,309.39,1301.6,5.6016e+05,391287,1,53.017,-1369.8,1090.9,1703.4,-121.39,-107.55,-638.45,9.6368,69.037,2531.8,227013,164,1242,2074,0.20542,1.3687,1.7087
-1250.7,412.94,-187.95,0.010255,298.95,1296.4,5.6019e+05,391285,1,50.241,-1369.5,1090.5,1704.3,-116.28,-101.21,-638.51,7.6322,66.683,2531.4,226989,164,1242,2074,0.19493,1.3687,1.7099
-1250,394.94,-181.17,0.010295,288.47,1291.5,5.6036e+05,391283,1,47.583,-1368.5,1090.6,1705,-111.54,-95.237,-638.53,5.776,64.489,2530.8,226917,164,1242,2074,0.18444,1.3687,1.7111
-1249.2,376.93,-174.4,0.010343,277.95,1286.8,5.5986e+05,391281,1,44.595,-1369.3,1089.1,1705.8,-105.67,-88.144,-638.59,3.4223,61.857,2530.5,226896,164,1242,2074,0.17394,1.3687,1.7122
-1248.6,358.91,-167.63,0.01038,267.41,1282.3,5.5871e+05,391279,1,41.934,-1368.2,1089.1,1706.4,-100.91,-82.161,-638.53,1.5576,59.668,2529.9,226847,164,1242,2074,0.16343,1.3687,1.7132
-1247.9,340.89,-160.85,0.010394,256.83,1278.1,5.5876e+05,391277,1,39.493,-1368.5,1088.2,1706.9,-96.154,-76.313,-638.49,-0.3257,57.5,2529.5,226825,164,1242,2074,0.15291,1.3687,1.7142
-1247.4,322.86,-154.09,0.010373,246.23,1274.1,5.5881e+05,391275,1,36.038,-1366.5,1088.5,1707.5,-90.278,-68.894,-638.34,-2.6269,54.813,2528.3,226736,164,1242,2074,0.14239,1.3687,1.7151
-1246.8,304.83,-147.32,0.010299,235.6,1270.3,5.5885e+05,391273,1,33.567,-1366.7,1087.6,1707.9,-85.514,-63.043,-638.31,-4.4934,52.64,2527.9,226705,164,1242,2074,0.13187,1.3687,1.7159
-1246.3,286.79,-140.56,0.010312,224.95,1266.8,5.588e+05,391271,1,30.731,-1366.2,1087.1,1708.3,-80.356,-56.667,-638.19,-6.516,50.302,2527.2,226649,164,1242,2074,0.12134,1.3687,1.7167
-1245.8,268.76,-133.8,0.010393,214.27,1263.5,5.5866e+05,391269,1,27.969,-1365.6,1086.6,1708.5,-75.189,-50.3,-638.05,-8.5441,47.974,2526.5,226586,164,1242,2074,0.1108,1.3687,1.7174
-1245.4,250.72,-127.05,0.010568,203.57,1260.4,5.5726e+05,391267,1,25.494,-1365.8,1085.6,1708.7,-70.394,-44.439,-637.92,-10.44,45.821,2525.9,226545,164,1242,2074,0.10026,1.3687,1.718
-1245,232.68,-120.3,0.010735,192.86,1257.6,5.5604e+05,391265,1,21.97,-1363.5,1085.7,1708.6,-64.434,-37.079,-637.49,-12.819,43.216,2524.3,226398,164,1242,2074,0.089717,1.3687,1.7186
-1244.7,214.64,-113.55,0.010767,182.14,1255,5.5583e+05,391263,1,19.058,-1363.2,1084.4,1708.3,-58.794,-30.107,-636.95,-15.083,40.687,2522.9,226268,164,1242,2074,0.07917,1.3687,1.7191
-1244.4,196.6,-106.82,0.010661,171.41,1252.7,5.5567e+05,391261,1,16.678,-1362.6,1083.9,1707.9,-54.538,-24.743,-636.37,-16.75,38.728,2521.7,226178,164,1242,2074,0.06862,1.3687,1.7196
-1244.1,178.58,-100.09,0.010351,160.67,1250.6,5.577e+05,391259,1,13.983,-1361.1,1083.6,1707.2,-49.853,-18.68,-635.65,-18.525,36.496,2519.9,226015,164,1242,2074,0.058067,1.3687,1.72
-1243.9,160.56,-93.378,0.0096775,149.94,1248.7,5.643e+05,391257,1,11.713,-1362,1081,1706.1,-44.592,-11.718,-634.61,-20.536,33.833,2518.1,225851,164,1242,2074,0.047512,1.3687,1.7203
-1243.7,142.55,-86.674,0.0089327,139.2,1247.1,5.6987e+05,391255,1,8.0759,-1359,1081.9,1705.2,-39.337,-4.5557,-633.72,-22.334,31.117,2515.9,225657,164,1242,2074,0.036956,1.3687,1.7206
-1243.5,70.629,-59.982,0.0045054,96.368,1243.2,6.2254e+05,391247,1,1.4661,-1356.8,1080.5,1697.4,-20.78,22.79,-627.91,-28.416,20.322,2507.2,224869,164,1242,2074,-0.0052804,1.3687,1.721
-1243.5,52.732,-53.372,0.011655,85.752,1242.9,6.2051e+05,391245,1,5.6663,-1357.8,1079,1687,-16.673,29.496,-620.65,-29.699,17.63,2498.3,224051,164,1242,2074,-0.01584,1.3687,1.7209
-1243.8,34.971,-46.858,0.031636,75.304,1242.9,5.914e+05,391243,1,9.0007,-1355.9,1078.6,1674.9,-12.466,35.583,-610.73,-31.371,15.609,2486.6,196534,164,1242,2074,-0.026399,1.3687,1.7208
-1244.1,17.351,-40.48,0.034924,65.053,1243.2,5.9464e+05,391241,1,3.9287,-1351.7,1076.3,1666.6,-8.3728,41.722,-602.44,-33.181,13.755,2475.7,195501,164,1242,2074,-0.036957,1.3687,1.7206
-1244.4,-0.22798,-34.155,0.025505,54.87,1243.6,6.0773e+05,391239,1,-0.31217,-1350.6,1072.3,1664.5,-3.7684,48.964,-599.98,-35.115,11.309,2471.5,194921,164,1242,2074,-0.047513,1.3687,1.7203
-1244.7,-17.819,-27.824,0.01297,44.676,1244.3,6.1996e+05,391237,1,-11.824,-1342.3,1068.8,1667.5,2.1827,55.297,-602.67,-37.449,9.2099,2468.3,194649,164,1242,2074,-0.058068,1.3687,1.72
-1244.9,-35.458,-21.447,0.0063337,34.42,1245.1,6.3223e+05,391235,1,-16.242,-1340.5,1066.3,1672.3,7.5184,60.755,-607.38,-39.559,7.241,2470.8,194868,164,1242,2074,-0.068621,1.3687,1.7196
-1245.2,-53.16,-15.013,0.0062377,24.086,1246.2,6.4977e+05,391233,1,-18.447,-1338.7,1064.9,1676.4,12.228,65.753,-611.31,-41.361,5.3983,2473.2,195051,164,1242,2074,-0.079171,1.3687,1.7191
-1245.5,-70.903,-8.543,0.0083103,13.706,1247.5,6.7124e+05,391231,1,-21.363,-1335,1063,1679.3,18.286,72.348,-613.95,-43.593,2.9677,2473.2,195058,164,1242,2074,-0.089718,1.3687,1.7186
-1245.9,-88.658,-2.0663,0.0085748,3.3213,1249.1,6.7932e+05,391229,1,-23.631,-1333.8,1060.2,1679.3,24.123,79.531,-613.98,-45.625,0.21877,2471.7,194945,164,1242,2074,-0.10026,1.3687,1.718
-1283.1,571.81,-248.57,0.0086078,387.95,1372.8,5.7938e+05,389995,1,74.8,-1362.9,1099.7,1694.3,-162.06,-155.6,-636.98,25.841,87.133,2531.4,226990,164,1242,2074,0.2876,1.3793,1.6882
-1281.9,553.97,-241.82,0.0086166,377.97,1365.9,5.7913e+05,389993,1,71.74,-1362,1099.7,1696,-156.5,-148.73,-637.31,23.643,84.588,2531.1,226950,164,1242,2074,0.27724,1.3793,1.6899
-1280.8,536.13,-235.07,0.0087534,367.94,1359.3,5.7734e+05,389991,1,69.445,-1362,1099.5,1697.1,-152.24,-143.6,-637.55,21.972,82.663,2531.1,226951,164,1242,2074,0.26686,1.3793,1.6916
-1279.8,518.27,-228.31,0.0088679,357.87,1352.9,5.7598e+05,389989,1,66.691,-1361.7,1099.1,1698.4,-147.13,-137.41,-637.79,19.944,80.361,2530.9,226926,164,1242,2074,0.25648,1.3793,1.6932
-1278.7,500.41,-221.56,0.0090041,347.75,1346.8,5.7332e+05,389987,1,63.53,-1360.5,1099.3,1699.7,-141.51,-130.43,-637.95,17.722,77.791,2530.4,226884,164,1242,2074,0.24608,1.3793,1.6948
-1277.8,482.53,-214.81,0.0090525,337.58,1340.8,5.7379e+05,389985,1,61.279,-1362.9,1097.3,1700.7,-136.84,-125.25,-638.14,15.846,75.805,2530.9,226921,164,1242,2074,0.23568,1.3793,1.6962
-1276.8,464.64,-208.06,0.0090587,327.37,1335,5.7237e+05,389983,1,58.188,-1359.4,1099,1701.8,-131.8,-118.51,-638.15,13.899,73.363,2529.7,226835,164,1242,2074,0.22527,1.3793,1.6977
-1275.9,446.75,-201.31,0.0091135,317.13,1329.5,5.7214e+05,389981,1,55.465,-1361.3,1097.1,1702.7,-126.27,-112.15,-638.3,11.681,70.959,2529.9,226848,164,1242,2074,0.21485,1.3793,1.699
-1275.1,428.84,-194.56,0.009123,306.85,1324.2,5.7171e+05,389979,1,52.795,-1360.4,1097.2,1703.6,-121.54,-106.22,-638.34,9.8327,68.766,2529.4,226818,164,1242,2074,0.20442,1.3793,1.7003
-1274.3,410.93,-187.82,0.009127,296.53,1319.1,5.7225e+05,389977,1,49.998,-1360,1096.7,1704.4,-116.41,-99.948,-638.38,7.8121,66.445,2528.9,226787,164,1242,2074,0.19398,1.3793,1.7015
-1273.5,393.02,-181.08,0.0091099,286.17,1314.2,5.7215e+05,389975,1,47.171,-1359.7,1096.3,1705.2,-111.27,-93.671,-638.41,5.791,64.126,2528.5,226754,164,1242,2074,0.18354,1.3793,1.7027
-1272.8,375.09,-174.34,0.0091288,275.78,1309.6,5.7092e+05,389973,1,44.819,-1359.5,1096,1705.8,-106.99,-88.429,-638.41,4.1152,62.183,2528.2,226727,164,1242,2074,0.17309,1.3793,1.7038
-1272.1,357.16,-167.6,0.0091479,265.37,1305.2,5.6972e+05,389971,1,41.507,-1358.9,1095.4,1706.5,-100.96,-81.105,-638.36,1.7198,59.506,2527.5,226673,164,1242,2074,0.16263,1.3793,1.7048
-1271.5,339.23,-160.86,0.0090898,254.92,1301,5.7069e+05,389969,1,38.16,-1358.3,1094.8,1707.1,-94.929,-73.766,-638.28,-0.67916,56.828,2526.7,226601,164,1242,2074,0.15216,1.3793,1.7058
-1270.9,321.29,-154.13,0.0090823,244.45,1297.1,5.704e+05,389967,1,35.786,-1358,1094.5,1707.5,-90.631,-68.511,-638.21,-2.3574,54.89,2526.2,226568,164,1242,2074,0.14169,1.3793,1.7067
-1270.3,303.35,-147.4,0.0090511,233.95,1293.4,5.6915e+05,389965,1,33.267,-1358.2,1093.6,1707.9,-85.846,-62.723,-638.16,-4.2439,52.75,2525.9,226534,164,1242,2074,0.13122,1.3793,1.7075
-1269.8,285.4,-140.67,0.0090414,223.43,1289.9,5.6985e+05,389963,1,29.715,-1355.4,1094.5,1708.2,-80.269,-55.786,-637.92,-6.4253,50.286,2524.4,226408,164,1242,2074,0.12074,1.3793,1.7083
-1269.4,267.46,-133.95,0.0090716,212.88,1286.6,5.6968e+05,389961,1,27.478,-1357.9,1091.8,1708.5,-75.106,-49.733,-637.89,-8.5047,48.004,2524.4,226409,164,1242,2074,0.11026,1.3793,1.709
-1268.9,249.51,-127.23,0.009085,202.32,1283.6,5.7036e+05,389959,1,23.859,-1354.9,1092.6,1708.6,-69.502,-42.839,-637.58,-10.71,45.576,2522.9,226265,164,1242,2074,0.099769,1.3793,1.7096
-1268.5,231.56,-120.52,0.0090597,191.74,1280.8,5.7057e+05,389957,1,21.254,-1355,1091.6,1708.6,-64.678,-37.027,-637.31,-12.621,43.447,2522.1,226214,164,1242,2074,0.089277,1.3793,1.7102
-1268.2,213.61,-113.81,0.0089513,181.16,1278.3,5.7043e+05,389955,1,18.808,-1354.5,1091.2,1708.4,-60.367,-31.748,-636.93,-14.3,41.514,2521.2,226143,164,1242,2074,0.078782,1.3793,1.7107
-1267.9,195.66,-107.11,0.008617,170.56,1276,5.7175e+05,389953,1,15.451,-1353.5,1090.3,1707.9,-54.381,-24.321,-636.28,-16.64,38.803,2519.5,225950,164,1242,2074,0.068284,1.3793,1.7112
-1267.6,177.72,-100.41,0.0082704,159.96,1273.9,5.7374e+05,389951,1,12.624,-1352.7,1089.6,1707.3,-49.308,-17.902,-635.61,-18.579,36.43,2518,225836,164,1242,2074,0.057783,1.3793,1.7116
-1267.3,159.79,-93.731,0.0077686,149.35,1272.1,5.7925e+05,389949,1,9.9652,-1351.9,1088.9,1706.6,-44.375,-11.381,-634.87,-20.389,33.962,2516.5,225700,164,1242,2074,0.04728,1.3793,1.7119
-1267.2,141.87,-87.057,0.007228,138.75,1270.5,5.8423e+05,389947,1,7.4228,-1351.1,1088.3,1705.7,-39.492,-4.8275,-634.09,-22.155,31.469,2514.9,225565,164,1242,2074,0.036775,1.3793,1.7121
-1267,123.95,-80.394,0.0064595,128.15,1269.1,5.8932e+05,389945,1,4.8019,-1350.5,1087.7,1704.8,-34.741,1.8325,-633.2,-23.801,28.885,2513.3,225430,164,1242,2074,0.026268,1.3793,1.7123
-1266.9,106.04,-73.742,0.0054812,117.56,1268,5.944e+05,389943,1,1.8773,-1349.6,1087,1703.5,-29.327,9.6812,-632.1,-25.616,25.805,2511.3,225258,164,1242,2074,0.015761,1.3793,1.7125
-1266.8,88.148,-67.102,0.0043673,106.98,1267.2,6.0221e+05,389941,1,0.28531,-1349.3,1086.7,1702.3,-25.355,15.194,-631.27,-26.982,23.67,2510,225148,164,1242,2074,0.0052535,1.3793,1.7125
-1266.8,70.267,-60.474,0.0047711,96.416,1266.6,6.2052e+05,389939,1,-0.026559,-1348.7,1086.2,1699.6,-21.356,20.668,-629.46,-28.374,21.57,2507.2,224876,164,1242,2074,-0.0052545,1.3793,1.7125
-1266.9,52.446,-53.886,0.01294,85.919,1266.2,6.0894e+05,389937,1,1.8249,-1347.4,1085.2,1691.3,-16.727,27.289,-623.39,-29.983,19.064,2498.9,224122,164,1242,2074,-0.015762,1.3793,1.7125
-1267.1,34.764,-47.41,0.024167,75.6,1266.2,5.9313e+05,389935,1,1.9833,-1342.6,1081.4,1676,-11.511,34.958,-610.61,-32.288,16.662,2481.2,196221,164,1242,2074,-0.02627,1.3793,1.7123
-1267.3,17.215,-41.062,0.021609,65.466,1266.4,6.0652e+05,389933,1,-2.5233,-1337.8,1077.6,1667.3,-7.2893,41.677,-602.23,-33.952,14.424,2469.2,194734,164,1242,2074,-0.036776,1.3793,1.7121
-1267.5,-0.28672,-34.763,0.011104,55.403,1266.8,6.1915e+05,389931,1,-9.332,-1333.6,1074.2,1664.8,-2.7031,48.154,-600.08,-35.404,11.953,2463.3,194143,164,1242,2074,-0.047281,1.3793,1.7119
-1267.7,-17.786,-28.465,0.0017572,45.343,1267.4,6.2577e+05,389929,1,-15.984,-1330,1071.2,1666.2,2.2793,54.416,-601.85,-37.067,9.5469,2461.6,194004,164,1242,2074,-0.057784,1.3793,1.7116
-1268,-35.323,-22.129,-0.0012203,35.234,1268.2,6.2965e+05,389927,1,-19.685,-1328,1069.6,1671,8.0376,60.211,-606.65,-39.307,7.4656,2464.5,194252,164,1242,2074,-0.068285,1.3793,1.7112
-1268.2,-52.925,-15.733,0.00092138,25.043,1269.2,6.4085e+05,389925,1,-22.455,-1325.8,1067.9,1676.9,14.715,67.092,-612.01,-41.927,4.9847,2468.1,194616,164,1242,2074,-0.078783,1.3793,1.7107
-1268.5,-70.576,-9.2985,0.0034134,14.797,1270.4,6.6234e+05,389923,1,-24.369,-1324.8,1067.2,1679,19.134,72.218,-613.92,-43.593,3.107,2469.5,194768,164,1242,2074,-0.089278,1.3793,1.7102
-1268.9,-88.241,-2.8526,0.0051572,4.5423,1271.9,6.7741e+05,389921,1,-26.531,-1323.2,1066.9,1679.2,23.98,77.886,-614.23,-45.319,1.0219,2468.9,194717,164,1242,2074,-0.099769,1.3793,1.7096
-1269.3,-105.9,3.5868,0.0056427,-5.6932,1273.7,6.8074e+05,389919,1,-28.763,-1324.1,1064.5,1678.1,29.367,84.617,-613.43,-47.238,-1.5327,2467.7,194588,164,1242,2074,-0.11026,1.3793,1.709
-1306.6,568.98,-248.12,0.0074009,384.52,1394.5,5.9167e+05,388693,1,75.674,-1352.5,1106.2,1694.3,-163.64,-155.01,-636.82,26.624,87.128,2528.6,226763,164,1242,2074,0.28617,1.3897,1.6798
-1305.5,551.24,-241.4,0.0074859,374.65,1387.8,5.9027e+05,388691,1,72.861,-1352.4,1105.9,1695.7,-158.51,-148.94,-637.14,24.6,84.855,2528.6,226761,164,1242,2074,0.27586,1.3897,1.6816
-1304.4,533.48,-234.68,0.0075974,364.73,1381.3,5.8903e+05,388689,1,69.576,-1352.2,1105.4,1697.3,-152.52,-141.83,-637.46,22.219,82.216,2528.5,226750,164,1242,2074,0.26554,1.3897,1.6832
-1303.3,515.72,-227.97,0.0076941,354.77,1375,5.8831e+05,388687,1,66.735,-1352,1105.1,1698.6,-147.38,-135.72,-637.67,20.184,79.938,2528.3,226739,164,1242,2074,0.2552,1.3897,1.6848
-1302.3,497.94,-221.25,0.0077657,344.77,1368.9,5.8675e+05,388685,1,64.078,-1351.2,1105.2,1699.7,-142.64,-129.9,-637.82,18.325,77.783,2528,226716,164,1242,2074,0.24486,1.3897,1.6864
-1301.3,480.15,-214.53,0.0078343,334.72,1363.1,5.8575e+05,388683,1,61.238,-1353.2,1103.4,1700.9,-137.07,-123.69,-638.03,16.082,75.433,2528.3,226738,164,1242,2074,0.23451,1.3897,1.6878
-1300.4,462.35,-207.82,0.0078492,324.63,1357.4,5.8445e+05,388681,1,58.469,-1350.5,1104.7,1701.8,-132.51,-117.71,-638.05,14.336,73.251,2527.4,226667,164,1242,2074,0.22415,1.3897,1.6892
-1299.5,444.55,-201.1,0.0078068,314.5,1352,5.8497e+05,388679,1,55.93,-1351.2,1103.8,1702.7,-127.7,-112.09,-638.16,12.43,71.143,2527.4,226663,164,1242,2074,0.21378,1.3897,1.6906
-1298.6,426.73,-194.39,0.0078645,304.34,1346.8,5.8367e+05,388677,1,52.623,-1350.8,1103.3,1703.7,-121.7,-104.86,-638.21,10.051,68.473,2526.9,226611,164,1242,2074,0.2034,1.3897,1.6919
-1297.8,408.91,-187.68,0.0078474,294.14,1341.7,5.8371e+05,388675,1,49.765,-1350.5,1102.9,1704.5,-116.55,-98.652,-638.25,8.0244,66.176,2526.5,226587,164,1242,2074,0.19302,1.3897,1.6931
-1297.1,391.08,-180.97,0.0079291,283.91,1337,5.8337e+05,388673,1,46.906,-1350.2,1102.5,1705.2,-111.39,-92.445,-638.26,5.9873,63.888,2526,226550,164,1242,2074,0.18263,1.3897,1.6942
-1296.3,373.25,-174.27,0.0079047,273.65,1332.4,5.8259e+05,388671,1,43.837,-1350.7,1101.3,1706,-105.68,-85.728,-638.26,3.7084,61.406,2525.7,226522,164,1242,2074,0.17223,1.3897,1.6953
-1295.7,355.41,-167.57,0.0078844,263.36,1328.1,5.8265e+05,388669,1,40.887,-1347.9,1102.7,1706.5,-101.04,-79.841,-638.1,1.9263,59.292,2524.6,226426,164,1242,2074,0.16182,1.3897,1.6963
-1295,337.57,-160.87,0.0078344,253.04,1323.9,5.8333e+05,388667,1,38.611,-1350.1,1100.7,1707,-96.352,-74.535,-638.15,0.041024,57.291,2524.8,226444,164,1242,2074,0.15141,1.3897,1.6973
-1294.4,319.72,-154.17,0.0078462,242.69,1320.1,5.8261e+05,388665,1,35.246,-1348.6,1100.7,1707.4,-90.629,-67.588,-638,-2.218,54.784,2523.8,226353,164,1242,2074,0.14099,1.3897,1.6982
-1293.8,301.87,-147.47,0.0077709,232.33,1316.4,5.8232e+05,388663,1,31.789,-1348,1100.1,1707.9,-84.543,-60.35,-637.9,-4.6478,52.169,2523,226278,164,1242,2074,0.13057,1.3897,1.699
-1293.3,284.01,-140.78,0.0077209,221.93,1313,5.8249e+05,388661,1,29.294,-1347.6,1099.7,1708.1,-80.206,-55.15,-637.77,-6.3482,50.266,2522.5,226243,164,1242,2074,0.12014,1.3897,1.6998
-1292.8,266.15,-134.1,0.0076424,211.52,1309.8,5.8341e+05,388659,1,26.321,-1347.1,1099.2,1708.3,-74.989,-48.929,-637.57,-8.4195,48.014,2521.7,226176,164,1242,2074,0.10971,1.3897,1.7005
-1292.4,248.3,-127.41,0.0075852,201.1,1306.8,5.8402e+05,388657,1,23.3,-1346.5,1098.6,1708.5,-69.771,-42.709,-637.38,-10.488,45.767,2520.8,226099,164,1242,2074,0.099274,1.3897,1.7011
-1292,230.44,-120.74,0.0074406,190.65,1304,5.85e+05,388655,1,20.286,-1345.8,1098,1708.5,-64.56,-36.457,-637.09,-12.544,43.501,2519.8,225975,164,1242,2074,0.088834,1.3897,1.7017
-1291.6,212.58,-114.06,0.0072439,180.2,1301.5,5.859e+05,388653,1,17.188,-1345.9,1096.6,1708.3,-58.865,-29.613,-636.66,-14.801,40.994,2518.7,225883,164,1242,2074,0.078391,1.3897,1.7022
-1291.3,194.72,-107.4,0.0068102,169.73,1299.2,5.8835e+05,388651,1,13.916,-1342.9,1097.8,1708,-54.229,-23.808,-636.18,-16.547,38.923,2517.2,225754,164,1242,2074,0.067945,1.3897,1.7027
-1291,176.87,-100.74,0.0064213,159.26,1297.2,5.9145e+05,388649,1,11.448,-1344.2,1095.5,1707.4,-48.845,-17.075,-635.61,-18.623,36.364,2516.1,225674,164,1242,2074,0.057496,1.3897,1.7031
-1290.7,159.02,-94.085,0.005901,148.79,1295.4,5.9668e+05,388647,1,8.7754,-1342.9,1095.4,1706.9,-44.185,-11.095,-635.05,-20.356,34.148,2514.8,225557,164,1242,2074,0.047045,1.3897,1.7034
-1290.5,141.18,-87.442,0.0053666,138.31,1293.8,6.0145e+05,388645,1,6.094,-1342.1,1094.6,1706.2,-39.286,-4.6021,-634.35,-22.136,31.684,2513.2,225418,164,1242,2074,0.036592,1.3897,1.7036
-1290.4,123.35,-80.808,0.0047014,127.84,1292.5,6.0678e+05,388643,1,3.6404,-1341.2,1093.9,1705.4,-34.415,1.9136,-633.64,-23.887,29.203,2511.5,225273,164,1242,2074,0.026138,1.3897,1.7038
-1290.3,105.52,-74.184,0.0038803,117.37,1291.4,6.1066e+05,388641,1,1.4341,-1340.5,1093.3,1704.5,-30.361,7.3307,-632.88,-25.328,27.131,2510.1,225161,164,1242,2074,0.015683,1.3897,1.704
-1290.2,87.71,-67.571,0.0029999,106.92,1290.5,6.1619e+05,388639,1,-0.969,-1340,1091.9,1702.9,-25.218,14.569,-631.67,-27.099,24.301,2507.8,224939,164,1242,2074,0.0052274,1.3897,1.704
-1290.2,69.914,-60.973,0.0033231,96.477,1289.9,6.2768e+05,388637,1,-3.0103,-1336.5,1090.9,1698.7,-19.568,21.926,-628.62,-29.232,21.663,2501.8,224382,164,1242,2074,-0.0052285,1.3897,1.704
-1290.2,52.176,-54.419,0.0088529,86.108,1289.5,6.1588e+05,388635,1,-3.5297,-1333.4,1087.5,1687.4,-14.155,28.778,-619.57,-31.594,19.45,2488.8,196751,164,1242,2074,-0.015684,1.3897,1.704
-1290.3,34.578,-47.983,0.011634,75.922,1289.4,6.1266e+05,388633,1,-5.9484,-1330.2,1084.9,1677.1,-10.117,33.952,-610.62,-33.374,17.875,2476.8,195547,164,1242,2074,-0.026139,1.3897,1.7038
-1290.4,17.098,-41.657,0.0069465,65.896,1289.5,6.2361e+05,388631,1,-10.185,-1325.4,1081,1668.8,-6.0729,40.788,-603.35,-34.515,15.205,2465.2,194324,164,1242,2074,-0.036593,1.3897,1.7036
-1290.6,-0.32843,-35.378,-0.00088761,55.943,1289.9,6.292e+05,388629,1,-15.456,-1321.1,1077.4,1665.3,-1.9283,47.562,-600.64,-35.577,12.44,2458.9,193336,164,1242,2074,-0.047046,1.3897,1.7034
-1290.7,-17.74,-29.108,-0.0063233,46.009,1290.4,6.2878e+05,388627,1,-19.108,-1319.7,1075.3,1665.7,2.7346,53.279,-601.63,-37.112,10.205,2458.9,193332,164,1242,2074,-0.057497,1.3897,1.7031
-1290.9,-35.179,-22.809,-0.0061776,36.039,1291.1,6.266e+05,388625,1,-23.153,-1315.2,1074.8,1669.7,8.7251,59.506,-605.88,-39.249,7.9149,2458.9,193337,164,1242,2074,-0.067946,1.3897,1.7027
-1291.2,-52.683,-16.452,-0.0023307,25.987,1292.1,6.3191e+05,388623,1,-24.059,-1315.9,1073.2,1675.5,14.089,65.658,-610.94,-41.338,5.6105,2463.9,194205,164,1242,2074,-0.078392,1.3897,1.7022
-1291.5,-70.24,-10.053,0.0011285,15.876,1293.3,6.5197e+05,388621,1,-25.562,-1316.7,1071.7,1678.7,19.408,71.815,-613.74,-43.414,3.3417,2466.8,194476,164,1242,2074,-0.088835,1.3897,1.7017
-1291.8,-87.815,-3.6416,0.0031534,5.751,1294.8,6.6867e+05,388619,1,-28.2,-1313.5,1072.8,1679,24.25,77.109,-614.14,-45.171,1.4873,2466.1,194418,164,1242,2074,-0.099275,1.3897,1.7011
-1292.2,-105.38,2.7658,0.004813,-4.3566,1296.5,6.769e+05,388617,1,-30.684,-1313.8,1071.7,1678,29.918,83.816,-613.56,-47.272,-0.95308,2465.3,194335,164,1242,2074,-0.10971,1.3897,1.7005
-1292.6,-122.95,9.1645,0.0047885,-14.441,1298.4,6.7973e+05,388615,1,-33.934,-1313.2,1071.2,1677.1,34.998,89.922,-612.97,-49.104,-3.1769,2464.4,194245,164,1242,2074,-0.12014,1.3897,1.6998
-1330.2,566.14,-247.66,0.0062287,381.14,1416.3,6.0282e+05,387397,1,75.185,-1341.8,1112.2,1694.9,-162.75,-151.51,-636.81,26.418,86.045,2525.7,226520,164,1242,2074,0.28474,1.4002,1.6714
-1329,548.48,-240.98,0.006338,371.38,1409.7,6.0064e+05,387395,1,72.095,-1342.4,1111.5,1696.5,-157.1,-145.07,-637.15,24.167,83.634,2525.8,226531,164,1242,2074,0.27447,1.4002,1.6731
-1327.9,530.82,-234.29,0.0064518,361.57,1403.3,6.0044e+05,387393,1,69.704,-1342.4,1111.3,1697.6,-152.82,-140.04,-637.36,22.489,81.744,2525.8,226532,164,1242,2074,0.2642,1.4002,1.6748
-1326.8,513.14,-227.61,0.0065153,351.72,1397.1,5.9953e+05,387391,1,66.847,-1342.2,1110.9,1698.8,-147.66,-133.99,-637.57,20.452,79.489,2525.7,226523,164,1242,2074,0.25392,1.4002,1.6764
-1325.8,495.45,-220.93,0.0065663,341.83,1391.1,5.9789e+05,387389,1,63.979,-1342.1,1110.6,1700,-142.51,-127.92,-637.74,18.42,77.232,2525.6,226512,164,1242,2074,0.24363,1.4002,1.6779
-1324.8,477.75,-214.25,0.0065792,331.9,1385.3,5.9817e+05,387387,1,61.107,-1341.9,1110.3,1701.1,-137.36,-121.83,-637.88,16.388,74.964,2525.3,226497,164,1242,2074,0.23333,1.4002,1.6794
-1323.9,460.05,-207.57,0.0066283,321.93,1379.8,5.9604e+05,387385,1,57.735,-1341.6,1109.8,1702.2,-131.34,-114.7,-637.99,14.003,72.327,2524.9,226457,164,1242,2074,0.22302,1.4002,1.6808
-1323,442.33,-200.89,0.006581,311.92,1374.4,5.9655e+05,387383,1,55.152,-1342.3,1108.9,1703.1,-126.5,-109.14,-638.08,12.09,70.24,2524.9,226455,164,1242,2074,0.21271,1.4002,1.6821
-1322.1,424.61,-194.21,0.0066334,301.87,1369.3,5.9554e+05,387381,1,52.315,-1339.6,1110.3,1703.8,-121.91,-103.23,-638.03,10.335,68.093,2524,226361,164,1242,2074,0.20238,1.4002,1.6834
-1321.3,406.88,-187.54,0.0066346,291.8,1364.4,5.9499e+05,387379,1,49.739,-1342.5,1107.9,1704.6,-116.68,-97.553,-638.16,8.2152,65.938,2524.4,226406,164,1242,2074,0.19205,1.4002,1.6846
-1320.5,389.14,-180.87,0.0066614,281.69,1359.6,5.9546e+05,387377,1,46.841,-1339.8,1109.2,1705.2,-112.06,-91.667,-638.06,6.4494,63.81,2523.4,226320,164,1242,2074,0.18171,1.4002,1.6857
-1319.8,371.4,-174.2,0.0067075,271.55,1355.2,5.9486e+05,387375,1,43.72,-1340.3,1108.1,1705.9,-106.32,-85.045,-638.05,4.1519,61.37,2523.1,226284,164,1242,2074,0.17136,1.4002,1.6868
-1319.1,353.65,-167.53,0.0067239,261.38,1350.9,5.9428e+05,387373,1,40.745,-1340,1107.7,1706.5,-101.11,-78.907,-637.97,2.0952,59.122,2522.6,226249,164,1242,2074,0.16101,1.4002,1.6878
-1318.5,335.89,-160.87,0.0066664,251.19,1346.8,5.9521e+05,387371,1,37.764,-1339.6,1107.3,1707,-95.889,-72.773,-637.88,0.022544,56.886,2522,226204,164,1242,2074,0.15065,1.4002,1.6888
-1317.9,318.14,-154.21,0.0066654,240.97,1343,5.9552e+05,387369,1,34.284,-1338.2,1107.4,1707.4,-90.124,-65.929,-637.71,-2.2629,54.43,2521.1,226124,164,1242,2074,0.14028,1.4002,1.6897
-1317.3,300.38,-147.55,0.0065665,230.73,1339.4,5.9491e+05,387367,1,32.166,-1339.9,1105.9,1707.7,-85.945,-61.2,-637.73,-3.9322,52.658,2521.2,226136,164,1242,2074,0.12991,1.4002,1.6905
-1316.8,282.61,-140.89,0.0064993,220.47,1336,5.9617e+05,387365,1,28.989,-1339.1,1105.6,1708,-80.545,-54.845,-637.56,-6.0768,50.368,2520.4,226060,164,1242,2074,0.11954,1.4002,1.6913
-1316.3,264.85,-134.24,0.0063576,210.19,1332.9,5.9693e+05,387363,1,25.681,-1337.1,1106.2,1708.2,-75.441,-48.738,-637.28,-8.0776,48.198,2519.2,225926,164,1242,2074,0.10916,1.4002,1.692
-1315.8,247.08,-127.6,0.006207,199.89,1329.9,5.9839e+05,387361,1,22.483,-1337.3,1105,1708.4,-69.675,-42.062,-637.14,-10.393,45.78,2518.6,225875,164,1242,2074,0.098775,1.4002,1.6926
-1315.4,229.31,-120.95,0.0059704,189.58,1327.2,5.9935e+05,387359,1,19.355,-1336.7,1104.4,1708.4,-64.441,-35.887,-636.88,-12.462,43.55,2517.7,225793,164,1242,2074,0.088388,1.4002,1.6932
-1315,211.54,-114.32,0.0055892,179.26,1324.7,6.0228e+05,387357,1,16.277,-1336.1,1103.8,1708.3,-59.268,-29.668,-636.52,-14.484,41.286,2516.7,225714,164,1242,2074,0.077997,1.4002,1.6937
-1314.7,193.78,-107.68,0.0051243,168.92,1322.5,6.0528e+05,387355,1,13.248,-1335.5,1103.2,1708,-54.118,-23.438,-636.13,-16.484,39.012,2515.6,225627,164,1242,2074,0.067604,1.4002,1.6941
-1314.4,176.01,-101.06,0.0046386,158.58,1320.5,6.0914e+05,387353,1,10.793,-1335,1102.8,1707.7,-49.873,-18.2,-635.74,-18.098,37.073,2514.7,225546,164,1242,2074,0.057207,1.4002,1.6945
-1314.1,158.25,-94.44,0.0039892,148.23,1318.7,6.1472e+05,387351,1,7.4093,-1333.9,1101.8,1707.2,-44.005,-10.792,-635.13,-20.316,34.325,2512.9,225401,164,1242,2074,0.046809,1.4002,1.6948
-1313.9,140.5,-87.829,0.003394,137.89,1317.1,6.2003e+05,387349,1,4.5945,-1333.1,1101,1706.6,-39.002,-4.4399,-634.55,-22.183,31.955,2511.5,225264,164,1242,2074,0.036408,1.4002,1.6951
-1313.7,122.75,-81.226,0.002697,127.54,1315.8,6.2584e+05,387347,1,1.8302,-1332,1100.1,1705.7,-34.026,1.9384,-633.82,-24.011,29.555,2509.7,225117,164,1242,2074,0.026007,1.4002,1.6953
-1313.6,105.01,-74.632,0.0019261,117.2,1314.7,6.3317e+05,387345,1,-0.81653,-1331.5,1098.3,1704.6,-28.672,9.0052,-632.9,-25.947,26.84,2507.5,224912,164,1242,2074,0.015604,1.4002,1.6954
-1313.5,87.282,-68.049,0.00091008,106.87,1313.8,6.4518e+05,387343,1,-4.2023,-1328.8,1098.3,1703.2,-23.775,15.166,-631.76,-27.743,24.597,2504.8,224650,164,1242,2074,0.0052011,1.4002,1.6955
-1313.4,69.57,-61.482,0.00073123,96.554,1313.2,6.5316e+05,387341,1,-7.9439,-1326.4,1096.7,1698.3,-18.375,21.435,-627.83,-29.969,22.479,2498.6,224081,164,1242,2074,-0.0052022,1.4002,1.6955
-1313.4,51.927,-54.971,0.0017432,86.326,1312.8,6.4711e+05,387339,1,-8.5251,-1326.2,1093.8,1690.9,-14.317,26.311,-621.93,-31.715,20.837,2490.7,196870,164,1242,2074,-0.015605,1.4002,1.6954
-1313.4,34.412,-48.573,-0.00071445,76.267,1312.6,6.4238e+05,387337,1,-13.982,-1319.9,1089.9,1678.3,-9.0534,33.201,-611.09,-33.925,18.662,2474.5,195166,164,1242,2074,-0.026008,1.4002,1.6953
-1313.5,17.001,-42.265,-0.0066248,66.344,1312.6,6.3989e+05,387335,1,-17.642,-1315,1085.9,1670.4,-4.9606,39.965,-604.65,-35.224,16.118,2463.3,194140,164,1242,2074,-0.03641,1.4002,1.6951
-1313.5,-0.35378,-36.002,-0.011809,56.493,1312.8,6.3579e+05,387333,1,-21.101,-1311.3,1082.7,1666.2,-0.6795,46.567,-601.71,-36.256,13.341,2458.9,193331,164,1242,2074,-0.04681,1.4002,1.6948
-1313.7,-17.68,-29.758,-0.012837,46.679,1313.3,6.3138e+05,387331,1,-23.542,-1307.8,1079.8,1665.7,5.0576,53.768,-602.23,-37.916,10.379,2458.9,193325,164,1242,2074,-0.057208,1.4002,1.6945
-1313.8,-35.023,-23.494,-0.0091903,36.843,1314,6.2688e+05,387329,1,-24.539,-1306.8,1079.1,1669.3,9.5196,58.756,-605.65,-39.502,8.4703,2458.9,193330,164,1242,2074,-0.067605,1.4002,1.6941
-1314,-52.433,-17.174,-0.0037708,26.924,1314.9,6.2989e+05,387327,1,-25.257,-1306.3,1078.8,1674.1,13.85,63.934,-609.93,-41.09,6.5011,2460,193590,164,1242,2074,-0.077998,1.4002,1.6937
-1314.3,-69.897,-10.81,0.00043399,16.944,1316.1,6.4886e+05,387325,1,-26.821,-1306.4,1077.9,1678.2,19.544,70.722,-613.35,-43.236,3.9708,2463.5,194164,164,1242,2074,-0.088389,1.4002,1.6932
-1314.7,-87.379,-4.4333,0.0028678,6.9485,1317.5,6.6749e+05,387323,1,-29.439,-1304.5,1078.4,1678.7,25.569,77.531,-613.92,-45.5,1.577,2463.6,194166,164,1242,2074,-0.098776,1.4002,1.6926
-1315,-104.86,1.94,0.0048747,-3.0316,1319.2,6.7666e+05,387321,1,-32.225,-1303.8,1078.3,1677.9,30.871,83.706,-613.47,-47.494,-0.60264,2462.8,194101,164,1242,2074,-0.10916,1.4002,1.692
-1315.4,-122.33,8.3063,0.0047882,-12.992,1321.1,6.813e+05,387319,1,-35.178,-1304.9,1076.9,1677.2,35.695,89.755,-613.09,-49.266,-2.8506,2462.6,194083,164,1242,2074,-0.11954,1.4002,1.6913
-1315.9,-139.8,14.669,0.0023577,-22.936,1323.2,6.7621e+05,387317,1,-38.815,-1304.6,1076.2,1676.4,40.728,96.178,-612.79,-50.995,-5.2842,2462,194028,164,1242,2074,-0.12991,1.4002,1.6905
-1316.3,-157.27,21.03,-0.00067397,-32.863,1325.5,6.5912e+05,387315,1,-41.96,-1302.5,1077.2,1675.4,44.702,100.97,-612.29,-52.321,-7.0455,2460.8,193672,164,1242,2074,-0.14028,1.4002,1.6897
-1316.9,-174.71,27.373,-0.0050899,-42.747,1328,6.3904e+05,387313,1,-46.405,-1302.1,1075.4,1669.5,49.596,107.8,-607.57,-53.597,-9.7497,2455.1,193013,164,1242,2074,-0.15065,1.4002,1.6888
-1354.8,580.82,-253.83,0.0049545,387.41,1444.7,6.1302e+05,386111,1,78.081,-1332.7,1117.7,1693.9,-167.7,-155.1,-636.46,28.515,87.568,2523.2,226295,164,1242,2074,0.29349,1.4106,1.6611
-1353.6,563.27,-247.19,0.0050302,377.8,1438,6.132e+05,386109,1,75.667,-1332.7,1117.6,1695.1,-163.41,-150.15,-636.74,26.837,85.705,2523.3,226309,164,1242,2074,0.28329,1.4106,1.6629
-1352.5,545.71,-240.54,0.0051128,368.15,1431.5,6.1188e+05,386107,1,72.955,-1332,1117.7,1696.4,-158.65,-144.49,-636.99,24.979,83.598,2523.1,226286,164,1242,2074,0.27308,1.4106,1.6646
-1351.4,528.14,-233.9,0.0052115,358.45,1425.2,6.1102e+05,386105,1,69.702,-1333.2,1116.5,1697.9,-152.71,-137.93,-637.3,22.602,81.137,2523.4,226317,164,1242,2074,0.26286,1.4106,1.6663
-1350.3,510.55,-227.25,0.0053127,348.72,1419.2,6.0977e+05,386103,1,66.963,-1332.4,1116.7,1699,-147.94,-132.23,-637.47,20.737,79.019,2523.1,226287,164,1242,2074,0.25263,1.4106,1.6678
-1349.3,492.95,-220.6,0.0053122,338.94,1413.3,6.0959e+05,386101,1,64.307,-1333,1116,1700.1,-143.13,-126.78,-637.65,18.832,76.973,2523.2,226296,164,1242,2074,0.24239,1.4106,1.6694
-1348.3,475.34,-213.96,0.005329,329.12,1407.6,6.0881e+05,386099,1,61.006,-1330.5,1117.1,1701.3,-137.64,-119.93,-637.73,16.71,74.47,2522.3,226223,164,1242,2074,0.23215,1.4106,1.6708
-1347.3,457.73,-207.31,0.005333,319.26,1402.1,6.0855e+05,386097,1,58.578,-1333,1115.3,1702.1,-132.92,-114.93,-637.89,14.813,72.56,2522.8,226264,164,1242,2074,0.22189,1.4106,1.6722
-1346.4,440.1,-200.67,0.0053606,309.37,1396.8,6.0744e+05,386095,1,55.29,-1331.7,1115.5,1703.1,-127.25,-108.11,-637.92,12.591,70.054,2522.2,226218,164,1242,2074,0.21162,1.4106,1.6735
-1345.6,422.47,-194.03,0.0053987,299.45,1391.8,6.0606e+05,386093,1,51.969,-1330.5,1115.7,1704,-121.56,-101.3,-637.92,10.363,67.56,2521.5,226162,164,1242,2074,0.20135,1.4106,1.6748
-1344.8,404.83,-187.39,0.0053938,289.49,1386.9,6.0621e+05,386091,1,49.265,-1332,1114.3,1704.7,-116.49,-95.648,-637.97,8.3321,65.444,2521.6,226169,164,1242,2074,0.19107,1.4106,1.676
-1344,387.18,-180.76,0.0054227,279.5,1382.3,6.072e+05,386089,1,46.246,-1332,1113.8,1705.4,-111.13,-89.426,-637.95,6.2082,63.154,2521.2,226140,164,1242,2074,0.18078,1.4106,1.6771
-1343.2,369.53,-174.12,0.0054695,269.48,1377.9,6.058e+05,386087,1,43.643,-1329.9,1114.8,1705.9,-107,-84.294,-637.82,4.6333,61.287,2520.4,226062,164,1242,2074,0.17049,1.4106,1.6782
-1342.5,351.87,-167.49,0.0054737,259.44,1373.7,6.0658e+05,386085,1,40.454,-1330.5,1113.7,1706.4,-101.23,-77.756,-637.76,2.3203,58.891,2520.1,226028,164,1242,2074,0.16019,1.4106,1.6792
-1341.9,334.21,-160.86,0.0054697,249.37,1369.7,6.0639e+05,386083,1,36.96,-1329.2,1113.9,1706.9,-95.471,-70.972,-637.58,0.046269,56.445,2519.2,225924,164,1242,2074,0.14988,1.4106,1.6802
-1341.3,316.55,-154.24,0.0054083,239.28,1365.9,6.0699e+05,386081,1,34.739,-1330.9,1112.5,1707.3,-91.26,-66.32,-637.59,-1.6454,54.709,2519.4,225933,164,1242,2074,0.13957,1.4106,1.6811
-1340.7,298.88,-147.62,0.0053415,229.17,1362.4,6.0746e+05,386079,1,31.55,-1330.2,1112.2,1707.6,-85.846,-60.051,-637.44,-3.7977,52.451,2518.7,225878,164,1242,2074,0.12925,1.4106,1.6819
-1340.2,281.21,-141,0.0053039,219.04,1359,6.078e+05,386077,1,27.747,-1328.4,1112.6,1707.9,-79.803,-52.994,-637.17,-6.1957,49.948,2517.5,225774,164,1242,2074,0.11893,1.4106,1.6827
-1339.6,263.53,-134.39,0.005132,208.88,1355.9,6.0959e+05,386075,1,24.376,-1328.5,1111.6,1708.1,-74.006,-46.434,-637.01,-8.5313,47.59,2516.9,225737,164,1242,2074,0.1086,1.4106,1.6834
-1339.2,245.86,-127.78,0.004906,198.72,1353,6.1153e+05,386073,1,21.717,-1328.3,1111.3,1708.3,-69.638,-41.365,-636.88,-10.248,45.753,2516.4,225695,164,1242,2074,0.098273,1.4106,1.684
-1338.8,228.18,-121.17,0.0046007,188.53,1350.4,6.1366e+05,386071,1,18.933,-1328.5,1110.4,1708.4,-64.78,-35.736,-636.71,-12.172,43.701,2515.9,225651,164,1242,2074,0.087939,1.4106,1.6846
-1338.4,210.5,-114.57,0.004112,178.34,1347.9,6.1687e+05,386069,1,15.02,-1325.7,1111.3,1708.3,-59.181,-29.022,-636.31,-14.338,41.328,2514.4,225526,164,1242,2074,0.077601,1.4106,1.6851
-1338,192.83,-107.97,0.003486,168.13,1345.7,6.2142e+05,386067,1,12.589,-1328.1,1108.6,1708.1,-54.044,-23.03,-636.07,-16.388,39.069,2514,225490,164,1242,2074,0.06726,1.4106,1.6855
-1337.7,175.15,-101.38,0.0028287,157.92,1343.7,6.2695e+05,386065,1,8.7397,-1325.2,1109.4,1707.8,-48.526,-16.267,-635.57,-18.477,36.65,2512.3,225346,164,1242,2074,0.056916,1.4106,1.6859
-1337.4,157.48,-94.796,0.0021054,147.7,1341.9,6.3271e+05,386063,1,6.0581,-1325.2,1108.4,1707.4,-43.779,-10.533,-635.17,-20.3,34.524,2511.3,225255,164,1242,2074,0.046571,1.4106,1.6862
-1337.2,139.82,-88.218,0.0014061,137.48,1340.3,6.3898e+05,386061,1,3.0793,-1324.3,1107.6,1706.7,-38.683,-4.3069,-634.56,-22.233,32.227,2509.8,225127,164,1242,2074,0.036223,1.4106,1.6865
-1337,122.16,-81.648,0.00077738,127.26,1339,6.4527e+05,386059,1,0.113,-1323.4,1106.7,1706,-33.591,1.9248,-633.94,-24.152,29.923,2508.2,224979,164,1242,2074,0.025875,1.4106,1.6867
-1336.8,104.51,-75.087,0.00025993,117.05,1337.9,6.5217e+05,386057,1,-2.6859,-1322.5,1105.9,1705.1,-28.566,8.1932,-633.21,-25.996,27.568,2506.5,224797,164,1242,2074,0.015525,1.4106,1.6868
-1336.7,86.863,-68.535,-0.00039882,106.84,1337,6.5601e+05,386055,1,-6.285,-1321.5,1105,1703.4,-23.533,14.444,-631.76,-27.844,25.227,2504,224567,164,1242,2074,0.0051747,1.4106,1.6869
-1336.6,69.246,-62.008,-0.0022784,96.66,1336.4,6.6804e+05,386053,1,-10.023,-1320.4,1104,1699.7,-19.058,19.403,-628.63,-29.692,23.552,2499.7,224206,164,1242,2074,-0.0051758,1.4106,1.6869
-1336.6,51.7,-55.543,-0.0056103,86.574,1335.9,6.725e+05,386051,1,-16.674,-1316.4,1100.7,1689.3,-12.681,26.131,-619.77,-32.7,21.658,2487,196563,164,1242,2074,-0.015526,1.4106,1.6868
-1336.5,34.269,-49.179,-0.012727,76.637,1335.7,6.6523e+05,386049,1,-22.175,-1312.3,1097.1,1679.6,-7.4624,31.984,-611.64,-35.101,19.988,2474.7,195194,164,1242,2074,-0.025876,1.4106,1.6867
-1336.5,16.925,-42.89,-0.021024,66.813,1335.6,6.5405e+05,386047,1,-26.309,-1306.8,1092.4,1672.3,-3.4854,38.823,-606.1,-36.234,17.296,2463.6,194165,164,1242,2074,-0.036224,1.4106,1.6865
-1336.5,-0.36044,-36.642,-0.02412,57.061,1335.7,6.4563e+05,386045,1,-27.13,-1301.6,1088.1,1667,0.50084,45.609,-602.84,-37.172,14.454,2458.9,193328,164,1242,2074,-0.046572,1.4106,1.6862
-1336.5,-17.597,-30.423,-0.018761,47.366,1336.1,6.3991e+05,386043,1,-27.547,-1298.4,1086.4,1665,5.3628,50.985,-602.21,-38.598,12.258,2458.9,193323,164,1242,2074,-0.056917,1.4106,1.6859
-1336.7,-34.846,-24.191,-0.010229,37.657,1336.8,6.3385e+05,386041,1,-25.747,-1298.8,1083.6,1669.1,10.517,57.83,-605.7,-40.032,9.2539,2458.9,193326,164,1242,2074,-0.067261,1.4106,1.6855
-1336.9,-52.167,-17.902,-0.0031436,27.862,1337.7,6.3533e+05,386039,1,-26.585,-1295.8,1084.4,1675.5,16.087,64.427,-611.08,-41.951,6.7317,2458.9,193334,164,1242,2074,-0.077602,1.4106,1.6851
-1337.1,-69.542,-11.572,0.0011257,18.005,1338.9,6.5399e+05,386037,1,-28.132,-1296.1,1083.9,1678.5,21.342,71.475,-613.57,-43.796,4.0135,2461.1,193704,164,1242,2074,-0.08794,1.4106,1.6846
-1337.5,-86.934,-5.2288,0.0033134,8.1353,1340.3,6.7184e+05,386035,1,-29.969,-1296,1083.8,1678.6,25.537,76.566,-613.81,-45.348,2.1656,2461.3,193728,164,1242,2074,-0.098273,1.4106,1.684
-1337.8,-104.32,1.1103,0.0049683,-1.7199,1341.9,6.7965e+05,386033,1,-32.143,-1295.7,1083.6,1678.1,29.782,81.587,-613.53,-46.942,0.3791,2460.9,193688,164,1242,2074,-0.1086,1.4106,1.6834
-1338.2,-121.71,7.4437,0.0045072,-11.558,1343.7,6.8245e+05,386031,1,-35.868,-1294.6,1083.6,1677.4,35.32,88.185,-613.22,-48.984,-1.9742,2460.2,193624,164,1242,2074,-0.11893,1.4106,1.6827
-1338.7,-139.09,13.776,0.0023458,-21.382,1345.8,6.7479e+05,386029,1,-39.802,-1295.4,1082.4,1676.9,40.985,95.26,-613.19,-51.018,-4.6432,2460.1,193621,164,1242,2074,-0.12925,1.4106,1.6819
-1339.1,-156.47,20.108,-2.3353e-05,-31.194,1348,6.559e+05,386027,1,-43.576,-1295.1,1081.7,1675.2,45.991,101.57,-612.31,-52.71,-7.0375,2458.9,193316,164,1242,2074,-0.13957,1.4106,1.6811
-1339.6,-173.83,26.424,-0.0036544,-40.967,1350.5,6.2327e+05,386025,1,-53.269,-1290,1080.4,1666.7,52.833,104.21,-605.92,-55.968,-6.9438,2448.7,192504,164,1242,2074,-0.14988,1.4106,1.6802
-1340.1,-191.1,32.668,-0.012694,-50.615,1353.1,5.9228e+05,386023,1,-86.053,-1280.6,1065.1,1642.9,63.28,103.59,-584.76,-62.255,-3.5244,2416.9,189821,164,1242,2074,-0.16019,1.4106,1.6792
-1378.2,577.85,-253.32,0.0037985,384.01,1466.3,6.2388e+05,384831,1,78.866,-1322.8,1123.4,1693.9,-168.87,-154.09,-636.35,29.162,87.358,2520.5,226071,164,1242,2074,0.29197,1.4209,1.6526
-1377,560.39,-246.71,0.0038894,374.51,1459.7,6.2298e+05,384829,1,75.735,-1323.5,1122.7,1695.5,-163.32,-147.93,-636.71,26.957,85.048,2520.8,226094,164,1242,2074,0.28183,1.4209,1.6543
-1375.9,542.92,-240.1,0.0039359,364.97,1453.4,6.2145e+05,384827,1,72.986,-1322.7,1122.9,1696.8,-158.55,-142.32,-636.95,25.097,82.959,2520.6,226075,164,1242,2074,0.27167,1.4209,1.656
-1374.8,525.43,-233.49,0.0040234,355.38,1447.2,6.217e+05,384825,1,70.222,-1322,1123.1,1698,-153.77,-136.7,-637.16,23.238,80.866,2520.4,226057,164,1242,2074,0.26151,1.4209,1.6577
-1373.7,507.94,-226.88,0.0040184,345.75,1441.2,6.2074e+05,384823,1,66.91,-1323.2,1121.9,1699.3,-147.81,-130.17,-637.41,20.856,78.419,2520.6,226074,164,1242,2074,0.25133,1.4209,1.6592
-1372.7,490.43,-220.27,0.0040046,336.08,1435.4,6.2102e+05,384821,1,63.624,-1322.3,1122,1700.6,-142.16,-123.54,-637.56,18.638,75.966,2520.2,226048,164,1242,2074,0.24114,1.4209,1.6608
-1371.7,472.91,-213.66,0.0040382,326.38,1429.8,6.1968e+05,384819,1,61.17,-1322.3,1121.8,1701.4,-137.85,-118.56,-637.67,16.955,74.106,2520.1,226036,164,1242,2074,0.23095,1.4209,1.6622
-1370.7,455.39,-207.05,0.0041134,316.64,1424.4,6.1832e+05,384817,1,58.478,-1322.9,1121.1,1702.3,-133.02,-113.12,-637.77,15.046,72.068,2520.1,226034,164,1242,2074,0.22075,1.4209,1.6636
-1369.8,437.85,-200.45,0.0040905,306.86,1419.2,6.1774e+05,384815,1,55.126,-1320.4,1122.2,1703.3,-127.51,-106.34,-637.75,12.926,69.591,2519.1,225918,164,1242,2074,0.21053,1.4209,1.6649
-1369,420.31,-193.84,0.0041236,297.05,1414.2,6.1798e+05,384813,1,52.66,-1322.8,1120.4,1703.9,-122.78,-101.34,-637.84,11.019,67.698,2519.6,225957,164,1242,2074,0.20031,1.4209,1.6662
-1368.2,402.76,-187.24,0.0041622,287.21,1409.5,6.1709e+05,384811,1,49.454,-1321,1121.1,1704.7,-117.46,-94.917,-637.77,8.9595,65.353,2518.7,225882,164,1242,2074,0.19009,1.4209,1.6674
-1367.4,385.21,-180.64,0.0041659,277.35,1404.9,6.1726e+05,384809,1,46.428,-1323,1119.3,1705.4,-111.81,-88.799,-637.8,6.6758,63.075,2518.9,225899,164,1242,2074,0.17985,1.4209,1.6685
-1366.6,367.65,-174.04,0.0041946,267.45,1400.6,6.1661e+05,384807,1,42.966,-1320.4,1120.3,1706,-106.26,-82.032,-637.63,4.5255,60.633,2517.8,225807,164,1242,2074,0.16961,1.4209,1.6696
-1365.9,350.09,-167.45,0.0041921,257.53,1396.4,6.1692e+05,384805,1,40.201,-1321,1119.6,1706.4,-101.4,-76.546,-637.55,2.5975,58.611,2517.6,225782,164,1242,2074,0.15936,1.4209,1.6706
-1365.3,332.52,-160.86,0.0041666,247.58,1392.5,6.1655e+05,384803,1,37.641,-1320.8,1119.4,1706.8,-97.042,-71.527,-637.44,0.89019,56.768,2517.2,225757,164,1242,2074,0.14911,1.4209,1.6715
-1364.6,314.94,-154.27,0.0040961,237.62,1388.8,6.1762e+05,384801,1,34,-1320.4,1119,1707.2,-90.88,-64.529,-637.26,-1.5721,54.245,2516.5,225705,164,1242,2074,0.13885,1.4209,1.6724
-1364.1,297.37,-147.69,0.0040684,227.63,1385.3,6.177e+05,384799,1,30.312,-1320,1118.6,1707.6,-84.699,-57.549,-637.1,-4.0498,51.744,2515.8,225646,164,1242,2074,0.12859,1.4209,1.6732
-1363.5,279.79,-141.11,0.0039889,217.62,1382,6.1801e+05,384797,1,27.608,-1319.9,1118.3,1707.7,-80.305,-52.533,-636.94,-5.7792,49.921,2515.4,225608,164,1242,2074,0.11832,1.4209,1.674
-1363,262.21,-134.53,0.0038223,207.6,1379,6.2049e+05,384795,1,24.569,-1319,1118.5,1707.9,-75.4,-46.901,-636.71,-7.709,47.903,2514.7,225555,164,1242,2074,0.10804,1.4209,1.6747
-1362.5,244.63,-127.96,0.0036157,197.56,1376.1,6.2206e+05,384793,1,21.394,-1320.7,1116.6,1708.2,-69.689,-40.709,-636.7,-10.053,45.666,2514.7,225545,164,1242,2074,0.097767,1.4209,1.6753
-1362.1,227.05,-121.39,0.0032444,187.5,1373.5,6.2555e+05,384791,1,17.597,-1318.2,1117.7,1708.2,-64.058,-34.062,-636.37,-12.225,43.313,2513.4,225443,164,1242,2074,0.087486,1.4209,1.6759
-1361.7,209.46,-114.82,0.0026521,177.44,1371.1,6.3137e+05,384789,1,14.542,-1318.5,1116.9,1708.2,-59.171,-28.512,-636.19,-14.158,41.297,2513,225409,164,1242,2074,0.077201,1.4209,1.6764
-1361.3,191.88,-108.26,0.0019635,167.36,1368.8,6.3731e+05,384787,1,11.38,-1318.1,1116.4,1708.1,-53.928,-22.461,-635.86,-16.212,39.111,2512.1,225325,164,1242,2074,0.066913,1.4209,1.6768
-1361,174.29,-101.7,0.0012484,157.27,1366.9,6.4455e+05,384785,1,8.0256,-1317.6,1115.9,1707.8,-48.683,-16.415,-635.51,-18.268,36.932,2511.2,225248,164,1242,2074,0.056623,1.4209,1.6772
-1360.7,156.71,-95.154,0.00055919,147.18,1365.1,6.507e+05,384783,1,4.8321,-1316.9,1115.3,1707.3,-43.426,-10.376,-634.98,-20.339,34.766,2509.9,225134,164,1242,2074,0.046331,1.4209,1.6775
-1360.5,139.14,-88.611,-0.00010365,137.09,1363.6,6.5648e+05,384781,1,1.6249,-1316.1,1114.5,1706.8,-38.169,-4.3395,-634.51,-22.405,32.605,2508.6,225017,164,1242,2074,0.036037,1.4209,1.6778
-1360.3,121.57,-82.075,-0.00052388,127,1362.2,6.6112e+05,384779,1,-1.3912,-1315.2,1113.7,1706,-32.973,1.7522,-633.89,-24.41,30.394,2507,224854,164,1242,2074,0.025741,1.4209,1.678
-1360.1,104.01,-75.547,-0.00070033,116.91,1361.1,6.6186e+05,384777,1,-4.2623,-1314.3,1112.8,1705.2,-27.818,7.8543,-633.27,-26.378,28.167,2505.4,224696,164,1242,2074,0.015445,1.4209,1.6781
-1360,86.454,-69.029,-0.0011749,106.82,1360.3,6.5583e+05,384775,1,-7.6328,-1313.9,1111.5,1703.4,-23.049,13.515,-631.67,-28.214,26.088,2502.9,224469,164,1242,2074,0.005148,1.4209,1.6782
-1359.9,68.933,-62.542,-0.0040054,96.783,1359.6,6.6564e+05,384773,1,-15.052,-1311.1,1111,1697.3,-16.771,20.158,-626.09,-30.877,23.979,2495.7,223835,164,1242,2074,-0.0051491,1.4209,1.6782
-1359.7,51.484,-56.124,-0.012329,86.837,1359.1,6.7921e+05,384771,1,-23.016,-1310,1108.9,1688.8,-11.517,25.275,-618.59,-33.335,22.548,2486.6,196540,164,1242,2074,-0.015446,1.4209,1.6781
-1359.6,34.15,-49.808,-0.024403,77.039,1358.7,6.732e+05,384769,1,-31.079,-1305.6,1105,1680,-6.1656,30.974,-611.23,-35.856,20.998,2475,195222,164,1242,2074,-0.025742,1.4209,1.678
-1359.4,16.879,-43.543,-0.037126,67.319,1358.6,6.6364e+05,384767,1,-36.063,-1300.3,1100.4,1674.1,-1.7808,37.456,-607.41,-37.646,18.842,2465.3,194327,164,1242,2074,-0.036038,1.4209,1.6778
-1359.3,-0.33592,-37.31,-0.038702,57.663,1358.6,6.5986e+05,384765,1,-35.774,-1294.6,1095.6,1667.6,2.9248,43.567,-603.87,-39.005,16.369,2458.9,193329,164,1242,2074,-0.046332,1.4209,1.6775
-1359.3,-17.482,-31.115,-0.025223,48.085,1359,6.5513e+05,384763,1,-31.452,-1289.9,1091.7,1665.1,7.9828,49.446,-603,-40.446,13.911,2458.9,193322,164,1242,2074,-0.056624,1.4209,1.6772
-1359.4,-34.642,-24.908,-0.010316,38.492,1359.6,6.4713e+05,384761,1,-28.366,-1288.3,1090.5,1669.8,12.483,56.06,-606.91,-41.441,10.893,2458.9,193321,164,1242,2074,-0.066914,1.4209,1.6768
-1359.6,-51.882,-18.642,-0.001007,28.806,1360.5,6.4862e+05,384759,1,-27.154,-1287.4,1089.9,1675.7,16.793,62.947,-611.29,-42.408,7.788,2458.9,193320,164,1242,2074,-0.077202,1.4209,1.6764
-1359.9,-69.175,-12.34,0.0025743,19.063,1361.6,6.698e+05,384757,1,-28.362,-1286.5,1090.2,1678.8,21.129,68.969,-613.66,-43.831,5.4285,2458.9,193319,164,1242,2074,-0.087487,1.4209,1.6759
-1360.2,-86.481,-6.0285,0.0041542,9.3123,1363,6.8605e+05,384755,1,-30.434,-1288.2,1088.5,1678.8,26.072,75.897,-613.85,-45.525,2.7104,2459.5,193532,164,1242,2074,-0.097767,1.4209,1.6753
-1360.6,-103.78,0.27706,0.0050879,-0.42161,1364.5,6.9078e+05,384753,1,-33.918,-1285.6,1089.5,1678,31.704,82.077,-613.42,-47.65,0.61932,2458.2,193267,164,1242,2074,-0.10805,1.4209,1.6747
-1361,-121.08,6.5782,0.0040778,-10.14,1366.3,6.8986e+05,384751,1,-36.894,-1285.8,1088.7,1677.5,36.357,87.705,-613.3,-49.346,-1.4619,2458,193245,164,1242,2074,-0.11832,1.4209,1.674
-1361.4,-138.37,12.878,0.002369,-19.846,1368.3,6.736e+05,384749,1,-40.268,-1284.9,1088.9,1677.3,41.13,93.193,-613.47,-51.047,-3.4868,2457.8,193230,164,1242,2074,-0.12859,1.4209,1.6732
-1361.9,-155.66,19.18,0.00039054,-29.541,1370.6,6.4653e+05,384747,1,-44.496,-1286.6,1087.1,1675.4,46.19,99.934,-612.48,-52.826,-6.0603,2456.9,193162,164,1242,2074,-0.13885,1.4209,1.6724
-1362.4,-172.92,25.457,-0.0025038,-39.185,1373,5.9442e+05,384745,1,-63.536,-1277.6,1081.6,1657.9,56.933,98.366,-599.29,-59.15,-2.7102,2435.2,191422,164,1242,2074,-0.14911,1.4209,1.6715
-1362.6,-189.9,31.515,-0.009086,-48.478,1375.3,5.7113e+05,384743,1,-457.99,-1105.1,894.86,1525.1,143.22,23.312,-461.51,-134.19,70.519,2194.3,167657,164,924,2073,-0.15937,1.4209,1.6706
-1355.1,-203.84,34.569,-0.94283,-54.22,1369.7,5.8087e+05,384741,1,-1246.2,-821.53,571.36,1548.9,193.25,-5.787,-461.18,-180.39,106.06,2290.7,171750,164,924,2073,-0.16961,1.4209,1.6696
-1400.4,557.49,-246.23,0.0027693,371.27,1481.4,6.3324e+05,383557,1,76.362,-1312.1,1129.1,1695.6,-164.38,-146.53,-636.58,27.598,84.71,2517.7,225802,164,1242,2074,0.28036,1.4311,1.6457
-1399.2,540.1,-239.66,0.0027102,361.83,1475.2,6.3236e+05,383555,1,72.995,-1313.5,1128,1697.1,-158.42,-140.14,-636.91,25.218,82.31,2518.1,225845,164,1242,2074,0.27026,1.4311,1.6474
-1398.1,522.71,-233.08,0.0027672,352.35,1469.1,6.3135e+05,383553,1,70.204,-1312.7,1128.2,1698.3,-153.64,-134.57,-637.11,23.354,80.239,2517.9,225819,164,1242,2074,0.26014,1.4311,1.649
-1397.1,505.31,-226.51,0.0028093,342.83,1463.2,6.3179e+05,383551,1,67.4,-1311.9,1128.3,1699.4,-148.85,-128.99,-637.27,21.494,78.161,2517.6,225788,164,1242,2074,0.25002,1.4311,1.6506
-1396,487.89,-219.93,0.0028282,333.27,1457.5,6.2995e+05,383549,1,64.597,-1313.6,1127.1,1700.4,-143.77,-123.57,-637.46,19.474,76.11,2517.9,225830,164,1242,2074,0.23989,1.4311,1.6521
-1395,470.47,-213.36,0.0028103,323.68,1452,6.2993e+05,383547,1,61.24,-1312.4,1127.4,1701.6,-138.08,-116.91,-637.56,17.252,73.653,2517.4,225771,164,1242,2074,0.22975,1.4311,1.6535
-1394.1,453.03,-206.79,0.0028325,314.05,1446.7,6.2963e+05,383545,1,57.732,-1312.2,1127,1702.7,-132.01,-110,-637.65,14.855,71.1,2517.1,225749,164,1242,2074,0.2196,1.4311,1.6549
-1393.2,435.59,-200.22,0.0028912,304.39,1441.6,6.2768e+05,383543,1,54.866,-1311.1,1127.3,1703.5,-127.19,-104.32,-637.65,12.989,69,2516.6,225712,164,1242,2074,0.20944,1.4311,1.6562
-1392.3,418.14,-193.65,0.0028504,294.69,1436.7,6.285e+05,383541,1,52.359,-1313.7,1125.6,1704.1,-122.45,-99.37,-637.73,11.08,67.125,2517.1,225746,164,1242,2074,0.19927,1.4311,1.6575
-1391.5,400.69,-187.08,0.0028675,284.97,1432,6.2799e+05,383539,1,49.443,-1310.9,1126.9,1704.7,-117.82,-93.617,-637.62,9.3273,65.029,2516.1,225669,164,1242,2074,0.1891,1.4311,1.6587
-1390.7,383.23,-180.52,0.0028998,275.22,1427.5,6.2768e+05,383537,1,46.167,-1311.7,1126,1705.4,-112.05,-87.214,-637.57,7.0279,62.665,2515.9,225653,164,1242,2074,0.17892,1.4311,1.6598
-1390,365.76,-173.96,0.0028537,265.44,1423.2,6.2674e+05,383535,1,43.093,-1311.5,1125.7,1706,-106.82,-81.248,-637.48,4.9669,60.476,2515.5,225610,164,1242,2074,0.16873,1.4311,1.6609
-1389.3,348.29,-167.4,0.0028601,255.64,1419.2,6.2651e+05,383533,1,40.033,-1311.3,1125.4,1706.4,-101.59,-75.299,-637.35,2.9032,58.3,2515,225576,164,1242,2074,0.15853,1.4311,1.6619
-1388.6,330.81,-160.85,0.0028127,245.82,1415.3,6.2619e+05,383531,1,36.672,-1312,1124.5,1706.8,-95.782,-68.872,-637.22,0.5766,55.953,2514.7,225547,164,1242,2074,0.14833,1.4311,1.6628
-1388,313.33,-154.3,0.0027861,235.98,1411.6,6.2652e+05,383529,1,34.013,-1310,1125.5,1707.1,-91.631,-63.857,-636.99,-0.99077,54.133,2513.8,225472,164,1242,2074,0.13813,1.4311,1.6637
-1387.4,295.85,-147.75,0.0027488,226.11,1408.2,6.2695e+05,383527,1,30.8,-1310.1,1125.1,1707.3,-86.201,-57.787,-636.83,-3.1465,51.932,2513.4,225441,164,1242,2074,0.12792,1.4311,1.6645
-1386.8,278.37,-141.21,0.0027224,216.23,1405,6.27e+05,383525,1,27.219,-1311.2,1123.9,1707.6,-80.094,-51.162,-636.68,-5.6236,49.545,2513.2,225420,164,1242,2074,0.1177,1.4311,1.6653
-1386.3,260.88,-134.67,0.0025767,206.33,1401.9,6.2805e+05,383523,1,24.104,-1310.4,1124.1,1707.7,-75.193,-45.576,-636.44,-7.5419,47.537,2512.5,225365,164,1242,2074,0.10748,1.4311,1.666
-1385.8,243.39,-128.13,0.0024036,196.42,1399.1,6.3072e+05,383521,1,20.921,-1310.3,1123.9,1708,-69.883,-39.667,-636.32,-9.6474,45.421,2512.2,225331,164,1242,2074,0.097257,1.4311,1.6666
-1385.4,225.9,-121.6,0.0021172,186.49,1396.5,6.3394e+05,383519,1,17.171,-1309.2,1124.3,1708,-64.026,-33.086,-636.09,-11.947,43.084,2511.5,225268,164,1242,2074,0.08703,1.4311,1.6672
-1385,208.41,-115.07,0.0017778,176.55,1394.2,6.3939e+05,383517,1,14.054,-1310.5,1123,1708.1,-58.82,-27.472,-635.92,-14.057,41.057,2511.3,225260,164,1242,2074,0.076798,1.4311,1.6677
-1384.6,190.92,-108.55,0.0013324,166.6,1392,6.4425e+05,383515,1,10.754,-1309.8,1123.3,1707.9,-53.875,-21.927,-635.59,-15.991,39.082,2510.6,225208,164,1242,2074,0.066564,1.4311,1.6681
-1384.3,173.43,-102.03,0.00082809,156.64,1390,6.4808e+05,383513,1,7.7188,-1310.1,1122.5,1707.6,-48.9,-16.49,-635.22,-17.998,37.149,2510,225144,164,1242,2074,0.056328,1.4311,1.6685
-1384,155.95,-95.515,0.00020544,146.68,1388.3,6.5159e+05,383511,1,3.5213,-1307.8,1123.8,1706.9,-43.02,-10.177,-634.45,-20.364,35.025,2508.5,225006,164,1242,2074,0.046089,1.4311,1.6688
-1383.7,138.47,-89.01,-0.00034808,136.72,1386.8,6.5404e+05,383509,1,0.28249,-1309,1121.4,1706.5,-37.259,-3.9865,-634.14,-22.753,32.837,2507.6,224915,164,1242,2074,0.035849,1.4311,1.669
-1383.5,120.99,-82.512,-0.00076774,126.75,1385.4,6.5665e+05,383507,1,-3.0418,-1307.8,1121.3,1705.9,-32.247,1.4762,-633.69,-24.765,30.956,2506.4,224790,164,1242,2074,0.025607,1.4311,1.6692
-1383.3,103.52,-76.02,-0.0009152,116.79,1384.3,6.5818e+05,383505,1,-5.6183,-1307.5,1120,1705.2,-27.406,7.0305,-633.12,-26.667,28.948,2504.9,224661,164,1242,2074,0.015364,1.4311,1.6694
-1383.2,86.062,-69.538,-0.0014267,106.84,1383.5,6.5973e+05,383503,1,-10.512,-1305.4,1120.1,1702.8,-21.299,13.795,-630.96,-29.098,26.63,2501.7,224375,164,1242,2074,0.0051212,1.4311,1.6694
-1383,68.629,-63.083,-0.0042505,96.919,1382.8,6.6395e+05,383501,1,-18.546,-1303.9,1119.1,1695.2,-15.107,19.179,-623.93,-31.866,25.078,2493.6,197052,164,1242,2074,-0.0051223,1.4311,1.6694
-1382.9,51.293,-56.722,-0.01469,87.129,1382.3,6.748e+05,383499,1,-27.487,-1303.2,1115.9,1686.8,-9.2062,24.126,-616.42,-34.72,23.816,2484.4,196417,164,1242,2074,-0.015366,1.4311,1.6694
-1382.7,34.068,-50.46,-0.029497,77.483,1381.9,6.6928e+05,383497,1,-39.274,-1300.9,1114.7,1680.4,-3.9581,29.165,-610.63,-37.147,22.487,2477,195562,164,1242,2074,-0.025608,1.4311,1.6692
-1382.4,16.862,-44.221,-0.051806,67.862,1381.6,6.6586e+05,383495,1,-44.01,-1297.3,1110.5,1675.9,-0.26597,35.473,-608.08,-38.5,20.197,2469.7,194791,164,1242,2074,-0.03585,1.4311,1.669
-1382.2,-0.26329,-38.019,-0.052845,58.323,1381.5,6.7244e+05,383493,1,-49.103,-1290.7,1107.9,1667,5.8515,40.997,-603.64,-41.386,18.903,2458.9,193335,164,1242,2074,-0.04609,1.4311,1.6688
-1382.1,-17.315,-31.853,-0.033137,48.865,1381.7,6.7157e+05,383491,1,-36.71,-1285.1,1100.1,1665.9,11.207,47.361,-604.47,-43.002,16.186,2458.9,193324,164,1242,2074,-0.056329,1.4311,1.6685
-1382.2,-34.401,-25.657,-0.011419,39.366,1382.3,6.6351e+05,383489,1,-31.053,-1281.9,1098.6,1671.4,15.724,53.204,-608.82,-44.073,13.52,2458.9,193327,164,1242,2074,-0.066565,1.4311,1.6681
-1382.4,-51.573,-19.402,0.0013632,29.768,1383.2,6.684e+05,383487,1,-28.555,-1281.3,1097.3,1677.3,18.887,60.311,-612.92,-44.273,10.007,2458.9,193333,164,1242,2074,-0.076799,1.4311,1.6677
-1382.7,-68.79,-13.121,0.0047166,20.128,1384.3,6.9324e+05,383485,1,-29.439,-1279.6,1098.3,1680,23.232,66.7,-614.75,-45.409,7.3195,2460.1,193610,164,1242,2074,-0.087031,1.4311,1.6672
-1383,-86.007,-6.8406,0.0066381,10.494,1385.6,7.1476e+05,383483,1,-31.924,-1279.2,1096.6,1678.2,28.98,73.034,-613.5,-47.401,4.9139,2457.9,193242,164,1242,2074,-0.097258,1.4311,1.6666
-1383.3,-103.22,-0.56888,0.006321,0.87888,1387.2,7.1609e+05,383481,1,-34.823,-1278.5,1096,1678.3,35.322,77.916,-613.57,-50.032,3.4059,2457.6,193217,164,1242,2074,-0.10748,1.4311,1.666
-1383.7,-120.42,5.6989,0.0063799,-8.7194,1388.9,7.1438e+05,383479,1,-37.332,-1278.8,1095.4,1676.5,41.056,82.479,-612.77,-52.255,1.8416,2456.4,193131,164,1242,2074,-0.1177,1.4311,1.6653
-1384.1,-137.62,11.966,0.0064421,-18.304,1390.9,6.9771e+05,383477,1,-41.049,-1277.6,1096.7,1676.3,50.943,83.902,-612.84,-57.15,2.4985,2456.7,193144,164,1242,2074,-0.12792,1.4311,1.6645
-1384.6,-154.83,18.241,0.0027768,-27.893,1393,6.3604e+05,383475,1,-114.88,-1226.5,1045.1,1615.4,101.66,46.261,-566.98,-93.698,33.83,2358.7,175455,164,1242,2074,-0.13813,1.4311,1.6637
-1384.8,-171.75,24.286,-0.00081352,-37.116,1395.1,5.7382e+05,383473,1,-216.09,-1108.6,932.74,1528.1,206.86,-41.374,-499.06,-171.54,103.25,2194.2,167652,164,1242,2074,-0.14833,1.4311,1.6628
-1381.1,-185.27,27.72,-0.061755,-42.403,1393.1,5.7584e+05,383471,1,-904.75,-918.38,704.61,1486.6,247.44,-71.396,-395.49,-208.06,141.74,2157.5,166464,164,924,2073,-0.15853,1.4311,1.6619
-1368.8,-201.25,31.429,-2.2105,-50.504,1383,5.6764e+05,383469,1,-1271.8,-839.8,593.53,1533,197.87,-15.465,-465.1,-173.85,102.14,2306.8,172436,164,924,2073,-0.16873,1.4311,1.6609
-1423.7,554.56,-245.74,0.0015796,368.07,1503.1,6.4393e+05,382295,1,76.424,-1302.8,1134.1,1695.9,-164.25,-144.3,-636.56,27.714,84.041,2515.2,225597,164,1242,2074,0.27888,1.4414,1.637
-1422.5,537.27,-239.2,0.0015713,358.73,1496.9,6.4197e+05,382293,1,73.569,-1302.1,1134.3,1697.2,-159.46,-138.79,-636.79,25.856,81.985,2515.1,225583,164,1242,2074,0.26883,1.4414,1.6387
-1421.4,519.97,-232.66,0.0015215,349.36,1490.9,6.4276e+05,382291,1,70.446,-1304.4,1132.7,1698.5,-153.84,-133.03,-637.08,23.601,79.804,2515.6,225630,164,1242,2074,0.25877,1.4414,1.6403
-1420.4,502.66,-226.12,0.0015914,339.95,1485.1,6.4095e+05,382289,1,67.255,-1301,1134.3,1699.7,-148.73,-126.61,-637.18,21.663,77.457,2514.6,225543,164,1242,2074,0.2487,1.4414,1.6419
-1419.3,485.34,-219.59,0.0015724,330.5,1479.5,6.4115e+05,382287,1,64.437,-1304.2,1132.2,1700.7,-143.47,-121.38,-637.4,19.529,75.459,2515.4,225607,164,1242,2074,0.23862,1.4414,1.6434
-1418.3,468.01,-213.05,0.0015919,321.01,1474.1,6.4124e+05,382285,1,61.202,-1300.8,1133.8,1701.8,-138.34,-114.97,-637.42,17.588,73.12,2514.3,225519,164,1242,2074,0.22853,1.4414,1.6448
-1417.4,450.66,-206.51,0.0015976,311.5,1468.9,6.4027e+05,382283,1,58.641,-1303.4,1132.1,1702.6,-133.6,-110.13,-637.55,15.686,71.276,2514.9,225562,164,1242,2074,0.21844,1.4414,1.6462
-1416.5,433.32,-199.98,0.0016113,301.95,1463.9,6.401e+05,382281,1,55.765,-1302.3,1132.4,1703.4,-128.77,-104.49,-637.56,13.816,69.195,2514.3,225524,164,1242,2074,0.20833,1.4414,1.6475
-1415.6,415.96,-193.45,0.0015856,292.37,1459.1,6.3929e+05,382279,1,52.206,-1302.1,1132.1,1704.2,-122.68,-97.641,-637.55,11.416,66.67,2513.9,225484,164,1242,2074,0.19822,1.4414,1.6487
-1414.8,398.6,-186.92,0.0016463,282.76,1454.5,6.3838e+05,382277,1,48.632,-1301.9,1131.7,1705,-116.59,-90.77,-637.49,9.0125,64.144,2513.4,225446,164,1242,2074,0.1881,1.4414,1.6499
-1414,381.23,-180.39,0.0016041,273.13,1450.1,6.3784e+05,382275,1,46.077,-1301.8,1131.5,1705.5,-112.25,-85.845,-637.42,7.3245,62.315,2513.2,225419,164,1242,2074,0.17797,1.4414,1.651
-1413.2,363.85,-173.87,0.0015399,263.47,1445.8,6.3779e+05,382273,1,42.984,-1301.7,1131.3,1706,-107.01,-79.938,-637.31,5.2714,60.142,2512.8,225387,164,1242,2074,0.16784,1.4414,1.6521
-1412.5,346.47,-167.35,0.0015006,253.79,1441.8,6.3721e+05,382271,1,39.878,-1301.5,1131,1706.4,-101.78,-74.034,-637.16,3.2187,57.976,2512.3,225344,164,1242,2074,0.1577,1.4414,1.6531
-1411.9,329.09,-160.83,0.0014912,244.08,1438,6.366e+05,382269,1,36.785,-1301.4,1130.7,1706.8,-96.542,-68.126,-637,1.1592,55.815,2511.8,225300,164,1242,2074,0.14755,1.4414,1.654
-1411.2,311.71,-154.32,0.0015143,234.36,1434.4,6.3643e+05,382267,1,33.143,-1301.1,1130.4,1707.1,-90.402,-61.244,-636.77,-1.2679,53.317,2511.2,225250,164,1242,2074,0.1374,1.4414,1.6549
-1410.6,294.32,-147.81,0.0015029,224.62,1431.1,6.3602e+05,382265,1,30.5,-1301.1,1130.3,1707.3,-86.031,-56.316,-636.62,-2.9686,51.51,2510.9,225226,164,1242,2074,0.12724,1.4414,1.6557
-1410.1,276.93,-141.3,0.0015041,214.86,1427.9,6.3539e+05,382263,1,27.844,-1301,1130.2,1707.5,-81.642,-51.388,-636.45,-4.6808,49.71,2510.6,225200,164,1242,2074,0.11708,1.4414,1.6565
-1409.6,259.54,-134.8,0.0014617,205.08,1424.9,6.3634e+05,382261,1,24.117,-1300.9,1130,1707.6,-75.441,-44.54,-636.18,-7.1436,47.254,2510,225154,164,1242,2074,0.10691,1.4414,1.6572
-1409.1,242.15,-128.3,0.0014661,195.29,1422.1,6.3572e+05,382259,1,20.848,-1300.9,1129.8,1707.8,-70.136,-38.679,-636.04,-9.2349,45.146,2509.8,225125,164,1242,2074,0.096744,1.4414,1.6578
-1408.7,224.75,-121.81,0.0014293,185.49,1419.6,6.3854e+05,382257,1,17.816,-1300.2,1130.2,1707.8,-65.187,-33.196,-635.81,-11.171,43.191,2509.3,225075,164,1242,2074,0.08657,1.4414,1.6584
-1408.3,207.35,-115.31,0.0013958,175.68,1417.3,6.4046e+05,382255,1,14.541,-1301.9,1129.1,1707.8,-59.923,-27.693,-635.65,-13.316,41.22,2509.4,225086,164,1242,2074,0.076393,1.4414,1.6589
-1407.9,189.96,-108.83,0.0012491,165.85,1415.1,6.4208e+05,382253,1,10.973,-1301.6,1129.2,1707.6,-54.345,-21.715,-635.23,-15.562,39.131,2508.7,225034,164,1242,2074,0.066213,1.4414,1.6593
-1407.5,172.57,-102.35,0.00088231,156.02,1413.2,6.4458e+05,382251,1,6.7831,-1300.2,1129.9,1706.9,-48.042,-15.117,-634.45,-18.14,36.91,2507.5,224907,164,1242,2074,0.056031,1.4414,1.6597
-1407.2,155.18,-95.878,0.00049448,146.2,1411.5,6.4452e+05,382249,1,3.2401,-1300.8,1129.4,1706.5,-42.916,-9.8718,-634.05,-20.268,35.113,2507,224858,164,1242,2074,0.045846,1.4414,1.66
-1407,137.8,-89.414,0.00011367,136.37,1410,6.4595e+05,382247,1,-0.15993,-1300,1129.7,1705.9,-37.769,-4.5719,-633.46,-22.394,33.345,2506.1,224768,164,1242,2074,0.03566,1.4414,1.6602
-1406.7,120.42,-82.956,-0.00020596,126.53,1408.7,6.484e+05,382245,1,-3.6875,-1301.6,1127.6,1705.6,-31.902,1.4708,-633.35,-24.866,31.258,2505.7,224735,164,1242,2074,0.025472,1.4414,1.6604
-1406.5,103.05,-76.502,-0.00041923,116.7,1407.6,6.5274e+05,382243,1,-7.4434,-1299.4,1129,1704.9,-26.156,7.7826,-632.7,-27.143,29.126,2504.5,224618,164,1242,2074,0.015283,1.4414,1.6605
-1406.4,85.679,-70.054,-0.0010359,106.87,1406.7,6.5753e+05,382241,1,-11.715,-1299.7,1128.1,1702.6,-21.275,13.24,-630.65,-29.075,27.177,2502.1,224406,164,1242,2074,0.0050942,1.4414,1.6606
-1406.2,68.353,-63.648,-0.0034814,97.095,1406,6.6262e+05,382239,1,-18.185,-1298.7,1127.2,1695.6,-15.828,17.183,-624.4,-31.7,26.258,2494.9,197122,164,1242,2074,-0.0050952,1.4414,1.6606
-1406,51.157,-57.361,-0.010747,87.491,1405.4,6.6687e+05,382237,1,-29.013,-1297.2,1126.8,1686.1,-8.1352,21.833,-615.47,-35.561,25.512,2485.5,196463,164,1242,2074,-0.015284,1.4414,1.6605
-1405.8,34.01,-51.128,-0.028585,77.954,1405,6.5971e+05,382235,1,-41.388,-1297.5,1123.4,1681.5,-3.2058,28.568,-611.05,-37.446,23.069,2480.1,196099,164,1242,2074,-0.025473,1.4414,1.6604
-1405.5,16.874,-44.913,-0.055918,68.433,1404.7,6.6376e+05,382233,1,-53.628,-1295.2,1124.3,1675,1.8706,35.068,-606.49,-39.596,21.126,2474.1,195138,164,1242,2074,-0.035661,1.4414,1.6602
-1405.2,-0.14759,-38.769,-0.065338,59.04,1404.5,6.7595e+05,382231,1,-56.593,-1292.6,1120.8,1665.6,7.1577,39.772,-602.1,-42.468,20.252,2463.9,194188,164,1242,2074,-0.045847,1.4414,1.66
-1405,-17.078,-32.659,-0.042688,49.737,1404.6,6.7997e+05,382229,1,-49.055,-1288.9,1118.8,1663.6,13.872,43.38,-603.27,-45.879,19.772,2460,193587,164,1242,2074,-0.056032,1.4414,1.6597
-1405,-34.083,-26.475,-0.010912,40.334,1405.1,6.765e+05,382227,1,-35.291,-1283.3,1112.4,1674.2,19.655,50.483,-611.91,-47.392,16.447,2463.4,194153,164,1242,2074,-0.066214,1.4414,1.6593
-1405.2,-51.203,-20.213,0.0066479,30.801,1405.9,6.8772e+05,382225,1,-31.598,-1281.1,1111.8,1680.3,24.463,57.837,-615.72,-48.257,12.959,2467.2,194513,164,1242,2074,-0.076394,1.4414,1.6589
-1405.4,-68.35,-13.944,0.011765,21.248,1407,7.1024e+05,382223,1,-31.342,-1279.2,1108.9,1680,28.722,63.781,-614.99,-49.257,10.298,2464.8,194286,164,1242,2074,-0.086571,1.4414,1.6584
-1405.7,-85.46,-7.7068,0.017525,11.751,1408.3,7.1706e+05,382221,1,-35.131,-1278.5,1111,1674.4,37.126,64.326,-611.09,-53.946,11.702,2460.8,193677,164,1242,2074,-0.096744,1.4414,1.6578
-1406,-102.52,-1.5014,0.028523,2.3169,1409.8,7.0503e+05,382219,1,-43.516,-1271.4,1103,1663.1,52.715,61.351,-603.1,-63.002,15.963,2444.5,192154,164,1242,2074,-0.10691,1.4414,1.6572
-1406.4,-119.55,4.6824,0.050844,-7.0617,1411.5,6.7806e+05,382217,1,-73.772,-1237.7,1071.5,1643.6,94.927,34.961,-588.41,-92.332,38.385,2398.6,188384,164,1242,2074,-0.11708,1.4414,1.6565
-1406.8,-136.56,10.854,0.065354,-16.419,1413.4,6.2237e+05,382215,1,-74.742,-1200.7,1037.8,1644.4,130.39,13.599,-588.25,-117.44,56.873,2368.3,176670,164,1242,2074,-0.12724,1.4414,1.6557
-1406.3,-152.78,16.39,0.066932,-24.814,1414.5,5.7506e+05,382213,1,-332.85,-1079.1,912.57,1453.6,209.69,-63.834,-443.52,-177.89,119.15,2124,165469,164,1242,2074,-0.1374,1.4414,1.6549
-1402.3,-166.02,19.722,0.11204,-29.803,1412,5.7802e+05,382211,1,-546.47,-923.41,755.02,1464.5,225.36,-65.637,-427.01,-200.66,136.78,2040.2,161808,164,924,2073,-0.14755,1.4414,1.654
-1395.7,-181.49,24.029,-0.80911,-37.364,1407.1,5.6465e+05,382209,1,-1003,-776.63,580.37,1549.3,205.96,-31.686,-457.47,-193.2,124.67,2156.8,166442,164,924,2073,-0.1577,1.4414,1.6531
-1383.1,-197.39,28.761,-2.206,-46.094,1396.7,5.6455e+05,382207,1,-1352,-792.53,553.78,1527.2,245.6,-59.214,-526.61,-176.96,100.66,2314.3,172687,164,924,2073,-0.16784,1.4414,1.6521
-1446.9,551.62,-245.24,0.00041305,364.91,1524.8,6.5426e+05,381043,1,76.717,-1294.4,1138.5,1696.2,-164.44,-142.66,-636.55,27.952,83.572,2513,225407,164,1242,2074,0.27739,1.4515,1.6283
-1445.8,534.42,-238.74,0.0003814,355.68,1518.7,6.528e+05,381041,1,73.493,-1291.1,1140,1697.6,-159.33,-136.3,-636.73,26.017,81.237,2512,225320,164,1242,2074,0.26739,1.4515,1.6299
-1444.7,517.21,-232.24,0.00035369,346.41,1512.8,6.5196e+05,381039,1,70.326,-1293.4,1138.5,1698.8,-153.72,-130.61,-637,23.765,79.08,2512.6,225373,164,1242,2074,0.25739,1.4515,1.6316
-1443.6,499.99,-225.73,0.00034703,337.1,1507.1,6.5192e+05,381037,1,67.456,-1292.6,1138.7,1699.9,-148.91,-125.13,-637.14,21.901,77.042,2512.3,225349,164,1242,2074,0.24737,1.4515,1.6331
-1442.6,482.77,-219.23,0.00032864,327.76,1501.6,6.5251e+05,381035,1,64.409,-1292.6,1138.4,1701,-143.71,-119.37,-637.27,19.862,74.895,2512.2,225335,164,1242,2074,0.23735,1.4515,1.6346
-1441.6,465.53,-212.73,0.00036137,318.39,1496.2,6.5219e+05,381033,1,61.355,-1292.5,1138.2,1701.9,-138.5,-113.58,-637.37,17.821,72.745,2512,225314,164,1242,2074,0.22731,1.4515,1.636
-1440.6,448.28,-206.23,0.00039856,308.98,1491.1,6.5196e+05,381031,1,58.292,-1292.4,1137.9,1702.8,-133.29,-107.79,-637.43,15.779,70.592,2511.8,225288,164,1242,2074,0.21727,1.4515,1.6374
-1439.7,431.02,-199.74,0.00040714,299.54,1486.2,6.4999e+05,381029,1,54.991,-1293.2,1137.1,1703.7,-127.54,-101.56,-637.47,13.497,68.274,2511.7,225284,164,1242,2074,0.20722,1.4515,1.6387
-1438.8,413.76,-193.24,0.00032293,290.07,1481.4,6.5213e+05,381027,1,52.391,-1291.2,1138,1704.3,-123.4,-96.591,-637.39,11.934,66.452,2510.9,225227,164,1242,2074,0.19716,1.4515,1.6399
-1438,396.49,-186.75,0.00034323,280.58,1476.9,6.5053e+05,381025,1,49.233,-1291.3,1137.5,1704.9,-118.02,-90.642,-637.36,9.8177,64.253,2510.6,225206,164,1242,2074,0.18709,1.4515,1.6411
-1437.2,379.22,-180.26,0.00031456,271.06,1472.6,6.5022e+05,381023,1,46.105,-1293.5,1136,1705.6,-112.39,-84.713,-637.33,7.5554,62.036,2510.9,225224,164,1242,2074,0.17702,1.4515,1.6422
-1436.5,361.93,-173.77,0.00031246,261.52,1468.4,6.4854e+05,381021,1,42.745,-1290,1137.5,1706,-107.21,-78.412,-637.11,5.6036,59.763,2509.5,225101,164,1242,2074,0.16694,1.4515,1.6433
-1435.8,344.65,-167.29,0.00026958,251.95,1464.5,6.4863e+05,381019,1,39.598,-1292.2,1135.9,1706.5,-101.58,-72.45,-637.02,3.3432,57.539,2509.7,225118,164,1242,2074,0.15685,1.4515,1.6443
-1435.1,327.36,-160.81,0.00019833,242.37,1460.7,6.4782e+05,381017,1,36.661,-1291.4,1136.1,1706.8,-96.734,-66.906,-636.83,1.4718,55.51,2509,225054,164,1242,2074,0.14676,1.4515,1.6452
-1434.5,310.07,-154.33,0.00020339,232.76,1457.2,6.4754e+05,381015,1,34.083,-1291.3,1135.9,1707,-92.379,-62.009,-636.67,-0.21582,53.704,2508.7,225025,164,1242,2074,0.13666,1.4515,1.6461
-1433.9,292.78,-147.86,0.0002752,223.14,1453.9,6.4528e+05,381013,1,30.438,-1291.1,1135.6,1707.3,-86.256,-55.183,-636.43,-2.6242,51.225,2508.1,224970,164,1242,2074,0.12656,1.4515,1.6469
-1433.3,275.48,-141.39,0.0003129,213.5,1450.7,6.4484e+05,381011,1,26.75,-1291,1135.4,1707.4,-80.095,-48.353,-636.13,-5.0505,48.752,2507.5,224909,164,1242,2074,0.11645,1.4515,1.6476
-1432.8,258.18,-134.92,0.00037425,203.85,1447.8,6.4398e+05,381009,1,24.156,-1291,1135.3,1707.4,-75.716,-43.478,-635.93,-6.7512,46.972,2507.1,224867,164,1242,2074,0.10634,1.4515,1.6483
-1432.3,240.89,-128.46,0.00055973,194.18,1445.1,6.4195e+05,381007,1,20.951,-1291,1135.2,1707.6,-70.391,-37.684,-635.75,-8.8562,44.896,2506.8,224836,164,1242,2074,0.096227,1.4515,1.6489
-1431.9,223.59,-122,0.00079516,184.5,1442.6,6.4101e+05,381005,1,17.705,-1291,1135.1,1707.5,-65.038,-31.904,-635.49,-10.979,42.836,2506.4,224793,164,1242,2074,0.086107,1.4515,1.6495
-1431.5,206.29,-115.55,0.00098981,174.81,1440.3,6.401e+05,381003,1,14.289,-1291,1135.1,1707.3,-59.596,-26.196,-635.07,-13.183,40.844,2505.9,224751,164,1242,2074,0.075985,1.4515,1.65
-1431.1,188.99,-109.11,0.0010684,165.12,1438.2,6.4091e+05,381001,1,10.416,-1292.1,1134.5,1707,-53.51,-20.057,-634.63,-15.709,38.73,2505.7,224731,164,1242,2074,0.065859,1.4515,1.6504
-1430.8,171.7,-102.67,0.001113,155.42,1436.3,6.4111e+05,380999,1,7.4526,-1290.1,1135.5,1706.3,-49.165,-15.372,-633.85,-17.43,37.135,2504.3,224600,164,1242,2074,0.055731,1.4515,1.6508
-1430.5,154.41,-96.24,0.00095346,145.72,1434.6,6.4013e+05,380997,1,3.2622,-1291.1,1135,1705.8,-42.934,-9.3711,-633.28,-20.098,35.161,2503.9,224545,164,1242,2074,0.045601,1.4515,1.6511
-1430.2,137.13,-89.818,0.000802,136.02,1433.1,6.4063e+05,380995,1,-0.82915,-1290.2,1135.5,1705.2,-36.759,-3.2299,-632.69,-22.695,33.175,2502.9,224472,164,1242,2074,0.035469,1.4515,1.6514
-1430,119.85,-83.401,0.00073136,126.32,1431.8,6.4201e+05,380993,1,-3.9844,-1293,1134.1,1705.3,-31.854,1.7805,-632.89,-24.726,31.395,2503.8,224542,164,1242,2074,0.025336,1.4515,1.6515
-1429.8,102.57,-76.984,0.00066491,116.62,1430.8,6.468e+05,380991,1,-6.981,-1290.5,1135.6,1704.8,-27.09,7.1042,-632.43,-26.56,29.579,2502.7,224446,164,1242,2074,0.015202,1.4515,1.6517
-1429.6,85.302,-70.577,0.00043178,106.92,1429.9,6.5008e+05,380989,1,-12.394,-1291.8,1134.2,1701.1,-20.883,12.364,-629.25,-29.397,28.025,2499.4,224158,164,1242,2074,0.0050669,1.4515,1.6517
-1429.4,68.115,-64.246,-0.00077999,97.324,1429.2,6.5765e+05,380987,1,-21.846,-1289.7,1134.3,1689,-12.35,16.776,-618.48,-33.947,27.701,2487.6,196692,164,1242,2074,-0.005068,1.4515,1.6517
-1429.2,51.044,-58.021,-0.0051542,87.885,1428.6,6.5571e+05,380985,1,-29.699,-1290.5,1135.3,1685.7,-6.6398,22.395,-614.77,-36.371,25.966,2485.4,196461,164,1242,2074,-0.015203,1.4515,1.6517
-1429,33.959,-51.8,-0.022727,78.433,1428.2,6.5144e+05,380983,1,-41.554,-1293.6,1133.9,1683.5,-2.9784,28.437,-612.19,-37.373,23.391,2484.5,196426,164,1242,2074,-0.025337,1.4515,1.6515
-1428.8,16.899,-45.612,-0.051182,69.018,1427.9,6.5863e+05,380981,1,-53.417,-1293.1,1136.9,1677.1,0.68069,34.373,-606.78,-38.417,21.164,2480.2,196106,164,1242,2074,-0.03547,1.4515,1.6514
-1428.4,-0.0072822,-39.537,-0.069226,59.786,1427.7,6.7166e+05,380979,1,-59.699,-1294,1135.9,1662.3,7.5786,39.239,-598.23,-42.349,20.709,2468.4,194670,164,1242,2074,-0.045602,1.4515,1.6511
-1428.1,-16.795,-33.51,-0.047281,50.673,1427.7,6.777e+05,380977,1,-51.196,-1295.9,1139.2,1663,14.137,44.749,-602.99,-45.86,19.621,2468.4,194669,164,1242,2074,-0.055732,1.4515,1.6508
-1428.1,-33.688,-27.367,-0.0061416,41.409,1428.1,6.7902e+05,380975,1,-42.509,-1294.6,1135.5,1672.5,18.725,49.294,-611.66,-47.813,17.944,2468.4,194664,164,1242,2074,-0.06586,1.4515,1.6504
-1428.2,-50.732,-21.118,0.017764,31.968,1428.9,6.9054e+05,380973,1,-37.702,-1296.3,1139.7,1679.9,22.335,56.967,-615.48,-49.231,15.274,2468.4,194666,164,1242,2074,-0.075986,1.4515,1.65
-1428.4,-67.758,-14.895,0.033783,22.563,1429.9,6.9106e+05,380971,1,-36.187,-1287.8,1129,1675.7,31.403,59.905,-612.39,-53.759,15.25,2468.4,194663,164,1242,2074,-0.086108,1.4515,1.6495
-1428.6,-84.666,-8.7682,0.053676,13.315,1431.1,6.6086e+05,380969,1,-72.036,-1263.1,1108.6,1652.7,48.056,54.807,-592.64,-68.239,25.328,2433.6,191274,164,1242,2074,-0.096227,1.4515,1.6489
-1428.9,-101.48,-2.7068,0.083032,4.1835,1432.5,6.1734e+05,380967,1,-66.179,-1224.8,1074,1629.9,71.29,42.219,-578.97,-86.222,38.746,2380.2,186262,164,1242,2074,-0.10634,1.4515,1.6483
-1428.7,-117.69,2.8926,0.14155,-4.2078,1433.5,5.7724e+05,380965,1,-179.16,-1163.5,1011.8,1562,106.48,14.762,-524.85,-113.87,63.994,2270.1,171131,164,1242,2074,-0.11645,1.4515,1.6476
-1426.8,-132.8,7.6345,0.1795,-11.319,1433,5.6799e+05,380963,1,-307.83,-1035.9,888.76,1514.1,175.46,-38.203,-484.87,-166.92,109.89,2134.8,165778,164,1242,2074,-0.12656,1.4515,1.6469
-1422.8,-147.35,11.897,0.064889,-17.87,1430.3,5.7033e+05,380961,1,-567.18,-884.9,732.43,1460.7,211.62,-63.581,-427.82,-201.56,141.68,2016.8,147211,164,924,2073,-0.13667,1.4515,1.6461
-1417.8,-163.05,16.563,-0.6141,-25.656,1427,5.6259e+05,380959,1,-749.72,-802.27,640.03,1516.6,190.04,-32.637,-453.2,-189.1,126.54,2051.8,163079,164,924,2073,-0.14676,1.4515,1.6452
-1408.8,-177.91,20.819,-1.381,-32.911,1419.8,5.609e+05,380957,1,-1083.6,-727.32,537.8,1473.4,223.96,-57.707,-448.08,-188.27,123.51,2113.8,165170,164,924,2073,-0.15685,1.4515,1.6443
-1396.3,-192.09,25.249,-1.9253,-40.164,1409.1,5.6609e+05,380955,1,-1179.6,-759.82,552.93,1513.1,234.44,-53.374,-575.8,-158.06,81.004,2232.7,169706,164,924,2073,-0.16694,1.4515,1.6433
-1470.1,548.65,-244.73,-0.00073211,361.79,1546.4,6.6439e+05,379799,1,76.926,-1284.4,1143.7,1696.5,-164.65,-140.71,-636.51,28.234,83.004,2510.3,225176,164,1242,2074,0.27589,1.4616,1.6195
-1469,531.55,-238.27,-0.00077275,352.66,1540.4,6.6215e+05,379797,1,73.654,-1281,1145.2,1697.9,-159.53,-134.4,-636.68,26.295,80.688,2509.3,225078,164,1242,2074,0.26595,1.4616,1.6211
-1467.9,514.44,-231.8,-0.0008314,343.5,1534.6,6.6295e+05,379795,1,71.015,-1283.7,1143.6,1698.9,-154.81,-129.8,-636.91,24.402,78.923,2510,225151,164,1242,2074,0.25599,1.4616,1.6227
-1466.8,497.31,-225.34,-0.00087469,334.3,1529,6.6314e+05,379793,1,67.816,-1283.3,1143.5,1700,-149.46,-123.88,-637.07,22.31,76.722,2509.8,225130,164,1242,2074,0.24603,1.4616,1.6243
-1465.8,480.18,-218.87,-0.00082975,325.06,1523.6,6.6279e+05,379791,1,64.366,-1280.8,1144.5,1701.2,-143.92,-117.35,-637.15,20.186,74.328,2508.9,225046,164,1242,2074,0.23606,1.4616,1.6257
-1464.8,463.03,-212.41,-0.00085316,315.79,1518.3,6.6358e+05,379789,1,61.193,-1283.1,1143,1702.2,-138.29,-111.63,-637.29,17.923,72.175,2509.4,225087,164,1242,2074,0.22608,1.4616,1.6272
-1463.8,445.88,-205.95,-0.00087015,306.5,1513.3,6.6409e+05,379787,1,58.283,-1282.3,1143.1,1703,-133.46,-106.19,-637.32,16.047,70.163,2509,225048,164,1242,2074,0.21609,1.4616,1.6285
-1462.9,428.71,-199.49,-0.00083943,297.17,1508.4,6.6341e+05,379785,1,55.18,-1282.2,1142.9,1703.8,-128.24,-100.45,-637.32,14.002,68.037,2508.7,225024,164,1242,2074,0.2061,1.4616,1.6298
-1462,411.55,-193.03,-0.0008775,287.81,1503.8,6.6336e+05,379783,1,51.829,-1283,1142,1704.5,-122.47,-94.253,-637.32,11.714,65.739,2508.5,225013,164,1242,2074,0.19609,1.4616,1.6311
-1461.2,394.37,-186.57,-0.00090469,278.43,1499.3,6.6278e+05,379781,1,48.822,-1280.2,1143.2,1705.1,-117.81,-88.676,-637.19,9.9499,63.715,2507.5,224906,164,1242,2074,0.18608,1.4616,1.6322
-1460.4,377.19,-180.12,-0.00090765,269.03,1495,6.6268e+05,379779,1,45.996,-1283.4,1141.2,1705.6,-112.54,-83.358,-637.2,7.8211,61.702,2508,224963,164,1242,2074,0.17606,1.4616,1.6333
-1459.6,360,-173.67,-0.00097407,259.6,1491,6.6212e+05,379777,1,42.582,-1279.9,1142.6,1706.1,-107.36,-77.112,-636.98,5.8641,59.454,2506.6,224810,164,1242,2074,0.16604,1.4616,1.6344
-1458.9,342.81,-167.22,-0.0010124,250.15,1487.1,6.6063e+05,379775,1,40.015,-1282.5,1141,1706.5,-102.63,-72.232,-636.92,3.9724,57.608,2507,224855,164,1242,2074,0.156,1.4616,1.6354
-1458.3,325.62,-160.78,-0.0010691,240.67,1483.4,6.5961e+05,379773,1,36.49,-1281.2,1141.2,1706.8,-96.892,-65.706,-636.7,1.751,55.232,2506.1,224770,164,1242,2074,0.14597,1.4616,1.6363
-1457.6,308.42,-154.34,-0.0010685,231.19,1479.9,6.5909e+05,379771,1,33.174,-1282.1,1140.4,1707.1,-91.13,-59.416,-636.49,-0.52173,52.914,2505.8,224743,164,1242,2074,0.13592,1.4616,1.6372
-1457,291.22,-147.9,-0.0010435,221.68,1476.6,6.5725e+05,379769,1,30.539,-1279.9,1141.2,1707.2,-86.99,-54.535,-636.25,-2.0772,51.147,2504.8,224649,164,1242,2074,0.12588,1.4616,1.638
-1456.5,274.02,-141.47,-0.00094259,212.16,1473.6,6.5573e+05,379767,1,27.35,-1280,1140.8,1707.3,-81.589,-48.586,-635.99,-4.1922,48.975,2504.3,224609,164,1242,2074,0.11582,1.4616,1.6387
-1455.9,256.82,-135.04,-0.00080238,202.63,1470.7,6.5328e+05,379765,1,23.879,-1281.4,1139.8,1707.4,-75.525,-42.122,-635.7,-6.6137,46.623,2504.1,224584,164,1242,2074,0.10577,1.4616,1.6394
-1455.5,239.62,-128.62,-0.00052756,193.08,1468,6.5044e+05,379763,1,20.558,-1279.4,1140.4,1707.3,-70.078,-36.053,-635.34,-8.7383,44.484,2502.9,224473,164,1242,2074,0.095706,1.4616,1.64
-1455,222.41,-122.2,-0.0001044,183.52,1465.5,6.4618e+05,379761,1,17.754,-1282.3,1139.1,1707.3,-65.202,-31.155,-635.22,-10.732,42.702,2503.5,224515,164,1242,2074,0.085642,1.4616,1.6406
-1454.6,205.21,-115.79,0.00027396,173.96,1463.3,6.4375e+05,379759,1,14.61,-1279.3,1140.2,1706.8,-60.368,-25.813,-634.51,-12.624,40.868,2501.8,224377,164,1242,2074,0.075574,1.4616,1.6411
-1454.3,188.02,-109.38,0.00060436,164.39,1461.2,6.4311e+05,379757,1,10.734,-1280.3,1139.6,1706.3,-54.217,-19.811,-633.88,-15.215,38.842,2501.3,224330,164,1242,2074,0.065503,1.4616,1.6415
-1453.9,170.82,-102.99,0.00098901,154.82,1459.4,6.4122e+05,379755,1,6.4384,-1280.2,1139.4,1705.5,-47.604,-13.461,-633.02,-18.037,36.783,2500.2,224233,164,1242,2074,0.05543,1.4616,1.6419
-1453.6,153.64,-96.6,0.0010829,145.26,1457.7,6.3908e+05,379753,1,3.332,-1280.2,1139.4,1705,-42.979,-8.8374,-632.49,-19.948,35.225,2499.6,224181,164,1242,2074,0.045354,1.4616,1.6422
-1453.4,136.46,-90.221,0.001187,135.69,1456.2,6.3839e+05,379751,1,0.31086,-1280.3,1139.4,1704.7,-38.407,-4.1787,-632.22,-21.814,33.639,2499.3,224147,164,1242,2074,0.035277,1.4616,1.6424
-1453.1,119.28,-83.843,0.0014608,126.12,1455,6.3789e+05,379749,1,-3.6314,-1280.5,1139.5,1704.7,-31.98,2.3058,-632.25,-24.471,31.473,2499.3,224151,164,1242,2074,0.025199,1.4616,1.6426
-1452.9,102.1,-77.465,0.0018505,116.54,1453.9,6.3966e+05,379747,1,-7.9371,-1281.8,1139.1,1703.7,-25.754,8.2534,-631.42,-27.124,29.528,2498.8,224115,164,1242,2074,0.015119,1.4616,1.6427
-1452.8,84.938,-71.112,0.0023433,106.98,1453.1,6.4513e+05,379745,1,-14.993,-1279.1,1139.1,1695,-18.757,12.232,-623.77,-30.802,29.083,2489.7,196814,164,1242,2074,0.0050395,1.4616,1.6428
-1452.6,67.902,-64.868,0.0026175,97.59,1452.3,6.508e+05,379743,1,-20.747,-1278.9,1139.2,1687.7,-11.824,16.742,-617.05,-34.346,28.33,2483,196325,164,1242,2074,-0.0050406,1.4616,1.6428
-1452.4,50.915,-58.673,-0.0016191,88.262,1451.8,6.4675e+05,379741,1,-26.252,-1282.1,1139.1,1686.3,-8.1595,21.742,-615.43,-35.576,26.324,2483.3,196350,164,1242,2074,-0.01512,1.4616,1.6427
-1452.3,33.893,-52.461,-0.0168,78.892,1451.5,6.4377e+05,379739,1,-37.478,-1283.2,1141.2,1686.2,-4.0459,29.464,-614.09,-36.451,23.02,2484.6,196430,164,1242,2074,-0.0252,1.4616,1.6426
-1452,16.914,-46.301,-0.044413,69.585,1451.2,6.5119e+05,379737,1,-54.411,-1286.1,1143.3,1672.2,1.3003,36.45,-602.34,-38.414,20.649,2475.2,195240,164,1242,2074,-0.035278,1.4616,1.6424
-1451.7,0.11764,-40.289,-0.066756,60.507,1451,6.64e+05,379735,1,-57.486,-1287.9,1144.7,1660,5.8996,40.583,-595.14,-40.592,19.692,2466.9,194484,164,1242,2074,-0.045355,1.4616,1.6422
-1451.5,-16.561,-34.318,-0.042666,51.543,1451.1,6.7155e+05,379733,1,-47.725,-1292,1148.6,1660.5,9.7583,45.708,-599.41,-42.015,17.746,2468.4,194660,164,1242,2074,-0.055431,1.4616,1.6419
-1451.6,-33.408,-28.186,-0.0068222,42.354,1451.6,6.7235e+05,379731,1,-35.084,-1299.6,1155.9,1677.5,12.788,55.585,-613.79,-42.931,13.708,2468.4,194668,164,1242,2074,-0.065504,1.4616,1.6415
-1451.7,-50.392,-21.965,0.0063356,33.007,1452.4,6.5598e+05,379729,1,-42.115,-1303.1,1158.6,1679.7,15.799,63.285,-612.82,-44.437,11.359,2468.4,194667,164,1242,2074,-0.075575,1.4616,1.6411
-1451.8,-67.292,-15.855,-0.01578,23.795,1453.2,6.1033e+05,379727,1,-88.685,-1274.1,1130.4,1657.1,29.07,60.552,-590.82,-57.818,20.724,2452,192750,164,1242,2074,-0.085643,1.4616,1.6406
-1451.4,-83.929,-9.9777,-0.056643,14.915,1453.8,5.867e+05,379725,1,-150.25,-1229.5,1086.6,1620.3,50.069,49.792,-561.28,-77.009,36.01,2380.7,186344,164,1242,2074,-0.095707,1.4616,1.64
-1450,-99.961,-4.6019,-0.12905,6.7607,1453.5,5.7466e+05,379723,1,-302.25,-1090.7,952.36,1578.2,64.545,44.28,-522.54,-101.07,56.446,2229.7,169524,164,1242,2074,-0.10577,1.4616,1.6394
-1447.1,-115.13,0.10622,-0.22338,-0.40897,1451.7,5.623e+05,379721,1,-323.26,-938.06,812.26,1499.8,95.643,22.019,-477.18,-130.33,81.919,2038.3,161731,164,1242,2074,-0.11582,1.4616,1.6387
-1444.3,-130.19,4.8874,-0.21595,-7.5667,1450.1,5.5783e+05,379719,1,-473.4,-829.69,704.73,1435.1,114.87,7.6356,-433.14,-125.3,78.784,1921.3,143419,164,1242,2074,-0.12588,1.4616,1.638
-1439.6,-144.75,8.9154,-0.589,-14.012,1446.9,5.5748e+05,379717,1,-660.27,-841.56,694.66,1444.2,151.46,-16.097,-412.75,-150.79,100.38,1984.6,145275,164,924,2073,-0.13593,1.4616,1.6372
-1431.1,-159.19,12.926,-1.1906,-20.676,1439.9,5.6034e+05,379715,1,-932.57,-726.53,565.22,1450.7,201.17,-50.261,-435.6,-171.26,113.94,2024,147448,164,924,2073,-0.14597,1.4616,1.6363
-1420.4,-173.5,17.357,-1.649,-27.799,1430.7,5.619e+05,379713,1,-1139.3,-704.1,519.29,1461.4,213.82,-50.409,-497.56,-157.49,92.624,2128,165591,164,924,2073,-0.15601,1.4616,1.6354
-1410,-188.67,22.982,-1.8605,-36.42,1422.3,5.5977e+05,379711,1,-969.32,-817.37,634.39,1556.4,186.24,-8.6804,-630.78,-120.86,44.069,2209.4,168429,164,924,2073,-0.16604,1.4616,1.6344
-1401.1,-204.5,29.743,-1.6581,-46.264,1415.5,5.5764e+05,379709,1,-974.74,-892.09,693.27,1610.8,183.77,8.5653,-698.91,-115.73,28.402,2314.3,172689,164,924,2073,-0.17606,1.4616,1.6333
-1494.5,562.66,-250.65,-0.0017939,367.7,1574.1,6.7312e+05,378567,1,80.152,-1272.6,1149.9,1695.5,-170.05,-144.01,-636.19,30.578,84.429,2507,224860,164,1242,2074,0.28425,1.4717,1.6089
-1493.3,545.67,-244.22,-0.0019238,358.71,1568,6.7514e+05,378565,1,77.014,-1272.5,1149.7,1696.8,-164.86,-138.42,-636.44,28.549,82.334,2507,224859,164,1242,2074,0.27438,1.4717,1.6106
-1492.1,528.66,-237.79,-0.0019142,349.69,1562.1,6.7306e+05,378563,1,73.509,-1271.5,1149.9,1698.2,-159.16,-132.07,-636.66,26.332,79.98,2506.7,224818,164,1242,2074,0.26449,1.4717,1.6122
-1491,511.64,-231.36,-0.0020172,340.62,1556.4,6.7379e+05,378561,1,70.853,-1274.2,1148.4,1699.2,-154.45,-127.51,-636.88,24.441,78.229,2507.4,224898,164,1242,2074,0.25459,1.4717,1.6138
-1489.9,494.61,-224.93,-0.0020805,331.53,1550.9,6.7425e+05,378559,1,67.345,-1271.7,1149.3,1700.4,-148.9,-121.03,-636.98,22.311,75.852,2506.6,224803,164,1242,2074,0.24468,1.4717,1.6154
-1488.9,477.57,-218.51,-0.0020924,322.4,1545.5,6.748e+05,378557,1,64.512,-1272.3,1148.7,1701.3,-144.05,-115.92,-637.1,20.406,73.934,2506.6,224811,164,1242,2074,0.23477,1.4717,1.6168
-1487.9,460.52,-212.08,-0.0020422,313.24,1540.4,6.7309e+05,378555,1,61.554,-1271.6,1148.9,1702.2,-139.22,-110.54,-637.14,18.53,71.944,2506.2,224779,164,1242,2074,0.22484,1.4717,1.6183
-1486.9,443.46,-205.65,-0.0020735,304.05,1535.4,6.7478e+05,378553,1,58.36,-1273.8,1147.4,1703.1,-133.58,-104.85,-637.25,16.266,69.805,2506.6,224812,164,1242,2074,0.21491,1.4717,1.6196
-1486,426.39,-199.23,-0.002132,294.83,1530.6,6.7457e+05,378551,1,55.337,-1271.1,1148.5,1703.8,-128.92,-99.312,-637.18,14.499,67.79,2505.6,224722,164,1242,2074,0.20497,1.4717,1.6209
-1485.2,409.32,-192.81,-0.0021259,285.58,1526.1,6.7513e+05,378549,1,51.961,-1271.9,1147.7,1704.6,-123.15,-93.202,-637.17,12.209,65.526,2505.5,224712,164,1242,2074,0.19502,1.4717,1.6221
-1484.3,392.24,-186.39,-0.0021254,276.31,1521.7,6.7398e+05,378547,1,48.82,-1271.8,1147.4,1705.2,-117.92,-87.495,-637.11,10.162,63.42,2505.1,224677,164,1242,2074,0.18506,1.4717,1.6233
-1483.5,375.15,-179.97,-0.0021949,267.02,1517.4,6.7446e+05,378545,1,45.671,-1271.6,1147.1,1705.7,-112.69,-81.768,-637.02,8.1174,61.311,2504.7,224638,164,1242,2074,0.1751,1.4717,1.6244
-1482.8,358.06,-173.56,-0.0022209,257.7,1513.4,6.7403e+05,378543,1,42.525,-1271.4,1146.8,1706.2,-107.46,-76.031,-636.9,6.0756,59.199,2504.2,224594,164,1242,2074,0.16513,1.4717,1.6254
-1482,340.96,-167.15,-0.0023346,248.36,1509.6,6.7263e+05,378541,1,39.368,-1271.2,1146.5,1706.6,-102.24,-70.291,-636.74,4.0363,57.091,2503.7,224527,164,1242,2074,0.15515,1.4717,1.6264
-1481.4,323.86,-160.74,-0.0024367,239.01,1506,6.7283e+05,378539,1,35.818,-1269.9,1146.6,1706.9,-96.497,-63.844,-636.52,1.8063,54.753,2502.8,224454,164,1242,2074,0.14517,1.4717,1.6273
-1480.7,306.76,-154.34,-0.0024264,229.63,1502.6,6.7089e+05,378537,1,32.957,-1271.5,1145.5,1707.1,-91.41,-58.435,-636.35,-0.20512,52.738,2502.7,224447,164,1242,2074,0.13518,1.4717,1.6282
-1480.1,289.65,-147.94,-0.0024663,220.24,1499.3,6.7044e+05,378535,1,29.477,-1270.4,1145.4,1707.3,-85.687,-52.046,-636.07,-2.4308,50.425,2501.8,224379,164,1242,2074,0.12519,1.4717,1.629
-1479.6,272.55,-141.54,-0.002363,210.84,1496.3,6.688e+05,378533,1,26.92,-1270.3,1145.2,1707.3,-81.32,-47.232,-635.82,-4.12,48.657,2501.3,224323,164,1242,2074,0.11519,1.4717,1.6297
-1479,255.44,-135.15,-0.0021979,201.42,1493.5,6.6586e+05,378531,1,23.898,-1269.3,1145.2,1707.2,-76.422,-41.846,-635.42,-6.0337,46.725,2500.3,224247,164,1242,2074,0.10519,1.4717,1.6304
-1478.6,238.34,-128.77,-0.0017738,192,1490.9,6.6119e+05,378529,1,21.087,-1270.9,1144.2,1707.2,-71.263,-36.461,-635.19,-8.0976,44.761,2500.2,224240,164,1242,2074,0.095182,1.4717,1.631
-1478.1,221.23,-122.39,-0.0012466,182.56,1488.4,6.5501e+05,378527,1,17.374,-1269.6,1144.3,1706.8,-65.289,-30.211,-634.6,-10.513,42.611,2498.9,224120,164,1242,2074,0.085172,1.4717,1.6316
-1477.7,204.13,-116.02,-0.00063903,173.12,1486.2,6.5021e+05,378525,1,13.789,-1270.4,1143.5,1706.4,-59.227,-24.19,-634.01,-13.03,40.542,2498.3,224050,164,1242,2074,0.07516,1.4717,1.6321
-1477.3,187.03,-109.66,-5.0544e-05,163.68,1484.2,6.4707e+05,378523,1,10.29,-1267.3,1144.4,1705.4,-54.196,-19.091,-632.86,-15.102,38.897,2495.9,223847,164,1242,2074,0.065144,1.4717,1.6325
-1477,169.94,-103.3,0.00051189,154.24,1482.3,6.4393e+05,378521,1,6.8466,-1268.9,1143.4,1704.9,-48.573,-13.788,-632.33,-17.499,37.125,2495.6,223829,164,1242,2074,0.055126,1.4717,1.6329
-1476.7,152.86,-96.96,0.00091216,144.8,1480.7,6.4063e+05,378519,1,2.9845,-1269.6,1142.9,1704.4,-42.545,-8.0227,-631.86,-20.055,35.231,2495.2,197146,164,1242,2074,0.045106,1.4717,1.6332
-1476.4,135.78,-90.622,0.0012849,135.36,1479.3,6.3782e+05,378517,1,-0.46235,-1269.9,1142.7,1704.3,-36.867,-2.3791,-631.76,-22.403,33.339,2495.1,197136,164,1242,2074,0.035084,1.4717,1.6334
-1476.2,118.7,-84.284,0.0018439,125.92,1478,6.3501e+05,378515,1,-3.2272,-1267.5,1143.3,1704.1,-32.532,2.1574,-631.57,-24.12,31.832,2493.9,197066,164,1242,2074,0.025061,1.4717,1.6336
-1476,101.62,-77.949,0.0026947,116.46,1477,6.3229e+05,378513,1,-8.8326,-1268.2,1142.4,1700.9,-25.688,7.4737,-628.72,-27.363,30.446,2490.8,196883,164,1242,2074,0.015037,1.4717,1.6337
-1475.8,84.595,-71.669,0.0034082,107.09,1476.1,6.4516e+05,378511,1,-15.043,-1267.3,1141.5,1692.6,-18.466,11.421,-621.36,-31.22,30.046,2482.4,196294,164,1242,2074,0.0050119,1.4717,1.6338
-1475.7,67.682,-65.489,0.004016,97.854,1475.4,6.4603e+05,378509,1,-18.864,-1267.5,1141.7,1687.9,-13.602,15.705,-617.03,-33.422,28.845,2478.4,195934,164,1242,2074,-0.0050129,1.4717,1.6338
-1475.5,50.76,-59.307,-0.00081895,88.608,1474.9,6.4123e+05,378507,1,-24.427,-1268.5,1142.5,1689.5,-8.8281,23.509,-617.76,-34.748,25.612,2480.6,196190,164,1242,2074,-0.015038,1.4717,1.6337
-1475.4,33.804,-53.107,-0.014678,79.322,1474.6,6.3624e+05,378505,1,-35.701,-1267.9,1143,1687.6,-4.5463,31.015,-614.84,-35.713,22.414,2478.7,196000,164,1242,2074,-0.025062,1.4717,1.6336
-1475.2,16.91,-46.976,-0.041012,70.124,1474.4,6.4458e+05,378503,1,-47.006,-1271.7,1143.4,1677.1,-0.695,35.585,-605.76,-37.104,20.774,2471.7,194940,164,1242,2074,-0.035085,1.4717,1.6334
-1474.9,0.20603,-41.003,-0.060565,61.168,1474.2,6.5778e+05,378501,1,-50.807,-1274.5,1146.1,1662.1,3.8717,41.676,-596.07,-38.721,18.662,2462.1,194042,164,1242,2074,-0.045107,1.4717,1.6332
-1474.9,-16.419,-35.036,-0.031242,52.278,1474.5,6.6289e+05,378499,1,-33.205,-1279.1,1151.7,1666.9,7.0547,49.945,-604.48,-38.915,14.642,2468.4,194661,164,1242,2074,-0.055127,1.4717,1.6329
-1475.1,-33.238,-28.903,-0.002979,43.139,1475.1,6.5291e+05,378497,1,-26.483,-1277.5,1152.9,1683.2,9.596,58.509,-615.82,-38.932,10.588,2468.4,194665,164,1242,2074,-0.065145,1.4717,1.6325
-1475.3,-50.162,-22.723,-0.011908,33.894,1475.9,5.9076e+05,378495,1,-79.138,-1275,1144.8,1675.2,14.078,65.183,-599.16,-44.165,11.978,2468.4,194662,164,1242,2074,-0.075161,1.4717,1.6321
-1474.7,-66.848,-16.878,-0.14237,25.019,1476.1,5.6442e+05,378493,1,-243.66,-1207.7,1077.3,1599,33.115,54.352,-526.79,-68.98,34.675,2350,174752,164,1242,2074,-0.085173,1.4717,1.6316
-1473,-82.855,-11.552,-0.26097,16.936,1475.3,5.7344e+05,378491,1,-288.96,-1130.2,1000.3,1617.7,59.593,40.648,-540.1,-97.734,56.645,2299.6,172223,164,1242,2074,-0.095182,1.4717,1.631
-1468.6,-99.242,-6.359,-0.88102,8.5034,1472,5.676e+05,378489,1,-625.82,-983.76,848.72,1615.5,49.214,58.521,-523,-97.032,54.383,2231.9,169663,164,1242,2074,-0.10519,1.4717,1.6304
-1462.3,-114.67,-1.6176,-1.3424,0.9275,1466.8,5.4659e+05,378487,1,-588.98,-784.56,666.77,1448.5,36.754,68.929,-470.09,-81.315,40.17,1934.1,143776,164,1242,2074,-0.11519,1.4717,1.6297
-1458,-128.26,2.924,-0.66539,-5.0871,1463.7,5.4659e+05,378485,1,-557.19,-674.21,565.53,1358.3,99.847,14.222,-408.78,-93.267,52.913,1781.4,129257,164,1242,2074,-0.12519,1.4717,1.629
-1452,-141.84,6.473,-0.87598,-10.596,1458.9,5.5477e+05,378483,1,-736.57,-657.46,532.17,1360.3,156.4,-28.826,-361.16,-122.79,80.952,1812.6,132652,164,924,2073,-0.13518,1.4717,1.6282
-1443.2,-155.26,9.8956,-1.3092,-16.155,1451.5,5.5972e+05,378481,1,-920.99,-671.71,526.45,1396.4,198.95,-56.161,-409.51,-140.6,90.678,1940.3,143950,164,924,2073,-0.14517,1.4717,1.6273
-1433.7,-169.96,14.842,-1.6094,-23.822,1443.6,5.5805e+05,378479,1,-943.89,-780.39,616.42,1502.7,197.17,-34.94,-548.34,-132.83,67.671,2121.5,165393,164,924,2073,-0.15515,1.4717,1.6264
-1425.5,-185.33,20.983,-1.473,-32.772,1437.3,5.5628e+05,378477,1,-865.15,-874.1,703.73,1576.2,187.77,-9.8009,-648.15,-119.31,42.149,2228,169106,164,924,2073,-0.16513,1.4717,1.6254
-1417.9,-201.38,27.685,-1.4201,-42.632,1431.8,5.5478e+05,378475,1,-886.81,-898.21,717.78,1644.3,174.2,18.922,-705.43,-119.72,32.586,2314.3,172690,164,924,2073,-0.1751,1.4717,1.6244
-1518.8,576.45,-256.48,-0.0028575,373.42,1601.7,6.8411e+05,377347,1,83.486,-1262.4,1155,1694.5,-175.4,-147.5,-635.87,32.865,85.904,2504.2,224598,164,1242,2074,0.29249,1.4817,1.5982
-1517.5,559.57,-250.09,-0.0029846,364.56,1595.5,6.8397e+05,377345,1,80.321,-1262.4,1154.8,1695.9,-170.21,-141.99,-636.16,30.838,83.837,2504.3,224603,164,1242,2074,0.28268,1.4817,1.6
-1516.4,542.66,-243.7,-0.0030695,355.67,1589.6,6.8457e+05,377343,1,77.161,-1262.4,1154.6,1697.1,-165.01,-136.46,-636.41,28.808,81.764,2504.3,224601,164,1242,2074,0.27286,1.4817,1.6017
-1515.2,525.75,-237.3,-0.0031375,346.75,1583.8,6.8438e+05,377341,1,74.519,-1262.4,1154.5,1698.2,-160.69,-131.84,-636.58,27.127,80.024,2504.3,224604,164,1242,2074,0.26302,1.4817,1.6033
-1514.1,508.83,-230.91,-0.0032125,337.79,1578.2,6.8522e+05,377339,1,70.831,-1262.3,1154.2,1699.5,-154.61,-125.36,-636.78,24.739,77.616,2504.1,224587,164,1242,2074,0.25318,1.4817,1.6049
-1513,491.89,-224.52,-0.0032152,328.8,1572.7,6.8442e+05,377337,1,67.667,-1262.2,1154,1700.6,-149.4,-119.78,-636.91,22.699,75.534,2504,224556,164,1242,2074,0.24333,1.4817,1.6064
-1512,474.94,-218.13,-0.0032706,319.77,1567.5,6.8475e+05,377335,1,64.514,-1262.2,1153.7,1701.5,-144.18,-114.2,-637.01,20.658,73.458,2503.8,224535,164,1242,2074,0.23347,1.4817,1.6079
-1511,457.99,-211.74,-0.0033044,310.72,1562.4,6.8582e+05,377333,1,60.946,-1261,1153.9,1702.5,-138.45,-107.87,-637.04,18.428,71.129,2503.2,224494,164,1242,2074,0.2236,1.4817,1.6093
-1510,441.02,-205.35,-0.0033589,301.63,1557.5,6.8589e+05,377331,1,58.297,-1263.7,1152.4,1703.3,-133.72,-103.25,-637.13,16.524,69.372,2503.8,224534,164,1242,2074,0.21372,1.4817,1.6106
-1509.1,424.05,-198.97,-0.0034563,292.52,1552.8,6.8681e+05,377329,1,54.71,-1261.1,1153.3,1704.1,-128.14,-96.844,-637.06,14.383,67.042,2502.7,224448,164,1242,2074,0.20383,1.4817,1.6119
-1508.2,407.07,-192.58,-0.0034821,283.38,1548.3,6.8662e+05,377327,1,51.828,-1261.7,1152.7,1704.7,-123.27,-91.722,-637.05,12.468,65.138,2502.6,224440,164,1242,2074,0.19394,1.4817,1.6131
-1507.4,390.09,-186.2,-0.0034901,274.22,1544,6.8645e+05,377325,1,48.651,-1261.6,1152.4,1705.3,-118.04,-86.069,-636.98,10.421,63.053,2502.2,224415,164,1242,2074,0.18403,1.4817,1.6143
-1506.6,373.1,-179.82,-0.003555,265.04,1539.8,6.8608e+05,377323,1,45.46,-1261.4,1152.1,1705.8,-112.8,-80.401,-636.89,8.3737,60.967,2501.8,224384,164,1242,2074,0.17413,1.4817,1.6154
-1505.8,356.1,-173.45,-0.0035988,255.83,1535.9,6.8553e+05,377321,1,42.272,-1261.3,1151.8,1706.3,-107.57,-74.735,-636.76,6.3281,58.886,2501.4,224343,164,1242,2074,0.16421,1.4817,1.6164
-1505.1,339.1,-167.07,-0.0037106,246.61,1532.1,6.8532e+05,377319,1,38.642,-1260,1151.9,1706.7,-101.82,-68.384,-636.55,4.095,56.578,2500.5,224267,164,1242,2074,0.15429,1.4817,1.6174
-1504.4,322.09,-160.7,-0.0038772,237.36,1528.6,6.8562e+05,377317,1,36.309,-1261.9,1150.7,1707,-97.613,-64.069,-636.48,2.425,54.957,2500.7,224280,164,1242,2074,0.14436,1.4817,1.6183
-1503.8,305.09,-154.34,-0.0039529,228.1,1525.2,6.8501e+05,377315,1,32.807,-1259.9,1151.2,1707.1,-92.215,-58.03,-636.17,0.33304,52.795,2499.5,224169,164,1242,2074,0.13443,1.4817,1.6192
-1503.2,288.08,-147.98,-0.003971,218.83,1522,6.8468e+05,377313,1,30.003,-1261.4,1150,1707.3,-87.11,-52.687,-636,-1.7023,50.827,2499.3,224154,164,1242,2074,0.12449,1.4817,1.62
-1502.6,271.07,-141.62,-0.0038292,209.54,1519,6.8198e+05,377311,1,26.312,-1259.9,1149.9,1707.3,-81.283,-46.35,-635.56,-4.0045,48.58,2498,224025,164,1242,2074,0.11455,1.4817,1.6207
-1502.1,254.06,-135.27,-0.0036957,200.24,1516.2,6.8024e+05,377309,1,23.258,-1259.5,1149.4,1707.1,-75.98,-40.7,-635.15,-6.1132,46.564,2497.1,223935,164,1242,2074,0.1046,1.4817,1.6214
-1501.6,237.05,-128.92,-0.0031335,190.93,1513.6,6.7294e+05,377307,1,20.374,-1259.9,1148.7,1706.9,-71.027,-35.538,-634.79,-8.0995,44.718,2496.4,223893,164,1242,2074,0.094654,1.4817,1.622
-1501.1,220.04,-122.58,-0.0024314,181.62,1511.3,6.6492e+05,377305,1,16.467,-1256.7,1149.1,1706.3,-65.152,-29.453,-633.88,-10.503,42.702,2494,197080,164,1242,2074,0.0847,1.4817,1.6225
-1500.7,203.04,-116.25,-0.0016818,172.3,1509.1,6.5819e+05,377303,1,13.26,-1258.9,1147.6,1705.7,-59.259,-23.753,-633.26,-12.966,40.713,2493.7,197053,164,1242,2074,0.074743,1.4817,1.623
-1500.4,186.05,-109.93,-0.00087148,162.99,1507,6.5188e+05,377301,1,9.4041,-1256.5,1147.8,1704.6,-53.46,-18.121,-632.05,-15.412,38.917,2491.3,196913,164,1242,2074,0.064783,1.4817,1.6234
-1500,169.06,-103.62,-4.2521e-05,153.68,1505.2,6.4581e+05,377299,1,6.839,-1258.7,1146.8,1704.3,-49.077,-13.867,-631.73,-17.215,37.409,2491.5,196922,164,1242,2074,0.05482,1.4817,1.6238
-1499.7,152.08,-97.322,0.00058472,144.37,1503.6,6.4073e+05,377297,1,3.0067,-1256.4,1147.1,1703.6,-43.279,-8.2885,-630.96,-19.651,35.65,2489.7,196812,164,1242,2074,0.044856,1.4817,1.6241
-1499.4,135.1,-91.025,0.0012734,135.05,1502.2,6.3583e+05,377295,1,-0.38232,-1258.9,1146,1703.9,-37.322,-2.6175,-631.24,-22.153,33.721,2490.5,196869,164,1242,2074,0.034889,1.4817,1.6244
-1499.2,118.12,-84.729,0.002094,125.73,1501,6.306e+05,377293,1,-4.9886,-1255.6,1146.2,1702.7,-31.008,2.9333,-630.17,-24.955,32.172,2487.8,196703,164,1242,2074,0.024922,1.4817,1.6245
-1499,101.15,-78.443,0.0028196,116.41,1499.9,6.32e+05,377291,1,-10.34,-1255.6,1145.1,1697.8,-25.231,7.3584,-625.78,-27.713,31.053,2482.9,196313,164,1242,2074,0.014953,1.4817,1.6247
-1498.8,84.268,-72.246,0.0034891,107.22,1499.1,6.4518e+05,377289,1,-15.863,-1254.9,1144.4,1690.4,-18.362,11.545,-619.14,-31.306,30.46,2475.5,195491,164,1242,2074,0.0049841,1.4817,1.6247
-1498.6,67.45,-66.105,0.003629,98.106,1498.4,6.4248e+05,377287,1,-19.141,-1254.9,1144.3,1689.7,-12.729,18.532,-618.21,-33.372,27.898,2474.7,195197,164,1242,2074,-0.0049851,1.4817,1.6247
-1498.5,50.59,-59.932,-0.0012954,88.937,1497.9,6.3541e+05,377285,1,-23.468,-1255.1,1144.4,1691.9,-9.4973,24.244,-619.71,-34.063,25.356,2476.8,195548,164,1242,2074,-0.014954,1.4817,1.6247
-1498.4,33.712,-53.754,-0.013984,79.747,1497.6,6.3096e+05,377283,1,-33.752,-1253.8,1143.9,1689.3,-5.0061,29.728,-616.43,-35.633,23.356,2473.5,195082,164,1242,2074,-0.024923,1.4817,1.6245
-1498.2,16.905,-47.653,-0.039484,70.657,1497.3,6.4082e+05,377281,1,-47.221,-1256.8,1143,1676.2,0.10306,35.871,-604.68,-37.52,21.195,2463.1,194122,164,1242,2074,-0.03489,1.4817,1.6244
-1497.9,0.27471,-41.705,-0.061667,61.797,1497.2,6.5509e+05,377279,1,-43.151,-1252.8,1142.8,1664.5,5.0729,42.06,-599.13,-39.063,18.857,2451.6,192723,164,1242,2074,-0.044857,1.4817,1.6241
-1497.9,-16.296,-35.729,-0.019886,52.965,1497.5,6.5725e+05,377277,1,-26.934,-1257.4,1145,1672.4,7.4793,50.698,-608.69,-38.478,14.125,2462.7,194089,164,1242,2074,-0.054821,1.4817,1.6238
-1498.1,-33.063,-29.606,0.0011599,43.896,1498.1,6.2739e+05,377275,1,-25.942,-1251.5,1142.5,1685.8,10.341,56.789,-617.48,-39.365,11.711,2468.4,194659,164,1242,2074,-0.064784,1.4817,1.6234
-1498.3,-49.927,-23.438,-0.010991,34.727,1499,5.4441e+05,377273,1,-83.084,-1251.6,1138.6,1680.4,15.735,61.252,-599.85,-41.494,10.955,2461.6,194000,164,1242,2074,-0.074744,1.4817,1.623
-1497,-66.557,-17.821,-0.33288,26.04,1498.4,5.3718e+05,377271,1,-417.08,-1182.9,1058.5,1591.1,21.851,62.123,-477.01,-60.766,31.215,2337.1,173908,164,1242,2074,-0.084701,1.4817,1.6225
-1492.2,-81.264,-13.911,-0.78585,19.744,1494.3,5.6265e+05,377269,1,-609.08,-974.17,852.3,1573.8,63.245,34.924,-514.57,-113.82,73.544,2193.5,167621,164,1242,2074,-0.094654,1.4817,1.622
-1485.1,-98.539,-7.8252,-1.5191,9.9259,1488.4,5.6704e+05,377267,1,-890.36,-809.54,680.49,1662.8,94.971,20.932,-558.14,-110.7,65.105,2231.9,169662,164,1242,2074,-0.1046,1.4817,1.6214
-1474.3,-114.98,-2.492,-2.5123,0.94745,1478.8,5.4622e+05,377265,1,-946.71,-625.6,507.03,1441.1,83.421,24.206,-502.8,-94.265,51.228,1973.1,144891,164,1242,2074,-0.11455,1.4817,1.6207
-1468.8,-126.56,1.4989,-1.0198,-3.3277,1474.2,5.431e+05,377263,1,-583.31,-577.38,481.82,1244.9,93.595,10.241,-367.21,-79.35,44.366,1781.4,129254,164,924,2073,-0.12449,1.4817,1.62
-1463.1,-138.62,4.3328,-0.76335,-7.2345,1469.7,5.5675e+05,377261,1,-649.65,-630.62,523.05,1266.7,164.27,-44.445,-313.26,-102.25,67.339,1781.4,129255,164,924,2073,-0.13443,1.4817,1.6192
-1456.1,-151.79,7.6216,-1.0736,-12.425,1463.9,5.5753e+05,377259,1,-826.03,-753.7,614.95,1413.3,188.14,-44.864,-435.14,-115.13,65.883,1967.3,144736,164,924,2073,-0.14436,1.4817,1.6183
-1448.7,-166.29,12.528,-1.1835,-19.777,1458.1,5.5809e+05,377257,1,-750.41,-832.33,692.28,1498.4,201.31,-42.43,-535.26,-126.76,65.311,2080.8,164094,164,924,2073,-0.15429,1.4817,1.6174
-1441.8,-181.86,18.649,-1.1588,-28.765,1453,5.5762e+05,377255,1,-831.12,-870.31,713.2,1604.4,200.78,-21.019,-646.33,-143.35,65.74,2239.3,170080,164,924,2073,-0.16421,1.4817,1.6164
-1434.2,-198.28,25.391,-1.3813,-38.92,1447.6,5.5596e+05,377253,1,-1036.2,-820.02,638.81,1657.6,203.54,-6.4457,-689.66,-158.82,70.75,2334.3,173758,164,924,2073,-0.17413,1.4817,1.6154
-1541.8,573.24,-255.87,-0.004026,370.22,1623,6.9391e+05,376137,1,83.655,-1252.2,1159.9,1694.8,-175.53,-145.43,-635.88,33.114,85.293,2501.5,224353,164,1242,2074,0.29085,1.4916,1.5892
-1540.6,556.45,-249.52,-0.0041533,361.47,1617,6.9517e+05,376135,1,80.469,-1252.2,1159.7,1696.2,-170.35,-139.96,-636.14,31.095,83.237,2501.5,224356,164,1242,2074,0.28109,1.4916,1.591
-1539.4,539.64,-243.17,-0.0042143,352.68,1611.1,6.953e+05,376133,1,77.254,-1252.1,1159.5,1697.5,-165.14,-134.5,-636.36,29.057,81.192,2501.5,224351,164,1242,2074,0.27132,1.4916,1.5927
-1538.2,522.82,-236.81,-0.0043563,343.85,1605.4,6.9556e+05,376131,1,73.814,-1253.1,1158.7,1698.7,-159.41,-128.66,-636.59,26.787,79.002,2501.6,224367,164,1242,2074,0.26155,1.4916,1.5943
-1537.1,505.99,-230.46,-0.0043681,334.99,1599.9,6.9615e+05,376129,1,70.758,-1250.3,1159.9,1699.8,-154.75,-123.21,-636.68,25.026,77.001,2500.8,224291,164,1242,2074,0.25176,1.4916,1.5959
-1536,489.15,-224.1,-0.0044667,326.1,1594.5,6.9652e+05,376127,1,67.503,-1252.7,1158.4,1700.9,-149.14,-117.74,-636.86,22.78,74.929,2501.3,224337,164,1242,2074,0.24196,1.4916,1.5974
-1535,472.3,-217.75,-0.0044958,317.18,1589.4,6.9644e+05,376125,1,64.504,-1251.9,1158.6,1701.8,-144.31,-112.47,-636.92,20.915,72.97,2500.9,224300,164,1242,2074,0.23216,1.4916,1.5988
-1534,455.44,-211.4,-0.0045695,308.23,1584.4,6.9651e+05,376123,1,61.844,-1251.9,1158.4,1702.5,-139.96,-107.84,-636.97,19.23,71.239,2500.8,224292,164,1242,2074,0.22234,1.4916,1.6002
-1533,438.57,-205.05,-0.0046405,299.25,1579.6,6.9673e+05,376121,1,58.09,-1251.8,1158.1,1703.4,-133.85,-101.37,-636.98,16.829,68.848,2500.4,224258,164,1242,2074,0.21252,1.4916,1.6016
-1532.1,421.7,-198.7,-0.0047323,290.24,1574.9,6.9755e+05,376119,1,54.881,-1251.7,1157.8,1704.2,-128.62,-95.802,-636.96,14.781,66.79,2500.1,224230,164,1242,2074,0.20269,1.4916,1.6029
-1531.2,404.82,-192.35,-0.0047343,281.22,1570.5,6.9722e+05,376117,1,51.981,-1252.3,1157.3,1704.8,-123.75,-90.733,-636.95,12.867,64.905,2500,224225,164,1242,2074,0.19285,1.4916,1.6041
-1530.4,387.93,-186.01,-0.0048078,272.16,1566.2,6.9612e+05,376115,1,48.328,-1249.7,1158.1,1705.4,-118.16,-84.4,-636.82,10.733,62.606,2498.9,224121,164,1242,2074,0.183,1.4916,1.6052
-1529.6,371.03,-179.67,-0.0049014,263.09,1562.2,6.9785e+05,376113,1,45.086,-1252,1156.6,1706,-112.52,-78.736,-636.78,8.4713,60.496,2499.1,224135,164,1242,2074,0.17315,1.4916,1.6063
-1528.8,354.13,-173.33,-0.00498,253.99,1558.3,6.9675e+05,376111,1,42.016,-1251.1,1156.8,1706.4,-107.67,-73.424,-636.63,6.5984,58.549,2498.5,224077,164,1242,2074,0.16329,1.4916,1.6073
-1528.1,337.22,-166.99,-0.0050498,244.88,1554.6,6.9686e+05,376109,1,39.342,-1251,1156.6,1706.7,-103.31,-68.751,-636.49,4.9097,56.822,2498.2,224040,164,1242,2074,0.15342,1.4916,1.6083
-1527.4,320.32,-160.66,-0.0051867,235.74,1551.1,6.9587e+05,376107,1,35.496,-1250.7,1156.1,1707,-97.147,-62.228,-636.21,2.4701,54.465,2497.4,223972,164,1242,2074,0.14355,1.4916,1.6092
-1526.8,303.4,-154.33,-0.0053733,226.6,1547.7,6.9418e+05,376105,1,32.165,-1250.5,1155.8,1707.1,-91.846,-56.645,-635.95,0.36719,52.459,2496.8,223909,164,1242,2074,0.13368,1.4916,1.6101
-1526.1,286.49,-148.01,-0.0053585,217.44,1544.6,6.9255e+05,376103,1,28.848,-1250.1,1155.3,1707.2,-86.5,-51.103,-635.6,-1.7894,50.505,2495.9,223850,164,1242,2074,0.12379,1.4916,1.6109
-1525.6,269.58,-141.69,-0.005364,208.26,1541.7,6.9115e+05,376101,1,25.541,-1249.7,1154.8,1707.1,-81.124,-45.567,-635.24,-3.97,48.571,2495,197126,164,1242,2074,0.11391,1.4916,1.6116
-1525,252.67,-135.38,-0.0051225,199.08,1538.9,6.8772e+05,376099,1,22.628,-1249.9,1153.9,1706.9,-76.15,-40.479,-634.81,-5.9962,46.776,2494.1,197084,164,1242,2074,0.10402,1.4916,1.6123
-1524.5,235.76,-129.07,-0.0046866,189.89,1536.4,6.8235e+05,376097,1,18.433,-1247.5,1153.6,1706.4,-69.855,-34.169,-634.04,-8.6406,44.719,2491.9,196943,164,1242,2074,0.094122,1.4916,1.6129
-1524.1,218.85,-122.77,-0.0039824,180.7,1534,6.7398e+05,376095,1,15.779,-1247.6,1152.5,1706,-64.829,-29.121,-633.48,-10.716,42.979,2490.7,196871,164,1242,2074,0.084224,1.4916,1.6134
-1523.7,201.95,-116.49,-0.0030124,171.5,1531.8,6.655e+05,376093,1,12.326,-1246.1,1152.1,1705.1,-59.689,-24.059,-632.48,-12.857,41.303,2488.7,196748,164,1242,2074,0.074323,1.4916,1.6139
-1523.3,185.06,-110.21,-0.0020022,162.31,1529.8,6.5703e+05,376091,1,9.0297,-1246.1,1151,1704.2,-53.789,-18.308,-631.56,-15.309,39.352,2487.1,196570,164,1242,2074,0.064419,1.4916,1.6143
-1522.9,168.17,-103.94,-0.00089068,153.13,1528.1,6.4757e+05,376089,1,5.9389,-1247.6,1150,1703.6,-48.296,-12.997,-630.98,-17.577,37.51,2486.7,196544,164,1242,2074,0.054512,1.4916,1.6147
-1522.6,151.3,-97.685,6.6967e-05,143.94,1526.5,6.3957e+05,376087,1,2.4688,-1244.1,1150.4,1702.9,-43.272,-8.0603,-630.22,-19.644,35.959,2484.4,196420,164,1242,2074,0.044604,1.4916,1.615
-1522.4,134.42,-91.431,0.0011463,134.75,1525.1,6.3094e+05,376085,1,-1.2818,-1244.9,1149.6,1702.8,-37.074,-2.3341,-630.13,-22.271,34.101,2484.2,196402,164,1242,2074,0.034693,1.4916,1.6152
-1522.1,117.54,-85.179,0.0021354,125.55,1523.9,6.2222e+05,376083,1,-6.1899,-1244.4,1149.1,1701.1,-31.317,2.8155,-628.52,-24.775,32.525,2482.1,196266,164,1242,2074,0.024782,1.4916,1.6154
-1521.9,100.7,-78.961,0.0022938,116.4,1522.8,6.3499e+05,376081,1,-12.716,-1243,1147.7,1694.3,-24.09,6.6257,-622.29,-28.729,32.27,2474.5,195165,164,1242,2074,0.014869,1.4916,1.6155
-1521.6,83.953,-72.838,0.0029779,107.38,1521.9,6.409e+05,376079,1,-16.69,-1242.1,1146.8,1689.2,-17.341,10.832,-617.71,-32.213,31.634,2468.9,194720,164,1242,2074,0.0049561,1.4916,1.6156
-1521.5,67.206,-66.712,0.0028217,98.348,1521.2,6.372e+05,376077,1,-18.071,-1242.2,1146.8,1690.9,-13.933,16.327,-619.25,-33.051,29.243,2470.5,194842,164,1242,2074,-0.0049572,1.4916,1.6156
-1521.4,50.413,-60.551,-0.0018073,89.256,1520.8,6.2839e+05,376075,1,-24.092,-1241.9,1146.3,1693.3,-9.1965,24.08,-620.82,-34.172,25.837,2472.3,194997,164,1242,2074,-0.01487,1.4916,1.6155
-1521.2,33.623,-54.404,-0.01469,80.173,1520.4,6.245e+05,376073,1,-36.323,-1241.3,1145.6,1688.7,-4.2943,29.851,-615.52,-35.88,23.706,2467.3,194526,164,1242,2074,-0.024783,1.4916,1.6154
-1521,16.927,-48.356,-0.040245,71.222,1520.2,6.3766e+05,376071,1,-49.387,-1240.2,1144.2,1674.6,2.4321,33.684,-603.27,-39.057,23.138,2453.8,192920,164,1242,2074,-0.034694,1.4916,1.6152
-1520.7,0.40397,-42.451,-0.057267,62.49,1520,6.5667e+05,376069,1,-43.653,-1239.4,1144.9,1669.8,8.6163,39.178,-603.61,-41.282,21.119,2450.5,192646,164,1242,2074,-0.044605,1.4916,1.615
-1520.7,-16.143,-36.449,-0.015157,53.679,1520.3,6.5227e+05,376067,1,-30.364,-1240.3,1142.4,1675.4,9.1749,48.131,-610.69,-40.188,16.414,2455.3,193026,164,1242,2074,-0.054513,1.4916,1.6147
-1520.8,-32.866,-30.332,-0.0079495,44.664,1520.8,6.0043e+05,376065,1,-35.515,-1233,1137.8,1684.8,14.193,54.106,-616.08,-42.534,14.729,2457.5,193208,164,1242,2074,-0.06442,1.4916,1.6143
-1520.9,-49.532,-24.266,-0.0016672,35.726,1521.5,5.5391e+05,376063,1,-160.87,-1185.6,1088,1642.6,49.476,29.816,-558.38,-73.593,42.465,2374,177468,164,1242,2074,-0.074324,1.4916,1.6139
-1519.3,-65.822,-18.92,-0.33955,27.48,1520.6,5.3119e+05,376061,1,-648.18,-1077.3,961.95,1601.8,84.637,3.9692,-435.74,-107.29,77.396,2299.2,172211,164,1242,2074,-0.084225,1.4916,1.6134
-1508.6,-81.195,-16.05,-2.2764,21.157,1510.7,5.4673e+05,376059,1,-1065.8,-866.97,740,1470.4,51.568,36.912,-402.6,-108.93,77.377,2186.6,167325,164,1242,2074,-0.094123,1.4916,1.6129
-1499.6,-94.712,-10.989,-1.3696,14.684,1502.5,5.6988e+05,376057,1,-1186.4,-678.72,549,1613.5,144.34,-28.372,-587.12,-153.86,104.06,2231.9,169661,164,1242,2074,-0.10402,1.4916,1.6123
-1484.7,-112.97,-4.5061,-3.0255,3.3641,1489,5.5564e+05,376055,1,-1120.3,-582.87,461.66,1516.6,204.22,-83.396,-567.28,-153.13,102.17,2124.2,165482,164,1242,2074,-0.11391,1.4916,1.6116
-1478.1,-124.59,0.087489,-1.2397,-1.4628,1483.3,5.4499e+05,376053,1,-558.45,-579.68,494.44,1205.5,168.67,-63.85,-393.71,-115.55,77.156,1781.4,129253,164,924,2073,-0.12379,1.4916,1.6109
-1474.2,-135.7,2.6888,-0.45803,-4.4403,1480.5,5.5588e+05,376051,1,-449.3,-642.75,558.33,1212.3,144.82,-33.162,-293.37,-82.339,51.803,1781.4,129252,164,924,2073,-0.13368,1.4916,1.6101
-1470.1,-148.49,5.7991,-0.51078,-9.058,1477.6,5.5747e+05,376049,1,-560.34,-766.55,660.44,1354.6,167.81,-34.457,-370.43,-102.62,61.888,1831.3,135239,164,924,2073,-0.14355,1.4916,1.6092
-1464.7,-162.43,9.9744,-0.69258,-15.37,1473.7,5.6076e+05,376047,1,-724.39,-861.42,728.84,1518.3,205.01,-43.511,-529.23,-151.07,88.919,2111.4,165116,164,924,2073,-0.15342,1.4916,1.6083
-1457.9,-178.03,15.704,-1.0243,-24.11,1468.6,5.6134e+05,376045,1,-855.44,-851.74,703.06,1611.5,216.16,-36.85,-627.71,-173.5,97.205,2242.8,170201,164,924,2073,-0.16329,1.4916,1.6073
-1449.3,-194.15,22.161,-1.391,-33.939,1462,5.6277e+05,376043,1,-1093.2,-801.13,626.37,1643.6,228.17,-36.426,-665.22,-184.97,100.81,2339,174020,164,924,2073,-0.17315,1.4916,1.6063
-1436.5,-210.4,28.625,-2.275,-44.315,1451.5,5.6282e+05,376041,1,-1506.7,-722.85,500.36,1583.3,283.67,-84.461,-669.17,-220.89,129.61,2480.1,196100,164,924,2073,-0.183,1.4916,1.6052
-1563.5,553.31,-248.94,-0.0053813,358.41,1638.4,7.0637e+05,374939,1,80.545,-1241.9,1164.5,1696.5,-170.45,-137.95,-636.11,31.336,82.643,2498.7,224097,164,1242,2074,0.27949,1.5015,1.5819
-1562.3,536.6,-242.63,-0.0055068,349.71,1632.6,7.0693e+05,374937,1,77.319,-1241.8,1164.3,1697.8,-165.25,-132.54,-636.31,29.297,80.621,2498.6,224087,164,1242,2074,0.26978,1.5015,1.5836
-1561.2,519.88,-236.31,-0.005538,340.99,1627,7.0677e+05,374935,1,74.096,-1241.8,1164,1698.9,-160.04,-127.12,-636.5,27.255,78.6,2498.5,224078,164,1242,2074,0.26006,1.5015,1.5852
-1560.1,503.14,-230,-0.0056048,332.23,1621.6,7.0736e+05,374933,1,70.485,-1240.7,1164.2,1700.2,-154.32,-120.95,-636.66,25.039,76.315,2498.1,224035,164,1242,2074,0.25033,1.5015,1.5868
-1559,486.4,-223.68,-0.0057126,323.44,1616.3,7.0724e+05,374931,1,68.073,-1242.8,1163.1,1700.9,-150.14,-116.94,-636.79,23.386,74.774,2498.6,224084,164,1242,2074,0.24059,1.5015,1.5883
-1557.9,469.64,-217.36,-0.0057306,314.62,1611.2,7.0778e+05,374929,1,64.484,-1241.6,1163.3,1702,-144.42,-110.72,-636.87,21.18,72.469,2498.1,224032,164,1242,2074,0.23084,1.5015,1.5898
-1556.9,452.88,-211.05,-0.0058454,305.77,1606.3,7.0733e+05,374927,1,60.705,-1241.5,1163,1703,-138.33,-104.31,-636.88,18.795,70.091,2497.7,223997,164,1242,2074,0.22108,1.5015,1.5911
-1556,436.11,-204.74,-0.0059012,296.9,1601.6,7.0713e+05,374925,1,57.607,-1240.4,1163.3,1703.7,-133.46,-99.02,-636.84,16.92,68.135,2497.2,223949,164,1242,2074,0.21131,1.5015,1.5925
-1555.1,419.33,-198.43,-0.0059925,288,1597,7.0767e+05,374923,1,54.915,-1243.1,1161.8,1704.3,-128.71,-94.497,-636.9,15.008,66.427,2497.7,223998,164,1242,2074,0.20153,1.5015,1.5937
-1554.2,402.54,-192.12,-0.0060639,279.07,1592.7,7.0826e+05,374921,1,51.251,-1240.5,1162.7,1705,-123.12,-88.22,-636.78,12.869,64.148,2496.6,223902,164,1242,2074,0.19175,1.5015,1.5949
-1553.3,385.75,-185.81,-0.0060999,270.13,1588.5,7.0714e+05,374919,1,48.31,-1241.2,1162.1,1705.5,-118.25,-83.201,-636.75,10.954,62.288,2496.5,223898,164,1242,2074,0.18196,1.5015,1.5961
-1552.5,368.95,-179.51,-0.0062001,261.16,1584.5,7.0655e+05,374917,1,45.208,-1240.3,1162.2,1706,-113.38,-77.963,-636.63,9.0745,60.367,2495.9,223853,164,1242,2074,0.17216,1.5015,1.5972
-1551.8,352.15,-173.2,-0.0063145,252.17,1580.6,7.0501e+05,374915,1,41.62,-1241.6,1161.2,1706.5,-107.37,-71.818,-636.5,6.6831,58.105,2495.8,223840,164,1242,2074,0.16236,1.5015,1.5982
-1551,335.34,-166.91,-0.0063479,243.17,1577,7.0207e+05,374913,1,38.284,-1241.7,1160.7,1706.8,-101.96,-66.146,-636.29,4.5588,56.029,2495.3,197156,164,1242,2074,0.15255,1.5015,1.5992
-1550.4,318.53,-160.61,-0.0065003,234.15,1573.5,7.0022e+05,374911,1,35.35,-1239.5,1161.5,1706.9,-97.751,-61.471,-635.94,2.953,54.348,2494.2,197091,164,1242,2074,0.14274,1.5015,1.6001
-1549.7,301.71,-154.32,-0.0066237,225.11,1570.3,6.977e+05,374909,1,32.013,-1241,1160.3,1707,-92.238,-56.034,-635.65,0.70592,52.393,2494,197070,164,1242,2074,0.13292,1.5015,1.6009
-1549.1,284.9,-148.04,-0.0067256,216.07,1567.2,6.9606e+05,374907,1,28.324,-1239,1160.8,1706.9,-86.993,-50.573,-635.09,-1.3972,50.512,2492.5,196987,164,1242,2074,0.12309,1.5015,1.6017
-1548.5,268.09,-141.76,-0.0066891,207.01,1564.3,6.9336e+05,374905,1,24.489,-1239.4,1159.6,1706.7,-80.915,-44.807,-634.58,-3.9822,48.584,2491.6,196927,164,1242,2074,0.11326,1.5015,1.6024
-1547.9,251.28,-135.49,-0.006656,197.95,1561.6,6.9004e+05,374903,1,20.202,-1238.5,1158.6,1706.3,-74.386,-38.661,-633.89,-6.8175,46.63,2489.8,196825,164,1242,2074,0.10343,1.5015,1.6031
-1547.4,234.47,-129.23,-0.0064779,188.88,1559,6.8599e+05,374901,1,16.43,-1236.6,1158.3,1705.8,-69.111,-33.718,-633.18,-9.1119,45.107,2487.9,196707,164,1242,2074,0.093587,1.5015,1.6037
-1547,217.66,-122.97,-0.0059316,179.81,1556.7,6.7984e+05,374899,1,14.542,-1238.6,1156.1,1705.6,-64.297,-28.982,-632.97,-11.108,43.421,2487.5,196585,164,1242,2074,0.083746,1.5015,1.6042
-1546.5,200.86,-116.73,-0.0048771,170.73,1554.5,6.7234e+05,374897,1,9.7308,-1233.8,1156.3,1704.3,-58.462,-23.669,-631.53,-13.7,41.929,2483.7,196367,164,1242,2074,0.073901,1.5015,1.6047
-1546.1,184.07,-110.49,-0.003572,161.66,1552.6,6.6294e+05,374895,1,8.2719,-1235.8,1154.3,1703.9,-53.771,-18.805,-631.14,-15.54,40.097,2483.2,196341,164,1242,2074,0.064053,1.5015,1.6052
-1545.8,167.29,-104.27,-0.0021351,152.6,1550.8,6.5218e+05,374893,1,4.3517,-1233.6,1153.5,1703,-47.711,-12.878,-630.23,-18.04,38.152,2480.7,196193,164,1242,2074,0.054203,1.5015,1.6055
-1545.4,150.51,-98.052,-0.00073589,143.53,1549.2,6.4004e+05,374891,1,1.3124,-1234,1152.4,1702.5,-41.772,-6.9599,-629.77,-20.423,36.078,2479.8,196081,164,1242,2074,0.04435,1.5015,1.6058
-1545.2,133.74,-91.841,0.00059303,134.46,1547.8,6.2688e+05,374889,1,-3.051,-1229.9,1152.3,1701.5,-36.609,-2.2526,-628.68,-22.67,34.745,2476.7,195535,164,1242,2074,0.034496,1.5015,1.6061
-1544.9,116.97,-85.639,0.0015306,125.4,1546.6,6.1765e+05,374887,1,-7.865,-1233.3,1150.6,1699,-30.546,2.4216,-626.32,-25.517,33.424,2475.1,195233,164,1242,2074,0.024641,1.5015,1.6062
-1544.6,100.27,-79.507,0.00060867,116.43,1545.6,6.3798e+05,374885,1,-15.099,-1228.4,1149.8,1690.8,-23.913,5.7727,-618.62,-29.211,33.418,2464.8,194290,164,1242,2074,0.014785,1.5015,1.6064
-1544.4,83.631,-73.429,0.0015424,107.54,1544.7,6.3562e+05,374883,1,-16.881,-1230.4,1149.1,1689.8,-18.414,11.274,-618.07,-31.424,31.51,2464.6,194265,164,1242,2074,0.004928,1.5015,1.6064
-1544.2,66.953,-67.316,0.0016534,98.583,1544,6.3069e+05,374881,1,-19.429,-1228.3,1149,1693.8,-13.569,18.643,-621.71,-32.657,28.366,2467.3,194515,164,1242,2074,-0.004929,1.5015,1.6064
-1544.1,50.242,-61.177,-0.001984,89.585,1543.5,6.2327e+05,374879,1,-27.227,-1226.8,1147.9,1692.6,-7.7345,23.847,-620.06,-35.049,26.725,2464.8,194287,164,1242,2074,-0.014786,1.5015,1.6064
-1543.9,33.555,-55.072,-0.013315,80.625,1543.2,6.2141e+05,374877,1,-37.928,-1229.3,1146.2,1686.9,-2.2286,27.934,-613.93,-37.528,25.616,2460,193592,164,1242,2074,-0.024642,1.5015,1.6062
-1543.7,17,-49.099,-0.035701,71.847,1542.9,6.3328e+05,374875,1,-47.119,-1224.7,1146.3,1671.3,6.0121,30.242,-601.58,-41.668,26.129,2444.3,192143,164,1242,2074,-0.034497,1.5015,1.6061
-1543.5,0.60003,-43.232,-0.030482,63.251,1542.8,6.4893e+05,374873,1,-46.137,-1231.4,1148.7,1670.3,9.6108,36.146,-602.69,-41.952,22.881,2448.4,192485,164,1242,2074,-0.044351,1.5015,1.6058
-1543.5,-15.955,-37.204,-0.012259,54.435,1543,6.1597e+05,374871,1,-80.621,-1205.9,1124.8,1650.6,29.373,28.071,-583.64,-59.114,35.762,2407.8,189094,164,1242,2074,-0.054204,1.5015,1.6055
-1543.4,-32.573,-31.157,-0.027597,45.558,1543.4,5.7059e+05,374869,1,-129.7,-1130.9,1050.8,1627,86.258,-15.119,-559.23,-111.6,82.034,2320.9,172986,164,1242,2074,-0.064054,1.5015,1.6052
-1541.3,-47.714,-26.532,-0.14499,38.654,1541.7,5.585e+05,374867,1,-546.31,-869.46,787.73,1575.2,136.51,-54.694,-477.65,-176.38,143.15,2186.6,167327,164,10,2057,-0.073902,1.5015,1.6047
-1536.3,-63.595,-21.62,-0.68695,30.88,1537.5,5.5164e+05,374865,1,-983.16,-685.83,586.79,1636.5,140.97,-45.605,-428.87,-177.06,143.42,2186.6,167326,164,10,2057,-0.083747,1.5015,1.6042
-1523.1,-80.282,-17.591,-2.8234,22.702,1525.2,5.4545e+05,374863,1,-1409.4,-511.1,396.54,1522.4,165.13,-67.973,-429.97,-161.06,126.62,2195.1,167698,164,10,2057,-0.093588,1.5015,1.6037
-1509.8,-93.03,-13.837,-2.5986,17.448,1512.6,5.6383e+05,374861,1,-1319.7,-474.36,359.29,1393.2,142.67,-45.388,-499.92,-136.22,95.691,2082.5,164151,164,1242,2074,-0.10343,1.5015,1.6031
-1495.7,-107.46,-8.1259,-2.2542,9.4674,1499.6,5.6276e+05,374859,1,-1073.7,-562.05,451.52,1444.1,213.53,-98.784,-577.61,-146.42,96.44,2044,162590,164,1242,2074,-0.11326,1.5015,1.6024
-1488.8,-120.58,-2.6649,-0.93849,2.8918,1493.7,5.5229e+05,374857,1,-471.05,-688.62,611.64,1330.9,201.9,-87.371,-475.29,-135.62,91.04,1781.4,129258,164,1242,2074,-0.12309,1.5015,1.6017
-1486.7,-133.3,1.3109,-0.20237,-2.1273,1492.7,5.5469e+05,374855,1,-318.08,-711.14,640.07,1282.3,157.69,-40.658,-344.13,-110.18,74.666,1781.4,129251,164,924,2073,-0.13292,1.5015,1.6009
-1484.7,-145.8,4.1706,-0.15063,-6.2402,1491.8,5.6095e+05,374853,1,-373.91,-781.79,700.7,1314,128.87,-2.8796,-319.36,-89.637,55.486,1781.4,129256,164,924,2073,-0.14274,1.5015,1.6001
-1480.5,-158.92,7.3781,-0.44018,-11.216,1489,5.6318e+05,374851,1,-649.87,-830.83,717.03,1429.3,152.45,-7.0867,-421.01,-109.46,62.438,1971.3,144846,164,924,2073,-0.15255,1.5015,1.5992
-1473.1,-173.92,12.278,-1.0671,-19.005,1483.2,5.6712e+05,374849,1,-925.62,-842.22,697.02,1528.9,214.63,-46.275,-542.47,-172.44,106.74,2184.7,167266,164,924,2073,-0.16236,1.5015,1.5982
-1462.7,-189.73,18.403,-1.6641,-28.533,1474.8,5.7002e+05,374847,1,-1284.3,-802.98,614.95,1605.1,299.93,-107.96,-648.23,-237.37,152.79,2418.7,189962,164,924,2073,-0.17217,1.5015,1.5972
-1449.6,-204.87,24.539,-2.1312,-37.925,1463.7,5.7113e+05,374845,1,-1548.3,-940,709.86,1087.2,672.32,-512.15,-327.59,-491.05,427.19,2492.4,196980,164,924,2073,-0.18196,1.5015,1.5961
-1432.4,-217.66,29.434,-2.3654,-45.251,1448.5,5.7857e+05,374843,1,-1897.7,-828.04,550.86,1394.7,880.1,-662.34,-627.74,-642.97,530.72,2972.8,248066,164,924,2073,-0.19175,1.5015,1.5949
-1586.4,550.15,-248.36,-0.0067413,355.39,1659.8,7.1814e+05,373757,1,80.392,-1229.8,1169.9,1696.9,-170.55,-135.58,-636,31.598,81.941,2495.3,197164,164,1242,2074,0.27788,1.5113,1.5728
-1585.2,533.54,-242.08,-0.0068271,346.79,1654.1,7.1793e+05,373755,1,77.436,-1233.2,1168.1,1698,-165.3,-130.91,-636.28,29.466,80.167,2496.2,223873,164,1242,2074,0.26823,1.5113,1.5745
-1584.1,516.91,-235.81,-0.0068935,338.16,1648.6,7.1764e+05,373753,1,73.933,-1229.6,1169.4,1699.3,-160.13,-124.9,-636.45,27.51,77.973,2495.1,197139,164,1242,2074,0.25856,1.5113,1.5761
-1583,500.27,-229.53,-0.006869,329.5,1643.2,7.1671e+05,373751,1,71.283,-1232.4,1168,1700.2,-155.45,-120.55,-636.64,25.657,76.285,2495.8,223845,164,1242,2074,0.24889,1.5113,1.5777
-1581.9,483.63,-223.25,-0.0069922,320.81,1638,7.1805e+05,373749,1,67.672,-1231.3,1168.2,1701.4,-149.76,-114.38,-636.79,23.48,73.982,2495.4,197168,164,1242,2074,0.2392,1.5113,1.5792
-1580.8,466.97,-216.97,-0.0070597,312.09,1633,7.1757e+05,373747,1,64.037,-1230.2,1168.3,1702.4,-144.07,-108.21,-636.81,21.298,71.68,2494.8,197115,164,1242,2074,0.22951,1.5113,1.5806
-1579.8,450.3,-210.69,-0.0071962,303.34,1628.2,7.1714e+05,373745,1,61.6,-1232.3,1167.3,1702.9,-139.86,-104.21,-636.84,19.624,70.156,2495.3,197151,164,1242,2074,0.2198,1.5113,1.582
-1578.9,433.63,-204.42,-0.0072626,294.57,1623.6,7.1556e+05,373743,1,58.473,-1231.2,1167.6,1703.6,-134.99,-98.957,-636.78,17.751,68.212,2494.7,197108,164,1242,2074,0.21009,1.5113,1.5833
-1578,416.94,-198.14,-0.0073541,285.78,1619.1,7.1531e+05,373741,1,54.66,-1231.1,1167.2,1704.4,-128.86,-92.627,-636.72,15.336,65.888,2494.2,197093,164,1242,2074,0.20037,1.5113,1.5846
-1577.1,400.25,-191.87,-0.0073831,276.96,1614.8,7.1316e+05,373739,1,51.373,-1231,1167,1705.1,-123.59,-87.197,-636.68,13.276,63.891,2493.9,197069,164,1242,2074,0.19065,1.5113,1.5858
-1576.2,383.56,-185.6,-0.0075003,268.12,1610.6,7.1231e+05,373737,1,48.077,-1230.8,1166.7,1705.6,-118.34,-81.749,-636.6,11.214,61.896,2493.5,197043,164,1242,2074,0.18091,1.5113,1.5869
-1575.4,366.86,-179.34,-0.0076007,259.26,1606.7,7.1045e+05,373735,1,44.771,-1230.7,1166.4,1706.1,-113.07,-76.29,-636.5,9.1456,59.904,2493.1,197019,164,1242,2074,0.17117,1.5113,1.588
-1574.7,350.15,-173.08,-0.0077466,250.38,1602.9,7.0914e+05,373733,1,42.007,-1230.6,1166.2,1706.5,-108.69,-71.729,-636.35,7.4348,58.231,2492.7,197002,164,1242,2074,0.16143,1.5113,1.589
-1573.9,333.44,-166.82,-0.0077706,241.48,1599.4,7.0647e+05,373731,1,38.056,-1230.2,1165.7,1706.7,-102.51,-65.372,-636.02,4.9641,55.956,2491.8,196937,164,1242,2074,0.15167,1.5113,1.59
-1573.2,316.73,-160.56,-0.0079268,232.57,1596,7.0383e+05,373729,1,34.026,-1229.8,1165.2,1706.8,-96.27,-59.043,-635.53,2.4368,53.723,2490.7,196878,164,1242,2074,0.14192,1.5113,1.5909
-1572.6,300.01,-154.31,-0.0080187,223.65,1592.7,7.0035e+05,373727,1,30.9,-1230.6,1164.4,1706.7,-91.249,-54.114,-635.15,0.39746,51.963,2490.3,196857,164,1242,2074,0.13215,1.5113,1.5917
-1571.9,283.3,-148.07,-0.0080112,214.72,1589.7,6.9683e+05,373725,1,26.937,-1228.3,1164.6,1706.4,-85.895,-48.797,-634.34,-1.8268,50.207,2488.4,196733,164,1242,2074,0.12238,1.5113,1.5925
-1571.4,266.59,-141.84,-0.0080554,205.78,1586.8,6.9299e+05,373723,1,23.427,-1228.7,1163.9,1706.1,-80.761,-43.977,-633.79,-3.9842,48.577,2487.7,196696,164,1242,2074,0.11261,1.5113,1.5932
-1570.8,249.88,-135.61,-0.0082176,196.84,1584.1,6.8896e+05,373721,1,19.374,-1227.4,1163.6,1705.5,-75.458,-39.163,-632.84,-6.3048,47.092,2485.9,196495,164,1242,2074,0.10283,1.5113,1.5939
-1570.3,233.18,-129.4,-0.0082771,187.9,1581.6,6.8553e+05,373719,1,15.999,-1228.6,1162.2,1705.4,-69.94,-34.363,-632.61,-8.7535,45.599,2485.3,196458,164,1242,2074,0.093049,1.5113,1.5945
-1569.8,216.48,-123.19,-0.0080005,178.95,1579.3,6.8113e+05,373717,1,11.31,-1226,1161.1,1704.4,-63.444,-28.858,-631.48,-11.76,44.11,2482.4,196287,164,1242,2074,0.083264,1.5113,1.595
-1569.3,199.79,-116.99,-0.007101,170,1577.2,6.7572e+05,373715,1,7.9552,-1224.6,1159.7,1703.9,-57.652,-23.851,-630.95,-14.383,42.681,2480.3,196109,164,1242,2074,0.073475,1.5113,1.5955
-1568.9,183.1,-110.79,-0.0055564,161.05,1575.2,6.6719e+05,373713,1,5.5454,-1224.2,1158.1,1703.3,-52.618,-18.932,-630.42,-16.46,41.01,2478.6,195993,164,1242,2074,0.063684,1.5113,1.5959
-1568.5,166.41,-104.61,-0.0037582,152.1,1573.4,6.561e+05,373711,1,1.2874,-1219.6,1157,1702.6,-46.528,-13.345,-629.68,-19.099,39.384,2475,195226,164,1242,2074,0.053891,1.5113,1.5963
-1568.2,149.73,-98.432,-0.0020587,143.15,1571.9,6.4257e+05,373709,1,0.20457,-1222.4,1154.7,1702.2,-41.591,-7.7211,-629.35,-20.847,37.077,2474.8,195215,164,1242,2074,0.044095,1.5113,1.5966
-1567.9,133.06,-92.261,-0.00083732,134.2,1570.5,6.2616e+05,373707,1,-4.8315,-1217.9,1154.2,1700.9,-36.466,-3.0233,-627.93,-23.065,35.735,2471.1,194883,164,1242,2074,0.034298,1.5113,1.5968
-1567.6,116.4,-86.114,-0.0014841,125.27,1569.3,6.3064e+05,373705,1,-11.936,-1216.5,1151.4,1695.1,-29.444,1.8429,-622.27,-26.678,34.809,2463.6,194168,164,1242,2074,0.024499,1.5113,1.597
-1567.3,99.849,-80.064,-0.0026386,116.48,1568.2,6.386e+05,373703,1,-16.278,-1216.8,1150.1,1689.3,-22.78,7.022,-617.22,-29.763,33.429,2457.8,193236,164,1242,2074,0.0147,1.5113,1.5971
-1567.1,83.289,-74.007,-0.0010769,107.67,1567.3,6.2971e+05,373701,1,-16.899,-1214.5,1150.3,1692.3,-18.972,13.525,-620.39,-30.472,30.485,2459.7,193549,164,1242,2074,0.0048996,1.5113,1.5972
-1566.9,66.688,-67.911,-0.00017841,98.806,1566.7,6.2203e+05,373699,1,-21.224,-1213.9,1149.9,1693.1,-13.629,19.144,-621.07,-32.406,28.419,2459.9,193580,164,1242,2074,-0.0049006,1.5113,1.5972
-1566.7,50.083,-61.817,-0.0025935,89.933,1566.2,6.1817e+05,373697,1,-27.259,-1216.1,1149.1,1691.5,-8.6121,22.653,-619.3,-34.746,27.536,2459.1,193507,164,1242,2074,-0.014701,1.5113,1.5971
-1566.5,33.549,-55.796,-0.01045,81.159,1565.8,6.2224e+05,373695,1,-41.308,-1212.6,1146.9,1677.9,2.057,23.761,-606.82,-40.916,29.442,2444.2,192141,164,1242,2074,-0.0245,1.5113,1.597
-1566.3,17.17,-49.917,-0.01748,72.589,1565.5,6.3077e+05,373693,1,-45.896,-1209.3,1145,1671.8,13.066,24.534,-602.2,-47.357,31.586,2436.6,191527,164,1242,2074,-0.034299,1.5113,1.5968
-1566.2,0.78743,-44.007,-0.0038427,63.996,1565.5,6.1004e+05,373691,1,-42.929,-1213.7,1145.3,1675.2,13.54,33.47,-606.46,-46.018,26.732,2442.3,191980,164,1242,2074,-0.044096,1.5113,1.5966
-1566,-15.708,-38.029,-0.022361,55.271,1565.6,5.5998e+05,373689,1,-368.3,-1053,985.31,1502.9,96.241,-41.182,-423.55,-133.76,113.27,2186.6,167363,164,1242,2074,-0.053892,1.5113,1.5963
-1562.8,-29.763,-34.364,-0.13374,49.811,1562.7,5.6794e+05,373687,1,-579.63,-825.34,755.4,1531.3,164.07,-93.772,-436.04,-210.74,182.29,2186.6,167328,164,10,2057,-0.063685,1.5113,1.5959
-1555.2,-45.121,-30.373,-1.0821,42.998,1555.6,5.5509e+05,373685,1,-1003.9,-550.79,473.7,1536.9,206.13,-124.98,-420.34,-259.96,227.19,2186.6,167348,164,10,2057,-0.073476,1.5113,1.5955
-1543.6,-59.743,-26.338,-1.7157,36.455,1544.6,5.5885e+05,373683,1,-1299.9,-334.72,248.07,1585.6,241.28,-145.9,-504.36,-250.33,210.86,2195.1,167699,164,10,2057,-0.083265,1.5113,1.595
-1528.5,-75.494,-21.137,-2.5338,28.026,1530.3,5.5676e+05,373681,1,-1417.7,-266.95,169.22,1492.2,250.85,-149.94,-508.17,-182.34,142.86,2175.7,167004,164,10,2057,-0.093049,1.5113,1.5945
-1515.8,-89.686,-15.981,-2.3397,20.736,1518.4,5.6058e+05,373679,1,-1034.9,-423.24,334.86,1485.9,202.76,-96.048,-607.48,-119.86,74.304,2002.4,146090,164,1242,2074,-0.10283,1.5113,1.5939
-1507.5,-103.71,-10.083,-1.384,13.175,1511,5.5979e+05,373677,1,-617.33,-676.63,598.15,1399.1,174.12,-64.785,-551.98,-97.915,53.327,1872.4,139514,164,1242,2074,-0.11261,1.5113,1.5932
-1503.5,-116.95,-5.103,-0.3993,6.9809,1508,5.5714e+05,373675,1,-408.8,-763.63,693.32,1345.9,156.94,-45.315,-449.83,-107.58,67.587,1813.2,132713,164,1242,2074,-0.12238,1.5113,1.5925
-1500.5,-129.94,-1.3939,-0.13812,1.8754,1506.2,5.6508e+05,373673,1,-292.42,-766.64,704,1358.2,144.54,-25.531,-396.18,-112.05,73.714,1791.7,130393,164,1242,2074,-0.13215,1.5113,1.5917
-1498.6,-143.6,2.4696,-0.19218,-3.7787,1505.5,5.6471e+05,373671,1,-299.39,-764.53,699.83,1360.2,119.09,6.9059,-363.34,-96.77,59.856,1781.4,129250,164,1242,2074,-0.14192,1.5113,1.5909
-1495.8,-156.77,5.748,-0.4202,-8.761,1503.9,5.6431e+05,373669,1,-500.12,-861.97,771.43,1305.8,171.01,-38.309,-325.82,-121.26,84.349,1858,138040,164,924,2073,-0.15167,1.5113,1.59
-1489.3,-170.56,9.5389,-0.99684,-14.842,1499,5.7704e+05,373667,1,-903.68,-987.98,848.04,1365.9,336.76,-182.67,-402.85,-236.42,184.47,2185.5,167289,164,924,2073,-0.16143,1.5113,1.589
-1479.8,-183.04,13.238,-1.0505,-20.235,1491,5.854e+05,373665,1,-1064.2,-1134.4,965.9,648.93,1085.4,-967.85,41.584,-783.49,753.42,2659.3,235040,164,924,2073,-0.17117,1.5113,1.588
-1469.2,-191.45,14.866,0.022346,-21.453,1481.5,5.8797e+05,373663,1,-1552.4,-1338.2,1098.7,0.035287,2417.3,-2315.8,562.08,-1815.4,1804,4845.6,293165,164,924,2073,-0.18092,1.5113,1.5869
-1454.3,-187.57,7.5699,2.6282,-8.1911,1466.3,5.8252e+05,373661,1,-2110.7,-1186.6,874.4,-128.14,2600.1,-2496.4,508.54,-1999.3,1969.3,5269.8,296937,164,924,2073,-0.19065,1.5113,1.5858
-1610.5,563.48,-254.01,-0.0080409,360.87,1686.9,7.2295e+05,372593,1,82.976,-1203.4,1157.4,1696.1,-172.76,-141.12,-635.78,27.954,88.796,2476.7,195541,164,1242,2074,0.28586,1.5211,1.5619
-1609.3,546.97,-247.77,-0.008382,352.4,1681.1,7.2269e+05,372591,1,86.444,-1208.7,1163,1698,-169.04,-135.23,-637.88,28.361,85.077,2483.2,196340,164,1242,2074,0.27627,1.5211,1.5637
-1608.1,530.46,-241.53,-0.0084359,343.9,1675.5,7.2202e+05,372589,1,77.027,-1221.7,1172.9,1698.5,-165.02,-128.37,-636.26,29.563,79.405,2492.9,197011,164,1242,2074,0.26667,1.5211,1.5653
-1606.9,513.93,-235.29,-0.0083358,335.37,1670.1,7.1987e+05,372587,1,74.008,-1220.9,1173,1699.6,-160.24,-123.26,-636.5,27.747,77.481,2492.7,197001,164,1242,2074,0.25706,1.5211,1.5669
-1605.8,497.39,-229.05,-0.0082596,326.81,1664.8,7.1971e+05,372585,1,70.906,-1220.9,1172.8,1700.7,-155.11,-117.88,-636.73,25.804,75.423,2492.7,197000,164,1242,2074,0.24744,1.5211,1.5685
-1604.7,480.83,-222.81,-0.0083943,318.21,1659.7,7.2088e+05,372583,1,67.652,-1220.9,1172.6,1701.7,-149.94,-112.47,-636.82,23.827,73.372,2492.5,196990,164,1242,2074,0.23781,1.5211,1.57
-1603.7,464.27,-216.57,-0.0086704,309.59,1654.8,7.2096e+05,372581,1,64.901,-1220.9,1172.5,1702.4,-145.6,-108,-636.78,22.136,71.695,2492.3,196975,164,1242,2074,0.22817,1.5211,1.5714
-1602.7,447.7,-210.33,-0.0088756,300.95,1650.1,7.2033e+05,372579,1,61.344,-1221.5,1171.9,1703.2,-139.87,-102.24,-636.74,19.864,69.559,2492.1,196957,164,1242,2074,0.21852,1.5211,1.5728
-1601.7,431.13,-204.09,-0.0089205,292.28,1645.5,7.1948e+05,372577,1,57.446,-1219.8,1172.1,1704,-133.88,-95.855,-636.63,17.54,67.225,2491.1,196902,164,1242,2074,0.20887,1.5211,1.5741
-1600.8,414.54,-197.86,-0.008913,283.59,1641.1,7.1737e+05,372575,1,54.503,-1220.5,1171.6,1704.5,-128.99,-90.992,-636.59,15.623,65.413,2491.1,196898,164,1242,2074,0.19921,1.5211,1.5753
-1599.9,397.95,-191.62,-0.0088443,274.87,1636.8,7.1532e+05,372573,1,51.191,-1220.4,1171.3,1705.2,-123.72,-85.632,-636.52,13.556,63.446,2490.7,196874,164,1242,2074,0.18954,1.5211,1.5765
-1599.1,381.35,-185.39,-0.0089305,266.14,1632.8,7.1373e+05,372571,1,47.823,-1220.3,1171.1,1705.7,-118.44,-80.274,-636.43,11.478,61.492,2490.4,196860,164,1242,2074,0.17986,1.5211,1.5777
-1598.3,364.75,-179.17,-0.009107,257.38,1628.9,7.1359e+05,372569,1,44.384,-1220.1,1170.8,1706.1,-113.13,-74.909,-636.26,9.3673,59.557,2489.8,196824,164,1242,2074,0.17018,1.5211,1.5787
-1597.5,348.14,-172.94,-0.009307,248.61,1625.2,7.1132e+05,372567,1,40.742,-1220.9,1169.9,1706.6,-107.27,-69.142,-636.09,6.9979,57.493,2489.5,196801,164,1242,2074,0.16049,1.5211,1.5798
-1596.7,331.53,-166.72,-0.0095039,239.83,1621.7,7.1075e+05,372565,1,37.562,-1218.6,1170.5,1706.6,-103,-64.613,-635.64,5.315,55.91,2488.2,196723,164,1242,2074,0.15079,1.5211,1.5807
-1596,314.92,-160.51,-0.0097338,231.03,1618.3,7.0832e+05,372563,1,33.803,-1218.3,1169.8,1706.5,-97.425,-59.212,-635.09,2.9841,54.068,2487,196567,164,1242,2074,0.14109,1.5211,1.5816
-1595.4,298.3,-154.3,-0.0097833,222.22,1615.1,7.0395e+05,372561,1,29.974,-1219.1,1168.3,1706.3,-91.202,-53.327,-634.52,0.36136,52.055,2486,196505,164,1242,2074,0.13138,1.5211,1.5824
-1594.7,281.69,-148.1,-0.0098218,213.4,1612.1,6.9894e+05,372559,1,26.398,-1217.8,1168,1705.9,-86.109,-48.371,-633.75,-1.7628,50.4,2484.4,196419,164,1242,2074,0.12167,1.5211,1.5832
-1594.1,265.09,-141.91,-0.0096857,204.58,1609.3,6.9316e+05,372557,1,22.158,-1217.2,1167.3,1705.3,-80.451,-43.266,-632.75,-4.2186,48.776,2482.7,196306,164,1242,2074,0.11195,1.5211,1.5839
-1593.6,248.49,-135.73,-0.00982,195.76,1606.6,6.8737e+05,372555,1,17.867,-1216.5,1166.6,1704.5,-74.713,-38.251,-631.7,-6.7524,47.24,2480.9,196204,164,1242,2074,0.10223,1.5211,1.5846
-1593,231.89,-129.57,-0.010016,186.95,1604.2,6.83e+05,372553,1,13.203,-1215.6,1165.6,1703.7,-68.738,-33.479,-630.68,-9.5364,45.962,2478.9,196031,164,1242,2074,0.092507,1.5211,1.5852
-1592.5,215.3,-123.41,-0.010025,178.13,1601.9,6.7923e+05,372551,1,8.717,-1214.5,1164.5,1703.2,-62.706,-28.758,-629.99,-12.374,44.758,2477.1,195564,164,1242,2074,0.082779,1.5211,1.5857
-1592,198.72,-117.26,-0.0093385,169.31,1599.7,6.7447e+05,372549,1,4.7954,-1213,1163,1702.6,-56.728,-24.005,-629.46,-15.171,43.536,2474.9,195220,164,1242,2074,0.073047,1.5211,1.5862
-1591.6,182.14,-111.12,-0.0079488,160.48,1597.8,6.6806e+05,372547,1,2.0274,-1212.2,1160.6,1702.7,-50.402,-18.635,-629.64,-18.026,41.999,2473.3,195064,164,1242,2074,0.063313,1.5211,1.5866
-1591.1,165.55,-104.97,-0.0060024,151.65,1596,6.5839e+05,372545,1,-1.695,-1208.5,1159.9,1702.2,-45.652,-14.706,-629.11,-20.19,41.005,2470.5,194844,164,1242,2074,0.053577,1.5211,1.587
-1590.8,148.97,-98.833,-0.0039669,142.81,1594.4,6.44e+05,372543,1,-3.4926,-1208.4,1157.1,1701.9,-40.281,-9.1864,-628.8,-22.303,39.004,2468.7,194694,164,1242,2074,0.043838,1.5211,1.5873
-1590.4,132.4,-92.703,-0.0033802,133.97,1593,6.2864e+05,372541,1,-10.473,-1204.1,1153.9,1699.2,-33.978,-3.9442,-625.74,-25.325,37.715,2462.4,194071,164,1242,2074,0.034098,1.5211,1.5875
-1590.1,115.88,-86.639,-0.0086951,125.22,1591.7,6.4969e+05,372539,1,-16.869,-1199.9,1151.2,1693.4,-28.19,0.01073,-620.17,-28.347,37.094,2453.7,192911,164,1242,2074,0.024356,1.5211,1.5877
-1589.8,99.407,-80.608,-0.0069587,116.51,1590.7,6.3989e+05,372537,1,-16.01,-1200.8,1150.4,1692.3,-23.986,7.4066,-620.09,-28.882,33.373,2452.8,192858,164,1242,2074,0.014614,1.5211,1.5878
-1589.6,82.914,-74.557,-0.0047518,107.77,1589.8,6.2576e+05,372535,1,-16.539,-1201,1150.5,1693.4,-20.281,14.24,-621.41,-29.279,29.949,2454.1,192942,164,1242,2074,0.0048711,1.5211,1.5879
-1589.4,66.41,-68.498,-0.0024527,99.016,1589.2,6.1802e+05,372533,1,-21.161,-1200.2,1149.6,1691.5,-15.111,17.923,-619.65,-31.672,29.082,2451.5,192714,164,1242,2074,-0.0048721,1.5211,1.5879
-1589.2,49.951,-62.484,-0.0027422,90.319,1588.7,6.1654e+05,372531,1,-35.021,-1195.7,1145.1,1679.4,-2.5172,17.822,-608.65,-39.726,32.496,2436.4,191514,164,1242,2074,-0.014615,1.5211,1.5878
-1589,33.628,-56.596,-0.0010654,81.802,1588.2,6.161e+05,372529,1,-44.236,-1187.8,1138.6,1667.6,12.261,14.794,-598.58,-49.813,38.279,2419.2,189990,164,1242,2074,-0.024357,1.5211,1.5877
-1588.7,17.452,-50.826,0.015182,73.471,1587.9,5.9924e+05,372527,1,-109.41,-1159.8,1108.5,1630.4,36.337,-0.043383,-558.24,-72.063,57.322,2359.1,175488,164,1242,2074,-0.034099,1.5211,1.5875
-1588.5,1.1461,-44.973,-0.0020779,64.983,1587.8,5.5552e+05,372525,1,-313.59,-1025.9,971.93,1527.7,114.79,-67.842,-446.34,-154.74,136.52,2186.6,167362,164,1242,2074,-0.043839,1.5211,1.5873
-1584.7,-12.722,-41.56,-0.18289,59.851,1584.2,5.6736e+05,372523,1,-885.08,-685.61,624.89,1388.7,243.49,-186.43,-272.91,-298.98,278.28,2186.6,167330,164,10,2057,-0.053578,1.5211,1.587
-1575.5,-25.83,-39.631,-1.1004,56.093,1575.2,5.5572e+05,372521,1,-1030.1,-565.71,498.65,1416.4,234.58,-169.12,-306.05,-297.23,272.75,2186.6,167329,164,10,2057,-0.063314,1.5211,1.5866
-1561.7,-40.047,-36.196,-1.9329,50.25,1561.8,5.5738e+05,372519,1,-1403,-258.53,182.4,1498.5,294.04,-213.07,-449.84,-315,281.25,2197,167755,164,10,2057,-0.073048,1.5211,1.5862
-1546.2,-54.493,-31.693,-2.3415,43.31,1546.9,5.5889e+05,372517,1,-1501.5,-144.12,60.159,1564,289.43,-195.83,-587.48,-268.66,226.59,2284.1,171554,164,10,2057,-0.08278,1.5211,1.5857
-1532.5,-70.281,-24.994,-2.1623,33.815,1534,5.5969e+05,372515,1,-1142.7,-302.36,224.43,1634.3,253.16,-147.55,-709.15,-186.74,137.67,2182,167188,164,10,2057,-0.092507,1.5211,1.5852
-1523.6,-85.838,-17.979,-1.5015,24.372,1525.9,5.5961e+05,372513,1,-615.75,-532.6,473.18,1580.8,168.77,-59.134,-695.59,-90.511,41.679,1977.7,145026,164,10,2057,-0.10223,1.5211,1.5846
-1519.3,-100.63,-11.597,-0.61392,16.082,1522.6,5.6105e+05,372511,1,-471.43,-614.09,556.87,1479.8,150.29,-40.319,-588.83,-79.32,34.939,1864.8,138753,164,10,2057,-0.11195,1.5211,1.5839
-1517.2,-114.76,-6.6626,-0.23106,9.361,1521.5,5.6374e+05,372509,1,-264.02,-740.22,691.08,1400.7,111.05,0.90319,-448.05,-73.43,36.26,1810.3,132389,164,10,2057,-0.12167,1.5211,1.5832
-1515.3,-128.21,-2.9187,-0.25375,3.9405,1520.7,5.6843e+05,372507,1,-275.25,-803.88,748.9,1390.4,101.41,18.896,-394.37,-77.237,41.121,1810.3,132388,164,1242,2074,-0.13138,1.5211,1.5824
-1513,-141.76,0.90598,-0.32961,-1.6453,1519.6,5.8379e+05,372505,1,-203.14,-882.85,832.12,1055.4,366.11,-259.56,-166.25,-251.51,228.37,1723.8,30171,164,924,2073,-0.14109,1.5211,1.5816
-1512.1,-154.49,4.3881,-0.024678,-6.3379,1519.9,5.9751e+05,372503,1,-251.93,-952.68,892.97,1066.9,700.6,-576.74,-175.5,-477.8,446.12,2046.6,162825,164,924,2073,-0.15079,1.5211,1.5807
-1509.8,-161.38,3.4847,1.0548,-3.9204,1518.4,5.9673e+05,372501,1,-518.57,-1214.2,1116.4,103.15,1398,-1341,605.08,-1030.2,1057.8,3049.5,251032,164,924,2073,-0.16049,1.5211,1.5798
-1504.1,-151.95,-8.8482,4.9432,17.81,1511.7,5.7941e+05,372499,1,-706.75,-1389.2,1262.9,-1322.4,2033.6,-2105.9,1478.7,-1643.4,1746.7,4720.3,292016,164,924,2073,-0.17018,1.5211,1.5787
-1498.7,-131.37,-28.812,11.042,52.736,1503.8,5.5975e+05,372497,1,-1370.6,-1326.4,1121.6,-819.08,1892.9,-1915.1,1415.7,-1744.6,1842.7,4611,290937,164,924,2073,-0.17986,1.5211,1.5777
-1480.4,-109.47,-54.797,12.596,91.562,1482.6,5.2721e+05,372495,1,-4908.5,660.78,-1245.1,6109.6,-4227.8,4873.2,-2991.6,1911.4,-2241.7,11075,326192,164,924,2073,-0.18954,1.5211,1.5765
-1639.9,554.31,-251.58,-0.010127,354.69,1712.9,7.2164e+05,991,1,91.886,-1185.2,1152.7,1698.7,-170.02,-138.18,-639.69,25.341,90.162,2473.3,195073,164,1242,2074,0.28077,1.5341,1.5501
-1630.9,527.36,-240.97,-0.00993,341.05,1696.9,7.2115e+05,371443,1,86.96,-1178.6,1142.8,1699.9,-162.47,-133.03,-639.44,20.4,90.079,2473.3,195070,164,1242,2074,0.26509,1.5308,1.5561
-1629.7,510.92,-234.77,-0.0097995,332.61,1691.6,7.2017e+05,371441,1,73.452,-1190.7,1156.2,1700,-157.73,-124.42,-636.56,21.832,83.151,2473.3,195074,164,1242,2074,0.25554,1.5308,1.5577
-1628.6,494.48,-228.56,-0.0098284,324.14,1686.4,7.2033e+05,371439,1,70.333,-1186.2,1154.5,1701.1,-152.43,-119.01,-636.78,19.462,81.523,2473.3,195072,164,1242,2074,0.24598,1.5308,1.5592
-1627.5,478.02,-222.36,-0.010189,315.64,1681.4,7.2296e+05,371437,1,67.435,-1197.2,1163.2,1702,-148.47,-112.6,-636.8,20.306,76.699,2476.7,195540,164,1242,2074,0.23641,1.5308,1.5607
-1626.5,461.56,-216.15,-0.010661,307.12,1676.6,7.2492e+05,371435,1,63.811,-1196.1,1163.6,1702.9,-142.94,-106.59,-636.77,18.335,74.317,2476.2,195521,164,1242,2074,0.22683,1.5308,1.5621
-1625.5,445.09,-209.95,-0.010871,298.58,1671.9,7.2463e+05,371433,1,66.831,-1198.4,1166.2,1704.2,-138.18,-100.73,-638.26,17.335,71.498,2479.3,196053,164,1242,2074,0.21724,1.5308,1.5635
-1624.5,428.61,-203.76,-0.010872,290.01,1667.4,7.2266e+05,371431,1,57.513,-1209.9,1176,1704.1,-134.35,-94.685,-636.55,17.926,66.927,2488.2,196725,164,1242,2074,0.20764,1.5308,1.5648
-1623.6,412.12,-197.56,-0.010584,281.42,1663,7.1978e+05,371429,1,54.275,-1209.8,1175.7,1704.7,-129.1,-89.367,-636.47,15.885,64.959,2487.8,196701,164,1242,2074,0.19803,1.5308,1.5661
-1622.7,395.63,-191.37,-0.010441,272.81,1658.9,7.1756e+05,371427,1,50.973,-1209.7,1175.5,1705.2,-123.84,-84.051,-636.35,13.831,62.996,2487.4,196580,164,1242,2074,0.18842,1.5308,1.5672
-1621.8,379.13,-185.18,-0.010487,264.18,1654.9,7.1654e+05,371425,1,47.522,-1209.6,1175.2,1705.7,-118.52,-78.778,-636.18,11.718,61.09,2486.9,196556,164,1242,2074,0.1788,1.5308,1.5684
-1621,362.63,-178.99,-0.010601,255.53,1651,7.1569e+05,371423,1,43.968,-1209.5,1174.9,1706.1,-113.18,-73.507,-635.97,9.593,59.195,2486.4,196529,164,1242,2074,0.16917,1.5308,1.5694
-1620.2,346.12,-172.8,-0.010899,246.87,1647.4,7.1424e+05,371421,1,40.224,-1209.2,1174.6,1706.3,-107.75,-68.296,-635.54,7.3513,57.396,2485.6,196473,164,1242,2074,0.15954,1.5308,1.5704
-1619.5,329.61,-166.63,-0.011364,238.19,1643.9,7.1344e+05,371419,1,35.685,-1208.5,1173.8,1706.3,-101.32,-62.321,-634.93,4.5952,55.441,2484.3,196411,164,1242,2074,0.1499,1.5308,1.5714
-1618.8,313.1,-160.45,-0.011835,229.51,1640.6,7.122e+05,371417,1,32.464,-1208.1,1173.4,1706.2,-96.75,-58.011,-634.48,2.6724,54.002,2483.3,196348,164,1242,2074,0.14026,1.5308,1.5723
-1618.1,296.59,-154.29,-0.012161,220.81,1637.5,7.0874e+05,371415,1,28.395,-1206.5,1172.8,1705.7,-91.506,-53.242,-633.54,0.3652,52.528,2481.3,196224,164,1242,2074,0.13061,1.5308,1.5731
-1617.5,280.08,-148.14,-0.012121,212.11,1634.5,7.0286e+05,371413,1,25.304,-1208.2,1170.7,1705.5,-85.629,-47.954,-633.14,-2.1733,50.77,2480.5,196171,164,1242,2074,0.12095,1.5308,1.5739
-1616.8,263.58,-141.99,-0.011954,203.41,1631.7,6.963e+05,371411,1,20.37,-1204.2,1170.7,1704.3,-80.317,-43.319,-631.49,-4.5982,49.5,2476.9,195551,164,1242,2074,0.11129,1.5308,1.5746
-1616.3,247.09,-135.86,-0.011834,194.72,1629.1,6.8842e+05,371409,1,16.439,-1205.1,1169,1703.5,-74.445,-38.364,-630.49,-7.2052,47.952,2475.4,195486,164,1242,2074,0.10163,1.5308,1.5752
-1615.7,230.61,-129.75,-0.011889,186.03,1626.6,6.8293e+05,371407,1,10.995,-1201.7,1168.2,1701.9,-68.434,-33.815,-628.61,-10.097,46.9,2471.6,194931,164,1242,2074,0.091961,1.5308,1.5758
-1615.2,214.14,-123.65,-0.011815,177.34,1624.3,6.7801e+05,371405,1,6.0293,-1201.5,1166.4,1701.2,-61.572,-29.019,-627.86,-13.417,45.811,2469.7,194784,164,1242,2074,0.082291,1.5308,1.5764
-1614.6,197.67,-117.56,-0.0111,168.66,1622.2,6.7264e+05,371403,1,1.6317,-1200,1164.9,1701.1,-55.255,-24.696,-627.67,-16.506,44.933,2467.9,194600,164,1242,2074,0.072617,1.5308,1.5769
-1614.1,181.2,-111.46,-0.0098841,159.96,1620.2,6.6666e+05,371401,1,-1.6905,-1199.4,1163.1,1701.1,-49.643,-20.487,-627.8,-19.141,43.891,2466.7,194468,164,1242,2074,0.06294,1.5308,1.5773
-1613.7,164.72,-105.37,-0.0081665,151.26,1618.4,6.593e+05,371399,1,-6.3419,-1195.5,1160.2,1700.7,-42.539,-16.143,-627.49,-22.774,43.287,2463,194114,164,1242,2074,0.053261,1.5308,1.5776
-1613.3,148.25,-99.279,-0.0065795,142.54,1616.8,6.4757e+05,371397,1,-12.17,-1190.6,1156.4,1700.5,-35.558,-11.7,-626.97,-26.289,42.578,2458.4,193280,164,1242,2074,0.04358,1.5308,1.5779
-1612.9,131.78,-93.195,-0.009255,133.82,1615.4,6.5331e+05,371395,1,-16.7,-1189.4,1152.6,1697.1,-30.143,-6.2281,-623.26,-28.595,40.73,2452.6,192840,164,1242,2074,0.033897,1.5308,1.5782
-1612.5,115.37,-87.184,-0.014931,125.2,1614.1,6.6645e+05,371393,1,-18.458,-1187.3,1151.8,1694.4,-25.496,-1.2764,-621.62,-29.947,38.59,2448.9,192524,164,1242,2074,0.024213,1.5308,1.5783
-1612.2,98.951,-81.141,-0.010069,116.54,1613,6.5036e+05,371391,1,-16.935,-1185.4,1151.2,1695.6,-21.302,4.0202,-623.54,-30.846,36.087,2448.9,192531,164,1242,2074,0.014528,1.5308,1.5785
-1611.9,82.531,-75.101,-0.0058141,107.87,1612.2,6.3341e+05,371389,1,-22.938,-1182.3,1146.6,1689.7,-14.098,8.4436,-617.86,-34.529,35.421,2439.8,191768,164,1242,2074,0.0048424,1.5308,1.5785
-1611.7,66.172,-69.122,-0.0032471,99.284,1611.5,6.2306e+05,371387,1,-35.801,-1172.2,1136.6,1676.3,0.39093,6.3962,-605.83,-44.586,40.836,2418.2,189924,164,1242,2074,-0.0048433,1.5308,1.5785
-1611.4,49.946,-63.268,0.0022804,90.877,1610.9,6.1302e+05,371385,1,-54.402,-1156.9,1122.7,1655.2,18.886,-2.2267,-587.06,-58.665,51.325,2385.9,187344,164,1242,2074,-0.014529,1.5308,1.5785
-1611,33.964,-57.623,0.024115,82.786,1610.3,5.9675e+05,371383,1,-108.76,-1123.1,1087.1,1628,47.029,-20.937,-556.6,-84.713,73.933,2330.4,173510,164,1242,2074,-0.024214,1.5308,1.5783
-1610.7,17.818,-51.847,0.024411,74.481,1610,5.5588e+05,371381,1,-191.43,-1083.6,1044.7,1576.5,74.901,-40.395,-501.23,-111.83,98.647,2251.3,170469,164,1242,2074,-0.033898,1.5308,1.5782
-1607,3.8601,-48.408,-0.19925,69.3,1606.3,5.6056e+05,371379,1,-917.21,-730.77,681.72,1294.1,220.74,-180.16,-171.12,-278.72,267.15,2186.6,167332,164,20,2061,-0.043581,1.5308,1.5779
-1595.9,-7.0531,-48.599,-1.1233,68.609,1595.1,5.5894e+05,371377,1,-1325.7,-398.27,338.46,1283.5,311.85,-259.49,-180.91,-369.23,352.32,2186.6,167331,164,10,2057,-0.053262,1.5308,1.5776
-1579.8,-20.32,-46.476,-2.2626,64.374,1579.3,5.5292e+05,371375,1,-1518.9,-175.49,107.89,1386.8,356.87,-290.38,-336.82,-375.07,349.91,2204.8,168123,164,10,2057,-0.062941,1.5308,1.5773
-1563.3,-33.267,-42.846,-2.2565,59.153,1563.1,5.5746e+05,371373,1,-1594.7,-90.928,15.201,1492.3,379.55,-299.42,-536.68,-347.65,312.29,2284.1,171555,164,10,2057,-0.072618,1.5308,1.5769
-1549,-48.93,-36.369,-2.1668,49.938,1549.4,5.5646e+05,371371,1,-1207.2,-252.08,182.82,1674.8,333.83,-236.73,-756.99,-264.56,217.16,2284.1,171556,164,10,2057,-0.082292,1.5308,1.5764
-1539.2,-65.438,-28.25,-1.4287,39.038,1540.4,5.5981e+05,371369,1,-690.21,-503.82,450.9,1779,277.14,-164.59,-883.29,-186.02,128.82,2243.6,170227,164,10,2057,-0.091962,1.5308,1.5758
-1534.2,-82.774,-19.629,-0.77787,27.335,1536.3,5.607e+05,371367,1,-504.55,-575.14,527.19,1701.2,228.07,-113,-790.3,-145.48,91.089,2115.7,165224,164,10,2057,-0.10163,1.5308,1.5752
-1532.3,-98.641,-12.78,-0.26809,18.033,1535.4,5.6659e+05,371365,1,-230.77,-701.45,665.96,1539.9,201.31,-87.657,-596.5,-135.86,90.655,1947,144115,164,10,2057,-0.11129,1.5308,1.5746
-1531.2,-113.1,-7.827,-0.11466,11.09,1535.4,5.7762e+05,371363,1,-129.27,-750.56,720.23,1430,218.11,-103.25,-451.99,-154.56,116.36,1855.7,137814,164,10,2057,-0.12095,1.5308,1.5739
-1530.9,-126.11,-4.2223,0.11514,6.1609,1536.1,5.9661e+05,371361,1,-57.86,-859.11,831.48,967.95,455.15,-364.98,-97.582,-317.47,302.62,1706.4,29087,164,5,2055,-0.13061,1.5308,1.5731
-1530.8,-133.75,-4.4221,1.3639,7.7204,1536.6,5.9554e+05,371359,1,-75.81,-1024.9,992.76,195.76,900.97,-864.69,538,-705.25,739.32,2230,169556,164,5,2055,-0.14026,1.5308,1.5723
-1531.4,-130.51,-12.164,4.8452,22.339,1536.8,5.7304e+05,371357,1,36.765,-1085.5,1059.1,-114.91,1295.5,-1271.4,664.75,-1013.7,1050.6,2860.5,243744,164,5,2055,-0.1499,1.5308,1.5714
-1536.4,-117.13,-27.851,10.033,50.028,1540.2,5.4353e+05,371355,1,-315.45,-830.64,775.37,-422.83,919.76,-934.7,1365.1,-1024.3,1135.9,2860.5,243745,164,5,2055,-0.15954,1.5308,1.5704
-1531.7,-106.98,-48.245,8.9373,77.987,1534.2,5.0007e+05,371353,1,-2158.6,662.83,-888.56,2516.1,-2474.6,2705.4,-415.09,910.16,-946.08,5249.6,296750,164,924,2073,-0.16917,1.5308,1.5694
-1517.5,-123.35,-52.279,0.23465,74.827,1521.6,4.6181e+05,371351,1,-10167,10763,-11737,18881,-23576,25307,-12404,15406,-16553,50743,350024,164,924,2073,-0.1788,1.5308,1.5684
-1451.5,-269.75,25.845,-44.991,-82.562,1473.6,4.5832e+05,371349,1,-9871.6,16916,-17818,25665,-36685,39134,-15440,25806,-27225,76698,354683,164,924,2073,-0.18842,1.5308,1.5672
-1286.4,-707.44,307.64,-157.55,-598.08,1366.6,4.7228e+05,371347,1,-17569,22196,-24004,39969,-47448,51560,-28872,35964,-38920,1.0736e+05,358494,164,924,2073,-0.19803,1.5308,1.5661
-1672.2,625.25,-279.22,-0.010369,388.95,1764.6,7.1593e+05,3201,1,100.49,-1195.1,1184.3,1691.8,-197.59,-155.7,-636.49,42.621,90.569,2475.4,195438,164,1242,2074,0.32219,1.5453,1.5308
-1662.3,556.87,-253.14,-0.011485,354.74,1735.4,7.234e+05,2085,1,86.69,-1196.7,1183.1,1697.9,-176.27,-134.71,-637.91,34.437,82.466,2475.4,195445,164,1242,2074,0.28247,1.5435,1.5405
-1659.4,573.25,-259.24,-0.010996,363.29,1737.1,7.2167e+05,2083,1,89.75,-1198.5,1182.4,1696.5,-181.22,-140.14,-637.6,36.249,84.557,2475.4,195451,164,1242,2074,0.29194,1.5417,1.5405
-1642.8,538.02,-245.52,-0.010485,346.14,1711.3,7.2215e+05,993,1,87.08,-1179.5,1155.2,1699.5,-166.92,-133.36,-639.34,24.574,88.046,2473.3,195071,164,1242,2074,0.27135,1.5358,1.5501
-1645.5,521.72,-239.45,-0.010839,337.59,1709.7,7.2195e+05,995,1,80.385,-1178.3,1157.4,1700.4,-161.53,-127.11,-638.42,22.858,85.24,2473.3,195069,164,1242,2074,0.26192,1.5375,1.5501
-1648.1,505.41,-233.38,-0.011274,329.03,1708.2,7.2215e+05,997,1,77.118,-1176.5,1155,1701.4,-155.95,-121.86,-638.42,20.399,83.524,2473.3,195068,164,1242,2074,0.25248,1.539,1.5501
-1650.7,489.1,-227.31,-0.011818,320.47,1706.7,7.2429e+05,999,1,73.471,-1184.3,1166.7,1702.3,-152.63,-115.02,-638.3,21.876,78.277,2473.3,195067,164,1242,2074,0.24303,1.5406,1.5501
-1653.1,472.77,-221.24,-0.012602,311.91,1705.3,7.2646e+05,1001,1,69.655,-1184,1167,1703.2,-147.06,-109.07,-638.16,19.943,75.809,2473.1,195046,164,1242,2074,0.23358,1.542,1.5501
-1655.4,456.44,-215.16,-0.013229,303.34,1703.8,7.2816e+05,1003,1,66.359,-1183.8,1166.5,1703.8,-142.16,-104.11,-638.03,18.109,73.861,2472.5,195018,164,1242,2074,0.22411,1.5434,1.5501
-1647.2,426.08,-203.42,-0.012786,287.77,1689.2,7.2623e+05,370307,1,64.983,-1180.4,1157.4,1705,-132.38,-96.026,-638.46,13.136,71.981,2469.3,194759,164,1242,2074,0.2064,1.5405,1.5555
-1657.6,440.1,-209.09,-0.013701,294.78,1702.4,7.2896e+05,1005,1,70.041,-1180.4,1167.5,1705.2,-137.98,-98.966,-639.59,16.889,71.876,2472.3,195004,164,1242,2074,0.21464,1.5448,1.5501
-1646.3,409.69,-197.26,-0.012505,279.29,1684.9,7.2411e+05,370305,1,53.494,-1173,1153.8,1704.8,-126.85,-90.881,-636.35,10.198,70.707,2469.3,194758,164,1242,2074,0.19685,1.5405,1.5567
-1645.4,393.3,-191.1,-0.01217,270.78,1680.8,7.2096e+05,370303,1,50.716,-1185.4,1164.3,1705.3,-122.74,-84.417,-636.28,10.886,65.986,2470.4,194836,164,1242,2074,0.1873,1.5405,1.5579
-1644.5,376.9,-184.95,-0.012112,262.25,1676.9,7.1918e+05,370301,1,47.303,-1181.1,1162.6,1705.7,-117.5,-79.078,-636.03,8.6615,64.269,2469.3,194754,164,1242,2074,0.17773,1.5405,1.559
-1643.7,360.49,-178.81,-0.012126,253.71,1673.1,7.1751e+05,370299,1,43.891,-1189.3,1168.6,1706,-112.71,-73.286,-635.76,7.9862,60.886,2473.5,195088,164,1242,2074,0.16816,1.5405,1.5601
-1642.9,344.09,-172.66,-0.01251,245.15,1669.5,7.1631e+05,370297,1,39.941,-1185,1167.3,1706,-107.43,-67.949,-635.11,5.7452,59.161,2470.2,194826,164,1242,2074,0.15859,1.5405,1.5611
-1642.2,327.68,-166.53,-0.01309,236.59,1666.1,7.1542e+05,370295,1,36.266,-1189.2,1170.1,1706,-102.7,-62.968,-634.55,4.3962,56.796,2472.9,195039,164,1242,2074,0.14901,1.5405,1.562
-1641.5,311.28,-160.41,-0.013892,228.02,1662.8,7.1374e+05,370293,1,31.777,-1191.4,1171.5,1705.7,-96.788,-57.386,-633.8,2.1847,54.623,2473.8,195108,164,1242,2074,0.13942,1.5405,1.5629
-1640.8,294.88,-154.29,-0.014383,219.44,1659.7,7.1097e+05,370291,1,29.285,-1187.7,1171.4,1704.1,-90.934,-52.218,-631.87,-0.41134,53.1,2469.9,194804,164,1242,2074,0.12983,1.5405,1.5637
-1640.1,278.48,-148.19,-0.014592,210.87,1656.8,7.0695e+05,370289,1,21.727,-1195.1,1174,1704.1,-83.84,-47.742,-631.29,-3.5949,51.784,2474.1,195134,164,1242,2074,0.12023,1.5405,1.5645
-1639.4,262.09,-142.09,-0.014285,202.29,1654,7.0127e+05,370287,1,17.65,-1193.7,1172.1,1703.2,-77.698,-42.95,-630.2,-6.5102,50.554,2471.4,194910,164,1242,2074,0.11063,1.5405,1.5652
-1638.8,245.71,-136.02,-0.013778,193.72,1651.4,6.9329e+05,370285,1,12.533,-1191,1170.9,1701.5,-72,-38.933,-628.19,-9.3244,49.704,2467.5,194561,164,1242,2074,0.10102,1.5405,1.5658
-1638.2,229.34,-129.96,-0.013107,185.16,1648.9,6.8536e+05,370283,1,7.6846,-1189,1168.9,1700,-65.669,-34.638,-626.6,-12.443,48.811,2463.9,194204,164,1242,2074,0.091412,1.5405,1.5664
-1637.7,212.99,-123.92,-0.012069,176.62,1646.7,6.7853e+05,370281,1,2.4214,-1185.9,1167.2,1698.3,-59.504,-31.138,-624.81,-15.639,48.404,2459.8,193559,164,1242,2074,0.0818,1.5405,1.567
-1637.1,196.64,-117.88,-0.010433,168.07,1644.5,6.7255e+05,370279,1,-1.6911,-1186.2,1164.9,1698.2,-52.819,-27.09,-624.75,-18.95,47.662,2458.5,193290,164,1242,2074,0.072183,1.5405,1.5674
-1636.6,180.3,-111.86,-0.0080433,159.53,1642.6,6.676e+05,370277,1,-8.0276,-1182,1161.6,1696.9,-44.144,-24.342,-623.67,-23.962,48.437,2453.7,192912,164,1242,2074,0.062564,1.5405,1.5679
-1636.1,163.96,-105.84,-0.0046888,150.98,1640.7,6.617e+05,370275,1,-12.404,-1179,1158.6,1697.5,-36.533,-21.43,-624.46,-28.039,48.635,2451.4,192693,164,1242,2074,0.052943,1.5405,1.5682
-1635.6,147.61,-99.799,-0.0022177,142.4,1639.1,6.5726e+05,370273,1,-18.236,-1175.6,1156.5,1697.5,-29.239,-19.204,-624.35,-31.833,48.954,2448.6,192497,164,1242,2074,0.04332,1.5405,1.5685
-1635.1,131.26,-93.783,-0.0046481,133.83,1637.6,6.794e+05,370271,1,-23.258,-1172.7,1152,1692.1,-18.266,-18.465,-619.64,-38.228,50.897,2440.2,191805,164,1242,2074,0.033695,1.5405,1.5687
-1634.7,114.93,-87.768,0.00045044,125.27,1636.3,6.7731e+05,370269,1,-19.319,-1170.6,1148.2,1695.9,-11.065,-14.203,-623.7,-41.177,49.637,2441,191855,164,1242,2074,0.024068,1.5405,1.5689
-1634.4,98.604,-81.758,0.0059916,116.7,1635.2,6.618e+05,370267,1,-27.422,-1161.3,1140.3,1689.6,0.7776,-16.418,-618.08,-49.123,54.006,2427.4,190641,164,1242,2074,0.014441,1.5405,1.569
-1634,82.344,-75.817,0.0092473,108.23,1634.3,6.4225e+05,370265,1,-47.331,-1141.5,1122.1,1673.9,20.718,-26.678,-602.8,-64.709,65.959,2395.7,188122,164,1242,2074,0.0048134,1.5405,1.5691
-1633.6,66.235,-70.022,0.012329,99.963,1633.4,6.2288e+05,370263,1,-82.331,-1105.3,1085.5,1641.9,51.706,-46.814,-574.59,-90.11,87.316,2335.2,173810,164,1242,2074,-0.0048144,1.5405,1.5691
-1633,50.446,-64.502,0.040963,92.108,1632.5,6.0038e+05,370261,1,-125.46,-1052.3,1031.2,1607.7,90.138,-74.258,-540.24,-123.69,116.98,2259.6,170824,164,1242,2074,-0.014442,1.5405,1.569
-1632.3,34.803,-59.127,0.061777,84.451,1631.5,5.6157e+05,370259,1,-207.06,-1019.4,995.36,1563.5,114.79,-90.356,-489.69,-146.47,137.23,2195.2,167703,164,1242,2074,-0.024069,1.5405,1.5689
-1628.6,20.793,-55.571,-0.12321,79.179,1627.7,5.6617e+05,370257,1,-990.62,-538.18,504.24,1242.4,368.99,-336.93,-116.33,-418.92,410.22,2186.6,167333,164,20,2061,-0.033696,1.5405,1.5687
-1615.6,10.722,-56.868,-1.2252,79.896,1614.6,5.6137e+05,370255,1,-1656.4,-14.032,-35.834,1147.7,501.41,-461.1,-22.807,-545.26,535.65,2260.8,170867,164,20,2061,-0.043321,1.5405,1.5685
-1597.8,-0.49094,-56.787,-2.3709,78.598,1596.9,5.5516e+05,370253,1,-1669.1,-2.7146,-55.181,1195.9,465.17,-417.16,-161.98,-469.31,455.27,2250.2,170422,164,10,2057,-0.052944,1.5405,1.5682
-1579.7,-12.303,-54.248,-2.3511,74.979,1578.9,5.5425e+05,370251,1,-1564.7,-36.759,-25.543,1340.8,506.55,-444.7,-398.09,-446.21,422.29,2277.1,171363,164,10,2057,-0.062565,1.5405,1.5679
-1565.1,-25.786,-49.254,-1.796,68.404,1564.6,5.5634e+05,370249,1,-1285.5,-208.31,146.16,1507.6,530.69,-451.64,-621.89,-419.34,383.05,2277.1,171364,164,10,2057,-0.072184,1.5405,1.5674
-1554.9,-41.748,-41.562,-1.0226,58.204,1554.9,5.5924e+05,370247,1,-757.56,-417.46,372.21,1699.8,708.93,-609.61,-842.68,-527.25,475.65,2421.7,190186,164,10,2057,-0.081801,1.5405,1.567
-1549.8,-59.83,-31.978,-0.26808,45.293,1550.6,5.6675e+05,370245,1,-488.16,-497.74,461.85,1826.8,757.91,-641.45,-931.79,-559.79,498.29,2457.8,193228,164,10,2057,-0.091413,1.5405,1.5664
-1547.2,-77.569,-23.178,0.23704,33.254,1549,5.7684e+05,370243,1,-268.45,-617.53,589.54,1805.9,695.1,-568.99,-844.19,-508.44,447.38,2457.8,193229,164,10,2057,-0.10102,1.5405,1.5658
-1546.1,-93.718,-16.316,0.51461,23.751,1548.8,5.8012e+05,370241,1,-165.52,-604.67,583.47,1666.1,741.17,-614.07,-652.66,-563.68,511.01,2332.5,173641,164,10,2057,-0.11063,1.5405,1.5652
-1545.4,-106.54,-12.487,0.97748,18.759,1549,5.7377e+05,370239,1,-52.653,-629.21,614.23,1209.2,544.36,-443.61,-290.64,-428.89,400.95,1777.8,128843,164,10,2057,-0.12023,1.5405,1.5645
-1546.6,-113.54,-12.866,2.6178,20.948,1550.6,5.5736e+05,370237,1,91.224,-467.57,467.1,797.26,266.61,-194.25,134.69,-316.07,322.65,1188.2,11209,164,10,2057,-0.12983,1.5405,1.5637
-1551.4,-110.75,-21.198,5.711,35.906,1555,5.2393e+05,370235,1,135.08,-546.69,546.28,-72.489,174.74,-172.79,871.26,-282.51,353.1,1282.5,11687,164,5,2055,-0.13942,1.5405,1.5629
-1551,-107.65,-34.403,5.251,54.179,1554.2,4.7931e+05,370233,1,-5364.8,3813.6,-4309.6,8500.9,-7086.1,7860.7,-4476.7,4146.4,-4556.3,17440,335486,164,5,2055,-0.14901,1.5405,1.562
-1538.9,-129.67,-33.543,-3.6661,43.932,1544.1,4.5061e+05,370231,1,-10411,14745,-15722,16581,-24318,25856,-10861,16197,-17210,52766,350473,164,5,2055,-0.15859,1.5405,1.5611
-1436.2,-335.16,81.605,-67.065,-183.31,1464.1,4.5729e+05,370229,1,-17921,26265,-28010,33720,-42122,45427,-24377,31545,-33949,97531,357397,164,924,2073,-0.16816,1.5405,1.5601
-1155.4,-880.47,436.01,-214.31,-833.72,1248.7,4.7476e+05,370227,1,-28713,37248,-40242,58941,-59582,65824,-45772,50513,-55380,1.5133e+05,362184,164,924,2073,-0.17773,1.5405,1.559
-842.54,-1492.5,918.25,-323.25,-1625.7,1016.5,4.8996e+05,370225,1,-26483,42366,-45151,50596,-72545,77894,-41750,62295,-66737,1.6883e+05,363366,164,924,2073,-0.1873,1.5405,1.5579
-503.05,-2098.9,1475.8,-380.59,-2471.1,765.04,4.9864e+05,370223,1,-30011,53497,-56759,61430,-87651,94537,-53269,79374,-85322,2.0927e+05,365284,164,924,2073,-0.19685,1.5405,1.5567
-1678.7,592.35,-266.97,-0.011762,371.88,1761.2,7.2101e+05,3205,1,94.797,-1190.8,1185.9,1694.8,-188.94,-146.26,-637.26,39.385,87.028,2475.4,195425,164,1242,2074,0.3032,1.5491,1.5308
-1675.5,608.81,-273.1,-0.0111,380.42,1762.9,7.1884e+05,3203,1,97.467,-1192.4,1185.2,1693.4,-193.11,-150.73,-636.88,40.934,88.723,2475.4,195432,164,1242,2074,0.3127,1.5472,1.5308
-1697.7,611.63,-274.76,-0.012306,380.48,1785.3,7.1873e+05,4349,1,99.019,-1183.3,1189.1,1693.2,-195.31,-150.96,-636.89,41.992,88.951,2475.4,195397,164,1242,2074,0.31456,1.5564,1.5211
-1681.7,575.89,-260.84,-0.012363,363.34,1759.5,7.2275e+05,3207,1,91.274,-1189.4,1186.3,1696.4,-183.36,-140.33,-637.64,37.319,84.737,2475.4,195423,164,1242,2074,0.29369,1.551,1.5308
-1684.7,559.4,-254.7,-0.012832,354.79,1757.9,7.2376e+05,3209,1,88.149,-1185,1188,1698,-178.51,-134.42,-638.1,35.645,82.464,2475.4,195409,164,1242,2074,0.28417,1.5527,1.5308
-1687.5,542.91,-248.56,-0.013502,346.23,1756.2,7.2507e+05,3211,1,85.089,-1186.1,1187.5,1699.1,-173.45,-129.6,-638.21,33.689,80.587,2475.4,195412,164,1242,2074,0.27464,1.5544,1.5308
-1665.2,540.48,-247.04,-0.011931,346.19,1733.8,7.2329e+05,2087,1,83.103,-1194.6,1183.8,1699.3,-170.52,-128.33,-638.18,32.339,79.997,2475.4,195441,164,1242,2074,0.273,1.5452,1.5405
-1667.9,524.07,-240.93,-0.012474,337.63,1732.2,7.2474e+05,2089,1,80.242,-1192,1184.8,1700.5,-166.04,-123.25,-638.36,30.706,78.065,2475.4,195434,164,1242,2074,0.26351,1.5468,1.5405
-1670.6,507.66,-234.83,-0.013077,329.07,1730.7,7.259e+05,2091,1,77.056,-1192,1184.5,1701.4,-160.82,-118.02,-638.33,28.688,76.067,2475.4,195428,164,1242,2074,0.25402,1.5484,1.5405
-1675.5,474.81,-222.6,-0.014575,311.94,1727.8,7.293e+05,2095,1,71.176,-1188.3,1185.6,1703,-151.96,-108.53,-638.22,25.332,72.509,2475.4,195404,164,1242,2074,0.235,1.5514,1.5405
-1673.1,491.24,-228.72,-0.013844,320.5,1729.2,7.2734e+05,2093,1,74.015,-1189.7,1185.2,1702.3,-156.24,-112.98,-638.28,26.968,74.173,2475.4,195415,164,1242,2074,0.24451,1.5499,1.5405
-1677.9,458.38,-216.49,-0.015302,303.37,1726.3,7.3066e+05,2097,1,67.397,-1187.1,1185.6,1703.8,-146.22,-102.66,-638.09,23.111,70.321,2475.4,195395,164,1242,2074,0.22547,1.5528,1.5405
-1659.8,423.76,-203.01,-0.013808,286.21,1701.1,7.2785e+05,1007,1,60.279,-1164.1,1153.7,1705.1,-130.77,-94.502,-637.82,11.303,72.861,2469.3,194757,164,1242,2074,0.20515,1.5461,1.5501
-1682.2,425.5,-204.27,-0.015933,286.24,1723.6,7.3237e+05,2101,1,60.293,-1184.7,1185.7,1705.1,-135.31,-91.632,-637.76,18.859,66.27,2475.4,195367,164,1242,2074,0.2064,1.5555,1.5405
-1680.1,441.94,-210.38,-0.015794,294.81,1724.9,7.3212e+05,2099,1,63.579,-1182.8,1186.8,1704.5,-141.01,-96.861,-637.91,21.15,68.219,2475.4,195368,164,1242,2074,0.21594,1.5542,1.5405
-1661.8,407.41,-196.94,-0.013859,277.65,1699.8,7.2771e+05,1009,1,56.563,-1174.2,1167,1705.6,-127.31,-87.807,-637.56,12.614,67.776,2469.3,194756,164,1242,2074,0.19566,1.5473,1.5501
-1663.7,391.06,-190.87,-0.01374,269.09,1698.5,7.2603e+05,1011,1,52.853,-1174.3,1167.5,1706,-121.69,-81.823,-637.22,10.71,65.274,2469.3,194755,164,1242,2074,0.18616,1.5485,1.5501
-1665.5,374.71,-184.8,-0.013887,260.53,1697.2,7.2606e+05,1013,1,49.244,-1175.6,1170,1706.3,-116.71,-76.244,-636.79,9.3162,62.683,2469.3,194753,164,1242,2074,0.17666,1.5496,1.5501
-1667.2,358.36,-178.73,-0.014048,251.97,1696,7.2539e+05,1015,1,45.428,-1176.4,1171.9,1706.4,-111.57,-70.8,-636.21,7.6704,60.326,2469.3,194752,164,1242,2074,0.16715,1.5506,1.5501
-1668.8,342.01,-172.66,-0.014411,243.42,1694.8,7.2367e+05,1017,1,41.379,-1176.9,1173.4,1706.2,-106.29,-65.486,-635.43,5.8368,58.15,2469.3,194751,164,1242,2074,0.15763,1.5516,1.5501
-1670.3,325.66,-166.61,-0.014885,234.88,1693.7,7.2135e+05,1019,1,37.412,-1177,1172.8,1706,-101.22,-60.645,-634.69,3.8553,56.341,2468.7,194691,164,1242,2074,0.14811,1.5526,1.5501
-1671.7,309.31,-160.56,-0.015428,226.35,1692.6,7.1809e+05,1021,1,32.603,-1177,1176.7,1705.1,-95.826,-55.783,-633.19,1.9126,54.459,2468.7,194690,164,1242,2074,0.13858,1.5534,1.5501
-1662.6,276.9,-148.26,-0.015594,209.68,1679,7.0682e+05,369195,1,24.143,-1175.1,1167.3,1702.2,-87.484,-45.738,-629.63,-1.3443,50.452,2459.8,193571,164,1242,2074,0.1195,1.5501,1.555
-1673,292.98,-154.52,-0.01575,217.84,1691.5,7.1424e+05,1023,1,30.018,-1173.3,1173.7,1703.3,-90.402,-50.304,-631.18,-0.34001,52.566,2463.4,194147,164,1242,2074,0.12904,1.5543,1.5501
-1661.9,260.63,-142.23,-0.014874,201.25,1676.2,7.0189e+05,369193,1,14.63,-1175.5,1168.7,1701.6,-81.084,-39.56,-628.42,-3.6878,48.069,2459.4,193529,164,1242,2074,0.10996,1.5501,1.5557
-1661.3,244.37,-136.22,-0.01343,192.82,1673.6,6.9469e+05,369191,1,8.1096,-1177.1,1169.3,1699.6,-73.679,-35.351,-626.16,-7.3389,47.28,2458.2,193264,164,1242,2074,0.10041,1.5501,1.5564
-1660.7,228.13,-130.22,-0.011038,184.4,1671.2,6.8495e+05,369189,1,3.8107,-1174.5,1168,1698,-69.319,-30.113,-624.55,-8.6798,45.054,2454.5,192976,164,1242,2074,0.09086,1.5501,1.557
-1660,211.91,-124.25,-0.0075771,176.01,1668.9,6.751e+05,369187,1,-2.6715,-1172,1166.6,1695.3,-63.662,-24.357,-622.07,-10.527,42.643,2449.9,192599,164,1242,2074,0.081305,1.5501,1.5575
-1659.4,195.71,-118.3,-0.0021948,167.64,1666.7,6.6733e+05,369185,1,-8.3284,-1171.6,1164,1693,-54.081,-23.163,-619.89,-16.522,44.529,2446.2,192279,164,1242,2074,0.071747,1.5501,1.558
-1658.8,179.54,-112.38,0.0058502,159.3,1664.7,6.6261e+05,369183,1,-13.43,-1168.8,1162.6,1692.1,-49.3,-18.433,-619.67,-17.789,42.346,2443.4,192075,164,1242,2074,0.062186,1.5501,1.5584
-1658.3,163.36,-106.44,0.017784,150.92,1662.9,6.5599e+05,369181,1,-16.885,-1166.8,1160.5,1693.5,-42.422,-14.921,-621.81,-20.446,41.241,2442.8,192028,164,1242,2074,0.052623,1.5501,1.5587
-1657.8,147.15,-100.47,0.031264,142.51,1661.2,6.6615e+05,369179,1,-24.039,-1163.7,1157.4,1688.1,-33.67,-13.09,-617.87,-23.754,40.608,2435,191387,164,1242,2074,0.043058,1.5501,1.559
-1657.2,131.11,-94.667,0.054612,134.32,1659.7,6.6499e+05,369177,1,-38.458,-1155.5,1150.8,1676,-27.169,-9.8934,-608.56,-23.328,36.548,2417.2,189848,164,1242,2074,0.033491,1.5501,1.5593
-1656.6,115.05,-88.832,0.081062,126.08,1658.2,6.5002e+05,369175,1,-43.655,-1143.1,1135.8,1680.9,-9.4182,-17.058,-612.93,-35.15,44.436,2409,189181,164,1242,2074,0.023923,1.5501,1.5594
-1656,99.03,-83.039,0.10482,117.9,1656.9,6.3295e+05,369173,1,-71.184,-1113.6,1107.4,1665.4,4.8103,-19.965,-598.68,-39.888,44.968,2368,176634,164,1242,2074,0.014354,1.5501,1.5596
-1655.1,83.276,-77.515,0.12438,110.08,1655.4,6.1567e+05,369171,1,-145.44,-1053.2,1047.8,1624.7,23.532,-27.515,-565.74,-43.749,44.743,2278.8,171406,164,1242,2074,0.0047844,1.5501,1.5596
-1653.7,67.991,-72.409,0.17051,102.89,1653.5,6.0058e+05,369169,1,-160.75,-1003.2,996.15,1588.4,49.854,-44.448,-526.35,-60.242,57.882,2199.1,167815,164,1242,2074,-0.0047853,1.5501,1.5596
-1652.1,52.879,-67.444,0.22723,95.899,1651.5,5.8174e+05,369167,1,-269.81,-949.41,940.68,1540.8,65.401,-52.297,-481.51,-66.809,62.218,2186.6,167356,164,1242,2074,-0.014355,1.5501,1.5596
-1648.4,39.132,-63.936,0.1769,90.865,1647.6,5.6953e+05,369165,1,-797.51,-729.77,711.53,1224.4,177.83,-158.36,-115.53,-193.37,190.26,2186.6,167334,164,1242,2074,-0.023924,1.5501,1.5594
-1631,33.983,-69.938,-0.79554,98.389,1629.9,5.6848e+05,369163,1,-2101.1,-339.29,294.7,847.86,233.57,-211.59,327.63,-268.99,271.21,2385,187163,164,20,2061,-0.033492,1.5501,1.5593
-1610.5,22.225,-69.324,-1.9471,96.345,1609.2,5.6052e+05,369161,1,-1955.5,-90.204,39.094,1183.2,303.17,-267.77,-122.64,-303.67,295.94,2364.7,176037,164,20,2061,-0.043059,1.5501,1.559
-1592.2,10.266,-66.539,-1.8255,92.502,1591,5.5517e+05,369159,1,-1715,-22.333,-31.541,1211.9,301.56,-258.54,-287.32,-220.37,207.53,2250.2,170432,164,20,2061,-0.052624,1.5501,1.5587
-1578.6,-0.99338,-63.147,-0.80733,88.696,1577.4,5.5597e+05,369157,1,-1303.9,-144.45,95.287,1240.7,309.67,-257.91,-407.56,-159.92,141.09,2250.2,170423,164,20,2061,-0.062187,1.5501,1.5584
-1569.7,-13.497,-58.347,0.3633,83.046,1568.7,5.6059e+05,369155,1,-845.16,-391.09,352.51,1363.1,267.81,-202.57,-580.66,-46.412,17.512,2250.2,170425,164,17,2060,-0.071748,1.5501,1.558
-1564,-26.169,-53.13,1.7513,77.023,1563.2,5.667e+05,369153,1,-672.66,-496.63,459.66,1382.3,430.55,-354.5,-582.36,-171.17,137.62,2250.2,170428,164,10,2057,-0.081306,1.5501,1.5575
-1559.3,-38.156,-48.421,3.2485,71.829,1558.9,5.6719e+05,369151,1,-377.54,-626.46,602.54,1539.3,415.67,-321.82,-742.7,-82.31,35.577,2250.2,170430,164,10,2057,-0.090861,1.5501,1.557
-1557.7,-53.179,-41.267,4.4363,62.863,1557.9,5.6192e+05,369149,1,-85.47,-845.93,838.41,1776.2,344.85,-225.33,-845.53,112.85,-170.96,2346.8,174475,164,10,2057,-0.10041,1.5501,1.5564
-1556.5,-71.242,-33.208,4.119,51.114,1557.6,5.4446e+05,369147,1,-236.51,-955.92,935.91,1956.4,608.5,-463.89,-830.17,-183.15,119.56,2644.9,234419,164,10,2057,-0.10996,1.5501,1.5557
-1554.2,-91.078,-25.053,2.5463,37.981,1556.6,5.1265e+05,369145,1,-130.08,-1170.2,1158.1,1643.9,405.01,-276.71,-448.35,-112.42,75.415,2426.9,190609,164,10,2057,-0.1195,1.5501,1.555
-1554.3,-102.99,-23.036,2.3322,34.896,1557.5,4.7867e+05,369143,1,-1219.5,960.25,-1073.1,2356.5,-1025,1233,244.97,-1722.3,1748.2,4215.1,286857,164,10,2057,-0.12904,1.5501,1.5543
-1548.7,-131.9,-13.406,-4.8557,14.096,1554.2,4.5306e+05,369141,1,-7107.3,5340.6,-5994.7,8586.9,-4824.9,5602,-3950.4,-663.11,322.84,16110,334267,164,10,2057,-0.13858,1.5501,1.5534
-1437.4,-319.7,88.793,-65.862,-191.06,1461.2,4.5241e+05,369139,1,-24032,14163,-16516,34855,-11257,14611,-22868,2317.1,-4491.2,56164,351146,164,10,2057,-0.14811,1.5501,1.5526
-1127,-816.79,409.26,-206.2,-782.94,1203.8,4.7078e+05,369137,1,-32680,21257,-24594,46736,-19453,24132,-34640,9794.5,-13260,82106,355470,164,5,2055,-0.15763,1.5501,1.5516
-672.5,-1473.9,920.58,-338.67,-1635.2,826.64,4.8366e+05,369135,1,-39284,33191,-37380,55418,-27936,33727,-48800,18266,-23396,1.1088e+05,358846,164,5,2055,-0.16715,1.5501,1.5506
-251.62,-2172.9,1594.2,-388.05,-2632.4,496.04,4.941e+05,369133,1,-37397,41594,-45806,66993,-27359,34746,-61790,21274,-28099,1.2935e+05,360461,164,5,2055,-0.17666,1.5501,1.5496
152.85,-3033.4,2409.5,-454.54,-3844.5,209.96,4.9985e+05,369131,1,-42346,45382,-50453,80765,-22710,32088,-72146,19013,-27360,1.4416e+05,361649,164,6,2056,-0.18616,1.5501,1.5485
752.68,-4026.1,3301.1,-582.23,-5222.5,-242.55,5.0541e+05,369129,1,-52262,56960,-63508,75476,-29631,38754,-78120,33068,-42566,1.646e+05,363111,164,6,2056,-0.19566,1.5501,1.5473
-1700.9,595.08,-268.6,-0.012959,371.94,1783.5,7.2143e+05,4351,1,95.519,-1179.6,1190.4,1695.2,-189.93,-144.68,-637.48,40.102,86.526,2475.4,195385,164,1242,2074,0.305,1.5583,1.5211
-1719.9,614.43,-276.42,-0.013466,380.54,1807.6,7.1882e+05,5515,1,99.776,-1172.1,1193.6,1693.7,-196.32,-149.38,-637.17,42.724,88.448,2475.4,195353,164,1242,2074,0.3164,1.5655,1.5113
-1704,578.5,-262.42,-0.013645,363.39,1781.9,7.231e+05,4353,1,91.988,-1178.2,1190.9,1696.8,-184.31,-138.7,-637.89,38.056,84.182,2475.4,195382,164,1242,2074,0.29543,1.5602,1.5211
-1709.8,545.32,-250.06,-0.01519,346.27,1778.6,7.2677e+05,4357,1,86.017,-1174.9,1192.1,1699.4,-175.02,-128.73,-638.39,34.634,80.342,2475.4,195370,164,1242,2074,0.27627,1.5637,1.5211
-1707,561.92,-256.24,-0.014281,354.83,1780.2,7.2448e+05,4355,1,89.325,-1176.7,1191.5,1698.1,-180.08,-134.19,-638.17,36.504,82.443,2475.4,195379,164,1242,2074,0.28586,1.5619,1.5211
-1690.3,526.4,-242.41,-0.01425,337.67,1754.7,7.2714e+05,3213,1,82.121,-1183.5,1188.5,1700.3,-168.94,-124.51,-638.39,32.048,78.644,2475.4,195402,164,1242,2074,0.26509,1.5561,1.5308
-1692.9,509.89,-236.26,-0.015092,329.1,1753.1,7.2865e+05,3215,1,78.793,-1181.7,1189,1701.3,-163.86,-119.07,-638.43,30.142,76.572,2475.4,195393,164,1242,2074,0.25554,1.5577,1.5308
-1695.5,493.37,-230.11,-0.016029,320.53,1751.7,7.308e+05,3217,1,74.754,-1179.5,1189.4,1702.4,-157.9,-112.7,-638.31,27.882,74.165,2475.4,195376,164,1242,2074,0.24598,1.5592,1.5308
-1697.9,476.84,-223.96,-0.016824,311.97,1750.2,7.3209e+05,3219,1,70.95,-1178.5,1189.2,1703.2,-152.08,-106.77,-638.15,25.625,71.938,2475.4,195360,164,1242,2074,0.23641,1.5607,1.5308
-1700.3,460.31,-217.82,-0.017556,303.4,1748.8,7.3411e+05,3221,1,67.385,-1174.9,1190.1,1703.9,-147.25,-101.53,-637.97,23.79,70.028,2475.4,195336,164,1242,2074,0.22683,1.5621,1.5308
-1704.6,427.22,-205.52,-0.017926,286.27,1746,7.3643e+05,3225,1,60.573,-1172.4,1190.2,1704.9,-136.84,-91.371,-637.53,19.691,66.344,2475.4,195303,164,1242,2074,0.20764,1.5648,1.5308
-1684.2,409.05,-198.16,-0.015938,277.68,1722.3,7.3311e+05,2103,1,57.055,-1180.5,1186.9,1705.5,-130.93,-86.811,-637.5,17.202,64.558,2475.4,195339,164,1242,2074,0.19685,1.5567,1.5405
-1702.5,443.77,-211.67,-0.017898,294.84,1747.4,7.356e+05,3223,1,64.131,-1174.1,1190,1704.4,-142.22,-96.618,-637.79,21.816,68.225,2475.4,195321,164,1242,2074,0.21724,1.5635,1.5308
-1686.2,392.6,-192.05,-0.015848,269.12,1721,7.3233e+05,2105,1,53.491,-1179.1,1186.8,1705.9,-125.38,-81.438,-637.12,14.976,62.657,2475.4,195316,164,1242,2074,0.1873,1.5579,1.5405
-1688,376.15,-185.94,-0.015701,260.56,1719.7,7.321e+05,2107,1,50.256,-1179.3,1186.1,1706.1,-119.98,-76.392,-636.77,12.789,60.847,2475.4,195305,164,1242,2074,0.17773,1.559,1.5405
-1689.7,359.7,-179.84,-0.015589,252.01,1718.5,7.312e+05,2109,1,46.649,-1176.8,1186.5,1706.1,-114.97,-71.6,-636.08,10.739,59.226,2475.4,195270,164,1242,2074,0.16816,1.5601,1.5405
-1691.3,343.25,-173.75,-0.015463,243.47,1717.3,7.2925e+05,2111,1,42.698,-1175.1,1186.3,1705.8,-109.34,-66.581,-635.19,8.3521,57.586,2474.5,195164,164,1242,2074,0.15859,1.5611,1.5405
-1692.8,326.81,-167.66,-0.015085,234.94,1716.2,7.2543e+05,2113,1,37.544,-1172.9,1185.7,1705,-102.37,-61.116,-633.67,5.1811,56.044,2471.6,194933,164,1242,2074,0.14901,1.562,1.5405
-1695.4,293.96,-155.53,-0.013249,217.95,1713.9,7.1029e+05,2117,1,28.039,-1170.4,1184.2,1703,-90.374,-52.791,-630.68,-0.55159,54.047,2466.7,194470,164,1242,2074,0.12983,1.5637,1.5405
-1694.2,310.38,-161.59,-0.014464,226.43,1715,7.193e+05,2115,1,31.777,-1169.5,1185.2,1703.3,-95.328,-56.446,-631.36,1.7163,55.081,2467.5,194566,164,1242,2074,0.13942,1.5629,1.5405
-1674.1,276.65,-148.49,-0.01555,209.35,1690.4,7.1032e+05,1025,1,20.535,-1166.9,1170.8,1702.6,-85.403,-43.917,-629.72,-2.0328,50.033,2457.6,193218,164,1242,2074,0.1195,1.555,1.5501
-1696.5,277.57,-149.5,-0.010987,209.49,1712.8,6.9871e+05,2119,1,19.829,-1165.4,1183,1699.5,-82.411,-49.764,-626.67,-5.2073,54.542,2459.9,193583,164,1242,2074,0.12023,1.5645,1.5405
-1676,244.05,-136.49,-0.011488,192.42,1688.2,6.9605e+05,1029,1,7.2153,-1166.3,1171,1699.4,-74.345,-34.737,-626.14,-6.5035,46.866,2453.7,192913,164,1242,2074,0.10041,1.5564,1.5501
-1675.1,260.34,-142.48,-0.014217,200.87,1689.3,7.0463e+05,1027,1,14.725,-1167.6,1173.5,1701.2,-78.617,-40.837,-628.15,-5.427,49.755,2457.6,193213,164,1242,2074,0.10996,1.5557,1.5501
-1676.8,227.78,-130.51,-0.0067513,184,1687.2,6.8508e+05,1031,1,-0.30746,-1163.4,1169.6,1696.8,-66.273,-31.223,-623.7,-10.677,46.729,2449,192537,164,1242,2074,0.090861,1.557,1.5501
-1677.8,195.31,-118.62,0.012993,167.26,1685,6.5881e+05,1035,1,-13.808,-1154.8,1161,1690.7,-53.674,-23.638,-618.9,-16.078,44.596,2434.9,191377,164,1242,2074,0.071748,1.558,1.5501
-1677.4,211.53,-124.55,0.00092711,175.61,1686.1,6.7247e+05,1033,1,-7.8746,-1157.3,1165.3,1693.7,-57.577,-30.063,-621.18,-16.001,48.425,2441.1,191879,164,1242,2074,0.081306,1.5575,1.5501
-1678.2,179.12,-112.7,0.032683,158.93,1684,6.4369e+05,1037,1,-23.689,-1143.6,1151,1688.2,-42.085,-23.781,-618.73,-22.148,46.559,2423,190330,164,1242,2074,0.062187,1.5584,1.5501
-1678.4,162.93,-106.77,0.06396,150.59,1683,6.2768e+05,1039,1,-35.225,-1127.4,1134.9,1681.8,-27.459,-27.926,-617.09,-29.632,50.266,2403,188751,164,1242,2074,0.052624,1.5587,1.5501
-1678.5,146.74,-100.78,0.13097,142.21,1681.9,6.2804e+05,1041,1,-63.339,-1097.7,1105.6,1665.5,-3.2971,-41.545,-606.88,-43.334,60.089,2362.4,175795,164,1242,2074,0.043059,1.559,1.5501
-1678.2,130.74,-94.917,0.23693,134.06,1680.7,6.1552e+05,1043,1,-62.883,-1080.2,1086.4,1673.3,6.5059,-41.938,-613.9,-44.075,57.438,2352.6,174957,164,1242,2074,0.033492,1.5593,1.5501
-1677.6,114.75,-89.029,0.36989,125.89,1679.2,6.002e+05,1045,1,-167.64,-975.74,984.36,1631.5,66.739,-92.194,-586.35,-85.447,95.284,2232.5,169693,164,1242,2074,0.023924,1.5594,1.5501
-1676.6,98.83,-83.175,0.51646,117.78,1677.4,5.8578e+05,1047,1,-230.51,-861.58,867.31,1609.4,118.71,-133.62,-567.35,-115.71,121.88,2186.6,167357,164,1242,2074,0.014355,1.5596,1.5501
-1671.7,68.082,-72.292,0.96487,102.88,1671.5,5.6513e+05,1051,1,-378.25,-666.58,667.33,1543.2,183.27,-181.35,-520.01,-139.47,139.83,2186.6,167336,164,1242,2074,-0.0047844,1.5596,1.5501
-1674.8,83.204,-77.56,0.69447,110.04,1675,5.7541e+05,1049,1,-255.19,-765.2,768.9,1607,162.2,-169.28,-569.05,-142.65,146.22,2186.6,167347,164,1242,2074,0.0047853,1.5596,1.5501
-1667.9,53.051,-67.112,1.2043,95.817,1667.4,5.6044e+05,1053,1,-581.38,-403.12,397.84,1467,296.77,-286.78,-398.31,-228.24,227.56,2186.6,167335,164,1242,2074,-0.014354,1.5596,1.5501
-1661.6,38.49,-63.48,0.62492,90.122,1660.8,5.5982e+05,1055,1,-2111.6,436.14,-479.39,896.6,624.83,-618.8,272.67,-590.69,602.59,2691.2,236231,164,20,2061,-0.023923,1.5594,1.5501
-1637.1,31.999,-68.681,-0.79007,96.048,1636,5.5263e+05,1057,1,-2382.7,465.32,-525.83,928.06,380.94,-364.81,168.44,-308.6,315.72,2744.6,238178,164,20,2061,-0.033491,1.5593,1.5501
-1615.2,21.95,-67.643,-0.49261,94.88,1614,5.5029e+05,1059,1,-2045.4,637,-702.79,1152.4,503.29,-477.09,-296.42,-319.37,315.47,2679.9,235820,164,20,2061,-0.043058,1.559,1.5501
-1597.8,10.463,-64.059,0.49726,90.811,1596.5,5.5031e+05,1061,1,-1444.9,453.81,-510.1,1188.2,487.86,-453.16,-413.1,-224.86,214.44,2250.2,170431,164,20,2061,-0.052623,1.5587,1.5501
-1586,-0.88178,-60.029,1.9113,86.534,1584.8,5.5382e+05,1063,1,-884.92,189.6,-230.01,1235.1,490.13,-445.85,-464.25,-207.4,192.04,2250.2,170424,164,20,2061,-0.062186,1.5584,1.5501
-1573.3,-27.7,-46.677,5.648,71.424,1572.6,5.5235e+05,1067,1,-410.44,-286.74,264.46,1364.9,494,-428.94,-570.12,-313.07,289.33,2250.2,170426,164,17,2060,-0.081305,1.5575,1.5501
-1579,-13.876,-54.105,3.5493,79.81,1578,5.5485e+05,1065,1,-552.22,82.359,-111.39,1278.3,671.78,-620.56,-515.48,-434,415.92,2250.2,170427,164,17,2060,-0.071747,1.558,1.5501
-1570.5,-42.543,-38.252,7.8033,61.687,1570.3,5.4176e+05,1069,1,-198.21,-358.12,346.01,1490.4,581.43,-501.52,-683.41,-519.71,488.9,2250.2,170429,164,14,2058,-0.09086,1.557,1.5501
-1574.1,-75.517,-22.591,9.3601,41.154,1575.5,4.9679e+05,1073,1,-572.45,-97.745,48.997,2517.9,205.38,-28.305,122.25,-1267.6,1293.8,3165.2,260863,164,15,2059,-0.10996,1.5557,1.5501
-1570,-58.416,-28.696,10.119,50.515,1570.5,5.249e+05,1071,1,61.847,-187.43,190.24,1647.3,799.44,-703.05,-578.61,-1027.5,1005,2514.5,225534,164,15,2059,-0.10041,1.5564,1.5501
-1573.9,-92.066,-21.861,5.0191,35.81,1576.3,4.6403e+05,1075,1,-3327.8,1082.9,-1369.4,4106.2,-1186.5,1523.9,1801.4,-2421,2589.6,7108.1,312133,164,10,2057,-0.1195,1.555,1.5501
-1423.6,-221.07,-148.48,-177.18,34.128,1437,4.6397e+05,2171,1,-14459,14584,-16072,11525,-13136,14352,-733.88,3574,-3763.8,34913,345447,164,10,2057,-0.12983,1.5637,1.5405
-1164.5,-385.81,-83.526,-258.9,-137.13,1194.1,4.7485e+05,2173,1,-41223,34298,-38662,32434,-26776,30236,-27023,17648,-20510,92282,356745,164,10,2057,-0.13942,1.5629,1.5405
-828.52,-717.61,177.79,-329.07,-572.21,892.92,4.824e+05,2175,1,-43437,45237,-50233,48315,-30118,35378,-42312,26790,-31479,1.202e+05,359692,164,10,2057,-0.14901,1.562,1.5405
-415.59,-1173,561.53,-409.42,-1188.9,532.03,4.8839e+05,2177,1,-53013,44945,-51079,53488,-25286,31246,-47715,25678,-31107,1.2578e+05,360169,164,5,2055,-0.15859,1.5611,1.5405
132.68,-1619.5,1005.2,-454.91,-1855.3,41.644,4.9571e+05,2179,1,-53944,53413,-60126,54803,-31437,38052,-67146,45015,-53265,1.5553e+05,362480,164,5,2055,-0.16816,1.5601,1.5405
-1723.1,597.78,-270.21,-0.014172,371.99,1805.9,7.2095e+05,5517,1,97.108,-1170.5,1194.3,1695.1,-192.1,-144.86,-637.57,41.197,86.694,2475.4,195350,164,1242,2074,0.30679,1.5674,1.5113
-1726.2,581.1,-264,-0.014941,363.44,1804.2,7.2335e+05,5519,1,94.422,-1169,1194.9,1696.5,-187.85,-140.35,-637.93,39.654,84.944,2475.4,195346,164,1242,2074,0.29717,1.5693,1.5113
-1745.3,600.46,-271.82,-0.015462,372.05,1828.1,7.2103e+05,6699,1,98.51,-1160.7,1198.4,1695.3,-194.06,-144.62,-637.77,42.245,86.704,2475.4,195307,164,1242,2074,0.30856,1.5765,1.5015
-1729.2,564.42,-257.78,-0.01582,354.88,1802.6,7.2521e+05,5521,1,90.555,-1166.7,1195.6,1698.2,-181.96,-133.92,-638.31,37.521,82.432,2475.4,195337,164,1242,2074,0.28753,1.5711,1.5113
-1712.6,528.72,-243.88,-0.01613,337.7,1777.1,7.2925e+05,4359,1,82.261,-1173.8,1192.2,1700.6,-169.24,-122.74,-638.47,32.454,78.031,2475.4,195361,164,1242,2074,0.26667,1.5653,1.5211
-1734.8,531.01,-245.33,-0.018179,337.74,1799.4,7.3088e+05,5525,1,83.523,-1162.8,1196.6,1700.7,-171.68,-122.99,-638.59,33.685,78.241,2475.4,195311,164,1242,2074,0.26823,1.5745,1.5113
-1732.1,547.72,-251.56,-0.016895,346.31,1801,7.2795e+05,5523,1,87.146,-1164.8,1196.2,1699.5,-176.84,-128.45,-638.51,35.63,80.322,2475.4,195327,164,1242,2074,0.27789,1.5728,1.5113
-1715.3,512.1,-237.69,-0.017279,329.14,1775.5,7.3147e+05,4361,1,78.827,-1170.2,1193.3,1701.7,-164.54,-117.4,-638.48,30.718,76.03,2475.4,195341,164,1242,2074,0.25706,1.5669,1.5211
-1720.3,478.85,-225.32,-0.019344,312,1772.6,7.3588e+05,4365,1,71.721,-1167.3,1193.5,1703.2,-154.31,-107.01,-638.13,26.755,72.151,2475.4,195306,164,1242,2074,0.23781,1.57,1.5211
-1717.8,495.48,-231.5,-0.018427,320.57,1774,7.3392e+05,4363,1,75.447,-1169.2,1193.4,1702.5,-159.57,-112.39,-638.34,28.796,74.145,2475.4,195328,164,1242,2074,0.24744,1.5685,1.5211
-1722.6,462.21,-219.13,-0.019872,303.43,1771.1,7.3836e+05,4367,1,68.082,-1165.4,1193.7,1703.8,-149,-101.65,-637.88,24.69,70.179,2475.4,195283,164,1242,2074,0.22817,1.5714,1.5211
-1724.8,445.57,-212.95,-0.019934,294.87,1769.7,7.4018e+05,4369,1,64.467,-1163.5,1193.8,1704.3,-143.56,-96.401,-637.57,22.541,68.288,2475.4,195259,164,1242,2074,0.21853,1.5728,1.5211
-1727,428.93,-206.76,-0.019445,286.31,1768.4,7.4209e+05,4371,1,60.527,-1160.5,1194.2,1704.7,-137.59,-90.702,-637.13,20.158,66.3,2473.9,195118,164,1242,2074,0.20887,1.5741,1.5211
-1706.6,410.68,-199.37,-0.01771,277.71,1744.7,7.3794e+05,3227,1,56.477,-1170.4,1190.2,1705.4,-130.5,-85.317,-637.16,17.145,64.219,2475.4,195273,164,1242,2074,0.19803,1.5661,1.5308
-1729,412.29,-200.58,-0.018527,277.75,1767.1,7.4314e+05,4373,1,57.772,-1161.4,1193.7,1705.1,-132.93,-86.616,-636.95,18.273,64.821,2473.8,195106,164,1242,2074,0.19921,1.5753,1.5211
-1708.6,394.13,-193.23,-0.017313,269.15,1743.4,7.3796e+05,3229,1,53.422,-1169.1,1190.3,1705.7,-125.93,-81.021,-636.81,15.311,62.708,2475.4,195255,164,1242,2074,0.18842,1.5672,1.5308
-1710.4,377.58,-187.09,-0.016698,260.6,1742.1,7.3807e+05,3231,1,50.092,-1168.4,1190.1,1705.8,-120.68,-76.303,-636.28,13.141,61.089,2474.4,195159,164,1242,2074,0.1788,1.5684,1.5308
-1712.1,361.03,-180.96,-0.015923,252.06,1740.9,7.3678e+05,3233,1,45.387,-1165,1190.5,1705.3,-114.08,-70.792,-635.01,10.247,59.44,2471.7,194939,164,1242,2074,0.16917,1.5694,1.5308
-1713.7,344.49,-174.83,-0.014891,243.53,1739.7,7.3356e+05,3235,1,41.242,-1165,1189.5,1705,-107.89,-65.84,-634.14,7.507,57.916,2470.3,194831,164,1242,2074,0.15954,1.5704,1.5308
-1716.5,311.45,-162.63,-0.010542,226.54,1737.4,7.141e+05,3239,1,32.01,-1161.3,1188.3,1702.3,-96.208,-58.172,-630.4,1.7529,56.299,2464.3,194235,164,1242,2074,0.14026,1.5723,1.5308
-1715.2,327.97,-168.72,-0.013177,235.02,1738.6,7.2629e+05,3237,1,35.845,-1160.3,1190,1702.8,-101.9,-62.273,-631.31,4.419,57.408,2465.6,194370,164,1242,2074,0.1499,1.5714,1.5308
-1717.8,294.97,-156.57,-0.0068277,218.1,1736.3,6.9623e+05,3241,1,23.391,-1156.2,1186.1,1698.3,-87.445,-55.053,-625.6,-3.6257,57.119,2456.4,193134,164,1242,2074,0.13061,1.5731,1.5308
-1697.5,261.19,-143.49,-0.0069715,201.07,1711.7,6.8494e+05,2121,1,13.831,-1164.9,1181,1699.4,-75.344,-46.506,-626.4,-9.0421,54.511,2458.3,193270,164,1242,2074,0.11063,1.5652,1.5405
-1719.8,262.11,-144.57,0.0054055,201.39,1734,6.473e+05,3245,1,2.0187,-1144,1176.5,1689.6,-68.727,-52.171,-615.59,-16.835,62.105,2436.9,191550,164,1242,2074,0.11129,1.5746,1.5308
-1718.8,278.52,-150.55,-0.0018217,209.71,1735.1,6.733e+05,3243,1,16.043,-1152,1183.1,1695.1,-79.195,-52.534,-622.07,-8.88,58.307,2449.5,192568,164,1242,2074,0.12095,1.5739,1.5308
-1699,228.52,-131.54,0.0093216,184.34,1709.4,6.5163e+05,2125,1,-11.421,-1148.7,1168.6,1692,-54.782,-44.747,-618.93,-22.755,59.921,2437.3,191581,164,1242,2074,0.091413,1.5664,1.5405
-1698.4,244.84,-137.5,-0.0004702,192.69,1710.6,6.6919e+05,2123,1,0.57158,-1156.7,1176.7,1694.1,-65.145,-45.707,-620.83,-15.985,57.32,2447,192342,164,1242,2074,0.10102,1.5658,1.5405
-1699.5,212.23,-125.6,0.023999,176.04,1708.2,6.3132e+05,2127,1,-14.942,-1143.2,1162.2,1690.8,-47.621,-42.401,-618.39,-26.741,60.401,2430.5,191054,164,1242,2074,0.081801,1.567,1.5405
-1699.9,179.83,-113.84,0.09923,159.63,1705.7,5.8211e+05,2131,1,-68.872,-1074.8,1096.3,1665,-6.7356,-60.974,-599.9,-58.251,83.849,2346.9,174491,164,1242,2074,0.062565,1.5679,1.5405
-1699.8,195.99,-119.7,0.049495,167.8,1707,6.081e+05,2129,1,-49.942,-1112.3,1134.9,1675.9,-29.813,-49.095,-606.08,-40.338,69.872,2390.3,187715,164,1242,2074,0.072184,1.5674,1.5405
-1699.7,163.74,-107.99,0.19262,151.53,1704.2,5.7745e+05,2133,1,-119.04,-1016.7,1038.3,1627.5,31.545,-88.503,-571.88,-90.215,111.93,2265.2,170983,164,1242,2074,0.052944,1.5682,1.5405
-1699,148.05,-102.41,0.38879,143.9,1702.4,5.7373e+05,2135,1,-121.57,-979.26,998.43,1626.9,63.576,-111.85,-580.99,-114.3,133.38,2236.6,169977,164,1242,2074,0.043321,1.5685,1.5405
-1697.4,132.78,-97.105,0.68719,136.75,1699.8,5.5951e+05,2137,1,-320.28,-785.78,805.81,1538.2,172.3,-209.77,-503.57,-211.69,227.29,2186.6,167340,164,1242,2074,0.033696,1.5687,1.5405
-1690.7,103.23,-87.129,1.5149,123.59,1691.6,5.3659e+05,2141,1,-576.44,-335.73,343.77,1400.9,460.77,-484.65,-403.89,-464.97,479.57,2186.6,167338,164,1242,2074,0.014442,1.569,1.5405
-1694.7,117.72,-91.891,1.0652,129.82,1696.3,5.4665e+05,2139,1,-504.3,-476.72,491.12,1443.7,347.03,-376.94,-435.07,-373.24,388.57,2186.6,167339,164,1242,2074,0.024069,1.5689,1.5405
-1684.4,89.65,-83.044,2.1068,118.44,1684.6,5.3227e+05,2143,1,-608.05,-228.36,231.59,1449.4,527.11,-542.05,-467.78,-490.25,501.58,2186.6,167337,164,1242,2074,0.0048144,1.5691,1.5405
-1675.6,76.877,-79.134,3.0875,113.93,1675.4,5.3152e+05,2145,1,-978.54,215.92,-224.44,1219.5,821.91,-834.94,-285.2,-732.27,746.91,2256.1,170626,164,29,2064,-0.0048134,1.5691,1.5405
-1666.1,65.37,-77.272,3.4531,111.68,1665.5,5.308e+05,2147,1,-2473.8,1253,-1304.3,450.39,1446.2,-1472.1,872.82,-1513.4,1553.9,4395.4,288731,164,20,2061,-0.014441,1.569,1.5405
-1631,65.396,-90.9,0.83117,128.2,1629.8,5.243e+05,2149,1,-3692.9,2503.6,-2611.2,889.07,1649.2,-1668.4,216.85,-1781.4,1819.9,6288.9,306557,164,20,2061,-0.024068,1.5689,1.5405
-1604.1,51.822,-85.821,1.4273,121.67,1602.6,5.1947e+05,2151,1,-2520.8,2681.3,-2790.7,1193.9,1300.8,-1299.8,-460.6,-1158.8,1171,5391.2,297951,164,20,2061,-0.033695,1.5687,1.5405
-1584.5,39.861,-80.271,3.4136,115.84,1582.8,5.1848e+05,2153,1,-1653.9,2309.8,-2401.9,1213.5,1165.7,-1152.2,-515.98,-844.84,846,4437.8,289118,164,20,2061,-0.04332,1.5685,1.5405
-1574.6,27.615,-74.64,5.3162,109.82,1572.8,5.1699e+05,2155,1,-680.94,2122.4,-2191,1166.8,1215,-1198.6,-358.3,-932.51,939.37,3990.4,284106,164,20,2061,-0.052943,1.5682,1.5405
-1571.1,16.781,-72.092,6.1616,107.08,1569.2,5.1034e+05,2157,1,-212.06,1639.6,-1683.9,1115.7,1200,-1177.3,-56.633,-1135.2,1155.5,3502.4,275433,164,17,2060,-0.062564,1.5679,1.5405
-1570.6,-3.4575,-74.811,3.5519,108.33,1568.6,4.7522e+05,2161,1,-264.4,1307,-1351.3,1211,732.51,-674.09,49.445,-1905.9,1940.5,3669.1,279175,164,17,2060,-0.0818,1.567,1.5405
-1570.3,7.812,-73.227,5.8163,108.33,1568.3,4.9714e+05,2159,1,-361.19,1587.8,-1641.5,1513.8,905.97,-848.49,283.85,-1581,1625.6,3794.9,281378,164,17,2060,-0.072183,1.5674,1.5405
-1567,-14.771,-76.232,1.2146,108.02,1565.2,4.5455e+05,2163,1,-829.41,1970.9,-2063.2,1985.1,85.917,38.52,373.81,-2515.1,2580.5,5089.5,295368,164,14,2058,-0.091412,1.5664,1.5405
-1552.4,-59.18,-85.292,-23.775,96.184,1552.7,4.4339e+05,2167,1,-4899.8,6107.6,-6587.3,6449.5,-4117.8,4676.3,952.03,-3313.2,3442.9,14452,332643,164,15,2059,-0.11063,1.5652,1.5405
-1562.1,-29.992,-76.823,-3.4114,104.31,1560.8,4.4105e+05,2165,1,-1313.2,2917.3,-3064.3,3182.2,-1224.2,1468.4,905.91,-3401.9,3520.7,7628.6,314941,164,15,2059,-0.10102,1.5658,1.5405
-1517.5,-119.67,-106.77,-76.971,74.063,1522.2,4.5538e+05,2169,1,-12841,12484,-13764,14682,-10405,11791,-3598.4,1925.9,-2273.6,31542,344007,164,15,2059,-0.12023,1.5645,1.5405
-777.56,-841.57,218.36,-403.87,-695.84,844.52,4.7143e+05,3295,1,-47440,43215,-48566,36206,-38399,42608,-31897,36306,-40189,1.2259e+05,359893,164,15,2059,-0.13061,1.5731,1.5308
513.77,-1696.9,1170.5,-432.81,-2050.2,-350.31,4.8786e+05,3299,1,-56695,53929,-60823,54302,-47762,54340,-66001,58251,-66331,1.7365e+05,363636,164,10,2057,-0.1499,1.5714,1.5308
-135.97,-1231.3,602.19,-452.52,-1277.7,244.84,4.7903e+05,3297,1,-71568,52030,-60031,48422,-45892,51624,-53917,51252,-57741,1.6558e+05,363177,164,10,2057,-0.14026,1.5723,1.5308
-1748.4,583.68,-265.56,-0.016414,363.49,1826.5,7.2328e+05,6701,1,94.609,-1158.3,1199.1,1697.1,-188.15,-138.18,-638.22,40.119,84.173,2475.4,195300,164,1242,2074,0.29889,1.5784,1.5015
-1770.5,586.24,-267.12,-0.017976,363.54,1848.7,7.2419e+05,7897,1,96.307,-1148.6,1203,1697,-190.83,-138.91,-638.34,41.388,84.592,2475.4,195253,164,1242,2074,0.30059,1.5874,1.4916
-1751.4,566.9,-259.31,-0.017448,354.92,1824.8,7.263e+05,6703,1,91.726,-1156.7,1199.6,1698.4,-183.82,-133.66,-638.46,38.52,82.431,2475.4,195292,164,1242,2074,0.28919,1.5802,1.5015
-1754.3,550.1,-253.05,-0.018741,346.35,1823.2,7.292e+05,6705,1,88.112,-1154.6,1200.1,1699.7,-178.63,-128.18,-638.63,36.584,80.33,2475.4,195277,164,1242,2074,0.27949,1.5819,1.5015
-1757,533.29,-246.78,-0.020313,337.78,1821.7,7.3328e+05,6707,1,83.969,-1151.3,1200.8,1701,-173.07,-122.13,-638.69,34.524,78.023,2475.4,195256,164,1242,2074,0.26978,1.5836,1.5015
-1759.7,516.47,-240.52,-0.021839,329.21,1820.1,7.3692e+05,6709,1,80.523,-1152.3,1200.1,1701.8,-167.82,-117.32,-638.52,32.44,76.184,2475.3,195250,164,1242,2074,0.26006,1.5852,1.5015
-1737.5,514.29,-239.11,-0.019555,329.17,1797.9,7.3376e+05,5527,1,79.815,-1160.9,1196.9,1701.7,-166.46,-117.53,-638.52,31.704,76.172,2475.4,195297,164,1242,2074,0.25856,1.5761,1.5113
-1740.1,497.57,-232.88,-0.020914,320.6,1796.4,7.375e+05,5529,1,76.297,-1159.8,1196.9,1702.5,-161.44,-112.54,-638.34,29.746,74.3,2475.4,195280,164,1242,2074,0.24889,1.5777,1.5113
-1744.9,464.1,-220.44,-0.02204,303.46,1793.5,7.4357e+05,5533,1,68.181,-1155.5,1197.1,1703.7,-149.85,-101.11,-637.68,25.203,70.121,2473.9,195119,164,1242,2074,0.22951,1.5806,1.5113
-1742.5,480.84,-226.66,-0.021867,312.03,1794.9,7.4045e+05,5531,1,71.99,-1155.1,1198,1703.2,-156.07,-106.72,-638.04,27.709,72.18,2474.8,195206,164,1242,2074,0.2392,1.5792,1.5113
-1749.2,430.63,-208,-0.019896,286.34,1790.7,7.4795e+05,5537,1,61.874,-1151.7,1197.7,1704.2,-140.07,-92.013,-636.88,21.302,66.904,2471.4,194914,164,1242,2074,0.21009,1.5833,1.5113
-1747.1,447.37,-214.22,-0.021332,294.9,1792,7.461e+05,5535,1,64.77,-1153.1,1197.5,1704.1,-144.8,-96.259,-637.31,23.212,68.391,2472.5,195017,164,1242,2074,0.21981,1.582,1.5113
-1751.3,413.89,-201.79,-0.017869,277.79,1789.4,7.4867e+05,5539,1,58.096,-1150.7,1197.6,1704.4,-133.63,-86.591,-636.32,18.61,65.094,2470.2,194820,164,1242,2074,0.20038,1.5846,1.5113
-1730.9,395.65,-194.41,-0.017279,269.2,1765.8,7.4338e+05,4375,1,53.758,-1158.6,1194.1,1705.1,-126.67,-81.178,-636.16,15.64,63.062,2471.8,194970,164,1242,2074,0.18954,1.5765,1.5211
-1732.7,379.01,-188.24,-0.015815,260.66,1764.5,7.4276e+05,4377,1,49.194,-1156.8,1194.2,1704.8,-119.65,-75.667,-635.12,12.528,61.434,2469.9,194799,164,1242,2074,0.17986,1.5777,1.5211
-1734.4,362.37,-182.08,-0.013884,252.13,1763.3,7.3842e+05,4379,1,45.577,-1155.6,1194.3,1704.4,-114.6,-71.744,-634.14,10.284,60.279,2468.4,194651,164,1242,2074,0.17018,1.5787,1.5211
-1736,345.75,-175.93,-0.011303,243.62,1762.1,7.2902e+05,4381,1,40.511,-1153.6,1193.8,1702.8,-107.82,-67.677,-631.85,6.8082,59.598,2465,194305,164,1242,2074,0.16049,1.5798,1.5211
-1738.8,312.56,-163.71,-0.0028071,226.71,1759.7,6.888e+05,4385,1,28.402,-1149,1191,1698.4,-93.761,-60.793,-626.06,-1.1497,59.515,2456,193107,164,1242,2074,0.14109,1.5816,1.5211
-1737.5,329.14,-169.81,-0.0076156,235.14,1760.9,7.1263e+05,4383,1,34.838,-1151.3,1192.9,1701.1,-100.79,-63.904,-629.5,3.0465,59.252,2461.2,193715,164,1242,2074,0.15079,1.5807,1.5211
-1741,279.54,-151.69,0.0046618,210.06,1757.3,6.2951e+05,4389,1,0.62177,-1131.7,1177.7,1686.4,-73.437,-58.495,-610.26,-17.893,67.489,2428.6,190738,164,1242,2074,0.12167,1.5832,1.5211
-1740,296.02,-157.67,0.0019604,218.34,1758.5,6.5987e+05,4387,1,16.591,-1141.7,1187.6,1692.4,-84.673,-59.263,-618.32,-8.0878,62.312,2444.4,192150,164,1242,2074,0.13138,1.5824,1.5211
-1742.3,246.83,-140.02,0.010787,193.91,1754.5,5.6958e+05,4393,1,-34.415,-1099.7,1146.2,1670.8,-49.501,-61.803,-594.85,-40.571,82.642,2384.2,187009,164,1242,2074,0.10223,1.5846,1.5211
-1720.5,245.75,-138.64,0.016385,193.14,1732.8,6.2043e+05,3247,1,-19.682,-1126.5,1161.8,1681,-53.138,-55.986,-606.8,-30.385,71.333,2413.5,189522,164,1242,2074,0.10163,1.5752,1.5308
-1741.8,263.14,-145.8,0.005901,201.91,1756,5.9865e+05,4391,1,-31.081,-1106.8,1156.1,1672.8,-58.004,-61.777,-593.91,-34.408,79.362,2393.3,187936,164,1242,2074,0.11195,1.5839,1.5211
-1721,229.44,-132.75,0.033663,184.96,1731.5,5.9497e+05,3249,1,-24.27,-1123.8,1156.7,1684.4,-45.908,-55.001,-611.44,-34.519,72.647,2413.3,189509,164,1242,2074,0.091962,1.5758,1.5308
-1721.2,213.18,-126.91,0.065363,176.85,1730,5.7231e+05,3251,1,-81.119,-1078,1114.2,1662.1,-19.017,-69.91,-590.49,-58.589,92.235,2353.4,175038,164,1242,2074,0.082292,1.5764,1.5308
-1718.4,165.79,-110.51,0.39104,154.31,1723,5.3629e+05,3257,1,-395.44,-723.38,756.84,1493.3,142.73,-200.1,-420.9,-244.76,268.25,2186.6,167343,164,1242,2074,0.053262,1.5776,1.5308
-1720,181.2,-115.66,0.22431,161.33,1725.9,5.3297e+05,3255,1,-246.78,-912.06,949.79,1588,58.062,-126.4,-511.51,-140.71,166.95,2186.6,167361,164,1242,2074,0.062941,1.5773,1.5308
-1720.9,197.06,-121.17,0.12866,168.91,1728.2,5.5155e+05,3253,1,-107.44,-1027.7,1063.3,1653.1,8.5445,-87.457,-585.23,-82.51,113.01,2302.4,172308,164,1242,2074,0.072618,1.5769,1.5308
-1715.1,151.64,-106.47,0.70246,148.99,1718.6,5.2623e+05,3259,1,-514.93,-480.9,506.71,1423.4,261.85,-310.58,-369.3,-379.79,403.03,2186.6,167341,164,1242,2074,0.043581,1.5779,1.5308
-1701.1,126.15,-100.85,1.6074,142.05,1702.8,5.0337e+05,3263,1,-946.5,120.77,-113.85,1158.9,602.43,-641.63,-153.35,-740.64,768.8,2186.6,167346,164,29,2064,0.024214,1.5783,1.5308
-1709.2,138.43,-103.32,1.0734,144.97,1711.8,5.1213e+05,3261,1,-900.44,-39.602,56.736,1216.3,469.21,-511.95,-200.25,-628.49,654.98,2186.6,167342,164,29,2064,0.033898,1.5782,1.5308
-1690.3,115.94,-100.11,2.3582,141.75,1691.3,4.9677e+05,3265,1,-994.95,262.98,-263.88,1084.9,728.21,-762.6,-117.67,-845.23,873.92,2215.8,168645,164,29,2064,0.014529,1.5785,1.5308
-1678.9,107.34,-100.59,3.3264,143.35,1679.3,4.9075e+05,3267,1,-1322,633.27,-650.21,911.72,1009.9,-1044.4,94.152,-1227,1265.5,2937.6,246906,164,29,2064,0.0048433,1.5785,1.5308
-1662.7,100.4,-100.76,5.5896,145.78,1662.4,4.9096e+05,3269,1,-4254.7,2628.2,-2737.4,-179.72,1911.2,-1974.4,1713.6,-2703.9,2802.6,7628.1,314937,164,29,2064,-0.0048424,1.5785,1.5308
-1615.8,111.28,-130.66,-0.40412,181.62,1614.7,4.8226e+05,3271,1,-4861.9,4008.7,-4186.4,230.71,1975.5,-2027.9,1216.4,-2744.9,2837.1,9075.6,320810,164,20,2061,-0.014528,1.5785,1.5308
-1563.6,94.336,-122.72,-0.5037,170.46,1561.9,4.74e+05,3273,1,-5011,5151.3,-5395.9,1806.7,1457.4,-1474.9,-1185,-2135.4,2187.4,9953.6,323599,164,20,2061,-0.024213,1.5783,1.5308
-1513.3,67.813,-102.32,7.4231,149.73,1510.9,4.6703e+05,3277,1,-1229.9,5749.1,-5968.6,1255.1,1225.2,-1224.9,-476.15,-1665.3,1705.4,8981.9,320487,164,20,2061,-0.04358,1.5779,1.5308
-1526.2,79.415,-110.25,3.7717,157.24,1524.2,4.7045e+05,3275,1,-3379.7,6316.9,-6600.4,1452.7,1231.2,-1239.2,-1189.8,-1854.5,1892.6,10416,324646,164,20,2061,-0.033897,1.5782,1.5308
-1516.8,55.597,-100.23,6.8491,146.26,1514,4.5876e+05,3279,1,-138.75,6144.1,-6357.1,1584,846.11,-813.87,112.78,-1953.8,2021.1,9486,322212,164,20,2061,-0.053261,1.5776,1.5308
-1523.9,41.034,-103.16,1.2365,144.9,1521.1,4.461e+05,3281,1,-1218.6,7732.1,-8054.9,3219.5,-784.66,954.98,470.83,-2198.2,2289.3,12179,328577,164,21,2062,-0.06294,1.5773,1.5308
-1511.3,-9.6007,-119.44,-33.473,133.91,1509.7,4.4324e+05,3285,1,-3160.1,9954.3,-10464,6848.1,-5509.4,6080,-1829.4,-50.957,-63.68,18334,336253,164,17,2060,-0.082291,1.5764,1.5308
-1525.2,21.136,-109.66,-10.814,142.27,1522.7,4.3661e+05,3283,1,-1032.9,8239.8,-8577,2720.7,-2259.6,2477.9,938.2,-2108.5,2218.7,13093,330916,164,17,2060,-0.072617,1.5769,1.5308
-1487.3,-55.655,-138.22,-73.913,120.87,1488,4.5283e+05,3287,1,-3348.7,10154,-10686,5786.3,-8993.4,9645.7,1841.5,1700.5,-1676.8,21095,338211,164,14,2058,-0.091961,1.5758,1.5308
-1320.8,-246.27,-140.54,-207.34,-5.2994,1334.9,4.6368e+05,3291,1,-16014,21694,-23523,17110,-21944,23885,-7396.6,11968,-12942,54687,350846,164,15,2059,-0.11129,1.5746,1.5308
-1447.2,-129.05,-165.98,-141.12,94.367,1452.5,4.5767e+05,3289,1,-13151,17143,-18601,15869,-18354,20034,-6590,9370.1,-10171,45139,348712,164,15,2059,-0.10163,1.5752,1.5308
-1115.3,-474.17,2.9587,-275.98,-271.76,1148.4,4.6805e+05,3293,1,-40178,35250,-39600,38188,-34562,38731,-29756,27812,-31136,1.0586e+05,358365,164,15,2059,-0.12095,1.5739,1.5308
-1773.5,569.36,-260.82,-0.01912,354.97,1847,7.2764e+05,7899,1,92.707,-1148.3,1202.8,1698.4,-185.31,-133.46,-638.54,39.305,82.461,2475.2,195242,164,1242,2074,0.29085,1.5892,1.4916
-1795.6,571.8,-262.34,-0.020617,355.02,1869.2,7.2956e+05,9109,1,93.718,-1136.4,1207.3,1698.7,-187.35,-133.24,-638.78,40.386,82.537,2472.4,195009,164,1242,2074,0.29249,1.5982,1.4817
-1776.4,552.45,-254.53,-0.020487,346.4,1845.4,7.3124e+05,7901,1,89.417,-1143.7,1204.3,1699.8,-181.05,-128.5,-638.8,37.795,80.586,2474.1,195124,164,1242,2074,0.28109,1.591,1.4916
-1779.2,535.54,-248.22,-0.022148,337.82,1843.9,7.36e+05,7903,1,85.844,-1142.8,1204.3,1700.8,-175.91,-123.45,-638.78,35.839,78.631,2473.5,195087,164,1242,2074,0.27132,1.5927,1.4916
-1781.9,518.63,-241.92,-0.023693,329.24,1842.3,7.4074e+05,7905,1,81.24,-1140.4,1204.7,1701.9,-169.63,-117.11,-638.58,33.458,76.21,2472.3,195001,164,1242,2074,0.26155,1.5943,1.4916
-1762.3,499.64,-234.26,-0.023239,320.63,1818.6,7.4143e+05,6711,1,76.517,-1148.6,1201,1702.6,-162.73,-111.88,-638.31,30.517,74.167,2473.7,195097,164,1242,2074,0.25033,1.5868,1.5015
-1769.3,449.15,-215.49,-0.021608,294.94,1814.3,7.5281e+05,6717,1,64.988,-1143.6,1201.3,1703.6,-145.23,-96.04,-636.83,23.448,68.558,2469.5,194774,164,1242,2074,0.22108,1.5911,1.5015
-1767.1,465.98,-221.74,-0.023413,303.5,1815.7,7.4985e+05,6715,1,68.954,-1144.2,1201.7,1703.3,-152.02,-101.79,-637.38,26.27,70.534,2470.8,194866,164,1242,2074,0.23084,1.5898,1.5015
-1764.7,482.81,-228,-0.023876,312.06,1817.1,7.4565e+05,6713,1,72.846,-1145.8,1201.7,1703.1,-157.91,-107.1,-637.95,28.655,72.413,2472.3,194996,164,1242,2074,0.24059,1.5883,1.5015
-1771.5,432.32,-209.24,-0.018819,286.39,1812.9,7.5409e+05,6719,1,61.236,-1141.1,1201.8,1703.5,-138.72,-90.756,-635.96,20.65,66.909,2467.6,194569,164,1242,2074,0.21131,1.5925,1.5015
-1773.5,415.5,-203,-0.015357,277.85,1811.6,7.5157e+05,6721,1,58.033,-1140.7,1201.6,1703.6,-132.99,-86.281,-635.36,18.161,65.511,2466.6,194461,164,1242,2074,0.20154,1.5937,1.5015
-1753.2,397.16,-195.59,-0.015356,269.25,1788.1,7.4752e+05,5541,1,54.124,-1146.7,1198.7,1703.7,-127.15,-81.678,-634.83,15.671,63.774,2467.3,194524,164,1242,2074,0.19065,1.5858,1.5113
-1755,380.43,-189.39,-0.012446,260.73,1786.8,7.4134e+05,5543,1,50.599,-1148.1,1197.8,1703.9,-121.53,-77.371,-634.4,13.212,62.405,2467,194496,164,1242,2074,0.18092,1.5869,1.5113
-1756.7,363.72,-183.21,-0.0089194,252.22,1785.6,7.2833e+05,5545,1,44.979,-1144.9,1197.8,1702,-113.82,-73.182,-631.53,9.0805,61.996,2462.8,194098,164,1242,2074,0.17117,1.588,1.5113
-1758.3,347.02,-177.05,-0.0043457,243.75,1784.4,7.0622e+05,5547,1,39.247,-1142.5,1197,1700,-106.48,-69.629,-628.88,4.9511,61.978,2458.8,193306,164,1242,2074,0.16143,1.589,1.5113
-1759.7,330.35,-170.94,0.00081139,235.33,1783.2,6.7693e+05,5549,1,30.202,-1138.2,1194.3,1696.1,-97.907,-67.234,-622.96,-1.3473,63.963,2450.7,192653,164,1242,2074,0.15167,1.59,1.5113
-1761,313.73,-164.88,0.0027726,226.99,1781.9,6.4394e+05,5551,1,16.607,-1130.1,1188.1,1690.8,-86.769,-65.622,-615.15,-10.952,68.67,2437.8,191626,164,1242,2074,0.14192,1.5909,1.5113
-1762.9,280.69,-153.04,-0.025084,210.67,1779.2,5.7619e+05,5555,1,-21.532,-1106,1167,1676.4,-67.942,-64.197,-594.77,-30.222,80.079,2401.2,188632,164,1242,2074,0.12238,1.5925,1.5113
-1762.1,297.17,-158.91,-0.0043935,218.77,1780.6,6.0842e+05,5553,1,-2.9846,-1118,1177.8,1683.8,-76.523,-64.846,-604.35,-21.322,74.707,2419.4,190010,164,1242,2074,0.13215,1.5917,1.5113
-1763.3,264.31,-147.33,-0.057854,202.77,1777.6,5.5359e+05,5557,1,-67.081,-1080.7,1144.1,1662.2,-56.348,-66.302,-573.54,-45.331,91.244,2364.5,176020,164,1242,2074,0.11261,1.5932,1.5113
-1742.3,230.67,-134.39,0.028783,186.13,1752.8,5.4498e+05,4395,1,-122.23,-1031.2,1081.6,1635.8,-13.684,-85.381,-555.16,-80.956,118.36,2293.5,172044,164,1242,2074,0.092507,1.5852,1.5211
-1763.1,248.15,-141.89,-0.10088,195.25,1775.4,5.3604e+05,5559,1,-135.12,-1016.4,1079.9,1635.5,-30.747,-79.612,-541.31,-80.523,122.03,2283.5,171529,164,1242,2074,0.10283,1.5939,1.5113
-1739.8,199.28,-123.95,0.21361,171.84,1747.1,5.0146e+05,4399,1,-340.28,-822.07,872.61,1562.1,91.79,-171.09,-449.75,-214.78,246.28,2186.6,167349,164,1242,2074,0.073048,1.5862,1.5211
-1741.6,214.76,-128.98,0.086046,178.7,1750.5,5.24e+05,4397,1,-180.55,-957.05,1006.8,1614.9,26.92,-116.21,-543.15,-124.72,159.93,2218.2,168725,164,1242,2074,0.08278,1.5857,1.5211
-1718.9,159.27,-117.13,-0.32343,161.89,1722.7,4.9015e+05,4405,1,-1538.5,378.72,-354.88,1129.7,351.65,-401.06,-23.077,-657.49,688.65,2259.2,170815,164,28,2063,0.043839,1.5873,1.5211
-1730.4,170.49,-116.85,0.052456,161.86,1735.2,5.057e+05,4403,1,-762.87,-348.84,387.29,1348.9,242.29,-301.88,-220.85,-477.67,507.8,2186.6,167344,164,1242,2074,0.053578,1.587,1.5211
-1736.4,184.16,-119.52,0.20414,165.7,1742.3,4.992e+05,4401,1,-780.96,-501.26,552.92,1415.4,194.65,-262.24,-238.03,-418.45,448.57,2186.6,167345,164,1242,2074,0.063314,1.5866,1.5211
-1705.6,149.06,-118.1,-0.53133,163.04,1708.4,4.7633e+05,4407,1,-1383.9,849.96,-861.88,919.26,508.68,-552.52,117.04,-761.84,793.5,2452.2,192770,164,29,2064,0.034099,1.5875,1.5211
-1675.3,134.84,-123.68,0.6744,171.92,1676.4,4.5012e+05,4411,1,-2345,1646.4,-1704.3,721.16,725.29,-763.06,1491.5,-1777.4,1846.6,4640.7,291275,164,29,2064,0.014615,1.5878,1.5211
-1690.1,141.56,-120.27,0.29216,166.83,1692,4.6229e+05,4409,1,-1399.3,957.54,-979.05,848.23,679.44,-722.69,163.55,-920.19,957.02,2706.7,236782,164,29,2064,0.024357,1.5877,1.5211
-1655.9,130.81,-137.18,-4.1038,186.04,1656.3,4.468e+05,4413,1,-6185.8,4303.9,-4503.1,-660.43,932.26,-968.99,2494.7,-3300.4,3446.2,10407,324624,164,29,2064,0.0048721,1.5879,1.5211
-1503.2,146.29,-194.76,-19.097,251.4,1501.7,4.3671e+05,4417,1,-8997.3,8857.4,-9354.6,2398.3,-213.37,262.67,-491.43,-2875.3,2988.6,16438,334586,164,20,2061,-0.014614,1.5878,1.5211
-1588.8,154.55,-186.35,-13.783,244.85,1588.3,4.4554e+05,4415,1,-7860.1,6961.4,-7315.8,-797.98,1163.4,-1201.4,2965.8,-3652.1,3810.6,14278,332468,164,29,2064,-0.0048711,1.5879,1.5211
-1422.2,117.24,-169.84,-17.081,218.83,1420.2,4.2579e+05,4419,1,-6607.2,10510,-11085,2279.7,-894.2,984.04,-2014.5,-2320.7,2386.9,17295,335318,164,20,2061,-0.024356,1.5877,1.5211
-1340.6,83.165,-147,-14.927,189.26,1337.8,4.2378e+05,4423,1,-4684.7,17737,-18707,3538.7,-3566.4,3853.6,-1116.1,-1593.6,1626.1,27074,341963,164,20,2061,-0.043838,1.5873,1.5211
-1365.1,98.593,-151.06,-12.152,197.55,1362.6,4.2096e+05,4421,1,-5898.8,13319,-14054,2012.4,-1789.8,1929.1,-1211.8,-2209.4,2281.1,20790,338009,164,20,2061,-0.034098,1.5875,1.5211
-1326.7,53.777,-150.64,-33.071,176.93,1324.1,4.3406e+05,4425,1,-2196.4,17748,-18631,3789.2,-4071.4,4406.5,448.1,-878.77,918.55,26816,341831,164,20,2061,-0.053577,1.587,1.5211
-1298.3,1.6233,-155.67,-69.133,149.35,1297.2,4.4928e+05,4427,1,-5876.4,22995,-24318,9773.8,-8742.1,9566.3,-2499.9,2597.6,-2836.7,37936,346562,164,17,2060,-0.063313,1.5866,1.5211
-1248.6,-84.943,-156.58,-128.11,94.111,1251.2,4.6137e+05,4429,1,-7917.5,24849,-26364,13949,-14831,16202,-9546.9,9804.2,-10766,48533,349522,164,17,2060,-0.073047,1.5862,1.5211
-1168.3,-211.36,-90.27,-170.89,-38.693,1177.7,4.6906e+05,4431,1,-7900.4,27629,-29295,18207,-21125,23102,-11363,18030,-19536,61898,352247,164,17,2060,-0.082779,1.5857,1.5211
-1122.9,-417.77,46.215,-221.96,-276.62,1145.4,4.6915e+05,4433,1,-13103,30473,-32646,25216,-28389,31198,-16489,25232,-27409,79000,355033,164,14,2058,-0.092507,1.5852,1.5211
-648.65,-1003.3,466.25,-367.16,-997.38,717.77,4.6867e+05,4437,1,-38470,43653,-48370,36528,-42983,47503,-33987,45294,-49790,1.298e+05,360503,164,15,2059,-0.11195,1.5839,1.5211
-974.68,-692.23,221.59,-300.24,-594.47,1017.2,4.68e+05,4435,1,-26697,35751,-39151,32455,-36328,40093,-23766,33566,-36673,1.0267e+05,358011,164,14,2058,-0.10223,1.5846,1.5211
-234.93,-1403.1,773.02,-462.53,-1513.5,341.75,4.7121e+05,4439,1,-59841,48611,-55477,48575,-47437,53294,-49944,55863,-62313,1.6115e+05,362877,164,15,2059,-0.12167,1.5832,1.5211
-1820.5,557.12,-257.46,-0.02236,346.49,1889.7,7.3786e+05,10333,1,91.271,-1124.6,1211.8,1700.1,-183.57,-127.69,-639.13,39.324,80.453,2469.5,194777,164,1242,2074,0.28425,1.6089,1.4717
-1798.5,554.8,-256,-0.021942,346.44,1867.6,7.3429e+05,9111,1,89.407,-1134,1207.8,1700.2,-181.15,-126.84,-638.93,38.117,80.021,2471.5,194927,164,1242,2074,0.28268,1.6,1.4817
-1801.3,537.79,-249.66,-0.0232,337.86,1866,7.3959e+05,9113,1,85.558,-1132.1,1208.3,1701.3,-175.72,-121.44,-638.85,36.093,77.919,2470.7,194863,164,1242,2074,0.27286,1.6017,1.4817
-1806.5,503.75,-236.98,-0.024968,320.71,1863,7.5343e+05,9117,1,78.492,-1128.4,1209.8,1702.2,-165.77,-112.22,-637.95,32.217,74.483,2468.7,194685,164,1242,2074,0.25318,1.6049,1.4817
-1784.4,501.7,-235.62,-0.024812,320.67,1840.8,7.4683e+05,7907,1,76.474,-1138.1,1205.1,1702.6,-163.16,-110.9,-638.1,30.929,73.903,2470.8,194865,164,1242,2074,0.25176,1.5959,1.4916
-1804,520.77,-243.32,-0.024443,329.28,1864.5,7.4598e+05,9115,1,82.135,-1130.6,1208.9,1701.9,-171.08,-117,-638.58,34.322,76.221,2470,194805,164,1242,2074,0.26302,1.6033,1.4817
-1793.6,434.01,-210.48,-0.01592,286.45,1835.1,7.5532e+05,7915,1,62.938,-1132.2,1206.5,1702.5,-141.31,-92.742,-635.19,21.724,67.88,2465.2,194322,164,1242,2074,0.21252,1.6016,1.4916
-1791.5,450.93,-216.75,-0.020079,294.99,1836.5,7.5824e+05,7913,1,66.336,-1133.7,1206.1,1702.8,-147.51,-97.461,-636.22,24.482,69.274,2466.9,194481,164,1242,2074,0.22234,1.6002,1.4916
-1789.2,467.85,-223.04,-0.023268,303.54,1837.9,7.5684e+05,7911,1,69.216,-1135,1205.8,1703,-152.52,-101.56,-636.97,26.603,70.625,2468.2,194635,164,1242,2074,0.23216,1.5988,1.4916
-1786.9,484.78,-229.33,-0.024809,312.1,1839.3,7.5203e+05,7909,1,72.452,-1136.3,1205.4,1702.9,-157.4,-105.78,-637.51,28.595,72.089,2469.3,194761,164,1242,2074,0.24196,1.5974,1.4916
-1795.7,417.1,-204.22,-0.01122,277.93,1833.8,7.4489e+05,7917,1,58.398,-1130.1,1206.4,1701.6,-133.47,-87.808,-633.27,17.781,66.952,2462.3,194059,164,1242,2074,0.20269,1.6029,1.4916
-1775.4,398.68,-196.77,-0.011491,269.33,1810.3,7.4383e+05,6723,1,54.229,-1136.5,1202.8,1701.9,-127.03,-82.593,-632.95,15.108,64.923,2462.9,194110,164,1242,2074,0.19175,1.5949,1.5015
-1777.2,381.87,-190.56,-0.0069602,260.83,1809.1,7.2584e+05,6725,1,50.226,-1138.1,1201.3,1702.1,-120.35,-78.185,-632.45,11.931,63.839,2462.3,194062,164,1242,2074,0.18196,1.5961,1.5015
-1778.9,365.08,-184.37,-0.0015468,252.37,1807.8,6.9893e+05,6727,1,43.624,-1132.8,1201.3,1698.3,-113.3,-75.42,-627.25,7.3827,64.569,2455.3,193029,164,1242,2074,0.17217,1.5972,1.5015
-1780.5,348.33,-178.23,0.0025646,243.97,1806.6,6.6674e+05,6729,1,34.763,-1129.2,1198.1,1695.2,-104.09,-72.522,-621.78,0.38787,66.845,2448,192422,164,1242,2074,0.16236,1.5982,1.5015
-1781.9,331.63,-172.17,-0.0020741,235.66,1805.3,6.281e+05,6731,1,18.548,-1120.3,1192.7,1689.1,-94.536,-69.916,-611.31,-8.5317,70.926,2433.8,191290,164,1242,2074,0.15255,1.5992,1.5015
-1783.1,314.98,-166.19,-0.02295,227.46,1804,5.8524e+05,6733,1,11.11,-1117.9,1188.6,1686.6,-88.352,-67.224,-607.7,-12.919,71.888,2427.8,190671,164,1242,2074,0.14274,1.6001,1.5015
-1784,298.4,-160.33,-0.062964,219.4,1802.5,5.534e+05,6735,1,-40.094,-1087.9,1164.2,1673.4,-75.967,-68.02,-580.95,-30.801,84.724,2386.8,187419,164,1242,2074,0.13292,1.6009,1.5015
-1784.4,281.93,-154.66,-0.13845,211.58,1800.7,5.3464e+05,6737,1,-64.039,-1061.2,1134.6,1665.3,-61.631,-70.686,-571.47,-49.768,99.859,2353.5,175042,164,1242,2074,0.12309,1.6017,1.5015
-1783.9,265.68,-149.41,-0.29273,204.24,1798.2,5.2458e+05,6739,1,-275.84,-924.17,1007.3,1622.8,-36.217,-83.132,-476.57,-114.96,158.79,2202.7,167940,164,1242,2074,0.11326,1.6024,1.5015
-1761.8,232.45,-136.98,-0.14492,188.45,1772.3,5.1708e+05,5561,1,-318.57,-883.29,952.3,1556.9,11.84,-109.63,-448.94,-145.02,181.4,2186.6,167355,164,1242,2074,0.093049,1.5945,1.5113
-1758.8,217.52,-132.88,-0.14638,182.8,1767.8,4.9241e+05,5563,1,-467.71,-702.56,766.04,1498,83.717,-171.04,-353.79,-251.62,285.65,2186.6,167351,164,1242,2074,0.083265,1.595,1.5113
-1781.7,249.87,-144.86,-0.55733,197.77,1794.1,5.1388e+05,6741,1,-483.05,-710.59,789.99,1558.8,-2.4091,-103.18,-403.55,-194.68,235.69,2186.6,167354,164,1242,2074,0.10343,1.6031,1.5015
-1746.9,189.44,-128.84,-1.6575,175.81,1753.1,4.6649e+05,5567,1,-1821.8,122.04,-58.073,1389.8,121.96,-188.08,147.73,-654.15,686.87,2498.1,224038,164,28,2063,0.063685,1.5959,1.5113
-1753.9,203.55,-129.97,-0.24611,178.7,1761.4,4.5705e+05,5565,1,-633.81,-528.47,587.31,1440.4,135.79,-213.26,-223.39,-376.91,409.58,2186.6,167350,164,28,2063,0.073476,1.5955,1.5113
-1675.5,159.04,-133.5,-2.3967,181.52,1678.6,4.4125e+05,5573,1,-2056,2240.9,-2323.1,703.78,319.72,-353.44,221.35,-698.64,731.95,4054.7,284942,164,28,2063,0.034299,1.5968,1.5113
-1702.1,166.55,-132.87,-4.5259,178.64,1706,4.5197e+05,5571,1,-3157.7,2418.5,-2472.8,928.5,123.86,-158.07,-91.554,-693.19,736.48,4885.5,293533,164,28,2063,0.044096,1.5966,1.5113
-1728.4,178.42,-132.26,-3.7486,178.55,1733.5,4.603e+05,5569,1,-1798.1,790.5,-775.61,1211.2,187.18,-239.27,69.308,-796.14,837.25,2712.7,237002,164,28,2063,0.053892,1.5963,1.5113
-1657.2,154.62,-138.18,-1.141,189.15,1659.4,4.2596e+05,5575,1,-2403.1,3030.3,-3174.1,1387.8,-126.98,117.74,1572.8,-1326.4,1380,5755.5,301418,164,29,2064,0.0245,1.597,1.5113
-1563.4,139.26,-222.51,-55.267,254.04,1563.8,4.2547e+05,5579,1,-10708,7457,-7876.5,-35.991,-2175.6,2315.2,3739.9,-1711.4,1773.6,16201,334360,164,29,2064,0.0049006,1.5972,1.5113
-1642.9,142.82,-158.36,-16.091,202.79,1644.2,4.2868e+05,5577,1,-7887.7,6028.6,-6346.3,2229.9,-1952.2,2060.2,3191.3,-1661.3,1731,12954,330655,164,29,2064,0.014701,1.5971,1.5113
-1389.7,145.57,-243.36,-58.428,279.75,1389.3,4.2454e+05,5581,1,-14126,11672,-12373,2512.4,-4612.4,4908.9,1158.5,-910.82,945.22,23316,339731,164,29,2064,-0.0048996,1.5972,1.5113
-1272.5,97.193,-237.26,-83.973,247.19,1271.6,4.1867e+05,5583,1,-16870,17773,-18986,7281.8,-9803.8,10474,-2734.9,1989.9,-2151.2,35155,345552,164,29,2064,-0.0147,1.5971,1.5113
-1126.4,39.044,-213.82,-106.06,194.02,1125.7,4.153e+05,5585,1,-16913,23909,-25591,5858.9,-11562,12359,-5048.9,4494.1,-4874.6,43621,348314,164,29,2064,-0.024499,1.597,1.5113
-866.14,-42.799,-179,-136.74,117.05,866.99,4.3654e+05,5589,1,-10818,32568,-34829,10290,-19408,20911,-7960,14202,-15344,61734,352222,164,20,2061,-0.044095,1.5966,1.5113
-760.06,-130.12,-117.21,-156.39,13.382,764.01,4.5299e+05,5591,1,-8320.9,30595,-32564,11159,-16878,18260,-6726.6,10825,-11731,55755,351073,164,20,2061,-0.053891,1.5963,1.5113
-973.4,3.1429,-193.76,-115.71,157.26,973.11,4.2221e+05,5587,1,-11741,27953,-29813,3920.6,-12044,12854,-1623.4,5560.3,-5963.2,46934,349172,164,20,2061,-0.034298,1.5968,1.5113
-673.39,-312.8,12.125,-199.19,-205.17,685.32,4.6371e+05,5593,1,-12686,34931,-37474,24087,-27474,30119,-22710,25336,-27828,83424,355641,164,17,2060,-0.063684,1.5959,1.5113
-417.7,-871.31,608.43,-198.03,-1025,462.56,4.735e+05,5597,1,-12957,35026,-37683,31254,-35912,39656,-26056,35088,-38489,1.0023e+05,357710,164,17,2060,-0.083264,1.595,1.5113
-529.31,-579.84,270.81,-216.91,-578.07,555.42,4.7083e+05,5595,1,-14731,36321,-39056,29928,-30467,33666,-31918,31778,-35187,96362,357257,164,17,2060,-0.073475,1.5955,1.5113
-327.43,-1205.5,858.34,-270.33,-1437.5,397.1,4.7185e+05,5599,1,-33954,44262,-48955,40087,-38795,43490,-42326,43101,-48222,1.284e+05,360389,164,14,2058,-0.093049,1.5945,1.5113
-1823.3,540.01,-251.08,-0.023201,337.91,1888.1,7.4496e+05,10335,1,87.747,-1124,1212.1,1701,-178.45,-122.85,-638.99,37.399,78.537,2469.1,194731,164,1242,2074,0.27438,1.6106,1.4717
-1845.3,542.23,-252.5,-0.02175,337.96,1910.2,7.5159e+05,11569,1,89.53,-1114,1217.4,1701,-179.36,-122.35,-639.09,38.159,78.353,2467.3,194521,164,1242,2074,0.27589,1.6195,1.4616
-1826,522.9,-244.71,-0.023721,329.32,1886.6,7.5299e+05,10337,1,83.704,-1121.4,1213.5,1701.7,-172.27,-117.09,-638.46,35.057,76.336,2468,194602,164,1242,2074,0.26449,1.6122,1.4717
-1831.1,488.68,-231.98,-0.021066,312.2,1883.6,7.6414e+05,10341,1,74.864,-1119.1,1214.9,1701.4,-159.39,-107.01,-636.19,29.507,73.019,2465.1,194313,164,1242,2074,0.24469,1.6154,1.4717
-1828.6,505.78,-238.34,-0.023239,320.75,1885.1,7.6087e+05,10339,1,79.222,-1119,1215,1701.6,-165.68,-111.65,-637.24,32.336,74.441,2466.3,194435,164,1242,2074,0.25459,1.6138,1.4717
-1809,486.73,-230.65,-0.023926,312.14,1861.5,7.5895e+05,9119,1,74.302,-1128.4,1209.6,1702.4,-159.87,-107.27,-637.32,29.784,72.711,2467.7,194589,164,1242,2074,0.24333,1.6064,1.4817
-1813.6,452.7,-218.02,-0.016738,295.06,1858.7,7.5851e+05,9123,1,66.117,-1125.1,1210.6,1701.9,-146.04,-96.96,-635.12,23.585,69.723,2464.1,194223,164,1242,2074,0.2236,1.6093,1.4817
-1815.8,435.7,-211.73,-0.011434,286.54,1857.3,7.4608e+05,9125,1,61.952,-1121.5,1211.4,1700.4,-139.28,-93.14,-632.51,19.904,69.366,2460.5,193642,164,1242,2074,0.21372,1.6106,1.4817
-1811.4,469.71,-224.33,-0.021113,303.59,1860.1,7.6207e+05,9121,1,70.152,-1125.8,1210.7,1702,-153.09,-102.07,-636.03,26.791,71.15,2465.6,194369,164,1242,2074,0.23347,1.6079,1.4817
-1797.6,400.2,-197.97,-0.0057874,269.44,1832.5,7.2411e+05,7919,1,52.738,-1126.2,1205.9,1699.4,-125.3,-83.952,-629.66,12.827,67.297,2457.1,193178,164,1242,2074,0.19285,1.6041,1.4916
-1819.7,401.75,-199.21,-0.00019242,269.61,1854.7,6.9231e+05,9129,1,52.592,-1118.4,1209.1,1697.8,-126.16,-85.919,-627.45,12.138,69.274,2453.6,192903,164,1242,2074,0.19394,1.6131,1.4817
-1817.8,418.72,-205.45,-0.0053061,278.05,1856,7.2331e+05,9127,1,56.514,-1118.4,1210.5,1698.6,-131.61,-89.474,-629.15,15.073,69.84,2455.8,193078,164,1242,2074,0.20383,1.6119,1.4817
-1799.4,383.33,-191.76,-0.00013173,260.99,1831.2,6.9512e+05,7921,1,47.42,-1125.1,1203.9,1698.2,-118.15,-80.332,-627.13,8.3327,67.644,2453.5,192898,164,1242,2074,0.183,1.6052,1.4916
-1801.1,366.49,-185.6,0.00096462,252.6,1830,6.5829e+05,7923,1,37.661,-1119.4,1201.2,1694.4,-109.51,-76.872,-620.48,1.4672,69.779,2444.6,192161,164,1242,2074,0.17315,1.6063,1.4916
-1802.6,349.7,-179.52,-0.011657,244.31,1828.7,6.0827e+05,7925,1,29.61,-1115.5,1198.8,1690.6,-103.64,-73.385,-613.61,-3.0486,70.472,2436.8,191547,164,1242,2074,0.16329,1.6073,1.4916
-1803.9,332.94,-173.5,-0.04189,236.1,1827.3,5.6328e+05,7927,1,11.957,-1107.4,1192.6,1687.6,-97.435,-70.399,-606.52,-8.6089,72.357,2425.8,190531,164,1242,2074,0.15342,1.6083,1.4916
-1804.9,316.22,-167.59,-0.091775,228.01,1825.8,5.3702e+05,7929,1,-36.045,-1076.4,1164.5,1676.1,-84.616,-70.054,-580.56,-27.711,85.868,2383.8,186925,164,1242,2074,0.14355,1.6092,1.4916
-1805.3,299.66,-161.95,-0.1905,220.24,1823.9,5.2005e+05,7931,1,-96.814,-1038.1,1128.9,1660,-71.997,-71.1,-549.18,-51.037,104.49,2332.9,173659,164,1242,2074,0.13368,1.6101,1.4916
-1804.7,283.31,-156.82,-0.43611,213.04,1821.1,5.0926e+05,7933,1,-300.06,-905.33,1001.6,1650.6,-64.881,-66.884,-457.23,-115.59,163.19,2212.5,168528,164,1242,2074,0.12379,1.6109,1.4916
-1802,267.23,-152.64,-1.0357,206.79,1816.4,5.005e+05,7935,1,-509.23,-716.98,811.8,1597.5,-63.079,-53.731,-378.79,-196.07,241.37,2186.6,167359,164,1242,2074,0.11391,1.6116,1.4916
-1795.6,251.63,-149.61,-1.9296,201.84,1808.1,4.8537e+05,7937,1,-1223.8,-210.26,309.31,1630.4,-132.99,29.954,-223.62,-309.74,351.76,2186.6,167358,164,1242,2074,0.10402,1.6123,1.4916
-1777.2,234.92,-141.32,-0.80835,192.69,1787.9,4.9287e+05,6743,1,-560.09,-542.42,611.86,1465.5,44.212,-137.41,-332.04,-259.99,298.13,2186.6,167353,164,1242,2074,0.093588,1.6037,1.5015
-1761.6,207.2,-139.15,-3.0086,187.65,1769.3,4.3293e+05,6747,1,-1357.5,147.19,-93.185,1546.3,-56.099,-15.869,307.17,-684.32,716.88,2311.8,172598,164,28,2063,0.073902,1.6047,1.5015
-1770.2,221.39,-139.12,-0.90372,189.59,1779.3,4.4881e+05,6745,1,-951.58,-232.72,301.33,1424.9,38.435,-121.14,-97.533,-367.24,398.86,2186.6,167352,164,39,2065,0.083747,1.6042,1.5015
-1784.4,236.85,-147.62,-2.7919,198.34,1795.1,4.5779e+05,7939,1,-1513,454.6,-403.68,1640,-272.31,193.99,-61.272,-468.22,511.38,2438.2,191659,164,39,2065,0.094123,1.6129,1.4916
-1740.8,192.87,-147.15,-10.405,191.7,1747.1,4.4158e+05,6749,1,-4325.4,1867.7,-1820.7,1663,-385.04,342.25,611.85,-1025.8,1071.1,5578.3,299690,164,28,2063,0.064054,1.6052,1.5015
-1690.5,177.58,-150.99,-15.115,192.55,1695.5,4.3569e+05,6751,1,-5208.1,3892.1,-3985,1277.5,-522.71,515.13,-450.86,-449.4,493.71,7808.5,315867,164,28,2063,0.054204,1.6055,1.5015
-1606.3,161.86,-144.25,-5.4738,192.33,1609.4,4.2513e+05,6755,1,-2285.2,4501.4,-4759.5,957.14,-766.94,804.03,783.26,-974.03,1026.1,7273.5,312990,164,28,2063,0.034497,1.6061,1.5015
-1635,167.09,-143.39,-8.8641,187.99,1639,4.3415e+05,6753,1,-3794.7,5338.4,-5611.9,1220.3,-807.19,833.76,419.85,-375.9,392.65,8814.7,319916,164,28,2063,0.044351,1.6058,1.5015
-1509.6,99.372,-214.11,-83.758,214.78,1510.4,4.2599e+05,6759,1,-11551,10784,-11465,5238.6,-6561.8,7002.2,1953.6,-148.51,112.52,22462,339163,164,29,2064,0.014786,1.6064,1.5015
-1587.1,144.32,-164.48,-24.681,202.07,1589.2,4.2717e+05,6757,1,-8706.1,8506.8,-9013.1,6983.2,-5149.7,5432.8,1987.4,-1197.5,1246.5,18470,336361,164,29,2064,0.024642,1.6062,1.5015
-1307.2,19.667,-202.53,-126.86,158.65,1307.3,4.2226e+05,6761,1,-23753,19100,-20411,10790,-14066,15066,-5066.4,6499.5,-6983.3,44761,348619,164,29,2064,0.004929,1.6064,1.5015
-1074.4,-83.837,-194.38,-191.57,87.012,1074.7,4.191e+05,6763,1,-26220,27227,-29305,13241,-22108,23776,-8459.5,16313,-17591,64529,352692,164,29,2064,-0.004928,1.6064,1.5015
-780.33,-224.32,-119.84,-240.46,-60.715,782.36,4.1957e+05,6765,1,-28329,31864,-34373,12116,-24160,25991,-8854.7,19556,-21087,72876,354123,164,29,2064,-0.014785,1.6064,1.5015
-457.62,-347.38,7.4112,-243.56,-237.8,462.9,4.2641e+05,6767,1,-24990,33126,-35902,12903,-31189,33691,-16251,31937,-34590,88123,356214,164,29,2064,-0.024641,1.6062,1.5015
-217.82,-434.6,140.76,-217.89,-396.34,227.11,4.3868e+05,6769,1,-16216,33158,-35716,8991.5,-28111,30268,-9789.1,26144,-28213,77463,354808,164,20,2061,-0.034496,1.6061,1.5015
-130.2,-554.1,262.54,-222.75,-567.57,145.45,4.4991e+05,6771,1,-8310.3,29933,-32254,16856,-34859,37873,-15974,36328,-39445,89832,356431,164,20,2061,-0.04435,1.6058,1.5015
-60.519,-742.93,433.85,-244.71,-822.58,85.552,4.5864e+05,6773,1,-11509,31086,-33628,22808,-36527,39936,-22766,38449,-42023,97167,357350,164,20,2061,-0.054203,1.6055,1.5015
202.4,-1334.8,1149.1,-196.3,-1756.3,-140.78,4.7039e+05,6777,1,-6106.5,30776,-33066,34726,-39364,43717,-31808,43049,-47490,1.0893e+05,358654,164,17,2060,-0.073901,1.6047,1.5015
61.641,-1023.3,722.69,-255.31,-1227.9,-20.79,4.6599e+05,6775,1,-13598,30395,-33089,32516,-39553,43776,-39490,44644,-49572,1.1292e+05,359043,164,21,2062,-0.064053,1.6052,1.5015
-1864.4,561.73,-260.37,-0.019646,346.6,1933.7,7.4872e+05,12811,1,94.792,-1106.5,1221.4,1700.4,-185.59,-126.69,-639.65,40.988,79.968,2466.6,194459,164,1242,2074,0.28738,1.6265,1.4515
-1867.3,544.43,-253.91,-0.019002,338.01,1932.2,7.5928e+05,12813,1,91.885,-1105.6,1222.6,1700.8,-180.68,-122.34,-639.07,39.125,78.241,2466.1,194419,164,1242,2074,0.27739,1.6283,1.4515
-1870,527.13,-247.47,-0.017939,329.43,1930.7,7.6551e+05,12815,1,87.878,-1104.5,1224.1,1700.3,-174.25,-117.56,-637.4,36.277,76.682,2464.7,194275,164,1242,2074,0.26739,1.6299,1.4515
-1848,525.02,-246.09,-0.021407,329.37,1908.7,7.607e+05,11571,1,85.518,-1112.8,1218.6,1701.3,-173.42,-117.19,-638.22,35.843,76.37,2466.4,194441,164,1242,2074,0.26595,1.6211,1.4616
-1850.6,507.82,-239.69,-0.019887,320.81,1907.2,7.6581e+05,11573,1,82.067,-1111.7,1219.5,1700.9,-168.18,-113.14,-636.93,33.566,75.018,2465.1,194312,164,1242,2074,0.25599,1.6227,1.4616
-1855.5,473.45,-226.94,-0.011941,303.76,1904.3,7.4708e+05,11577,1,71.17,-1108.6,1220.6,1698.9,-152.49,-103.84,-632.22,25.326,73.576,2459.7,193552,164,1242,2074,0.23606,1.6257,1.4616
-1853.1,490.62,-233.3,-0.016831,312.27,1905.7,7.6201e+05,11575,1,76.986,-1109.5,1221,1699.7,-160.74,-108.43,-634.37,29.849,74,2462.3,194063,164,1242,2074,0.24603,1.6243,1.4616
-1833.5,471.57,-225.63,-0.017223,303.66,1882.2,7.6101e+05,10343,1,71.136,-1117.1,1216,1700.9,-153.41,-102.79,-634.82,26.746,71.89,2463.2,194136,164,1242,2074,0.23477,1.6168,1.4717
-1835.7,454.49,-219.3,-0.01178,295.15,1880.8,7.4689e+05,10345,1,66.498,-1115.1,1216,1699.7,-146.33,-98.785,-632.43,22.856,71.5,2460.1,193618,164,1242,2074,0.22484,1.6183,1.4717
-1837.9,437.41,-213,-0.0055575,286.67,1879.4,7.2254e+05,10347,1,61.508,-1112.8,1215.6,1698.3,-139.04,-94.994,-629.89,18.599,71.529,2456.6,193140,164,1242,2074,0.21491,1.6196,1.4717
-1839.9,420.36,-206.74,-0.0019688,278.24,1878.1,6.8785e+05,10349,1,56.316,-1110.4,1214.9,1696.7,-133.1,-91.664,-626.17,14.671,71.777,2452.5,192819,164,1242,2074,0.20497,1.6209,1.4717
-1821.5,384.83,-193.03,-0.0036129,261.24,1853.3,6.4708e+05,9131,1,45.454,-1114.1,1207.9,1695.4,-119.42,-82.381,-622,7.0949,70.243,2447.4,192359,164,1242,2074,0.18404,1.6143,1.4817
-1841.8,403.34,-200.53,-0.0094727,269.87,1876.7,6.3359e+05,10351,1,46.479,-1104.5,1211.2,1695.9,-125.51,-86.4,-621.98,8.8958,72.631,2445.5,192236,164,1242,2074,0.19502,1.6221,1.4717
-1823.1,367.92,-186.9,-0.02236,252.93,1852,5.9012e+05,9133,1,34.554,-1108.4,1204.1,1693.7,-112.95,-77.801,-617.23,2.1192,70.925,2439.9,191776,164,1242,2074,0.17413,1.6154,1.4817
-1824.5,351.03,-180.82,-0.054089,244.67,1850.7,5.5083e+05,9135,1,7.2631,-1090.5,1188.8,1687.4,-103.67,-73.926,-603.74,-7.9818,75.662,2415.9,189741,164,1242,2074,0.16421,1.6164,1.4817
-1825.6,334.21,-174.88,-0.10433,236.58,1849,5.2417e+05,9137,1,-20.583,-1068.4,1166.9,1679.7,-92.785,-72.439,-589.04,-21.446,84.315,2386.1,187362,164,1242,2074,0.15429,1.6174,1.4817
-1826,317.53,-169.23,-0.21906,228.83,1847,5.0674e+05,9139,1,-108.88,-1026.2,1132.6,1664.9,-83.916,-71.795,-536.56,-46.318,103.48,2330.8,173538,164,1242,2074,0.14436,1.6183,1.4817
-1825.4,301.01,-164.16,-0.56731,221.66,1844.1,4.961e+05,9141,1,-239.12,-934.36,1041.4,1661,-79.853,-64.158,-469.78,-101.09,153.43,2244.7,170263,164,1242,2074,0.13443,1.6192,1.4817
-1813.7,267.66,-158.27,-3.8517,210.68,1828.1,4.7611e+05,9145,1,-1064.6,-122.96,212.22,1671.7,-241.02,135.35,-241.77,-343.53,394.56,2186.6,167360,164,44,2066,0.11455,1.6207,1.4817
-1822.3,284.55,-160.3,-1.554,215.53,1838.8,4.8627e+05,9143,1,-1051,-430.71,557.27,1801.8,-194.77,62.542,-209.82,-274.74,319.54,2260.6,170863,164,44,2066,0.12449,1.62,1.4817
-1795.4,250.1,-157.43,-7.0794,206.61,1807.8,4.5817e+05,9147,1,-2813.6,1094.7,-1003.3,2032.7,-627.02,543.86,-20.967,-470.79,518.08,3928.4,283321,164,39,2065,0.1046,1.6214,1.4817
-1767.2,230.64,-158.78,-12.931,203.09,1777.6,4.3314e+05,9149,1,-4451.8,3007.8,-3025.8,2856.1,-1460.1,1424.2,-111.18,-235.65,263.79,7104.6,312109,164,39,2065,0.094654,1.622,1.4817
-1745.8,200.58,-159.53,-20.01,198.65,1753.2,4.3373e+05,7943,1,-4881.7,3165.4,-3192.4,2391.9,-1148.2,1125.6,771,-791.71,816.47,7364.6,313438,164,28,2063,0.074324,1.6139,1.4916
-1769.2,222.18,-148.13,-5.229,196.78,1778.4,4.2517e+05,7941,1,-1671.7,1156.3,-1162.8,1726.7,-516.7,465.48,443.22,-751.33,788.83,3214.4,263097,164,28,2063,0.084225,1.6134,1.4916
-1724.8,203.35,-165.15,-27.674,198.28,1733,4.3039e+05,9151,1,-5507.8,5028.6,-5213.6,3969.1,-2801.3,2857.6,461.82,-72.274,48.431,10714,325442,164,39,2065,0.084701,1.6225,1.4817
-1671,177.02,-168.07,-33,198.28,1676.7,4.3444e+05,7945,1,-8807.4,6157.5,-6291.6,2472.8,-1876.8,1928.4,-884.74,254.35,-244.11,13013,330761,164,28,2063,0.06442,1.6143,1.4916
-1506.2,149.37,-137.09,-13.841,173.81,1509.7,4.2546e+05,7949,1,-4533,7973.3,-8490.1,1559,-3536.2,3800.3,819.47,-1106.9,1190,13744,331832,164,28,2063,0.044605,1.615,1.4916
-1570.3,155.27,-147.05,-24.668,177.37,1574.7,4.3028e+05,7947,1,-8620.6,8277.6,-8667.1,2698.5,-3533.3,3744.1,79.94,95.538,-101.01,15867,334034,164,28,2063,0.054513,1.6147,1.4916
-1480.4,119.48,-171.93,-52.221,185.79,1482.6,4.2704e+05,7951,1,-8610.5,12669,-13564,10036,-9604.6,10224,-1742,1443.5,-1549.4,26901,341874,164,28,2063,0.034694,1.6152,1.4916
-1149.7,-174.47,-150.84,-238.29,-14.699,1148.1,4.2137e+05,7955,1,-28023,25654,-27570,20272,-23902,25756,-15448,18588,-20089,69548,353582,164,29,2064,0.01487,1.6155,1.4916
-1402,12.645,-225.16,-159.25,159.42,1402,4.2498e+05,7953,1,-16394,18599,-19960,14571,-16727,17953,-947.08,7613.5,-8322.5,44223,348482,164,29,2064,0.024783,1.6154,1.4916
-802.01,-407.02,17.311,-289.11,-290.49,800.76,4.1934e+05,7957,1,-36774,30670,-33195,24864,-31731,34404,-24730,32588,-35411,95557,357168,164,29,2064,0.0049572,1.6156,1.4916
-393.44,-667.14,298.02,-287.12,-670.71,395.49,4.2236e+05,7959,1,-36393,31119,-33765,22456,-31299,33961,-24752,31535,-34294,94092,356989,164,29,2064,-0.0049561,1.6156,1.4916
-19.087,-909.44,624.41,-244.48,-1075.6,27.456,4.3065e+05,7961,1,-28541,30427,-33189,18886,-35113,38220,-23570,40637,-44276,99355,357609,164,29,2064,-0.014869,1.6155,1.4916
-1886.4,564.02,-261.81,-0.016482,346.66,1955.7,7.5582e+05,14063,1,98.135,-1099.1,1225.6,1700.1,-188.42,-128.05,-639.94,42.47,80.44,2465.7,194378,164,1242,2074,0.28892,1.6353,1.4414
-1889.2,546.62,-255.31,-0.015502,338.06,1954.2,7.6422e+05,14065,1,94.766,-1097.5,1228.1,1700.1,-181.74,-122.53,-638.58,39.799,78.357,2464.9,194297,164,1242,2074,0.27888,1.637,1.4414
-1872.7,509.85,-241.04,-0.015677,320.87,1929.2,7.6261e+05,12817,1,82.193,-1103,1225.5,1699.1,-166.17,-112.54,-634.59,32.2,75.607,2462.1,194045,164,1242,2074,0.25739,1.6316,1.4515
-1894.7,511.88,-242.4,-0.011209,320.96,1951.3,7.4662e+05,14069,1,85.62,-1095.1,1230.6,1697.5,-169.2,-114.22,-633.09,33.566,76.209,2460.1,193612,164,1242,2074,0.25877,1.6403,1.4414
-1892,529.24,-248.84,-0.013948,329.49,1952.7,7.6228e+05,14067,1,90.197,-1096.5,1229.7,1699.1,-175.12,-117.81,-636.21,36.753,76.879,2463,194115,164,1242,2074,0.26883,1.6387,1.4414
-1879.8,458.11,-221.97,-0.0094892,295.49,1925,6.7219e+05,12823,1,63.88,-1095.8,1225,1695.6,-146.12,-100.85,-624.87,19.513,75.873,2451.3,192684,164,1242,2074,0.22731,1.636,1.4515
-1877.6,475.33,-228.28,-0.007672,303.9,1926.4,7.185e+05,12821,1,72.578,-1099.8,1226.3,1696.3,-154.21,-105.69,-628.75,25.365,74.988,2456.2,193114,164,1242,2074,0.23735,1.6346,1.4515
-1857.8,456.29,-220.61,-0.006427,295.29,1902.9,7.2087e+05,11579,1,65.979,-1105.9,1220.9,1697.1,-145.65,-100.37,-628.99,21.171,73.74,2455.8,193086,164,1242,2074,0.22608,1.6272,1.4616
-1875.2,492.58,-234.64,-0.011763,312.36,1927.8,7.4676e+05,12819,1,77.67,-1101.6,1226.1,1697.8,-160.28,-109.03,-632.17,29.082,75.03,2459.5,193538,164,1242,2074,0.24737,1.6331,1.4515
-1859.9,439.15,-214.33,-0.0054505,286.87,1901.5,6.8053e+05,11581,1,59.05,-1102.4,1219.5,1696.4,-138.85,-96.096,-625.52,16.342,74.282,2451.4,192704,164,1242,2074,0.21609,1.6285,1.4616
-1861.9,422.03,-208.08,-0.016585,278.5,1900.1,6.2098e+05,11583,1,52.165,-1098.8,1216.5,1695.8,-131.95,-90.692,-622.4,11.541,74.376,2446.3,192284,164,1242,2074,0.2061,1.6298,1.4616
-1843.5,386.32,-194.34,-0.032299,261.54,1875.4,5.7732e+05,10353,1,37.561,-1098.1,1205.1,1694.6,-118.89,-80.708,-617.91,4.0146,72.774,2437,191564,164,1242,2074,0.18506,1.6233,1.4717
-1865.3,387.78,-195.68,-0.072686,261.85,1897.2,5.3255e+05,11587,1,7.1154,-1068.1,1191.7,1691.4,-118.62,-82.881,-605.64,-2.8817,80.384,2411.7,189364,164,1242,2074,0.18608,1.6322,1.4616
-1863.7,404.9,-201.85,-0.04051,270.14,1898.7,5.6737e+05,11585,1,35.325,-1088.7,1211.5,1695.8,-127.6,-86.403,-618,7.8895,74.638,2437.5,191599,164,1242,2074,0.19609,1.6311,1.4616
-1845,369.3,-188.21,-0.062948,253.25,1873.9,5.4094e+05,10355,1,3.348,-1075.5,1187.6,1689,-110.8,-77.904,-603.35,-6.0565,78.291,2410,189244,164,1242,2074,0.1751,1.6244,1.4717
-1846.6,335.56,-176.53,-0.23849,237.37,1870.1,4.9707e+05,10359,1,-137.52,-984.07,1101.5,1683.9,-100.75,-66.111,-519.8,-61.828,123.45,2310.8,172564,164,1242,2074,0.15515,1.6264,1.4717
-1846.1,352.38,-182.22,-0.11477,245.15,1872.2,5.1513e+05,10357,1,-25.718,-1056.2,1169.2,1681.1,-101.93,-76.07,-587.39,-17.451,85.274,2382.9,186743,164,1242,2074,0.16513,1.6254,1.4717
-1846,318.84,-171.49,-0.68345,230.19,1867,4.845e+05,10361,1,-255.14,-866.11,980.75,1673.9,-107.26,-45.142,-452.32,-132.96,191.55,2244.7,170264,164,1242,2074,0.14517,1.6273,1.4717
-1842.4,301.85,-168.07,-2.2485,224.18,1861.1,4.7457e+05,10363,1,-1200.9,-265.87,400.85,1956.1,-317.75,174.38,-165.56,-325.77,376.65,2430.4,191043,164,44,2066,0.13518,1.6282,1.4717
-1805,259.98,-168.6,-14.714,213.66,1818.9,4.5367e+05,10367,1,-4450.2,2282.5,-2193.4,3103.6,-1570.2,1503.3,-279.41,-358.02,416.78,6675.5,309549,164,44,2066,0.11519,1.6297,1.4717
-1831,283.32,-167.17,-6.2379,219.37,1847.4,4.6441e+05,10365,1,-1842.4,382.04,-273.25,2050.6,-571.75,461.66,-8.868,-458.81,509.82,2971.6,248034,164,44,2066,0.12519,1.629,1.4717
-1754.3,230.71,-168.06,-25.334,203.37,1765.5,4.3683e+05,10369,1,-5160.8,4581.3,-4717.8,2970,-2565.8,2638.6,-162.91,-83.866,101.21,9606.7,322588,164,39,2065,0.10519,1.6304,1.4717
-1583.6,133.71,-147.78,-61.031,143.92,1588.4,4.3534e+05,10373,1,-8922.9,9459.7,-9981.9,7045.8,-7341.6,7760.8,-136.88,1437.8,-1589,20908,338092,164,39,2065,0.085173,1.6316,1.4717
-1682.8,191.37,-163.98,-40.643,184.09,1691.1,4.3423e+05,10371,1,-10300,8701.9,-9018.2,7486.8,-6220.4,6447.1,-1755.5,1090.2,-1104.7,20123,337542,164,39,2065,0.095182,1.631,1.4717
-1643,162.58,-165.19,-47.157,180.57,1648.7,4.3586e+05,9153,1,-12331,8920.6,-9189,5052.8,-5560.1,5865.1,-1299.3,419.01,-397.68,20222,337618,164,28,2063,0.074744,1.623,1.4817
-1468.4,19.134,-155.48,-140.05,83.104,1467.7,4.2786e+05,10375,1,-19871,16288,-17119,15310,-15872,16889,-8476.3,9882.1,-10596,44795,348625,164,28,2063,0.075161,1.6321,1.4717
-1505.8,116.89,-132.94,-47.643,136.47,1509.3,4.2752e+05,9155,1,-11483,11210,-11789,3719.7,-6517.8,6995.9,-1736.5,939.93,-945.51,22507,339198,164,28,2063,0.064784,1.6234,1.4817
-1305.3,4.1877,-199.68,-158.09,126.08,1304.9,4.2878e+05,9159,1,-11370,17584,-18954,11907,-16025,17243,-3037.1,6610.4,-7201.7,39980,347253,164,28,2063,0.044857,1.6241,1.4817
-1396.6,74.477,-131.59,-68.493,115.64,1398.4,4.2854e+05,9157,1,-12205,14949,-15965,7464,-10872,11681,885.37,2138,-2370.7,30800,343667,164,28,2063,0.054821,1.6238,1.4817
-855.6,-513.7,139.61,-295.15,-458.11,847.62,4.2568e+05,9163,1,-28138,30818,-33351,27540,-31304,33891,-25013,31332,-34039,92232,356739,164,29,2064,0.024923,1.6245,1.4817
-1141.8,-177.18,-155.35,-253.68,-21.099,1137.7,4.2799e+05,9161,1,-25207,28672,-30969,28441,-29944,32306,-25078,26804,-28998,85756,355925,164,28,2063,0.03489,1.6244,1.4817
-92.495,-1177,934.74,-240.02,-1484,88.883,4.3074e+05,9167,1,-30159,29510,-32231,24793,-33810,36985,-30293,41798,-45755,1.0346e+05,358096,164,29,2064,0.0049851,1.6247,1.4817
-459.24,-863.06,537.61,-278.54,-981.61,451.27,4.264e+05,9165,1,-37963,33805,-36673,32941,-35568,38669,-39500,41335,-44971,1.1431e+05,359168,164,29,2064,0.014954,1.6247,1.4817
-1908.3,566.29,-263.23,-0.012938,346.71,1977.7,7.6129e+05,15325,1,101.58,-1090.8,1231.1,1699.9,-189.75,-127.8,-640.13,43.531,80.17,2464.9,194304,164,1242,2074,0.29045,1.644,1.4311
-1911.2,548.8,-256.71,-0.01169,338.11,1976.2,7.6101e+05,15327,1,98.302,-1088,1234.4,1698.7,-182.99,-122.62,-637.27,40.502,78.439,2462.8,194100,164,1242,2074,0.28036,1.6457,1.4311
-1914,531.34,-250.21,-0.0099885,329.56,1974.7,7.4612e+05,15329,1,91.88,-1089.5,1234.2,1697.9,-175.65,-118.19,-634.71,36.703,77.455,2461,193689,164,1242,2074,0.27026,1.6474,1.4311
-1897.2,494.54,-236,-0.0088889,312.49,1949.9,7.1566e+05,14071,1,78.112,-1092.7,1231.2,1695.6,-160.55,-109.69,-628.32,27.91,76.631,2455.7,193064,164,1242,2074,0.2487,1.6419,1.4414
-1916.6,513.91,-243.77,-0.0097839,321.07,1973.3,7.1369e+05,15331,1,85.481,-1085.4,1236.3,1695.1,-168.14,-113.61,-628.49,31.682,77.494,2455.7,193066,164,1242,2074,0.26014,1.649,1.4311
-1903.8,442.6,-217.06,-0.059276,287.36,1945.5,5.5331e+05,14077,1,43.758,-1075.2,1220.1,1694.7,-141.39,-96.117,-617.34,13.552,78.329,2436.3,191505,164,1242,2074,0.21844,1.6462,1.4414
-1881.9,440.89,-215.69,-0.024942,287.12,1923.6,6.0988e+05,12825,1,55.496,-1091.2,1222.5,1695.9,-140.04,-95.864,-622.19,15.184,76.004,2446.7,192323,164,1242,2074,0.21727,1.6374,1.4515
-1901.8,459.92,-223.34,-0.032105,295.71,1947,6.015e+05,14075,1,59.966,-1084.3,1227.8,1695.2,-147.72,-100.21,-621.53,18.854,77.034,2446.5,192300,164,1242,2074,0.22853,1.6448,1.4414
-1899.6,477.23,-229.65,-0.013699,304.08,1948.4,6.6515e+05,14073,1,68.385,-1088.4,1229.9,1694.6,-152.62,-104.52,-623.76,22.131,77.308,2450.1,192612,164,1242,2074,0.23862,1.6434,1.4414
-1883.8,423.66,-209.43,-0.049664,278.76,1922.1,5.5934e+05,12827,1,34.789,-1077.9,1211.8,1694.8,-133.24,-91.53,-616.22,8.7805,78.088,2432.2,191185,164,1242,2074,0.20722,1.6387,1.4515
-1866.4,370.74,-189.66,-0.12583,253.74,1895.4,5.0722e+05,11589,1,-61.896,-1018.7,1147,1686,-110.84,-78.151,-569.4,-29.229,101.19,2356.6,175283,164,1242,2074,0.17606,1.6333,1.4616
-1887.2,372.2,-191.44,-0.32223,254.57,1916.2,4.8265e+05,12833,1,-231.02,-899.21,1045.3,1728.1,-141.67,-51.071,-481.73,-86.93,158.11,2310.8,172567,164,1242,2074,0.17702,1.6422,1.4515
-1886.6,389.3,-197.18,-0.13948,262.38,1918.6,4.994e+05,12831,1,-41.105,-1029.4,1170.4,1687.4,-117.94,-85.452,-582.26,-16.411,94.202,2376.5,177786,164,1242,2074,0.18709,1.6411,1.4515
-1885.5,406.45,-203.23,-0.082629,270.48,1920.5,5.2431e+05,12829,1,14.999,-1060.4,1194.5,1692.9,-124.55,-87.952,-610.07,-0.17908,82.583,2412.4,189445,164,1242,2074,0.19716,1.6399,1.4515
-1867,353.79,-183.92,-0.26268,245.94,1893.2,4.8874e+05,11591,1,-77.492,-994.42,1118,1680.3,-105.04,-73.242,-556.69,-46.653,115.39,2325.9,173198,164,1242,2074,0.16604,1.6344,1.4616
-1862.1,319.14,-175.96,-3.0815,232.78,1883.1,4.6474e+05,11595,1,-1366.5,-106.84,250.44,2169.7,-485.71,329.95,-142.7,-348.47,405.52,2701.9,236581,164,44,2066,0.14597,1.6363,1.4616
-1866.3,336.83,-178.92,-0.83499,238.75,1889.9,4.7588e+05,11593,1,-380.89,-830.08,969.89,1738.9,-141.34,-28.465,-376.27,-142.72,200.86,2310.8,172565,164,1242,2074,0.15601,1.6354,1.4616
-1812.5,267.84,-178.79,-23.092,218.77,1827.7,4.4501e+05,11599,1,-3818.6,2581,-2573.5,3228.9,-2070.7,2048.9,44.113,-280.39,307.42,6852.2,310615,164,44,2066,0.12588,1.638,1.4616
-1847.8,298.15,-176.59,-9.6258,227.81,1866.2,4.5317e+05,11597,1,-3685.9,1808.4,-1704.1,3370.6,-1624.4,1520.7,-187.01,-348.02,406.67,6032.7,304003,164,44,2066,0.13593,1.6372,1.4616
-1745.6,217.07,-178.31,-48.697,195.34,1756.5,4.3928e+05,11601,1,-10128,6396.7,-6389.3,6881,-5010.9,5086,-1571.5,889.99,-880.93,16932,335011,164,39,2065,0.11582,1.6387,1.4616
-1623.4,150.01,-159.48,-72.258,149.18,1629.7,4.2981e+05,11603,1,-13839,11440,-11864,9724.7,-9484.6,9972.9,-4201.5,3606,-3766.6,28142,342455,164,39,2065,0.10577,1.6394,1.4616
-1314.3,-128.58,-90.517,-207.29,-63.273,1305.9,4.4629e+05,11607,1,-20677,22011,-23551,21731,-22235,23747,-16253,17906,-19242,62867,352417,164,39,2065,0.085643,1.6406,1.4616
-1476.9,51.784,-131.73,-113.22,75.586,1477.4,4.49e+05,11605,1,-14398,16457,-17564,12996,-14511,15493,-2995.9,7384.9,-8131.6,39189,347007,164,39,2065,0.095707,1.64,1.4616
-1219.5,-101.71,-132.46,-200.29,-2.1492,1214.5,4.3241e+05,10377,1,-19419,19359,-20608,10279,-18661,20271,-3980.1,11562,-12722,48505,349514,164,28,2063,0.065145,1.6325,1.4717
-675.84,-744.09,507.38,-238.34,-891.19,645.63,4.4634e+05,11611,1,-29455,29855,-32217,24564,-31839,34655,-26515,35885,-39144,95593,357169,164,39,2065,0.065504,1.6415,1.4616
-1034,-421.42,149.15,-250.91,-422.87,1013.5,4.4538e+05,11609,1,-30417,27974,-29885,29238,-28778,30844,-28380,28417,-30543,88210,356230,164,39,2065,0.075575,1.6411,1.4616
-985.65,-267.69,-38.966,-249.57,-172.37,976.06,4.3471e+05,10379,1,-21328,27002,-29172,21713,-29719,32219,-17014,26167,-28497,78829,355012,164,28,2063,0.055127,1.6329,1.4717
-757.19,-591.84,259.96,-281.12,-603.1,740.56,4.3507e+05,10381,1,-24814,32319,-35161,29196,-36134,39265,-30408,40231,-43823,1.0517e+05,358279,164,28,2063,0.045107,1.6332,1.4717
-1927.1,586.12,-271.23,-0.010519,355.38,2001.1,7.5629e+05,16595,1,107.3,-1083.9,1233.9,1699.3,-196.76,-132.42,-641,46.685,81.882,2464.2,194231,164,1242,2074,0.30211,1.6508,1.4209
-1930.1,568.54,-264.65,-0.0092715,346.76,1999.6,7.5921e+05,16597,1,105.1,-1082,1236.8,1699.3,-190.81,-127.27,-639.74,44.4,79.825,2463.6,194169,164,1242,2074,0.29198,1.6526,1.4209
-1933.1,550.98,-258.09,-0.0081149,338.17,1998.2,7.4564e+05,16599,1,101.45,-1080.2,1238.9,1697.8,-184.86,-122.93,-636.35,41.482,78.491,2461,193694,164,1242,2074,0.28183,1.6543,1.4209
-1935.9,533.44,-251.59,-0.0094738,329.65,1996.7,7.127e+05,16601,1,94.361,-1079.3,1239.9,1696.1,-177.15,-117.82,-631.41,36.845,77.792,2457.5,193204,164,1242,2074,0.27167,1.656,1.4209
-1919.2,496.5,-237.38,-0.017227,312.65,1971.9,6.5987e+05,15333,1,78.177,-1083.7,1236.1,1694,-161.84,-109.29,-624.57,27.557,77.336,2452.2,192769,164,1242,2074,0.25002,1.6506,1.4311
-1921.6,479.1,-231.03,-0.037924,304.27,1970.5,5.9759e+05,15335,1,67.305,-1079.3,1234.3,1694.2,-156.77,-105.02,-621.42,24.099,77.085,2447.8,192403,164,1242,2074,0.23989,1.6521,1.4311
-1938.6,515.93,-245.14,-0.019079,321.19,1995.3,6.5776e+05,16603,1,86.585,-1077.1,1240.6,1694.3,-170.47,-112.94,-626.09,32.537,77.275,2453.2,192877,164,1242,2074,0.26151,1.6577,1.4209
-1941.1,498.42,-238.75,-0.040891,312.8,1993.9,5.9672e+05,16605,1,72.631,-1070.6,1237.4,1693.4,-164.03,-107.98,-620.53,27.502,77.661,2445.5,192241,164,1242,2074,0.25133,1.6592,1.4209
-1925.5,444.32,-218.51,-0.10893,287.72,1967.2,5.1345e+05,15339,1,-3.3585,-1032.6,1194.6,1691.4,-139.03,-96.732,-591.33,-5.6039,96.631,2396.2,188166,164,1242,2074,0.2196,1.6549,1.4311
-1923.7,461.69,-224.72,-0.066188,295.94,1968.9,5.4989e+05,15337,1,42.545,-1064.3,1222.8,1692.6,-148.17,-100.52,-612.37,14.866,81.167,2430.7,191071,164,1242,2074,0.22975,1.6535,1.4311
-1905.5,425.3,-210.85,-0.09568,279.11,1943.8,5.176e+05,14079,1,5.9054,-1052.8,1203.8,1690.6,-133.2,-93.443,-603.28,2.7377,84.634,2411.1,189330,164,1242,2074,0.20833,1.6475,1.4414
-1906.7,408.06,-204.8,-0.16015,271.05,1941.8,4.9233e+05,14081,1,-72.345,-994.37,1146.9,1697.1,-130,-84.626,-561.54,-32.654,114.83,2354.4,175103,164,1242,2074,0.19822,1.6487,1.4414
-1886.1,355,-186.56,-1.0447,247.44,1912.3,4.6842e+05,12835,1,-289.53,-762.73,893.34,1733.7,-174.75,-1.0114,-432.13,-164.37,236.16,2310.8,172566,164,1242,2074,0.16694,1.6433,1.4515
-1897.6,353.4,-193.07,-5.8767,250.56,1923.6,4.5481e+05,14087,1,-2271,697.73,-545.39,2957,-1023.4,835.33,-42.095,-444.44,515.25,4110.4,285650,164,46,2067,0.16784,1.6521,1.4414
-1905.5,373.25,-194.6,-1.5254,256.36,1934.5,4.6551e+05,14085,1,-535.73,-574.93,721.77,1820.7,-247.26,59.54,-325.43,-248.21,325.93,2310.8,172568,164,46,2067,0.17797,1.651,1.4414
-1907.2,390.83,-199.13,-0.4146,263.31,1939.2,4.7658e+05,14083,1,-309.77,-792.7,945.95,1762.6,-176.51,-25.376,-446.35,-139.88,218.71,2310.8,172569,164,1242,2074,0.1881,1.6499,1.4414
-1812.7,269.46,-188.46,-35.349,219.82,1828.8,4.4649e+05,12841,1,-6892.8,4055,-3962.2,5588.2,-3186.5,3095.6,-902.16,106.51,-39.989,11465,326911,164,44,2066,0.13667,1.6461,1.4515
-1862,310.92,-186.71,-14.895,235.47,1882.3,4.4997e+05,12839,1,-3219.3,1736.3,-1657.9,3162.2,-1645.9,1555.3,161.47,-517.2,569.59,5645.6,300317,164,44,2066,0.14676,1.6452,1.4515
-1880.8,336.27,-184.27,-4.3488,241.49,1904.2,4.5751e+05,12837,1,-2039.4,428.36,-273.16,2686.6,-857.38,687.12,-33.356,-450.1,514.57,3648.4,278742,164,46,2067,0.15685,1.6443,1.4515
-1718.8,195.72,-174.78,-67.72,173.17,1728.7,4.5333e+05,12843,1,-13419,10163,-10404,11307,-8773.7,9005.8,-4330.8,2941.7,-2983.4,26717,341784,164,44,2066,0.12656,1.6469,1.4515
-1564,66.814,-130.99,-119.23,69.6,1564.8,4.5315e+05,12845,1,-19832,19052,-20122,15968,-16714,17766,-9590.2,10233,-10918,48239,349447,164,39,2065,0.11645,1.6476,1.4515
-1335.6,-112.77,-62.082,-190.1,-84.411,1325.5,4.6081e+05,12847,1,-23928,23694,-25220,20063,-21624,23151,-11808,16248,-17682,62387,352330,164,39,2065,0.10634,1.6483,1.4515
-1049.1,-367.24,129.06,-236.1,-379.3,1025.9,4.643e+05,12849,1,-24599,27398,-29492,25240,-26862,28850,-22551,24551,-26437,78909,355024,164,39,2065,0.096227,1.6489,1.4515
-739.65,-744.36,542.94,-228.94,-923.98,699.84,4.6295e+05,12851,1,-29728,33169,-36020,30855,-30237,32586,-36951,35895,-38690,1.0178e+05,357881,164,39,2065,0.086108,1.6495,1.4515
-1948.9,588.45,-272.66,-0.0069706,355.42,2023,7.5586e+05,17875,1,112.18,-1073.9,1239.1,1699,-198.75,-131.97,-641.24,48.067,81.507,2462.7,194091,164,1242,2074,0.30367,1.6593,1.4106
-1952,570.78,-266.05,-0.0060083,346.81,2021.5,7.4531e+05,17877,1,107.68,-1073.1,1241.7,1698.4,-191.24,-126.07,-638.29,44.636,79.465,2461.2,193720,164,1242,2074,0.29349,1.6611,1.4106
-1955,553.14,-259.48,-0.007808,338.24,2020.1,7.125e+05,17879,1,102.4,-1072.9,1242.9,1696.8,-184.79,-121.55,-634.33,41.13,78.353,2458.6,193295,164,1242,2074,0.28329,1.6629,1.4106
-1957.8,535.51,-252.96,-0.018158,329.73,2018.7,6.5722e+05,17881,1,96.99,-1069.3,1244.4,1695.7,-180.2,-117.02,-629.53,38.403,77.117,2454.9,193001,164,1242,2074,0.27308,1.6646,1.4106
-1960.5,517.9,-246.5,-0.040224,321.29,2017.3,5.9852e+05,17883,1,83.203,-1064.8,1242.3,1694,-173.03,-111.28,-622.94,33.246,76.825,2447.6,192397,164,1242,2074,0.26286,1.6663,1.4106
-1943.4,480.93,-232.41,-0.071108,304.46,1992.4,5.4907e+05,16607,1,47.455,-1056.3,1226.8,1691.3,-155.15,-103.66,-610.32,17.655,82.252,2428.6,190739,164,1242,2074,0.24115,1.6608,1.4209
-1963,500.31,-240.1,-0.071869,312.93,2015.8,5.5116e+05,17885,1,64.238,-1057.2,1238.5,1691.8,-166.28,-106.41,-614.78,27.555,77.554,2437.6,191605,164,1242,2074,0.25263,1.6678,1.4106
-1965.1,482.76,-233.83,-0.1206,304.71,2014.1,5.1266e+05,17887,1,25.368,-1038.1,1225,1690.1,-160.39,-101.58,-586.93,10.036,89.515,2413.3,189504,164,1242,2074,0.24239,1.6694,1.4106
-1947,428.58,-214.87,-0.76414,280.9,1985.4,4.7192e+05,16613,1,-218.86,-877.54,1057.9,1725.1,-170.89,-56.131,-461.37,-110.8,199.27,2339.6,174059,164,1242,2074,0.21054,1.6649,1.4209
-1926.8,426.99,-212.48,-0.19629,279.71,1965.1,4.8819e+05,15341,1,-107.74,-956.66,1122.3,1703.9,-142.73,-82.027,-535.73,-54.626,141.39,2339.6,174058,164,1242,2074,0.20944,1.6562,1.4311
-1946.8,446.07,-220.18,-0.23253,288.3,1988.5,4.8628e+05,16611,1,-110.05,-968.44,1151.2,1710.6,-157.43,-82.21,-512.65,-48.678,137.54,2348.8,174631,164,1242,2074,0.22075,1.6636,1.4209
-1945.4,463.48,-226.18,-0.11687,296.26,1990.6,5.12e+05,16609,1,19.366,-1043.3,1217.3,1688.5,-148.04,-101.28,-598.31,8.4212,87.473,2412.3,189441,164,1242,2074,0.23095,1.6622,1.4209
-1924.5,391.68,-203.06,-2.2014,265.57,1956.4,4.6264e+05,15345,1,-767.39,-546.59,732.9,1932,-274.1,61.196,-217.59,-269.46,342.68,2339.6,174056,164,1242,2074,0.1891,1.6587,1.4311
-1927.1,409.64,-206.96,-0.55705,272.12,1962.2,4.7302e+05,15343,1,-217.42,-865,1030.9,1717.3,-155.13,-59.164,-476.8,-111.95,196.79,2339.6,174057,164,1242,2074,0.19927,1.6575,1.4311
-1913,370.09,-203.06,-8.4587,260.22,1941.6,4.5525e+05,15347,1,-3003,1231.8,-1065.8,3231.4,-1251.5,1055.1,-70.257,-482.07,568.16,5035.1,294826,164,46,2067,0.17892,1.6598,1.4311
-1878.1,335.01,-207.61,-26.194,251,1902.3,4.4915e+05,15349,1,-8218.7,5407.3,-5355.6,7488.1,-4230.9,4065.6,-928.52,216.89,-151.86,14728,332929,164,46,2067,0.16873,1.6609,1.4311
-1793.5,259.25,-204.18,-66.261,212.14,1810,4.6123e+05,15351,1,-9785.3,7647.2,-7815.7,8162.3,-6042.2,6125.8,-1622.3,1012.4,-1006.2,18991,336743,164,46,2067,0.15853,1.6619,1.4311
-1873.2,322.38,-197.77,-21.617,243.11,1895.4,4.4785e+05,14089,1,-4431.3,2542.6,-2451.8,4218.4,-2275.1,2161.2,117.61,-498.36,556.43,7766.9,315652,164,46,2067,0.1577,1.6531,1.4414
-1664.6,159.62,-164.29,-91.575,138.07,1672,4.6667e+05,14093,1,-13736,13404,-14106,12439,-11087,11570,-3466.5,4323.3,-4650.5,32112,344254,164,44,2066,0.1374,1.6549,1.4414
-1802.8,263.42,-196.42,-51.577,215.33,1819,4.6024e+05,14091,1,-11280,7752,-7777.5,9069,-6112.2,6113.4,-2949.5,1594.1,-1544.1,20455,337792,164,46,2067,0.14755,1.654,1.4414
-1114.6,-324.14,91.85,-243.32,-332.82,1088.9,4.7664e+05,14097,1,-33813,27783,-29196,28139,-24262,25616,-26432,21258,-22353,80340,355240,164,44,2066,0.11708,1.6565,1.4414
-1473.2,-38.474,-106.24,-183.86,-18.905,1465.9,4.6784e+05,14095,1,-27546,21144,-21921,25428,-18931,19542,-15641,12209,-12700,60235,351939,164,44,2066,0.12724,1.6557,1.4414
-718.49,-680.63,474.21,-237.04,-833.67,673.18,4.7971e+05,14099,1,-30987,33364,-36072,27579,-28505,30726,-30850,33005,-35707,95957,357208,164,39,2065,0.10691,1.6572,1.4414
-1970.7,590.76,-274.09,-0.0039104,355.47,2044.8,7.4476e+05,19163,1,116.09,-1064.5,1242.7,1698.6,-200.67,-131.26,-641.12,49.333,80.999,2460.4,193639,164,1242,2074,0.30523,1.6678,1.4002
-1992.4,593.04,-275.5,-0.0023745,355.5,2066.6,7.1887e+05,20459,1,119.65,-1055.1,1244.9,1698.6,-203.13,-130.74,-641.27,50.692,80.688,2457.9,193238,164,1242,2074,0.30677,1.6762,1.3897
-1973.8,573.01,-267.45,-0.0051743,346.85,2043.4,7.1393e+05,19165,1,112.74,-1063.6,1244.1,1698.4,-195.42,-126.9,-638.79,46.917,79.427,2459.1,193506,164,1242,2074,0.29499,1.6696,1.4002
-1976.8,555.26,-260.85,-0.014024,338.28,2042,6.5847e+05,19167,1,105.42,-1061.6,1245.8,1697.2,-188.31,-120.35,-633.66,43.15,77.357,2455.6,193063,164,1242,2074,0.28474,1.6714,1.4002
-1979.7,537.54,-254.3,-0.034218,329.78,2040.6,5.996e+05,19169,1,93.099,-1057.2,1245.3,1695.4,-181.21,-113.69,-626.2,38.551,75.92,2448.8,192512,164,1242,2074,0.27448,1.6731,1.4002
-1982.3,519.83,-247.83,-0.065113,321.36,2039.1,5.541e+05,19171,1,78.242,-1052.4,1243.9,1693.3,-175.74,-109.31,-618.63,34.472,75.52,2441.5,191902,164,1242,2074,0.2642,1.6748,1.4002
-1984.7,502.17,-241.48,-0.11672,313.08,2037.5,5.1578e+05,19173,1,48.511,-1039.1,1235.1,1691.8,-169.7,-103.63,-595.9,19.922,84.31,2423.2,190341,164,1242,2074,0.25392,1.6764,1.4002
-1966.7,465.27,-227.81,-0.24107,296.76,2012.1,4.8524e+05,17889,1,-16.618,-1011.6,1198.3,1690.9,-154.71,-94.788,-564.77,-17.158,113.25,2384.1,186983,164,1242,2074,0.23215,1.6708,1.4106
-1986.6,484.57,-235.37,-0.22739,305.06,2035.6,4.8646e+05,19175,1,-80.393,-971.99,1179.7,1731.5,-193.23,-68.209,-479.43,-52.225,146.49,2374.3,177507,164,1242,2074,0.24363,1.6779,1.4002
-1987.6,466.8,-230.19,-0.9801,297.73,2032.9,4.7131e+05,19177,1,-180.65,-890.14,1094.5,1752.5,-219.13,-28.649,-416.02,-127.04,222.12,2348.8,174633,164,1242,2074,0.23333,1.6793,1.4002
-1943.4,410.17,-211.78,-3.0894,274.88,1978.5,4.6198e+05,16615,1,-883.95,-394.47,584.8,1982.8,-353.56,134.91,-151.53,-346.02,427.92,2383.2,186797,164,52,2069,0.20032,1.6662,1.4209
-1962.9,428.63,-220.45,-4.1099,283.93,2001.2,4.6234e+05,17893,1,-1063.3,-313.83,529.3,2066.7,-423.73,192.64,-66.207,-382.52,464.53,2522.6,226254,164,55,2070,0.21163,1.6735,1.4106
-1967.2,447.61,-222.68,-0.95976,289.47,2009,4.7211e+05,17891,1,-337.3,-864.67,1078.6,1783.2,-203.26,-40.563,-335.45,-140.05,219.98,2348.8,174632,164,55,2070,0.22189,1.6722,1.4106
-1928,386.58,-213.89,-11.742,270.31,1959.4,4.5388e+05,16617,1,-3002.7,1207.3,-1019.6,3085.8,-1183.4,978.51,266.84,-691.27,775.94,4954.2,294172,164,52,2069,0.19009,1.6674,1.4209
-1881.2,345.85,-219.49,-33.269,259.42,1907.5,4.5102e+05,16619,1,-9833.3,5736.4,-5529.7,8267.8,-4359.3,4104.1,-1161.3,287.89,-199.04,16305,334478,164,46,2067,0.17985,1.6685,1.4209
-1774.2,262.77,-209.35,-72.621,212.82,1791.7,4.6214e+05,16621,1,-12207,7851.3,-7795.1,10398,-6477,6397,-2204.7,871.23,-774.18,21648,338606,164,46,2067,0.16961,1.6696,1.4209
-1565.7,80.302,-158.48,-154.87,76.529,1566.2,4.8448e+05,16623,1,-29779,20714,-21083,21808,-14484,14624,-13797,8968.2,-9052,54884,350885,164,46,2067,0.15937,1.6706,1.4209
-1604.2,113.01,-153.39,-122.59,96.943,1607.9,4.789e+05,15353,1,-25641,17060,-17202,19973,-12873,12917,-10464,5639,-5488.8,46339,349022,164,46,2067,0.14833,1.6628,1.4311
-1305.4,-130.24,-15.189,-190.43,-143.24,1290.2,4.936e+05,15355,1,-31086,27671,-29226,27591,-20406,21102,-22931,16993,-17608,73032,354148,164,44,2066,0.13813,1.6637,1.4311
-921.02,-530.88,316.67,-249.34,-630.86,877.63,4.937e+05,15357,1,-39757,36099,-38462,35259,-27735,29085,-34217,30741,-32717,1.0202e+05,357917,164,44,2066,0.12792,1.6645,1.4311
-1995.5,575.19,-268.82,-0.0081719,346.88,2065.2,6.6359e+05,20461,1,114.65,-1052,1247,1698.8,-196.82,-123.94,-637.95,47.932,77.951,2455.6,193061,164,1242,2074,0.29648,1.6781,1.3897
-2014,595.3,-276.89,-0.0032582,355.52,2088.3,6.7771e+05,21761,1,122.77,-1042.8,1247.4,1699.3,-205.18,-128.43,-641.56,52.138,79.45,2454.7,192984,164,1242,2074,0.3083,1.6846,1.3793
-2001.4,539.52,-255.61,-0.049501,329.8,2062.4,5.5542e+05,20465,1,93.636,-1045,1246.7,1695.9,-185.39,-113.32,-625.43,41.277,74.62,2444.7,192175,164,1242,2074,0.27586,1.6816,1.3897
-1998.6,557.35,-262.18,-0.024553,338.3,2063.8,6.0119e+05,20463,1,106.79,-1050.4,1247.7,1697.9,-191.17,-118.55,-633.25,45.112,75.873,2452.3,192778,164,1242,2074,0.28617,1.6798,1.3897
-2004,521.73,-249.14,-0.096493,321.41,2060.9,5.1863e+05,20467,1,70.409,-1037.9,1242.6,1694,-178.51,-106.44,-606.63,30.391,78.77,2431.9,191168,164,1242,2074,0.26554,1.6832,1.3897
-2006.3,504,-242.87,-0.17894,313.26,2059.1,4.8712e+05,20469,1,29.074,-1025.9,1238.2,1698.3,-176.11,-98.301,-563.41,12.477,88.544,2416,189749,164,1242,2074,0.25521,1.6848,1.3897
-2007.9,486.06,-237.45,-0.90027,305.68,2056.9,4.7336e+05,20471,1,-151.03,-961.91,1193,1798.2,-225.57,-44.874,-377.2,-77.482,161.77,2415,189684,164,1242,2074,0.24486,1.6864,1.3897
-2005.2,466.13,-235.72,-5.047,300.06,2050.3,4.6104e+05,20473,1,-1623.8,-19.665,290.69,2633.7,-804.84,537.83,33.794,-353.04,424.12,3301.6,267359,164,55,2070,0.23451,1.6878,1.3897
-1983.8,447.12,-228.65,-5.0432,292.38,2025.4,4.6223e+05,19179,1,-2042.3,261.75,3.2206,2619.2,-818.31,570.68,63.649,-437.81,516.33,3543.7,276616,164,55,2070,0.22302,1.6807,1.4002
-1943.4,403.06,-224.04,-14.69,279.76,1977.7,4.5373e+05,17895,1,-4864.7,2364.8,-2130.9,4327.7,-2005.4,1776.2,21.603,-469.56,552.9,7760.9,315621,164,52,2069,0.20135,1.6748,1.4106
-1961.1,419.78,-233.1,-17.015,288.26,1998.3,4.5344e+05,19181,1,-4939.5,2743.6,-2569.9,4558.1,-2409.5,2221.3,-40.544,-280.29,339.31,8381,318491,164,55,2070,0.21271,1.6821,1.4002
-1886.3,355.48,-229.87,-40.419,265.85,1914.4,4.5377e+05,17897,1,-10625,7076.7,-7016.2,7483,-4998,4957.3,-1574.8,707.85,-641.37,17920,335906,164,52,2069,0.19107,1.676,1.4106
-1753.3,267.38,-206.6,-72.736,208.49,1771.8,4.7239e+05,17899,1,-15118,11206,-11425,13258,-7876.1,7705.9,-2903.2,2098.8,-2135.3,28271,342520,164,49,2068,0.18079,1.6771,1.4106
-1550.2,65.129,-165.46,-176.63,67.989,1548.9,4.8176e+05,17901,1,-28116,18987,-19215,21540,-13494,13454,-11209,7286.6,-7337.2,50793,350040,164,46,2067,0.17049,1.6782,1.4106
-1040.4,-257.52,78.509,-222.09,-288.05,1011.3,4.9781e+05,17903,1,-49210,30316,-30565,32297,-19293,19347,-35138,20167,-20113,90058,356463,164,46,2067,0.16019,1.6792,1.4106
-1153.6,-220.03,24.045,-229.96,-226.2,1129.5,4.9582e+05,16625,1,-41062,32549,-34009,29580,-21874,22638,-23976,19280,-20220,84401,355758,164,46,2067,0.14911,1.6715,1.4209
-458.34,-650.69,517.42,-196.52,-838.81,398.71,4.9959e+05,17905,1,-47048,31356,-32251,33079,-20250,20547,-38082,25855,-26724,94848,357084,164,46,2067,0.14988,1.6802,1.4106
-2020.3,559.39,-263.49,-0.033062,338.29,2085.5,5.5722e+05,21765,1,107.28,-1040.1,1248.1,1698.4,-193.33,-117.26,-632.99,46.365,75.092,2448.5,192491,164,1242,2074,0.2876,1.6882,1.3793
-2017.2,577.34,-270.17,-0.01404,346.89,2086.9,6.0744e+05,21763,1,116.09,-1040,1248.3,1699.9,-199.45,-122.18,-638.42,49.687,76.775,2452.2,192773,164,1242,2074,0.29795,1.6864,1.3793
-2038.8,579.46,-271.49,-0.019448,346.87,2108.5,5.6074e+05,23071,1,119.33,-1030.5,1249.4,1700.8,-202.97,-122.95,-640.23,51.65,76.931,2450.4,192638,164,1242,2074,0.29942,1.6947,1.3687
-2023.1,541.47,-256.89,-0.06818,329.79,2084.1,5.2047e+05,21767,1,89,-1030.2,1246.9,1695.9,-187.91,-110.87,-620.97,41.342,74.349,2437.2,191577,164,1242,2074,0.27724,1.6899,1.3793
-2025.6,523.6,-250.43,-0.11334,321.46,2082.5,4.8546e+05,21769,1,69.774,-1027.1,1244.4,1698.4,-182.04,-106.48,-595.46,32.791,75.469,2431.9,191169,164,1242,2074,0.26686,1.6916,1.3793
-2027.8,505.59,-244.56,-0.59964,313.53,2080.7,4.7371e+05,21771,1,-188.45,-889.13,1125.1,1911.7,-317.46,35.528,-347.36,-112.43,203.75,2454.3,192953,164,58,2071,0.25648,1.6932,1.3793
-2027.4,485.26,-242.28,-4.8517,307.17,2076.1,4.631e+05,21773,1,-1713.9,87.748,187.72,2739.5,-965.77,706.82,-63.262,-329.05,416.25,3493.3,275163,164,55,2070,0.24608,1.6948,1.3793
-1984.1,436.39,-241.3,-19.52,295.46,2024.2,4.5254e+05,20475,1,-4289.6,1520.7,-1173.1,3828.4,-1748.4,1517.8,186.61,-487.66,560.56,6534,308712,164,55,2070,0.22415,1.6892,1.3897
-1943.2,394.4,-248.2,-50.253,278.22,1978.2,4.5274e+05,21777,1,-8698.7,4239.9,-3805.9,7783.8,-4389.3,4136.2,-782.34,260.98,-197.57,14346,332523,164,55,2070,0.22527,1.6977,1.3793
-2007.8,455.44,-246.51,-18.495,301.62,2051.4,4.529e+05,21775,1,-3857,1355.8,-1023.8,4119.8,-1761,1472.8,235.99,-350.1,388.31,6351,307224,164,55,2070,0.23568,1.6962,1.3793
-1912.1,381.95,-240.93,-44.514,274.59,1944.9,4.5451e+05,20477,1,-11642,6112,-5682.5,9626.2,-5292.3,4990.6,-2212.5,954.5,-835.36,18901,336675,164,55,2070,0.21378,1.6906,1.3897
-1897.9,368.44,-237.65,-43.946,271.92,1928.3,4.4838e+05,19183,1,-9184.4,5079.4,-4806.5,7208.7,-4172.6,3997.3,-721.4,203.71,-150.79,14805,333008,164,52,2069,0.20238,1.6834,1.4002
-1758.8,260.5,-217.69,-92.656,205.81,1777,4.7399e+05,19185,1,-17860,9612.2,-9132.5,12956,-7598.1,7376.5,-3880.5,1817.1,-1665.3,28212,342494,164,52,2069,0.19205,1.6846,1.4002
-1775.6,263.49,-218.91,-99.873,201.03,1794.4,4.7048e+05,20479,1,-19924,13738,-13883,15036,-10668,10838,-6306.1,4944.7,-5140,36420,346037,164,52,2069,0.2034,1.6919,1.3897
-1479.9,75.375,-144.55,-156.55,58.18,1479.5,4.8892e+05,19187,1,-31722,21963,-22378,22413,-14549,14648,-15137,9698.4,-9762.1,57763,351460,164,49,2068,0.18171,1.6857,1.4002
-1055.1,-261,86.183,-227.56,-299.7,1023.3,4.9559e+05,19189,1,-44851,30233,-31012,30685,-18903,19055,-31122,21305,-21950,86334,355989,164,49,2068,0.17136,1.6868,1.4002
-2041.8,561.4,-264.77,-0.043293,338.27,2107.1,5.2478e+05,23073,1,106.37,-1025.7,1248.8,1699.5,-196.03,-115.89,-632.54,47.787,74.349,2443.6,192091,164,1242,2074,0.28902,1.6965,1.3687
-2060.3,581.54,-272.8,-0.024953,346.85,2130,5.2741e+05,24387,1,117.59,-1018.9,1250.2,1701.5,-203.6,-120.17,-639.6,52.186,75.674,2446.2,192277,164,1242,2074,0.30088,1.703,1.3581
-2044.7,543.38,-258.15,-0.083288,329.78,2105.6,4.9127e+05,23075,1,87.093,-1020,1247.8,1696.8,-189.56,-110.17,-616.71,42.384,72.984,2437.2,191578,164,58,2071,0.2786,1.6983,1.3687
-2047.1,525.39,-251.78,-0.2139,321.53,2104,4.7148e+05,23077,1,-17.208,-961.49,1196.8,1865.8,-287.96,-6.8674,-423.12,-64.629,164.17,2476.2,195519,164,58,2071,0.26818,1.6999,1.3687
-2035.4,474.8,-252.36,-18.239,307.93,2082.5,4.5613e+05,23081,1,-4686.8,1381.9,-892.13,5076.1,-2167.2,1794.3,-467.6,-37.459,127.11,7654.4,315109,164,58,2071,0.24729,1.7031,1.3687
-2049,505.36,-248.21,-3.6099,314.27,2101.6,4.6162e+05,23079,1,-676.35,-742.33,1046.3,2341.3,-538.16,231.4,-16.442,-291.45,367.8,2854.6,243503,164,58,2071,0.25774,1.7016,1.3687
-1970,415.25,-249.2,-45.399,282.3,2008.4,4.5291e+05,23083,1,-9978.6,5773.2,-5504.9,9893.3,-5937.4,5721.3,-2111.1,1586.9,-1629.8,18404,336302,164,58,2071,0.23684,1.7046,1.3687
-1835,269.45,-231.64,-124.05,197.31,1854.5,4.649e+05,23085,1,-26057,15766,-15448,18807,-12844,12961,-9936.5,7534.7,-7814.9,45491,348803,164,55,2070,0.22638,1.706,1.3687
-1784.2,265.3,-222.86,-109.12,198.26,1803.4,4.6872e+05,21779,1,-23256,12287,-11542,18083,-10454,10088,-7120.9,3805,-3596.7,37963,346571,164,55,2070,0.21485,1.699,1.3793
-1479.5,18.515,-118.64,-197.64,-6.8455,1471.1,4.8887e+05,21781,1,-34804,20945,-20691,24375,-15307,15263,-17464,10710,-10655,60603,352003,164,55,2070,0.20442,1.7003,1.3793
-1491.8,38.838,-145.36,-192.92,30.237,1486.6,4.8849e+05,20481,1,-34307,23989,-24518,21851,-16611,17222,-12035,10986,-11760,61704,352219,164,52,2069,0.19302,1.6931,1.3897
-954.13,-321.86,177.06,-222.17,-406.28,911.53,4.9055e+05,21783,1,-40995,26234,-26595,26416,-18512,19115,-28565,22142,-23345,79582,355126,164,55,2070,0.19398,1.7015,1.3793
-954.13,-259.92,89.249,-223.11,-297.12,920.78,4.9275e+05,20483,1,-48535,30337,-30608,29121,-20137,20741,-31770,20637,-21046,88174,356221,164,52,2069,0.18263,1.6942,1.3897
-2066.1,545.26,-259.41,-0.10442,329.76,2127.1,4.7693e+05,24391,1,41.567,-982.25,1224.2,1800.4,-261.35,-40.893,-516.12,-22.345,134.79,2462,194037,164,63,2072,0.27996,1.7065,1.3581
-2063.3,563.39,-266.04,-0.051319,338.24,2128.6,4.9386e+05,24389,1,108.21,-1013.7,1251.9,1708.9,-204.03,-109.49,-623.36,43.445,79.015,2444.8,192185,164,1242,2074,0.29042,1.7048,1.3581
-2068.6,526.16,-254.15,-1.747,321.79,2125.3,4.609e+05,24393,1,-242.35,-877.69,1150.1,2203.9,-425.59,100.61,-133.44,-179.91,255.02,2704.7,236721,164,58,2071,0.26948,1.7082,1.3581
-2063.9,497.66,-257.21,-14.99,315.27,2115.2,4.5361e+05,24395,1,-3485.1,898.68,-482.73,4715.1,-2042.2,1684.9,-159.89,-214.87,299.2,6526,308655,164,58,2071,0.25899,1.7098,1.3581
-1864.1,303.19,-223.61,-103.69,202.89,1888.1,4.7906e+05,24399,1,-23656,12900,-12202,19135,-10271,9651.8,-10340,5187.9,-4779.5,39955,347245,164,58,2071,0.23799,1.7129,1.3581
-2008.8,437.34,-256.48,-45.046,290.75,2050.7,4.5959e+05,24397,1,-8919,4095.5,-3557.9,8587.3,-4628.4,4287.8,-1541.7,400.79,-231.83,15004,333195,164,58,2071,0.2485,1.7114,1.3581
-1559.2,19.623,-87.966,-200.33,-45.482,1548.2,4.9271e+05,24401,1,-35777,21696,-21506,25257,-15016,14760,-21517,13562,-13617,64241,352646,164,58,2071,0.22748,1.7143,1.3581
-954.86,-325.83,263.67,-185.58,-481.01,906.43,4.9541e+05,24403,1,-45016,25822,-25370,28351,-17294,17280,-30473,20811,-21421,80987,355319,164,55,2070,0.21695,1.7157,1.3581
-1467.2,8.305,-93.815,-196.01,-36.02,1456.6,4.9184e+05,23087,1,-37418,25274,-25660,25852,-17590,17881,-18893,14922,-15678,69427,353561,164,55,2070,0.2159,1.7074,1.3687
-2087.7,546.54,-261.23,-0.96488,329.83,2148.7,4.6114e+05,25713,1,-33.331,-967.16,1235.1,1943.2,-320.82,2.7744,-395.52,-67.698,170.35,2555.6,228889,164,63,2072,0.2813,1.7147,1.3475
-2086.6,521.97,-260.5,-9.1425,322.56,2142.5,4.555e+05,25715,1,-2092.2,275.59,58.528,4313.2,-1750.7,1375.6,-52.645,-172.74,229.93,5301.2,297217,164,58,2071,0.27077,1.7164,1.3475
-2057.1,465.02,-268.33,-44.567,305,2103.6,4.5421e+05,25717,1,-7774.4,2832.6,-2142.1,8552.8,-4265.7,3813.7,-723.67,226.48,-159.96,13399,331382,164,58,2071,0.26024,1.718,1.3475
-1913.7,328.03,-244.52,-110.62,223.64,1940.9,4.8087e+05,25719,1,-22723,12037,-11211,17601,-10327,9954.3,-8413,5107.8,-5001.2,37740,346505,164,58,2071,0.24969,1.7196,1.3475
-1002.5,-292.18,230.81,-191.64,-440.7,955.34,4.9491e+05,25723,1,-42915,26986,-27154,28441,-17054,16935,-33636,19695,-19480,81194,355346,164,58,2071,0.22857,1.7225,1.3475
-1578.2,66.121,-126.46,-197.38,6.9653,1572.3,4.9447e+05,25721,1,-39882,23457,-22968,27070,-16512,16320,-20745,12664,-12582,68477,353398,164,58,2071,0.23913,1.7211,1.3475
-1991.2,367.77,-251.88,-101.2,239.76,2023.8,4.8103e+05,27045,1,-20045,10138,-9236.7,17429,-9573,8989.2,-7629.3,4467.3,-4313,34101,345127,164,58,2071,0.26147,1.7262,1.3368
-1671.7,101.22,-132.46,-191.72,20.036,1668.9,4.9676e+05,27047,1,-39780,21710,-20686,27019,-15766,15335,-19817,11889,-11720,66082,352969,164,58,2071,0.25087,1.7278,1.3368
-1080.9,-253.65,204.9,-193.02,-405.86,1035.7,4.9449e+05,27049,1,-46047,25828,-25090,28426,-16725,16493,-32416,20061,-20123,81455,355392,164,58,2071,0.24027,1.7293,1.3368
