"Cartesian Velocity:0","Cartesian Velocity:1","Cartesian Velocity:2","Spherical Velocity:0","Spherical Velocity:1","Spherical Velocity:2","Pressure","PointID","RegionId","GSV:0","GSV:1","GSV:2","GSV:3","GSV:4","GSV:5","GSV:6","GSV:7","GSV:8","magGSV","magGSV_Order","DescendingManifold","AscendingManifold","MorseSmaleManifold","Points:0","Points:1","Points:2"
-102.31,2131.4,2861.2,-7.0781,-3559.4,-265.33,6.0018e+05,30065,1,-1171.7,-1942.3,-2749.9,722.63,430.46,658.43,803.43,-1273.8,-1640.6,4298,287725,564,86,214,-0.13564,-1.765,1.3045
-92.31,2123.6,2851.9,-5.745,-3546.8,-267.7,6.0066e+05,30063,1,-892.71,-1799.7,-2536.2,849.03,447.82,702.73,937.83,-1310.6,-1669.1,4155.3,286220,564,86,214,-0.14647,-1.7641,1.3045
-84.218,2114.8,2840.6,-4.6089,-3532,-271.79,6.0039e+05,30061,1,-925.86,-1752.1,-2474.5,883.01,473.36,744.91,1025.3,-1249.6,-1564.8,4082.9,285316,564,86,214,-0.15729,-1.7632,1.3045
-80.837,2133.5,2907.1,-7.2876,-3600.3,-218.03,6.0131e+05,31421,1,-1413.6,-2113.8,-3027.5,538.89,365.15,549.29,727.88,-1376.1,-1826.1,4298,287732,564,86,214,-0.11448,-1.7745,1.2936
-65.051,2128.7,2900.2,-7.2902,-3591.7,-214.97,6.0091e+05,31419,1,-1309.7,-1969.6,-2824.4,549.58,369.27,560.24,482.81,-1455.5,-1950.3,4298,287730,564,86,214,-0.12537,-1.7737,1.2936
-55.359,2122.1,2894.4,-4.886,-3582.8,-217.8,5.997e+05,31417,1,-789.25,-1766.1,-2502.3,811.8,433.03,680.47,833.17,-1372.9,-1794.6,4136.8,285969,564,86,214,-0.13625,-1.7729,1.2936
-50.939,2112.8,2884.1,-2.5962,-3568.4,-225.58,6.009e+05,31415,1,-632.86,-1679.6,-2367.2,925.63,467.77,745.74,1012.8,-1304.7,-1667.7,3995.7,284177,564,86,214,-0.14712,-1.7721,1.2936
-46.936,2101.9,2868.6,-2.0586,-3548.9,-233.51,6.0047e+05,31413,1,-756.27,-1584.9,-2262.5,1007.5,531.78,851.71,1345.5,-1132.5,-1384.3,3903.3,283028,564,86,214,-0.158,-1.7711,1.2936
-40.431,2090.9,2850.9,-2.9216,-3527.7,-238.81,6.0189e+05,31411,1,-827.54,-1609.7,-2311.8,1058,543.83,882.39,1518.2,-1056.7,-1246.9,3956,283661,564,86,214,-0.16886,-1.7701,1.2936
-32.296,2080.1,2833.5,-3.9172,-3506.8,-242.36,6.0417e+05,31409,1,-810.69,-1627.4,-2338.2,1040.8,529.22,868.41,1338.1,-1088.4,-1302.7,3944.9,283539,564,86,214,-0.17972,-1.769,1.2936
-24.937,2069.3,2817.8,-3.9185,-3487.4,-246.57,6.0382e+05,31407,1,-798.98,-1606.9,-2313.3,1061,519.43,866.29,1309.2,-1141.7,-1367.9,3944.9,283538,564,86,214,-0.19057,-1.7679,1.2936
-18.719,2058.3,2802.4,-3.3918,-3468,-251.74,6.0175e+05,31405,1,-808.09,-1571.2,-2271.6,1109.6,529.25,895.79,1393.4,-1141.6,-1342.1,3944.9,283537,564,86,214,-0.20141,-1.7667,1.2936
-64.514,2142.7,2968.1,-4.8353,-3657.6,-163.02,6.0369e+05,32785,1,-915.71,-2126,-3015.8,689.08,470.25,697.95,984.72,-1142.9,-1527.8,4298,287735,564,86,214,-0.082164,-1.7842,1.2826
-54.276,2136,2957.3,-5.3139,-3644.6,-165.56,6.0335e+05,32783,1,-1039.6,-2048.3,-2927.2,585.55,441.65,657.89,800.57,-1258.5,-1694.6,4298,287734,564,86,214,-0.09311,-1.7836,1.2826
-42.664,2130.4,2948.4,-5.6337,-3633.9,-166.7,6.029e+05,32781,1,-1226,-2061,-2956.9,551.74,401.62,601.98,762.8,-1350.6,-1812.2,4298,287733,564,86,214,-0.10405,-1.783,1.2826
-30.964,2125.3,2941.9,-5.0105,-3625.5,-167.73,6.0191e+05,32779,1,-853.24,-1752.2,-2514,640.72,476.39,722.28,659.54,-1305.9,-1757.7,4063,285052,564,86,214,-0.11499,-1.7823,1.2826
-23.295,2118.7,2935.3,-3.079,-3616,-172.61,6.0064e+05,32777,1,-831.04,-1649,-2364.6,710.43,487.34,746.63,677.07,-1315.3,-1753.8,3945.2,283541,564,86,214,-0.12593,-1.7816,1.2826
-16.975,2097.1,2904.9,-1.9412,-3577.8,-190.43,6.0531e+05,32773,1,-667.81,-1549.2,-2228.1,1028.5,582.37,926.73,1431.3,-984.59,-1200.5,3811.2,281628,564,86,214,-0.14778,-1.7799,1.2826
-20.316,2108.8,2923.1,-1.549,-3599.9,-181.84,6.0355e+05,32775,1,-428.79,-1480.3,-2103.4,1025.3,590.56,930.69,1333.1,-1060.4,-1330.1,3766.7,280938,564,86,214,-0.13685,-1.7808,1.2826
-9.442,2086,2885.7,-3.6976,-3555.3,-194.75,6.0594e+05,32771,1,-908.14,-1628.6,-2375.7,1007.8,544.08,880.63,1431.4,-1029.4,-1253,3956,283659,564,86,214,-0.1587,-1.779,1.2826
0.14621,2075.8,2869.5,-4.6735,-3536.1,-196.98,6.0576e+05,32769,1,-905.47,-1633.3,-2378.4,1002,537.48,875.35,1340.3,-1058.8,-1289.3,3956,283660,564,86,214,-0.16961,-1.778,1.2826
7.7385,2065.8,2856.2,-3.9799,-3519.2,-201.09,6.0429e+05,32767,1,-649.94,-1562.5,-2259.9,1055.6,524.89,877.92,1224.1,-1148.4,-1421.6,3869.1,282540,564,86,214,-0.18052,-1.7769,1.2826
12.708,2054.8,2841.8,-2.8912,-3500.7,-207.58,6.0379e+05,32765,1,-697.96,-1508.1,-2189.6,1113.9,547.97,925.17,1375.6,-1105.7,-1322.4,3849.2,282230,564,86,214,-0.19142,-1.7758,1.2826
17.977,2042.8,2824.6,-2.6115,-3479.4,-213.53,6.0426e+05,32763,1,-764.78,-1476.7,-2163.9,1156.5,566.63,966.55,1480.3,-1055.5,-1226,3853.5,282278,564,86,214,-0.20231,-1.7746,1.2826
-14.791,2131.6,2995.8,-4.112,-3675.1,-112.84,6.0522e+05,34147,1,-831.26,-1932.7,-2776,635.96,493.54,737.11,814.14,-1182.9,-1614,4241.6,287108,564,86,214,-0.082525,-1.792,1.2717
-6.7516,2125.2,2986.8,-3.7723,-3663.8,-117.53,6.0458e+05,34145,1,-764.08,-1821.4,-2622.3,635.23,516.32,775.06,807.31,-1153.5,-1566.8,4060.3,285001,564,86,214,-0.093519,-1.7915,1.2717
-23.075,2138.6,3005.9,-4.2336,-3687.6,-108.33,6.0424e+05,34149,1,-801.82,-2031.2,-2907,679.27,493.24,733.7,910.07,-1158.2,-1581.4,4298,287727,564,86,214,-0.071528,-1.7925,1.2717
0.5531,2118.9,2978.7,-3.1249,-3653.4,-122.89,6.0448e+05,34143,1,-794.92,-1687.7,-2438.9,639.69,545.01,820.69,758.11,-1132.7,-1528.9,3873.4,282606,564,86,214,-0.10451,-1.7908,1.2717
-31.561,2145.5,3015.4,-4.6386,-3699.5,-103.94,6.0468e+05,34151,1,-888.42,-2133.2,-3048.9,627.92,492.49,724.27,855.35,-1113.7,-1530.4,4298,287738,564,86,214,-0.060528,-1.7929,1.2717
-41.037,2152.1,3025.6,-4.3888,-3711.7,-100.44,6.0545e+05,34153,1,-877.94,-2179.2,-3110.2,633.58,527.37,769.35,986.22,-993.15,-1363.7,4298,287739,564,86,214,-0.049526,-1.7932,1.2717
5.9139,2111.5,2969.2,-2.1878,-3641.1,-130.04,6.0431e+05,34141,1,-549.98,-1547.9,-2228.9,796.13,602.38,921.24,968.45,-1027.6,-1356.1,3766.7,280936,564,86,214,-0.1155,-1.7902,1.2717
10.441,2102.3,2956,-1.9416,-3624.7,-137.81,6.0812e+05,34139,1,-593.58,-1543.7,-2231.9,891.66,628.6,973.61,1152.9,-912.22,-1167.7,3766.7,280937,564,86,214,-0.12648,-1.7894,1.2717
15.082,2091.7,2939.3,-2.5216,-3604.7,-145.24,6.0927e+05,34137,1,-638.27,-1620,-2349.4,998.51,600.6,953.68,1423.2,-914.7,-1131.5,3868,282523,564,86,214,-0.13745,-1.7886,1.2717
22.384,2081.4,2921.9,-3.9156,-3584.4,-149.91,6.0936e+05,34135,1,-909.39,-1640.7,-2413.4,942,563.66,901.82,1359.4,-1001.6,-1251.6,3939.5,283444,564,86,214,-0.14843,-1.7877,1.2717
32.044,2072.1,2907.7,-4.5128,-3567.3,-152.19,6.0767e+05,34133,1,-866.77,-1619.9,-2383.1,943.64,538.25,873.23,1200.9,-1086,-1378.8,3939.5,283445,564,86,214,-0.15939,-1.7868,1.2717
39.414,2062.4,2895.4,-3.5157,-3551.5,-156.61,6.0588e+05,34131,1,-698.44,-1513.3,-2217.4,1027.4,543.16,901,1221.5,-1134.5,-1429,3831.2,281952,564,86,214,-0.17035,-1.7858,1.2717
43.74,2051.1,2880.7,-2.4227,-3532.8,-163.79,6.0676e+05,34129,1,-468.28,-1441.4,-2088.9,1138.2,568.33,960.62,1368.1,-1089.5,-1332.4,3750.4,280616,564,86,214,-0.18131,-1.7847,1.2717
46.463,2038.7,2863,-1.9754,-3510.8,-172.3,6.0649e+05,34127,1,-635.63,-1418.2,-2087.6,1173.3,579.56,990.77,1557.2,-1038.5,-1222.1,3803.2,281513,564,86,214,-0.19226,-1.7836,1.2717
53.169,2026.1,2843.1,-3.0045,-3487.2,-176.68,6.0474e+05,34125,1,-865.76,-1450.2,-2167.1,1174.2,577.45,994.68,1571.8,-999.81,-1147.8,3877.9,282653,564,86,214,-0.2032,-1.7823,1.2717
-69.748,2199.6,3029.3,-43.411,-3744,-22.497,5.4549e+05,34169,1,-6557,-4223.5,-5720.1,-3587.5,-1099.3,-1427.9,-7706.6,-4286.1,-5803.5,14870,333068,564,86,214,0.038522,-1.7935,1.2717
27.324,2118.3,3021.4,-2.6218,-3689.5,-70.153,6.0688e+05,35513,1,-652.47,-1726.9,-2505.9,672.02,570.16,858.05,895.76,-1029.8,-1408.4,3879,282670,564,86,214,-0.082882,-1.7998,1.2606
37.956,2103.5,2999.7,-2.6758,-3663,-84.656,6.0901e+05,35509,1,-575.44,-1648,-2401.5,745.89,593.78,909.98,965.14,-953.98,-1281.8,3766.7,280934,564,86,214,-0.10496,-1.7986,1.2606
32.87,2111.1,3010.7,-2.6885,-3676.4,-77.227,6.0745e+05,35511,1,-569.05,-1676.8,-2435.7,699.04,580.41,880.68,933.04,-983.22,-1333,3779.3,281134,564,86,214,-0.093924,-1.7992,1.2606
22.186,2125.8,3032,-2.8476,-3702.5,-62.592,6.0712e+05,35515,1,-505.23,-1765.3,-2554.5,730.27,574.41,864.01,970.86,-1040.5,-1433.1,3947.9,283563,564,86,214,-0.071838,-1.8002,1.2606
16.909,2133.6,3042.5,-3.3865,-3715.7,-55.091,6.0563e+05,35517,1,-681.37,-1951,-2812.2,658.9,523.78,778.79,816.67,-1122.9,-1560.6,4225.8,286955,564,86,214,-0.06079,-1.8006,1.2606
42.762,2094.8,2986.8,-2.7521,-3647.3,-92.197,6.1081e+05,35507,1,-595.71,-1611.3,-2351.8,830.49,615.03,953.06,1102.7,-909.97,-1194.8,3766.7,280935,564,86,214,-0.116,-1.7979,1.2606
10.8,2140.3,3050.5,-4.3798,-3726.1,-48.293,6.0571e+05,35519,1,-661.96,-1999.5,-2884.8,597.31,521.58,770.84,742.45,-1094.2,-1535.5,4252.9,287222,564,86,214,-0.049741,-1.801,1.2606
1.2913,2145.7,3059.2,-3.8425,-3736.4,-44.785,6.0517e+05,35521,1,-817.92,-2117.1,-3050.7,562,526.47,770.14,856.18,-1010.3,-1416.8,4298,287740,564,86,214,-0.038689,-1.8012,1.2606
49.146,2085.7,2972.4,-3.4179,-3630.2,-98.028,6.1213e+05,35505,1,-694.92,-1609.4,-2368.2,879.28,593.09,935.74,1189.6,-962.96,-1255,3820.9,281774,564,86,214,-0.12703,-1.7972,1.2606
56.342,2076.4,2958.5,-3.7525,-3613.4,-102.93,6.1199e+05,35503,1,-705.32,-1622.2,-2384.8,904.62,584.26,929.35,1176,-968.84,-1252.9,3838.1,282067,564,86,214,-0.13805,-1.7964,1.2606
-6.9861,2152.1,3069.9,-3.0671,-3748.9,-39.997,6.0603e+05,35523,1,-718.39,-2116.3,-3043.2,619.76,584.09,849.18,1001.3,-868.47,-1220.3,4298,287741,564,86,214,-0.027636,-1.8014,1.2606
62.844,2067.3,2946.3,-3.1757,-3598.2,-108.42,6.1026e+05,35501,1,-685.83,-1532.4,-2262.8,945.19,573.9,929.54,1189.7,-1059.7,-1368.3,3799.5,281456,564,86,214,-0.14907,-1.7955,1.2606
68.872,2057.6,2933.4,-2.4956,-3581.9,-114.22,6.0993e+05,35499,1,-629.55,-1402.1,-2075.8,1012.5,605.77,993.06,1223.8,-1013.1,-1283.1,3750.4,280612,564,86,214,-0.16008,-1.7945,1.2606
76.842,2034,2900.2,-1.7175,-3540.9,-129.13,6.0865e+05,35495,1,-542.96,-1440.2,-2126.6,1164,611.5,1037.8,1518.5,-915.09,-1080.7,3750.4,280615,564,86,214,-0.18209,-1.7924,1.2606
73.145,2046.3,2918.1,-1.7929,-3562.8,-121.51,6.0923e+05,35497,1,-493.96,-1382.1,-2033.3,1127.3,616.26,1030.3,1415.3,-954.27,-1163.7,3750.4,280613,564,86,214,-0.17109,-1.7935,1.2606
80.495,2021.5,2881.1,-2.13,-3517.8,-136.62,6.068e+05,35493,1,-761.64,-1478.6,-2219.9,1165.6,601.47,1033,1645.3,-932.34,-1072.6,3899.8,282985,564,200,218,-0.19309,-1.7913,1.2606
-9.7794,2214.5,3145.4,-10.969,-3846.6,37.778,5.3314e+05,35535,1,-2077.5,-3114.3,-4365.1,-1601.9,-591.18,-781.38,-6591.4,-4139,-5679,11376,326742,564,86,214,0.038689,-1.8012,1.2606
-198.66,2135.1,2915.7,-59.425,-3616.1,-139.64,5.53e+05,34171,1,-13314,-6659.9,-8850.6,-5682.9,-1822.1,-2343.3,-8516.1,-3852.7,-5114.5,21321,338373,564,86,214,0.049526,-1.7932,1.2717
-20.653,2208.7,3161.3,2.6364,-3856.4,13.228,5.7277e+05,35533,1,270.46,-1864,-2671.9,576.76,463.49,655.16,-402.8,-1700.5,-2405.4,4528.1,290038,564,86,214,0.027636,-1.8014,1.2606
73.464,2096.2,3030.7,-3.3899,-3685.5,-35.912,6.1215e+05,36881,1,-575.01,-1670.3,-2458.5,688.96,582.79,894.79,898.55,-948.54,-1304.3,3766.7,280933,564,86,214,-0.094325,-1.8069,1.2495
66.957,2103.1,3042,-2.5909,-3698.7,-29.863,6.1047e+05,36883,1,-580.97,-1664.8,-2446.5,676.71,605.67,920.12,976.3,-904.84,-1245.1,3753.4,280673,564,86,214,-0.083236,-1.8074,1.2495
78.449,2088.5,3020.1,-3.1628,-3672.5,-43.357,6.1268e+05,36879,1,-522.81,-1628.1,-2400.8,789.65,579.25,906,1003.2,-996.06,-1356.3,3782.3,281186,564,86,214,-0.10541,-1.8063,1.2495
83.468,2079.8,3007.8,-3.0427,-3657.5,-50.61,6.1392e+05,36877,1,-575.68,-1630.1,-2405.3,823.07,583.43,917.94,1061.1,-981.67,-1319.3,3791.2,281312,564,86,214,-0.11649,-1.8056,1.2495
58.933,2119.4,3067.1,-1.6879,-3728.5,-12.611,6.0745e+05,36887,1,-403.01,-1713.5,-2496.8,743.34,604.6,911.43,953.38,-960.84,-1340.3,3835.3,282019,564,86,214,-0.06105,-1.8083,1.2495
62.216,2110.7,3054.1,-1.9288,-3713,-21.994,6.0997e+05,36885,1,-427.96,-1660.8,-2427.9,758.41,617.74,937.5,1093.4,-901.57,-1240.8,3770.9,281007,564,86,214,-0.072145,-1.8079,1.2495
89.096,2071.1,2995.5,-2.9427,-3642.4,-57.148,6.1352e+05,36875,1,-584.25,-1583.2,-2345,864.16,580.14,925.21,1107.9,-1013.9,-1353.2,3791.2,281313,564,86,214,-0.12757,-1.8049,1.2495
56.696,2127.5,3076.5,-3.0015,-3740.9,-2.0621,6.0763e+05,36889,1,-423.47,-1801.8,-2625,660.19,569.93,852.66,781.55,-1023.9,-1451.6,3946,283549,564,86,214,-0.049953,-1.8087,1.2495
51.02,2133.3,3083,-3.9703,-3749.4,5.1976,6.0699e+05,36891,1,-647.18,-1962,-2858.1,526.97,537.19,793.44,663.57,-1019.5,-1457,4151.5,286198,564,86,214,-0.038854,-1.8089,1.2495
93.947,2061.7,2982.7,-2.4968,-3626.6,-64.308,6.1326e+05,36873,1,-540.85,-1491.9,-2213.4,941.79,594.42,963.15,1186,-1000.4,-1311.8,3750.4,280609,564,86,214,-0.13864,-1.804,1.2495
34.861,2144.6,3101.1,-2.6612,-3770.6,15.121,6.0691e+05,36895,1,-626.44,-2026.7,-2943.9,638.02,584.46,855.09,1022.4,-875.99,-1254.4,4246.5,287156,564,86,214,-0.016653,-1.8093,1.2495
42.859,2138.6,3090.8,-3.7025,-3758.8,10.049,6.0619e+05,36893,1,-758.77,-2016.3,-2935.4,517.9,550.89,808.88,802.48,-953.61,-1363.9,4230.5,287007,564,86,214,-0.027754,-1.8091,1.2495
97.472,2051.2,2968.3,-1.9263,-3608.6,-72.578,6.1293e+05,36871,1,-443.83,-1436.6,-2126.4,1035,614.69,1011.4,1313.8,-941.73,-1200.3,3750.4,280610,564,86,214,-0.14971,-1.8032,1.2495
101.13,2040,2951.9,-1.9032,-3588.7,-80.53,6.1058e+05,36869,1,-623.31,-1459.1,-2187.5,1039.1,611.42,1015.8,1407.7,-894.67,-1110.5,3750.4,280611,564,200,218,-0.16077,-1.8022,1.2495
106.38,2028.4,2933.7,-2.7507,-3567.2,-86.727,6.1017e+05,36867,1,-642.63,-1469.5,-2203.2,1114.2,608.81,1028.2,1529.1,-867.01,-1037.5,3776.5,281096,564,200,218,-0.17182,-1.8012,1.2495
113.78,2016.8,2915.1,-3.9255,-3545.4,-90.634,6.1076e+05,36865,1,-751.53,-1563.8,-2365.7,1109.2,553.01,958.98,1439.2,-950.21,-1162.5,3922.8,283249,564,200,218,-0.18287,-1.8001,1.2495
119.55,2004.7,2898.3,-3.5935,-3524.8,-95.985,6.0855e+05,36863,1,-713.19,-1528,-2310.9,1160.7,556.42,980.8,1458.8,-1009.9,-1228.7,3932,283362,564,200,218,-0.19391,-1.7989,1.2495
29.504,2153.3,3115.2,-1.7134,-3787,22.898,6.0613e+05,36897,1,-414.17,-2013.9,-2918.8,851.86,639.17,929.98,1317.7,-780.12,-1122.6,4283.8,287596,564,86,214,-0.0055511,-1.8094,1.2495
26.43,2164.3,3131.4,-1.3525,-3806.5,33.069,6.0659e+05,36899,1,-247.16,-1984.6,-2872.7,1043.7,707.61,1019.5,1588.4,-655.87,-957.64,4330.4,288053,564,86,214,0.005551,-1.8094,1.2495
23.478,2176.5,3150.2,-0.52699,-3828.8,43.508,6.0846e+05,36901,1,-134.36,-1917.2,-2774.7,1140.8,778.56,1110.1,1841.1,-505.44,-759.89,4330.7,288055,564,86,214,0.016653,-1.8093,1.2495
-35.671,2185.9,3021.8,-58.69,-3729.2,24.69,5.4534e+05,35537,1,-9433.6,-6010.5,-8182.5,-5009.5,-1815.4,-2382.2,-11017,-5019.2,-6736.6,20447,337778,564,86,214,0.04974,-1.801,1.2606
42.548,2206.1,3144.7,-26.616,-3840.1,103.44,5.3523e+05,36907,1,-1718.1,-2612.4,-3705.2,-1539.8,-176.28,-185.84,-7655.6,-3615.1,-4914.6,11035,326123,564,86,214,0.049953,-1.8087,1.2495
25.523,2202.8,3195.3,4.0677,-3880.5,72.82,5.6475e+05,36905,1,795.83,-1662.3,-2433.3,745.88,718.1,1019.9,-704.29,-1009.1,-1423.3,3869.1,282542,564,86,214,0.038854,-1.8089,1.2495
22.102,2189.8,3171.7,1.0153,-3853.9,55.688,6.063e+05,36903,1,120.42,-1845.1,-2675.6,1173,809.6,1146.1,2038.5,-426.77,-663.76,4324.4,287992,564,86,214,0.027754,-1.8091,1.2495
114.09,2082.1,3053.8,-3.1654,-3697.8,5.3885,6.1383e+05,38257,1,-477.54,-1612.3,-2401.3,715.53,576.43,901.76,834.55,-967.95,-1354.7,3750.4,280605,564,86,214,-0.094723,-1.8145,1.2384
107.85,2088.4,3062.4,-3.2476,-3708.2,11.659,6.135e+05,38259,1,-610.19,-1653.1,-2464.6,625.28,570.05,878.57,826.75,-954.78,-1342.7,3750.4,280604,564,86,214,-0.083588,-1.8151,1.2384
117.5,2074,3043.8,-2.2285,-3685.1,-3.5288,6.1391e+05,38255,1,-436.34,-1599.5,-2376.2,796.27,581.42,918.33,962.79,-980.02,-1351,3750.4,280606,564,86,214,-0.10586,-1.8139,1.2384
101.8,2095,3072.7,-2.6004,-3720.3,18.189,6.1404e+05,38261,1,-512.38,-1647.4,-2445.6,678.33,604.37,925.32,988.68,-868.42,-1216,3721.5,280072,564,86,214,-0.072449,-1.8155,1.2384
121.16,2064.7,3030.7,-2.1072,-3669.2,-12.026,6.1446e+05,38253,1,-482.86,-1543.4,-2305.5,868.28,599.28,959.69,1137.2,-944.98,-1275.4,3750.4,280607,564,86,214,-0.11698,-1.8132,1.2384
97.502,2103.1,3086.1,-1.4322,-3735.7,26.486,6.1167e+05,38263,1,-312.12,-1612.8,-2380.4,787.5,644.87,983.39,1113.8,-828.34,-1160.5,3693.4,279589,564,86,214,-0.061308,-1.816,1.2384
125.3,2055.3,3017.1,-2.1835,-3652.7,-19.915,6.1448e+05,38251,1,-474.9,-1511.9,-2262.9,921.91,609.52,988.86,1198.1,-904.05,-1196.6,3750.4,280608,564,200,218,-0.12811,-1.8125,1.2384
95.916,2112.4,3099.6,-1.3691,-3752,37.56,6.0918e+05,38265,1,-212.52,-1602.1,-2357.9,774.26,645.06,978.16,980.77,-871.79,-1236.8,3660,278962,564,86,214,-0.050164,-1.8163,1.2384
93.751,2119.9,3108.5,-2.2812,-3763.4,48.206,6.0845e+05,38267,1,-352.26,-1649.4,-2430.1,619.61,616.99,926.25,704.91,-936.84,-1349.3,3683.4,279430,564,86,214,-0.039018,-1.8166,1.2384
89.286,2125.6,3114.6,-3.1886,-3771.4,56.671,6.0785e+05,38269,1,-517.82,-1793.3,-2641.1,525.65,577.38,859.24,662.63,-963.88,-1399,3890.1,282861,564,86,214,-0.027871,-1.8168,1.2384
132.58,2034.1,2985.7,-2.6121,-3615,-36.183,6.1152e+05,38247,1,-601.79,-1564.3,-2361.7,986.99,576.05,961.64,1348.4,-913.12,-1172,3826.6,281875,564,200,218,-0.15034,-1.8108,1.2384
128.58,2045,3002.5,-2.0141,-3635,-28.5,6.1291e+05,38249,1,-443.32,-1511,-2261.3,996.92,607.27,1000.5,1342,-888.58,-1148.1,3750.4,280614,564,200,218,-0.13923,-1.8117,1.2384
82.681,2130.8,3121.9,-2.9923,-3780.1,63.066,6.0749e+05,38271,1,-533.5,-1908.3,-2805.7,607.51,587.03,868.09,911.11,-874.99,-1273.9,4060,284998,564,86,214,-0.016723,-1.8169,1.2384
146.98,2013.1,2952.5,-4.6438,-3576.3,-44.854,6.1076e+05,38243,1,-729.67,-1610.5,-2453.9,1039.9,505.1,882.4,1304.6,-1083.9,-1402.8,3979.8,283966,564,200,218,-0.17255,-1.8088,1.2384
139.19,2023.5,2968.1,-4.0878,-3594.7,-41.162,6.1199e+05,38245,1,-792.22,-1609.7,-2456.8,993.98,531.25,905.24,1405.5,-993.49,-1271,3979.8,283959,564,200,218,-0.16145,-1.8098,1.2384
153.46,2002.4,2938.5,-4.0287,-3558.8,-49.707,6.091e+05,38241,1,-649.52,-1556,-2364.4,1112.9,497.9,891.96,1292.9,-1156.6,-1493.3,3979.8,283967,564,200,218,-0.18364,-1.8077,1.2384
76.863,2138.1,3133.7,-2.0562,-3793.7,70.303,6.071e+05,38273,1,-389.64,-1933.7,-2834.9,821.12,631.46,927.43,1241.3,-785.33,-1147.3,4163.5,286299,564,86,214,-0.0055746,-1.817,1.2384
73.496,2148.1,3148.4,-1.6535,-3811.3,80.086,6.0739e+05,38275,1,-293.1,-1906,-2798.7,912.14,655.75,959.66,1345.9,-751.62,-1109.8,4164.4,286306,564,86,214,0.0055744,-1.817,1.2384
70.326,2159.2,3164.6,-1.2763,-3830.6,90.195,6.0716e+05,38277,1,-263.62,-1918.5,-2811.1,1013.5,703.86,1020.3,1534.6,-661.48,-989.69,4241.2,287105,564,86,214,0.016723,-1.8169,1.2384
67.075,2171.1,3183,-0.26585,-3852.2,100.37,6.0911e+05,38279,1,-121.03,-1852.4,-2715.2,1060.9,779.8,1120,1771.4,-481.63,-747.18,4211.2,286819,564,86,214,0.027871,-1.8168,1.2384
-41.798,2154.5,3003.6,-66.153,-3695.9,30.921,5.4973e+05,36909,1,-15709,-6953.1,-9256.2,-6989.6,-1929.2,-2438.5,-10940,-4410.4,-5839.8,24750,340686,564,86,214,0.06105,-1.8083,1.2495
66.007,2183.2,3204.7,2.4832,-3876.6,112.87,6.0415e+05,38281,1,493.49,-1596.3,-2359.8,904.39,787.09,1125.9,742.8,-859.42,-1277.1,3764.2,280891,564,86,214,0.039018,-1.8166,1.2384
74.273,2195.2,3221.5,2.7891,-3896.7,134.85,5.5145e+05,38283,1,1005,-1331.3,-1994.6,223.33,674.71,986.38,-4220.9,-2023.3,-2757.7,6144.3,305316,564,86,214,0.050164,-1.8163,1.2384
87.588,2188.6,3109.4,-53.777,-3799.6,161.38,5.4054e+05,38285,1,-6056.9,-2969.8,-4020.6,-3260.7,-304.22,-271.47,-9614.3,-4134.1,-5590,14603,332793,564,86,214,0.061307,-1.816,1.2384
155.18,2058.1,3063.8,-2.3373,-3693.9,35.016,6.1433e+05,39637,1,-392.91,-1613.9,-2430.2,856.38,578.14,932.11,1101.5,-927.93,-1281.7,3784,281211,564,200,218,-0.1063,-1.8215,1.2272
152.62,2067.3,3076,-2.865,-3709,44.641,6.146e+05,39639,1,-442.89,-1630.1,-2453.9,730.34,561.1,888.97,863.75,-975.68,-1382.5,3758.1,280748,564,200,218,-0.095118,-1.8221,1.2272
148.12,2074.5,3085.1,-3.2911,-3720.3,52.536,6.1414e+05,39641,1,-552.73,-1661.1,-2501,622.02,552.37,861.34,772.1,-970.04,-1387,3770.2,280999,564,200,218,-0.083936,-1.8226,1.2272
142.31,2080.7,3093.6,-3.1822,-3730.5,59.235,6.1441e+05,39643,1,-555.03,-1681.7,-2535.3,595.67,551,855.33,777.72,-951.85,-1369.7,3786.9,281243,564,200,218,-0.072751,-1.8231,1.2272
137.03,2087.2,3103.7,-2.4684,-3742.2,66.524,6.1539e+05,39645,1,-467.36,-1669.4,-2507.1,666.81,583.24,900.91,967.74,-857.19,-1226.4,3750.1,280600,564,200,218,-0.061563,-1.8235,1.2272
163.02,2039,3035.3,-3.1395,-3660.1,18.86,6.1331e+05,39633,1,-511.97,-1607.2,-2434.6,903.59,571.98,940.56,1225.9,-924.31,-1242.5,3834.3,281997,564,200,218,-0.12864,-1.82,1.2272
158.72,2048.4,3049.4,-2.7639,-3676.8,26.502,6.1483e+05,39635,1,-476.73,-1634.9,-2475.9,881.07,562.1,919.81,1190.2,-938.98,-1280.6,3860.9,282392,564,200,218,-0.11747,-1.8208,1.2272
133.7,2095.6,3116.9,-1.6285,-3757.4,75.795,6.1418e+05,39647,1,-282,-1593.7,-2377.9,753.73,647.5,991.86,1050.7,-775.12,-1108,3630.1,278426,564,200,218,-0.050373,-1.8239,1.2272
167.78,2029.1,3020.2,-3.734,-3642.3,11.814,6.1263e+05,39631,1,-592.18,-1655.7,-2522.7,915.46,526.03,883.51,1218.9,-1006.7,-1354.9,3960.6,283718,564,200,218,-0.1398,-1.8192,1.2272
131.57,2103.9,3128.8,-1.4056,-3771.7,86.361,6.1114e+05,39649,1,-265.27,-1583.2,-2358.2,667.86,644.14,977.38,835.02,-834.17,-1210.9,3579.6,277343,564,86,214,-0.039181,-1.8241,1.2272
129.44,2111,3137.7,-1.9039,-3782.7,97.045,6.0959e+05,39651,1,-262.43,-1587.1,-2369.9,617.04,627.34,949.15,745.31,-867.88,-1274.9,3579.6,277342,564,86,214,-0.027987,-1.8243,1.2272
126.17,2117,3144.3,-2.582,-3791.2,106.68,6.0969e+05,39653,1,-410.26,-1681.6,-2501.8,546.88,589.3,882.89,689.71,-933.5,-1376.3,3731.2,280302,564,86,214,-0.016793,-1.8245,1.2272
174.68,2019.5,3005.3,-4.6281,-3625,6.9859,6.125e+05,39629,1,-747.28,-1678.9,-2579.4,877.26,487.92,830.27,1111.5,-1091.3,-1482.6,3979.8,283964,564,200,218,-0.15096,-1.8183,1.2272
181.35,2010.4,2993.4,-4.2667,-3610.4,1.9985,6.1058e+05,39627,1,-698.85,-1628,-2502.8,965.75,480.49,839.36,1169.9,-1167,-1573.8,3979.8,283965,564,200,218,-0.16212,-1.8173,1.2272
121.74,2123.6,3153.6,-2.2974,-3802.1,115.22,6.0894e+05,39655,1,-359.77,-1750.9,-2601.7,705.08,603.47,899.54,1016.4,-861.1,-1274.8,3877.3,282649,564,86,214,-0.0055978,-1.8246,1.2272
187.79,2000.1,2980,-3.6968,-3593.8,-2.9891,6.1024e+05,39625,1,-595.2,-1568.9,-2404.7,1061.1,489.12,874.58,1190.8,-1185.9,-1586,3979.8,283960,564,200,218,-0.17327,-1.8163,1.2272
191.28,1987.8,2964.3,-2.5498,-3574.2,-10.607,6.0999e+05,39623,1,-432.8,-1491.5,-2270.4,1236.9,529.93,970.52,1481.4,-1119.6,-1431.8,3977.1,283926,564,200,218,-0.18441,-1.8152,1.2272
118.2,2132.4,3166.7,-1.6416,-3817.6,124.74,6.0726e+05,39657,1,-272.76,-1752.3,-2605.4,832.69,657.34,973.45,1204.5,-752.92,-1127.4,3910.9,283104,564,86,214,0.0055976,-1.8246,1.2272
115.31,2142.4,3181,-1.384,-3834.6,135.02,6.0713e+05,39659,1,-261.65,-1793.5,-2658,948.04,712.4,1043.6,1396.3,-650.18,-986.4,4023.8,284527,564,86,214,0.016793,-1.8245,1.2272
112.01,2153.1,3196.4,-0.99459,-3852.8,145.03,6.0742e+05,39661,1,-264.53,-1754.8,-2607.5,907.86,751.74,1099.2,1352.4,-566.45,-875.22,3932.1,283365,564,86,214,0.027987,-1.8243,1.2272
108.55,2163.8,3212.8,0.07423,-3872,154.99,6.1022e+05,39663,1,-137.61,-1764.3,-2614.7,943.83,802.6,1162.4,1783.7,-403.84,-655.9,4077.9,285262,564,86,214,0.039181,-1.8241,1.2272
-96.818,2106.7,2967.6,-71.235,-3639.9,-12.742,5.5182e+05,38287,1,-18115,-7389.6,-9753.3,-7699.1,-1884.3,-2304.7,-11020,-4157,-5459.6,26731,341790,564,86,214,0.072449,-1.8155,1.2384
107.67,2173.9,3235.2,4.907,-3895.6,167.65,5.9864e+05,39665,1,643.15,-1538.3,-2313.5,665.87,773.62,1123.7,-528.08,-1056.4,-1528.9,3764.2,280890,564,86,214,0.050373,-1.8239,1.2272
123.07,2184.1,3232.6,-3.6285,-3898.3,196.69,5.4418e+05,39667,1,-1809.4,-2627.4,-3793.9,-1291.4,106.02,237.8,-6617.5,-3231.6,-4425.8,10006,323714,564,86,214,0.061563,-1.8235,1.2272
193.06,2052.7,3098.3,-2.8849,-3720.6,85.786,6.1398e+05,41025,1,-406.25,-1654,-2523,802.24,546.65,886.93,996.94,-994.27,-1418.2,3871.6,282587,564,200,218,-0.095508,-1.8296,1.216
196.39,2043.3,3084.7,-3.171,-3704.4,77.015,6.1506e+05,41023,1,-427.7,-1672.4,-2556.8,843.72,526.9,868.12,1106.4,-1036.1,-1463.2,3962.1,283744,564,200,218,-0.10673,-1.8289,1.216
200.51,2034.2,3071.3,-3.6401,-3688.6,69.123,6.1439e+05,41021,1,-495.62,-1671,-2556.7,851.57,521.21,864.09,1132.3,-1043.6,-1459.5,3977.3,283931,564,200,218,-0.11795,-1.8283,1.216
189.3,2060.6,3108.3,-3.2934,-3732.9,94.303,6.1455e+05,41027,1,-490.77,-1657.4,-2525.3,657.54,540.7,858.24,767.92,-1004.9,-1458.4,3814.8,281672,564,200,218,-0.08428,-1.8301,1.216
184.24,2067.2,3116.7,-3.4841,-3743.1,101.67,6.1432e+05,41029,1,-528.13,-1682.6,-2560.6,595.21,530.91,833.37,728.81,-993.51,-1451.2,3814.8,281671,564,200,218,-0.073049,-1.8306,1.216
173.61,2080.1,3135,-2.7212,-3764.5,116.11,6.1588e+05,41033,1,-472.08,-1647.8,-2503.9,631.55,567.34,881.72,883.58,-874.2,-1281,3727.1,280213,564,200,218,-0.05058,-1.8314,1.216
178.97,2073.4,3124.8,-3.494,-3752.8,108.91,6.1567e+05,41031,1,-523,-1678.7,-2557.9,595.57,526.87,825.04,755.6,-986.4,-1449.3,3814.8,281670,564,200,218,-0.061816,-1.831,1.216
205.52,2025.2,3058.3,-3.8956,-3673.2,62.222,6.1406e+05,41019,1,-544.34,-1665.8,-2560.9,859.02,496.59,837.51,1096,-1110.4,-1553,3979.8,283961,564,200,218,-0.12917,-1.8275,1.216
169.58,2087.5,3146.3,-1.9087,-3777.5,124.71,6.1513e+05,41035,1,-301.51,-1577.9,-2381.4,684.47,630.93,970.19,947.73,-774.23,-1132.9,3583.4,277418,564,200,218,-0.039342,-1.8316,1.216
210.6,2016.1,3045.9,-3.8417,-3658.4,55.498,6.1348e+05,41017,1,-615.55,-1656.5,-2559.1,840.7,481.58,820.6,998.98,-1152.2,-1615.8,3979.8,283962,564,200,218,-0.14038,-1.8267,1.216
216.46,2007.1,3033.9,-3.6816,-3643.8,49.647,6.1284e+05,41015,1,-611.31,-1606.6,-2487.7,926.17,489.03,850.3,1106,-1162.1,-1606.3,3979.8,283963,564,200,218,-0.15158,-1.8258,1.216
166.72,2095,3157.1,-1.4816,-3790.2,134.57,6.1281e+05,41037,1,-313.5,-1513.9,-2293,641.35,642.64,985.07,871.21,-770.53,-1142.7,3478.6,274591,564,86,214,-0.028102,-1.8318,1.216
164.36,2102.1,3166.4,-1.576,-3801.4,145,6.1116e+05,41039,1,-274.66,-1531.5,-2305.2,610.09,630.44,956.33,755.82,-837.1,-1247.4,3499.6,275356,564,86,214,-0.016862,-1.832,1.216
220.93,1996.7,3020.5,-2.9372,-3627.3,42.644,6.1161e+05,41013,1,-528.99,-1556.2,-2405.8,1048.6,516.4,916.05,1230.3,-1119.1,-1513,3968.6,283817,564,200,218,-0.16278,-1.8248,1.216
225.2,1984.7,3004.1,-2.6063,-3607.4,35.707,6.1253e+05,41011,1,-419.94,-1488,-2291.1,1203.3,555.33,1005.8,1451.6,-1049.3,-1364.7,3961.2,283729,564,200,218,-0.17398,-1.8238,1.216
161.8,2109,3174.8,-1.8684,-3811.8,155.33,6.1099e+05,41041,1,-249.77,-1534.4,-2313.9,675.33,633.27,957.71,891.15,-807.15,-1213.8,3530.5,276191,564,86,214,-0.0056208,-1.832,1.216
226.87,1970.7,2985.1,-1.7627,-3584,26.536,6.1262e+05,41009,1,-271.8,-1435.8,-2193.4,1367,590.94,1094.4,1728.9,-978.8,-1202.7,3969.3,283822,564,200,218,-0.18517,-1.8227,1.216
155.96,2125.7,3198,-1.2513,-3839.2,175.52,6.0722e+05,41045,1,-245.88,-1612.3,-2419.3,853.95,697.61,1036.7,1220.4,-677.7,-1035.7,3718.1,280027,564,86,214,0.016862,-1.832,1.216
158.89,2116.7,3185.2,-1.7102,-3824.1,165.39,6.1e+05,41043,1,-250.28,-1549.6,-2335.4,731.12,658.38,989.09,1015.6,-743.86,-1128.1,3566.7,277074,564,86,214,0.0056206,-1.832,1.216
149.88,2144.9,3224.7,-0.63331,-3870.8,195.9,6.0708e+05,41049,1,-235.31,-1616.7,-2421.5,805.84,804.82,1183.8,1354.1,-423.44,-680.86,3702.4,279740,564,86,214,0.039342,-1.8316,1.216
153.21,2135.3,3211.3,-1.0361,-3855,185.94,6.0651e+05,41047,1,-239.47,-1552.8,-2337.7,807.91,745.06,1106.2,1137.2,-594.32,-923.61,3586.7,277487,564,86,214,0.028102,-1.8318,1.216
-173.64,2038.1,2918.7,-66.968,-3562.6,-79.698,5.5192e+05,39671,1,-23178,-9243.7,-12158,-9021.9,-2399.5,-2961.3,-10245,-3801.8,-4963.2,31788,344117,564,86,214,0.083935,-1.8226,1.2272
110.01,2159.6,3073.7,-71.369,-3752.4,196.03,5.4844e+05,39669,1,-12870,-6830.9,-9323.7,-6303.7,-1688.7,-2110.8,-13949,-4762.6,-6242.4,24546,340555,564,86,214,0.07275,-1.8231,1.2272
146.28,2152.6,3237.2,0.73876,-3884.9,205.66,6.0821e+05,41051,1,71.872,-1414.7,-2137.3,568.49,890.07,1317.4,1022.8,-320.36,-525.86,3294,266939,564,86,214,0.050579,-1.8314,1.216
177.9,2162.6,3175,-38.682,-3836.4,263.99,5.4082e+05,41055,1,-4149.3,-1621.5,-2152.5,-2588.7,425.64,807.67,-11440,-3737.2,-4934.1,14184,332376,564,86,214,0.073049,-1.8306,1.216
147.1,2157.9,3256.7,8.3187,-3903.3,219.82,5.7959e+05,41053,1,1273.6,-933.01,-1477,389.79,981.19,1458.4,-2068.5,-1170,-1643.5,4032.9,284674,564,86,214,0.061816,-1.831,1.216
229.71,2046.6,3132.5,-2.7805,-3746.4,135.32,6.1483e+05,42417,1,-453.1,-1582.5,-2447.6,722.15,564.98,914.2,854.77,-966.29,-1413.9,3747.1,280556,564,200,218,-0.084622,-1.8375,1.2048
233.92,2038.3,3121.3,-2.8303,-3733.1,127.35,6.1612e+05,42415,1,-453.85,-1586.6,-2454.8,782.31,563.25,921.38,967.75,-978.36,-1414.5,3797.6,281417,564,200,218,-0.095895,-1.837,1.2048
238.08,2029.6,3109.6,-2.857,-3719,119.43,6.1651e+05,42413,1,-421.51,-1580.1,-2447.3,820.84,556.4,921.81,1007.1,-1004.3,-1443,3821.3,281785,564,200,218,-0.10717,-1.8364,1.2048
241.65,2020.8,3098,-2.6401,-3705.1,111.05,6.157e+05,42411,1,-473.56,-1601,-2480.1,829.43,527.48,883.77,1038,-1083.4,-1544.4,3914.3,283147,564,200,218,-0.11843,-1.8357,1.2048
225.04,2053.8,3141.9,-2.8348,-3757.6,142.97,6.1404e+05,42419,1,-499.17,-1603.9,-2474.2,629.65,543.82,867.1,722.06,-995.39,-1473.1,3750.9,280628,564,200,218,-0.073346,-1.838,1.2048
208.75,2072.5,3165.2,-2.9046,-3785.5,164.19,6.1591e+05,42425,1,-482.78,-1582,-2430.9,578.57,572.75,893.04,760.42,-845.17,-1265.8,3605.6,277906,564,200,218,-0.039501,-1.8391,1.2048
220.15,2060.5,3149.8,-3.1837,-3767.3,150.5,6.145e+05,42421,1,-517.72,-1609.5,-2481.5,587.6,534.4,845.12,676,-981.01,-1463.2,3731.1,280289,564,200,218,-0.062066,-1.8384,1.2048
214.44,2066.4,3157,-3.2789,-3776,157.31,6.1543e+05,42423,1,-549.98,-1617,-2490.9,546.41,538.42,844.76,655.89,-941.91,-1410.5,3705.5,279800,564,200,218,-0.050785,-1.8388,1.2048
246,2011.8,3085.4,-2.8416,-3690.1,103.55,6.1656e+05,42409,1,-513.12,-1553.1,-2423.1,845.7,542.01,917.6,1057.5,-1051.2,-1489.1,3852.1,282263,564,200,218,-0.12969,-1.8349,1.2048
250.67,2002.5,3072.5,-2.9063,-3674.8,96.493,6.1534e+05,42407,1,-576.26,-1575.3,-2465.5,886.01,530.65,912.02,1080.1,-1059.8,-1486,3910,283095,564,200,218,-0.14095,-1.8341,1.2048
255.42,1992.5,3058.7,-2.9821,-3658.3,89.684,6.1485e+05,42405,1,-482.22,-1561.7,-2440.7,1041.4,544.8,963.48,1272.9,-1044.8,-1428.5,3961.2,283727,564,200,218,-0.1522,-1.8332,1.2048
259.27,1980.7,3042.4,-2.7909,-3638.7,82.248,6.1529e+05,42403,1,-452.7,-1523,-2372.2,1127.4,559.12,1001.5,1368.8,-1024.3,-1368.4,3961.2,283728,564,200,218,-0.16344,-1.8322,1.2048
203.57,2078.9,3174.5,-2.1595,-3796.2,171.65,6.1567e+05,42427,1,-429.56,-1522.9,-2335.7,599.08,614.68,952.03,850.87,-752.72,-1129.7,3488.4,275007,564,200,218,-0.028216,-1.8393,1.2048
199.58,2085.8,3184.6,-1.4858,-3807.9,180.37,6.1416e+05,42429,1,-348.57,-1441.7,-2206.3,617.33,643.51,991.02,835.42,-740.77,-1119.1,3368.1,270243,564,86,214,-0.01693,-1.8394,1.2048
261.72,1967.5,3024.4,-2.1879,-3616.8,73.704,6.1536e+05,42401,1,-239.29,-1486.6,-2299.3,1346.3,586.44,1089.5,1700.3,-979.38,-1244.2,4036.8,284730,564,200,218,-0.17468,-1.8312,1.2048
262.32,1952.3,3003.3,-1.573,-3591.1,63.651,6.1618e+05,42399,1,-184.06,-1435.6,-2207,1429.7,606.98,1142.8,1852.7,-931.96,-1126.8,4031.7,284662,564,200,218,-0.18592,-1.8301,1.2048
197,2093.3,3194.5,-1.3385,-3819.6,190.58,6.1288e+05,42431,1,-220.32,-1380.5,-2108.5,667.84,657.33,1007,858.3,-753.11,-1145.3,3302.7,267401,564,86,214,-0.0056435,-1.8395,1.2048
194.7,2100.8,3204.1,-1.4446,-3831.1,201.14,6.1273e+05,42433,1,-240.18,-1373.5,-2095.7,680.87,663.4,1010.9,896.57,-742.86,-1136.9,3303,267429,564,86,214,0.0056434,-1.8395,1.2048
191.99,2108.8,3214.7,-1.2361,-3843.6,211.39,6.1044e+05,42435,1,-239.15,-1367.4,-2083.4,736.08,702.19,1061.7,1009.1,-667.06,-1032.7,3310.5,267768,564,86,214,0.01693,-1.8394,1.2048
186.37,2125.8,3237.5,-0.76563,-3870.6,231.98,6.0604e+05,42439,1,-270.33,-1370.3,-2081.6,658.7,789.02,1183.2,930.12,-500.09,-793.59,3238.1,264220,564,86,214,0.039501,-1.8391,1.2048
189.26,2117.4,3226.5,-0.92347,-3857.5,221.72,6.0719e+05,42437,1,-227.82,-1363.1,-2074.6,742.31,743.03,1117.1,1019.6,-595.98,-933.54,3291.1,266813,564,86,214,0.028216,-1.8393,1.2048
35.332,2097.9,3011.1,-79.55,-3666.8,131.81,5.5156e+05,41057,1,-18224,-6425.7,-8371,-7207.1,-1497.5,-1745.1,-12089,-4047.2,-5267.3,26286,341588,564,86,214,0.08428,-1.8301,1.216
179,2136.3,3255.8,2.7672,-3890.1,250.98,6.0385e+05,42443,1,69.163,-1282.2,-1961.1,299.25,870.07,1312.8,769.55,-158.89,-280.94,2959.9,247640,564,86,214,0.062066,-1.8384,1.2048
182.54,2132.7,3247,-0.20171,-3881.6,241.35,6.0651e+05,42441,1,-288.85,-1372.6,-2081.8,443.12,829.53,1248.2,821.03,-388.16,-627.01,3156.2,260436,564,86,214,0.050785,-1.8388,1.2048
185.56,2140.1,3261.7,4.3244,-3896.1,270.75,5.5772e+05,42445,1,-869.76,-1678.4,-2490.1,-884.3,597.41,973.29,-7064.6,-1886.4,-2407.7,8433.5,318673,564,86,214,0.073345,-1.838,1.2048
268.47,2031.3,3154.3,-2.622,-3757.3,174.73,6.1795e+05,43811,1,-422.05,-1478.4,-2318.2,750.87,606.24,993.06,857.94,-895.25,-1323.4,3597.8,277734,564,200,218,-0.084961,-1.8449,1.1935
272.25,2022.9,3143.9,-2.3162,-3744.7,166.42,6.1887e+05,43809,1,-422.93,-1489.9,-2331,789.44,598.48,986.74,940.19,-926.24,-1352,3654.7,278856,564,200,218,-0.096279,-1.8443,1.1935
263.8,2038.9,3163.8,-2.7758,-3768.7,182.29,6.1713e+05,43813,1,-476.46,-1495.4,-2343.8,690.7,590.29,956.9,796.19,-907.5,-1354.7,3604.3,277880,564,200,218,-0.073639,-1.8454,1.1935
279.51,2004.9,3120,-2.1667,-3716.2,149.84,6.1825e+05,43805,1,-510.56,-1506.8,-2378.2,818.2,597.53,1004.4,1027.1,-902.93,-1291.4,3709.5,279877,564,200,218,-0.1189,-1.843,1.1935
275.98,2014.1,3132.3,-2.1813,-3730.8,158.18,6.1921e+05,43807,1,-412.07,-1455.7,-2288.3,830.81,611.9,1021.2,1014.7,-899.99,-1301,3628.3,278395,564,200,218,-0.10759,-1.8437,1.1935
258.86,2046.2,3172.9,-2.8481,-3779.5,189.67,6.1564e+05,43815,1,-486.38,-1514.5,-2364.7,631.56,573.38,919.33,697.59,-930.91,-1400.4,3606.8,277941,564,200,218,-0.062315,-1.8458,1.1935
253.96,2052.9,3180.5,-3.2108,-3788.8,197.19,6.156e+05,43817,1,-507.16,-1521.8,-2375.2,581.36,551.37,878,636.57,-955.61,-1451,3612.7,278062,564,200,218,-0.050988,-1.8461,1.1935
248.56,2058.8,3187,-3.5597,-3796.8,204.29,6.1598e+05,43819,1,-565.03,-1523.8,-2378.2,504.33,544.22,859.61,526.81,-942.93,-1444.2,3583.1,277410,564,200,218,-0.039659,-1.8464,1.1935
242.06,2064.2,3193.5,-3.3946,-3804.5,210.37,6.1675e+05,43821,1,-580.38,-1502.7,-2335.9,508.58,580.53,909.09,663.95,-826.35,-1262.7,3491.6,275124,564,200,218,-0.028329,-1.8466,1.1935
284.25,1996.1,3107.3,-2.6971,-3701.4,142.81,6.1803e+05,43803,1,-614.75,-1563,-2481.3,835.61,574.1,978.74,1048.4,-941.55,-1337.2,3838.9,282082,564,200,218,-0.13021,-1.8422,1.1935
290.79,1987.1,3094,-3.4867,-3686,137.68,6.1845e+05,43801,1,-617.9,-1590.3,-2526.9,906.09,557.49,967.96,1109.9,-980.92,-1382.2,3933.1,283378,564,200,218,-0.14151,-1.8414,1.1935
295.45,1976.6,3080.5,-3.0302,-3669.7,130.9,6.1777e+05,43799,1,-462.14,-1581,-2496.5,1040.6,562.69,999.93,1201.9,-996.24,-1384.2,3962.1,283742,564,200,218,-0.15281,-1.8405,1.1935
298.04,1964.1,3064.2,-2.2215,-3649.8,122.34,6.1798e+05,43797,1,-295.38,-1532.6,-2402.5,1251.5,588.16,1079.3,1542.1,-981.55,-1300.1,4039.4,284763,564,200,218,-0.1641,-1.8395,1.1935
229.82,2076.6,3211.8,-1.4868,-3825,223.45,6.1543e+05,43825,1,-414.63,-1328.1,-2057.5,615,663.28,1029.2,831.34,-689.91,-1063.7,3216.3,263177,564,200,218,-0.0056661,-1.8468,1.1935
235.02,2069.8,3201.9,-2.3388,-3813.7,215.96,6.163e+05,43823,1,-553.3,-1435.6,-2229.9,549.08,623.29,971.9,799.68,-735.84,-1128,3380.4,270765,564,200,218,-0.016998,-1.8468,1.1935
298.52,1933.8,3021.4,-1.3122,-3598.2,101.55,6.2098e+05,43793,1,-81.273,-1469,-2276.4,1492.5,615.78,1182,1973.8,-930.98,-1126.5,4169.2,286356,564,200,218,-0.18666,-1.8374,1.1935
298.89,1949.6,3044.3,-1.6351,-3625.7,112.39,6.1948e+05,43795,1,-163.51,-1491,-2320.7,1402.4,608.84,1144.5,1808.6,-950.02,-1196.8,4109.6,285630,564,200,218,-0.17538,-1.8385,1.1935
297.44,1917.4,2997.6,-0.94226,-3569.7,90.231,6.2099e+05,43791,1,-58.324,-1426.9,-2200.1,1523.2,622.28,1207.6,2036.5,-911.61,-1062,4141.5,286086,564,200,218,-0.19793,-1.8362,1.1935
226.3,2084,3221.7,-1.1908,-3836.6,232.69,6.143e+05,43827,1,-304.63,-1224,-1891.8,660.22,696.72,1074.1,871,-655.71,-1019.8,3077.9,252286,564,86,214,0.005666,-1.8468,1.1935
223.22,2091.6,3231.3,-1.0956,-3848,242.46,6.1357e+05,43829,1,-260.86,-1192.7,-1841.2,666.38,711.15,1091.1,873.53,-634.09,-993.48,3028.7,250201,564,86,214,0.016998,-1.8468,1.1935
220.14,2099.3,3241.4,-0.87461,-3859.8,252.31,6.103e+05,43831,1,-261.31,-1183.2,-1822.2,674.8,741.92,1131.4,901.23,-583.06,-921.96,3012.8,249261,564,86,214,0.028329,-1.8466,1.1935
213.45,2112.4,3257.4,-0.60223,-3878.7,271.68,6.0544e+05,43835,1,-358.11,-1123,-1720.4,326.26,830.07,1270.9,469.42,-393.53,-628.31,2744,238143,564,86,214,0.050988,-1.8461,1.1935
217.14,2106.7,3250.7,-0.72687,-3870.8,262.33,6.0686e+05,43833,1,-283.35,-1127.5,-1736.6,560.39,777.05,1186,714.8,-521.5,-830.65,2857.4,243612,564,86,214,0.039659,-1.8464,1.1935
199.16,2133.8,3093.1,-80.805,-3750.4,297.11,5.4699e+05,42447,1,-13505,-5287.4,-7034.5,-5403.9,-884.09,-938.32,-12009,-3711,-4813.9,21722,338652,564,92,215,0.084622,-1.8375,1.2048
208.41,2114.5,3260.2,0.46716,-3881.4,279.63,6.07e+05,43837,1,-104.4,-1029.4,-1585,6.013,930.09,1436.3,503.03,-232,-386.48,2639.5,234091,564,86,214,0.062314,-1.8458,1.1935
206.2,2111.5,3268.5,8.8031,-3885.8,290.23,5.898e+05,43839,1,841.36,-750.96,-1217.2,8.9792,1009.1,1560.7,-3670.9,-1147.8,-1524.8,4829.6,293020,564,92,215,0.073639,-1.8454,1.1935
308.01,2006.1,3164.3,-1.7116,-3753.8,203.01,6.1924e+05,45207,1,-396.06,-1445.6,-2292,817.27,633.02,1056.1,981.25,-819.17,-1199.3,3571.6,277191,564,200,218,-0.096659,-1.8516,1.1821
304.9,2015.1,3175.5,-2.1112,-3767.3,211.88,6.2131e+05,45209,1,-425.9,-1435.4,-2281.5,779.7,627.6,1040.5,909.95,-826.68,-1230.5,3543.6,276614,564,200,218,-0.085296,-1.8522,1.1821
300.74,2023.3,3185.5,-2.381,-3779.3,219.82,6.1999e+05,45211,1,-458.37,-1433.3,-2274.7,723.38,616,1011,829.29,-853.75,-1285.6,3526,276065,564,200,218,-0.07393,-1.8527,1.1821
295.78,2031,3195.1,-2.3673,-3790.7,227.09,6.1887e+05,45213,1,-492.05,-1428.6,-2265.2,677.62,608.42,990.04,776.31,-862.69,-1310.5,3505.4,275511,564,200,218,-0.06256,-1.8531,1.1821
312.06,1997,3151.6,-2.1199,-3739,195.18,6.1999e+05,45205,1,-538.84,-1506.7,-2409.3,806.62,620.34,1045,1055.7,-791.68,-1142.8,3679.7,279352,564,200,218,-0.10802,-1.851,1.1821
317.98,1988.4,3138.9,-2.9863,-3724.5,189.3,6.1995e+05,45203,1,-714.24,-1623.1,-2619.6,762.86,576.79,981.86,934.71,-841.28,-1225.7,3869,282538,564,200,218,-0.11937,-1.8503,1.1821
325,1980.2,3127.6,-3.5176,-3711.4,184.58,6.1925e+05,45201,1,-686.25,-1615.4,-2600.3,795.37,573.78,983.52,936.28,-895.97,-1298.2,3890.5,282871,564,200,218,-0.13072,-1.8495,1.1821
290.8,2038.5,3204.3,-2.3818,-3801.7,234.42,6.1743e+05,45215,1,-485.03,-1421.1,-2248.8,632.02,597.03,964.09,701.91,-882.89,-1352.6,3478.4,274582,564,200,218,-0.051189,-1.8534,1.1821
285.64,2045,3211.6,-2.6262,-3810.5,241.66,6.1618e+05,45217,1,-550.64,-1408,-2228.3,535.24,595.27,953.49,526.16,-872.78,-1350.4,3415.1,272196,564,200,218,-0.039816,-1.8537,1.1821
279.21,2050.2,3216.6,-2.9599,-3816.5,247.73,6.1564e+05,45219,1,-644.8,-1419.5,-2238.3,440.58,581.54,922.39,426.42,-886.3,-1376.4,3418.5,272374,564,200,218,-0.028441,-1.8539,1.1821
271.21,2054.6,3220.9,-2.9594,-3821.7,252.29,6.1707e+05,45221,1,-693.8,-1375.3,-2165.1,457.62,618.02,975.21,560.82,-775.9,-1207.9,3313.4,267898,564,200,218,-0.017065,-1.854,1.1821
331.85,1971.4,3116.9,-3.2318,-3698.6,179.82,6.1896e+05,45199,1,-534.9,-1604.4,-2573,966.53,581.42,1026.1,1067.6,-944.28,-1347.6,3956.4,283665,564,200,218,-0.14207,-1.8487,1.1821
335.14,1959.9,3103.2,-2.0862,-3681.6,171.82,6.1891e+05,45197,1,-339.75,-1551.6,-2466.1,1166.2,609.47,1104.3,1356.7,-938.65,-1286.5,3991.6,284117,564,200,218,-0.15341,-1.8478,1.1821
336.51,1946.1,3084.4,-1.5232,-3658.9,162.26,6.2198e+05,45195,1,-155.38,-1525.6,-2410.3,1369.7,634.02,1184.7,1738.3,-888.86,-1147.9,4119.7,285775,564,200,218,-0.16475,-1.8468,1.1821
336.29,1930.7,3062.8,-1.0031,-3633,151.42,6.2327e+05,45193,1,-90.631,-1491.7,-2340.2,1459.2,641.09,1218.7,1911.4,-882.56,-1089.7,4166,286314,564,200,218,-0.17607,-1.8457,1.1821
262.59,2059.9,3228.2,-2.1345,-3829.8,256.27,6.167e+05,45223,1,-702,-1292.2,-2034,503.86,660.74,1040.3,667.87,-687.69,-1077,3186.1,261753,564,200,218,-0.0056885,-1.8541,1.1821
256.29,2066.6,3237.3,-1.5891,-3840.2,262.63,6.1671e+05,45225,1,-521.68,-1216.2,-1907.2,598.81,692.8,1085.3,787.68,-623.2,-981.67,3062.3,251529,564,200,218,0.0056883,-1.8541,1.1821
335.07,1914.3,3039.2,-0.62973,-3604.8,139.88,6.234e+05,45191,1,-16.388,-1473,-2301.1,1540,649.1,1257.5,2072.6,-864.07,-1018.8,4233.1,287035,564,200,218,-0.1874,-1.8446,1.1821
333.27,1897.3,3013.9,-0.48937,-3574.7,128.01,6.2501e+05,45189,1,13.856,-1457.2,-2270.2,1572.9,653.11,1283.2,2144.2,-848.34,-961.96,4250.5,287187,564,200,218,-0.19871,-1.8434,1.1821
251.15,2073.7,3246.6,-1.2281,-3851.1,270.23,6.1603e+05,45227,1,-384.39,-1111.9,-1736.2,627.63,725.54,1127.5,819.11,-578.67,-918.84,2905.2,245699,564,86,214,0.017065,-1.854,1.1821
246.79,2080.9,3255.7,-0.96581,-3861.8,278.68,6.134e+05,45229,1,-330.62,-1050.6,-1637.2,598.36,753.21,1164.8,772.49,-535.26,-857.38,2791.7,239802,564,86,214,0.028441,-1.8539,1.1821
232.35,2092.9,3267.9,-0.35451,-3875.8,302.84,6.0535e+05,45235,1,-509.49,-830.69,-1274.1,-205.71,859.63,1359.7,-146.02,-258.91,-398.05,2334.5,173768,564,86,214,0.06256,-1.8531,1.1821
238.23,2092,3268.2,-0.77629,-3876.4,295.89,6.0652e+05,45233,1,-433.07,-915.08,-1414.8,219.8,820.31,1277.4,198.45,-424.02,-672.34,2459.9,193576,564,86,214,0.051189,-1.8534,1.1821
242.78,2087.4,3263.7,-0.80141,-3871,287.54,6.0967e+05,45231,1,-416.9,-970.25,-1508.2,448.01,788.69,1222.8,529.38,-473.98,-761.6,2606.3,232236,564,86,214,0.039816,-1.8537,1.1821
83.719,2065.1,3048.2,-74.019,-3677.1,191.26,5.5721e+05,43843,1,-22144,-7186.1,-9279.4,-8168,-1770.7,-2066.7,-12474,-3724.9,-4736,29902,343268,564,92,215,0.096279,-1.8443,1.1935
-132.51,2006.5,2948.3,-66.699,-3568,-27.727,5.5295e+05,42449,1,-24975,-8905.2,-11621,-9490.2,-2177.3,-2579.5,-10611,-3635.9,-4718.9,32980,344626,564,92,215,0.095895,-1.837,1.2048
234.85,2123.7,3203.2,-34.164,-3835.9,332.3,5.4616e+05,43841,1,-4224.5,-1893.6,-2602,-1499.6,482.14,865.54,-10389,-3533.5,-4689.3,13185,331047,564,92,215,0.08496,-1.8449,1.1935
230.1,2084.7,3256.2,3.4684,-3859.5,325.76,5.6216e+05,45239,1,641.09,-309.59,-532.77,436.16,1194.1,1836.4,-6547.1,-1075.2,-1187.4,7156.1,312383,564,95,216,0.085296,-1.8522,1.1821
226.6,2087.8,3262.1,2.2118,-3867.2,309.67,6.0268e+05,45237,1,-71.648,-682.83,-1066.2,-398.04,921.22,1468.2,-514.55,29.311,75.955,2245.5,170289,564,92,215,0.073929,-1.8527,1.1821
346.08,1988.8,3181.3,-2.7714,-3759.9,241.93,6.2127e+05,46609,1,-662.84,-1636.1,-2654.6,752.99,591,1000.2,965.04,-798.18,-1188.2,3880.7,282695,564,200,218,-0.097035,-1.8588,1.1707
340.77,1997.9,3194.2,-2.064,-3774.7,248.5,6.2072e+05,46611,1,-485.09,-1508,-2432,805.75,633.25,1064.7,1001.1,-764.86,-1140.9,3673.8,279268,564,200,218,-0.085628,-1.8594,1.1707
336.6,2006.5,3204.9,-2.2083,-3787.5,256.32,6.2176e+05,46613,1,-510.23,-1460.7,-2353.5,736.94,640.15,1063.9,857.59,-768.95,-1166.7,3564.5,277024,564,200,218,-0.074217,-1.8599,1.1707
331.47,2014.4,3214.5,-2.2494,-3798.9,263.31,6.213e+05,46615,1,-515.3,-1425.2,-2292.7,699.8,644.82,1062.4,799.47,-767.35,-1176.1,3492.7,275151,564,200,218,-0.062804,-1.8603,1.1707
325.93,2022,3223.8,-2.2336,-3809.8,269.98,6.1989e+05,46617,1,-522.83,-1403.1,-2251.6,651.16,643.28,1050.7,715.69,-765.86,-1183.4,3428.3,272689,564,200,218,-0.051388,-1.8606,1.1707
353.36,1980.8,3169.2,-4.0193,-3746.5,237.36,6.2038e+05,46607,1,-782.34,-1741.3,-2834.8,720.88,543.23,927.88,957.53,-880.85,-1308.1,4093.9,285445,564,200,218,-0.10844,-1.8582,1.1707
362.48,1973.5,3158.9,-5.0483,-3734.9,234.67,6.2035e+05,46605,1,-785.41,-1789.3,-2923.1,711.91,504.55,873.87,715.55,-1014.9,-1541.4,4115.4,285717,564,200,218,-0.11984,-1.8575,1.1707
369.06,1965.1,3149.8,-4.3009,-3723.8,229.59,6.2005e+05,46603,1,-564.12,-1691.1,-2745.1,892.6,541.06,958.48,911.38,-1026.5,-1526.5,4115.4,285718,564,200,218,-0.13123,-1.8567,1.1707
320.4,2028.8,3231.1,-2.5873,-3818.7,276.75,6.1917e+05,46619,1,-615.71,-1385,-2227.5,555.4,643.54,1044.7,531.65,-745.63,-1169,3358.4,269853,564,200,218,-0.039971,-1.8609,1.1707
313.11,2034.2,3236.3,-2.8424,-3824.9,281.87,6.1756e+05,46621,1,-723.28,-1339.2,-2143.8,425.92,637.09,1022.3,361.92,-748.99,-1180.4,3260.4,265314,564,200,218,-0.028552,-1.8611,1.1707
304.41,2038.5,3239.9,-2.9314,-3829.3,285.64,6.1689e+05,46623,1,-812.38,-1303.7,-2081,404.5,645.68,1030.6,438.69,-714.5,-1128.7,3210.9,262898,564,200,218,-0.017132,-1.8613,1.1707
374.91,1941.4,3121.9,-1.903,-3689.3,212.99,6.2246e+05,46599,1,-245.87,-1566.1,-2507.8,1241.8,628.02,1156.3,1468.3,-884.64,-1205,4057.8,284978,564,200,218,-0.15401,-1.855,1.1707
373.34,1954.5,3138.3,-3.025,-3709.3,222.48,6.2068e+05,46601,1,-339.8,-1600.8,-2582.1,1131.7,597.67,1088.7,1258.6,-959.15,-1366.7,4067,285115,564,200,218,-0.14262,-1.8559,1.1707
373.93,1910.5,3078.9,-0.72059,-3637.7,190.81,6.2405e+05,46595,1,-24.793,-1526.8,-2422.9,1516.1,658.56,1271.8,2024.5,-818.72,-991.91,4278.4,287502,564,200,218,-0.17676,-1.8529,1.1707
374.96,1926.6,3101.9,-1.1406,-3665.2,202.29,6.2279e+05,46597,1,-92.249,-1546.5,-2465.6,1425.9,644.14,1222.1,1839.2,-856.17,-1099,4212.5,286836,564,200,218,-0.16539,-1.854,1.1707
372.16,1893.5,3054,-0.51814,-3608.2,178.88,6.2519e+05,46593,1,17.236,-1499,-2366,1568.5,667.75,1308.2,2135.7,-801.9,-922.43,4303.3,287791,564,200,218,-0.18813,-1.8518,1.1707
294.56,2043,3245.3,-2.3201,-3835.3,288.29,6.1708e+05,46625,1,-794.91,-1229.1,-1960,466.39,680.92,1085.3,568.54,-654.11,-1039.2,3110.3,253725,564,200,218,-0.0057106,-1.8613,1.1707
279.13,2055.6,3261.1,-1.5926,-3853.5,298.04,6.1663e+05,46629,1,-567.29,-1146.2,-1812.3,581.35,719.7,1134.9,748.8,-571.65,-917.63,2965.4,247834,564,200,218,0.017131,-1.8613,1.1707
286.73,2049.1,3252.7,-2.0793,-3843.8,293.01,6.1763e+05,46627,1,-681.07,-1181.1,-1876.3,546.4,706.66,1122,680.35,-600.64,-960.37,3030.2,250255,564,200,218,0.0057105,-1.8613,1.1707
370.01,1876.3,3028.3,-0.39382,-3577.7,166.79,6.2558e+05,46591,1,45.072,-1490.9,-2349.3,1595.2,666.88,1326.1,2198.5,-799.88,-889.65,4330.9,288056,564,200,218,-0.19948,-1.8506,1.1707
272.83,2062.3,3269.2,-1.4427,-3863,304.43,6.1603e+05,46631,1,-519.38,-1062.5,-1675.8,546.36,745.55,1171.3,673.4,-519.22,-840.38,2804,240296,564,200,218,0.028551,-1.8611,1.1707
258.73,2071.5,3278.9,-1.0952,-3874.2,315.83,6.0888e+05,46635,1,-664.64,-780.78,-1208.9,119.54,825.67,1306.7,6.6556,-383.8,-608,2334.5,173770,564,200,218,0.051388,-1.8606,1.1707
250.27,2071.4,3276.1,-1.0332,-3870.9,320.02,6.0669e+05,46637,1,-784.3,-666.97,-1016.7,-333.35,845.53,1363,-554.5,-322.62,-481.12,2334.5,173769,564,95,216,0.062804,-1.8603,1.1707
240.32,2064.5,3266,0.70899,-3857.8,322.44,6.0355e+05,46639,1,-641.33,-415.77,-619.92,-844.56,948.22,1560.8,-984.47,-154.02,-181.42,2458.2,193265,564,95,216,0.074217,-1.8599,1.1707
265.92,2067.9,3275.8,-1.1637,-3870.6,310.26,6.1263e+05,46633,1,-715.83,-936.83,-1468,353.09,784.6,1238.5,383.72,-445.5,-721.95,2585.8,231030,564,200,218,0.039971,-1.8609,1.1707
230.82,2094,3098.8,-87.228,-3730.6,339.66,5.5844e+05,45241,1,-19188,-3613.1,-3997.5,-6176.3,-319.13,33.257,-13476,-2526.9,-2847.5,25131,340978,564,95,216,0.096659,-1.8516,1.1821
253.06,2079.2,3132.7,-78.536,-3750.3,361.1,5.5812e+05,46643,1,-14137,-2118.1,-2119,-3660.2,544.3,1195.7,-10602,-2113.8,-2476.8,18627,336460,564,95,216,0.097035,-1.8588,1.1707
236.47,2051.7,3254.1,6.7611,-3839.9,330.61,5.7739e+05,46641,1,561.13,-59.593,-138.26,582.65,1244.1,1923.7,-5833.9,-127.22,248.65,6327.6,306976,564,95,216,0.085628,-1.8594,1.1707
393.1,1974.1,3200.8,-5.1303,-3769.9,289.66,6.2178e+05,48015,1,-934.51,-1783.4,-2955.5,607.7,524,896.42,618.83,-989.51,-1546.3,4115.4,285715,564,200,218,-0.097408,-1.866,1.1593
402.8,1967.5,3193.8,-5.2123,-3761.7,287.5,6.2056e+05,48013,1,-769.33,-1767.2,-2912,682.33,509.19,883.32,655.56,-1067.8,-1655.6,4115.4,285716,564,200,218,-0.10886,-1.8653,1.1593
382.42,1981.2,3211.8,-3.3847,-3781.9,290.87,6.2076e+05,48017,1,-757.38,-1698.6,-2789.2,716.72,591.46,1003.8,912.46,-799.53,-1219.4,4008.5,284347,564,200,218,-0.085957,-1.8665,1.1593
375.48,1989.4,3222.9,-2.7372,-3794.5,295.85,6.2149e+05,48019,1,-655.93,-1614.6,-2643.9,721.64,625.83,1054.2,875.34,-757.01,-1162.9,3839.7,282092,564,200,218,-0.074502,-1.867,1.1593
368.87,1997.2,3232.6,-2.453,-3805.7,301.27,6.2138e+05,48021,1,-636.91,-1551.1,-2534.5,690.9,639.79,1068.1,788.83,-733.63,-1138.9,3704.1,279774,564,200,218,-0.063045,-1.8674,1.1593
362.53,2004.9,3241.9,-2.362,-3816.6,307.04,6.2104e+05,48023,1,-594.74,-1486.4,-2421.3,652.62,645.8,1068.6,682.74,-720.72,-1131.6,3560.5,276929,564,200,218,-0.051586,-1.8678,1.1593
409.68,1960.3,3188,-3.9485,-3754.2,282.62,6.2066e+05,48011,1,-575.18,-1695.9,-2782.7,788.44,522.45,922.59,636.02,-1130,-1747,4115.4,285713,564,200,218,-0.1203,-1.8646,1.1593
412.79,1950.2,3178,-2.298,-3741.4,274.27,6.2015e+05,48009,1,-314,-1608.7,-2627.4,1087.2,580.84,1060.9,1207.2,-1006.5,-1481.9,4111.1,285662,564,200,218,-0.13174,-1.8638,1.1593
414.59,1937.4,3161.6,-1.6229,-3721.7,264.92,6.2157e+05,48007,1,-280.41,-1604.5,-2608.7,1188.9,595.07,1101.6,1408,-972.09,-1385.3,4157.7,286242,564,200,218,-0.14317,-1.863,1.1593
356.36,2012,3249.3,-2.7617,-3825.6,313.07,6.2116e+05,48025,1,-666.12,-1460.6,-2377,567.1,646.52,1061.8,534.31,-716.72,-1135.9,3490.5,275089,564,200,218,-0.040124,-1.8681,1.1593
347.98,2017.6,3254.5,-2.9735,-3831.8,316.99,6.1915e+05,48027,1,-800.47,-1428.6,-2323.9,456.92,650.18,1060.1,368.27,-708.7,-1131.9,3428.8,272715,564,200,218,-0.028661,-1.8683,1.1593
338.18,2021.9,3257.3,-3.4332,-3835.4,319.55,6.1941e+05,48029,1,-1014.8,-1346.6,-2185.5,347.09,665.08,1077.4,307.66,-663.8,-1065.5,3318.7,268111,564,200,218,-0.017197,-1.8684,1.1593
415.17,1922.8,3141.5,-1.2598,-3697.7,254.65,6.2187e+05,48005,1,-152.08,-1576.7,-2552.7,1370.5,633.04,1200.1,1751.9,-863.34,-1151.9,4229.2,286983,564,200,218,-0.1546,-1.8621,1.1593
414.59,1906.8,3118.5,-1.0934,-3670.6,243.53,6.237e+05,48003,1,-39.62,-1569.5,-2525.4,1504.8,649.85,1261.3,2009.7,-822.07,-1028.5,4346.6,288234,564,200,218,-0.16602,-1.8611,1.1593
413.03,1889.9,3093.9,-0.88901,-3641.6,231.69,6.2497e+05,48001,1,15.26,-1566.6,-2511.5,1559.3,652.19,1285.2,2111.7,-819.24,-991.38,4402.7,288807,564,200,218,-0.17744,-1.8601,1.1593
410.83,1872.6,3068.5,-0.6493,-3611.5,219.47,6.2541e+05,47999,1,46.011,-1562.3,-2498.3,1592.8,653.36,1304.7,2175.8,-817.37,-960.09,4435.6,289095,564,200,218,-0.18885,-1.8589,1.1593
408.16,1855.1,3042.3,-0.51,-3580.6,207,6.2603e+05,47997,1,82.23,-1547,-2465.2,1602.3,654.74,1326,2217.5,-812.68,-919.48,4433.4,289071,564,200,218,-0.20025,-1.8577,1.1593
324.91,2025.4,3261.9,-2.2067,-3840.1,318.69,6.1682e+05,48031,1,-949.19,-1251.4,-2023.6,402.9,692.5,1117.7,479.06,-620.79,-998.28,3172.5,261178,564,148,217,-0.0057326,-1.8685,1.1593
316.5,2031.1,3268.3,-2.0226,-3847.5,322.73,6.1743e+05,48033,1,-759.09,-1213.5,-1954,507,707.7,1139,587.38,-597.55,-964.91,3091.2,252951,564,148,217,0.0057324,-1.8685,1.1593
308.18,2037.2,3275.5,-1.7999,-3855.8,326.92,6.1628e+05,48035,1,-720.76,-1143.5,-1832.5,531.34,732.67,1173.1,609.9,-537.12,-874.42,2967.4,247902,564,148,217,0.017197,-1.8684,1.1593
300.22,2043.5,3282.1,-2.0047,-3863.7,331.53,6.165e+05,48037,1,-818.69,-1030.9,-1639.3,437.89,769.09,1228.4,474.16,-452.85,-741.74,2773.5,239195,564,148,217,0.028661,-1.8683,1.1593
277.92,2050.5,3288.4,-1.5721,-3870.9,334.42,6.1095e+05,48041,1,-1049.8,-833.69,-1298,73.798,832.51,1339.1,-68.711,-356.32,-569.53,2535.7,227326,564,148,217,0.051586,-1.8678,1.1593
264.77,2049.5,3283.3,-2.0044,-3865.1,333.77,6.0824e+05,48043,1,-1318.6,-589.59,-876.94,-452.92,873.66,1434,-824.95,-243.06,-344.18,2595.8,231719,564,95,216,0.063045,-1.8674,1.1593
247.75,2040.7,3269.8,-0.45392,-3848.3,328.92,6.0576e+05,48045,1,-1310,-295.54,-392.09,-1179.3,909.11,1542.1,-1511,-125.55,-102.45,2976.9,248202,564,95,216,0.074502,-1.867,1.1593
234.49,2023.3,3248.5,4.3413,-3820.3,327.32,5.9036e+05,48047,1,-470.68,137.04,250.77,-292.63,1166.5,1889.9,-3799.7,-408.21,-362.35,4478.5,289499,564,95,216,0.085957,-1.8665,1.1593
289.64,2048.1,3287,-1.7986,-3869.3,333.56,6.1428e+05,48039,1,-952.22,-951.79,-1500.6,288.7,794.17,1270.4,283.5,-401,-654.94,2657.5,234968,564,148,217,0.040124,-1.8681,1.1593
-191.08,1959.8,2946.9,-74.869,-3542.7,-76.584,5.552e+05,45243,1,-32718,-4051.7,-3407,-11331,-774.42,-185.44,-9348.6,-2604.7,-3255.5,36500,346077,564,95,216,0.10802,-1.851,1.1821
236.9,2035,3198.2,-30.275,-3782.5,342.66,5.6322e+05,48049,1,-5692.3,-484.59,-280.81,-1372.8,1522.6,2578.4,-7450.7,-1313.2,-1461.5,10146,324037,564,95,216,0.097408,-1.866,1.1593
62.207,1986.7,3071.7,-62.818,-3653.8,177.84,5.7293e+05,48051,1,-24660,-5840.3,-7035.9,-8740.7,-491.64,49.518,-11217,-2036,-2202,30053,343347,564,95,216,0.10886,-1.8653,1.1593
-116.48,1966.9,3008.6,-66.085,-3595.8,-1.6899,5.6335e+05,46645,1,-28280,-6632.2,-7901.2,-10606,-1169.9,-861.7,-8919.1,-2587.9,-3278.9,33433,344834,564,95,216,0.10844,-1.8582,1.1707
440.53,1960.5,3228.9,-4.1876,-3788,337.72,6.2134e+05,49425,1,-810.54,-1693.1,-2833.8,580.38,551.56,950.99,385.59,-1014.5,-1624.5,4112.9,285684,564,200,218,-0.097777,-1.873,1.1478
447.42,1953.7,3223.8,-3.0532,-3781.5,332.84,6.211e+05,49423,1,-600.17,-1636.3,-2727.2,744.89,571.13,1004.5,647.83,-991.78,-1555.6,4050.3,284885,564,200,218,-0.10927,-1.8724,1.1478
430.31,1966.2,3233.8,-4.249,-3793.8,339.4,6.213e+05,49427,1,-964.07,-1762.7,-2946.2,585.56,547.59,937.19,600.33,-963.88,-1525.9,4115.4,285714,564,200,218,-0.086282,-1.8736,1.1478
451.13,1944.3,3214.2,-2.0391,-3769.5,325.02,6.2137e+05,49421,1,-409.18,-1595.7,-2642.3,949.91,600.41,1079.9,975.28,-932.04,-1412.1,4050.3,284886,564,200,218,-0.12075,-1.8717,1.1478
420.55,1973.1,3241.9,-3.7325,-3803,341.54,6.2143e+05,49429,1,-830.4,-1714,-2852.7,649.05,590.86,1006.9,703.15,-841.29,-1328.6,4064.1,285062,564,200,218,-0.074785,-1.8741,1.1478
403.51,1988,3259.6,-3.0681,-3823.4,348.47,6.218e+05,49433,1,-736.74,-1628.6,-2697.1,657.46,623.31,1049.3,687.67,-761.45,-1213.6,3862.2,282443,564,200,218,-0.051781,-1.8749,1.1478
411.66,1980.3,3250.5,-3.365,-3812.9,344.61,6.2208e+05,49431,1,-796.77,-1659.6,-2754.8,669.75,615.92,1042.6,747.18,-782.76,-1238.1,3949.3,283582,564,200,218,-0.063284,-1.8745,1.1478
395.88,1995.1,3267.2,-3.2474,-3832.4,352.95,6.2176e+05,49435,1,-786.64,-1552.9,-2561.5,546.04,642.62,1068,497.49,-713.05,-1146.3,3676,279300,564,200,218,-0.040276,-1.8751,1.1478
453.17,1932.1,3198.5,-1.5988,-3750.9,315.83,6.2199e+05,49419,1,-283.25,-1582.1,-2612,1180.3,633.16,1168.6,1463.9,-833.14,-1187.9,4100.4,285520,564,200,218,-0.13224,-1.8709,1.1478
455.07,1918.3,3179.2,-1.6486,-3728.3,306.75,6.2292e+05,49417,1,-254.98,-1592.3,-2623.8,1283.5,638.48,1199.2,1639.5,-813.07,-1118.9,4192.7,286613,564,200,218,-0.14371,-1.8701,1.1478
386.07,2000.6,3272.1,-3.3112,-3838.2,355.34,6.2033e+05,49437,1,-966.41,-1493.9,-2463.8,402.27,660.11,1088.3,231.91,-673.74,-1094.8,3567.1,277083,564,200,218,-0.02877,-1.8754,1.1478
358.81,2007.5,3277,-2.7264,-3843.6,352.65,6.1889e+05,49441,1,-1155,-1383.2,-2266.8,344.81,691.06,1129.6,376.67,-596.03,-971.51,3420.4,272434,564,148,217,-0.0057543,-1.8756,1.1478
374.6,2004.7,3273.8,-3.9135,-3840.6,356.13,6.1999e+05,49439,1,-1198.2,-1456.7,-2398.1,305.3,672.01,1103,205.3,-641.8,-1046,3552.2,276787,564,148,217,-0.017262,-1.8755,1.1478
455.37,1886.9,3135.1,-1.1472,-3676.3,285.91,6.2405e+05,49413,1,-52.342,-1605,-2616.5,1507.5,640.98,1259.3,1990.7,-828.74,-1060.2,4412.2,288895,564,200,218,-0.16665,-1.8682,1.1478
455.97,1903.2,3158,-1.5645,-3703.4,296.94,6.237e+05,49415,1,-136.59,-1621.1,-2664.7,1434.4,637.19,1234.7,1855.9,-820.22,-1087,4362.8,288417,564,200,218,-0.15519,-1.8691,1.1478
453.68,1869.7,3110.4,-0.73481,-3647,274.08,6.2455e+05,49411,1,27.65,-1608.5,-2612.5,1594.2,646,1298.5,2160.2,-830.3,-1015.1,4521.6,289940,564,200,218,-0.17811,-1.8671,1.1478
451.29,1851.8,3084,-0.5446,-3616,261.82,6.254e+05,49409,1,67.881,-1600,-2586.4,1617.4,650.79,1324.9,2227.9,-821.71,-964.18,4540.6,290175,564,200,218,-0.18956,-1.866,1.1478
448.4,1834.1,3057.4,-0.49746,-3584.7,249.26,6.2575e+05,49407,1,114.28,-1606.1,-2593.4,1606.4,646.84,1332.5,2238.3,-824.14,-950.64,4548.2,290268,564,200,218,-0.20101,-1.8648,1.1478
347.7,2012.6,3282.8,-2.2285,-3850,353.87,6.1775e+05,49443,1,-968.08,-1280.3,-2089.9,465.05,719.93,1174.8,513.46,-536.9,-881.27,3222.9,263510,564,148,217,0.0057541,-1.8756,1.1478
327.08,2024,3294.2,-2.4267,-3863.5,358.08,6.1585e+05,49447,1,-983.52,-1125.7,-1816.2,413.85,762.24,1236.3,374,-465.59,-768.79,2960,247641,564,148,217,0.02877,-1.8754,1.1478
337.91,2018.5,3289.1,-2.1687,-3857.4,356.48,6.175e+05,49445,1,-885.03,-1176.8,-1909.7,487.83,744.12,1208.9,499.78,-504.42,-831.27,3043.6,250785,564,148,217,0.017262,-1.8755,1.1478
313.57,2027.6,3296.7,-2.5297,-3866.5,357.04,6.1466e+05,49449,1,-1215.1,-992.34,-1578.3,196.91,809.8,1315.5,115,-364.32,-597.94,2807.3,240460,564,148,217,0.040276,-1.8751,1.1478
296.76,2027.9,3295.6,-1.8174,-3864.9,352.64,6.1103e+05,49451,1,-1526.3,-771.14,-1191.6,-137.37,890.34,1462.6,-473.91,-227.08,-347.88,2773.5,239192,564,95,216,0.051781,-1.8749,1.1478
252.76,2015.6,3269.3,-2.7778,-3834.6,332.93,6.0721e+05,49455,1,-2418.3,-252.33,-253.91,-1457.6,971.07,1683.4,-2039.7,20.037,168.35,4008.3,284344,564,95,216,0.074784,-1.8741,1.1478
280.74,2026.6,3288,-3.2848,-3856.8,348.96,6.0947e+05,49453,1,-1891.6,-625.2,-913.5,-565.98,930.79,1554.2,-1141.6,-143.2,-167.63,3123.7,254274,564,95,216,0.063284,-1.8745,1.1478
224.37,1993.2,3240,1.7102,-3797.5,315.83,6.0238e+05,49457,1,-1305.6,444.11,817.88,-1236,1340.2,2273.6,-3139.8,66.074,349.95,4587.9,290667,564,95,216,0.086282,-1.8736,1.1478
175.8,1977.5,3076.5,-69.236,-3649.2,290.71,5.7588e+05,49461,1,-16425,-2042,-1705.3,-4720.2,840.42,1842.7,-10650,-771.11,-250.61,20428,337765,564,95,216,0.10927,-1.8724,1.1478
214.63,1976,3204.4,-1.0182,-3757.4,317.35,5.7486e+05,49459,1,-2097.9,675.51,1285.4,-1154.6,1759.6,2963.9,-6512.2,-61.804,471.19,7896.8,316452,564,95,216,0.097777,-1.873,1.1478
475.27,1950.9,3258.2,-3.5914,-3807.8,385.02,6.2304e+05,50841,1,-818.77,-1657.7,-2805.8,604.6,604.58,1047.1,483.74,-876.78,-1413.8,4050.3,284882,564,200,218,-0.086605,-1.8806,1.1362
482.64,1944.1,3252.8,-2.9199,-3801.1,380.64,6.2288e+05,50839,1,-658,-1595.4,-2693.5,664.12,627.39,1095,506.61,-856.06,-1369.1,4050.3,284883,564,200,218,-0.098142,-1.88,1.1362
488.36,1936.1,3244.8,-2.4691,-3791.4,374.74,6.2325e+05,50837,1,-559.39,-1623,-2742.1,812,637.45,1134.1,821.53,-799.61,-1244.6,4050.3,284884,564,200,218,-0.10968,-1.8794,1.1362
492.38,1925.8,3232.4,-2.2396,-3776.9,367.37,6.2383e+05,50835,1,-433.38,-1662.4,-2798.3,1012.6,632.85,1155.4,1139.3,-797.89,-1198.6,4112.6,285681,564,200,218,-0.12121,-1.8787,1.1362
495.42,1913.2,3215.6,-2.2038,-3757.2,359.3,6.24e+05,50833,1,-333.57,-1667.4,-2792.9,1208.9,633.94,1188.9,1500.7,-809.71,-1160.5,4268.8,287402,564,200,218,-0.13273,-1.8779,1.1362
465.98,1957.3,3264.2,-3.6153,-3814.9,387.56,6.2211e+05,50843,1,-901.93,-1697.8,-2870.2,599.82,600.07,1033.2,555.19,-847.31,-1366,4064.1,285061,564,200,218,-0.075064,-1.8811,1.1362
456.02,1964.2,3271.8,-3.2121,-3823.4,389.48,6.2141e+05,50845,1,-869.49,-1671.9,-2817.3,643.48,613.7,1052.3,658.36,-808.76,-1302.3,4021.2,284494,564,200,218,-0.06352,-1.8815,1.1362
438.23,1978.4,3286.2,-3.3935,-3840.4,395.64,6.2099e+05,50849,1,-865.64,-1619,-2709.1,544.58,631.08,1064.3,459.54,-737.15,-1201.7,3838.8,282077,564,200,218,-0.040427,-1.8821,1.1362
447.07,1971.6,3279.9,-3.0858,-3832.9,392.46,6.2103e+05,50847,1,-831.21,-1640.3,-2757.7,628.86,626.26,1067.2,572.55,-757.71,-1230.3,3915.1,283163,564,200,218,-0.051975,-1.8819,1.1362
426.93,1983.4,3289.9,-3.4632,-3844.8,396.46,6.2028e+05,50851,1,-1064.5,-1559,-2611.2,400.86,654.51,1095.5,219.23,-686.88,-1131.2,3737.7,280400,564,200,218,-0.028877,-1.8824,1.1362
498.17,1899.2,3196.5,-2.1828,-3734.9,351.18,6.2452e+05,50831,1,-237.28,-1681.4,-2808,1355.5,633.39,1221,1711.1,-836.55,-1161.7,4413.1,288902,564,200,218,-0.14425,-1.877,1.1362
414.04,1987,3290.4,-4.1277,-3845.8,395.74,6.2046e+05,50853,1,-1275.3,-1492.9,-2490.4,281.1,680.64,1131.4,104.84,-636.91,-1052.9,3661.2,279039,564,148,217,-0.017327,-1.8825,1.1362
396.9,1989.5,3291.9,-3.2989,-3847.1,390.8,6.1935e+05,50855,1,-1323.1,-1441.2,-2396.9,317.58,702.84,1166.7,250.58,-565.44,-937.49,3576.3,277275,564,148,217,-0.0057758,-1.8826,1.1362
497.7,1866.7,3152.1,-0.92306,-3682.3,329.86,6.2483e+05,50827,1,-20.754,-1663.1,-2745.3,1568.2,644.22,1291.9,2074.3,-833.62,-1070.5,4581.5,290599,564,200,218,-0.16727,-1.8751,1.1362
498.82,1883.8,3175.9,-1.5496,-3710.4,341.24,6.2428e+05,50829,1,-118.69,-1674.7,-2781.6,1464.1,635.56,1250.6,1856.3,-846.73,-1143,4487.4,289583,564,200,218,-0.15577,-1.8761,1.1362
493.03,1830.6,3099.1,-0.55475,-3620.1,305.48,6.2647e+05,50823,1,87.67,-1650.7,-2706.5,1614.8,648.55,1339.4,2239.5,-813.55,-966.09,4635.8,291223,564,200,218,-0.19027,-1.8729,1.1362
495.68,1848.7,3126,-0.62064,-3651.7,317.88,6.2555e+05,50825,1,46.892,-1665,-2743.2,1636,655.14,1338.3,2240.8,-810.16,-987.25,4674.3,291614,564,200,218,-0.17878,-1.8741,1.1362
382.89,1994.2,3296.5,-2.9131,-3852.1,389.01,6.196e+05,50857,1,-1256,-1360.5,-2249.5,399.89,733.05,1214.1,412.8,-495.27,-824.06,3428.5,272697,564,148,217,0.0057756,-1.8826,1.1362
368.6,1999,3301.8,-2.3096,-3858,386.98,6.1719e+05,50859,1,-1091.7,-1245.9,-2045.2,426.03,760.04,1251.4,388.29,-453.69,-756.34,3190.8,261963,564,148,217,0.017327,-1.8825,1.1362
356.21,2003.9,3305.4,-2.77,-3862.5,386.91,6.1588e+05,50861,1,-1319.6,-1132,-1839.1,257.97,804.66,1326.8,68.642,-359.8,-596.71,3061,251485,564,148,217,0.028877,-1.8824,1.1362
339.63,2006.4,3304.8,-3.3973,-3862.1,382.63,6.1462e+05,50863,1,-1650.8,-996.24,-1587.2,14.192,850.76,1407.7,-167.88,-264.94,-431.43,3037.6,250578,564,95,216,0.040426,-1.8821,1.1362
316.36,2004.7,3300.9,-2.5297,-3857.1,371.58,6.1156e+05,50865,1,-2065.5,-881.92,-1371.4,-295.28,897.23,1502,-696.93,-178.45,-262.87,3264.9,265520,564,95,216,0.051974,-1.8819,1.1362
293.7,2000.3,3288.6,-3.7929,-3843.4,361.03,6.0932e+05,50867,1,-2423.9,-607.11,-867.67,-731.22,993.04,1687.3,-1558.2,-12.408,69.801,3714.5,279972,564,95,216,0.06352,-1.8815,1.1362
213.2,1962.7,3231.6,-0.35332,-3774.8,303.27,6.059e+05,50871,1,-3050,202.66,562.93,-2372.8,1126.6,2045.9,-3445.7,259.55,695.35,5759.3,301452,564,95,216,0.086605,-1.8806,1.1362
260,1989.1,3265,-5.5641,-3817,339.1,6.0787e+05,50869,1,-3469.7,-438.13,-493.51,-1668.8,1010.7,1787.6,-2475.2,132.93,386.55,5076.4,295226,564,95,216,0.075064,-1.8811,1.1362
191.72,1933,3184,1.2004,-3718.3,292.23,5.8138e+05,50873,1,-2235.7,735.12,1413.6,-646.13,1432.5,2414.4,-7415.4,133.03,881.38,8462.8,318761,564,95,216,0.098142,-1.88,1.1362
169.32,1945.5,3082.1,-61.786,-3637.2,282.38,5.7953e+05,50875,1,-12941,156.98,1569.3,-3199.5,1215,2345,-9007.5,-435.15,147.26,16386,334535,564,95,216,0.10968,-1.8794,1.1362
526.22,1926.2,3272.4,-2.7617,-3809.8,425.09,6.2404e+05,52255,1,-695.86,-1699.1,-2905.8,697.08,644.12,1139.4,628.94,-767.97,-1229.8,4063.5,285058,564,200,218,-0.098504,-1.8869,1.1247
519.1,1933.7,3279.6,-2.9379,-3818.4,429.59,6.2362e+05,52257,1,-763.22,-1707.9,-2930.9,652.29,642.7,1131.6,527.17,-776.43,-1262.5,4084.5,285335,564,200,218,-0.086924,-1.8875,1.1247
511.01,1940.5,3284.9,-3.5181,-3824.9,433.23,6.2483e+05,52259,1,-878.7,-1682,-2880.1,605.63,638.39,1111.9,501.24,-782.6,-1278.5,4050.3,284881,564,200,218,-0.075341,-1.888,1.1247
533.62,1918,3263.1,-3.1004,-3799.2,420.97,6.2526e+05,52253,1,-653.26,-1773.2,-3038.3,830.83,635.17,1147.1,860.21,-771.06,-1208.5,4243.5,287124,564,200,218,-0.11008,-1.8863,1.1247
538.95,1907.7,3251,-2.9142,-3785,415.01,6.2587e+05,52251,1,-458.7,-1805.6,-3084.2,1063.1,624.05,1164.7,1156,-835.1,-1277.5,4418.7,288948,564,200,218,-0.12165,-1.8856,1.1247
542.17,1894.7,3235,-2.3583,-3766.1,407.23,6.2497e+05,52249,1,-351.51,-1775.7,-3013.1,1213.6,623.88,1187,1439.2,-846.52,-1247.7,4468.9,289412,564,200,218,-0.13322,-1.8848,1.1247
543.99,1880.2,3216.1,-1.8025,-3743.8,398.32,6.2573e+05,52247,1,-203.34,-1762.5,-2981.4,1392.7,636.01,1245.7,1736.4,-851.3,-1204.1,4595.8,290757,564,200,218,-0.14478,-1.884,1.1247
490.77,1954.5,3299,-3.1512,-3841.1,436.63,6.2218e+05,52263,1,-875.15,-1670.1,-2842.6,641.89,644.26,1111.2,570.7,-735.71,-1206.1,4002.3,284269,564,200,218,-0.052166,-1.8888,1.1247
500.39,1947,3291.3,-3.2172,-3832.2,434.41,6.232e+05,52261,1,-930.43,-1692.1,-2901.2,626.69,647.49,1125.3,566.26,-746.55,-1224.5,4074.5,285222,564,200,218,-0.063755,-1.8884,1.1247
480.89,1961.4,3304.4,-3.7897,-3847.7,438.66,6.222e+05,52265,1,-1040.9,-1629.1,-2773.7,503.07,655.07,1119.1,325.61,-684.76,-1137.7,3903.2,283026,564,200,218,-0.040576,-1.8891,1.1247
467.04,1965.7,3307,-3.6497,-3850.6,436.84,6.2026e+05,52267,1,-1288.9,-1536.6,-2612.8,307.1,678.19,1147,57.722,-621.22,-1041.4,3767.3,280950,564,148,217,-0.028984,-1.8893,1.1247
543.64,1863.8,3194,-1.0618,-3717.6,387.57,6.2536e+05,52245,1,-67.448,-1732.6,-2907.4,1534.4,652.24,1305.8,1991.5,-820.69,-1093.4,4666.8,291546,564,200,218,-0.15634,-1.883,1.1247
452.48,1968.7,3307,-3.7735,-3850.7,434.34,6.1966e+05,52269,1,-1380,-1474.4,-2493.3,241.05,696.48,1172.1,24.433,-595.34,-998.34,3682.9,279418,564,148,217,-0.017391,-1.8894,1.1247
436.02,1971.3,3307.1,-3.5759,-3850.7,429.97,6.1989e+05,52271,1,-1507,-1429.2,-2414.2,238.53,718.58,1211.3,61.344,-536.23,-902.9,3645.4,278694,564,148,217,-0.0057971,-1.8895,1.1247
419.14,1974.8,3309.4,-3.1407,-3853.1,425.2,6.1941e+05,52273,1,-1386.8,-1376.8,-2305.5,346.96,749.14,1257.1,283.85,-478.41,-804.88,3514.8,275786,564,148,217,0.0057969,-1.8895,1.1247
542,1845.8,3168.4,-0.6976,-3687.6,375.85,6.2611e+05,52243,1,27.029,-1727.6,-2887.1,1631.9,660.18,1351.2,2222.6,-794.78,-993.93,4775.4,292539,564,200,218,-0.16789,-1.882,1.1247
536.6,1809.5,3114.2,-0.68337,-3624.5,350.97,6.2812e+05,52239,1,104.33,-1731,-2880.4,1590.2,641.09,1341.8,2217.4,-813.91,-987.89,4753.8,292337,564,200,218,-0.19097,-1.8798,1.1247
539.57,1827.4,3141.2,-0.62211,-3655.9,363.59,6.2728e+05,52241,1,68.569,-1716,-2855.3,1637.8,653.74,1354.3,2269.4,-798.91,-970.4,4772.5,292514,564,200,218,-0.17944,-1.881,1.1247
402.86,1979.1,3313.5,-2.634,-3857.6,421.06,6.1799e+05,52275,1,-1323.3,-1338.9,-2227.3,368.66,766.51,1280.9,295.95,-431.92,-727.96,3416.5,272300,564,148,217,0.017391,-1.8894,1.1247
387.63,1983.2,3315.2,-3.2533,-3860,418,6.1643e+05,52277,1,-1471.2,-1263.3,-2085.9,231.7,799.83,1339,-30.69,-358.95,-600.72,3329.9,268615,564,148,217,0.028983,-1.8893,1.1247
366.31,1983.7,3311,-3.9421,-3855.5,408.82,6.1462e+05,52279,1,-2108.9,-1079.9,-1736.7,-150.88,886.86,1496.3,-531.38,-192.53,-302.78,3477,274535,564,95,216,0.040575,-1.8891,1.1247
337.44,1980.1,3302.9,-3.4989,-3845.8,391.98,6.1185e+05,52281,1,-2404.9,-868.69,-1344.6,-497.02,962.67,1638.6,-1075,-29.793,2.7601,3655.3,278866,564,95,216,0.052166,-1.8888,1.1247
268.34,1959.3,3257.1,-7.1713,-3794.7,346.25,6.0762e+05,52285,1,-4282.1,-293.4,-196.04,-1877,1133.5,2032.5,-2872.8,303.27,707.21,6020.4,303875,564,95,216,0.07534,-1.888,1.1247
307.3,1972.3,3286,-4.2056,-3826.6,373.67,6.0912e+05,52283,1,-3296.3,-609.12,-835.83,-1052.2,1064.7,1853.3,-2157.6,123.55,334.17,4732.1,292139,564,95,216,0.063754,-1.8884,1.1247
162.18,1896.8,3166.9,-0.63064,-3685.8,260.84,5.8643e+05,52289,1,-2918.2,775.43,1550.1,-1139.4,1310.6,2283.9,-6247,211.13,909.68,7723.3,315446,564,95,216,0.098504,-1.8869,1.1247
207.33,1932,3221,-2.764,-3750.1,295.99,6.0772e+05,52287,1,-4710.9,108,549.63,-2786,1162.2,2174.4,-4015.4,449.59,1076.4,7337,313303,564,95,216,0.086924,-1.8875,1.1247
129.42,1903.4,3079.4,-51.331,-3614.2,240.09,5.8513e+05,52291,1,-15266,329.9,2109.8,-4344.7,1361.2,2732.4,-7997.1,-193.94,465.52,18166,336124,564,95,216,0.11008,-1.8863,1.1247
575.06,1908.1,3290.9,-3.4012,-3817.8,474.8,6.2551e+05,53673,1,-826.93,-1819.7,-3169.9,696.94,647.61,1164,602.94,-761.2,-1241.6,4334.5,288114,564,200,218,-0.098862,-1.8938,1.1131
565.86,1915.5,3298.4,-3.0454,-3826.4,477.14,6.2486e+05,53675,1,-847.14,-1760.9,-3059.2,642.82,658.34,1168.8,529.34,-730.75,-1200.6,4200.7,286711,564,200,218,-0.08724,-1.8944,1.1131
556.82,1922.5,3304.6,-3.09,-3833.5,479.72,6.2448e+05,53677,1,-925.64,-1740.8,-3027,607.84,664.77,1173.2,484.71,-721.84,-1195.6,4174.1,286413,564,200,218,-0.075614,-1.8949,1.1131
583.77,1900.2,3283.1,-3.4371,-3808.9,472.08,6.2681e+05,53671,1,-658.21,-1837.3,-3185.7,857.43,634.89,1164.9,798.49,-826.08,-1322.4,4418.3,288943,564,200,218,-0.11048,-1.8932,1.1131
590.45,1875.7,3255.3,-1.7101,-3775.6,456.74,6.2594e+05,53667,1,-269.95,-1810.3,-3108.9,1308.1,648.83,1260.5,1568.3,-824.13,-1211,4619.7,291059,564,200,218,-0.1337,-1.8917,1.1131
588.35,1889.5,3272.3,-2.3866,-3795.8,465.48,6.2536e+05,53669,1,-413.89,-1827.8,-3156.7,1084.6,637.56,1204.4,1120.3,-840.2,-1307.2,4492.2,289641,564,200,218,-0.12209,-1.8924,1.1131
591.11,1860.1,3234.6,-1.2083,-3751.4,446.85,6.267e+05,53665,1,-131.92,-1797.5,-3070.9,1471.5,663.41,1319.7,1874.2,-798.73,-1110.9,4734,292168,564,200,218,-0.14531,-1.8908,1.1131
590.31,1842.7,3210.4,-0.81345,-3723,435.82,6.2695e+05,53663,1,-61.261,-1801.7,-3068.3,1574.7,666.01,1350.6,2081.5,-784.22,-1041,4841.7,293138,564,200,218,-0.15691,-1.8899,1.1131
536.51,1936.6,3317.5,-3.0049,-3848.5,482.84,6.2366e+05,53681,1,-930.78,-1699.5,-2931.4,633.91,669.19,1167.1,510.08,-687.17,-1142.8,4074.1,285215,564,200,218,-0.052356,-1.8957,1.1131
546.82,1929.2,3310.3,-3.0729,-3840.2,481.41,6.2465e+05,53679,1,-955.57,-1725.8,-3000.7,625.48,673.02,1184.8,517.16,-688.76,-1145.7,4147,286154,564,200,218,-0.063986,-1.8953,1.1131
510.81,1947.8,3323.1,-4.2489,-3855.8,480.87,6.2218e+05,53685,1,-1413,-1662.3,-2865.8,315.67,682.63,1170.5,27.745,-613.29,-1041.8,4046.1,284819,564,148,217,-0.029089,-1.8962,1.1131
525.76,1943.5,3322.3,-3.7457,-3854.4,483.91,6.2322e+05,53683,1,-1144.3,-1683.6,-2915.9,497.37,687.35,1192.6,213.12,-638.95,-1081.9,4051.3,284901,564,200,218,-0.040723,-1.8959,1.1131
492.38,1950.1,3322,-4.1129,-3854.4,474.41,6.2081e+05,53687,1,-1623.5,-1557.9,-2680,188.25,710.58,1213.9,-114.68,-541.57,-924.23,3926.8,283303,564,148,217,-0.017454,-1.8963,1.1131
588.52,1824.4,3183.7,-0.71071,-3692,424.09,6.2829e+05,53661,1,11.188,-1818.2,-3087.5,1622.8,660.44,1366.6,2224,-782.51,-993.88,4931.8,293932,564,200,218,-0.1685,-1.8889,1.1131
472.97,1951.9,3320.8,-3.6621,-3852.7,466.98,6.2007e+05,53689,1,-1636.5,-1450.5,-2480.8,187.86,736.81,1256.3,-19.472,-489.3,-833.9,3745.4,280526,564,148,217,-0.0058181,-1.8964,1.1131
454.4,1954.5,3321.6,-3.0022,-3853.3,460.39,6.1912e+05,53691,1,-1547.9,-1402.2,-2384.8,261.98,757.99,1290.4,117.24,-454.85,-775.38,3630.4,278434,564,148,217,0.0058179,-1.8964,1.1131
437.95,1958.4,3323.9,-2.904,-3855.9,455.95,6.1814e+05,53693,1,-1502.8,-1325.9,-2235.3,273.65,801.47,1361.6,32.916,-348.97,-593.85,3472.8,274415,564,148,217,0.017454,-1.8963,1.1131
586.01,1806.1,3156.5,-0.81352,-3660.5,411.84,6.2984e+05,53659,1,69.919,-1801.5,-3037.5,1613.7,643.17,1348.6,2244.3,-808.16,-1005.5,4900.4,293660,564,200,218,-0.18009,-1.8878,1.1131
419.83,1961.2,3322.7,-3.7063,-3854.9,449.86,6.1689e+05,53695,1,-1862.6,-1203.5,-1995.8,12.377,863.34,1469.3,-388.39,-219.82,-361.94,3483.5,274851,564,95,216,0.029089,-1.8962,1.1131
393.91,1958.9,3314.6,-3.9333,-3845.7,435.89,6.1442e+05,53697,1,-2635.5,-1023,-1648.4,-403.69,953.02,1642.8,-1039.5,-67.302,-74.888,3945.9,283548,564,95,216,0.040723,-1.8959,1.1131
362.31,1954.4,3302.1,-4.7885,-3831.7,416.13,6.1244e+05,53699,1,-2942.9,-883.46,-1360.6,-650.4,1012.3,1752.6,-1354.3,63.215,174.05,4204.8,286749,564,95,216,0.052355,-1.8957,1.1131
269.6,1925.3,3243.8,-7.8462,-3765.8,346.15,6.0749e+05,53703,1,-4995.2,-479.86,-473.41,-2066.4,1199.4,2186.3,-3513,423.75,964.97,7024.8,311658,564,95,216,0.075614,-1.8949,1.1131
201.91,1894.9,3198.9,-5.2643,-3712.3,288.87,6.0691e+05,53705,1,-5449.4,-248.59,-4.5853,-2715.1,1245.7,2327.9,-3953,622.43,1366.3,7872.8,316296,564,95,216,0.087239,-1.8944,1.1131
319.99,1942.9,3280,-5.0956,-3806.2,385.36,6.098e+05,53701,1,-4055.5,-663.52,-897.63,-1374,1146.1,2037.3,-2664.2,284.92,643.97,5713,300937,564,95,216,0.063986,-1.8953,1.1131
141.53,1861.7,3147.8,-3.6349,-3652.1,238.39,5.9271e+05,53707,1,-5196.3,493.94,1299.9,-2035.9,1464,2667.3,-6133.7,586.26,1551.9,9094.6,320885,564,95,216,0.098862,-1.8938,1.1131
83.468,1850.4,3057.7,-41.169,-3569.7,191.13,5.8956e+05,53709,1,-15955,365.8,2267.6,-5078.6,1666.3,3357.2,-6880,313.93,1221.4,18671,336491,564,95,216,0.11048,-1.8932,1.1131
633.57,1881.6,3304.2,-2.685,-3819.1,522.88,6.2607e+05,55093,1,-616.07,-1839.8,-3235.2,890.41,666.51,1240.4,798.13,-761.14,-1230.9,4442.7,289174,564,200,218,-0.11088,-1.8999,1.1014
626.22,1889.9,3311,-3.3658,-3827.4,526.84,6.2639e+05,55095,1,-855.7,-1855.1,-3277.5,694.61,663.93,1208.9,501.45,-752.29,-1252.5,4436.9,289107,564,200,218,-0.099216,-1.9006,1.1014
615.87,1896.9,3316.8,-3.2934,-3834,527.95,6.2529e+05,55097,1,-966.22,-1839.8,-3252.7,628.09,676.42,1217.8,455.24,-697.22,-1167,4391.9,288704,564,200,218,-0.087552,-1.9012,1.1014
604.85,1903.6,3322.4,-3.0575,-3840.4,528.47,6.2446e+05,55099,1,-1035.9,-1776.9,-3138,600.05,686.7,1226.1,444.13,-650.29,-1092.7,4269.3,287407,564,200,218,-0.075885,-1.9017,1.1014
640.08,1838.9,3250.9,-1.0709,-3756.6,497.29,6.2803e+05,55087,1,-161.85,-1882.1,-3264.5,1519.2,678.27,1370.2,1965.2,-744.02,-1020.8,4932.4,293942,564,200,218,-0.14583,-1.8976,1.1014
639.41,1855.4,3273.1,-1.4484,-3782.5,507.01,6.2766e+05,55089,1,-243.69,-1863.9,-3242.9,1378.7,672.25,1327.3,1695.8,-752.98,-1090.1,4774.4,292528,564,200,218,-0.13418,-1.8984,1.1014
637.47,1869.9,3291.6,-1.8985,-3804.2,515.75,6.2622e+05,55091,1,-356.63,-1850.2,-3230.9,1208.3,671.47,1295.1,1359.4,-750.16,-1138.2,4613.4,290968,564,200,218,-0.12253,-1.8992,1.1014
639.6,1821.1,3225.6,-0.92671,-3727.3,486.73,6.2978e+05,55085,1,-60.233,-1895.5,-3268.6,1613.5,674.18,1391.5,2183.8,-750.78,-976.61,5055.7,295018,564,200,218,-0.15747,-1.8966,1.1014
582.79,1917.6,3334.3,-2.8862,-3854,529.62,6.2454e+05,55103,1,-1020.1,-1700.3,-2985.7,617.44,700.44,1239.6,455.04,-615.64,-1040.9,4113.9,285701,564,200,218,-0.052543,-1.9024,1.1014
593.98,1910.4,3327.8,-3.0111,-3846.6,529.18,6.2527e+05,55101,1,-1003.8,-1734.3,-3053.8,620.18,689.95,1227.8,488.13,-640.23,-1077.1,4185.4,286533,564,200,218,-0.064215,-1.9021,1.1014
556.75,1928.8,3338.8,-4.2661,-3860.1,527.1,6.2349e+05,55107,1,-1520.5,-1657.1,-2902.1,278.87,726.6,1263.6,-135.96,-542.55,-939.99,4108.4,285613,564,148,217,-0.029193,-1.903,1.1014
571.55,1924.4,3338.9,-3.4134,-3859.7,530.1,6.2413e+05,55105,1,-1150.9,-1670.6,-2927.9,498.18,713.69,1252.2,182.28,-591.28,-1013.3,4052.5,284912,564,148,217,-0.040869,-1.9027,1.1014
536.52,1930.8,3335.9,-4.4433,-3856.8,518.73,6.2237e+05,55109,1,-1861.2,-1625.1,-2837,139.66,745.24,1290.5,-246.67,-483.55,-839.17,4130.8,285896,564,148,217,-0.017516,-1.9031,1.1014
513.63,1931.9,3333.2,-3.9447,-3853.4,507.7,6.2152e+05,55111,1,-1856.3,-1555,-2697.7,144.2,760.78,1315.4,-133.72,-436.16,-754.57,4031,284651,564,148,217,-0.005839,-1.9032,1.1014
638.12,1802.8,3198.9,-0.98587,-3696.6,475.4,6.3149e+05,55083,1,-25.7,-1935.3,-3340.4,1594.8,659.96,1381,2185,-776.46,-1004.9,5116.4,295638,564,200,218,-0.1691,-1.8956,1.1014
492.28,1933.8,3332.7,-3.126,-3852.4,498.21,6.1975e+05,55113,1,-1689.6,-1448.3,-2491.9,211.35,792.05,1367.1,-23.881,-353.15,-609.7,3768.3,280967,564,148,217,0.0058388,-1.9032,1.1014
474.04,1936.9,3332.8,-3.2148,-3852.5,491.84,6.183e+05,55115,1,-1716.6,-1374.5,-2347.1,175.53,826.65,1426.3,-218.68,-285.93,-488.83,3669.1,279174,564,148,217,0.017516,-1.9031,1.1014
451.9,1938.1,3327.6,-4.5349,-3847.2,481.57,6.1752e+05,55117,1,-2364.8,-1199.5,-2007.4,-184.2,900.91,1563.2,-765.4,-131.31,-204.25,3872.3,282594,564,148,217,0.029193,-1.903,1.1014
381.2,1924.8,3296,-5.3081,-3811.2,434.2,6.1308e+05,55121,1,-3610.5,-815.37,-1234,-1027.8,1090.9,1935.3,-2032.3,215.04,471.12,5061,295070,564,95,216,0.052543,-1.9024,1.1014
418.16,1932.9,3315.1,-4.3207,-3832.8,459.57,6.1469e+05,55119,1,-3006.2,-999.42,-1614.7,-590.14,981.43,1718.4,-1353.1,18.197,83.994,4329.7,288043,564,95,216,0.040869,-1.9027,1.1014
206.92,1858,3174.3,-8.1916,-3672.3,292.17,6.0588e+05,55127,1,-6500.1,-464.87,-285.62,-2968.6,1310.8,2500.3,-4753.3,776.49,1720.4,9246,321492,564,95,216,0.087552,-1.9012,1.1014
281.73,1889.9,3227.2,-8.2171,-3733.4,356.86,6.0802e+05,55125,1,-5118.5,-642.17,-760.38,-2112.4,1250,2303,-3870.3,486.92,1103.8,7413,313678,564,95,216,0.075885,-1.9017,1.1014
333.89,1909.2,3267.2,-5.284,-3777.9,398.12,6.1003e+05,55123,1,-4239.4,-652.47,-878.43,-1538.9,1198.4,2160.2,-2960.9,394.21,856.23,6107,305005,564,95,216,0.064215,-1.9021,1.1014
40.875,1793.3,3030.9,-29.327,-3518.8,145.28,5.9391e+05,55131,1,-12005,-222.63,846.8,-4139.3,1490.5,2996.3,-5940.9,620.55,1661.3,14548,332742,564,95,216,0.11088,-1.8999,1.1014
125.29,1821.9,3117.4,-7.6152,-3606.2,220.1,5.9741e+05,55129,1,-7116.9,-41.94,565.97,-2843.6,1383.3,2642.1,-6197.2,920.29,2154.4,10576,325073,564,95,216,0.099216,-1.9006,1.1014
677.25,1870.4,3329.9,-2.8379,-3835.4,578.82,6.2591e+05,56521,1,-832.94,-1882.7,-3367.4,691.91,697.02,1282,469.42,-677.93,-1142,4491.1,289629,564,200,218,-0.099566,-1.9073,1.0897
684.13,1861.6,3322.3,-2.4402,-3826.4,574.51,6.266e+05,56519,1,-655.11,-1924.7,-3439.4,900.81,684.92,1292.1,823.28,-686.47,-1118,4616.5,291004,564,200,218,-0.11127,-1.9067,1.0897
688.89,1849.6,3308.6,-2.0604,-3810.4,568.38,6.2847e+05,56517,1,-472.92,-1974.7,-3511.5,1207,679.31,1325.8,1327,-706.82,-1087.1,4855.1,293240,564,200,218,-0.12296,-1.9059,1.0897
668.02,1877.5,3334.5,-3.2335,-3840.9,580.94,6.2628e+05,56523,1,-1017.7,-1891.1,-3396.5,620.02,714.27,1302.2,336.82,-634.08,-1084.5,4519.9,289925,564,200,218,-0.087861,-1.9079,1.0897
655.95,1884.3,3338.9,-3.4141,-3846.1,580.29,6.2639e+05,56525,1,-1179.2,-1872.1,-3360.8,609.86,709.39,1285.2,386.6,-611.27,-1043.2,4508.7,289807,564,200,218,-0.076153,-1.9084,1.0897
642.03,1890.9,3343.9,-3.1175,-3851.7,577.86,6.2511e+05,56527,1,-1130.3,-1795.1,-3204.7,610.89,703.29,1265.1,460.69,-595.67,-1013.8,4339.8,288172,564,200,218,-0.064442,-1.9088,1.0897
691.56,1834.3,3289.3,-1.5362,-3787.9,560.51,6.2932e+05,56515,1,-293.35,-1996.5,-3524.4,1438.8,688.42,1381.7,1778.7,-714.34,-1025.6,5066.8,295129,564,200,218,-0.13466,-1.9051,1.0897
692.8,1817.1,3266.1,-1.1951,-3761,551.53,6.3048e+05,56513,1,-215.36,-2036.3,-3588.6,1554.8,694.02,1421.9,2019.7,-714.6,-977.07,5247.5,296733,564,200,218,-0.14634,-1.9043,1.0897
692.93,1799.2,3240.8,-1.1418,-3731.9,541.69,6.3227e+05,56511,1,-124.99,-2058.6,-3614.9,1572.6,673.76,1404.9,2103.9,-754.12,-1012.1,5314.2,297332,564,200,218,-0.15803,-1.9033,1.0897
617.05,1904.4,3353.9,-3.1914,-3863.2,576.02,6.245e+05,56531,1,-1226.3,-1653.1,-2940.4,485.36,730.16,1297.4,156.86,-530.43,-921.16,4060.7,285006,564,200,218,-0.041013,-1.9095,1.0897
629.43,1897.9,3349.8,-2.8975,-3858.4,576.8,6.2486e+05,56529,1,-1186.4,-1746.7,-3124.4,602.5,711.31,1278,407.76,-559.12,-960.21,4257.2,287271,564,200,218,-0.052729,-1.9092,1.0897
580.84,1909.9,3348.2,-4.2121,-3857.2,563.23,6.2299e+05,56535,1,-1907.2,-1589.2,-2808.3,114.66,781.14,1368,-327.37,-428.06,-753.39,4130.8,285897,564,148,217,-0.017578,-1.9098,1.0897
601.9,1908.6,3352.9,-4.035,-3862.5,572.55,6.2414e+05,56533,1,-1595.5,-1583.3,-2822.7,223.56,766.51,1353.5,-291.66,-457.38,-809.99,4060.7,285007,564,148,217,-0.029296,-1.9097,1.0897
557,1910.9,3344.3,-3.845,-3852.6,551.13,6.2239e+05,56537,1,-2015.2,-1546.3,-2727.4,121.17,801.49,1408.8,-295.05,-351.31,-618.65,4130.8,285898,564,148,217,-0.0058596,-1.9099,1.0897
534.3,1912.8,3342.5,-3.5044,-3850.3,540.17,6.2107e+05,56539,1,-2045.4,-1481.6,-2583.9,79.801,820.45,1438.6,-263.7,-282.67,-492.04,4024.5,284538,564,148,217,0.0058594,-1.9099,1.0897
511.13,1913.9,3339.2,-3.4587,-3846.4,528.72,6.1878e+05,56541,1,-2017.1,-1323.6,-2280,51.148,884.51,1546.8,-454.12,-177.99,-301.66,3811.2,281626,564,148,217,0.017578,-1.9098,1.0897
483.23,1912.7,3329.1,-4.9034,-3835.6,512.52,6.1786e+05,56543,1,-2909.1,-1196.9,-2021.1,-434.58,978.07,1731.8,-1281,10.505,55.392,4446.2,289203,564,148,217,0.029296,-1.9097,1.0897
444.26,1905.4,3312,-4.9586,-3816,485.07,6.1518e+05,56545,1,-3444.2,-1022.6,-1656.6,-798.43,1045.4,1862.2,-1763.4,158.84,348.79,4909.9,293728,564,95,216,0.041013,-1.9095,1.0897
400.38,1894.2,3287.4,-5.9149,-3788.2,452.52,6.1395e+05,56547,1,-4251.5,-884.69,-1339.9,-1381.1,1118.3,2032.4,-2673.1,331.01,716.48,5975.9,303469,564,95,216,0.052729,-1.9092,1.0897
347.39,1875.6,3253.3,-5.7592,-3748.9,410.47,6.1083e+05,56549,1,-4491.9,-731.55,-1013.7,-1760.8,1180.2,2167.2,-3325,437.1,963.25,6565.3,308889,564,95,216,0.064442,-1.9088,1.0897
123.86,1779.3,3080.7,-11.049,-3553.2,216.45,6.0011e+05,56555,1,-8040.1,-263.66,268.67,-3238.5,1504.4,2923.3,-6146.7,964.41,2247.7,11395,326777,564,95,216,0.099566,-1.9073,1.0897
217.54,1817.2,3144.3,-9.826,-3625.7,300.9,6.0504e+05,56553,1,-7115.3,-446.71,-210.01,-3211.3,1374.6,2666.7,-5525,843.14,1918.2,10252,324273,564,95,216,0.087861,-1.9079,1.0897
291.6,1851.3,3205.6,-8.02,-3695.2,365.18,6.081e+05,56551,1,-5748.5,-584.71,-618.91,-2579.9,1279.6,2422.2,-4657.1,637.28,1442.6,8491.6,318855,564,95,216,0.076153,-1.9084,1.0897
721.12,1856.8,3351,-2.8161,-3846.3,634.94,6.2565e+05,57953,1,-1008.1,-1962.2,-3563.9,606.43,734.65,1353.3,312.63,-583.37,-1008,4664.8,291529,564,200,218,-0.088167,-1.9145,1.078
731.43,1850.2,3346.9,-2.9626,-3841.6,633.98,6.2656e+05,57951,1,-944.58,-2047.4,-3723.4,668.77,707,1318,446.5,-611.36,-1042.8,4826.2,292996,564,200,218,-0.099913,-1.9139,1.078
739.99,1841.5,3339.1,-2.9672,-3832.7,631.45,6.2816e+05,57949,1,-748.83,-2155,-3908,983.06,681.51,1314.5,899.81,-673.29,-1100.8,5109.8,295566,564,200,218,-0.11165,-1.9133,1.078
746.08,1828.8,3325.3,-2.389,-3816.6,626.79,6.3014e+05,57947,1,-550.22,-2176.7,-3926.2,1279.5,683.7,1360.5,1400.2,-709.21,-1096.7,5298.8,297196,564,200,218,-0.12339,-1.9126,1.078
749.61,1812.5,3305.2,-1.6174,-3793,619.95,6.3085e+05,57945,1,-408.86,-2204.9,-3962.6,1485.2,693.59,1414.2,1789.9,-709.45,-1036.4,5495.4,298904,564,200,218,-0.13513,-1.9118,1.078
709.14,1863.5,3354.5,-3.0531,-3850.5,634.28,6.2605e+05,57955,1,-1204.8,-1942,-3537.8,606.43,757.85,1390.6,301.99,-545.79,-947.25,4679.8,291671,564,200,218,-0.076418,-1.915,1.078
694.53,1870.9,3359,-3.4524,-3855.8,631.01,6.2662e+05,57957,1,-1341.2,-1910.8,-3476.6,648.66,745.06,1363.3,395.16,-521.92,-903.35,4649.3,291389,564,200,218,-0.064667,-1.9155,1.078
751.56,1794.8,3281.2,-1.3445,-3765.4,611.83,6.3257e+05,57943,1,-280.21,-2227.6,-3984.2,1562.8,700.54,1452.3,2018.3,-713.21,-989.65,5614.1,300026,564,200,218,-0.14685,-1.9109,1.078
752.08,1777.1,3256.5,-1.4361,-3737,602.46,6.3497e+05,57941,1,-133.68,-2291.6,-4090.7,1487.4,676.97,1421.4,1942.6,-766.93,-1076.3,5675.8,300569,564,200,218,-0.15858,-1.91,1.078
661.38,1883.7,3367.1,-3.2121,-3865,620.77,6.2387e+05,57961,1,-1415.4,-1696.1,-3065.1,404.58,749.92,1346.5,2.6757,-448.1,-793.89,4200.6,286710,564,148,217,-0.041156,-1.9161,1.078
677.83,1878,3364,-3.3854,-3861.5,625.72,6.2564e+05,57959,1,-1443.2,-1815.3,-3296.6,562.96,733.41,1330.5,302.28,-483,-843.4,4461.7,289345,564,148,217,-0.052912,-1.9158,1.078
623.22,1887.7,3358.4,-3.8333,-3855.3,605.82,6.2315e+05,57965,1,-2031.3,-1492.4,-2685.9,53.019,813.9,1447.9,-482.19,-330.83,-595.91,4126.3,285828,564,148,217,-0.01764,-1.9165,1.078
644.87,1887.3,3364.8,-3.8332,-3862.7,615.85,6.2381e+05,57963,1,-1714.2,-1652.4,-2991,195.85,767.08,1371.8,-373.08,-392.03,-707.37,4232.8,287028,564,148,217,-0.029398,-1.9163,1.078
599.25,1888.7,3353.6,-3.7305,-3849.8,593.45,6.2276e+05,57967,1,-2064.9,-1457.3,-2601.3,115.43,829.22,1475.1,-396.85,-290.57,-518.28,4126.3,285829,564,148,217,-0.00588,-1.9165,1.078
574.76,1890.3,3349.1,-4.2383,-3844.9,580.55,6.2253e+05,57969,1,-2255.2,-1434.1,-2539.4,4.1956,854.26,1520.1,-497.29,-211.99,-373.71,4130.8,285899,564,148,217,0.0058798,-1.9165,1.078
543.69,1888,3341.2,-3.1996,-3835.3,561.04,6.1865e+05,57971,1,-2563.5,-1241.4,-2164.3,-229.79,942.66,1680.6,-939.53,-33.396,-41.558,4177.1,286446,564,148,217,0.017639,-1.9165,1.078
516.21,1885.3,3327.3,-4.9905,-3820.3,545.07,6.1875e+05,57973,1,-3128.6,-1036.5,-1750.6,-609.64,1065.9,1917.4,-1632.6,165.83,344.89,4682.2,291694,564,148,217,0.029398,-1.9163,1.078
471.37,1875.6,3305.4,-5.2083,-3795.2,511.54,6.1592e+05,57975,1,-3794.5,-1094,-1799.7,-929,1070,1935.1,-2037.6,200.13,433.6,5382.1,297883,564,148,217,0.041156,-1.9161,1.078
423.57,1862.3,3276.1,-6.3551,-3762.3,474.82,6.1427e+05,57977,1,-4255.1,-1022,-1613.5,-1317.6,1110.7,2037.9,-2754.8,317.33,696.67,6087.1,304840,564,148,217,0.052912,-1.9158,1.078
366.63,1842.8,3237.4,-7.3923,-3718.5,428.6,6.1165e+05,57979,1,-5336.4,-808.03,-1113.8,-2100.3,1193.2,2248.5,-4011.4,546.63,1216.4,7689.7,315267,564,95,216,0.064666,-1.9155,1.078
213.16,1773.3,3111.2,-10.164,-3575.3,294.51,6.0468e+05,57983,1,-7603.2,-133.43,396.1,-3516.3,1440.6,2845.2,-5939.2,955.7,2184.9,11022,326104,564,95,216,0.088167,-1.9145,1.078
295.65,1813.8,3182.9,-8.9786,-3656.9,367.73,6.09e+05,57981,1,-6868.8,-415.85,-237.37,-3155.2,1297.7,2536.9,-5565.9,768.35,1773.5,10010,323721,564,95,216,0.076418,-1.915,1.078
778.9,1835.2,3365.1,-3.054,-3849.3,693.65,6.2638e+05,59387,1,-1311.2,-2190.2,-4054.6,492.13,747.59,1386.5,155.73,-522.17,-927.17,5180.3,296196,564,200,218,-0.08847,-1.9211,1.0662
793.33,1830.1,3362.9,-3.9792,-3847.4,696.85,6.2825e+05,59385,1,-1136.4,-2376.4,-4391,664.11,680.98,1290.9,358.91,-643.01,-1123.4,5531.2,299236,564,200,218,-0.10026,-1.9205,1.0662
810.44,1807.5,3342.5,-2.4393,-3823.2,692.39,6.3068e+05,59381,1,-606.49,-2429.4,-4440.1,1370.5,681.66,1384.4,1454.8,-718.24,-1122.7,5842.6,302298,564,200,218,-0.12382,-1.9191,1.0662
804.07,1821.6,3356.9,-3.7304,-3840.3,696.59,6.2962e+05,59383,1,-868.13,-2434.5,-4476.3,998.81,654.05,1284,823.98,-722.3,-1212.6,5697.6,300781,564,200,218,-0.11204,-1.9199,1.0662
814.79,1789.7,3320.5,-1.5995,-3797.5,686.58,6.3207e+05,59379,1,-471.74,-2479.8,-4523.5,1592.7,722.95,1503.4,1949.9,-686.9,-987.65,6115.8,305086,564,200,218,-0.13559,-1.9183,1.0662
764.81,1840.9,3367.6,-2.5293,-3851.9,690.81,6.2538e+05,59389,1,-1363.1,-2081.8,-3854.9,591.86,804.07,1492.5,270.2,-442.02,-778.53,5015.1,294661,564,200,218,-0.076681,-1.9216,1.0662
750.61,1848.7,3372.1,-3.065,-3857.4,687.81,6.2647e+05,59391,1,-1379.2,-2039.4,-3760.9,706.21,800.83,1487,366.9,-446.2,-781.6,4949.9,294142,564,200,218,-0.064889,-1.922,1.0662
733.91,1856.9,3376.6,-3.8826,-3863,682.36,6.2708e+05,59393,1,-1544.7,-2054.1,-3783.9,662.57,773.19,1429.1,321.16,-451.81,-797.23,4994.6,294506,564,148,217,-0.053094,-1.9224,1.0662
817.51,1771.8,3296.3,-1.5038,-3769.8,679.34,6.3473e+05,59377,1,-272.27,-2500.8,-4541.1,1505.9,716.2,1498.8,1913.4,-714.93,-1021.2,6098.6,304928,564,200,218,-0.14736,-1.9175,1.0662
817.79,1755,3273.2,-1.7236,-3743.6,669.77,6.3788e+05,59375,1,-93.89,-2461.9,-4440.1,1414.7,676.92,1427.6,1797.7,-787.17,-1147.7,5954,303242,564,200,218,-0.15912,-1.9165,1.0662
714.19,1863,3378.6,-4.178,-3865.4,674.02,6.2569e+05,59395,1,-1715.3,-1972.5,-3622.9,419.19,766.43,1398.2,-46.059,-403.21,-726.9,4834.2,293068,564,148,217,-0.041297,-1.9227,1.0662
637.54,1865.2,3360.4,-3.6155,-3844.3,631.82,6.2273e+05,59401,1,-2156,-1452.3,-2631.9,58.27,856.2,1543.2,-549.54,-202.12,-367.17,4156.9,286234,564,148,217,-0.0059002,-1.9231,1.0662
662.22,1864.4,3366.3,-3.669,-3851,645.03,6.231e+05,59399,1,-2287.9,-1514.2,-2772,-24.524,844.15,1521.8,-599.85,-244.08,-450.33,4343.1,288196,564,148,217,-0.0177,-1.923,1.0662
691.21,1865.9,3374.5,-4.8218,-3861.1,662.5,6.2519e+05,59397,1,-2351.9,-1782.2,-3282.4,54.63,804.23,1454.7,-584.98,-292.69,-543.2,4792.7,292694,564,148,217,-0.029499,-1.9229,1.0662
612.02,1865,3351.9,-4.2488,-3834.9,617.74,6.2217e+05,59403,1,-2631.9,-1309.2,-2345.9,-185.12,930.5,1682.1,-915.95,-32.566,-52.153,4326.3,288009,564,148,217,0.0059,-1.9231,1.0662
537.9,1854.3,3320.4,-4.3686,-3798.9,566.28,6.1855e+05,59407,1,-3420.9,-1030.2,-1767,-760.22,1048.7,1915,-1879.1,202.25,417.93,4997.8,294522,564,148,217,0.029499,-1.9229,1.0662
578.97,1863,3341.5,-4.4471,-3823.1,596.1,6.2054e+05,59405,1,-3129.4,-1227.4,-2159.1,-464.59,981.17,1780.2,-1336.2,95.89,199.19,4705.7,291894,564,148,217,0.0177,-1.923,1.0662
497.49,1844.2,3296.2,-4.9658,-3771.6,536.98,6.1673e+05,59409,1,-3866.4,-887.13,-1442.6,-1087.8,1134.6,2088.3,-2493.6,352.17,736.17,5615.4,300037,564,148,217,0.041297,-1.9227,1.0662
448.79,1830.2,3263,-7.0817,-3734.8,499.15,6.1532e+05,59411,1,-4974.4,-853.85,-1278.1,-1753.6,1188.1,2235.1,-3589.6,530.81,1146,7146.3,312328,564,148,217,0.053094,-1.9224,1.0662
383.41,1805.7,3215.1,-8.1549,-3680.7,444.12,6.1086e+05,59413,1,-5899.8,-767.34,-1021.7,-2315.2,1230.1,2359.3,-4571,642.34,1438.9,8500.4,318882,564,148,217,0.064888,-1.922,1.0662
309.02,1776.6,3155.7,-11.64,-3614.7,379.61,6.0995e+05,59415,1,-7583.1,-641.43,-607.75,-3217.4,1281.2,2545.2,-5782.2,815.53,1887.9,10697,325391,564,148,217,0.076681,-1.9216,1.0662
845.16,1813.2,3378,-3.8941,-3851.5,760.85,6.28e+05,60823,1,-1847.8,-2288.5,-4337.1,303.91,797.83,1483.7,-103.4,-394.83,-730.34,5576,299664,564,200,218,-0.088769,-1.9276,1.0544
865.59,1810.3,3380.1,-5.2787,-3854.7,770.04,6.2921e+05,60821,1,-1652.1,-2625,-4959.8,482.6,700.66,1328.8,-70.712,-592.76,-1090.4,6185.1,305659,564,200,218,-0.1006,-1.927,1.0544
878.09,1801.9,3376.5,-4.4183,-3850.1,771.63,6.3071e+05,60819,1,-852.74,-2727.2,-5069.9,1164.9,664.83,1340.5,953.81,-742.4,-1250.1,6262.3,306292,564,200,218,-0.11242,-1.9264,1.0544
884.21,1785.3,3359.6,-2.4521,-3829.7,767.43,6.3263e+05,60817,1,-580.45,-2717.9,-5034.2,1638,732.93,1535.6,1855.8,-697.15,-1049.3,6262.3,306294,564,200,218,-0.12423,-1.9256,1.0544
826.05,1816.8,3378.1,-2.2287,-3850.7,752.95,6.2575e+05,60825,1,-1546.2,-2112.2,-3976.2,532.56,854.83,1601.3,206.92,-324.39,-578.53,5169.5,296112,564,200,218,-0.07694,-1.9281,1.0544
810.57,1825,3383.2,-2.4035,-3856.6,748.53,6.2622e+05,60827,1,-1418.2,-2083.7,-3895.6,748.07,839.26,1580.4,435.27,-369.86,-647.93,5102.6,295488,564,200,218,-0.065108,-1.9285,1.0544
794.95,1834.7,3388.8,-3.7987,-3863.8,744,6.2723e+05,60829,1,-1554,-2139.1,-3993.2,670.8,796.35,1493.4,215.25,-383.94,-690.44,5188.6,296258,564,148,217,-0.053274,-1.9289,1.0544
775.3,1840.5,3389.1,-4.291,-3864.4,735.59,6.2572e+05,60831,1,-1996.3,-2087.1,-3888.2,362.24,819.83,1512.8,-308.41,-305.48,-568.01,5202.1,296345,564,148,217,-0.041437,-1.9292,1.0544
708.72,1840.7,3372.3,-3.9679,-3845,691.75,6.2353e+05,60835,1,-2809.4,-1822.3,-3385.4,-61.585,862.69,1575.9,-696.96,-166.62,-316.86,5149.7,295964,564,148,217,-0.01776,-1.9295,1.0544
680,1841.5,3365.1,-4.2426,-3837,674.35,6.2339e+05,60837,1,-2819.4,-1542.5,-2840.6,-95.422,898.89,1647.3,-885.15,-56.152,-105.49,4767.1,292461,564,148,217,-0.0059201,-1.9296,1.0544
748.7,1843.5,3382,-5.9874,-3857.2,720.33,6.2662e+05,60833,1,-2767.9,-2011,-3763.6,36.53,867.39,1592.6,-763.85,-196.49,-381.56,5466.6,298592,564,148,217,-0.029599,-1.9294,1.0544
646.82,1838.8,3352.6,-4.3617,-3822.8,652.46,6.2249e+05,60839,1,-3096.5,-1192.6,-2163,-426.23,964.71,1772.3,-1382.7,68.408,137.26,4677.4,291652,564,148,217,0.00592,-1.9296,1.0544
610.32,1833.1,3335.1,-4.4782,-3802.9,627.17,6.2044e+05,60841,1,-3346,-1066.3,-1887,-600.89,1049.3,1930.5,-1651.4,213.16,421.57,4902.3,293672,564,148,217,0.01776,-1.9295,1.0544
568.69,1825.5,3313.7,-5.2688,-3779,596.63,6.1982e+05,60843,1,-3895.7,-999.57,-1714.5,-929.79,1096.5,2038.8,-2209.9,333.03,678.1,5549.1,299391,564,148,217,0.029599,-1.9294,1.0544
516.76,1811.9,3284.5,-5.0055,-3745.6,555.55,6.1717e+05,60845,1,-4105.2,-980.79,-1636.3,-1217,1089.7,2038.5,-2730.7,341.8,731.98,5951.9,303225,564,148,217,0.041437,-1.9292,1.0544
466.87,1795.3,3245.2,-7.4561,-3702.1,516.26,6.1573e+05,60847,1,-5022.1,-837.56,-1280.1,-1739.4,1160.7,2214,-3859.5,517.13,1143.3,7301.1,313118,564,148,217,0.053273,-1.9289,1.0544
398.17,1770,3193,-9.5301,-3643.8,457.66,6.1088e+05,60849,1,-6651.8,-586.54,-649.55,-2695.2,1222.1,2404,-5351.3,737.52,1687.9,9569.7,322483,564,148,217,0.065108,-1.9285,1.0544
315.74,1734.7,3120.5,-13.783,-3563.5,384.66,6.0954e+05,60851,1,-8424.7,-221.17,223.28,-3559.1,1371.9,2771.8,-6312.6,1015.2,2318.2,11814,327688,564,148,217,0.07694,-1.9281,1.0544
887.08,1791.6,3385.4,-2.3319,-3846.2,814.93,6.2694e+05,62263,1,-2299.2,-2105.5,-4079.3,385.67,843.49,1592.2,85.275,-264.43,-486.6,5483.6,298744,564,200,218,-0.077197,-1.9345,1.0425
917.78,1791.4,3389.9,-5.6313,-3853.1,834.4,6.2986e+05,62261,1,-2543.3,-2531.4,-4917.2,129.14,777.12,1453.7,-626.36,-427.96,-848.99,6409.8,307785,564,200,218,-0.089065,-1.934,1.0425
868.65,1799.3,3392,-1.0268,-3853,807.45,6.2656e+05,62265,1,-1261.1,-1884.3,-3568.2,907.86,845.65,1622.3,587.1,-328.29,-572.03,5102.6,295489,564,148,217,-0.065325,-1.935,1.0425
859.32,1812.8,3400.3,-4.3439,-3864.2,808.95,6.2821e+05,62267,1,-1206.1,-1970.8,-3720.3,845.51,792.68,1521.1,335.93,-366.31,-659.92,5102.6,295490,564,148,217,-0.053451,-1.9353,1.0425
834.93,1816.1,3396.7,-4.0046,-3860,795.74,6.2555e+05,62269,1,-2268.2,-1907.1,-3628.3,191.17,881.3,1644.9,-646.25,-200.53,-395.75,5106.8,295533,564,148,217,-0.041575,-1.9356,1.0425
806.04,1817,3385.4,-5.4988,-3847.9,778.08,6.2655e+05,62271,1,-3030.9,-1861.3,-3529.5,-35.791,946.4,1755,-877.81,-69.127,-151.92,5466.6,298593,564,148,217,-0.029698,-1.9358,1.0425
765.8,1816,3375.6,-4.6885,-3836.3,749.05,6.2486e+05,62273,1,-3134.7,-1839.3,-3469.8,-33.908,939.58,1744.8,-851.34,-2.9265,-19.47,5468.3,298612,564,148,217,-0.017819,-1.936,1.0425
726.97,1815.6,3365.3,-4.9974,-3824.9,721.4,6.2388e+05,62275,1,-3668.9,-1650,-3092,-168.12,996.41,1855.2,-1131.8,145.18,266.02,5619.5,300080,564,148,217,-0.0059399,-1.9361,1.0425
681.64,1811.8,3350.1,-5.0876,-3807.6,687.2,6.2318e+05,62277,1,-3875.4,-1376.3,-2531.5,-558.23,982.2,1829.4,-1587.5,173.85,335.76,5532.5,299245,564,148,217,0.0059397,-1.9361,1.0425
637.28,1803.4,3328.2,-4.7437,-3782.5,653.86,6.2127e+05,62279,1,-3801.8,-985.87,-1762.9,-785.46,1053.8,1971.8,-1991.2,271.52,541.14,5336.7,297518,564,148,217,0.017819,-1.936,1.0425
589.61,1791.8,3300.9,-4.533,-3751.4,617.03,6.1975e+05,62281,1,-3796.7,-851.64,-1475.5,-926.67,1096.6,2058.5,-2277.9,338.19,690.04,5421.8,298230,564,148,217,0.029697,-1.9358,1.0425
545.06,1780.2,3271.4,-5.7467,-3718.6,583.16,6.1823e+05,62283,1,-4460,-774.77,-1256,-1436.6,1155.9,2205.4,-3227.3,485.34,1033.8,6484.8,308358,564,148,217,0.041575,-1.9356,1.0425
486.66,1759.9,3226.1,-7.6362,-3668.1,535.06,6.1517e+05,62285,1,-5570.1,-642.69,-897.09,-1872.2,1240,2404.8,-4598,686.51,1522.8,8185.4,317809,564,148,217,0.053451,-1.9353,1.0425
412.71,1736.4,3168.8,-13.401,-3606.2,471.06,6.118e+05,62287,1,-7347.9,-789.49,-1002.6,-2774.4,1142.6,2293.4,-5678.6,741.68,1732.3,10280,324332,564,148,217,0.065325,-1.935,1.0425
950.04,1767.4,3389,-5.1374,-3839.1,878.81,6.3026e+05,63705,1,-3373,-2326.8,-4643.1,413.89,838.43,1610.2,258.94,-154.05,-277.02,6479.5,308332,564,200,218,-0.07745,-1.9409,1.0306
992.74,1768.1,3399.7,-7.1344,-3852.4,910.36,6.3035e+05,63703,1,-3063.6,-2366.9,-4715.1,67.545,883.53,1670.5,-1009,-188.38,-440.77,6484.1,308353,564,200,218,-0.089358,-1.9404,1.0306
915.14,1773.8,3399.4,-0.046609,-3848.2,854.77,6.213e+05,63707,1,-1564.7,-1949.6,-3774.4,916.91,814.68,1588.7,743.96,-265.07,-451.97,5102.6,295493,564,200,218,-0.06554,-1.9413,1.0306
914.25,1789.3,3410.4,-3.8436,-3862.8,864.51,6.2892e+05,63709,1,-1637.1,-1719.3,-3314.4,541.86,885.88,1700,-173.25,-175.68,-334.03,5102.6,295491,564,200,218,-0.053627,-1.9417,1.0306
855.43,1788.6,3386.1,-4.337,-3835.5,827.89,6.2597e+05,63713,1,-2889.7,-1627.8,-3142,-110.58,995.07,1871,-1182.7,64.594,89.821,5175.6,296162,564,148,217,-0.029795,-1.9422,1.0306
884.71,1789.8,3400.5,-3.7294,-3851.5,846.07,6.2628e+05,63711,1,-2542.4,-1634.9,-3184.8,-44.605,928.98,1752.1,-1104.1,-44.523,-125.55,5102.6,295492,564,148,217,-0.041712,-1.942,1.0306
820.06,1787.6,3372.7,-5.0028,-3820.7,803.57,6.2571e+05,63715,1,-3478.9,-1605.9,-3076.3,-154.41,1078.5,2031.5,-1143.8,255.45,465.2,5572.2,299626,564,148,217,-0.017878,-1.9423,1.0306
772.29,1784.4,3357.9,-4.49,-3803.7,766.81,6.2357e+05,63717,1,-3911.5,-1574,-2990,-156.53,1106,2083.3,-1249.8,309.44,576.76,5856.3,302417,564,148,217,-0.0059594,-1.9424,1.0306
726.94,1783.8,3342.9,-7.0312,-3788,732.41,6.2464e+05,63719,1,-4343,-1580.5,-2958.1,-443.05,1074.3,2029.9,-1666,369.01,705.7,6244.3,306141,564,148,217,0.0059592,-1.9424,1.0306
662.89,1771.1,3316.6,-4.6669,-3757,679.16,6.2158e+05,63721,1,-4959.8,-1178.8,-2148.3,-938.51,1114.3,2114.9,-2124.4,431.62,847.78,6528.2,308677,564,148,217,0.017878,-1.9423,1.0306
611.8,1761.5,3290.7,-5.2548,-3728,638.75,6.2077e+05,63723,1,-4205.1,-894.51,-1567.7,-988.94,1096.7,2093.6,-2509,441.04,903.43,5900,302833,564,148,217,0.029795,-1.9422,1.0306
558.57,1745.6,3253.7,-6.1189,-3686.6,595.93,6.1914e+05,63725,1,-5194.2,-577.89,-885.1,-1728.4,1170.4,2278.4,-3674.6,580.44,1243.3,7282.3,313028,564,148,217,0.041712,-1.942,1.0306
494.15,1721.4,3203.1,-6.7622,-3629.6,541.49,6.1457e+05,63727,1,-5415.8,-398.36,-477.28,-1934.8,1232.7,2419,-4633.7,616.91,1398.3,8039.8,317217,564,148,217,0.053627,-1.9417,1.0306
426.83,1699.8,3136.3,-18.036,-3560,483.94,6.1153e+05,63729,1,-7724.5,-520.23,-481.21,-2797.2,1190.2,2420.6,-6192.8,769.18,1838.9,10844,325740,564,148,217,0.06554,-1.9413,1.0306
987.66,1752.2,3408.1,-2.66,-3847,927.97,6.2821e+05,65151,1,-2995.5,-2682.5,-5334.9,833.05,872.09,1725.1,764.83,-133.13,-201.22,7050.1,311823,564,200,218,-0.065752,-1.9476,1.0187
1028,1740.9,3391.6,-6.7725,-3830.5,957.76,6.3162e+05,65149,1,-3355.7,-2618.5,-5259.4,428.53,927.02,1800.1,-150.51,-177.06,-357.45,7088.3,312030,564,200,218,-0.077701,-1.9472,1.0187
961.95,1761.4,3412.9,-2.8806,-3852.6,912.95,6.2778e+05,65153,1,-2129.3,-2163.8,-4250.9,597.22,907.22,1769.2,-135.94,-40.028,-77.865,5623.3,300122,564,200,218,-0.0538,-1.948,1.0187
933.43,1763.1,3402.1,-3.8605,-3840.9,895.35,6.2761e+05,65155,1,-2558,-1852.3,-3648.7,5.3305,927.17,1771.7,-1103.2,-3.3648,-50.734,5339,297542,564,200,218,-0.041847,-1.9483,1.0187
861.04,1754.7,3363,-4.0561,-3796.9,844.86,6.2547e+05,65159,1,-3505.2,-1373,-2685.9,-308.32,1101,2100.8,-1503.6,331.78,608.86,5463.3,298554,564,200,218,-0.017936,-1.9486,1.0187
901.54,1760.7,3385,-4.3178,-3821.8,874.43,6.267e+05,65157,1,-3270.3,-1658,-3272.9,-365.18,994.56,1894.8,-1679,148.06,235.42,5636,300236,564,200,218,-0.029892,-1.9485,1.0187
818.3,1751.9,3347.7,-3.9408,-3779.6,812.93,6.2356e+05,65161,1,-3902.1,-1344.1,-2584.4,-246.35,1177.8,2250.3,-1599.3,499.8,950.35,5825.3,302116,564,148,217,-0.0059787,-1.9487,1.0187
771.62,1750.6,3326.6,-8.2389,-3758,776.99,6.2528e+05,65163,1,-5335.4,-1210.2,-2264.6,-712.65,1254.1,2405.1,-2002.8,665.77,1289.1,6864.9,310688,564,148,217,0.0059785,-1.9487,1.0187
690.81,1737.1,3301.1,-4.4991,-3727.3,706.77,6.2174e+05,65165,1,-5293.8,-1166.8,-2147.3,-769.55,1163.5,2239.1,-2051.3,588.31,1163.4,6845.7,310567,564,148,217,0.017935,-1.9486,1.0187
639.93,1730.3,3275,-7.3648,-3699.3,666.4,6.2173e+05,65167,1,-5516.8,-828.62,-1417.2,-1281.5,1168.1,2278.8,-3008.9,668.46,1375.1,7260.9,312938,564,148,217,0.029891,-1.9485,1.0187
564.82,1708.9,3231.9,-6.117,-3650,601.38,6.2004e+05,65169,1,-5796.2,-388.21,-500.17,-1956.5,1224,2420.7,-3979.4,680.92,1470.4,7977.7,316878,564,148,217,0.041847,-1.9483,1.0187
498.77,1684.8,3181.9,-6.2636,-3593.6,545.09,6.148e+05,65171,1,-5451.9,-424.72,-525.63,-1855.5,1171.9,2338.1,-5055.4,627.37,1471.7,8281.3,318141,564,148,217,0.0538,-1.948,1.0187
436,1664.8,3107.8,-21.809,-3518.2,491.93,6.1152e+05,65173,1,-9294.7,-459.73,-252.44,-3210.4,1099.9,2322.3,-6373,601.41,1566.8,12125,328433,564,148,217,0.065752,-1.9476,1.0187
1039,1732.7,3410.1,-4.1562,-3837.8,990.73,6.2838e+05,66599,1,-3438.7,-2860.2,-5747.1,615.48,1008.2,1994.8,-169.06,178.05,341.31,7654.2,315108,564,200,218,-0.053972,-1.9542,1.0067
1078.4,1723.6,3406.5,-4.2651,-3833.8,1019.6,6.2899e+05,66597,1,-3278,-3152.3,-6334.9,863.34,1009.2,2016.7,472.9,113.39,253.17,8181.9,317795,564,200,218,-0.065962,-1.9538,1.0067
999.78,1736.3,3401.2,-5.2917,-3828.4,962.26,6.2889e+05,66601,1,-3684.8,-2254.4,-4521.2,-136.45,1006.8,1950,-1413.4,245.32,423.32,6795.1,310264,564,200,218,-0.04198,-1.9545,1.0067
853.4,1718.2,3332.8,-4.0602,-3750.8,848.13,6.2441e+05,66607,1,-4152.5,-1231.6,-2415.8,-483.55,1179.8,2286.2,-1969,575.78,1107.5,6073.2,304726,564,200,218,-0.0059977,-1.9549,1.0067
902.15,1722.5,3353,-3.7048,-3773.3,886.25,6.2552e+05,66605,1,-4078.8,-1400.9,-2791.3,-489.45,1154.4,2233.5,-1899.8,497.69,934.39,6138.5,305263,564,200,218,-0.017993,-1.9548,1.0067
951.71,1730.5,3378.3,-4.6632,-3802.3,925.06,6.2727e+05,66603,1,-4366.2,-1701.5,-3433.1,-623.81,1110.1,2142.6,-2088.3,435.48,790.07,6718.1,309813,564,200,218,-0.029987,-1.9547,1.0067
799.2,1709.3,3301.5,-5.9805,-3716.6,804.44,6.2454e+05,66609,1,-5170.6,-1068.7,-2041.7,-617.86,1273.7,2474.1,-2105.6,723.95,1413.5,6864.9,310689,564,148,217,0.0059976,-1.9549,1.0067
733.08,1705.2,3283.9,-6.5042,-3697,748.74,6.2322e+05,66611,1,-5481.5,-1094.1,-2024.3,-641.1,1243.2,2428.6,-2182.2,790.97,1579.8,7147.1,312336,564,148,217,0.017993,-1.9548,1.0067
575.23,1671.8,3208.3,-6.1904,-3611.9,610.99,6.2092e+05,66615,1,-6423.3,-576.6,-861.21,-1831.5,1191.8,2386.3,-3646.6,743.37,1592.7,8318,318265,564,148,217,0.04198,-1.9545,1.0067
657.77,1693,3248.8,-8.6872,-3658.7,683.66,6.2149e+05,66613,1,-6548.2,-887.56,-1539.1,-1255.5,1247.7,2465,-3065,879.93,1801,8285.9,318160,564,148,217,0.029987,-1.9547,1.0067
508.36,1650.7,3161.9,-6.9029,-3560.1,553.73,6.1639e+05,66617,1,-5620.3,-400.01,-470.87,-1760.9,1133.1,2297.9,-5343.7,591.88,1449.2,8522.9,319031,564,148,217,0.053972,-1.9542,1.0067
438.86,1628.7,3081.3,-23.369,-3477.9,493.56,6.1055e+05,66619,1,-9162.2,-493.9,-339.33,-3000.1,1055.4,2250.7,-6072.4,531.8,1423.6,11776,327589,564,148,217,0.065961,-1.9538,1.0067
1130.6,1701.5,3403.5,-5.1331,-3818.9,1083.2,6.2884e+05,68049,1,-4528.5,-3414.6,-6985.3,513.74,1103.8,2208.9,-622.25,412.39,787.26,9407.5,321966,564,200,218,-0.054141,-1.9603,0.99467
1179.9,1691,3400.4,-4.5732,-3815.1,1122.2,6.2923e+05,68047,1,-3880.2,-3616.9,-7378.2,928.8,1112.7,2251.9,277.02,268.65,548.99,9497.3,322249,564,200,218,-0.066169,-1.9599,0.99467
1080.7,1705.6,3391.5,-7.2761,-3806.5,1043.8,6.2942e+05,68051,1,-4718.4,-2974.1,-6056.9,-50.163,1126.7,2219.8,-1450.6,485.78,899.92,8783.2,319798,564,200,218,-0.042112,-1.9606,0.99467
1010.3,1697.4,3364,-5.7329,-3774.9,984.13,6.2819e+05,68053,1,-6150.5,-2344.2,-4818.3,-745.18,1199.1,2345.4,-2355.1,687.43,1286.9,9039.3,320676,564,200,218,-0.030081,-1.9608,0.99467
889.49,1681.3,3310.8,-4.2058,-3714.4,884.33,6.2521e+05,68057,1,-4986,-1086.9,-2171.1,-629.81,1308.6,2577.9,-2282.7,866.79,1698.9,6954,311225,564,200,218,-0.0060166,-1.9611,0.99467
945.02,1686.6,3334.8,-3.3321,-3741,929.45,6.2545e+05,68055,1,-4857.1,-1489.5,-3025.6,-657.82,1238.3,2424.7,-2186.6,728.82,1394,7075.7,311958,564,200,218,-0.018049,-1.961,0.99467
823.44,1670.5,3278.6,-4.4635,-3678.5,828.57,6.2443e+05,68059,1,-5478.6,-890.98,-1712.5,-660.75,1329.6,2626,-2248.9,904.77,1801.2,7208.5,312674,564,200,218,0.0060164,-1.9611,0.99467
761.94,1664.6,3253.8,-6.4075,-3651.6,777.23,6.2338e+05,68061,1,-5885.3,-855.98,-1564.8,-661.17,1352.2,2676.3,-2485.1,1001.8,2022.9,7649.7,315083,564,148,217,0.018049,-1.961,0.99467
583.82,1635.7,3183.9,-7.0607,-3573.6,618.81,6.2147e+05,68065,1,-6743.2,-696.34,-1090.1,-1780.7,1120,2280.7,-3551,719.63,1572.4,8507.1,318911,564,148,217,0.042112,-1.9606,0.99467
683.93,1657.1,3221.8,-10.963,-3618,709.27,6.2209e+05,68063,1,-7161.6,-874.92,-1499.8,-1176.5,1241.2,2490,-2870.6,897.48,1862.7,8507.1,318909,564,148,217,0.030081,-1.9608,0.99467
514.21,1614.9,3138.7,-7.22,-3523,558.6,6.1778e+05,68067,1,-5984.7,-607.18,-884.28,-1689,1094,2248.1,-4673.9,607.23,1454.5,8498.1,318876,564,148,217,0.054141,-1.9603,0.99467
446.42,1596.6,3064.6,-23.374,-3448.1,500.04,6.1068e+05,68069,1,-8442.4,-643.9,-695.47,-2561.3,958.38,2060.9,-5598.6,323.65,1000.1,10786,325640,564,148,217,0.066169,-1.9599,0.99467
1183.2,1668,3370.5,-8.3725,-3771.8,1147.1,6.2894e+05,69503,1,-6889.9,-3531.6,-7362.5,-426.86,1349.6,2687.4,-2342.3,965.27,1838.7,11540,327047,564,200,218,-0.042242,-1.9667,0.98262
1251.8,1668,3390.9,-7.2374,-3794,1205.3,6.2998e+05,69501,1,-5114.8,-4271.8,-8826.1,731.47,1180.9,2404.8,-462.82,532.77,1046,11472,326924,564,200,218,-0.054309,-1.9664,0.98262
1309.1,1652.2,3386.5,-3.3913,-3787.2,1252.6,6.2889e+05,69499,1,-4423.1,-4218.2,-8754.1,1010.5,1314.1,2699.3,61.755,640.61,1287.6,11229,326471,564,200,218,-0.066373,-1.966,0.98262
1094,1660.2,3339.3,-7.7709,-3736.6,1068.4,6.2852e+05,69505,1,-8151.9,-2635.1,-5520.3,-830.73,1526.1,3034.9,-2595.2,1338.1,2606.3,11464,326909,564,200,218,-0.030174,-1.9669,0.98262
987.39,1647.4,3307.4,-3.825,-3699,972.18,6.2584e+05,69507,1,-7230.3,-1825.8,-3799.3,-676.12,1429.3,2849.5,-2228.4,1192.1,2348.3,9621.2,322643,564,200,218,-0.018105,-1.967,0.98262
914.87,1638.5,3277.9,-3.5365,-3665.9,909.84,6.2557e+05,69509,1,-5976,-984.22,-2004.9,-718.93,1394.1,2791.3,-2419.5,1135.7,2265.6,7951.7,316720,564,200,218,-0.0060352,-1.9671,0.98262
853.78,1631.7,3251.3,-4.5268,-3636.6,858.78,6.2508e+05,69511,1,-5592.6,-742.9,-1450.5,-734.54,1397.1,2797.9,-2428.8,1103.7,2221.1,7503.5,314224,564,200,218,0.006035,-1.9671,0.98262
779.18,1621.9,3220.8,-5.1568,-3602.9,794.07,6.2366e+05,69513,1,-5831.7,-720.35,-1332.8,-557.66,1365.4,2743.2,-2359,1037.9,2122.3,7559.8,314581,564,148,217,0.018105,-1.967,0.98262
613.4,1603.4,3160.4,-9.9855,-3537.8,647.69,6.2258e+05,69517,1,-7322.5,-1048,-1786.6,-1442.9,1102.8,2270.8,-2986,721.23,1573.9,8507.1,318910,564,148,217,0.042242,-1.9667,0.98262
709.38,1616.8,3190.5,-10.694,-3571.8,734.09,6.2256e+05,69515,1,-6854.9,-874.06,-1531.3,-786.13,1312.3,2652.8,-2518.2,939.21,1956.4,8398,318538,564,148,217,0.030174,-1.9669,0.98262
527.02,1581.8,3118.8,-7.8773,-3490.1,570.49,6.1875e+05,69519,1,-6201.6,-808.22,-1273.4,-1489.7,977.46,2035.1,-4767,409.8,1094,8498.1,318875,564,148,217,0.054309,-1.9664,0.98262
1398.9,1630.2,3371.1,-9.0301,-3761.2,1353.4,6.3144e+05,70955,1,-5696.1,-4134.9,-8707.3,551.97,1403.2,2891,-1355.4,1025.9,2022.9,11957,328000,564,200,218,-0.054474,-1.9724,0.97053
1307.4,1624.9,3336.2,-10.391,-3723,1272.2,6.2884e+05,70957,1,-9246.6,-3397.8,-7292.5,-968.07,1677.1,3373.9,-3499.3,1677.4,3268.3,13824,331929,564,200,218,-0.042371,-1.9727,0.97053
1176.8,1605.9,3285.5,-6.923,-3664.8,1152.1,6.2765e+05,70959,1,-10162,-2586.2,-5576.3,-1047.8,1807.7,3637.7,-3086.9,1886.1,3730.7,13625,331683,564,200,218,-0.030266,-1.9729,0.97053
1426.2,1605.9,3358.5,-1.0811,-3743.3,1371.2,6.3011e+05,70953,1,-5576.5,-4552.6,-9682,1091.6,1337.8,2792.2,393.64,769.79,1589,12634,330059,564,200,218,-0.066576,-1.972,0.97053
1506.4,1604.8,3367.9,-6.2361,-3756.4,1441.2,6.3425e+05,70951,1,-6169.2,-4915.3,-10475,228,1426.6,2912.2,-1149.8,1030.5,1997.7,13744,331831,564,200,218,-0.078674,-1.9716,0.97053
1056.1,1601.7,3265.2,-4.7293,-3641.2,1041.3,6.2628e+05,70961,1,-9226.7,-2154.7,-4567.5,-121.28,1724.8,3515.8,-1443.2,1850.8,3750.7,12065,328272,564,200,218,-0.01816,-1.973,0.97053
959.12,1598.7,3245.3,-4.8263,-3619.1,954.21,6.2615e+05,70963,1,-7776.6,-1564.3,-3224,-570.89,1480.7,3009.7,-2080.6,1429.6,2898.6,9983.4,323675,564,200,218,-0.0060536,-1.9731,0.97053
865.56,1586.3,3211.3,-3.6822,-3580.6,870.42,6.2487e+05,70965,1,-6301.6,-850.94,-1692.2,-717.49,1392.8,2827.7,-2345.9,1199,2444.6,8164.9,317731,564,200,218,0.0060534,-1.9731,0.97053
730.16,1577.1,3162.7,-8.9897,-3529.1,754.27,6.2328e+05,70969,1,-6381.6,-958.97,-1740.3,-542.54,1198.5,2451,-2224.1,800.8,1695.6,7802.2,315840,564,148,217,0.030266,-1.9729,0.97053
798.21,1581.2,3188.9,-4.7079,-3556.1,812.73,6.2473e+05,70967,1,-5660.8,-807.83,-1543.2,-312.15,1304.6,2664.2,-1816.7,1024.3,2122.4,7559.8,314582,564,200,218,0.01816,-1.973,0.97053
555.52,1552.2,3102.7,-9.0707,-3462.1,598.16,6.1995e+05,70973,1,-6604.2,-1248.9,-2174.4,-1165.5,919.32,1931.4,-3896.9,391.77,1020.7,8498.1,318874,564,148,217,0.054474,-1.9724,0.97053
647.82,1570.1,3136.5,-11.735,-3501.1,681.38,6.2355e+05,70971,1,-7186.9,-1276.5,-2278.1,-1052.2,1055.7,2194.3,-2496.2,656.7,1444.6,8507.1,318908,564,148,217,0.042371,-1.9727,0.97053
483.9,1542.1,3042.8,-25.346,-3403.5,535.66,6.1361e+05,70975,1,-10054,-1339.9,-2004.9,-2364.2,707.7,1612.2,-3834.4,132.72,531.41,10786,325638,564,148,217,0.066575,-1.972,0.97053
1530.5,1585.6,3338.7,-9.3957,-3714.2,1486.2,6.3006e+05,72413,1,-8478.5,-4924.7,-10677,-153.45,1626.5,3363,-3112.5,1546.1,3031.9,15665,333827,564,200,218,-0.054638,-1.9783,0.9584
1579.5,1570.5,3345.8,-2.3674,-3718.6,1525.6,6.3165e+05,72411,1,-6388.1,-6054.8,-12983,1538.1,1329.8,2853.7,880.61,831.4,1786.8,16216,334379,564,200,218,-0.066775,-1.9779,0.9584
1402.6,1566.6,3272.3,-10.45,-3640.9,1368.6,6.2877e+05,72415,1,-11964,-2894.4,-6500.1,-1553.7,2020.4,4105.3,-4786.2,2345.2,4632.3,16340,334501,564,200,218,-0.042498,-1.9786,0.9584
1243.5,1542.3,3213.2,-4.5549,-3572.4,1219.7,6.2683e+05,72417,1,-10801,-2030,-4518.9,-595.31,2016.6,4141.1,-2440.5,2418.5,4914,14097,332271,564,200,218,-0.030357,-1.9788,0.9584
1692.8,1558.1,3329.8,-10.64,-3704.9,1629.4,6.3699e+05,72409,1,-8130.7,-6141.8,-13315,503.79,1572.2,3278.3,-822.84,1171.2,2336.6,17381,335426,564,200,218,-0.07891,-1.9775,0.9584
1134.8,1546.8,3203.5,-5.2009,-3561.9,1120.5,6.2655e+05,72419,1,-9620.2,-1999.3,-4296.6,304.38,1955.2,4051.9,-842.72,2386.8,4926.5,12885,330513,564,200,218,-0.018215,-1.979,0.9584
1009.5,1546.6,3187.3,-5.5199,-3544.1,1004.8,6.2626e+05,72421,1,-9392.4,-1919.8,-4031.1,-121.11,1787.9,3686.8,-1317.7,2079.7,4279.9,12220,328722,564,200,218,-0.0060717,-1.979,0.9584
898.5,1544.4,3173.2,-4.4072,-3527.8,903.23,6.2564e+05,72423,1,-7667.4,-1511.2,-3090.5,-211.99,1497.9,3092.9,-1281.9,1530.7,3169.2,9823.9,323267,564,200,218,0.0060715,-1.979,0.9584
681.92,1537.4,3117,-11.643,-3468.9,714.78,6.2499e+05,72429,1,-6756.6,-1267.2,-2315,-730.08,999.58,2097.8,-2050.1,517.82,1160.6,8023,317139,564,148,217,0.042498,-1.9786,0.9584
757.15,1541.1,3139,-8.2285,-3491.7,780.7,6.2429e+05,72427,1,-5702.2,-1135,-2176.9,-108.48,1154.5,2387,-1568.6,799.5,1697.5,7559.8,314583,564,200,218,0.030357,-1.9788,0.9584
818.77,1540.7,3156.1,-4.2421,-3508.8,832.92,6.2553e+05,72425,1,-6179.9,-1355,-2706.5,-45.683,1283,2653.6,-1131.4,1097.2,2291.4,7986,316920,564,200,218,0.018215,-1.979,0.9584
520.73,1517.9,3034.3,-27.002,-3384.5,571.65,6.1453e+05,72433,1,-9509.5,-1594.5,-2606.4,-1798,718.96,1615.7,-3581.8,130.56,510.85,10786,325637,564,148,217,0.066775,-1.9779,0.9584
592.97,1524,3089,-9.9658,-3437,634.82,6.2131e+05,72431,1,-6533.7,-1495.8,-2716.1,-758.72,831.62,1760.9,-3584.8,236.89,704.15,8371.1,318460,564,148,217,0.054638,-1.9783,0.9584
1827.5,1529.1,3316.8,-7.8759,-3678.1,1774.9,6.3248e+05,73871,1,-9283.2,-6811.3,-14902,1141.7,1883.8,4037.1,-471.27,2080.2,4352.6,19982,337432,564,200,218,-0.066972,-1.9838,0.94624
1674.9,1525,3272.1,-9.6815,-3629.5,1632.2,6.2975e+05,73873,1,-13773,-4954.6,-11209,-1311,2397.1,4961,-5446.7,3169.3,6348.9,21260,338329,564,200,218,-0.054799,-1.9841,0.94624
1925.9,1499.7,3285,-8.3628,-3643.1,1864.6,6.3787e+05,73869,1,-8828.1,-7522.4,-16508,1063,1851.8,3968.9,-579.47,1624.7,3350.5,21013,338160,564,200,218,-0.079143,-1.9833,0.94624
1490.2,1493.8,3181.2,-8.041,-3528.1,1457.8,6.2833e+05,73875,1,-16292,-3434,-7991.8,-1914.9,2622.8,5419,-5758.2,3608.1,7307,21922,338787,564,200,218,-0.042624,-1.9844,0.94624
1314.8,1480.9,3138.8,-4.0864,-3479.2,1291.9,6.2704e+05,73877,1,-13263,-2472.3,-5643,-507.27,2236.3,4678,-2501.5,2947.5,6105.6,17124,335183,564,200,218,-0.030447,-1.9847,0.94624
1186.3,1479.2,3116.4,-3.9502,-3454.3,1172.6,6.2647e+05,73879,1,-9815.1,-1729.2,-3824.2,328.47,2080.3,4361.2,-890.8,2674.5,5578.8,13284,331215,564,200,218,-0.018269,-1.9848,0.94624
1071,1488,3115.8,-5.3339,-3454.3,1066.4,6.2653e+05,73881,1,-9325.1,-1878.2,-4005.9,642.75,1866.4,3916.4,30.69,2295.2,4810,12417,329464,564,200,218,-0.0060896,-1.9849,0.94624
961.52,1499.6,3126.2,-5.7149,-3466,966.12,6.2665e+05,73883,1,-8047.5,-2099.6,-4356.1,725.37,1447.5,3038.9,552.69,1548.7,3255.9,10645,325272,564,200,218,0.0060895,-1.9849,0.94624
714.17,1505.5,3101,-10.388,-3440.3,746.33,6.265e+05,73889,1,-6356,-1596.3,-3064.3,-393.19,894.13,1895.6,-1554.3,364.63,837.47,7975.8,316868,564,148,217,0.042623,-1.9844,0.94624
793.2,1508.2,3117.6,-8.731,-3457.9,816.25,6.2562e+05,73887,1,-6380.3,-1666.9,-3294.5,141.78,1045.6,2193.1,-850.87,684.23,1469,7975.8,316867,564,200,218,0.030446,-1.9847,0.94624
637.36,1498.6,3079.6,-11.103,-3416.9,678.49,6.2383e+05,73891,1,-6591,-1628.8,-3036.4,-602.15,792.09,1693.5,-3020.4,194.83,588.89,8287.3,318165,564,148,217,0.054799,-1.9841,0.94624
868.06,1504.1,3126.6,-5.0385,-3466.1,881.87,6.2623e+05,73885,1,-6526.6,-1744.1,-3529.1,276.63,1193.2,2494.8,-575.37,997.3,2106.4,8460.5,318754,564,200,218,0.018268,-1.9848,0.94624
560.4,1493,3027.6,-27.005,-3366.9,610.46,6.1482e+05,73893,1,-8832,-1638.9,-2797.6,-1348.1,714.23,1594.4,-3506.4,55.787,352.08,10286,324348,564,148,217,0.066972,-1.9838,0.94624
2064.2,1450.1,3216.6,-8.7048,-3557.1,2014.1,6.3373e+05,75333,1,-13928,-6901.6,-15682,-217.83,2734.4,5821,-4044.9,3702.9,7621.7,24842,340753,564,200,218,-0.067167,-1.9895,0.93405
1870.8,1439.1,3149.7,-11.162,-3484.5,1830.3,6.3099e+05,75335,1,-18265,-4664.7,-10956,-1833.1,3217.8,6753.9,-6469.1,4931.1,10142,26529,341691,564,200,218,-0.054958,-1.9899,0.93405
2186.8,1442.2,3241.6,-6.502,-3583.8,2127.5,6.4031e+05,75331,1,-9561.1,-8367.4,-18635,776.72,2068.1,4475.4,-1938.2,1957.2,4012.3,23607,339920,564,200,218,-0.079373,-1.9891,0.93405
2289.4,1433.1,3265.8,-4.1265,-3609.4,2221.1,6.4556e+05,75329,1,-10815,-9107.2,-20495,842.55,2278.5,4944.5,-2299.9,2106.1,4271.9,26044,341473,564,200,218,-0.091577,-1.9885,0.93405
1603.2,1407.1,3060.6,-4.6004,-3382.9,1572.6,6.2806e+05,75337,1,-18995,-3191.6,-7687,-747.82,2982.9,6328.5,-3534.6,4520.4,9482.7,24545,340552,564,200,218,-0.042747,-1.9902,0.93405
1242.2,1414.4,3032.1,-2.7793,-3350.6,1229.1,6.2657e+05,75341,1,-11027,-2530.3,-5628.2,1117,2057.2,4404.9,667.14,2783.1,5942.9,15102,333300,564,200,218,-0.018322,-1.9906,0.93405
1410.5,1409.7,3042,-3.5151,-3361.8,1388.8,6.2731e+05,75339,1,-14820,-2743.1,-6335.6,340.7,2540.1,5428.8,-1107.2,3740.6,7944.3,19536,337120,564,200,218,-0.030535,-1.9904,0.93405
1134,1430.2,3044.8,-4.5299,-3365.5,1129.6,6.268e+05,75343,1,-8484.8,-2441.7,-5248.4,1557.8,1649.6,3520.4,1695.9,1983.2,4230,12155,328523,564,200,218,-0.0061073,-1.9906,0.93405
1037.9,1452.8,3072.5,-7.1838,-3397.2,1042.3,6.2791e+05,75345,1,-8238.3,-2550.9,-5382.3,1374.9,1507.4,3207.2,1765.5,1751.5,3725.5,11741,327523,564,200,218,0.0061072,-1.9906,0.93405
932.53,1463.9,3088.1,-5.6939,-3413.8,945.96,6.2718e+05,75347,1,-7458.2,-2317.8,-4803.2,950.32,1270.7,2689.6,940.89,1235,2616.5,10153,324054,564,200,218,0.018321,-1.9906,0.93405
691.54,1475,3071.5,-12.78,-3398.8,732,6.2604e+05,75353,1,-6642.2,-2038.9,-3955.5,-376.23,761.55,1641.1,-2450,231.8,640.79,8590.9,319234,564,245,220,0.054958,-1.9899,0.93405
769.2,1478.4,3089.7,-10.679,-3417.9,800.77,6.282e+05,75351,1,-6661.1,-2281.7,-4572.9,18.254,862.74,1840.7,-876.11,431.88,963.64,8746.6,319684,564,245,220,0.042747,-1.9902,0.93405
853.47,1476,3095,-9.5009,-3423.2,876.01,6.2736e+05,75349,1,-6652.4,-2226.6,-4529.8,577.08,1034.1,2187.6,55.51,719.25,1534.3,8876.6,320130,564,200,218,0.030535,-1.9904,0.93405
603.28,1471,3025.8,-27.198,-3355.1,652.57,6.1659e+05,75355,1,-10491,-1774.7,-3004.9,-1540.6,649.83,1503.2,-2975.1,48.863,313.43,11672,327366,564,246,221,0.067167,-1.9895,0.93405
2026.6,1316.7,2954.5,-7.1594,-3257.6,1989.5,6.3113e+05,76799,1,-25197,-4913.3,-12150,-1350.3,4024.6,8635.1,-6531.2,6472.7,13620,34195,345164,564,200,218,-0.055115,-1.9956,0.92181
2308.9,1353,3081.1,-6.7407,-3396.8,2261.9,6.3589e+05,76797,1,-18859,-8503.2,-19780,-1891.6,4002.3,8547,-8412.7,5932.2,12262,34179,345154,564,200,218,-0.067359,-1.9952,0.92181
2481.4,1366.3,3165.4,-2.3012,-3487.7,2424.9,6.4347e+05,76795,1,-13640,-10649,-24250,37.348,3333.9,7240.4,-5083,4037.6,8331.3,32598,344470,564,200,218,-0.0796,-1.9948,0.92181
2602.7,1355.2,3197.6,2.6824,-3520.7,2537.6,6.4901e+05,76793,1,-14943,-12408,-28420,1590.7,3264,7239.4,-1889.7,2908.8,6120.8,36056,345912,564,200,218,-0.091838,-1.9942,0.92181
2833.1,1331.1,3215,6.8573,-3538,2759.9,6.5238e+05,76791,1,-27266,-15927,-37592,5170.4,4943.9,11307,1012.9,3969.7,8730.1,51791,350257,564,200,218,-0.10407,-1.9936,0.92181
1718.5,1306,2902.8,-1.9982,-3198.2,1690,6.2843e+05,76801,1,-21424,-3185.4,-7919.9,170.27,3368.1,7298.1,-2023.2,5528.2,11872,27786,342297,564,200,218,-0.04287,-1.9959,0.92181
1503.6,1319.1,2902.1,-1.7865,-3197.3,1483.2,6.2738e+05,76803,1,-14730,-3339.7,-7743.9,2036.8,2677.8,5863.3,2118.6,4197,9153.2,20968,338136,564,200,218,-0.030622,-1.9961,0.92181
1225.3,1378.4,2982.2,-4.6653,-3286.9,1221,6.2729e+05,76807,1,-9680,-3533.1,-7752.8,2181.8,1732.8,3772.8,2891.5,2312.4,5037,15079,333271,564,200,218,-0.0061248,-1.9963,0.92181
1350.3,1352.3,2947.4,-3.3874,-3248,1337.8,6.2771e+05,76805,1,-11397,-3855.9,-8595.9,2440,1975.9,4330.8,3297,2820.5,6180.4,17444,335490,564,200,218,-0.018374,-1.9963,0.92181
1122,1404,3015.2,-7.5694,-3324.6,1126.3,6.2841e+05,76809,1,-8847.2,-2960.3,-6359.7,1904.8,1496.6,3229.5,2835.2,1756.8,3786,13009,330756,564,200,218,0.0061246,-1.9963,0.92181
928.21,1443.1,3071.9,-9.2695,-3387.8,950.24,6.2874e+05,76813,1,-6751.1,-2905.6,-6073.1,1130.2,956.29,2035.4,1094.5,733.22,1556.1,10069,323865,564,200,218,0.030622,-1.9961,0.92181
1006.7,1424.2,3049,-6.3651,-3361.2,1019.7,6.2868e+05,76811,1,-7880.8,-3019.1,-6402.6,1581.3,1190.6,2546.1,2303.2,1175.2,2501,11643,327296,564,200,218,0.018374,-1.9963,0.92181
757.32,1451,3061.4,-14.445,-3378.7,797.09,6.2755e+05,76817,1,-7919.6,-2315.4,-4537.2,-76.315,764.5,1659.1,-2409.7,326.9,860.14,9933,323557,564,245,220,0.055115,-1.9956,0.92181
852.29,1454.1,3078.6,-12.618,-3396.8,883.32,6.3021e+05,76815,1,-6920.6,-2632.1,-5370.3,305.53,816.23,1757.9,-437.35,430.03,959.63,9423.9,322006,564,200,218,0.04287,-1.9959,0.92181
651.65,1452.3,3020.1,-31.751,-3341.1,700.28,6.1927e+05,76819,1,-12111,-2136.5,-3719.6,-1643.8,549.77,1322.1,-2662.5,202.14,629.27,13317,331278,564,246,221,0.067359,-1.9952,0.92181
1838.4,1190.1,2707.7,0.7791,-2973.7,1812.5,6.2837e+05,78267,1,-21485,-5042.3,-12169,3559.8,3648.4,8195.8,4168.5,6333.9,14133,31392,343945,564,200,218,-0.04299,-2.0015,0.90955
2652.1,1196.1,2852.3,9.9594,-3128.4,2610.3,6.3706e+05,78263,1,-36195,-13429,-32342,482.62,8212.7,18175,-15848,9085,18785,60175,351929,564,200,218,-0.067549,-2.0008,0.90955
2181.3,1161.3,2698.9,4.5907,-2962.3,2148.4,6.3019e+05,78265,1,-37951,-5303,-14125,1743.5,6263.7,13931,-4832.7,10646,23169,50772,350035,564,200,218,-0.055271,-2.0012,0.90955
2911.8,1246.4,3019.6,9.4365,-3312.4,2859.8,6.4819e+05,78261,1,-20635,-25505,-58130,-438.97,11363,25111,-9260.7,4391.5,8865.8,73477,354209,564,200,218,-0.079824,-2.0004,0.90955
3133.7,1218,3083.9,36.605,-3370.7,3074.4,6.522e+05,78259,1,-26809,-26993,-62236,10965,14159,32389,-1201.8,3852.3,8356.3,82320,355502,564,200,218,-0.092097,-1.9998,0.90955
3658.1,1033.2,3005.5,130.16,-3242,3599.2,6.5261e+05,78257,1,-65291,-37879,-90985,23408,22585,52544,21380,13552,32292,1.3956e+05,361267,564,200,218,-0.10437,-1.9992,0.90955
1497.6,1285.7,2848.5,-4.8323,-3130.9,1485.7,6.2892e+05,78271,1,-11682,-4474.5,-10067,3421,2075.7,4631.6,5284.7,3113.3,6950.1,19525,337114,564,200,218,-0.018426,-2.0019,0.90955
1625.5,1234,2766.2,-1.8925,-3039.2,1606.4,6.2817e+05,78269,1,-14627,-5544.4,-12741,3953.6,2297.3,5187.2,5983.9,3632.2,8188.6,23894,340123,564,200,218,-0.030709,-2.0017,0.90955
1352,1326.3,2912.1,-6.7731,-3201.6,1347.9,6.2866e+05,78273,1,-11006,-3881.9,-8603.1,2534.7,1753.9,3875.2,3881.5,2404.6,5319,16849,334952,564,200,218,-0.0061421,-2.002,0.90955
1211.7,1350.6,2950.9,-5.6025,-3243.8,1215.8,6.2871e+05,78275,1,-9954.6,-3647,-8014,2743.3,1596.7,3502.8,4673.5,1984.9,4348.5,15609,333780,564,200,218,0.0061419,-2.002,0.90955
1122.7,1388.2,3013.8,-7.8374,-3313.8,1135.4,6.3051e+05,78277,1,-7190.3,-3768.7,-8157.9,2593.6,1163,2509.2,3979.6,1196.5,2560.5,13063,330874,564,200,218,0.018426,-2.0019,0.90955
928.86,1426.2,3061.2,-13.745,-3368.6,959.27,6.3173e+05,78281,1,-9071.8,-3001.3,-6178.7,108,820.66,1805,-394.38,613.02,1376.4,11655,327327,564,200,218,0.04299,-2.0015,0.90955
1039.5,1418.9,3053.9,-13.983,-3360.7,1061.1,6.307e+05,78279,1,-7673.9,-3993.5,-8554.3,1810.8,866.24,1859,2273.4,767.8,1630.6,12803,330360,564,200,218,0.030708,-2.0017,0.90955
826.09,1422.1,3044,-14.35,-3349.9,865.03,6.2866e+05,78283,1,-8718.4,-2010.6,-3881.4,343.91,958.89,2088.9,-2309.5,554.81,1372.4,10394,324600,564,246,221,0.05527,-2.0012,0.90955
713.94,1431.8,3007.1,-37.013,-3319.7,761.84,6.2263e+05,78285,1,-14109,-2122.7,-3572.8,-1764.3,719.26,1727.4,-1978.2,340.92,891.96,14154,332347,564,246,221,0.067549,-2.0008,0.90955
2085.3,1072,2496.3,-0.72963,-2734.7,2061.8,6.2992e+05,79737,1,-25039,-12875,-30192,8947.9,3572.4,8454.9,14957,6226.8,14701,48448,349499,564,200,218,-0.043109,-2.007,0.89725
1886.7,1163.3,2654.4,-5.272,-2909.8,1868.6,6.2987e+05,79739,1,-16947,-8767.8,-20212,5339,2755.5,6356.4,8851.1,4609.5,10630,32584,344463,564,200,218,-0.030794,-2.0073,0.89725
2352.1,968.77,2339.8,11.338,-2557.8,2324.5,6.306e+05,79735,1,-37163,-12130,-29594,7478.2,4996.7,11619,4637.9,9495.5,21452,56496,351225,564,200,218,-0.055424,-2.0067,0.89725
3047.2,860.4,2365.9,86.482,-2552.9,3016.5,6.3621e+05,79733,1,-65053,-15264,-39219,24739,13485,32217,21177,33516,77002,1.2384e+05,359993,564,200,218,-0.067736,-2.0064,0.89725
4203.2,622.87,2902.8,463.25,-2972.4,4175,6.4818e+05,79731,1,-48368,-23879,-57201,18684,25190,58018,-18571,43890,97206,1.4917e+05,362013,564,200,218,-0.080045,-2.0059,0.89725
4556,197.03,3000,853.08,-2904.7,4542.1,6.5602e+05,79729,1,-44028,-25674,-61684,34512,36399,84948,48419,77659,1.799e+05,2.3848e+05,366112,564,200,218,-0.092352,-2.0054,0.89725
5369.5,-164.37,1997.1,709.22,-1870.5,5370.7,6.5559e+05,79727,1,-44895,-12350,-32433,39976,37852,89439,95436,97226,2.2965e+05,2.9249e+05,367024,564,200,218,-0.10466,-2.0048,0.89725
1499,1261.6,2817.3,-6.405,-3088.8,1495.1,6.2914e+05,79743,1,-12339,-4926.8,-11098,3849.4,1849.2,4154.5,6710.9,2646.7,5950.7,20558,337854,564,200,218,-0.0061591,-2.0075,0.89725
1674.5,1213,2737.2,-4.5252,-3000.2,1663.3,6.2903e+05,79741,1,-17267,-6745,-15501,4416.4,2413.8,5506.9,7421,3825.1,8736.8,28029,342399,564,200,218,-0.018477,-2.0074,0.89725
1345.2,1306.6,2901.5,-5.2151,-3180.4,1349.2,6.3003e+05,79745,1,-9109.1,-4969.4,-11062,3633.8,1213.9,2681.1,6363.9,1378.3,3029.7,17421,335465,564,200,218,0.0061589,-2.0075,0.89725
1262.6,1354.8,2981.9,-9.4205,-3270.4,1275,6.3249e+05,79747,1,-7383.3,-5118.1,-11316,3363.8,977.12,2120.8,5002.9,1017.6,2184.3,16011,334186,564,200,218,0.018477,-2.0074,0.89725
875.08,1389.1,3020.3,-13.251,-3314.2,913.1,6.2995e+05,79753,1,-10392,-2374.7,-4685.2,-199.29,877.14,1964.3,-1995.3,710.18,1711.3,12151,328516,564,245,220,0.055423,-2.0067,0.89725
1175.2,1391,3027.4,-17.968,-3324.1,1196.4,6.3171e+05,79749,1,-9085.3,-4347.2,-9382.5,1705.6,873.43,1898,1985.3,866.5,1875.8,14316,332505,564,200,218,0.030793,-2.0073,0.89725
1036.2,1404.1,3039.8,-20.882,-3339,1066.1,6.3384e+05,79751,1,-13264,-3768.1,-7807.7,-59.714,830.5,1875.4,-264.69,912.61,2070.3,16140,334298,564,245,220,0.043109,-2.007,0.89725
765.87,1400.7,2987.6,-35.408,-3288.3,812.7,6.2612e+05,79755,1,-13204,-1940.2,-3330.6,-690.36,957.21,2205,-1455.3,640.31,1532.9,14154,332348,564,246,221,0.067736,-2.0064,0.89725
2249,1058.2,2479,-2.5524,-2709.1,2232.5,6.3065e+05,81211,1,-28674,-11433,-27031,7411.1,3972.1,9319.9,12564,6809.1,15974,47964,349391,564,200,218,-0.030877,-2.0127,0.88491
2595.7,956.87,2308,2.033,-2520.3,2574.6,6.3238e+05,81209,1,-36821,-16061,-38416,10908,4484.6,10775,19081,7525.7,18127,63984,352592,564,200,218,-0.043227,-2.0125,0.88491
3149.9,791.17,2011.8,5.9911,-2194.9,3126.8,6.3546e+05,81207,1,-54952,-20940,-51139,23888,7996.4,19773,42993,15679,38503,1.0332e+05,358084,564,200,218,-0.055575,-2.0122,0.88491
4025.3,351.61,1168.9,24.387,-1266.2,4011.2,6.399e+05,81205,1,-50924,-22046,-53993,60343,12077,32347,1.282e+05,25748,68918,1.8077e+05,364034,564,200,218,-0.06792,-2.0118,0.88491
4541.7,-647.5,-1000.1,24.037,1103,4564,6.4785e+05,81203,1,-43116,-13402,-34176,54937,24019,59167,91636,75356,1.7827e+05,2.3698e+05,366086,564,200,218,-0.080263,-2.0114,0.88491
1550.3,1268.3,2855,-7.7265,-3122,1554.2,6.3332e+05,81217,1,-8830.1,-6954.2,-15754,4992.2,1207,2703.5,8851.1,1607.8,3591.6,22406,339124,564,200,218,0.0061757,-2.013,0.88491
1668.1,1188.9,2707.8,-3.3567,-2959.4,1664.5,6.296e+05,81215,1,-13252,-7178.7,-16482,5979.3,1897.4,4341.6,10744,2904.7,6652.8,26929,341888,564,200,218,-0.0061758,-2.013,0.88491
1902.9,1125.2,2595,-1.7363,-2835.4,1892.5,6.2925e+05,81213,1,-22724,-7746.1,-18141,6289.6,2802.2,6506.8,11282,4724,10983,35573,345731,564,200,218,-0.018527,-2.0129,0.88491
1332.5,1359.9,2995.4,-20.624,-3281.1,1353.2,6.3342e+05,81221,1,-12481,-5463.5,-11988,1721.9,1037.6,2308,1783.3,1267.5,2836,18749,336549,564,200,218,0.030877,-2.0127,0.88491
1458.7,1327.3,2953.4,-14.198,-3232.4,1470.8,6.3482e+05,81219,1,-9319.5,-7306.4,-16482,3915.2,913.2,2012.3,6162.9,1133.9,2482.1,21852,338724,564,200,218,0.018527,-2.0129,0.88491
945.65,1360.5,2991.5,-17.223,-3275.4,982.85,6.33e+05,81225,1,-14817,-2848.8,-5568,-449.3,1071.5,2463.5,-1504.8,1152.9,2726.5,16646,334775,564,245,220,0.055574,-2.0122,0.88491
1160.9,1372.9,3000,-26.45,-3288.7,1190.1,6.3532e+05,81223,1,-15573,-4205.6,-8794.4,0.30083,1140.4,2604.9,-188.59,1491.3,3410.4,18961,336723,564,245,220,0.043227,-2.0125,0.88491
2652.8,877.61,2159.2,13.977,-2346.3,2639.1,6.3087e+05,82685,1,-41491,-11088,-27246,13616,6785.4,16240,22369,12317,29391,67808,353282,564,200,218,-0.03096,-2.0181,0.87254
2197,1003.3,2378.7,4.4678,-2589.6,2187.7,6.2906e+05,82687,1,-25321,-11694,-27693,10556,3428.6,8129.1,19566,6439.1,15264,48901,349619,564,200,218,-0.018577,-2.0183,0.87254
3217.2,754.59,1962.4,22.798,-2128.1,3200.3,6.3516e+05,82683,1,-50012,-15414,-38164,16819,8608,20832,31316,15284,37082,87038,356078,564,200,218,-0.043343,-2.0179,0.87254
3940.9,473.11,1437.5,36.448,-1550.3,3926.3,6.3843e+05,82681,1,-63125,-18236,-46164,37312,10498,26802,73154,19696,50526,1.3024e+05,360533,564,200,218,-0.055723,-2.0176,0.87254
4767.7,-162.08,164.57,66.327,-150.61,4770.5,6.408e+05,82679,1,-45264,-13399,-34244,53227,11061,29742,1.1534e+05,23811,64168,1.5884e+05,362700,564,200,218,-0.068102,-2.0172,0.87254
1859.2,1237.1,2811.6,-14.621,-3069.4,1863,6.3679e+05,82691,1,-10251,-11041,-25503,6758.2,1116.5,2550.1,12131,1751.4,3999.8,33122,344683,564,200,218,0.0061922,-2.0184,0.87254
1958.9,1129,2615.8,-3.8676,-2851.5,1955.4,6.3224e+05,82689,1,-14752,-11531,-26863,8591.2,1865.1,4368.1,15821,3195.4,7498,38540,346777,564,200,218,-0.0061924,-2.0184,0.87254
1525.9,1322.6,2945.4,-23.6,-3219,1546,6.3589e+05,82695,1,-19215,-6955.8,-15454,962.19,1474.7,3397.1,723.83,2222.7,5149.9,26515,341686,564,245,220,0.03096,-2.0181,0.87254
1715.2,1296.2,2912.2,-19.657,-3181.2,1727.1,6.3713e+05,82693,1,-14066,-9140.6,-20889,3381.6,1128.6,2548.7,5297.4,1691.4,3823.6,27973,342375,564,200,218,0.018577,-2.0183,0.87254
1295.5,1327.3,2939.3,-26.201,-3213.6,1323.7,6.3748e+05,82697,1,-18958,-4642,-9752.9,63.826,1478.6,3421,-51.037,2124.2,4919.2,22775,339355,564,245,220,0.043342,-2.0179,0.87254
1041.7,1323.5,2941,-20.909,-3213.1,1077.8,6.3597e+05,82699,1,-18703,-3687.3,-7350.8,-401.36,1349.4,3151.6,-625.09,2010.7,4705.1,21352,338396,564,246,221,0.055723,-2.0176,0.87254
2647.1,876.77,2119.4,-0.26453,-2303,2639,6.3148e+05,84163,1,-22435,-22137,-52844,20583,3596,8936.2,39737,8204.7,20233,79737,355144,564,200,218,-0.018626,-2.0236,0.86014
2993.5,598.45,1643.4,49.888,-1764.5,2984,6.2739e+05,84161,1,-41836,-17056,-41890,20551,7197.6,17647,33149,16307,39556,86666,356025,564,200,218,-0.031042,-2.0234,0.86014
3679.5,369.2,1302.4,97.052,-1374,3670.7,6.3451e+05,84159,1,-49112,-11768,-30140,23525,9937.5,24542,46014,23231,57070,1.0309e+05,358052,564,200,218,-0.043457,-2.0232,0.86014
2508.1,1089.2,2540.1,-15.845,-2766.7,2504.7,6.3781e+05,84165,1,-16756,-17966,-42384,11284,1649.7,3966.7,21823,3249.1,7812.5,55620,351036,564,200,218,-0.0062087,-2.0237,0.86014
4507.1,3.8992,527.81,88.359,-535.96,4505.3,6.4091e+05,84157,1,-54573,-6768.5,-19312,39342,11459,29571,85533,28398,72608,1.3909e+05,361237,564,200,218,-0.05587,-2.0229,0.86014
2314,1202.4,2753.5,-22.956,-3001.7,2317.6,6.3933e+05,84167,1,-16859,-14416,-33761,6162,1464.3,3411.1,11242,2561.3,5969.7,43037,348160,564,200,218,0.0062085,-2.0237,0.86014
1457.9,1261.9,2841,-20.967,-3095.9,1484.7,6.3961e+05,84173,1,-24627,-6121.5,-13223,-26.594,2308.8,5439.9,-406.02,3796.3,8963.7,30800,343666,564,245,220,0.043457,-2.0232,0.86014
1762.3,1265.5,2854.3,-23.184,-3111.2,1781.5,6.3853e+05,84171,1,-23941,-7747.6,-17369,408.11,2189.2,5151.1,30.082,3698.8,8729.8,32501,344423,564,245,220,0.031041,-2.0234,0.86014
2055.4,1251,2838.9,-23.339,-3094.6,2066.8,6.396e+05,84169,1,-25004,-11157,-25754,2159.1,2008.7,4699.7,3352.9,3466.1,8124.6,39154,346992,564,200,218,0.018625,-2.0236,0.86014
3374.8,1039.9,2435.7,-30.114,-2652.3,3371.6,6.4103e+05,85643,1,-32347,-26754,-64155,13289,2474,6089.7,27910,4945.4,12176,83961,355707,564,200,218,-0.0062248,-2.0289,0.84771
3860.2,827.94,1972.5,-36.251,-2152.9,3852.4,6.3804e+05,85641,1,-22641,-27545,-66267,25269,2855.2,7466.7,53718,5794.4,15178,97543,357400,564,200,218,-0.018674,-2.0288,0.84771
3879.9,360.05,999.36,-1.8255,-1083.8,3874,6.3328e+05,85639,1,-16103,-25012,-60518,30981,3742.2,10036,64290,9932.4,25962,1.0261e+05,357999,564,200,218,-0.031122,-2.0287,0.84771
3927.6,-65.565,33.849,-4.2904,-38.478,3928.1,6.3454e+05,85637,1,-31617,-15144,-38294,35235,7252,19158,78446,19693,51021,1.1619e+05,359342,564,200,218,-0.043569,-2.0285,0.84771
2926.4,1134.8,2629.7,-25.014,-2860.5,2929.8,6.4195e+05,85645,1,-32857,-19668,-46858,5494.8,3145.2,7529,11104,5532.8,13238,63938,352582,564,200,218,0.0062246,-2.0289,0.84771
2035.1,1171.6,2689.5,-15.242,-2921.2,2052.9,6.4098e+05,85649,1,-34839,-9204.5,-20770,275.61,3969.3,9519.9,6.3297,6558.4,15740,46121,348967,564,245,220,0.031122,-2.0287,0.84771
2475.1,1164.5,2685.5,-18.129,-2918,2485.7,6.4189e+05,85647,1,-39058,-14830,-34814,1316.4,4205.2,10088,2385.9,6997.1,16782,58438,351589,564,245,220,0.018674,-2.0288,0.84771
4248.1,891.07,2168.5,-12.632,-2349.4,4245.4,6.4561e+05,87123,1,-38366,-12998,-31666,11206,12181,29948,24294,6698.1,16541,68725,353430,564,200,218,-0.0062406,-2.0341,0.83524
4633.2,678.93,1699.4,-21.965,-1846.1,4626.7,6.4633e+05,87121,1,-20216,-14421,-35240,25022,9776.1,24592,53689,2708.1,7908.5,78341,354944,564,200,218,-0.018721,-2.034,0.83524
4864.3,347.7,981.96,-17.628,-1068.8,4858.4,6.4393e+05,87119,1,-16348,-11129,-27438,28615,10727,27427,64177,-1749,-1899.6,83400,355636,564,200,218,-0.031201,-2.0338,0.83524
5030.4,-106.28,5.3901,0.41651,-5.6557,5031.5,6.3673e+05,87117,1,-10853,-13076,-32120,37294,6331.6,17506,95301,-890.27,2853.2,1.1022e+05,358795,564,200,218,-0.04368,-2.0336,0.83524
3632.6,959.47,2338.7,11.097,-2523.6,3635.6,6.4381e+05,87125,1,-48121,-8488.7,-20109,3499,15642,38315,4158.6,11091,27083,73422,354202,564,245,220,0.0062404,-2.0341,0.83524
2350.2,983.17,2386.1,30.313,-2566.9,2365,6.4091e+05,87129,1,-48617,-4678.9,-9607.9,2430.5,14477,35393,1509.2,13076,31920,71680,353924,564,246,221,0.031201,-2.0338,0.83524
2974.5,970.1,2371.3,28.709,-2551.6,2983.3,6.4218e+05,87127,1,-48085,-8569.1,-19602,757.42,12256,29950,1469,11892,28959,69281,353525,564,245,220,0.018721,-2.034,0.83524
4655,-61.84,1692.5,650.89,-1562.5,4655.4,6.4305e+05,88603,1,-23770,15460,38187,14036,24204,60352,32856,51782,1.3029e+05,1.656e+05,363179,564,244,219,-0.018768,-2.0391,0.82275
4242.9,44.706,1876.2,648.46,-1761.5,4242.8,6.4216e+05,88605,1,-37697,14769,36770,6345.6,27065,67201,8413.7,65262,1.6305e+05,1.9798e+05,364855,564,245,220,-0.0062562,-2.0392,0.82275
4870.7,-267.98,1072.8,580.59,-922.53,4874.2,6.4241e+05,88601,1,-16862,21343,52711,16687,19611,49431,50704,54403,1.3816e+05,1.7676e+05,363824,564,244,219,-0.031279,-2.0389,0.82275
5079.7,-539.09,-24.7,389.41,183.75,5090.1,6.3959e+05,88599,1,-13604,19982,49244,21664,11970,30907,85314,31297,82920,1.404e+05,361338,564,244,219,-0.043789,-2.0387,0.82275
3677.4,102.44,1846,606.17,-1746,3677.7,6.4081e+05,88607,1,-48405,11292,28659,4814.8,27035,67040,-3986.9,65541,1.6363e+05,1.9906e+05,364903,564,245,220,0.006256,-2.0392,0.82275
3032.5,167.27,1781.4,537.31,-1704.2,3033.9,6.3949e+05,88609,1,-48717,6823.9,18187,5780.5,24988,61797,3152.2,56229,1.4015e+05,1.7332e+05,363614,564,245,220,0.018768,-2.0391,0.82275
