"Cartesian Velocity:0","Cartesian Velocity:1","Cartesian Velocity:2","Spherical Velocity:0","Spherical Velocity:1","Spherical Velocity:2","Pressure","PointID","RegionId","GSV:0","GSV:1","GSV:2","GSV:3","GSV:4","GSV:5","GSV:6","GSV:7","GSV:8","magGSV","magGSV_Order","DescendingManifold","AscendingManifold","MorseSmaleManifold","Points:0","Points:1","Points:2"
-2417.1,565.72,-1485.8,41.202,1516.1,-2463.7,6.2336e+05,139747,1,2141.3,-5344.3,-23909,-4510,4294.3,13723,-26029,35180,1.3385e+05,1.4375e+05,361614,411,337,3217,-0.74822,-2.032,0.38257
-2322.9,563.35,-1685.1,1.4617,1709.6,-2372.7,6.2559e+05,141271,1,-10.722,-863.55,-4690,-1395,710.19,999.98,-14737,12572,38294,43218,348215,411,337,3217,-0.76149,-2.0295,0.36928
-2384.9,540.3,-1667.1,7.5078,1694.2,-2426.6,6.2592e+05,139749,1,-533.46,-2909.5,-16282,-655.83,1623.8,7256.3,2283.1,18592,1.016e+05,1.0489e+05,358243,411,338,3218,-0.73574,-2.0365,0.38257
-2380.6,524.61,-1670.4,5.4088,1697.3,-2419.1,6.2665e+05,139751,1,-1078,-3095.4,-18261,-383.07,1784.2,8636.9,8702.6,18971,1.156e+05,1.1926e+05,359603,411,338,3218,-0.72323,-2.041,0.38257
-2384.4,514.87,-1617.5,10.294,1644.4,-2421.3,6.2277e+05,139753,1,-2706.7,-2907.7,-20267,1292,1495,10209,31214,11123,1.1508e+05,1.2197e+05,359831,411,338,3218,-0.71069,-2.0454,0.38257
-2397.4,534.5,-635.71,152.32,672.46,-2441.8,6.2238e+05,139755,1,-6025.8,-2482.5,-23959,5140.4,1160.1,15410,64332,1916.3,1.2696e+05,1.454e+05,361740,411,340,3219,-0.69813,-2.0497,0.38257
-2375.1,487.83,-1686.3,1.919,1710.9,-2407.4,6.286e+05,141283,1,-1972.8,6.0364,-3602.4,793.84,425.6,3784.8,29309,5559.2,84262,89565,356409,411,340,3219,-0.68627,-2.0562,0.36928
-2301,577.58,-1607.4,8.0682,1631.9,-2355.5,6.2537e+05,141269,1,3403,-2873.6,-8318.6,-4349.3,2537.3,4644.8,-25095,33307,1.2777e+05,1.3491e+05,360908,411,337,3217,-0.77392,-2.0248,0.36928
-2426.8,669.5,-1107.9,66.746,1135.3,-2504.4,6.2197e+05,141267,1,13658,-6256.1,-4904.5,-14779,6808.7,5516,-51717,35364,81596,1.0549e+05,358320,411,348,3221,-0.78633,-2.02,0.36928
-2737.5,918.88,-22.479,148.76,47.184,-2883.4,6.1618e+05,142793,1,11405,-4912.7,-2526.4,-20337,8984.9,5269.9,-93559,41755,26731,1.0906e+05,358676,411,348,3221,-0.79953,-2.0172,0.35597
-2387.6,480.58,-1578.5,16.062,1604,-2418.7,6.225e+05,141285,1,-8345.4,-830.28,-19549,4238.8,732.86,11585,31026,9482.8,1.0771e+05,1.1515e+05,359254,411,340,3219,-0.67364,-2.0603,0.36928
-2406.4,507.43,-268.1,201.93,306.36,-2446.5,6.2386e+05,141287,1,-8144.5,-3099.2,-31271,5928.7,1809.3,20349,1.0256e+05,-13958,1.0546e+05,1.5278e+05,362279,411,341,3220,-0.66099,-2.0644,0.36928
-2374.6,467.3,-1696.4,0.72874,1719.2,-2404,6.2676e+05,142815,1,-2502.2,273.3,-2983.6,903.91,119.24,2306.2,31287,730.17,61229,68919,353465,411,341,3220,-0.66166,-2.0666,0.35597
-2645.9,815.64,-528.96,131.61,556.26,-2760.3,6.1429e+05,144321,1,10408,-5859.4,-10467,-18029,8553.7,8185.5,-88171,41079,35685,1.0702e+05,358460,411,348,3221,-0.80032,-2.0192,0.34265
-2389.1,456.83,-1682.9,2.4951,1705.8,-2416.4,6.2927e+05,142817,1,-1432.3,-785.25,-7062.1,-250.41,1072,5660.6,12887,14203,1.0404e+05,1.062e+05,358400,411,341,3220,-0.64897,-2.0706,0.35597
-2404.7,452.4,-1482.1,29.072,1506.7,-2431.7,6.2322e+05,142819,1,-10095,-1506.3,-26400,5472.1,696.03,13531,39050,5358.5,98819,1.1106e+05,358862,411,341,3220,-0.63625,-2.0745,0.35597
-2440.1,492.3,45.046,233.89,-7.2785,-2478.7,6.2544e+05,142821,1,-9371.7,-1867.2,-26892,4001.9,1666.9,16530,63798,-2100.7,1.008e+05,1.2386e+05,359995,411,349,3222,-0.62351,-2.0784,0.35597
-2406.3,426.19,-1671.9,4.5249,1693.3,-2429,6.2859e+05,144351,1,-8206.3,38.942,-14114,2149.8,471.41,6557.8,19820,9138.8,89401,93719,356939,411,349,3222,-0.61135,-2.0842,0.34265
-2451.7,695.19,-997.62,104.78,1024.9,-2535.3,6.1308e+05,145849,1,10135,-5644.7,-9984.1,-14205,6728,6502.4,-82715,37664,29160,98154,357476,411,368,3225,-0.80108,-2.0211,0.32932
-2423.2,423.83,-1271.6,59.008,1296.7,-2446.2,6.2377e+05,144353,1,-7287.8,-4203.9,-37537,6807.8,1102.3,18132,64449,-4720.2,81935,1.129e+05,359040,411,355,3223,-0.59855,-2.0879,0.34265
-2484,481.72,499.94,281.36,-461.73,-2521.9,6.2711e+05,144355,1,-14316,-1288.2,-31846,4576.4,1750,18287,54804,78.51,96491,1.1787e+05,359484,411,355,3223,-0.58573,-2.0916,0.34265
-2425.1,396.93,-1642.9,7.8117,1662.8,-2443.9,6.2656e+05,145885,1,-7293.6,-277.14,-14311,1306.5,532.04,5560.2,29991,6055.4,88693,95360,357142,411,355,3223,-0.57343,-2.0971,0.32932
-2293.3,641.38,-1488.6,32.261,1508.9,-2368.3,6.1289e+05,147377,1,2335.3,-1857.5,-5820.7,-3136.9,1798.5,3411.1,-47520,24477,35488,64685,352726,411,368,3225,-0.80181,-2.023,0.31597
-2449.8,402.57,-763.39,125.61,791.13,-2470.8,6.2436e+05,145887,1,-10515,-2360.9,-32368,5898.1,878.46,15345,42960,2544.7,88956,1.0464e+05,358224,411,369,3226,-0.56055,-2.1006,0.32932
-2424.1,375.45,-1695.4,1.0925,1713.3,-2440.5,6.2991e+05,147417,1,-2694.1,-41.137,-4901.9,264.54,270.16,2220.5,20922,3903.4,61351,65217,352817,411,369,3226,-0.54815,-2.1059,0.31597
-2323.4,632.47,-28.063,275.86,68.412,-2391.3,6.2008e+05,147375,1,1495.6,-2394.9,-11299,399.29,1251.1,8746.1,-77271,49211,1.1672e+05,1.491e+05,362012,411,368,3225,-0.81421,-2.018,0.31597
-2270.5,679.74,-1663.7,2.455,1680,-2358.5,6.2634e+05,148901,1,2201,-1675.4,-4947.7,-2035.6,626.76,-1410.5,-18756,26109,1.2003e+05,1.2442e+05,360048,411,368,3225,-0.8273,-2.0147,0.30261
-2446.1,368.97,-1504.8,25.227,1524.3,-2461.7,6.2341e+05,147419,1,-11811,-1429.9,-29029,4517.1,590.3,11326,34525,5995.7,96820,1.0833e+05,358586,411,369,3226,-0.53522,-2.1092,0.31597
-2425.8,355.17,-1709.5,-0.11314,1725.9,-2440.1,6.2828e+05,148949,1,-4920,311.38,-6121.3,557.94,140.66,1874.2,23363,2628.5,57599,62738,352396,411,369,3226,-0.52272,-2.1143,0.30261
-2297,709.1,-1421,33.479,1439.4,-2392.8,6.2335e+05,148899,1,6712,-4164.8,-8690.9,-7238.4,3409,2379.9,-28400,28131,1.0545e+05,1.1369e+05,359115,411,367,3224,-0.83964,-2.0096,0.30261
-2434.3,800.99,-822.02,105.07,843.17,-2553.7,6.1651e+05,150427,1,8631.3,-4301.8,-4472.9,-13815,6603.5,4884.9,-88664,42038,29247,1.0419e+05,358172,411,392,3229,-0.85267,-2.0061,0.28924
-2443.7,344.64,-1666,5.3315,1682.7,-2456.5,6.2581e+05,148951,1,-6434.2,-1079.7,-17915,1145.2,557.26,5655.9,13159,6784.4,68215,72592,354069,411,369,3226,-0.50974,-2.1175,0.30261
-2468.4,336.62,-1168.8,72.131,1190,-2480.1,6.2068e+05,148953,1,-8405.6,-3287,-35994,3477.6,1195.9,13724,44947,486.16,76667,97351,357373,411,379,3227,-0.49674,-2.1206,0.30261
-2443.5,324.47,-1711.6,-0.79447,1726.5,-2454.5,6.2752e+05,150485,1,-6219.7,213.98,-8570,435.13,153.83,1790.7,18522,4815.9,65131,68731,353434,411,379,3227,-0.48412,-2.1254,0.28924
-2285.6,722.91,-1313.1,62.191,1331.5,-2386.2,6.1637e+05,151959,1,2848.4,-2043.2,-5937.8,-2688,1709.7,3946.7,-54417,28868,41211,74607,354370,411,392,3229,-0.85335,-2.0077,0.27586
-2461.7,313.4,-1641.8,8.0663,1657.3,-2471.3,6.2079e+05,150487,1,-1838.3,-1778.3,-15740,-719.98,610.34,3225.8,22338,3246.7,58613,64889,352761,411,379,3227,-0.47107,-2.1283,0.28924
-2487.3,303.01,-1009.8,91.57,1030.8,-2495.4,6.1434e+05,150489,1,-10297,-2120.5,-31236,3719.7,683.83,10668,29666,2982.9,68530,82460,355520,411,379,3227,-0.458,-2.1311,0.28924
-2469.8,299.41,-1670.4,-0.23345,1683.7,-2478.9,6.2287e+05,152023,1,-3495.1,46.278,-5212.5,311.77,78.788,1090.5,26442,2306.3,59258,65244,352823,411,384,3228,-0.44527,-2.1356,0.27586
-2261.8,756,-1691,0.27574,1703.2,-2376.1,6.2725e+05,153489,1,417.01,-614.9,-3225.9,-410.35,-164.49,-2574.2,-23602,19953,72618,79034,355039,411,392,3229,-0.86631,-2.0039,0.26247
-2502.2,297.1,-1343,34.367,1358,-2511.5,6.0713e+05,152025,1,-12015,-527.54,-22389,3024.3,259.63,6568.2,21037,3329.5,57567,66826,353110,411,384,3228,-0.43216,-2.1383,0.27586
-2611,317.24,-695.31,101.45,713.67,-2623.3,5.9811e+05,152027,1,-12206,-1134.6,-26754,2678.1,603.38,8538.8,28530,397.88,47108,63086,352441,411,384,3228,-0.41903,-2.1409,0.27586
-2512.8,296.67,-1590.2,0.33363,1601.6,-2523,6.1223e+05,153559,1,-7163.1,349.22,-8312.8,1321.5,-32.734,1769.6,12931,2776.1,42135,45560,348825,411,384,3228,-0.41935,-2.1425,0.26247
-2273.7,792.63,-1333.9,43.434,1348.7,-2399.2,6.2424e+05,153485,1,6014.8,-4088.8,-10288,-7361.5,3749.4,3334.8,-42922,33771,1.076e+05,1.2165e+05,359799,411,392,3229,-0.89083,-1.9932,0.26247
-2245,764.77,-1639.8,6.1666,1652.3,-2362.9,6.2567e+05,153487,1,2389.3,-2346.9,-9494,-2595.2,779.92,-2759.1,-8313,24218,1.5233e+05,1.5484e+05,362440,411,392,3229,-0.87859,-1.9986,0.26247
-2358.8,776.73,-406.63,220.73,434.43,-2468.8,6.2236e+05,155015,1,6399.8,-4003,-8800.4,-3800.5,2900,8994.6,-89298,50360,78791,1.3022e+05,360532,411,404,3232,-0.90369,-1.9891,0.24907
-2577.3,308.41,-1383,10.151,1394.1,-2589.6,6.0211e+05,153561,1,-8815.4,-115.28,-14252,1608.3,121.8,3408.2,12196,2063.3,35234,41103,347634,411,384,3228,-0.40619,-2.1451,0.26247
-2720.5,336.68,-1131.5,22.388,1142.3,-2736.7,5.937e+05,153563,1,-12763,-403.32,-22074,2293.4,228.14,5233.9,15640,1622.7,36477,47548,349303,411,384,3228,-0.39302,-2.1475,0.26247
-2911.7,367.75,-978.62,26.6,988.86,-2931.2,5.875e+05,153565,1,-12722,-636.95,-23438,1729.7,344.56,5290.1,5129,2688.9,29376,40487,347418,411,384,3228,-0.37984,-2.1499,0.26247
-3109.6,392.91,-937.41,22.031,946.81,-3131.4,5.8453e+05,153567,1,-12974,-587.28,-22916,1515.1,332.99,4840.4,3081.6,2163.6,22015,34907,345442,411,384,3228,-0.36664,-2.1522,0.26247
-2838.6,336.43,-1214.9,6.5128,1223.5,-2854.8,5.8463e+05,155099,1,-10730,66.39,-15139,1326.1,145.46,3193.3,7119.3,786.08,17203,26524,341692,411,384,3228,-0.3669,-2.1537,0.24907
-2237.6,831.7,-1674.7,2.4193,1684.6,-2380.1,6.2693e+05,156545,1,534.48,-1487.8,-10197,-348.2,-373.7,-4408,-24967,29052,1.439e+05,1.4934e+05,362026,411,404,3232,-0.91651,-1.9848,0.23566
-2990.7,354.53,-1114.5,7.2087,1122.5,-3008.7,5.8167e+05,155101,1,-10510,-235.03,-16781,968.76,226.34,3311.6,5518.2,707.35,13895,25062,340931,411,384,3228,-0.35368,-2.1559,0.24907
-2796.6,315.54,-1299.4,1.274,1307.1,-2810.8,5.82e+05,156633,1,-9015.3,193.75,-11695,861.77,110.05,2289.8,7182.1,84.969,11527,20213,337604,411,384,3228,-0.35392,-2.1574,0.23566
-2331.2,854.23,-622.27,183.11,644.07,-2470.5,6.2173e+05,158071,1,6347.4,-3910.5,-7485,-2759,2211.3,7379.4,-85545,49117,68398,1.2078e+05,359738,411,415,3234,-0.9535,-1.9689,0.22224
-2254.6,868.62,-1391.5,35.934,1403.4,-2409,6.2502e+05,156541,1,4852.1,-3558.8,-10119,-4289,1977.2,-507.38,-31510,30820,1.2831e+05,1.3626e+05,361005,411,403,3231,-0.94079,-1.9735,0.23566
-2230.5,842.41,-1615.5,10.653,1626,-2377.1,6.2523e+05,156543,1,83.038,-907.18,-7051.3,-1355.2,200.93,-3594.8,-2271.1,15307,1.1625e+05,1.1755e+05,359449,411,404,3232,-0.92867,-1.9792,0.23566
-2925,326.85,-1205.9,2.9331,1213.2,-2940.2,5.8166e+05,156635,1,-9279.7,-20.037,-13564,706.67,165.84,2536.5,6466.8,169.66,10895,20919,338092,411,384,3228,-0.34068,-2.1595,0.23566
-3042.4,333.57,-1128.7,4.1387,1135.7,-3058,5.8139e+05,156637,1,-8735.3,-152.24,-13574,363.27,212.67,2455.6,4475.2,420.08,10139,19743,337247,411,384,3228,-0.32742,-2.1616,0.23566
-2878,303.84,-1267.3,1.8613,1274,-2891,5.8219e+05,158169,1,-8380.2,108.43,-11190,314.64,149.58,1914,4432.6,297.18,9392.4,17527,335558,411,384,3228,-0.32763,-2.163,0.22224
-2208.8,906.66,-1666.4,2.3518,1674.2,-2382.2,6.27e+05,159601,1,395.46,-1112.2,-8394.8,-122.97,-404.58,-4281.7,-20676,21587,1.0441e+05,1.0902e+05,358668,411,415,3234,-0.96614,-1.9642,0.20882
-2845.6,283.94,-1332.8,0.76733,1338.9,-2856.9,5.8308e+05,159703,1,-7726.9,157.31,-9881.1,111.48,132.15,1520.4,3709.6,268.19,8281.6,15560,333745,411,384,3228,-0.31454,-2.1662,0.20882
-2988.6,306.57,-1214.8,2.6345,1221.3,-3001.6,5.8275e+05,158171,1,-8015.5,-12.687,-11444,87.392,179.83,1873.6,3386.2,427.93,8969.3,17055,335112,411,384,3228,-0.31435,-2.1649,0.22224
-2236,991.29,-782.25,67.432,792.23,-2441.7,6.2359e+05,159595,1,7505.6,-5174,-11695,-9565.7,4850.5,-716.31,-63957,48372,1.3906e+05,1.6156e+05,362906,411,414,3233,-1.0021,-1.9461,0.20882
-2167.8,921.48,-1523.5,13.398,1531.7,-2350.2,6.2737e+05,159597,1,740.33,-1322.3,-8411.9,-2364.7,736.51,-4304.7,-17884,22461,1.2091e+05,1.2467e+05,360068,411,414,3233,-0.99017,-1.9522,0.20882
-2239,934.61,-1094.9,96.08,1107.9,-2418.5,6.209e+05,161127,1,4994.6,-3054.3,-4746.4,-1004.2,916.36,3665.2,-65585,38902,50196,91687,356682,411,414,3233,-1.0027,-1.9472,0.19538
-2193.2,915.2,-1632.8,5.5268,1640.8,-2371,6.2708e+05,159599,1,-1484.7,-684.72,-12938,-1063.9,-150.96,-6242.8,1907,18419,1.7589e+05,1.7746e+05,363860,411,414,3233,-0.97818,-1.9582,0.20882
-2944.9,283.98,-1287,1.215,1293,-2955.9,5.8441e+05,159705,1,-6693.5,-55.74,-10244,-146.49,157.12,1427.9,3347.2,223.23,7166.4,14644,332842,411,384,3228,-0.30125,-2.1681,0.20882
-2889.9,262.34,-1329.3,1.4874,1334.7,-2899.3,5.8582e+05,161239,1,-6137.6,-18.191,-9220.2,-337.5,150.1,1168.5,2558.5,255.89,6649.2,13229,331125,411,384,3228,-0.2881,-2.1712,0.19538
-3030.6,280.69,-1244,1.721,1249.9,-3041.2,5.8573e+05,159707,1,-6095,-225.64,-10750,-382.28,186.98,1419,2623.4,269.93,6438.5,14261,332444,411,384,3228,-0.28794,-2.1699,0.20882
-2379,858.61,849.14,415.27,-815.47,-2506.1,6.2621e+05,161125,1,8020.2,-5711.9,-15382,751.06,487.01,8023.6,-87790,59382,1.3813e+05,1.7525e+05,363721,411,434,3235,-1.0146,-1.941,0.19538
-2167,983.57,-1191.8,47.691,1199.9,-2375.3,6.2535e+05,162655,1,10315,-6913,-14527,-6948.3,3315.4,-4012.6,-74729,53861,1.4545e+05,1.7344e+05,363625,411,434,3235,-1.0271,-1.9358,0.18194
-2977.7,256.46,-1311.3,2.1485,1316.7,-2986.3,5.8711e+05,161241,1,-5973.3,-85.832,-9292.7,-531.02,163.26,1074.1,1367.2,403.63,6392.6,12900,330547,411,384,3228,-0.27477,-2.1729,0.19538
-2927.4,236.12,-1370.1,1.246,1374.9,-2934.7,5.8861e+05,162775,1,-5100,-123.59,-8779.3,-588.78,141.97,843.07,1889.5,247.08,5654.4,11823,327677,411,384,3228,-0.26157,-2.1757,0.18194
-2180.9,993.14,-1460.1,32.545,1466.9,-2392,6.1996e+05,164189,1,5720.8,-3173.2,-1306.4,-998.41,699.44,1804.7,-53936,30373,18034,64854,352755,411,434,3235,-1.0276,-1.9367,0.16849
-2994,227.32,-1347.2,1.4181,1351.9,-3000.5,5.8942e+05,162777,1,-4702.5,-194.48,-8763,-709.37,141.15,730.01,1545.2,241.36,5027,11301,326591,411,384,3228,-0.24822,-2.1773,0.18194
-2939.8,208.62,-1392.4,0.63965,1396.6,-2945.2,5.908e+05,164313,1,-4299.9,-175.35,-8261,-766.17,126.28,565.49,1629.7,169.9,4472.7,10506,324813,411,384,3228,-0.23497,-2.1798,0.16849
-2108.6,1020.6,-1352.6,19.767,1357.4,-2339.8,6.2637e+05,165721,1,4307.8,-3254,-10493,-3430.3,1692.1,-2267.8,-57262,40375,1.0786e+05,1.2923e+05,360455,411,434,3235,-1.0517,-1.9248,0.15503
-2331.3,929.41,60.087,290.69,-37.924,-2493.2,6.2497e+05,164187,1,5847.1,-4305,-13486,2382.8,-1016.2,2606.1,-76017,49730,1.0297e+05,1.3742e+05,361089,411,434,3235,-1.0394,-1.9304,0.16849
-2993,197.39,-1369.7,0.85256,1373.8,-2997.6,5.9194e+05,164315,1,-4066.3,-217.75,-8182.3,-876.89,125.34,479.42,1333,176.52,4078.3,10148,324024,411,384,3228,-0.22159,-2.1812,0.16849
-2942.4,179.7,-1410.8,0.81402,1414.3,-2946.2,5.9311e+05,165853,1,-3714.1,-188.39,-7649.7,-890.97,108.57,331.5,1623.3,116.6,3810.4,9509.6,322192,411,384,3228,-0.2083,-2.1835,0.15503
-2244.9,968.94,-280.56,222.5,295.5,-2433.2,6.2446e+05,167255,1,8065.9,-4787.2,-4211,-550.29,890.29,7314.3,-91398,54055,45494,1.1621e+05,359345,411,469,3237,-1.064,-1.9191,0.14157
-2885.6,163.92,-1431.1,0.79368,1434.1,-2888.8,5.9396e+05,167391,1,-3258.1,-172.42,-7136,-908.28,93.365,189.22,2070.9,36.476,3418.3,8855.1,319972,411,384,3228,-0.19497,-2.1857,0.14157
-2110.5,1060.2,-1605,2.3823,1607.9,-2359.9,6.2745e+05,168791,1,-49.311,-558.76,-8129,1317.6,-1156.6,-6068.4,-29894,22777,86721,95075,357111,411,469,3237,-1.0644,-1.9199,0.1281
-2927.2,151.25,-1402.6,0.9789,1405.5,-2929.7,5.9512e+05,167393,1,-3089.3,-204.42,-7104.2,-962.25,89.305,144.28,1963.9,47.075,3260.4,8689.1,319451,411,384,3228,-0.18156,-2.1868,0.14157
-2968.1,137.9,-1378.5,0.99327,1381.4,-2969.9,5.967e+05,167395,1,-2780.6,-241.24,-7029.7,-1022.5,84.868,96.986,2035,37.422,2989.9,8446.9,318660,411,384,3228,-0.16814,-2.1879,0.14157
-3002.6,123.91,-1348.5,1.0932,1351.3,-3003.9,5.9828e+05,167397,1,-2462.1,-274.25,-6970.7,-1065.1,77.664,47.883,2265.5,10.665,2646.6,8246.7,317962,411,384,3228,-0.15471,-2.1889,0.14157
-2942.9,108.96,-1354.1,1.7068,1356.5,-2943.8,5.9881e+05,168935,1,-2303.2,-231.56,-6498.1,-1062.3,67.016,-27.026,2507.8,-0.096876,2761.3,7914,316480,411,384,3228,-0.14133,-2.1906,0.1281
-2142.3,1101,-513.91,75.225,519.17,-2406.3,6.2473e+05,168787,1,7956.9,-5361.5,-11310,-10365,5766,-2506.6,-72208,49058,1.112e+05,1.4267e+05,361516,411,469,3237,-1.0878,-1.9067,0.1281
-2068.4,1049.4,-1399.6,17.596,1403,-2317.3,6.2782e+05,168789,1,563.86,-882.63,-7581.4,-1371.2,303.79,-6901.4,-26624,21871,97415,1.0385e+05,358139,411,469,3237,-1.0761,-1.9133,0.1281
-2229.8,1139.5,-880.23,69.27,885.04,-2501.5,6.1942e+05,170323,1,7856.4,-4471.9,169.15,-2929.8,1920.5,4390,-74843,44250,23525,90698,356559,411,469,3237,-1.0882,-1.9073,0.11463
-2884.8,95.531,-1352.6,2.0818,1354.6,-2885.5,5.9916e+05,170473,1,-2011.4,-204.93,-6156.1,-1050.5,55.757,-108.29,3185.8,-45.914,2666.1,7769.4,315622,411,384,3228,-0.12793,-2.1922,0.11463
-2357.2,968.43,465.37,363.53,-449.12,-2525.2,6.2629e+05,171857,1,7746.2,-4824.6,-6842.8,1066.8,-15.573,10040,-87140,53826,66454,1.2304e+05,359930,411,469,3237,-1.1002,-1.9012,0.10116
-2911.3,81.339,-1306,2.3673,1307.9,-2911.6,5.9996e+05,170475,1,-1777.7,-226.68,-6162.9,-1062.4,48.025,-133.11,3759.6,-62.231,2544.4,7866.7,316211,411,384,3228,-0.11448,-2.1929,0.11463
-2851,68.944,-1287.7,2.9803,1289.2,-2851.2,6.008e+05,172013,1,-1537.5,-204.45,-5819.2,-1096.4,43.149,-157.02,4139.8,-66.892,2627.5,7845,316073,411,384,3228,-0.10105,-2.1942,0.10116
-2121.9,1150.7,-1647.8,1.0961,1649.2,-2412.9,6.2677e+05,173393,1,1035.8,-1223.7,-12443,500.05,-799.78,-10216,-17647,16082,1.166e+05,1.2012e+05,359681,411,496,3244,-1.1005,-1.9017,0.087677
-2871.6,53.797,-1229.4,4.1258,1230.9,-2871.5,6.0184e+05,172015,1,-1551,-190.29,-5572.2,-1130,38.578,-146.96,4140.4,-33.9,2942.8,7784.3,315698,411,384,3228,-0.087584,-2.1948,0.10116
-2820.4,40.41,-1219.4,6.1109,1220.6,-2820.1,6.0286e+05,173553,1,-1525.5,-147.13,-4955.2,-1132.1,30.908,-186.93,4026.6,11.366,3707.7,7627.7,314903,411,384,3228,-0.074134,-2.1959,0.087677
-2893,38.856,-1173.7,4.7225,1175.2,-2892.7,6.0318e+05,172017,1,-1384.4,-215.16,-5619.4,-1132,33.693,-110.96,4157.3,-12.058,2835.9,7756.4,315565,411,384,3228,-0.074115,-2.1953,0.10116
-1750.9,1656.3,-1461,1.1754,1462.3,-2409.5,6.3145e+05,173309,1,-1563.7,970.17,-9662,-1826.3,1016.8,-13272,13379,-5298.3,1.3248e+05,1.3429e+05,360848,411,491,3239,-1.5488,-1.5584,0.087677
-1760.3,1644.8,-1467.5,0.93633,1468.7,-2408.4,6.3169e+05,173311,1,-864.38,140.33,-11771,-1063.2,117.46,-15445,4443.4,5190.8,1.5866e+05,1.5999e+05,362794,411,491,3239,-1.5393,-1.5679,0.087677
-1743.6,1662.9,-1454.8,2.2281,1456.1,-2408.6,6.2973e+05,735721,1,964.81,-2372.9,-23061,-724.56,-732.8,-23873,54025,-50924,49726,95362,357143,411,1624,3557,-1.557,-1.5501,0.090861
-1770.2,1633.6,-1473.6,0.80479,1474.8,-2408.1,6.3162e+05,173313,1,-1047.9,280.33,-12313,-998.3,59.134,-15240,4900.7,4826.4,1.6005e+05,1.614e+05,362895,411,491,3239,-1.5296,-1.5773,0.087677
-1780.2,1622.5,-1479.1,0.78659,1480.3,-2407.9,6.3159e+05,173315,1,-908.24,120.68,-12603,-1049,106.23,-15160,4500.2,5266.2,1.6095e+05,1.6231e+05,362956,411,492,3240,-1.5199,-1.5866,0.087677
-1790.1,1611.2,-1484.2,0.80332,1485.4,-2407.7,6.3148e+05,173317,1,-876.91,86.919,-12569,-1098.9,140.39,-15259,4592.8,5194.6,1.6127e+05,1.6263e+05,362978,411,492,3240,-1.5101,-1.5959,0.087677
-1800,1599.9,-1489.2,0.81572,1490.4,-2407.5,6.3164e+05,173319,1,-898.7,108.12,-12454,-1060.7,89.352,-15397,4463.2,5328.1,1.6153e+05,1.6289e+05,362995,411,492,3240,-1.5003,-1.6052,0.087677
-1809.8,1588.7,-1494.4,0.76634,1495.6,-2407.4,6.3159e+05,173321,1,-878.41,88.007,-12368,-1068.5,86.128,-15456,4498.2,5305.8,1.6173e+05,1.6309e+05,363015,411,492,3240,-1.4904,-1.6143,0.087677
-1819.7,1577.6,-1500,0.655,1501.2,-2407.6,6.3151e+05,173323,1,-1044,86.531,-14872,-1071.3,-84.073,-18284,5383.2,6393.7,1.9434e+05,1.9595e+05,364782,411,493,3241,-1.4805,-1.6234,0.087677
-1829.7,1566.5,-1505.8,0.52177,1507.1,-2407.9,6.3128e+05,173325,1,-839.09,173.64,-10089,-965.35,160.11,-12349,3433.3,4412.8,1.2978e+05,1.3088e+05,360580,411,493,3241,-1.4705,-1.6325,0.087677
-1839.7,1555.4,-1511,0.50923,1512.2,-2408.3,6.3077e+05,173327,1,-1047.4,187.86,-12948,-936.46,-21.211,-14909,4255.7,5530.6,1.6198e+05,1.6334e+05,363036,411,494,3242,-1.4605,-1.6415,0.087677
-1849.6,1544.1,-1515.4,0.62417,1516.6,-2408.7,6.3045e+05,173329,1,-927.97,57.825,-13256,-1044.4,83.909,-14635,4338.2,5432.2,1.6161e+05,1.6297e+05,363000,411,494,3242,-1.4504,-1.6504,0.087677
-1859.5,1532.8,-1519.8,0.69642,1521.1,-2409,6.3031e+05,173331,1,-919.22,45.546,-13249,-1018.2,59.43,-14561,4106.7,5604.9,1.6112e+05,1.6247e+05,362966,411,494,3242,-1.4402,-1.6593,0.087677
-1869.3,1521.3,-1523.9,0.79322,1525.2,-2409.3,6.2934e+05,173333,1,-984.41,101.18,-13135,-1086.4,125.09,-14300,5883.1,4095.4,1.6133e+05,1.6266e+05,362979,411,494,3242,-1.43,-1.6681,0.087677
-1884.9,1503,-1451.7,12.946,1453.4,-2409.7,6.2708e+05,173335,1,-2400.5,1313.1,-12861,-1750.7,827.53,-11691,18855,-7572.8,1.4956e+05,1.5197e+05,362221,411,505,3245,-1.4197,-1.6768,0.087677
-1960.9,1415.8,-646.78,145.85,653.12,-2412.4,6.2832e+05,173337,1,-4587.3,2840.3,-18378,-1010.3,708.24,-3026.7,52125,-33288,1.8911e+05,1.9991e+05,364929,411,505,3245,-1.4094,-1.6855,0.087677
-1896,1497.7,-1541.3,0.47508,1542.2,-2415.6,6.2792e+05,174875,1,-2605.9,1719.3,-9180,-3487.1,2322.8,-11806,28207,-17855,1.1476e+05,1.2056e+05,359727,411,505,3245,-1.3994,-1.6945,0.074193
-2053.4,1241.3,-809.91,54.252,812.72,-2397.8,6.2608e+05,173375,1,5373.4,-4059.8,-9926.4,-5794.8,3576.9,-4106.9,-60858,46620,1.3012e+05,1.5171e+05,362210,411,495,3243,-1.2038,-1.838,0.087677
-2332.7,1070.4,901.05,428.35,-887.1,-2535.5,6.2828e+05,174909,1,8487.7,-5780,-5068.2,4062.1,-2557.3,2202.6,-92139,64185,83218,1.4033e+05,361334,411,522,3253,-1.2153,-1.831,0.074193
-2016.5,1217.8,-1467,13.056,1468.7,-2354.6,6.2944e+05,173377,1,-282.71,-464.55,-12190,-765.22,-209.75,-14087,-20016,21153,1.5976e+05,1.6281e+05,362990,411,495,3243,-1.1925,-1.8454,0.087677
-2053,1227,-1572.7,6.2291,1574.2,-2390.7,6.2867e+05,173379,1,-1896,512.17,-13579,-545.64,-364.96,-14122,1207.3,7446.9,1.6144e+05,1.6281e+05,362991,411,495,3243,-1.1812,-1.8527,0.087677
-2074.1,1224.3,-1604.7,3.8946,1606.1,-2407.6,6.2841e+05,173381,1,-1354.8,100.66,-14826,-732.57,-242.18,-13905,2434.7,6677.9,1.6178e+05,1.6321e+05,363026,411,495,3243,-1.1698,-1.8599,0.087677
-2085.3,1213.8,-1613,3.5976,1614.5,-2411.9,6.2809e+05,173383,1,-951.01,-161.13,-14882,-1051.8,-44.752,-13877,3291.3,6123.6,1.6155e+05,1.6298e+05,363002,411,495,3243,-1.1583,-1.867,0.087677
-2094.4,1201.3,-1614,4.1774,1615.5,-2413.5,6.275e+05,173385,1,-881.85,-216.16,-15026,-1088.3,-26.778,-13816,3234.8,6137.3,1.6123e+05,1.6267e+05,362980,411,495,3243,-1.1469,-1.8741,0.087677
-2102.4,1188.6,-1618,4.1639,1619.5,-2414.1,6.2757e+05,173387,1,-821.54,-258.24,-15048,-1108.3,-18.422,-13758,3220.1,6109.2,1.6055e+05,1.62e+05,362937,411,496,3244,-1.1353,-1.8811,0.087677
-2109.8,1176,-1624.8,3.748,1626.2,-2414.4,6.2796e+05,173389,1,-497.36,-533.22,-16623,-605.8,-371.66,-14731,-2872.2,10354,1.7324e+05,1.7499e+05,363708,411,496,3244,-1.1238,-1.888,0.087677
-2116.4,1163.4,-1635.5,2.7275,1636.9,-2414.1,6.2809e+05,173391,1,-618.08,-94.856,-9208.4,-986.35,182.41,-8042.8,1400.5,3679.5,90442,91357,356631,411,496,3244,-1.1122,-1.8949,0.087677
-2841.6,25.394,-1165.1,6.5719,1166.3,-2841.3,6.0399e+05,173555,1,-1335.1,-158.71,-4904.9,-1135.8,23.395,-201.77,4209.5,31.746,3717.2,7664,315119,411,484,3238,-0.060659,-2.1963,0.087677
-2777.8,28.773,-1219.3,6.759,1220.3,-2777.6,6.0364e+05,175091,1,-1279,-121.5,-4657.9,-1158.8,29.807,-42.905,4372.7,16.263,4041.7,7755.5,315559,411,484,3238,-0.060673,-2.1968,0.074193
-2328.5,-499.07,833.04,496.14,-813.9,-2335.9,6.2366e+05,173569,1,99733,1945.4,6092.1,-4286.4,-15.674,-651.73,1.0829e+05,2412.4,19356,1.4871e+05,361979,411,484,3238,0.033702,-2.1969,0.087677
-2376.9,-450.36,483.82,429.94,-469.58,-2383.5,6.2313e+05,175105,1,1.034e+05,2110.7,8498.7,-2431.8,-40.225,-1505.1,1.0857e+05,2670.2,26288,1.5252e+05,362261,411,523,3254,0.03371,-2.1974,0.074193
-2719.7,-123.16,-608.91,77.527,611.87,-2720.7,6.1985e+05,175103,1,16627,87.817,-3106.2,-15851,-237.17,-1655.6,54626,1074.2,13438,60877,352061,411,484,3238,0.020227,-2.1976,0.074193
-1905.1,1485.9,-1546.7,0.32275,1547.6,-2415.4,6.3043e+05,174877,1,-1226.5,511.03,-10258,-899.46,110.82,-13182,5504.4,1791.8,1.3195e+05,1.3313e+05,360749,411,505,3245,-1.389,-1.7031,0.074193
-1914.9,1473.6,-1544.9,1.2949,1545.8,-2415.7,6.3001e+05,174879,1,-2146.3,911.24,-17167,-223.99,-589.76,-16424,8088.8,2736.6,1.9537e+05,1.9701e+05,364817,411,506,3246,-1.3785,-1.7116,0.074193
-1930.2,1455,-1474.9,12.927,1476.2,-2416.4,6.269e+05,174881,1,-2694.5,1508.6,-13383,-3112.4,2021.4,-9578.5,24843,-13357,1.3454e+05,1.3853e+05,361190,411,516,3247,-1.3679,-1.72,0.074193
-2013,1355,-607.26,157.06,612.91,-2420,6.2858e+05,174883,1,-6132.5,3925.1,-19738,-4121.8,2859.8,-8605.7,54046,-34437,1.7782e+05,1.9045e+05,364525,411,516,3247,-1.3574,-1.7283,0.074193
-1939.7,1448.8,-1565,0.62275,1565.6,-2420.7,6.2699e+05,176421,1,-2899.9,1822.5,-11136,-4338.7,2780.2,-15223,33284,-20472,1.3875e+05,1.4551e+05,361756,411,516,3247,-1.347,-1.737,0.060708
-2040.3,1299.4,-1611.7,1.1649,1612.4,-2418.5,6.2876e+05,176445,1,499.28,-788.29,-12297,450.51,-691.4,-10596,-13511,13135,1.1129e+05,1.1405e+05,359144,411,522,3253,-1.2156,-1.8314,0.060708
-2792.4,13.664,-1159.4,7.1595,1160.3,-2792.1,6.0497e+05,175093,1,-801.38,-143.25,-4666.4,-1190,23.093,-18.952,4741.4,36.737,3915.5,7852.9,316120,411,484,3238,-0.047192,-2.1971,0.074193
-2800.5,-3.2946,-1093.5,9.3306,1094.4,-2800.1,6.0638e+05,175095,1,-432.67,-143.37,-4544.6,-1310.3,26.081,186.33,4934.6,57.434,4085,7978.4,316808,411,484,3238,-0.03371,-2.1974,0.074193
-2801.3,-20.95,-1023,12.186,1024,-2801,6.0841e+05,175097,1,176.27,-158.35,-4583.9,-1326.1,18.486,197.68,5384.4,96.95,4344.1,8410.6,318534,411,484,3238,-0.020227,-2.1976,0.074193
-2793.4,-40.215,-945.19,16.866,946.29,-2793.2,6.1088e+05,175099,1,1063.9,-161.62,-4696,-1424.5,12.766,271.53,6292.4,150.41,5002,9484.2,322120,411,484,3238,-0.0067424,-2.1976,0.074193
-2772,-60.046,-850.85,22.804,852.11,-2772.1,6.1426e+05,175101,1,2860.4,-150.09,-4940.6,-2911,-10.532,91.996,11829,256.58,6356,14882,333083,411,484,3238,0.0067422,-2.1976,0.074193
-2385.2,-391.24,126.58,357.97,-116.74,-2390.9,6.2253e+05,176641,1,71673,1364.7,4717.8,-10947,-193.52,-2000.3,96885,2267.3,25837,1.2387e+05,359998,411,523,3254,0.033716,-2.1978,0.060708
-1947.6,1436.3,-1570.8,0.31165,1571.4,-2419.5,6.2954e+05,176423,1,-639.89,193.07,-7698.1,-945.26,280.55,-11567,1677.1,2659.5,1.0199e+05,1.0298e+05,358040,411,517,3248,-1.3363,-1.7452,0.060708
-1956.5,1423.8,-1572,0.79175,1572.6,-2419.3,6.2993e+05,176425,1,-1376.8,462.08,-15135,-1087.7,50.447,-20132,5886.7,2834.4,1.8957e+05,1.9136e+05,364580,411,517,3248,-1.3256,-1.7534,0.060708
-1965.6,1411.2,-1572.4,1.3995,1573.1,-2419.3,6.2935e+05,176427,1,-1095.2,283.9,-14005,-903.77,44.096,-16551,3261.2,3754.2,1.6159e+05,1.6312e+05,363018,411,518,3249,-1.3148,-1.7615,0.060708
-1974.6,1398.8,-1573.8,1.8677,1574.4,-2419.4,6.2901e+05,176429,1,-972.61,150.26,-14878,-937.91,78.566,-16143,2991.1,3998.3,1.6268e+05,1.6424e+05,363089,411,518,3249,-1.304,-1.7695,0.060708
-1983.5,1386.4,-1575.6,2.245,1576.3,-2419.5,6.2889e+05,176431,1,-975.16,10.008,-18413,-1020.8,28.52,-18865,3457,4908.1,1.9557e+05,1.9743e+05,364836,411,519,3250,-1.2931,-1.7775,0.060708
-1992.3,1373.9,-1577.4,2.635,1578.1,-2419.7,6.2871e+05,176433,1,-710.22,114.08,-10514,-938.5,270.81,-10784,1785,2842,1.0926e+05,1.1035e+05,358803,411,520,3251,-1.2821,-1.7854,0.060708
-2001,1361.4,-1579.9,2.9053,1580.6,-2419.8,6.2862e+05,176435,1,-946.62,-39.358,-18923,-1039.4,39.548,-18610,3321.9,5011.7,1.9583e+05,1.9772e+05,364845,411,520,3251,-1.2712,-1.7932,0.060708
-2009.6,1349.1,-1583.5,2.9954,1584.2,-2420,6.2868e+05,176437,1,-825.76,-20.996,-16011,-1029.6,138.59,-15613,2698.9,4237.6,1.636e+05,1.6521e+05,363154,411,520,3251,-1.2601,-1.801,0.060708
-2018,1336.6,-1587.2,3.0821,1587.9,-2420,6.2864e+05,176439,1,-786.13,-55.595,-16073,-1030.3,131.86,-15624,2584.9,4317.9,1.637e+05,1.6531e+05,363161,411,521,3252,-1.2491,-1.8087,0.060708
-2026.2,1324.2,-1592.3,2.9662,1593,-2420,6.2895e+05,176441,1,-556.78,-203.76,-15744,-676.64,-95.216,-15091,-999.16,6553.2,1.5844e+05,1.6007e+05,362799,411,521,3252,-1.2379,-1.8163,0.060708
-2033.7,1311.8,-1600.8,2.3603,1601.5,-2419.7,6.2952e+05,176443,1,-693.17,-90.311,-15072,-998.52,158.35,-13959,1925.1,4150.9,1.4727e+05,1.4877e+05,361991,411,522,3253,-1.2268,-1.8239,0.060708
-1038.6,-431.66,1344.2,438.03,-1335.1,-1047.6,6.2262e+05,178179,1,1.2265e+05,3190.9,22917,9797.7,334.94,3343.7,98909,2780.7,33661,1.6313e+05,363019,411,523,3254,0.047208,-2.1979,0.047219
-1485.3,-478.99,715.54,457.91,-708.6,-1495.3,6.2239e+05,179715,1,1.1252e+05,3141.8,37770,4538,196.06,3033.2,1.021e+05,2988.7,50336,1.6461e+05,363114,411,531,3255,0.047214,-2.1981,0.033729
-1945.8,-462.03,-34.251,419.81,38.117,-1955.2,6.2182e+05,181251,1,79117,2076.1,33092,-7719.7,-161.36,-3503.5,95368,2559.8,54604,1.3969e+05,361272,411,531,3255,0.047217,-2.1983,0.020238
-1240.1,-446,518.94,413.19,-517.67,-1251.9,6.2123e+05,182789,1,85594,2512.1,57344,-1039.3,-2.9841,-885.69,91476,2651.9,66483,1.5303e+05,362303,411,531,3255,0.060707,-2.198,0.0067463
-1006.4,-442.37,747.73,405.87,-748.97,-1020.8,6.2087e+05,184327,1,75774,2382.2,67698,2675.6,136.17,475.53,79764,2420,72764,1.4833e+05,361949,411,531,3255,0.074193,-2.1976,-0.006746
-1843.8,-1057.6,2194.2,438.93,-2192.8,-2081.2,6.1682e+05,182883,1,-17916,-5447.7,91647,-3558.6,-955.49,23427,-27985,-8911.3,1.5461e+05,1.8461e+05,364214,411,541,3257,0.68334,-2.09,0.0067463
-2491.9,-795.14,-775.11,-0.2124,775.12,-2615.7,6.1889e+05,184417,1,-12885,-4125.4,45829,-5344,-1708.7,-2964,-3037.5,-979.19,1.2364e+05,1.3274e+05,360720,411,540,3256,0.6705,-2.0942,-0.006746
-2035.4,-984.73,1407.9,294.01,-1407,-2242.4,6.1575e+05,182885,1,-858.91,39.019,67725,1839.7,726.07,14575,-8473.5,-2442.2,1.2151e+05,1.4016e+05,361316,411,541,3257,0.69615,-2.0858,0.0067463
-2271.6,-966.74,611.01,180.88,-611.57,-2461.9,6.1402e+05,184423,1,28029,9577.6,19659,9694.8,3327.5,4355.7,35986,12220,45705,70151,353695,411,541,3257,0.70894,-2.0815,-0.006746
-1862.9,-811.69,1200.2,171.4,-1199.7,-2025.2,6.1505e+05,182887,1,20144,7172.1,58827,13338,4621.6,17250,5954.6,2515.2,86006,1.0887e+05,358649,411,541,3257,0.70894,-2.0815,0.0067463
-2037.8,-360.75,-501.11,296.38,498.4,-2048.9,6.2019e+05,185863,1,46305,1271.4,51657,-7193.3,-146.26,-6531.4,68671,1798.5,69355,1.2016e+05,359686,411,531,3255,0.07419,-2.1976,-0.020238
-1769.7,-1024.6,1998.7,466.76,-2000.1,-1989.5,6.1637e+05,184411,1,-10134,-3241.1,87927,2717.8,889.83,19584,-31353,-10226,1.489e+05,1.7746e+05,363861,411,545,3258,0.63184,-2.1062,-0.006746
-2513.8,-734.08,-1109.3,7.0686,1109.3,-2618.8,6.1761e+05,185945,1,-2854.1,-1083.5,37611,-1419,-332.44,-12575,423.21,-793.9,1.4021e+05,1.4575e+05,361770,411,545,3258,0.61889,-2.1099,-0.020238
-2065.8,-861.63,678.01,215.95,-678.67,-2227.6,6.1407e+05,184413,1,-22598,-7023.1,1.0585e+05,206.03,65.019,25074,-65909,-20470,1.4929e+05,1.986e+05,364880,411,540,3256,0.64476,-2.1022,-0.006746
-2418.4,-769.65,-681.06,13.22,681.02,-2537.9,6.1486e+05,184415,1,-12213,-3868.9,65531,1615.2,498.21,4312.1,-39678,-12504,1.3177e+05,1.5354e+05,362339,411,540,3256,0.65764,-2.0982,-0.006746
-2382.7,-995.75,274.93,171.85,-276.53,-2576.5,6.1482e+05,185959,1,26387,8994.6,5979,-2331.7,-813.05,4160.6,48703,16329,26210,64513,352690,411,541,3257,0.70891,-2.0814,-0.020238
-1147.6,-477.33,773.29,424.06,-777.22,-1165.7,6.2073e+05,185865,1,59358,1677.2,80111,-2319.3,-56.209,1728.1,77082,2253.1,83572,1.5127e+05,362180,411,571,3265,0.087673,-2.1971,-0.020238
-1535.1,-501.71,537.56,422.26,-544.11,-1556.6,6.2078e+05,187403,1,54384,1464.1,75736,-1638.3,47.307,-4249.5,72359,1868.6,94823,1.5148e+05,362193,411,571,3265,0.10114,-2.1963,-0.033729
-1975.2,-633.88,-102.9,129.54,101.71,-2070.4,6.1489e+05,185933,1,-38266,-10494,1.0824e+05,-871.64,-304.88,9483,-81482,-21804,1.6279e+05,2.1679e+05,365550,411,551,3259,0.54081,-2.1313,-0.020238
-2326,-605.7,-1086.7,10.249,1086.6,-2403.6,6.1776e+05,185935,1,-15342,-4564.2,87356,-151.39,-59.227,780.6,-37172,-10598,1.5668e+05,1.842e+05,364191,411,551,3259,0.55387,-2.1279,-0.020238
-2498.6,-616.71,-1218.9,1.9317,1219,-2573.5,6.1286e+05,187469,1,-13501,-3850.1,35893,401.51,136.34,-3163.1,-32636,-9264.2,85184,99513,357629,411,551,3259,0.54077,-2.1311,-0.033729
-2406.8,-638.24,-1145.6,6.6419,1145.6,-2490,6.1815e+05,185937,1,-11863,-3608.9,69111,-4168.6,-1085.2,-3773,-6481.3,-2648.8,1.4452e+05,1.6093e+05,362855,411,551,3259,0.56692,-2.1245,-0.020238
-2448.6,-669.63,-1122.6,10.419,1122.5,-2538.5,6.1685e+05,185939,1,-5648.1,-1875.8,49398,-2161.7,-547.03,-7134.7,-3566.9,-1787.9,1.2559e+05,1.3535e+05,360942,411,545,3258,0.57994,-2.1209,-0.020238
-2477.6,-692.69,-1123.5,9.2449,1123.4,-2572.6,6.1682e+05,185941,1,-1718.7,-761.9,41734,-1569.6,-386.29,-8296.6,84.032,-755.63,1.1901e+05,1.2642e+05,360219,411,545,3258,0.59295,-2.1173,-0.020238
-2498.8,-713.22,-1125.9,7.3698,1125.9,-2598.6,6.1742e+05,185943,1,-1864.9,-756.43,33551,-1958.7,-504.38,-8397.8,2318.9,-30.414,1.0539e+05,1.1099e+05,358854,411,545,3258,0.60593,-2.1137,-0.020238
-1775.4,-956.48,1141.6,310.27,-1144.5,-1991,6.166e+05,185961,1,58116,20143,11796,22993,7877,19209,46929,15891,31161,91148,356605,411,563,3264,0.72167,-2.077,-0.020238
-1886,-1192.6,454.91,500.54,-462.65,-2173,6.1857e+05,187497,1,75586,26484,-5883.2,19293,6841.3,510.22,23144,6662.3,75938,1.1496e+05,359236,411,563,3264,0.72161,-2.0768,-0.033729
-2311.2,-218.5,-1074.3,134.99,1071.6,-2318.8,6.1968e+05,188939,1,25534,320.3,48257,-9267.9,-166.85,-13124,59977,1127.9,88871,1.2139e+05,359784,411,571,3265,0.10113,-2.1961,-0.047219
-1852.9,-690.21,635.76,239.63,-639.51,-1961.5,6.1574e+05,187463,1,-29879,-8585,1.1301e+05,-1391.9,-459.59,12817,-63371,-17366,1.6479e+05,2.1302e+05,365419,411,562,3263,0.50145,-2.1407,-0.033729
-2452.9,-531.86,-1261.8,0.90616,1262.1,-2509.7,6.1967e+05,188997,1,-11725,-3510.9,42404,-34.353,144.35,-7974.5,-23281,-7512.2,1.1348e+05,1.2445e+05,360052,411,562,3263,0.48825,-2.1435,-0.047219
-2359.5,-564.51,-1095,13.413,1094.9,-2426,6.1704e+05,187465,1,-34005,-9419.4,94015,-472.1,-128.62,-1047,-65610,-17967,1.7836e+05,2.1569e+05,365508,411,551,3259,0.51457,-2.1376,-0.033729
-2456.2,-586.69,-1236.3,-0.97995,1236.4,-2525.2,6.1906e+05,187467,1,-3395,-1326.3,36492,-1691.9,-372.77,-3916.6,-2585,-1767.8,88408,95860,357198,411,551,3259,0.52768,-2.1344,-0.033729
-1835.8,-1146.2,-768.52,496.61,758.03,-2110.3,6.192e+05,189033,1,95310,33717,-15211,39437,14121,-9700.4,-56291,-21364,72936,1.4576e+05,361773,411,563,3264,0.72153,-2.0766,-0.047219
-2030.8,-432,-43.519,326.4,36.518,-2050.6,6.2101e+05,188941,1,19327,-150.08,56628,-10225,-128.46,-16610,54402,219.93,1.1725e+05,1.4376e+05,361615,411,571,3265,0.11461,-2.1954,-0.047219
-1567.5,-605.58,1059.8,490.36,-1070.5,-1600.1,6.2212e+05,188943,1,38221,232.45,98183,-5077.1,-93.704,-6180.5,63367,599.68,1.3898e+05,1.8573e+05,364272,411,571,3265,0.12807,-2.1947,-0.047219
-2370.1,-130.69,-1490.5,33.544,1490.2,-2373.7,6.2004e+05,190479,1,11560,-236.12,36297,-3690.6,298.52,-20444,21577,-1462.2,1.0882e+05,1.1913e+05,359594,411,571,3265,0.12806,-2.1943,-0.060707
-1272.6,-573.62,1266.5,382.14,-1275,-1334.5,6.2003e+05,188965,1,-19989,-5042,1.1842e+05,10814,1540.2,-3434.9,-74733,-13736,1.8231e+05,2.315e+05,365971,411,559,3260,0.2758,-2.181,-0.047219
-1685,-316.3,-557.45,103.85,555.35,-1712,6.1804e+05,188967,1,-17458,-4688.2,1.1967e+05,4140.2,607.03,-1926,-59215,-11113,1.6254e+05,2.1147e+05,365367,411,559,3260,0.28918,-2.1793,-0.047219
-2280.7,-255.95,-1412.1,20.875,1412.1,-2295,6.2e+05,190499,1,-4156.6,-1811,51557,530.64,459.14,-15750,-7911.2,-4113.8,1.2603e+05,1.3744e+05,361091,411,572,3266,0.26237,-2.1823,-0.060707
-1888.9,-272.84,-1159.1,35.177,1158.6,-1908.5,6.1962e+05,188969,1,-14348,-3900.7,97451,-2761.7,-188.3,-10584,-13721,-4886.6,1.5694e+05,1.8623e+05,364301,411,559,3260,0.30254,-2.1775,-0.047219
-1951.5,-318.78,-1106.6,58.802,1105.5,-1977,6.1883e+05,188971,1,-1307.6,-1803.5,82124,-5438.3,-536.33,-13818,18027,-226.41,1.5074e+05,1.7325e+05,363611,411,560,3261,0.3159,-2.1756,-0.047219
-1930.8,-420.11,-678.65,140.75,675.79,-1971.9,6.1772e+05,188973,1,3126.4,-1064.1,76391,-6257.9,-676.99,-13346,29864,1629.5,1.4502e+05,1.673e+05,363274,411,560,3261,0.32924,-2.1736,-0.047219
-1797,-612.85,296.08,318.91,-303,-1870.5,6.1795e+05,188975,1,17052,646.98,1.0567e+05,-4084.3,-589.15,-529.71,53199,5150.3,1.6041e+05,2.0015e+05,364938,411,561,3262,0.34257,-2.1715,-0.047219
-1526.5,-761.39,1297.3,476.26,-1307.9,-1629.6,6.1867e+05,188977,1,13841,248.32,96901,-3120.9,-429.16,1295,35804,2302.3,1.5444e+05,1.8637e+05,364307,411,561,3262,0.35589,-2.1694,-0.047219
-2370.7,-389.11,-1312.3,21.69,1312.2,-2402.4,6.1815e+05,190515,1,3284.6,-540.38,43046,-1554.5,134.79,-15872,8909.6,-1498.5,1.1954e+05,1.2841e+05,360391,411,573,3267,0.36914,-2.1668,-0.060707
-1625.7,-780.54,1456.8,400.9,-1465.8,-1750.8,6.1737e+05,188991,1,-14514,-5347.3,1.1274e+05,1601.2,186.98,11232,-37259,-11453,1.6188e+05,2.02e+05,365001,411,574,3268,0.44871,-2.1521,-0.047219
-2449.4,-468.99,-1292.5,10.171,1292.7,-2493.8,6.1824e+05,190525,1,-4304.6,-1919.3,41137,-400.05,261.09,-13533,-5656.2,-4214.1,1.2141e+05,1.2919e+05,360452,411,574,3268,0.43543,-2.1545,-0.060707
-2010.7,-605.38,27.068,168.77,-30.7,-2093,6.1556e+05,188993,1,-21080,-6285.5,87627,7486.7,1527,4838.6,-74179,-18611,1.2894e+05,1.7527e+05,363723,411,574,3268,0.46191,-2.1493,-0.047219
-2353.5,-513.52,-1115.3,16.733,1115.2,-2408.8,6.1736e+05,188995,1,-24766,-7155.4,87595,-3331.1,-706.52,-1984.5,-32708,-10185,1.5728e+05,1.851e+05,364241,411,562,3263,0.47509,-2.1464,-0.047219
-1508,-964.74,-1625.3,461.08,1613.2,-1741.1,6.1935e+05,190569,1,87584,31230,-26428,29308,10623,-12051,-63845,-23433,44601,1.3068e+05,360568,411,582,3269,0.72142,-2.0763,-0.060707
-2316.8,-147.7,-1440.4,37.999,1439.9,-2321.5,6.2075e+05,190481,1,2889.6,-844.84,40407,-1133.5,370.6,-17582,2568.5,-2417.9,1.0275e+05,1.1191e+05,358939,411,571,3265,0.14152,-2.1935,-0.060707
-2278,-160.56,-1413.5,38.58,1413,-2283.7,6.2104e+05,190483,1,5556.4,-1183.6,62414,-1164.8,546.13,-25186,6240.1,-3449.6,1.5592e+05,1.7008e+05,363438,411,571,3265,0.15497,-2.1926,-0.060707
-2254.3,-172.28,-1399.3,37.67,1398.8,-2260.9,6.211e+05,190485,1,2255.4,-1176.5,52838,-901.86,401.08,-18710,2194.5,-2879.1,1.2139e+05,1.3378e+05,360806,411,571,3265,0.16842,-2.1916,-0.060707
-2242.5,-184.58,-1388.8,36.753,1388.3,-2250,6.2102e+05,190487,1,1180.5,-1477.7,62211,-838.64,449.24,-20789,1361.8,-3407.4,1.4094e+05,1.5552e+05,362478,411,571,3265,0.18187,-2.1905,-0.060707
-2237.6,-198.05,-1376.3,36.443,1375.8,-2246.4,6.2082e+05,190489,1,215.9,-1734.9,69718,-740.69,494.46,-22522,561.15,-3892.5,1.5831e+05,1.7449e+05,363677,411,571,3265,0.19531,-2.1894,-0.060707
-2237.9,-210.57,-1371.8,34.972,1371.4,-2247.8,6.2074e+05,190491,1,-31.765,-1584.4,62418,-965.15,394.52,-19455,536.23,-3441.4,1.3965e+05,1.5425e+05,362399,411,572,3266,0.20874,-2.1881,-0.060707
-2242.5,-222.96,-1370.7,33.005,1370.3,-2253.6,6.2062e+05,190493,1,-453.1,-1614.1,61912,-853.99,391.74,-19108,195.54,-3457.2,1.3901e+05,1.5342e+05,362330,411,572,3266,0.22216,-2.1868,-0.060707
-2252,-235.33,-1373.2,30.542,1372.9,-2264.2,6.2047e+05,190495,1,-864.22,-1632.3,60794,-843.52,375.69,-18634,-39.604,-3465.7,1.3834e+05,1.5231e+05,362247,411,572,3266,0.23557,-2.1854,-0.060707
-2265.6,-246.19,-1388.4,26.311,1388.2,-2278.9,6.2039e+05,190497,1,-1399.5,-1644.1,58704,-764.75,366.69,-18145,-653.98,-3513.8,1.3757e+05,1.5072e+05,362138,411,572,3266,0.24898,-2.1839,-0.060707
-2373.7,-404.36,-1294.9,20.957,1294.8,-2407.9,6.183e+05,190517,1,-272.95,-1286.6,48629,-1212.1,190.84,-16130,1674.2,-2989.4,1.3053e+05,1.4028e+05,361328,411,573,3267,0.38243,-2.1645,-0.060707
-2384,-420.41,-1281.8,19.767,1281.8,-2420.7,6.1819e+05,190519,1,-492.32,-1349.5,49400,-1090.3,194.62,-15693,1776.2,-3001.3,1.32e+05,1.4186e+05,361460,411,573,3267,0.3957,-2.1621,-0.060707
-2401.4,-436.42,-1279.3,17.33,1279.3,-2440.7,6.1821e+05,190521,1,-1234.7,-1487.3,49204,-1242.4,148.61,-15275,523.65,-3237.1,1.3234e+05,1.4207e+05,361471,411,574,3268,0.40896,-2.1597,-0.060707
-2424.2,-452.59,-1284.2,13.992,1284.3,-2465.9,6.183e+05,190523,1,-1922.5,-1586.3,47644,-1171.7,149.36,-15023,117.12,-3287.8,1.3135e+05,1.4059e+05,361350,411,574,3268,0.4222,-2.1571,-0.060707
-2306.8,-1088.5,-1035.3,321.38,1025,-2534.6,6.1926e+05,192103,1,59091,20951,-18448,9407.5,3463.2,-4502.7,-49772,-17980,25357,88517,356272,411,582,3269,0.70854,-2.0803,-0.074193
-2177.5,-1183.8,-1419.8,474.84,1402,-2442.9,6.2023e+05,193639,1,86553,30128,-9916.5,25663,8766.5,3772.3,-67147,-24291,30793,1.2367e+05,359982,411,582,3269,0.70838,-2.0798,-0.087676
-2038.8,-1190.2,-1867,554.68,1843.4,-2313.6,6.2077e+05,195175,1,1.0431e+05,36434,-13421,36659,12991,-6070.4,-73659,-26181,21431,1.432e+05,361568,411,582,3269,0.70819,-2.0793,-0.10116
-1929.4,-1137.5,-2234.9,570.56,2208.1,-2193.1,6.209e+05,196711,1,1.1719e+05,40482,-5266.1,44690,15656,-3706.6,-76780,-27351,22013,1.5743e+05,362609,411,590,3270,0.70798,-2.0786,-0.11463
-1896.1,-1089.7,-2461.8,562.89,2433.1,-2146.2,6.2075e+05,198247,1,1.3477e+05,46362,-1824,56936,19831,-3018.7,-74162,-25670,6794.4,1.7368e+05,363639,411,590,3270,0.70774,-2.0779,-0.1281
-1964.7,-1080.8,-2511.3,550.55,2481,-2208.2,6.2055e+05,199783,1,1.1284e+05,38519,2642.4,38740,13439,-363.32,-77239,-25968,-3554.6,1.5019e+05,362105,411,590,3270,0.70747,-2.0772,-0.14157
-2039.9,-1113,-2330.5,559.24,2296.8,-2289.9,6.2085e+05,201319,1,1.2675e+05,43216,4090.7,48992,16714,3022.1,-75499,-24478,-16195,1.6493e+05,363133,411,600,3271,0.70718,-2.0763,-0.15503
-2074.7,-1162.1,-2073.1,588.74,2034,-2338.6,6.2186e+05,202855,1,1.2718e+05,43646,337.49,49101,16921,905.71,-74427,-24630,-9263.2,1.6435e+05,363096,411,600,3271,0.70686,-2.0754,-0.16849
-2079.4,-1187.2,-1917.3,610.46,1873.2,-2351.1,6.2295e+05,204389,1,1.2742e+05,43752,96.641,49197,16959,919.22,-73260,-24350,-7684.8,1.6394e+05,363076,411,603,3272,0.70651,-2.0743,-0.18194
-2076.6,-1186.4,-1865.2,617.49,1817.5,-2348.2,6.2376e+05,205921,1,1.2711e+05,43672,-192.8,49189,17094,-606.44,-72129,-24478,-1683.3,1.6303e+05,363006,411,603,3272,0.70614,-2.0732,-0.19538
-2073.1,-1175.6,-1854.6,618.51,1804,-2341.4,6.2438e+05,207453,1,1.2675e+05,43559,-274.42,49255,17145,-855.78,-71311,-24322,-357.75,1.6236e+05,362958,411,613,3273,0.70574,-2.0721,-0.20881
-2068.2,-1162.5,-1855.7,618.96,1802.3,-2332.6,6.2489e+05,208985,1,1.2635e+05,43430,-333.2,49461,17233,-966.34,-71021,-24284,245.51,1.6195e+05,362931,411,613,3273,0.70531,-2.0708,-0.22224
-2058.4,-1149.6,-1869.2,622.51,1812.9,-2319.1,6.2535e+05,210517,1,1.2602e+05,43369,-763.79,49963,17431,-1140.6,-70889,-24377,1474.1,1.6182e+05,362923,411,613,3273,0.70486,-2.0695,-0.23566
-2042.1,-1131.5,-1909.5,626.3,1850.5,-2297.9,6.2574e+05,212049,1,1.2595e+05,43370,-981.51,50300,17646,-1915.3,-70896,-24695,4056.3,1.6199e+05,362936,411,630,3274,0.70438,-2.0681,-0.24907
-2030.7,-1096.8,-1979.6,617.08,1919.6,-2275.9,6.259e+05,213581,1,1.4073e+05,48393,-345.32,62369,21792,-1934.1,-72707,-25120,2199.4,1.8011e+05,363999,411,630,3274,0.70387,-2.0666,-0.26247
-2030.4,-1069.1,-2002.8,605.85,1942.1,-2266.7,6.2599e+05,215113,1,1.1088e+05,38129,-506.38,39879,13966,-981.25,-69655,-23666,-440.65,1.4473e+05,361695,411,630,3274,0.70334,-2.065,-0.27586
-2017.9,-1071.4,-1960.6,618.34,1895.7,-2255.6,6.2644e+05,216645,1,1.2564e+05,43542,-2780.6,51992,18093,-716.56,-71392,-24287,-591.61,1.625e+05,362967,411,645,3275,0.70278,-2.0634,-0.28924
-1953.5,-1048.7,-1986.9,632.82,1918.1,-2187.3,6.269e+05,218175,1,1.3754e+05,48288,-7015.7,63236,22402,-3773.1,-71811,-25191,4416.8,1.7783e+05,363873,411,645,3275,0.7022,-2.0617,-0.30261
-1708.7,-921.31,-2144.8,626.07,2076.4,-1914.5,6.2698e+05,219703,1,1.0962e+05,41099,-23021,44825,17147,-10846,-68474,-25262,12760,1.4882e+05,361996,411,650,3276,0.70158,-2.0599,-0.31597
-957.47,-488.52,-2481.1,523.59,2430.1,-1063.8,6.2616e+05,221231,1,1.2029e+05,53028,-74138,59871,27893,-45729,-67548,-27662,29283,1.882e+05,364409,411,650,3276,0.70095,-2.058,-0.32932
-2166.7,-796.75,-1322.6,267.1,1297.2,-2307.5,6.2487e+05,221229,1,63255,26772,-33984,13503,6198.4,-9976.6,-56431,-22650,22681,1.0201e+05,357908,411,650,3276,0.6883,-2.0623,-0.32932
-1895.5,-893.82,-1717,512.27,1657.4,-2081,6.2558e+05,222757,1,86194,34109,-30746,32685,12637,-9187.6,-55741,-22789,24779,1.2285e+05,359916,411,650,3276,0.68765,-2.0603,-0.34265
-1155.2,-554.04,-2300.3,530.07,2244.1,-1271.2,6.2522e+05,224285,1,1.2144e+05,51722,-64213,59698,25606,-32235,-69083,-29439,37232,1.8393e+05,364178,411,653,3277,0.68697,-2.0583,-0.35597
-1965,-864.14,-1633.6,482.05,1575,-2136.2,6.2488e+05,225811,1,81355,33264,-36080,27557,11559,-13362,-54965,-22207,23198,1.1896e+05,359575,411,653,3277,0.67364,-2.0603,-0.36928
-1360.3,-638.93,-2121.2,550.8,2056.7,-1491.5,6.2492e+05,227337,1,1.1263e+05,49761,-68143,51228,23636,-35742,-64194,-27676,35892,1.7447e+05,363674,411,655,3278,0.67292,-2.0581,-0.38257
-96.499,116.36,-2617.1,332.85,2599.7,-55.56,6.2371e+05,228861,1,1.1506e+05,49169,-60074,59782,26193,-34274,-61843,-24834,24302,1.7243e+05,363567,411,655,3278,0.67218,-2.0559,-0.39585
-2043.7,-818.35,-1485.1,421,1432.7,-2195.9,6.2439e+05,228859,1,88028,33548,-26451,30612,10925,-4745.8,-54351,-21302,19718,1.2021e+05,359694,411,655,3278,0.65955,-2.06,-0.39585
-1640.2,-752.66,-1879.9,562.66,1806.8,-1791.6,6.2493e+05,230383,1,1.095e+05,46164,-54241,46156,19863,-24210,-60965,-25552,30071,1.5953e+05,362761,411,658,3279,0.6588,-2.0576,-0.40912
-552.45,-152.14,-2311.2,420.81,2272.7,-572.53,6.2408e+05,231907,1,1.1487e+05,46683,-48104,58940,24069,-24981,-60143,-23409,20307,1.6415e+05,363084,411,658,3279,0.65802,-2.0552,-0.42236
-1918.7,-835.44,-1602.5,536.36,1526.4,-2080.8,6.2528e+05,233429,1,84552,33155,-30646,24770,10048,-10078,-49263,-19013,16673,1.1432e+05,359172,411,660,3280,0.64461,-2.0567,-0.4356
-1283.7,-565.96,-1915.4,543.77,1843.2,-1394.2,6.2527e+05,234951,1,1.2551e+05,50496,-50098,63184,25406,-24860,-61903,-23721,19504,1.7562e+05,363750,411,660,3280,0.6438,-2.0541,-0.44881
-1973.9,-757.37,-1365.3,428.9,1304.3,-2109.2,6.2523e+05,236469,1,90592,39489,-50737,31432,13806,-17702,-46487,-18937,20186,1.2946e+05,360473,411,660,3280,0.63037,-2.0553,-0.46201
-1229.9,-541.71,-1679.5,516.52,1605.9,-1334.7,6.2554e+05,237989,1,1.0623e+05,45956,-57493,42228,18260,-22384,-45535,-18635,20094,1.4881e+05,361994,411,662,3281,0.62952,-2.0526,-0.4752
-2086.4,-803.09,-1337,462.4,1265.9,-2229.2,6.2663e+05,239507,1,84705,31471,-24528,22581,8526.1,-6666.4,-31813,-12084,10405,1.0325e+05,358074,411,662,3281,0.61607,-2.0536,-0.48836
142.95,424.1,1606.2,-10.152,-1642.8,-284.94,5.2112e+05,239035,1,-1328.7,-2580.7,-8764.7,-62.565,-1125.1,-4649.7,2750.7,526.18,-2213.4,10547,324944,411,665,3282,-0.76652,2.0054,-0.4752
219.15,477.59,1671.7,-10.347,-1712.1,-372.96,5.1487e+05,240553,1,-1251.9,-2252.9,-7340,-197.93,-1131.3,-4347.8,1650,180.74,-1818.4,9316.8,321636,411,665,3282,-0.75316,2.0073,-0.48836
168.38,426.33,1566.7,-10.305,-1602.3,-311.56,5.2033e+05,239037,1,-433.13,-2246.5,-8747.5,160.6,-1116.2,-4945.3,2223.8,269.57,-2489.7,10547,324945,411,665,3282,-0.77881,2.0007,-0.4752
180.62,431.22,1547.6,-8.0066,-1583.2,-326.8,5.1422e+05,239039,1,61.95,-2199.7,-9410,300.91,-1107.7,-5181.7,2112.5,298.67,-2276.4,10547,324946,411,665,3282,-0.79107,1.9959,-0.4752
185.97,433.47,1517.2,-3.3367,-1553.2,-334.65,5.1871e+05,239041,1,870.29,-1582.7,-8107.1,784.94,-869.47,-4968.4,3026.2,603.4,-2583.6,10547,324947,411,665,3282,-0.80331,1.991,-0.4752
174.88,420.92,1465.8,-1.4622,-1501,-321.66,5.2537e+05,239043,1,1619.1,-1288.4,-8183.4,1394.9,-579.65,-4824.3,3619.8,891.28,-2482.9,10806,325659,411,665,3282,-0.81551,1.986,-0.4752
260.57,466.88,1457.5,-1.6187,-1494.5,-420.41,5.2655e+05,240565,1,1600.5,-896.49,-6377.9,1569.8,-356.46,-4119.7,4061.3,1036.1,-2686.8,9401.7,321868,411,665,3282,-0.82654,1.9783,-0.48836
-1994.8,-874.69,-1444.7,587.12,1346.3,-2162,6.2835e+05,241027,1,1.1973e+05,40260,-16204,44086,13912,-1613.3,-43351,-14224,4694.3,1.4305e+05,361548,411,662,3281,0.61519,-2.0507,-0.50151
194.86,469.78,1681.1,-9.1775,-1722,-345.18,5.4142e+05,240551,1,-100.94,-1956.3,-7925.5,-45.008,-1091.6,-4441.4,-450.3,-702.5,-2238.7,9658,322708,411,665,3282,-0.74083,2.0119,-0.48836
191.29,463.69,1660.9,-7.0357,-1701.8,-337.46,5.6168e+05,240549,1,518.45,-1653.1,-7564,-198.66,-1089.2,-4181.6,-1536.3,-1108.5,-2284.1,9366.6,321773,411,665,3282,-0.72847,2.0164,-0.48836
294.66,510.27,1658.6,-5.8103,-1702.2,-448.17,5.6723e+05,242067,1,-333.46,-1808.5,-6834.1,-1022.1,-1272.6,-3680.8,-2444.5,-1300.3,-1757.4,8778.1,319668,411,665,3282,-0.71507,2.018,-0.50151
247.16,449.86,1397.4,-0.95667,-1433,-403.44,5.2428e+05,240567,1,2251.5,-872.52,-7443.2,1998.1,-279.37,-4584.2,4627.8,1297,-2710.7,10806,325661,411,665,3282,-0.83866,1.9731,-0.48836
319,503.92,1443.3,0.87482,-1482.6,-490.7,5.4407e+05,242087,1,1050.1,-708.94,-4580.1,1318.9,-300.68,-3418.9,3980.6,1043.2,-2603,7733.7,315447,411,665,3282,-0.83747,1.9703,-0.50151
-1635.1,-756.66,-1467.5,591.3,1367.1,-1783.5,6.2916e+05,242545,1,1.2221e+05,45479,-33971,51086,19044,-13860,-46640,-15511,5684.7,1.5417e+05,362390,411,662,3281,0.6143,-2.0477,-0.51463
362.25,532.86,1639.5,-9.944,-1684,-517.07,5.5746e+05,243583,1,-1563.1,-2052.8,-5964,-1790.4,-1464.1,-3318.2,-3320.3,-1567.1,-1628.7,8644,319323,411,665,3282,-0.70165,2.0194,-0.51463
313.07,491.63,1393.1,0.70015,-1430.9,-482.45,5.3332e+05,242089,1,922.6,-780.52,-4637.4,1587.3,-207.33,-3518.9,4861.2,1370.2,-2901.8,8475.9,318746,411,665,3282,-0.84955,1.9652,-0.50151
301.28,461.7,1297.3,-2.3999,-1331.8,-461.61,5.1615e+05,242091,1,2496.1,-653.36,-6876.2,2171.8,-256.77,-4743.5,4737.8,1163.5,-3578.6,10855,325754,411,665,3282,-0.86159,1.9599,-0.50151
355.33,505.14,1301.4,2.8228,-1339.2,-530.53,5.2988e+05,243611,1,2720,-245.17,-5605,2406.4,-10.757,-4163.5,5336.4,1481.2,-3456.8,10228,324191,411,665,3282,-0.87233,1.9518,-0.51463
-2130.7,-671.86,-1221,336.71,1174.5,-2233.7,6.2912e+05,244059,1,89384,35285,-34099,21231,8068.8,-6634.7,-22220,-8898.9,8936,1.0775e+05,358537,411,668,3283,0.60082,-2.0483,-0.52774
437.67,581.85,1669.6,-6.6043,-1718.2,-604.39,5.4312e+05,245099,1,-633.71,-1442.8,-4692.4,-1771,-1433.4,-3136.1,-3213.1,-1627,-1962,7506.5,314212,411,665,3282,-0.70061,2.0164,-0.52774
315.87,465.16,1210.1,1.4922,-1245,-479.99,4.9826e+05,243613,1,3202.3,-281.39,-6575.7,2809.9,143.39,-4286.1,5454.2,1814.7,-2495,10228,324190,411,665,3282,-0.88429,1.9464,-0.51463
389.55,494.42,1155.8,-0.17273,-1190.5,-560.93,4.9948e+05,245131,1,2831.5,-372.52,-6205.8,2875.1,161.72,-4290.8,6160.6,2023.4,-2991,10228,324189,411,665,3282,-0.89487,1.938,-0.52774
-2073.2,-871.1,-1303.4,565.15,1201.3,-2234.6,6.3207e+05,245575,1,1.0376e+05,31891,-4325.7,30502,8460.8,2819.4,-26187,-8571,3141.4,1.1654e+05,359377,411,669,3284,0.5999,-2.0452,-0.54083
482.51,591.84,1648,-13.085,-1696.9,-647.56,5.268e+05,246613,1,-1607.5,-1807.3,-4739.2,-2497.4,-1775.4,-3465.8,-4383.6,-2323.6,-3111.2,9165.4,321149,411,672,3285,-0.68716,2.0175,-0.54083
434.98,518.77,1122,0.16584,-1157.6,-614.15,5.2323e+05,246649,1,2615.2,-205.64,-5142.6,2684.9,142.1,-3997.3,5731.5,1740.2,-3365.8,10185,324107,411,665,3282,-0.90535,1.9295,-0.54083
-2056.9,-918.38,-1306,621.55,1187.7,-2232.2,6.3424e+05,247089,1,1.4986e+05,44527,-393.9,62711,18475,924.15,-39780,-12008,845.44,1.7448e+05,363675,411,669,3284,0.59895,-2.042,-0.5539
536.06,644.24,1702.5,-5.9293,-1757.7,-715.15,5.1214e+05,248127,1,-219.72,-1079.4,-3666.3,-1551.4,-1417.5,-3245.2,-2561.8,-1696,-3015.6,6938,311123,411,672,3285,-0.68608,2.0144,-0.5539
469.76,539.98,1100.5,-1.1313,-1136.8,-656.41,5.0607e+05,248165,1,3042.5,146.28,-4570,2853.1,212.19,-3994,5654.6,1476.8,-4193.5,10185,324106,411,665,3282,-0.91573,1.9209,-0.5539
-2059.2,-923.1,-1299,630.77,1176.2,-2235.8,6.3631e+05,248601,1,89602,26312,740.15,15814,4944.9,-204.56,-27284,-8182.6,452.75,99033,357572,411,669,3284,0.59799,-2.0387,-0.56694
523.06,608.34,1643.5,-15.815,-1694.2,-688.75,5.2284e+05,248125,1,-1599.9,-1966,-5243.8,-2534.7,-1981.8,-4152.2,-4446.8,-2782.8,-4753.3,10547,324937,411,672,3285,-0.67371,2.0185,-0.5539
566.68,627.11,1645.4,-18.474,-1698,-733.51,5.1848e+05,249635,1,-1228.1,-1805.9,-5016.8,-2310,-1967.5,-4319.8,-4202.6,-2848.9,-5258,10547,324939,411,672,3285,-0.66024,2.0194,-0.56694
497.3,584.34,1174.1,0.14755,-1215.2,-700.35,5.0867e+05,249677,1,565.42,-589.96,-2918.5,1399.8,-94.971,-2589.2,4690.1,1666.5,-1944.6,6812.7,310359,411,665,3282,-0.91425,1.9178,-0.56694
-2075.9,-914.18,-1320.5,630.85,1196.5,-2249.3,6.3825e+05,250113,1,1.637e+05,47772,2663.9,75566,22732,-756.98,-46881,-14806,3213.2,1.9428e+05,364708,411,669,3284,0.597,-2.0353,-0.57997
617.32,654.94,1662.3,-18.35,-1718.3,-787.63,5.0886e+05,251145,1,-1161.2,-1856.8,-5192.9,-2289.3,-2089.1,-4729.7,-3969.2,-2998.5,-6024.2,11170,326339,411,672,3285,-0.64676,2.02,-0.57997
505.08,565.65,1082.5,0.082642,-1120.4,-701.13,5.078e+05,249679,1,1228.2,-789.42,-4691.9,2170.8,-17.35,-3612.5,6110.6,2184.6,-2611,8817.6,319845,411,665,3282,-0.926,1.9121,-0.56694
536.27,602.66,1128.8,0.014116,-1170.2,-745.33,5.0754e+05,251191,1,-66.127,-792.37,-2500.8,1125.5,-94.066,-2106.3,4745.5,1987.4,-1030.5,6334.8,306991,411,665,3282,-0.92447,1.909,-0.57997
-2104.6,-894.13,-1376.8,627.06,1254.2,-2271.2,6.3986e+05,251625,1,1.0235e+05,29689,2128.9,27586,8763.6,-1389.1,-33401,-11025,3975.3,1.16e+05,359325,411,669,3284,0.59598,-2.0318,-0.59297
593.8,609.47,1599.2,-37.817,-1650.1,-746.41,4.9234e+05,252653,1,-8695.9,-5172.6,-8617.4,-6266.1,-3704.5,-6108,-7621.6,-4455.3,-7266.2,19466,337069,411,672,3285,-0.62087,2.0244,-0.59297
588.4,610.85,1587.2,-26.118,-1638.3,-744.16,5.0408e+05,251143,1,-6108.1,-4167.7,-7932.5,-4840.4,-3031.7,-5314.3,-5467.8,-3517.6,-6308.8,16141,334300,411,672,3285,-0.63436,2.0239,-0.57997
570.73,635.36,1170.3,0.18815,-1215.4,-788.59,6.4914e+05,252701,1,156.5,-744.15,-2638.2,695.41,-233.66,-1823.8,2929.3,1446.8,149.54,4701,291824,411,665,3282,-0.91119,1.9114,-0.59297
-2136.8,-866.58,-1452.9,621.58,1333.3,-2294.4,6.409e+05,253135,1,1.2305e+05,35645,2735.6,45729,14313,-2021.1,-41771,-14011,5596.9,1.4384e+05,361624,411,669,3284,0.59495,-2.0283,-0.60595
706.11,708.83,1716.6,-20.63,-1779.8,-882.91,4.8574e+05,254163,1,-4526.1,-3404.3,-6770.8,-4879.3,-3256.9,-5899.7,-5995.1,-3987.5,-7199.4,15837,334002,411,672,3285,-0.61979,2.0208,-0.60595
605.74,667.54,1209.6,0.24466,-1258.4,-831.93,6.8909e+05,254209,1,201.86,-738.11,-2629.9,685.24,-252.52,-1813,2860.2,1394.4,164.88,4634.1,291200,411,665,3282,-0.89788,1.9136,-0.60595
607.65,660.77,1167.8,0.18792,-1214.9,-832.85,6.6896e+05,254211,1,172.47,-750.06,-2626.9,691.74,-243.04,-1806.8,2898.4,1434.9,174.48,4667.5,291519,411,665,3282,-0.9096,1.908,-0.60595
-2183.2,-822.12,-1568.8,608.9,1456.3,-2326.4,6.4204e+05,254643,1,1.2383e+05,35616,3531.6,47488,16036,-5912.3,-45155,-13811,1686.8,1.4627e+05,361810,411,673,3286,0.59389,-2.0247,-0.61891
586.99,593.24,1581.4,-51.711,-1630.3,-732.69,4.8541e+05,254161,1,-8292.5,-5741.8,-10883,-6976,-4448.2,-7849.7,-10461,-5985.8,-9519.5,24210,340326,411,672,3285,-0.60738,2.0246,-0.60595
732.27,715.7,1726,-29.924,-1790,-907.05,4.7324e+05,255669,1,-5689.7,-4259.8,-8384.6,-6316.8,-4106.9,-7254.1,-8846.6,-5504.9,-9360.8,20649,337908,411,672,3285,-0.6063,2.021,-0.61891
642.76,693.04,1207.2,0.24887,-1258.2,-876.27,6.7217e+05,255717,1,243.94,-746.63,-2657.6,713.34,-259.01,-1830.5,2876.3,1395.2,151.56,4674.3,291584,411,665,3282,-0.89628,1.9102,-0.61891
-2233.4,-698.13,-1500.7,470.76,1425.6,-2339.6,6.4118e+05,256151,1,85494,16214,28997,29223,7812,2998.7,-46834,-13011,-2651.3,1.082e+05,358573,411,673,3286,0.59281,-2.021,-0.63185
765.61,726.55,1735.8,-37.418,-1801,-939.15,4.5863e+05,257175,1,-4562,-3654.7,-7455.8,-5880.7,-3971.9,-7207.8,-9150.3,-5801.1,-10019,20244,337625,411,686,3289,-0.59281,2.021,-0.63185
680.06,718.71,1205.1,0.22537,-1258.2,-920.95,6.3806e+05,257225,1,283.67,-759.41,-2688,758,-255.12,-1840.7,2917.6,1413.8,130.39,4677.3,291618,411,665,3282,-0.89465,1.9067,-0.63185
-1969.9,-366.12,-2611.7,559.9,2560,-1992,6.4277e+05,257659,1,1.3341e+05,26207,44242,63094,13288,18195,-55039,-15157,-3858.5,1.6794e+05,363311,411,676,3287,0.60407,-2.0136,-0.64476
677.82,609.32,1547.9,-62.662,-1597.2,-819.48,4.7075e+05,257173,1,-5648.3,-4532.8,-9334,-6045.5,-4342.9,-8301.5,-10207,-7061.2,-13176,23120,339578,411,686,3289,-0.5804,2.0246,-0.63185
805.13,761.45,1783.5,-35.28,-1854.7,-983.79,4.5209e+05,258679,1,-4022.1,-3258.1,-6655,-5287.3,-4008.4,-7852.4,-7787.5,-6053.6,-12057,20480,337802,411,686,3289,-0.57932,2.0208,-0.64476
718.75,752.9,1245.4,0.26194,-1302.7,-968.17,6.3301e+05,258729,1,391.89,-761.52,-2785,796.74,-279.72,-1914.8,2919.6,1365.1,45.655,4677.3,291617,411,665,3282,-0.8813,1.9086,-0.64476
906.7,969.95,1150.4,-6.4969,-1199.1,-1283.9,5.7479e+05,257265,1,204.06,-1023.3,-3261.7,-1292.8,-1978.4,-3294.9,-1491.8,-1638.8,-1974.9,6081.2,304695,411,691,3292,-1.1213,1.7828,-0.63185
898.42,987.45,1174.5,-2.5863,-1225.4,-1288.4,6.1911e+05,257267,1,1420.1,-190.73,-3087.1,-187.96,-1245.9,-3169.7,-990.45,-1213.2,-1635.3,5324,297233,411,691,3292,-1.1322,1.7759,-0.63185
950.55,1017.9,1183.7,-7.1768,-1236,-1346.6,5.6888e+05,258771,1,301.94,-865.6,-2929.3,-1250.4,-2020.3,-3420.8,-1272.1,-1735.5,-2588.1,6172.2,305463,411,691,3292,-1.1192,1.7795,-0.64476
917.92,1034.4,1209.3,-0.32852,-1264.8,-1332.4,6.4661e+05,258775,1,1759.3,148.46,-2714.4,515.63,-724.58,-2904.9,-11.465,-455.85,-1235.7,4631.3,291172,411,691,3292,-1.141,1.7657,-0.64476
-2181.1,-576.93,-2365.5,636.72,2279.4,-2254.9,6.4408e+05,259163,1,1.3076e+05,37189,7520.6,58059,15113,7937.3,-59068,-14230,-10546,1.6125e+05,362888,411,676,3287,0.60293,-2.0098,-0.65765
715.58,642.44,1607.2,-64.299,-1661.4,-862.31,4.5865e+05,258677,1,-6849.2,-4837.8,-9198.2,-6393.8,-4560.9,-8679.6,-9003.2,-7193.4,-14650,25286,341081,411,686,3289,-0.56691,2.0244,-0.64476
740.16,690.96,1710.1,-61.745,-1772.7,-896.2,4.4659e+05,260179,1,-7333.1,-4967,-9144,-6253.5,-4900.7,-9821.7,-8191.4,-7405.9,-15916,26399,341639,411,686,3289,-0.55342,2.0239,-0.65765
758.9,794.5,1326,0.071435,-1389.7,-1017,6.5621e+05,260229,1,299.31,-788.18,-2676.5,671.2,-346.84,-1877.8,2742,1230.3,13.315,4583,290551,411,665,3282,-0.85618,1.9156,-0.65765
759.02,787.9,1286.5,0.15932,-1348.2,-1016.9,6.4554e+05,260231,1,380.61,-773.1,-2758.5,753.59,-315.84,-1919.4,2850.5,1293.1,-6.1639,4677.3,291611,411,665,3282,-0.86792,1.9103,-0.65765
936.7,979.5,1151.8,-14.109,-1200.4,-1312.3,5.3284e+05,258769,1,-3429.1,-3284.9,-3252.6,-4588.6,-4072.4,-3435.8,-2638.8,-2566.6,-2590.3,10141,323999,411,691,3292,-1.1083,1.7864,-0.64476
845.21,871.96,1092.7,-31.129,-1133.4,-1176.1,5.098e+05,258767,1,-14850,-10387,-3703,-14499,-10150,-3615,-4894.1,-3928,-2587.3,26731,341790,411,691,3292,-1.0973,1.7931,-0.64476
907.99,933.67,1137,-32.387,-1181.4,-1261.8,5.1208e+05,260271,1,-13162,-10838,-7717.6,-14379,-11450,-7338.3,-6846.1,-5619.4,-3924.2,28911,342823,411,691,3292,-1.0952,1.7897,-0.65765
935.84,1069.7,1217.4,0.55359,-1276,-1369,6.6457e+05,260281,1,1443.2,-41.919,-2639.1,707.25,-538.6,-2679.3,815.7,299.89,-631.58,4262.9,287373,411,691,3292,-1.1496,1.7553,-0.65765
897.57,1031,1207.5,0.31713,-1263.1,-1315.7,6.7051e+05,258777,1,1601.2,31.604,-2772.8,692.87,-570.99,-2795.8,474.58,40.433,-740.7,4433,289052,411,691,3292,-1.1518,1.7586,-0.64476
-2179.3,-588.32,-2313.1,645.62,2222.1,-2256.4,6.4398e+05,260667,1,1.1162e+05,33608,629.78,45467,14325,-1303.6,-60524,-18533,1331.2,1.4097e+05,361377,411,676,3287,0.60176,-2.0059,-0.67051
761.69,739.54,1821.3,-61.911,-1892.6,-926.61,4.3176e+05,261681,1,-7348.8,-5004.1,-9209,-5904.4,-5133.8,-10734,-6567.5,-7173.6,-16379,26517,341690,411,686,3289,-0.53994,2.0234,-0.67051
795.03,826.3,1363.5,-0.061746,-1431.6,-1060.3,6.5854e+05,261731,1,255.27,-782.52,-2558.5,611.98,-365.24,-1813.9,2626.6,1175.8,59.544,4393.9,288706,411,665,3282,-0.84277,1.9171,-0.67051
796.26,820.82,1325.7,0.0035886,-1392,-1061.9,6.602e+05,261733,1,254.96,-794.07,-2589.7,647.74,-351.57,-1828.5,2723.3,1235.6,51.808,4498.2,289705,411,665,3282,-0.85451,1.9119,-0.67051
792.93,801.68,1088.5,-68.458,-1121,-1093.1,4.9626e+05,261773,1,-20309,-14745,-6741.2,-18019,-13870,-8048.1,-5056.9,-5768.9,-7248,36994,346246,411,691,3292,-1.0821,1.7929,-0.67051
922.64,1065.8,1203.7,0.47438,-1261.6,-1358.1,6.8024e+05,260283,1,1185,-249.36,-2760.7,638.87,-572.7,-2655.6,953.11,522.99,-294.5,4259.7,287330,411,691,3292,-1.1604,1.7482,-0.65765
913.24,1063.6,1188.7,0.24363,-1245.8,-1351.4,6.8742e+05,260285,1,983.14,-379.21,-2750.8,523.82,-635.77,-2611.6,974.26,597.63,-153.47,4184,286577,411,691,3292,-1.1711,1.741,-0.65765
906.46,1063.4,1174.6,0.03639,-1231,-1347.9,6.8887e+05,260287,1,866.31,-449.71,-2737.2,402.69,-708.19,-2584.7,847.3,555.05,-60.582,4101.1,285490,411,691,3292,-1.1817,1.7338,-0.65765
901.2,1065.1,1162.6,-0.10231,-1218.3,-1346.8,6.8799e+05,260289,1,790.14,-491.42,-2728,309.08,-766.03,-2577.2,715.67,482.5,-28.746,4046.9,284819,411,691,3292,-1.1923,1.7265,-0.65765
896.81,1068.1,1152.4,-0.16156,-1207.6,-1347.2,6.8637e+05,260291,1,739.76,-504.05,-2670.8,229.54,-810.05,-2537.3,598.56,431.43,33.433,3953.1,283612,411,691,3292,-1.2029,1.7192,-0.65765
929.92,1107.5,1142.4,-0.077339,-1199.5,-1399.1,6.8255e+05,261797,1,731.4,-490.43,-2580,200.37,-825.56,-2474.2,555.23,422.98,75.446,3843,272000,411,691,3292,-1.2111,1.7085,-0.67051
889.49,1076.7,1135.3,-0.13896,-1189.7,-1350.5,6.8183e+05,260295,1,693.77,-503.96,-2591,161.41,-844.43,-2484,492.65,398.18,116.42,3843.5,272006,411,691,3292,-1.2239,1.7043,-0.65765
886.28,1081.6,1127.6,-0.12391,-1181.6,-1353,6.7909e+05,260297,1,663.31,-505.73,-2549.8,127.74,-860.19,-2459,431.56,377.38,164,3788.9,271282,411,691,3292,-1.2344,1.6968,-0.65765
918.83,1121.5,1117.9,-0.14647,-1173.8,-1405,6.7379e+05,261803,1,677.73,-488.29,-2483.6,116.14,-878.94,-2425,401.5,362.06,166.94,3721.9,270424,411,691,3292,-1.2423,1.6859,-0.67051
-2182.8,-541.37,-2360.6,630.27,2277.5,-2246.3,6.4367e+05,262169,1,1.4862e+05,45053,26.131,73032,23362,-3343.8,-56958,-17910,2422.2,1.8324e+05,364135,411,687,3290,0.60056,-2.0019,-0.68334
619.68,623.85,1680.3,-86.059,-1736.8,-756.84,4.4818e+05,261679,1,-8552.8,-6125.9,-11766,-5465.6,-5281.6,-11602,-7364.6,-8448.8,-19703,30908,343720,411,686,3289,-0.52752,2.0266,-0.67051
798.48,840.71,1991.4,-36.722,-2083.1,-984.51,4.4409e+05,263181,1,-6811.9,-5092.4,-9885,-4984.1,-5218,-11673,-5217,-6771,-16142,26306,341599,411,686,3289,-0.52647,2.0226,-0.68334
830.67,851.64,1362.3,-0.047677,-1433.2,-1103.2,6.5542e+05,263233,1,254.68,-788.02,-2514.5,612.56,-368.61,-1781.7,2621.2,1187.3,102.51,4357.1,288342,411,665,3282,-0.8411,1.9133,-0.68334
871.55,919.62,1216.4,-57.727,-1260.9,-1221.4,5.0158e+05,263275,1,-16774,-12921,-7392,-15692,-13309,-10093,-4622.6,-5846.8,-8030.2,33885,345034,411,691,3292,-1.08,1.7894,-0.68334
915.59,1127.3,1111.5,-0.1771,-1167,-1408,6.7147e+05,261805,1,670.82,-481.92,-2459.6,89.511,-900.71,-2421.5,332.32,321.97,185.58,3696.4,269869,411,691,3292,-1.2527,1.6782,-0.67051
912.42,1133.5,1106.1,-0.19804,-1161.4,-1411.4,6.698e+05,261807,1,664.54,-474.26,-2433.4,64.158,-923.38,-2421.2,267.01,281.18,198.11,3673.8,269573,411,691,3292,-1.2629,1.6705,-0.67051
909.27,1140.2,1101.7,-0.2046,-1156.7,-1415.1,6.6881e+05,261809,1,663.55,-462.21,-2406.2,46.074,-941.06,-2421,210.95,246.21,210.39,3652.7,269211,411,691,3292,-1.2732,1.6627,-0.67051
906.1,1147.3,1098,-0.18811,-1152.8,-1419.1,6.6852e+05,261811,1,660.2,-450.77,-2376.2,33.12,-954.24,-2418.5,173.55,225.87,225.51,3630.2,268914,411,691,3292,-1.2833,1.6549,-0.67051
902.91,1154.6,1094.7,-0.14428,-1149.4,-1423.2,6.689e+05,261813,1,660.3,-436.31,-2345.5,28.118,-960.92,-2414.5,150.02,216.52,242.5,3607,268523,411,691,3292,-1.2935,1.647,-0.67051
899.68,1162,1091.5,-0.074467,-1146.1,-1427.4,6.6989e+05,261815,1,663.48,-422.2,-2318.2,32.179,-960.06,-2406.6,150.44,226.82,261.79,3584.6,268142,411,691,3292,-1.3035,1.639,-0.67051
928.73,1203.2,1084,0.098539,-1140.5,-1478,6.7301e+05,263319,1,685.42,-396.34,-2259.3,50.282,-952.82,-2366.4,173.45,264.63,297.45,3525.6,267033,411,691,3292,-1.311,1.6277,-0.68334
893.02,1176.5,1084.5,0.095254,-1138.7,-1435.6,6.7305e+05,261819,1,667.67,-391.59,-2260.4,56.888,-941.94,-2388.2,174.47,268.3,304.78,3535.2,267263,411,691,3292,-1.3236,1.6229,-0.67051
925.02,1210.3,1080,0.15704,-1136.3,-1481.8,6.7441e+05,263321,1,685.74,-383.07,-2234.6,66.278,-943.3,-2362.4,186.43,289.1,323.69,3508.4,266659,411,691,3292,-1.3209,1.6197,-0.68334
867.26,1231.5,1045.3,-0.11071,-1097.5,-1468.6,6.7497e+05,261835,1,618.11,-376.01,-2167.4,224.32,-838.78,-2421.8,486.89,637.67,459.98,3503.8,266536,411,691,3292,-1.4016,1.556,-0.67051
866.87,1234.6,1033.8,-0.24636,-1085.5,-1471.7,6.8743e+05,368513,1,720.92,-247.74,-2087.4,191.58,-877.58,-2425.8,182.55,306.89,331.35,3444.9,264392,411,691,3292,-1.4078,1.5501,-0.67114
900.26,1257.9,1044.1,0.021565,-1098.5,-1508.8,6.6851e+05,263335,1,633.41,-357.5,-2107.6,146.86,-896.38,-2350,338.2,494.62,441.81,3445.7,264409,411,691,3292,-1.3893,1.5615,-0.68334
-2146.1,-476.56,-2374.8,599.89,2303.4,-2192.5,6.4279e+05,263669,1,1.1146e+05,34701,-2669,51418,16738,-3104.2,-56871,-19167,6103,1.4215e+05,361480,411,687,3290,0.59935,-1.9978,-0.69616
304.05,418.61,1802.9,-216.58,-1826,-370.03,4.328e+05,263153,1,-90383,-22698,-22111,-29135,-9361.1,-13210,-3862.6,-5257.9,-13884,1.0256e+05,357990,411,679,3288,-0.35099,2.0603,-0.68334
738.18,659.01,2002.3,-135.28,-2065.8,-838.37,4.2781e+05,264653,1,-88457,-26627,-34720,-29782,-10211,-15352,-7286.9,-4938.4,-11024,1.0566e+05,358336,411,679,3288,-0.35028,2.0562,-0.69616
1314.4,908.03,1979.4,4.5987,-2088.3,-1452.4,4.6775e+05,264655,1,-17205,-4942,-5881.7,-8660.2,-3852.7,-6959,4019,-2270.8,-8828.5,24342,340414,411,679,3288,-0.36289,2.054,-0.69616
629.94,741.46,1924.8,-60.877,-2008.9,-782.45,4.8913e+05,264673,1,-1929.6,-4583.6,-12036,-2230.6,-4868.8,-12670,-3848.5,-7859.4,-20331,29133,342923,411,689,3291,-0.47571,2.0308,-0.69616
503.33,606.24,1687.8,-76.247,-1750.8,-631.24,4.8446e+05,263175,1,-4014.5,-4954.9,-11789,-3354.4,-5044.8,-12534,-5540.9,-8959.6,-22604,31550,344008,411,689,3291,-0.48915,2.032,-0.68334
587.92,670.09,1791.4,-72.525,-1861,-731.56,4.6899e+05,263177,1,-5751,-5279.9,-11467,-4230,-5039.4,-11866,-6269.4,-8696.8,-21294,30739,343638,411,689,3291,-0.50161,2.0289,-0.68334
694.86,752.37,1895.9,-58.468,-1975.5,-858.56,4.4895e+05,263179,1,-5779.4,-5191,-11047,-4189.8,-4938.4,-11483,-4479.8,-6996,-17402,26982,341922,411,686,3289,-0.51405,2.0258,-0.68334
866.09,876.71,1360.5,-0.038295,-1434.3,-1145.7,6.4197e+05,264733,1,280.77,-804.69,-2549.6,636.8,-371.03,-1789.5,2649.9,1209.4,116.64,4412.5,288883,411,703,3299,-0.83939,1.9094,-0.69616
1002.6,1088.1,1316.4,-24.532,-1379.6,-1420.6,5.0255e+05,264775,1,-8227.8,-8114.7,-8159,-9165.4,-9371.4,-9920.6,-2918.6,-3905.3,-5529.7,22907,339437,411,691,3292,-1.0778,1.7857,-0.69616
921.3,1217.2,1075.7,0.18087,-1131.8,-1485.4,6.7543e+05,263323,1,686.16,-376.66,-2224.7,78.218,-937.47,-2363.4,198.15,304.45,331.97,3503.5,266528,411,691,3292,-1.3308,1.6115,-0.68334
917.6,1224,1071.1,0.1705,-1127,-1489.1,6.759e+05,263325,1,682.95,-372.07,-2213,88.149,-937.63,-2373,208.78,317.32,334.83,3503.8,266543,411,691,3292,-1.3407,1.6033,-0.68334
913.97,1230.9,1066.3,0.14417,-1121.9,-1492.9,6.7582e+05,263327,1,678.97,-368.21,-2201.5,97.978,-938.86,-2385.2,222.11,331.45,334.67,3503.8,266542,411,691,3292,-1.3505,1.5951,-0.68334
910.42,1237.7,1061.3,0.12585,-1116.6,-1496.7,6.7516e+05,263329,1,676.93,-363.66,-2191.2,106.23,-939.03,-2393.7,235.66,344.67,332.43,3503.8,266541,411,691,3292,-1.3603,1.5868,-0.68334
906.91,1244.5,1055.9,0.12152,-1110.9,-1500.6,6.7368e+05,263331,1,668.35,-358.37,-2170.6,119.61,-935.4,-2404.8,257.03,368,335.74,3503.4,266525,411,691,3292,-1.37,1.5784,-0.68334
903.49,1251.1,1050,0.10492,-1104.7,-1504.6,6.712e+05,263333,1,664.34,-346.71,-2133.1,125.67,-931.79,-2390.7,272.2,388.19,342.54,3471.7,265137,411,691,3292,-1.3797,1.57,-0.68334
-1698.7,-177.83,-2539.8,518.03,2506.6,-1678.2,6.4058e+05,265169,1,86182,53017,-75440,40593,30607,-51152,-51222,-25394,28151,1.5872e+05,362690,411,693,3293,0.59811,-1.9937,-0.70894
-2232.4,-257.34,-1654.7,172.43,1689.3,-2214.6,6.3729e+05,265167,1,30693,17338,-23083,6785.9,5643.4,-10080,-45782,-20895,20734,70124,353690,411,693,3293,0.58586,-1.9973,-0.70894
-744.35,188.89,1832.7,-289.12,-1835.6,703.95,4.6821e+05,264651,1,-1.2304e+05,-36067,-47068,-37708,-11086,-14523,-24725,-7166.3,-9324,1.4547e+05,361750,411,679,3288,-0.33766,2.0583,-0.69616
-81.083,375.84,1943.5,-263.09,-1963.5,19.17,4.5273e+05,266151,1,-1.2269e+05,-35121,-43729,-37676,-12183,-17413,-20594,-7615.7,-12368,1.4389e+05,361628,411,679,3288,-0.33696,2.054,-0.70894
1191.4,895.63,1897.7,31.435,-2011.1,-1333.2,5.2249e+05,264657,1,14684,4671.2,5779.2,3790.5,188.34,-1528.1,5659.5,-1485,-7421.9,19414,337031,411,679,3288,-0.37549,2.0517,-0.69616
1086.8,899.19,1999.7,7.3356,-2115.1,-1230.9,5.2158e+05,266157,1,12618,3275.9,2795.3,4407,136.3,-1943.4,5255.3,-1805.2,-7985.9,17194,335241,411,679,3288,-0.37471,2.0475,-0.70894
786.47,906.68,2148.6,-21.232,-2262.5,-968.19,5.0533e+05,266171,1,-918.42,-3822.9,-10348,-1256.3,-3650.5,-9654.8,-1281.6,-4442.3,-11933,19860,337342,411,689,3291,-0.46228,2.0295,-0.70894
903.77,902.85,1359,-0.078237,-1435.7,-1190.7,6.4167e+05,266233,1,453.95,-823.84,-2753.4,734.73,-384.8,-1905.1,2704.1,1201.5,30.897,4641.2,291268,411,703,3299,-0.83766,1.9055,-0.70894
777.6,821.05,1198.9,-87.594,-1234.7,-1088.1,4.9062e+05,264773,1,-33109,-26586,-17966,-28744,-24061,-18039,-5490.2,-6627.7,-8619.5,63282,352471,411,691,3292,-1.0668,1.7923,-0.69616
991.12,1089.3,1350.9,-29.339,-1417.1,-1408.8,4.8674e+05,266273,1,-15967,-15397,-15043,-16240,-15927,-15943,-4226.5,-5045.4,-6422.8,39680,347165,411,691,3292,-1.0646,1.7886,-0.70894
-2101.4,-381.37,-2219.2,515.32,2170.3,-2123.8,6.3815e+05,266665,1,68611,21844,-4245.3,31796,9939.4,-1149.9,-68666,-31810,32347,1.144e+05,359180,411,693,3293,0.58463,-1.9931,-0.7217
733.52,726.78,2145.4,-138.86,-2223,-841.5,4.224e+05,267649,1,-67291,-26846,-45259,-29963,-11621,-19129,-22056,-8079,-12745,97005,357327,411,698,3295,-0.33625,2.0497,-0.7217
959.72,897.66,2110.9,-28.361,-2224.8,-1110,5.2781e+05,267657,1,5752.8,994.8,-257.64,1537.5,-1822,-5955.9,721.79,-4519.2,-13151,16408,334553,411,679,3288,-0.38645,2.0408,-0.7217
761.36,837.17,2047.4,-36.745,-2150.4,-920.26,5.2305e+05,266167,1,1577.8,-2459.2,-8030.1,-892,-3730.2,-10178,-2190.4,-6747.6,-18094,23855,340100,411,689,3291,-0.43734,2.035,-0.70894
887.51,972.15,2232.1,-10.965,-2359.2,-1072,5.1539e+05,267665,1,113.7,-2486.7,-7090.8,-886.43,-2682.7,-7046.9,-608.88,-3241.5,-8808.7,14233,332415,411,689,3291,-0.43642,2.0307,-0.7217
766.66,874.43,2106.7,-27.865,-2216,-937.51,5.1447e+05,266169,1,541.5,-3397.1,-10101,-1068.6,-4215.7,-11451,-2096.8,-6592.1,-17658,24971,340864,411,689,3291,-0.44982,2.0323,-0.70894
945.95,931.77,1360,-0.23492,-1439.7,-1240.9,6.5143e+05,267731,1,673.95,-851.46,-3019.3,860.99,-425.07,-2113,2782.5,1131.5,-236.6,4775.5,292527,411,703,3299,-0.83589,1.9015,-0.7217
972.53,1073.9,1369.3,-39.616,-1435.9,-1382.3,4.7193e+05,267769,1,-16550,-17215,-18829,-20318,-19641,-19371,-11772,-10296,-8555.6,49156,349690,411,700,3296,-1.0514,1.7913,-0.7217
-2086.9,-233.66,-2777.8,585.46,2739.6,-2068.3,6.3917e+05,268161,1,1.0584e+05,35723,-11886,53937,19690,-9973.1,-70682,-25705,13812,1.4787e+05,361913,411,693,3293,0.58337,-1.9888,-0.73443
626.68,636.11,2016.1,-173.16,-2077.5,-718.15,4.3545e+05,269143,1,-61495,-26552,-47196,-40047,-16711,-29052,-47051,-17856,-29193,1.1325e+05,359077,411,698,3295,-0.32297,2.0473,-0.73443
895.47,907.58,2154.2,-28.175,-2270.8,-1053.1,5.2824e+05,267659,1,3002.5,-711.64,-3659.7,-489.07,-2823.6,-7707.5,-1598,-5149.3,-13692,17523,335556,411,689,3291,-0.39897,2.0384,-0.7217
873.2,932.39,2199,-21.836,-2320.3,-1040.6,5.1784e+05,267661,1,1532.1,-1566,-5299,-1012,-3077.1,-8135.8,-1809.3,-5025.8,-13218,17687,335691,411,689,3291,-0.41147,2.0359,-0.7217
876.77,952.34,2220,-17.011,-2344.3,-1052.7,5.1356e+05,267663,1,-75.375,-2204.2,-6160.6,-805.8,-2714.6,-7182.8,-120.43,-3535.2,-9917.8,14605,332793,411,689,3291,-0.42395,2.0334,-0.7217
989.83,962.83,1365,-0.55098,-1447.9,-1293.6,6.6255e+05,269227,1,714.23,-826.54,-2941.7,868.72,-456.95,-2162.3,2745.1,1030.9,-448.05,4775.5,292525,411,703,3299,-0.83409,1.8974,-0.73443
601.67,533.17,1009.2,-179.99,-1005.8,-787.81,4.7605e+05,267767,1,-14613,-21766,-33166,-24553,-28481,-35488,-23910,-23398,-23816,78403,354953,411,700,3296,-1.0404,1.7977,-0.7217
773.9,667.93,1009.4,-151.81,-1017.1,-1003.2,4.8562e+05,269261,1,-9204.9,-15265,-24615,-15693,-21873,-31630,-19589,-23510,-30226,67073,353162,411,703,3299,-1.0271,1.8002,-0.73443
-2053.6,-208.07,-2742.6,576.02,2708,-2029.2,6.386e+05,269655,1,1.5297e+05,45962,-1598.6,80810,24359,-963.55,-55642,-15542,-2025.2,1.8969e+05,364481,411,701,3297,0.58209,-1.9845,-0.74713
-357.32,-37.001,1133.8,-362.74,-1074.4,358.83,4.78e+05,269141,1,-40702,-33782,-76987,-31286,-14879,-28085,-69846,-24671,-39243,1.332e+05,360757,411,698,3295,-0.3104,2.0492,-0.73443
623.61,665.69,2061.7,-169.33,-2130.9,-716.27,4.3768e+05,270635,1,-26586,-21403,-47664,-31121,-19937,-41742,-45436,-27048,-55372,1.1139e+05,358888,411,702,3298,-0.30972,2.0448,-0.74713
1030.9,994.17,1373.4,-0.87352,-1459.9,-1343.9,6.7133e+05,270721,1,704.11,-753.96,-2693.7,778.48,-514.41,-2169.2,2509.4,824.99,-707.02,4623.2,291093,411,703,3299,-0.83226,1.8932,-0.74713
870.45,878,1218.5,-95.62,-1261,-1189.1,4.7533e+05,270753,1,-6778.2,-10684,-16661,-16121,-23489,-34997,-20830,-28904,-41786,74091,354307,411,703,3299,-1.0138,1.8025,-0.74713
-2026.1,-196.47,-2728.2,584.46,2692.1,-1999.5,6.3802e+05,271147,1,1.0282e+05,31044,-1527.4,48280,14875,-1330.4,-66649,-19297,-343.51,1.375e+05,361101,411,701,3297,0.58079,-1.98,-0.75981
851.79,831.44,2218.4,-109.29,-2323.8,-962.42,4.3501e+05,272125,1,-9014.9,-11052,-26270,-20915,-15564,-33779,-38042,-25140,-52990,87185,356099,411,705,3300,-0.29651,2.042,-0.75981
1025.3,986.87,1339.4,-1.2069,-1423.7,-1338.8,6.7205e+05,270723,1,945.67,-651.75,-2717.6,888.17,-509.25,-2290.2,2493.5,720.96,-992.29,4766.5,292430,411,703,3299,-0.84387,1.8881,-0.74713
1015.8,978.87,1308.1,-1.4588,-1390.4,-1329.7,6.6854e+05,270725,1,1180.6,-535.27,-2700.5,912.19,-530.36,-2378.9,2287.7,545.09,-1236.3,4775.5,292529,411,703,3299,-0.85543,1.8829,-0.74713
1054,1014.9,1330.4,-1.7,-1417.1,-1379.4,6.7157e+05,272217,1,1240.7,-499.55,-2637.6,807.27,-656.24,-2535.9,1944.7,246.62,-1581.3,4754.2,292325,411,703,3299,-0.85352,1.8787,-0.75981
745.04,519.95,781.56,-177.62,-766.83,-903.71,4.9094e+05,270751,1,4106.5,-3079.1,-12917,173.76,-13142,-31873,-7629.3,-24332,-48611,66296,353013,411,703,3299,-1.0027,1.8087,-0.74713
883.94,1021.1,1388.3,-36.615,-1465.9,-1265.3,4.8253e+05,272241,1,-109.16,-1263.8,-2861.6,2293.7,-7990,-22133,2271.2,-12668,-33333,42959,348137,411,703,3299,-0.98941,1.8108,-0.75981
-2001.8,-171.46,-2726.6,584.34,2692.9,-1969.1,6.3744e+05,272637,1,1.3931e+05,41766,-1204.5,71925,22012,-1652.1,-56376,-16390,-244.24,1.7396e+05,363653,411,707,3302,0.57947,-1.9755,-0.77246
700.65,384.31,1459,-237.43,-1467.4,-746.87,4.6459e+05,272123,1,-3800.3,-11091,-28419,-22751,-19525,-43905,-47455,-38109,-84817,1.2112e+05,359765,411,705,3300,-0.28397,2.0438,-0.75981
1019.3,1062.4,2519.6,-31.191,-2679.4,-1155.8,4.2292e+05,273613,1,-3011.2,-5528.7,-13585,-16258,-12969,-28510,-28337,-21214,-46034,69582,353590,411,705,3300,-0.28332,2.0392,-0.77246
1040.8,1009.5,1309.3,-1.8195,-1394.6,-1368.1,6.644e+05,272219,1,1456.3,-436.88,-2730.2,759.71,-738,-2679.6,1587.6,8.3444,-1781.3,4874.5,293373,411,703,3299,-0.86503,1.8734,-0.75981
1080.9,1049.1,1335.4,-1.6307,-1425.6,-1421.1,6.68e+05,273709,1,1363,-530.1,-2815,603.88,-842.29,-2720.1,1323.1,-73.065,-1662.3,4801.6,292764,411,703,3299,-0.86306,1.8691,-0.77246
859.62,992.3,1346.1,-27.685,-1424.2,-1227.3,4.8734e+05,272239,1,-1064.4,-545.4,108.3,1629.7,-5877.7,-16228,2724.2,-10044,-27705,34320,345221,411,703,3299,-0.97828,1.8168,-0.75981
912.81,1099.6,1459.6,-11.479,-1554.7,-1325,5.2699e+05,273729,1,-523.36,-2372,-4887.6,-1241.5,-3239.5,-6039.8,-2369.6,-2898.5,-3840.2,10347,324473,411,703,3299,-0.97605,1.8127,-0.77246
-1982.2,-146.49,-2724.2,582.75,2693.6,-1943.3,6.369e+05,274125,1,82606,24889,-1098.4,35750,11228,-1455.1,-70625,-20577,51.232,1.1942e+05,359618,411,707,3302,0.57812,-1.9709,-0.78507
812.96,603.05,1877.1,-194.75,-1931.8,-882.19,4.4348e+05,273609,1,-21518,-4408.5,-4558.7,-1052.6,-11432,-29807,11762,-21630,-61050,76530,354661,411,706,3301,-0.25828,2.0425,-0.77246
299.77,611.61,2163.3,-224.93,-2226.2,-370.63,4.4501e+05,273607,1,-55023,-9344.5,-7287.6,3785.4,-8592.2,-23810,34264,-13283,-45848,85297,355868,411,706,3301,-0.24574,2.044,-0.77246
-210.94,1078.7,3248.9,-136.52,-3425.9,87.403,4.4856e+05,275093,1,-48453,-20781,-39599,8091.8,-8319.2,-24084,30072,-4523.5,-20892,80148,355195,411,706,3301,-0.23265,2.0408,-0.78507
963.94,777.97,2097.5,-133.5,-2190.2,-1057.9,4.3706e+05,273611,1,-6324.2,-4576.4,-9930.7,-12802,-12663,-28974,-16665,-21922,-52168,69304,353526,411,705,3300,-0.27081,2.0409,-0.77246
1067.7,1047.3,1322.6,-1.5249,-1412,-1411.5,6.6045e+05,273711,1,1440.9,-596.86,-3063.1,512.71,-955.5,-2878,1026.3,-221.23,-1692.1,5023.9,294615,411,703,3299,-0.87451,1.8638,-0.77246
1050.9,1044.9,1312.5,-1.3384,-1401.3,-1398.2,6.5267e+05,273713,1,1930.6,-490.49,-3398.4,762.84,-950.56,-3167.7,1002.6,-346.06,-1986.3,5666.3,300349,411,703,3299,-0.88593,1.8584,-0.77246
1030.5,1041.7,1304.9,-1.1645,-1393.3,-1381.5,6.4494e+05,273715,1,2166,-581.03,-3910.5,772.57,-1072.2,-3469.7,686.76,-505.47,-2010.9,6235.2,305934,411,703,3299,-0.89732,1.8529,-0.77246
1071.3,1092.2,1328.2,-0.41444,-1421.7,-1443.3,6.4948e+05,275205,1,1980.3,-807,-4189.5,527.63,-1200.3,-3435.2,331.59,-462.02,-1471.8,6175.2,305489,411,703,3299,-0.90656,1.8431,-0.78507
991.02,1137.4,1419.1,-2.0161,-1518.5,-1408.5,5.9597e+05,275215,1,1044,-2158.4,-6262.1,-1018.3,-2406.2,-4313.1,-2848.2,-1421.5,200.9,8975.9,320365,411,703,3299,-0.96267,1.8144,-0.78507
-1968.5,-124.03,-2723.3,582.47,2695.6,-1923.8,6.364e+05,275613,1,1.5239e+05,45333,-374.7,81297,24717,-1426.2,-51612,-15138,55.719,1.8813e+05,364405,411,710,3303,0.57675,-1.9663,-0.79766
-561.26,1236.2,3457.7,-30.188,-3690.1,425.53,4.8674e+05,275091,1,-5061.1,-24977,-63325,3200.5,-5549.6,-15420,-4881.6,-9.3867,1133.7,70452,353744,411,706,3301,-0.22013,2.0421,-0.78507
294.71,1222.3,3058.6,-4.1058,-3280.5,-416.73,5.4533e+05,276577,1,-2519.7,-18280,-46153,-1858.7,-857.62,-1674.8,-3484.5,3383.1,9661.1,50936,350066,411,706,3301,-0.2071,2.0386,-0.79766
1053.4,1093.8,1329,-0.1621,-1422.7,-1431.2,6.4334e+05,275207,1,1935,-1050.9,-4710,351.19,-1375.4,-3620.8,-32.75,-528.76,-1197.3,6623.6,309178,411,703,3299,-0.91786,1.8375,-0.78507
1033.9,1097,1336,0.037043,-1430.3,-1418.3,6.362e+05,275209,1,2385,-1040.7,-5258,403.72,-1497.8,-3981.3,-590.45,-841.2,-1269,7439.2,313767,411,703,3299,-0.92911,1.8318,-0.78507
1014.2,1103.7,1352.4,-0.020224,-1447.8,-1406.9,6.2625e+05,275211,1,2195.4,-1345.7,-5758.8,49.014,-1754.3,-4139.9,-1356.1,-1037.3,-789.58,7971.9,316769,411,703,3299,-0.94034,1.8261,-0.78507
998.03,1116.2,1380.1,-0.65614,-1477.3,-1401.5,6.1245e+05,275213,1,1905.5,-1658.9,-6151.7,-426.52,-2073.3,-4290,-2279.7,-1353.5,-377.39,8618.7,319242,411,703,3299,-0.95152,1.8203,-0.78507
-1956,-100.56,-2734.3,585.38,2709.2,-1905.2,6.3587e+05,277099,1,95520,29013,-1745.7,44984,14214,-2014.9,-65640,-19915,1916.7,1.3003e+05,360517,411,713,3305,0.57537,-1.9615,-0.81022
-40.41,1525.7,3864.5,18.157,-4154.1,-85.967,5.7877e+05,276571,1,-4902.6,-13160,-32663,9319.1,676.52,-262.91,24296,5826.1,9738.7,45503,348809,411,706,3301,-0.16954,2.0421,-0.79766
50.232,1390.9,3529,6.6938,-3789.5,-173.62,5.7147e+05,276573,1,-5719.5,-14337,-35411,10237,814.4,-246.88,23704,5765.3,9374.9,47577,349310,411,706,3301,-0.18207,2.041,-0.79766
301.52,1625.5,4015.1,5.7554,-4321.3,-425.18,5.7497e+05,278055,1,-5204.8,-11202,-27142,9857.3,980.76,557.93,26048,5956.3,9925.1,42429,348001,411,706,3301,-0.15663,2.0382,-0.81022
134.88,1267.5,3257.9,-17.938,-3489.1,-254.64,5.5546e+05,276575,1,-7983.4,-15976,-38918,5976.3,-41.819,-1526,18037,4395.5,6881.7,47577,349311,411,706,3301,-0.19459,2.0399,-0.79766
-1908.7,-58.107,-2784.6,595.4,2762.5,-1847.9,6.3539e+05,278583,1,1.1555e+05,37560,-7862.5,58413,19839,-5880,-58644,-19028,4566.9,1.4995e+05,362085,411,713,3305,0.57396,-1.9567,-0.82275
635.24,1760.1,4241.7,-0.44334,-4573.8,-757.76,5.6459e+05,279537,1,-2578.9,-11284,-27480,10890,50.953,-1782.4,28086,4050.7,5100.3,42921,348127,411,712,3304,-0.14377,2.0341,-0.82275
-1619,138.1,-2917.3,564.01,2922.1,-1514.6,6.3444e+05,280065,1,1.1267e+05,48466,-35158,58517,26496,-21262,-55197,-19154,7208.3,1.5596e+05,362511,411,713,3305,0.57252,-1.9519,-0.83524
-2055.5,15.917,-1719,114.83,1811.2,-1971.5,6.3156e+05,280063,1,26864,14236,-14994,11128,5217.2,-4586.9,-50445,-18467,9144.2,65503,352854,411,713,3305,0.56054,-1.9553,-0.83524
1036.4,1802.5,4202.5,-0.69218,-4542.7,-1160.9,5.628e+05,281019,1,-705.99,-11436,-27664,11448,-541.58,-3277.4,29091,2856.3,1951.3,43554,348302,411,712,3304,-0.14341,2.029,-0.83524
-1947.7,-105.42,-2004.2,370.91,2017.1,-1901.4,6.3165e+05,281543,1,63275,20861,-5858.8,32017,7600.8,3992.6,-58244,-26909,23311,1.0115e+05,357815,411,713,3305,0.55911,-1.9504,-0.84771
1020.2,1945,4567,-0.022594,-4937.1,-1143.3,5.6149e+05,281017,1,-248.81,-11757,-28485,11502,-628.19,-3337.9,29126,2669.2,1880.5,44187,348472,411,712,3304,-0.13096,2.0299,-0.83524
1436.5,1998.4,4549.1,0.99714,-4930.6,-1562.2,5.5723e+05,282497,1,606.84,-11889,-28491,11557,-866.03,-3819.6,29205,2301.1,1069.3,44292,348501,411,712,3304,-0.13063,2.0247,-0.84771
-1882.4,-99.27,-2401.6,549.84,2375.8,-1836.9,6.3263e+05,283021,1,89669,32300,-14433,45894,17362,-9118.1,-59650,-23299,14059,1.2681e+05,360255,411,723,3306,0.55767,-1.9453,-0.86014
1432.1,2141.4,4914.7,0.87521,-5326.8,-1554.4,5.5395e+05,282495,1,363.86,-12218,-29241,11606,-927.57,-3833,29384,2176.3,1103.7,44990,348674,411,712,3304,-0.1182,2.0255,-0.84771
1862.2,2200.1,4900.4,4.5772,-5326.7,-1987.2,5.6043e+05,283973,1,1867.7,-12482,-29604,11614,-1064.9,-4085.3,29457,2076.4,872.75,45401,348771,411,712,3304,-0.1179,2.0202,-0.86014
1842.4,2056.4,4535.8,5.1372,-4930.7,-1971,5.6057e+05,283975,1,2772.6,-11388,-27151,11632,-990.6,-4086,29164,2225.5,808.94,43401,348271,411,712,3304,-0.13029,2.0195,-0.86014
-1857.1,-18.561,-2593.6,575.79,2576.6,-1790.3,6.3278e+05,284497,1,1.1191e+05,33811,-3136.4,58536,19026,-4510.8,-60447,-19501,5000.2,1.4678e+05,361847,411,723,3306,0.55621,-1.9402,-0.87254
2225.1,2117.9,4525.3,12.828,-4935.6,-2356.8,5.6567e+05,285451,1,6872.3,-9760,-23581,11452,-1184.5,-4463.1,29553,2162.1,520.33,41585,347771,411,712,3304,-0.12995,2.0142,-0.87254
-1848.5,44.81,-2676,571.17,2672.1,-1764.6,6.3256e+05,285971,1,1.1533e+05,33580,-401.21,60837,19248,-3484.8,-60215,-18967,3949.9,1.4983e+05,362072,411,723,3306,0.55472,-1.935,-0.88491
2436.3,2054.6,4142,52.059,-4547.5,-2575.1,5.6828e+05,286927,1,18801,-5267,-15044,12350,-1245.6,-4821.9,31145,2760.6,1271.4,42001,347883,411,725,3307,-0.14192,2.008,-0.88491
-1841.8,86.392,-2709,566.19,2714.2,-1746.6,6.3224e+05,287443,1,1.1509e+05,33486,-334.55,61416,18681,-1857.1,-60397,-17540,708.2,1.4983e+05,362073,411,723,3306,0.55321,-1.9298,-0.89725
2090.6,1911.1,3691.8,86.978,-4082.6,-2230.9,5.6776e+05,288401,1,36289,2021.3,-1651.9,17532,225.86,-2494.3,31221,3965.1,3528.4,51384,350174,411,725,3307,-0.15382,2.0016,-0.89725
-1834.5,116.74,-2720.2,562.78,2732.1,-1731.3,6.3188e+05,288913,1,1.3487e+05,39168,-198.74,74301,22360,-1712.8,-53703,-15440,240.23,1.6991e+05,363427,411,723,3306,0.55169,-1.9245,-0.90955
2204.6,1981.3,3661.9,130.09,-4081.2,-2349.9,5.7059e+05,289871,1,42651,4035.8,1609,20914,1324.1,-657.28,33410,3185.6,1386.7,58359,351572,411,725,3307,-0.1534,1.9961,-0.90955
-1828,142.14,-2720.5,559.1,2738.4,-1718,6.3151e+05,290379,1,94200,27448,-385.28,49503,14993,-1326.8,-66749,-18842,-297.77,1.3082e+05,360575,411,723,3306,0.55014,-1.9191,-0.92181
2444.8,2149,4093.3,73.677,-4542.6,-2590.2,5.7192e+05,291335,1,30877,8697.9,14053,16716,2674,3207,35821,4355.5,3879.7,53297,350589,411,725,3307,-0.14075,1.9914,-0.92181
-1821.4,161.15,-2709.8,556.42,2732.1,-1706.4,6.3115e+05,291843,1,1.1382e+05,33093,-265.45,62496,18641,-1063.6,-60345,-16856,-684.12,1.491e+05,362013,411,723,3306,0.54857,-1.9136,-0.93405
2237.9,2110.8,4035.6,49.06,-4480.8,-2381.1,5.698e+05,292799,1,25092,5927,8874.7,16672,1485.3,653.45,32300,2987.7,1483.8,45591,348832,411,725,3307,-0.14035,1.9857,-0.93405
-1811.2,177.59,-2694.8,555,2720.7,-1692.1,6.3084e+05,293305,1,1.3313e+05,38774,-410.72,75355,22386,-1078.5,-54017,-15018,-806.27,1.6897e+05,363372,411,728,3308,0.54698,-1.908,-0.94624
2588.6,2329,4447,64.169,-4942.3,-2733.2,5.7291e+05,292797,1,45658,2998.8,278.87,21620,-10.173,-2940.8,36579,2565.6,497.8,62567,352367,411,730,3309,-0.12816,1.9865,-0.93405
2734.5,2401.8,4432.9,96.978,-4957.1,-2883.5,5.7411e+05,294259,1,51121,-2484.2,-11974,23874,-1050.8,-5373.7,42041,2485.4,-369.33,71670,353918,411,730,3309,-0.12779,1.9808,-0.94624
-1799.7,194.2,-2683,555.01,2712.2,-1676.5,6.3061e+05,294765,1,98563,28795,-524.13,54491,16355,-1105.3,-64939,-18267,-426.39,1.354e+05,360949,411,728,3308,0.54537,-1.9024,-0.9584
2986.4,2504.9,4429.8,145.91,-4992.6,-3141.4,5.7527e+05,295719,1,53713,908.51,-5455.3,25180,132.02,-3157.2,39743,2261.4,-653.37,71727,353928,411,730,3309,-0.12742,1.9749,-0.9584
-1788.9,216.17,-2681.8,554.85,2715.8,-1660.1,6.304e+05,296223,1,1.1257e+05,32896,-578.45,63694,19255,-1545.3,-60231,-17246,168.84,1.4852e+05,361961,411,732,3310,0.54374,-1.8967,-0.97053
2926.5,2513.9,4458.1,114.41,-5024.5,-3082.2,5.7535e+05,297177,1,47990,5205,4280.1,25033,1114.6,-1022.9,43092,1934.6,-1668.7,69576,353589,411,734,3311,-0.12703,1.969,-0.97053
-1778.6,243.02,-2686.8,553.2,2727,-1642.7,6.3016e+05,297677,1,1.1223e+05,32681,-345.3,64101,19324,-1434,-60120,-17133,18.132,1.4852e+05,361963,411,732,3310,0.54209,-1.891,-0.98262
2754.8,2502.1,4491.8,67.85,-5055,-2910.1,5.77e+05,298631,1,59413,3725.6,60.119,30298,105.41,-3584.6,45551,1625.6,-2488.6,80984,355318,411,734,3311,-0.12665,1.9631,-0.98262
-1769.3,271.8,-2692.6,550.18,2740.1,-1625.8,6.2988e+05,299129,1,1.1169e+05,32497,-289.84,64543,19503,-1517.3,-59920,-17092,57.772,1.4819e+05,361941,411,732,3310,0.54041,-1.8851,-0.99467
2778.5,2561.3,4519.8,75.491,-5106.3,-2937.7,5.7966e+05,300083,1,63021,402.4,-7063.8,32489,-734.66,-5531.7,44901,1897.2,-1950.8,84451,355769,411,734,3311,-0.12626,1.957,-0.99467
-1762.5,297.97,-2694,546.9,2748.6,-1612.1,6.2958e+05,300579,1,1.1138e+05,32413,-296.08,64742,19556,-1493,-59856,-16997,-84.849,1.48e+05,361922,411,732,3310,0.53872,-1.8792,-1.0067
3015.9,2691.2,4543.8,134.8,-5180.3,-3182.9,5.8314e+05,301533,1,76681,-3167,-15622,36140,-927.39,-6304.2,47569,2926.1,-230.59,98753,357542,411,734,3311,-0.12586,1.9509,-1.0067
-1756.4,319.45,-2688.7,544.47,2749.2,-1600.4,6.2927e+05,302025,1,97095,28251,-264.89,56681,17022,-1120,-64890,-18217,-441.87,1.3517e+05,360933,411,732,3310,0.53701,-1.8733,-1.0187
3253.3,2752.8,4527.1,151.64,-5187.6,-3423.8,5.8449e+05,302979,1,75796,1070.3,-7339.1,34738,880.01,-2617.4,47303,2694.7,-655.49,96227,357246,411,734,3311,-0.12546,1.9447,-1.0187
-1749.1,338.65,-2679.8,542.65,2745.8,-1588.1,6.2898e+05,303469,1,1.2439e+05,36111,-135.11,73992,22046,-1101.5,-54881,-15324,-579.12,1.612e+05,362879,411,735,3312,0.53528,-1.8672,-1.0306
2470,2391.9,4076.2,43.331,-4637.4,-2632.5,5.8335e+05,304425,1,56044,1154.6,-5034.4,29031,-256.5,-4220.4,36898,663.37,-3525.2,73502,354217,411,736,3313,-0.13695,1.9376,-1.0306
-1743.4,356.43,-2670.1,541.22,2741.1,-1577.6,6.2873e+05,304911,1,1.1011e+05,32032,-259.96,65939,19672,-1026.4,-59942,-16705,-645.36,1.4751e+05,361891,411,735,3312,0.53352,-1.8611,-1.0425
2516.8,2458.3,4141.9,39.201,-4725.3,-2683.9,5.86e+05,305867,1,54761,-2541.9,-11642,30333,-1388,-6452.2,38226,731.32,-3588,74693,354379,411,736,3313,-0.1365,1.9312,-1.0425
-1737.2,372.5,-2658.6,540.46,2734.3,-1567.3,6.285e+05,306349,1,95977,27936,-267.71,57969,17314,-939.17,-64980,-18126,-627.53,1.3492e+05,360911,411,735,3312,0.53175,-1.8549,-1.0544
2771.5,2576.8,4183.7,78.046,-4810.2,-2946.3,5.8848e+05,307305,1,57219,-5142.4,-16712,30792,-1268,-6288.6,37193,2049.1,-1082.8,77186,354755,411,736,3313,-0.13605,1.9248,-1.0544
-1730.7,389.49,-2648.6,539.64,2729.2,-1556.4,6.2831e+05,307785,1,1.0939e+05,31798,-203.72,66838,19952,-1036.5,-60013,-16785,-524.45,1.474e+05,361881,411,746,3318,0.52996,-1.8487,-1.0662
3171,2688.7,4178.6,124.02,-4846.6,-3352.7,5.8991e+05,308741,1,66159,-3017.6,-13823,33150,76.536,-4048.5,41948,2529.5,-718.71,86366,355991,411,736,3313,-0.13559,1.9183,-1.0662
-1724.7,408.18,-2641.5,538.68,2727.7,-1545.4,6.2812e+05,309219,1,1.2826e+05,37220,-97.891,78768,23505,-1173.8,-52957,-14876,-391.6,1.662e+05,363218,411,746,3318,0.52815,-1.8423,-1.078
3269,647.73,1222.3,8.982,-1407.5,-3258.6,5.8291e+05,310147,1,1188.1,14462,25845,-6183.4,5129.4,8996.7,-6824.5,7728.5,13621,36275,345991,411,740,3315,0.029399,1.9163,-1.078
3799,899.4,1590.7,66.192,-1855.5,-3784.8,5.8904e+05,308713,1,-3106,39596,71635,-20399,33745,60635,-26519,48107,86507,1.4981e+05,362067,411,740,3315,0.0295,1.9229,-1.0662
3842.3,1197.7,1953.5,131.19,-2306.4,-3831.1,5.8998e+05,308715,1,-3005.7,39494,71424,-31043,36901,66326,-38317,52979,95339,1.6358e+05,363053,411,740,3315,0.017701,1.923,-1.0662
3878.5,1640,2506.5,229.43,-2993.1,-3873.5,5.9151e+05,308717,1,-3596.6,43223,78260,-34903,40978,73967,-47730,61961,1.1193e+05,1.8713e+05,364353,411,740,3315,0.0059007,1.9231,-1.0662
3953.2,2288.8,3327.9,377.54,-4014.4,-3960.2,5.9325e+05,308719,1,-3806.2,39393,71187,-33897,45177,81481,-47588,69531,1.2557e+05,1.9832e+05,364872,411,744,3316,-0.0058995,1.9231,-1.0662
3190.2,886.08,1471.8,25.152,-1702.8,-3198.3,5.9058e+05,310155,1,-5683.2,22250,39829,-23206,37455,67396,-31453,51075,91897,1.4367e+05,361610,411,744,3316,-0.017639,1.9165,-1.078
3267,2742.3,4217.9,115.74,-4904.4,-3452.2,5.9014e+05,310175,1,51124,4624.1,1868.2,31012,212.43,-3432.4,42387,4380.1,2533.8,73718,354246,411,736,3313,-0.13512,1.9118,-1.078
-1719.4,428.35,-2636.9,537.58,2729.2,-1534.8,6.2792e+05,310649,1,1.0841e+05,31519,-202.27,67525,20225,-1136.6,-59893,-16842,-353.29,1.4693e+05,361855,411,746,3318,0.52631,-1.8359,-1.0897
3050.4,636.44,1191.4,2.9363,-1373.4,-3040.2,5.7436e+05,311577,1,2420.4,7179.1,12690,-4217.2,149.84,154.31,-4179.8,693.03,1110.6,15983,334153,411,740,3315,0.029297,1.9097,-1.0897
3213.2,1292.7,1992.7,106.78,-2346.3,-3232.7,5.9089e+05,310157,1,-12319,34269,61641,-51230,45658,83108,-70469,66619,1.2117e+05,2.0206e+05,365006,411,745,3317,-0.029398,1.9163,-1.078
3322.6,2260.3,3234.4,321.85,-3891.9,-3370.4,5.9353e+05,310159,1,-14292,31116,56079,-68641,41903,77050,-90365,62466,1.1451e+05,2.047e+05,365106,411,745,3317,-0.041156,1.9161,-1.078
2903.7,844.77,1362.7,4.1132,-1571.2,-2921.2,5.9196e+05,311589,1,-3929.7,10946,19412,-16256,27278,48816,-20653,36654,65542,99845,357665,411,745,3317,-0.041013,1.9095,-1.0897
3703.4,3197.4,4582.4,293.45,-5443.3,-3901.6,5.9444e+05,311603,1,29529,20015,31498,18472,12448,19447,19540,28764,47815,81452,355394,411,751,3320,-0.12296,1.9059,-1.0897
-1709.8,451.12,-2633.4,535.9,2732.4,-1519.2,6.2771e+05,312075,1,88817,25974,-443.51,56602,17162,-1312.3,-67062,-18983,-135.62,1.3008e+05,360522,411,746,3318,0.52446,-1.8295,-1.1014
2895.3,653.81,1204,1.1795,-1391.8,-2884.9,5.6651e+05,313003,1,3268.6,5389.8,9404.4,-3656.9,-723.95,-1347.6,-3547.3,-690.71,-1287.4,12594,329972,411,740,3315,0.029194,1.903,-1.1014
2916.5,929.21,1460.6,13.01,-1689.1,-2941,5.9276e+05,311591,1,-13649,21947,39401,-33730,50062,90099,-44798,68460,1.2314e+05,1.8931e+05,364463,411,745,3317,-0.052728,1.9092,-1.0897
2947.6,1566.5,2269.4,148.83,-2697.7,-2998.8,5.93e+05,311593,1,-6292.8,21485,38167,-55072,45000,82246,-68067,61545,1.1207e+05,1.8644e+05,364312,411,750,3319,-0.064442,1.9088,-1.0897
3106.3,2789.5,3771.1,444.54,-4595.4,-3215.1,5.9627e+05,311595,1,-19958,35209,63296,-59056,60982,1.1068e+05,-77767,87170,1.5788e+05,2.5233e+05,366402,411,750,3319,-0.076153,1.9084,-1.0897
2782.9,966.05,1427.1,9.6329,-1654.4,-2824.4,5.9583e+05,313023,1,-8486.7,12943,23144,-22058,44854,79685,-26916,57877,1.0269e+05,1.557e+05,362489,411,750,3319,-0.087552,1.9012,-1.1014
2842.7,2091.2,2769.2,276.48,-3359.5,-2959.7,5.9575e+05,313027,1,-2608,21570,37643,-26275,45813,81728,-34347,62096,1.1071e+05,1.6927e+05,363389,411,751,3320,-0.11087,1.8999,-1.1014
-1702.3,475.79,-2632.5,533.55,2739.3,-1505.2,6.2749e+05,313497,1,1.2114e+05,35146,-81.89,76500,22916,-1251.1,-54559,-15381,-271.29,1.597e+05,362776,411,752,3321,0.52259,-1.823,-1.1131
2793,637.45,1191,-1.5426,-1380.1,-2778.6,5.6222e+05,314423,1,4301.6,4942.6,8602.7,-4325.6,-1084.6,-2011,-4777.6,-1205.2,-2235.6,13044,330823,411,740,3315,0.040724,1.8959,-1.1131
2796.1,1339.3,1878.7,90.368,-2223,-2862.1,5.9392e+05,313025,1,-3621.2,20237,35455,-50793,48901,89495,-60866,63646,1.1599e+05,1.8939e+05,364468,411,751,3320,-0.099215,1.9006,-1.1014
-1698.3,497.55,-2629.7,531.88,2743.7,-1495.5,6.2725e+05,314915,1,1.0693e+05,31068,-157.26,68713,20623,-1191,-59600,-16781,-291.64,1.4623e+05,361805,411,752,3321,0.5207,-1.8164,-1.1247
2859.8,577.19,1117.2,0.16731,-1295.5,-2842.8,5.58e+05,314421,1,4875.4,4398.7,7698.5,-5333.5,-1176.7,-2247.7,-6371.2,-1313.5,-2527.3,13637,331694,411,739,3314,0.052356,1.8957,-1.1131
2720.6,627.8,1180.4,0.053871,-1373.7,-2702.3,5.6821e+05,315839,1,5512.6,4280.9,7453,-5538.5,-1756.5,-3213,-6501.6,-2117.6,-3867.1,13711,331785,411,739,3314,0.052167,1.8888,-1.1247
-1691.5,519.18,-2625.1,530.1,2746.2,-1482.9,6.2698e+05,316331,1,1.0662e+05,30997,-190.63,68932,20744,-1270.4,-59536,-16789,-246.26,1.4607e+05,361796,411,752,3321,0.51879,-1.8097,-1.1362
2681.9,615.43,1165.6,1.7723,-1362.5,-2659.6,5.6603e+05,317253,1,5328.4,3227.2,5650.6,-6065.2,-1589.4,-2981,-7310.2,-1851.8,-3489.8,13711,331786,411,739,3314,0.063521,1.8815,-1.1362
-1688.1,540.07,-2620.3,528.12,2748.8,-1473.9,6.2671e+05,317745,1,1.0617e+05,30799,-76.84,69304,20719,-1048.3,-59522,-16641,-466.33,1.4586e+05,361783,411,752,3321,0.51685,-1.803,-1.1478
3699.1,-288.17,-79.054,18.031,81.454,-3710.2,5.6844e+05,317241,1,18038,15685,28040,-31766,-1667.2,-6462,-44924,-759.23,-6508.4,66875,353120,411,739,3314,0.13273,1.8779,-1.1362
3268.2,-134.4,97.202,31.454,-133.21,-3269.5,5.6804e+05,318655,1,30064,5967.3,13324,-32923,-2639.7,-8117.9,-52107,-1537.4,-8551.8,71165,353851,411,758,3324,0.13224,1.8709,-1.1478
3013.3,216.84,637.99,17.036,-758.39,-2993.1,5.5344e+05,318657,1,20565,8061.9,15413,-22438,-1895.1,-5520.7,-33302,-2893.6,-8337.5,49497,349759,411,739,3314,0.12075,1.8717,-1.1478
2660.1,584.35,1126.5,0.5235,-1321,-2634.7,5.4728e+05,318665,1,5400.6,3050.4,5340.7,-7076.8,-1571.5,-3034.6,-8690.1,-1901.4,-3682.7,14614,332805,411,739,3314,0.074785,1.8741,-1.1478
-1683.3,558.2,-2611.5,526.67,2746.6,-1464.3,6.2643e+05,319155,1,86706,25255,-239.44,58714,17607,-988.69,-67088,-18738,-508.62,1.2948e+05,360478,411,752,3321,0.5149,-1.7961,-1.1593
3278.7,-31.542,191.13,68.931,-267.69,-3272.8,5.469e+05,320065,1,34194,-3123.2,-1097.2,-34042,-100.59,-4072.2,-52404,570.78,-5081,71610,353907,411,758,3324,0.13174,1.8638,-1.1593
2746.4,394.11,894.66,-1.3803,-1052,-2718.8,5.5202e+05,320069,1,8944.3,3169.1,5971,-8558.2,-1464,-3175.4,-12614,-1462.9,-3570.9,19626,337175,411,739,3314,0.10886,1.8653,-1.1593
2646.1,540.47,1071.6,-2.7532,-1259.4,-2618.4,5.3572e+05,320073,1,4953.6,2955,5117.7,-7519.6,-1783.2,-3421.4,-9098.7,-2185.2,-4185.8,14614,332806,411,739,3314,0.085958,1.8665,-1.1593
-1678.6,576.18,-2602.5,525.18,2744.1,-1454.8,6.2614e+05,320561,1,1.2419e+05,36019,-50.478,81010,24141,-1053.2,-51933,-14438,-555.62,1.6363e+05,363057,411,761,3327,0.51293,-1.7893,-1.1707
3702.2,-514.07,-492.04,64.916,538.77,-3730.7,4.9864e+05,320063,1,-22518,11756,15805,-47433,3937.1,493.21,-44228,-2137,-8750.1,72097,353988,411,758,3324,0.14317,1.863,-1.1593
3006.6,-579.66,-247.52,-162.44,394.58,-3042.2,4.3229e+05,321469,1,-76542,35228,46320,-26684,-6321.6,-13159,-12506,-17111,-28512,1.0692e+05,358453,411,758,3324,0.14262,1.8559,-1.1707
2603,519.27,1047,-3.5943,-1234.6,-2572.4,5.3715e+05,321477,1,4867.2,2651.2,4627,-6984.1,-1705.2,-3289.7,-8851.8,-1871.3,-3712.6,14501,332694,411,758,3324,0.097036,1.8588,-1.1707
-1672.8,594.23,-2593.2,523.71,2741.5,-1444.3,6.2584e+05,321963,1,1.0467e+05,30426,-161.56,70411,21018,-980.29,-59482,-16551,-563.9,1.4524e+05,361727,411,761,3327,0.51095,-1.7823,-1.1821
1774.8,-611.39,-57.944,-360.61,295.26,-1819.3,4.3188e+05,321467,1,-1.1804e+05,45890,56977,16992,-21000,-30893,30136,-29562,-42748,1.5678e+05,362562,411,758,3324,0.15401,1.855,-1.1707
921.34,-146.57,569.82,-365.21,-442.93,-930.31,4.2446e+05,322869,1,-1.1558e+05,37534,43726,20744,-18120,-25562,28162,-24018,-33859,1.4356e+05,361602,411,758,3324,0.15341,1.8478,-1.1821
-1665.1,613.54,-2584.1,521.79,2739.5,-1431.6,6.2553e+05,323361,1,1.0414e+05,30345,-268.02,70765,21217,-1115.2,-59435,-16577,-497.51,1.4503e+05,361716,411,761,3327,0.50894,-1.7753,-1.1935
1620.6,61.27,811.14,-284.64,-781.82,-1611.1,4.1506e+05,324269,1,-1.0204e+05,27604,30532,-1776.1,-11866,-18479,11814,-17248,-25232,1.169e+05,359401,411,758,3324,0.14151,1.8414,-1.1935
-1659.8,632.61,-2575.4,519.7,2738.3,-1421.2,6.2521e+05,324755,1,1.0367e+05,30106,-112.26,71162,21220,-938.79,-59429,-16492,-611.99,1.4482e+05,361705,411,761,3327,0.50691,-1.7683,-1.2048
1205.3,305.79,1128.8,-286.17,-1162,-1178.3,4.2008e+05,325663,1,-1.1078e+05,21489,19775,9155.1,-8116.8,-11234,20208,-10206,-13189,1.1869e+05,359551,411,758,3324,0.14095,1.8341,-1.2048
-1654.8,648.94,-2563.8,518.11,2733.2,-1411.9,6.2489e+05,326145,1,84391,24570,-196.93,60809,18144,-838.9,-67120,-18603,-680.92,1.2886e+05,360430,411,761,3327,0.50486,-1.7611,-1.216
907.43,456.42,1307.3,-285.86,-1379.3,-869.79,4.273e+05,327053,1,-1.1546e+05,20055,16837,11376,-5472.3,-6865.8,19931,-6397.5,-7348.9,1.213e+05,359777,411,758,3324,0.14038,1.8267,-1.216
-1652,663.87,-2551.3,516.67,2727.2,-1405.1,6.2456e+05,327531,1,1.0273e+05,29866,-147.37,71950,21360,-793.87,-59422,-16350,-795.74,1.4449e+05,361674,411,772,3334,0.5028,-1.7539,-1.2272
660.4,528.57,1366.5,-283.37,-1456.2,-617.96,4.3413e+05,328439,1,-1.1804e+05,18542,14084,10664,-2396,-2297.6,16061,-1862.9,-966.65,1.2189e+05,359821,411,758,3324,0.1398,1.8192,-1.2272
-1644.5,677.18,-2534.7,515.19,2716.3,-1394.2,6.2424e+05,328913,1,1.1539e+05,33509,-102.43,80135,23755,-800.96,-54017,-14797,-831.02,1.5672e+05,362555,411,772,3334,0.50071,-1.7466,-1.2384
406.96,546.38,1348.5,-283.57,-1438.7,-363.9,4.3887e+05,329821,1,-1.1639e+05,17964,13273,10757,-1434.4,-846.78,11796,730.15,2362.9,1.1962e+05,359637,411,758,3324,0.13923,1.8117,-1.2384
-1638.1,691.95,-2520.3,513.38,2708.3,-1384,6.2394e+05,330289,1,1.0139e+05,29526,-212.89,72883,21639,-786.21,-59505,-16343,-818.64,1.4402e+05,361639,411,772,3334,0.49861,-1.7393,-1.2495
227.78,556.66,1289,-261.42,-1386,-184.46,4.4285e+05,331197,1,-1.1063e+05,15634,10354,9317.2,-112.41,898.84,6156,1873.1,3372.6,1.1283e+05,359034,411,758,3324,0.13864,1.804,-1.2495
-1630.3,706.08,-2504.4,511.56,2698.7,-1372.6,6.2366e+05,331659,1,1.01e+05,29443,-252.51,73146,21694,-750.01,-59511,-16297,-876.25,1.4387e+05,361626,411,772,3334,0.49649,-1.7319,-1.2606
1349.3,510.73,1201.4,-193.39,-1331,-1309.9,4.3546e+05,332569,1,-1.0431e+05,15653,11677,-2607.5,715.58,786.61,4804,282.45,886.65,1.0628e+05,358409,411,758,3324,0.12703,1.7972,-1.2606
-1625.3,719.32,-2489.5,510.25,2689.9,-1364.1,6.2336e+05,333025,1,87432,25470,-199.91,65743,19511,-705.62,-64835,-17843,-801.35,1.3236e+05,360697,411,772,3334,0.49435,-1.7244,-1.2717
1175.3,498.44,1193.6,-217.06,-1309.2,-1137.3,4.3995e+05,333935,1,-1.0375e+05,12532,7300.5,-4940.6,823.84,702.94,1578.7,736.91,1174.1,1.0491e+05,358246,411,758,3324,0.12648,1.7894,-1.2717
-1619.9,732.23,-2474.2,508.89,2680.6,-1355.4,6.2308e+05,334387,1,1.185e+05,34470,-168.6,84677,25059,-745.24,-52015,-14153,-902,1.6104e+05,362867,411,780,3339,0.49219,-1.7169,-1.2826
1045.3,472.18,1169,-239.44,-1267.2,-1009.4,4.427e+05,335297,1,-1.0543e+05,10771,4605.3,-5363.3,217.48,-178.54,-36.839,284.96,376.94,1.0491e+05,358245,411,758,3324,0.12593,1.7816,-1.2826
-1610.3,745.22,-2457.3,507.43,2669.6,-1342.6,6.2284e+05,335745,1,1.1251e+05,32739,-180.43,82013,24313,-774.74,-54204,-14819,-825.83,1.5558e+05,362482,411,780,3339,0.49001,-1.7093,-1.2936
1031.7,511.47,1173,-218.64,-1291.5,-993.1,4.4849e+05,336655,1,-1.0382e+05,6404.7,-1294.2,-5428.6,-1392,-2408.1,-255.41,16.086,-23.699,1.0421e+05,358175,411,758,3324,0.12537,1.7737,-1.2936
-1602.2,761.07,-2443.7,505.28,2663.2,-1330.4,6.2261e+05,337097,1,68500,20133,-395.43,56780,16937,-734.86,-71787,-19819,-745.31,1.1898e+05,359579,411,785,3341,0.48781,-1.7016,-1.3045
1088.3,552.85,1169.5,-188.07,-1314.2,-1046.6,4.548e+05,338007,1,-98615,6224.9,-1064.4,-4914.3,-753.25,-1475.7,442.29,-381.1,-485.9,98956,357563,411,758,3324,0.12481,1.7658,-1.3045
-1595.8,775.45,-2428.6,502.92,2655.2,-1320.3,6.2241e+05,338443,1,1.2855e+05,37252,10.781,93163,27546,-742.05,-47212,-12784,-892.31,1.7246e+05,363569,411,785,3341,0.4856,-1.6939,-1.3153
1136.4,590.04,1175.6,-167.3,-1342.1,-1092,4.6225e+05,339353,1,-94218,5621.7,-1475.6,-4254.3,-805.26,-1478.9,1573,-286.42,-243.77,94522,357040,411,787,3342,0.12424,1.7578,-1.3153
-1589.3,787.22,-2411,500.98,2643.7,-1310.8,6.2222e+05,339783,1,79665,23246,-222.58,64751,19122,-548.46,-66885,-18272,-943.41,1.2749e+05,360316,411,785,3341,0.48336,-1.6861,-1.3261
1136.9,602.63,1177.6,-166.72,-1350.2,-1091.6,4.6894e+05,340693,1,-93614,6670.9,-5.8423,-2913.5,-586.86,-1038.2,3065.8,-267.59,-74.883,93955,356969,411,787,3342,0.12367,1.7497,-1.3261
-1586.6,796.97,-2392.7,499.21,2631.3,-1305.6,6.2203e+05,341117,1,97334,28274,-88.719,75885,22327,-495.36,-59568,-16097,-1078.8,1.4262e+05,361507,411,789,3343,0.48111,-1.6783,-1.3368
1126.2,613.25,1170.9,-163.11,-1349.8,-1080.1,4.7621e+05,342027,1,-93835,8336.9,2140,-2003.1,266.7,170.61,4009.2,575.17,1110.6,94345,357025,411,791,3344,0.12309,1.7415,-1.3368
-1581.2,803.48,-2368.1,496.48,2611.7,-1298.6,6.2185e+05,342445,1,83710,24477,-278.63,68473,20108,-414.04,-64564,-17340,-1267.4,1.3104e+05,360600,411,789,3343,0.47884,-1.6704,-1.3475
1063.2,596.93,1139.8,-168.69,-1311.5,-1018.5,4.8265e+05,343355,1,-93652,9299.8,3386.5,-2318.4,825.85,867.19,2839.2,1340.3,1979.4,94282,357015,411,791,3344,0.12251,1.7333,-1.3475
-1570,811.34,-2337,489.85,2586.9,-1285.6,6.2168e+05,343767,1,1.0861e+05,31703,-271.96,84816,24717,-224.05,-54837,-14235,-1712.9,1.5434e+05,362407,411,793,3345,0.47656,-1.6624,-1.3581
972.6,569.69,1095.6,-175.84,-1255,-930.01,4.871e+05,344677,1,-95048,12398,7160.6,-2336.6,1804.4,2101.6,1952.2,1950.3,2654.3,96265,357250,411,791,3344,0.12193,1.725,-1.3581
-1564.6,801.58,-2292,486.16,2541.8,-1283.2,6.2196e+05,345083,1,96264,26384,1812.5,77863,22102,494.4,-60673,-13228,-4890.8,1.4282e+05,361528,411,793,3345,0.47425,-1.6543,-1.3687
816.79,525.08,1048.7,-197.79,-1182.7,-777.74,4.8955e+05,345993,1,-98734,12526,6935.1,-2925,1425,1559.7,-252.11,1613.1,2008,99866,357668,411,791,3344,0.12134,1.7167,-1.3687
-1627.8,797.36,-2166.5,412.63,2449.5,-1345,6.2208e+05,346391,1,79130,13101,11679,70990,15089,6448.6,-64177,-9510.3,-10530,1.2727e+05,360295,411,793,3345,0.47193,-1.6462,-1.3793
699.69,500.8,1024.6,-215.2,-1142.3,-662.63,4.9182e+05,347301,1,-99214,10082,3789.9,-4660.9,364.91,78.467,-4077.7,895.61,754.15,99996,357683,411,791,3344,0.12074,1.7083,-1.3793
-1601.9,689.27,-1540.3,117.96,1891.5,-1349.9,6.1883e+05,347693,1,15903,672.88,4602.7,40093,4456.4,8388.5,-66356,-1250.7,-21125,82603,355540,411,799,3346,0.46959,-1.6381,-1.3897
656.63,528.49,1028.8,-205.82,-1159.7,-617.73,4.961e+05,348603,1,-97362,7170.6,352.68,-5506.2,-529.03,-1105.6,-5731.4,757.26,421.66,97961,357451,411,791,3344,0.12014,1.6998,-1.3897
-1648.7,1059.3,-2299.3,322.58,2715.7,-1283.9,6.2081e+05,348991,1,73395,4063.2,20509,71749,4266.5,19576,-63366,-1067.4,-20251,1.257e+05,360161,411,799,3346,0.47722,-1.6269,-1.4002
687.39,539.55,1009.8,-190.64,-1152.2,-647.64,4.9931e+05,349899,1,-95974,4597.2,-2699.7,-5725.7,750.22,426.35,-6933.6,1736.8,1495.4,96572,357281,411,791,3344,0.11954,1.6913,-1.4002
-1477,1477.8,-2659.8,294.79,3220.7,-990.12,6.2004e+05,350281,1,1.0207e+05,-1493.2,37049,84921,330.71,28813,-57007,64.182,-19471,1.5318e+05,362315,411,802,3347,0.48471,-1.6157,-1.4106
755.28,515.72,975,-189.95,-1112.1,-717.04,4.989e+05,351187,1,-91176,1363,-6011,-9402.9,1244.8,715.76,-8792.7,1926.3,1556.1,92331,356755,411,806,3348,0.11893,1.6827,-1.4106
-1570.7,919.29,-1871.7,193.01,2289.1,-1240.3,6.1872e+05,351561,1,41444,10997,1796,55503,60.937,18913,-60089,10415,-32208,1.0018e+05,357706,411,802,3347,0.48222,-1.6074,-1.4209
898.86,503.07,952.39,-184.07,-1092.1,-861.15,4.9536e+05,352467,1,-89711,-3036.8,-11049,-11596,1138,398.67,-10901,1583.7,955.38,91856,356703,411,806,3348,0.11832,1.674,-1.4209
-1562.2,661.51,-1271.5,5.7317,1669.9,-1306.2,6.2321e+05,352833,1,16775,-3545.2,9714,42054,-2563,17129,-60192,2499.3,-23171,81382,355386,411,802,3347,0.4797,-1.599,-1.4311
1145.9,501.97,941.18,-171.07,-1093,-1107.7,4.8585e+05,353739,1,-82576,-5804.2,-13551,-15132,163.67,-1019.1,-11535,1084.8,316.6,86026,355957,411,806,3348,0.1177,1.6653,-1.4311
-1546.5,747.71,-1484,90.463,1886.6,-1259.3,6.1877e+05,354097,1,37686,-939.18,13948,60924,912.82,19752,-74843,-3386.5,-21686,1.0863e+05,358619,411,802,3347,0.48692,-1.5876,-1.4414
128.84,390.02,784.11,-207.61,-854.82,-98.578,5.1527e+05,353737,1,-1.0873e+05,-6502.6,-17193,-8551.9,2808.8,2537.8,-12460,2341.4,1639.7,1.1141e+05,358892,411,806,3348,0.12792,1.6645,-1.4311
1511.2,558.78,957.03,-125.92,-1158,-1468,4.6901e+05,355001,1,-80322,-12334,-20862,-21836,-695.58,-2591.7,-15722,141.63,-1141.5,88156,356221,411,806,3348,0.11708,1.6565,-1.4414
-1602.6,1089.4,-2254.4,347.29,2696,-1203.4,6.2092e+05,355351,1,73609,8992,15504,77227,7046.9,18724,-63689,-3071.4,-18237,1.2846e+05,360400,411,809,3350,0.494,-1.5761,-1.4515
1017.4,348.36,794.94,-205.28,-877.87,-987.71,4.8857e+05,356251,1,-93309,-17114,-27605,-26179,-813.15,-3185.5,-23520,-152.04,-2232.1,1.0496e+05,358253,411,808,3349,0.12656,1.6469,-1.4515
-1523.8,746.41,-1446.4,88.844,1857,-1230.9,6.188e+05,356595,1,10728,5312.1,-2056.9,41568,4374.5,9419.2,-62227,1942.2,-23198,79984,355170,411,809,3350,0.49133,-1.5676,-1.4616
676.05,89.523,526.68,-241.65,-489.97,-666.33,4.986e+05,357493,1,-1.1333e+05,-26267,-39994,-35428,-2924.3,-6521.4,-35778,-2702.8,-6319.4,1.3329e+05,360763,411,808,3349,0.13593,1.6372,-1.4616
-1515.8,669.76,-1225.8,8.6787,1641.9,-1246.1,6.2348e+05,357829,1,2590.4,-892.5,1836.7,30360,2194.6,7861.9,-57014,-6779.4,-11925,66618,353070,411,809,3350,0.48864,-1.559,-1.4717
1405.7,313.48,727.02,-168.04,-827.11,-1374.9,4.7674e+05,358727,1,-78558,-21626,-31293,-37258,-7061.6,-11234,-30482,-5440.2,-8839.6,1.0109e+05,357807,411,808,3349,0.13518,1.6282,-1.4717
-1573.2,1117,-2281.4,380.07,2728.1,-1157.7,6.2131e+05,357831,1,88755,20959,8284.5,89741,7872.7,22242,-66177,3888.6,-26319,1.486e+05,361974,411,809,3350,0.49819,-1.556,-1.4717
-1512.4,830.99,-1664.4,195.99,2073.8,-1187,6.1866e+05,359053,1,51115,4204.4,12876,72093,8233.7,15675,-74961,-7876.7,-16904,1.1947e+05,359625,411,809,3350,0.49543,-1.5474,-1.4817
1588.4,294.44,660.54,-124.12,-780.78,-1555.9,4.8244e+05,359947,1,-1.1877e+05,-26153,-40600,-50039,-10348,-16266,-36245,-10473,-15051,1.4479e+05,361703,411,816,3351,0.14436,1.6183,-1.4817
392.34,-165.9,330.4,-318.01,-158.23,-405.53,4.9836e+05,358725,1,-1.0366e+05,-40594,-55084,-36301,-10889,-15492,-37631,-8946.1,-13549,1.3706e+05,361062,411,816,3351,0.14517,1.6273,-1.4717
-1520.1,1287.4,-2425.1,398.89,2932.4,-1044.8,6.2088e+05,360265,1,74747,9225.2,15920,85460,9623.5,18893,-70124,-9823.6,-13253,1.3736e+05,361081,411,817,3352,0.50208,-1.5356,-1.4916
1940.1,613.06,864.22,-10.922,-1166.1,-1878,4.0967e+05,361157,1,-77839,-1798.6,-9719.6,-33271,-8603,-12563,-16931,-6393.5,-8556,88860,356307,411,816,3351,0.14355,1.6092,-1.4916
-1536.2,999.59,-2055.3,360.54,2476.3,-1149.5,6.2048e+05,361461,1,99376,32686,179.34,93598,19198,11833,-55020,5206,-23476,1.5433e+05,362405,411,817,3352,0.49923,-1.5269,-1.5015
814.24,601.03,939.49,-147.93,-1147.7,-753.48,4.7259e+05,362351,1,-1.2084e+05,5187,-6722.3,-28072,-3188.7,-6362.5,-17457,453.54,-1392.2,1.2577e+05,360169,411,816,3351,0.15255,1.5992,-1.5015
-1468,771.72,-1351.6,64.795,1799.4,-1155.5,6.1892e+05,362643,1,25242,-1935.3,10367,54537,5396.2,12641,-65958,-7868.9,-13878,92285,356747,411,817,3352,0.49635,-1.5181,-1.5113
1033.6,371.31,743.28,-171.09,-861.4,-993.66,4.5755e+05,363533,1,-94725,-4229.5,-14026,-27428,5110.7,2634.7,-22914,5079.2,3035.7,1.0263e+05,358006,411,816,3351,0.15167,1.59,-1.5113
-1535.2,1146.5,-2154.4,354.02,2644.2,-1093.2,6.2093e+05,363811,1,70885,21739,2172.8,79708,13502,13073,-58232,-44.305,-19033,1.2634e+05,360213,411,820,3353,0.50271,-1.5062,-1.5211
-1327.1,1639.6,-2548.8,316.96,3209.1,-739.72,6.1927e+05,362645,1,98431,-13288,46713,94753,-2518.6,34277,-53883,-10874,-6820.9,1.5898e+05,362708,411,820,3353,0.50566,-1.515,-1.5113
375.72,110.05,463.5,-214.15,-436.71,-362.67,4.688e+05,364697,1,-1.065e+05,-4296.2,-15731,-32731,-628.04,-4097.6,-33845,195.85,-3370.8,1.177e+05,359468,411,816,3351,0.16049,1.5798,-1.5211
-1448,849.46,-1427.1,85.983,1904.6,-1104.6,6.184e+05,364957,1,39393,2594.6,10517,62128,7154.7,13495,-55173,-2089,-16109,95238,357127,411,827,3354,0.49975,-1.4973,-1.5308
584.58,188.04,517.81,-183.78,-543.09,-562.58,4.5506e+05,365843,1,-97890,-1301.3,-11613,-25804,453.7,-2237.4,-26213,1006.5,-1720.3,1.0527e+05,358293,411,816,3351,0.15954,1.5704,-1.5308
-1187.7,1765.7,-2516.5,277.16,3236.8,-555.01,6.1806e+05,364959,1,75971,-11284,36571,84211,-55.832,28016,-58754,-11915,-7602,1.3698e+05,361059,411,827,3354,0.50893,-1.4942,-1.5308
-1508.6,1214.4,-2142,333.29,2674.6,-1036.5,6.2e+05,366083,1,91554,25656,5706.5,89228,11157,18735,-50598,7625.4,-23822,1.4386e+05,361625,411,827,3354,0.50589,-1.4853,-1.5405
763.56,160.26,504.42,-184.54,-525.71,-743.45,4.3064e+05,366967,1,-91075,-1932.5,-11384,-19743,3087.3,1111.8,-21774,1276,-943.82,96464,357267,411,816,3351,0.15859,1.5611,-1.5405
-1402.6,912.89,-1405.8,57.346,1925,-1033.3,6.1762e+05,367177,1,31111,4042.4,6428.2,64724,11630,10117,-65389,-10047,-11773,99838,357660,411,827,3354,0.50283,-1.4763,-1.5501
976.78,137.44,551.64,-221.87,-557.25,-957.89,4.0037e+05,368061,1,-76614,-8415.1,-16123,-25061,-842.53,-3310.7,-21158,-597.33,-2720.9,85414,355883,411,816,3351,0.15763,1.5516,-1.5501
-1264.9,833.36,-1235.4,29.851,1718.5,-930.9,6.163e+05,725749,1,23132,16780,-8388.1,40528,10336,3343.2,-45566,-6730.4,-8385,69566,353587,411,827,3354,0.49819,-1.4717,-1.556
1801.6,569.29,783.19,-35.442,-1077,-1738.4,3.7023e+05,369209,1,-34708,3043.7,-466.53,-23739,-3600.9,-5877.3,-13799,-1421.2,-2749.8,45002,348682,411,816,3351,0.14901,1.5405,-1.562
1908.8,678.69,839.32,-0.065734,-1193.1,-1839.8,3.8631e+05,369211,1,-14161,7068.9,5645.1,-10434,-957.41,-1893.5,-5814.8,-82.986,-606,20735,337963,411,816,3351,0.13942,1.5405,-1.5629
870.05,1253.9,1037,-0.4166,-1089.5,-1489.1,6.861e+05,369607,1,781.88,-173.11,-2032.2,55.858,-1036.3,-2480.9,-240.6,-165.84,125.47,3465.5,264886,411,691,3292,-1.4164,1.5405,-0.67523
1840.7,736.59,877.94,-5.9514,-1250.4,-1771.4,4.0554e+05,370337,1,-7222.8,4183.4,3463.6,-7136.9,1016.3,390.92,-5120.3,965.42,509.77,12696,330180,411,839,3355,0.13061,1.5308,-1.5731
1734.4,673.72,828.56,-12.785,-1172.1,-1665.7,4.1027e+05,370335,1,-22792,8231.1,5952.7,-7319.4,1952.7,1236.1,-4104.9,1611,1199.5,26504,341681,411,839,3355,0.14026,1.5308,-1.5723
873.6,1273.9,1040,-0.50052,-1093.3,-1507.4,6.8215e+05,370731,1,736.68,-203.74,-2004.2,46.363,-1063.1,-2493.1,-163.82,-106.94,101.9,3463.8,264857,411,691,3292,-1.4249,1.5308,-0.67928
1770.8,715.32,865.3,-22.082,-1223.3,-1702.6,3.9732e+05,371483,1,-12763,6292.8,4952.6,-10013,336.71,-516.02,-7452.3,439.65,-208.6,19581,337150,411,839,3355,0.13138,1.5211,-1.5824
877.7,1293.8,1040.9,-0.58268,-1095,-1526.1,6.7836e+05,371877,1,693.47,-237.96,-1983.1,75.021,-1060.4,-2513.2,-5.2156,31.103,79.31,3453.1,264605,411,691,3292,-1.4333,1.5211,-0.68331
1596.3,721.72,868.81,-36.919,-1220.5,-1527.4,4.1781e+05,372649,1,-15865,3883.3,2415.7,-10128,1067.1,170.98,-6742.8,967.9,350.6,20564,337858,411,854,3356,0.13215,1.5113,-1.5917
882.31,1313.5,1039.6,-0.62557,-1094.2,-1545.1,6.7541e+05,373043,1,667.67,-264.89,-1979.2,105.48,-1055.2,-2535.5,131.02,161.1,78.108,3469.2,265022,411,940,3359,-1.4417,1.5113,-0.68731
1789.7,794.74,891.16,-6.2666,-1294,-1718.7,3.7703e+05,373833,1,-11688,2375.9,1295.1,-8054.9,369.29,-280.74,-4248.9,601.37,235.59,15083,333275,411,854,3356,0.12309,1.5015,-1.6017
907.78,1356.1,1035.6,-0.62092,-1092.3,-1594.6,6.7185e+05,374223,1,647.8,-291.68,-1965.7,122.44,-1056.8,-2524,246.11,286.17,104.76,3467.6,264969,411,940,3359,-1.4458,1.5015,-0.70017
1705.6,803.49,891.52,-12.036,-1296.8,-1633.3,4.1735e+05,375029,1,-21546,4289.5,2284.9,-11271,1266.9,275.67,-5790.8,733.9,221.32,25508,341207,411,854,3356,0.12379,1.4916,-1.6109
892.99,1351.7,1028.2,-0.42394,-1083.7,-1583.5,6.7033e+05,375421,1,639.38,-306.55,-1998.8,171.05,-1021.4,-2550.3,335.75,422.24,201.24,3522.3,266967,411,940,3359,-1.4584,1.4916,-0.69524
1657.1,787.3,874.05,-19.602,-1271.2,-1585.3,4.142e+05,376239,1,-23699,-74.144,-1928.2,-13810,-2432.1,-3288.9,-4262.1,-1914.8,-2063.5,28265,342514,411,854,3356,0.12449,1.4817,-1.62
919.68,1394,1018.6,-0.3014,-1075.8,-1633.8,6.6774e+05,376629,1,638.71,-338.41,-2028.4,171.67,-1045,-2541.2,361.05,496.7,293.12,3560.8,267751,411,940,3359,-1.4623,1.4817,-0.70815
1293,789.14,998.53,-131.73,-1340.6,-1215.4,3.7911e+05,377459,1,-55799,7978.5,2505.6,-9896.4,-13146,-12708,263.09,-9148.1,-8267.2,61383,352159,411,854,3356,0.13518,1.4717,-1.6282
926.04,1413.4,1009.5,-0.24644,-1066.9,-1654.1,6.6545e+05,377851,1,645.09,-352.88,-2061.5,140.3,-1095.9,-2554.2,278.6,446.25,348.04,3596.2,268357,411,940,3359,-1.4704,1.4717,-0.7121
228.51,1018.2,1139.9,-156.26,-1532.3,-126.2,4.2415e+05,378691,1,-70580,9109.1,1923.2,-15868,-10112,-10518,-15662,-6085.1,-6898,76569,354666,411,854,3356,0.14597,1.4616,-1.6363
932.5,1433.8,1002.4,-0.34083,-1060,-1675.2,6.6277e+05,379085,1,644.11,-367.78,-2079.3,104.36,-1155.9,-2574.5,204.47,375.12,344.62,3626.3,268850,411,940,3359,-1.4785,1.4616,-0.71602
-492.21,587.62,753.76,-204.91,-899.59,551.79,4.501e+05,378689,1,-72704,8915.8,1070.2,-22976,-7692.7,-9008.6,-25789,-6237.3,-8006.6,82479,355524,411,854,3356,0.15601,1.4616,-1.6354
-373.64,787.08,895.15,-176.45,-1149.5,456.04,4.5472e+05,379933,1,-70028,-8298.8,-13993,-19563,-6704.9,-7766.9,-21643,-3430.1,-5079.2,78502,354968,411,854,3356,0.15685,1.4515,-1.6443
939.39,1455.3,996.16,-0.54064,-1054.1,-1697.6,6.6066e+05,380329,1,643.89,-404.36,-2150,90.448,-1218.9,-2650,164.35,357.89,382.98,3744.1,270734,411,940,3359,-1.4866,1.4515,-0.71992
-61.326,982.86,952.18,-75.978,-1357.4,167.86,4.718e+05,381185,1,-68943,-4345.1,-10531,-21863,-2071.4,-3976.7,-18954,-1542.2,-3167.1,75846,354569,411,874,3357,0.1577,1.4414,-1.6531
923.93,1452.3,992.64,-0.49104,-1049.4,-1687.2,6.6398e+05,381583,1,643.61,-445.1,-2245.7,112.49,-1256.8,-2770,176.55,401.4,439.34,3912.3,283117,411,940,3359,-1.499,1.4414,-0.7146
-215.47,862.6,950.51,-172.49,-1252.5,309.13,4.8112e+05,382447,1,-73486,3279,-4225,-19299,-855.13,-2564.3,-18307,-2687,-4051.9,78532,354977,411,874,3357,0.15853,1.4311,-1.6619
932.41,1475.1,984.8,-0.64847,-1041.8,-1711.7,6.6464e+05,382845,1,631.46,-517.26,-2355.8,153.34,-1306,-2923.3,284.17,521.33,440.96,4127.7,285918,411,940,3359,-1.5069,1.4311,-0.7184
-356.91,949.66,1053.9,-212.91,-1372,460.54,4.9035e+05,383719,1,-75300,11003,2172.1,-12771,-7724.1,-7772,-16419,-5238.2,-6033.9,79328,355089,411,874,3357,0.15937,1.4209,-1.6706
458.31,1091.6,1197.3,-173.68,-1639.6,-341.88,4.8173e+05,383721,1,-69915,5516.6,-1630.2,-13356,-6533.3,-6742.5,-9576.7,-4211.5,-4457.6,72918,354129,411,874,3357,0.14911,1.4209,-1.6715
968.02,1528,972.17,-0.96713,-1030.5,-1776.2,6.6253e+05,384115,1,596.42,-644.68,-2487.4,126.24,-1434.8,-3053.7,383.81,622.34,416.52,4366.5,288455,411,940,3359,-1.5104,1.4209,-0.73144
942.17,1498.8,974.74,-0.69998,-1031.7,-1737.7,6.6713e+05,384117,1,616.47,-585.71,-2444.8,208.87,-1324.1,-3043.5,443.79,695.98,436.55,4316.5,287918,411,940,3359,-1.5148,1.4209,-0.72216
248.81,1259.9,1258.2,-136.27,-1789.1,-114.3,5.0552e+05,385001,1,-73805,22161,11998,-8936,-3426.5,-3702.5,-4989.6,1071.3,419.1,78827,355014,411,920,3358,0.14988,1.4106,-1.6802
935.92,1295.3,1244.9,-61.458,-1858.4,-803.83,5.1811e+05,385003,1,-65706,18538,9957.1,6757.9,3568.1,3508,5882.2,3958.3,3774,69966,353648,411,920,3358,0.13957,1.4106,-1.6811
980.11,1553.8,960.04,-0.94548,-1018.3,-1805.5,6.6697e+05,385395,1,594.43,-731.55,-2628.7,215.17,-1465.2,-3255.7,593.57,822.87,352.24,4663.2,291487,411,940,3359,-1.5182,1.4106,-0.73523
1007.9,1585.7,959.77,-1.5968,-1019.4,-1847.2,6.5994e+05,385393,1,631.23,-838.18,-2866.8,281.67,-1629.6,-3652.2,788.17,837.16,-19.421,5149.5,295800,411,940,3359,-1.5137,1.4106,-0.74453
644.28,1112.8,1117.4,-108.94,-1615.3,-530.13,5.2647e+05,386291,1,-77527,4973.2,-2282.2,7128.3,9540,8496.2,4558.1,6650.3,5879.9,79712,355140,411,920,3358,0.14028,1.4002,-1.6897
1055.1,1654.9,951.06,-1.7502,-1012.5,-1931.7,6.4273e+05,386679,1,628.97,-843.55,-2820.2,458.78,-1581.7,-3845,1148,1145.9,-183.6,5149.5,295820,411,940,3359,-1.5168,1.4002,-0.75766
732.85,894,969.61,-136.81,-1360,-638.87,5.2072e+05,387587,1,-88823,-3365.5,-10194,-13742,8680,5991.6,-8339.6,5110.7,3501.7,91722,356684,411,920,3358,0.14099,1.3897,-1.6982
1068.5,1679.1,927.23,-0.59683,-988.17,-1960.7,6.5797e+05,387975,1,663.26,-694.93,-2595.2,678.01,-1182.3,-3513.9,1362.6,1543.4,81.054,5109.6,295469,411,940,3359,-1.5244,1.3897,-0.76148
805.05,840.09,969.34,-173.52,-1323.7,-714.98,5.1099e+05,388889,1,-96286,-1413.7,-9225.7,-26133,-101.15,-2239,-13888,-1314.1,-2227,1.0122e+05,357822,411,920,3358,0.1417,1.3793,-1.7067
1051.5,1660.6,893.56,-0.39488,-951.4,-1938.2,6.7107e+05,389279,1,711.5,-699.74,-2721.6,771.94,-1137,-3642.2,1381,1592.6,102.87,5149.5,295812,411,940,3359,-1.5367,1.3793,-0.75586
783.33,897.3,1015.3,-182.67,-1394.7,-686.28,5.05e+05,390197,1,-1.0308e+05,2194.2,-6889.6,-27316,-1567.4,-3536.3,-13968,-976.69,-1970.5,1.0788e+05,358550,411,920,3358,0.14239,1.3687,-1.7151
1021.9,1622.3,888.93,-0.47109,-944.87,-1890.4,6.7387e+05,389281,1,656.42,-781.67,-2800.1,697.47,-1196.2,-3650.8,1315.9,1604.9,248.15,5149.5,295823,411,940,3359,-1.5413,1.3793,-0.74642
1035.4,1642.8,860.51,-0.30328,-915.3,-1916.6,6.743e+05,390589,1,612.96,-776.74,-2685.3,714.16,-1138.9,-3555.9,1416.6,1747.8,258.91,5149.5,295809,411,940,3359,-1.5489,1.3687,-0.7501
748.89,928.36,1031.6,-186.37,-1425.8,-647.5,5.0136e+05,391513,1,-1.1017e+05,2958.5,-6905.3,-28852,-1280.1,-3430.3,-14181,-750.82,-1805,1.1508e+05,359250,411,920,3358,0.14309,1.3581,-1.7234
1020.5,1624.8,825.46,-0.25302,-877.13,-1895.7,6.7351e+05,391907,1,567.43,-807.88,-2664.9,711.5,-1101,-3502.4,1485,1901.4,354.51,5149.5,295825,411,940,3359,-1.561,1.3581,-0.74418
683.32,941.65,1041.7,-198.63,-1436.5,-579.56,4.9868e+05,392835,1,-1.2265e+05,7018.2,-4828.6,-30410,-124.86,-2647,-13265,-733.34,-1705.7,1.2739e+05,360308,411,920,3358,0.14377,1.3475,-1.7317
1006.8,1606.9,788.49,-0.2148,-836.98,-1875.3,6.7203e+05,393231,1,506.66,-855.36,-2641.6,695.44,-1085.5,-3464.4,1559.9,2051.8,420.72,5149.5,295831,411,940,3359,-1.5731,1.3475,-0.73811
545.08,921.25,1052.4,-236.82,-1414.6,-442.95,4.9623e+05,394163,1,-1.4125e+05,10028,-4143.4,-28878,-1318,-3411.9,-9367.9,-2368.9,-2620.8,1.4497e+05,361714,411,920,3358,0.14445,1.3368,-1.7399
994.11,1588.6,749.23,-0.15405,-794.48,-1855.3,6.7082e+05,394561,1,464.2,-883.73,-2613.6,704.8,-1048.8,-3434.5,1657.8,2214.6,454.82,5149.5,295836,411,940,3359,-1.5851,1.3368,-0.7319
324.27,939.81,1107.8,-292.45,-1442.8,-220.1,4.9803e+05,395497,1,-1.5044e+05,18383,1344.4,-25054,-2887.3,-4264.3,-5539.4,-4284.8,-3737.9,1.5391e+05,362371,411,920,3358,0.14513,1.3261,-1.748
1009.4,1606.2,710.17,0.11888,-753.6,-1880.2,6.7137e+05,395895,1,431.61,-891.04,-2548.3,728.19,-985.15,-3362.3,1767.7,2379.1,466.65,5149.5,295837,411,940,3359,-1.5925,1.3261,-0.73532
-74.989,1018.8,1197.8,-352.13,-1523,186.78,5.0714e+05,396837,1,-1.7819e+05,35869,11942,-10569,-6724.2,-5892.5,1438.9,-3698.5,-2690.5,1.8274e+05,364114,411,920,3358,0.1458,1.3153,-1.7561
982.27,1569.6,706.68,0.020535,-748.62,-1835.1,6.6875e+05,395897,1,401.49,-935.05,-2589.7,716.4,-999.3,-3400.3,1813.7,2457,488.65,5149.5,295842,411,940,3359,-1.597,1.3261,-0.72554
970.83,1549.5,661,0.43742,-699.61,-1814.1,6.6263e+05,397239,1,395,-944.6,-2612.4,704.49,-972.11,-3355,1832,2577.5,616.17,5149.5,295845,411,940,3359,-1.6088,1.3153,-0.71903
1358.9,1192.2,1061.4,-60.889,-1697.6,-1228.3,4.8918e+05,398185,1,-1.4818e+05,24660,6455.6,-13808,4061.8,1885.1,7863,1824.7,1958.9,1.5129e+05,362181,411,920,3358,0.13564,1.3045,-1.765
942.62,1512.8,659.88,0.58498,-697.32,-1768.2,6.5657e+05,397241,1,385.33,-981.17,-2696.6,631.88,-1044.3,-3373.9,1720.1,2540.7,800.48,5149.5,295846,411,940,3359,-1.6132,1.3153,-0.70915
958.95,1530.5,616.99,1.3629,-652.63,-1793.6,6.5048e+05,398587,1,426.12,-905.68,-2628.8,558.43,-1036.8,-3168.8,1525.2,2442.2,1005.1,5149.5,295833,411,940,3359,-1.6205,1.3045,-0.71238
1059.4,1131.3,1050.4,-115.74,-1618,-935.08,4.9252e+05,399537,1,-1.3324e+05,12002,-1699.5,-22704,4605.3,1569.6,-917.24,1635,1105.3,1.3581e+05,360972,411,920,3358,0.13625,1.2936,-1.7729
944.97,1516.6,586.78,2.4601,-620.38,-1775.5,6.3759e+05,399941,1,491.88,-851.66,-2703.3,441.24,-1107.9,-3057.1,1041.9,2086.9,1426.6,5149.5,295797,411,940,3359,-1.6322,1.2936,-0.70559
930.16,1496.7,622.78,1.6119,-657.76,-1749.4,6.4929e+05,398589,1,438.83,-921.17,-2726.4,427.82,-1173.5,-3168.4,1231.7,2239.9,1313,5149.5,295829,411,940,3359,-1.6248,1.3045,-0.70243
773.77,1045.8,1037.5,-182.07,-1517.3,-658.45,4.9235e+05,400895,1,-1.479e+05,18828,2061.7,-30933,3110.5,-157.53,-2513.6,-849.88,-820.86,1.5234e+05,362252,411,920,3358,0.13685,1.2826,-1.7808
915,1484,598.98,2.5611,-632.25,-1731.6,6.3985e+05,399943,1,512.32,-832.46,-2753.6,426.48,-1115.5,-3079.3,893.32,1980.7,1582.1,5149.5,295849,411,940,3359,-1.6365,1.2936,-0.69556
884.65,1450.6,612.21,2.4459,-645.13,-1686.9,6.4266e+05,399945,1,542.64,-791.9,-2786.2,458.64,-1084.2,-3137,840.09,1947.2,1656.2,5149.5,295850,411,940,3359,-1.6407,1.2936,-0.68551
897.63,1467.6,579.45,1.8915,-610.75,-1709.5,6.1279e+05,401303,1,582.07,-769.98,-2833.3,489.41,-1072.1,-3175.3,685.71,1740.1,1609.1,5149.5,295851,411,940,3359,-1.648,1.2826,-0.68855
312.28,1004,1088,-284.8,-1472.1,-202.57,4.9872e+05,402257,1,-1.9237e+05,49717,20106,-20289,-8565.8,-7638.8,647.71,-6903.3,-4863.7,2.0124e+05,364970,411,920,3358,0.13745,1.2717,-1.7886
910.86,1487.2,556.08,-0.45824,-585.65,-1734.3,5.7836e+05,402665,1,63.723,-1836.4,-3516.9,714.86,-757.4,-3109.5,515.38,1234.8,1038.1,5419,298052,411,940,3359,-1.6552,1.2717,-0.69157
-805.71,1058.3,1198.9,-423.33,-1479.2,916.12,5.1402e+05,403623,1,-2.0242e+05,55325,23304,-357.09,2530.6,1788,10419,-3085.4,-1393.4,2.1145e+05,365366,411,969,3368,0.13805,1.2606,-1.7964
1375.4,1220.3,1020.3,-54.829,-1692.9,-1246.1,4.8154e+05,403625,1,-1.4059e+05,28504,9611.3,-12322,3404,1477,10410,-1092.3,-2.3559,1.4472e+05,361692,411,969,3368,0.12703,1.2606,-1.7972
1007.6,1520.4,531,-58.322,-540.84,-1820.1,6.1718e+05,404029,1,-2732,-7108.7,-6253.8,-4307.1,-9817.9,-7317.4,-1558,-1859.2,373.62,16481,334619,411,940,3359,-1.6581,1.2606,-0.70476
958.98,1493.6,540.05,-39.331,-556.1,-1769.5,6.1367e+05,404031,1,-1709.7,-5353,-5595.5,-3307.9,-6735.6,-4234.2,-1631.7,-2251.2,-144.96,12036,328162,411,940,3359,-1.6624,1.2606,-0.69457
953.44,1172.4,1048,-138.69,-1635.5,-829.43,4.9137e+05,404995,1,-1.3211e+05,26045,8541.2,-14205,2504.9,721.78,9406.9,-1912.5,-653.84,1.3604e+05,360985,411,969,3368,0.12757,1.2495,-1.8049
1180.8,1858.2,609.11,-34.271,-631.7,-2195,6.3257e+05,405399,1,-2757.2,-8286.6,-8147.2,-6497.7,-16303,-13503,-3534.2,-4789.6,-127.61,25854,341377,411,940,3359,-1.6652,1.2495,-0.70777
125.86,1093.8,1121.1,-300.72,-1542.2,-12.646,5.0319e+05,406371,1,-2.2908e+05,77996,36568,-2430.7,-3990.3,-2853.5,15722,-4961.5,-2258.5,2.4537e+05,366260,411,969,3368,0.12811,1.2384,-1.8125
1307.5,2092.7,678.11,-34.911,-704.65,-2459.9,6.0442e+05,406775,1,-2962.1,-7062.9,-5395.6,-6599.3,-14751,-10252,-1875.1,-3195.9,-1166.8,21659,338609,411,940,3359,-1.6722,1.2384,-0.71075
-1376.2,1028.3,1198.8,-498.86,-1400.5,1475.9,5.1704e+05,407753,1,-2.5087e+05,65405,26440,8135.6,9282.6,6904.5,17086,554.8,1551.5,2.6154e+05,366594,411,969,3368,0.12864,1.2272,-1.82
1378.5,1254.6,986.25,-42.771,-1695.9,-1252.7,4.7775e+05,407755,1,-1.6949e+05,26712,6535.4,-18083,5558.9,2512.3,10153,991.86,1344.1,1.7307e+05,363597,411,969,3368,0.11747,1.2272,-1.8208
1273.4,2031.8,668.05,-39.407,-691.52,-2390.8,6.1373e+05,406777,1,-3781.1,-8427,-5886.9,-8391.5,-17419,-10744,-1424.4,-2573.2,-1130.9,24883,340795,411,943,3360,-1.6765,1.2384,-0.70048
1218.1,1953,663.19,-39.345,-685.48,-2294.9,6.2087e+05,406779,1,-4195.4,-10207,-8120.6,-8862.8,-19387,-13229,-1407,-2301.4,-691.72,28721,342720,411,943,3360,-1.6808,1.2384,-0.69018
1132.3,1834.7,669.11,-41.226,-690.18,-2148.9,6.2316e+05,406781,1,-4178.9,-11613,-10843,-8760.2,-21220,-17033,-1700.7,-2460.3,-272.7,33107,344680,411,943,3360,-1.685,1.2384,-0.67985
1287.3,2108.8,701.61,-31.437,-727.82,-2462.8,5.9717e+05,408163,1,-2322,-7081.3,-7028.5,-5281,-14265,-12629,-794.21,-1431.9,-613.6,22335,339062,411,943,3360,-1.692,1.2272,-0.68268
1055.9,1983,-1704.7,4.993,1724.7,-2231.3,5.9667e+05,406965,1,21333,34024,-12688,30153,46412,-12214,18806,29303,-7912.5,79127,355053,411,961,3366,-1.7873,1.2384,0.3271
1034.8,2053.7,-1744.9,48.22,1773.4,-2277.2,5.9562e+05,406967,1,25787,35353,6117.8,39900,51317,21298,22447,33907,-5381.3,91180,356610,411,961,3366,-1.7853,1.2384,0.33806
748.28,2002.5,-2402.5,148.03,2452.1,-2075.4,5.9102e+05,408347,1,14369,25383,-16303,14858,28201,-23695,14084,25108,-17361,61840,352236,411,961,3366,-1.7948,1.2272,0.32846
1296.9,2615.2,-1729.5,146.64,1775.3,-2887.7,5.9598e+05,406969,1,27620,32983,23787,36525,41154,39898,30052,39952,11856,98366,357492,411,961,3366,-1.7832,1.2384,0.34901
904.95,2467.1,-2532.6,236.35,2603.5,-2546.6,5.9768e+05,408351,1,22483,25970,23800,34128,35882,49128,19706,25862,9471.7,88085,356206,411,961,3366,-1.7906,1.2272,0.35046
1043.2,1198.1,989.81,-104.45,-1625.2,-922.69,4.7808e+05,409141,1,-1.4795e+05,12877,-1265.4,-21188,2824.6,472.16,5282.9,185.08,469.88,1.5014e+05,362099,411,969,3368,0.11795,1.216,-1.8283
1215.8,1977.7,690,-45.016,-710.25,-2314.9,6.0526e+05,408165,1,-3416,-9578.1,-8917.6,-7002.2,-18049,-15329,-334.58,-908.37,-807.53,28184,342469,411,943,3360,-1.6962,1.2272,-0.67229
1116.2,1830.2,685.87,-48.096,-704.05,-2137.3,6.1022e+05,408167,1,-3647.7,-10926,-10897,-7419.3,-19847,-17742,-623.33,-1324.5,-857.43,31907,344162,411,949,3361,-1.7003,1.2272,-0.66187
1187.1,1973.4,704.77,-42.178,-725.05,-2296.2,5.8984e+05,409555,1,-2741.6,-10400,-12195,-6024.2,-19301,-20158,-477.71,-494.82,325.15,32866,344584,411,949,3361,-1.7113,1.216,-0.6541
230.47,1067.2,-2522.6,22.941,2555,-1013.6,5.8748e+05,409733,1,12812,18586,881.82,24879,36716,-415.88,-4691,-5610.3,-5343,50592,349993,411,961,3366,-1.8021,1.216,0.32981
1318.5,3366.6,-2218,442.07,2322.2,-3521.9,5.9957e+05,408353,1,29321,33668,30817,39663,40256,60749,37114,38520,51979,1.2406e+05,360016,411,961,3366,-1.7884,1.2272,0.36144
1711.4,3976.2,-1227.2,621.26,1351.9,-4246.4,6.0036e+05,408355,1,28093,32075,29248,18561,20720,21865,57278,52726,1.0073e+05,1.4189e+05,361462,411,961,3366,-1.7861,1.2272,0.37241
1373.3,3801.7,-1233.5,767.84,1389.4,-3916.7,6.0347e+05,409743,1,32688,34750,41784,13678,22330,-5843.1,75096,59529,1.5971e+05,1.9857e+05,364879,411,961,3366,-1.7912,1.216,0.38494
868.39,1138.4,982.9,-150.07,-1557.8,-752.86,4.7433e+05,410531,1,-1.9152e+05,7821.9,-7588.1,-31515,2485.4,-442.46,4363.1,762.54,790.8,1.9447e+05,364717,411,969,3368,0.11843,1.2048,-1.8357
1056.9,1773.6,711.65,-51.915,-728.35,-2058.2,5.9285e+05,409557,1,-3285.5,-11172,-12365,-6701.5,-20054,-20038,-727.97,-1036.2,-33.592,33745,344977,411,949,3361,-1.7153,1.216,-0.64359
1251,2130.7,706.95,-20.191,-733.4,-2463,5.6859e+05,410947,1,-2061.4,-7878.6,-9278.7,-4583.4,-15197,-16243,-79.97,288.94,761.4,25863,341384,411,949,3361,-1.7222,1.2048,-0.6462
177.48,1030.7,-2484.3,64.256,2520.2,-953.87,5.8704e+05,409731,1,16423,25440,-4482.4,32149,51688,-15700,-7110,-9704.6,-3799,71048,353831,411,960,3365,-1.8041,1.216,0.31875
-143.18,305.56,-2052.4,-2.8465,2072.6,-175.27,5.9616e+05,411119,1,12610,17788,4048.3,31012,46259,376.92,-16712,-24042,-4452.3,66863,353117,411,960,3365,-1.8134,1.2048,0.30892
708.8,3064,-1989.4,749.34,2154.7,-2940.1,6.039e+05,411133,1,20743,15882,45505,27109,32985,23790,45925,17743,1.5572e+05,1.7837e+05,363901,411,961,3366,-1.7984,1.2048,0.3865
893.06,1173.7,990.13,-144.56,-1593.1,-772.3,4.7282e+05,411925,1,-1.9398e+05,-3959.6,-15485,-32462,-2632.2,-3858.5,5513,-710.04,-98.58,1.9746e+05,364837,411,969,3368,0.1189,1.1935,-1.843
1128.1,1917.2,720.96,-43.561,-739.96,-2217.8,5.7262e+05,410949,1,-2868.9,-10161,-11457,-5713.6,-18747,-19972,148.6,753.38,1024,32052,344222,411,957,3363,-1.7262,1.2048,-0.63562
1183.2,2039.1,724.39,-34.616,-745.51,-2350.7,5.5247e+05,412345,1,-2132,-8692.4,-10686,-4553.7,-16745,-19330,297.12,638.28,378.21,29490,343094,411,957,3363,-1.737,1.1935,-0.62751
-611.83,-524.27,-1845.3,-22.221,1858.2,775.05,6.0183e+05,411115,1,31359,44052,12308,72926,1.0543e+05,16313,-17893,-24815,-9291.7,1.4421e+05,361655,411,953,3362,-1.817,1.2048,0.28664
-514.98,-495.99,-1342.4,-17.644,1351.7,696.98,5.8689e+05,412509,1,623.34,-4127.9,21072,5968.3,387.13,36254,-22253,-31532,-10563,58417,351583,411,953,3362,-1.8243,1.1935,0.28779
-370.69,-94.77,-1970.9,-12.829,1987.5,283.95,5.9899e+05,411117,1,27004,36305,16608,62110,86310,27062,-16540,-23340,-6584.9,1.2339e+05,359959,411,960,3365,-1.8152,1.2048,0.29779
856.26,2739.1,-1814.2,463.41,1926.2,-2757.2,6.0265e+05,412527,1,6257.5,2380.3,21319,16350,15499,28834,21740,4440.5,86219,98815,357550,411,961,3366,-1.8056,1.1935,0.38804
-2746.2,664.6,1132.4,-758.47,-914.21,2802.6,5.2166e+05,413321,1,-3.3751e+05,-20245,-36556,-51415,-6498.6,-7759.6,-17968,-2743.6,-3122.9,3.4459e+05,367439,411,969,3368,0.13072,1.1821,-1.8495
1054,1797.9,717.88,-59.992,-730.38,-2078.9,5.5955e+05,412347,1,-2756.6,-10231,-11992,-5519.4,-19530,-22133,300.2,47.069,-772.22,32851,344577,411,965,3367,-1.7408,1.1935,-0.61684
1223.1,2149.2,721.14,-19.832,-745.74,-2465.5,5.4155e+05,413745,1,-2178.7,-8124.7,-9433,-5345.8,-17528,-18500,-82.65,165.39,530.18,28950,342842,411,965,3367,-1.7477,1.1821,-0.61928
-469.91,-520.34,-837.91,1.5677,845.45,692.01,5.8227e+05,413907,1,3468.6,596.56,19592,9574,6103.1,35815,-23748,-33094,-15429,60870,352057,411,994,3377,-1.8315,1.1821,0.28893
954.84,2621.9,-1053.2,431.49,1151.1,-2717.4,6.0157e+05,413927,1,7085,3623.9,20938,15575,21438,7385.5,29510,13851,91703,1.0359e+05,358112,411,961,3366,-1.8103,1.1821,0.40069
-2088.2,784.2,1165.6,-691.3,-1086,2162.6,5.1936e+05,414723,1,-3.3748e+05,-43073,-51118,-59741,-4415,-7053.2,-20112,-1234.9,-2313.1,3.4988e+05,367469,411,969,3368,0.13123,1.1707,-1.8567
1235.7,2225.4,719.35,-3.1343,-747.93,-2537.2,5.5364e+05,415149,1,-652.54,-5337.7,-8413.5,-2896.4,-13068,-16853,394.61,705.93,193.65,23740,340007,411,965,3367,-1.7582,1.1707,-0.61091
1105.2,1903.6,719.05,-55.989,-732.15,-2196.1,5.492e+05,413747,1,-2328.9,-9745.7,-12254,-5157.9,-20618,-25217,109.26,-916.97,-2124.8,36654,346126,411,965,3367,-1.7514,1.1821,-0.60854
336.91,-37.356,3509.6,-421.94,-3497.4,-149.73,4.748e+05,413843,1,1169.5,5321.7,58484,8434.1,18041,83423,89425,1.3345e+05,-1.057e+05,2.186e+05,365628,411,971,3369,-1.8527,1.1821,-0.07393
807.42,719.43,1770.4,-359.66,-1759.3,-1039,4.5325e+05,415245,1,-18605,-26638,44829,-37554,-54427,82394,59850,88988,-93937,1.8588e+05,364278,411,971,3369,-1.8599,1.1707,-0.074218
844.98,795.69,2089.9,-343.79,-2081,-1125.3,4.3303e+05,413845,1,-6517.2,-9509.5,13917,-12516,-18428,24745,51566,74186,-1.2383e+05,1.579e+05,362636,411,971,3369,-1.8531,1.1821,-0.062561
1328.4,1876,441.45,-135.61,-438.4,-2295.3,4.0301e+05,415249,1,-12430,-19537,2538.5,-35263,-55469,10019,21907,33495,-27708,85632,355908,411,959,3364,-1.8606,1.1707,-0.051389
-270.95,-196.47,-591.8,40.632,603.06,311.3,5.3092e+05,415311,1,3092.8,-648.57,21405,20658,22501,39163,-22216,-28878,-23403,68357,353383,411,994,3377,-1.8368,1.1707,0.30133
1135.4,2145.5,-909.69,37.469,932.27,-2418.5,5.9718e+05,415329,1,-1058,-1421.4,-744.46,9844,12995,6379.5,11587,5016.8,36899,42792,348084,411,961,3366,-1.8174,1.1707,0.40225
-684.07,1022.7,1139.5,-467.67,-1400.4,795.17,5.12e+05,416129,1,-2.7714e+05,-93951,-78298,-67265,-13325,-13181,-9885,-1116.4,-1461,3.1103e+05,367213,411,969,3368,0.13174,1.1593,-1.8638
1132.4,2013.2,716.98,-31.182,-736.43,-2303.5,5.5305e+05,415151,1,-873.12,-6737.7,-10618,-3399.6,-16629,-22533,430.56,-539.96,-2359.4,30996,343750,411,965,3367,-1.762,1.1707,-0.60011
1099.2,1991.8,671.04,-16.413,-692.14,-2268.6,5.7547e+05,416559,1,831.78,-3628.4,-9630.3,558.63,-9072.1,-19531,1793,461.39,-4506.2,24380,340442,411,965,3367,-1.7724,1.1593,-0.59155
730.16,566.9,1823.2,-392.19,-1809.2,-866.81,4.7457e+05,416649,1,-16144,-22704,42799,-28773,-39909,85512,37533,50890,-1.2637e+05,1.7975e+05,363975,411,971,3369,-1.8665,1.1593,-0.085957
1291.1,1853.1,411.9,-113.57,-409.9,-2256,4.0568e+05,415251,1,-11896,-19092,-6246.1,-33044,-53001,-13162,-1939.1,-2845.1,6713.7,68383,353392,411,972,3370,-1.8609,1.1707,-0.039971
1165.6,1636.7,443.85,-120.9,-442.31,-2006,4.1245e+05,415253,1,-17264,-27657,-12461,-36451,-58309,-20759,-9463.8,-15099,-3317.7,81892,355443,411,972,3370,-1.8611,1.1707,-0.028552
1024.6,1378.9,430.39,-136.47,-429.34,-1712.8,4.2452e+05,415255,1,-19097,-30430,-12237,-36157,-57669,-22902,-10517,-16667,558.11,83586,355663,411,972,3370,-1.8613,1.1707,-0.017132
886.32,1072.8,427.35,-180.18,-426.89,-1380,4.3325e+05,415257,1,-18579,-29573,-10556,-35714,-56951,-20436,-7413.5,-11786,-679.14,80387,355251,411,972,3370,-1.8613,1.1707,-0.005711
1198.4,1848.8,549.45,-42.149,-549.56,-2202.8,4.3833e+05,416665,1,-10201,-16323,-8710,-24636,-39431,-20139,-2987.4,-4787,-576.97,55190,350947,411,977,3371,-1.8685,1.1593,0.005732
-218.78,-774,-214.55,-254.11,181.32,771.71,4.5157e+05,416717,1,-7890.5,-17193,17354,-2471.3,-16472,46773,-13719,-12757,-34607,68357,353384,411,994,3377,-1.8438,1.1593,0.30248
1109.1,2245.2,-555.1,159.98,596,-2489.6,5.9549e+05,416737,1,-426.18,-2523.5,4942.4,4085.4,5514.9,2641.2,12101,2665.1,44980,47559,349304,411,961,3366,-1.8218,1.1593,0.41498
853.39,2378.9,-647.98,440.38,744.04,-2461.7,6.0045e+05,415331,1,13046,11832,22546,6551.9,8728.1,4245.6,49744,42483,96015,1.2022e+05,359697,411,961,3366,-1.8149,1.1707,0.41339
-3128.2,-203.96,908.92,-1083.9,24.506,3078.7,5.4614e+05,417537,1,-3.1469e+05,-1.1111e+05,-92199,-1.0466e+05,-30568,-26625,-58588,-17966,-15680,3.6942e+05,367573,411,989,3374,0.14371,1.1478,-1.8701
1024.9,1847.5,575.57,-19.137,-591.66,-2108.3,5.8706e+05,417971,1,1311.8,-2540,-9012.3,2688.7,-4638.9,-17358,2630.1,1091.1,-5895.6,21501,338510,411,965,3367,-1.7827,1.1478,-0.58287
1000.6,1076.8,1528.8,-350.49,-1516.2,-1440.9,4.6038e+05,418059,1,-12443,-18109,26929,-23733,-33744,63630,9292,5346.6,-1.2707e+05,1.5238e+05,362256,411,971,3369,-1.8736,1.1478,-0.086283
1076.3,1529.8,562.74,-103.59,-563.56,-1867.4,4.399e+05,416667,1,-14619,-23359,-9076.7,-31590,-50528,-19259,-3870.4,-6180.8,-828.91,69408,353557,411,977,3371,-1.8684,1.1593,0.017197
949.99,1226.1,536.09,-153.75,-538.14,-1542.7,4.4423e+05,416669,1,-17680,-28164,-10764,-35184,-56119,-22209,-4401.6,-7002.7,-2218.1,78584,354984,411,978,3372,-1.8683,1.1593,0.028661
798.33,921.93,487.17,-183.29,-490.6,-1204.3,4.487e+05,416671,1,-18594,-29382,-15534,-35224,-55787,-28516,-4872.4,-7640.6,-5364.7,82020,355462,411,978,3372,-1.8681,1.1593,0.040124
1195,1867.7,563.6,-33.866,-564.31,-2216.8,4.5295e+05,418081,1,-9916.3,-15781,-9118.4,-23682,-37760,-20185,-1649.6,-2642.7,-778.81,53244,350579,411,978,3372,-1.8751,1.1478,0.040276
250.71,151.64,-116.59,-147.97,97.089,-261,4.6508e+05,418127,1,-14609,-26233,10273,-21973,-42833,28544,-9144.8,-6526.9,-31174,72370,354039,411,994,3377,-1.8508,1.1478,0.30363
1206.6,2274.4,225.35,244.44,-181.42,-2566.5,5.9762e+05,416739,1,15194,18875,13276,3514.6,7351,-4776.1,48017,51355,64801,99974,357680,411,961,3366,-1.8192,1.1593,0.42615
1197.7,2009.8,440.61,143.81,-420.37,-2338.9,5.9634e+05,418151,1,10328,13033,8673.6,4837,10049,-6244,32586,32682,49589,71443,353885,411,961,3366,-1.8235,1.1478,0.43896
-82.715,1629.3,1351.3,-317.04,-2074.8,287.26,5.4788e+05,418951,1,-3.3625e+05,-1.3912e+05,-1.1098e+05,-1.0516e+05,-76147,-54619,-26167,-25236,-17495,4.0768e+05,367716,411,989,3374,0.14425,1.1362,-1.877
1066.2,1908.7,569.42,-32.877,-581.64,-2182.8,5.9068e+05,419385,1,837.05,-3102.4,-8579.8,2024.7,-5629.8,-17093,1796.4,-594.69,-6647.2,21440,338453,411,965,3367,-1.7894,1.1362,-0.58504
1167.7,1437.7,1831.2,-327.91,-1819.7,-1834.4,4.6657e+05,419473,1,-6292.8,-10208,1987.6,-13916,-21529,19758,-14622,-35858,-1.5078e+05,1.5946e+05,362756,411,999,3378,-1.8806,1.1362,-0.086605
1076.1,1557.9,581.38,-90.652,-583.68,-1890.6,4.5303e+05,418083,1,-12671,-20264,-8268.8,-27867,-44568,-19358,-2496,-4018.9,-238.68,61641,352203,411,978,3372,-1.8749,1.1478,0.051781
1233.7,1999.3,552.54,-6.5823,-552.96,-2349.2,4.6668e+05,419499,1,-6192.8,-9881.6,-5510.1,-16707,-26774,-13131,219.96,391.56,-359.06,36539,346090,411,982,3373,-1.8815,1.1362,0.06352
947.97,1223.3,573.18,-153.11,-577.82,-1538.3,4.549e+05,418085,1,-16231,-25747,-12652,-33764,-53546,-28357,-3924.6,-6109.8,-4183.5,77252,354762,411,982,3373,-1.8745,1.1478,0.063284
611.5,582.38,-8.3004,-216.85,-21.966,-815.89,4.5375e+05,419541,1,-14576,-26346,9344.5,-23946,-46527,27144,-9395.6,-10115,-19724,71053,353833,411,994,3377,-1.8577,1.1362,0.30476
1284,1987,1050.3,189,-1033.5,-2365.6,5.972e+05,418153,1,13405,19305,4967.5,6760,12224,-3713.1,31312,31575,46100,69919,353643,411,1007,3382,-1.8208,1.1478,0.45014
961.56,1702.5,499.69,183.25,-472.11,-1953.6,5.977e+05,419567,1,9125.4,16496,-4811.3,5448.2,10787,-5312.3,20865,16169,43104,55745,351072,411,1007,3382,-1.8276,1.1362,0.45182
-2991.4,880.59,1336.1,-906.49,-1084.2,3084.1,5.6969e+05,420365,1,-2.9143e+05,-1.2594e+05,-99238,-1.4252e+05,-79644,-59418,-74410,-25953,-21938,3.8408e+05,367633,411,989,3374,0.15634,1.1247,-1.883
1122.7,2024.8,594.3,-40.025,-605.61,-2312,5.9479e+05,420801,1,275.73,-3686.1,-7919,536.71,-8452.4,-17846,906.46,-1505.8,-5675.4,22403,339116,411,1005,3380,-1.796,1.1247,-0.5872
1257.4,1637.1,2381.8,-336.19,-2370.4,-2050,4.7741e+05,420889,1,2304.9,3825.9,-1712.4,3387.2,6068.8,3914.9,18126,15299,-1.9493e+05,1.9659e+05,364805,411,999,3378,-1.8875,1.1247,-0.086924
1155.4,1788.3,577.77,-44.603,-579.63,-2128.2,4.6511e+05,419501,1,-9394.7,-14920,-8451.3,-23471,-37186,-22738,-1114.4,-1911.1,1494.7,53293,350587,411,982,3373,-1.8811,1.1362,0.075064
1030,1452.8,586.02,-107.09,-590.7,-1776.1,4.6945e+05,419503,1,-13354,-21209,-10895,-29496,-46960,-23278,-3283.4,-5223.5,-2133,66382,353029,411,982,3373,-1.8806,1.1362,0.086604
1182.2,1902.9,568.69,-15.741,-569.96,-2239.8,4.8236e+05,420921,1,-9034,-14243,-9274,-23424,-37168,-21521,-873.95,-1390.1,-660.57,52602,350436,411,992,3375,-1.8869,1.1247,0.098504
927.33,1137.3,448.52,-148.47,-471.55,-1452.6,4.3489e+05,420953,1,-15771,-28823,10761,-36711,-67766,27479,1519.7,5342.9,-11469,89736,356422,411,994,3377,-1.8682,1.1247,0.28298
354.34,-107.59,584.45,-280.6,-625.59,-92.79,4.517e+05,419537,1,-16741,-31739,17221,-29869,-58844,39210,320.59,6874,-25455,90397,356516,411,994,3377,-1.8613,1.1362,0.28194
502.16,258.44,275.66,-254.35,-312.38,-482.35,4.5124e+05,419539,1,-15248,-28506,13674,-26091,-51704,34351,-4400.6,-701.54,-25280,80157,355198,411,994,3377,-1.8596,1.1362,0.29336
763.25,1646.3,538.58,316.4,-483.73,-1802.4,5.9882e+05,420983,1,4978.4,12728,-11608,3055.1,15527,-26043,8605.8,-11351,62505,73212,354178,411,1007,3382,-1.8343,1.1247,0.45349
-3390.5,997.84,682.04,-340.6,-760.74,3501.6,5.885e+05,421781,1,-1.0903e+05,-1.2771e+05,-84735,-1.4759e+05,-43047,-38932,-96612,2646.8,-7278.8,2.6443e+05,366639,411,989,3374,0.1685,1.1131,-1.8889
1104.6,1990.6,566.93,-48.78,-574.31,-2274.1,5.9612e+05,422221,1,-408.86,-4599.3,-7585.5,-1635.8,-11695,-17391,-155.74,-3000.8,-5305.2,23621,339933,411,1005,3380,-1.8061,1.1131,-0.57826
1210.2,1588,1927.1,-315.22,-1916.1,-1982.2,4.733e+05,422307,1,-533.98,-336.19,6657.7,-7015.6,-9699.6,29234,26961,34678,-1.4483e+05,1.5475e+05,362432,411,999,3378,-1.8944,1.1131,-0.08724
1086.9,1645.9,597.91,-60.588,-601.69,-1970.3,4.8345e+05,420923,1,-11421,-18136,-9319.9,-26069,-41399,-21639,-2969.3,-4935,141.85,58661,351637,411,992,3375,-1.8863,1.1247,0.11008
953.45,1292.2,606.01,-123.15,-613.77,-1598.2,4.8599e+05,420925,1,-13410,-21635,-7729,-31269,-50312,-19934,-2467.4,-4076.1,-92.143,68094,353331,411,993,3376,-1.8856,1.1247,0.12165
807.15,929.77,578.98,-181.24,-591.04,-1212,4.8962e+05,420927,1,-19017,-30391,-11906,-37997,-60747,-24361,-5956.1,-9585.8,-2763.9,85379,355879,411,993,3376,-1.8848,1.1247,0.13322
1168.6,1906.5,579.07,-5.057,-580.45,-2235.8,4.949e+05,422345,1,-7232.3,-11698,-4266.1,-19787,-32232,-9946.8,212.83,392.92,-199.88,41676,347795,411,993,3376,-1.8917,1.1131,0.1337
596.44,288.88,715.43,-287.72,-748.89,-554.45,4.5334e+05,420943,1,-28463,-46139,-5834.6,-52380,-85404,-9237.7,-5076,-6602.9,-8758.1,1.1507e+05,359248,411,994,3377,-1.876,1.1247,0.22554
513.83,178.67,590.03,-283.05,-624.18,-417.56,4.5245e+05,420945,1,-29301,-49804,4634.5,-59195,-1.0068e+05,8900.5,-100.49,-616.08,2129.7,1.3071e+05,360570,411,994,3377,-1.8746,1.1247,0.23705
1146.8,1795.7,564.17,-14.931,-568.73,-2129.4,4.524e+05,422361,1,-10872,-18558,1453.3,-29809,-51064,4743.5,2621.3,5197.7,-3898.1,63501,352496,411,994,3377,-1.8828,1.1131,0.22636
572.09,298.28,632.32,-263.29,-666.35,-550.22,4.4931e+05,420947,1,-28699,-50483,12447,-57555,-1.0119e+05,24044,3589.8,5330.3,2948.2,1.3307e+05,360744,411,994,3377,-1.8731,1.1247,0.24855
712.4,555.81,668.75,-242.98,-702.41,-843.36,4.4205e+05,420949,1,-22288,-40499,15093,-49003,-87936,27779,6497.3,11020,-877.07,1.1591e+05,359316,411,994,3377,-1.8715,1.1247,0.26004
826.14,842.14,575.58,-200.74,-604.99,-1147.5,4.368e+05,420951,1,-17954,-32675,11973,-41149,-75913,31315,4870.3,10544,-10304,1.0105e+05,357802,411,994,3377,-1.8699,1.1247,0.27151
540.8,1205.9,862.33,336.14,-810.3,-1311.8,5.9847e+05,422401,1,4293.3,16037,-22036,12176,36949,-41074,-2783.7,-34354,72232,1.0182e+05,357887,411,1007,3382,-1.841,1.1131,0.45514
-1836.5,640.05,98.742,94.238,-355.17,1912.3,6.0578e+05,423203,1,-58587,-72529,-47231,-1.0421e+05,77927,35585,-65886,47423,21528,1.902e+05,364512,411,989,3374,0.1691,1.1014,-1.8956
646.25,1448.1,861.17,13.855,-1734.4,-497.95,5.8331e+05,423213,1,-5139,16796,9438.8,-6293.4,-227.84,-532.4,-7410.2,3289.9,1463.9,22482,339174,411,1046,3391,0.11088,1.1014,-1.8999
661.75,1408,949.3,-85.396,-1740.8,-532.76,5.431e+05,423215,1,-16529,18532,9937.4,4210.1,-8121.8,-4483.6,-2949.1,274.72,-21.645,28775,342756,411,1020,3385,0.099216,1.1014,-1.9006
1019.7,1355.4,929.98,-84.551,-1705.3,-909.06,5.2509e+05,423217,1,-27167,20631,10694,1871.6,-4048.4,-2247,1616.4,-1284.1,-678.17,36162,345946,411,1020,3385,0.087552,1.1014,-1.9012
1103,2018.7,573.37,-48.239,-580.67,-2298,5.9929e+05,423645,1,-792.87,-5228.9,-7584.7,-3248.5,-14743,-18132,-821.5,-3420.4,-4004.5,25896,341400,411,1005,3380,-1.8161,1.1014,-0.5692
1244.1,1949.6,1031.3,-140.14,-1026.5,-2310.6,4.7039e+05,423729,1,-1712.6,-2454.3,5707.3,-11991,-18446,27460,31932,48117,-85837,1.0946e+05,358713,411,999,3378,-1.9012,1.1014,-0.087552
1127.9,1797.1,591.99,-21.125,-594.69,-2120.9,4.9692e+05,422347,1,-9887.4,-16251,-3403.2,-25428,-41748,-9237.2,-615.82,-1169.4,1102.3,53397,350609,411,993,3376,-1.8908,1.1131,0.14531
1072,1646.8,603.54,-44.677,-608.28,-1963,4.9436e+05,422349,1,-11670,-19159,-4009.7,-28821,-47344,-9828.4,-569.45,-1058.8,816.67,60746,352033,411,993,3376,-1.8899,1.1131,0.15691
1027.9,1518.1,616.25,-67.341,-623.25,-1829.7,4.8896e+05,422351,1,-12412,-20745,-1631.2,-29826,-49865,-4044.6,311.61,435.07,795.74,63091,352442,411,993,3376,-1.8889,1.1131,0.1685
1009.6,1466.2,617.23,-74.043,-625.39,-1775.8,4.8456e+05,422353,1,-16843,-28758,2088.1,-38858,-66092,3089.7,2509.8,3766.5,2961.9,83857,355691,411,1000,3379,-1.8878,1.1131,0.18009
1030,1506.7,621.56,-66.898,-629.79,-1821.1,4.7779e+05,422355,1,-11734,-20396,3368.1,-29615,-51173,6566.5,4239.3,7155.5,53.749,64599,352707,411,1000,3379,-1.8867,1.1131,0.19167
1072.7,1598.4,618.16,-53.551,-625.79,-1921.7,4.6779e+05,422357,1,-13216,-23412,6279.1,-34492,-60536,13204,5742.3,9977.4,-1610.8,76980,354721,411,994,3377,-1.8855,1.1131,0.20324
1113.6,1700.1,593.96,-35.659,-600.31,-2030.2,4.5873e+05,422359,1,-8631.2,-15221,3551.2,-24353,-42870,9472.9,4360.6,7821.1,-2424.2,54088,350727,411,994,3377,-1.8842,1.1131,0.2148
260.86,490.28,1611.8,361.2,-1571,-554.7,5.9813e+05,423823,1,4608.5,17777,-24416,6289.3,46246,-86214,2990.2,-33907,93960,1.4329e+05,361581,411,1007,3382,-1.8475,1.1014,0.45677
-165.97,-417.25,-260.06,6.4051,508.27,104.37,6.074e+05,424631,1,-44579,-2710.2,-5376.4,-65517,54882,26085,-41144,28588,12985,1.1264e+05,359015,411,989,3374,0.15803,1.0897,-1.9033
321.29,1082.7,639.32,0.36729,-1282.6,-197.87,5.9884e+05,424637,1,-6314.8,16414,8968.1,-21427,8072.9,3242.6,-12717,5396.3,2266.1,33474,344849,411,1046,3391,0.12296,1.0897,-1.9059
259.6,813.27,476.17,6.3726,-964.66,-157.9,6.0567e+05,424635,1,-11576,18351,9655.9,-28712,19630,9211.2,-18338,11030,5008.6,48390,349495,411,989,3374,0.13466,1.0897,-1.9051
1045.1,1369.4,911.88,-76.562,-1701.9,-947.06,5.1308e+05,424645,1,-40013,18991,9268.8,669.41,-626.31,-323.82,4214.4,-780.27,-282.25,45464,348796,411,1020,3385,0.076153,1.0897,-1.9084
1105.9,2071.7,590.15,-41.971,-599.22,-2345.7,6.0261e+05,425073,1,-852.71,-5547.8,-8042.6,-3508.3,-15410,-18588,-945.27,-3306.5,-3381.9,26735,341795,411,1005,3380,-1.8259,1.0897,-0.56002
1115.9,1363,2722.3,-404.63,-2706.8,-1738.8,5.1329e+05,423727,1,-5516.3,-7524.5,21251,-17601,-26533,43839,65993,99339,-1.6218e+05,2.0824e+05,365250,411,999,3378,-1.9006,1.1014,-0.099216
1179.7,1953.5,777.1,-90.38,-773.8,-2281.4,4.8903e+05,425153,1,-2624.4,-3307.7,13436,-12915,-18715,40925,45350,70960,-85443,1.2955e+05,360486,411,999,3378,-1.9073,1.0897,-0.099566
330.1,1058.2,747.45,397.61,-680.84,-1079.8,5.9821e+05,425247,1,2897,19686,-36012,2927.9,43899,-94047,7406.4,-23393,86896,1.4362e+05,361607,411,1007,3382,-1.8569,1.0897,0.447
-278.59,165.47,34.848,32.228,-127.04,298.38,6.0906e+05,426063,1,-19876,21277,10503,-60463,17182,5025,-37292,11778,3777.8,80486,355260,411,989,3374,0.14685,1.078,-1.9109
-479.48,-763.8,-511.27,35.078,970.33,363.21,6.0802e+05,426061,1,-18869,19210,9249,-90652,25698,6899.8,-52599,17142,5268.1,1.1325e+05,359074,411,989,3374,0.15858,1.078,-1.91
1349.1,1402.6,860.45,-22.287,-1712.5,-1262.7,4.7834e+05,426077,1,-27586,5259.6,1983.9,-3789.4,766.19,297.26,2224.9,453.06,331.91,28511,342619,411,1020,3385,0.064667,1.078,-1.9155
1108.6,2130.9,603.08,-31.941,-614.67,-2398.9,6.0559e+05,426505,1,-646.11,-5320.2,-8300.7,-3205.7,-15054,-18859,-589.12,-2322.1,-2610.8,26510,341685,411,1012,3383,-1.8357,1.078,-0.55072
926.96,1009.7,2162.3,-412.81,-2144.2,-1336.6,5.3172e+05,425151,1,-8000,-10835,30477,-21334,-30435,69367,71231,1.1385e+05,-1.0325e+05,1.8974e+05,364484,411,1006,3381,-1.9067,1.0897,-0.11127
1145.4,1963.8,611.31,-64.972,-608.8,-2273.2,4.8296e+05,426581,1,-8336.1,-12881,17417,-26180,-41539,45087,37596,61685,-43908,1.1013e+05,358786,411,1006,3381,-1.9133,1.078,-0.11166
-18.282,299.46,1135.5,393.93,-1077.8,-250.05,5.9792e+05,426677,1,700.07,15752,-35372,566.29,40571,-95124,10358,-13189,74552,1.3429e+05,360847,411,1007,3382,-1.8633,1.078,0.44855
1307.7,1394.6,858.89,-35.963,-1703.4,-1220.5,4.7431e+05,427511,1,-32180,-1441.1,-1925,-6237.6,-1062.3,-801.72,1446.5,345.29,237.72,32929,344611,411,1020,3385,0.064889,1.0662,-1.922
1089.6,2140.1,600.81,-24.635,-613.62,-2398.1,6.109e+05,427941,1,83.467,-4560.5,-9318.4,-1362.2,-12780,-20638,-62.375,-1286.2,-2345.9,26569,341715,411,1086,3413,-1.8454,1.0662,-0.54129
815.94,867.88,1519.5,-369.5,-1501.1,-1156.7,5.2616e+05,426579,1,-17683,-27275,35087,-43040,-66398,87871,67911,1.0759e+05,-1.0832e+05,2.1021e+05,365315,411,1013,3384,-1.9126,1.078,-0.12339
1154.8,2061.5,523.68,-37.765,-522.39,-2362.9,4.6858e+05,428013,1,-8273.4,-12600,18634,-25280,-38971,53291,25561,40321,-45476,99597,357639,411,1013,3384,-1.9191,1.0662,-0.12382
379.68,764.77,628.25,172.82,-605.96,-852.46,5.9313e+05,428109,1,-5154.3,9417,-44881,-2752.1,28370,-80458,6059.1,-5148.5,38058,1.0453e+05,358215,411,1007,3382,-1.8724,1.0662,0.43861
1394.1,1435.4,849.83,-15.814,-1740.1,-1302.9,4.7032e+05,428947,1,-32325,-4322.9,-3531,-7493.7,-1914.8,-1316.2,2199.2,234.94,205.17,33802,344999,411,1020,3385,0.065108,1.0544,-1.9285
950.6,1834.2,571.5,-47.589,-577.04,-2063.8,6.1401e+05,427943,1,1.0344,-6190.1,-12484,-1274.1,-14699,-25140,-285.56,-2172.1,-3404.7,32562,344458,411,1086,3413,-1.8487,1.0662,-0.52996
1051.4,2098.3,581.49,-21.439,-593.94,-2343.8,6.136e+05,429379,1,412.88,-4059.5,-9523.9,-401.34,-11221,-20917,500.74,-103.84,-1958.7,25982,341437,411,1086,3413,-1.8549,1.0544,-0.53175
630.41,531.85,1318.1,-392.01,-1293.1,-769.43,5.216e+05,429443,1,-26138,-41920,36660,-53137,-86938,65109,41136,69332,-36774,1.6204e+05,362941,411,1027,3386,-1.923,1.0544,-0.15966
76.433,-765.25,1723.7,-553.21,-1690.4,631.67,5.4972e+05,428009,1,-19445,-30679,32784,-20505,-28411,68584,52777,86814,-57325,1.481e+05,361931,411,1027,3386,-1.9175,1.0662,-0.14736
841.98,1021.5,1101.9,-307.23,-1085,-1301.9,5.0268e+05,428011,1,-14495,-21466,35177,-26409,-38853,68602,47911,81107,-36719,1.38e+05,361150,411,1013,3384,-1.9183,1.0662,-0.13559
313.9,465.87,678.24,90.928,-673.67,-559.89,5.8812e+05,429545,1,-8281.9,1489.2,-39057,-13960,6698.2,-75753,8142.7,3491.6,26328,91358,356632,411,1007,3382,-1.8788,1.0544,0.44009
904.86,1336.4,895.46,-122.46,-1657,-803.71,5.0488e+05,430383,1,-38895,-13781,-8957.7,-10933,-5902.8,-3615.1,-1756.4,-872.4,-559.66,44211,348483,411,1020,3385,0.077197,1.0425,-1.9345
1101.4,2239.1,577.68,-10.861,-592.75,-2491.7,5.9986e+05,430817,1,672.69,-3024.6,-8340.9,358.85,-8452.9,-17954,752.21,205.77,-2230.1,21878,338754,411,1086,3413,-1.8611,1.0425,-0.53352
1137.7,2100.4,529.2,-41.026,-527.61,-2388.7,4.4e+05,430881,1,-15843,-26359,17785,-44329,-74687,44184,18319,31748,-12549,1.1072e+05,358830,411,1027,3386,-1.9294,1.0425,-0.16019
354.99,464.91,618.18,40.23,-622.79,-578.64,5.823e+05,430983,1,-8759.9,-1187,-34531,-17500,-1320.5,-71472,9264.5,7754.8,21185,85332,355871,411,1007,3382,-1.885,1.0425,0.44156
898.56,1359,861.34,-86.62,-1668.4,-777.81,5.2838e+05,431823,1,-16956,-21689,-12266,-9044.6,-9773.1,-5605.9,-5075.8,-1183.3,-873.72,33839,345008,411,1020,3385,0.089358,1.0306,-1.9404
988.18,2004.6,542.52,-16.267,-554.51,-2231.9,6.1472e+05,430819,1,1003.2,-4076.9,-11752,1046.6,-10184,-24129,976.74,394.2,-2689.2,29174,342944,411,1086,3413,-1.8643,1.0425,-0.5221
1038.6,2120.4,536.15,-17.395,-547.78,-2358.4,5.9556e+05,432261,1,1327.6,-2891.4,-10495,2366.1,-6838.1,-22022,1318.5,383.03,-3962.9,25984,341439,411,1086,3413,-1.8705,1.0306,-0.52381
903.74,1379.8,776.66,-199.14,-763.42,-1643.6,4.8189e+05,430879,1,-24959,-42607,20777,-65565,-1.1103e+05,60714,26670,44006,-31523,1.6378e+05,363069,411,1027,3386,-1.9284,1.0425,-0.17203
1097.6,2027.8,556.41,-61.464,-553.21,-2305.7,4.5772e+05,432319,1,-10889,-18146,12374,-33981,-57048,36380,15235,25647,-15921,86470,356000,411,1027,3386,-1.9336,1.0306,-0.18446
350.46,506.68,440.4,24.779,-444.53,-612.61,5.784e+05,432425,1,-6195.3,2131.7,-31401,-15041,-948.49,-61934,10739,14488,12043,74580,354366,411,1007,3382,-1.8912,1.0306,0.44301
-2344.7,-1654.8,-18.125,-905.65,1726.2,2106.3,5.6558e+05,431815,1,-1.2266e+05,-44078,-31409,-1.0858e+05,-5389.1,-10017,-66218,-15632,-12999,1.8626e+05,364302,411,1046,3391,0.13695,1.0306,-1.9376
1200.6,699.05,512.62,-55.97,-981.27,-1107.7,5.7265e+05,431817,1,-98188,-38947,-27444,-88325,-15938,-14263,-23250,-7446.4,-5464,1.4421e+05,361654,411,1046,3391,0.12506,1.0306,-1.9384
210.48,-169.73,445.01,-458.88,-84.194,-231.28,5.5262e+05,433259,1,-1.1653e+05,-1.0833e+05,-65151,-1.5045e+05,-83329,-54382,-65318,-36756,-24032,2.6132e+05,366589,411,1046,3391,0.13739,1.0187,-1.9439
1018.9,1173.1,698.81,-14.006,-1455.9,-884.74,5.7916e+05,431819,1,13271,-23604,-11795,-22754,-8253.9,-5746.3,-9739.6,-4948.3,-3212.5,40261,347340,411,1046,3391,0.11316,1.0306,-1.9391
901.22,1248.5,748.85,-33.946,-1526.5,-774.82,5.5847e+05,431821,1,4238.6,-24207,-12649,-5533.1,-10043,-5612.2,-5607.7,-4582,-2722.3,31412,343955,411,1046,3391,0.10126,1.0306,-1.9398
873.63,1802.6,476.27,-10.504,-487.23,-2000.5,6.1385e+05,432263,1,2129.1,-4506.9,-16895,3450.1,-8983.3,-30768,1697.4,1685.8,-2783.2,36920,346225,411,1086,3413,-1.8736,1.0306,-0.51232
935.1,1905.1,462.22,-24.867,-469.41,-2120.5,5.901e+05,433707,1,2551.1,-3229.9,-15787,5742,-5215.9,-31419,2895.4,1443,-7741.8,37201,346321,411,1086,3413,-1.8797,1.0187,-0.51398
825.84,1204.4,830.04,-235.39,-812.27,-1451.4,4.9588e+05,432317,1,-29080,-47606,35436,-73693,-1.208e+05,89248,27483,43982,-38173,1.9106e+05,364562,411,1027,3386,-1.9325,1.0306,-0.19632
1159,2277.8,476.74,-9.3772,-477.82,-2555.5,4.3131e+05,433761,1,-7351.4,-12177,8852.1,-23602,-39601,25973,10578,17159,-14606,60830,352047,411,1027,3386,-1.9387,1.0187,-0.19696
275.95,511.06,132.2,25.366,-129.75,-580.8,5.7616e+05,433869,1,-3997.1,5737.2,-30041,-13686,-578.16,-56693,14886,25680,4602.2,72494,354054,411,1007,3382,-1.8974,1.0187,0.44445
678.21,-741.72,297.72,-391.56,53.403,-970.87,5.3124e+05,433171,1,-27502,-62899,-44755,-74696,-1.3588e+05,-1.0201e+05,-39605,-71731,-53983,2.2537e+05,365813,411,1030,3387,0.65087,1.0187,-1.8368
1462.7,833.11,918.55,46.02,-1754,-773.86,5.6677e+05,434617,1,-12756,-28911,-20529,-43669,-63984,-50772,-19476,-27559,-22130,1.0783e+05,358546,411,1036,3388,0.65294,1.0067,-1.8427
1223.2,886.09,954.78,-32.983,-1695,-564.79,5.6432e+05,433173,1,-5909.4,-56092,-33377,-64070,-1.4652e+05,-1.0395e+05,-24758,-68494,-46796,2.1948e+05,365658,411,1030,3387,0.63959,1.0187,-1.8408
1101.9,1802.7,1278.9,77.056,-2468.5,8.4953,5.7881e+05,433175,1,20215,-35102,-12629,-40584,-98077,-68460,-10871,-42769,-27539,1.4303e+05,361547,411,1030,3387,0.62828,1.0187,-1.8447
815.86,2442.2,1431.7,156.73,-2886.7,567.31,5.848e+05,433177,1,37273,-43767,-11829,-23780,-1.2857e+05,-79405,3078.6,-54490,-29275,1.7516e+05,363716,411,1030,3387,0.61695,1.0187,-1.8485
129.01,3064.3,1335.2,330.45,-2993.8,1455,5.879e+05,433179,1,87145,-34013,9641.4,4542.7,-1.4665e+05,-79851,29197,-55067,-20998,2.0266e+05,365033,411,1030,3387,0.6056,1.0187,-1.8522
-1705.1,2877.2,793.55,202.33,-1798,2922.6,5.8743e+05,433181,1,1.1897e+05,-17752,28587,56001,-1.4703e+05,-63389,49017,-49474,-11618,2.2146e+05,365707,411,1030,3387,0.59422,1.0187,-1.8559
-931.81,3045.3,939.53,346.06,-2316.6,2353.4,5.9421e+05,434627,1,1.2176e+05,-44019,15246,28124,1797.6,9855,41791,-4544.6,10917,1.4062e+05,361353,411,1030,3387,0.59611,1.0067,-1.8618
345.6,-475.71,335.12,-491.31,216.89,-411.85,5.5675e+05,434703,1,-1.0054e+05,-1.088e+05,-63970,-1.5525e+05,-1.396e+05,-84007,-51290,-44833,-27117,2.8647e+05,366957,411,1046,3391,0.14979,1.0067,-1.9492
681.39,1448.8,350.98,7.5509,-362.29,-1598.5,6.0925e+05,433709,1,5751.4,-3647.3,-29035,11198,-2987.8,-48167,5256.4,7302,-4855.4,58722,351646,411,1086,3413,-1.8828,1.0187,-0.50244
748.09,1482.7,239.03,-18.596,-241.19,-1660.3,5.9222e+05,435155,1,6003.6,-3895.8,-30406,15139,1263.2,-54407,5985,3924.1,-14464,66536,353055,411,1086,3413,-1.8888,1.0067,-0.50404
666.53,789.23,1202.3,-341.96,-1173.9,-1008.8,5.2068e+05,433757,1,-28579,-45919,38131,-62355,-1.0128e+05,79150,32125,53942,-32557,1.726e+05,363579,411,1027,3386,-1.9362,1.0187,-0.22073
1065,1959.2,642.72,-91.82,-636.88,-2229.7,4.6562e+05,433759,1,-15416,-25198,19052,-46339,-75729,57613,24158,39925,-27910,1.2407e+05,360019,411,1027,3386,-1.9375,1.0187,-0.20885
867.7,1393.4,824.61,-215.52,-806.3,-1636.4,4.9407e+05,435201,1,-20687,-32942,29401,-56113,-89861,77848,24622,38356,-38512,1.5239e+05,362257,411,1047,3392,-1.9409,1.0067,-0.23335
-80.423,-259.15,308.13,13.151,-312.19,266.33,5.8062e+05,433871,1,-5158.1,3943,-30183,-17697,-4559.9,-63275,18158,28465,11905,81071,355338,411,1007,3382,-1.8946,1.0187,0.45608
-178.55,-224.19,-188.57,12.458,195.44,281.68,5.7987e+05,435317,1,-3870.5,6588.2,-30594,-13755,98.573,-57281,17661,32101,2637.3,76250,354620,411,1007,3382,-1.9006,1.0067,0.45753
152.65,-1459.2,-218.51,-438.85,1060.4,-939.82,5.0908e+05,434613,1,-45970,-58118,-48841,-78060,-1.1841e+05,-93832,-53714,-71960,-59354,2.1996e+05,365669,411,1036,3388,0.67551,1.0067,-1.8345
972.68,11.796,591.96,-190.33,-790.49,-797.22,5.1965e+05,436063,1,-31493,-33516,-29797,-48199,-68642,-54985,-26690,-34123,-28372,1.2547e+05,360144,411,1042,3389,0.67763,0.99467,-1.8403
951.41,-225.81,531,-259.97,-571.78,-918.49,5.2675e+05,434615,1,-38392,-50249,-41463,-65614,-96599,-76688,-30805,-49327,-38238,1.7344e+05,363624,411,1036,3388,0.66424,1.0067,-1.8386
100.96,2987.7,992.47,535.97,-2742.9,1452.9,5.9856e+05,436077,1,1.3481e+05,-39843,21642,13922,18467,14063,36456,1948.7,12641,1.4985e+05,362075,411,1051,3394,0.59799,0.99467,-1.8677
1134.8,636.06,589.78,-152.73,-990.64,-1017.6,5.586e+05,436151,1,-80439,-89294,-52337,-1.2373e+05,-1.4709e+05,-85389,-34656,-42413,-24535,2.55e+05,366461,411,1045,3390,0.16226,0.99467,-1.9543
230.09,551.88,2.6101,54.11,-15.112,-595.28,6.0862e+05,435157,1,12489,-3664.3,-55582,31243,9187.4,-1.0159e+05,17095,23479,-17661,1.2568e+05,360159,411,1086,3413,-1.8919,1.0067,-0.49244
303.11,419.91,-479.77,36.121,484.03,-512.63,6.0018e+05,436607,1,10459,-8530.6,-57569,34685,13483,-1.0675e+05,24434,22226,-49076,1.4063e+05,361354,411,1086,3413,-1.8978,0.99467,-0.49399
714.04,983,1053.9,-310.25,-1024.6,-1200.3,5.0337e+05,436647,1,-31379,-52305,33845,-71243,-1.1995e+05,72931,34448,54401,-48583,1.9014e+05,364508,411,1047,3392,-1.944,0.99467,-0.25796
373.97,69.614,1666,-483.8,-1622.2,-234.07,5.2251e+05,435199,1,-32904,-53996,38396,-73083,-1.2081e+05,82357,36598,60591,-41296,1.9725e+05,364828,411,1047,3392,-1.9395,1.0067,-0.24526
197.51,309.07,-393.18,-111.67,378.38,-365.36,5.3308e+05,436765,1,-11873,-3610.8,-42618,-9168.9,4059.3,-48117,-5646.2,6783.4,-39308,77519,354812,411,1078,3407,-1.9094,0.99467,0.44726
293.37,-984.14,33.909,-381.58,517.42,-801.51,5.0564e+05,436061,1,-44129,-53158,-45372,-65294,-1.0402e+05,-80930,-41536,-60368,-48387,1.902e+05,364511,411,1042,3389,0.68891,0.99467,-1.8361
1042.7,379.98,699.35,-88.29,-1144.8,-634.28,5.1631e+05,437513,1,-22175,-29604,-24199,-32796,-55951,-42316,-17643,-26904,-21068,97105,357335,411,1042,3389,0.69104,0.98262,-1.8418
875.59,2595.8,925.4,610.39,-2760.8,605.15,6.0124e+05,437529,1,1.3358e+05,-33033,25005,-15160,22872,6976.6,29150,4677.2,11745,1.4619e+05,361803,411,1051,3394,0.59984,0.98262,-1.8734
1380,1333.8,768.94,20.56,-1734.5,-1125,5.6628e+05,437601,1,-90713,-92520,-54882,-1.0285e+05,-1.1959e+05,-69580,-31697,-35498,-20786,2.2851e+05,365889,411,1053,3395,0.17479,0.98262,-1.9594
461.12,116.17,-355.55,-267.18,426.74,-314.73,5.6717e+05,438059,1,6967.8,-11343,-49314,28145,-4966.6,-1.1768e+05,19763,-6615.4,-89331,1.6027e+05,362817,411,1086,3413,-1.9037,0.98262,-0.49552
231.53,-150.45,1957.8,-512.88,-1909.3,28.386,5.3628e+05,436645,1,-31755,-50715,41425,-66855,-1.0798e+05,84051,37176,61250,-42835,1.8831e+05,364414,411,1047,3392,-1.9424,0.99467,-0.26988
978.93,1836.8,701.35,-132.94,-690.23,-2080.9,4.9134e+05,438097,1,-22746,-38293,23731,-58146,-98590,58658,30597,54696,-20624,1.5311e+05,362308,411,1047,3392,-1.9484,0.98262,-0.27072
413.65,326.67,-208.14,-256.79,159.1,-479.47,5.1761e+05,438217,1,-18675,-16444,-43701,-18467,-9578.9,-58074,-23152,-19728,-55666,1.0178e+05,357878,411,1078,3407,-1.9153,0.98262,0.44865
540.86,-447.66,316.7,-291.94,-132.43,-700.33,5.0431e+05,437511,1,-34560,-51365,-40717,-50596,-93986,-69638,-26925,-52378,-38363,1.6332e+05,363035,411,1050,3393,0.70233,0.98262,-1.8375
634.45,6.1878,519.27,-224.96,-603.83,-506.94,4.9963e+05,438963,1,-22927,-36828,-28345,-30077,-65000,-46039,-16933,-32518,-23782,1.0883e+05,358644,411,1050,3393,0.71576,0.97053,-1.8387
1102.4,2299.7,851.86,588.66,-2609.1,274.76,6.0257e+05,438983,1,1.2551e+05,-8022.7,35630,-23245,16124,747.47,25192,4067.8,10136,1.3653e+05,361024,411,1051,3394,0.60166,0.97053,-1.8792
-497.18,-1247,188.6,-767.47,1087.9,255.52,5.5504e+05,437599,1,-1.6143e+05,-1.9019e+05,-1.1115e+05,-2.5457e+05,-2.0147e+05,-1.2565e+05,-81252,-74084,-45179,4.5815e+05,367857,411,1053,3395,0.18681,0.98262,-1.9582
1330.9,1346.6,762.17,26.954,-1749.1,-1051.5,5.7922e+05,439053,1,-49603,-86084,-47605,-1.0259e+05,-1.1553e+05,-67469,-33565,-30965,-18692,2.0736e+05,365220,411,1053,3395,0.18737,0.97053,-1.9642
722.92,454.55,56.703,-439.97,43.88,-732.77,5.4983e+05,439513,1,9489.7,-8146.7,-52875,32949,-14796,-1.5623e+05,7041.2,-41991,-1.0967e+05,2.0617e+05,365168,411,1086,3413,-1.9095,0.97053,-0.49703
577.52,670.49,1148.7,-359.34,-1111.8,-858.8,5.2464e+05,438095,1,-35292,-55479,49195,-82136,-1.2726e+05,1.2196e+05,36526,63037,-31942,2.2558e+05,365822,411,1054,3396,-1.9467,0.98262,-0.28267
1092.6,2272.5,474,-28.354,-474.3,-2521.3,4.7625e+05,439549,1,-14093,-21484,22673,-40047,-61652,62517,14731,24823,-15783,1.0756e+05,358514,411,1054,3396,-1.9526,0.97053,-0.28353
724.74,575.63,256.68,-326.59,-330.51,-840.59,4.942e+05,439671,1,-17554,-17548,-36800,-33276,-33950,-69089,-22938,-23395,-46969,1.1083e+05,358839,411,1078,3407,-1.9211,0.97053,0.45001
241.26,-698.14,101.57,-313.1,289.43,-611.66,4.9424e+05,438961,1,-19070,-47566,-32751,-42082,-1.0474e+05,-72231,-26303,-61719,-43175,1.674e+05,363283,411,1068,3401,0.72703,0.97053,-1.8343
550.85,13.339,487.23,-215.34,-558.27,-427.75,4.9501e+05,440417,1,-20051,-44318,-31302,-35023,-86088,-59295,-20475,-47201,-33049,1.387e+05,361203,411,1075,3404,0.74049,0.9584,-1.8353
1129.2,2112.7,799.86,545.15,-2460.2,170.16,6.0313e+05,440441,1,1.1447e+05,-4131.9,34177,-32918,9055.3,-6075,18614,2237.6,7069.9,1.2606e+05,360189,411,1057,3397,0.60347,0.9584,-1.8848
1438.1,538.12,497.19,-75.914,-953,-1300.4,5.7294e+05,439051,1,-40693,-1.1175e+05,-59829,-1.3954e+05,-1.8842e+05,-1.0787e+05,-39053,-56406,-32021,3.0011e+05,367112,411,1059,3398,0.19942,0.97053,-1.963
1461.5,915.17,568.91,30.779,-1336.1,-1229.2,5.8484e+05,440507,1,-28332,-55819,-30485,-1.1966e+05,-1.5573e+05,-89352,-41432,-45562,-26859,2.3646e+05,366079,411,1059,3398,0.2121,0.9584,-1.9676
-150.52,-1891.1,-608.89,-558.15,751.07,1759,5.3177e+05,440973,1,5447.4,-22760,-65707,12050,-68153,-1.7957e+05,-8819.9,-61787,-86665,2.3088e+05,365954,411,1086,3413,-1.9182,0.9584,-0.48676
739.98,1123.5,737.67,-259.74,-709.19,-1335.5,5.0213e+05,439547,1,-24866,-40953,29245,-66346,-1.077e+05,83660,20659,35170,-20614,1.6804e+05,363320,411,1060,3399,-1.9509,0.97053,-0.2955
871.57,1527,545.28,-185.76,-524.42,-1754.8,4.7068e+05,441003,1,-21777,-35346,27494,-57918,-93648,74643,16454,27808,-17321,1.467e+05,361842,411,1077,3406,-1.9549,0.9584,-0.30839
942.17,1347,496.74,-136.57,-536.19,-1625.6,4.5162e+05,441129,1,-10409,-10969,-20848,-29852,-32378,-58218,-10429,-12451,-17665,81043,355330,411,1078,3407,-1.9269,0.9584,0.45136
625.84,166.22,555.38,-173.26,-742.79,-382.12,4.912e+05,441873,1,-11190,-37799,-24224,-16477,-65313,-40746,-9089,-36617,-22804,1.014e+05,357844,411,1075,3404,0.76521,0.94624,-1.8315
-108.66,-1265.6,-298.28,-341.61,1044.6,-703.21,4.8426e+05,440413,1,-10176,-39115,-24739,-28518,-1.0513e+05,-67170,-18196,-63715,-41107,1.5717e+05,362587,411,1075,3404,0.76295,0.9584,-1.8261
254.04,-553.27,145.51,-275.45,151.31,-541.34,4.9107e+05,440415,1,-13059,-46836,-29857,-24297,-90734,-57508,-15399,-50535,-32821,1.3876e+05,361205,411,1075,3404,0.75173,0.9584,-1.8307
1133.1,1950.4,758.96,498.73,-2325.1,96.44,6.0339e+05,441901,1,1.235e+05,-2975.5,37660,-32367,8210.7,-6342.3,14731,1312.3,5348.3,1.3447e+05,360867,411,1076,3405,0.60525,0.94624,-1.8904
1533.4,-647.27,86.983,-203.57,212.36,-1640.6,5.757e+05,440505,1,-41145,-1.1266e+05,-60244,-2.4489e+05,-2.858e+05,-1.6841e+05,-69474,-95062,-54641,4.5263e+05,367844,411,1071,3402,0.22417,0.9584,-1.9663
1342.8,573.66,422.4,5.3183,-965.77,-1173.8,5.9575e+05,441965,1,-11532,-800.85,-1783.4,-84507,-77936,-47429,-26624,-20520,-12990,1.3e+05,360514,411,1071,3402,0.22483,0.94624,-1.9721
698.26,693.53,353.75,-391.03,-273.77,-930.51,4.737e+05,442433,1,-14262,-51330,-43905,-39289,-1.5793e+05,-1.5256e+05,-12385,-44288,-37953,2.41e+05,366175,411,1086,3413,-1.9239,0.94624,-0.48819
91.044,-759.04,675.48,-513.71,-604.78,641.13,5.0654e+05,440999,1,-43225,-79228,25173,-98757,-1.8059e+05,59747,14538,31540,6087.7,2.3655e+05,366083,411,1077,3406,-1.9509,0.9584,-0.33236
503.7,365.18,755.73,-398.31,-705.23,-549.74,4.8953e+05,441001,1,-29077,-53369,17579,-78458,-1.4242e+05,53085,16013,32551,-219.52,1.8594e+05,364285,411,1077,3406,-1.9529,0.9584,-0.32038
859,1496.5,428.91,-186.93,-404.57,-1721.3,4.7123e+05,442457,1,-28720,-52460,18047,-81226,-1.4876e+05,50428,14678,23841,-17171,1.904e+05,364523,411,1086,3413,-1.9546,0.94624,-0.34534
550.92,39.987,285.04,-404.6,-378.76,-281.43,4.9149e+05,441131,1,-24824,-32511,-35774,-55022,-68316,-87790,-21973,-34608,-19358,1.4286e+05,361535,411,1078,3407,-1.9241,0.9584,0.46318
652.29,341.67,455.67,-325.85,-539.07,-594.21,4.7336e+05,442593,1,-25716,-38225,-27992,-69684,-1.0561e+05,-72283,-12429,-19216,-11873,1.575e+05,362613,411,1078,3407,-1.9269,0.94624,0.47638
-139.71,-244.79,-26.887,-159.9,210.11,-102.22,4.0594e+05,441797,1,-5102.9,-18312,-14488,1279.1,-39802,-22486,-3351.6,-35792,-23517,67142,353173,411,1064,3400,1.1677,0.94624,-1.6051
-18.497,217.44,309.5,-143.13,-299.66,182.02,4.0073e+05,443257,1,-5822.7,-21184,-16632,282.45,-38040,-21974,-3990.2,-32311,-21796,64994,352778,411,1091,3416,1.1809,0.93405,-1.6025
4.8523,-82.863,206.26,-184.33,-104.56,-67.232,4.1545e+05,441799,1,-4787.5,-21577,-16107,1365.3,-44025,-24884,-5196,-38530,-26396,74040,354300,411,1064,3400,1.1578,0.94624,-1.6122
223.38,128.44,495.82,-193.25,-522.53,-42.974,4.3199e+05,441801,1,-8727.3,-23883,-20147,-2797.2,-43306,-27306,-9856,-32182,-25841,74040,354301,411,1064,3400,1.1479,0.94624,-1.6193
570.05,550.67,947.19,-168.57,-1222.1,58.937,4.6917e+05,441803,1,-23784,-26596,-32150,-29083,-46618,-47551,-27338,-26767,-34803,1.013e+05,357833,411,1064,3400,1.1379,0.94624,-1.6263
1180.9,1415.1,1499.5,100.87,-2351.5,325.14,5.2962e+05,441805,1,-21725,-12676,-22522,-36207,-11845,-32121,-21015,9.6121,-14722,65432,352845,411,1064,3400,1.1279,0.94624,-1.6333
868.13,510.95,827.11,47.515,-1292.8,-158.75,5.5124e+05,443267,1,-14055,13084,-2166.8,-12460,58370,24906,-10727,33454,11808,77004,354726,411,1080,3408,1.1312,0.93405,-1.638
-79.78,-1420.7,-402.12,-308.04,1166,-855.44,4.8014e+05,441867,1,-6047.5,-40091,-23492,-24964,-1.0284e+05,-64538,-13730,-63697,-39215,1.5279e+05,362280,411,1074,3403,0.79879,0.94624,-1.8171
150.21,-779.36,-22.123,-263.25,429.08,-614.04,4.8532e+05,441869,1,-6925.4,-45443,-26592,-21390,-1.0243e+05,-62551,-13449,-61220,-37676,1.5176e+05,362214,411,1074,3403,0.78762,0.94624,-1.8219
608.63,-48.536,473.76,-191.51,-562.97,-493.58,4.8158e+05,443329,1,-5890.8,-41246,-23752,-17601,-79417,-48536,-8112.2,-45331,-26887,1.1881e+05,359560,411,1074,3403,0.80111,0.93405,-1.8223
332.09,-337.82,262.74,-246.38,-104.31,-471.01,4.8618e+05,441871,1,-7029.2,-46332,-26987,-17586,-94374,-56472,-10366,-55033,-32995,1.3984e+05,361281,411,1075,3404,0.77643,0.94624,-1.8267
1144.3,1817.2,732.52,456.24,-2222.4,30.76,6.035e+05,443363,1,66939,-587.96,20935,-50600,7072.1,-12859,9544.9,1713.2,3898.6,88343,356244,411,1076,3405,0.60701,0.93405,-1.8958
1376.6,363.33,325.32,13.118,-759.85,-1247.1,5.9016e+05,441963,1,1824.3,-40455,-19407,-56376,-2.2086e+05,-1.1383e+05,-23097,-63267,-33461,2.6942e+05,366720,411,1071,3402,0.23693,0.94624,-1.9707
1192.8,564.77,396.33,5.7254,-918.76,-1026.9,6.0334e+05,443427,1,2480.9,8421.7,4268.8,-20957,-1637.5,-3169.1,-8179.9,7067.8,2382.3,25880,341397,411,1085,3412,0.22548,0.93405,-1.9778
285.64,-957.51,-176.97,-624.01,319.75,733.56,4.9712e+05,442435,1,-27342,-70616,-29840,-80285,-2.1277e+05,-97156,-19621,-51443,-22908,2.6709e+05,366684,411,1086,3413,-1.9269,0.94624,-0.47638
1139.1,2562.1,387.9,3.5233,-397.67,-2802.5,4.7411e+05,443899,1,-20638,-48856,-13026,-84260,-1.951e+05,-44184,-14392,-33700,-8267.7,2.2695e+05,365856,411,1086,3413,-1.9354,0.93405,-0.4659
104.75,-841.89,531.92,-544.53,-446.81,711.71,5.0293e+05,442453,1,-42198,-82076,12354,-1.0238e+05,-1.9821e+05,33449,8292.3,24055,18201,2.4605e+05,366274,411,1086,3413,-1.9502,0.94624,-0.3693
504.1,306.36,705.26,-430.38,-643.88,-495.54,4.8795e+05,442455,1,-34646,-61821,25138,-92524,-1.6037e+05,80662,20296,41607,-584.46,2.2041e+05,365682,411,1086,3413,-1.9525,0.94624,-0.35733
1094.4,2432.9,407.86,-9.7563,-412.45,-2667,4.645e+05,443913,1,-22779,-48117,-2077.1,-77631,-1.6343e+05,-5669.5,429.54,1207.3,818.63,1.887e+05,364434,411,1086,3413,-1.9536,0.93405,-0.38237
881.69,1420.6,441.39,-71.933,-469.19,-1662.9,4.4988e+05,444057,1,-24314,-38683,-21534,-71297,-1.1525e+05,-59893,-4050.9,-7678.5,-1183.3,1.5678e+05,362563,411,1078,3407,-1.9295,0.93405,0.48961
489.69,903.74,832.9,28.914,-1258,408.56,4.7237e+05,444723,1,-4029.1,-18045,-13284,-1215.4,-15637,-9942.8,-2203.4,-12442,-8779.7,33166,344702,411,1064,3400,1.1744,0.92181,-1.6144
970.73,275.39,791.86,19.553,-1215.3,-409.77,5.66e+05,443269,1,-7481.1,12020,1771.7,-6132.6,58211,29081,-6150.2,28600,12150,74019,354299,411,1081,3409,1.1211,0.93405,-1.6449
1011.6,180.84,774.22,6.3758,-1180.1,-512.58,5.7491e+05,443271,1,294.88,9374.4,5519.4,-20308,72163,27462,-5589.6,29951,13297,87165,356096,411,1081,3409,1.111,0.93405,-1.6518
1020.2,178.13,773.66,2.878,-1181.6,-524.21,5.7631e+05,443273,1,1365.8,-604.42,543.84,-31733,77350,22889,-9459.5,25286,8076,91162,356608,411,1081,3409,1.1009,0.93405,-1.6586
976.48,517.49,857.65,54.639,-1376.7,-242.12,5.751e+05,443275,1,10894,-8983.6,2036.9,-42213,76674,15676,-6963.8,20464,6987.3,92877,356833,411,1081,3409,1.0907,0.93405,-1.6653
894.69,1339.5,1031.8,224.11,-1850.9,428.21,5.7858e+05,443277,1,21515,-25529,-479.63,-47328,59813,2763.1,-3106.2,7679.6,2221.6,83748,355679,411,1081,3409,1.0804,0.93405,-1.6719
932.7,671.06,862.13,76.547,-1431.1,-98.665,5.7813e+05,444743,1,22295,-18068,4205.2,-49702,52562,-2724.1,-3307.1,6158.7,1263.2,78308,354940,411,1093,3418,1.0732,0.92181,-1.6833
222.81,-865.3,-23.562,-264.71,426.9,-739.35,4.7721e+05,443325,1,-7868.8,-43604,-26035,-11180,-98791,-56060,-9531.7,-60017,-35315,1.4356e+05,361601,411,1083,3411,0.82341,0.93405,-1.8124
415.28,-487,228.97,-242.71,-50.404,-632.94,4.7866e+05,443327,1,-3949.2,-44488,-24634,-12286,-93717,-53743,-6825.2,-55443,-31619,1.3618e+05,360997,411,1083,3411,0.81227,0.93405,-1.8174
944.09,392.27,707.28,-65.636,-1160.3,-441.47,4.7496e+05,444789,1,-6376.2,-35546,-21014,-13210,-58273,-35720,-6555.7,-32758,-19696,89978,356458,411,1083,3411,0.82577,0.92181,-1.8176
1152.4,1715.8,719.94,415.83,-2148.8,-16.151,6.0339e+05,444827,1,1.0353e+05,-4110.4,30820,-37394,4329.7,-9939.5,9138.2,-279.38,2773.5,1.1529e+05,359268,411,1095,3420,0.60874,0.92181,-1.9013
1091.5,645.68,186.44,214.74,-880.7,-906.23,6.0406e+05,444891,1,-2716.6,-5475.8,-2806.1,-23550,44780,17958,-8079.5,20905,8787.3,59221,351733,411,1114,3434,0.22613,0.92181,-1.9835
1119.7,2518.1,385.54,3.1262,-394.69,-2754.5,4.8225e+05,443901,1,-13317,-29402,-4145.2,-51396,-1.1269e+05,-14237,-9242.7,-19765,-1490.2,1.3069e+05,360569,411,1086,3413,-1.9382,0.93405,-0.45401
1106.2,2497.4,415.22,0.95315,-424.07,-2730,4.8285e+05,443903,1,-25934,-57764,-9126.6,-94054,-2.0592e+05,-25541,-12678,-23206,6138,2.3818e+05,366106,411,1086,3413,-1.9409,0.93405,-0.44211
1097.7,2476.8,439.15,-4.1185,-446.98,-2707.9,4.7865e+05,443905,1,-21526,-45739,-2853.7,-75008,-1.5927e+05,-9662.8,-2643.9,-3332.7,4545.1,1.8355e+05,364159,411,1086,3413,-1.9436,0.93405,-0.43019
1092.1,2453.3,441.55,-8.5347,-448.1,-2684.3,4.7275e+05,443907,1,-19332,-41624,-3729.7,-67105,-1.4451e+05,-12929,16.24,-189.42,-551.48,1.6635e+05,363227,411,1086,3413,-1.9462,0.93405,-0.41826
1087.5,2428,432.66,-12.379,-437.92,-2659.6,4.6791e+05,443909,1,-18719,-40496,-4045.9,-64435,-1.398e+05,-14800,-133.78,-629.34,-854.33,1.61e+05,362861,411,1086,3413,-1.9487,0.93405,-0.40631
1088.7,2420.6,421.78,-13.499,-426.27,-2653.4,4.6474e+05,443911,1,-15561,-33084,-1998.1,-54110,-1.1551e+05,-7978.7,332.93,722.81,35.141,1.3295e+05,360735,411,1086,3413,-1.9512,0.93405,-0.39435
995.83,1877.1,401.61,3.8072,-411.65,-2123,4.4082e+05,445523,1,-11252,-18547,-8897.4,-43370,-74994,-28024,1361.2,3266.2,-758.26,94092,356987,411,1087,3414,-1.932,0.92181,0.50288
569.52,50.058,541.32,-354.25,-638.93,-293.51,4.7137e+05,444059,1,-34649,-59890,-21052,-92047,-1.4877e+05,-76315,-6366.9,-12094,-1477.5,2.0457e+05,365098,411,1087,3414,-1.9265,0.93405,0.50144
137.66,-2829.5,3375.6,-138.78,-3653.8,2459.7,5.1706e+05,444105,1,25269,37739,13957,-1543.8,-22980,23673,1.0558e+05,1.9911e+05,9503,2.3288e+05,366003,411,1090,3415,-1.8368,0.93405,0.76743
476.85,-1447.3,1637.5,-433.04,-1909.9,1080.9,4.8162e+05,445569,1,-10525,-31660,12641,-65322,-1.4813e+05,20608,49351,90131,9858.2,1.9638e+05,364799,411,1090,3415,-1.842,0.92181,0.76962
419.58,-2689.9,4070.2,-50.811,-4371.5,2205.8,5.1337e+05,444107,1,39895,64565,15842,575.62,10001,-11113,1.1849e+05,2.1733e+05,17417,2.604e+05,366570,411,1090,3415,-1.832,0.93405,0.77868
507.1,-1826.7,2071.8,-453.69,-2388.7,1405.3,4.7185e+05,445571,1,-3555.6,-22870,18399,-71200,-1.5274e+05,12074,64961,1.1446e+05,17363,2.1689e+05,365552,411,1090,3415,-1.8373,0.92181,0.78091
651.73,689.18,794.89,48.913,-1227.8,147.09,5.2843e+05,446189,1,-3047,-10398,-8064.6,5013.6,17044,13195,915.7,2149.1,1868,26099,341501,411,1091,3416,1.1777,0.90955,-1.6189
721.72,1565.2,979.96,251.88,-1834.1,709.53,5.8029e+05,444745,1,28049,-27398,2583.5,-42862,39187,-5774.4,468.88,-501.76,-63.461,70361,353728,411,1093,3418,1.0629,0.92181,-1.6899
201.52,1737.3,824.52,188.66,-1524.6,1174.1,5.8116e+05,444747,1,34685,-41550,-1105.9,-22315,28601,1631.1,13351,-9119.5,3276.3,67242,353195,411,1093,3418,1.0525,0.92181,-1.6964
-80.388,2045.5,599.08,355.5,-1382,1585.4,5.8346e+05,444749,1,74185,-36232,25586,-5262.7,13587,3981.9,33270,-9477.3,15143,95525,357166,411,1099,3424,1.042,0.92181,-1.7028
541.97,1786.2,719.53,437.63,-1681.5,991.49,5.8455e+05,446215,1,62193,-31116,21312,-30790,22663,-6899.5,23172,-3163.6,12429,86608,356014,411,1099,3424,1.045,0.90955,-1.7076
166.11,-668.11,-28.522,-187.27,301.77,-590.46,4.7009e+05,444771,1,-14491,-19912,-17910,20565,-74141,-27952,2668,-41058,-20029,98603,357526,411,1094,3419,0.92483,0.92181,-1.7692
-225.13,-581.24,-172.06,-201.47,558.54,-256.05,4.6913e+05,444769,1,-32025,-8505.9,-21402,26243,-62881,-18980,-3191.3,-32069,-18472,89100,356340,411,1082,3410,0.93567,0.92181,-1.7635
-674.97,322.36,-34.129,-130.65,232.26,699.74,4.8997e+05,446233,1,-26943,-39498,-34733,23152,-22927,558.73,-9222.6,-24974,-17825,74705,354383,411,1082,3410,0.94913,0.90955,-1.7627
410.7,-701.47,56.547,-169.01,135.29,-785.54,4.7261e+05,444773,1,-7873.9,-21231,-15081,20055,-79148,-30861,5980.7,-43270,-19444,1.0314e+05,358057,411,1094,3419,0.91395,0.92181,-1.7748
506.76,-758.79,59.3,-157.99,116.94,-892.99,4.7503e+05,444775,1,1359.8,-22759,-11078,21462,-79396,-30248,10354,-43675,-17377,1.0314e+05,358058,411,1094,3419,0.90305,0.92181,-1.7804
506.54,-862.79,7.6007,-162.36,213.01,-964.01,4.7642e+05,444777,1,6817.1,-22903,-8444,21126,-84775,-33360,13779,-49142,-18580,1.1108e+05,358864,411,1094,3419,0.89211,0.92181,-1.7859
450.32,-952.09,-44.627,-182.33,333.08,-983.4,4.755e+05,444779,1,11801,-28286,-8737.9,12234,-76863,-33488,9324,-47279,-19737,1.0443e+05,358204,411,1094,3419,0.88113,0.92181,-1.7914
371.96,-770.85,16.351,-189.33,239.99,-799.62,4.7322e+05,444781,1,8348,-35282,-14042,1724,-78833,-39652,3530.1,-50353,-24156,1.115e+05,358898,411,1083,3411,0.87012,0.92181,-1.7967
416.19,-566.7,135.48,-186,29.58,-690.83,4.7137e+05,444783,1,4490.4,-39099,-17889,1570.9,-79409,-39973,1013.3,-51334,-25850,1.1437e+05,359176,411,1083,3411,0.85908,0.92181,-1.802
498.95,-384.3,281.66,-200.18,-205.63,-627.39,4.6781e+05,444785,1,-1392.2,-39846,-20961,-3437.7,-69882,-37247,-3253,-42844,-23395,1.0347e+05,358099,411,1083,3411,0.84801,0.92181,-1.8073
701.54,-58.373,494.41,-164.98,-633.01,-558.65,4.6857e+05,444787,1,-9040.8,-38443,-23763,-16263,-64534,-40392,-8279.2,-38572,-23512,1.0146e+05,357851,411,1083,3411,0.8369,0.92181,-1.8125
1155.4,1634.8,717.26,375.04,-2092.6,-48.311,6.0302e+05,446293,1,82730,122.91,26281,-42512,5008.3,-11294,6274.3,21.273,2011.3,97664,357417,411,1095,3420,0.61046,0.90955,-1.9066
1409.1,-534.57,-108.39,14.497,224.17,-1494.2,6.0572e+05,446359,1,-12660,3142.7,-17.07,-30699,55562,22270,-13963,21770,8476.1,73731,354251,411,1114,3434,0.21456,0.90955,-1.9904
924.07,1659.6,426.05,-15.135,-441.87,-1895.8,4.5189e+05,445525,1,-10749,-20463,-3412.9,-42380,-76755,-20548,2246.4,1830.9,5154.6,93223,356874,411,1087,3414,-1.9289,0.92181,0.51472
754.22,719.54,596.12,-216.11,-667.28,-974.66,4.5672e+05,445527,1,-24390,-43493,-12808,-78381,-1.373e+05,-45923,1011.8,114.08,3736.8,1.7254e+05,363576,411,1087,3414,-1.9257,0.92181,0.52655
1010.2,1931.8,391.12,9.4235,-401.08,-2178.2,4.5004e+05,446995,1,-9677.7,-18685,-2798.9,-40109,-80185,-7073.9,3374,8033.6,-1579.9,92830,356822,411,1101,3425,-1.9278,0.90955,0.53987
311.02,-887.47,679.4,-469.38,-826.8,664.84,4.8053e+05,445533,1,-24255,-55607,8567.5,-72388,-1.618e+05,17952,9750.9,18855,2367.3,1.8961e+05,364478,411,1102,3426,-1.9156,0.92181,0.5619
1010.5,1917,392.95,7.1049,-404.09,-2164.9,4.497e+05,446997,1,-12147,-27985,4164,-49327,-1.1039e+05,11445,4632.2,9038.9,1128.1,1.2571e+05,360163,411,1102,3426,-1.9245,0.90955,0.55169
1006.4,1859.4,409.89,-1.2664,-425.02,-2111.3,4.4406e+05,447001,1,-12213,-27336,2888.6,-49791,-1.1191e+05,12404,5185.6,11785,-1477.2,1.2739e+05,360310,411,1102,3426,-1.9175,0.90955,0.57526
965.82,1706,423.46,-2.3874,-443.71,-1956,4.529e+05,447013,1,-14534,-35079,7152.1,-60469,-1.395e+05,20598,8943.6,17579,1276.1,1.5945e+05,362754,411,1096,3421,-1.8951,0.90955,0.64545
166.26,-1665.9,963.48,-553.87,-1182.2,1423.6,4.9828e+05,445549,1,-27627,-67373,15215,-94459,-2.2166e+05,39086,19351,39223,598.41,2.5891e+05,366541,411,1096,3421,-1.8858,0.92181,0.65522
240.17,-1517.6,1018.9,-532.75,-1238.8,1257.2,4.9485e+05,445551,1,-30446,-74191,17053,-93062,-2.2115e+05,43634,26271,53842,-500.27,2.6417e+05,366633,411,1096,3421,-1.8817,0.92181,0.66678
292.33,-1317,1044.9,-479.38,-1253.9,1053.3,4.9262e+05,445553,1,-19532,-56135,22310,-78157,-2.0117e+05,57016,31010,64818,-2523.5,2.4296e+05,366223,411,1096,3421,-1.8776,0.92181,0.67831
486.19,-891.27,1118.1,-437.08,-1322,585.04,4.8589e+05,445555,1,-14212,-39970,14940,-66884,-1.7391e+05,50871,31439,71858,-10921,2.1354e+05,365443,411,1096,3421,-1.8734,0.92181,0.68982
515.49,-713.64,1059.9,-399.3,-1252.7,412.03,4.819e+05,445557,1,-15473,-38791,9799.5,-67581,-1.6582e+05,37929,27913,66798,-13745,2.0192e+05,364998,411,1096,3421,-1.8691,0.92181,0.7013
576.5,-507.74,1026.7,-368.97,-1211.7,199.69,4.7925e+05,445559,1,-14018,-33919,7197.3,-63306,-1.5325e+05,32474,23601,57112,-12324,1.8417e+05,364188,411,1096,3421,-1.8648,0.92181,0.71276
565.53,-458.52,955.33,-356.05,-1136,159.76,4.8028e+05,445561,1,-16699,-35169,2020.2,-67209,-1.5376e+05,23633,26450,66204,-16822,1.8869e+05,364433,411,1097,3422,-1.8604,0.92181,0.72419
431.03,-687.36,923.82,-342.9,-1102,423.86,4.8622e+05,445563,1,-19792,-40079,291.31,-72248,-1.5297e+05,9479.3,25831,55547,-4806.7,1.857e+05,364271,411,1090,3415,-1.8559,0.92181,0.73559
387.27,-1080,1137.3,-392.45,-1351,794.16,4.8852e+05,445565,1,-18823,-44736,8465.9,-76605,-1.6396e+05,11956,29639,55727,4575.6,1.9753e+05,364838,411,1090,3415,-1.8513,0.92181,0.74696
444.51,-1228.8,1372.7,-415.04,-1614.9,900.88,4.8636e+05,445567,1,-15393,-41470,13047,-70597,-1.5542e+05,17124,41526,75148,9466,1.9753e+05,364839,411,1090,3415,-1.8467,0.92181,0.75831
878.44,-1657.9,2655.2,-470.53,-3028,1086.3,4.4985e+05,445573,1,5497.2,-21870,38076,-56384,-1.7335e+05,70638,66970,1.2522e+05,9118,2.4581e+05,366267,411,1090,3415,-1.8324,0.92181,0.79217
1416.8,-786.33,2927.9,-437.4,-3317,64.03,4.1714e+05,445575,1,7622.6,-10175,29198,-47604,-1.5609e+05,70756,53097,1.1979e+05,-16663,2.2382e+05,365767,411,1090,3415,-1.8276,0.92181,0.8034
1502.8,1542.9,1433.5,-89.07,-1575.7,-2050.1,3.9953e+05,447041,1,4659.1,81.528,10611,-45268,-1.0505e+05,16195,33662,68899,-1503.6,1.3915e+05,361240,411,1090,3415,-1.8327,0.90955,0.80566
-122.48,464.07,359.81,-135.93,-378.51,445.05,3.9538e+05,446181,1,-15492,-27105,-27361,-10306,-19956,-19342,-14729,-27210,-26884,65436,352847,411,1091,3416,1.2171,0.90955,-1.5895
608.31,824.96,876.06,33.539,-1314,300.58,4.749e+05,447653,1,-8282.9,-17216,-15992,-5344.4,1069.1,-3502.3,-5339.6,-6856.1,-7947.2,28308,342537,411,1091,3416,1.2107,0.89725,-1.6014
-67.546,478.24,392.74,-125.99,-435.9,426.19,4.0276e+05,447649,1,-18008,-30530,-31226,-12648,-15486,-18585,-18088,-27004,-29315,69946,353645,411,1104,3427,1.2302,0.89725,-1.5864
720.42,522.65,776.87,32.474,-1180.8,-16.067,5.3936e+05,447657,1,-2144.3,-8233.3,-6159.1,7762.5,20741,17266,2240.1,3205.5,3439.8,30430,343498,411,1105,3428,1.1909,0.89725,-1.6161
-58.97,1645.6,386.26,341.74,-1047.5,1283.2,5.8289e+05,447687,1,60732,-56642,7199,-20370,49932,13573,21369,-12721,6290.9,1.0344e+05,358095,411,1106,3429,1.0373,0.89725,-1.7187
477.21,141.46,449.16,-96.776,-624.3,-224.41,4.7413e+05,447703,1,-11330,-55503,-34365,-8226.2,8003.2,-289.85,-9990.8,-25251,-18242,74779,354395,411,1107,3430,0.95176,0.89725,-1.7676
1151.6,1568.1,719.39,334.95,-2045.9,-67.533,6.0239e+05,447763,1,77748,-2000,23699,-42441,3246.4,-12128,4833.4,-462.21,1323.4,92707,356806,411,1095,3420,0.61215,0.89725,-1.9119
1196.2,-640.18,-311.34,138.43,442.54,-1312.5,6.0243e+05,447829,1,-55104,1067.6,-5390,-45628,50176,17575,-28011,8815.4,956.28,94012,356976,411,1114,3434,0.21515,0.89725,-1.9959
993.57,1820.9,409.16,-2.4024,-425.23,-2071.1,4.443e+05,447003,1,-8319.7,-18566,1904.9,-35039,-78581,8491.5,3889.1,8886.2,-1174.3,89374,356378,411,1102,3426,-1.914,0.90955,0.58701
981.56,1788.6,405.6,-2.4605,-422.22,-2036.9,4.4546e+05,447005,1,-11418,-25333,2388,-46389,-1.0395e+05,11193,4363.6,10568,-2245.5,1.1831e+05,359524,411,1096,3421,-1.9103,0.90955,0.59875
970.94,1763.2,399.85,-1.5399,-416.66,-2009.5,4.4874e+05,447007,1,-10170,-22861,2588.9,-41237,-93328,11376,3563.5,8330.7,-1373.8,1.061e+05,358389,411,1096,3421,-1.9066,0.90955,0.61046
965.95,1745.9,400.15,-0.51326,-417.35,-1991.8,4.5075e+05,447009,1,-11623,-25425,1922,-45037,-99780,9259.1,3234.7,7601.4,-1303.7,1.1369e+05,359113,411,1096,3421,-1.9028,0.90955,0.62214
965.91,1732.1,407.94,-0.13621,-426.06,-1979.4,4.516e+05,447011,1,-12877,-28863,3185.1,-50168,-1.1139e+05,10819,4987.1,9738.5,863.81,1.2717e+05,360283,411,1096,3421,-1.899,0.90955,0.63381
1589.6,1251.4,1602.3,-208.36,-1809.2,-1828.5,3.766e+05,447043,1,905.64,-2446.1,4860.7,-43354,-88456,1491.8,24432,46663,2676.6,1.1188e+05,358935,411,1090,3415,-1.8277,0.90955,0.81689
1510.4,918.74,1668.3,-243.66,-1899.9,-1496.5,3.6834e+05,447045,1,-9170.2,-13552,-5277.2,-45569,-89090,-2484.4,12564,33094,-8816.8,1.0792e+05,358552,411,1090,3415,-1.8227,0.90955,0.82809
1329.9,640.09,1593.6,-226.26,-1817.6,-1167.6,3.6858e+05,447047,1,-17864,-25110,-11434,-41151,-72514,-10522,-1843.1,9525.9,-14317,91880,356707,411,1090,3415,-1.8176,0.90955,0.83926
1099.1,291.53,1462,-219.9,-1677.6,-753.54,3.6668e+05,447049,1,-20303,-28309,-12964,-35486,-58746,-12853,-7532.7,-1617.4,-14223,80740,355284,411,1090,3415,-1.8124,0.90955,0.85039
1201,795.12,1198.4,-194.47,-1386.3,-1245.5,3.6601e+05,448521,1,-16582,-20493,-13503,-34129,-55199,-14344,-5869.5,2708.9,-15142,74604,354369,411,1090,3415,-1.8121,0.89725,0.86388
-46.661,407.46,366.01,-125.92,-396.75,359.02,4.0679e+05,449119,1,-18478,-26568,-29364,-12621,-10615,-15873,-18611,-22592,-27278,63516,352503,411,1104,3427,1.2433,0.88491,-1.5831
661.82,748.47,838.13,53.629,-1287,203.44,5.195e+05,447655,1,-1517.9,-8090.1,-5642.6,4328,16546,12429,1828,3044.5,3057.4,23843,340092,411,1091,3416,1.2008,0.89725,-1.6088
606.97,603.62,496.81,136.3,-978.33,62.139,5.7864e+05,449161,1,28025,-52071,-10063,-11905,47268,17140,11561,-15209,-930.38,81447,355392,411,1106,3429,1.0296,0.88491,-1.7298
88.285,-108.56,145.74,-122.41,-79.655,-139.61,5.0519e+05,447701,1,-13450,-54478,-35120,-6955.1,20508,6851.6,-11601,-26094,-19602,78088,354904,411,1107,3430,0.96259,0.89725,-1.7617
768.31,102.06,564.43,-75.109,-846.48,-443.98,4.659e+05,449173,1,-11256,-31863,-22187,-6223.8,-8337.4,-7556.3,-8207.8,-18616,-13852,49044,349662,411,1110,3433,0.96521,0.88491,-1.7665
1143.3,1509.7,723.03,296.33,-2003.8,-78.923,6.0148e+05,449235,1,66552,-3835.4,19335,-42552,2423.5,-12552,1799.6,-1014.7,107.78,82438,355517,411,1095,3420,0.61382,0.88491,-1.9171
2952.2,-471.11,115.02,-21.196,-231.79,-2982.7,5.8953e+05,449303,1,-31439,-63185,-31362,-98760,96.627,-9910.5,-22262,-8217,-5856.5,1.2812e+05,360366,411,1114,3434,0.20345,0.88491,-2.0027
777.57,-2208.7,-323.77,-517.88,1919.6,-1278.6,5.612e+05,449301,1,-1.0343e+05,-59004,-36703,-74378,33156,7119.8,-43266,-23846,-15145,1.5773e+05,362626,411,1114,3434,0.21574,0.88491,-2.0014
948.87,506.18,967.73,-188.04,-1136.4,-875.39,3.6963e+05,448523,1,-18044,-23114,-13537,-28285,-47983,-9223.5,-10181,-2652.7,-18278,68376,353389,411,1090,3415,-1.8068,0.89725,0.87499
1026.8,928.59,734.54,-173,-879.43,-1285.6,3.719e+05,449997,1,-14516,-17467,-12046,-24952,-44590,-6284.9,-9181.8,-1145.4,-17492,60851,352051,411,1090,3415,-1.8063,0.88491,0.88847
-101.9,313.44,268.67,-126.85,-255.21,315.57,4.0902e+05,450591,1,-24008,-21933,-31212,-12629,-7638.7,-14291,-23033,-18865,-28771,64559,352698,411,1125,3439,1.2564,0.87254,-1.5797
352.61,652.78,372.1,132.32,-776.49,261.65,5.766e+05,449163,1,25663,-60556,-15878,-2317.8,42127,20064,12660,-18435,-1998.2,85232,355861,411,1108,3431,1.0189,0.88491,-1.736
258.76,402.12,252.07,80.747,-518.04,131.54,5.7355e+05,449165,1,13719,-55561,-20316,7666.3,36345,22900,9679.3,-19127,-4112.2,77901,354880,411,1109,3432,1.0083,0.88491,-1.7423
316.45,62.59,171.91,32.059,-325.51,-163.18,5.6686e+05,449167,1,9535.9,-58795,-24458,10225,36843,24607,6761.7,-20513,-6531.4,81991,355460,411,1109,3432,0.99756,0.88491,-1.7484
326.02,-165.67,182.47,-65.958,-215.4,-341,5.3163e+05,449169,1,1915.6,-48634,-23519,3902.7,24518,14675,-758.93,-21283,-11158,65816,352926,411,1110,3433,0.98681,0.88491,-1.7545
482.22,-63.239,360.33,-99.897,-467.91,-370.75,4.97e+05,449171,1,-5851.8,-34861,-20742,-8818.5,-5772.5,-7737.6,-6874.9,-21632,-14667,50804,350048,411,1110,3433,0.97603,0.88491,-1.7605
1138.3,1435.7,733.89,246.73,-1955.5,-102.62,6.0028e+05,450709,1,56103,35.114,17811,-43127,5662.5,-11269,-643.11,-1981,-1097.4,74090,354306,411,1095,3420,0.61546,0.87254,-1.9222
1880.6,991.97,534.21,69.416,-1471,-1624,6.0317e+05,450779,1,1.0688e+05,16512,17530,-49046,-22370,-14485,-18929,-8034.4,-5325.9,1.2478e+05,360087,411,1114,3434,0.19167,0.87254,-2.0092
4518.7,13.416,110.45,323.66,-996.35,-4397,6.0345e+05,450777,1,43334,-25484,-7490.9,-1.0314e+05,-42871,-29152,-5366.1,-9223.2,-4430.7,1.2666e+05,360241,411,1114,3434,0.204,0.87254,-2.008
806.16,748.37,473.1,-165.51,-592.67,-1027.2,3.812e+05,449999,1,-15002,-19301,-10974,-21172,-40664,-2348.6,-10816,-5000.5,-16699,56975,351314,411,1090,3415,-1.8008,0.88491,0.89954
611.94,606.74,249.27,-152.21,-343.11,-814.77,3.9177e+05,450001,1,-13947,-19750,-8343.2,-21159,-40556,-2428.9,-9676.7,-7715.6,-11625,55145,350942,411,1090,3415,-1.7953,0.88491,0.91057
445.41,466.71,82.645,-140.05,-155.67,-615.78,4.0437e+05,450003,1,-13864,-22796,-5051.3,-20209,-39347,-1511.1,-8343.9,-10134,-6519.7,53955,350712,411,1090,3415,-1.7896,0.88491,0.92157
711.27,1015.3,220.86,-81.781,-282.45,-1224.4,4.0757e+05,451479,1,-9473.6,-17172,-2035,-17832,-36524,40.781,-5894.9,-9733,-2157.1,46635,349088,411,1090,3415,-1.7887,0.87254,0.93503
224.08,366.86,514.65,-98.826,-639.3,176.61,4.116e+05,452067,1,-28757,-17818,-32556,-9144.8,631.24,-6959.6,-21511,-10842,-23035,58717,351645,411,1125,3439,1.2597,0.86014,-1.5838
1143.9,1343.6,781.19,161.89,-1917.4,-146.29,5.998e+05,452185,1,33466,-11931,5305.4,-46354,2787.1,-13586,-4533.6,-1411,-2084.7,60485,351978,411,1095,3420,0.61708,0.86014,-1.9273
1485,1239.9,637.17,31.034,-1660.6,-1179,6.006e+05,452255,1,99943,24010,20036,-21652,-12019,-7258.1,-11650,-4936.2,-3252.5,1.0864e+05,358620,411,1114,3434,0.19218,0.86014,-2.0145
987.85,1550.4,600.92,56.236,-1668.5,-976.64,5.929e+05,452285,1,7373.4,18783,7980.6,714.02,6380.9,2689.3,1545.6,4910.3,2091.3,23456,339818,411,1128,3442,0.0062087,0.86014,-2.0237
1082.1,1545.7,631.69,32.458,-1690.8,-1048.3,5.9295e+05,452283,1,8188.3,13026,5579.2,1203.6,2938.5,1245.3,2124.3,4158.3,1779.5,17448,335496,411,1128,3442,0.018626,0.86014,-2.0236
855.48,1548.1,582.69,66.888,-1646.9,-866.64,5.9304e+05,452287,1,8477.9,23293,9878.6,-876.64,8225.5,3478.3,919.25,5691.5,2419.8,28838,342790,411,1128,3442,-0.0062085,0.86014,-2.0237
745.12,1568.6,573.02,79.942,-1652.6,-778.9,5.9341e+05,452289,1,7117.2,25548,10778,-440.84,14978,6322.3,1052.8,6939.9,2933.9,33792,344994,411,1128,3442,-0.018625,0.86014,-2.0236
654.06,1630.2,567.18,106.53,-1699.5,-712.43,5.9417e+05,452291,1,8574.1,25743,10811,-6027.6,16525,7057,482.87,8052.5,3410.5,35903,345854,411,1128,3442,-0.031041,0.86014,-2.0234
536.33,1721,562.33,145.19,-1776.8,-622.48,5.9393e+05,452293,1,11741,26624,11073,-5113.2,17741,7574.7,-1138.7,9524.6,4073.8,38421,346735,411,1128,3442,-0.043457,0.86014,-2.0232
312.67,1814.4,634.2,118.34,-1895.6,-429.61,5.9122e+05,452295,1,19499,32015,13083,-16391,5628,2804.1,-6188.9,11953,5235.3,45750,348875,411,1128,3442,-0.05587,0.86014,-2.0229
638.52,914.5,170.51,-81.5,-227.73,-1102.1,4.1914e+05,451481,1,-9080.5,-16888,-1497.8,-17547,-35939,95.431,-4994.2,-9381.4,-739.07,45639,348845,411,1090,3415,-1.783,0.87254,0.94599
727.12,1240.2,222.36,-7.0376,-250.54,-1433,4.5219e+05,452959,1,-4031.4,-4768.6,-3169.4,-9376.5,-14691,-4135.2,-1892.9,-3188.6,-645.71,19597,337156,411,1090,3415,-1.7818,0.86014,0.95943
568.69,813.4,141.46,-75.284,-193.51,-980.78,4.322e+05,451483,1,-10208,-21046,331.63,-17771,-38724,2447.4,-4946,-11838,1662.8,50358,349950,411,1090,3415,-1.7771,0.87254,0.95691
-164.49,175.52,160.73,-143.04,-83.319,237.27,4.0935e+05,453543,1,-39036,-11149,-37361,-10456,2673.3,-6981.4,-31475,-6475.7,-28797,71211,353855,411,1125,3439,1.2726,0.84771,-1.5802
1083.3,2145.2,861.92,367.07,-2499.7,367.79,6.101e+05,453665,1,30192,-20887,256.72,-29502,39145,7592.3,-2263.2,8742.3,3077.5,62444,352342,411,1120,3436,0.60681,0.84771,-1.9361
1174,1345,679.29,-2.5579,-1712.3,-846.68,6.1216e+05,453733,1,1.0284e+05,22659,19564,-3985,-9481.8,-4386.2,-7893.4,-3231.6,-2132.6,1.0805e+05,358561,411,1117,3435,0.19267,0.84771,-2.0198
1080.7,1499.3,648.43,7.4498,-1696.1,-979.52,5.9004e+05,453755,1,1781.9,8796.4,3710.8,-1997.7,355.73,89.6,137.18,1378.1,577.23,10035,323764,411,1128,3442,0.056015,0.84771,-2.0282
1053,1520.1,640.93,15.648,-1697.7,-973.58,5.9194e+05,453757,1,2673,8981.3,3801.7,-1041.1,619.97,231.58,1772.4,1775,776.19,10520,324844,411,1128,3442,0.043569,0.84771,-2.0285
1001.4,1527.7,591.79,57.141,-1670.7,-944.72,5.9305e+05,453759,1,9338.8,12845,5487.2,2860.1,4794.5,2028.5,3349.1,3904.1,1684.9,18625,336457,411,1128,3442,0.031122,0.84771,-2.0287
-475.81,2063.2,439.44,404.96,-2101.7,308.19,5.9003e+05,453775,1,22760,-3034.7,-1844.5,-29023,70383,30133,-24673,16910,7978.7,90516,356534,411,1128,3442,-0.068458,0.84771,-2.0278
-19.075,1500.8,308.91,294.15,-1501.8,-79.92,5.9351e+05,453773,1,19729,-8864.1,-4174,-19943,77905,32882,-6004.4,16120,6941.5,91529,356649,411,1128,3442,-0.056015,0.84771,-2.0282
-594.01,2333.9,1000,-0.37405,-2581.3,369.6,5.8171e+05,453777,1,-26072,-45713,-17762,-34587,18487,8929.9,-30355,-7774.2,-2063,75424,354505,411,1128,3442,-0.080899,0.84771,-2.0273
767.79,1345.5,266.68,8.241,-291.82,-1544.6,5.1915e+05,454435,1,-1157.2,1711.9,-3702.7,-2095.9,3030.9,-6622,-1448.2,-1438,-1451.2,9037.7,320545,411,1090,3415,-1.7923,0.84771,0.95093
714.45,1250.6,241.01,7.1317,-264.54,-1436.2,5.3247e+05,454437,1,-1730.4,991.2,-4085.2,-2915.3,2505.3,-7594.6,-1535.5,-1931.3,-1156.7,10027,323751,411,1090,3415,-1.7864,0.84771,0.96191
-78.684,114.53,204.37,-149.39,-139.5,138.92,4.1166e+05,455023,1,-44470,-1633.9,-36756,-5851.9,2850,-3215.4,-34284,-220.68,-27811,73027,354147,411,1125,3439,1.2759,0.83524,-1.5842
1229.3,558.77,571.05,48.27,-1305.9,-664.68,6.0563e+05,455145,1,5044.8,-12497,-3844.1,-16561,57974,19856,6238.2,11927,7100.1,66764,353101,411,1120,3436,0.60835,0.83524,-1.941
2043.2,1519.1,650.71,169.2,-2061.5,-1620.9,6.0287e+05,455211,1,1.3119e+05,61535,38837,4738.8,-2451.9,-575.89,4602.3,-1100.9,47.072,1.5019e+05,362104,411,1117,3435,0.20558,0.83524,-2.0237
944.66,1459,625.11,5.7678,-1654.2,-822,5.8943e+05,455233,1,5815.2,9226.4,4008.6,-1660,683.36,228.46,-654.26,1424.8,564.85,11877,327814,411,1132,3444,0.068633,0.83524,-2.0329
1107.3,1448.7,605.39,31.575,-1662.8,-962.12,5.8896e+05,455231,1,11672,3526.5,1885.5,-544.65,506.38,187.98,-289.59,2037.6,832.67,12541,329852,411,1132,3444,0.081105,0.83524,-2.0325
1413.4,1656.5,1435.7,-749.92,-1945.6,-1566.9,5.6442e+05,455257,1,-93929,-1.8686e+05,-72902,-1.7897e+05,-1.0607e+05,-36224,-46001,-39191,-14347,3.1226e+05,367224,411,1128,3442,-0.081105,0.83524,-2.0325
2138.9,2957,1469.8,-326.05,-3057.2,-2454.8,5.74e+05,455259,1,12417,-1.2771e+05,-53172,2596.2,-97368,-40068,17356,-8908,-4523.6,1.7546e+05,363739,411,1128,3442,-0.093574,0.83524,-2.0319
738.05,1251.6,294.14,-0.15861,-326.49,-1446.1,5.5158e+05,455915,1,-679.25,1535.2,-2622.2,-1521,3467.1,-5907.3,-673.64,-671.7,-676.26,7764.5,315600,411,1090,3415,-1.7968,0.83524,0.95335
-89.787,37.172,159.78,-153.72,-70.497,79.837,4.1482e+05,456505,1,-49183,4931.7,-36989,-3464.4,6226.8,450.21,-33551,6362.1,-23697,74767,354392,411,1125,3439,1.2791,0.82275,-1.5881
1443,-283.58,248.57,65.884,-663.69,-1334,6.0494e+05,456629,1,15654,-9467.1,681.54,-1450.3,52095,21764,11129,-321.2,3341.2,60497,351979,411,1120,3436,0.59793,0.82275,-1.9495
769.94,754.36,513.18,11.507,-1167.1,-250.92,5.8571e+05,455159,1,2655.6,-34744,-14065,6967.8,509.72,2048.3,5476.7,-9800.8,-2709.9,38889,346904,411,1121,3437,0.52445,0.83524,-1.9653
1181.5,676.74,566.98,20.369,-1326.8,-643.82,5.9673e+05,456643,1,11699,-18060,-4571.6,12954,-6724.5,571.1,11108,-6916,-13.847,29470,343084,411,1121,3437,0.51366,0.82275,-1.9734
1140.4,589.63,654.69,-86.069,-1292.3,-631.93,5.2894e+05,456639,1,-7262.3,-20002,-10421,-9963.9,-3654.8,-4173.7,-2695.8,-7450.2,-3870.6,27735,342277,411,1121,3437,0.53784,0.82275,-1.967
1161,1382.1,675.65,2.6033,-1757.9,-790.34,6.0902e+05,456693,1,1.2882e+05,24157,23298,17661,-1314,1290.9,-840.04,672.21,184.7,1.343e+05,360850,411,1117,3435,0.2061,0.82275,-2.0287
1095.2,1443.7,573.66,49.094,-1646.7,-947.95,5.918e+05,456713,1,12376,916.38,843.07,-201.62,-538.45,-221.32,867.53,1093.9,490.26,12541,329853,411,1132,3444,0.081308,0.82275,-2.0376
4141.7,5703.9,1379.1,679.9,-5334.7,-4761.2,6.0962e+05,456741,1,1.6686e+05,-41666,-24726,1.1448e+05,-31430,-18536,25659,34104,12480,2.1588e+05,365516,411,1128,3442,-0.093808,0.82275,-2.037
742.92,1283.5,299.92,-1.4756,-332.83,-1476,5.5464e+05,457395,1,-330.56,1564.4,-1995.9,-1632.1,1383.4,-4333.6,18.54,720.69,-590.26,5546.8,299181,411,1090,3415,-1.8072,0.82275,0.94467
-223.42,-27.606,23.68,-157.6,131.09,96.009,4.188e+05,457989,1,-49514,12855,-33384,2658.9,2047.8,3201,-34463,11064,-22171,74529,354361,411,1125,3439,1.2822,0.81022,-1.592
557.89,-34.362,506.03,-58.01,-676.11,-328.63,4.3203e+05,457991,1,-39799,12660,-25356,-2374.8,6873.8,1607.9,-24831,11091,-14203,58172,351537,411,1125,3439,1.2724,0.81022,-1.5999
1180.3,-203.51,448.4,-158.95,-674.26,-1075.1,5.6062e+05,458115,1,13684,-4820.3,2095.2,-2774.3,-43426,-18694,918.13,-18219,-7260.8,53323,350596,411,1121,3437,0.58739,0.81022,-1.958
995.95,142.47,523.94,-165.51,-835.79,-748.86,5.4086e+05,456637,1,-3318.9,-28352,-12831,-29016,-16551,-14844,-7863.9,-12960,-7608.9,51024,350083,411,1121,3437,0.5499,0.82275,-1.9636
1248,838.83,707.07,-3.0681,-1569.5,-545.85,5.3548e+05,458119,1,-5656.7,-11687,-6508.5,-18056,-47783,-25021,-5361.1,-13948,-7339.5,61019,352089,411,1127,3441,0.56332,0.81022,-1.965
965.93,466.11,358.22,72.721,-966.65,-582.15,5.9704e+05,456645,1,26250,-14975,370.05,18288,-5338.3,2428.6,13853,-5598.8,1196.6,38032,346603,411,1121,3437,0.50155,0.82275,-1.9765
1046.8,572.11,458.11,37.36,-1134.1,-587.82,5.9436e+05,458129,1,15239,-4808.5,1879.1,20226,-8483.9,1676.4,12527,-6586.9,492.48,30714,343624,411,1121,3437,0.50278,0.81022,-1.9814
1141.4,1361.9,661.7,-2.9428,-1733,-769.46,6.1189e+05,458177,1,98676,12247,15213,15714,3499.8,3039.9,-2409.2,979.72,137.11,1.0195e+05,357903,411,1123,3438,0.20661,0.81022,-2.0337
1076.6,1468,571.3,50.146,-1668.5,-924.3,5.9188e+05,458197,1,14847,711.16,849.68,-603.12,-1187.1,-497.27,210.5,204.67,99.4,14960,333159,411,1132,3444,0.081508,0.81022,-2.0426
2958.4,4420,795.71,763.15,-4055.7,-3448.3,6.1405e+05,458225,1,2.3985e+05,89362,24705,1.7166e+05,1.4361e+05,48841,-4431.7,31774,12797,3.4611e+05,367449,411,1133,3445,-0.094039,0.81022,-2.042
723.07,1279,285.29,-1.5747,-316.86,-1462.8,5.5068e+05,458879,1,-340.66,1202.4,-1678.2,-1899.5,60.512,-3685.8,183.96,862.11,-384.8,4743.4,292234,411,1090,3415,-1.8116,0.81022,0.94699
267.69,-160.74,282.6,-109.14,-296.71,-278.22,4.3206e+05,459477,1,-46145,21101,-26240,-292.08,6744.9,3155.7,-28953,16410,-14893,68176,353348,411,1136,3447,1.2755,0.79766,-1.6037
1018.3,278.01,578.67,-147.33,-989.64,-669.26,5.337e+05,458117,1,-834.7,-15795,-6739.3,-34041,-52201,-31569,-7830,-18419,-9939.9,75335,354489,411,1127,3441,0.57537,0.81022,-1.9615
1142.6,735.7,578.31,6.396,-1361.2,-572.95,5.9078e+05,459615,1,8758.8,-7220.3,-718.92,23374,-9219,2183.5,12137,-5984.4,646.3,30806,343669,411,1134,3446,0.50399,0.79766,-1.9862
2946,1575.7,577.63,330.62,-2349.4,-2422.1,6.0632e+05,459661,1,79029,42001,24743,2791.3,8191.3,3456.6,10087,1633.2,1783.2,93895,356963,411,1123,3438,0.21961,0.79766,-2.0373
1058.4,1496.8,577.65,44.424,-1697.6,-900.37,5.9079e+05,459683,1,14768,-1094.7,142.71,-470.53,-1323.8,-542.14,-338.98,-131.48,-59.483,14890,333091,411,1132,3444,0.081704,0.79766,-2.0475
1544.9,1537.8,456.99,66.194,-1419.8,-1714.7,6.0811e+05,459711,1,2.0956e+05,43867,7984.3,36956,99453,37366,-40062,18413,8972.5,2.4613e+05,366275,411,1133,3445,-0.094266,0.79766,-2.0469
706.72,1279.4,273.81,-1.3504,-304.2,-1455.6,5.5461e+05,460365,1,-378.64,1003.4,-1565.6,-1818.5,25.578,-3499.6,57.245,542.14,-346.48,4424.2,288978,411,1090,3415,-1.816,0.79766,0.94927
-143.92,-269.01,-34.767,-154.31,216.29,-153.93,4.3191e+05,460965,1,-53704,33398,-26424,4973.1,3749.3,5848.3,-34010,24648,-15023,82223,355494,411,1136,3447,1.2785,0.78507,-1.6075
593.08,-218.32,424,-47.252,-573.76,-497.74,4.4602e+05,460967,1,-40419,24850,-19747,-6617.7,10500,-87.092,-25277,19587,-10388,62656,352379,411,1136,3447,1.2686,0.78507,-1.6154
1036.3,337.74,379.59,10.892,-913.84,-704.85,5.9448e+05,459617,1,13652,-14695,-2562.6,25345,-8421.7,2923.9,14113,-6407.4,924.66,37038,346264,411,1134,3446,0.49179,0.79766,-1.9892
1120.8,518.79,467.74,12.347,-1136,-673.3,5.8673e+05,461105,1,10201,-3180.5,1247.5,27082,-11814,2051.8,12433,-5312,982.82,34304,345209,411,1134,3446,0.49296,0.78507,-1.9939
2928.6,492.08,562.1,1.2101,-1477.8,-2636.5,6.0646e+05,459655,1,1.8676e+05,52965,45008,35656,13722,10073,-1072.3,9836.8,3740.9,2.0343e+05,365059,411,1131,3443,0.25707,0.79766,-2.0329
2236.2,475.95,475.97,-9.1121,-1244.2,-1976.2,6.1207e+05,461143,1,1.3249e+05,41659,33274,-983.01,-575.23,-212.12,-9228.6,5197.1,860.08,1.4321e+05,361569,411,1131,3443,0.25768,0.78507,-2.0377
2916.3,935.66,721.4,-3.6459,-1892.4,-2513.8,5.9454e+05,459657,1,1243.4,52647,20799,-34423,3381.4,-2819.8,-12062,7120.4,1332.1,67884,353300,411,1131,3443,0.24459,0.79766,-2.0345
2940.5,1419.5,870.11,19.719,-2351.4,-2426.8,6.0303e+05,459659,1,-3221.9,49869,19172,-25292,5095.3,-936.64,3473,6667.4,2963.4,59972,351880,411,1131,3443,0.23211,0.79766,-2.0359
1083.5,1508.6,578.3,39.22,-1713,-921.13,5.892e+05,461171,1,8882.7,-871.83,12.078,-1870.3,-362.27,-222.66,629.11,-148.53,-25.905,9152,321096,411,1132,3444,0.081898,0.78507,-2.0523
5334.4,1066.8,-769.42,900.32,-197.51,-5416.3,6.1069e+05,461197,1,2.0008e+05,65179,16317,-54442,46411,19891,-46717,-281.78,1997.1,2.2858e+05,365893,411,1128,3442,-0.081898,0.78507,-2.0523
693.18,1278.6,267.94,-1.3652,-297.86,-1448.6,5.5654e+05,461853,1,-395.67,890.96,-1492.3,-1760.7,56.611,-3414.5,-24.155,332.58,-321.58,4260.8,287343,411,1090,3415,-1.8203,0.78507,0.95152
-32.005,-441.22,-2.6515,-171.55,190.61,-360.47,4.3815e+05,462455,1,-58394,44751,-24484,617.37,7630.2,4200.7,-34099,31323,-11843,91501,356645,411,1139,3450,1.2716,0.77246,-1.6191
845.33,-347.34,432.96,42.661,-690.48,-737.63,4.7812e+05,462457,1,-38576,30056,-15786,-8038.8,28115,7079.3,-20273,28279,-2381.3,69009,353477,411,1139,3450,1.2616,0.77246,-1.6269
1020.5,456.49,431.09,-8.4263,-1022.7,-624.26,5.5008e+05,462595,1,5493.4,-10760,-2801.8,13014,-15309,-2839.1,-25506,-10961,-10288,37976,346577,411,1137,3448,0.48183,0.77246,-2.0016
1762.5,520.77,422.61,-2.5923,-1134.4,-1506.4,6.1447e+05,462631,1,1.3763e+05,28176,28527,-6167,1827.2,17.319,-11019,4748.3,415.32,1.4399e+05,361635,411,1140,3451,0.25828,0.77246,-2.0425
1105.7,1505.2,585.21,22.553,-1716.3,-940.48,5.8496e+05,462659,1,6428.5,-2830,-822.86,-943.92,-119.98,-86,53.106,-151.6,-52.439,7138.1,312256,411,1132,3444,0.082089,0.77246,-2.0571
5309.7,243.61,-260.51,162.83,302.71,-5310.5,6.0504e+05,461195,1,-1.5495e+05,90945,39515,3996,96598,36945,66280,17871,4694.7,2.2201e+05,365724,411,1128,3442,-0.069303,0.78507,-2.0528
3165.4,-862.71,-184.96,-229.99,1134.5,-3075.4,5.7728e+05,462683,1,-1.1401e+05,1.2653e+05,51227,22413,16311,5783.1,46612,-15157,-7195.2,1.8678e+05,364331,411,1128,3442,-0.069465,0.77246,-2.0576
680.98,1277.7,264.19,-1.5894,-293.98,-1442.1,5.5234e+05,463341,1,-382.56,833.92,-1409.5,-1724,9.4872,-3309.3,-28.915,291.11,-291.72,4113.7,285661,411,1090,3415,-1.8245,0.77246,0.95374
-6.6412,-945.46,-189.52,-189.97,492.48,-806.99,4.3816e+05,463947,1,-51767,53354,-15338,28999,76.282,22664,-20068,32259,-559.72,92520,356775,411,1141,3452,1.2645,0.75981,-1.6306
1645.4,150.66,1255.3,-742.71,-1418.8,-1319.5,5.7191e+05,464087,1,-1.5427e+05,-7720.7,-38700,-45828,14555,-4909.6,-44861,5106.3,-8609.4,1.7264e+05,363582,411,1137,3448,0.47062,0.75981,-2.0091
844.17,1072.2,1451.6,-766.36,-1831.7,-164.45,5.7832e+05,462597,1,-1.9289e+05,-66671,-70279,-66615,-71234,-43381,-52120,-26178,-22457,2.4878e+05,366316,411,1137,3448,0.46954,0.77246,-2.0045
1669.8,565.97,372.69,45.173,-1136.2,-1398,6.078e+05,464121,1,1.6598e+05,-13006,16571,-20022,4190.2,-971.66,-13020,2331.7,-777.01,1.6908e+05,363379,411,1140,3451,0.25887,0.75981,-2.0471
979.39,1505.3,592.71,5.1193,-1694,-840.63,5.8341e+05,462661,1,6284.6,-7806.8,-2708.2,1148.2,-581.85,-184.16,251.62,360.37,141.47,10428,324648,411,1132,3444,0.069465,0.77246,-2.0576
949.34,1476.3,578.73,1.5163,-1647,-838.45,5.8371e+05,462663,1,1795.9,-7231.5,-2663.1,2161.2,-830.31,-251.81,1212.7,230.49,120.12,8341.1,318286,411,1132,3444,0.056838,0.77246,-2.058
1033.6,1468,562.66,0.19139,-1626.1,-946.36,5.8212e+05,464155,1,2413.9,-6093.9,-2202.7,1968.2,-2016.1,-697.49,1223.1,-256.96,-66.821,7603,314757,411,1132,3444,0.044311,0.75981,-2.063
1664.1,-230.44,175.69,-297.09,296.67,-1636.1,5.1538e+05,464173,1,-60803,55505,22520,17045,-51672,-19422,21221,-20165,-8137.1,1.0745e+05,358506,411,1128,3442,-0.069623,0.75981,-2.0623
669.59,1278.7,259.82,-2.0422,-289.5,-1437.8,5.4601e+05,464831,1,-355.34,780.97,-1300.1,-1750.8,-193.65,-3195.7,17.244,333.81,-232.09,3988.4,284058,411,1090,3415,-1.8287,0.75981,0.95591
-213.48,-1250.5,-480.44,-188.2,933.63,-965.97,4.2973e+05,465441,1,-35025,52142,-3121.3,22154,-20290,7936.1,-11691,23770,1891.7,75007,354436,411,1141,3452,1.2573,0.74713,-1.642
1742.6,1034.3,1260.9,-429.36,-2159.4,-921.43,5.7885e+05,465579,1,-1.3337e+05,32220,-19065,-13475,-11050,-7326.8,-18954,16441,1588.1,1.4206e+05,361470,411,1137,3448,0.47167,0.74713,-2.0136
3256.4,700.63,277.32,363.53,-1714.1,-2846.4,6.0834e+05,465613,1,93496,-14316,6229.6,-50210,365.35,-6345.2,-5843.3,3200.4,462.4,1.0766e+05,358525,411,1140,3451,0.25945,0.74713,-2.0517
993.78,1445.8,548.32,-0.58984,-1583.9,-932.74,5.8247e+05,464157,1,2891.9,-5821.7,-2102.5,1759.3,-2794.4,-999.89,1196.4,-517.55,-171.82,7765.8,315607,411,1128,3442,0.031652,0.75981,-2.0632
947.69,1424.9,533.02,0.38404,-1543.1,-911.79,5.8124e+05,464159,1,3892.7,-5953.2,-2153.9,2336.1,-3440.9,-1244.3,1502.6,-774.77,-272.07,8775.5,319656,411,1128,3442,0.018992,0.75981,-2.0634
989.12,1447.7,525.44,0.55956,-1547.9,-976.79,5.6756e+05,465653,1,3608.7,-6108.6,-2193.4,3329.8,-4132,-1481.7,1729.7,-1270.3,-452.28,9503.5,322173,411,1128,3442,0.0063449,0.74713,-2.0681
847.49,1113,510.96,-124.21,-1156.7,-929.84,4.6489e+05,465663,1,-24694,-70.391,725.23,15207,-40106,-14960,4696.8,-6643,-2548.9,52408,350394,411,1128,3442,-0.057096,0.74713,-2.0673
658.78,1283.3,254.87,-2.0178,-284.14,-1437,5.44e+05,466323,1,-331.95,719.4,-1193.2,-1791.9,-392.1,-3114.4,49.249,317.6,-153.37,3904.1,283033,411,1090,3415,-1.8328,0.74713,0.95806
-621.94,-775.14,-592.63,-166.84,1089.2,-353.24,4.1782e+05,466937,1,-25787,42569,-524.83,12797,-42355,-9137.3,-13230,12041,-4611,69712,353611,411,1141,3452,1.2499,0.73443,-1.6533
-330.76,-730.76,-350.47,-165.83,725.96,-460.14,4.1604e+05,466939,1,-32066,29065,-11094,2067.9,-25177,-9519.4,-21027,7968,-12161,58123,351527,411,1141,3452,1.2398,0.73443,-1.6609
2561.7,616.49,793.43,12.973,-2043.1,-1843.2,6.0975e+05,467075,1,-69638,1.0042e+05,20524,7024.7,22838,9907,16838,19382,10866,1.2962e+05,360492,411,1137,3448,0.46032,0.73443,-2.0209
2762.2,-359.25,304.19,-61.739,-691.89,-2714.6,5.9586e+05,467105,1,-91562,75254,14462,-41075,811.86,-4958.3,8877.2,3319.4,2372.3,1.2674e+05,360249,411,1138,3449,0.27263,0.73443,-2.0546
2899.4,681.34,261.25,326.12,-1598,-2505.7,6.0635e+05,467107,1,64642,42108,22873,-49380,-45.042,-6332.4,-9414,1988.5,-452.46,95111,357113,411,1138,3449,0.26002,0.73443,-2.0562
929.01,1386.2,494.55,3.1801,-1464.3,-940.75,5.5922e+05,465655,1,6237.7,-8092.8,-2951.2,5949.5,-5371.1,-1962.3,2728.4,-2081.6,-760.62,13913,332050,411,1128,3442,-0.0063447,0.74713,-2.0681
982.61,1417.3,511.38,-17.127,-1482.3,-1019.1,5.2578e+05,467151,1,5127.1,-9378.7,-3378.6,1780.3,-11336,-4026.4,451.94,-3099.5,-1102.2,16869,334971,411,1128,3442,-0.019076,0.73443,-2.0725
834.58,1281.4,454.14,1.0704,-1339.1,-866.94,5.3794e+05,465657,1,10111,-9809.1,-3655.3,7175.3,-4990.6,-1862,1939.8,-3188.9,-1168.2,17520,335555,411,1128,3442,-0.019034,0.74713,-2.068
879.07,1534.3,563.41,-36.262,-1581.6,-970.27,4.5878e+05,467155,1,-6410.8,-15237,-5251.6,731.94,-15628,-5603.5,-633.2,-1077.9,-378.94,24057,340221,411,1128,3442,-0.044507,0.73443,-2.0721
633.96,1244.6,249.81,-1.7945,-279.34,-1391.2,5.4713e+05,467819,1,-305.55,672.82,-1084.4,-1789.5,-486.9,-3004.5,85.571,277.26,-48.387,3778.2,271171,411,1090,3415,-1.8309,0.73443,0.97141
-732.71,-348.11,-446.52,-190.24,903.73,67.018,4.1011e+05,468435,1,-37784,28356,-15884,9612.6,-26897,-4461.9,-22629,7979.4,-13422,63841,352562,411,1148,3457,1.2424,0.7217,-1.6645
-141.4,-331.07,-64.665,-138.72,262.01,-214.21,4.1973e+05,468437,1,-38645,19605,-20060,1554.1,-18729,-6925.8,-23859,5175.9,-15376,59278,351744,411,1148,3457,1.2322,0.7217,-1.6721
1343.1,98.802,482.69,-138.58,-918.16,-1088.3,5.899e+05,468573,1,11646,41018,17199,23086,-7422.4,2575.1,15774,-3129.5,2375.7,54524,350811,411,1137,3448,0.44887,0.7217,-2.028
2714.3,739.4,414.45,418.44,-2043.7,-1932.4,6.1463e+05,467077,1,59267,1.0628e+05,51472,26951,24101,14516,27001,1844.2,6675.4,1.4054e+05,361348,411,1137,3448,0.44791,0.73443,-2.0236
2026,543.76,238.97,194.61,-1207.5,-1720.9,6.0047e+05,468603,1,47202,22923,13851,-48893,9382.8,-2867.2,-14559,-2258.9,-2581.9,75205,354467,411,1138,3449,0.26058,0.7217,-2.0607
901.71,1456,527.23,-23.632,-1510.4,-963.84,4.9549e+05,467153,1,3692.8,-14792,-5302.1,-5068.9,-14474,-5056,-2606.3,-2504,-847.45,23132,339590,411,1128,3442,-0.031792,0.73443,-2.0724
636.44,1293.6,245.03,-0.9788,-272.98,-1436.7,5.5207e+05,469313,1,-210.9,793.84,-996.4,-1618.4,-301.46,-2861.8,123.4,354.97,-30.203,3565.1,267826,411,1090,3415,-1.8408,0.7217,0.96223
-411.48,-86.973,-133.23,-157.59,391.21,129.46,4.1944e+05,469935,1,-48455,21095,-26874,8660.5,-16598,-601.83,-28182,7533.9,-17639,70909,353806,411,1148,3457,1.2348,0.70894,-1.6757
1091.2,895.87,592.08,-35.163,-1465.5,-441.41,5.3471e+05,470071,1,-2986.2,9318.9,2619,19822,-32401,-6984.7,6417.1,-6275.2,-795.84,40931,347566,411,1137,3448,0.44982,0.70894,-2.0323
1890.6,246.1,343.87,-19.068,-948.7,-1689,5.7878e+05,470101,1,-14409,34845,9935.9,-59863,-10109,-10930,-6550.5,-10451,-4395.9,74143,354314,411,1138,3449,0.26113,0.70894,-2.065
624.42,1296.6,239.33,-0.82648,-266.71,-1434.3,5.5296e+05,470811,1,-153.39,864.65,-931.64,-1521.3,-205.75,-2762.7,169.24,437.86,1.2211,3442.2,264323,411,1090,3415,-1.8447,0.70894,0.96426
-691.26,125.4,-237.79,-167.7,566.62,448.24,4.2444e+05,471435,1,-51435,16672,-30956,8925,-10451,2234.8,-29619,6979.8,-18926,73211,354177,411,1148,3457,1.2374,0.69616,-1.6791
67.768,32.662,178.72,-88.929,-172.23,-5.033,4.3598e+05,471437,1,-42513,8845.2,-27385,6648.4,-6195,2291.5,-23931,3390.8,-16067,59713,351825,411,1148,3457,1.227,0.69616,-1.6867
1141.1,361.27,478.82,-99.692,-1020.4,-781.51,5.7229e+05,470073,1,10184,4271.8,3640.4,35946,-44873,-7847.7,10911,-15420,-3049,62199,352306,411,1144,3453,0.43734,0.70894,-2.035
1069.1,1074.6,595.85,-6.0903,-1590.4,-351.41,4.7849e+05,471575,1,4240.1,-2413.7,42.291,13674,-46246,-13052,3349.2,-9196.2,-2465.3,51203,350122,411,1144,3453,0.42573,0.69616,-2.0419
899.81,-471.68,346.65,-365.32,-11.119,-1009.3,5.5042e+05,470099,1,-74008,9272.9,-6650.7,-15286,-23725,-9926.8,-3483.7,-8949.5,-3525.5,81285,355366,411,1138,3449,0.2738,0.70894,-2.0634
764.9,228.12,412.59,-215.57,-613.39,-620.19,5.3472e+05,471597,1,-15314,-29475,-12042,-20398,-65736,-24930,-6810.6,-13387,-5453.8,81285,355365,411,1138,3449,0.28705,0.69616,-2.0659
612.2,1300,232.85,-0.75819,-259.59,-1432.3,5.4974e+05,472311,1,-122.14,855.31,-849.77,-1519.3,-268.72,-2712.7,220.96,471.68,82.892,3389.1,254311,411,1090,3415,-1.8485,0.69616,0.96626
-0.39651,86.533,156.95,-93.963,-132.45,75.828,4.4285e+05,472937,1,-47287,-1107.9,-34873,9486.7,3181.3,8163.6,-25075,1436.1,-17685,67556,353249,411,1148,3457,1.2295,0.68334,-1.6901
1066.5,979.66,577.43,-26.301,-1502,-417.14,4.8683e+05,471577,1,-1123.2,-10380,-3794.6,14923,-62174,-18335,1706.8,-11847,-3725.1,68593,353417,411,1145,3454,0.41319,0.69616,-2.0445
1075.1,792.35,559.26,-73.886,-1342.8,-536.57,5.017e+05,471579,1,-3465,-7376.5,-3206.4,24622,-69566,-19011,2276.6,-11755,-3585.7,77718,354845,411,1145,3454,0.40064,0.69616,-2.0469
1169.3,454.63,537.87,-150.99,-1095.7,-800.01,5.31e+05,471581,1,-13136,6848.7,-185.03,29646,-74769,-19850,4471.6,-11318,-3024.9,85088,355845,411,1145,3454,0.38807,0.69616,-2.0494
1061.6,1129.6,579.41,-9.019,-1609.5,-385.11,4.8204e+05,473083,1,-1513.5,9376.4,2855.5,16022,-49147,-13546,3463.2,-6511.9,-1551.7,54871,350879,411,1145,3454,0.37625,0.68334,-2.0559
1054.2,1198.8,563.42,-13.416,-1622.6,-482.79,4.8543e+05,473095,1,116.25,-9151.6,-3043.4,-9247,-53937,-19316,-1779.1,-9570.9,-3449.5,59729,351831,411,1147,3456,0.30033,0.68334,-2.0683
600.07,1304.3,225.9,-0.67352,-251.93,-1431.3,5.4677e+05,473811,1,-94.052,859.7,-786.54,-1517.2,-323.76,-2673.7,258.36,504.95,137.88,3356,253386,411,1090,3415,-1.8522,0.68334,0.96822
35.327,2.0091,133.64,-82.517,-109.88,-15.123,4.503e+05,474439,1,-56769,-8101.3,-44539,12412,13697,14413,-28951,1178,-20631,84182,355730,411,1148,3457,1.232,0.67051,-1.6935
1066.8,1014.2,558.46,-31.13,-1503.6,-465.33,5.0017e+05,473085,1,-875.24,7246.1,2271,11321,-64930,-19733,2016.6,-10348,-3110.5,70091,353683,411,1146,3455,0.36363,0.68334,-2.0581
1073.6,931.75,542.35,-47.255,-1425.7,-529.25,5.1298e+05,473087,1,327.77,4865.3,1681.3,7809.3,-62091,-19394,1997.1,-10313,-3105.6,66626,353071,411,1146,3455,0.35099,0.68334,-2.0603
1081.2,858.61,519.41,-53.985,-1351.8,-587.99,5.2398e+05,473089,1,1309,2930.4,1188,3496.4,-70840,-23042,2136.1,-14006,-4320.7,76109,354602,411,1147,3456,0.33835,0.68334,-2.0625
1034.7,950.81,532.22,-50.963,-1407,-524.93,5.068e+05,473091,1,5315.2,-8262.2,-1906.5,-3873.3,-72538,-24816,-711.54,-14843,-5069.7,78989,355035,411,1147,3456,0.32568,0.68334,-2.0645
1047,1061.8,546.34,-34.435,-1503.7,-509.68,4.9914e+05,473093,1,-245.28,-10291,-3476.6,-6457.5,-62879,-21936,-614.57,-11899,-4063.3,68943,353469,411,1147,3456,0.31301,0.68334,-2.0664
587.8,1309.2,218.51,-0.50116,-243.74,-1431,5.4655e+05,475313,1,-63.049,881.86,-731.36,-1486.6,-333.13,-2615.5,283.04,534.22,172.01,3297.5,252236,411,1090,3415,-1.8559,0.67051,0.97015
229.37,-301.3,123.81,-56.892,-125.64,-373.77,4.5558e+05,475943,1,-51531,-489.91,-37812,9498.7,11408,11382,-26961,4377.5,-17975,74192,354321,411,1148,3457,1.2344,0.65765,-1.6968
579.03,1269.6,222.54,-0.65446,-249.02,-1391,5.4696e+05,475315,1,-88.387,809.88,-719.5,-1549.4,-396.1,-2649.5,291.06,481.21,220.05,3335.2,253007,411,1090,3415,-1.8499,0.67051,0.98152
575.26,1314.1,210.88,-0.22731,-235.2,-1430.7,5.4925e+05,476817,1,-32.054,878.17,-653.77,-1446,-343.77,-2530.6,308.45,530.65,231.22,3200.5,249582,411,1090,3415,-1.8595,0.65765,0.97203
196.51,-431.3,41.949,-48.377,-7.1713,-473.29,4.5065e+05,477447,1,-43459,4761,-29963,4189.7,3932.6,4618.8,-24683,5705.7,-15849,61290,352148,411,1148,3457,1.2367,0.64476,-1.7
562.64,1318.5,203.3,-0.061521,-226.78,-1430,5.5229e+05,478321,1,-9.6065,874.01,-595,-1384.1,-300.6,-2449.2,317.05,505.18,272.98,3090.8,246713,411,1090,3415,-1.8631,0.64476,0.97389
95.972,-412.81,-36.875,-35.98,102.36,-411.35,4.2474e+05,478953,1,-37359,7652.5,-24471,-825.74,578.87,-346.03,-23560,4644.1,-15463,53572,350638,411,1148,3457,1.239,0.63185,-1.7032
550.42,1322.6,196.37,-0.059006,-219.15,-1429.2,5.5292e+05,479827,1,-11.093,838.25,-564.31,-1372.7,-313.55,-2422.9,311.22,449.41,303.85,3044,210633,411,1090,3415,-1.8665,0.63185,0.9757
-110.99,-381.41,-129.55,-69.476,290.86,-291.81,3.8395e+05,480461,1,-35226,9969.9,-22078,-4790,-3648,-4780.1,-24809,3280.6,-16879,52896,350509,411,1148,3457,1.2413,0.61891,-1.7063
539.02,1327.3,190.64,-0.044574,-212.84,-1429.5,5.5227e+05,481335,1,-3.0637,785.3,-503.33,-1377.1,-375.21,-2396.9,317.41,369.25,372.94,3004.8,208629,411,1090,3415,-1.8699,0.61891,0.97748
-326.7,-322.22,-186.91,-128.25,455.6,-146.55,3.5437e+05,481969,1,-37564,12023,-23076,-4885.3,-6526.1,-5838.4,-26614,2027.4,-18646,56998,351319,411,1148,3457,1.2435,0.60595,-1.7093
533.41,1368.2,179.27,0.066386,-199.61,-1465.9,5.5408e+05,482841,1,27.243,814.31,-457.07,-1321.4,-393.81,-2319.2,325.49,385.84,390.2,2925.7,207267,411,1090,3415,-1.8792,0.60595,0.96771
-448.42,-198.39,-186.44,-162.34,498.65,13.609,3.4453e+05,483479,1,-40538,5306.4,-27652,-4576.2,-6860.9,-5705.6,-28681,-878.22,-21178,61713,352220,411,1148,3457,1.2456,0.59297,-1.7123
522.1,1373.8,174.12,0.25791,-193.86,-1467.2,5.5637e+05,484351,1,50.749,774.04,-373.69,-1309.2,-416.4,-2284.7,356.93,309.13,503.07,2885.2,206320,411,1090,3415,-1.8825,0.59297,0.96939
-556.79,-115.34,-178.28,-207.32,543.32,130.09,3.3779e+05,484991,1,-46955,-637.49,-34317,-4054.5,-6159.4,-5032.1,-32346,-3417.8,-24680,71621,353910,411,1160,3458,1.2478,0.57997,-1.7152
511.19,1379.7,169.77,0.48201,-188.98,-1469,5.5841e+05,485863,1,70.961,780.69,-330.29,-1299,-437.09,-2264.5,386.34,308.41,565.86,2880.1,206214,411,1090,3415,-1.8857,0.57997,0.97104
-448.19,-24.845,-81.733,-197.29,377.93,162.52,3.3542e+05,486503,1,-51827,-6715.1,-39847,-1606.1,-5183.1,-2881.7,-33110,-5497.6,-25887,78443,354960,411,1160,3458,1.2498,0.56694,-1.718
500.75,1386.2,166.34,0.84744,-185.05,-1471.7,5.6058e+05,487375,1,123,707.07,-173.67,-1318.1,-523.57,-2254.8,483.34,197.33,823.11,2931.1,207354,411,1179,3461,-1.8888,0.56694,0.97265
-291.68,48.825,20.261,-169.62,180.67,162.67,3.5009e+05,488015,1,-53840,-7784.6,-41713,1314.1,-2660.3,89.829,-33797,-5377.2,-26367,81020,355322,411,1160,3458,1.2519,0.5539,-1.7208
491.26,1394.3,164.23,1.3134,-182.54,-1476.2,5.6413e+05,488887,1,186.4,650.07,-8.0629,-1343.8,-643.92,-2243.8,600.46,140.71,1085.8,3045,210667,411,1179,3461,-1.8919,0.5539,0.97422
490.71,1428.1,148.36,1.1692,-164.44,-1508.4,5.6841e+05,488885,1,189.46,820.53,-99.034,-1301.7,-642.96,-2196.6,611.8,430.45,957.97,3021.4,209625,411,1179,3461,-1.8978,0.5539,0.9626
-136.97,53.056,107.76,-149.52,15.19,102.97,3.5663e+05,489529,1,-54413,-13521,-43850,1765.5,80.695,1308.1,-32468,-7211.3,-25916,81020,355323,411,1160,3458,1.2538,0.54083,-1.7235
479.21,1438,142.14,1.7599,-157.29,-1514.3,5.7221e+05,490399,1,263.71,818.57,60.092,-1321.3,-769.12,-2173.6,757.3,486.91,1219.4,3178.4,249054,411,1179,3461,-1.9008,0.54083,0.96411
84.856,46.587,221.2,-114.01,-212.61,10.073,3.6726e+05,491045,1,-53261,-9120,-41612,1404.3,1174.8,1375.3,-30853,-4964.1,-24020,78805,355011,411,1160,3458,1.2558,0.52774,-1.7262
467.92,1449.5,134.8,1.9808,-149.07,-1521.9,5.7604e+05,491915,1,349.38,954.51,167.44,-1334.2,-844.2,-2168.8,922.25,833.04,1364.2,3415.1,254774,411,1179,3461,-1.9037,0.52774,0.9656
234.94,37.611,297.74,-90.907,-366.15,-54.168,3.8498e+05,492561,1,-51085,-9125.5,-39987,-41.923,876.71,219.58,-28991,-4629.8,-22539,75251,354475,411,1160,3458,1.2576,0.51463,-1.7288
452.14,1461.7,118.3,2.0938,-130.7,-1529,5.776e+05,493431,1,427.59,1202.1,202.63,-1371.1,-1014,-2163.9,1101.3,1439.3,1405.6,3810.4,271528,411,1179,3461,-1.9066,0.51463,0.96704
338.69,22.309,350.06,-76.54,-470.06,-104.57,3.8979e+05,494079,1,-50301,-5373.2,-38269,-927.1,1180.5,-343.12,-28023,-2803.6,-21273,72606,354071,411,1160,3458,1.2595,0.50151,-1.7313
434.55,1477.7,94.856,1.4618,-104.94,-1539.6,5.7789e+05,494949,1,296.35,1170.3,-23.378,-1307.4,-1094.4,-2009.3,858.45,1452.3,937.01,3482.3,265790,411,1179,3461,-1.9094,0.50151,0.96845
455.66,7.2147,405.55,-56.797,-586.54,-157.8,3.9496e+05,495599,1,-52828,-6927.9,-40560,-2484.4,1561.7,-1384.5,-29207,-3314.6,-22284,76518,354660,411,1164,3459,1.2613,0.48836,-1.7337
419.28,1462.2,89.018,1.0381,-98.961,-1520.5,5.7798e+05,496471,1,325.27,1266.2,-0.046568,-1458.7,-1409.7,-2129.7,970.54,1756,1007,3924.2,283261,411,1179,3461,-1.9061,0.48836,0.98154
439.39,1441,118.99,1.3371,-132.26,-1505.3,5.7725e+05,494951,1,466.27,1378.9,197.74,-1535.7,-1226.3,-2351,1242.9,1856,1460.3,4320.8,287973,411,1179,3461,-1.9034,0.50151,0.98015
476.97,-8.7593,410.56,-52.091,-601.99,-176.16,4.1049e+05,497119,1,-38681,-1367.3,-28589,-2131.3,991.56,-1290.8,-20925,-322.65,-15358,54740,350857,411,1164,3459,1.263,0.4752,-1.7361
403.1,1449.4,80.574,0.86938,-89.903,-1503.9,5.8231e+05,497993,1,275.65,1303,-96.768,-1607,-1743,-2238.9,1074.1,1949,1118,4314.9,287909,411,1179,3461,-1.9027,0.4752,0.99459
424.5,1423.8,114.89,1.3079,-128.11,-1484.7,5.7894e+05,496473,1,495.57,1554.9,183.44,-1780.9,-1618,-2611.4,1512.7,2368.8,1728.1,5117.8,295563,411,1179,3461,-1.9,0.48836,0.99322
505.45,-25.582,419.74,-46.512,-625.42,-197.47,4.1828e+05,498639,1,-37215,-1103.5,-27462,-1993.5,233.31,-1394.5,-20129,-397.37,-14805,52639,350448,411,1164,3459,1.2647,0.46201,-1.7385
404.72,1407,110.79,5.6992,-121.67,-1463.2,5.7743e+05,497995,1,767.8,1616.1,677.22,-2016.8,-2235.4,-2746.3,2195.5,2730.9,2840.6,6372.9,307332,411,1179,3461,-1.8965,0.4752,1.0062
384.91,1441.4,72.251,3.5366,-79.464,-1491.5,5.8179e+05,499515,1,380.26,1336.3,97.114,-1754.9,-1879.9,-2439.3,1499.2,2076.2,1859.2,4951.6,294086,411,1179,3461,-1.8991,0.46201,1.0076
-523.93,-70.037,-152.33,-198.69,500.45,112.6,3.8038e+05,498637,1,-55145,-7581.9,-42642,680.16,-1462.4,123.33,-35478,-4309.2,-27306,83320,355623,411,1164,3459,1.2753,0.46201,-1.7307
-338.47,-52.44,-63.105,-157.54,304.2,62.756,3.8513e+05,500157,1,-53690,-9111.8,-41964,1413.5,-654.49,881.18,-34045,-4367.9,-26256,81224,355351,411,1164,3459,1.277,0.44881,-1.7329
389.3,1389.1,120.7,12.711,-129.57,-1441.8,5.8034e+05,499517,1,1255.7,2333.4,1266.1,-2147.4,-2206.8,-2993,3028.5,3680.3,3950.1,8086,317397,411,1179,3461,-1.8928,0.46201,1.0192
363.65,1427.7,67.471,9.2842,-71.307,-1473.1,5.8269e+05,501037,1,447.87,1134.3,322.94,-1916,-2061,-2648.6,1822.3,2358,2330,5553,299244,411,1179,3461,-1.8953,0.44881,1.0206
-272.59,-52.036,-31.772,-143.74,236.36,38.649,3.9422e+05,501679,1,-54215,603.04,-39808,560.65,462.93,538.02,-33494,308.86,-24621,79078,355046,411,1164,3459,1.2786,0.4356,-1.7351
357.22,1455.9,44.884,0.98726,-50.172,-1498.9,5.8428e+05,502559,1,267.33,1174.3,-8.5634,-1686.6,-1673.1,-2400.1,1304.9,2175.9,1474.4,4633.2,291194,411,1179,3461,-1.8977,0.4356,1.0218
-378.76,-59.227,-83.038,-166.28,349.73,62.426,3.9112e+05,503203,1,-56242,4225.7,-40426,224.6,481.91,290.42,-35310,2540.3,-25426,81947,355453,411,1177,3460,1.2802,0.42237,-1.7372
349.74,1408.1,65.063,8.6878,-69.086,-1450.6,5.8438e+05,502561,1,495.7,1621.9,212.36,-2112.8,-2346,-2878.3,2204.4,3385.8,2585.2,6646.8,309302,411,1179,3461,-1.8914,0.4356,1.0335
342.03,1444.8,36.193,-0.016993,-41.027,-1484.6,5.9512e+05,504085,1,-54.863,1521.9,-722.85,-1880,-1926.1,-2633,1499.6,2476.3,1708.3,5321.4,297212,411,1179,3461,-1.8937,0.42237,1.0347
460.76,-46.119,380.25,-44.379,-568.15,-185.08,4.2188e+05,504729,1,-38433,3435.4,-27273,-1241.7,306.76,-829.15,-21134,2219.8,-14923,53938,350709,411,1177,3460,1.271,0.40912,-1.7471
-434.71,-56.924,-117.03,-171.41,412.86,77.961,3.9571e+05,504727,1,-55148,4616.2,-39608,561.6,-278.31,353.26,-36041,3106.5,-25884,81305,355372,411,1177,3460,1.2817,0.40912,-1.7393
310.88,1388.8,62.739,29.783,-55.219,-1423.2,5.8474e+05,504087,1,1579.5,1927.4,2029.5,-2093.2,-2468.5,-2784.8,3763.5,3618.4,5288.1,9153.1,321099,411,1179,3461,-1.8873,0.42237,1.0463
312.83,1429.3,34.47,13.54,-31.868,-1463.2,5.8124e+05,505611,1,1420.8,1212.7,2060.2,-1918.9,-2058.9,-2639.1,3329,2990.8,4789.6,8098.6,317444,411,1179,3461,-1.8895,0.40912,1.0476
404.05,-58.44,345.57,-51.593,-502.51,-175.83,4.0844e+05,506253,1,-37533,4879.7,-26293,-1232.8,1056,-651.62,-20755,2964.6,-14483,52690,350460,411,1177,3460,1.2724,0.39585,-1.7491
349.14,1370.1,126.35,16.781,-134.95,-1413,5.8667e+05,505613,1,2237.5,3740.1,2517.7,-1950,-2084.9,-2674.3,4215.1,6145.5,5113.3,9621.2,322570,411,1179,3461,-1.8831,0.40912,1.0591
305.95,1406.4,41.61,10.942,-41.474,-1439.2,5.8367e+05,507137,1,1206.3,2493.2,1196.3,-1602.8,-2146.3,-2045.9,2611.6,4502,2936.3,7495,314149,411,1179,3461,-1.8852,0.39585,1.0603
327.27,-75.113,299.14,-61.691,-413.33,-166.07,3.9421e+05,507777,1,-41487,7202,-28701,-1701.5,1054.5,-998.53,-23427,4518.1,-16112,58571,351617,411,1177,3460,1.2738,0.38257,-1.751
300.28,1404.7,38.801,6.4912,-40.825,-1436.4,5.7953e+05,508663,1,1136.8,2384.9,1133,-1421.9,-2179.1,-1713.5,2278.5,4141.1,2502.9,6824.6,310446,411,1179,3461,-1.8808,0.38257,1.0731
349.23,1366.6,126.85,9.4716,-139.99,-1409.2,5.8327e+05,507139,1,2472.9,4533.6,2652.1,-1569.2,-2352.4,-1887.9,4231.3,7317,4709.8,11785,327575,411,1179,3461,-1.8787,0.39585,1.0719
182.56,-97.026,217.81,-84.055,-249.78,-143.98,3.8124e+05,509303,1,-45222,13517,-30139,-2078.2,1212.2,-1242.6,-26173,7279.8,-17563,64729,352732,411,1177,3460,1.2752,0.36928,-1.7529
330.97,1373.1,96.966,4.6303,-108.84,-1411.5,5.8113e+05,508665,1,1750.3,4037.1,1594.6,-1553.7,-2367,-1850.5,3099.7,6549.2,3038.4,9750.8,323009,411,1179,3461,-1.8741,0.38257,1.0846
360.25,1341.5,149.94,2.1804,-171.71,-1386.5,5.8107e+05,508667,1,1503,4261.8,1077.2,-1632.3,-2394.7,-1949.2,2669.7,6868.1,2158.7,9630.1,322606,411,1179,3461,-1.8675,0.38257,1.0961
319,1336.8,90.291,-0.19842,-104.67,-1373.3,5.8e+05,510195,1,925.02,3698.3,323.97,-2234.3,-2227.8,-3011,1897.5,5905.6,1222.4,8580.8,319116,411,1179,3461,-1.8627,0.36928,1.1087
-42.404,-108.34,100.07,-122.01,-4.4924,-92.973,3.7012e+05,510831,1,-46560,12082,-31491,-2007,-509.3,-1546.2,-28361,7020.5,-19263,67357,353217,411,1177,3460,1.2765,0.35597,-1.7547
326.18,1273.9,117.75,-1.3866,-137.65,-1313,5.9322e+05,510197,1,341.78,4821.7,-1029.9,-1840.2,-2076.8,-2369.5,2429.6,7068.9,1673.3,9819,323188,411,1220,3463,-1.8558,0.36928,1.1201
289.95,1260.7,164.69,52.656,-160.47,-1293,5.8515e+05,510199,1,5001.9,4470.3,6642,-920.52,-3381.7,-403.23,9022.2,3635,13478,19438,337048,411,1220,3463,-1.8489,0.36928,1.1315
192.41,1339.3,92.94,102.72,-46.699,-1351.5,5.945e+05,511727,1,6686.6,5437,9104.7,-1218.9,-3710.7,-790.17,11642,3715.1,17749,25247,341056,411,1220,3463,-1.8508,0.35597,1.1326
-260.24,-82.469,-12.723,-153.91,225.49,-12.25,3.8236e+05,512359,1,-46381,12142,-31326,-1482.3,-2025.4,-1458.1,-27808,6525.4,-18950,66808,353105,411,1177,3460,1.2778,0.34265,-1.7564
141.01,1362.2,62.853,125.87,2.3866,-1365.1,5.9936e+05,513255,1,6465.2,2464,9701.9,-1477.1,371.87,-2487.3,12254,1052.7,19596,26187,341534,411,1220,3463,-1.8527,0.34265,1.1337
-426.78,-36.443,-105.91,-169.01,401.33,71.126,3.973e+05,513887,1,-48552,9402.6,-33539,1440.1,-2707.1,546.81,-30376,5855.9,-21013,70561,353758,411,1207,3462,1.279,0.32932,-1.7581
108.96,1324,48.639,131.49,22.444,-1322.6,6.0002e+05,514783,1,4869.4,1844.1,7306.5,-3076.3,1386,-5415.7,11920,156.4,19335,25242,341052,411,1220,3463,-1.8544,0.32932,1.1348
330.73,-47.775,289.42,-48.587,-420.86,-126.25,3.9349e+05,515417,1,-36352,10036,-24402,-189.73,167.25,-95.204,-19760,5851.6,-13196,51153,350115,411,1207,3462,1.2693,0.31597,-1.7675
69.838,1316.2,48.129,155.04,37.324,-1309.2,6.0091e+05,516311,1,12571,290.54,20277,-6770.8,1785,-11504,20136,-2771.5,33468,47790,349350,411,1220,3463,-1.8561,0.31597,1.1359
70.143,-66.044,159.2,-96.642,-137.14,-80.5,3.7831e+05,516945,1,-40298,18483,-25816,352,-412.45,207.97,-22835,9574.1,-14794,58858,351664,411,1207,3462,1.2704,0.30261,-1.7691
33.771,1314.2,51.304,178.86,48.093,-1302.6,6.0217e+05,517839,1,4286.3,1829.1,6369.3,-5891.9,-254.17,-9541.8,13463,43.143,21889,29129,342919,411,1220,3463,-1.8577,0.30261,1.1368
-172.69,-36.616,28.681,-127.76,125.11,2.6006,4.0129e+05,518475,1,-42910,13132,-28685,1923.1,-1807.9,1101,-25264,7950.7,-16867,61892,352244,411,1207,3462,1.2715,0.28924,-1.7705
6.2324,1311.4,53.773,195.05,55.106,-1296.8,6.0286e+05,519369,1,12904,345.69,20781,-8849.4,411.87,-14508,22355,-1747.5,36761,52361,350384,411,1220,3463,-1.8593,0.28924,1.1378
-339.8,0.062516,-79.103,-132.89,314.44,72.054,4.2532e+05,520007,1,-47001,14010,-31550,3766.9,-1148.7,2526.9,-27789,8685.3,-18604,67945,353311,411,1225,3464,1.2725,0.27586,-1.7719
-15.666,1314.8,57.885,208.19,58.359,-1298.3,6.0331e+05,520901,1,11436,1345.1,18145,-9189,-601.28,-14821,21733,-457.53,35428,49940,349861,411,1220,3463,-1.8608,0.27586,1.1387
244.96,-45.414,225.08,-47.081,-318.77,-94.321,4.1322e+05,521541,1,-39213,14898,-25743,611.85,697.31,549.94,-21685,8868,-14144,56324,351183,411,1225,3464,1.2626,0.26247,-1.7811
-30.738,1327.8,65.87,218.66,55.483,-1310.5,6.0372e+05,522433,1,12005,-155.86,19427,-10191,-1345.3,-16291,23015,-1444.4,37735,53370,350605,411,1220,3463,-1.8622,0.26247,1.1396
17.853,-51.152,101.3,-77.643,-65.503,-53.64,4.0912e+05,523073,1,-38121,15762,-24875,-748.22,149.75,-497.15,-22043,9073.5,-14396,55648,351048,411,1225,3464,1.2635,0.24907,-1.7823
-29.832,1364.2,75.456,218.94,44.551,-1348.3,6.0403e+05,523965,1,12397,-571.8,20148,-11318,-3854.5,-17598,24130,-389.49,39302,56033,351122,411,1228,3465,-1.8635,0.24907,1.1404
-292.39,-34.078,-67.277,-117.2,277.56,20.075,4.295e+05,524605,1,-45270,20282,-29431,-59.623,-892.41,-156.97,-27068,11657,-17673,67146,353175,411,1232,3466,1.2643,0.23566,-1.7836
-15.584,1432.6,76.106,206.25,36.184,-1419.3,6.0389e+05,525497,1,11705,-151.68,18943,-12035,-5412.5,-18480,23608,354.72,38296,55096,350933,411,1228,3465,-1.8648,0.23566,1.1412
-532.56,-26.939,-215.03,-134.61,555.12,65.609,4.455e+05,526137,1,-47085,14434,-31580,1428.2,566.23,1087.2,-29143,9361.2,-19508,68874,353460,411,1232,3466,1.2651,0.22224,-1.7847
22.193,1550.9,84.512,181.8,11.581,-1542.6,6.0419e+05,527029,1,10173,-3304.3,17074,-12583,-9523.1,-18616,22265,-547.73,36293,53054,350543,411,1240,3467,-1.866,0.22224,1.1419
99.482,-58.68,130.65,-55.362,-147.77,-74.213,4.1705e+05,527671,1,-39820,12746,-26486,-2822.8,1780.7,-1761.5,-22571,7623.7,-14967,57056,351334,411,1232,3466,1.2549,0.20882,-1.7935
73.768,1691,90.682,145.07,-17.909,-1688.7,6.0469e+05,528561,1,7080.5,-1952.8,11775,-10456,-9522.3,-15247,17963,244.37,29148,42396,347988,411,1240,3467,-1.8671,0.20882,1.1426
-87.093,-65.189,24.809,-75.772,64.075,-51.023,4.1494e+05,529203,1,-43665,17033,-28829,-4277.4,537.27,-2938.9,-25982,9625.2,-17212,64179,352634,411,1232,3466,1.2556,0.19538,-1.7945
155.78,1855.9,104.39,86.823,-69.364,-1862,6.0552e+05,530093,1,5063.9,-18.532,8204.3,-12239,-12339,-17753,16086,3146.1,25594,40422,347397,411,1240,3467,-1.8682,0.19538,1.1432
-383.19,-61.598,-126.7,-120.57,390.01,-6.0403,4.2051e+05,530735,1,-43256,14126,-28790,-3943.4,383.94,-2720,-25181,7606.3,-16833,62433,352338,411,1232,3466,1.2563,0.18194,-1.7955
206.17,1504.8,523.47,224.95,-476.33,-1517.7,6.078e+05,531627,1,18124,8034.7,27771,-18175,-17674,-26605,32185,9422.3,50267,78525,354975,411,1240,3467,-1.8621,0.18194,1.1553
215.94,-28.68,189.62,-35.418,-280.83,-57.361,4.0643e+05,532271,1,-31393,7774.3,-21040,-3656.9,1050.9,-2424.9,-16811,4562.4,-11230,44029,348433,411,1242,3468,1.2459,0.16849,-1.804
100.78,1796.1,434.72,280.74,-337.54,-1797.8,6.0872e+05,533161,1,20421,-552.3,32681,-15574,-16053,-22761,34904,-3312.2,56455,83187,355603,411,1245,3469,-1.863,0.16849,1.1558
110.88,-42.845,125.92,-43.522,-157.9,-56.204,4.0616e+05,533807,1,-37081,11292,-24747,-4336.1,853.97,-2919.5,-20358,6425.8,-13567,52752,350473,411,1242,3468,1.2464,0.15503,-1.8049
82.969,2071.9,476.53,326.36,-358.48,-2071.7,6.0941e+05,534697,1,21862,-105.19,34888,-13809,-17104,-19888,37160,-5382.6,60287,87283,356111,411,1245,3469,-1.8638,0.15503,1.1564
-110.99,-51.242,11.982,-76.078,88.464,-38.394,3.9852e+05,535343,1,-40086,16302,-26473,-4267.4,-70.085,-2948.4,-22494,8502.3,-14909,58318,351562,411,1248,3470,1.247,0.14157,-1.8056
103.27,2258.9,580,363.01,-457.45,-2260.2,6.101e+05,536233,1,28532,-5215.7,46202,-12281,-11584,-18281,43738,-11638,71514,1.0372e+05,358122,411,1245,3469,-1.8646,0.14157,1.1569
-329.85,-40.956,-103.93,-104.13,332.24,-7.0453,4.0557e+05,536879,1,-43263,13715,-28915,-3329.4,-573.9,-2338.2,-24579,7523.6,-16451,62001,352270,411,1248,3470,1.2474,0.1281,-1.8063
149.3,2385.6,728.96,395.99,-612.2,-2390.3,6.1085e+05,537769,1,21142,-8773.4,34656,-6666.2,-7886.2,-9819.6,38051,-17102,62898,87319,356117,411,1249,3471,-1.8653,0.1281,1.1573
179.26,8.017,166.24,-35.945,-241.8,-8.5615,4.0247e+05,538417,1,-29739,7325.7,-19880,-3042.2,259.85,-2054.8,-15435,4065.7,-10303,41325,347694,411,1248,3470,1.2367,0.11463,-1.8145
380.8,2485.7,1107,389.25,-1061,-2504.4,6.109e+05,539305,1,27535,-38810,47736,-5456.4,-5144.1,-8201.8,43346,-52393,74617,1.2189e+05,359823,411,1249,3471,-1.866,0.11463,1.1577
478.5,2455.1,626.55,47.001,-705.48,-2479.7,6.0858e+05,539303,1,-54.901,-10066,867.66,791.79,-5127.6,1815.8,12313,-23486,22301,36508,346081,411,1249,3471,-1.873,0.11463,1.1462
72,-1.8965,108.77,-49.362,-120.5,-7.758,4.0046e+05,539953,1,-35328,9077.6,-23658,-2858.6,622.23,-1908.8,-18871,5063,-12629,49433,349744,411,1248,3470,1.2371,0.10116,-1.8151
391.85,2536.8,879.19,241.25,-882.92,-2554.2,6.087e+05,540839,1,12021,2833,19155,606.33,-4688.2,1426.8,26410,-21609,44801,60955,352075,411,1249,3471,-1.8736,0.10116,1.1466
-93.608,-8.3648,23.724,-72.599,64.199,-1.728,3.9974e+05,541489,1,-39932,12158,-26730,-2834.4,75.146,-1925.3,-22384,6791.1,-14992,56926,351306,411,1248,3470,1.2374,0.087677,-1.8155
401.82,2581.7,1210.1,391.63,-1178.9,-2597.7,6.1005e+05,542375,1,21284,-21560,36101,-893.71,-771.46,-1372.3,35409,-36931,60403,92145,356732,411,1249,3471,-1.8741,0.087677,1.1469
-253.99,-3.2666,-62.365,-91.574,244.71,11.937,4.1438e+05,543025,1,-37212,12304,-24878,-3027.4,-359.11,-2071.7,-20691,6567.1,-13852,53214,350571,411,1248,3470,1.2377,0.074193,-1.816
704.08,2577.1,1275.1,143.01,-1402.8,-2602.9,6.0503e+05,543909,1,7301.3,-24091,13512,841.85,375.83,1397.6,19568,-45791,35156,67340,353212,411,1255,3473,-1.8815,0.074193,1.1356
-476.79,7.8313,-180.86,-118.82,494.98,31.175,4.261e+05,544561,1,-43485,10983,-29282,-2841.8,397.37,-1926.5,-25246,6488.6,-17010,62046,352282,411,1254,3472,1.2379,0.060708,-1.8163
897.77,2553.6,1865,265.52,-2017.9,-2581.2,6.0449e+05,545445,1,13806,-33195,24351,61.911,1313,58.71,23671,-53948,41910,84347,355750,411,1255,3473,-1.8819,0.060708,1.1358
930.08,2545.6,1510.1,43.418,-1731.2,-2574.2,6.0264e+05,545443,1,2771.8,-19560,5613.1,1094.3,-2931,2023.5,9691.3,-38535,18184,48427,349498,411,1259,3475,-1.8888,0.060708,1.1242
-653.6,-11.225,-281.08,-136.06,698.3,13.692,4.3352e+05,546097,1,-46441,11760,-31297,-2528.6,1956.7,-1671.9,-26913,6798.7,-18154,66240,353002,411,1254,3472,1.2381,0.047219,-1.8166
1105.5,2471.4,1804.4,0.072646,-2084.6,-2498.1,5.9816e+05,546975,1,1032.7,-18435,2541.1,3062.2,-5423.4,5521,2087.2,-36635,5086.7,42297,347964,411,1259,3475,-1.9027,0.047219,1.1011
1060.4,2363.9,1756.8,0.31756,-2022.3,-2389.4,5.9577e+05,546973,1,1340.7,-16886,3069.6,3892.5,-4687.2,7026.3,1247.1,-32399,3566.6,38037,346606,411,1259,3475,-1.9095,0.047219,1.0894
1141.4,2552.9,1874,19.083,-2161.6,-2580.5,6.0087e+05,546977,1,-139.09,-16553,502.02,2157,-4438.9,3887,3530.5,-37627,7638.9,42431,348002,411,1259,3475,-1.8959,0.047219,1.1128
1098.6,2572.8,2084.4,177.31,-2320,-2599.5,5.9869e+05,546979,1,11122,-26456,19599,-1069.3,-880.18,-1743.7,18248,-49524,32571,71129,353842,411,1259,3475,-1.8891,0.047219,1.1244
18.082,10.939,61.281,-40.584,-49.456,10.438,4.0736e+05,547635,1,-33061,9009.3,-22155,-3994.8,1425.9,-2660.3,-17381,5107.9,-11642,46410,349042,411,1254,3472,1.2271,0.033729,-1.8243
941.87,1288.4,1840.7,12.416,-2057.6,-1304.5,6.1706e+05,548493,1,19620,-8629.3,39257,2799.2,535.49,5414,26672,-18543,53623,77256,354764,411,1258,3474,-1.9608,0.033729,0.99455
-451.91,1377,-94.032,383.34,296.57,-1369,6.1688e+05,548491,1,17129,307.71,33835,-4081.3,-702.59,-8172.6,34442,-4549,68657,86273,355985,411,1266,3476,-1.9669,0.033729,0.9825
1006,1490.5,1909.1,2.4978,-2146,-1507.6,6.1527e+05,548495,1,1578.9,-10053,3404.6,6733.9,-701.57,13081,1417.5,-20999,3455.6,28054,342416,411,1259,3475,-1.9547,0.033729,1.0066
1036.1,1686.1,1929,1.2812,-2175.9,-1703.8,6.1324e+05,548497,1,958.36,-11433,2206.5,6054,-1655.2,11607,530.84,-23456,1788.2,29399,343048,411,1259,3475,-1.9485,0.033729,1.0185
1104.5,2002.6,1986.4,0.0021684,-2256,-2021.5,6.0651e+05,548501,1,1131.3,-13416,2533.8,4670.1,-3055.5,8773.2,906.7,-26830,2549.5,31984,344193,411,1259,3475,-1.9358,0.033729,1.0424
1069.7,1853.5,1956.2,0.36529,-2214.2,-1871.8,6.1013e+05,548499,1,1023.5,-12134,2326.5,5468.8,-2130.4,10376,662.21,-24685,2057,30164,343388,411,1259,3475,-1.9422,0.033729,1.0305
1141.7,2122.3,2022.9,0.64729,-2304.8,-2141.9,6.0438e+05,548503,1,1205.8,-14863,2696.1,3560.9,-4113.2,6646.7,1115.5,-29186,3004.8,34139,345143,411,1259,3475,-1.9294,0.033729,1.0542
1188,2215.5,2078,2.4881,-2374.5,-2236,6.0283e+05,548505,1,1778.9,-15732,3689,3369.9,-5036.4,6237,2104.3,-30593,4726.2,36091,345921,411,1259,3475,-1.9229,0.033729,1.0661
1247.5,2307.4,2155.3,4.6839,-2470.1,-2328.9,6.0057e+05,548507,1,2008.2,-17205,4106.5,3680.7,-5065.9,6692.3,2398.6,-32976,5294.1,39015,346945,411,1259,3475,-1.9163,0.033729,1.0778
-144.75,-2.5856,-24.591,-60.404,133.85,-0.19843,4.0878e+05,549171,1,-38115,14472,-25589,-5429.3,1445.6,-3646.3,-21476,7475.1,-14428,55562,351023,411,1254,3472,1.2272,0.020238,-1.8245
-505.24,1408.8,-85.865,426.57,309.05,-1403.5,6.1755e+05,550027,1,19154,3350,37777,-3957.4,-2175.6,-7883.3,38505,-374.11,76590,96107,357225,411,1266,3476,-1.967,0.020238,0.98258
-408.66,-20.201,-140.56,-111.52,417.62,-17.954,4.0347e+05,550707,1,-35833,10472,-24037,-5676.5,-744.62,-3812.2,-20080,5424.1,-13489,51316,350156,411,1254,3472,1.2272,0.0067463,-1.8246
-542.37,1435.7,-83.988,452.07,319.7,-1433.8,6.1768e+05,551563,1,14993,1187.3,29537,-3112.3,-1960.3,-6225.5,35342,-1289.6,70335,85724,355922,411,1266,3476,-1.9671,0.0067463,0.98261
-481.65,26.124,-197.97,-104.63,510.26,23.476,4.2823e+05,552243,1,-41048,6318,-27622,-5470.4,101,-3695.2,-22862,3693.4,-15394,57487,351399,411,1268,3477,1.2272,-0.006746,-1.8246
-571.83,1474.3,-86.061,468.57,330.26,-1476.3,6.177e+05,553099,1,25939,990.88,51348,-611.07,-4683,-1270.6,48084,-1668.6,95600,1.2161e+05,359796,411,1266,3476,-1.9671,-0.006746,0.98261
87.909,48.065,87.455,-24.691,-120.93,49.521,4.1002e+05,553781,1,-25913,4726.5,-17327,-3462.9,857.9,-2307.6,-12829,2600.3,-8582.5,35455,345689,411,1268,3477,1.216,-0.020238,-1.832
-602.86,1529.9,-88.058,485.87,341.12,-1536,6.1793e+05,554635,1,21501,2321,42535,1327.7,-3577.5,2564.2,44348,119.44,88206,1.0975e+05,358749,411,1269,3478,-1.967,-0.020238,0.98258
26.725,39.169,52.609,-29.65,-50.452,39.895,4.1426e+05,555317,1,-28106,4280.9,-18812,-4020,463.23,-2677.4,-14017,2487.1,-9389,38426,346738,411,1268,3477,1.2159,-0.033729,-1.8318
-634.4,1570.9,-89.225,503.5,351.21,-1581.5,6.1823e+05,556171,1,21721,1413.5,42964,3831,-3554.7,7508,45395,-407.85,90278,1.1231e+05,358975,411,1269,3478,-1.9669,-0.033729,0.9825
-27.649,35.563,20.321,-32.978,12.92,34.463,4.173e+05,556853,1,-26697,4509.6,-17895,-4042,91.199,-2683.6,-13482,2549,-9043.6,36700,346140,411,1268,3477,1.2157,-0.047219,-1.8316
-654.14,1577.8,-97.158,507.76,362.16,-1593.1,6.1818e+05,557707,1,21730,1032.9,42977,6132.7,-488.54,12181,46071,796.91,91671,1.1416e+05,359154,411,1273,3479,-1.9667,-0.047219,0.98239
-104.56,42.174,-21.749,-40.851,100.76,36.906,4.2934e+05,558389,1,-35792,5692.4,-24065,-4558.7,-410.99,-3021.2,-18287,3190.5,-12304,49180,349697,411,1268,3477,1.2156,-0.060707,-1.8314
-662.13,1584.1,-110.57,498.99,372.72,-1603.8,6.179e+05,559243,1,21070,1683.7,41728,8215.9,-2802.6,16175,45716,1293.2,91006,1.1357e+05,359099,411,1273,3479,-1.9664,-0.060707,0.98224
-200.99,43.576,-70.082,-54.202,208.07,31.248,4.3229e+05,559925,1,-26202,4426.3,-17582,-3504.4,-196.79,-2314.5,-13647,2366.8,-9161.3,36176,345956,411,1268,3477,1.2153,-0.074193,-1.831
-673.05,1610.6,-122.4,492.76,382.77,-1634.8,6.1777e+05,560779,1,13265,1022.5,26154,8722.3,-1300.8,17281,37579,771.74,74839,90835,356569,411,1275,3480,-1.966,-0.074193,0.98206
-255.82,48.896,-101.08,-59.159,271.35,30.358,4.3935e+05,561461,1,-33638,633.63,-22425,-2889.8,-900.07,-1879.1,-17976,1068.3,-12021,46003,348935,411,1268,3477,1.2151,-0.087676,-1.8306
-688.48,1628,-131.2,491.93,392.11,-1657,6.1777e+05,562315,1,24877,1662.4,49370,13028,-2204.3,25731,50637,946,1.0077e+05,1.289e+05,360433,411,1275,3480,-1.9656,-0.087676,0.98184
-210.47,55.063,-91.289,-42.825,228.98,37.407,4.7304e+05,562997,1,-30787,2425.8,-20645,-2460.9,61.267,-1637.4,-16562,1306.9,-11103,42285,347961,411,1310,3483,1.2147,-0.10116,-1.8301
-700.02,1627.5,-142.36,487.16,402.11,-1661.3,6.1768e+05,563851,1,19436,1159.2,38502,13017,-273.54,25876,45004,701.58,89582,1.1292e+05,359043,411,1285,3481,-1.965,-0.10116,0.98158
-324.43,44.732,-137.01,-67.505,348.25,14.044,4.553e+05,564533,1,-31938,4060.7,-21492,-3830,942.21,-2602.5,-17275,1841,-11607,44241,348491,411,1310,3483,1.2144,-0.11463,-1.8296
-719.51,1635.4,-149.83,490.67,412.11,-1674.6,6.1768e+05,565387,1,19462,1506,38606,13805,-1387.6,27319,45372,145.48,90260,1.1409e+05,359148,411,1285,3481,-1.9645,-0.11463,0.98128
-445.75,38.825,-184.2,-95.141,474.35,-8.1672,4.4951e+05,566069,1,-33581,4793.9,-22588,-4423.8,102.51,-2943,-17588,2032.4,-11810,45594,348834,411,1310,3483,1.214,-0.1281,-1.8289
-747.17,1650.4,-152.91,502.91,421.54,-1695.5,6.1781e+05,566923,1,20030,1003,39682,15060,-1407.2,29794,46704,-750.73,92795,1.1784e+05,359481,411,1301,3482,-1.9638,-0.1281,0.98095
-487.63,40.893,-204.17,-101.98,520.09,-15.888,4.5378e+05,567605,1,-33190,-144.89,-22032,-2241.5,-1845,-1338.8,-18267,188.38,-12160,45594,348835,411,1310,3483,1.2135,-0.14157,-1.8283
-775.39,1661.2,-156.67,515.41,431.83,-1712.6,6.1797e+05,568459,1,20937,1174.2,41512,15994,-1106.4,31677,48454,-861.05,96243,1.2262e+05,359898,411,1301,3482,-1.9631,-0.14157,0.98058
-422.19,36.15,-182.7,-83.6,453.46,-17.665,4.6105e+05,569141,1,-33906,691.38,-22597,1892,-691.75,1344.8,-18289,680.5,-12224,46378,349037,411,1310,3483,1.213,-0.15503,-1.8275
-808.27,1677.6,-157.22,532.91,441.01,-1736.1,6.1821e+05,569995,1,21494,2629.1,42862,16398,-1545.1,32403,49519,-45.767,98487,1.2561e+05,360156,411,1301,3482,-1.9622,-0.15503,0.98017
-441.85,19.967,-188.22,-88.803,470.63,-41.041,4.5534e+05,570677,1,-36325,1706.5,-24298,3938.3,111.41,2646.6,-19685,622.89,-13152,49962,349866,411,1310,3483,1.2125,-0.16849,-1.8267
-846.02,1703.1,-154.89,555.11,449.28,-1769.3,6.1857e+05,571531,1,22928,508.38,45370,16802,-1589.3,33190,51729,-2087,1.0253e+05,1.3101e+05,360597,411,1301,3482,-1.9613,-0.16849,0.97973
-468.42,33.208,-199.61,-95.166,499.96,-36.705,4.4917e+05,572211,1,-43846,3352.6,-29468,5446.9,-1590.5,3813.7,-23509,1827.6,-15816,60456,351974,411,1310,3483,1.2119,-0.18194,-1.8258
-883.18,1736.2,-149.99,576.93,454.48,-1810.4,6.1902e+05,573065,1,24135,2614.2,48153,17269,-3156.4,33817,53767,-509.34,1.0685e+05,1.3663e+05,361033,411,1301,3482,-1.9604,-0.18194,0.97925
-404.94,45.202,-169.83,-86.132,432.49,-19.862,4.4578e+05,573743,1,-55774,-8977.2,-36129,2597,4319.1,1268.2,-29465,-5165.9,-19046,76035,354593,411,1310,3483,1.2112,-0.19538,-1.8248
-916.15,1788.7,-140.41,594.92,452.5,-1870.8,6.1957e+05,574597,1,25868,-347.85,51037,17497,-3206.3,34247,56226,-2930.3,1.1126e+05,1.4252e+05,361495,411,1301,3482,-1.9594,-0.19538,0.97873
-1245.4,-229.15,-544.22,-220.63,1288.9,-435.69,5.0782e+05,575273,1,-50950,-35678,-30079,-10931,21692,-9787.5,-33111,-28012,-19062,87771,356169,411,1310,3483,1.2217,-0.20881,-1.8163
-916.66,1890.2,-109.15,588.28,414.08,-1976.8,6.2016e+05,576129,1,28243,-4378.7,54925,18163,-8938.5,34375,59278,-11803,1.1541e+05,1.4966e+05,362057,411,1315,3484,-1.9582,-0.20881,0.97818
-462.1,-139.8,-160.04,-110.34,444.96,-220.29,4.4589e+05,576805,1,-41996,-39552,-23485,-25756,-9918,-16156,-16591,-18811,-8894.5,74903,354419,411,1310,3483,1.221,-0.22224,-1.8152
-700.34,2148.6,307.26,542.76,-73.637,-2213.9,6.1933e+05,577661,1,30480,-11825,57831,18109,-9284.8,34219,60274,-24172,1.147e+05,1.5288e+05,362289,411,1315,3484,-1.9571,-0.22224,0.97759
-726.12,-545.98,-182.07,-198.5,605.4,-672.74,4.5934e+05,578335,1,-35785,-41844,-18881,-44903,-22322,-27693,-11090,-17609,-5264,84440,355768,411,1323,3486,1.2313,-0.23566,-1.8065
-359.45,2260.1,861.85,460.41,-733.68,-2286.9,6.1827e+05,579193,1,22845,-231.98,45515,17639,-923.78,35260,51063,-1088.8,1.0206e+05,1.3104e+05,360602,411,1315,3484,-1.9558,-0.23566,0.97696
-627.28,-2782.5,-4.6356,-55.559,86.029,-2850.5,5.878e+05,578331,1,40154,19292,25806,-46490,29639,-36023,22264,-20256,18295,90712,356561,411,1322,3485,1.2534,-0.23566,-1.7913
-1088.2,-1700.6,-250.18,-227.87,759.23,-1873.6,5.4515e+05,578333,1,11958,-24423,11647,-51790,-15672,-33496,4975.4,-24541,6654.8,74807,354402,411,1322,3485,1.2423,-0.23566,-1.7989
-487.81,-669.92,-35.325,-170.65,303.63,-752.78,4.3749e+05,579865,1,-8507.8,-31505,-1461.3,-58341,-70340,-30676,6525,-6651.1,5432.3,1.0235e+05,357965,411,1330,3489,1.2415,-0.24907,-1.7977
-728.3,2174.2,369.07,564.93,-131.96,-2248.9,6.1886e+05,580725,1,31216,18791,66658,14842,8338.4,31862,57837,27950,1.2228e+05,1.6173e+05,362915,411,1331,3490,-1.9545,-0.24907,0.97629
-152.38,-427.19,59.365,-84.035,15.47,-449.37,4.0343e+05,581395,1,1881.8,-9963.6,2801.1,-47423,-72333,-22739,12325,11797,6932.7,91912,356708,411,1330,3489,1.2516,-0.26247,-1.7888
-960.24,1980.7,-52.522,593.16,352.26,-2090.9,6.1933e+05,582257,1,19149,4380.1,38916,14026,8402.2,30339,46392,16038,96659,1.2182e+05,359813,411,1331,3490,-1.9531,-0.26247,0.97559
-250.57,-1561.1,299.94,-200.66,-233.58,-1579.6,4.2047e+05,581391,1,-8145.5,20667,-8884.2,-3308.4,-76296,9033.4,-5198.9,28949,-8046,86115,355964,411,1329,3488,1.2735,-0.26247,-1.7733
-565.79,-1282.5,34.577,-205.14,218.27,-1369.8,4.1085e+05,581389,1,-35373,27191,-29814,18067,-60428,22214,-24271,29829,-22141,96540,357278,411,1328,3487,1.2843,-0.26247,-1.7654
-2019.8,51.028,-1130.1,-292.58,2266.3,-371.19,4.4604e+05,582919,1,-80952,24463,-63354,47300,-48124,42379,-56313,27376,-45697,1.5337e+05,362329,411,1328,3487,1.2942,-0.27586,-1.7562
-249.69,-1351.7,273.45,-203.52,-185.2,-1374.2,4.2819e+05,581393,1,-3362.7,17200,-4829.4,-23054,-1.063e+05,-637.55,5262.5,31878,-957.86,1.1492e+05,359232,411,1329,3488,1.2626,-0.26247,-1.7811
-859.48,1797.6,-235.1,433.07,476.48,-1900.2,6.1814e+05,583789,1,23562,-1622.6,46091,13077,12166,29464,47646,23106,1.0115e+05,1.3002e+05,360515,411,1338,3491,-1.9516,-0.27586,0.97485
-5434,3869.4,-4377.1,-272.62,7513.1,2671.9,5.6983e+05,582915,1,41656,15778,29659,1.6215e+05,-38827,1.2873e+05,-27802,47814,-28126,2.2602e+05,365831,411,1328,3487,1.3156,-0.27586,-1.7402
-4492.6,3233.1,-3929.6,-3.7606,6424.4,2192.2,5.8799e+05,584447,1,-6991.7,-68443,6442.7,1.1745e+05,42835,81546,-45794,-48095,-26256,1.7932e+05,363951,411,1328,3487,1.3146,-0.28924,-1.7388
-3962,1593,-2607.5,-477.99,4925.4,739.07,5.0942e+05,582917,1,-90307,41650,-73691,1.0184e+05,-53615,84408,-85910,51635,-72120,2.2569e+05,365825,411,1328,3487,1.3049,-0.27586,-1.7482
325.91,2383,1874.7,253.97,-1970.2,-2313.7,6.1596e+05,583791,1,18635,42380,48752,10807,18257,26539,35101,78324,91518,1.4634e+05,361815,411,1338,3491,-1.9456,-0.27586,0.98681
-393.83,1958.7,342.24,244.01,-260.48,-1995.3,6.1504e+05,585323,1,4468.9,22403,15222,7305.2,23849,21365,16715,67661,52593,97240,357360,411,1338,3491,-1.944,-0.28924,0.98603
-3203.8,2418.8,-2745,-77.773,4578.4,1637.8,5.8373e+05,585977,1,15737,-82145,26403,1.4703e+05,38113,1.0498e+05,-31449,-72890,-11055,2.1956e+05,365660,411,1351,3493,1.3135,-0.30261,-1.7373
-485.83,1594.6,-391.54,34.275,455.14,-1650.4,6.1617e+05,586853,1,-4437.7,14565,-4325.4,6480,16685,17660,8272.7,44352,29491,61547,352185,411,1338,3491,-1.9424,-0.30261,0.98521
-2106.4,2112.6,-1812,-130.27,3119.3,1560.8,5.7649e+05,587505,1,1317.1,-78796,15420,1.1815e+05,5248.9,88543,-34509,-54406,-16189,1.808e+05,364037,411,1351,3493,1.3123,-0.31597,-1.7358
-848.77,2005.9,14.677,478.02,226.73,-2112.9,6.1742e+05,586855,1,6167.7,27944,20108,11421,22158,28867,27124,63808,71656,1.1234e+05,358977,411,1348,3492,-1.9363,-0.30261,0.99711
-695.9,2203.6,565.96,553.14,-351.48,-2287.2,6.1832e+05,588385,1,27856,35809,64130,11314,20695,28168,49130,61010,1.1277e+05,1.624e+05,362960,411,1348,3492,-1.9285,-0.31597,1.0081
-997.9,2340.1,-1239.6,32.208,1975,2026.5,5.9464e+05,589033,1,30357,-69136,36171,1.1327e+05,-838.28,85949,-9396.6,-43161,1142.6,1.7082e+05,363478,411,1351,3493,1.3111,-0.32932,-1.7343
-1080.2,1864.6,-107.03,618.25,438.97,-2019.9,6.1917e+05,589913,1,26528,8445.2,52868,14654,9481,31027,55701,17339,1.1157e+05,1.4384e+05,361622,411,1348,3492,-1.9267,-0.32932,1.0072
60.623,4760.7,-1080.3,171.52,1526.6,4634.2,6.0207e+05,589031,1,24779,-93763,36783,1.4802e+05,8061.8,1.1207e+05,-5903.4,-68040,8405,2.2367e+05,365762,411,1351,3493,1.3217,-0.32932,-1.7262
1103.6,4668.1,-300.83,171.21,268.45,4795.7,6.0148e+05,590559,1,53978,-58926,52812,1.536e+05,-314.49,1.1748e+05,9135.6,-43194,15491,2.2082e+05,365692,411,1351,3493,1.3205,-0.34265,-1.7245
-1104,1758.5,-202.56,599.74,536.46,-1924.8,6.1891e+05,591441,1,24974,1553.2,47675,14854,3905.8,29592,55677,3976.1,1.072e+05,1.3645e+05,361015,411,1363,3494,-1.9249,-0.34265,1.0062
1726.7,4890.9,152.23,124.86,-402.41,5171.8,6.0194e+05,592087,1,58126,-56096,56059,1.5841e+05,-21075,1.2579e+05,14386,-34469,18091,2.2968e+05,365914,411,1374,3495,1.3192,-0.35597,-1.7228
-1100.2,1715.3,-226.91,580.75,553.64,-1886.9,6.1869e+05,592969,1,24489,94.382,46267,14880,1988,29005,55246,1355,1.0552e+05,1.3414e+05,360837,411,1363,3494,-1.923,-0.35597,1.0052
2410.6,5300.3,486.06,174.15,-999.93,5754.2,6.0616e+05,593615,1,78572,-43592,69414,1.6426e+05,-30793,1.3232e+05,24348,-23326,23623,2.45e+05,366256,411,1374,3495,1.3178,-0.36928,-1.7211
834.74,2319.8,44.021,72.058,-162.98,2459.4,6.0527e+05,593617,1,71501,-28866,60373,1.356e+05,-22275,1.0752e+05,19507,-17675,18580,2.0266e+05,365032,411,1374,3495,1.3072,-0.36928,-1.7291
-1105.3,1704.5,-238.29,570.61,560.76,-1882.5,6.1865e+05,594497,1,23894,1196,45537,14990,355.4,28646,54842,1127.9,1.0468e+05,1.3288e+05,360727,411,1363,3494,-1.921,-0.36928,1.0042
1242.3,2764.7,288.44,30.198,-504.44,3002.5,6.0558e+05,595143,1,69653,-52193,64349,1.4087e+05,-36442,1.1461e+05,19279,-27583,20740,2.1815e+05,365605,411,1374,3495,1.3059,-0.38257,-1.7273
-1115.3,1704.4,-246.67,564.29,566.47,-1889.6,6.187e+05,596023,1,23203,1397.6,44322,14934,-153.4,28347,54358,757.66,1.0364e+05,1.3125e+05,360621,411,1363,3494,-1.919,-0.38257,1.0031
2272.9,3423.6,813.46,93.681,-1430.8,3936.1,6.0897e+05,596667,1,82488,-57462,75677,1.6636e+05,-50054,1.3764e+05,24438,-23819,23938,2.5825e+05,366527,411,1374,3495,1.3044,-0.39585,-1.7254
-1129.2,1707.7,-251.94,562.13,570.8,-1900.8,6.1881e+05,597547,1,22979,1088,43799,14902,-324.44,28216,54479,-10.906,1.0357e+05,1.31e+05,360595,411,1376,3496,-1.9169,-0.39585,1.002
2802.3,4064.3,912.94,188.74,-1708.2,4717.2,6.1035e+05,598191,1,96475,-21949,78035,1.5476e+05,-48120,1.2838e+05,34614,876.02,25915,2.4596e+05,366272,411,1374,3495,1.3029,-0.40912,-1.7234
-1147.6,1712.1,-252.21,565.96,572.57,-1914.1,6.1899e+05,599071,1,22991,1579.6,44033,14885,-321.84,28180,54786,-44.356,1.0415e+05,1.3166e+05,360650,411,1376,3496,-1.9147,-0.40912,1.0009
3062.6,4779.3,857.82,223.04,-1659.2,5491.3,6.1126e+05,599715,1,1.0358e+05,-11607,81031,1.6316e+05,-41447,1.3345e+05,34332,5359.5,24605,2.5572e+05,366479,411,1386,3497,1.3014,-0.42236,-1.7214
-1171.2,1716.9,-249.23,575.51,573.58,-1929.1,6.1922e+05,600595,1,23853,670.46,45301,14954,-675.72,28155,56230,-1495.4,1.0628e+05,1.3453e+05,360872,411,1392,3498,-1.9124,-0.42236,0.99969
3079.2,5319,703.34,216.58,-1399.8,6021.7,6.1206e+05,601239,1,97279,2882,72856,1.7224e+05,-28547,1.3761e+05,28284,14514,17716,2.5597e+05,366483,411,1386,3497,1.2998,-0.4356,-1.7193
-1201.3,1728.4,-239.97,592.13,571.11,-1952.2,6.1949e+05,602119,1,24505,2482,47332,15116,-1327.5,28169,57701,-990.49,1.0928e+05,1.3836e+05,361175,411,1392,3498,-1.9101,-0.4356,0.99847
2981.2,5654.6,467.74,240.62,-1049.6,6318.3,6.133e+05,602761,1,97430,13317,70237,1.7219e+05,-11260,1.3328e+05,26833,21718,14611,2.5209e+05,366394,411,1386,3497,1.2982,-0.44881,-1.7171
-1238,1753.9,-220.29,616.12,560.68,-1990.8,6.1985e+05,603641,1,27217,-846.74,51008,15524,-2618,28354,61406,-4652,1.1466e+05,1.4607e+05,361795,411,1392,3498,-1.9077,-0.44881,0.99722
2724.7,5697.3,127.73,309.78,-590.05,6281.4,6.1497e+05,604281,1,1.0114e+05,29717,68338,1.7008e+05,8529,1.261e+05,24886,27358,11440,2.4936e+05,366337,411,1386,3497,1.2965,-0.46201,-1.7149
-1258.3,1826.2,-181.99,624.15,521.21,-2071.3,6.2038e+05,605161,1,30552,-5190.6,55278,17671,-12661,27739,66887,-14869,1.2023e+05,1.5623e+05,362525,411,1400,3499,-1.9052,-0.46201,0.99592
2092.9,5304.5,-344.06,353.94,109.05,5700.8,6.1626e+05,605801,1,93269,52893,55798,1.6052e+05,36053,1.113e+05,15618,32874,2735.3,2.3536e+05,366054,411,1386,3497,1.2947,-0.4752,-1.7126
-1092.7,2103.9,192.28,577.8,77.437,-2305.9,6.1979e+05,606681,1,37754,-28334,58073,18057,-14055,27811,74290,-53024,1.1614e+05,1.6946e+05,363401,411,1405,3500,-1.9027,-0.4752,0.99459
153.43,2588.3,-713.92,72.468,1053.2,2473.4,6.1657e+05,607323,1,39471,47762,15952,86698,30056,56280,-5604.7,24266,-11083,1.2816e+05,360371,411,1386,3497,1.2824,-0.48836,-1.7181
997.6,4406.5,-875.66,289.01,1035.5,4474.7,6.1735e+05,607321,1,77128,96619,30818,1.4692e+05,86902,86495,598.65,44931,-12367,2.3457e+05,366046,411,1411,3501,1.293,-0.48836,-1.7102
-924.47,1745.8,-56.387,388.48,256.8,-1920.6,6.1803e+05,608199,1,18552,-29055,21227,15356,-16604,21398,53148,-69051,68370,1.2197e+05,359830,411,1412,3502,-1.9061,-0.48836,0.98154
-496.41,1609.3,-829.23,-3.7984,1340.1,1314.5,6.1933e+05,608845,1,8997.3,34657,-3410.7,41487,7871.7,28366,-8234.1,22293,-12556,67852,353293,411,1411,3501,1.2701,-0.50151,-1.7235
-508.9,1079.1,-660.13,-17.849,1093.5,814.27,6.1873e+05,608847,1,3838.1,25428,-4583.8,29120,-1540.2,21642,-6912.4,18482,-10395,49985,349872,411,1411,3501,1.2595,-0.50151,-1.7313
-254.22,1896.8,608.2,56.007,-649.96,-1899.2,6.1605e+05,609717,1,18365,-30176,20694,12898,-14853,17724,47747,-76803,54379,1.1625e+05,359351,411,1412,3502,-1.9094,-0.50151,0.96845
-821.76,712.27,-757.79,-34.31,1279.3,344.92,6.1826e+05,610367,1,-1365.9,24959,-8381.2,21334,-2410,16042,-8159.5,18178,-11253,44011,348429,411,1411,3501,1.247,-0.51463,-1.7364
-1137.2,1677.8,-295.05,468.24,553.44,-1915.7,6.2114e+05,611233,1,19892,-6696.9,35726,9200.5,-7730,14121,50641,-33213,82973,1.1231e+05,358974,411,1428,3504,-1.9125,-0.51463,0.95533
-1065.8,430.77,-825.74,-47.76,1414.4,-22.853,6.1243e+05,611885,1,-5995.4,22532,-11065,17046,-1113.2,12428,-10060,15961,-11965,40143,347305,411,1411,3501,1.2345,-0.52774,-1.7415
-1036.6,1785.4,99.45,514.92,137.54,-1997,6.2097e+05,612749,1,38345,-43970,51591,18553,-26533,22177,81550,-86780,1.1417e+05,1.8661e+05,364321,411,1428,3504,-1.9096,-0.52774,0.9539
-761.15,1704.1,-474.55,50.708,549.25,-1845.1,6.1791e+05,612747,1,20.941,-3954.8,-2244.5,4573.3,-7333.6,5086.6,23445,-26817,32287,49321,349721,411,1428,3504,-1.9155,-0.52774,0.94216
-1362.1,437.07,-1044.2,-45.304,1764.3,-147.04,6.1088e+05,613401,1,-7596.5,16756,-10569,18139,850.38,12597,-12118,11968,-12293,37146,346300,411,1411,3501,1.2326,-0.54083,-1.7388
-1101.9,1701.4,-270.4,424.21,499.95,-1937.1,6.198e+05,614263,1,10304,16249,29815,11676,-4669,20804,47927,-16360,87442,1.0982e+05,358756,411,1428,3504,-1.9125,-0.54083,0.94072
-1532.1,407.11,-1158.8,-45.106,1946.2,-257.59,6.0425e+05,614915,1,-8004.1,7588.3,-8050.5,19653,1664.3,13413,-13012,5726.8,-11026,32849,344576,411,1411,3501,1.2306,-0.5539,-1.736
-1212.1,1834.9,-17.348,582.99,294.59,-2099.9,6.2105e+05,615777,1,31132,-13477,54682,14498,-14463,20714,68930,-36082,1.1804e+05,1.5804e+05,362643,411,1428,3504,-1.9095,-0.5539,0.93923
-1529.7,375.58,-1166,-32.517,1936.4,-299.9,5.989e+05,616427,1,-8292.3,-5497.6,-4044.3,22716,4102.7,14768,-14548,-3185.7,-9252.4,34260,345195,411,1474,3511,1.2287,-0.56694,-1.7332
-896.55,2288,745.33,505.22,-585.82,-2448.6,6.1975e+05,617289,1,28558,-27191,41233,13518,-17049,17266,64207,-59834,94076,1.4346e+05,361592,411,1428,3504,-1.9064,-0.56694,0.93772
-1368.7,292.45,-1069.5,0.96395,1732,-320.67,5.9083e+05,617939,1,-13216,-14142,-4580.3,23844,13451,12356,-18081,-12671,-8520,43103,348181,411,1474,3511,1.2266,-0.57997,-1.7304
-1140.3,1907.3,15.602,493.45,211.45,-2156.4,6.2251e+05,618799,1,16351,2674.2,35049,9798.9,-8609.1,14582,53303,-16565,99201,1.2183e+05,359814,411,1447,3505,-1.909,-0.57997,0.92447
-855.11,-233.64,-542.49,18.957,858.61,-585.25,5.5753e+05,619453,1,-26161,-21856,-10842,12634,19129,2316,-21092,-27910,-5203.9,55331,350977,411,1474,3511,1.2139,-0.59297,-1.7349
-1349,2107.9,-118.19,551.12,385.05,-2413.5,6.2275e+05,620311,1,17186,13199,43451,6714.5,-14094,4649.4,46934,16724,1.0708e+05,1.2873e+05,360424,411,1451,3506,-1.9057,-0.59297,0.9229
-1234.4,-407.41,-467.33,-207.45,1015.4,-913.24,4.7287e+05,620961,1,-36574,-13476,-21124,21797,4644.6,13969,-35432,-26148,-15974,69653,353601,411,1474,3511,1.2224,-0.60595,-1.7244
-547.59,-552.05,1.2472,-150.63,190.52,-738.66,4.8323e+05,620963,1,-47515,-28441,-23314,2520.8,-7383.3,4487.6,-28575,-31464,-9059.9,74698,354380,411,1474,3511,1.2118,-0.60595,-1.7319
-1311.1,2488.8,-175.25,375.07,366.07,-2769.3,6.2146e+05,621821,1,6895.3,9552.1,20317,3141.1,-17980,-5268.5,29016,29015,78728,93779,356948,411,1451,3506,-1.9024,-0.60595,0.9213
-28.527,-179.67,435.24,-307.32,-313.33,-172.94,4.7582e+05,622471,1,-61010,-49639,-24816,7925.8,-38523,19386,-38314,-36042,-13886,1.081e+05,358565,411,1474,3511,1.2097,-0.61891,-1.7288
-1132,2769.1,-324.4,62.498,385.91,-2983.6,6.2099e+05,623329,1,-4757.6,-2832.5,-11703,1907.7,-14106,-5392.1,10763,7431.7,27137,36150,345944,411,1451,3506,-1.899,-0.61891,0.91966
-1073.5,2545,-564.1,-13.74,611.61,-2752,6.2097e+05,623325,1,-1455.5,5399.7,622.99,5053.6,-10772,3337.7,1776.9,1538,4843.7,14607,332794,411,1451,3506,-1.9102,-0.61891,0.89628
-1064.9,2591.5,-492.97,-10.631,536.45,-2793.8,6.2469e+05,623327,1,-2334.1,5461.9,-1148.7,6924.6,-11288,6764.3,3039.5,3179.8,8516.7,18698,336508,411,1451,3506,-1.9046,-0.61891,0.90799
1743.1,154.65,1645.5,-392.53,-2170.8,950.57,5.0417e+05,623981,1,-73012,-81668,-20686,17783,-63016,35341,-33714,-39453,-9056.8,1.4401e+05,361638,411,1474,3511,1.1968,-0.63185,-1.7331
2711.1,-135.83,1681.8,170.42,-2972.4,1154.7,5.7849e+05,623983,1,7671,-1.0753e+05,43948,10777,-24508,16259,15409,-60035,32163,1.3932e+05,361256,411,1474,3511,1.1862,-0.63185,-1.7404
1345.2,-275.34,851.59,121.4,-1562.1,394.35,5.8926e+05,623985,1,47601,-1.0531e+05,70278,-772.71,-7890.4,2373.1,31757,-63999,44615,1.5956e+05,362766,411,1457,3507,1.1755,-0.63185,-1.7476
676.48,-153.5,357.17,117.4,-748.17,187.64,5.9241e+05,623987,1,15508,-99533,46273,-9676.2,-6715.1,-4005.9,18327,-49716,30162,1.2712e+05,360276,411,1457,3507,1.1647,-0.63185,-1.7548
-146.42,-31.215,-107.48,18.253,155.2,-97.701,5.995e+05,623989,1,30267,-95394,54510,-5103.3,-4022.9,-1903.4,21956,-35740,27403,1.2467e+05,360069,411,1461,3508,1.154,-0.63185,-1.7619
-1133.1,2602.8,-637.46,-18.534,687.91,-2826.9,6.159e+05,624831,1,-1827.4,5101.9,-312.47,5278.7,-9877.3,4366.9,1183.6,1281.8,3468.4,13749,331838,411,1451,3506,-1.9122,-0.63185,0.88294
-1117.1,2526.8,-676.46,-19.933,728.15,-2749.4,6.1201e+05,624829,1,-1877.5,4862.4,-601.04,5092.6,-9679.6,4171.6,921.27,926.83,2690.4,13172,331034,411,1451,3506,-1.9175,-0.63185,0.87119
1738.4,0.57907,496.84,513.06,-1511.2,849.64,6.0446e+05,625495,1,64740,-1.2024e+05,86443,4583.1,33714,-9499.3,34308,-61303,45066,1.853e+05,364250,411,1461,3508,1.1518,-0.64476,-1.7586
20.069,6.9003,-217.15,182.76,118.12,15.881,6.0229e+05,625497,1,83078,-58052,75383,1080.3,40610,-14315,34927,-42591,38439,1.494e+05,362036,411,1461,3508,1.141,-0.64476,-1.7657
-174.96,18.891,-341.71,180,332.25,-70.292,6.0133e+05,625499,1,2499.3,-27796,11750,7620.5,35895,-8334.9,-1087,-26169,8949.3,55669,351053,411,1461,3508,1.1301,-0.64476,-1.7726
-195.11,40.112,-389.32,204,381.72,-62.633,6.0141e+05,625501,1,-5311.1,-22462,4830.9,5785.9,43530,-12294,-2436.5,-27305,8497.5,58815,351659,411,1462,3509,1.1192,-0.64476,-1.7795
-125.33,61.394,-405.22,248.02,349.37,-9.9549,6.0269e+05,625503,1,-4301.6,-19838,4483.4,9465.8,51225,-12798,-4756.1,-29175,7718.9,65138,352796,411,1462,3509,1.1083,-0.64476,-1.7864
-64.051,83.665,-410.84,278.53,317.39,39.686,6.0403e+05,625505,1,-4246,-17997,3827.5,7498.5,56688,-15996,-5074.7,-30086,7857.9,69820,353624,411,1462,3509,1.0973,-0.64476,-1.7931
-83.438,111.79,-399.36,252.89,334.86,53.549,6.0471e+05,625507,1,-1278.3,-19952,6358.9,-4635.5,43026,-18338,482.44,-22176,8331.4,56662,351252,411,1462,3509,1.0863,-0.64476,-1.7998
-1188.5,2666.2,-687.1,-19.008,739.9,-2906.1,6.0998e+05,626335,1,-2094.9,4944.2,-949.84,5122.9,-9455.7,4281.7,767.74,575.29,2119.6,13005,330746,411,1451,3506,-1.914,-0.64476,0.86957
225.88,-301.34,-83.886,269.15,-239.01,-138.92,6.0548e+05,627013,1,9430.2,-15674,11216,-27224,51653,-35103,14512,-28957,19223,80749,355287,411,1462,3509,1.0732,-0.65765,-1.803
-406.72,150.12,-358.4,53.596,553.22,-86.479,6.0504e+05,627015,1,18965,-16262,17127,-20295,23976,-20744,11637,-10876,10854,52019,350303,411,1471,3510,1.0621,-0.65765,-1.8096
-1235.1,2719.7,-719.14,-17.405,773.4,-2973.4,6.0461e+05,627837,1,-2147.5,4743.5,-1179.2,4938.3,-8831.9,4297.2,683.52,95.161,1597.7,12345,329186,411,1451,3506,-1.9156,-0.65765,0.85618
-24.845,-126.09,-241.37,224.72,99.567,-119.84,6.0521e+05,628519,1,19778,-19551,18837,-32389,30819,-30580,18139,-15569,16511,70045,353670,411,1471,3510,1.06,-0.67051,-1.8061
-521.74,196.69,-407.02,26.646,680.12,-115.28,6.0257e+05,628521,1,23320,-4768.4,15382,-20484,17090,-18315,11010,-6514.2,8864.3,45744,348872,411,1471,3510,1.0489,-0.67051,-1.8125
-1292.2,2827.2,-712.47,-15.42,766.74,-3095.5,6.0302e+05,629341,1,-1933.4,3794,-1354.4,4444.1,-7047.8,4421.1,903.02,-805.07,1383.5,10598,325105,411,1451,3506,-1.9119,-0.67051,0.85452
-487.38,31.465,-372.03,64.246,561.41,-240.06,6.0341e+05,630023,1,25254,-6592.6,17184,-35474,15587,-26535,20283,-5815.5,14016,61836,352235,411,1471,3510,1.0469,-0.68334,-1.8089
-1341.8,2919,-691.86,-11.057,745.96,-3200.5,6.0126e+05,630843,1,-1658.4,2788.2,-1481.3,3922,-5453.2,4414.1,1135.1,-1976,952.15,9133.6,321009,411,1451,3506,-1.9081,-0.68334,0.85282
-153.2,-274.47,-234.04,206.25,113.34,-313.36,6.03e+05,631523,1,27825,-28346,27052,-47725,34941,-41246,28598,-19904,24336,96517,357274,411,1479,3512,1.0447,-0.69616,-1.8053
-635.86,158.96,-452.03,23.201,763.87,-223.35,6.004e+05,631525,1,20471,-9194.9,15320,-22185,17125,-19349,11575,-6332,9106.4,46423,349045,411,1479,3512,1.0336,-0.69616,-1.8117
-1316.2,2834.7,-689.05,-10.754,739.38,-3113.8,5.9563e+05,632339,1,-1356.5,1700.6,-1706.4,3343.3,-3805.3,4530.6,1274.8,-2706.1,667.63,7951.2,316652,411,1451,3506,-1.9145,-0.69616,0.82766
-1344.1,2908.8,-673.61,-10.911,724.29,-3193.2,5.9681e+05,632341,1,-1421.5,1892.3,-1669.4,3508.9,-4090.4,4601,1257,-2575.6,728.58,8206.4,317838,411,1451,3506,-1.9094,-0.69616,0.83939
-1372.8,2983.1,-659.37,-10.815,710.56,-3273.1,5.9932e+05,632343,1,-1535.8,2025.4,-1780.7,3690.5,-4244.9,4788.2,1331.2,-2741,730.22,8603.2,319205,411,1451,3506,-1.9042,-0.69616,0.85109
-593.64,-6.7135,-437.99,83.799,648.43,-341.78,6.0107e+05,633025,1,24119,3257.4,12543,-30171,14397,-22925,16125,-2095.6,10081,52524,350414,411,1482,3513,1.0315,-0.70894,-1.8079
-1313.9,2821.9,-660.67,-9.7507,707.34,-3102.5,5.8957e+05,633837,1,-1293.1,1584,-1662.8,3250.8,-3784.2,4351.1,1431.5,-3220.5,564.86,7969.1,316746,411,1451,3506,-1.9156,-0.70894,0.81421
-709.65,-363.2,-361.64,83.718,512.41,-704.79,5.9909e+05,634523,1,43143,10552,20538,-52670,29535,-41976,33077,-7463.7,21958,97134,357344,411,1482,3513,1.0293,-0.7217,-1.8041
-1307.7,2805.3,-621.91,-7.461,664.84,-3086.2,5.8498e+05,635333,1,-1147.5,1015.9,-1829.1,2981.5,-2847.2,4563.6,1641.7,-3858.2,439.25,7828.8,315913,411,1451,3506,-1.9165,-0.7217,0.80075
-1334.5,2873.3,-609.25,-8.0243,652.46,-3159.5,5.8698e+05,635335,1,-1228.9,1246.9,-1783.9,3119.4,-3208.2,4489.6,1634,-3805.7,465.31,7987.3,316855,411,1451,3506,-1.9116,-0.7217,0.81249
-966.04,-755.2,-322.12,64.71,468.7,-1176.2,5.9173e+05,636019,1,20988,31494,-805.3,-60136,24778,-44511,24905,604.16,14043,91991,356718,411,1486,3514,1.0271,-0.73443,-1.8002
-1291.8,2772.8,-579.34,-7.2126,617.7,-3051.4,5.8069e+05,636827,1,-1061,794.84,-1841.2,2790.2,-2424.5,4531.6,1715.8,-3948.6,493.79,7624,314878,411,1451,3506,-1.9173,-0.73443,0.78728
-1320.7,2842.8,-565.51,-6.376,604.51,-3127.3,5.8174e+05,636829,1,-1145.2,816.02,-1991.7,2935.4,-2418.6,4804,1753.5,-4048.2,474.59,7846.4,316077,411,1451,3506,-1.9124,-0.73443,0.79903
-1514.8,-1124,-277.49,-97.413,619.06,-1800.6,5.3445e+05,637513,1,-17646,33976,-24152,-78627,1933.2,-45684,20379,1242.1,11153,1.0423e+05,358177,411,1486,3514,1.0249,-0.74713,-1.7963
-1279.3,2745.6,-535.92,-5.718,570.39,-3022.7,5.7382e+05,638319,1,-1052.3,866.36,-1775.6,2750.8,-2508,4407.1,1827.2,-4160.8,523.36,7624,314877,411,1451,3506,-1.9179,-0.74713,0.7738
-1253.3,2680.3,-551.41,-5.9407,585.65,-2952.2,5.7451e+05,638317,1,-979.54,771.04,-1717.3,2631.6,-2387.1,4303.3,1859.3,-4185.3,581.86,7547,314487,411,1451,3506,-1.9226,-0.74713,0.76202
-1964.6,-985.54,-350.82,-287.14,1009.5,-1962.8,4.8842e+05,639005,1,-25845,-675.49,-14252,-77085,-42834,-25767,19833,8046.5,7957.1,99165,357589,411,1486,3514,1.0226,-0.75981,-1.7923
-1238.3,2648.8,-506.38,-4.8019,536.8,-2918.5,5.7195e+05,639807,1,-878.11,557.69,-1690.2,2454,-2009.4,4265.6,1952.7,-4294,656.92,7407.9,313626,411,1451,3506,-1.9229,-0.75981,0.74853
-1493.7,108.16,-508.44,-317.55,1317.4,-815.38,4.5478e+05,640495,1,-20924,-24826,-1180.6,-43236,-93232,15614,9630.5,24319,-5013.5,1.1212e+05,358955,411,1490,3515,1.0202,-0.77246,-1.7882
-1221.3,2615,-460.75,-4.5775,487.24,-2881.7,5.6711e+05,641295,1,-840.68,484.11,-1692.9,2403.3,-1922.2,4275.4,2004.7,-4275,760.88,7377.6,313483,411,1451,3506,-1.9231,-0.77246,0.73504
-997.7,1369.7,-796.78,-297.2,1788.9,466.75,4.2494e+05,641985,1,-14098,-15317,-1205.4,-5683.4,-89503,36041,-2784.7,35976,-17377,1.0668e+05,358437,411,1490,3515,1.0069,-0.78507,-1.7902
-759.76,984.11,-578.36,-217.56,1321.1,295.96,4.3726e+05,641989,1,-2622.5,1659.5,-2176.4,144.06,-70749,30934,-1123.1,29369,-13444,83793,355684,411,1490,3515,0.98487,-0.78507,-1.8025
-868.25,1162.7,-665.41,-264.77,1528.9,375.62,4.3077e+05,641987,1,-6760.7,-5082.1,-1508.5,-787.33,-85383,37013,-1586.6,38281,-17700,1.0255e+05,357987,411,1490,3515,0.99591,-0.78507,-1.7964
-1182.9,2524.3,-440.03,-6.3855,462.73,-2784,5.6534e+05,642779,1,-903.96,835.43,-1528,2508.9,-2548,3991.8,2054.3,-4154.3,983.15,7377.6,313480,411,1451,3506,-1.9275,-0.78507,0.70973
-1161.8,2467.2,-460.91,-6.5114,483.86,-2723.1,5.6469e+05,642777,1,-871.53,885.1,-1410.5,2439.5,-2619.3,3792.5,2029.6,-4075.1,1025,7245.9,312853,411,1451,3506,-1.9318,-0.78507,0.69789
-1205.8,2583.5,-419.76,-5.5878,442.42,-2847.6,5.668e+05,642781,1,-897.48,740.86,-1587.1,2484.3,-2333.7,4088.4,2065.2,-4210.2,930.77,7377.6,313482,411,1451,3506,-1.9231,-0.78507,0.72155
-888.38,1804.4,-952.57,-265.47,2047.4,830.8,4.1368e+05,643479,1,720.08,-293.79,569.81,5430,-80166,38358,-3065.7,40451,-19549,99781,357654,411,1492,3516,0.97149,-0.79766,-1.8042
-784.62,1257.6,-618.46,-284.19,1513,458.09,4.2666e+05,643483,1,-6636.8,5101.3,-5684.2,623.92,-74490,32997,-3262,32862,-16145,89953,356455,411,1494,3517,0.94927,-0.79766,-1.816
-889.92,1493.3,-783.5,-285.42,1793.8,580.17,4.1946e+05,643481,1,-1831.1,-2154.9,28.952,3476.3,-86214,40000,-3848.7,44317,-21668,1.0724e+05,358484,411,1494,3517,0.9604,-0.79766,-1.8101
-617.38,1037.5,-456.35,-261.67,1202,390.47,4.3677e+05,643485,1,-7329.8,3794.7,-5458.1,6950.1,-77424,37598,-6004.5,36152,-19020,96224,357244,411,1497,3518,0.93811,-0.79766,-1.8218
-507.03,663.22,-271.86,-228.38,830.13,171.98,4.4946e+05,643487,1,-496.26,6929.8,-3323.9,3562.8,-58747,27579,-778.86,21270,-9784,69517,353579,411,1497,3518,0.92692,-0.79766,-1.8275
-1120.2,2349.8,-469.73,-5.354,490.79,-2599.3,5.5966e+05,644259,1,-850.33,1080.8,-1195.8,2350.2,-2836.5,3487.4,2081.6,-3937.7,1361.8,7123.5,312186,411,1451,3506,-1.9397,-0.79766,0.66065
-1138.8,2402.8,-445.09,-5.357,465.77,-2655.5,5.5972e+05,644261,1,-882.81,1076.7,-1267.6,2409,-2847.7,3566.5,2097.8,-4069.6,1219.3,7254.5,312899,411,1451,3506,-1.9356,-0.79766,0.67254
-1158,2455.6,-422.7,-5.2239,443.09,-2711.7,5.6109e+05,644263,1,-889.53,1021.2,-1317.2,2415.6,-2724,3634.1,2152.2,-4228.3,1136.1,7337,313291,411,1451,3506,-1.9314,-0.79766,0.6844
-778.61,1990.6,-956.92,-267.51,2108.2,984.03,4.1408e+05,644973,1,-34.809,4127,-1786.1,7039.1,-90378,43732,-4395.8,51662,-25210,1.1608e+05,359336,411,1497,3518,0.92469,-0.81022,-1.8231
-739.74,1661,-775.31,-274.53,1807.4,751.74,4.2676e+05,644975,1,2411.5,2903.2,-48.413,-456.18,-89225,39352,2256,46944,-19730,1.101e+05,358785,411,1497,3518,0.91348,-0.81022,-1.8287
-783.58,1409,-686.37,-268.11,1650.2,524.77,4.35e+05,644977,1,5123.3,1417.8,1916,-2684.9,-77873,33111,4251.4,35070,-13457,92891,356834,411,1497,3518,0.90224,-0.81022,-1.8343
-869.83,1262.9,-668.72,-258.26,1615.6,349.11,4.3833e+05,644979,1,4361.2,-5322.8,4496.4,-8335.2,-85926,34022,6217.5,40874,-15119,1.0303e+05,358044,411,1498,3519,0.89097,-0.81022,-1.8398
-968.48,1240.6,-703.15,-254.5,1685.5,256.39,4.3733e+05,644981,1,5767.9,-732.98,3125,-13861,-70461,24380,7851.7,28909,-8992.8,82298,355501,411,1499,3520,0.87967,-0.81022,-1.8452
-1040.6,1314.2,-751.98,-262.3,1801,251.03,4.3322e+05,644983,1,2273.4,-3000.9,2446.7,-15031,-75388,26037,5922.1,33257,-11833,88817,356304,411,1499,3520,0.86833,-0.81022,-1.8506
-1049.4,1321.5,-717.89,-290.01,1794.9,239.29,4.2894e+05,644985,1,-3270.9,-1462,-797.38,-9389.5,-75464,28680,1444.7,34217,-14321,89426,356389,411,1499,3520,0.85696,-0.81022,-1.8559
-943.8,1167.3,-589.75,-293.88,1574.4,189.85,4.2913e+05,644987,1,-3822.9,2091.5,-2598.3,-4292.5,-72008,29513,-189.61,31652,-13951,85421,355884,411,1499,3520,0.84555,-0.81022,-1.8611
-802.07,921.07,-451.61,-255.11,1273.5,93.42,4.3314e+05,644991,1,601.64,5260.1,-2000.2,-5089.6,-60359,24042,2397.1,24021,-9450,70365,353731,411,1501,3522,0.82265,-0.81022,-1.8713
-876.51,1000.4,-477.39,-295.92,1377.6,106.84,4.3027e+05,644989,1,-4553.9,3825.3,-3656.8,-2074.1,-67867,28695,-440.18,28088,-12510,80175,355202,411,1501,3522,0.83412,-0.81022,-1.8663
-821.31,905.29,-479.33,-227.52,1291.7,60.088,4.3337e+05,644993,1,970.54,8024.7,-3027.2,-7591.9,-52844,19667,5041.9,20470,-6743,61654,352204,411,1500,3521,0.81115,-0.81022,-1.8764
-794.29,900.12,-500.59,-192.22,1284.6,66.946,4.3401e+05,644995,1,-313.55,9709.8,-4305.9,-4791.2,-48001,18757,2127.9,17878,-6869.5,56242,351167,411,1500,3521,0.79962,-0.81022,-1.8813
-1118.4,2340.1,-436.38,-4.506,455.22,-2590.4,5.5991e+05,645743,1,-807.29,1023.7,-1137.5,2273.1,-2727,3396.5,2218,-4108.4,1500.6,7154.3,312339,411,1527,3528,-1.939,-0.81022,0.64717
-943.71,1951.3,-968.2,-246.09,2260.9,680.67,4.0987e+05,646479,1,-1689.4,-167.23,-580.92,1803.3,-72060,32322,-2734,35627,-16786,88331,356243,411,1500,3521,0.79766,-0.82275,-1.8767
-867.4,1713.8,-800.3,-266.55,1987.2,556.8,4.1387e+05,646481,1,-5317.9,-1246.3,-1640.1,6228,-73618,34926,-5169.4,39214,-19408,93015,356847,411,1502,3523,0.78613,-0.82275,-1.8815
-708.12,1457.5,-657.89,-230.41,1664.8,483.48,4.2255e+05,646483,1,-5662,4693.1,-4385.1,2859.1,-59479,27152,-1498.2,25997,-12009,71964,353968,411,1502,3523,0.77457,-0.82275,-1.8863
-680.98,1304.6,-599,-209.27,1526.5,387.76,4.2784e+05,646485,1,-1906.3,3401.9,-2250.2,925.96,-52852,23461,-799.96,22353,-10122,62989,352429,411,1502,3523,0.76299,-0.82275,-1.8911
-655.9,1220.7,-584.49,-176.96,1454.6,338.84,4.339e+05,646487,1,-568.22,2638.3,-1370.7,-1642.1,-45446,19160,1501.3,17583,-7093.1,52972,350525,411,1503,3524,0.75137,-0.82275,-1.8957
-655.12,1166.1,-568.52,-165.39,1414,292.48,4.336e+05,646489,1,-1011.5,3902.5,-2080.4,135.19,-39878,17383,-894.48,14744,-6772.5,46659,349093,411,1503,3524,0.73972,-0.82275,-1.9003
-1116.7,2330.7,-403.36,-4.0266,420.02,-2581.8,5.5964e+05,647225,1,-758.76,960.13,-1074.2,2225.1,-2724.2,3266.3,2378.3,-4373.4,1599,7282.4,313023,411,1527,3528,-1.9382,-0.82275,0.63371
-1101.7,2285.5,-431.29,-4.1077,448.43,-2534.2,5.5771e+05,647223,1,-723.72,994.03,-945.15,2136.7,-2748,3036.8,2361.3,-4271.1,1722,7108.2,312109,411,1527,3528,-1.9421,-0.82275,0.6218
-704.41,2021.3,-964.41,-172.81,2196.7,810.35,4.2077e+05,647971,1,1547.4,1392.3,-2.798,7160.4,-59239,28882,-4526.5,32438,-16067,75697,354552,411,1503,3524,0.73788,-0.83524,-1.8955
-719.81,1769.8,-807.95,-211.86,1968.8,618.07,4.224e+05,647973,1,-2025.6,5163.1,-3024.1,4735.5,-54126,25647,-3533.9,28544,-13947,68349,353379,411,1503,3524,0.72623,-0.83524,-1.9
-475.11,1376.2,-560.82,-187.77,1458,522.55,4.3324e+05,647977,1,-5594.3,10204,-6549.9,3536.8,-45211,21199,-2995.6,21399,-10555,57119,351347,411,1503,3524,0.70286,-0.83524,-1.9088
-617.08,1530.2,-651.93,-217.14,1680.4,525.85,4.2597e+05,647975,1,-7798.4,9578.3,-7120.9,7866.3,-47609,23925,-5845.7,23542,-12603,62059,352288,411,1503,3524,0.71456,-0.83524,-1.9044
-1115.8,2324.6,-367.93,-3.7162,382.41,-2576.4,5.6013e+05,648705,1,-667.94,886.78,-889,2120.4,-2710.7,2960.7,2589.4,-4681,1762.5,7372.7,313451,411,1527,3528,-1.9372,-0.83524,0.62025
-591.8,2127,-981.05,-154.17,2243.6,882.88,4.2097e+05,649459,1,-4115.2,9329.6,-5614.4,3949.2,-53179,25004,-2559,32515,-15359,70028,353663,411,1506,3525,0.68938,-0.84771,-1.9082
-512.4,1951.6,-870.53,-153.17,2033.7,818.35,4.329e+05,649461,1,-1916.2,9167,-4752.1,5234.6,-50635,24320,-2747.4,30664,-14602,66739,353098,411,1506,3525,0.67766,-0.84771,-1.9124
-469.81,1754.2,-762.94,-153.57,1829.3,714.17,4.4478e+05,649463,1,13.387,8784.9,-3895.1,7368.3,-48009,23801,-3446.9,26636,-13007,62518,352356,411,1506,3525,0.66591,-0.84771,-1.9165
-394.23,1300.3,-539.63,-144.15,1376.5,471.1,4.6794e+05,649467,1,141.28,8228.4,-3610,9455.6,-40941,21253,-3274.8,19743,-9850.7,52873,350503,411,1506,3525,0.64234,-0.84771,-1.9246
-456.96,1539.5,-647.93,-163.5,1623.9,578.71,4.5499e+05,649465,1,-1675.6,8873.8,-4495.4,11143,-45305,23821,-5257.4,23893,-12381,59981,351882,411,1506,3525,0.65414,-0.84771,-1.9206
-400.97,1102.8,-476.63,-122.13,1215,336.46,4.8006e+05,649469,1,2193.4,4007.5,-1081.5,7873.8,-31546,16510,-2112.4,12065,-6052.3,39222,347020,411,1508,3526,0.63052,-0.84771,-1.9285
-1128.2,2366.1,-295.03,-3.7655,306.34,-2620,5.6034e+05,650185,1,-618.86,780.23,-864.38,2116.9,-2695.5,2921.2,2783.1,-5109.8,1691.6,7664,315120,411,1527,3528,-1.9323,-0.84771,0.61868
-1115.8,2322,-328.36,-3.358,340.67,-2574.6,5.6022e+05,650183,1,-614.65,798.53,-842.79,2086,-2714.1,2851.4,2789,-5111.4,1745.2,7650.1,315057,411,1527,3528,-1.9361,-0.84771,0.60681
-571.73,1576.6,-747.28,-122.19,1774.7,454.49,4.6753e+05,650949,1,1682.5,8074.3,-3066.1,9834.6,-41106,21499,-3824.4,23429,-11699,55013,350919,411,1508,3526,0.61708,-0.86014,-1.9273
-571.14,1350.4,-634.92,-127.86,1562.2,310.02,4.7493e+05,650951,1,-22.715,5394.2,-2420.7,9933.8,-33668,18129,-4253,16708,-8807.2,44391,348530,411,1508,3526,0.60524,-0.86014,-1.9311
-1102.9,2279.1,-315.71,-2.7659,326.6,-2530.6,5.6014e+05,651657,1,-527.79,686.33,-744.3,2001.4,-2646.9,2755,3066.8,-5528.1,2048.9,8004.3,317007,411,1527,3528,-1.9383,-0.86014,0.5815
-1114,2319.6,-280.84,-3.0035,290.82,-2572.1,5.6048e+05,651659,1,-538.98,646.48,-820.09,2037.9,-2586.4,2894,3064.6,-5566.5,1921.2,8041.6,317187,411,1527,3528,-1.9347,-0.86014,0.59338
-1126.3,2362.7,-247.78,-3.2655,256.8,-2616.5,5.6039e+05,651661,1,-557.43,652.04,-855.83,2048.5,-2604.9,2846.8,3003.2,-5565.2,1681,7960.6,316705,411,1527,3528,-1.9311,-0.86014,0.60524
-679.38,1723.2,-892.64,-83.288,2014.1,405.03,4.6336e+05,652429,1,-744.62,6901.8,-3333.3,12863,-32617,18645,-6114.6,20995,-11346,47362,349262,411,1512,3527,0.59182,-0.87254,-1.9297
-644.21,1484.6,-759.67,-91.137,1762.5,285.34,4.7285e+05,652431,1,-1288.8,6865.8,-3483.1,12381,-28123,16388,-5847.1,16857,-9366.2,40985,347586,411,1512,3527,0.57997,-0.87254,-1.9332
-1091.1,2240.6,-300.25,-2.3073,309.74,-2491,5.5979e+05,653129,1,-437.03,519.48,-709.63,1949.7,-2633.8,2668.3,3447.7,-6287.7,2160.2,8655.2,319356,411,1527,3528,-1.9402,-0.87254,0.55621
-1101.6,2280.4,-263.04,-2.6003,271.59,-2531.6,5.5984e+05,653131,1,-459.55,532.02,-750.15,1977.8,-2631,2703.5,3382.5,-6215.8,1984.6,8556.6,319068,411,1527,3528,-1.9368,-0.87254,0.5681
-1112.1,2318.7,-229.5,-2.8277,237.15,-2570.9,5.6047e+05,653133,1,-480.69,564.88,-756.02,1992.6,-2641.7,2679.5,3313.9,-6110.7,1860.7,8428.2,318596,411,1527,3528,-1.9332,-0.87254,0.57997
-716.26,1634.8,-907.36,-45.386,1982.3,278.29,4.7074e+05,653907,1,-912.11,4646.2,-2380.8,14803,-17722,12433,-7503.5,13139,-8204.8,31814,344121,411,1512,3527,0.56658,-0.88491,-1.9316
-1072.1,2170.6,-321.31,-1.1349,330.38,-2419.7,5.5941e+05,654597,1,-303.89,347.48,-546.63,1813.3,-2557.2,2435.9,3922,-7152.7,2510.7,9440.3,321983,411,1527,3528,-1.9449,-0.88491,0.51901
-1065,2135.3,-366.27,-0.31577,376.34,-2384.6,5.5945e+05,654595,1,-266.21,294.55,-509.79,1817.4,-2563.1,2509.5,4136.6,-7469.4,2852.7,9880.7,323401,411,1527,3528,-1.9481,-0.88491,0.50706
-1080.1,2205.9,-280.66,-1.7491,288.78,-2455.2,5.5921e+05,654599,1,-342.16,366.83,-638.66,1903.6,-2648.7,2534.6,3916.9,-7241.7,2218.3,9509.4,322191,411,1527,3528,-1.9417,-0.88491,0.53093
-1088.8,2242.8,-240.9,-2.2111,248.04,-2492.4,5.5967e+05,654601,1,-390.78,451.14,-659.63,1943.2,-2692.1,2551,3736,-6872.5,2145.3,9171.3,321167,411,1527,3528,-1.9384,-0.88491,0.54284
-704.68,1966.8,-1132.8,3.1947,2329.5,470.89,4.9938e+05,655377,1,812.98,-1545,968.25,13336,-2436.2,5111.7,-6498,2856.5,-3264.2,16581,334718,411,1512,3527,0.57685,-0.89725,-1.9228
-1053.5,2099.2,-345.84,1.3951,354.77,-2347.4,5.5965e+05,656063,1,-81.73,-95.56,-511.37,1767.2,-2385.2,2718,4967.5,-9023.2,3309.7,11555,327070,411,1527,3528,-1.9488,-0.89725,0.48181
-1060.5,2137.5,-293.97,0.26304,301.73,-2385.1,5.6031e+05,656065,1,-148.55,-0.52551,-587.07,1778.2,-2414.5,2612.4,4644,-8579.5,2682.5,10888,325824,411,1527,3528,-1.9458,-0.89725,0.49376
-1067.9,2173,-249.74,-0.59978,256.47,-2420.5,5.5998e+05,656067,1,-213.7,108.61,-626.8,1787.4,-2443.9,2517.5,4366.9,-8144.9,2293.2,10326,324418,411,1527,3528,-1.9428,-0.89725,0.50569
-670.5,1938.9,-1124.2,2.9309,2291.7,469.7,5.3261e+05,656847,1,742.46,-2265.9,1297.5,12539,1722.6,2936,-5890.7,-764.7,-1399.8,14609,332799,411,1512,3527,0.57526,-0.90955,-1.9175
-1043.4,2022.5,-467.96,4.8229,479.47,-2273.4,5.5809e+05,656059,1,79.837,-343.07,-334.32,1604.3,-2088.5,2744.4,5506.1,-9828.1,4201.3,12620,330025,411,1527,3528,-1.9546,-0.89725,0.45786
-1031.1,2014.8,-374.42,6.2029,383.6,-2261.8,5.5923e+05,657527,1,372.24,-1026.8,-473.8,1462,-1657.5,3035.3,6534.4,-12002,4119,14806,333014,411,1527,3528,-1.952,-0.90955,0.44462
-1041.8,2094,-253.48,2.006,259.88,-2338.1,5.6172e+05,657531,1,78.316,-466.66,-578.68,1679.3,-2100.2,2912.7,5547,-10206,3285.5,12728,330241,411,1527,3528,-1.9464,-0.90955,0.46854
-638.96,1916.6,-1112.2,-2.9597,2257.8,470.12,5.3762e+05,658313,1,597.5,-2025.9,1156.7,12816,507.77,3608.8,-6209.4,-175.96,-1782.9,15003,333192,411,1566,3534,0.57365,-0.92181,-1.9122
-1019.5,1916.2,-440.98,21.111,452.73,-2168,5.6182e+05,658987,1,1640.7,-2341.2,2572,465.92,-283.64,1573.7,10080,-16458,11035,22623,339258,411,1527,3528,-1.9543,-0.92181,0.40747
-1001.6,1947,-321.21,11.571,329.47,-2188.3,5.6165e+05,658989,1,998.64,-2012.1,230.61,893.42,-576.64,2878.2,8132,-14612,5741.2,18086,336048,411,1527,3528,-1.9518,-0.92181,0.41946
-1067.7,1906.2,-646.01,34.88,663.09,-2179.4,5.5987e+05,658985,1,672.39,322.25,4097,110.15,-343.72,-277.24,7817.1,-9164.2,17391,21566,338558,411,1527,3528,-1.9568,-0.92181,0.39547
-1003,1990.6,-244.23,6.6888,250.41,-2228.3,5.62e+05,658991,1,681.69,-1674,-485.7,1234.9,-1054,3332.9,7389,-13648,4306.6,16633,334759,411,1527,3528,-1.9492,-0.92181,0.43142
-623.39,1753.2,-1034.7,-4.703,2097.2,367.27,5.3749e+05,659779,1,943.77,-1609.8,1063.6,12785,-611.27,4066.8,-6107.2,519.96,-2055.3,15059,333250,411,1566,3534,0.5603,-0.93405,-1.9102
-1175.6,1935,-875.85,70.225,901.8,-2252.8,5.6096e+05,660447,1,-608.3,3045.4,4188.3,724.08,-2289,-1892.6,7233,-5180.7,23978,26280,341585,411,1527,3528,-1.9536,-0.93405,0.38237
-604.74,1771.3,-1049,-7.2409,2111.7,379.82,5.3311e+05,661241,1,1183,-1049.3,865.42,12995,-1381.7,4490.7,-6237.9,1165.5,-2406,15500,333690,411,1566,3534,0.55868,-0.94624,-1.9046
-622.52,1602.7,-968.12,-4.4717,1955.5,263.12,5.3698e+05,661243,1,1548.9,-845.47,863.25,12906,-1264.2,4340,-6077.3,1106.6,-2298.9,15307,333495,411,1566,3534,0.54698,-0.94624,-1.908
-1325.4,2028.8,-883.92,147.8,923.54,-2403.9,5.801e+05,661909,1,-3782,11495,8872,2692.4,-6692.3,-2754.9,7508.9,905.36,40073,44134,348457,411,1527,3528,-1.9479,-0.94624,0.38126
-615.02,1626.2,-988.94,-5.7404,1981.9,269.75,5.3396e+05,662703,1,1892.1,-252.01,667.48,13254,-1618.5,4611.4,-6300.6,1575.3,-2599.6,15893,334065,411,1566,3534,0.54537,-0.9584,-1.9024
-1518.5,2134.8,-901.71,254.86,960.23,-2586.4,6.0211e+05,663369,1,957.47,2854.3,11446,-1241.5,1082.6,-3341.7,10821,-2077.4,49370,52085,350320,411,1527,3528,-1.9422,-0.9584,0.38013
-613.9,1654.6,-1017,-4.8508,2018.5,273.14,5.3433e+05,664161,1,2123.7,-11.253,613.91,13631,-1773.3,4814.6,-6572.7,1870.7,-2841.8,16486,334625,411,1566,3534,0.54374,-0.97053,-1.8967
-1534.8,2002.4,-926.74,308.03,994.72,-2477.8,6.13e+05,664827,1,4456.2,-3507,13005,-6877.4,12493,-2949.3,10218,1957.2,56397,60846,352050,411,1527,3528,-1.9364,-0.97053,0.379
-614.69,1679.5,-1045.2,-3.2433,2053.4,273.08,5.3508e+05,665615,1,2433.4,-143.82,772.79,13760,-1404.4,4673.3,-6691,1679,-2790.1,16585,334723,411,1566,3534,0.54209,-0.98262,-1.891
-1411.3,1758.7,-958.69,288.35,1023.5,-2207.5,6.1358e+05,666281,1,4013.7,-2521,13417,-3539.9,5877,-2971.9,11935,-197.49,59561,62836,352413,411,1527,3528,-1.9305,-0.98262,0.37785
-610.15,1698.1,-1068.7,-1.8781,2079.1,274.55,5.3642e+05,667067,1,2774.1,-370.28,989.14,13892,-1068,4536.5,-6803.4,1397.2,-2683.3,16702,334822,411,1566,3534,0.54041,-0.99467,-1.8851
-1389.6,1692.2,-970.23,284.52,1034.3,-2141.3,6.1266e+05,667733,1,2382.2,919.13,14134,-1203.1,1356.3,-2855,12209,627.21,63070,65917,352944,411,1532,3529,-1.9245,-0.99467,0.37668
-603.31,1713,-1088.7,-1.6681,2099.4,276.33,5.3906e+05,668517,1,2873.8,-659.06,1179,13985,-1033.6,4571.1,-6860.6,1276.4,-2653.6,16834,334945,411,1566,3534,0.53872,-1.0067,-1.8792
-1438,1718.3,-975.41,301.38,1042.2,-2189.7,6.1386e+05,669183,1,2131.2,1644.5,14731,-105.05,-717.8,-2649.7,13917,-1427.2,66265,69416,353558,411,1532,3529,-1.9185,-1.0067,0.3755
-590.48,1728.2,-1106.5,-2.1825,2116.4,283.59,5.4032e+05,669963,1,3134.6,-1104.8,1498.4,14395,-1147.6,4743.7,-7094.3,1183.3,-2672.9,17413,335453,411,1566,3534,0.53701,-1.0187,-1.8733
-1473.5,1744.5,-943.48,312.78,1011.5,-2232.4,6.1589e+05,670629,1,3486.4,-365.86,16236,183.74,-889.93,-1599.8,19117,-9986.9,69469,74635,354373,411,1541,3530,-1.9124,-1.0187,0.37431
-567.12,1748.5,-1124.5,-2.6467,2133.5,302.65,5.4291e+05,671407,1,3785.6,-1973,2178.7,15269,-1693.6,5321.7,-7499.7,1333.3,-2890.8,18806,336593,411,1566,3534,0.53528,-1.0306,-1.8672
-1375.8,1781.9,-547.91,264.55,601.52,-2221.8,6.1625e+05,672073,1,12973,-17739,16634,1088.3,-2184.2,-535.6,40330,-49998,66933,96810,357302,411,1541,3530,-1.9063,-1.0306,0.3731
-1289.2,1836.7,-1031,88.631,1059.9,-2228.6,6.1592e+05,672071,1,-244.03,315.2,-480.19,-2262.9,3116.8,-3011.6,16138,-17282,35155,42653,348050,411,1541,3530,-1.9085,-1.0306,0.3614
-471.61,1981.9,-1246.3,-3.5168,2335.3,500.17,5.5518e+05,672847,1,4666.4,-2911.3,2998.4,16268,-2493.4,6161.6,-7864.5,1675.9,-3242.6,20573,337864,411,1566,3534,0.54493,-1.0425,-1.8578
-1490.9,1705.2,-1007.1,316.41,1073.4,-2211.9,6.1932e+05,673513,1,-5.1543,4088.3,11177,-2573,3785.1,-2852.8,13191,-2541.3,61299,64100,352617,411,1550,3531,-1.9023,-1.0425,0.36021
-498.79,1806.9,-1170.3,0.18306,2178.9,368.32,5.6146e+05,674287,1,5758.4,-1769.5,2649.9,16667,-2001.2,5906.9,-7867.4,1819.8,-3286.3,20881,338053,411,1566,3534,0.53175,-1.0544,-1.8549
-1543.5,1653.5,-1007.5,373.53,1083.1,-2195.2,6.2089e+05,674951,1,962.72,1453.6,8674.2,-2783.1,2789.6,-6772.4,12083,479.17,64248,66435,353036,411,1550,3531,-1.8959,-1.0544,0.35902
-472.62,1840.8,-1202.5,4.5553,2213.8,396.12,5.7743e+05,675723,1,8179.7,-722.61,2752.8,18180,-2172.3,6463.3,-8063.9,2457.5,-3730.8,23173,339622,411,1566,3534,0.52996,-1.0662,-1.8487
-1539.5,1603.2,-1017.6,379.97,1094,-2152.8,6.2048e+05,676387,1,4732.6,551.7,25894,-897.66,1575.2,-355.53,18813,-437.15,96508,1.0181e+05,357885,411,1550,3531,-1.8895,-1.0662,0.35781
-470.49,1876.4,-1247.1,11.99,2266,403.07,5.9271e+05,677157,1,10073,-97.794,2945.5,19671,-2326.9,7010.5,-8184.1,3159.4,-4199.3,25421,341157,411,1566,3534,0.52815,-1.078,-1.8423
-1567,1598.1,-1022.6,392.63,1100.8,-2165.4,6.2049e+05,677821,1,3017.2,1016.9,18276,-556.01,49.082,-3093.9,17329,-1532.9,85525,89281,356364,411,1550,3531,-1.8831,-1.078,0.35658
-483.1,1902.3,-1301.9,28.652,2322.1,392.31,6.0326e+05,678587,1,15758,1946.9,3351.3,23455,-625.55,7093.3,-8810.8,3629.4,-4679.5,31255,343880,411,1566,3534,0.52631,-1.0897,-1.8359
-1582.7,1608.6,-977.05,395.63,1054.8,-2185.8,6.2071e+05,679251,1,6974.4,-5757.9,18283,1167.1,-2817.7,-2811,30018,-22918,86469,96626,357287,411,1558,3532,-1.8765,-1.0897,0.35535
-504.18,1891.4,-1368.2,70.707,2360.2,357.94,6.0919e+05,680013,1,24021,4295.6,4252.1,28560,5786.2,4666.5,-11043,1936,-4311.4,40358,347372,411,1566,3534,0.52446,-1.1014,-1.8295
-1385.9,1686.5,-306.16,284.48,356.62,-2156.5,6.1913e+05,680677,1,10201,-11209,18430,1601.3,-2749.1,-277.29,36848,-38336,74427,94585,357049,411,1558,3532,-1.8699,-1.1014,0.3541
-1409.5,1763.5,-1080.5,148.4,1117.2,-2234.7,6.1872e+05,680675,1,34.741,3019.6,9512,-3145,4722.6,-2048.2,22257,-18614,60315,67939,353309,411,1561,3533,-1.8721,-1.1014,0.34261
-962.94,1415,-1204.1,59.796,2072.4,-284.26,6.0743e+05,681437,1,17590,6402.8,1063.8,23491,13100,-1403.8,-14063,-5547.9,-543.11,36135,345938,411,1566,3534,0.51139,-1.1131,-1.8261
-1643.2,1606.3,-1043.9,418.87,1122.5,-2221.4,6.2239e+05,682097,1,1505,4197.9,21018,-2105.9,3605.5,-96.234,20638,-6593.7,89668,94810,357080,411,1561,3533,-1.8654,-1.1131,0.34139
-777.71,1431,-1229.2,99.249,2035.4,-104.51,6.1137e+05,682853,1,28781,8106.8,3254.2,37465,17184,141.52,-19818,-9057.7,-80.766,55483,351009,411,1566,3534,0.5207,-1.1247,-1.8164
-1623.6,1605.3,-844.39,420.71,920.55,-2214,6.2244e+05,683515,1,7305.6,-6928.7,16376,-381.88,-3.8823,-2319.2,33717,-30448,82499,96152,357235,411,1567,3535,-1.8586,-1.1247,0.34016
-959.69,1137.8,-1033.1,35.926,1766.7,-400.44,6.0996e+05,684269,1,20533,7836.1,1014,29844,13110,375.31,-19639,-8250.6,-481.28,44729,348608,411,1566,3534,0.51879,-1.1362,-1.8097
-1594.4,1639.2,-1083.3,335.81,1146.1,-2230.8,6.2126e+05,684929,1,1139.9,79.703,6247.4,-3074.6,3331.4,-6029.8,22264,-17632,63884,70605,353763,411,1567,3535,-1.8539,-1.1362,0.32754
-755.48,1403.7,-1219.7,84.201,2002.9,-99.805,6.1026e+05,685681,1,35236,11960,2722.6,54565,16163,5731.9,-32089,-9355.2,-3454,76109,354601,411,1566,3534,0.52791,-1.1478,-1.7997
-1725.5,1543.7,-1067.6,485.16,1152.3,-2221.9,6.2406e+05,686343,1,1138.1,4468.1,21095,-3203,4278.1,-3503.6,18818,-116.62,1.0436e+05,1.0841e+05,358596,411,1574,3537,-1.847,-1.1478,0.32632
-925.24,1159.9,-1070.3,39.872,1792.6,-363.38,6.1079e+05,687091,1,27553,6470.9,3954.9,43410,12210,4915.4,-27097,-6721.7,-3642.7,60556,351992,411,1570,3536,0.52592,-1.1593,-1.793
-1733.2,1504.9,-1075.4,497.89,1161.8,-2197.2,6.2401e+05,687753,1,2070.8,739.17,13441,-1866.5,1057.9,-7231.6,16779,-211.33,92701,95486,357160,411,1574,3537,-1.84,-1.1593,0.32509
-575.03,1587.1,-1354.5,113.35,2157,136.51,6.1147e+05,688495,1,34250,7293.1,5480.9,62431,14301,9383.2,-34458,-7092.5,-5689.7,81954,355456,411,1570,3536,0.53485,-1.1707,-1.7828
-1758.5,1496.1,-1082.8,509.86,1170.7,-2207.5,6.2414e+05,689159,1,6629,1270.8,40973,715.38,232.59,4470.5,26741,-770.11,1.4602e+05,1.5422e+05,362396,411,1574,3537,-1.833,-1.1707,0.32384
-766.74,1319.2,-1200.8,74.836,1933.9,-156.95,6.1133e+05,689897,1,35483,10531,3679.8,57868,14382,7876,-34697,-8314.8,-4917.5,79362,355094,411,1570,3536,0.53278,-1.1821,-1.7759
-1786.3,1493.2,-1087.1,521.03,1176.3,-2224.2,6.2452e+05,690561,1,2021.8,1110.9,14533,-982.2,-112.69,-6422.9,18752,-1347.2,99543,1.0257e+05,357991,411,1574,3537,-1.8258,-1.1821,0.32259
-911.42,1128.1,-1089,43.828,1774,-374.45,6.1172e+05,691295,1,34429,6672.4,5896.5,51457,11646,7680.9,-32423,-6117.4,-5657.2,72303,354026,411,1579,3538,0.53068,-1.1935,-1.769
-1795.2,1508.5,-1024.7,516.31,1112,-2246.1,6.247e+05,691959,1,5340.4,-3212.3,17367,753.91,-1909.6,-3210.2,33234,-21268,1.0744e+05,1.16e+05,359326,411,1581,3539,-1.8187,-1.1935,0.32132
-498.03,1632.4,-1437.3,132.97,2217.2,212.49,6.1277e+05,692687,1,36589,9405,4743.2,68138,15786,10119,-37688,-8012.8,-6066.2,89250,356360,411,1579,3538,0.53937,-1.2048,-1.7586
-1545.7,1697.3,-1156.3,182.3,1193.8,-2269.1,6.2206e+05,693351,1,-1018.5,611.93,-3836.5,-3252.7,3005.9,-7422.4,21940,-20112,49261,58338,351566,411,1581,3539,-1.8134,-1.2048,0.30892
-1581.3,1621.1,-236.17,380.06,294.62,-2225.5,6.2324e+05,693353,1,19805,-19724,36861,5744.4,-7026.9,5820.4,65273,-62416,1.3258e+05,1.673e+05,363275,411,1581,3539,-1.8114,-1.2048,0.32004
-737.2,1332.8,-1265.2,90.641,1973.3,-135.75,6.1274e+05,694077,1,37584,8380.2,5738.3,59718,13705,8871.4,-36577,-7086.3,-6329.3,82320,355505,411,1579,3538,0.53719,-1.216,-1.7515
-1825.9,1473.3,-1113.1,529.22,1198.9,-2241.9,6.2531e+05,694741,1,-465.96,6150.9,20380,-3264.4,4940.9,-275.96,23496,-4099.1,1.1959e+05,1.2393e+05,360004,411,1581,3539,-1.806,-1.216,0.30767
-923.6,1108.5,-1127,50.656,1785.1,-403.67,6.1264e+05,695463,1,35527,9047.5,4608.5,48637,11368,7013.8,-32579,-7086.7,-5062.3,71039,353826,411,1586,3540,0.535,-1.2272,-1.7444
-1867.1,1459.9,-1067.7,563.68,1157.6,-2258.3,6.259e+05,696127,1,2293.9,-60.815,12159,83.089,-1256.6,-5113.8,26381,-11487,1.0701e+05,1.1162e+05,358913,411,1581,3539,-1.7986,-1.2272,0.30641
-1030.3,964.51,-1035.6,25.26,1656.5,-565.29,6.1238e+05,696845,1,25930,6519.2,3365.1,34932,8851,4478.6,-24524,-5154.7,-3894.7,51846,350275,411,1586,3540,0.53278,-1.2384,-1.7371
-1796.7,1532.9,-696.14,503.62,773.51,-2282.7,6.2463e+05,697509,1,14087,-11771,33680,4994.4,-5895.1,4934.6,52091,-42308,1.3127e+05,1.5261e+05,362268,411,1587,3541,-1.7912,-1.2384,0.30514
-521.97,1587.4,-1468.2,134.67,2214.5,159.86,6.1333e+05,696843,1,42195,14815,2623.6,70000,19980,7720.8,-41461,-11501,-4790,96124,357226,411,1586,3540,0.54343,-1.2384,-1.7338
-780.03,1292.7,-1290.1,86.448,1973.7,-202.08,6.1314e+05,698219,1,40337,8793.2,6318.6,59813,13258,9227.1,-38039,-7230.6,-6724.7,84423,355763,411,1586,3540,0.54114,-1.2495,-1.7265
-1475.8,1769.8,-800.3,91.179,818.75,-2296.1,6.1957e+05,698881,1,2453.1,-4150.6,-2978.8,-1035.1,1126.4,-1570.9,47236,-61252,27178,82211,355492,411,1595,3543,-1.7873,-1.2495,0.28195
-1504.5,1755.1,-1200.3,78.722,1219.3,-2300.3,6.1751e+05,698879,1,-2368.6,3903.6,2155.6,-2852.1,3873.2,-1056.5,17265,-17564,32006,40996,347591,411,1595,3543,-1.789,-1.2495,0.27098
-1557.8,1713.1,-299.96,251.49,336.46,-2296.7,6.213e+05,698883,1,9138.2,-11027,8009.9,1103.3,-1643.4,-453.87,62547,-75779,56324,1.1446e+05,359184,411,1595,3543,-1.7855,-1.2495,0.29291
-1279.3,1744,956.17,178.81,-940.48,-2162.4,6.2114e+05,698885,1,15317,-18443,14058,3921.3,-6123.6,-2195.1,61613,-70507,72919,1.2213e+05,359850,411,1587,3541,-1.7837,-1.2495,0.30386
-958.48,1085.8,-1157.1,47.328,1796.6,-454.58,6.131e+05,699589,1,39427,9278.7,5639,50077,11922,7046.8,-34434,-7560.8,-5308.8,75120,354456,411,1593,3542,0.53884,-1.2606,-1.7192
-1779.4,1565.4,-1108.6,408,1167.5,-2305.7,6.2361e+05,700249,1,-3910.6,8170.9,11296,-3071.7,4392.6,-403.13,34307,-27844,93929,1.0494e+05,358248,411,1595,3543,-1.7813,-1.2606,0.26982
-523.7,1583.8,-1505.8,123.74,2239.1,144.74,6.1345e+05,700953,1,47336,10869,7028.3,70378,14601,11671,-43357,-9062.9,-7123.3,98608,357528,411,1593,3542,0.54701,-1.2717,-1.7085
-1771.1,1611.9,-277.6,462.49,336.63,-2342,6.2542e+05,701615,1,10984,-10042,24232,1362.9,-1023.3,3943.6,58198,-56905,1.1381e+05,1.4284e+05,361534,411,1595,3543,-1.7737,-1.2717,0.26866
-704.96,1360.3,-1364.3,87.285,2046.3,-117.22,6.1278e+05,702315,1,41811,5952.1,8907.2,60710,8868.6,12804,-37962,-5211.2,-8244.6,85601,355903,411,1593,3542,0.54462,-1.2826,-1.701
-1779.3,1517.3,-528,483.59,588.47,-2273.1,6.261e+05,702975,1,8965.2,-8681.8,17895,-552.46,1436.6,3107.1,57892,-57781,1.0923e+05,1.3823e+05,361161,411,1595,3543,-1.7675,-1.2826,0.25665
-813.06,1217.5,-1272,62.91,1918.1,-279.22,6.1241e+05,703673,1,45311,4602.8,11075,63200,7392.1,14728,-39561,-4373.5,-9406,88617,356282,411,1602,3546,0.54221,-1.2936,-1.6935
-1924.8,1429.2,-1187,568.88,1258.2,-2291.3,6.2743e+05,704331,1,1074.5,376.3,8750.1,-3423.1,3867.3,-4783.2,30240,-20669,1.0647e+05,1.1316e+05,359067,411,1600,3545,-1.7612,-1.2936,0.24471
-875.51,1135.5,-1224.4,50.216,1847.1,-374.83,6.122e+05,705025,1,42635,2142.2,12056,53494,3759.2,14309,-34416,-1902.3,-9599.8,79551,355117,411,1602,3546,0.53978,-1.3045,-1.6859
-1981.9,1355,-1129,651.36,1208.6,-2270.2,6.2845e+05,705683,1,4007.3,-954.46,22116,1578.7,-2179.3,-1390.5,36899,-21160,1.4854e+05,1.5617e+05,362523,411,1600,3545,-1.7533,-1.3045,0.24361
-911.47,1085.7,-1198.4,42.531,1804.5,-433.19,6.122e+05,706371,1,42262,1579.1,12364,50087,2326.5,14304,-32420,-1042.6,-9618,76189,354611,411,1602,3546,0.53733,-1.3153,-1.6782
-1889.3,1504.6,-469.54,547.86,533.21,-2338.6,6.2744e+05,707029,1,10385,-7897,30806,3541.7,-3615.1,5475.4,58512,-47235,1.63e+05,1.8276e+05,364116,411,1600,3545,-1.7454,-1.3153,0.24251
-927.6,1058.5,-1190.1,40.152,1783.3,-464.32,6.1214e+05,707711,1,45385,469.78,14250,52427,1452.6,15745,-33902,-286.74,-10696,80781,355292,411,1602,3546,0.53486,-1.3261,-1.6705
-1985.6,1413.1,-1208.3,591.11,1277.4,-2327.7,6.2833e+05,708367,1,639.46,563.18,7030.4,-2642.2,2933.4,-3690.6,32522,-22612,1.1299e+05,1.2006e+05,359677,411,1605,3548,-1.7388,-1.3261,0.23073
-932.07,1041.9,-1190.1,40.773,1771.5,-480.44,6.1229e+05,709045,1,36448,494.22,11293,39059,699.64,11978,-25838,228.07,-8475,62172,352303,411,1604,3547,0.53237,-1.3368,-1.6627
-2049.8,1380.1,-1034.1,666.31,1109.8,-2345.3,6.2948e+05,709701,1,7776.2,-5984.8,21824,4022,-5032.1,-73.222,53143,-41501,1.5456e+05,1.7044e+05,363458,411,1605,3548,-1.7307,-1.3368,0.22965
-939.25,1031,-1196,42.01,1768.4,-496.83,6.1253e+05,710373,1,47825,58.774,15358,50919,658.02,15878,-33403,393.02,-11085,81285,355367,411,1604,3547,0.52986,-1.3475,-1.6549
-1778,1586.5,211.57,442.57,-166.46,-2345.1,6.2784e+05,711029,1,11070,-8519.3,32489,3573.1,-3013.9,8991.5,57631,-47144,1.5574e+05,1.765e+05,363803,411,1605,3548,-1.7225,-1.3475,0.22857
-944.72,1021.1,-1201.7,42.795,1765.2,-511.08,6.1288e+05,711695,1,46338,277.81,14683,46948,523.74,14687,-31381,433.89,-10462,76664,354676,411,1607,3549,0.52732,-1.3581,-1.647
-2063.3,1352.7,-1136.9,662.22,1208.1,-2341.2,6.2991e+05,712349,1,2692.4,-1149,12928,-197.11,392.51,103.78,42944,-32372,1.3435e+05,1.4532e+05,361736,411,1605,3548,-1.7157,-1.3581,0.21695
-950.11,1014.6,-1209.9,43.515,1766.2,-523.92,6.1312e+05,713011,1,46844,48.978,15035,46777,414.59,14718,-31553,444.39,-10529,77019,354729,411,1607,3549,0.52477,-1.3687,-1.639
-1923.8,1532.6,-107.44,529.23,160.18,-2399.1,6.2891e+05,713665,1,15625,-13637,36299,7526.5,-7228.4,13614,83949,-75279,1.8582e+05,2.22e+05,365723,411,1610,3550,-1.7074,-1.3687,0.2159
-945.16,1008.2,-1217.9,46.457,1764.4,-526.94,6.1299e+05,714319,1,47715,165.51,15212,46456,459.43,14572,-31602,534.32,-10626,77400,354793,411,1607,3549,0.5222,-1.3793,-1.631
-2076.4,1363.6,-1089.4,648.99,1154.8,-2367.1,6.3013e+05,714971,1,5510,-3951.2,17751,1755.1,-1549.5,3124.3,61044,-52005,1.5291e+05,1.7375e+05,363643,411,1610,3550,-1.7003,-1.3793,0.20442
-956.28,1004,-1230.6,47.754,1771.6,-544.12,6.1322e+05,715621,1,48965,880.75,15000,46034,413.83,14469,-31705,590.48,-10711,77925,354885,411,827,3354,0.51961,-1.3897,-1.6229
-1918.4,1570.5,173.35,499.48,-127.69,-2431.2,6.2921e+05,716273,1,9612.4,-8331.9,22222,4266.3,-4448.4,4889.4,65582,-59375,1.3953e+05,1.6737e+05,363281,411,1612,3551,-1.6919,-1.3897,0.2034
-974.59,995.17,-1239.3,47.241,1774.7,-569.55,6.1343e+05,716917,1,49844,496.16,15611,45538,651.49,14099,-31790,382.76,-10565,78253,354931,411,827,3354,0.517,-1.4002,-1.6147
-2091,1407.7,-774.37,637.91,833.27,-2419.2,6.3041e+05,717567,1,9076.9,-8407.7,16797,3398.6,-3689,1885,72368,-66516,1.4584e+05,1.7718e+05,363845,411,1612,3551,-1.6846,-1.4002,0.19205
-1680.3,1780.9,-1161.7,58.191,1170.5,-2443.6,6.2931e+05,717565,1,-5704.4,5068,-13792,-2515.1,1251.2,-13579,25571,-25939,35766,55196,350948,411,1612,3551,-1.6857,-1.4002,0.18171
-981.06,984.09,-1244,48.117,1770.4,-584.55,6.1347e+05,718205,1,51061,101.93,16343,45011,548.48,14013,-31827,318.72,-10527,78872,355019,411,827,3354,0.51437,-1.4106,-1.6065
-1968.1,1619.5,-778.25,398.25,813.74,-2506.2,6.2873e+05,718853,1,-7537.2,8961.3,-1093.3,-4965.9,4924.3,-8296.9,44944,-40584,97031,1.1549e+05,359286,411,1612,3551,-1.6771,-1.4106,0.18078
-980.67,975.6,-1249.7,49.719,1767,-592.08,6.1343e+05,719485,1,51835,-119.78,16787,44946,481.54,14047,-31880,407.36,-10626,79471,355103,411,827,3354,0.51172,-1.4209,-1.5982
-1734.5,1947.2,-25.478,56.776,29.946,-2607,6.2715e+05,720131,1,3801.1,-5625,-10046,1375.2,-2323.2,-5408.3,67700,-76761,21634,1.0549e+05,358319,411,1612,3551,-1.6696,-1.4209,0.16961
-1642.6,1824.2,-290.28,48.163,294.55,-2453.8,6.2342e+05,720129,1,1362.3,-2178.1,-5155.4,1160.1,-433.86,8208.7,59280,-67184,21224,92630,356792,411,1615,3552,-1.6706,-1.4209,0.15936
-1631.5,1776.6,-576.52,53.08,581.46,-2410.3,6.2236e+05,720127,1,1426.8,-1667,4.5535,258.47,-13.176,2718.9,55775,-63028,22744,87252,356107,411,1615,3552,-1.6715,-1.4209,0.14911
-1993.5,1608.8,271.96,495.32,-232.22,-2517.4,6.2789e+05,720133,1,11961,-12322,12190,3850.5,-5429.8,-7924.8,76366,-75856,1.0699e+05,1.5357e+05,362341,411,1612,3551,-1.6685,-1.4209,0.17985
-975.43,968.46,-1259.4,54.447,1766.1,-594.46,6.1324e+05,720757,1,53774,358.92,16977,45041,500.1,14055,-32432,734.42,-11103,81130,355343,411,827,3354,0.50906,-1.4311,-1.5899
-1601.7,1706.3,99.722,107.71,-93.615,-2338,6.2551e+05,721395,1,4650.2,-3194.4,25714,-4441.7,6294,13250,63495,-62938,1.2539e+05,1.5698e+05,362574,411,1616,3553,-1.6645,-1.4311,0.12792
-1593.6,1759.6,489.4,91.261,-484.62,-2373.2,6.2456e+05,721397,1,5589.8,-6498.3,-266.35,-881.8,1434.1,4332.8,70480,-79393,26042,1.0975e+05,358748,411,1616,3553,-1.6637,-1.4311,0.13813
-1010.4,958.71,-1273.9,55.128,1776.5,-635.5,6.1386e+05,722019,1,49651,2660.6,13527,39584,971.17,11841,-29817,413.4,-9957.8,73155,354171,411,827,3354,0.50637,-1.4414,-1.5815
-2139.2,1312.9,-1289.9,682.27,1328.1,-2394.7,6.3266e+05,722655,1,1910.5,156.9,26018,-6833.2,8315.5,3967.5,38867,-29889,1.7462e+05,1.836e+05,364161,411,1616,3553,-1.6565,-1.4414,0.11708
-1081,931.61,-1276,50.281,1774.8,-715.89,6.1489e+05,723271,1,66806,3871.5,17984,50824,2892.8,13728,-38934,-596.66,-12006,96134,357229,411,827,3354,0.50366,-1.4515,-1.5731
-2045.7,1188,-878.59,702.08,917.06,-2243.7,6.3259e+05,723907,1,2977.4,-2507.5,9043.1,-1121.2,651.4,-9781.9,44426,-37501,1.5704e+05,1.6804e+05,363318,411,1616,3553,-1.6476,-1.4515,0.11645
-1163.9,885.68,-1259.2,42.065,1749.4,-813.86,6.1563e+05,724515,1,42148,3957.5,9856,31118,2116,8021.2,-26052,-767.13,-7647,60532,351986,411,827,3354,0.50094,-1.4616,-1.5646
-1990.6,1419.8,-1372,474.34,1396.4,-2384.4,6.315e+05,725149,1,-3184.6,3150,-7143.9,-4863.3,4358.2,-15942,26010,-21395,1.0275e+05,1.0982e+05,358754,411,1618,3554,-1.6394,-1.4616,0.10577
-2211.9,1162.1,-1364.3,797,1404.1,-2344.7,6.3322e+05,726383,1,-6338.3,6855.2,-5577.6,-7458.3,7267.9,-16896,9492.4,263.4,1.4423e+05,1.4631e+05,361814,411,1619,3555,-1.6304,-1.4717,0.10519
-2294.5,1098.1,-1370.7,886.73,1414.5,-2358.5,6.3348e+05,727605,1,-52.188,2025.4,24354,-359.07,1082.3,6920.7,19001,-3801.6,2.3022e+05,2.3243e+05,365994,411,1619,3555,-1.6214,-1.4817,0.1046
-2341.3,1095.8,-1377.2,908.15,1421.7,-2394.4,6.3355e+05,728815,1,638.09,1260.2,24109,182.78,402.11,5733.4,15501,85.227,2.3069e+05,2.3254e+05,365999,411,1619,3555,-1.6123,-1.4916,0.10402
-2355.8,1086.4,-1383.5,910.56,1427.9,-2403.3,6.3355e+05,730011,1,-1225.3,592.24,-14009,-1848.4,573.2,-23281,8757.4,535.54,1.3724e+05,1.402e+05,361318,411,1619,3555,-1.6031,-1.5015,0.10343
-2360.9,1075.9,-1389.4,906.83,1433.4,-2405.2,6.335e+05,731193,1,1106.2,646.6,22826,-35.363,596.27,5336.5,14550,1095.7,2.3081e+05,2.3246e+05,365995,411,1622,3556,-1.5939,-1.5113,0.10283
-2362.1,1070.5,-1395.2,896.82,1438.5,-2408,6.3342e+05,732359,1,1423.4,447.64,25025,331.82,374.27,7902.2,14552,1597.1,2.3824e+05,2.4013e+05,366153,411,1622,3556,-1.5846,-1.5211,0.10223
-2356.3,1073.1,-1400.9,876.18,1443,-2411.7,6.333e+05,733505,1,151.68,-342.21,-6291.3,-672.05,-204.17,-16368,10126,546.84,1.5792e+05,1.5922e+05,362725,411,1622,3556,-1.5752,-1.5308,0.10163
-2337.4,1087.9,-1407,837.68,1447,-2414.8,6.3302e+05,734629,1,905.18,273.69,14876,480.92,-236.02,1235.6,10470,3943.9,2.1257e+05,2.1339e+05,365436,411,1622,3556,-1.5658,-1.5405,0.10102
-2293.1,1134.6,-1411,758.86,1447.2,-2422.1,6.3256e+05,735723,1,6475.6,-7017.3,-11251,3070.3,-4104.6,-18361,1.0632e+05,-97206,1.332e+05,1.9767e+05,364842,411,1624,3557,-1.5564,-1.5501,0.10041
