"Cartesian Velocity:0","Cartesian Velocity:1","Cartesian Velocity:2","Spherical Velocity:0","Spherical Velocity:1","Spherical Velocity:2","Pressure","PointID","RegionId","GSV:0","GSV:1","GSV:2","GSV:3","GSV:4","GSV:5","GSV:6","GSV:7","GSV:8","magGSV","magGSV_Order","DescendingManifold","AscendingManifold","MorseSmaleManifold","Points:0","Points:1","Points:2"
59.746,385.69,-260.12,-8.1767,296.95,-362.97,5.1753e+05,441249,1,-786.38,-3130.7,1537.2,962.49,-1974.5,3106.3,-1880.6,-2989.7,-188.16,6306.1,306959,398,1109,1458,-1.6353,0.9584,1.1146
49.033,347.21,-245.52,-8.6094,278.94,-324.59,5.1896e+05,441247,1,-761.99,-3237.7,1675.6,923.01,-2211,3287,-1857.6,-2995.7,-162.19,6547.3,309271,398,1109,1458,-1.6421,0.9584,1.1045
15.659,365.17,-305.43,-4.7925,351.15,-321.79,5.1565e+05,439791,1,-498.88,-2628.4,1561.7,1581.1,-886.59,3091.2,-1888.4,-2994.9,-155.27,5915.9,302693,398,1109,1458,-1.6304,0.97053,1.1113
36.102,306.88,-232.23,-8.9025,262.64,-283.46,5.2071e+05,441245,1,-734.14,-3405.9,1877.4,859.83,-2534.8,3517.4,-1798.4,-3022.9,-64.604,6897.6,311235,398,1109,1458,-1.6489,0.9584,1.0944
3.2935,322.89,-290.65,-5.4958,332.61,-279.44,5.1428e+05,439789,1,-481.49,-2734.8,1698.2,1571.8,-1071.2,3283.7,-1892.7,-3019.5,-149.65,6141.4,305325,398,1109,1458,-1.6372,0.97053,1.1012
-11.018,279.46,-276.79,-5.7709,315.51,-235.05,5.1463e+05,439787,1,-472.19,-2859.8,1831.2,1482.6,-1319.7,3405.2,-1831.9,-2995.7,-95.064,6295.1,306850,398,1109,1458,-1.6439,0.97053,1.0912
-28.355,75.286,-116.05,-0.45159,131.33,-51.885,5.236e+05,442693,1,-220.32,-3274,2640,1647,-2310.5,4817.7,-2169.6,-3973.4,89.606,8336.8,318834,398,1109,1458,-1.693,0.94624,1.0361
-55.386,10.09,-101.42,-0.16018,114.57,18.13,5.1574e+05,442691,1,-80.581,-3077.2,2699.7,2415.8,-1117,5039.9,-2460.6,-4423.2,-9.8314,8652.6,319941,398,1109,1458,-1.6994,0.94624,1.0257
21.182,264.57,-220.43,-9.33,248.09,-239.59,5.2072e+05,441243,1,-714.91,-3493.9,1995.2,829.79,-2711.9,3659.5,-1737.2,-3041.1,34.932,7099.4,312179,398,1109,1458,-1.6556,0.9584,1.0843
5.0793,221.49,-209.82,-9.7977,234.98,-194.41,5.212e+05,441241,1,-686.81,-3589.3,2138.9,757.39,-3002.7,3847.2,-1735.6,-3066.2,48.868,7398.4,313832,398,1109,1458,-1.6622,0.9584,1.0741
-12.066,176.63,-198.86,-10.071,221.66,-147.16,5.1922e+05,441239,1,-648.43,-3628.4,2251.7,702.38,-3256.8,4031.8,-1707.9,-3075.1,90.416,7641.5,315262,398,1109,1458,-1.6687,0.9584,1.0639
-32.567,129.75,-189.38,-9.3789,210.64,-96.452,5.1918e+05,441237,1,-523.07,-3593.6,2433.8,763.42,-3337.3,4238.4,-1670.3,-3072.2,139.07,7813,316112,398,1109,1458,-1.6752,0.9584,1.0536
-4.9777,403.35,-363.72,-0.99381,421.78,-342.21,5.2908e+05,438339,1,-174.9,-2078.1,1575.5,1857.6,-377.27,3025.5,-1786.2,-2879.2,-54.169,5573.3,299409,398,1109,1458,-1.6187,0.98262,1.1178
-19.591,359.05,-350.48,-1.6561,404.78,-297.13,5.2174e+05,438337,1,-220.68,-2193.1,1620.4,1939.3,-390.69,3192.1,-1856.5,-2950.4,-107.48,5809.5,301652,398,1109,1458,-1.6255,0.98262,1.1079
-34.3,313.31,-336.33,-2.4608,386.76,-250.73,5.1593e+05,438335,1,-239.72,-2279.6,1684.5,1922.6,-441.9,3251,-1888.3,-3010.4,-109.17,5932.3,302803,398,1109,1458,-1.6322,0.98262,1.0979
-27.407,233.96,-264.13,-6.0215,299.92,-187.79,5.1448e+05,439785,1,-494.76,-3053.9,1977.7,1352.7,-1697.7,3582.5,-1735.3,-2942.1,-14.484,6534.2,309186,398,1109,1458,-1.6506,0.97053,1.0811
-49.977,266.82,-322.25,-2.9448,369.14,-203.14,5.1427e+05,438333,1,-271.85,-2435.6,1785.1,1872,-597.85,3354.3,-1891.6,-3051.1,-96.548,6099.4,304852,398,1109,1458,-1.639,0.98262,1.0879
-67.486,219.4,-309.22,-3.0169,353.06,-153.77,5.1437e+05,438331,1,-207.21,-2463.9,1929,1901.5,-640.1,3485,-1836.6,-3046.7,-25.791,6217.8,306075,398,1109,1458,-1.6456,0.98262,1.0778
-55.521,80.307,-180.97,-8.4039,201.06,-42.281,5.1753e+05,441235,1,-416.14,-3509.7,2553.5,942.55,-3328.1,4575.6,-1725.5,-3124.1,85.737,8041,317326,398,1109,1458,-1.6817,0.9584,1.0433
-79.664,26.041,-170.7,-7.6881,189.28,16.687,5.1264e+05,441233,1,-344.35,-3402.6,2601.5,1138.6,-3161.1,4803.8,-1775.1,-3099.7,-25.166,8098.7,317579,398,1109,1458,-1.688,0.9584,1.033
-105.93,-33.403,-158.82,-6.795,175.83,81.229,5.0973e+05,441231,1,-242.69,-3288.1,2677.3,1471.1,-2890.1,5147.9,-1974,-3325.4,-163.05,8368.9,318962,398,1109,1458,-1.6944,0.9584,1.0226
-45.8,186.25,-252.99,-6.4874,286.04,-137.57,5.1714e+05,439783,1,-375.24,-2970.3,2111.4,1544,-1554.5,3791.6,-1706.3,-2918.7,10.266,6635.4,309875,398,1109,1458,-1.6572,0.97053,1.0709
-65.326,136.83,-242.45,-7.1364,272.86,-85.277,5.1665e+05,439781,1,-438.55,-3175,2210.3,1357.3,-1981.6,3931.5,-1661,-2876.7,24.772,6886.2,311185,398,1109,1458,-1.6638,0.97053,1.0607
-85.949,85.865,-232.11,-7.7024,260.02,-31.059,5.1489e+05,439779,1,-339.03,-3091.7,2319.6,1453,-1960.7,4121.1,-1610.6,-2779.6,9.5025,6950.8,311474,398,1109,1458,-1.6702,0.97053,1.0505
-19.629,437.62,-418.03,-1.4315,485.56,-361.76,5.287e+05,436889,1,-170.76,-2032.2,1557.5,1569.4,-719.3,2884.4,-1683,-2746.2,25.945,5316,296860,398,1109,1458,-1.6068,0.99467,1.1243
-34.527,397,-406.51,-1.1002,470.91,-319.83,5.3092e+05,436887,1,-112.18,-2013.9,1635.7,1738.6,-598.21,3053.3,-1725.1,-2798.2,-0.63571,5500.3,298779,398,1109,1458,-1.6137,0.99467,1.1144
-50.487,353.38,-394.42,-1.0545,455.52,-274.76,5.3241e+05,436885,1,-121.61,-2058.3,1675.4,1853,-478.97,3151.2,-1786.5,-2887.2,-21.279,5672.7,300215,398,1109,1458,-1.6205,0.99467,1.1045
-66.966,307.99,-381.74,-1.1355,439.48,-227.86,5.2703e+05,436883,1,-113.3,-2118.1,1756.3,1971.3,-368.52,3265.9,-1848.7,-2988.6,-32.553,5884.1,302414,398,1109,1458,-1.6272,0.99467,1.0945
-84.036,261.69,-368.94,-1.146,423.46,-179.83,5.2207e+05,436881,1,-125.48,-2173.7,1801,2000.1,-323.41,3306.8,-1876.9,-3061.7,-21.922,5993.4,303811,398,1109,1458,-1.6339,0.99467,1.0845
-86.565,170.32,-297.02,-3.0663,338.06,-102.14,5.1491e+05,438329,1,-186.78,-2541.4,2046.8,1909.1,-768.66,3662.8,-1774.7,-2980.8,-7.335,6353.7,307404,398,1109,1458,-1.6522,0.98262,1.0677
-101.95,214.49,-356.37,-1.0478,407.87,-130.55,5.1643e+05,436879,1,-78.339,-2179.5,1903,2068.5,-263.28,3402.7,-1888.9,-3141,31.187,6143.2,305341,398,1109,1458,-1.6405,0.99467,1.0745
-120.93,165.79,-343.96,-0.91466,392.57,-79.403,5.1237e+05,436877,1,-62.74,-2234.2,1989.9,2125.3,-273.03,3547.1,-1888.6,-3160.1,27.063,6299.4,306898,398,1109,1458,-1.6471,0.99467,1.0644
-38.336,460.99,-469.87,-2.7334,546.19,-369.36,5.2212e+05,435441,1,-263.81,-2082,1481.6,1489.5,-696.53,2720.1,-1658.7,-2686.8,52.571,5164.8,295516,398,1109,1458,-1.5949,1.0067,1.1306
-56.676,491.52,-521.46,-1.0669,608.52,-382.65,5.2095e+05,433997,1,-166.11,-1833.5,1410.9,1711.6,-226.4,2585.4,-1624.9,-2622.3,87.058,4956.8,293761,398,1109,1458,-1.5828,1.0187,1.1367
-56.195,563.29,-580.21,-0.082453,681.2,-439.41,5.4041e+05,432557,1,-54.236,-1623.7,1379.8,1678,-231.99,2482.4,-1533,-2489,149.77,4705.6,291176,398,1109,1458,-1.5637,1.0306,1.1523
-69.192,527.15,-570.63,-0.041857,667.87,-402.79,5.3712e+05,432555,1,-62.606,-1646.6,1399.1,1724.8,-173.34,2527.8,-1563.9,-2537.5,138.66,4792.9,292212,398,1109,1458,-1.5708,1.0306,1.1427
-107.82,33.773,-222.13,-7.9647,247.84,24.784,5.1324e+05,439777,1,-315.78,-3134.6,2413.5,1408.5,-2193.1,4310.5,-1566.3,-2708.3,2.1362,7135.3,312370,398,1109,1458,-1.6766,0.97053,1.0402
-131.58,-20.807,-212.16,-7.8463,235.96,83.756,5.1089e+05,439775,1,-272.81,-3065.8,2442.1,1531,-2085.8,4459.7,-1617.8,-2681,-114.68,7199.9,312746,398,1109,1458,-1.683,0.97053,1.0299
-154.56,-78.139,-198.98,-8.0103,220.39,144.75,5.059e+05,439773,1,-270.05,-3099.9,2494.6,1511.9,-2326.3,4704.3,-1699.5,-2688.1,-260.14,7477.6,314273,398,1109,1458,-1.6893,0.97053,1.0196
-132.04,-97.155,-143.73,-6.3879,158.59,149.47,5.0589e+05,441229,1,-217.54,-3177.3,2642.5,1669,-2582,5249.8,-2063.4,-3304.4,-342.76,8332.6,318820,398,1109,1458,-1.7006,0.9584,1.0122
-178.87,-136.7,-184.73,-7.1963,204.21,207.5,5.0359e+05,439771,1,-203.63,-2954.3,2492.9,1712.9,-1996.3,4786.7,-1794.3,-2742.9,-379.3,7463.5,314209,398,1109,1458,-1.6955,0.97053,1.0092
-10.468,760.37,-672.11,-0.65242,803.11,-620.5,5.2281e+05,431127,1,-132.87,-1650.9,1264.6,1511.7,-350.65,2204.8,-1459.2,-2388.2,236.29,4415.9,288402,398,1109,1458,-1.5153,1.0425,1.2051
-32.461,695.75,-654.42,-0.66173,776.85,-556.68,5.2122e+05,431123,1,-117.16,-1655.5,1303.7,1553.7,-350.18,2311.2,-1492.9,-2417,198.61,4521.3,289357,398,1109,1458,-1.5299,1.0425,1.1864
-43.99,662.45,-645.34,-0.61779,763.62,-523.57,5.2206e+05,431121,1,-99.34,-1647.3,1331.1,1579.6,-342.3,2371,-1503.7,-2427.5,184.89,4573.5,289893,398,1109,1458,-1.5372,1.0425,1.177
-55.968,628.5,-636.24,-0.55128,750.48,-489.61,5.2598e+05,431119,1,-85.825,-1642.1,1352.9,1594.8,-334.65,2408.4,-1505.4,-2432.1,180.37,4604.7,290193,398,1109,1458,-1.5444,1.0425,1.1676
-68.4,593.95,-627.19,-0.45995,737.52,-454.85,5.3088e+05,431117,1,-73.458,-1636.9,1375.3,1618.3,-310.38,2447.6,-1512.3,-2446.4,176.15,4646,290570,398,1109,1458,-1.5515,1.0425,1.1581
-106.59,119.92,-285.24,-3.1839,323.59,-48.846,5.1219e+05,438327,1,-131.77,-2483.9,2103.8,1998.4,-662.2,3751.3,-1769.6,-2970.9,-11.807,6409,308068,398,1109,1458,-1.6587,0.98262,1.0575
-127.5,68.066,-273.58,-3.3317,309.33,6.1789,5.0835e+05,438325,1,-117.84,-2532.1,2187,2013.1,-746.2,3898.1,-1737.1,-2916,-24.703,6521.7,309110,398,1109,1458,-1.6652,0.98262,1.0473
-149.77,14.392,-262.41,-3.4781,295.73,63.493,5.0679e+05,438323,1,-84.793,-2547.9,2276.1,2032.3,-799.44,4030.1,-1697.7,-2867.9,-17.6,6618,309758,398,1109,1458,-1.6716,0.98262,1.0371
-51.35,423.87,-458.96,-2.4658,531.99,-331.56,5.2559e+05,435439,1,-218.6,-2079.9,1556.1,1501.3,-732.98,2803.2,-1655.1,-2705.6,64.876,5244.8,296238,398,1109,1458,-1.6018,1.0067,1.1208
-65.917,385.23,-448.38,-1.9399,518.43,-291.59,5.2888e+05,435437,1,-155.57,-2059.9,1641.6,1624,-657.95,2947.6,-1678.3,-2752.4,63.86,5396.1,297831,398,1109,1458,-1.6086,1.0067,1.1109
-81.633,344.68,-437.65,-1.3639,504.8,-249.36,5.2928e+05,435435,1,-106.94,-2042.5,1710.8,1716.1,-550.2,3021.2,-1705.7,-2815.9,71.837,5507.2,298834,398,1109,1458,-1.6154,1.0067,1.101
-98.387,302.15,-426.76,-0.84617,491.06,-204.85,5.2821e+05,435433,1,-84.298,-2059.3,1774.8,1855.5,-442.78,3167.8,-1763.6,-2916.8,68.861,5717.9,300595,398,1109,1458,-1.6221,1.0067,1.0911
-115.78,257.69,-415.53,-0.5653,476.87,-158.33,5.2368e+05,435431,1,-68.806,-2104.5,1859,1963.5,-355.65,3297.7,-1827.9,-3049.8,83.802,5949.4,302999,398,1109,1458,-1.6288,1.0067,1.0811
-134.2,211.11,-404.17,-0.41982,462.56,-109.43,5.223e+05,435429,1,-47.939,-2146.8,1949.8,2026.5,-370.14,3448.3,-1854.6,-3115.8,99.922,6140.5,305313,398,1109,1458,-1.6354,1.0067,1.0711
-153.7,162.45,-392.73,-0.36277,448.18,-58.15,5.2155e+05,435427,1,-33.341,-2183.5,2020.7,2097.4,-356.58,3585.6,-1893.6,-3180.4,87.192,6320.1,307105,398,1109,1458,-1.6419,1.0067,1.061
-141.07,115.45,-331.88,-0.80896,377.74,-26.218,5.1167e+05,436875,1,-25.073,-2240.7,2080,2182.2,-272.96,3686,-1898.2,-3198.6,44.734,6450.4,308486,398,1109,1458,-1.6536,0.99467,1.0542
-174.37,111.74,-381.29,-0.36004,433.88,-4.4852,5.217e+05,435425,1,-15.01,-2212.5,2091.2,2152.7,-346.89,3704.8,-1914.9,-3229.9,86.711,6469.6,308633,398,1109,1458,-1.6484,1.0067,1.0509
-69.416,453.71,-510.8,-1.4217,594.02,-344.56,5.1887e+05,433995,1,-179.31,-1900.7,1464.2,1725.3,-273.49,2679.7,-1652.8,-2667.1,79.124,5086.5,294863,398,1109,1458,-1.5898,1.0187,1.127
-82.762,415.38,-500.15,-1.5853,579.74,-305.67,5.2127e+05,433993,1,-166.62,-1943.4,1530.4,1694.3,-345.1,2731.9,-1655.2,-2693.8,88.668,5157.9,295460,398,1109,1458,-1.5967,1.0187,1.1172
-82.51,490.28,-560.9,-0.028481,654.46,-365.34,5.3135e+05,432553,1,-61.052,-1675.5,1439,1762.8,-138.12,2580.9,-1590.1,-2579.9,132.39,4885.8,293074,398,1109,1458,-1.5777,1.0306,1.133
-96.204,452.67,-551.08,-0.036253,641.02,-327.02,5.2489e+05,432551,1,-78.234,-1721.3,1466.1,1791.3,-126.9,2641.5,-1619.2,-2622.8,120.06,4983.5,294002,398,1109,1458,-1.5847,1.0306,1.1233
-81.19,558.98,-618.22,-0.34962,724.76,-419.49,5.3548e+05,431115,1,-61.936,-1637,1400.8,1645.6,-275.63,2486.3,-1525.2,-2477.7,174.97,4701.8,291139,398,1109,1458,-1.5586,1.0425,1.1485
-94.339,523.53,-609.3,-0.22092,712.16,-383.48,5.3723e+05,431113,1,-54.938,-1639.6,1426.3,1657.7,-266.17,2519.8,-1525.4,-2484.5,181.18,4735.7,291485,398,942,1455,-1.5656,1.0425,1.139
-107.86,487.29,-600.27,-0.12639,699.51,-346.56,5.3216e+05,431111,1,-44.561,-1681.7,1490.7,1710.3,-286.12,2646.6,-1555.5,-2533.7,172.57,4892.1,293132,398,1109,1458,-1.5726,1.0425,1.1293
57.958,1032,-779.56,-0.8212,962.6,-865.71,5.3201e+05,429709,1,-196.46,-1679.7,1152.1,1156,-642.54,1809.5,-1223.4,-2164.7,405.88,3944.3,281598,398,1109,1458,-1.4337,1.0544,1.2915
49.322,1006.8,-773.47,-0.75511,951.72,-841.77,5.3161e+05,429707,1,-203.94,-1680.5,1153.7,1154.9,-628.58,1814,-1232.4,-2176.8,407.12,3954.7,281770,398,1109,1458,-1.4416,1.0544,1.2826
40.62,981.2,-767.13,-0.67645,940.63,-817.38,5.3031e+05,429705,1,-195.45,-1659.6,1150.3,1198,-570.55,1832.4,-1259.5,-2202.1,390.26,3977.7,282249,398,1109,1458,-1.4495,1.0544,1.2738
31.91,955.36,-760.63,-0.59093,929.45,-792.72,5.2965e+05,429703,1,-189.86,-1645.2,1151.7,1226.1,-523.9,1846.2,-1278,-2226.2,384.17,3999,282649,398,1109,1458,-1.4573,1.0544,1.2649
-172.95,-41.137,-251.04,-3.6338,281.97,122.9,5.0346e+05,438321,1,-72.54,-2541.5,2312.2,2067.1,-825.34,4164,-1706.7,-2820.6,-88.103,6706.7,310271,398,1109,1458,-1.6779,0.98262,1.0268
-196.47,-97.394,-239.09,-3.5718,267.77,183.13,4.9981e+05,438319,1,-82.635,-2552.8,2329.4,2099.7,-754.33,4204.5,-1768.6,-2893.1,-131.99,6791.3,310734,398,1109,1458,-1.6842,0.98262,1.0165
22.963,929.07,-754.06,-0.49598,918.29,-767.49,5.3023e+05,429701,1,-181.74,-1631.1,1157.5,1262.3,-468.5,1866,-1298.6,-2256.2,379.25,4030.9,283280,398,1109,1458,-1.465,1.0544,1.2559
13.791,902.23,-747.41,-0.43985,907.1,-741.63,5.3123e+05,429699,1,-173.66,-1623.2,1168.8,1310,-420.88,1907,-1326.2,-2284.9,364.74,4083.3,284129,398,1109,1458,-1.4727,1.0544,1.2469
4.4322,874.68,-740.51,-0.43544,895.66,-715.01,5.3114e+05,429697,1,-171.2,-1624.1,1177.4,1356.6,-394.07,1960,-1359.5,-2306.5,335.11,4143.8,285195,398,1109,1458,-1.4803,1.0544,1.2378
-5.0289,846.29,-733.11,-0.46225,883.69,-687.58,5.2858e+05,429695,1,-166.25,-1618.5,1190.9,1391.1,-373.7,2006.2,-1385.3,-2319.2,317.37,4190.9,285856,398,1109,1458,-1.4879,1.0544,1.2287
-14.851,816.79,-725.23,-0.48799,871.24,-658.98,5.2664e+05,429693,1,-153.3,-1621.4,1210.9,1445.7,-351.87,2074.1,-1418.2,-2339.8,281.49,4266.1,286873,398,1109,1458,-1.4954,1.0544,1.2196
-25.05,786.45,-717.07,-0.48815,858.58,-629.42,5.2658e+05,429691,1,-139.55,-1617.9,1236.1,1484.5,-332.13,2132.6,-1440.6,-2354.6,262.3,4326.1,287487,398,1109,1458,-1.5028,1.0544,1.2104
-35.668,755.32,-708.72,-0.46088,845.8,-598.9,5.2557e+05,429689,1,-122.67,-1615.1,1263.4,1524.2,-312.44,2190.8,-1456,-2367.7,247.59,4385,288078,398,1109,1458,-1.5102,1.0544,1.2011
-46.657,723.38,-700.2,-0.46057,832.91,-567.45,5.2523e+05,429687,1,-116.8,-1615.5,1280.3,1551.7,-296.33,2237.9,-1473,-2380.2,229.95,4433.3,288580,398,1109,1458,-1.5176,1.0544,1.1918
-57.896,690.75,-691.49,-0.50058,819.86,-535.23,5.2374e+05,429685,1,-106.45,-1609.8,1301,1588.9,-268.98,2291.7,-1490.7,-2392,212.77,4487,289077,398,1109,1458,-1.5249,1.0544,1.1825
-69.425,657.42,-682.54,-0.53878,806.64,-502.21,5.2159e+05,429683,1,-99.332,-1614.2,1320.8,1608.9,-262.19,2336.6,-1504.7,-2405,196.27,4534.7,289501,398,1109,1458,-1.5321,1.0544,1.1731
-81.355,623.49,-673.52,-0.53191,793.46,-468.41,5.2291e+05,429681,1,-88.343,-1622.5,1349.5,1617.9,-273.27,2386.6,-1509.9,-2417.6,187.9,4583.6,289982,398,1109,1458,-1.5392,1.0544,1.1637
-93.604,589.27,-664.57,-0.46185,780.5,-434.14,5.2395e+05,429679,1,-69.95,-1591.2,1360.7,1641.7,-222.17,2399.4,-1506.6,-2412.1,188.78,4584.1,289986,398,1109,1458,-1.5464,1.0544,1.1542
-106.3,554.57,-655.77,-0.37339,767.83,-399.16,5.2492e+05,429677,1,-50.81,-1605,1409.3,1661.8,-247.6,2483.1,-1505.5,-2421.7,187.46,4660.5,290696,398,942,1455,-1.5534,1.0544,1.1447
-162.32,63.374,-320.07,-0.7691,363.27,29.067,5.1143e+05,436873,1,-7.2062,-2278.6,2158.6,2219.7,-298.47,3817.2,-1870.5,-3171.4,44.183,6557.2,309354,398,1109,1458,-1.66,0.99467,1.0441
-184.99,9.271,-308.63,-0.72395,349.31,86.855,5.1212e+05,436871,1,20.469,-2286.3,2232.4,2257.6,-304.82,3932.1,-1871.4,-3180.9,44.88,6669.7,310062,398,1109,1458,-1.6664,0.99467,1.0339
-208.23,-45.68,-297.24,-0.63488,335.52,145.69,5.0944e+05,436869,1,26.038,-2287.8,2265.4,2280.8,-273.69,3992.9,-1874.2,-3193,41.018,6730.2,310387,398,1109,1458,-1.6727,0.99467,1.0236
-97.011,376.54,-489.8,-1.4868,566.07,-265.81,5.2223e+05,433991,1,-109.85,-1928.8,1619.4,1762.1,-323.58,2849.2,-1647.7,-2719.3,121.79,5273.2,296519,398,1109,1458,-1.6035,1.0187,1.1074
-112.48,336.68,-479.89,-1.1822,553.12,-224.39,5.232e+05,433989,1,-101.49,-2001,1703.7,1732.9,-460.88,2969,-1670.8,-2771.8,114.78,5425.3,298086,398,1109,1458,-1.6103,1.0187,1.0975
-129.28,294.93,-470.22,-0.88777,540.54,-180.63,5.2451e+05,433987,1,-48.166,-2000.4,1803.2,1824.3,-442.84,3123.8,-1663.3,-2804.7,158.53,5585.4,299497,398,1109,1458,-1.617,1.0187,1.0876
-147.44,250.74,-460.62,-0.72269,528.03,-134.04,5.2565e+05,433985,1,-29.799,-2074.6,1917.3,1886.5,-534.08,3345.5,-1701.8,-2869.9,152.02,5845.8,302078,398,1109,1458,-1.6236,1.0187,1.0777
-166.72,204.12,-450.74,-0.70001,515.22,-84.754,5.2415e+05,433983,1,-37.613,-2138.5,1978.4,1936.8,-554.85,3482.8,-1768.6,-2969.4,128.85,6053,304389,398,1109,1458,-1.6302,1.0187,1.0677
-187.1,155.15,-440.51,-0.74498,502.04,-32.854,5.2183e+05,433981,1,-17.859,-2196.4,2084.9,1998.2,-613.51,3676.7,-1794.9,-3015.3,127.42,6276,306666,398,1109,1458,-1.6367,1.0187,1.0577
-208.62,103.91,-429.99,-0.82169,488.62,21.603,5.1975e+05,433979,1,-13.964,-2265.4,2181.3,2046,-673.98,3866.1,-1839.5,-3078.8,107.5,6507.8,309005,398,1109,1458,-1.6432,1.0187,1.0476
-196.28,59.153,-370.04,-0.354,419.89,51.476,5.2243e+05,435423,1,3.2479,-2252.7,2185.2,2179.3,-414.64,3864,-1920.9,-3253,96.199,6632,309853,398,1109,1458,-1.6548,1.0067,1.0408
-110.4,413.98,-541.14,-0.11625,627.51,-287.48,5.1719e+05,432549,1,-61.467,-1798.5,1579.3,1822.2,-213.67,2805.6,-1635.5,-2676.7,141.62,5179.7,295655,398,1109,1458,-1.5915,1.0306,1.1136
-122.01,449.7,-591.06,-0.12416,686.69,-308.11,5.2312e+05,431109,1,-55.557,-1750.4,1550.8,1736.5,-327.99,2759.4,-1593.8,-2596.3,164.36,5051.5,294595,398,1109,1458,-1.5795,1.0425,1.1197
-119.48,519.12,-647.06,-0.33945,755.31,-363.24,5.213e+05,429675,1,-46.743,-1641,1459,1668.1,-298.15,2573,-1511.7,-2443.1,187,4754.4,291672,398,942,1455,-1.5604,1.0544,1.1352
-133.69,481.99,-638.45,-0.40341,742.96,-325.3,5.1915e+05,429673,1,2.3039,-1697.9,1594.9,1744,-373.89,2776.3,-1502.4,-2453.3,209.85,4963.4,293810,398,942,1455,-1.5673,1.0544,1.1256
-149.72,442.17,-630.16,-0.59803,730.99,-284.07,5.19e+05,429671,1,-12.789,-1819.6,1698.6,1748.3,-522.73,2957.6,-1533.1,-2510.7,207.23,5193.3,295774,398,1109,1458,-1.5742,1.0544,1.1159
155.17,1379.1,-902.17,-3.0934,1174.8,-1166,5.2756e+05,428303,1,-88.633,-1884,1343.1,1304.1,-1302.9,2188.7,-1166.9,-1710.1,216.32,4154.3,285337,398,937,1454,-1.3046,1.0662,1.413
145.2,1350.1,-893.98,-3.2884,1159.4,-1139.7,5.2837e+05,428301,1,-131.34,-1908.4,1322.5,1233.9,-1400.3,2211.3,-1146,-1699,216.97,4154.3,285336,398,937,1454,-1.3132,1.0662,1.405
135.83,1322,-886.1,-3.5512,1144.4,-1114.3,5.2809e+05,428299,1,-188.68,-1969.8,1324.6,1149.9,-1414.4,2166.2,-1130.5,-1720.9,243.87,4154.3,285335,398,937,1454,-1.3218,1.0662,1.3969
126.89,1294.9,-878.56,-3.7759,1130.1,-1089.8,5.2713e+05,428297,1,-242.01,-2019.2,1318,1051.7,-1457.8,2125.1,-1107.2,-1735,271.54,4154.3,285334,398,937,1454,-1.3303,1.0662,1.3887
118.43,1269.4,-871.67,-3.8835,1116.8,-1066.8,5.2687e+05,428295,1,-280.42,-2044.4,1306.6,946.48,-1489.6,2066.7,-1079.6,-1747.5,302.78,4154.3,285333,398,937,1454,-1.3388,1.0662,1.3806
110.35,1245,-865.2,-3.9128,1104.2,-1044.8,5.2644e+05,428293,1,-312.4,-2060.4,1293.9,860.37,-1512.3,2018.1,-1057.9,-1760.2,329.11,4154.3,285332,398,937,1454,-1.3473,1.0662,1.3723
102.3,1221.5,-859.29,-3.8184,1092.5,-1023.4,5.2747e+05,428291,1,-320.66,-2060,1289.3,801.59,-1535.7,1993.3,-1043.8,-1776.6,350.21,4154.3,285330,398,937,1454,-1.3557,1.0662,1.364
94.275,1198.9,-853.9,-3.6248,1081.7,-1002.6,5.2807e+05,428289,1,-340.27,-2031.2,1256.9,760.94,-1463.8,1918.2,-1031,-1799,378.44,4082.3,284110,398,937,1454,-1.364,1.0662,1.3557
87.056,1177.5,-848.67,-3.3631,1071.2,-983.3,5.2708e+05,428287,1,-361.24,-2016.7,1228,679.74,-1467.9,1853.4,-1028.2,-1825.1,396.73,4037.7,283383,398,937,1454,-1.3723,1.0662,1.3473
79.567,1156.4,-843.58,-2.8602,1061.2,-963.91,5.2592e+05,428285,1,-327.27,-1968.5,1230.3,752.27,-1367.4,1864.7,-1054,-1873.2,404.61,4023.9,283156,398,937,1454,-1.3806,1.0662,1.3388
71.897,1134.5,-838.19,-2.4137,1050.9,-943.69,5.2513e+05,428283,1,-297.16,-1894.2,1209.1,816.34,-1211.7,1826.4,-1077.6,-1929.6,420.76,3958.6,281851,398,937,1454,-1.3887,1.0662,1.3303
63.708,1112.2,-833.14,-2.0226,1041,-922.75,5.2732e+05,428281,1,-275.5,-1860.2,1209.4,847.41,-1140.9,1816.1,-1077.8,-1951.1,434.44,3933.7,281198,398,937,1454,-1.3969,1.0662,1.3218
55.634,1089.7,-828.15,-1.7845,1031.2,-901.65,5.2799e+05,428279,1,-283.09,-1833.5,1186.9,863.79,-1073.7,1795.7,-1088,-1973.5,439.96,3904.6,280449,398,937,1454,-1.405,1.0662,1.3132
47.699,1067,-823.02,-1.5631,1021.2,-880.48,5.2757e+05,428277,1,-262.93,-1781.1,1169.8,934.09,-939.07,1779.8,-1125.4,-2033.9,441.11,3889.7,280067,398,937,1454,-1.413,1.0662,1.3046
39.634,1044.2,-817.91,-1.3217,1011.4,-859.03,5.2795e+05,428275,1,-257.62,-1754.1,1160.8,962.96,-863.12,1766.5,-1143,-2061.1,442.13,3877.3,279784,398,1109,1458,-1.421,1.0662,1.2959
31.554,1020.9,-812.55,-1.1239,1001.4,-837.1,5.2714e+05,428273,1,-245.77,-1724.3,1153.7,1027.9,-771.47,1778.8,-1177.4,-2100.6,431.07,3894.2,280202,398,1109,1458,-1.4289,1.0662,1.2871
23.291,996.87,-806.91,-0.96291,991.02,-814.41,5.2667e+05,428271,1,-234.97,-1690.4,1147.8,1082.9,-668.59,1777.1,-1206.4,-2139.3,429.55,3901.9,280383,398,1109,1458,-1.4368,1.0662,1.2783
14.912,972.16,-800.98,-0.85039,980.37,-791.05,5.2657e+05,428269,1,-218.71,-1671.1,1153.3,1158.8,-592.04,1817.4,-1250.1,-2185.9,409.96,3959.3,281859,398,1109,1458,-1.4446,1.0662,1.2695
6.3165,946.9,-794.91,-0.75899,969.64,-767.05,5.2837e+05,428267,1,-217.14,-1657,1153.2,1174.3,-549.24,1819.6,-1261.1,-2205.4,413.73,3967.3,282043,398,1109,1458,-1.4523,1.0662,1.2606
-231.93,-101.21,-286.01,-0.49913,322.01,205.3,5.0747e+05,436867,1,20.731,-2287.9,2279.7,2279.2,-235.8,4007.6,-1881.1,-3216.6,41.372,6755,310522,398,1109,1458,-1.679,0.99467,1.0133
-2.3728,921.36,-788.74,-0.65339,958.87,-742.69,5.2915e+05,428265,1,-204.95,-1641.2,1158.9,1211.7,-504.58,1843.4,-1283.8,-2231.1,402.76,3998.5,282642,398,1109,1458,-1.4601,1.0662,1.2517
-11.301,895.26,-782.41,-0.54033,948.01,-717.68,5.3033e+05,428263,1,-195.11,-1629.2,1166.1,1246.5,-472.58,1874.3,-1301.4,-2245.7,390.4,4028.8,283255,398,1109,1458,-1.4677,1.0662,1.2427
-20.483,868.33,-775.79,-0.47068,936.85,-691.79,5.3113e+05,428261,1,-181.61,-1609.1,1173.5,1310.9,-416.57,1927.9,-1338.1,-2271.2,362.43,4085.1,284156,398,1109,1458,-1.4753,1.0662,1.2336
-29.876,840.48,-768.73,-0.44187,925.25,-664.96,5.3089e+05,428259,1,-167.98,-1597.5,1187.4,1372,-378.09,1990.7,-1374.8,-2290.4,329.08,4150.1,285271,398,1109,1458,-1.4828,1.0662,1.2246
-39.566,811.49,-761.11,-0.42807,913.04,-636.97,5.2878e+05,428257,1,-153.45,-1584.6,1201.8,1430,-342.26,2053.8,-1409,-2305.5,294.46,4212.6,286183,398,1109,1458,-1.4903,1.0662,1.2155
-49.648,781.48,-753.11,-0.41075,900.48,-607.86,5.2979e+05,428255,1,-129.92,-1562.7,1222.7,1482.1,-304.07,2111.9,-1431,-2312.4,269.14,4262.6,286818,398,1109,1458,-1.4978,1.0662,1.2063
-60.131,750.76,-744.92,-0.35054,887.82,-577.87,5.3032e+05,428253,1,-112.59,-1561.1,1247.9,1522.6,-283.01,2168.1,-1447.9,-2328.2,250.22,4322.7,287445,398,1109,1458,-1.5051,1.0662,1.1971
-71.001,719.28,-736.56,-0.28558,875.06,-546.98,5.3073e+05,428251,1,-96.446,-1547.3,1265.9,1555.6,-257.28,2211.8,-1458.6,-2331.6,235.3,4359.3,287820,398,1109,1458,-1.5125,1.0662,1.1878
-82.221,687.03,-728.02,-0.24241,862.18,-515.2,5.3104e+05,428249,1,-86.498,-1533,1275.9,1584,-226.14,2245.4,-1470.9,-2336.4,219.38,4388.4,288114,398,1109,1458,-1.5197,1.0662,1.1785
-93.679,654.22,-719.3,-0.19036,849.18,-482.77,5.2838e+05,428247,1,-78.966,-1539.8,1297.8,1621.7,-199.48,2296.7,-1491.9,-2359.2,200.39,4454,288765,398,1109,1458,-1.5269,1.0662,1.1692
-105.44,620.77,-710.4,-0.13523,836.07,-449.57,5.2577e+05,428245,1,-60.287,-1523.2,1320.4,1653.4,-168.43,2341.9,-1499.3,-2364.6,190.45,4493.3,289141,398,942,1455,-1.5341,1.0662,1.1598
-117.55,586.75,-701.49,-0.095246,823.05,-415.66,5.2007e+05,428243,1,-40.694,-1543,1377.6,1682.4,-185.91,2431.6,-1501.7,-2379.1,191.78,4583.7,289983,398,942,1455,-1.5411,1.0662,1.1503
-130.26,551.75,-692.61,-0.1094,810.12,-380.54,5.173e+05,428241,1,-26.098,-1574,1436,1709.7,-223.25,2529.4,-1504.5,-2391.2,193.11,4682.9,290955,398,942,1455,-1.5482,1.0662,1.1409
-144.47,514.75,-684.09,-0.20686,797.66,-342.87,5.207e+05,428239,1,11.185,-1682.2,1601.4,1755.2,-357.08,2750.2,-1495,-2422.6,228.2,4931.8,293518,398,942,1455,-1.5551,1.0662,1.1313
-218.95,5.1694,-358.67,-0.33571,405.85,109.05,5.2109e+05,435421,1,22.233,-2255.5,2238.4,2223.9,-374.99,3955.2,-1929.8,-3278.2,87.215,6731,310393,398,1109,1458,-1.6612,1.0067,1.0306
-125.48,373.69,-531.23,-0.30766,614.04,-246.06,5.167e+05,432547,1,-64.526,-1871.9,1654.7,1836.8,-289.5,2931.2,-1647,-2712.6,147.92,5328.1,297056,398,1109,1458,-1.5983,1.0306,1.1038
-141.98,331.61,-521.74,-0.50844,601.16,-202.33,5.1861e+05,432545,1,-39.786,-1953.7,1782.6,1840.5,-439.42,3115.6,-1641.8,-2732,164.86,5520,298934,398,1109,1458,-1.6051,1.0306,1.094
-159.81,287.79,-512.61,-0.70319,588.8,-156.37,5.1814e+05,432543,1,-29.541,-2066.4,1923.9,1839.2,-638.98,3350.1,-1642.2,-2758.2,178.95,5772.6,301341,398,1109,1458,-1.6117,1.0306,1.0841
-179.14,241.71,-503.63,-0.89855,576.68,-107.66,5.1761e+05,432541,1,-10.136,-2118.3,2017.6,1868.2,-725.06,3511.6,-1643,-2771.7,183.56,5943.1,302928,398,1109,1458,-1.6184,1.0306,1.0742
-199.75,193.43,-494.6,-1.1146,564.59,-56.356,5.1659e+05,432539,1,-8.3299,-2193.2,2111.6,1896.7,-821.7,3693,-1675,-2801.5,154.89,6152.9,305424,398,1109,1458,-1.6249,1.0306,1.0642
-221.28,143.18,-485.21,-1.3531,552.16,-2.8673,5.148e+05,432537,1,-15.488,-2276,2204.7,1927.3,-913.42,3884.6,-1714,-2842.9,124.41,6380.9,307786,398,1109,1458,-1.6314,1.0306,1.0543
-230.94,51.02,-419.17,-0.898,474.94,77.93,5.1711e+05,433977,1,-16.253,-2297.7,2230.4,2062.2,-704.65,3972.1,-1864.4,-3107.2,85.397,6627.1,309828,398,1109,1458,-1.6496,1.0187,1.0375
-243.56,91.05,-475.22,-1.5834,539.14,52.65,5.1252e+05,432535,1,-16.008,-2302.4,2247.4,1961.6,-932.08,3997.7,-1743.7,-2861.7,88.445,6502.9,308964,398,1109,1458,-1.6379,1.0306,1.0442
-137.42,409.89,-581.86,-0.23814,673.89,-267.07,5.1932e+05,431107,1,-21.78,-1871.9,1732.1,1789.5,-520.89,3049.7,-1591.8,-2616.5,188.35,5356.7,297374,398,1109,1458,-1.5863,1.0425,1.1099
-154.2,367.69,-572.66,-0.48875,661.12,-223.23,5.1604e+05,431105,1,-44.253,-1963.2,1796.6,1798.7,-601,3178.5,-1628.9,-2672.1,169.8,5532.2,299051,398,1109,1458,-1.5931,1.0425,1.1002
-160.66,475.07,-676.07,-0.4231,785.8,-301.81,5.2216e+05,428237,1,13.571,-1824.7,1752.6,1774.6,-533.79,2982,-1502,-2462.3,244.68,5206.4,295929,398,942,1455,-1.5621,1.0662,1.1218
-167,399.99,-621.78,-0.94838,718.91,-240.12,5.1617e+05,429669,1,7.2317,-1999.3,1921.1,1813.8,-728.78,3289.5,-1547.2,-2556,230.53,5595.5,299582,398,1109,1458,-1.581,1.0544,1.1063
-178.72,432.6,-668.26,-0.72164,774.23,-257.35,5.2235e+05,428235,1,46.253,-1965.4,1952.8,1838.2,-674.73,3243.6,-1508.3,-2509.7,280.32,5539.5,299107,398,942,1455,-1.5689,1.0662,1.1122
171.26,1508.7,-977.25,-1.4973,1296.8,-1256.5,5.2468e+05,426879,1,-20.743,-1698.9,1247.1,1755.8,-811.92,2128.6,-1391.5,-1848,168.76,4253.8,286714,398,937,1454,-1.2563,1.078,1.4474
162.01,1477,-966.43,-1.8818,1276.9,-1229.3,5.2233e+05,426877,1,-61.887,-1739.8,1249,1665.1,-853.69,2101.4,-1354.1,-1838.5,188.81,4213.9,286196,398,937,1454,-1.2651,1.078,1.4396
153.12,1446.5,-956.27,-2.3164,1258,-1203.1,5.2221e+05,426875,1,-135.13,-1807.2,1237.5,1513.8,-957.08,2063.7,-1299.1,-1807,203.53,4156.5,285367,398,937,1454,-1.274,1.078,1.4319
144.66,1417.5,-946.73,-2.6167,1240.2,-1178.2,5.2209e+05,426873,1,-147.43,-1837.5,1257.9,1413.9,-1021.1,2045.7,-1267.3,-1800.3,221.57,4135.6,285081,398,937,1454,-1.2827,1.078,1.424
135.79,1389.1,-937.62,-2.6156,1223.4,-1153.4,5.2222e+05,426871,1,-110.04,-1849.4,1305.9,1381.3,-1075.9,2078.6,-1228.3,-1780.3,232.77,4154.1,285325,398,937,1454,-1.2914,1.078,1.4161
126.23,1360.6,-928.85,-2.4469,1207.3,-1128,5.2305e+05,426869,1,-85.646,-1791,1293,1399.7,-968.45,2031.8,-1222.5,-1793.1,246.92,4084.4,284146,398,937,1454,-1.3001,1.078,1.4082
116.23,1332,-920.51,-2.3177,1191.9,-1102,5.2491e+05,426867,1,-74.156,-1782.6,1302.5,1389.9,-952.13,2030.8,-1183.7,-1778.3,263.09,4059,283742,398,937,1454,-1.3087,1.078,1.4002
106.06,1303.7,-912.79,-2.3222,1177.3,-1076.1,5.2735e+05,426865,1,-76.341,-1780.9,1305.9,1367,-925.62,2008.7,-1149.3,-1775.3,287.48,4024.7,283176,398,937,1454,-1.3173,1.078,1.3921
96.419,1276.2,-905.52,-2.4461,1163.3,-1051,5.2662e+05,426863,1,-145.98,-1818.6,1273.6,1262.2,-970.41,1961,-1127,-1772,299.78,3978.8,282268,398,937,1454,-1.3258,1.078,1.384
87.463,1250.1,-898.81,-2.5992,1150.1,-1027.4,5.2593e+05,426861,1,-153.98,-1772,1239.3,1220,-891.98,1879.3,-1097.3,-1777.2,330.95,3871.4,279626,398,937,1454,-1.3343,1.078,1.3758
78.897,1225.3,-892.63,-2.6887,1137.8,-1004.9,5.2458e+05,426859,1,-227.78,-1853,1233.7,1075.2,-1020,1855.5,-1068.2,-1773,347.74,3879.8,279830,398,937,1454,-1.3427,1.078,1.3676
70.951,1201.6,-886.83,-2.7812,1126.1,-983.5,5.2304e+05,426857,1,-240.04,-1808.3,1196.2,1028.6,-965.21,1787.9,-1045.1,-1777.1,371.68,3785.9,268928,398,937,1454,-1.351,1.078,1.3594
63.38,1178.4,-881.16,-2.912,1114.6,-962.69,5.2208e+05,426855,1,-279.73,-1838.3,1184.4,952.87,-1022.3,1772.4,-1027.1,-1779.7,386.78,3785.1,268912,398,937,1454,-1.3594,1.078,1.351
55.831,1156.2,-876.25,-2.9655,1104.2,-942.62,5.2491e+05,426853,1,-302.26,-1847.1,1174.1,864.54,-1062.2,1731.5,-1006.6,-1787.5,409.91,3759.2,266585,398,937,1454,-1.3676,1.078,1.3427
48.784,1135.3,-871.73,-2.9265,1094.5,-923.75,5.2542e+05,426851,1,-317.67,-1816.6,1141.9,808.71,-1038.5,1674.1,-991.59,-1801.5,434.65,3695.7,265379,398,937,1454,-1.3758,1.078,1.3343
41.687,1114.7,-867.26,-2.6614,1085.1,-905.07,5.2469e+05,426849,1,-320.13,-1832.1,1154.6,796.65,-1067.6,1698.2,-1017.4,-1837.7,432.02,3748.2,266356,398,937,1454,-1.384,1.078,1.3258
34.653,1093.9,-862.59,-2.4201,1075.5,-886.14,5.2366e+05,426847,1,-300.27,-1808.2,1160.8,832.76,-1025.4,1718.5,-1040.8,-1884.2,439.98,3772.6,268648,398,937,1454,-1.3921,1.078,1.3173
27.152,1072.6,-858.01,-2.1499,1066.1,-866.44,5.2478e+05,426845,1,-289.21,-1763.7,1142.8,850.75,-943.69,1686.5,-1044.6,-1905.3,451.63,3726.2,265996,398,937,1454,-1.4002,1.078,1.3087
19.662,1051.3,-853.58,-1.9055,1057,-846.71,5.2573e+05,426843,1,-290.59,-1742.5,1128.6,863.2,-900.57,1678,-1056.3,-1927.7,454.59,3715.5,265718,398,937,1454,-1.4082,1.078,1.3001
12.336,1030.1,-849.09,-1.6518,1047.9,-827.1,5.2582e+05,426841,1,-277.83,-1702,1115.6,903.29,-813.17,1668.7,-1084.1,-1975.4,459.77,3710.7,265641,398,1109,1458,-1.4161,1.078,1.2914
4.9448,1008.6,-844.43,-1.3573,1038.7,-807.15,5.2496e+05,426839,1,-260.21,-1666.4,1112.3,964.8,-713.67,1673.6,-1125.1,-2033.4,458.77,3732.8,266103,398,1109,1458,-1.424,1.078,1.2827
-2.8503,986.16,-839.51,-1.0749,1029.2,-786.14,5.2428e+05,426837,1,-241.9,-1648.7,1123,1022.9,-657.6,1706.1,-1154.9,-2065,448.89,3771.8,268634,398,1109,1458,-1.4319,1.078,1.274
-11.005,962.62,-834.26,-0.88741,1019.4,-763.96,5.2408e+05,426835,1,-227.98,-1634.9,1133.3,1095.6,-593.33,1752.2,-1193,-2107.6,437.82,3832.6,269741,398,1109,1458,-1.4396,1.078,1.2651
-19.295,938.27,-828.67,-0.77774,1009.1,-740.98,5.2423e+05,426833,1,-223.19,-1619.5,1132.2,1142.6,-533.33,1773.9,-1228.1,-2145.8,426.02,3871.1,279609,398,1109,1458,-1.4474,1.078,1.2563
-27.675,913.5,-822.9,-0.67388,998.77,-717.54,5.2532e+05,426831,1,-213.41,-1608.3,1138.9,1180.5,-494.45,1802.5,-1253.8,-2174.5,414.72,3910.1,280566,398,1109,1458,-1.4551,1.078,1.2474
-36.305,888.1,-816.91,-0.56873,988.23,-693.39,5.2705e+05,426829,1,-196.93,-1572.9,1138.2,1231.7,-430.77,1831.6,-1279.7,-2192.8,398.56,3933.3,281186,398,1109,1458,-1.4627,1.078,1.2384
-45.169,861.87,-810.58,-0.48838,977.34,-668.36,5.28e+05,426827,1,-181.93,-1560.5,1150.5,1287.7,-396.18,1887.4,-1313.6,-2214.6,370.47,3992,282527,398,1109,1458,-1.4703,1.078,1.2294
-54.318,834.62,-803.78,-0.43908,965.96,-642.28,5.2905e+05,426825,1,-166.39,-1540.5,1159.1,1350.5,-354.57,1948.6,-1350.6,-2229.4,333.35,4049.2,283574,398,1109,1458,-1.4778,1.078,1.2204
-63.753,806.29,-796.43,-0.39468,954.01,-615.09,5.2827e+05,426823,1,-143.92,-1509.3,1169.2,1420.1,-301.29,2012.2,-1387.4,-2238.4,292.78,4104,284436,398,1109,1458,-1.4852,1.078,1.2113
-73.518,776.87,-788.54,-0.35879,941.51,-586.76,5.2781e+05,426821,1,-127.94,-1515.2,1196.8,1469.9,-287.1,2079.6,-1415.4,-2261,267.52,4183.2,285743,398,1109,1458,-1.4926,1.078,1.2022
-83.758,746.52,-780.42,-0.30047,928.84,-557.34,5.3074e+05,426819,1,-106.42,-1491,1211.8,1507.7,-254.94,2121.7,-1426.4,-2258.9,248.52,4212.1,286175,398,1109,1458,-1.5,1.078,1.193
-94.396,715.44,-772.14,-0.23578,916.08,-527.03,5.3428e+05,426817,1,-83.275,-1471.8,1234.1,1551.3,-220.44,2176,-1440.6,-2266.6,229.47,4260.5,286797,398,1109,1458,-1.5073,1.078,1.1838
-105.35,683.81,-763.73,-0.14227,903.3,-496.02,5.3709e+05,426815,1,-67.947,-1456.8,1249.2,1580.1,-190.03,2212,-1451.5,-2274.3,215.38,4294.1,287169,398,1109,1458,-1.5145,1.078,1.1745
-116.64,651.56,-755.22,-0.05468,890.48,-464.25,5.3635e+05,426813,1,-51.511,-1461.1,1284.4,1618.9,-178.97,2280.1,-1465.3,-2290.8,205.49,4367.6,287926,398,942,1455,-1.5217,1.078,1.1652
-128.19,618.58,-746.48,-0.0063817,877.47,-431.68,5.1984e+05,426811,1,-49.043,-1485,1320.4,1644,-186.4,2349,-1485.9,-2316.4,194.87,4451.7,288745,398,942,1455,-1.5288,1.078,1.1558
-140.71,584.17,-737.8,0.0045563,864.61,-397.32,5.2241e+05,426809,1,-12.632,-1528.7,1419.1,1695.5,-222.3,2476.2,-1483.7,-2344.3,217.9,4599,290148,398,942,1455,-1.5359,1.078,1.1464
-154.87,547.68,-729.55,-0.064384,852.29,-360.26,5.2413e+05,426807,1,14.577,-1675.5,1609.2,1748.7,-373.55,2728.4,-1493,-2408.1,257.26,4912.5,293346,398,942,1455,-1.5429,1.078,1.137
-171.09,508.41,-721.72,-0.23649,840.49,-319.69,5.2536e+05,426805,1,42.062,-1812.2,1791.6,1798.8,-522.89,2974,-1498.5,-2457.9,290.32,5217.3,296005,398,942,1455,-1.5498,1.078,1.1275
-189.53,466.23,-714.34,-0.43966,829.29,-275.41,5.255e+05,426803,1,61.599,-1941.3,1958.5,1836,-662.93,3197,-1501.4,-2496.9,317.1,5498.1,298756,398,942,1455,-1.5567,1.078,1.1179
-172.1,323.32,-563.34,-0.85074,648.23,-176.92,5.125e+05,431103,1,-36.059,-2071.4,1928.6,1813.2,-764.86,3393.8,-1631.1,-2687,175.72,5771.8,301337,398,1109,1458,-1.5998,1.0425,1.0904
-191.58,276.79,-554.29,-1.1887,635.76,-127.9,5.1185e+05,431101,1,-22.352,-2131.9,2021.4,1822.7,-865.23,3539.2,-1625.8,-2685.4,174.89,5925.7,302752,398,1109,1458,-1.6065,1.0425,1.0806
-212.15,228.58,-545.29,-1.5051,623.45,-76.824,5.1093e+05,431099,1,-24.477,-2231.6,2136.8,1812,-1019.9,3724.5,-1623.7,-2680.3,163.22,6131,305221,398,1109,1458,-1.6131,1.0425,1.0707
-233.81,178.76,-536.28,-1.7383,611.27,-23.759,5.106e+05,431097,1,-11.408,-2279.1,2223.1,1836.4,-1091.2,3877.7,-1623.4,-2672,146.96,6287.5,306765,398,1109,1458,-1.6196,1.0425,1.0608
-256.19,127.61,-527.08,-1.9254,598.98,30.846,5.0992e+05,431095,1,-17.566,-2301,2256.9,1842.9,-1106.5,3948.2,-1637.2,-2662.9,111.18,6354.6,307414,398,1109,1458,-1.6261,1.0425,1.0508
-185.5,355.25,-612.98,-1.3904,706.39,-193.33,5.1314e+05,429667,1,-31.746,-2074.8,1945.5,1804,-811.44,3388.4,-1600.6,-2612.8,191.73,5736.8,300760,398,1109,1458,-1.5878,1.0544,1.0965
-205.48,308.15,-604.09,-1.8057,693.86,-143.71,5.1186e+05,429665,1,-37.98,-2214.7,2093.6,1819.6,-974.99,3616,-1619.1,-2640.8,186.43,6021.4,304091,398,1109,1458,-1.5945,1.0544,1.0868
-198.36,387.96,-660.71,-1.0275,763.05,-210.15,5.2153e+05,428233,1,45.467,-2061.6,2059.1,1867.9,-764.4,3409.1,-1525.3,-2546.1,282.31,5751.2,301198,398,1109,1458,-1.5757,1.0662,1.1025
-219.16,341.41,-653.09,-1.3224,751.86,-160.68,5.1908e+05,428231,1,18.38,-2162.1,2136.1,1889.6,-835.35,3551.2,-1572,-2596.2,256.45,5949.3,302998,398,1109,1458,-1.5824,1.0662,1.0928
-209.61,421.98,-707.3,-0.60511,818.59,-228.44,5.252e+05,426801,1,70.593,-2082.2,2130.3,1854.6,-817.15,3417.3,-1507.2,-2539.9,347.13,5788.5,301485,398,942,1455,-1.5635,1.078,1.1084
-230.61,376.4,-700.34,-0.73813,808.09,-179.81,5.2337e+05,426799,1,49.409,-2140,2170.1,1866.4,-848.05,3502.9,-1531.6,-2569.8,329.2,5901.1,302566,398,942,1455,-1.5703,1.078,1.0988
155.17,1528.1,-1017.6,-1.4968,1352.3,-1251.4,5.3056e+05,425451,1,-14.526,-1691.2,1259.9,1739.5,-877.69,2149.8,-1452.1,-1869.2,162.76,4300.5,287235,398,937,1454,-1.2431,1.0897,1.45
145.34,1496,-1006.2,-1.4097,1331.9,-1223.8,5.323e+05,425449,1,-1.6733,-1679.3,1265.5,1741.7,-829.33,2136.1,-1415.4,-1868.9,182.64,4270.3,286932,398,937,1454,-1.2519,1.0897,1.4424
135.32,1464.2,-995.39,-1.4161,1312.2,-1196.2,5.3242e+05,425447,1,-12.574,-1672.8,1262.3,1700.6,-782.58,2090,-1386.3,-1868.1,204.17,4209.2,286130,398,937,1454,-1.2608,1.0897,1.4346
125.87,1433.3,-985.02,-1.5662,1293.3,-1169.6,5.2933e+05,425445,1,-72.112,-1703.7,1235.7,1610.5,-795.52,2040.8,-1340.7,-1857.1,223.59,4137.9,285105,398,937,1454,-1.2695,1.0897,1.4269
116.93,1403.7,-975.26,-1.7156,1275.3,-1144.1,5.2796e+05,425443,1,-94.642,-1710,1227.4,1522,-804.56,1988.1,-1304.6,-1845.2,241.91,4064.7,283816,398,937,1454,-1.2783,1.0897,1.4191
108.27,1375.6,-966.09,-1.6766,1258.3,-1119.8,5.2548e+05,425441,1,-98.812,-1692.5,1216.5,1452.3,-793.07,1936.3,-1272.5,-1841.1,261.36,3989.9,282493,398,937,1454,-1.2869,1.0897,1.4112
99.592,1348.4,-957.34,-1.4308,1242.3,-1096,5.2367e+05,425439,1,-65.514,-1664.2,1230.6,1439.5,-748.98,1911.7,-1244.7,-1842.8,279.28,3949.5,281699,398,937,1454,-1.2956,1.0897,1.4033
90.191,1320.9,-949.02,-1.1107,1227,-1071.4,5.2635e+05,425437,1,-51.153,-1575.9,1185.5,1428.9,-661.61,1853.3,-1230.3,-1846.3,295.49,3849,270000,398,937,1454,-1.3042,1.0897,1.3953
80.698,1293.4,-941.07,-0.93798,1212.2,-1046.7,5.2884e+05,425435,1,-24.797,-1575.2,1210.4,1456.4,-628.75,1870.4,-1190.8,-1829,306.61,3849.5,270012,398,937,1454,-1.3127,1.0897,1.3873
71.445,1266.3,-933.49,-0.89368,1197.8,-1022.4,5.29e+05,425433,1,-36.565,-1498.9,1150.3,1412.3,-570,1804.6,-1166.8,-1812.1,315.26,3727.2,266012,398,937,1454,-1.3212,1.0897,1.3792
62.324,1239.8,-926.48,-0.95712,1184.3,-998.43,5.3023e+05,425431,1,-66.992,-1526.8,1146.6,1331.8,-603.16,1771.4,-1113.3,-1786.8,338.09,3670.4,264938,398,937,1454,-1.3296,1.0897,1.3711
53.718,1214.5,-920.07,-1.0585,1171.6,-975.66,5.2942e+05,425429,1,-84.5,-1488.4,1108,1262.8,-596.25,1717.5,-1083.6,-1771.6,353.94,3576,263003,398,937,1454,-1.338,1.0897,1.3629
45.371,1190.5,-914.34,-1.1034,1159.9,-953.9,5.2946e+05,425427,1,-113.8,-1514.1,1104,1176.9,-631.8,1677.3,-1042.9,-1760.7,379.78,3529,261898,398,937,1454,-1.3464,1.0897,1.3546
37.369,1167.3,-909,-1.1351,1148.8,-932.94,5.2692e+05,425425,1,-149.69,-1525.1,1082.9,1120.4,-637.14,1642.4,-1029.6,-1764.7,392.31,3494,260631,398,937,1454,-1.3546,1.0897,1.3464
29.747,1144.5,-903.91,-1.2845,1138.1,-912.47,5.256e+05,425423,1,-175.88,-1534.2,1069.4,1068.1,-650.37,1616.8,-1005.4,-1762.6,411.39,3463.1,259852,398,937,1454,-1.3629,1.0897,1.338
22.371,1122.7,-899.37,-1.4177,1128.1,-892.82,5.2611e+05,425421,1,-195.76,-1529.5,1051.6,997.91,-660.65,1569.1,-980.92,-1759.8,432.47,3409.4,258381,398,937,1454,-1.3711,1.0897,1.3296
15.453,1101.9,-895.16,-1.4707,1118.7,-874.19,5.2565e+05,425419,1,-235.1,-1591.1,1063.8,924.03,-726.92,1561.1,-977.28,-1777.8,444.29,3442.5,259338,398,937,1454,-1.3792,1.0897,1.3212
8.1823,1081.2,-891.18,-1.3846,1109.8,-855.29,5.2657e+05,425417,1,-219.88,-1548.4,1053.2,933.23,-682.58,1551.6,-980.45,-1796,456.36,3419.7,258791,398,937,1454,-1.3873,1.0897,1.3127
1.0344,1060.4,-887.14,-1.2971,1100.9,-836.4,5.2556e+05,425415,1,-236.46,-1581,1066.4,929.1,-693.05,1573.1,-1008.3,-1845,460.92,3484.8,260368,398,937,1454,-1.3953,1.0897,1.3042
-5.9307,1039.8,-883.04,-1.2178,1092,-817.61,5.2477e+05,425413,1,-241.63,-1562.4,1052.8,928.72,-663.7,1566.5,-1020.6,-1875.2,471.05,3484.9,260373,398,1109,1458,-1.4033,1.0897,1.2956
-13.009,1019,-878.98,-1.1351,1083.2,-798.54,5.2541e+05,425411,1,-247.14,-1566.2,1054.8,923.46,-660.25,1571.4,-1030,-1896.9,476.56,3503,261107,398,1109,1458,-1.4112,1.0897,1.2869
-20.295,997.98,-875.02,-1.005,1074.7,-779.18,5.2595e+05,425409,1,-241.15,-1568.9,1068.4,938.99,-650.41,1593.9,-1046.8,-1923.5,477.93,3539.9,262153,398,1109,1458,-1.4191,1.0897,1.2783
-27.751,976.51,-870.84,-0.84656,1066,-759.23,5.2513e+05,425407,1,-227.42,-1571.3,1091.1,998.67,-611.59,1645.8,-1095.4,-1982.5,468.63,3625,264060,398,1109,1458,-1.4269,1.0897,1.2695
-35.725,953.86,-866.29,-0.68539,1056.9,-737.98,5.2524e+05,425405,1,-212.07,-1532.3,1086,1050.5,-537.76,1661.4,-1121.7,-2013.1,467.4,3640.7,264348,398,1109,1458,-1.4346,1.0897,1.2608
-43.821,930.39,-861.34,-0.58455,1047.3,-715.94,5.2518e+05,425403,1,-206.26,-1534.4,1096.7,1127.7,-482.71,1720.2,-1185.5,-2072.7,435.94,3735.7,266160,398,1109,1458,-1.4424,1.0897,1.2519
-51.924,906.39,-856.05,-0.51223,1037.4,-693.39,5.251e+05,425401,1,-195.79,-1505.2,1091.9,1175.5,-421.52,1744,-1217.8,-2100.2,419.47,3763.9,266656,398,1109,1458,-1.45,1.0897,1.2431
-60.25,881.63,-850.39,-0.44011,1027.2,-670.04,5.2585e+05,425399,1,-183.28,-1489.3,1098.3,1217.6,-390.24,1782.6,-1242.7,-2113.6,398.11,3800,269168,398,1109,1458,-1.4576,1.0897,1.2341
-68.794,856.06,-844.35,-0.37195,1016.5,-645.85,5.264e+05,425397,1,-168.13,-1467.5,1103.8,1274.7,-348.86,1834.8,-1278,-2128.8,364.77,3848.6,269989,398,1109,1458,-1.4652,1.0897,1.2252
-77.563,829.5,-837.75,-0.32364,1005.3,-620.66,5.2594e+05,425395,1,-150.44,-1445.2,1112.5,1339.1,-306.52,1896.3,-1316.5,-2143.3,325.92,3907.1,280501,398,1109,1458,-1.4726,1.0897,1.2161
-86.654,801.81,-830.59,-0.27883,993.52,-594.31,5.2482e+05,425393,1,-129.06,-1421.4,1125.4,1398.9,-269.39,1957.1,-1346.9,-2148.6,290.16,3959.6,281865,398,1109,1458,-1.4801,1.0897,1.2071
-96.179,772.95,-822.92,-0.22805,981.2,-566.69,5.2434e+05,425391,1,-103.54,-1416.5,1159,1474.7,-231.61,2043.2,-1388.6,-2178.6,254.71,4062.4,283786,398,1109,1458,-1.4875,1.0897,1.198
-106.13,743.14,-814.9,-0.16226,968.58,-537.99,5.2457e+05,425389,1,-77.219,-1393.8,1181.7,1527.1,-195.49,2103.6,-1407.2,-2183.7,230.81,4116.1,284640,398,1109,1458,-1.4948,1.0897,1.1888
-116.59,712.39,-806.71,-0.10077,955.84,-508.16,5.3139e+05,425387,1,-62.833,-1385.1,1199.3,1552.9,-179.82,2143.4,-1415.5,-2187.8,218.36,4151.7,285291,398,1109,1458,-1.502,1.0897,1.1796
-127.32,681.15,-798.44,-0.038687,943.11,-477.72,5.2305e+05,425385,1,-42.921,-1405.7,1253.5,1586.3,-190.54,2223.3,-1423.9,-2207.6,219.02,4241.8,286543,398,942,1455,-1.5093,1.0897,1.1704
-138.61,648.97,-790.08,-0.0051782,930.36,-446.12,5.2032e+05,425383,1,-29.837,-1445.2,1317.8,1616.3,-219.4,2317.5,-1436.5,-2236.3,222.67,4355.7,287783,398,942,1455,-1.5164,1.0897,1.1611
-151.42,614.99,-782.11,0.005092,918.15,-412.12,5.1961e+05,425381,1,-1.9934,-1548.7,1463.2,1664.1,-313.04,2498.2,-1443.7,-2291.4,258.22,4588,290062,398,942,1455,-1.5235,1.0897,1.1518
-165.58,579.25,-774.48,-0.07491,906.38,-375.84,5.1896e+05,425379,1,11.285,-1737.9,1676.2,1707.4,-498.21,2769.7,-1463.5,-2379.9,308.42,4956.4,293752,398,942,1455,-1.5305,1.0897,1.1424
-181.94,540.46,-767.17,-0.24596,895,-335.74,5.1859e+05,425377,1,32.021,-1857.9,1831.6,1755.8,-622.12,2982.7,-1477.7,-2429.5,331.4,5231.6,296116,398,942,1455,-1.5375,1.0897,1.133
-200.58,498.55,-760.19,-0.48022,884.07,-291.73,5.1885e+05,425375,1,53.764,-2002.2,2016.9,1803.6,-772.68,3230.2,-1490.9,-2485.9,361.67,5558.5,299292,398,942,1455,-1.5445,1.0897,1.1236
-221.04,454.14,-753.42,-0.71691,873.46,-244.57,5.184e+05,425373,1,48.476,-2156.5,2182.7,1817.1,-945.09,3461.4,-1510.4,-2534.1,378.6,5868.5,302267,398,942,1455,-1.5513,1.0897,1.1141
-242.29,408.53,-746.69,-0.93063,863,-195.92,5.1754e+05,425371,1,56.6,-2158.5,2205.3,1831.2,-940.95,3507.4,-1511.9,-2541.1,371.28,5911.6,302654,398,942,1455,-1.5581,1.0897,1.1045
-226.12,259.65,-594.87,-2.2065,681.07,-92.498,5.0977e+05,429663,1,-53.549,-2307.2,2178.2,1798.7,-1111.6,3765.1,-1629.1,-2651.3,169.18,6199.1,305897,398,1109,1458,-1.6011,1.0544,1.077
-247.86,209.97,-585.84,-2.4045,668.69,-39.659,5.0867e+05,429661,1,-50.297,-2343.6,2241.2,1819.6,-1138.3,3862.6,-1637,-2639.6,146.32,6301.8,306922,398,1109,1458,-1.6077,1.0544,1.0671
-269.6,159.97,-576.49,-2.552,656.07,13.5,5.0631e+05,429659,1,-53.219,-2353.9,2266.6,1797.8,-1188.7,3930.3,-1629.3,-2612.8,117.87,6345.8,307329,398,1109,1458,-1.6142,1.0544,1.0572
-240.44,293.17,-644.73,-1.6581,739.9,-109.49,5.1449e+05,428229,1,0.54595,-2249.6,2215.2,1929.2,-893.14,3709.4,-1620.3,-2641.5,222.81,6156.3,305458,398,1109,1458,-1.5891,1.0662,1.0831
-262.36,243.43,-635.89,-1.9664,727.49,-56.652,5.1034e+05,428227,1,-26.212,-2304.1,2249.6,1930.1,-935.99,3798.6,-1654.5,-2663.1,185.53,6266.1,306583,398,1109,1458,-1.5957,1.0662,1.0733
-252.41,329.28,-693.16,-0.86668,797.4,-129.41,5.2122e+05,426797,1,48.352,-2206.1,2254.1,1896.1,-903.34,3640.8,-1559.7,-2599.8,314.73,6075.2,304604,398,1109,1458,-1.577,1.078,1.0891
-274.88,280.6,-685.59,-1.011,786.35,-77.289,5.188e+05,426795,1,28.793,-2237.5,2273.2,1936.4,-891.84,3728.5,-1605.4,-2630.6,269.23,6179.9,305718,398,1109,1458,-1.5837,1.078,1.0794
-264.68,361.35,-740.16,-1.1302,852.85,-145.28,5.1668e+05,425369,1,53.305,-2236.4,2299.1,1833.5,-1041.4,3650.5,-1517.8,-2550.9,370.47,6083.6,304687,398,942,1455,-1.5649,1.0897,1.0949
-287.46,313.43,-733.58,-1.2969,842.74,-93.775,5.1544e+05,425367,1,18.478,-2295.9,2332.3,1814.8,-1098.1,3731.2,-1545.6,-2571.2,343.31,6184.7,305758,398,942,1455,-1.5716,1.0897,1.0853
160.89,1637.5,-1095.2,-2.4162,1474.4,-1316.3,5.3218e+05,424033,1,-164.2,-1854.4,1252.3,1730.3,-878.72,2065.2,-1518.8,-1934.9,209.39,4377.1,288001,398,937,1454,-1.2028,1.1014,1.4749
153.12,1606.6,-1083,-2.417,1452.1,-1291.9,5.3007e+05,424031,1,-156.18,-1831.7,1244,1701.9,-933.78,2103.2,-1511.4,-1904.9,180.97,4366.3,287906,398,937,1454,-1.2119,1.1014,1.4675
145.43,1575.9,-1070.7,-2.3229,1429.8,-1267.5,5.2865e+05,424029,1,-162.76,-1791.2,1218.4,1705.8,-840.57,2061.3,-1522.5,-1917.6,177.09,4314.1,287366,398,936,1453,-1.2209,1.1014,1.46
137.45,1545.2,-1058.5,-2.0888,1408,-1242.8,5.2767e+05,424027,1,-95.723,-1741.4,1238.6,1708.2,-862.04,2100.2,-1494.5,-1893.1,168.32,4300.4,287232,398,936,1453,-1.2298,1.1014,1.4525
128.75,1514.3,-1046.6,-1.7682,1386.9,-1217.2,5.2902e+05,424025,1,-44.543,-1684.1,1246.6,1723.8,-783.51,2078.3,-1465,-1891.8,185.08,4249.3,286666,398,936,1453,-1.2387,1.1014,1.4449
119.37,1483.3,-1035.3,-1.4609,1366.7,-1191,5.3254e+05,424023,1,-11.407,-1643.7,1250.7,1725.4,-737.9,2066.4,-1430.3,-1884.1,201.23,4206.4,286093,398,936,1453,-1.2475,1.1014,1.4373
109.71,1452.4,-1024.5,-1.2362,1347.3,-1164.5,5.3415e+05,424021,1,-9.0697,-1617.9,1238.3,1696.2,-710.43,2037.6,-1399.8,-1877.4,216.4,4149.1,285258,398,936,1453,-1.2563,1.1014,1.4296
100.44,1422.1,-1014.1,-1.1805,1328.4,-1138.5,5.3272e+05,424019,1,-34.626,-1609.1,1216.2,1664.9,-709.33,2029.6,-1379.9,-1866.1,219.82,4110.8,284549,398,936,1453,-1.2651,1.1014,1.4219
91.542,1392.5,-1004.1,-1.2534,1310.1,-1113.2,5.3237e+05,424017,1,-69.288,-1611.5,1191.8,1559.2,-737.37,1979.6,-1326.3,-1842.4,238.41,4015.7,282994,398,936,1453,-1.2738,1.1014,1.4141
82.982,1364.1,-994.71,-1.2938,1292.8,-1088.9,5.3143e+05,424015,1,-95.332,-1596.5,1165.7,1447.2,-780.92,1934.2,-1278.1,-1812.9,255.75,3917.6,280724,398,936,1453,-1.2824,1.1014,1.4062
74.65,1337.2,-986.14,-1.1805,1276.8,-1065.7,5.3099e+05,424013,1,-89.797,-1571.5,1153.9,1379.5,-765.83,1877.9,-1243.5,-1812.3,277.3,3838.3,269838,398,936,1453,-1.291,1.1014,1.3983
66.466,1311,-977.87,-0.93345,1261.5,-1043.1,5.2754e+05,424011,1,-87.458,-1522.9,1124.6,1340,-743.39,1842,-1225.6,-1803.1,282.45,3763.7,266653,398,936,1453,-1.2996,1.1014,1.3904
58.207,1284.9,-969.73,-0.6776,1246.4,-1020.4,5.2701e+05,424009,1,-54.136,-1460.8,1112.8,1363.1,-669.78,1824.1,-1207.1,-1798.9,290.87,3713.1,265668,398,936,1453,-1.3081,1.1014,1.3824
49.504,1258.5,-961.92,-0.49906,1231.9,-997,5.3132e+05,424007,1,-31.156,-1396,1091,1373.8,-595.77,1796.4,-1186.7,-1788.4,297.8,3647.6,264459,398,937,1454,-1.3165,1.1014,1.3743
40.798,1232.1,-954.46,-0.46516,1217.8,-973.58,5.3448e+05,424005,1,-23.217,-1368.1,1079.6,1368,-532.95,1757.2,-1147.9,-1782,321.59,3588.5,263295,398,937,1454,-1.3249,1.1014,1.3662
32.254,1206.6,-947.64,-0.4955,1204.5,-950.76,5.3683e+05,424003,1,-31.017,-1337.1,1055.9,1312.6,-531.94,1722.4,-1108.5,-1752.2,334.3,3505.3,261162,398,937,1454,-1.3333,1.1014,1.3581
23.92,1182,-941.53,-0.55831,1192.3,-928.72,5.3823e+05,424001,1,-55.648,-1352,1045,1224.6,-542.94,1658.9,-1054.2,-1740.9,369.34,3427.5,258978,398,937,1454,-1.3416,1.1014,1.3499
15.975,1158.7,-936.08,-0.55813,1181,-907.88,5.3735e+05,423999,1,-69.351,-1332.9,1025.2,1167.1,-563.78,1636,-1030.3,-1720.4,378.05,3369.5,257192,398,937,1454,-1.3499,1.1014,1.3416
8.1755,1136,-931.01,-0.55452,1170.4,-887.48,5.3622e+05,423997,1,-97.902,-1348.4,1013.9,1104.9,-569.73,1596,-1000.2,-1720,402.09,3327,256002,398,937,1454,-1.3581,1.1014,1.3333
0.60706,1114,-926.4,-0.5941,1160.3,-867.66,5.3536e+05,423995,1,-114.42,-1355.6,1008.7,1050.1,-572.29,1558.5,-969.46,-1719.2,429.5,3287.5,254510,398,937,1454,-1.3662,1.1014,1.3249
-6.8753,1092.8,-922.45,-0.62343,1151.2,-848.46,5.3577e+05,423993,1,-138.95,-1373.8,1003.9,993.52,-585.29,1526.8,-952.13,-1728.6,452.09,3267.1,253867,398,937,1454,-1.3743,1.1014,1.3165
-14.1,1072.2,-918.71,-0.62389,1142.5,-829.77,5.3479e+05,423991,1,-158.08,-1386.2,999.86,965.12,-588.9,1515.8,-950.54,-1743.3,463.17,3267.9,253889,398,937,1454,-1.3824,1.1014,1.3081
-21.3,1051.6,-915.05,-0.60233,1133.9,-811.09,5.3412e+05,423989,1,-158.52,-1399,1015,966.4,-585.54,1527.7,-955.02,-1764,473.56,3297.1,254809,398,937,1454,-1.3904,1.1014,1.2996
-28.8,1030.6,-911.5,-0.61811,1125.6,-791.83,5.3416e+05,423987,1,-170.23,-1426,1031.1,967.37,-587.8,1546.6,-968.52,-1797.9,485.2,3347.4,256607,398,1109,1458,-1.3983,1.1014,1.291
-36.32,1009.6,-908.02,-0.66359,1117.3,-772.4,5.3352e+05,423985,1,-192.83,-1459.1,1039.8,957.66,-589.79,1554.9,-991.11,-1842.6,494.17,3398.8,258131,398,1109,1458,-1.4062,1.1014,1.2824
-43.848,988.5,-904.59,-0.68304,1109.3,-752.92,5.3308e+05,423983,1,-195.27,-1459.5,1046.6,962.29,-570.42,1563.1,-1005.3,-1875.5,506.84,3426.8,258965,398,1109,1458,-1.4141,1.1014,1.2738
-51.506,967.33,-901.16,-0.62509,1101.3,-733.19,5.3268e+05,423981,1,-198.1,-1461.3,1050.3,990.3,-540.23,1586.1,-1044.3,-1917.5,494.82,3475.4,260131,398,1109,1458,-1.4219,1.1014,1.2651
-59.069,945.73,-897.24,-0.52199,1092.9,-713.13,5.3068e+05,423979,1,-196.59,-1448.7,1046.1,1028,-503.97,1611.7,-1080.1,-1942,472.98,3507.4,261209,398,1109,1458,-1.4296,1.1014,1.2563
-66.828,923.2,-892.8,-0.42046,1083.9,-692.14,5.2928e+05,423977,1,-188.48,-1434.1,1047.6,1077.3,-465.02,1648.7,-1114.8,-1963.5,449.42,3547.4,262317,398,1109,1458,-1.4373,1.1014,1.2475
-74.668,899.96,-887.94,-0.35068,1074.4,-670.47,5.2837e+05,423975,1,-180.95,-1403.5,1037.4,1131.3,-403.74,1677.6,-1155.2,-1989,422.78,3578.4,263049,398,1109,1458,-1.4449,1.1014,1.2387
-82.573,875.98,-882.57,-0.2938,1064.4,-648.1,5.2744e+05,423973,1,-165.74,-1401.9,1056.6,1208.1,-356.4,1745.4,-1211.1,-2035.5,387.87,3674.6,265009,398,1109,1458,-1.4525,1.1014,1.2298
-90.762,851.02,-876.73,-0.23935,1054,-624.73,5.2788e+05,423971,1,-150.14,-1356.7,1045.3,1247,-315.51,1774.4,-1228.9,-2022.2,357.38,3672.3,264966,398,1109,1458,-1.46,1.1014,1.2209
-99.216,825.1,-870.36,-0.18919,1042.9,-600.35,5.2799e+05,423969,1,-127.94,-1344.9,1067.2,1324.8,-272.34,1851.9,-1276.3,-2049.6,316.87,3762.1,266625,398,1109,1458,-1.4675,1.1014,1.2119
-108.03,798.02,-863.43,-0.1441,1031.3,-574.76,5.2676e+05,423967,1,-101.85,-1320.3,1086.3,1397.3,-228.25,1925,-1314.4,-2061.1,277.39,3833.6,269761,398,1109,1458,-1.4749,1.1014,1.2028
-117.34,769.68,-855.99,-0.092608,1019.2,-547.81,5.2664e+05,423965,1,-84.167,-1329.3,1119.2,1457.1,-208.69,1999.1,-1349.3,-2089.2,249.85,3929,281098,398,1109,1458,-1.4822,1.1014,1.1938
-127.17,740.26,-848.21,-0.038001,1006.8,-519.6,5.2112e+05,423963,1,-62.282,-1321.7,1148.9,1504.5,-190.73,2065,-1368.5,-2096.8,229.55,3994.6,282575,398,942,1455,-1.4895,1.1014,1.1847
-137.43,709.86,-840.11,-0.0028529,994.07,-490.29,5.1372e+05,423961,1,-36.021,-1359.7,1228.4,1557.5,-204.32,2175,-1387.2,-2134.5,233.65,4134.3,285062,398,942,1455,-1.4968,1.1014,1.1755
-148.72,678.18,-832.17,0.027684,981.64,-459.27,5.1773e+05,423959,1,-12.252,-1409.5,1315.8,1600.4,-235.98,2287.3,-1397.1,-2170.8,248.58,4277.1,286993,398,942,1455,-1.5039,1.1014,1.1663
-161.54,644.74,-824.7,0.00055501,969.81,-425.87,5.169e+05,423957,1,17.299,-1520.3,1470.5,1647.8,-333.9,2470.7,-1402.4,-2224.8,286.43,4517,289321,398,942,1455,-1.5111,1.1014,1.157
-175.92,609.28,-817.53,-0.085453,958.4,-389.86,5.179e+05,423955,1,69.172,-1717.6,1745.2,1728.3,-519.4,2790.3,-1400.8,-2306.9,363.82,4945.7,293658,398,942,1455,-1.5181,1.1014,1.1477
-192.82,570.67,-810.98,-0.2771,947.74,-349.76,5.167e+05,423953,1,57.319,-1811.8,1827.5,1742.4,-608.1,2920.3,-1423.6,-2352.9,367.03,5124.2,295191,398,942,1455,-1.5252,1.1014,1.1384
-212.6,528.34,-805.03,-0.5719,937.79,-304.9,5.1779e+05,423951,1,73.563,-2032.3,2083.3,1796.2,-813.97,3232.4,-1444.6,-2446.9,426.83,5574,299412,398,942,1455,-1.5321,1.1014,1.129
-233.6,484.12,-799.14,-0.90499,927.98,-257.74,5.1715e+05,423949,1,69.321,-2165.6,2226.3,1837.5,-931.01,3442.1,-1479.3,-2510,435.83,5866.9,302252,398,942,1455,-1.539,1.1014,1.1196
-255.6,438.08,-792.94,-1.2024,917.9,-208.47,5.1554e+05,423947,1,57.619,-2235.6,2299.6,1853.9,-980.92,3552.9,-1506.6,-2539.2,424.27,6017.4,304048,398,942,1455,-1.5459,1.1014,1.1101
-277.68,391.45,-786.4,-1.487,907.53,-158.61,5.1357e+05,423945,1,18.565,-2307.7,2330.7,1823.1,-1080.6,3650.7,-1535.8,-2563.4,392.79,6136.9,305276,398,942,1455,-1.5526,1.1014,1.1006
-284.16,192.89,-626.26,-2.3109,714.24,-3.1675,5.057e+05,428225,1,-52.147,-2340.7,2271.3,1919.1,-983.06,3883.7,-1680.9,-2660.9,133.78,6345.8,307327,398,1109,1458,-1.6023,1.0662,1.0635
-297.58,230.61,-677.31,-1.2141,774.53,-23.922,5.1514e+05,426793,1,13.27,-2261.8,2300.1,1955.4,-901.1,3812.4,-1647,-2651.2,227.37,6274.5,306654,398,1109,1458,-1.5903,1.078,1.0697
-300.85,343.04,-779.66,-1.6903,897.04,-106.64,5.1315e+05,423943,1,16.687,-2349,2395.1,1845.5,-1093,3740.3,-1548.3,-2575.5,387.31,6229.7,306203,398,942,1455,-1.5594,1.1014,1.0911
139.69,1657.2,-1138.5,-1.4302,1535.5,-1305.5,5.3394e+05,422613,1,-176.93,-1861,1256.7,1799.3,-735.29,2002.2,-1561.7,-2015.5,257.69,4407.7,288319,398,937,1454,-1.1895,1.1131,1.4769
132.21,1626.1,-1126,-1.5302,1512.4,-1281.5,5.3057e+05,422611,1,-186.47,-1840.1,1241.7,1781.1,-760.46,2028.6,-1573.1,-1999.4,231.52,4399.3,288215,398,937,1454,-1.1985,1.1131,1.4696
124.76,1595.1,-1113.6,-1.5897,1489.6,-1257.4,5.266e+05,422609,1,-195.09,-1813.8,1221.3,1757.9,-751.52,2025.9,-1571.8,-1988.1,216.39,4364.5,287883,398,936,1453,-1.2075,1.1131,1.4622
117.46,1564.3,-1101.1,-1.6545,1466.9,-1233.4,5.2538e+05,422607,1,-192.13,-1790.4,1209.2,1743.7,-740.8,2024.8,-1561,-1974.4,205.42,4332.5,287555,398,936,1453,-1.2165,1.1131,1.4548
110.14,1533.7,-1088.8,-1.628,1444.7,-1209.4,5.2442e+05,422605,1,-174.31,-1762.9,1207.4,1726.2,-733.52,2022.1,-1550.6,-1964.9,199.86,4302.1,287252,398,936,1453,-1.2254,1.1131,1.4473
102.25,1503.2,-1076.7,-1.4619,1423.2,-1184.8,5.2521e+05,422603,1,-124.62,-1716.4,1219.2,1721.8,-715.44,2025.5,-1522.5,-1949.3,203.39,4264.6,286848,398,936,1453,-1.2343,1.1131,1.4397
93.704,1472.6,-1065.1,-1.2485,1402.6,-1159.6,5.2854e+05,422601,1,-80.372,-1657.2,1219.1,1720,-690.05,2028.2,-1488.2,-1927.2,208.34,4214.2,286200,398,936,1453,-1.2431,1.1131,1.4321
84.885,1442,-1053.9,-1.1336,1382.5,-1134.1,5.3106e+05,422599,1,-29.674,-1606.5,1226.3,1714.2,-674.05,2031.8,-1431.5,-1895.6,219.88,4159,285401,398,936,1453,-1.2518,1.1131,1.4245
75.656,1411.3,-1043.2,-1.1235,1363.2,-1108,5.3728e+05,422597,1,-45.371,-1576.6,1201.1,1698,-673.03,2040.7,-1423.9,-1870.8,206.39,4123.2,284761,398,936,1453,-1.2605,1.1131,1.4168
66.775,1381,-1032.8,-1.2851,1344.2,-1082.4,5.3757e+05,422595,1,-57.317,-1571.3,1187.1,1626.2,-698.95,2013.9,-1367.8,-1843.1,222.64,4048.2,283561,398,936,1453,-1.2692,1.1131,1.409
58.231,1351.8,-1023,-1.4475,1326.2,-1057.6,5.3555e+05,422593,1,-89.725,-1569.8,1165.8,1537.1,-749.92,1996.4,-1328.8,-1802.8,222.16,3975.8,282203,398,936,1453,-1.2778,1.1131,1.4012
50.263,1324,-1013.8,-1.6228,1309.1,-1034.1,5.348e+05,422591,1,-127.48,-1572.1,1135.7,1379.1,-822.03,1926.9,-1258.3,-1768.4,249.56,3852.4,279166,398,936,1453,-1.2864,1.1131,1.3933
42.711,1297.7,-1005.2,-1.6322,1293.2,-1012,5.327e+05,422589,1,-140.74,-1544.5,1109.4,1289.6,-859.04,1895.5,-1222.8,-1736.4,252.02,3768.8,266825,398,944,1457,-1.2949,1.1131,1.3854
35.27,1272.5,-997.16,-1.4394,1278.1,-990.58,5.3276e+05,422587,1,-136.6,-1507.6,1089.2,1214.6,-855.85,1841.2,-1188.5,-1723.7,268.1,3678.5,265075,398,944,1457,-1.3034,1.1131,1.3775
27.598,1247.7,-989.44,-1.0907,1263.8,-969.25,5.3177e+05,422585,1,-112.03,-1458.3,1077.3,1223.1,-800.18,1819.5,-1174.4,-1722.8,276.04,3629.1,264137,398,944,1457,-1.3118,1.1131,1.3694
19.66,1222.9,-982.03,-0.77478,1249.9,-947.63,5.3326e+05,422583,1,-86.511,-1388.7,1052.3,1232.9,-715.51,1780.4,-1150.5,-1715.7,288.67,3549,262342,398,944,1457,-1.3202,1.1131,1.3614
11.753,1198.1,-974.96,-0.6306,1236.4,-925.95,5.3545e+05,422581,1,-51.153,-1339,1049.1,1273,-621.41,1758.8,-1126.3,-1724.9,311.37,3512.4,261325,398,944,1457,-1.3285,1.1131,1.3532
3.6128,1173.4,-968.38,-0.60076,1223.6,-904.04,5.3959e+05,422579,1,-55.894,-1317.4,1034.7,1212,-613.15,1712.1,-1074.2,-1698,337.46,3425.9,258938,398,944,1457,-1.3368,1.1131,1.3451
-4.4458,1149.6,-962.64,-0.6309,1212,-882.81,5.4194e+05,422577,1,-68.655,-1312.2,1024.4,1142.3,-618.81,1667.5,-1022.6,-1680,369.17,3353.9,256800,398,944,1457,-1.3451,1.1131,1.3368
-12.29,1126.7,-957.54,-0.62449,1201.2,-862.4,5.4221e+05,422575,1,-84.467,-1311.9,1013,1085.6,-621.77,1626.7,-993.33,-1676.9,393.07,3304.4,255003,398,944,1457,-1.3532,1.1131,1.3285
-19.892,1104.8,-952.98,-0.59403,1191.2,-842.75,5.4149e+05,422573,1,-99.163,-1320.9,1011.4,1032.3,-627.92,1594,-962.5,-1679.6,423.56,3271.8,253984,398,944,1457,-1.3614,1.1131,1.3202
-27.465,1083.5,-948.97,-0.57586,1182,-823.5,5.4136e+05,422571,1,-115.53,-1334.4,1011.7,978.19,-639.39,1563.8,-934.73,-1682.9,452.16,3249.9,253362,398,944,1457,-1.3694,1.1131,1.3118
-35.034,1062.8,-945.53,-0.53818,1173.6,-804.64,5.4168e+05,422569,1,-128.77,-1352.6,1017.5,949.35,-635.97,1544.9,-924.42,-1704.5,477.3,3249.9,253361,398,937,1454,-1.3775,1.1131,1.3034
-42.796,1042.2,-942.45,-0.4959,1165.7,-785.67,5.4185e+05,422567,1,-135.44,-1373.8,1037.5,937.05,-630.41,1546.3,-921.44,-1733.4,505.22,3279.9,254215,398,937,1454,-1.3854,1.1131,1.2949
-50.717,1021.4,-939.46,-0.4647,1158,-766.36,5.41e+05,422565,1,-144.83,-1384.6,1039.8,955.26,-595.03,1550.5,-942.28,-1771.2,509.31,3312.8,255496,398,1109,1458,-1.3933,1.1131,1.2864
-58.432,1000.7,-936.49,-0.44112,1150.4,-747.23,5.3934e+05,422563,1,-157.09,-1372.1,1024.3,945.04,-567.99,1532.7,-946.66,-1781.5,514.83,3294.9,254745,398,1109,1458,-1.4012,1.1131,1.2778
-66.009,979.99,-933.44,-0.43128,1142.8,-728.08,5.376e+05,422561,1,-165.16,-1372.3,1019.8,959.78,-540.32,1539.3,-966.55,-1804.8,509.46,3314.2,255559,398,1109,1458,-1.409,1.1131,1.2692
-73.492,959.14,-930.25,-0.41931,1135,-708.82,5.3633e+05,422559,1,-170.32,-1354.3,1004.9,964.36,-514.48,1537.4,-980.74,-1812.5,499.63,3305.7,255033,398,1109,1458,-1.4168,1.1131,1.2605
-80.89,938.15,-926.84,-0.36539,1127.1,-689.44,5.3516e+05,422557,1,-174.5,-1362.4,1009.7,1012.4,-478.07,1576.3,-1036.7,-1861.9,471.56,3377.6,257568,398,1109,1458,-1.4245,1.1131,1.2518
-88.314,916.46,-922.89,-0.29855,1118.6,-669.42,5.3308e+05,422555,1,-166.03,-1316.9,989.23,1055,-418.51,1592.1,-1066.3,-1870.3,447.16,3376.1,257526,398,1109,1458,-1.4321,1.1131,1.2431
-95.855,893.94,-918.41,-0.2465,1109.5,-648.61,5.3148e+05,422553,1,-156.96,-1288,980.28,1112.9,-363.31,1628.1,-1109.6,-1890.5,412.14,3411.9,258449,398,1109,1458,-1.4398,1.1131,1.2343
-103.42,870.71,-913.39,-0.20389,1099.9,-627.16,5.3029e+05,422551,1,-146.18,-1298,1003.4,1183.6,-331.34,1698.4,-1164.8,-1934.6,376.97,3514.3,261382,398,1109,1458,-1.4473,1.1131,1.2254
-111.27,846.37,-907.77,-0.16279,1089.6,-604.58,5.2974e+05,422549,1,-122.34,-1248.5,997.45,1241.6,-279.01,1742,-1192.1,-1925.4,336.99,3530.5,261943,398,1109,1458,-1.4548,1.1131,1.2165
-119.44,821.05,-901.64,-0.11212,1078.8,-580.97,5.2997e+05,422547,1,-99.733,-1240.9,1022.8,1309.4,-246.95,1813.4,-1229.7,-1946.1,304.31,3612.7,263805,398,1109,1458,-1.4622,1.1131,1.2075
-128.14,794.43,-895,-0.064239,1067.5,-555.92,5.2907e+05,422545,1,-71.532,-1237.1,1061.7,1373.3,-227.88,1894.4,-1257.2,-1957.4,278.07,3698.4,265426,398,942,1455,-1.4696,1.1131,1.1985
-137.28,766.69,-887.87,-0.0043829,1055.7,-529.66,5.2023e+05,422543,1,-62.509,-1271.4,1109.4,1446.7,-212.18,1994.8,-1315.7,-2013.7,245.87,3849,269999,398,942,1455,-1.4769,1.1131,1.1895
-147.4,737.29,-880.47,0.042646,1043.6,-501.42,5.1625e+05,422541,1,-19.775,-1326.2,1227.7,1514,-242.79,2135.1,-1325.5,-2052.1,269.65,4027,283224,398,942,1455,-1.4842,1.1131,1.1804
-158.76,706.25,-873.18,0.053988,1031.8,-471.04,5.1482e+05,422539,1,-6.999,-1387.4,1309.9,1562.4,-266.14,2242.9,-1353.7,-2107.8,279.31,4187.7,285791,398,942,1455,-1.4914,1.1131,1.1713
-171.27,673.79,-866.12,0.039297,1020.3,-438.79,5.1671e+05,422537,1,15.74,-1471.3,1427.6,1609.6,-324.24,2384.4,-1369.2,-2161.7,303.04,4384.5,288073,398,942,1455,-1.4986,1.1131,1.1621
-185.74,638.86,-859.36,-0.0072657,1009.2,-403.32,5.166e+05,422535,1,98.153,-1694.1,1768.8,1719,-506.92,2736.8,-1359.9,-2268,419.14,4886.6,293081,398,942,1455,-1.5057,1.1131,1.1529
-202.82,600.91,-853.33,-0.10901,999.02,-363.81,5.1803e+05,422533,1,96.437,-1805.7,1883.1,1757.1,-596.18,2902.3,-1390.3,-2330.8,427.61,5121.6,295166,398,942,1455,-1.5127,1.1131,1.1436
-223.95,558.36,-848.44,-0.27539,990.23,-318.14,5.1836e+05,422531,1,124.3,-2035.9,2165,1823.4,-790.57,3219.3,-1401.2,-2434.4,511.75,5595.8,299584,398,942,1455,-1.5197,1.1131,1.1343
-245.73,514.66,-843.64,-0.5058,981.58,-271.1,5.1872e+05,422529,1,102.27,-2165.5,2281.8,1846,-885.36,3381.4,-1437.3,-2502.6,525.73,5842.7,302040,398,942,1455,-1.5266,1.1131,1.125
-268.11,469.52,-838.45,-0.73969,972.53,-222.5,5.1749e+05,422527,1,76.504,-2229.1,2325.7,1866.4,-920.8,3480.6,-1481.2,-2541.3,497.33,5977.4,303279,398,942,1455,-1.5335,1.1131,1.1156
-290.75,423.2,-832.56,-0.93483,962.79,-172.73,5.17e+05,422525,1,73.1,-2317.6,2435.5,1912.2,-936.4,3602.2,-1523.4,-2621.3,520.91,6187.1,305785,398,942,1455,-1.5403,1.1131,1.1062
-314.79,375.2,-827,-1.0632,953.53,-120.73,5.1721e+05,422523,1,30.19,-2341.4,2418.9,1916.7,-917.4,3634.3,-1573.2,-2655.2,475.87,6229.7,306204,398,942,1455,-1.5471,1.1131,1.0967
110.42,1644.7,-1170.6,-1.6935,1573.8,-1269,5.3672e+05,421195,1,-239.47,-1919.7,1274.5,1798,-793.19,2054.2,-1638.5,-2076.3,267.37,4529.4,289429,398,937,1454,-1.1852,1.1247,1.4716
103.34,1613.8,-1157.8,-1.6916,1550.4,-1245.7,5.3472e+05,421193,1,-229.42,-1882.3,1257.4,1756.5,-793.76,2043.5,-1613.4,-2044.3,251.49,4462.4,288847,398,936,1453,-1.1942,1.1247,1.4643
96.229,1583.2,-1145.2,-1.6373,1527.5,-1222.3,5.3219e+05,421191,1,-256.41,-1890.4,1249.3,1734.5,-809.94,2056.5,-1621.4,-2041.8,240.36,4466.5,288890,398,936,1453,-1.2032,1.1247,1.4569
89.412,1552.7,-1132.5,-1.6619,1504.6,-1199,5.2781e+05,421189,1,-255.73,-1841.9,1215.6,1711.7,-806.15,2057.1,-1608.2,-2011,215.62,4407.3,288314,398,936,1453,-1.2121,1.1247,1.4495
82.709,1522.3,-1119.8,-1.6865,1481.9,-1175.7,5.2511e+05,421187,1,-231.14,-1788.1,1199.9,1685.7,-796.48,2052.3,-1585.8,-1979.6,199.85,4341.9,287650,398,936,1453,-1.221,1.1247,1.4421
75.554,1492.2,-1107.5,-1.5533,1459.9,-1152.1,5.243e+05,421185,1,-180.05,-1733.1,1205.6,1677.9,-783.01,2056.3,-1552,-1949.7,196.69,4288.9,287103,398,936,1453,-1.2298,1.1247,1.4345
67.844,1461.8,-1095.4,-1.4122,1438.6,-1127.8,5.2568e+05,421183,1,-142.27,-1697.4,1214.7,1672.1,-772.73,2060.8,-1518.8,-1928.6,201.78,4252.5,286700,398,936,1453,-1.2386,1.1247,1.427
59.582,1431.6,-1083.9,-1.2497,1418.1,-1103.1,5.2932e+05,421181,1,-111.41,-1643.3,1204.5,1671.7,-760.08,2071.9,-1488.2,-1891.2,190.7,4201.9,286034,398,936,1453,-1.2473,1.1247,1.4193
51.187,1401,-1072.6,-1.2158,1397.9,-1077.9,5.2937e+05,421179,1,-78.025,-1588.7,1196.5,1671.2,-746.21,2081.9,-1453.1,-1850.2,181.17,4148.9,285255,398,936,1453,-1.256,1.1247,1.4117
42.493,1370.5,-1061.5,-1.2245,1378.2,-1052.3,5.3275e+05,421177,1,-75.019,-1566.6,1187.5,1634.4,-759.61,2081,-1411.1,-1806.8,176.28,4091,284250,398,936,1453,-1.2646,1.1247,1.4039
33.877,1340.4,-1051,-1.3832,1359.3,-1027,5.3226e+05,421175,1,-85.643,-1559.3,1177.9,1576.4,-787.43,2072.1,-1357.6,-1764.7,183.43,4026.9,283221,398,936,1453,-1.2732,1.1247,1.3961
25.555,1311.1,-1041.1,-1.6369,1341.2,-1002.4,5.3299e+05,421173,1,-127.7,-1572.5,1154.2,1448.2,-839.75,2015,-1297.4,-1733.5,205.62,3926.2,281013,398,944,1457,-1.2818,1.1247,1.3883
17.947,1283.7,-1032.1,-1.8797,1324.4,-979.44,5.307e+05,421171,1,-178.86,-1587.6,1127.4,1325.8,-924.66,1991.3,-1251.2,-1686,206.72,3853.9,279195,398,944,1457,-1.2902,1.1247,1.3804
11.032,1258.1,-1023.7,-1.9525,1308.7,-958.29,5.2948e+05,421169,1,-210.85,-1575.1,1091.3,1173.6,-999.41,1929.9,-1192,-1648,222.37,3742.1,266245,398,944,1457,-1.2987,1.1247,1.3725
4.628,1234.3,-1015.8,-1.7931,1293.9,-938.61,5.2458e+05,421167,1,-208.08,-1523.5,1057.8,1066.3,-1035.3,1878.9,-1142.5,-1612.2,233.04,3630.6,264168,398,944,1457,-1.3071,1.1247,1.3645
-2.1862,1210.6,-1008.3,-1.4802,1279.9,-918.76,5.2364e+05,421165,1,-177.14,-1485.1,1060.2,1043.7,-1022.2,1861.1,-1111.6,-1599.6,247.89,3579.7,263087,398,944,1457,-1.3154,1.1247,1.3564
-9.5382,1186.8,-1001.3,-1.2023,1266.6,-898.29,5.2698e+05,421163,1,-146.23,-1443.5,1061.1,1059,-959.37,1841.3,-1085.8,-1600.9,269,3532.3,261985,398,944,1457,-1.3237,1.1247,1.3483
-17.105,1163.1,-994.65,-0.98018,1253.8,-877.63,5.2915e+05,421161,1,-124.1,-1405.3,1058.6,1046.2,-900.91,1799.6,-1048.8,-1597.8,299.61,3463.9,259881,398,944,1457,-1.332,1.1247,1.3402
-25.073,1139.4,-988.7,-0.84222,1242,-856.7,5.3438e+05,421159,1,-91.7,-1360,1054.1,1091.1,-781.21,1755.5,-1025.3,-1623.7,337.62,3413.7,258488,398,944,1457,-1.3402,1.1247,1.332
-32.873,1116.6,-983.48,-0.80943,1231.1,-836.38,5.3745e+05,421157,1,-108.64,-1356.5,1040.5,1022.6,-768.27,1693.1,-981.61,-1620.4,375.63,3341.8,256439,398,944,1457,-1.3483,1.1247,1.3237
-40.651,1094.4,-978.95,-0.78523,1221.1,-816.56,5.3986e+05,421155,1,-118.13,-1363,1046.4,962.52,-773.86,1656,-939.03,-1614,414.77,3300.5,254919,398,944,1457,-1.3564,1.1247,1.3154
-48.629,1072.8,-975.1,-0.74989,1212,-796.91,5.4185e+05,421153,1,-113.58,-1350.8,1043,948.25,-712.26,1603.3,-912.89,-1641.5,457.78,3261.9,253661,398,944,1457,-1.3645,1.1247,1.3071
-56.529,1052,-971.98,-0.69805,1204,-777.9,5.4246e+05,421151,1,-129.29,-1360,1042,899.33,-704.81,1563.5,-886.08,-1654.2,495.59,3235.6,253001,398,937,1454,-1.3725,1.1247,1.2987
-64.255,1031.9,-969.24,-0.60662,1196.5,-759.4,5.4224e+05,421149,1,-137.15,-1354.4,1033.7,887.55,-682.39,1544.5,-885.85,-1667.5,505.51,3222.1,252634,398,937,1454,-1.3804,1.1247,1.2902
-71.869,1011.8,-966.52,-0.50353,1189.1,-740.97,5.4179e+05,421147,1,-141.34,-1331.2,1014.8,896.51,-631.96,1525.7,-895.27,-1685.8,509.25,3202.4,217050,398,1109,1458,-1.3883,1.1247,1.2818
-79.419,991.71,-963.83,-0.42856,1181.9,-722.47,5.4122e+05,421145,1,-143.55,-1312,1001.3,910.46,-587.34,1517.3,-907.38,-1702.9,508.99,3194.2,216845,398,1109,1458,-1.3961,1.1247,1.2732
-86.782,971.6,-961.06,-0.37398,1174.5,-704.03,5.403e+05,421143,1,-151.65,-1285.1,974.27,924.21,-535.26,1502.1,-926.1,-1717.9,499.31,3174.7,216304,398,1109,1458,-1.4039,1.1247,1.2646
-94.043,951.27,-958.11,-0.33883,1167,-685.42,5.3932e+05,421141,1,-145.77,-1259.9,963.97,953.13,-488.44,1508.6,-943.44,-1730.2,488.6,3175.4,216355,398,1109,1458,-1.4117,1.1247,1.256
-101.23,930.77,-954.99,-0.29878,1159.4,-666.64,5.3811e+05,421139,1,-149.72,-1251.3,956.09,977.93,-458.43,1524.6,-973.91,-1750.3,468.14,3197.6,216933,398,1109,1458,-1.4193,1.1247,1.2473
-108.38,909.85,-951.47,-0.23888,1151.4,-647.5,5.3638e+05,421137,1,-146.25,-1206.6,927.79,1006.9,-408.96,1530.4,-996.9,-1745.4,438.36,3177.1,216397,398,1109,1458,-1.427,1.1247,1.2386
-115.45,888.24,-947.32,-0.18713,1142.6,-627.79,5.3391e+05,421135,1,-139.27,-1192,926.28,1066.6,-365.45,1575.5,-1045.2,-1771,400.48,3231.2,252883,398,1109,1458,-1.4345,1.1247,1.2298
-122.61,865.77,-942.56,-0.14642,1133.2,-607.29,5.3165e+05,421133,1,-117.39,-1154.6,924.54,1147.8,-298.31,1630.5,-1097.1,-1790.2,352.6,3286.2,254361,398,1109,1458,-1.4421,1.1247,1.221
-130.12,842.1,-937.15,-0.097252,1123.1,-585.55,5.3123e+05,421131,1,-86.975,-1125.9,940.28,1226.6,-246.13,1695.3,-1135.8,-1803,314.04,3352.3,256733,398,1109,1458,-1.4495,1.1247,1.2121
-138.04,817.37,-931.25,-0.035228,1112.6,-562.67,5.2557e+05,421129,1,-55.548,-1142.9,1000.9,1300.8,-236.9,1796.9,-1169.5,-1829.3,293.33,3476.8,260160,398,942,1455,-1.4569,1.1247,1.2032
-146.62,791.22,-924.86,0.03126,1101.5,-538.18,5.2284e+05,421127,1,-30.834,-1175.5,1069.6,1372.5,-236.24,1906,-1207.9,-1866.8,276.75,3622.2,264006,398,942,1455,-1.4643,1.1247,1.1942
-156.81,763,-918.52,0.11032,1090.6,-511.01,5.145e+05,421125,1,7.5802,-1256.3,1201.9,1450.5,-265.04,2053,-1233,-1935.1,305.1,3843.2,269929,398,942,1455,-1.4716,1.1247,1.1852
-168.33,733,-912.3,0.13802,1079.8,-481.54,5.153e+05,421123,1,18.614,-1344.7,1309.5,1510.7,-299.07,2186,-1270.7,-2009.6,323.74,4053.6,283661,398,942,1455,-1.4788,1.1247,1.1762
-180.84,701.53,-906.06,0.13522,1069.1,-450.25,5.1872e+05,421121,1,51.243,-1485.3,1497.5,1582.3,-376.3,2378.3,-1295.1,-2109.2,383.75,4361.9,287858,398,942,1455,-1.486,1.1247,1.1671
-195.47,667.5,-900.2,0.10588,1059,-415.57,5.1869e+05,421119,1,64.47,-1740.3,1777.3,1655.1,-541.91,2667,-1340.1,-2269,475.62,4848.5,292761,398,942,1455,-1.4932,1.1247,1.1579
-213.19,630.1,-895.17,0.07693,1049.9,-376.28,5.2016e+05,421117,1,130.2,-1885.5,2017.7,1761.2,-635.13,2923.3,-1349.3,-2362.3,551.41,5234.4,296138,398,942,1455,-1.5002,1.1247,1.1487
-234.45,588.85,-891.33,-0.013367,1042.2,-331.73,5.2054e+05,421115,1,145,-2078.1,2243.9,1824.6,-779.43,3183.6,-1378.7,-2471.7,616.4,5642.4,299981,398,942,1455,-1.5072,1.1247,1.1395
-257.09,545.26,-887.28,-0.14055,1034.3,-284.44,5.2188e+05,421113,1,129.86,-2227.3,2396.2,1870.8,-864.3,3371.9,-1432.5,-2581.2,653.23,5956.3,303061,398,942,1455,-1.5142,1.1247,1.1302
-280.36,500.63,-883.33,-0.28993,1026.6,-235.87,5.2268e+05,421111,1,102.99,-2249.7,2392.2,1868.9,-890.61,3428,-1456.7,-2584.3,610.54,6000.4,303886,398,942,1455,-1.5211,1.1247,1.1209
-304.2,454.97,-879.29,-0.41159,1018.9,-186.09,5.2278e+05,421109,1,75.746,-2346.3,2481.9,1890.9,-921.74,3535.7,-1507.9,-2671.8,633.01,6197.6,305879,398,942,1455,-1.528,1.1247,1.1116
-328.26,408.68,-875.07,-0.4774,1011,-135.62,5.2284e+05,421107,1,46.595,-2357.1,2468.6,1909.6,-891.53,3571.9,-1559.3,-2706.4,585.66,6241.1,306298,398,942,1455,-1.5348,1.1247,1.1022
86.162,1663.8,-1217,-1.6321,1638,-1254.5,5.3984e+05,419781,1,-282.51,-2001.4,1320.6,1906.8,-682.02,2044,-1727.7,-2179.2,307.72,4683.7,290959,398,937,1454,-1.1718,1.1362,1.4734
79.416,1632.2,-1203.6,-1.8164,1613.5,-1231.2,5.3744e+05,419779,1,-301.11,-1986.4,1299.5,1857.8,-696.44,2038.4,-1717.3,-2156.3,289.61,4636.8,290495,398,937,1454,-1.1809,1.1362,1.4662
72.616,1600.9,-1190.5,-1.8959,1589.4,-1207.9,5.3673e+05,419777,1,-291.23,-1962.4,1289.7,1801,-744.88,2049.4,-1682.3,-2115.7,273.75,4580.3,289948,398,936,1453,-1.1898,1.1362,1.4589
65.882,1569.7,-1177.4,-2.03,1565.7,-1184.6,5.3619e+05,419775,1,-305.52,-1937.3,1262.6,1761.6,-778.15,2064.5,-1667.6,-2082.8,250.3,4538,289539,398,936,1453,-1.1988,1.1362,1.4516
59.577,1538.9,-1164.2,-2.191,1542,-1161.6,5.3495e+05,419773,1,-336.33,-1929.9,1239,1751.1,-752.24,2054.1,-1684.7,-2083.7,234.1,4523.2,289374,398,936,1453,-1.2076,1.1362,1.4442
53.411,1508.6,-1151.2,-2.2131,1518.8,-1139,5.3367e+05,419771,1,-337.77,-1889.5,1209.6,1704.1,-793.18,2068.8,-1667,-2035.8,200.96,4463.6,288861,398,936,1453,-1.2165,1.1362,1.4368
47.274,1478.5,-1138.3,-2.2184,1495.9,-1116.3,5.2835e+05,419769,1,-283.83,-1836.4,1214.3,1653.5,-833.87,2077.2,-1612.6,-1984.9,194.29,4387.4,288102,398,936,1453,-1.2253,1.1362,1.4293
40.395,1448.4,-1125.7,-2.0675,1473.8,-1092.9,5.263e+05,419767,1,-242.62,-1774,1207.4,1653.6,-840.53,2107,-1583.6,-1930.4,168.36,4336.7,287594,398,936,1453,-1.234,1.1362,1.4217
33.272,1418.2,-1113.4,-2.0114,1452.2,-1069.1,5.2556e+05,419765,1,-206.41,-1711.6,1194.2,1623.1,-860.02,2117.5,-1538.1,-1872.7,153.09,4260.5,286799,398,936,1453,-1.2427,1.1362,1.4141
25.766,1387.9,-1101.3,-1.9158,1431.1,-1044.9,5.2597e+05,419763,1,-165.46,-1648.2,1184.6,1624.6,-869.44,2148.1,-1505,-1811.4,124.34,4209.3,286132,398,936,1453,-1.2514,1.1362,1.4065
17.807,1357.4,-1089.5,-1.8568,1410.5,-1020,5.2679e+05,419761,1,-112.66,-1592.3,1192.2,1602.9,-877.09,2156.5,-1445.4,-1751.8,120.97,4139,285122,398,936,1453,-1.26,1.1362,1.3988
9.2657,1327.1,-1078.4,-1.7889,1390.9,-994.68,5.2789e+05,419759,1,-101.19,-1580.1,1196.8,1563.2,-888.59,2149.2,-1389,-1717.1,135.14,4085.1,284154,398,944,1457,-1.2685,1.1362,1.391
0.7243,1297.2,-1067.9,-1.8789,1372.2,-969.6,5.2794e+05,419757,1,-127.46,-1592.2,1192,1474.6,-971.27,2161.6,-1325.6,-1645.7,128.81,4030.5,283274,398,944,1457,-1.277,1.1362,1.3832
-7.2199,1268.3,-1058.1,-2.1751,1354.3,-945.54,5.2559e+05,419755,1,-194.12,-1627.8,1164.3,1324.8,-1083.9,2137.4,-1254.1,-1590.4,140.36,3957.7,281828,398,944,1457,-1.2855,1.1362,1.3753
-14.477,1240.7,-1048.8,-2.5922,1337.2,-922.74,5.2511e+05,419753,1,-256.73,-1651,1129,1188.9,-1174.3,2100.7,-1202.8,-1551.2,150.68,3891.9,280132,398,944,1457,-1.2939,1.1362,1.3674
-20.838,1215,-1040.3,-2.9605,1321.2,-901.84,5.2353e+05,419751,1,-300.36,-1688.5,1124.9,1045.4,-1291.7,2081.1,-1155.2,-1507.4,154.73,3863.9,279433,398,944,1457,-1.3023,1.1362,1.3595
-26.983,1190.8,-1032.3,-3.0317,1306.2,-882.06,5.2281e+05,419749,1,-277.06,-1639.9,1107.5,916.8,-1317.1,1994.4,-1089.7,-1494.7,196.9,3742.4,266251,398,944,1457,-1.3106,1.1362,1.3514
-33.606,1167.7,-1025.1,-2.7326,1292.8,-862.75,5.2437e+05,419747,1,-303.42,-1637.1,1090.5,802.37,-1374.6,1953.5,-1030,-1433.2,203.62,3669.7,264925,398,944,1457,-1.3189,1.1362,1.3434
-40.372,1145.7,-1018.9,-2.3081,1280.6,-844.04,5.243e+05,419745,1,-224.15,-1547.6,1092.1,833.72,-1250.5,1890.2,-997.8,-1468.7,256.45,3562,262722,398,944,1457,-1.3271,1.1362,1.3353
-47.462,1124,-1013.2,-1.8626,1269.3,-825.28,5.2527e+05,419743,1,-202.16,-1500.1,1081.4,826.36,-1168.2,1832.6,-954.31,-1471.3,299.14,3468.7,259979,398,944,1457,-1.3353,1.1362,1.3271
-54.939,1102.5,-1008.3,-1.5123,1259,-806.28,5.2854e+05,419741,1,-164.02,-1444.3,1076.4,855.33,-1033.8,1763.4,-925.85,-1508.2,353.75,3382.1,257687,398,944,1457,-1.3434,1.1362,1.3189
-62.466,1081.4,-1004,-1.2594,1249.5,-787.52,5.3127e+05,419739,1,-183.1,-1446.7,1066.9,782.67,-1055.8,1723.2,-883.32,-1487.2,380.11,3331.4,256132,398,944,1457,-1.3514,1.1362,1.3106
-69.905,1060.8,-1000.3,-1.0386,1240.7,-769.14,5.3342e+05,419737,1,-163.79,-1393.2,1045.6,794.31,-918.35,1630.7,-861.33,-1526.8,434.23,3233.6,252956,398,944,1457,-1.3595,1.1362,1.3023
-77.814,1040.4,-997.27,-0.85527,1232.8,-750.45,5.3755e+05,419735,1,-127.68,-1345.6,1044.3,855.42,-788.4,1593.9,-852.95,-1566.4,472.23,3196.2,216898,398,944,1457,-1.3674,1.1362,1.2939
-85.327,1020.8,-994.81,-0.74624,1225.6,-732.61,5.3998e+05,419733,1,-150.21,-1303.2,990.93,814.82,-716.07,1504.7,-838.24,-1574.1,494.19,3093.3,209955,398,944,1457,-1.3753,1.1362,1.2855
-92.455,1001.6,-992.41,-0.63517,1218.6,-715.28,5.4072e+05,419731,1,-143.87,-1240.8,949.82,839.68,-620.58,1463.7,-844.96,-1582.2,493.97,3025.9,208752,398,937,1454,-1.3832,1.1362,1.277
-99.631,982.26,-989.97,-0.51673,1211.6,-697.7,5.4131e+05,419729,1,-135.47,-1236.4,955.88,878.88,-576.83,1479,-871.03,-1621.2,493.25,3063.3,209364,398,1109,1458,-1.391,1.1362,1.2685
-106.34,963.26,-987.42,-0.40544,1204.5,-680.62,5.4039e+05,419727,1,-142.98,-1173.1,899.83,872.26,-518.33,1435,-870.25,-1597.3,476.05,2971.6,207527,398,1109,1458,-1.3988,1.1362,1.26
-113.05,943.8,-984.58,-0.30913,1197.2,-663.12,5.3919e+05,419725,1,-129.83,-1142,890.6,922.74,-459.25,1454.1,-899.29,-1617.3,457.29,2987.4,207854,398,1109,1458,-1.4065,1.1362,1.2514
-119.83,923.92,-981.53,-0.23668,1189.6,-645.18,5.3816e+05,419723,1,-117.68,-1112.8,882.26,968.14,-405.04,1473.1,-927.33,-1634.8,436.68,3004.2,208169,398,1109,1458,-1.4141,1.1362,1.2427
-126.4,903.81,-978.14,-0.17841,1181.7,-627.12,5.3653e+05,419721,1,-113.5,-1051.6,838.4,996.87,-349.46,1471.8,-949.02,-1615.4,394.71,2961.4,207299,398,1109,1458,-1.4217,1.1362,1.234
-132.97,883.01,-974.19,-0.12849,1173.1,-608.46,5.3471e+05,419719,1,-96.487,-1040.3,850.93,1071.5,-301.11,1530.6,-999.86,-1648.5,359.32,3040.3,208989,398,1109,1458,-1.4293,1.1362,1.2253
-139.69,861.3,-969.62,-0.077091,1163.9,-588.92,5.3245e+05,419717,1,-66.522,-989.48,847.55,1120.3,-259.1,1565.9,-1013.7,-1621.9,320.74,3039.2,208971,398,942,1455,-1.4368,1.1362,1.2165
-146.62,838.64,-964.38,0.015024,1154,-568.44,5.2744e+05,419715,1,-54.877,-1043.4,913.8,1212.9,-245.68,1681.5,-1086,-1696.2,293.09,3229.2,252819,398,942,1455,-1.4442,1.1362,1.2076
-155.08,813.75,-958.9,0.10544,1143.9,-545.2,5.22e+05,419713,1,19.402,-1059.2,1028.2,1299.4,-251.18,1810.2,-1078.5,-1703.7,311.16,3372,257412,398,942,1455,-1.4516,1.1362,1.1988
-165.06,787.01,-953.63,0.17707,1134.1,-519.49,5.1851e+05,419711,1,47.931,-1162.1,1168.9,1383.2,-282.31,1966.2,-1123.2,-1795.1,336.86,3629.8,264146,398,942,1455,-1.4589,1.1362,1.1898
-176.62,758.45,-948.54,0.29411,1124.6,-491.31,5.1809e+05,419709,1,73.742,-1261.7,1305.9,1453.5,-321.08,2114.3,-1153.7,-1873.8,370.34,3868.9,279540,398,942,1455,-1.4662,1.1362,1.1809
-189.63,727.9,-943.57,0.34461,1115.3,-460.61,5.206e+05,419707,1,110.02,-1424.4,1520.4,1535.8,-400.84,2320.7,-1179.4,-1992.3,448.97,4221.3,286281,398,942,1455,-1.4734,1.1362,1.1718
-204.77,695.05,-939.2,0.38237,1106.8,-426.73,5.2151e+05,419705,1,130.19,-1638.6,1768.6,1611.1,-524.51,2565.7,-1217.9,-2134.5,535.45,4648.6,290584,398,942,1455,-1.4806,1.1362,1.1628
-223.62,658.29,-935.92,0.41499,1099.6,-387.42,5.2176e+05,419703,1,179.54,-1813.1,2015.7,1694.7,-631.78,2803.4,-1227.9,-2249.9,633.33,5048.2,294577,398,942,1455,-1.4877,1.1362,1.1537
-244.96,618.9,-933.55,0.4142,1093.6,-344.47,5.2204e+05,419701,1,165.72,-2157.4,2359.6,1768.6,-853.1,3158.2,-1301.3,-2482.5,765.52,5702.8,300466,398,942,1455,-1.4947,1.1362,1.1445
-269.18,575.37,-931.33,0.28639,1087.7,-296.41,5.2296e+05,419699,1,120.71,-2347.3,2515,1818.3,-945.84,3357.4,-1396.6,-2651.2,810.02,6079.4,304644,398,942,1455,-1.5017,1.1362,1.1353
-293.06,531.49,-928.74,0.086834,1081.3,-248.24,5.2469e+05,419697,1,99.875,-2330.8,2481,1852.5,-907.91,3393.4,-1451.8,-2668.3,744.37,6095.2,304809,398,942,1455,-1.5087,1.1362,1.1261
-317.02,486.56,-925.47,-0.11886,1074.3,-199.13,5.2495e+05,419695,1,71.2,-2395.8,2534.6,1877.2,-939.81,3504,-1509.6,-2728.3,727.42,6253.5,306423,398,942,1455,-1.5155,1.1362,1.1168
-341.58,440.23,-921.79,-0.29452,1066.8,-148.49,5.2513e+05,419693,1,51.167,-2400.5,2533.1,1883.9,-937.17,3551,-1539.6,-2738.6,693.5,6290.5,306799,398,942,1455,-1.5224,1.1362,1.1075
-365.04,394.62,-917.5,-0.43384,1058.8,-99.019,5.2529e+05,419691,1,11.667,-2385.6,2484.7,1866.3,-917.4,3548.1,-1575.4,-2739.1,640.45,6258.9,306488,398,942,1455,-1.5291,1.1362,1.0981
61.426,1686.7,-1265.8,-1.0543,1705.8,-1241.4,5.4134e+05,418369,1,-302.61,-2103.3,1401.2,1972,-672.93,2074.7,-1802.8,-2283.1,362.01,4870.2,292957,398,937,1454,-1.1584,1.1478,1.4751
54.375,1654.2,-1252.1,-1.2705,1680.5,-1217.7,5.3846e+05,418367,1,-326.77,-2075.3,1363,1942,-652.84,2055.1,-1794.5,-2262.8,342.3,4811.5,292406,398,937,1454,-1.1675,1.1478,1.4679
47.784,1622.3,-1238.4,-1.4252,1655.5,-1194.6,5.3916e+05,418365,1,-350.74,-2061.5,1336.9,1895,-653.62,2036.3,-1786.8,-2250.1,330.76,4763.4,291749,398,937,1454,-1.1765,1.1478,1.4607
41.324,1590.9,-1224.8,-1.4992,1630.9,-1171.6,5.3794e+05,418363,1,-361.76,-2029.3,1308.9,1857.1,-660.55,2035.3,-1779.8,-2224.1,307.39,4711.5,291216,398,936,1453,-1.1854,1.1478,1.4535
34.852,1559.5,-1211.3,-1.5611,1606.7,-1148.6,5.3536e+05,418361,1,-356.5,-1974.9,1271.7,1832.8,-661.93,2040,-1753.3,-2170.4,272.35,4632.7,290456,398,936,1453,-1.1943,1.1478,1.4462
28.857,1528.2,-1197.6,-1.795,1582.2,-1125.6,5.3246e+05,418359,1,-387.38,-1933.3,1218.9,1800.7,-684.75,2055.5,-1755.9,-2123.9,224.5,4577.6,289925,398,936,1453,-1.2031,1.1478,1.4388
23.432,1497,-1183.7,-2.0846,1557.6,-1103.1,5.3065e+05,418357,1,-386.71,-1899.1,1195.4,1777.7,-703.16,2068.8,-1744.8,-2087,196.36,4534.1,289496,398,936,1453,-1.2119,1.1478,1.4314
17.871,1466.2,-1169.9,-2.2297,1533.4,-1080.4,5.2781e+05,418355,1,-357.11,-1853.1,1187.6,1733.8,-729.02,2073.7,-1711.9,-2030,168.97,4459.8,288818,398,936,1453,-1.2207,1.1478,1.424
11.831,1435.4,-1156.4,-2.2617,1509.9,-1057.3,5.2238e+05,418353,1,-321.93,-1803.6,1182.1,1721.5,-756.34,2106.8,-1675.5,-1971.1,143.14,4409.3,288340,398,936,1453,-1.2294,1.1478,1.4164
5.6319,1404.4,-1143,-2.388,1486.7,-1033.8,5.2018e+05,418351,1,-294.63,-1748,1165.2,1693.6,-791.99,2133.1,-1639.6,-1900.9,108.04,4342.7,287657,398,936,1453,-1.2381,1.1478,1.4089
-0.6448,1373.6,-1129.6,-2.4962,1463.7,-1010.1,5.199e+05,418349,1,-252.63,-1684.5,1155.2,1662.4,-827.71,2156.6,-1593.1,-1826,78.581,4267.7,286884,398,936,1453,-1.2467,1.1478,1.4012
-7.6979,1342.9,-1116.8,-2.4144,1441.7,-985.85,5.2212e+05,418347,1,-184.34,-1625.4,1172.8,1638.1,-843.91,2170.2,-1527.4,-1756.1,70.858,4192.7,285886,398,944,1457,-1.2553,1.1478,1.3936
-15.754,1312.1,-1104.7,-2.2848,1421,-960.74,5.2498e+05,418345,1,-115.12,-1566.3,1193.2,1605.6,-876.38,2193.2,-1432.8,-1665.8,71.835,4108.4,284507,398,944,1457,-1.2638,1.1478,1.3858
-24.311,1281.4,-1093.4,-2.3277,1401.3,-935.15,5.2738e+05,418343,1,-94.848,-1553.4,1206.1,1578.1,-902.14,2207.8,-1372.9,-1623.5,84.782,4072.2,283938,398,944,1457,-1.2723,1.1478,1.3781
-32.981,1251,-1082.8,-2.5658,1382.4,-909.58,5.2816e+05,418341,1,-125.34,-1563.8,1191.4,1516.2,-952.99,2211.1,-1331.7,-1580.9,80.889,4031.8,283293,398,944,1457,-1.2807,1.1478,1.3702
-41.006,1221.1,-1072.6,-3.0735,1364,-884.74,5.2642e+05,418339,1,-194.01,-1615.4,1176.9,1353,-1081.6,2190.2,-1248.9,-1501.6,83.491,3956.1,281797,398,944,1457,-1.2891,1.1478,1.3623
-48.56,1193.1,-1063.2,-3.4968,1346.9,-861.42,5.2613e+05,418337,1,-269.24,-1667.4,1154.4,1176.6,-1190.6,2134.4,-1171.1,-1448.5,105.79,3876,279747,398,944,1457,-1.2974,1.1478,1.3544
-54.91,1167.6,-1054.8,-3.8005,1331.2,-840.69,5.2314e+05,418335,1,-335.4,-1681.2,1107.4,987.11,-1260.3,2030.2,-1108.5,-1418.5,134.32,3756.2,266527,398,944,1457,-1.3057,1.1478,1.3464
-60.198,1144.6,-1047,-3.8402,1316.6,-822.42,5.2006e+05,418333,1,-371.82,-1654.6,1056.2,819.56,-1294.5,1916.9,-1035.4,-1380.4,168.62,3608.2,263716,398,944,1457,-1.314,1.1478,1.3384
-66.03,1123.4,-1040.6,-3.4519,1304.2,-805.02,5.2139e+05,418331,1,-308.13,-1617.9,1086.5,726.01,-1350.9,1883.9,-955.57,-1367.5,227.53,3553.8,262506,398,944,1457,-1.3222,1.1478,1.3303
-72.192,1102.7,-1035.1,-3.091,1293.1,-787.76,5.2265e+05,418329,1,-302.16,-1561.9,1055.1,700.09,-1271.5,1810.4,-903.68,-1339.9,256.58,3421.4,258832,398,944,1457,-1.3303,1.1478,1.3222
-78.844,1082.4,-1030.3,-2.7168,1282.9,-770.3,5.2519e+05,418327,1,-233.17,-1513.7,1081.7,696.97,-1247.5,1796.8,-861.35,-1367.1,314.01,3390.5,257918,398,944,1457,-1.3384,1.1478,1.314
-85.728,1062.8,-1026.5,-2.2975,1274.1,-753.22,5.2814e+05,418325,1,-234,-1457.6,1040.1,652.09,-1141.5,1675.9,-813.45,-1371.4,366.44,3236.5,253024,398,944,1457,-1.3464,1.1478,1.3057
-92.428,1044.6,-1023.6,-1.797,1266.6,-737.18,5.2983e+05,418323,1,-235.97,-1397.3,990.88,600.03,-1048.9,1554.3,-772.38,-1378.3,414.5,3087.7,209725,398,944,1457,-1.3544,1.1478,1.2974
-98.892,1026.9,-1021.1,-1.295,1259.4,-721.66,5.3047e+05,418321,1,-195.16,-1297.1,948.34,665.85,-875.2,1483,-775.39,-1426.1,449.94,2977.6,207674,398,944,1457,-1.3623,1.1478,1.2891
-105.31,1009.4,-1018.8,-0.91489,1252.7,-706.16,5.334e+05,418319,1,-162.84,-1214.2,913.62,718.32,-735.57,1427.8,-776.94,-1448.9,466.85,2890,205107,398,944,1457,-1.3702,1.1478,1.2807
-111.7,991.65,-1016.7,-0.65816,1246.1,-690.49,5.3594e+05,418317,1,-160.79,-1169,879.2,746.63,-661.2,1402.9,-786.65,-1459.9,464.79,2845.1,203335,398,944,1457,-1.3781,1.1478,1.2723
-117.76,973.72,-1014.3,-0.49264,1239.1,-674.8,5.3674e+05,418315,1,-133.95,-1089.9,842.53,812.39,-540.49,1381.7,-807.29,-1475.2,454.07,2794.8,202451,398,1109,1458,-1.3858,1.1478,1.2638
-123.96,955.42,-1011.8,-0.36845,1232.1,-658.68,5.3808e+05,418313,1,-113.65,-1049.8,832.55,869.53,-467.63,1393.8,-832.6,-1496.5,441.49,2802.4,202583,398,1109,1458,-1.3936,1.1478,1.2553
-130.04,936.87,-1009.1,-0.26555,1224.9,-642.37,5.3785e+05,418311,1,-113.23,-990.99,785.47,879.4,-420.03,1374.2,-839.26,-1472.7,414.11,2737.6,201106,398,1109,1458,-1.4012,1.1478,1.2467
-136.04,917.86,-1006,-0.18669,1217.2,-625.68,5.3663e+05,418309,1,-94.073,-946.68,770.01,935.34,-355.67,1393.9,-869.09,-1482.5,384.83,2746.5,201396,398,1109,1458,-1.4089,1.1478,1.2381
-142.07,898.42,-1002.6,-0.11776,1209.2,-608.58,5.3634e+05,418307,1,-76.107,-894.53,746.76,979.5,-298.05,1406.6,-890.01,-1475.7,351.73,2735.7,201065,398,1109,1458,-1.4164,1.1478,1.2294
-147.87,878.63,-998.72,-0.053668,1200.7,-591.28,5.3253e+05,418305,1,-50.732,-878.38,766.42,1042.3,-264.27,1464.5,-921.63,-1484.6,320.32,2796.2,202491,398,942,1455,-1.424,1.1478,1.2207
-154.09,857.76,-994.24,0.051,1191.6,-572.8,5.2935e+05,418303,1,-9.5957,-891.03,832.8,1121.1,-249.87,1561.4,-950.56,-1507.6,304.76,2917.9,206230,398,942,1455,-1.4314,1.1478,1.2119
-162.36,834.53,-989.93,0.18974,1182.8,-551.14,5.1769e+05,418301,1,41.016,-972.52,976.97,1214.6,-279.11,1719.4,-977.7,-1571.3,329.46,3153.6,211090,398,942,1455,-1.4388,1.1478,1.2031
-171.93,809.5,-985.61,0.2936,1174,-527.19,5.2172e+05,418299,1,81.989,-1079.2,1138.2,1315.6,-311.72,1897,-1021.1,-1664.1,362,3440.5,259274,398,942,1455,-1.4462,1.1478,1.1943
-183.04,782.42,-981.3,0.3867,1165.3,-500.61,5.2141e+05,418297,1,135.97,-1139.9,1270.9,1395.6,-334.8,2036.2,-1032.3,-1711.8,391.62,3645.3,264423,398,942,1455,-1.4535,1.1478,1.1854
-196.58,752.88,-977.58,0.54142,1157.5,-470.54,5.1945e+05,418295,1,197.56,-1335.8,1549.6,1487.5,-469.65,2306.5,-1039.9,-1820.9,485.4,4075.6,283984,398,942,1455,-1.4607,1.1478,1.1765
-212.42,721.06,-974.72,0.66131,1150.7,-437.19,5.2048e+05,418293,1,238.82,-1710.4,1988.6,1539.5,-762.5,2692.3,-1031.7,-2009,681.28,4764.6,291763,398,942,1455,-1.4679,1.1478,1.1675
-232.5,684.98,-973.34,0.72624,1145.6,-397.82,5.1957e+05,418291,1,169.79,-1876.9,2073.4,1578.5,-805.03,2808.1,-1142.1,-2169,690.21,5036,294468,398,942,1455,-1.4751,1.1478,1.1584
-255.41,645.82,-972.93,0.70549,1141.7,-354.23,5.2141e+05,418289,1,237.02,-2287.7,2591.3,1667.9,-1129.5,3280.7,-1131.9,-2393.8,930.51,5890.9,302474,398,942,1455,-1.4821,1.1478,1.1494
-282.6,601.95,-973.96,0.5321,1139.4,-304.25,5.2095e+05,418287,1,177.89,-2490.4,2740.5,1659.7,-1261.3,3436.1,-1185.4,-2541.9,1013.5,6228.2,306183,398,942,1455,-1.4892,1.1478,1.1403
-307.71,559.25,-974.01,0.25937,1136,-256.42,5.2294e+05,418285,1,68.325,-2522.9,2652,1668.1,-1196.7,3420.4,-1323.3,-2652.5,943.77,6244.5,306350,398,942,1455,-1.4961,1.1478,1.1311
-331.55,516.2,-972.36,-0.038705,1130.6,-209.04,5.2241e+05,418283,1,13.148,-2537.7,2608.9,1759.3,-1105.4,3486.9,-1477.7,-2761.2,838.59,6342.9,307306,398,942,1455,-1.503,1.1478,1.1219
-356.33,470.69,-969.62,-0.26445,1124,-159.07,5.2224e+05,418281,1,-50.086,-2586.8,2606.8,1751.6,-1105.6,3520.5,-1553,-2824.2,812.41,6420.4,308217,398,942,1455,-1.5099,1.1478,1.1126
-379.86,425.43,-965.61,-0.45521,1116.1,-110.02,5.2299e+05,418279,1,-15.598,-2485.4,2558.5,1851.9,-974.89,3557.7,-1599.8,-2815.6,723.39,6385.2,307829,398,942,1455,-1.5167,1.1478,1.1034
34.228,1707.6,-1316.5,-1.5678,1775.2,-1224.4,5.3878e+05,416961,1,-468.44,-2447.3,1559.4,1838.6,-926.75,2154.2,-1883.1,-2421,440.97,5207.9,295941,398,937,1454,-1.145,1.1593,1.4765
27.19,1675.3,-1302.5,-1.5192,1749.5,-1201.2,5.4126e+05,416959,1,-426.4,-2339.7,1511.8,1897.7,-816.83,2135.2,-1876.8,-2400.1,419.94,5121.4,295164,398,937,1454,-1.1541,1.1593,1.4695
20.506,1643.2,-1288.6,-1.5427,1724.1,-1178.3,5.4261e+05,416957,1,-461.96,-2266.9,1430.3,1866.1,-736.5,2068.2,-1874.8,-2383.9,399.18,5005.7,294191,398,937,1454,-1.1631,1.1593,1.4624
14.4,1611.4,-1274.6,-1.6566,1698.7,-1155.8,5.4284e+05,416955,1,-436.05,-2174.9,1380,1876.8,-677.24,2052.4,-1855.8,-2343,368.83,4907.9,293301,398,937,1454,-1.172,1.1593,1.4552
8.6258,1580,-1260.6,-1.742,1673.5,-1133.6,5.4173e+05,416953,1,-496.03,-2175.9,1341.8,1857.8,-655.39,2040.9,-1894.5,-2356.3,345.98,4908,293302,398,936,1453,-1.1809,1.1593,1.448
3.0727,1548.8,-1246.4,-1.8163,1648.3,-1111.4,5.3969e+05,416951,1,-444.49,-2080.7,1304.7,1839.9,-662.75,2049.7,-1848.3,-2281.7,308.32,4793,292213,398,936,1453,-1.1898,1.1593,1.4407
-2.1166,1517.6,-1232.1,-1.9221,1623,-1089.4,5.367e+05,416949,1,-499.18,-2035.6,1230.4,1830.8,-657.46,2061.5,-1883.9,-2248.4,245.79,4754.5,291674,398,936,1453,-1.1986,1.1593,1.4334
-6.671,1486.4,-1217.3,-2.1292,1597.3,-1067.6,5.3219e+05,416947,1,-462.5,-1926.6,1173.4,1795.1,-657.73,2055.4,-1838.2,-2152.6,191.27,4607.8,290211,398,936,1453,-1.2074,1.1593,1.426
-11.408,1455.5,-1202.5,-2.1523,1572,-1045.6,5.3168e+05,416945,1,-423.8,-1868.6,1163.9,1789.2,-647.19,2062.6,-1818.5,-2106.7,162.9,4546.6,289647,398,936,1453,-1.2161,1.1593,1.4186
-16.664,1424.4,-1188,-2.1417,1547.3,-1023.1,5.2507e+05,416943,1,-388.34,-1804,1145,1781.2,-645.07,2075.7,-1785.3,-2042.2,128.39,4470.8,288936,398,936,1453,-1.2248,1.1593,1.4111
-22.152,1393.1,-1173.6,-2.2231,1522.7,-999.95,5.243e+05,416941,1,-357.67,-1742.3,1124.7,1789.6,-647.4,2107,-1758.1,-1977.1,88.165,4415.6,288400,398,936,1453,-1.2334,1.1593,1.4035
-27.527,1361.7,-1159.1,-2.384,1498.2,-976.7,5.2321e+05,416939,1,-320.36,-1692.7,1119.2,1749.2,-674.3,2113.6,-1706.3,-1909.4,67.155,4331.7,287550,398,944,1457,-1.242,1.1593,1.396
-33.518,1330.7,-1145.1,-2.32,1474.7,-953.14,5.2246e+05,416937,1,-274.92,-1605.4,1096,1742.4,-652.07,2114.8,-1681.9,-1844.8,29.326,4245.1,286584,398,944,1457,-1.2506,1.1593,1.3883
-40.474,1299.8,-1131.8,-2.1659,1452.4,-928.79,5.2282e+05,416935,1,-163.72,-1536.5,1140.7,1710.3,-689.06,2137.8,-1563.6,-1750,43.599,4143.5,285188,398,944,1457,-1.259,1.1593,1.3806
-48.419,1268.7,-1119.3,-2.0552,1431.2,-903.47,5.2762e+05,416933,1,-95.136,-1497.5,1173.6,1674.1,-741.37,2169.7,-1449.9,-1657.3,57.985,4067.1,283853,398,944,1457,-1.2675,1.1593,1.3729
-56.869,1237.3,-1107.4,-2.1322,1410.8,-877.54,5.3116e+05,416931,1,-86.952,-1443.1,1145.5,1657.7,-703.23,2147.8,-1416.7,-1599.9,35.757,3978.1,282253,398,944,1457,-1.2759,1.1593,1.3651
-65.48,1206.6,-1096.3,-2.2506,1391.6,-851.82,5.3131e+05,416929,1,-85.634,-1443,1150.9,1591.1,-724.08,2122.7,-1334.7,-1548.3,59.98,3893.3,280177,398,944,1457,-1.2842,1.1593,1.3572
-73.581,1177.4,-1086.1,-2.4879,1373.6,-827.37,5.2977e+05,416927,1,-163.05,-1475.1,1108.6,1412.9,-784.93,2023.9,-1245.4,-1505.5,100.23,3737.3,266189,398,944,1457,-1.2925,1.1593,1.3493
-80.61,1150.6,-1077.1,-2.7651,1357.2,-805.36,5.2754e+05,416925,1,-216.11,-1426,1024.7,1313,-734.03,1907.5,-1195.8,-1477.4,120.5,3557.9,262615,398,944,1457,-1.3008,1.1593,1.3413
-86.351,1126.3,-1069.1,-3.0754,1342.1,-785.92,5.2515e+05,416923,1,-322.4,-1517.6,999.73,1041,-943.58,1838,-1090,-1414,158.38,3460,259786,398,944,1457,-1.309,1.1593,1.3333
-91.439,1103.9,-1061.9,-3.2572,1328.3,-768.23,5.2349e+05,416921,1,-310.92,-1489.8,991.85,907.83,-1011.7,1783.4,-1009.8,-1364.4,189.41,3353.4,256782,398,944,1457,-1.3172,1.1593,1.3253
-96.981,1083,-1055.9,-3.0897,1316.3,-751.27,5.2392e+05,416919,1,-283.06,-1411.7,958.25,834.69,-974.73,1695.8,-934.51,-1318.7,222.69,3189.9,216755,398,944,1457,-1.3253,1.1593,1.3172
-102.73,1063.2,-1051,-2.8029,1305.9,-734.97,5.2463e+05,416917,1,-256.31,-1367.8,949.4,732.85,-978.16,1611.1,-843.02,-1292.6,286.19,3064.5,209383,398,944,1457,-1.3333,1.1593,1.309
-108.43,1044.9,-1047.1,-2.4424,1297,-719.65,5.2644e+05,416915,1,-230.44,-1306.3,924.69,650.2,-941.72,1508.5,-764.03,-1287,357.41,2927.1,206545,398,944,1457,-1.3413,1.1593,1.3008
-113.83,1028.3,-1044.5,-2.0163,1289.7,-705.78,5.2883e+05,416913,1,-226.82,-1192.2,833.13,610.99,-823.31,1376.9,-719.29,-1273,391.63,2721.2,200847,398,944,1457,-1.3493,1.1593,1.2925
-118.71,1012.9,-1042.5,-1.5784,1283.1,-693.09,5.2867e+05,416911,1,-219.45,-1125.1,784.84,567.81,-772.16,1298.6,-687.45,-1274,424.62,2609.8,198943,398,944,1457,-1.3572,1.1593,1.2842
-123.74,997.5,-1040.6,-1.1288,1276.9,-680.23,5.3033e+05,416909,1,-178.71,-1088.8,796.78,630.72,-705.79,1316,-708.51,-1316.7,436.63,2628,199203,398,944,1457,-1.3651,1.1593,1.2759
-128.73,981.84,-1038.8,-0.76931,1270.7,-667.12,5.3128e+05,416907,1,-149.61,-1015.7,765.82,700.85,-589,1298.6,-733.45,-1342.7,431.29,2586.8,198550,398,944,1457,-1.3729,1.1593,1.2675
-133.95,965.45,-1036.7,-0.49886,1264.1,-653.24,5.3328e+05,416905,1,-138.86,-955.84,728.39,724.53,-523.91,1276.5,-735.14,-1330.8,420.56,2526,197514,398,1109,1458,-1.3806,1.1593,1.259
-139.34,948.26,-1034.3,-0.32916,1257.2,-638.56,5.3514e+05,416903,1,-105.72,-896.04,712.78,812.38,-425.91,1296.6,-771.71,-1353.9,397.92,2536.1,197715,398,1109,1458,-1.3883,1.1593,1.2506
-144.57,930.75,-1031.6,-0.21432,1250,-623.68,5.3586e+05,416901,1,-80.99,-819.67,674.18,879.17,-331.78,1300.1,-802.28,-1353.8,360.95,2512.5,197147,398,1109,1458,-1.396,1.1593,1.242
-149.81,912.66,-1028.5,-0.11814,1242.2,-608.27,5.3676e+05,416899,1,-70.739,-778.06,650.13,914.16,-285.09,1308,-823.74,-1349.5,330.49,2503.9,196570,398,1109,1458,-1.4035,1.1593,1.2334
-154.69,894.38,-1024.8,-0.037266,1233.9,-592.88,5.323e+05,416897,1,-46.88,-757.02,661.19,965.53,-251.88,1349.6,-845.33,-1354.4,306.51,2544.1,197851,398,942,1455,-1.4111,1.1593,1.2248
-160.29,874.96,-1020.9,0.063698,1225.4,-576.08,5.2834e+05,416895,1,35.616,-755.28,763.45,1056.9,-253.93,1476,-840.83,-1346,305,2669.5,199900,398,942,1455,-1.4186,1.1593,1.2161
-167.88,853.39,-1017.3,0.19406,1217.3,-556.29,5.2082e+05,416893,1,74.54,-843.56,897.95,1139.3,-290.64,1626.4,-874.4,-1410.7,319.88,2899.7,205281,398,942,1455,-1.426,1.1593,1.2074
-177.48,829.66,-1014,0.36417,1209.7,-533.49,5.1937e+05,416891,1,163.62,-893.88,1062.3,1234.3,-332.35,1800.6,-856.72,-1426.9,356.69,3118.9,210454,398,942,1455,-1.4334,1.1593,1.1986
-188.24,804.3,-1010.8,0.4352,1202.2,-508.62,5.1931e+05,416889,1,171.33,-964.13,1144.8,1295.1,-346.91,1904.4,-898.93,-1493.3,364.28,3296.2,254781,398,942,1455,-1.4407,1.1593,1.1898
-201.13,776.41,-1007.8,0.53442,1195,-480.4,5.1844e+05,416887,1,290.64,-1162,1498,1443.9,-514.23,2277,-896.06,-1570.9,442.94,3831.4,269712,398,942,1455,-1.448,1.1593,1.1809
-217.78,744.48,-1005.6,0.62717,1188.9,-446.61,5.1741e+05,416885,1,376.59,-1436.3,1890.2,1533.3,-754.79,2653.1,-865.71,-1675.7,582.39,4431,288542,398,942,1455,-1.4552,1.1593,1.172
-240.3,706.97,-1005.7,0.56597,1185.4,-404.74,5.1524e+05,416883,1,454.81,-1779.2,2343.4,1607.3,-1051.1,3065.4,-828.44,-1811.4,763.57,5147.8,295383,398,942,1455,-1.4624,1.1593,1.1631
-266.51,666.5,-1008,0.45038,1184.5,-358.21,5.1545e+05,416881,1,316.15,-2444.3,2859.9,1502.1,-1520.8,3442.7,-877.4,-2193.9,1086.8,6118.8,305104,398,942,1455,-1.4695,1.1593,1.1541
-296.36,622.39,-1012,0.16488,1185.5,-306.53,5.1612e+05,416879,1,127.76,-2769.8,2973.8,1482.2,-1574.3,3511.7,-1070.1,-2561,1213.7,6535.7,309197,398,942,1455,-1.4765,1.1593,1.145
-323.03,580.67,-1014.6,-0.062192,1184.9,-258.64,5.1799e+05,416877,1,26.758,-2724.7,2815.1,1525.6,-1417.8,3441.9,-1234.3,-2671.5,1111.1,6436.5,308366,398,942,1455,-1.4835,1.1593,1.136
-348.41,538.73,-1015.8,-0.33918,1182.7,-211.35,5.1962e+05,416875,1,-40.769,-2805.1,2835.1,1534.6,-1365.4,3433.8,-1311,-2802.3,1153.3,6543.7,309246,398,942,1455,-1.4905,1.1593,1.1268
-374.5,495.05,-1016.3,-0.54426,1179.8,-162.19,5.2025e+05,416873,1,-95.673,-2721.3,2694.6,1627.3,-1199.1,3423.3,-1471.9,-2862.2,997.09,6467.8,308622,398,942,1455,-1.4974,1.1593,1.1177
-3.8366,1720.2,-1370.8,-3.4877,1848.1,-1192.8,5.3697e+05,415557,1,-887.53,-3202.1,1856.8,1617.1,-1367.6,2323.3,-2043.4,-2688,561.93,6007.4,303967,398,937,1454,-1.1316,1.1707,1.4779
-8.3886,1690.3,-1356.3,-2.976,1821.9,-1173.6,5.3767e+05,415555,1,-1000.8,-3267,1830.2,1503.7,-1380.4,2265.5,-2065.9,-2738.5,582.66,6035.8,304236,398,937,1454,-1.1407,1.1707,1.4709
-12.885,1660.8,-1342,-2.4855,1796.3,-1154.4,5.3799e+05,415553,1,-858.65,-2899.8,1646.8,1587.5,-1130.7,2152.2,-2022.9,-2648.2,530.14,5628,299876,398,937,1454,-1.1497,1.1707,1.4639
-17.489,1631.1,-1327.8,-2.078,1770.8,-1134.9,5.3788e+05,415551,1,-731.21,-2678.3,1572.4,1682.2,-945.77,2099,-1997.8,-2604.4,504.85,5416.6,298013,398,937,1454,-1.1586,1.1707,1.4568
-22.17,1600.9,-1313.5,-1.8602,1745.2,-1114.7,5.3865e+05,415549,1,-712.78,-2515.2,1458.3,1732.7,-811.49,2051.6,-2006.3,-2555.2,448.33,5252.3,296308,398,936,1453,-1.1675,1.1707,1.4496
-26.889,1570,-1298.9,-1.8325,1719.4,-1093.9,5.3874e+05,415547,1,-664.46,-2378.5,1391.9,1813.3,-703.09,2052.7,-2016.7,-2509.3,393.85,5152.8,295419,398,936,1453,-1.1764,1.1707,1.4425
-31.37,1538.6,-1284,-1.9715,1693,-1072.6,5.3958e+05,415545,1,-584.89,-2238.8,1339.5,1851.9,-654.5,2062.1,-1968.4,-2416.4,341.38,5008.8,294224,398,936,1453,-1.1852,1.1707,1.4352
-35.309,1507.2,-1268.6,-2.1817,1666.3,-1051.5,5.3976e+05,415543,1,-678.06,-2233.1,1266.7,1831.7,-648.61,2062,-2036.7,-2419.6,285.02,5016.2,294292,398,936,1453,-1.194,1.1707,1.4279
-38.447,1476.1,-1252.7,-2.3817,1639.1,-1030.9,5.3871e+05,415541,1,-678.28,-2126.4,1180,1805.3,-628.87,2045.5,-2028.7,-2347.3,219.85,4887.4,293090,398,936,1453,-1.2028,1.1707,1.4206
-41.473,1445.6,-1236.8,-2.3627,1612.4,-1010.7,5.3732e+05,415539,1,-535.21,-1957.6,1159.8,1784.7,-618.68,2041.3,-1925.3,-2217.1,182.56,4674.9,290882,398,936,1453,-1.2115,1.1707,1.4132
-45.409,1415,-1221.2,-2.1673,1586.3,-989.57,5.332e+05,415537,1,-550.91,-1907.6,1113.1,1789.8,-606.88,2057.6,-1958.5,-2190.6,128.71,4651.6,290610,398,936,1453,-1.2201,1.1707,1.4057
-49.698,1383.9,-1205.7,-2.1141,1560.5,-967.64,5.3049e+05,415535,1,-458.11,-1773.3,1082.5,1809.5,-602.35,2094.7,-1889.5,-2066.4,69.99,4516.2,289315,398,944,1457,-1.2287,1.1707,1.3982
-54.123,1352.5,-1190.2,-2.1647,1534.7,-945.2,5.2885e+05,415533,1,-383.34,-1677.5,1069.9,1788.8,-605.91,2103.3,-1809.5,-1962.3,39.053,4384.4,288072,398,944,1457,-1.2373,1.1707,1.3906
-58.86,1321.2,-1174.9,-2.1616,1509.5,-922.51,5.2651e+05,415531,1,-373.35,-1638.5,1052.7,1772.3,-637.07,2134.3,-1807,-1918.2,-0.24659,4356.5,287788,398,944,1457,-1.2458,1.1707,1.383
-64.595,1290.2,-1160.3,-1.9966,1485.5,-899.07,5.2541e+05,415529,1,-271.67,-1558.3,1078.2,1741.4,-654.98,2142.1,-1707.7,-1829,1.4756,4239.8,286520,398,944,1457,-1.2542,1.1707,1.3753
-71.29,1259.1,-1146.5,-1.7947,1462.7,-874.81,5.2752e+05,415527,1,-163.89,-1450.1,1090.2,1715.2,-666.12,2154.1,-1593.5,-1710,-7.2359,4099.7,284363,398,944,1457,-1.2626,1.1707,1.3676
-78.84,1228.2,-1133.6,-1.5453,1441.2,-849.97,5.3354e+05,415525,1,-101.38,-1371.5,1088.1,1652.2,-674.74,2128.6,-1493.6,-1621.2,0.62681,3956,281793,398,944,1457,-1.271,1.1707,1.3598
-86.824,1198.1,-1121.7,-1.2929,1421.3,-825.29,5.3612e+05,415523,1,-65.16,-1342.3,1097.9,1618.7,-602.73,2052.7,-1387.9,-1593.6,63.599,3831.2,269708,398,944,1457,-1.2793,1.1707,1.352
-94.749,1169.4,-1111.1,-1.1091,1403.1,-801.52,5.3678e+05,415521,1,-113.72,-1293.6,1018.9,1488,-654.2,1997.7,-1320.9,-1523.4,62.26,3664.3,264759,398,944,1457,-1.2876,1.1707,1.3441
-101.68,1141.9,-1101.3,-1.332,1385.6,-779.16,5.3292e+05,415519,1,-153.37,-1270.3,963.68,1398.4,-667.61,1941.6,-1246.9,-1469.2,77.871,3529.3,261906,398,944,1457,-1.2958,1.1707,1.3362
-107.56,1115.6,-1091.9,-1.8146,1368.7,-758.3,5.3228e+05,415517,1,-220.02,-1249.9,885.01,1223.7,-741.6,1855,-1167.2,-1379,69.333,3339.3,256371,398,944,1457,-1.304,1.1707,1.3282
-112.72,1091.5,-1083.5,-2.1323,1353.3,-739.42,5.3107e+05,415515,1,-231.1,-1240.1,868.27,1031.4,-801.83,1736.4,-1028.3,-1296.2,125.3,3133.7,210699,398,944,1457,-1.3121,1.1707,1.3202
-117.61,1070.2,-1076.6,-2.0528,1340.1,-722.69,5.2794e+05,415513,1,-224.99,-1171.4,818.22,892.95,-799.03,1611,-936.22,-1240.5,164.92,2926.8,206533,398,944,1457,-1.3202,1.1707,1.3121
-122.43,1051.1,-1071.3,-1.7437,1329.3,-707.59,5.2478e+05,415511,1,-213.87,-1072.2,746.18,765.91,-753.84,1458.1,-828.92,-1187.4,223.97,2679.6,200088,398,944,1457,-1.3282,1.1707,1.304
-126.85,1033.7,-1067.2,-1.4825,1319.8,-693.88,5.2225e+05,415509,1,-198.32,-1064.3,755.58,714.83,-702.04,1371.3,-754.02,-1203.9,308.71,2596.2,198734,398,944,1457,-1.3362,1.1707,1.2958
-131.15,1017.1,-1064,-1.3347,1311.6,-680.87,5.25e+05,415507,1,-189.23,-974.8,689.71,656.03,-658.16,1284.8,-689.01,-1168.6,344.42,2436.2,192446,398,944,1457,-1.3441,1.1707,1.2876
-135.54,1001.6,-1061.9,-1.1824,1304.7,-668.5,5.2963e+05,415505,1,-183.54,-986.92,706.92,612.92,-663,1252,-653.21,-1180.9,388.74,2421.2,191204,398,944,1457,-1.352,1.1707,1.2793
-139.77,986.82,-1060.2,-1.0118,1298.6,-656.66,5.3231e+05,415503,1,-174.56,-931.1,669.7,589.9,-625.76,1205.2,-634.68,-1172.6,400.93,2340.2,169999,398,944,1457,-1.3598,1.1707,1.271
-143.9,972.42,-1058.8,-0.75899,1292.7,-645.15,5.3344e+05,415501,1,-149.36,-867.71,642.25,623.19,-541.87,1177.2,-646.5,-1195.4,407.73,2295.4,143425,398,1109,1458,-1.3676,1.1707,1.2626
-148.14,957.61,-1057.1,-0.48713,1286.7,-633.18,5.3408e+05,415499,1,-115.6,-814.1,632.1,711.1,-446.12,1197,-692.92,-1233.9,389.69,2316.8,169268,398,1109,1458,-1.3753,1.1707,1.2542
-152.33,942.05,-1054.9,-0.27718,1280,-620.6,5.3384e+05,415497,1,-108.29,-746.85,581.99,740.7,-377.68,1176.6,-707.36,-1220.2,362.64,2259.3,142384,398,1109,1458,-1.383,1.1707,1.2458
-156.71,925.63,-1052.2,-0.12801,1272.7,-607.18,5.3616e+05,415495,1,-82.818,-693.5,562.96,818.55,-301.6,1204.5,-749.03,-1233.4,326.01,2281.5,143126,398,1109,1458,-1.3906,1.1707,1.2373
-160.74,908.81,-1048.9,-0.036064,1264.7,-593.61,5.3204e+05,415493,1,-48.699,-671.5,582.73,903.9,-247.32,1263.8,-790.38,-1259.1,297.28,2359.4,181693,398,942,1455,-1.3982,1.1707,1.2287
-165.56,890.77,-1045.3,0.059081,1256.6,-578.53,5.2975e+05,415491,1,6.1413,-662.16,642.42,975.44,-236.24,1350.8,-798.36,-1256.8,285.78,2445.8,193034,398,942,1455,-1.4057,1.1707,1.2201
-172.08,870.77,-1041.9,0.15739,1248.6,-560.77,5.2306e+05,415489,1,94.826,-688.17,776.01,1074.4,-261,1504.5,-793.06,-1260.9,295.07,2622.3,199107,398,942,1455,-1.4132,1.1707,1.2115
-180.6,848.51,-1038.7,0.27966,1240.9,-539.95,5.2257e+05,415487,1,167.6,-712.41,891.48,1162.9,-292.73,1657.7,-794.08,-1257.3,286.87,2794.6,202449,398,942,1455,-1.4206,1.1707,1.2028
-190.65,824.43,-1035.6,0.40179,1233.5,-516.67,5.2225e+05,415485,1,242.23,-749.25,1022.3,1246.8,-314.21,1797.1,-784.03,-1278.1,313.59,2982.4,207752,398,942,1455,-1.4279,1.1707,1.194
-202.64,798.13,-1032.8,0.4824,1226.5,-490.39,5.1996e+05,415483,1,377.45,-816.83,1264,1398.7,-404.78,2094.4,-761.6,-1256.8,318.42,3342.9,256468,398,942,1455,-1.4352,1.1707,1.1852
-218.68,767.42,-1030.9,0.52394,1220.5,-458.06,5.1916e+05,415481,1,730.05,-1099.5,1995.1,1726.1,-715.63,2836,-631.42,-1254.7,475.61,4410.9,288347,398,942,1455,-1.4425,1.1707,1.1764
-242.21,728.88,-1030.8,0.42336,1216.7,-414.89,5.2059e+05,415479,1,602.29,-1584.1,2334.2,1645.4,-1092.6,3138.3,-676.12,-1478.4,639.06,5012.2,294258,398,942,1455,-1.4496,1.1707,1.1675
-274.42,682.88,-1034.4,0.33628,1217.3,-360.4,5.2283e+05,415477,1,802.56,-2489.9,3524.3,1774.3,-1783.4,4032.5,-514.37,-1825.6,1196.9,6847.2,310994,398,942,1455,-1.4568,1.1707,1.1586
-312.76,633.42,-1043.1,0.062475,1223.7,-299.34,5.2287e+05,415475,1,345.57,-3181.8,3686.8,1365.8,-1899.1,3674.3,-565.13,-2477.7,1810.4,7248.8,312985,398,942,1455,-1.4639,1.1707,1.1497
-343.43,593.89,-1052.3,0.022852,1230.9,-250.8,5.25e+05,415473,1,-62.985,-3160.5,3163.2,1264.6,-1594.3,3263.9,-999.84,-2853.2,1642.2,6828.6,310902,398,942,1455,-1.4709,1.1707,1.1407
-370.35,555.98,-1059.1,-0.12221,1235.1,-205.84,5.2574e+05,415471,1,-176.75,-3045.4,2918.4,1418.1,-1283.5,3178.6,-1310.9,-3068.7,1461.8,6697.6,310220,398,942,1455,-1.4779,1.1707,1.1316
-395.48,517.33,-1063,-0.20052,1236.1,-161.37,5.2585e+05,415469,1,-175.4,-2922.3,2813.7,1586.7,-1045.9,3190.3,-1489.8,-3166.6,1328.5,6655,309995,398,942,1455,-1.4848,1.1707,1.1225
-64.843,1693.9,-1417.6,-5.2019,1903.7,-1122,5.3755e+05,414155,1,-1508.8,-4203.8,2219.5,1414.9,-1699.2,2448.1,-2307.2,-3153.2,763.57,7183.7,312643,398,937,1454,-1.1272,1.1821,1.4721
-65.546,1665.7,-1402.3,-5.0271,1876.1,-1107,5.3745e+05,414153,1,-1564.7,-4018.7,2031.8,1265.8,-1656.3,2321.9,-2284.8,-3108,735.37,6919.8,311324,398,937,1454,-1.1362,1.1821,1.4652
-65.149,1639.2,-1387,-4.6264,1848.9,-1093.8,5.366e+05,414151,1,-1534.4,-3835.1,1907.1,1192.9,-1594.1,2230.4,-2261.8,-3054.2,700.9,6676.3,310107,398,937,1454,-1.1452,1.1821,1.4582
-64.891,1613,-1371.6,-3.9907,1822.1,-1080.4,5.3581e+05,414149,1,-1344,-3491.8,1776.4,1316,-1404,2189.9,-2223.4,-2949.4,634.09,6300.7,306908,398,936,1453,-1.1541,1.1821,1.4511
-65.427,1586,-1356.1,-3.3343,1795.3,-1065.7,5.3585e+05,414147,1,-1411.8,-3334.5,1601.3,1286,-1308.6,2111,-2291.2,-2932.1,561.29,6136.8,305275,398,936,1453,-1.163,1.1821,1.444
-67.093,1557.5,-1340.4,-2.8252,1768.3,-1048.8,5.365e+05,414145,1,-969.26,-2848.2,1551.2,1611,-987.48,2124.2,-2167.1,-2751.7,495.32,5661.6,300140,398,936,1453,-1.1718,1.1821,1.4369
-69.567,1527.7,-1324.5,-2.494,1741.1,-1030.4,5.3706e+05,414143,1,-966.72,-2670.5,1411.3,1667.7,-848.27,2079.7,-2196.3,-2687.7,409.31,5486.3,298639,398,936,1453,-1.1806,1.1821,1.4296
-72.05,1497.1,-1308.2,-2.4386,1713.4,-1011.1,5.3741e+05,414141,1,-838.4,-2429.8,1316.7,1781.6,-706.98,2079.4,-2152.2,-2566.5,329.96,5259.9,296383,398,936,1453,-1.1894,1.1821,1.4224
-73.759,1466.4,-1291.5,-2.5977,1685.1,-992.03,5.3835e+05,414139,1,-940.33,-2409.9,1220.6,1751,-708.02,2073.2,-2220.5,-2558.1,261.67,5252.6,296313,398,936,1453,-1.1981,1.1821,1.415
-74.701,1435.8,-1274.1,-2.8212,1656.2,-973.4,5.3739e+05,414137,1,-840.42,-2187.4,1117.2,1759.4,-675.4,2075.8,-2167.1,-2399.7,157.83,5008,294216,398,936,1453,-1.2068,1.1821,1.4077
-76.106,1405.1,-1256.7,-2.7969,1627.6,-954.21,5.3692e+05,414135,1,-698.18,-1970.5,1058.4,1774.4,-680.18,2118.5,-2091.7,-2224.2,60.322,4787.1,292150,398,944,1457,-1.2154,1.1821,1.4002
-78.42,1374,-1239.4,-2.6912,1599.4,-933.85,5.327e+05,414133,1,-605.84,-1875.5,1060.1,1780.8,-691.4,2152.3,-2031,-2132.5,25.404,4686.5,290983,398,944,1457,-1.2239,1.1821,1.3928
-81.674,1342.4,-1222.4,-2.6154,1571.8,-912.25,5.2955e+05,414131,1,-544.06,-1781.5,1036.6,1786,-710.11,2195.5,-1979.3,-2021.5,-35.825,4589.5,290068,398,944,1457,-1.2325,1.1821,1.3852
-85.069,1310.4,-1205.4,-2.7642,1544.3,-890.11,5.2574e+05,414129,1,-437.12,-1661.8,1031.2,1753.9,-739.2,2215.8,-1864.9,-1887.1,-63.64,4426.2,288499,398,944,1457,-1.2409,1.1821,1.3776
-89.226,1278.6,-1189,-2.742,1517.9,-867.44,5.2496e+05,414127,1,-389.38,-1588.7,1017.9,1718.9,-823.42,2280.7,-1817,-1761.9,-135.79,4355.4,287780,398,944,1457,-1.2494,1.1821,1.37
-94.471,1247.3,-1173.6,-2.5449,1493.1,-844.16,5.26e+05,414125,1,-276.82,-1493.4,1042.8,1632.3,-909.57,2300.5,-1673.9,-1614.7,-143.82,4196.2,285925,398,944,1457,-1.2577,1.1821,1.3623
-100.92,1216.3,-1159.5,-2.2592,1470.1,-820.19,5.309e+05,414123,1,-176.82,-1432.5,1082.9,1578.8,-876.65,2238.3,-1539,-1576.3,-63.992,4047.7,283553,398,944,1457,-1.2661,1.1821,1.3546
-108.05,1186.4,-1146.8,-1.9894,1449.2,-796.31,5.3628e+05,414121,1,-152.86,-1370.9,1058.9,1485.7,-985.42,2272,-1431.9,-1444.1,-87.856,3938,281322,398,944,1457,-1.2744,1.1821,1.3468
-114.9,1157.4,-1135.2,-1.9681,1429.5,-773.21,5.3763e+05,414119,1,-165.63,-1314.2,1001.8,1339.8,-1066.2,2226.5,-1315.6,-1339.2,-78.828,3765.3,266767,398,944,1457,-1.2826,1.1821,1.3389
-121.1,1129.3,-1124,-2.1531,1410.4,-751.06,5.3932e+05,414117,1,-192.84,-1262.2,932.77,1269.2,-1073.6,2183.6,-1258,-1271.4,-92.061,3638.7,264319,398,935,1452,-1.2908,1.1821,1.331
-126.25,1102.4,-1113,-2.4488,1391.6,-730.35,5.3817e+05,414115,1,-274.21,-1202.8,807.78,1027.9,-1248.1,2127.9,-1160.3,-1070.6,-181.2,3441.2,259315,398,935,1452,-1.2989,1.1821,1.3231
-130.51,1078.3,-1103.1,-2.4688,1374.6,-712.22,5.3643e+05,414113,1,-240.6,-1103,751.42,902.35,-1060.7,1851.6,-1009.6,-1072.6,-41.551,3062.4,209353,398,935,1452,-1.307,1.1821,1.3151
-134.24,1057.4,-1095.2,-2.2522,1360.2,-696.66,5.3344e+05,414111,1,-217.71,-1032.4,713.89,753.2,-1001.1,1664.6,-867.48,-1024.8,51.761,2787.3,202328,398,935,1452,-1.3151,1.1821,1.307
-138.15,1039.1,-1089.4,-1.7983,1348.9,-682.86,5.3358e+05,414109,1,-228.35,-982.96,662.96,585.01,-1061.3,1563,-749.57,-941.29,94.073,2612.7,198985,398,935,1452,-1.3231,1.1821,1.2989
-141.95,1022.5,-1085.3,-1.4565,1339.5,-670.28,5.326e+05,414107,1,-200.64,-917.13,633.34,529.44,-950.78,1417.6,-658.28,-948.2,189.83,2417.6,190508,398,935,1452,-1.331,1.1821,1.2908
-145.77,1006.9,-1082.2,-1.1702,1331.4,-658.32,5.3164e+05,414105,1,-171.6,-879.75,629.87,576.3,-794.74,1332.7,-636.8,-1011.3,265.46,2332.1,169792,398,944,1457,-1.3389,1.1821,1.2826
-149.36,992.05,-1079.8,-0.98763,1324.3,-647.06,5.2981e+05,414103,1,-163.59,-822.79,590.03,510.92,-721.68,1210,-570.69,-1003.3,326.9,2176.5,140807,398,944,1457,-1.3468,1.1821,1.2744
-152.94,977.98,-1078.1,-0.76606,1318,-636.29,5.3125e+05,414101,1,-142.06,-778.74,574.19,558.57,-595.33,1154.2,-575.93,-1050.2,362.48,2126.2,139981,398,944,1457,-1.3546,1.1821,1.2661
-156.48,964.39,-1076.8,-0.5535,1312.4,-625.84,5.3411e+05,414099,1,-144.85,-726.31,526.13,524.6,-550.7,1085.8,-551.91,-1037.1,377.8,2026.2,124424,398,1109,1458,-1.3623,1.1821,1.2577
-159.87,950.8,-1075.5,-0.35406,1306.8,-615.43,5.3587e+05,414097,1,-116.42,-670.82,506.64,617.53,-422.21,1076.8,-603.19,-1089.9,369.26,2031.6,124502,398,1109,1458,-1.37,1.1821,1.2494
-163.24,936.59,-1073.7,-0.17815,1300.5,-604.48,5.3697e+05,414095,1,-84.977,-616.86,492.49,731.2,-315,1112.9,-671.26,-1132.1,331.06,2084.4,125087,398,1109,1458,-1.3776,1.1821,1.2409
-166.48,921.54,-1071.1,-0.057465,1293.3,-592.92,5.3361e+05,414093,1,-69.397,-561.28,460.71,771.42,-257.9,1113.8,-691.3,-1123.1,301.45,2065,124874,398,1109,1458,-1.3852,1.1821,1.2325
-170.39,905.21,-1068.1,0.045326,1285.7,-579.88,5.3175e+05,414091,1,-5.6046,-568.57,542.74,894.54,-230.17,1240.6,-736.66,-1155.2,277.08,2228,141827,398,942,1455,-1.3928,1.1821,1.2239
-175.64,886.98,-1064.8,0.12878,1277.8,-564.46,5.2666e+05,414089,1,80.758,-593.77,671.44,1017.8,-244.94,1413.9,-756.8,-1166.7,262.03,2430.6,192092,398,942,1455,-1.4002,1.1821,1.2154
-182.7,866.43,-1061.4,0.21595,1269.9,-546.02,5.271e+05,414087,1,155.4,-618.76,787.16,1111.6,-270.16,1563,-761.48,-1170.5,256.12,2606.5,198894,398,942,1455,-1.4077,1.1821,1.2068
-191.28,843.73,-1057.9,0.27456,1261.8,-524.89,5.2689e+05,414085,1,223.78,-583.88,840.23,1192.7,-271.79,1675.4,-760.93,-1126.7,214.44,2700.9,200462,398,942,1455,-1.415,1.1821,1.1981
-200.97,819.56,-1054.2,0.35745,1253.6,-501.85,5.2838e+05,414083,1,327.05,-537.44,924.92,1292.8,-261.15,1805.8,-739.24,-1073.7,182.49,2825.7,202944,398,942,1455,-1.4224,1.1821,1.1894
-213,792.78,-1050.7,0.53551,1245.8,-475.25,5.2984e+05,414081,1,642.44,-472.84,1251.7,1604.9,-242.65,2187.4,-663.93,-998.02,194.68,3331.2,256129,398,942,1455,-1.4296,1.1821,1.1806
-232.24,757.93,-1048,0.70063,1239,-437.76,5.3346e+05,414079,1,1072.3,-568.88,1886.9,2000.5,-373.57,2826.1,-532.6,-937.54,292.87,4290.8,287128,398,942,1455,-1.4369,1.1821,1.1718
-267.64,708.79,-1050.4,1.2636,1238.4,-378.92,5.4103e+05,414077,1,1765.5,-2047.8,4280.5,2414.2,-1284.6,4305,-66.766,-1508.9,1455.5,7486.3,314320,398,942,1455,-1.444,1.1821,1.163
-323.5,648.3,-1065.7,2.6826,1253.6,-298.33,5.4586e+05,414075,1,437.14,-3951.9,4605.8,1631,-1884.3,3982.5,-437.6,-2964.7,2495.7,8619.9,319806,398,942,1455,-1.4511,1.1821,1.1541
-366.68,604.5,-1085.5,2.8209,1273.2,-238.67,5.4847e+05,414073,1,158.59,-3743.9,4066.7,1427.1,-1355.6,3211,-750.68,-3529.2,2692.8,8064.4,317432,398,942,1455,-1.4582,1.1821,1.1452
-398.5,570.78,-1103.3,2.2777,1290,-194.01,5.4886e+05,414071,1,-320.64,-3529.3,3254.2,1211.1,-1092.4,2689.6,-1102.4,-3647.1,2374.5,7293.6,313298,398,942,1455,-1.4652,1.1821,1.1362
-142.03,1665.3,-1473.4,-6.1373,1971.7,-1037.7,5.3225e+05,412757,1,-2110.3,-5396.2,2778.5,1451.2,-1950,2695.2,-2664.6,-3762,1025,8761.8,320386,398,937,1454,-1.1228,1.1935,1.4663
-139.97,1636.3,-1456.6,-6.63,1941.5,-1024.4,5.2996e+05,412755,1,-2340.1,-5431,2633.7,1143.7,-2175.1,2667.2,-2650.7,-3712.5,985.36,8765.9,320433,398,937,1454,-1.1318,1.1935,1.4594
-135.65,1609.7,-1439.8,-6.9695,1911.5,-1014.2,5.3041e+05,412753,1,-2304.6,-5007.8,2304.3,913.16,-2159.1,2492.7,-2565.5,-3520.9,875.99,8194.7,318181,398,936,1453,-1.1407,1.1935,1.4525
-130.05,1585.3,-1422.8,-6.816,1882,-1006.2,5.3111e+05,412751,1,-2326.9,-4713,2044.3,795.47,-2106.4,2377,-2580.9,-3432.2,780.74,7847.1,316333,398,936,1453,-1.1496,1.1935,1.4454
-123.76,1561.6,-1405.1,-6.3657,1852.2,-998.86,5.3062e+05,412749,1,-2165.6,-4415.7,1924.3,837.27,-1956.5,2300.1,-2567.4,-3353.4,716.31,7487.3,314324,398,936,1453,-1.1584,1.1935,1.4383
-119.18,1537.9,-1387.6,-5.2431,1823.3,-990.09,5.317e+05,412747,1,-1844.3,-3911.6,1759.5,1045.3,-1613.1,2198.2,-2497.2,-3211.7,641.6,6876.6,311132,398,936,1453,-1.1672,1.1935,1.4312
-116.43,1512.1,-1370,-4.3014,1794.3,-978.35,5.325e+05,412745,1,-1856.3,-3596.9,1491.1,1116.9,-1325.3,2037.3,-2591.1,-3183.4,535.32,6549.5,309288,398,936,1453,-1.176,1.1935,1.424
-114.83,1483.8,-1351.8,-3.8248,1764.5,-963.84,5.3262e+05,412743,1,-1220.8,-2904.8,1422.3,1617.9,-900.58,2110.3,-2392.4,-2880.8,421.88,5833.8,301967,398,936,1453,-1.1847,1.1935,1.4168
-113.51,1454.4,-1333.3,-3.6414,1734,-948.11,5.3277e+05,412741,1,-1299.3,-2729.7,1213.5,1638.8,-786.06,2053.8,-2469.6,-2810.1,290.09,5675.7,300244,398,936,1453,-1.1934,1.1935,1.4095
-111.67,1424,-1313.8,-3.8365,1702.3,-931.82,5.3086e+05,412739,1,-1276.7,-2468.6,1012.1,1728.4,-638.04,2025.7,-2523.8,-2677.8,121.51,5459,298427,398,936,1453,-1.202,1.1935,1.4021
-109.99,1393.5,-1293.9,-3.8721,1670.5,-915.1,5.3201e+05,412737,1,-989.2,-2167.2,995.61,1809.4,-591.07,2075.6,-2366.5,-2442.1,35.654,5115,295080,398,944,1457,-1.2106,1.1935,1.3947
-109.73,1361.8,-1274,-3.8233,1638.9,-896.34,5.2845e+05,412735,1,-756.4,-1977,1032.6,1823.2,-636.92,2148,-2195.6,-2242.3,-4.0753,4872.3,292969,398,944,1457,-1.2191,1.1935,1.3873
-111.07,1330,-1254.9,-3.5693,1608.8,-876.17,5.2596e+05,412733,1,-736.78,-1851,949.33,1899.9,-542.94,2160.3,-2240.2,-2158.4,-121.43,4809.7,292398,398,944,1457,-1.2276,1.1935,1.3798
-113,1297.5,-1236,-3.5938,1578.9,-854.92,5.2463e+05,412731,1,-581.33,-1721.3,972,1851.2,-670.48,2251,-2057.5,-1951.4,-158.52,4610.4,290237,398,944,1457,-1.2361,1.1935,1.3722
-115.66,1264.3,-1217.3,-3.7631,1549.4,-832.48,5.2509e+05,412729,1,-506.43,-1630.3,964.05,1854.5,-693.93,2296.9,-1996.2,-1839,-211.52,4522.3,289367,398,944,1457,-1.2445,1.1935,1.3646
-119.24,1231.4,-1199.3,-3.8635,1521.1,-809.32,5.2514e+05,412727,1,-414.36,-1558,987.39,1794.4,-758.21,2318.2,-1890.5,-1724.4,-225.99,4397.9,288204,398,944,1457,-1.2528,1.1935,1.3569
-124.54,1199,-1183,-3.7117,1495.3,-785.26,5.2895e+05,412725,1,-270.82,-1438.2,1019,1690.9,-926.24,2398.8,-1688.2,-1484.8,-264.22,4216.1,286222,398,944,1457,-1.2611,1.1935,1.3492
-130.7,1166.7,-1168,-3.872,1471.1,-760.48,5.3344e+05,412723,1,-214.76,-1369.2,1014.6,1560.9,-1083.7,2440.2,-1507.8,-1298.3,-271.65,4068,283869,398,944,1457,-1.2694,1.1935,1.3415
-136.81,1135.3,-1154,-4.2261,1448.2,-736.23,5.3767e+05,412721,1,-225.36,-1329,973.06,1412.1,-1301.1,2516.4,-1393.1,-1097.1,-353.05,4006.5,282770,398,935,1452,-1.2776,1.1935,1.3337
-141.99,1105.4,-1140.5,-4.6503,1426,-713.59,5.3997e+05,412719,1,-296.97,-1267.7,853.43,1094.2,-1531.6,2443.3,-1211.5,-860.1,-403.04,3782.3,268863,398,935,1452,-1.2857,1.1935,1.3258
-145.94,1078.9,-1128.1,-4.67,1405.8,-694.08,5.3964e+05,412717,1,-364.29,-1196.1,726.7,819.24,-1614.7,2270.5,-1074.4,-711.29,-411.72,3515,261397,398,935,1452,-1.2938,1.1935,1.3179
-148.41,1055.8,-1117,-4.5598,1387.4,-677.95,5.382e+05,412715,1,-338.72,-1142.5,702.51,664.43,-1553.2,2072.1,-943.69,-729.35,-274.37,3249.4,253350,398,935,1452,-1.3019,1.1935,1.3099
-151.03,1036.2,-1108.5,-3.9862,1372.6,-664.22,5.3948e+05,412713,1,-315.28,-1035,630.58,482.45,-1492,1851.5,-773.37,-657.03,-176.73,2918.3,206242,398,935,1452,-1.3099,1.1935,1.3019
-153.38,1019.2,-1102.3,-3.4772,1360.7,-652.54,5.3781e+05,412711,1,-271.46,-906.44,560.59,299.02,-1439.6,1635.6,-570.17,-546.16,-77.699,2583.8,198517,398,935,1452,-1.3179,1.1935,1.2938
-156.25,1004.3,-1098.2,-2.8302,1351.7,-641.88,5.3862e+05,412709,1,-229.32,-835.85,540.28,210.3,-1332.4,1456.9,-440.5,-542.28,48.582,2340,169997,398,935,1452,-1.3258,1.1935,1.2857
-158.78,990.91,-1095.4,-2.2916,1344.2,-632.53,5.374e+05,412707,1,-186.09,-810.79,561.4,314.99,-1115.5,1369.4,-466.53,-696.17,160.95,2225.8,141788,398,935,1452,-1.3337,1.1935,1.2776
-161.96,978.45,-1093.9,-1.6133,1338.5,-623.37,5.3949e+05,412705,1,-188.34,-744.99,501.92,186.76,-1060.5,1196,-353.37,-644.26,232.02,2006.5,124204,398,944,1457,-1.3415,1.1935,1.2694
-164.61,967.04,-1093.2,-1.0977,1333.7,-615.28,5.3845e+05,412703,1,-163.87,-675.75,463.83,290.32,-795.39,1064,-391.82,-786.52,324.21,1850.6,121459,398,944,1457,-1.3492,1.1935,1.2611
-167.12,955.83,-1092.7,-0.6549,1329.2,-607.36,5.3784e+05,412701,1,-133.71,-592.9,419.98,409.89,-556.34,975.86,-450.05,-892.56,362.07,1762.4,113354,398,1109,1458,-1.3569,1.1935,1.2528
-169.56,944.15,-1092,-0.34864,1324.3,-599.06,5.3829e+05,412699,1,-116.69,-554.98,403.98,509.85,-446.48,987.66,-509.33,-941.58,343.82,1784.3,115159,398,1109,1458,-1.3646,1.1935,1.2445
-172.11,931.51,-1090.7,-0.12987,1318.7,-589.92,5.4214e+05,412697,1,-85.109,-479.53,368.1,616.74,-304.56,978.96,-568.92,-985.37,319.15,1789,115542,398,1109,1458,-1.3722,1.1935,1.2361
-174.74,917.83,-1088.6,0.024413,1312.2,-579.86,5.3671e+05,412695,1,-3.5324,-431.8,415.96,798.9,-200.19,1094.9,-644.51,-1024.1,270.24,1942.6,123133,398,942,1455,-1.3798,1.1935,1.2276
-178.71,901.74,-1085.9,0.1261,1304.9,-567.04,5.2844e+05,412693,1,70.987,-430.72,502.19,915.02,-189.59,1227.1,-671.83,-1031,244.17,2096.6,139249,398,942,1455,-1.3873,1.1935,1.2191
-184.35,883.25,-1082.8,0.21448,1297.2,-551.24,5.3145e+05,412691,1,137.71,-434.45,585.76,1019.3,-196.89,1366.1,-695.64,-1025.7,209.49,2252.7,142288,398,942,1455,-1.3947,1.1935,1.2106
-191.47,862.37,-1079.1,0.25089,1288.9,-532.59,5.3349e+05,412689,1,226.35,-418.7,679.17,1145.4,-208.64,1543.4,-714.36,-990.79,149.62,2437.2,192509,398,942,1455,-1.4021,1.1935,1.202
-199.58,839.64,-1074.9,0.2613,1280,-511.82,5.3581e+05,412687,1,293.47,-354.74,701.64,1228.7,-186.49,1640.7,-716.67,-929.58,81.703,2515,197233,398,942,1455,-1.4095,1.1935,1.1934
-207.97,816.05,-1070.2,0.30854,1270.5,-490.14,5.405e+05,412685,1,371.08,-290.87,736.1,1322.2,-146.53,1728.8,-727.54,-887.95,23.556,2615.6,199015,398,942,1455,-1.4168,1.1935,1.1847
-217.77,790.36,-1064.8,0.55236,1260.5,-465.87,5.4784e+05,412683,1,689.86,-195.46,1033.7,1636.7,-92.528,2075.3,-672.04,-800.39,-2.2917,3109.6,210292,398,942,1455,-1.424,1.1935,1.176
-238.47,753.29,-1059.9,1.4479,1251.5,-425.81,5.584e+05,412681,1,2328.8,-1002.5,3896.6,2763.1,-218.76,3618.1,-37.933,-1192.6,1182.2,6723.6,310355,398,942,1455,-1.4312,1.1935,1.1672
-298.56,688.06,-1070,5.0586,1261.9,-338.87,5.6757e+05,412679,1,2981.8,-3581.3,7422.7,3510.6,-438.38,4813,570.08,-3170.7,4003.1,11786,329537,398,942,1455,-1.4383,1.1935,1.1584
-404.16,614.25,-1120.3,13.372,1322.4,-216.33,5.7186e+05,412677,1,1438.3,-4209.1,6155.8,2418.7,-806.42,3854.6,129,-3819.4,4127.7,10520,326062,398,942,1455,-1.4454,1.1935,1.1496
-236.47,1665.7,-1555.9,-6.3402,2083.4,-954.33,5.3626e+05,411365,1,-2310.9,-6393.5,3493.6,1773.1,-2176.2,3123.9,-2994.3,-4294.8,1256.5,10249,325208,398,937,1454,-1.1093,1.2048,1.4673
-238.06,1629.4,-1537.7,-7.5393,2050.3,-934.03,5.3379e+05,411363,1,-2709.1,-6887.9,3616.6,1406.1,-2577.9,3207.3,-3010,-4406.6,1335.1,10818,327205,398,937,1454,-1.1183,1.2048,1.4605
-236.58,1596.7,-1519.9,-8.6753,2018,-918.14,5.3225e+05,411361,1,-2993.3,-6870.2,3377,1079.7,-2702.4,3077.8,-2994.9,-4340.1,1276.8,10721,326813,398,937,1454,-1.1273,1.2048,1.4536
-231.38,1567.5,-1501.9,-9.7384,1985.8,-907.14,5.3167e+05,411359,1,-3235.4,-6878.3,3192.1,785.54,-2765.3,2917.2,-3000,-4340.8,1263.3,10686,326677,398,936,1453,-1.1362,1.2048,1.4467
-221.15,1543,-1483.2,-10.57,1953.1,-902.64,5.3082e+05,411357,1,-3640.8,-6822.7,2824,358.91,-2703,2547.7,-3074.5,-4430.2,1269.5,10602,326356,398,936,1453,-1.145,1.2048,1.4397
-207.35,1523.1,-1463.9,-10.416,1920.7,-903.77,5.3065e+05,411355,1,-3386.2,-5954.1,2278.8,321.5,-2233.7,2134.8,-3041.5,-4250.3,1124.3,9504.8,323124,398,936,1453,-1.1538,1.2048,1.4326
-192.65,1506,-1444.3,-9.3053,1888.9,-907.14,5.3006e+05,411353,1,-3186.3,-5259.2,1849.6,488.13,-1511.9,1675.8,-3121.6,-4292.4,1084.3,8712.7,320158,398,936,1453,-1.1626,1.2048,1.4255
-179.41,1487.8,-1424,-7.758,1856.9,-908.5,5.3018e+05,411351,1,-2788.2,-4715,1707.4,897,-999.3,1587.1,-3172.3,-4248.8,994.2,8145.3,317855,398,936,1453,-1.1713,1.2048,1.4184
-168.67,1467.6,-1403.3,-6.0012,1824.8,-906.4,5.3222e+05,411349,1,-2449.7,-3926.4,1307.3,1268.9,-366.63,1370.8,-3168.3,-4068.2,828.66,7350.2,313602,398,936,1453,-1.18,1.2048,1.4111
-159.95,1442.5,-1381.4,-5.1248,1790.5,-899.24,5.33e+05,411347,1,-1890.2,-2997.5,972.13,1880.7,309.87,1324,-3143.9,-3761,567.64,6575.8,309464,398,936,1453,-1.1886,1.2048,1.4039
-152.57,1414.8,-1358.6,-4.6003,1755.1,-889.06,5.3312e+05,411345,1,-1581.8,-2603.7,890.64,2142.9,541.36,1363.9,-3075.9,-3576.7,453.1,6267.3,306593,398,936,1453,-1.1972,1.2048,1.3966
-145.92,1385.7,-1335.3,-4.3404,1719.1,-877.13,5.3466e+05,411343,1,-1421.7,-2327.1,785.44,2236.1,607.23,1404.4,-3031.7,-3371.3,299.52,6003.5,303929,398,944,1457,-1.2058,1.2048,1.3892
-142,1355.4,-1312.5,-3.7078,1684.2,-862.18,5.3719e+05,411341,1,-1036,-1895,741.63,2387.7,638.17,1535.9,-2837.5,-2991.9,118.72,5540.7,299119,398,944,1457,-1.2143,1.2048,1.3818
-140.84,1323.1,-1290.5,-3.3445,1650.5,-843.61,5.3558e+05,411339,1,-744.67,-1630.6,765.81,2427.7,602.14,1626.2,-2613.9,-2719.3,61.269,5189.5,295741,398,944,1457,-1.2227,1.2048,1.3743
-140.93,1290.1,-1269.3,-3.2329,1617.8,-823.48,5.3345e+05,411337,1,-657.02,-1515.8,744.27,2522,554.2,1776,-2593.8,-2559.4,-74.877,5137,295297,398,944,1457,-1.2311,1.2048,1.3667
-141.61,1256.3,-1248.1,-3.319,1585.1,-802.19,5.347e+05,411335,1,-528.01,-1475.6,822.59,2216.9,15.417,2004,-2261.5,-2138.8,-168.85,4667,290764,398,944,1457,-1.2395,1.2048,1.3592
-143.37,1221.8,-1227.1,-3.4657,1553,-779.4,5.3547e+05,411333,1,-390.42,-1208.2,716.89,2400.5,237.75,2001.5,-2286.2,-2027.7,-300.28,4623.8,290351,398,944,1457,-1.2478,1.2048,1.3515
-146.88,1187,-1207.3,-3.5785,1522.5,-754.96,5.3679e+05,411331,1,-223.37,-1127.8,801.03,2264.3,-25.538,2135.1,-2034.3,-1752.5,-328.67,4355.2,287776,398,944,1457,-1.2561,1.2048,1.3439
-152.04,1151.6,-1188.5,-3.8343,1493.5,-728.79,5.4164e+05,411329,1,-136.84,-1043.4,809.69,2198.3,-262.16,2312.4,-1877.5,-1464.2,-455.04,4229.3,286386,398,935,1452,-1.2643,1.2048,1.3361
-157.51,1115.4,-1170.2,-4.6652,1464.9,-701.67,5.4466e+05,411327,1,-106.31,-988.61,792.94,2009.2,-554.54,2423.2,-1659.8,-1159,-537.7,4027.5,283232,398,935,1452,-1.2725,1.2048,1.3283
-162.69,1081,-1153.1,-5.4519,1438,-675.85,5.4588e+05,411325,1,-174.03,-1007.9,748.09,1754.4,-817.15,2438,-1518.1,-958.82,-594.29,3856.4,279253,398,935,1452,-1.2806,1.2048,1.3205
-165.24,1051.6,-1137.6,-6.1275,1413.5,-655.32,5.4232e+05,411323,1,-301.48,-989.96,611.75,1274.7,-1214.6,2362.6,-1260.7,-631.16,-656.85,3542,262195,398,935,1452,-1.2887,1.2048,1.3126
-166.53,1027.7,-1124.8,-6.1159,1392.9,-639.56,5.4277e+05,411321,1,-381.79,-1016,555.72,603.02,-1607.5,2078.6,-878.54,-425.46,-481.15,3152.6,211077,398,935,1452,-1.2967,1.2048,1.3047
-166.8,1008.8,-1114.8,-5.7535,1376.2,-627.96,5.4127e+05,411319,1,-362.4,-829.12,406.03,364.25,-1625.3,1877.9,-662.53,-208.73,-473.1,2826.8,202961,398,935,1452,-1.3047,1.2048,1.2967
-167.61,993.17,-1107.8,-5.037,1363.6,-618.36,5.4077e+05,411317,1,-282.28,-766.38,428.36,122.6,-1652,1669.1,-408.4,-134.57,-290.92,2578.8,198441,398,935,1452,-1.3126,1.2048,1.2887
-169.23,979.93,-1103.7,-4.2266,1354.6,-609.85,5.4163e+05,411315,1,-214.2,-682.58,421.06,1.1865,-1580.7,1488.6,-229.25,-90.787,-151.5,2342.5,170046,398,925,1451,-1.3205,1.2048,1.2806
-171.37,969.05,-1102.1,-3.3393,1349,-602.67,5.434e+05,411313,1,-183.59,-655.56,427.69,-32.862,-1390.5,1281.3,-151.4,-225.17,53.838,2073.4,124969,398,925,1451,-1.3283,1.2048,1.2725
-172.99,960.34,-1102.2,-2.4736,1345.5,-597.37,5.4216e+05,411311,1,-169.7,-596.04,387.55,-18.815,-1176.1,1101,-142.1,-346.88,178.43,1817.2,118234,398,925,1451,-1.3361,1.2048,1.2643
-174.71,952.52,-1103.4,-1.6464,1343.2,-592.62,5.4347e+05,411309,1,-160.21,-510.06,318.38,-116.31,-1086.5,920.66,-29.929,-324.37,278.56,1616.3,13021,398,913,1450,-1.3439,1.2048,1.2561
-176.13,944.77,-1104.7,-1.009,1341,-588.05,5.4392e+05,411307,1,-147,-518.95,340.48,118.34,-837.45,935.46,-216.68,-559.59,303.71,1565.1,12760,398,944,1457,-1.3515,1.2048,1.2478
-177.7,936.45,-1105.8,-0.40496,1338.5,-582.91,5.4606e+05,411305,1,-135.98,-376.09,215.58,226.62,-516.38,750.89,-285.2,-678.13,345.04,1322.3,11504,398,1109,1458,-1.3592,1.2048,1.2395
-178.2,927.48,-1105.5,-0.041982,1334.2,-577.93,5.3615e+05,411303,1,-33.362,-184.57,143.02,531.31,-175.5,762.73,-436.59,-768.34,267.07,1342.7,11586,398,942,1455,-1.3668,1.2048,1.2311
-180.36,914.97,-1103.9,0.19297,1328.3,-569.13,5.3047e+05,411301,1,80.053,-191.75,277.39,773.83,-113.66,980.32,-531.5,-831.73,220.18,1647.9,13445,398,942,1455,-1.3743,1.2048,1.2227
-184.23,899.11,-1101.2,0.28578,1321,-556.62,5.3667e+05,411299,1,185.59,-140.68,349.26,954.05,-75.972,1159.8,-581.36,-803.56,134.02,1854.5,121564,398,942,1455,-1.3818,1.2048,1.2143
-189.66,880.5,-1097.7,0.32984,1312.8,-540.93,5.398e+05,411297,1,340.02,8.0972,382.39,1138.1,-31.965,1344,-582.56,-663.55,-9.3233,2035.8,124544,398,942,1455,-1.3892,1.2048,1.2058
-196.38,859.56,-1093.4,0.34826,1303.8,-522.57,5.432e+05,411295,1,417.49,24.914,459.83,1229.2,-42.034,1475.6,-576.02,-623.57,-46.351,2190.7,141149,398,942,1455,-1.3966,1.2048,1.1972
-203.67,837.15,-1088.4,0.35305,1293.9,-502.65,5.4803e+05,411293,1,437.33,92.383,419.42,1269.8,-4.3901,1500.1,-592.68,-568.39,-125.16,2220,141667,398,942,1455,-1.4039,1.2048,1.1886
-210.31,814.85,-1082.7,0.39112,1283.4,-483.16,5.5477e+05,411291,1,485.65,222.45,351.09,1339.3,116.98,1480.1,-608.37,-511.06,-208.03,2254.1,142305,398,942,1455,-1.4111,1.2048,1.18
-216.2,792.23,-1075.5,0.63297,1271.2,-463.84,5.6352e+05,411289,1,955.01,609.84,529.39,1807.2,495.11,1680.3,-574.31,-350.76,-336.22,2909.4,205491,398,942,1455,-1.4184,1.2048,1.1713
-235.69,756.55,-1068.3,2.4846,1260.1,-425.69,5.7774e+05,411287,1,5380.1,-576.86,7234,3320.7,1024.4,3010.2,1931.5,-1453.2,3905.2,11128,328166,398,942,1455,-1.4255,1.2048,1.1626
-375.18,685.22,-1133.4,25.148,1346.9,-282.96,5.8187e+05,411285,1,3673.4,-4625.4,9385.1,4093,922.68,4103.9,944.4,-4505.6,5886.1,14603,333399,398,942,1455,-1.4326,1.2048,1.1538
-355.91,1624.3,-1632.5,-7.927,2177.9,-828.85,5.3673e+05,409975,1,-2870.5,-8262.3,4702.8,1864.2,-2995.8,3899.2,-3432.3,-5065.1,1619.1,12897,331215,398,937,1454,-1.1049,1.216,1.4614
-360.5,1584.1,-1613.9,-9.0092,2144.1,-804.08,5.3433e+05,409973,1,-3356.8,-9079,5041.4,1230,-3551.4,3918.7,-3331.1,-5274.5,1871.2,13821,332498,398,937,1454,-1.1138,1.216,1.4546
-361.63,1549.1,-1596.7,-9.8977,2112.7,-785.16,5.3282e+05,409971,1,-3699.3,-8762,4489.9,796.88,-3202.6,3307.5,-3271.3,-5291.1,1906.3,13220,331635,398,936,1453,-1.1227,1.216,1.4477
-357.7,1519.5,-1579.8,-10.809,2081.9,-773.23,5.3207e+05,409969,1,-4325.8,-9051.7,4247.3,405.13,-2854.5,2727.8,-3433.6,-5748.9,2159.1,13562,332149,398,936,1453,-1.1316,1.216,1.4408
-345.5,1496.8,-1562.3,-11.812,2050.5,-771.85,5.3237e+05,409967,1,-4884.1,-9064.8,3809.6,170.89,-2470.4,2226.8,-3703,-6043.1,2186.6,13662,332303,398,936,1453,-1.1404,1.216,1.4339
-325.07,1485.3,-1545.2,-11.417,2021.1,-783.89,5.3482e+05,409965,1,-5429.8,-8965.6,3282.1,-428.41,-1409.2,849.37,-3771.3,-6788.8,2763.5,13837,332524,398,936,1453,-1.1492,1.216,1.4268
-297.69,1480.9,-1526.9,-10.158,1991,-805.61,5.353e+05,409963,1,-5070.3,-7897.6,2628.9,118.66,-649.21,642.41,-4125.4,-6685.2,2365.9,12773,331023,398,936,1453,-1.1579,1.216,1.4198
-268.58,1479.9,-1507.1,-7.3476,1960.5,-830.67,5.3593e+05,409961,1,-4989.5,-6879.8,1809.8,498.66,1348.3,-758.97,-4444.1,-7431.8,2740.1,12674,330893,398,936,1453,-1.1666,1.216,1.4126
-240.6,1473.1,-1483.7,-5.035,1925,-850.74,5.3484e+05,409959,1,-4153.8,-5580.9,1362.5,1888.3,2889.9,-935.13,-4940.5,-7621.4,2477.8,12316,330374,398,936,1453,-1.1752,1.216,1.4054
-216.59,1460.8,-1457.7,-2.44,1886.6,-863.78,5.3619e+05,409957,1,-3726,-4640,889.69,2419.3,3784,-1259.1,-5015.8,-7525,2316.2,12046,329963,398,936,1453,-1.1838,1.216,1.3982
-195.66,1441.5,-1429.2,-0.76856,1844.7,-869.55,5.3793e+05,409955,1,-2716.9,-3057.6,347.07,3584,4991.7,-1309.9,-5068.5,-7073.9,1854.9,11640,329283,398,944,1457,-1.1924,1.216,1.3909
-180.59,1414.1,-1399.4,0.15811,1800.6,-865.17,5.3976e+05,409953,1,-1637.6,-2081.8,406.81,4020.7,4678.9,-634.97,-4493.2,-5988,1369.5,10177,325020,398,944,1457,-1.2009,1.216,1.3836
-170.38,1383,-1370.5,0.80656,1757.8,-854.43,5.4229e+05,409951,1,-1527.4,-1491.2,-21.292,4825.9,6343.3,-1394.8,-4996.8,-6670.1,1528.3,11909,329753,398,944,1457,-1.2094,1.216,1.3762
-163.66,1349.4,-1342.6,1.1702,1716.4,-839.25,5.4453e+05,409949,1,-690.81,-745.55,45.062,4953,5320.6,-340.6,-4388.9,-5282.6,800.55,10090,324758,398,944,1457,-1.2178,1.216,1.3687
-162.6,1310.5,-1315.6,0.92705,1675.9,-815.97,5.4594e+05,409947,1,-316.86,-518.06,172.39,4526.9,4528.6,12.335,-3721.2,-4465.8,647.4,8695.4,320095,398,944,1457,-1.2262,1.216,1.3612
-160.96,1273.6,-1290.2,0.43384,1637.6,-794.4,5.4753e+05,409945,1,-280.67,-458.88,151.64,4372.9,3755.8,597.36,-3568.9,-3870.2,229.83,7852.8,316359,398,944,1457,-1.2345,1.216,1.3537
-159.58,1236.6,-1264.6,-0.056875,1599.2,-772.29,5.4827e+05,409943,1,-117.38,-261.34,123.76,3920.1,3218,698.58,-3159.2,-3334.8,102.15,6886.2,311186,398,944,1457,-1.2428,1.216,1.3461
-160.9,1198.2,-1239.6,-0.32423,1562.1,-747.05,5.5022e+05,409941,1,25.407,-61.252,74.661,3707.9,2709.7,990.06,-2883.5,-2773.4,-170.22,6173.9,305637,398,935,1452,-1.251,1.216,1.3384
-163.86,1159.2,-1215.5,-0.71613,1526.3,-720.01,5.5515e+05,409939,1,438.7,771.02,-296.74,4155.7,3289.4,905.84,-2860.9,-2419.6,-486.54,6637.9,309892,398,935,1452,-1.2592,1.216,1.3307
-168.68,1117.5,-1191.4,-1.6026,1490.3,-689.53,5.5998e+05,409937,1,712.4,546.36,173.32,3883.1,1984.5,1884.8,-2340.8,-1520.2,-843.45,5648.6,300032,398,935,1452,-1.2673,1.216,1.323
-174.8,1074.8,-1168.2,-2.9133,1455.5,-657.28,5.6135e+05,409935,1,293.95,7.2965,272.39,2702.7,574.1,2084.1,-1721.9,-874.63,-862.66,4075.8,283991,398,935,1452,-1.2754,1.216,1.3152
-178.68,1036.8,-1147.4,-4.5423,1423.7,-629.74,5.5682e+05,409933,1,409.95,99.518,305.16,2793.4,325.92,2431.8,-1619.5,-552.15,-1074.8,4263.5,286835,398,925,1451,-1.2835,1.216,1.3073
-179.99,1005.4,-1129.7,-5.8736,1396.1,-608.6,5.5188e+05,409931,1,-225.86,-524.89,262.88,1147.9,-964.47,2037.1,-1026.9,-257.89,-779.61,2919.3,206298,398,925,1451,-1.2915,1.216,1.2994
-178.75,982.21,-1115.7,-6.4815,1373.8,-595.02,5.4404e+05,409929,1,-172.87,-345.68,150.54,911.07,-1196.7,2042.6,-786.36,98.262,-883.63,2831.1,203022,398,925,1451,-1.2994,1.216,1.2915
-178.09,965.95,-1106.6,-5.8615,1358.7,-585.99,5.4232e+05,409927,1,-209.29,-478.43,238.61,116.91,-1685,1714.6,-291.17,269.84,-553.39,2566.3,198228,398,925,1451,-1.3073,1.216,1.2835
-178.21,953.85,-1101.7,-4.9653,1349,-579.37,5.4097e+05,409925,1,-143.55,-411.69,243.87,-187.72,-1774.6,1498.8,15.318,405.1,-371.47,2445.9,193043,398,925,1451,-1.3152,1.216,1.2754
-179.78,944.7,-1100.9,-3.8904,1344.4,-573.86,5.4348e+05,409923,1,-97.61,-378.41,259.98,-307.08,-1789.2,1395.9,183.67,438.75,-230.79,2396.6,185015,398,925,1451,-1.323,1.216,1.2673
-180.93,938.3,-1102.8,-3.0985,1343,-570.61,5.4364e+05,409921,1,-89.578,-347.03,239.57,-456.22,-1710.8,1171.9,330.82,390.35,-29.692,2226.4,141797,398,913,1450,-1.3307,1.216,1.2592
-181.91,933.17,-1105.9,-2.4008,1343.1,-568.35,5.4493e+05,409919,1,-100.51,-336.63,218.99,-483.65,-1557.3,998.38,358.59,273.14,115.59,2010.9,124250,398,913,1450,-1.3384,1.216,1.251
-182.99,929.33,-1110.2,-1.4875,1344.7,-566.94,5.4858e+05,409917,1,-145.34,-199.1,35.595,-464.9,-1081.6,555.34,296.56,26.567,292.8,1389.5,11807,398,913,1450,-1.3461,1.216,1.2428
-181.93,927.68,-1114.2,-0.52274,1346.1,-568.54,5.4911e+05,409915,1,-64.086,49.062,-120.82,-88.181,-487.12,383.13,75.757,-220.46,297.84,745.67,1332,398,913,1450,-1.3537,1.216,1.2345
-180.01,924.3,-1116.3,0.13666,1344.8,-569.38,5.3954e+05,409913,1,-13.126,241.31,-255.8,188.12,-149.8,357,-103.14,-307.94,188.12,670.79,10,398,913,1450,-1.3612,1.216,1.2262
-179.42,915.25,-1114.7,0.46306,1339.1,-565.06,5.3828e+05,409911,1,292.33,603.35,-277.11,813.07,277.64,635.87,-333.67,-287.76,-90.669,1367.9,11704,398,942,1455,-1.3687,1.216,1.2178
-181.65,900.1,-1110.7,0.5834,1330.3,-554.23,5.434e+05,409909,1,618.18,913.92,-219.84,1234.3,459.95,942.33,-361.15,-86.348,-328.4,2033.3,124519,398,942,1455,-1.3762,1.216,1.2094
-185.56,881.65,-1105.4,0.62878,1320,-539.73,5.4846e+05,409907,1,793.33,1053.9,-158.28,1389.5,496.5,1095.7,-304.44,56.483,-411.73,2325.6,169532,398,942,1455,-1.3836,1.216,1.2009
-190.65,861.02,-1099.2,0.68365,1308.7,-522.74,5.5425e+05,409905,1,882.11,1298.1,-301.24,1471.9,595.34,1106.5,-282.96,283.69,-623.88,2617,199044,398,942,1455,-1.3909,1.216,1.1924
-195.5,840.07,-1092.3,0.79626,1296.7,-505.58,5.6035e+05,409903,1,965.1,1407.2,-310.19,1509.4,679.78,1083.3,-200.73,375.79,-627.93,2738.2,201111,398,942,1455,-1.3982,1.216,1.1838
-198.21,821.49,-1084.9,1.1219,1284.4,-491.54,5.6767e+05,409901,1,1059.6,2350.6,-1176.2,1464.5,1525.4,166.09,-79.52,789.01,-917.92,3741.9,266244,398,942,1455,-1.4054,1.216,1.1752
-195.68,809.37,-1076.4,2.2439,1271.2,-485.74,5.7358e+05,409899,1,1934.9,2331.9,-88.017,2443.7,1938.2,941.25,-82.739,526.07,-653.06,4529.2,289427,398,942,1455,-1.4126,1.216,1.1666
-221.21,775.14,-1072.9,6.5348,1266.1,-444.82,5.8538e+05,409897,1,9534.7,137.68,11601,3885.6,2364.1,2276.8,5132.9,-1483.5,7899.3,18502,337032,398,942,1455,-1.4198,1.216,1.1579
-498.35,1617.2,-1743.5,-9.3829,2326,-702.31,5.3906e+05,408591,1,-3217.2,-10865,6726.6,2624,-4008.2,5325.9,-4114.7,-6090.2,2043.9,16827,335526,398,937,1454,-1.0914,1.2272,1.4622
-509.99,1563.2,-1720.7,-11.314,2285.6,-663.8,5.3703e+05,408589,1,-3885.1,-11684,6928.1,1398.4,-4785.9,5101.7,-3789,-6186.9,2355.5,17569,336207,398,937,1454,-1.1003,1.2272,1.4554
-520.57,1518.2,-1702.9,-11.942,2253.1,-631.84,5.378e+05,408587,1,-4397,-12080,6878.3,709.12,-4853.5,4656.7,-3682.4,-6414.5,2620.7,17885,336506,398,937,1454,-1.1092,1.2272,1.4487
-525.45,1487.2,-1691,-11.558,2229.6,-613.16,5.3792e+05,408585,1,-4810.7,-12385,6823,-96.463,-4356.5,3631.8,-3417.3,-6966.9,3288.1,18064,336651,398,937,1454,-1.1181,1.2272,1.4418
-524.43,1468.9,-1683.5,-9.9689,2213.1,-607.26,5.383e+05,408583,1,-5677.7,-13307,6946.9,-858.2,-2655.4,1592.1,-3472.5,-8793.9,4815.3,19506,337787,398,936,1453,-1.1269,1.2272,1.4349
-514.81,1463,-1679,-7.9588,2201.2,-615.83,5.3817e+05,408581,1,-6642.8,-12899,5805.9,-625.05,-499.08,-83.85,-4293.9,-10099,5276.6,19828,338023,398,936,1453,-1.1357,1.2272,1.428
-491.05,1474.4,-1677.4,-5.491,2193.3,-646.43,5.3658e+05,408579,1,-7733.3,-13255,5234,-600.28,1511.7,-1803.8,-5198.7,-11905,6115.7,21793,339280,398,936,1453,-1.1445,1.2272,1.421
-453.46,1498.8,-1674.3,-2.278,2184.2,-695.85,5.3226e+05,408577,1,-8357.3,-12129,3724.6,-446.43,3643.3,-3540.4,-5868.3,-13030,6544.9,22447,339644,398,936,1453,-1.1532,1.2272,1.4139
-404.41,1532.1,-1667.2,2.1455,2171,-759.63,5.2638e+05,408575,1,-8174.2,-10712,2606.4,165.12,5400.5,-4586.5,-6717.4,-13738,6457.4,22675,339789,398,936,1453,-1.1618,1.2272,1.4068
-349.5,1561.3,-1650.3,6.9241,2145.6,-824.64,5.1909e+05,408573,1,-7628.7,-8939.9,1472.9,1909.5,5701.7,-3401.9,-7697.3,-13148,5106.7,21124,338866,398,936,1453,-1.1704,1.2272,1.3997
-295.01,1579.7,-1623.6,11.629,2107.4,-881.64,5.1283e+05,408571,1,-6205.8,-6658.6,623.57,2526.1,5464.2,-2658.4,-7638.6,-11808,3942.7,18436,336967,398,944,1457,-1.179,1.2272,1.3925
-248.1,1582.1,-1589.2,15.83,2059.1,-921.85,5.0933e+05,408569,1,-5189.8,-5717.5,633.65,2842.7,5121.8,-2075.9,-7343.5,-10977,3435.5,16878,335563,398,944,1457,-1.1875,1.2272,1.3852
-216.02,1561.6,-1548.9,18.474,2002.3,-935.19,5.0709e+05,408567,1,-4280.8,-4625.2,417.64,3809.4,4643.7,-804.84,-7287,-9810.2,2416.8,15225,334072,398,944,1457,-1.196,1.2272,1.3779
-184.68,1538.8,-1508.1,20.054,1944.5,-946.06,5.0398e+05,408565,1,-3188,-2388,-655.99,4144.3,5037.3,-836.95,-6750.2,-8336.7,1527.6,13302,331734,398,944,1457,-1.2044,1.2272,1.3705
-159.35,1503,-1462.8,19.936,1880,-943.16,5.0222e+05,408563,1,-1399.7,-1099.8,-242.7,5751.7,5294.8,380.8,-6456.6,-7426.6,941.13,12736,330989,398,944,1457,-1.2128,1.2272,1.3631
-157.65,1437,-1414.1,17.748,1809.9,-901.8,5.0511e+05,408561,1,-575.17,-942.47,342.39,5831.7,4389.2,1299.4,-5774,-6152.5,369.99,11297,328577,398,944,1457,-1.2211,1.2272,1.3557
-158.66,1374.3,-1372.6,14.233,1748.5,-860.59,5.0833e+05,408559,1,-542.63,-766.49,206.91,5254.6,3542.7,1580.2,-4902.5,-5074.6,149.47,9664,323613,398,944,1457,-1.2294,1.2272,1.3481
-151.8,1326.2,-1335.2,11.589,1693.4,-834.85,5.0974e+05,408557,1,-817.4,43.747,-792.69,4230.7,3458.8,751.29,-4461.1,-4265.8,-214.1,8358.8,318931,398,943,1456,-1.2377,1.2272,1.3406
-140.15,1284.7,-1297,10.229,1638.6,-816.92,5.1228e+05,408555,1,-198.3,1840.4,-1884.8,4153.6,4117.9,100.54,-3966.6,-3093.2,-865.51,8200.6,318212,398,935,1452,-1.2459,1.2272,1.333
-131.11,1241.7,-1257.9,9.6578,1583.6,-795.73,5.2125e+05,408553,1,1230.3,3439.6,-2029.6,5242.3,5101.4,240.34,-3553.1,-2102.5,-1421.6,9491.7,323080,398,935,1452,-1.254,1.2272,1.3253
-135.98,1183.7,-1218.8,8.4151,1528.6,-753.88,5.3776e+05,408551,1,2729,4157.6,-1268.7,6746.6,5488.7,1344.5,-3047.6,-1404.1,-1612.6,9491.7,323079,398,935,1452,-1.2622,1.2272,1.3176
-155.58,1111.8,-1183.6,5.3441,1477.5,-691.44,5.5699e+05,408549,1,2504.9,3264.2,-642.93,5868.6,4080.6,1853.3,-2400.2,-710.63,-1660.7,8994.1,321381,398,935,1452,-1.2702,1.2272,1.3098
-170.3,1050.9,-1155.6,1.281,1435,-640.14,5.6763e+05,408547,1,2568.4,3241.1,-554.62,5499.6,3633,1948.9,-1741.5,-13.509,-1696.2,8400.2,319099,398,925,1451,-1.2782,1.2272,1.302
-179.28,1001.6,-1132,-2.3213,1398.4,-600.9,5.6719e+05,408545,1,1415,1547.1,-71.386,3683.5,1424,2298.1,-1207.2,223.26,-1413.1,5364.9,297505,398,925,1451,-1.2862,1.2272,1.2941
-181.95,965.63,-1112.9,-4.9416,1368.5,-575.47,5.5964e+05,408543,1,423.85,698.64,-246.3,1941.6,-23.628,1967.9,-824.08,474.18,-1282.6,3304.6,255006,398,925,1451,-1.2941,1.2272,1.2862
-182.05,939.71,-1098.6,-6.3589,1345.6,-558.94,5.5253e+05,408541,1,344.88,433.35,-69.689,1256.1,-725.96,1966.6,-435.79,678.69,-1094.7,2851.8,203445,398,925,1451,-1.302,1.2272,1.2782
-182.56,922.45,-1090.5,-6.3739,1331.5,-548.32,5.4826e+05,408539,1,148.31,138.19,16.523,232.27,-1630.3,1808.4,82.004,965.84,-848.2,2771.7,202035,398,925,1451,-1.3098,1.2272,1.2702
-183.08,910.84,-1087.4,-6.09,1323.6,-541.72,5.4553e+05,408537,1,154.84,136,27.429,-371.54,-2305.5,1856.3,566.81,1446.4,-818.35,3467.8,259961,398,925,1451,-1.3176,1.2272,1.2622
-184.15,903.82,-1088.7,-5.4808,1321.6,-538.03,5.4654e+05,408535,1,105.08,157.17,-44.967,-1102,-2610.4,1394.7,1070.4,1690.1,-528.04,3780.5,268830,398,913,1450,-1.3253,1.2272,1.254
-185.6,902.06,-1094.5,-4.1901,1325.4,-537.91,5.4905e+05,408533,1,59.078,66.889,-5.0733,-1032.6,-2124.8,985.22,970.58,1196.3,-141.43,2992.1,207958,398,913,1450,-1.333,1.2272,1.2459
-184.36,907.8,-1103.8,-2.255,1333.9,-545.11,5.4972e+05,408531,1,-92.062,419.59,-519.63,-1595.8,-1817.1,78.744,1309.4,1363.5,58.017,3144.2,210917,398,913,1450,-1.3406,1.2272,1.2377
-176.08,920.68,-1112.9,-0.43657,1342,-562.29,5.4214e+05,408529,1,-130.98,1003.6,-1150.2,-1006,-424.6,-678.95,823.03,773,125.46,2300.3,143534,398,913,1450,-1.3481,1.2272,1.2294
-167.24,928.08,-1116.9,0.83329,1343.6,-575.79,5.3727e+05,408527,1,426.5,1615.4,-1153.2,341.21,698.78,-322.82,233.93,434.44,-181.13,2259.8,142394,398,942,1455,-1.3557,1.2272,1.2211
-160.38,925.51,-1114.3,1.3902,1336.7,-580.51,5.4355e+05,408525,1,801.45,2807.7,-1953.1,980.04,1587.3,-510.17,46.38,963.7,-930.78,4228.2,286368,398,942,1455,-1.3631,1.2272,1.2128
-156.84,913.48,-1106.3,1.6329,1323.3,-575.9,5.4944e+05,408523,1,1361.9,3127.3,-1649.4,1748.7,1830.2,118.21,-28.531,1160,-1222.6,4859.9,292878,398,942,1455,-1.3705,1.2272,1.2044
-155.48,896.61,-1095.8,1.8265,1307,-566.13,5.5606e+05,408521,1,1596.3,3046.7,-1290.8,1923,1672.6,496.59,99.101,1264.9,-1187.2,4822.6,292520,398,942,1455,-1.3779,1.2272,1.196
-154.75,878.01,-1084.1,2.0769,1289.4,-554.57,5.6325e+05,408519,1,2182.7,4958.6,-2602.4,2312.1,2711,-118.65,375.21,2574.4,-2236.3,7784.8,315957,398,942,1455,-1.3852,1.2272,1.1875
-152.7,861.4,-1072.1,2.6553,1271.7,-545.28,5.7042e+05,408517,1,2092.4,4789.3,-2528.3,1955.6,2567.3,-370.83,646.81,2593,-1944.6,7428.6,313973,398,942,1455,-1.3925,1.2272,1.179
-141.93,856.16,-1059.9,4.0287,1254.5,-550.19,5.7596e+05,408515,1,2404.3,6720.3,-4202.9,1591.8,4045.5,-2360,1214.3,3539.3,-2275.4,10595,326333,398,942,1455,-1.3997,1.2272,1.1704
-128.98,861.45,-1051.8,7.5659,1243.6,-564.37,5.8217e+05,408513,1,6595.3,3291.1,4550.2,3273.4,5052,-1379.1,3361.9,245.35,3842.7,11803,329571,398,942,1455,-1.4068,1.2272,1.1618
-226.83,832.97,-1106.8,30.327,1318.5,-480.38,5.9062e+05,408511,1,9680.8,-4599.5,16846,6577.9,6503.6,1135.5,4696.1,-6530.5,12778,26711,342006,398,942,1455,-1.4139,1.2272,1.1532
-702.51,1536.4,-1849.9,-12.465,2457.8,-485.45,5.4094e+05,407209,1,-4028.1,-16261,10862,2709.6,-6364.3,7451.7,-4572.8,-7917.1,3336.4,24428,340821,398,937,1454,-1.0869,1.2384,1.4561
-729.57,1469.8,-1830.1,-14.995,2420.5,-427.56,5.407e+05,407207,1,-4945.8,-15996,9927.9,1344.8,-6291.6,6384,-4336,-7858.3,3438.8,23525,340298,398,937,1454,-1.0958,1.2384,1.4494
-753.49,1426.2,-1822.6,-14,2402.8,-387.05,5.4237e+05,407205,1,-5731.1,-18379,11411,-783.62,-5580,4185.4,-3441,-9977.1,5947.2,26398,341847,398,937,1454,-1.1046,1.2384,1.4426
-769.53,1415.5,-1832.3,-9.5902,2411,-374.14,5.4315e+05,407203,1,-7500,-20380,11793,-2133.9,-2835.5,778.78,-3692.7,-13399,8723.6,29886,343499,398,937,1454,-1.1135,1.2384,1.4358
-778.62,1432.1,-1856.5,-2.5495,2440.5,-384.7,5.4126e+05,407201,1,-8537,-21187,11688,-2181,-691.9,-1125.8,-4501.2,-15638,10048,32103,344440,398,937,1454,-1.1223,1.2384,1.429
-780.78,1469.2,-1891.7,5.6422,2485,-414.25,5.3518e+05,407199,1,-10226,-22902,11859,-2710.1,1067.2,-3094.8,-4948,-18866,12541,36407,346029,398,936,1453,-1.131,1.2384,1.4221
-756.3,1534.6,-1932.6,12.54,2535.6,-482.7,5.2333e+05,407197,1,-11260,-20127,8534,-2326.8,2962.8,-4457.8,-6577,-18860,11196,34104,345211,398,936,1453,-1.1397,1.2384,1.4151
-697.04,1605.6,-1957.7,14.661,2561.1,-580.61,5.0699e+05,407195,1,-14703,-22719,8055.7,-2444.5,1164.1,-2993,-8838.5,-21381,11637,38525,346724,398,936,1453,-1.1484,1.2384,1.4081
-617.08,1655.6,-1954.1,12.062,2545.4,-679.34,4.895e+05,407193,1,-13902,-20504,6687.3,-666.31,-3974.7,3035,-10510,-17527,6809.1,33880,345142,398,936,1453,-1.157,1.2384,1.401
-532.07,1664.6,-1916.9,4.4229,2482.1,-753.4,4.7143e+05,407191,1,-15317,-21994,6803.9,-3547.5,-16210,11582,-10542,-12011,1832.3,37854,346485,398,936,1453,-1.1656,1.2384,1.3939
-448.69,1643.9,-1855.3,-4.6616,2386.9,-805.37,4.552e+05,407189,1,-13713,-19587,5937.6,-4315.5,-20730,15033,-9540.8,-7530.2,-1411.7,37829,346473,398,944,1457,-1.1741,1.2384,1.3867
-381.8,1607.8,-1786.3,-9.7731,2285.9,-834.25,4.4291e+05,407187,1,-9279.5,-19216,9368,-6776.3,-26335,18020,-5898.6,-3398.9,-2073.3,40718,347399,398,944,1457,-1.1826,1.2384,1.3795
-339.28,1552.8,-1716,-12.573,2186,-831.81,4.3573e+05,407185,1,-15511,-26062,10163,-14587,-37374,21280,-4521.4,-345.59,-3669.5,55853,350893,398,944,1457,-1.191,1.2384,1.3722
-269.14,1542.4,-1656.5,-12.707,2102.7,-879.73,4.2896e+05,407183,1,-17552,-31185,13020,-17206,-62574,42018,-4436.3,8976.7,-12147,87607,356031,398,944,1457,-1.1994,1.2384,1.3649
-199.56,1521.3,-1584.1,-11.553,2004.6,-919.29,4.2256e+05,407181,1,-10546,-18786,7852.5,-17500,-45271,26017,-897.63,7308.8,-7570.8,60580,351778,398,944,1457,-1.2078,1.2384,1.3575
-193.61,1452,-1512.5,-3.784,1913.3,-879.2,4.1822e+05,407179,1,-16714,-27580,10402,-39100,-69512,28971,6711,16320,-9045.5,93496,356782,398,944,1457,-1.2161,1.2384,1.35
-185.93,1388.7,-1455.2,-2.8692,1835.3,-844.11,4.1886e+05,407177,1,-7870.5,-12984,4858.3,-12481,-28529,15098,-601.03,3866,-4170.3,38528,346725,398,943,1456,-1.2243,1.2384,1.3426
-164.16,1343.3,-1404,-3.8527,1764,-831.23,4.2073e+05,407175,1,-7813.7,-12218,4185.6,-10434,-27334,15893,-1611.3,3916.2,-5170.7,37163,346262,398,943,1456,-1.2326,1.2384,1.335
-121.23,1319.2,-1350.6,-3.9457,1691.2,-848.08,4.2737e+05,407173,1,-8386.9,-9160.3,775.56,-11706,-22366,10080,-1317,3185.8,-4242.7,30391,343701,398,943,1456,-1.2407,1.2384,1.3274
-63.567,1318.9,-1295.3,1.4827,1620.5,-891.77,4.4453e+05,407171,1,-6599.8,-2739.9,-3634.6,-9902.8,-14048,3921.2,-1655.5,2955.4,-4371.2,20141,338228,398,935,1452,-1.2488,1.2384,1.3198
-33.36,1296,-1237,10.845,1549.6,-899.78,4.7147e+05,407169,1,1840.8,4635.4,-2596.3,1879.5,-675.49,2487.9,-2295.5,1641.5,-3767.5,8994.1,321382,398,935,1452,-1.2569,1.2384,1.3121
-60.671,1210.8,-1181.6,15.894,1479.4,-822.74,5.0321e+05,407167,1,4364.7,6612.1,-2052,5136,3009.4,2141.2,-1403.3,2184.2,-3447.4,11208,328369,398,935,1452,-1.265,1.2384,1.3044
-94.127,1135.2,-1148.9,16.354,1434.5,-748.01,5.3002e+05,407165,1,5053.5,6463.9,-1221.1,6940.9,4573.4,2456,-960.48,1801.6,-2672.4,12460,330597,398,925,1451,-1.2729,1.2384,1.2966
-132.84,1049.4,-1122.1,10.735,1392.7,-662.08,5.547e+05,407163,1,5548.8,6768.4,-1024.4,6940.5,4634.6,2422.3,-365.08,2416.5,-2694.7,12900,331217,398,925,1451,-1.2809,1.2384,1.2887
-155.96,981.53,-1100.3,3.2891,1356,-599.66,5.6777e+05,407161,1,3558.7,4343.3,-636.55,5305.4,3207.7,2222.6,-225.82,1869.6,-2041.7,9111.8,321882,398,925,1451,-1.2887,1.2384,1.2809
-168.27,930.93,-1081.2,-2.3777,1324.3,-556.97,5.6641e+05,407159,1,1855.3,2369.9,-425.13,3085.9,433.27,2717.8,-27.64,2068.3,-2047.4,5899.7,302551,398,925,1451,-1.2966,1.2384,1.2729
-173.56,895.58,-1066.2,-6.0235,1299.3,-529.97,5.5849e+05,407157,1,1155.8,1579,-360.1,1349.2,-1469.5,2830.5,465.8,2566.5,-2039.4,5187.8,295725,398,925,1451,-1.3044,1.2384,1.2649
-177.39,868.84,-1055.8,-8.3335,1280.9,-510.09,5.5347e+05,407155,1,880.98,1360.2,-427.39,114.99,-2782.5,2867.3,1097.6,3314.1,-2131.2,5959.5,303106,398,925,1451,-1.3121,1.2384,1.2569
-179.16,854.39,-1052.4,-8.9743,1272.4,-500.45,5.5035e+05,407153,1,456.78,945.07,-458.93,-1251.6,-3270.8,1916.2,1635.8,3174.6,-1422,5659.1,300118,398,913,1450,-1.3198,1.2384,1.2488
-176.32,857.55,-1057.7,-7.3961,1276.1,-506.76,5.4654e+05,407151,1,388.02,1359.7,-948.16,-2255,-3120.8,701.85,2349.6,3492,-978.22,6073.4,304584,398,913,1450,-1.3274,1.2384,1.2407
-170.52,877.66,-1073.1,-3.6592,1293.3,-527.47,5.4749e+05,407149,1,41.218,2057.3,-2034,-2875.5,-1688,-1424.5,2600.7,3024.6,-227.8,6122.3,305141,398,913,1450,-1.335,1.2384,1.2326
-150.88,914.28,-1091.2,-0.50985,1313.3,-569.73,5.3953e+05,407147,1,-55.353,2682.6,-2783.2,-2336.5,-443.11,-2112.8,2084.2,2584.1,-338.84,6016.7,304045,398,913,1450,-1.3426,1.2384,1.2243
-123.84,947.58,-1098.8,2.0279,1320.2,-614.57,5.3983e+05,407145,1,375.21,3645.5,-3296.3,-920.27,1165.8,-2201.1,1282.7,2171.4,-795.63,6192,305828,398,913,1450,-1.35,1.2384,1.2161
-101.11,960.47,-1092.1,3.4987,1309.2,-641.41,5.4737e+05,407143,1,1214.5,5667.6,-4459.5,728,3178.4,-2443.8,630.71,2546.9,-1913.4,8979.6,321315,398,942,1455,-1.3575,1.2384,1.2078
-82.538,958.62,-1075.4,4.5148,1286.1,-654.47,5.55e+05,407141,1,2354.9,7334.9,-4917.8,2403.6,4774.4,-2210.9,318.42,3106.3,-2856.9,11615,329238,398,942,1455,-1.3649,1.2384,1.1994
-67.243,948.11,-1053.4,5.343,1256.6,-658.79,5.631e+05,407139,1,3355.7,8269.2,-4748.8,3399,5407.3,-1718.8,642.82,3813,-3232.6,13090,331456,398,942,1455,-1.3722,1.2384,1.191
-51.077,936.62,-1028.9,6.1837,1224.4,-662.85,5.7092e+05,407137,1,4137.4,9758,-5415.7,4020,6368.3,-1998.4,1009.5,4760.2,-3817.1,15512,334352,398,942,1455,-1.3795,1.2384,1.1826
-35.607,923.6,-1003.5,6.8226,1191.1,-665.16,5.783e+05,407135,1,4480.2,11115,-6469.9,3996,6682.5,-2355.7,1470.2,6073.6,-4687.5,17683,336315,398,942,1455,-1.3867,1.2384,1.1741
-8.3593,929.92,-982.44,8.2693,1163.8,-689.63,5.8335e+05,407133,1,3761,10680,-6860.8,1846.6,5627.3,-3780.9,2460,6498.7,-3967.8,16990,335668,398,942,1455,-1.3939,1.2384,1.1656
38.402,973.99,-968.72,14.372,1148.1,-755.19,5.8935e+05,407131,1,17140,9958.7,10197,2343.5,8249.1,-6006.5,12553,4718,10232,29851,343479,398,942,1455,-1.401,1.2384,1.157
-371.56,986.72,-1285.9,122.08,1582.7,-495.55,5.9698e+05,407129,1,13127,-4141.5,20558,9396.9,8439.3,2462.6,7450.1,-7381,17082,34343,345311,398,942,1455,-1.4081,1.2384,1.1484
-1060.9,1346.7,-1988.3,-13.327,2623.9,-86.727,5.4315e+05,405831,1,-6693.8,-24602,16225,202.42,-8043,7101,-4571.3,-12067,6988.7,35268,345633,398,937,1454,-1.0912,1.2495,1.4433
-1119.7,1325.7,-2020.5,-6.5116,2663.1,-35.549,5.4194e+05,405829,1,-7823.9,-33699,23427,-4388.1,-7216,2924.5,-1825.3,-19050,15242,49235,349571,398,937,1454,-1.1,1.2495,1.4366
-1178.2,1359.7,-2092.2,6.2592,2759.3,-21.2,5.3678e+05,405827,1,-10658,-32245,19930,-5292.1,-4758.1,43.667,-3520.6,-20338,15064,47477,349134,398,937,1454,-1.1088,1.2495,1.4298
-1216.7,1446.5,-2194.5,20.207,2895.7,-57.393,5.2578e+05,405825,1,-13522,-35027,20184,-4857.3,-4178.2,-111.43,-5244.6,-24872,17742,53095,350381,398,937,1454,-1.1175,1.2495,1.423
-1245.7,1521.3,-2292.6,26.113,3018.7,-93.254,5.0945e+05,405823,1,-14692,-37667,21638,-3171,-15347,11163,-7565.5,-22406,13753,56758,351064,398,936,1453,-1.1263,1.2495,1.4161
-1222.1,1562.8,-2352.9,10.982,3074.2,-146.13,4.8131e+05,405821,1,-17173,-40418,22066,-4335.1,-28912,22374,-8929.5,-16290,7157.4,64552,352525,398,936,1453,-1.1349,1.2495,1.4092
-1148.8,1532,-2337.6,-22.57,3015.9,-186.8,4.4917e+05,405819,1,-25306,-45509,19983,-17576,-47408,28144,-6997.4,-9542.3,2691.3,81281,355194,398,936,1453,-1.1436,1.2495,1.4022
-1068.4,1422.1,-2251.6,-60.624,2863.3,-178.52,4.2921e+05,405817,1,-28430,-73072,42292,-19350,-1.1469e+05,87365,-9197,12282,-18743,1.7229e+05,363525,398,936,1453,-1.1521,1.2495,1.3951
-1006.6,1225.9,-2107.7,-102.49,2634.1,-96.841,4.2363e+05,405815,1,-36306,-75546,37938,-34846,-1.2722e+05,86079,-5845.2,18132,-21434,1.8465e+05,364165,398,936,1453,-1.1607,1.2495,1.388
-932.63,987.08,-1920.8,-149.47,2347.6,6.6049,4.2426e+05,405813,1,-36866,-69874,32225,-40926,-1.2711e+05,80886,-3463.1,21439,-22512,1.8065e+05,363989,398,936,1453,-1.1692,1.2495,1.3809
-844.77,652.82,-1661.1,-214.31,1955.8,167.04,4.2863e+05,405811,1,-32527,-98092,61751,-50392,-1.7555e+05,1.1715e+05,3069.3,34439,-28837,2.5219e+05,366384,398,944,1457,-1.1776,1.2495,1.3737
-1068.3,338.69,-1559.5,-200.41,1831.5,541.7,4.3886e+05,405809,1,-33292,-78326,43094,-58306,-2.2788e+05,1.5875e+05,6274.8,77928,-66200,3.1643e+05,367189,398,944,1457,-1.186,1.2495,1.3664
-1132.9,-308,-1289.8,-356.92,1360.2,1031.8,4.3524e+05,405807,1,-49550,-1.0486e+05,53148,-95162,-2.8685e+05,1.8111e+05,31071,1.106e+05,-74921,3.9903e+05,367655,398,944,1457,-1.1944,1.2495,1.3591
-1020.9,-728.63,-979.58,-457.86,885.12,1240.8,4.3275e+05,405805,1,-60046,-1.1318e+05,51523,-1.4348e+05,-2.7369e+05,1.2606e+05,49103,94341,-43836,3.7906e+05,367570,398,944,1457,-1.2027,1.2495,1.3518
-851.59,-246.28,-1059.7,-318.82,1092.8,782.93,4.2994e+05,405803,1,-56688,-97882,40267,-1.334e+05,-2.2201e+05,86919,37578,67577,-29200,3.0966e+05,367135,398,944,1457,-1.211,1.2495,1.3444
-684.07,180.51,-1165.6,-226.82,1294.4,363.55,4.2544e+05,405801,1,-57634,-82897,25270,-1.2925e+05,-1.7918e+05,50297,37659,50660,-13220,2.5755e+05,366490,398,943,1456,-1.2192,1.2495,1.3369
-551.52,431.67,-1206.8,-176.44,1381.1,90.963,4.1977e+05,405799,1,-28668,-45747,16615,-53458,-94291,39391,10175,22315,-11620,1.3125e+05,360667,398,943,1456,-1.2274,1.2495,1.3294
-389.97,633.69,-1204.3,-144.72,1398.1,-168.25,4.1216e+05,405797,1,-39227,-44271,5375.7,-65957,-80967,15212,11344,15658,-4271.3,1.2271e+05,359910,398,935,1452,-1.2355,1.2495,1.3219
-176.64,873.89,-1181.9,-109.92,1392.3,-491.26,4.0292e+05,405795,1,-24708,-25518,1006.3,-37903,-49434,11282,1610.8,7650.5,-5757.6,73243,354008,398,935,1452,-1.2436,1.2495,1.3142
-6.8251,1072.8,-1142.4,-65.271,1372.1,-754.42,3.9696e+05,405793,1,-18330,-16037,-2080.3,-30488,-37051,6394.6,894.32,6815.7,-5659.7,54954,350746,398,935,1452,-1.2516,1.2495,1.3066
48.143,1177.8,-1110.9,-14.484,1366.1,-870.07,4.1608e+05,405791,1,-6905.7,-4373.7,-2407.8,-16548,-21893,5140.6,674.9,6609.8,-5706.9,30478,343745,398,935,1452,-1.2596,1.2495,1.2989
70.54,1213.8,-1087,10.836,1350.7,-913.92,4.6629e+05,405789,1,1550.4,5781.8,-4037.7,-5840.1,-7667.4,1768.8,1830.3,7065.8,-5057.4,15067,333916,398,925,1451,-1.2676,1.2495,1.2911
15.075,1151.6,-1064.1,24.619,1328.2,-833.19,5.0799e+05,405787,1,7634.8,10326,-2477.3,4485,3062.2,1498.3,2104.6,6016.7,-3783.4,16054,334869,398,925,1451,-1.2755,1.2495,1.2833
-38.907,1081.9,-1055.9,25.065,1314.1,-748.04,5.3219e+05,405785,1,8758.5,10757,-1749.3,8216.8,5440.4,2949,1790.8,5461.2,-3568.3,18630,337136,398,925,1451,-1.2833,1.2495,1.2755
-94.469,976.56,-1036,13.213,1277.1,-636.04,5.5207e+05,405783,1,7775.2,9138.6,-1121.9,8042,3811.5,4428,1556.9,5956.7,-4309.1,17335,335961,398,925,1451,-1.2911,1.2495,1.2676
-125.21,891.62,-1013.1,0.29496,1236.2,-555.75,5.5784e+05,405781,1,4086,5650.9,-1404.4,4582.3,869.11,3857,1306.1,5294.4,-3914.3,11502,329026,398,925,1451,-1.2989,1.2495,1.2596
-142.85,828.74,-990.69,-8.0937,1199.3,-500.2,5.5513e+05,405779,1,3545.1,4777.1,-1089.9,2868.2,-1673.3,4650.7,1943.8,6359.4,-4333.2,11499,329022,398,925,1451,-1.3066,1.2495,1.2516
-148.36,791.33,-974.87,-12.993,1173.2,-471.26,5.5039e+05,405777,1,2007.2,3571,-1480.2,-814.19,-4207.7,3363.5,3172,7066,-3760.4,11081,328034,398,925,1451,-1.3142,1.2495,1.2436
-143.09,792.17,-976.24,-12.352,1171.8,-477.38,5.476e+05,405775,1,1037,3326.5,-2265.6,-3722,-4882.2,953.44,4394.1,7303.1,-2696.3,11653,329311,398,913,1450,-1.3219,1.2495,1.2355
-127.33,832.3,-997.76,-6.9856,1197.8,-519.25,5.4652e+05,405773,1,461.17,3887.9,-3468.8,-5205.8,-3865.6,-1696.9,5084.4,6979,-1615,12225,330233,398,913,1450,-1.3294,1.2495,1.2274
-88.389,906.2,-1028.4,-1.5153,1234.7,-601.69,5.3858e+05,405771,1,-67.362,5720.3,-5951.9,-5110.9,-532.78,-5058.2,4590.9,5899.4,-1028.3,13307,331741,398,913,1450,-1.3369,1.2495,1.2192
-32.314,984.44,-1046,3.1164,1255.2,-699.07,5.4345e+05,405769,1,755.36,8371.3,-7822.3,-2063.4,3550,-5962.2,2639.3,4955.4,-2198.8,14853,333705,398,913,1450,-1.3444,1.2495,1.211
25.431,1036.9,-1036.5,6.6449,1242.5,-778.68,5.5069e+05,405767,1,2319.4,9943.3,-7723.2,1056.7,5766.8,-4795.7,1329.2,4689.4,-3384.8,16015,334822,398,942,1455,-1.3518,1.2495,1.2027
75.909,1065.4,-1008.6,10.649,1208.2,-835.67,5.591e+05,405765,1,2999.2,12335,-9514.8,2063,7815.7,-5837.6,917.53,5444.5,-4666,20084,338196,398,942,1455,-1.3591,1.2495,1.1944
120.76,1079.2,-971.01,14.503,1162.4,-877.92,5.681e+05,405763,1,4607.6,15480,-11042,4231.1,11477,-7251.7,727.41,5966.7,-5461.6,25514,341407,398,942,1455,-1.3664,1.2495,1.186
164.14,1086.2,-928.51,17.416,1110.5,-913.93,5.7606e+05,405761,1,6710.4,16409,-9575.7,6781.1,12398,-5246.8,1229.3,6702.8,-5668.1,26679,341984,398,942,1455,-1.3737,1.2495,1.1776
201.71,1077.1,-879.19,17.944,1049.4,-934.02,5.8282e+05,405759,1,8382,21926,-13594,9098.2,18294,-8869.6,1145.7,8057.9,-7267.1,36756,346143,398,942,1455,-1.3809,1.2495,1.1692
235.68,1054.9,-828.8,13.218,984.03,-941.7,5.8959e+05,405757,1,8894.1,28418,-20060,8198,25391,-17669,2891.3,10179,-7504.8,49815,349697,398,942,1455,-1.388,1.2495,1.1607
321.79,1137,-807.72,18.748,959.84,-1061.7,5.9583e+05,405755,1,40641,36020,10213,14417,33690,-19241,24785,12280,16825,76254,354506,398,942,1455,-1.3951,1.2495,1.1521
-1773.8,1197.1,-2389.5,15.368,3159.5,553.84,5.3137e+05,404459,1,-12155,-53765,38149,-8568,-12729,4675,-1285,-29290,24875,78926,354873,398,937,1454,-1.0953,1.2606,1.4305
-1908.6,1270.9,-2567.5,24.496,3389.9,598.44,5.1337e+05,404457,1,-18626,-53442,32923,-6765.1,-19004,11675,-5517.1,-28800,21210,78357,354798,398,937,1454,-1.1041,1.2606,1.4237
-1935.5,1344.5,-2709.5,4.2986,3546.9,561.3,4.8364e+05,404455,1,-22222,-52724,29501,-13558,-33744,19565,-4492.6,-22548,16457,81539,355238,398,937,1454,-1.1128,1.2606,1.4169
-1925,1239.4,-2714.1,-48.111,3496.9,614.46,4.492e+05,404453,1,-19689,-56034,34518,1583,-62643,57518,-13577,-7603.2,-4105.4,1.1051e+05,358690,398,937,1454,-1.1215,1.2606,1.4101
-2024.4,759.69,-2544.8,-147.95,3182.6,1000.3,4.363e+05,404451,1,-13915,-73565,55026,5516.5,-1.1935e+05,1.1208e+05,-13306,18170,-27218,1.9162e+05,364488,398,936,1453,-1.1301,1.2606,1.4032
-2338.1,-224.24,-2198.8,-313.92,2588.1,1885.3,4.3807e+05,404449,1,-25821,-1.1228e+05,80530,-16653,-2.0029e+05,1.6781e+05,-5923.5,49530,-49804,3.0542e+05,367096,398,936,1453,-1.1387,1.2606,1.3962
-2648.6,-1347.2,-1773.9,-511.15,1871.8,2865.6,4.3901e+05,404447,1,-39071,-1.357e+05,91107,-40335,-2.5386e+05,1.9754e+05,3717.1,71090,-61682,3.771e+05,367563,398,936,1453,-1.1472,1.2606,1.3892
-2954.7,-2317.6,-1393.7,-651.77,1265.2,3744.1,4.4004e+05,404445,1,-52580,-1.3414e+05,78508,-59838,-2.7892e+05,2.0474e+05,5649.6,89256,-76932,4.0513e+05,367683,398,936,1453,-1.1557,1.2606,1.3821
-3078.7,-3355.6,-878.07,-842.82,449.84,4538.3,4.3885e+05,404443,1,-50455,-1.0155e+05,50210,-77092,-3.1799e+05,2.2664e+05,14352,1.4309e+05,-1.1956e+05,4.5693e+05,367850,398,944,1457,-1.1642,1.2606,1.375
-3898.8,-4540.9,-577.24,-883.27,35.506,5947.5,4.3835e+05,404441,1,-43363,-81118,36980,-86193,-3.8264e+05,2.7925e+05,36273,2.1431e+05,-1.6738e+05,5.6295e+05,368000,398,944,1457,-1.1726,1.2606,1.3678
-2006.1,-5631.1,982.14,-1543.2,-2465.7,5313.9,4.084e+05,404439,1,-54213,-1.0322e+05,49520,-85449,-4.3401e+05,3.2859e+05,25044,2.4434e+05,-2.0509e+05,6.4967e+05,368049,398,944,1457,-1.181,1.2606,1.3606
-3711.3,-7876.3,1976.8,-1291.5,-3516.6,8104.5,4.4714e+05,404437,1,-4676,-2.4455e+05,2.2408e+05,-1.4443e+05,-5.4621e+05,3.8219e+05,1.0174e+05,2.3562e+05,-1.302e+05,8.1125e+05,368104,398,944,1457,-1.1893,1.2606,1.3533
-4302.7,-8096,1686.4,-1265.8,-3112.4,8695.6,4.5721e+05,404435,1,-1.7515e+05,-3.538e+05,1.7619e+05,-3.5064e+05,-6.0521e+05,2.5533e+05,1.3236e+05,1.9222e+05,-62314,8.9424e+05,368113,398,944,1457,-1.1976,1.2606,1.346
-3407.6,-5837,706.32,-1047.7,-1694.3,6497.1,4.5717e+05,404433,1,-2.0504e+05,-2.7196e+05,72150,-3.747e+05,-4.7674e+05,1.1235e+05,1.1973e+05,1.3161e+05,-16309,7.3037e+05,368086,398,943,1456,-1.2058,1.2606,1.3386
-2602.4,-3871.5,5.0372,-779.7,-599.4,4560,4.5633e+05,404431,1,-1.3985e+05,-1.9857e+05,61058,-2.9226e+05,-3.7182e+05,86436,86588,96269,-12387,5.5747e+05,367997,398,943,1456,-1.214,1.2606,1.3312
-2032.6,-2350.1,-523.71,-532.87,254.13,3095.2,4.5391e+05,404429,1,-1.1164e+05,-1.6328e+05,52853,-2.1964e+05,-3.0578e+05,89225,59242,77742,-19559,4.4896e+05,367825,398,935,1452,-1.2222,1.2606,1.3238
-1506.6,-1132.1,-917.68,-355.41,880,1868.9,4.48e+05,404427,1,-1.3519e+05,-1.5469e+05,22401,-2.528e+05,-2.8738e+05,40240,64768,67798,-4761.6,4.468e+05,367819,398,935,1452,-1.2303,1.2606,1.3162
-901.79,-303.85,-1044.3,-287.87,1086.3,856.26,4.3674e+05,404425,1,-61961,-69917,8798.2,-94544,-1.2204e+05,28278,12010,21330,-9249.8,1.8472e+05,364168,398,935,1452,-1.2383,1.2606,1.3087
-404.78,282.9,-1027.1,-216.1,1115.4,88.954,4.2325e+05,404423,1,-58771,-43510,-13851,-93958,-79361,-12658,10755,13300,-2665.7,1.4534e+05,361768,398,935,1452,-1.2463,1.2606,1.301
-91.228,638.74,-961.26,-147.17,1081.6,-385.85,4.0976e+05,404421,1,-27203,-14447,-12176,-41230,-27182,-13401,486.09,3992.1,-3392.7,61180,351887,398,925,1451,-1.2543,1.2606,1.2934
133.99,886.22,-898.6,-94.23,1039.7,-721.73,3.9709e+05,404419,1,-15278,-4465.5,-10558,-20190,-19779,-382.42,-2596.4,7143.9,-9542.8,36231,345952,398,925,1451,-1.2622,1.2606,1.2856
199.02,1110.8,-915.55,-10.198,1117.7,-928.58,4.2444e+05,404417,1,2653.8,7255.3,-4492.8,-15230,-18187,2880.8,7093.7,13803,-6579.6,30578,343785,398,925,1451,-1.2701,1.2606,1.2779
197.07,1159.8,-920.97,18.458,1141.2,-964.07,4.7578e+05,404415,1,7858,13680,-5657.8,-4931.7,-9336,4408.4,6723.7,16003,-9168,28234,342707,398,925,1451,-1.2779,1.2606,1.2701
106.88,1052,-899.24,24.467,1115.3,-826.01,5.0649e+05,404413,1,13680,16215,-2288.2,6612.2,-2665.2,9451.3,6656.2,16408,-9661.5,31659,344247,398,925,1451,-1.2856,1.2606,1.2622
21.281,908.29,-871.64,11.008,1068.9,-665.29,5.2697e+05,404411,1,11362,12853,-1229.3,5509.6,-4029.1,9762.4,6668.7,15906,-9156.9,28619,342872,398,925,1451,-1.2934,1.2606,1.2543
-39.552,780.13,-839.96,-5.4346,1015.8,-532.75,5.3992e+05,404409,1,7070,8383,-1114,2142.4,-6819,9155.5,6424,14926,-8426.9,24320,340747,398,925,1451,-1.301,1.2606,1.2463
-68.226,702.73,-816.32,-16.236,976.8,-458.77,5.456e+05,404407,1,4300.8,6758.2,-2353.4,-1421.9,-7852.2,6492.8,6583.9,14268,-7592.5,21911,339351,398,925,1451,-1.3087,1.2606,1.2383
-67.114,697.47,-818.08,-17.678,975.09,-457.29,5.4752e+05,404405,1,2398.2,6854.3,-4477.6,-5900.4,-6695.9,543.38,8183.3,13175,-4764.2,20395,338413,398,913,1450,-1.3162,1.2606,1.2303
-33.649,767.62,-849.39,-11.76,1013.9,-532.68,5.4473e+05,404403,1,886.78,8360.4,-7691.1,-8406.5,-3375.8,-5645.4,8680.8,11550,-2520.5,21421,339046,398,913,1450,-1.3238,1.2606,1.2222
32.229,892.77,-898.04,-3.4946,1074.8,-670.4,5.3999e+05,404401,1,140.85,9542.2,-9774.4,-8567,-1063.9,-8290.3,8088.6,10622,-2181.5,22647,339770,398,913,1450,-1.3312,1.2606,1.214
123.93,1030.7,-934.25,3.1227,1119.3,-835.31,5.4745e+05,404399,1,-82.787,10896,-11487,-7155.1,1372.6,-9354,6579.6,9684.5,-2848.2,23161,340105,398,913,1450,-1.3386,1.2606,1.2058
227.16,1143.3,-933.26,8.1302,1118.1,-989.77,5.5552e+05,404397,1,1476.4,14538,-13658,-2681,6702.8,-10065,3694.9,8417.9,-4728,25697,341509,398,942,1455,-1.346,1.2606,1.1976
322.66,1226,-903.64,15.507,1084.3,-1117,5.6418e+05,404395,1,3831.8,18917,-15726,1273.7,12344,-11656,2015.8,7928.8,-6127.1,31846,344330,398,942,1455,-1.3533,1.2606,1.1893
429.79,1314.7,-859.49,26.166,1035.6,-1256.5,5.7219e+05,404393,1,4758,21368,-17347,2892,15469,-13188,1145.1,7819.7,-7037.7,36245,345957,398,942,1455,-1.3606,1.2606,1.181
543.34,1404.2,-802.73,38.993,973.49,-1400.8,5.7996e+05,404391,1,6498.4,29192,-23851,5178.9,26136,-22109,954.44,7465.4,-6912.8,52597,350271,398,942,1455,-1.3678,1.2606,1.1726
674.43,1515.2,-735.84,57.361,903.18,-1572.6,5.8667e+05,404389,1,11980,39276,-28400,13558,39928,-27254,48.393,7922.6,-8505.2,71754,353775,398,942,1455,-1.375,1.2606,1.1642
912,1748.5,-649.15,88.004,817.42,-1906.5,5.9239e+05,404387,1,10369,51734,-44203,11557,56308,-47801,-980.34,6015.7,-7723.5,1.021e+05,357785,398,942,1455,-1.3821,1.2606,1.1557
1219,2080.4,-567.29,126.58,742.38,-2359.8,5.987e+05,404385,1,53689,48397,12207,19782,60217,-42089,29025,4561.3,30390,1.138e+05,359039,398,942,1455,-1.3892,1.2606,1.1472
-2945.6,872.13,-3135.7,-44.503,4064.3,1658,4.702e+05,403091,1,-25454,-63749,37444,-3902.7,-56062,47540,-8822.5,-16405,7707.4,1.0926e+05,358548,398,937,1454,-1.0993,1.2717,1.4176
-2953.7,332.85,-2936.2,-203.05,3658.1,2008.3,4.4442e+05,403089,1,-23328,-59651,35441,20821,-1.1368e+05,1.1918e+05,-27894,26240,-45836,1.9102e+05,364458,398,937,1454,-1.108,1.2717,1.4108
-3146.8,-1021.6,-2295.4,-458.46,2602.2,3038.6,4.4376e+05,403087,1,-2697.5,-70896,61955,19849,-1.8958e+05,1.8756e+05,-12167,73388,-76345,3.029e+05,367079,398,937,1454,-1.1166,1.2717,1.404
-3908.7,-3071.3,-1449.9,-697.23,1304,4962.5,4.499e+05,403085,1,24703,-92615,1.0416e+05,36542,-2.7591e+05,2.8096e+05,-9468.1,1.381e+05,-1.3375e+05,4.6204e+05,367862,398,937,1454,-1.1252,1.2717,1.3971
-4970.3,-5173.2,-692.92,-867.04,186.84,7152.6,4.5216e+05,403083,1,3608.8,-1.2111e+05,1.1368e+05,-17347,-3.36e+05,2.9385e+05,25636,1.798e+05,-1.4426e+05,5.3004e+05,367975,398,936,1453,-1.1338,1.2717,1.3902
-5540.3,-6944.3,92.535,-1079.7,-992.7,8762.1,4.4965e+05,403081,1,-48055,-1.4519e+05,93272,-55644,-3.438e+05,2.6945e+05,19667,1.5881e+05,-1.298e+05,5.1811e+05,367964,398,936,1453,-1.1423,1.2717,1.3832
-5003,-7874.4,757.19,-1315.5,-1919.4,9066.1,4.6251e+05,403061,1,-3.0517e+05,-3.6581e+05,70568,-4.7318e+05,-5.1459e+05,57651,1.2015e+05,90509,24616,8.644e+05,368109,398,935,1452,-1.225,1.2717,1.3106
-2874.4,-3879.8,-328.29,-826.54,-200.49,4764.4,4.5134e+05,403059,1,-2.08e+05,-2.2578e+05,23974,-3.3868e+05,-3.4359e+05,15242,61374,48016,11249,5.7793e+05,368008,398,935,1452,-1.233,1.2717,1.303
-1104.7,-797.29,-916.87,-377.79,859.24,1347.5,4.384e+05,403057,1,-2.1101e+05,-1.58e+05,-46099,-3.0366e+05,-2.6171e+05,-32280,27411,25907,520.71,4.8454e+05,367904,398,925,1451,-1.2409,1.2717,1.2954
-349.18,537.56,-1063.4,-113.58,1229.9,-127.53,4.2765e+05,403055,1,-48115,-27079,-19851,-1.2075e+05,-1.1503e+05,-2869.1,17357,35638,-18649,1.8216e+05,364050,398,925,1451,-1.2489,1.2717,1.2878
-63.16,558.89,-845.81,-133.07,944.97,-347.94,4.2136e+05,403053,1,-27352,-13891,-13052,-31881,-62056,30623,146.27,31010,-30849,93968,356838,398,925,1451,-1.2567,1.2717,1.2801
281.8,566.11,-589.92,-176.02,598.43,-599,4.088e+05,403051,1,-15910,-3157.9,-12563,-37522,-48579,11398,9221.5,30752,-21624,76270,354507,398,925,1451,-1.2646,1.2717,1.2724
461.72,802.34,-508.42,-95.549,554.3,-893.89,4.1616e+05,403049,1,-6454.7,6908.4,-13335,-35137,-46174,11314,14924,38711,-24011,77844,354735,398,925,1451,-1.2724,1.2717,1.2646
439.85,888.19,-495,-25.32,585.6,-940.12,4.5144e+05,403047,1,12278,17424,-5088.6,-16459,-31347,15108,18412,38101,-19882,64405,352495,398,925,1451,-1.2801,1.2717,1.2567
303.18,773.45,-486.25,-6.4241,586.34,-763.37,4.8739e+05,403045,1,18766,17315,1714.9,-5497.1,-23821,18707,20735,37200,-16607,60763,351807,398,925,1451,-1.2878,1.2717,1.2489
160.25,621.17,-487.95,-10.555,583.86,-555.54,5.1433e+05,403043,1,13626,13911,-27.102,-876.41,-16655,16170,15106,29376,-14349,47073,349051,398,925,1451,-1.2954,1.2717,1.2409
74.407,532.71,-504.71,-19.021,596.67,-433.21,5.3308e+05,403041,1,8198.4,10864,-2567,-7468.5,-14812,7398.7,16242,25673,-9357.5,39144,346917,398,925,1451,-1.303,1.2717,1.233
69.322,554.94,-540.94,-21.728,636.79,-446.54,5.416e+05,403039,1,3228.2,11084,-8101.9,-11531,-9639.1,-2347.3,15009,21292,-6084.5,33852,345131,398,913,1450,-1.3106,1.2717,1.225
128.6,682.85,-601.86,-15.255,712.46,-580.71,5.4285e+05,403037,1,1641.3,11359,-10098,-11943,-6327.2,-6336.3,13171,18061,-4603.5,31263,344060,398,913,1450,-1.318,1.2717,1.2169
226.09,871.17,-678.35,-5.3771,808.51,-785.16,5.4444e+05,403035,1,632.65,14211,-14279,-12828,-1717.3,-12259,13013,16469,-3081,34265,345286,398,913,1450,-1.3255,1.2717,1.2088
349.18,1070,-742.33,1.8053,887.25,-1015.2,5.5248e+05,403033,1,491.91,17066,-17570,-9729.8,3507.1,-14537,9791,14148,-4138,35095,345569,398,913,1450,-1.3329,1.2717,1.2006
501.27,1258.2,-765.09,7.2141,915.26,-1257.7,5.6019e+05,403031,1,599.5,18756,-19344,-7196.1,6397.8,-14902,6995.4,12992,-6021.4,35987,345859,398,913,1450,-1.3402,1.2717,1.1924
658.55,1420.4,-745.66,16.285,895.35,-1485,5.6834e+05,403029,1,1688.3,21393,-21047,-4744.3,10142,-16266,5265.5,12118,-7038.5,38955,346862,398,942,1455,-1.3475,1.2717,1.1842
824.69,1588.8,-713.38,29.22,862.72,-1722.8,5.7665e+05,403027,1,2583,28169,-27519,-3232,18865,-24142,3930,10764,-7126.8,51853,350117,398,942,1455,-1.3547,1.2717,1.1759
1096.7,1905.5,-683.6,59.737,844.14,-2141.2,5.828e+05,403025,1,-1245,33672,-38152,-9193.8,26049,-39098,2942.6,9304.6,-6718.8,70874,353648,398,942,1455,-1.3619,1.2717,1.1675
1480.2,2374,-643.25,112.21,826.58,-2746.7,5.887e+05,403023,1,1762.8,39309,-40989,-4037.1,34752,-42788,1313.4,5254.5,-4212.8,79563,354949,398,942,1455,-1.3691,1.2717,1.1592
-3910.8,-4680.1,-226.05,-896.37,-445.35,6020.5,4.543e+05,401725,1,32420,-28034,51513,82436,-2.1423e+05,2.6216e+05,-41403,1.5505e+05,-1.7541e+05,4.2712e+05,367758,398,937,1454,-1.1118,1.2826,1.3979
-5441.1,-7771.1,-537.24,-1790.8,-633.59,9310,4.4573e+05,401695,1,-4.7084e+05,-2.911e+05,-1.6152e+05,-4.9112e+05,-3.4344e+05,-1.2901e+05,-19280,-9752.1,-8981.3,8.4194e+05,368107,398,925,1451,-1.2355,1.2826,1.2898
-1207.4,-4051.7,296.96,-1507.4,-1447.5,3687.1,4.1607e+05,401693,1,-2.198e+05,-1.5137e+05,-61111,-3.3163e+05,-2.8324e+05,-38723,1125.8,33780,-32291,5.185e+05,367965,398,925,1451,-1.2434,1.2826,1.2822
-325.5,-1169.5,129.22,-422.04,-458.76,1049.6,4.1558e+05,401691,1,-89518,-53870,-33256,-1.8152e+05,-1.4837e+05,-28450,14945,44094,-29526,2.6614e+05,366621,398,925,1451,-1.2513,1.2826,1.2745
112.94,-497.78,146.33,-270.72,-369.84,268.1,4.2041e+05,401689,1,-38793,-9936.9,-28444,-78520,-76290,-553.26,15185,48694,-34293,1.3482e+05,360979,398,925,1451,-1.2591,1.2826,1.2668
566.07,-220.07,313.01,-275.26,-574.04,-248.1,4.2118e+05,401687,1,-12732,7965.1,-20850,-45276,-59446,14932,21138,54865,-34571,1.0545e+05,358148,398,925,1451,-1.2668,1.2826,1.2591
775.13,43.163,403.86,-194.29,-625.57,-580.27,4.3058e+05,401685,1,994.86,14229,-13471,-42361,-56243,14658,28001,60405,-33470,1.0541e+05,358142,398,925,1451,-1.2745,1.2826,1.2513
620.55,153.49,332.91,-84.059,-461.27,-547.39,4.6004e+05,401683,1,20137,16216,4048.1,-29273,-47010,18387,37512,57269,-20463,95893,357075,398,925,1451,-1.2822,1.2826,1.2434
394.3,158.35,182.12,-36.581,-245,-390.32,4.9199e+05,401681,1,17121,13960,3401.9,-15185,-32069,17394,29930,44784,-15184,72063,353824,398,925,1451,-1.2898,1.2826,1.2355
264.18,205.94,21.675,-23.636,-42.029,-332.19,5.1895e+05,401679,1,11017,12519,-1491.3,-22031,-25707,3653.2,32913,39850,-6985.4,64498,352514,398,925,1451,-1.2973,1.2826,1.2276
272.01,351.45,-117.34,-21.492,126.69,-441.32,5.373e+05,401677,1,4039,14634,-11116,-20549,-14701,-6519.1,25638,31144,-5383.9,51877,350124,398,913,1450,-1.3048,1.2826,1.2196
367.99,577.72,-241.38,-15.621,278.93,-670.37,5.466e+05,401675,1,2187.4,16266,-14839,-16827,-6652.5,-11208,19072,24183,-4908.1,43763,348200,398,913,1450,-1.3123,1.2826,1.2116
503.69,840.17,-355.8,-6.9546,420.58,-953.54,5.5167e+05,401673,1,1038.3,19597,-19779,-18518,-2941.9,-17132,19618,23849,-3979.2,48897,349481,398,913,1450,-1.3197,1.2826,1.2035
660.36,1098.5,-446.87,-0.72426,531.94,-1248.8,5.5872e+05,401671,1,913.84,21582,-22183,-15740,724.5,-18241,16574,21926,-5179.7,48187,349313,398,913,1450,-1.3271,1.2826,1.1954
847.7,1354.8,-503.22,4.1852,600.53,-1564.2,5.6563e+05,401669,1,626.65,23601,-24808,-11829,5927.3,-19709,11708,18508,-6842.8,47568,349150,398,913,1450,-1.3344,1.2826,1.1872
1074.4,1623.7,-517.07,14.366,621.69,-1916.1,5.7232e+05,401667,1,76.273,27502,-29873,-10410,11923,-24837,8761,16190,-7666.2,53980,350568,398,942,1455,-1.3416,1.2826,1.179
1360.6,1932.7,-494.39,29.518,602.62,-2338.1,5.792e+05,401665,1,-1278.8,29803,-34109,-10735,15646,-29478,7217.4,14533,-7610.8,60029,351680,398,942,1455,-1.3488,1.2826,1.1707
1657.4,2265.9,-494.78,38.103,606.63,-2785.1,5.8492e+05,401663,1,-2702.2,29987,-36230,-14054,16361,-34435,7806.4,12047,-4190.9,63982,352401,398,942,1455,-1.356,1.2826,1.1624
-4466.5,-7723.1,145.65,-1944.3,-1565,8566.6,4.4412e+05,400335,1,-3.9618e+05,-1.8488e+05,-1.9688e+05,-3.5902e+05,-1.6083e+05,-1.8584e+05,-1.0619e+05,-58246,-43666,6.6013e+05,368057,398,925,1451,-1.2379,1.2936,1.2765
-1057.2,-3402.4,740.87,-975.11,-1596.1,3121.6,4.2188e+05,400333,1,-1.44e+05,-42368,-97813,-2.2365e+05,-1.14e+05,-1.0313e+05,-12897,20333,-33145,3.2776e+05,367271,398,925,1451,-1.2457,1.2936,1.2689
861.16,-717.3,1397.5,-135.12,-1783,-109.14,4.5187e+05,400325,1,17011,8236.6,8999.7,-40731,-51459,11769,45402,60041,-15854,1.0393e+05,357985,398,925,1451,-1.2765,1.2936,1.2379
601.78,-502.92,1070,-48.735,-1323.7,-72.791,4.8321e+05,400323,1,16694,10695,6179.3,-34847,-38601,4195.6,46796,51732,-5517,89721,356306,398,925,1451,-1.2841,1.2936,1.2301
490.98,-205.13,707.66,-15.749,-861.78,-202.51,5.1527e+05,400321,1,7777.5,15473,-8207.1,-32129,-19876,-12912,41253,39307,1939.2,72194,353847,398,913,1450,-1.2916,1.2936,1.2222
547.15,123.6,428.86,-13.718,-523.48,-473.66,5.4144e+05,400319,1,3767.7,19287,-16556,-27167,-11448,-16888,32910,33752,-772.07,63541,352317,398,913,1450,-1.2991,1.2936,1.2142
698.77,468.9,229.59,-13.385,-283.37,-824.85,5.5497e+05,400317,1,1833.1,22286,-21938,-23865,-6156.2,-19252,26970,30763,-3801.4,60395,351750,398,913,1450,-1.3065,1.2936,1.2062
875.25,803.47,77.3,-8.1755,-97.501,-1186.6,5.6046e+05,400315,1,2287.2,25140,-24676,-20123,-1328.2,-20669,22937,28165,-5263.7,58543,351412,398,913,1450,-1.3139,1.2936,1.1982
1064.2,1113,-36.522,-4.3945,40.604,-1539.8,5.6679e+05,400313,1,1713.7,26122,-26509,-18794,301.08,-21187,20831,27344,-6622,58444,351393,398,913,1450,-1.3212,1.2936,1.1901
1280,1421.4,-119.56,-1.3751,140.91,-1911.4,5.7248e+05,400311,1,781.99,26831,-28516,-18357,2127.1,-22947,19135,26083,-7087.4,59147,351518,398,913,1450,-1.3285,1.2936,1.182
1533.5,1753.7,-180.03,4.1101,215.49,-2326.6,5.7787e+05,400309,1,-849.9,27180,-30869,-17007,5256.3,-25108,15304,22812,-7709.8,58768,351462,398,913,1450,-1.3357,1.2936,1.1738
1814.6,2108.2,-230.53,9.8346,278.01,-2777.3,5.8278e+05,400307,1,-2646.7,26844,-32843,-17420,7476,-28352,13223,19217,-6114.3,59590,351605,398,942,1455,-1.3429,1.2936,1.1656
767.51,-1031,1857.4,-23.455,-2252,173.45,4.8276e+05,398971,1,8497.6,12272,-4233.5,-44714,-19329,-26124,51702,38723,12736,87355,355991,398,913,1450,-1.2783,1.3045,1.2245
763.31,-500.69,1361.5,9.9823,-1627.9,-192.14,5.2277e+05,398969,1,4269,20591,-17662,-37262,-10338,-28352,44486,35178,9273.8,79724,354979,398,913,1450,-1.2858,1.3045,1.2167
916.03,-30.364,1009.2,-1.9808,-1209.4,-629.15,5.5295e+05,398967,1,2820.6,23267,-22068,-30133,-8118.9,-23509,35982,34677,1138.6,71143,353681,398,913,1450,-1.2932,1.3045,1.2088
1122.6,394.07,771.67,-8.8158,-926.9,-1073.2,5.6486e+05,398965,1,1413.5,26716,-27517,-27582,-3903.6,-25586,31205,33170,-2314.3,70590,353596,398,913,1450,-1.3006,1.3045,1.2008
1326,767.9,598.26,-8.6596,-717.73,-1480.1,5.6912e+05,398963,1,2386.2,27320,-27241,-23798,-2816.6,-22961,27467,32444,-5397.7,66572,352937,398,913,1450,-1.308,1.3045,1.1928
1532.2,1108.5,465.88,-7.9159,-558.07,-1866,5.7452e+05,398961,1,2483.9,27963,-28035,-21167,-826.37,-22585,24447,30815,-6799.2,64236,352454,398,913,1450,-1.3153,1.3045,1.1848
1750.3,1446.3,353.07,-5.7811,-421.6,-2258.9,5.7974e+05,398959,1,1284.6,27877,-29464,-21143,586.17,-24412,22916,29190,-6611.5,64118,352429,398,913,1450,-1.3225,1.3045,1.1767
1991.9,1809.9,242.29,-2.0426,-287.29,-2686.9,5.8287e+05,398957,1,-195.58,27003,-30327,-20889,1862.7,-25816,20745,26620,-6104.9,62702,352171,398,913,1450,-1.3297,1.3045,1.1685
965.63,-1238.5,2411.3,37.093,-2872.5,167.14,5.0529e+05,397625,1,3796.4,16397,-13795,-46938,-6533.9,-41970,51308,29684,21537,91969,356603,398,913,1450,-1.2725,1.3153,1.219
1128.5,-604.37,1900.8,28.543,-2258.5,-387.28,5.4867e+05,397623,1,468.55,21760,-23152,-38972,-5358.8,-35291,44401,31077,13095,83135,355456,398,913,1450,-1.2799,1.3153,1.2111
1368.4,-98.789,1573.1,0.5833,-1879.1,-908.87,5.7164e+05,397621,1,743.72,26858,-28568,-31525,-3928,-29425,35756,33145,2005.8,76120,354476,398,913,1450,-1.2874,1.3153,1.2033
1592.8,339.87,1338,-7.182,-1598.8,-1373.5,5.724e+05,397619,1,1894.3,27957,-28684,-27153,-3222.7,-25889,31082,33584,-3235.4,71626,353754,398,913,1450,-1.2947,1.3153,1.1953
1802.5,727.18,1154.2,-9.1021,-1377.1,-1792.6,5.7381e+05,397617,1,2512.9,27604,-27857,-24622,-2566.2,-24166,28569,32580,-4792.1,68130,353217,398,913,1450,-1.302,1.3153,1.1874
2008,1085.9,1001.7,-8.8235,-1192.5,-2189.2,5.7961e+05,397615,1,2412.3,27347,-27815,-23045,-1708.7,-23674,26576,31447,-5566.5,65939,352800,398,913,1450,-1.3093,1.3153,1.1794
2214.5,1441.1,858.96,-6.2779,-1018.9,-2584.6,5.8484e+05,397613,1,1628.9,26626,-28065,-22955,-837.67,-24860,25456,29687,-4722.9,64780,352570,398,913,1450,-1.3165,1.3153,1.1713
1320.4,-1250.8,2856.9,61.557,-3384.9,-90.854,5.5184e+05,396285,1,1383,23632,-24429,-40769,-1248.7,-41176,46371,27940,17844,88122,356110,398,913,1450,-1.2666,1.3261,1.2134
1587,-659.82,2430.5,15.109,-2896.3,-687.26,5.799e+05,396283,1,-1202.9,27738,-31763,-36802,-4468.4,-34002,40687,33144,6583.7,84306,355628,398,913,1450,-1.2741,1.3261,1.2056
1844.3,-157.33,2139.2,-4.4436,-2553.8,-1216.9,5.7643e+05,396281,1,386.06,27111,-29654,-32921,-5140.4,-29498,35796,34086,466.27,77706,354714,398,913,1450,-1.2814,1.3261,1.1977
2060.2,278.24,1907,-7.7747,-2272.7,-1671.3,5.7151e+05,396279,1,1721.6,27009,-28164,-28297,-3883.2,-26318,31969,33307,-2421.9,71912,353800,398,913,1450,-1.2888,1.3261,1.1899
2062.6,-764.88,3019.3,-6.8621,-3607.6,-970.03,5.7842e+05,394949,1,-137.98,27328,-30583,-36639,-6394.4,-31581,39889,34765,3403.4,82910,355421,398,913,1450,-1.2681,1.3368,1.2
