"Cartesian Velocity:0","Cartesian Velocity:1","Cartesian Velocity:2","Spherical Velocity:0","Spherical Velocity:1","Spherical Velocity:2","Pressure","PointID","RegionId","GSV:0","GSV:1","GSV:2","GSV:3","GSV:4","GSV:5","GSV:6","GSV:7","GSV:8","magGSV","magGSV_Order","DescendingManifold","AscendingManifold","MorseSmaleManifold","Points:0","Points:1","Points:2"
-535.97,-671.64,499.6,-212.17,-839.94,487.28,4.7932e+05,15359,1,-41060,34426,-36684,30837,-21654,22653,-40410,30080,-31701,98450,357368,130,30,2295,0.1177,1.6653,1.4311
-72.797,-1012.5,985.5,-129.24,-1408.9,7.4602,4.7647e+05,15361,1,-35459,27066,-28737,25814,-17606,18473,-40367,28570,-30151,86534,355879,130,30,2295,0.10748,1.666,1.4311
224.67,-1222.6,1362.6,-29.877,-1820.3,-295.51,4.748e+05,15363,1,-17980,15821,-17088,16259,-10295,10815,-24346,19148,-20539,52289,350206,130,27,2294,0.097258,1.6666,1.4311
-325.27,-712.48,591.87,-178.73,-926.85,269.72,4.7999e+05,16629,1,-40236,27815,-29014,29913,-17424,17763,-37783,24389,-25289,86082,355824,130,34,2296,0.12859,1.6732,1.4209
-936.86,-316.52,91.037,-241.07,-323.39,907.46,4.7837e+05,16627,1,-47438,31280,-32259,31939,-19431,19791,-36895,21278,-21552,91309,356516,130,34,2296,0.13885,1.6724,1.4209
216.8,-1169.1,1361.1,-0.20514,-1783.6,-291.62,4.7717e+05,16633,1,-13530,8171.5,-8514.7,14047,-5769.8,5682,-21898,12629,-13130,37372,346324,130,30,2295,0.10805,1.6747,1.4209
85.71,-1016.6,1093.6,-62.671,-1486,-157.18,4.7675e+05,16631,1,-25114,18015,-18984,21404,-11631,11847,-35923,21539,-22274,65574,352731,130,30,2295,0.11832,1.674,1.4209
216.75,-1228.8,1438.7,3.0805,-1882.5,-287.97,4.988e+05,16635,1,155.33,-3353.5,3966.3,5241.6,251.47,-664.07,-6347.7,1543.6,-1371.4,11162,328268,130,27,2294,0.097767,1.6753,1.4209
-265.18,-685.53,643.15,-135.13,-945.7,203.22,4.7244e+05,19193,1,-36778,20713,-20942,24779,-14160,14379,-35447,21885,-22561,74067,354134,130,34,2296,0.15065,1.6888,1.4002
-253,-701.76,627.69,-149.91,-943.58,194.07,4.7683e+05,17907,1,-38656,26934,-28202,27407,-17121,17664,-42076,26634,-27565,87241,355979,130,34,2296,0.13957,1.6811,1.4106
137.48,-1091.6,1288.8,-1.157,-1681,-214.1,4.7692e+05,17911,1,-8377.6,1400.8,-905.96,11934,-3330,2933.7,-18891,7796,-7643.5,26667,341981,130,34,2296,0.11893,1.6827,1.4106
78.792,-966.69,1080.3,-41.797,-1443.1,-152.63,4.6954e+05,17909,1,-18624,12599,-13185,17830,-9833.8,10027,-27520,17733,-18529,51086,349960,130,34,2296,0.12925,1.6819,1.4106
122.88,-1151.7,1366.4,0.96187,-1780.4,-196.77,5.1001e+05,17913,1,585,-4791.3,5673.8,5500.3,453.92,-958.42,-6838,650.76,-258.18,11581,329187,130,30,2295,0.1086,1.6834,1.4106
113.65,-1205.1,1431.5,0.45668,-1865.7,-183.66,5.3985e+05,17915,1,382.29,-4893,5813.8,5232.8,612.88,-1094.6,-6308.3,358.56,8.8605,11259,328492,130,30,2295,0.098273,1.684,1.4106
109.08,-1259,1497.2,0.24984,-1951.5,-174.57,5.5587e+05,17917,1,111.55,-4875,5814,5194.5,543.03,-977.38,-6205.7,477.82,-178,11162,328267,130,27,2294,0.08794,1.6846,1.4106
103.76,-1485.8,1771.6,-0.71519,-2310,-144.75,5.5383e+05,17925,1,-171.66,-4813.3,5759.3,5545.7,446.67,-717.12,-6696.7,661.35,-569.51,11552,329130,130,18,2293,0.046572,1.6862,1.4106
104.36,-1542.6,1840.6,-0.68989,-2399.9,-137.47,5.5074e+05,17927,1,-140.48,-4816.8,5762.5,5438.5,473.83,-706.32,-6587.3,642.89,-599.43,11441,328878,130,18,2293,0.036224,1.6865,1.4106
-803.76,-337.63,168.19,-216.97,-393.98,765.52,4.6981e+05,20485,1,-39684,24763,-25273,24725,-16942,17605,-30056,20037,-20793,75975,354454,130,37,2297,0.17223,1.6953,1.3897
-288.08,-663.2,641.31,-127.5,-931.54,223.8,4.6643e+05,20487,1,-39729,21629,-21653,27138,-14890,14955,-38113,23081,-23691,79016,354883,130,37,2297,0.16182,1.6963,1.3897
-43.11,-884.44,1049.2,-22.529,-1372.3,-35.646,4.6145e+05,20489,1,-9290.5,4998,-5026.4,12663,-7382.8,7604.4,-22085,15582,-16567,37606,346399,130,37,2297,0.15141,1.6973,1.3897
-31.635,-977.43,1201.8,2.6791,-1548.6,-49.347,4.8571e+05,20491,1,-3484,-2157.1,3022.8,8368.1,-2476.1,2153.1,-13115,6165.5,-6158.5,18833,337294,130,34,2296,0.14099,1.6982,1.3897
17.91,-919.8,1050.8,-36.54,-1393,-93.953,4.6449e+05,19195,1,-18510,5575.8,-4819.1,17867,-7324,7022.1,-30580,14946,-14923,46908,349008,130,34,2296,0.14028,1.6897,1.4002
39.282,-1086.5,1314.4,3.4221,-1701.9,-115.79,5.2961e+05,19199,1,399.85,-4441.3,5344,5999.6,-466.53,39.297,-8045.6,2272.1,-2037,12598,330802,130,34,2296,0.11954,1.6913,1.4002
19.665,-1137.9,1375.1,0.99793,-1782.5,-92.885,5.6149e+05,19201,1,1008.5,-4859.2,5783.2,5174.6,241.43,-699.09,-6216.2,925.87,-626.76,11193,328339,130,30,2295,0.10916,1.692,1.4002
59.847,-1031.2,1240.4,0.56076,-1608.2,-138.69,4.8094e+05,19197,1,-683.18,-2850,3528.5,7146.4,-2187,1960,-10894,5750.5,-5902.4,16350,335126,130,34,2296,0.12991,1.6905,1.4002
12.229,-1190.3,1438.3,0.22663,-1865.2,-81.55,5.6381e+05,19203,1,280.55,-4767,5736.4,5158.3,374.38,-818.13,-6190.1,691.8,-396.13,11049,327928,130,30,2295,0.098776,1.6926,1.4002
8.3447,-1244.4,1503.9,-0.19515,-1950.6,-73.205,5.5759e+05,19205,1,61.91,-4666.8,5644,5339.9,367.23,-778.5,-6415.5,690.54,-434.41,11168,328286,130,18,2293,0.088389,1.6932,1.4002
5.7847,-1300.3,1571.6,-0.6148,-2038.8,-65.598,5.5287e+05,19207,1,-18.058,-4670.7,5650.6,5479.2,357.55,-730.46,-6591.7,722.32,-515.4,11343,328668,130,18,2293,0.077998,1.6937,1.4002
3.5283,-1473.5,1782.1,-0.8572,-2311.9,-44.207,5.4584e+05,19213,1,-101.49,-4745.8,5748.1,5519.4,416.38,-688.59,-6700.9,713.73,-640,11511,329045,130,18,2293,0.04681,1.6948,1.4002
3.7197,-1415.6,1711.5,-0.99223,-2220.5,-51.482,5.476e+05,19211,1,-94.337,-4693.2,5683.4,5581.2,373,-686.16,-6757.8,739.49,-610.82,11519,329064,130,18,2293,0.057208,1.6945,1.4002
4.3619,-1357.6,1641,-0.90441,-2129,-58.49,5.4967e+05,19209,1,-87.216,-4674.2,5659.3,5559,357.12,-700.13,-6697.5,739.53,-571.99,11451,328917,130,18,2293,0.067605,1.6941,1.4002
3.5331,-1530.4,1851.7,-0.62885,-2402,-36.397,5.4646e+05,19215,1,-104.38,-4789.5,5801.3,5424.1,457.27,-694.85,-6604.4,677.4,-648.18,11455,328934,130,18,2293,0.03641,1.6951,1.4002
3.5597,-1586.1,1919.8,-0.3483,-2490.1,-27.889,5.4982e+05,19217,1,-72.167,-4823.9,5842.2,5247.8,501.33,-704.89,-6386.2,627.86,-641.07,11282,328541,130,18,2293,0.026008,1.6953,1.4002
-813.09,-408.8,347.16,-173.88,-581.86,761.56,4.6914e+05,23091,1,-41492,25147,-25481,26681,-16594,16901,-33889,22717,-23576,80601,355100,130,39,2298,0.19494,1.7099,1.3687
-367.54,-681.23,777.91,-76.707,-1054.9,292.41,4.5616e+05,23093,1,-23733,14932,-15361,16682,-10837,11238,-25442,18349,-19442,53909,350556,130,37,2297,0.18444,1.7111,1.3687
-800.07,-387.59,265.88,-200.13,-502.58,753.92,4.6752e+05,21785,1,-40112,24129,-24454,24865,-16478,17037,-30282,23584,-25139,75975,354453,130,37,2297,0.18354,1.7027,1.3793
-122.82,-854.88,1054.9,-10.166,-1362.7,41.087,4.5573e+05,21789,1,-12728,4511.8,-4004,12757,-6563.7,6565.9,-21176,13401,-13995,35653,345746,130,37,2297,0.16263,1.7048,1.3793
-313.98,-678.81,720.46,-98.767,-1004.6,243.77,4.6095e+05,21787,1,-30642,17217,-17301,20988,-13402,13864,-35294,24063,-25233,69343,353389,130,37,2297,0.17309,1.7038,1.3793
-128.5,-920.7,1157.4,2.8932,-1483.8,46.185,4.8806e+05,21791,1,430.26,-4737.1,5814.8,5577.4,-632.74,166.73,-7993.8,2634.6,-2370.7,12823,331103,130,37,2297,0.15217,1.7058,1.3793
-147.95,-962.99,1210.1,2.078,-1552.1,67.765,5.3436e+05,21793,1,1289.7,-5213.3,6315.4,4304.8,260.78,-763.56,-5157.3,805.78,-467.94,10741,326897,130,37,2297,0.1417,1.7067,1.3793
-164.58,-1010.4,1266.9,0.20693,-1626.5,86.672,5.5297e+05,21795,1,680.94,-4864.4,5957,4586.5,248.14,-746.13,-5557.7,764.48,-415.91,10626,326443,130,34,2296,0.13122,1.7075,1.3793
-50.473,-1023.6,1263,4.3109,-1626.3,-28.111,5.3863e+05,20493,1,1405,-5268.8,6311.2,4731.6,181.97,-661.08,-5829,950.33,-619.5,11300,328583,130,34,2296,0.13057,1.699,1.3897
-74.391,-1072.9,1319.5,0.53491,-1702.3,-1.4362,5.6284e+05,20495,1,1114.8,-5026.8,6045.8,4810.5,298.92,-781.21,-5608.1,679.14,-347.09,10906,327523,130,34,2296,0.12014,1.6998,1.3897
-81.139,-1123.5,1381,-0.11894,-1782.1,8.6339,5.5302e+05,20497,1,398.5,-4694.3,5710.4,5003.8,305.48,-768.24,-5990.2,723.92,-413.84,10821,327218,130,34,2296,0.10971,1.7005,1.3897
-85.424,-1176.3,1445.1,-0.58226,-1865.2,16.749,5.434e+05,20499,1,107.67,-4542.5,5545.6,5192.3,302.99,-736.25,-6236.3,753.23,-481.64,10894,327481,130,18,2293,0.099275,1.7011,1.3897
-91.573,-1288.2,1581.2,-1.1806,-2041.4,32.212,5.4063e+05,20503,1,47.384,-4572.4,5597.9,5482.7,278.69,-650.09,-6644.3,837.19,-651.79,11317,328615,130,18,2293,0.078392,1.7022,1.3897
-88.841,-1231.4,1511.9,-1.0067,-1951.8,24.525,5.4085e+05,20501,1,87.751,-4523.5,5544.7,5387.3,255.47,-657.92,-6517.8,846.18,-621.89,11150,328241,130,18,2293,0.088835,1.7017,1.3897
-93.811,-1346.1,1652.1,-1.0578,-2132.7,40.064,5.4168e+05,20505,1,-17.543,-4617.6,5646.4,5559.1,306.85,-646.15,-6749.3,823.91,-678.57,11459,328941,130,18,2293,0.067946,1.7027,1.3897
-97.386,-1461.7,1794.1,-0.48367,-2315.5,56.993,5.4572e+05,20509,1,8.0007,-4735.7,5804.3,5469.8,405.9,-682.89,-6665.9,731.34,-670.36,11493,329013,130,18,2293,0.047046,1.7034,1.3897
-95.759,-1404.2,1723.5,-0.76398,-2224.6,48.326,5.4324e+05,20507,1,28.66,-4682.7,5742.4,5520.5,350.94,-656.08,-6728.4,797.47,-703.14,11504,329032,130,18,2293,0.057497,1.7031,1.3897
-98.661,-1518.3,1863.3,-0.34199,-2404.6,66.034,5.498e+05,20511,1,-10.385,-4780,5859.9,5365.4,456.34,-700.95,-6526.6,665.86,-644.01,11407,328802,130,18,2293,0.036593,1.7036,1.3897
-99.527,-1573.7,1930.9,-0.21185,-2491.8,75.376,5.5268e+05,20513,1,-15.381,-4816.3,5905,5191.9,507.72,-720.56,-6315,600.27,-616.55,11244,328454,130,18,2293,0.026139,1.7038,1.3897
-99.884,-1626.7,1995.5,-0.05726,-2575,84.907,5.5089e+05,20515,1,-22.001,-4823.3,5914,5037.6,544.51,-731.02,-6121.4,553.73,-601.78,11072,328008,130,18,2293,0.015684,1.704,1.3897
3.404,-1639.5,1985,-0.11334,-2574.5,-18.494,5.4455e+05,19219,1,-31.717,-4852.4,5883.4,5037.3,556.67,-727.74,-6122.2,557.17,-611.18,11070,327998,130,18,2293,0.015605,1.6954,1.4002
-907.08,-340.49,300.8,-172.53,-514.45,857.2,4.7213e+05,25725,1,-38771,22346,-22279,24388,-13571,13395,-31101,18311,-18409,71406,353732,130,45,2299,0.218,1.7239,1.3475
-858.06,-382.96,338.87,-170.28,-564.61,806.21,4.7081e+05,24405,1,-37700,21930,-21991,22984,-13680,13798,-32486,19270,-19464,71394,353730,130,39,2298,0.20642,1.717,1.3581
-421.76,-647.8,767.74,-69.568,-1030.8,345.67,4.5639e+05,24407,1,-31565,15085,-14424,20749,-10362,10052,-31478,17750,-17840,60787,351813,130,39,2298,0.19588,1.7182,1.3581
-272.71,-775.51,1013.9,-3.121,-1291.7,188.03,4.5323e+05,24409,1,-4898.9,1653.6,-1383.6,6783.8,-3075.2,2942.8,-12109,8255.7,-8754.2,19601,337862,130,39,2298,0.18534,1.7194,1.3581
-281.09,-816.87,1081.1,6.238,-1369.7,197.09,5.0984e+05,24411,1,-595.13,-3005.6,3903.3,4832.8,-619.02,151.82,-7303.9,2793.8,-2575.5,10778,327055,130,37,2297,0.17478,1.7205,1.3581
-202.64,-818.79,1043.3,-4.1497,-1336.4,118.85,4.5236e+05,23095,1,-15182,4738,-3914.4,12751,-5823.5,5610.7,-22065,12306,-12490,35924,345840,130,37,2297,0.17394,1.7122,1.3687
-235.91,-906.56,1164.7,1.8659,-1486.7,154.43,5.3794e+05,23099,1,1084.8,-4675.4,5724.1,4442.1,-15.97,-481.09,-5693.9,1346,-1038.2,10539,326132,130,37,2297,0.15291,1.7142,1.3687
-213.78,-867.18,1116.6,3.5281,-1423.9,130.47,4.9578e+05,23097,1,1406.2,-4383.9,5331.2,3974.3,-235.81,-184.31,-5093.4,1892.4,-1753.8,9904.6,324265,130,37,2297,0.16343,1.7132,1.3687
-250.49,-950.96,1218,0.23778,-1556.1,170.95,5.5521e+05,23101,1,715.43,-4443.8,5490.6,4336.7,233.27,-742.84,-5197.6,786.33,-445.3,9881.8,324201,130,37,2297,0.14239,1.7151,1.3687
-262.42,-1047.3,1336.2,-0.35331,-1707.6,187.93,5.4703e+05,23105,1,292.34,-4180.8,5217.1,4854.5,194.74,-674,-5889.4,882.54,-585.51,10230,325159,130,34,2296,0.12134,1.7167,1.3687
-171.33,-1059.3,1326.5,-0.32127,-1703.5,96.213,5.4539e+05,21797,1,538,-4591.7,5625.4,4806,261.37,-742.31,-5726.1,758.1,-437.94,10502,326004,130,34,2296,0.12074,1.7083,1.3793
-256.64,-997.62,1275.2,-0.11953,-1629.4,179.45,5.4964e+05,23103,1,246.6,-4158.9,5189.1,4590.8,224.74,-723.39,-5548.3,825.05,-500.58,9881.7,324200,130,37,2297,0.13187,1.7159,1.3687
-180.69,-1164.7,1455.4,-0.87942,-1869.4,112.53,5.4176e+05,21801,1,159.55,-4426,5469.8,5250.7,214.06,-641.11,-6359.9,899.67,-659.03,10920,327578,130,18,2293,0.099769,1.7096,1.3793
-176.31,-1110.8,1389.3,-0.66899,-1784.4,104.43,5.4065e+05,21799,1,202.05,-4346.4,5380.1,5057.9,219.98,-677.64,-6127.2,873.88,-595.26,10613,326400,130,18,2293,0.11026,1.709,1.3793
-188.72,-1278.1,1594.9,-0.72034,-2048.4,129.72,5.4597e+05,21805,1,157.5,-4494.7,5565.3,5458.3,225.12,-597.93,-6655.6,925.8,-759.63,11275,328530,130,18,2293,0.078783,1.7107,1.3793
-192.39,-1335.6,1665.6,-0.535,-2139.1,138.98,5.4768e+05,21807,1,137.89,-4566.1,5657.9,5483,283.85,-623.68,-6684.7,860.06,-735.87,11375,328728,130,18,2293,0.068285,1.7112,1.3793
-184.82,-1220.9,1524.4,-0.88465,-1958,120.92,5.4391e+05,21803,1,150.07,-4455,5514.1,5412.5,202.19,-600.82,-6598,941.88,-741.21,11178,328313,130,18,2293,0.089278,1.7102,1.3793
-198.58,-1449.7,1805.4,-0.41901,-2318.5,158.48,5.501e+05,21811,1,94.868,-4649.1,5766.6,5409.9,387.57,-666.48,-6575.6,718.01,-665.62,11355,328684,130,18,2293,0.047281,1.7119,1.3793
-195.74,-1392.8,1736,-0.41994,-2229.3,148.63,5.4897e+05,21809,1,139.08,-4614.6,5720.2,5445.2,340.69,-650.95,-6629.8,784.86,-695.94,11370,328720,130,18,2293,0.057784,1.7116,1.3793
-202.06,-1561,1941.3,-0.35628,-2492.9,178.09,5.5313e+05,21815,1,39.279,-4712.9,5849.9,5128.5,489.03,-705.05,-6249,601.22,-627.06,11103,328080,130,18,2293,0.02627,1.7123,1.3793
-200.7,-1506,1874.1,-0.45802,-2406.7,168.31,5.519e+05,21813,1,65.097,-4680.8,5808.2,5307.3,430.45,-675.91,-6449.8,661.07,-648.51,11266,328502,130,18,2293,0.036776,1.7121,1.3793
-202.68,-1613.8,2005.6,-0.23296,-2575.3,187.82,5.5597e+05,21817,1,1.3044,-4752.2,5900,4963.4,548.98,-732.11,-6027.4,539,-607.93,10948,327658,130,18,2293,0.015762,1.7125,1.3793
-99.996,-1678.4,2058.3,-0.049846,-2656,94.846,5.5532e+05,20517,1,-20.78,-4825.8,5922.4,4940.2,580.99,-734.34,-5987.9,507.99,-597.54,10960,327701,130,18,2293,0.0052285,1.704,1.3897
-99.736,-1729.9,2120.5,-0.11203,-2736.4,105.04,5.6109e+05,20519,1,-30.773,-4833.6,5921.1,4913.4,604.53,-719.48,-5949,484.24,-618.81,10930,327612,130,18,2293,-0.0052274,1.704,1.3897
-202.03,-1768.9,2193.8,-0.085216,-2816.9,218.3,5.608e+05,21823,1,-24.164,-4781.8,5936.7,4903.9,612.82,-711.06,-5942.4,465.96,-638.86,10908,327528,130,18,2293,-0.015761,1.7125,1.3793
-989.01,-295.33,270.38,-171.36,-471.75,941.57,4.7461e+05,27051,1,-47314,25372,-24697,26657,-14888,14684,-35237,20858,-20958,82195,355328,130,45,2299,0.22965,1.7307,1.3368
-519.28,-565.81,727.7,-55.015,-958.65,444.2,4.5594e+05,27053,1,-19034,11606,-11843,13415,-7540.4,7538.9,-23858,15200,-15738,44484,348370,130,45,2299,0.21903,1.7321,1.3368
-402.18,-677.13,944.58,2.3632,-1187.9,318.48,4.6512e+05,27055,1,-9487.9,2319.8,-1459.3,9291.7,-3028.2,2442.9,-16098,7390.1,-7003,23702,340414,130,45,2299,0.2084,1.7334,1.3368
-462.24,-612.11,758.68,-58.927,-1005.8,385.87,4.543e+05,25727,1,-25307,13529,-13305,17302,-8837.4,8592.4,-30217,17529,-17706,54641,350698,130,45,2299,0.20741,1.7252,1.3475
-336.87,-729.3,985.17,0.96493,-1245.9,252.09,4.6016e+05,25729,1,-8683.4,2586.7,-1986.7,8757.9,-3285.8,2899.7,-14934,7965.2,-7967.8,23063,340036,130,39,2298,0.19682,1.7265,1.3475
-350.33,-766.79,1044.8,8.1389,-1315.8,266.13,5.2313e+05,25731,1,1500,-4395.3,5427.7,3502.2,275.15,-834.51,-4819.9,965.24,-567.44,9410.2,322827,130,39,2298,0.18623,1.7276,1.3475
-384.89,-800.56,1081.9,2.8935,-1366.9,302,5.5638e+05,25733,1,1497.4,-4294.8,5320.3,3563.8,320.6,-876.54,-4043.5,460.55,-65.279,8895.6,321026,130,39,2298,0.17562,1.7287,1.3475
-312.14,-852.77,1123.5,2.9642,-1426.2,229.75,5.4997e+05,24413,1,1878.3,-4495.6,5467.2,3669.2,289.07,-808.95,-4215.2,640.11,-302.07,9278.9,322447,130,37,2297,0.16422,1.7215,1.3581
-401.43,-839.41,1127,0.16817,-1426,319.9,5.5672e+05,25735,1,1035.3,-3875.9,4839.9,3822.5,210.43,-734.1,-4480.6,686.2,-336.59,8681.8,320051,130,39,2298,0.16501,1.7298,1.3475
-329.83,-893.8,1171.4,0.31712,-1489.2,249.11,5.6044e+05,24415,1,819.25,-4086.4,5086.5,4053.6,227.81,-746.71,-4810.8,736.1,-390.24,9171.7,322088,130,37,2297,0.15366,1.7225,1.3581
-343.5,-985.46,1284.1,-0.31666,-1633,266.98,5.4422e+05,24419,1,401.27,-3904.6,4917,4658.3,150.55,-644.7,-5674.4,891.27,-578.95,9749.4,323848,130,37,2297,0.13251,1.7242,1.3581
-336.48,-937.68,1225.2,-0.080447,-1557.9,257.74,5.478e+05,24417,1,328.35,-3830.6,4825.1,4349.8,193.64,-702.8,-5260.7,813.67,-479.64,9278,322444,130,37,2297,0.14309,1.7234,1.3581
-268.29,-1099.6,1400.7,-0.46324,-1790,196.94,5.468e+05,23107,1,282.05,-4219,5270.5,5089.8,172.96,-628.53,-6200.2,929.44,-664.83,10571,326255,130,18,2293,0.1108,1.7174,1.3687
-358.03,-1089.1,1412.2,-0.60132,-1796.2,287.17,5.4174e+05,24423,1,468,-4086.8,5154.2,5111.9,111.54,-560.07,-6261,984.44,-738.55,10519,326057,130,18,2293,0.11134,1.7257,1.3581
-350.77,-1036.2,1346.8,-0.46907,-1712.9,276.84,5.4246e+05,24421,1,404.47,-3987.7,5027.9,4903.2,121.86,-594.24,-5985.2,949.64,-669.67,10145,324915,130,18,2293,0.12193,1.725,1.3581
-279.9,-1210.6,1537.6,-0.49798,-1965,216.41,5.4759e+05,23111,1,276.14,-4379.7,5476.3,5382,200.05,-600.34,-6573.7,927.28,-736.42,11101,328077,130,18,2293,0.089718,1.7186,1.3687
-274.1,-1154.3,1468.1,-0.52231,-1876.3,206.38,5.4746e+05,23109,1,326.6,-4273.9,5345,5255.4,170.21,-601.69,-6413.9,942.89,-711.12,10839,327300,130,18,2293,0.10026,1.718,1.3687
-285.28,-1267.4,1607.7,-0.46372,-2054.5,226.67,5.4717e+05,23113,1,274.57,-4445.5,5567.9,5422.7,246.87,-616.66,-6621.3,869.94,-718.21,11216,328390,130,18,2293,0.079171,1.7191,1.3687
-289.94,-1324.5,1677.8,-0.50647,-2144.1,236.89,5.472e+05,23115,1,232.45,-4482.2,5619.2,5421.6,277.67,-620.55,-6598.1,831.94,-714.42,11239,328442,130,18,2293,0.068621,1.7196,1.3687
-293.96,-1381.6,1747.6,-0.64465,-2233.5,247.18,5.4765e+05,23117,1,202.65,-4522.1,5668.3,5420.2,311.06,-623.12,-6592.4,793.37,-713.12,11273,328525,130,18,2293,0.058068,1.72,1.3687
-297.28,-1438.5,1817,-0.85469,-2322.2,257.45,5.4947e+05,23119,1,202.25,-4568.1,5746.5,5369.8,328.16,-600.01,-6545,800.52,-780.94,11284,328548,130,18,2293,0.047513,1.7203,1.3687
-299.91,-1494.9,1885.7,-0.92128,-2410.2,267.74,5.5236e+05,23121,1,121.92,-4618.8,5797.9,5234.3,390.37,-628.78,-6378.9,732.51,-751.61,11167,328285,130,18,2293,0.036957,1.7206,1.3687
-302.17,-1549.1,1952.5,-0.56011,-2495.2,278.38,5.5179e+05,23123,1,127.25,-4648.9,5842.3,5052,444.75,-656.73,-6187.6,676.26,-730.89,11009,327832,130,18,2293,0.026399,1.7208,1.3687
-304.11,-1601.4,2016.6,-0.20139,-2576.8,289.35,5.5219e+05,23125,1,64.748,-4646.4,5846.2,4912.9,506.94,-697.6,-5974.4,592.94,-673.63,10824,327223,130,18,2293,0.01584,1.7209,1.3687
-304.84,-1653.1,2079.5,-0.10559,-2657.1,299.77,5.5373e+05,23127,1,28.853,-4689.7,5891,4908,560.2,-719.93,-5953.2,521.33,-635.17,10851,327330,130,18,2293,0.0052804,1.721,1.3687
-202.91,-1665.6,2068.6,-0.17451,-2656.2,197.8,5.5828e+05,21819,1,-16.157,-4761.6,5912,4929.1,572.73,-729.89,-5982.1,512.62,-613.77,10918,327570,130,18,2293,0.0052545,1.7125,1.3793
-202.65,-1717.3,2131.3,-0.11384,-2736.7,207.92,5.5751e+05,21821,1,-19.374,-4768.5,5920.5,4913.2,592.18,-722.78,-5956.3,490.69,-624.43,10905,327518,130,18,2293,-0.0052535,1.7125,1.3793
-304.33,-1808.5,2267.5,-0.16588,-2897.4,332.04,5.6242e+05,23133,1,5.7982,-4761.2,5985.8,4904.8,618.13,-682.46,-5943.1,449.96,-680.41,10927,327598,130,80,2304,-0.026398,1.7208,1.3687
-304.86,-1756.7,2204.9,-0.14639,-2817.3,321.01,5.6079e+05,23131,1,23.264,-4739,5963.8,4903.7,600.25,-695.79,-5941.7,468.91,-662.26,10903,327513,130,80,2304,-0.015839,1.7209,1.3687
-305.02,-1704.8,2142.2,-0.11064,-2737.2,310.25,5.5733e+05,23129,1,6.1866,-4721.6,5929,4903.2,586.85,-714.18,-5940.3,485.97,-637.8,10875,327403,130,18,2293,-0.0052793,1.721,1.3687
-1153.6,-230.14,208.89,-182.5,-399.84,1110.9,4.7787e+05,28383,1,-50715,25696,-24438,27937,-14531,13942,-33532,20094,-20249,83389,355490,130,45,2299,0.24139,1.7374,1.3261
-613.67,-508.12,660.35,-67.951,-879.2,541.5,4.5538e+05,28385,1,-26265,12390,-11633,15510,-7358,6933.7,-27252,14834,-14691,50000,349730,130,45,2299,0.23073,1.7388,1.3261
-452.15,-626.33,901.86,2.9631,-1128.3,370,4.6753e+05,28387,1,-6242.3,621.15,283.08,6955.3,-1917.4,1332.1,-13172,5985,-5603.6,18275,336845,130,45,2299,0.22005,1.7402,1.3261
-478.68,-661.83,957.8,7.8823,-1194.8,396.26,5.2845e+05,28389,1,530.08,-2689.4,3465.3,4411.6,-402.68,-181.86,-6586.3,2375.8,-2049.9,9612.7,323460,130,45,2299,0.20937,1.7415,1.3261
-423.22,-712.88,997.72,6.1368,-1251.9,339.75,5.2634e+05,27057,1,1880.2,-4272.6,5268.7,3374.6,359.34,-965.59,-4299.9,729.03,-304.71,9006.2,321429,130,45,2299,0.19776,1.7346,1.3368
-515.9,-696.48,995.59,1.792,-1246.7,433.69,5.6182e+05,28391,1,1582.6,-3793.2,4744.1,3497.4,246.53,-847.18,-4111.2,599.59,-172.34,8348.7,318886,130,45,2299,0.19868,1.7428,1.3261
-452.57,-748.09,1037.9,1.9256,-1305.7,369.79,5.5677e+05,27059,1,1373.3,-4040.1,5050.4,3544.2,299.77,-884.36,-4243.5,543.28,-111.84,8687,320066,130,39,2298,0.18711,1.7358,1.3368
-466.25,-787.07,1084.2,0.014988,-1365.5,384.31,5.5158e+05,27061,1,632.03,-3484.7,4440.9,3765.2,171.62,-719.13,-4453.3,689.16,-309.46,8209.2,318257,130,39,2298,0.17646,1.7369,1.3368
-473.59,-827.98,1134.3,-0.53318,-1429,392.82,5.4071e+05,27063,1,561.05,-3338.6,4273.2,3987.6,81.448,-602.06,-4820.2,878.82,-544.61,8384.2,319010,130,39,2298,0.16579,1.738,1.3368
-481.97,-871.99,1189.2,-0.62462,-1498.3,402.58,5.393e+05,27065,1,496.56,-3353.7,4295.7,4221.1,18.473,-511.81,-5164.7,1008.8,-712.94,8730.8,320236,130,18,2293,0.15513,1.739,1.3368
-408.39,-881.26,1178.1,-0.37425,-1491.1,328.47,5.4194e+05,25737,1,376.72,-3502.6,4455,4127.6,129.79,-638.38,-4985.3,849.42,-521.57,8692.8,320088,130,37,2297,0.1544,1.7308,1.3475
-416.06,-926.83,1234.5,-0.60689,-1562.6,337.95,5.3881e+05,25739,1,499.86,-3584.6,4552.7,4444.4,61.451,-551.96,-5435.8,971.7,-670.46,9210.3,322215,130,37,2297,0.14377,1.7317,1.3475
-434.94,-1026.9,1359.2,-0.76597,-1720.6,361.46,5.3832e+05,25743,1,664.78,-3785.6,4808.4,4924.7,6.3745,-454.97,-6066,1095.2,-858.59,10054,324662,130,18,2293,0.12251,1.7333,1.3475
-425.04,-975.63,1295.2,-0.72137,-1639.6,349.04,5.3818e+05,25741,1,605.4,-3675.2,4665.1,4706.3,14.425,-482.52,-5783.3,1061.3,-794.66,9655.2,323593,130,18,2293,0.13314,1.7325,1.3475
-455.6,-1136,1495.6,-0.68176,-1893.1,388.65,5.4046e+05,25747,1,660.6,-4029,5129.3,5234,41.271,-449.56,-6451.6,1092.3,-915.72,10688,326685,130,18,2293,0.10123,1.7347,1.3475
-444.98,-1080.5,1426.1,-0.74069,-1805.3,374.49,5.3918e+05,25745,1,777.39,-3915.4,4980.8,5127.1,-1.6652,-419.32,-6339.5,1134.4,-940.75,10467,325880,130,18,2293,0.11187,1.734,1.3475
-365.6,-1144.3,1480.5,-0.70622,-1883.1,298.32,5.4193e+05,24425,1,505.16,-4198.2,5306.4,5263.1,110.12,-526.5,-6454.4,1012.9,-815.54,10834,327279,130,18,2293,0.10075,1.7264,1.3581
-373.11,-1200.5,1550,-0.74244,-1971.5,310.02,5.4163e+05,24427,1,421.8,-4260.4,5381.9,5332.9,150.97,-549.12,-6528.1,966.71,-790.28,10965,327714,130,18,2293,0.090154,1.727,1.3581
-379.82,-1257,1619.9,-0.78837,-2060.3,321.59,5.4229e+05,24429,1,425.44,-4312,5458.8,5370,174.44,-543.04,-6573.6,948.88,-813.88,11068,327995,130,18,2293,0.079556,1.7275,1.3581
-386.13,-1314.2,1690.3,-0.83234,-2149.9,333.43,5.4357e+05,24431,1,386.17,-4406.7,5586.8,5394.3,218.96,-552.13,-6597.6,911.74,-825.63,11193,328337,130,18,2293,0.068954,1.728,1.3581
-391.65,-1371.5,1760.8,-0.79602,-2239.6,345.15,5.4548e+05,24433,1,333.19,-4504.1,5718.1,5387.7,268.59,-566.18,-6594.8,876.13,-840.49,11284,328546,130,18,2293,0.05835,1.7283,1.3581
-400.58,-1485.1,1901.2,-0.15261,-2417.5,368.6,5.4973e+05,24437,1,235.21,-4595.8,5849,5150.2,381.6,-630.96,-6290,751.5,-780.5,11099,328072,130,18,2293,0.037137,1.7289,1.3581
-396.35,-1428.7,1831.5,-0.56811,-2329.2,356.76,5.4818e+05,24435,1,295.38,-4554.6,5786.8,5362.8,302.08,-573.18,-6592.9,851.64,-852.1,11284,328547,130,18,2293,0.047744,1.7287,1.3581
-403.49,-1538.4,1966.5,-0.0093482,-2500.4,379.85,5.4672e+05,24439,1,108.28,-4618.1,5864.7,4958.9,458.84,-680.39,-6041.4,657.86,-716.78,10883,327434,130,18,2293,0.026527,1.7291,1.3581
-405.65,-1640.7,2090.4,-0.16869,-2658.2,400.61,5.5478e+05,24443,1,119.15,-4626.7,5896.2,4890.9,523.76,-689.2,-5923.7,552.86,-678.3,10803,327160,130,18,2293,0.0053061,1.7293,1.3581
-404.18,-1589.1,2028.1,-0.035209,-2578.8,389.54,5.5219e+05,24441,1,61.035,-4598.9,5862.4,4837.6,517.39,-720.1,-5852,557.53,-637.44,10749,326948,130,18,2293,0.015917,1.7293,1.3581
-406.9,-1692.7,2153.4,-0.2401,-2738.3,412.09,5.5741e+05,24445,1,83.775,-4673.8,5946.3,4897.2,555.17,-684.25,-5934.8,518.11,-685.85,10860,327355,130,80,2304,-0.005305,1.7293,1.3581
-406.91,-1849.1,2342.5,-0.21114,-2978.7,446.52,5.6049e+05,24451,1,59.811,-4754.8,6060,4929.7,609.28,-638.5,-5963.2,451.59,-742.13,10988,327768,130,80,2304,-0.037135,1.7289,1.3581
-407.52,-1796.9,2279.6,-0.16157,-2898.7,435.03,5.5911e+05,24449,1,28.087,-4728.7,6008.2,4903.8,604.2,-672.04,-5941.6,461.75,-702.45,10924,327586,130,80,2304,-0.026526,1.7291,1.3581
-407.61,-1744.8,2216.5,-0.19871,-2818.5,423.65,5.5854e+05,24447,1,79.15,-4700.1,5993,4900,579.51,-677.43,-5943.2,490.34,-699.58,10903,327512,130,80,2304,-0.015916,1.7293,1.3581
-739.21,-443.11,579.33,-86.715,-787.64,671.19,4.6302e+05,29723,1,-35441,16856,-15750,19015,-8840.8,8180.6,-29817,15227,-14664,60256,351723,130,45,2299,0.24251,1.7454,1.3153
-502.69,-576.85,860.15,3.2602,-1070.9,422.44,4.693e+05,29725,1,-9554.8,2211.7,-1169.3,7556.3,-2161.5,1503.8,-14900,6792.3,-6317.4,21671,339208,130,45,2299,0.23179,1.7468,1.3153
-528.09,-611.25,918.05,10.083,-1138.1,447.24,5.3336e+05,29727,1,436.24,-2605.4,3406.2,4286.2,-346.61,-270.2,-6646.4,2289.2,-1898.6,9495.5,323091,130,45,2299,0.22107,1.7482,1.3153
-573.18,-645.28,953.72,2.2349,-1188.4,492.05,5.6289e+05,29729,1,2192.4,-3944.6,4892.1,3414.4,262.55,-894.85,-3772.5,381.74,94.805,8438.8,319217,130,45,2299,0.21034,1.7495,1.3153
-595.18,-724.16,1049.7,-0.23763,-1310,514.14,5.4244e+05,29733,1,488.81,-3031.5,3958.5,3829.9,60.717,-628.77,-4646.8,869.64,-491.22,7921.9,316747,130,45,2299,0.18885,1.752,1.3153
-587.38,-683.45,998.96,0.045385,-1246.5,506.18,5.506e+05,29731,1,610.03,-3040.1,3960.7,3733.9,95.648,-694.71,-4496.1,763.67,-336.35,7787.6,315966,130,45,2299,0.1996,1.7508,1.3153
-528.63,-735.31,1042,0.0090295,-1306.2,446.78,5.5108e+05,28393,1,580.43,-3269.4,4214.5,3735.2,135.61,-707.15,-4444.8,743,-348.51,7980.5,317067,130,39,2298,0.18798,1.7439,1.3261
-535.86,-776.11,1092.4,-0.319,-1369.7,454.68,5.4276e+05,28395,1,498.62,-3180.5,4118,3917.3,59.599,-601.45,-4757.2,901.26,-551.12,8171.9,318079,130,39,2298,0.17728,1.7451,1.3261
-544.18,-819.41,1146.7,-0.3517,-1437.8,463.91,5.421e+05,28397,1,526.34,-3189.8,4134,4133.3,-15.969,-497.76,-5096.7,1042.6,-733.17,8513.2,319470,130,112,2307,0.16657,1.7461,1.3261
-553.66,-864.71,1203.8,-0.32977,-1509.3,474.64,5.4241e+05,28399,1,686.07,-3267.3,4224.2,4356.3,-67.836,-421.99,-5396.4,1125.4,-849.24,8902.7,321047,130,112,2307,0.15585,1.7471,1.3261
-491.71,-919.12,1248.5,-0.53689,-1572.9,413.97,5.3945e+05,27067,1,746.84,-3405.8,4361.1,4553.2,-67.034,-404.91,-5644,1152.3,-892.72,9276.7,322439,130,18,2293,0.14445,1.7399,1.3368
-502.81,-968.97,1311.2,-0.50832,-1651.8,427.08,5.4093e+05,27069,1,787.92,-3542.1,4530,4753.5,-81.699,-365.57,-5881.8,1190.4,-964.81,9662.7,323610,130,18,2293,0.13378,1.7407,1.3368
-527.76,-1074.6,1443.9,-0.58452,-1819.1,457.48,5.4415e+05,27073,1,978.95,-3698.5,4735.8,5072,-103.96,-297.33,-6297.4,1244.9,-1084.9,10260,325233,130,18,2293,0.1124,1.7422,1.3368
-514.66,-1020.5,1376,-0.54415,-1733.5,441.42,5.4249e+05,27071,1,911.83,-3620.3,4632.3,4936.2,-102.86,-319.74,-6123.1,1231.9,-1041.9,9998.5,324499,130,18,2293,0.12309,1.7415,1.3368
-541.17,-1129.3,1512.6,-0.57814,-1905.5,474.46,5.4594e+05,27075,1,983.49,-3839.8,4930.5,5145.7,-56.513,-317.27,-6386.9,1206.5,-1087.7,10490,325958,130,18,2293,0.10171,1.7429,1.3368
-465.07,-1192,1565.2,-0.6141,-1981.2,402.3,5.4228e+05,25749,1,679.9,-4160.8,5311.9,5281,85.554,-464.88,-6506.5,1063.8,-932.86,10883,327433,130,18,2293,0.090587,1.7353,1.3475
-473.63,-1248.7,1635.6,-0.60312,-2070.2,415.68,5.4515e+05,25751,1,545.41,-4307,5509.1,5352.4,133.35,-484.29,-6571.9,1027.4,-937.9,11101,328075,130,18,2293,0.079937,1.7358,1.3475
-481.64,-1305.6,1706.1,-0.5807,-2159.4,429.19,5.4771e+05,25753,1,604.62,-4375.8,5618.9,5328.6,167.13,-490.34,-6552.3,996.55,-949.21,11161,328266,130,18,2293,0.069285,1.7363,1.3475
-488.99,-1362.4,1776.4,-0.46003,-2248.3,442.74,5.4965e+05,25755,1,484.63,-4430.8,5681.8,5337.8,213.47,-511.03,-6557.2,945.86,-927.24,11212,328378,130,18,2293,0.058631,1.7366,1.3475
-495.83,-1418.8,1846.2,-0.23247,-2336.4,456.47,5.4936e+05,25757,1,411.75,-4482.4,5757.3,5252.2,292.88,-567.02,-6438.2,840.58,-849.73,11148,328232,130,18,2293,0.047974,1.737,1.3475
-503.89,-1525.1,1976,-0.26217,-2500.7,480.43,5.4497e+05,25761,1,102.79,-4525.3,5819.7,4884.9,474.76,-707.15,-5922.9,573.5,-620.88,10749,326947,130,18,2293,0.026655,1.7374,1.3475
-501.52,-1473.4,1913.1,-0.16334,-2421.1,469.76,5.4662e+05,25759,1,284.93,-4432.3,5717.3,4961,396.17,-649.75,-6012,663.35,-689.61,10749,326946,130,18,2293,0.037315,1.7372,1.3475
-505.22,-1577.1,2039.1,-0.29616,-2580.6,490.68,5.5165e+05,25763,1,178.89,-4565.5,5890.3,4893.2,462.87,-652.53,-5953.5,591.59,-696.36,10790,327109,130,80,2304,0.015993,1.7376,1.3475
-507.08,-1629.4,2102.6,-0.32442,-2661,502.07,5.5521e+05,25765,1,168.84,-4626.8,5966,4903.3,476.74,-634,-5950.5,604.94,-756.82,10828,327252,130,80,2304,0.0053315,1.7376,1.3475
-509.12,-1681.6,2166,-0.25189,-2741.2,514.28,5.5559e+05,25767,1,143.52,-4624.3,5963.5,4871.6,505.44,-638.88,-5913.4,574.47,-756.49,10828,327253,130,80,2304,-0.0053305,1.7376,1.3475
-510.18,-1733.4,2228.8,-0.17165,-2820.6,526.11,5.5495e+05,25769,1,143.49,-4638,5987.7,4867.4,546.27,-649.87,-5902.1,523.05,-741.94,10838,327290,130,80,2304,-0.015992,1.7376,1.3475
-511.45,-1891.7,2419.8,-0.30872,-3062.4,563.49,5.6356e+05,25775,1,107.32,-4794.1,6178.1,4957.8,590.05,-580.78,-6003.6,481.94,-837.67,11109,328105,130,80,2304,-0.047972,1.737,1.3475
-510.96,-1838.2,2355.3,-0.2744,-2980.8,550.31,5.6057e+05,25773,1,183.73,-4773,6171.8,4981.4,575.5,-605.08,-6035.6,496.64,-809.45,11124,328154,130,80,2304,-0.037314,1.7372,1.3475
-510.69,-1785.5,2291.8,-0.16086,-2900.3,538.02,5.5646e+05,25771,1,85.47,-4700.4,6049.5,4906.5,581.83,-651.63,-5939.8,482.06,-737.62,10936,327629,130,80,2304,-0.026653,1.7374,1.3475
-1067.1,-234.95,279.67,-152.56,-456.82,1019.8,4.7573e+05,32417,1,-42847,20830,-19443,23986,-10848,9771.5,-33275,15789,-14609,70755,353624,130,55,2301,0.2663,1.7581,1.2936
-890.53,-349.63,441.01,-119.94,-636.19,831.05,4.6581e+05,31067,1,-38597,19461,-18575,20338,-9050.2,8172,-33283,16319,-15421,66239,352862,130,48,2300,0.25437,1.7518,1.3045
-573.28,-559.18,874.01,11.543,-1077.2,494.74,5.3181e+05,31071,1,-131.07,-1856.3,2545.4,4568.8,-446.23,-227.15,-7429.6,2579.8,-2113.3,9868.5,324174,130,48,2300,0.23285,1.7548,1.3045
-547.8,-520.38,804.2,1.4504,-997.9,470.97,4.6664e+05,31069,1,-14050,4995.3,-3972.3,9359.7,-2729.1,1877.6,-18983,8213.7,-7400.5,28623,342875,130,48,2300,0.24361,1.7533,1.3045
-625.45,-593.29,909.34,2.437,-1127.8,546.08,5.6328e+05,31073,1,2324.2,-3772.7,4682.7,3481.5,213.23,-877.56,-3896,402.63,116.83,8357.8,318927,130,45,2299,0.22208,1.7562,1.3045
-641.36,-632.12,955.7,0.07817,-1187.1,561.33,5.4946e+05,31075,1,779.16,-2868.8,3738.3,3700.1,52.249,-663.92,-4437.6,799.5,-366.18,7577,314957,130,45,2299,0.2113,1.7575,1.3045
-603.65,-766.75,1103.2,-0.31695,-1376.9,523.07,5.4184e+05,29735,1,607.79,-3030,3964.8,4074.5,-31.879,-509.74,-5042.5,1032.6,-695.79,8313.3,318733,130,112,2307,0.1781,1.7531,1.3153
-659.1,-714.71,1059.7,-0.26146,-1316.6,578.71,5.4104e+05,31079,1,622.83,-2851.4,3756.4,3962.5,-44.045,-516.21,-4918.8,1024.3,-667.56,8018,317239,130,112,2307,0.18971,1.76,1.3045
-649.76,-672.71,1006.5,-0.21031,-1250.5,569.38,5.4135e+05,31077,1,506.7,-2764.9,3649.8,3826.1,-1.6618,-585.29,-4712.5,934.8,-536.99,7718.4,315627,130,112,2307,0.20051,1.7588,1.3045
-613.44,-811.13,1159.1,-0.44334,-1446.7,533.64,5.4224e+05,29737,1,629.05,-3137.1,4095.2,4188.3,-53.468,-459.94,-5181.3,1077.7,-777.37,8566,319627,130,112,2307,0.16734,1.7542,1.3153
-624.69,-857.66,1217.9,-0.57272,-1520.2,546.01,5.4215e+05,29739,1,861.83,-3191.6,4160.8,4463.9,-129.14,-362.41,-5572.1,1192,-924.96,9035.5,321570,130,112,2307,0.15657,1.7552,1.3153
-638.01,-907.52,1281.2,-0.69375,-1599.3,560.74,5.4227e+05,29741,1,1029.8,-3302.7,4295.5,4701.7,-195.59,-259.28,-5895.8,1308.8,-1095,9502.9,323111,130,112,2307,0.1458,1.7561,1.3153
-564.76,-912.71,1264.3,-0.39546,-1585.2,487.31,5.4314e+05,28401,1,858.08,-3352,4325.1,4582.3,-119.96,-342.67,-5689.4,1206.1,-967.99,9304.2,322521,130,112,2307,0.14513,1.748,1.3261
-578.04,-963.22,1328,-0.57258,-1665.2,502.53,5.4425e+05,28403,1,993.97,-3412.4,4398.2,4778.1,-144.72,-299.2,-5951.4,1249.9,-1038,9642.4,323549,130,112,2307,0.1344,1.7489,1.3261
-592.38,-1016,1394.6,-0.73126,-1748.8,519.27,5.448e+05,28405,1,1121.2,-3538.1,4563.7,4989,-185.68,-219.56,-6230.5,1332.7,-1178.4,10078,324723,130,18,2293,0.12367,1.7497,1.3261
-607.67,-1070.6,1463.6,-0.8248,-1835.4,537.48,5.4534e+05,28407,1,1176,-3644.6,4712.3,5072.8,-183.5,-182.58,-6329.9,1356.2,-1260.3,10304,325360,130,18,2293,0.11293,1.7504,1.3261
-637.74,-1180.1,1601.6,-0.76751,-2008.4,575.34,5.4583e+05,28411,1,1183.7,-3744.9,4864.8,5117.9,-119.89,-194.01,-6368.2,1294.2,-1271.2,10449,325811,130,18,2293,0.091442,1.7517,1.3261
-554.35,-1184.4,1581.6,-0.48453,-1992.4,491.86,5.4647e+05,27077,1,1017.5,-3948.9,5079.9,5207.2,-5.06,-347.06,-6461.8,1157.4,-1070.5,10673,326615,130,18,2293,0.091016,1.7435,1.3368
-623.09,-1125.3,1532.6,-0.81513,-1921.9,556.47,5.4561e+05,28409,1,1184.7,-3675.6,4761.6,5087.7,-155.88,-185.87,-6344.7,1329.4,-1267.1,10352,325515,130,18,2293,0.10219,1.7511,1.3261
-567.35,-1240.7,1652.1,-0.37334,-2081.1,509.67,5.4712e+05,27079,1,913.86,-4084.6,5272.4,5247.8,73.667,-410.99,-6488.1,1073,-1010.3,10830,327264,130,18,2293,0.080316,1.744,1.3368
-586.53,-1353.8,1792.4,-0.31115,-2257.8,540.51,5.4875e+05,27083,1,619.74,-4340.2,5631,5241.8,219.37,-519.96,-6432.7,912.73,-903.03,11034,327888,130,18,2293,0.058908,1.7449,1.3368
-578.08,-1297.3,1722.6,-0.30337,-2169.8,525.89,5.4767e+05,27081,1,726.74,-4234,5485.7,5291.2,152.9,-475.01,-6515.7,989.32,-951.5,11006,327824,130,18,2293,0.069614,1.7445,1.3368
-592.61,-1409.3,1860.4,-0.52191,-2343.5,553.48,5.5106e+05,27085,1,451.74,-4444.4,5791.8,5085,306.85,-581.73,-6188.9,812.29,-841.63,10930,327613,130,18,2293,0.048201,1.7452,1.3368
-600.85,-1514,1986.8,-1.371,-2503.4,577.55,5.6329e+05,27089,1,280.96,-4487.3,5842.7,4878.9,355.7,-560.17,-5923.4,744.18,-853.25,10749,326945,130,18,2293,0.026781,1.7457,1.3368
-596.34,-1462.1,1924,-1.0926,-2424.1,564.81,5.5845e+05,27087,1,292.51,-4513.1,5894,4907.6,307.66,-535.52,-5916.9,842.93,-942.16,10783,327079,130,18,2293,0.037492,1.7455,1.3368
-609.37,-1619.1,2116.3,-0.38477,-2665.7,604.4,5.5436e+05,27093,1,195.61,-4497.4,5859.1,4873.8,470.95,-633.5,-5953.5,614.8,-777.16,10749,326949,130,80,2304,0.0053568,1.7459,1.3368
-605.72,-1566.6,2051.4,-1.0754,-2584.5,591.27,5.5885e+05,27091,1,235.77,-4489.6,5872.4,4826.9,364.31,-534.74,-5905.6,780.67,-951.33,10749,326944,130,80,2304,0.016069,1.7458,1.3368
-610.49,-1670.7,2179,-0.25116,-2744.7,615.61,5.5505e+05,27095,1,172.67,-4492.2,5866.6,4828.8,510.63,-647.49,-5846.9,568.51,-765.99,10749,326943,130,80,2304,-0.0053557,1.7459,1.3368
-611.69,-1722.4,2241.4,-0.31883,-2823.3,627.52,5.5746e+05,27097,1,283.88,-4576.4,5992.7,4884,489.37,-581.28,-5912.1,584.27,-836.33,10833,327274,130,80,2304,-0.016068,1.7458,1.3368
-614.32,-1774.7,2304.8,-0.19966,-2903,641.47,5.571e+05,27099,1,270.82,-4672.8,6094.5,4929.2,518.69,-576.76,-5983.5,549.68,-836.58,10989,327775,130,80,2304,-0.02678,1.7457,1.3368
-616.35,-1934.7,2497.9,-0.11335,-3146.2,681.28,5.6296e+05,27105,1,178.71,-4888.6,6384.4,4966.7,575.58,-528.54,-6001.4,480.19,-894.35,11270,328513,130,80,2304,-0.058907,1.7449,1.3368
-618,-1882.1,2434.7,-0.0052945,-3066.5,669.73,5.4922e+05,27103,1,204.46,-4794.1,6271.6,4976.5,588.17,-591.88,-6033.4,446.34,-797.14,11183,328322,130,80,2304,-0.0482,1.7452,1.3368
-617.7,-1828.4,2369.9,-0.028378,-2984.9,656.82,5.5651e+05,27101,1,288.05,-4695.3,6145.2,4959.2,538.05,-567.97,-6006.6,508.45,-828.6,11051,327932,130,80,2304,-0.037491,1.7455,1.3368
-1316,-108.71,121.64,-182.84,-281.06,1283,4.8246e+05,33773,1,-45339,21658,-19958,25322,-11441,10218,-31014,14757,-13588,71859,353790,130,55,2301,0.27832,1.7642,1.2826
-616.51,-453.42,776.01,16.229,-943.72,544.96,5.1475e+05,33777,1,-3657.5,1291.8,-991.87,6215.1,-1418.8,692.9,-11600,4456.4,-3774.8,15027,333889,130,48,2300,0.25665,1.7675,1.2826
-700.54,-380.33,610.88,-34.324,-776.73,635.68,4.6271e+05,33775,1,-30088,14458,-13471,14995,-6014.8,5091.7,-28098,13847,-13097,52303,350209,130,55,2301,0.26749,1.7659,1.2826
-606.58,-459.38,732.65,-7.1027,-911.18,534.28,4.6428e+05,32419,1,-20102,9025.2,-8161.5,11989,-4054.4,3090.7,-23833,10897,-9998.6,38841,346818,130,48,2300,0.25551,1.7597,1.2936
-604.67,-506.55,828.5,14.373,-1014.1,529.2,5.2705e+05,32421,1,-1546,-520.94,1039.9,5263.5,-864.03,164.12,-9280.4,3528,-3005.7,11825,329611,130,48,2300,0.24471,1.7612,1.2936
-670.08,-540.93,864.29,3.5407,-1066.2,593.11,5.6171e+05,32423,1,3103.5,-3745,4539.3,3532.5,181.67,-883.99,-3933,390.83,174.2,8556.1,319603,130,48,2300,0.2339,1.7627,1.2936
-700.01,-621.79,963.23,-0.14016,-1191.3,620.79,5.4238e+05,32427,1,668.98,-2648.1,3497.5,3788.8,-14.059,-604.12,-4652.5,887.56,-444.83,7552.7,314835,130,45,2299,0.21225,1.7654,1.2936
-690.93,-580.69,911.35,0.1672,-1126.9,612.62,5.5068e+05,32425,1,955.56,-2689.9,3504.9,3765.6,-2.7898,-642.36,-4557.6,820.51,-339.53,7522.3,314717,130,48,2300,0.22308,1.7641,1.2936
-709.72,-663.82,1016.9,-0.10706,-1257.7,629.96,5.4245e+05,32429,1,670.88,-2638.1,3498.2,3907.8,-77.133,-502.68,-4888.9,1036.4,-654.84,7783.3,315948,130,112,2307,0.20141,1.7667,1.2936
-669.84,-758.49,1115.3,-0.3647,-1385.6,589.75,5.415e+05,31081,1,749.5,-2949.2,3878.7,4139,-88.102,-448.03,-5155.4,1110.1,-792.71,8371.6,318970,130,112,2307,0.17891,1.7611,1.3045
-681.78,-804.36,1173.6,-0.52871,-1458.2,602.31,5.4235e+05,31083,1,872.2,-3055.2,4014.8,4338.4,-142.24,-366.22,-5432.9,1209.7,-935.11,8777.5,320483,130,112,2307,0.1681,1.7622,1.3045
-733.67,-751.73,1129.8,-0.12618,-1397.2,653.94,5.4368e+05,32433,1,963.73,-2831.4,3738,4212.2,-155.04,-372.53,-5312.9,1197.5,-900.39,8443.7,319232,130,112,2307,0.17972,1.769,1.2936
-720.84,-706.87,1072.1,-0.086923,-1325.9,640.93,5.4289e+05,32431,1,809.99,-2727.1,3607.5,4039.4,-114.42,-438.16,-5079.3,1115.3,-776.74,8079.3,317491,130,112,2307,0.19057,1.7679,1.2936
-694.53,-852.79,1235.4,-0.62347,-1535,616.01,5.4293e+05,31085,1,989,-3179.1,4173.7,4594.9,-217.21,-255.76,-5778.3,1339.6,-1118.3,9282.5,322458,130,112,2307,0.15729,1.7632,1.3045
-709.45,-904.12,1301.3,-0.65465,-1616.9,632.21,5.4394e+05,31087,1,1225,-3241.5,4250.6,4816,-262.39,-189.81,-6110.6,1425.3,-1238.5,9709.8,323752,130,112,2307,0.14647,1.7641,1.3045
-726.37,-957.38,1369.9,-0.61579,-1702.1,650.87,5.4494e+05,31089,1,1354,-3323.6,4354.4,4937.7,-294.94,-120.85,-6267.7,1484.2,-1348.3,9981.4,324438,130,112,2307,0.13564,1.765,1.3045
-652.8,-959.46,1347.4,-0.77267,-1681.9,577.36,5.4265e+05,29743,1,1213.6,-3421.3,4447.7,4914.8,-254.19,-157.63,-6185.1,1425.5,-1278.9,9956.3,324368,130,112,2307,0.13502,1.757,1.3153
-686.38,-1068.6,1486.6,-0.76779,-1855.7,616.15,5.4383e+05,29747,1,1318.7,-3531.9,4605.8,5055.1,-241.91,-119.6,-6346.3,1442.9,-1372.8,10261,325237,130,112,2307,0.11345,1.7585,1.3153
-669.13,-1013.4,1416.3,-0.75247,-1767.9,596.01,5.4296e+05,29745,1,1310.3,-3486.3,4535.4,5041.7,-266.8,-119.26,-6352.2,1463.7,-1356.7,10212,325116,130,112,2307,0.12424,1.7578,1.3153
-702.26,-1123,1555.4,-0.81358,-1941.5,635.64,5.4522e+05,29749,1,1330.6,-3633.7,4756.4,5074.8,-216.33,-106.49,-6353.4,1430,-1417.1,10384,325613,130,112,2307,0.10266,1.7592,1.3153
-718.68,-1178,1624.9,-0.83741,-2028.3,656.29,5.4697e+05,29751,1,1363.8,-3727.5,4892.6,5100.6,-205.2,-81.347,-6372.1,1432.6,-1472.3,10516,326050,130,112,2307,0.091864,1.7597,1.3153
-735.91,-1233.4,1694.6,-0.81878,-2115.3,678.39,5.4878e+05,29753,1,1377.3,-3780.9,4973.4,5046.4,-183.84,-72.015,-6291.7,1417.8,-1500.9,10501,326001,130,112,2307,0.081065,1.7603,1.3153
-652.48,-1234.7,1669.9,-0.74832,-2094,594.99,5.4687e+05,28413,1,1259.4,-3824.2,4983.9,5058.9,-76.149,-202.64,-6281.4,1254.5,-1283.3,10458,325835,130,18,2293,0.080692,1.7522,1.3261
-668.09,-1289.5,1738.4,-0.63881,-2179.8,616.15,5.4784e+05,28415,1,1067,-3995.9,5212.7,5160.5,63.847,-354.9,-6385.6,1082.6,-1093,10686,326676,130,18,2293,0.069939,1.7526,1.3261
-682.4,-1344.3,1806.8,-0.441,-2265.4,636.66,5.4853e+05,28417,1,1038.7,-4123.6,5408,5011.4,165.38,-438.91,-6180,977.83,-1022.4,10623,326434,130,18,2293,0.059184,1.753,1.3261
-692.98,-1398.8,1874.4,-0.27852,-2349.9,654.09,5.4948e+05,28419,1,700.7,-4324.3,5689.9,5107.1,288.89,-568,-6289.4,841.05,-882.89,10913,327544,130,18,2293,0.048426,1.7534,1.3261
-700.05,-1454,1942.6,-0.016209,-2435.3,668.67,5.5329e+05,28421,1,500.51,-4476,5908.4,4961.3,352.1,-610.69,-6056.5,782.31,-858.54,10878,327418,130,18,2293,0.037667,1.7536,1.3261
-704.3,-1507.4,2007.9,-0.012119,-2517.2,681.09,5.3692e+05,28423,1,210.54,-4540.8,5995.1,4865.5,378.3,-597.1,-5907.3,780.21,-912.44,10822,327220,130,18,2293,0.026906,1.7538,1.3261
-705.09,-1607.8,2129.6,0.068647,-2669.6,700.15,5.5358e+05,28427,1,182.67,-4431.7,5856.8,4764.5,461.58,-632.01,-5772.9,637.05,-814.91,10749,326942,130,80,2304,0.0053819,1.754,1.3261
-704.78,-1558.8,2070.3,0.0033315,-2595.4,690.4,5.4902e+05,28425,1,-4.5197,-4475.8,5920.4,4666,434.66,-633.25,-5645.8,692.89,-845.39,10749,326941,130,18,2293,0.016144,1.754,1.3261
-709.6,-1659.8,2192.1,-0.24145,-2748.3,714.68,5.5624e+05,28429,1,451.67,-4558.8,6038.1,4910.6,433.86,-551.16,-5920.5,641.98,-877.95,10876,327409,130,80,2304,-0.0053808,1.754,1.3261
-714.3,-1713.3,2256.9,-0.37981,-2829.5,730.04,5.5764e+05,28431,1,410.12,-4645.8,6150.1,4955,429.58,-507.77,-5986.7,646.51,-927.97,11031,327883,130,80,2304,-0.016143,1.754,1.3261
-717.5,-1766.5,2320.9,-0.54881,-2909.9,744.52,5.5937e+05,28433,1,384.36,-4676.5,6187.6,4900.7,447.06,-494.16,-5916.2,617.41,-932.39,11001,327808,130,80,2304,-0.026905,1.7538,1.3261
-730.41,-1981.3,2579.5,-0.33966,-3234,808.83,5.6397e+05,28441,1,370.54,-5056,6688,5060.5,523.13,-423.45,-6115.5,526.78,-1016.8,11628,329258,130,80,2304,-0.069938,1.7526,1.3261
-728.11,-1926.4,2513.5,-0.4181,-3151.3,792.7,5.6311e+05,28439,1,448.51,-4968.9,6595.2,5058.2,503.31,-442.34,-6135.4,542.19,-988.79,11547,329112,130,80,2304,-0.059183,1.753,1.3261
-723.77,-1870.7,2445.8,-0.73649,-3066.7,775.14,5.6314e+05,28437,1,495.57,-4842.9,6422.8,5018.6,497.81,-473.09,-6108.2,549.28,-952,11363,328699,130,80,2304,-0.048425,1.7534,1.3261
-720.33,-1818.1,2382.4,-0.90714,-2987.3,759.2,5.6256e+05,28435,1,405.77,-4781,6341.1,4886.3,458.63,-464.24,-5898.9,603.04,-971.03,11119,328134,130,80,2304,-0.037666,1.7536,1.3261
-1059.5,-162.71,222.4,-144.59,-372.61,1019.2,4.7317e+05,36499,1,-39132,21027,-20521,20811,-9606.1,8673.5,-28138,13962,-13185,64465,352507,130,55,2301,0.29166,1.7779,1.2606
-1501,48.343,-41.612,-183.39,-78.993,1489.1,4.8844e+05,35133,1,-46170,24594,-23771,26223,-12026,10787,-30072,14606,-13557,74510,354226,130,55,2301,0.29041,1.7702,1.2717
-878.52,-280.42,428.03,-90.128,-588.55,824.09,4.661e+05,35135,1,-37289,21113,-21117,19484,-8586.4,7623.6,-32214,16643,-16058,66077,352819,130,55,2301,0.27954,1.772,1.2717
-617.73,-404.81,716,12.075,-869.09,550.14,4.9651e+05,35137,1,-10101,5185.1,-5016.6,7891.1,-2551.7,1865.2,-15726,6532.6,-5735,23435,340256,130,55,2301,0.26866,1.7737,1.2717
-756.37,-475.57,814.96,2.1028,-997.47,683.72,5.5624e+05,35141,1,3517,-2468,2752.9,3788.1,-103.42,-588.99,-4532.4,676.85,-68.368,7858.2,316390,130,55,2301,0.24688,1.7768,1.2717
-696.51,-487.4,817.6,6.9308,-1001.6,622.81,5.5762e+05,33779,1,4963.8,-3891.4,4404.4,3424,179.04,-897.19,-3889.6,303.67,321.6,9330.9,322607,130,48,2300,0.2458,1.7691,1.2826
-688.94,-436.23,772.55,13.824,-937.17,619.11,5.505e+05,35139,1,5821.9,-3729.5,4023.3,3268.4,140.8,-856.37,-4486.5,386.26,374.07,9790,323958,130,55,2301,0.25777,1.7753,1.2717
-744.36,-570.86,918.55,-0.070087,-1130.9,666.86,5.4382e+05,33783,1,880.2,-2357.5,3094.9,3843.5,-76.134,-568.08,-4745.2,901.23,-412.85,7383.2,313757,130,48,2300,0.22407,1.7719,1.2826
-732.98,-528.4,864.73,0.62517,-1064.2,657.11,5.5344e+05,33781,1,1621.6,-2491.3,3142.4,3891.9,-67.39,-620.45,-4724.1,777.94,-210.73,7563.9,314889,130,48,2300,0.23494,1.7705,1.2826
-754.59,-613.16,973.18,0.02362,-1198.1,676,5.4296e+05,33785,1,778.06,-2320.4,3077.5,3884.1,-122.35,-476,-4911.3,1043.3,-626.51,7509.3,314645,130,45,2299,0.21319,1.7733,1.2826
-766.44,-655.96,1028.5,0.067034,-1266.2,687.2,5.4384e+05,33787,1,865.48,-2437.1,3234.3,3975.8,-137.77,-436.01,-5038.2,1098.7,-725.89,7764.2,315866,130,112,2307,0.20231,1.7746,1.2826
-779.49,-700.08,1085.6,0.03019,-1336.5,699.97,5.4478e+05,33789,1,990.67,-2559.5,3391,4092.4,-165.11,-383.82,-5195.8,1161.4,-828.94,8061.4,317425,130,112,2307,0.19142,1.7758,1.2826
-747.96,-798.57,1190,-0.21844,-1471.8,668.75,5.4469e+05,32435,1,1112.7,-2941.8,3880,4444.4,-200.95,-304.28,-5634.5,1288.7,-1029.1,8905,321056,130,112,2307,0.16886,1.7701,1.2936
-763.94,-848.69,1254.8,-0.28456,-1551.9,685.51,5.4574e+05,32437,1,1286.7,-3097.5,4083.9,4702.7,-256.27,-222.8,-5990.9,1393.4,-1177,9453.9,322966,130,112,2307,0.158,1.7711,1.2936
-811.26,-794.19,1207.9,-0.16811,-1487.2,732.17,5.467e+05,33793,1,1300.7,-2855.1,3777.6,4499.1,-266.91,-223.51,-5744.5,1367,-1134.2,8979.5,321313,130,112,2307,0.16961,1.778,1.2826
-794.39,-746.01,1145.2,-0.03565,-1410,714.92,5.4571e+05,33791,1,1287.3,-2684.1,3544.8,4333.9,-240.65,-276.37,-5560.8,1300.2,-1021.9,8602.4,319751,130,112,2307,0.18052,1.7769,1.2826
-781.31,-901.56,1323.3,-0.35823,-1636.7,704.03,5.4697e+05,32439,1,1371.3,-3268.8,4317.8,4914.9,-309.54,-130.39,-6262.4,1497.9,-1343.6,9937,324336,130,112,2307,0.14712,1.7721,1.2936
-745.1,-1012,1440.2,-0.53396,-1789.4,671.89,5.4584e+05,31091,1,1490.4,-3427.2,4496.8,5022.3,-296.46,-78.99,-6363.9,1506.6,-1430.8,10214,325124,130,112,2307,0.12481,1.7658,1.3045
-800.04,-956.24,1394,-0.5259,-1724.2,724.42,5.4874e+05,32441,1,1601.3,-3403.9,4502.4,5046.8,-341.95,-59.772,-6450.2,1561.7,-1466.6,10306,325363,130,112,2307,0.13625,1.7729,1.2936
-763.91,-1066.5,1509.9,-0.61586,-1876.1,693.66,5.4786e+05,31093,1,1545.5,-3574.3,4708.2,5047,-271.79,-65.45,-6369.6,1500.2,-1484.6,10388,325624,130,112,2307,0.11397,1.7665,1.3045
-782.92,-1121.6,1580.1,-0.73965,-1963.3,716.25,5.4995e+05,31095,1,1563.4,-3682.9,4866.3,5099.7,-271.49,-34.921,-6423.9,1519.9,-1551.8,10571,326258,130,112,2307,0.10313,1.7672,1.3045
-802.47,-1177.4,1651.2,-0.71582,-2051.6,740,5.5141e+05,31097,1,1539.3,-3762.1,4983.8,5090.2,-243.83,-32.572,-6399.4,1502.9,-1578.8,10625,326438,130,112,2307,0.092283,1.7678,1.3045
-821.26,-1232.3,1720.8,-0.59733,-2137.9,763.7,5.5279e+05,31099,1,1482.7,-3821.5,5093.2,4940.8,-164.95,-82.265,-6179.4,1419.1,-1542.6,10477,325912,130,112,2307,0.081435,1.7683,1.3045
-752.31,-1287.1,1762,-0.72666,-2199.2,700.39,5.5057e+05,29755,1,1319.6,-3829.4,5055.9,4923.2,-106.43,-120.46,-6106.1,1330.1,-1454.6,10458,325836,130,18,2293,0.070263,1.7607,1.3153
-768.26,-1338.7,1826.3,-0.55634,-2279.4,722.66,5.5197e+05,29757,1,1387.9,-3850.3,5092.9,4765.8,-19.63,-188.29,-5893.9,1219.2,-1367.3,10458,325843,130,18,2293,0.059457,1.7611,1.3153
-785.12,-1390.1,1890.3,-0.28151,-2359,746.44,5.5194e+05,29759,1,1141.7,-3932.9,5222.6,4761.3,150.15,-376.47,-5839.9,985.76,-1104.9,10458,325842,130,18,2293,0.04865,1.7615,1.3153
-803.89,-1493.5,2017.3,0.096476,-2517.2,780.89,5.4699e+05,29763,1,419.98,-4184.6,5593.4,4769,461.2,-721.94,-5775.8,550.53,-610.83,10458,325848,130,18,2293,0.027031,1.7619,1.3153
-799.97,-1442.5,1955.1,-0.0090069,-2439.7,768.81,5.5433e+05,29761,1,781.78,-4030.8,5370.8,4788.8,386.68,-655.79,-5862.6,657.47,-711.29,10458,325844,130,18,2293,0.037841,1.7617,1.3153
-805.99,-1545.2,2080,0.0058389,-2595.6,791.74,5.4727e+05,29765,1,275.89,-4489.3,6010.8,4832.4,478.23,-699.61,-5866.2,532.85,-641.92,10749,326940,130,18,2293,0.016219,1.7621,1.3153
-806.5,-1597.7,2143.6,-0.14525,-2675,801.59,5.5787e+05,29767,1,362.32,-4723.3,6329.6,4952.2,341.63,-470.44,-5971.9,731.84,-964.96,11158,328253,130,80,2304,0.0054067,1.7621,1.3153
-819.74,-1705.2,2272.8,-0.88736,-2836.8,835.4,5.5741e+05,29771,1,588.51,-4780.1,6412,4963.9,315.39,-360.64,-5990.5,755.88,-1087.3,11261,328496,130,80,2304,-0.016218,1.7621,1.3153
-813.09,-1651.7,2208.4,-0.70066,-2756.2,818.15,5.5798e+05,29769,1,626.69,-4735.3,6347.9,4968.2,303.18,-385.28,-5977.7,789.51,-1083,11206,328364,130,80,2304,-0.0054056,1.7621,1.3153
-825.39,-1759,2338,-0.84701,-2918.1,852.28,5.5835e+05,29773,1,567.83,-4912,6593.2,4922.9,326.38,-328.93,-5977.4,755.55,-1143.4,11401,328776,130,80,2304,-0.027029,1.7619,1.3153
-844.98,-1974.6,2597.2,-0.58507,-3241.3,923.04,5.6515e+05,29781,1,509.66,-5079.8,6827.5,5034.8,467.91,-357.14,-6076.8,595.16,-1121.8,11701,329402,130,80,2304,-0.070261,1.7607,1.3153
-835.26,-1866,2466.9,-0.74684,-3078.9,886.46,5.6292e+05,29777,1,583.38,-5009.9,6731.8,4960.6,351.19,-286.48,-6008.4,761.39,-1242.4,11567,329161,130,80,2304,-0.048649,1.7615,1.3153
-840.71,-1919.8,2531.4,-0.69205,-3159.4,905.01,5.6451e+05,29779,1,619.41,-5022.4,6753.1,5007.4,416.65,-330.96,-6050.2,669.14,-1170.4,11619,329243,130,80,2304,-0.059456,1.7611,1.3153
-830.37,-1812.7,2402.8,-0.77669,-2998.9,869.11,5.6078e+05,29775,1,563.37,-4979.6,6686.9,4941.7,328.6,-297.87,-5979,786.97,-1226.1,11503,329030,130,80,2304,-0.03784,1.7617,1.3153
-964.48,-2023.5,2681.9,-0.57622,-3331.9,1056.6,5.6554e+05,31129,1,589.17,-5190.5,7073.4,5037.1,451.23,-296.9,-6057.4,611.45,-1207.4,11896,329732,130,80,2304,-0.081434,1.7683,1.3045
-810.92,-179.74,280.87,-100.76,-408.58,769.22,4.5681e+05,39243,1,-41360,23366,-23504,19793,-8985,8062.1,-32465,16406,-15699,70115,353517,130,63,2302,0.30514,1.7912,1.2384
-481.63,-275.07,521.27,-1.1815,-629.01,428.59,4.7006e+05,40625,1,-30693,15188,-14435,14772,-5099.4,3716.4,-28740,10295,-7809.7,51304,350010,130,71,2303,0.30641,1.7986,1.2272
-1102.4,-20.037,6.1493,-172.08,-123.16,1082.1,4.5943e+05,40623,1,-52804,24412,-22035,23088,-9948,8551,-31220,12102,-9665.7,74941,354307,130,71,2303,0.31744,1.7967,1.2272
-1250.2,-11.2,8.2758,-177.15,-132.4,1230.6,4.7738e+05,37867,1,-49360,25315,-24131,24547,-10764,9383.1,-34863,13576,-10951,77368,354667,130,63,2302,0.30386,1.7837,1.2495
-633.67,-300.05,545.81,-17.89,-675.67,576.74,4.6896e+05,37869,1,-33309,19186,-19374,17679,-7198.3,6039.1,-29598,13029,-11529,58587,351428,130,63,2302,0.29291,1.7855,1.2495
-616.36,-361.52,653.35,3.2798,-795.11,552.5,4.8112e+05,36501,1,-24253,10955,-9919.2,13212,-4553.7,3425.1,-25586,9761.8,-7979.8,42747,347944,130,55,2301,0.28075,1.7797,1.2606
-591,-351.3,683.76,27.238,-812.15,529.04,5.3213e+05,37871,1,-47.784,2475.2,-3472,4921,-1198.5,587.18,-10106,3646.3,-2888.6,12959,331291,130,63,2302,0.28195,1.7873,1.2495
-651.59,-391.68,730.77,21.69,-876.71,585.58,5.4391e+05,36503,1,6720.8,-2426.5,1992.9,2829.5,118.26,-775.24,-4400.5,846.83,-242.43,9153.7,322025,130,55,2301,0.26983,1.7813,1.2606
-749.62,-425.06,763.68,4.8986,-928.63,680.76,5.5797e+05,36505,1,4999.8,-2125.8,1967,3583.3,-164.85,-500.19,-4439.1,609.43,48.057,8159.8,317993,130,55,2301,0.25889,1.783,1.2606
-779.71,-469.41,820.09,1.2898,-1000,707.69,5.4687e+05,36507,1,2093.7,-800.66,718.93,4060.5,-413.32,-209.14,-5315.7,1093.6,-510.19,7208.1,312793,130,55,2301,0.24795,1.7845,1.2606
-797.85,-514.77,881.12,1.045,-1074.7,723.2,5.4462e+05,36509,1,1619.1,-1019.3,1137.4,4008.5,-387.56,-201.13,-5261.3,1175.3,-679.65,7123,312307,130,48,2300,0.23699,1.786,1.2606
-774.82,-519.72,871.26,0.39963,-1067.7,699.72,5.4512e+05,35143,1,1245.6,-1569.9,1959.5,3988.8,-234.31,-411.88,-5052.8,1024.5,-495.9,7128.6,312327,130,48,2300,0.23597,1.7783,1.2717
-788.09,-563.29,928.2,0.21677,-1137.6,711.2,5.4433e+05,35145,1,1110.6,-1731.7,2224.1,3913.5,-229.84,-370.46,-5026.8,1092.1,-639.22,7180.2,312632,130,48,2300,0.22505,1.7797,1.2717
-802.21,-606.1,984.37,0.22611,-1206.4,724.13,5.4495e+05,35147,1,1203.6,-1929.4,2502.6,3919.7,-237.34,-323.99,-5063.7,1160.5,-779,7386.1,313776,130,112,2307,0.21413,1.7811,1.2717
-817.18,-649.33,1041.1,0.21804,-1275.9,738.37,5.4566e+05,35149,1,1100.5,-2179.3,2871,4003.4,-215.8,-335.69,-5126,1174.3,-825.96,7663.3,315363,130,112,2307,0.2032,1.7823,1.2717
-833.96,-694.6,1100.5,0.099708,-1348.8,754.72,5.4696e+05,35151,1,1461.6,-2329.1,3047.9,4212.9,-286.41,-232.06,-5463.6,1317.6,-1027.2,8208.3,318255,130,112,2307,0.19226,1.7836,1.2717
-852.82,-899.31,1345.4,-0.51558,-1656.7,775.49,5.4894e+05,33797,1,1798.5,-3209.6,4246.6,4978.7,-386.05,-36.909,-6431.3,1604.4,-1486.9,10132,324871,130,112,2307,0.14778,1.7799,1.2826
-830.67,-845.4,1274.7,-0.36616,-1569.6,752.27,5.4788e+05,33795,1,1687.6,-2980.9,3928.9,4797.2,-356.01,-103.16,-6193.9,1518.9,-1337.8,9632.4,323517,130,112,2307,0.1587,1.779,1.2826
-872.63,-791.92,1228.9,-0.056988,-1506.4,793.49,5.4895e+05,35155,1,1822.5,-2767.1,3641.8,4686,-398.42,-67.187,-6112.7,1569.9,-1387.4,9387.1,322765,130,112,2307,0.17035,1.7858,1.2717
-852.27,-741.84,1162.7,0.034354,-1425.2,772.93,5.4782e+05,35153,1,1509.8,-2517.4,3317,4411.3,-316.49,-183.75,-5721.5,1400.3,-1150.9,8673.7,320026,130,112,2307,0.18131,1.7847,1.2717
-819.36,-1011,1464.5,-0.71084,-1811.6,746.04,5.5021e+05,32443,1,1661.2,-3498.5,4637.9,5018.7,-362.41,10.999,-6384.7,1607.1,-1585.8,10377,325590,130,112,2307,0.12537,1.7737,1.2936
-841.58,-1066,1535.4,-0.83168,-1899.3,771.2,5.5123e+05,32445,1,1817.6,-3560.5,4727.5,5050.4,-371.15,59.636,-6442.4,1644.9,-1684.8,10537,326126,130,112,2307,0.11448,1.7745,1.2936
-876.09,-954.9,1418.1,-0.68904,-1746.3,800.35,5.5e+05,33799,1,1987.5,-3430.9,4559.4,5142,-410.16,26.113,-6653.1,1688.8,-1644.2,10627,326449,130,112,2307,0.13685,1.7808,1.2826
-899.84,-1012.3,1493.1,-0.78719,-1838.8,826.23,5.5107e+05,33801,1,1799.6,-3569.5,4771.1,5131.2,-411.43,67.516,-6583.2,1710,-1725.2,10700,326727,130,112,2307,0.12593,1.7816,1.2826
-865.37,-1121.8,1607.4,-0.77822,-1988.3,798.54,5.5212e+05,32447,1,1765.7,-3651.9,4859,5088.4,-316.53,27.055,-6454.1,1592.3,-1665.1,10625,326439,130,112,2307,0.10359,1.7751,1.2936
-886.87,-1177.2,1678.4,-0.6634,-2076,824.29,5.5324e+05,32449,1,1731.9,-3733.8,5006.4,4956.3,-241.91,-20.199,-6259.5,1520.5,-1643.9,10527,326084,130,112,2307,0.092699,1.7757,1.2936
-924.46,-1282.9,1812.1,-0.40344,-2241.1,872.57,5.5483e+05,32453,1,1491.8,-3823.9,5170.4,4768.8,-96.602,-128.69,-5909.4,1327.3,-1499.1,10458,325847,130,112,2307,0.070901,1.7767,1.2936
-906.33,-1230.8,1746.5,-0.53782,-2160.2,848.75,5.5447e+05,32451,1,1550.3,-3787.1,5102,4841.7,-162.88,-82.799,-6066.2,1420.7,-1566.8,10458,325852,130,112,2307,0.081801,1.7763,1.2936
-838.45,-1285.7,1787.9,-0.47657,-2221.3,786.51,5.5404e+05,31101,1,1350,-3841.6,5135.6,4861.6,-101.42,-126.04,-6031.1,1342.6,-1493.4,10458,325849,130,112,2307,0.070583,1.7688,1.3045
-853.89,-1337.9,1852.8,-0.48551,-2301.9,808.26,5.551e+05,31103,1,1328.1,-3841.7,5144.3,4723.9,-73.106,-120.45,-5811.6,1298.2,-1489,10458,325837,130,112,2307,0.059729,1.7692,1.3045
-880.97,-1431.9,1966.6,-1.0437,-2443.6,850.02,5.5875e+05,31107,1,1136,-3860,5204.9,4481.2,113.28,-282.19,-5380.8,1010.1,-1216.6,10458,325839,130,18,2293,0.038014,1.7698,1.3045
-868.54,-1387.6,1913.8,-0.66838,-2377.7,829.89,5.5657e+05,31105,1,1152.5,-3825.4,5152.2,4367,4.5801,-174.78,-5263.1,1184.7,-1405.9,10458,325838,130,18,2293,0.048872,1.7695,1.3045
-896.4,-1481.9,2026.7,-1.5982,-2518.7,873.57,5.5991e+05,31109,1,941.05,-4147.1,5599.2,4684.7,251,-431.25,-5652.5,796.14,-969.81,10458,325846,130,18,2293,0.027154,1.77,1.3045
-917.9,-1590.6,2160.2,-1.2233,-2684.3,913.01,5.5724e+05,31113,1,589.41,-4692.8,6356.2,5163.1,294.45,-424.01,-6318.6,761.9,-1002.2,11422,328835,130,80,2304,0.0054314,1.7702,1.3045
-907.12,-1533,2088.9,-1.6014,-2596,892.97,5.5778e+05,31111,1,1143.5,-4380.2,5941.8,4934.3,167.23,-286.4,-6039.1,933.92,-1198.6,10910,327536,130,80,2304,0.016293,1.7701,1.3045
-923.33,-1646.8,2228.6,-1.3616,-2769.3,928.38,5.5898e+05,31115,1,680.66,-4865.1,6598.2,5065.1,232,-296.63,-6135.5,896.84,-1237.8,11422,328837,130,80,2304,-0.0054303,1.7702,1.3045
-937.94,-1755,2358.1,-2.1942,-2930.8,964.75,5.6434e+05,31119,1,782.8,-4863.4,6605.9,4928.4,183.98,-150.46,-6025.1,995.73,-1471.7,11422,328836,130,80,2304,-0.027153,1.77,1.3045
-929.01,-1701.3,2293.2,-2.2285,-2850.2,944.63,5.6198e+05,31117,1,646.2,-4974.6,6773.9,5039.7,138.05,-124.68,-6085.1,1114.3,-1592.6,11422,328840,130,80,2304,-0.016292,1.7701,1.3045
-945.48,-1808.1,2423.7,-1.1078,-3011.5,984.09,5.6325e+05,31121,1,689.35,-4888.4,6651.3,4865.8,274.31,-229.97,-5903,877.89,-1364,11401,328777,130,80,2304,-0.038013,1.7698,1.3045
-955.5,-1915.3,2552.9,-0.56826,-3171.6,1019.6,5.6383e+05,31125,1,645.01,-5076.1,6908.4,4943.7,371.21,-273.76,-5950.3,727.74,-1261.9,11666,329331,130,80,2304,-0.059728,1.7692,1.3045
-960.33,-1969,2616.9,-0.59556,-3251.1,1038.1,5.6492e+05,31127,1,617.85,-5114.7,6969.2,4971.5,416.54,-295.41,-5970.7,663.22,-1222.9,11733,329461,130,80,2304,-0.070582,1.7688,1.3045
-950.84,-1862,2489.1,-0.61761,-3092.4,1001.9,5.6296e+05,31123,1,670.29,-5000.3,6817,4926.3,339.09,-271.9,-5962.2,766.79,-1269.5,11581,329190,130,80,2304,-0.048871,1.7695,1.3045
-1089.4,-2074.3,2768.3,-0.60953,-3423.8,1196.1,5.6649e+05,32483,1,682.41,-5366.7,7416.8,5054,430.34,-228.18,-6049.6,622.58,-1288.7,12194,330199,130,80,2304,-0.092698,1.7757,1.2936
-1084.7,-2019.4,2703.2,-0.6227,-3343.3,1176.4,5.6582e+05,32481,1,742.57,-5301.8,7327.7,5011.2,390.86,-219.61,-6003.8,682.21,-1316.7,12079,330017,130,80,2304,-0.0818,1.7763,1.2936
-1078.6,-1964.7,2638.2,-0.71361,-3262.9,1156.1,5.6504e+05,32479,1,814.55,-5207.9,7198.5,4948.3,347.83,-206.02,-5930.3,744.36,-1348.1,11908,329749,130,80,2304,-0.0709,1.7767,1.2936
-506.35,-310.94,609.9,22.218,-722.95,449.33,5.024e+05,39245,1,-8523.9,6573.7,-7396.4,7611,-2580.5,1900.6,-16807,6198.5,-4924.6,24164,340646,130,63,2302,0.29415,1.793,1.2384
-500.59,-302.67,626.74,34.723,-731.97,444.99,5.4112e+05,40627,1,10236,-490.11,-1741.5,2470.3,-112.05,-428.71,-5033,1039.1,-300.98,11868,329678,130,63,2302,0.29537,1.8005,1.2272
-308.82,-276.83,568.48,43.795,-653.24,257.94,5.0947e+05,42011,1,-10124,8160.5,-9427,6588.3,-2005.7,1278,-17459,5845,-4189.5,25760,341540,130,71,2303,0.30767,1.806,1.216
-662.49,-174.68,260.53,-95.271,-375.94,621.99,4.4502e+05,42009,1,-46223,24347,-23899,18023,-7504.7,6342.8,-30340,14220,-13104,70826,353635,130,71,2303,0.31875,1.8041,1.216
-913.34,21.748,-55.829,-150.24,-31.661,902.33,4.3721e+05,43397,1,-55802,26955,-25010,23665,-9314.2,7432.1,-29911,10091,-6939.8,78820,354857,130,71,2303,0.33115,1.8094,1.2048
-327.27,-226.13,430.95,2.1957,-513.71,282.93,4.5942e+05,43399,1,-25719,12666,-12063,11994,-3252.1,1653.2,-25055,7379.4,-4368.3,42730,347939,130,71,2303,0.32004,1.8114,1.2048
-712.34,-377.97,710.78,8.6151,-857.85,647.7,5.5868e+05,37873,1,6717.8,-1992.3,1385.7,3291.1,-208.58,-406.03,-3908.7,320.25,376.27,8807.9,320618,130,55,2301,0.27098,1.789,1.2495
-720.24,-373.96,707.5,3.8063,-853.61,656.11,5.5194e+05,39249,1,5912.7,-1265.4,513.08,3600.3,-356.2,-276.69,-4637.4,517.78,269.08,8475.6,319347,130,63,2302,0.27212,1.7965,1.2384
-630.37,-335.02,661.21,17.769,-788.07,570.46,5.5265e+05,39247,1,9252.8,-2904.2,2084.5,2859.1,-13.849,-628.21,-4426.1,31.837,964.06,11291,328563,130,63,2302,0.28314,1.7948,1.2384
-758.44,-420.72,764.81,2.3343,-927.85,690.12,5.4806e+05,37875,1,3098.4,-447.8,-11.122,4004.3,-486.35,-134.59,-5261.3,965.84,-292.88,7517.3,314692,130,55,2301,0.26,1.7906,1.2495
-781.86,-467.51,829.47,1.784,-1006.8,710.08,5.4502e+05,37877,1,2276.4,-271.21,-70.551,4146.5,-541.68,-54.963,-5661.9,1180.1,-556.81,7517.3,314691,130,55,2301,0.249,1.7921,1.2495
-806.21,-513.74,894.17,1.8058,-1085.4,731.63,5.4553e+05,37879,1,2318.8,-431.44,175.97,4062.5,-569.21,41.038,-5592.2,1348.2,-867.66,7501.2,314606,130,112,2307,0.238,1.7936,1.2495
-817.59,-558.88,940.37,0.76835,-1147.2,741.01,5.4602e+05,36511,1,1770.3,-1178.4,1355.1,3899.4,-400.43,-127.65,-5160.3,1262.8,-871.46,7122.1,312301,130,112,2307,0.22603,1.7874,1.2606
-833.26,-558.3,955.7,1.294,-1160.6,756.63,5.4742e+05,37881,1,2185.6,-708.05,616.01,3916.4,-522.88,36.458,-5279.4,1353.8,-980.01,7206.6,312787,130,112,2307,0.22699,1.7951,1.2495
-837.66,-601.7,997.69,0.57435,-1217.3,759.85,5.471e+05,36513,1,1558.9,-1414.6,1735.6,3899.9,-350.71,-169.95,-5111.6,1239.2,-881.73,7158.7,312530,130,112,2307,0.21506,1.7888,1.2606
-857.96,-645.55,1056.5,0.54587,-1289.1,779.32,5.4765e+05,36515,1,1789.2,-1679.4,2093,4045,-386.12,-105.38,-5338.9,1353.8,-1059.4,7641,315259,130,112,2307,0.20408,1.7901,1.2606
-880.66,-691.63,1118.4,0.4026,-1364.7,801.46,5.4923e+05,36517,1,1890,-1943.2,2469.5,4249.4,-405.94,-72.911,-5611.2,1444.3,-1194.1,8165.3,318051,130,112,2307,0.19309,1.7913,1.2606
-904.11,-739.93,1183.3,0.35336,-1443.9,824.7,5.5054e+05,36519,1,2147.3,-2280.7,2931.8,4509.7,-465.59,12.075,-6004.1,1603.5,-1414.7,8921,321112,130,112,2307,0.18209,1.7924,1.2606
-922.39,-900.44,1372.8,-0.40761,-1683.1,844.72,5.5146e+05,35159,1,2174.7,-3190.2,4231.6,5029.7,-503.18,120.95,-6581.8,1811.7,-1779.9,10399,325661,130,112,2307,0.14843,1.7877,1.2717
-896.32,-845.48,1299.8,-0.3232,-1593.4,817.65,5.5055e+05,35157,1,2035.1,-3075.7,4070.5,4925.5,-489.34,77.953,-6442.2,1761.9,-1678.9,10105,324802,130,112,2307,0.15939,1.7868,1.2717
-949.84,-956.74,1447.5,-0.514,-1774.6,873.74,5.5264e+05,35161,1,2303.8,-3323.3,4422.1,5114.4,-513.03,161.82,-6687.7,1853.9,-1875.9,10679,326645,130,112,2307,0.13746,1.7886,1.2717
-962.7,-847.38,1328.7,0.10594,-1621.6,883.59,5.5344e+05,36523,1,2560.3,-2849.6,3726.1,4971.8,-549.12,143.6,-6616,1835.8,-1764,10191,325062,130,112,2307,0.16008,1.7945,1.2606
-931.31,-791.79,1253.6,0.41743,-1529.7,851.91,5.5136e+05,36521,1,2411.4,-2622.9,3404.2,4831,-536.73,109.44,-6437.5,1778,-1657.9,9760.8,323878,130,112,2307,0.17109,1.7935,1.2606
-922.52,-1069,1566.9,-0.74563,-1929.6,851.78,5.5208e+05,33803,1,1930.1,-3688.6,4963.4,5050,-408.93,115.07,-6494.9,1755.7,-1860.7,10788,327099,130,112,2307,0.11499,1.7823,1.2826
-945.28,-1123.3,1637.1,-0.60228,-2016,878.24,5.5288e+05,33805,1,1915.2,-3680.6,4951.2,4969.2,-360.58,97.942,-6334.3,1689.5,-1831,10625,326440,130,112,2307,0.10405,1.783,1.2826
-978.8,-1013.6,1522.8,-0.51854,-1866.9,904.91,5.5373e+05,35163,1,2242.8,-3513.1,4719.9,5098.8,-453.59,131.24,-6626.5,1807.7,-1884.9,10798,327139,130,112,2307,0.12648,1.7894,1.2717
-969.68,-1176.9,1706.2,-0.48944,-2100.9,907.01,5.5413e+05,33807,1,1887.5,-3693.4,5003.5,4819.3,-279.16,34.434,-6095.4,1590,-1765.8,10458,325853,130,112,2307,0.093111,1.7836,1.2826
-991.52,-1229.5,1773,-0.45501,-2183.2,933.9,5.5534e+05,33809,1,1775.3,-3773,5134.7,4776.8,-186.67,-46.236,-5977.5,1460.4,-1648.7,10458,325850,130,112,2307,0.082165,1.7842,1.2826
-1030.3,-1331.9,1900.4,-0.99826,-2340.3,984.82,5.5879e+05,33813,1,1755,-4083.5,5606.8,4666.3,-154.56,-6.2033,-5733.4,1437.2,-1730.2,10532,326106,130,112,2307,0.060264,1.785,1.2826
-942.31,-1334.9,1876.8,-0.50937,-2321.3,896.73,5.5613e+05,32455,1,1377,-3928.8,5335.7,4630.2,-26.018,-172.79,-5661.9,1228.8,-1433,10458,325841,130,112,2307,0.059998,1.7771,1.2936
-1010.2,-1281.5,1838.1,-0.62255,-2263.4,958.26,5.5702e+05,33811,1,1615.4,-3951.2,5409.9,4669.6,-162.83,-32.668,-5756.5,1432.3,-1673.5,10458,325851,130,112,2307,0.071216,1.7846,1.2826
-988.08,-1481.5,2053.6,-2.0896,-2541,965.24,5.5782e+05,32461,1,1507.1,-4309.7,5893.5,4655.4,-174.92,143.41,-5609.5,1463.5,-1895.2,10701,326734,130,112,2307,0.027276,1.7779,1.2936
-971.03,-1432.5,1995.1,-1.2918,-2468.1,940.05,5.5672e+05,32459,1,1350.8,-4167.3,5689.7,4455.7,-154.93,81.859,-5308.2,1418.2,-1793,10458,325845,130,112,2307,0.038185,1.7777,1.2936
-956.66,-1384.2,1937.1,-0.75748,-2396,918.08,5.566e+05,32457,1,1280,-4048.8,5518.2,4451.4,-61.787,-77.635,-5365.3,1283.1,-1567.2,10458,325840,130,112,2307,0.049092,1.7775,1.2936
-1022.4,-1586,2181.1,-1.9495,-2698.6,1017.5,5.6012e+05,32465,1,1221.6,-4588.1,6301,4955.4,-0.5499,-18.818,-6095.8,1225.7,-1661.1,11324,328630,130,80,2304,0.0054559,1.7781,1.2936
-1006.4,-1533.3,2116.3,-2.3309,-2618.8,992.29,5.5848e+05,32463,1,1530.7,-4462.2,6114.8,4786.3,-162.46,163.9,-5832.2,1455.5,-1929.1,11066,327987,130,80,2304,0.016366,1.7781,1.2936
-1037.7,-1642.1,2252,-0.52613,-2785.2,1042.7,5.6098e+05,32467,1,1064.7,-4770.3,6559.8,5132.5,210.38,-260.83,-6328.6,945.27,-1332.9,11422,328838,130,80,2304,-0.0054547,1.7781,1.2936
-1047.7,-1754.6,2389.4,-0.097803,-2954.8,1074.5,5.6034e+05,32471,1,570.06,-4879,6718.8,4868,253.18,-246.86,-5883.1,918.57,-1383.5,11422,328841,130,80,2304,-0.027275,1.7779,1.2936
-1048,-1701.5,2325.5,-0.0059303,-2875.8,1063.6,5.4931e+05,32469,1,501.64,-4855.4,6675.4,5154.7,290.08,-336.96,-6306.4,859.48,-1255,11422,328839,130,80,2304,-0.016365,1.7781,1.2936
-1051.4,-1804,2447.1,-0.63189,-3026.6,1089.9,5.6258e+05,32473,1,798.37,-4916.7,6784.9,4685,204.67,-141.62,-5531.2,971.08,-1499.4,11401,328778,130,80,2304,-0.038184,1.7777,1.2936
-1062.8,-1856.9,2509.6,-0.97059,-3104.1,1113.6,5.6387e+05,32475,1,975.11,-4972.2,6869.8,4882.3,252.44,-167.6,-5853.1,891.32,-1439.8,11573,329175,130,80,2304,-0.049091,1.7775,1.2936
-1071.5,-1910.8,2574,-0.86587,-3183.6,1135.4,5.6446e+05,32477,1,872.81,-5078.8,7017.7,4907,298.05,-188.17,-5890.3,817.78,-1389.4,11718,329432,130,80,2304,-0.059997,1.7771,1.2936
-1220.9,-2126.9,2856.5,-0.64241,-3517.2,1342.7,5.6724e+05,33843,1,720.8,-5545.5,7751.3,5098.3,417.03,-165.47,-6084.1,626.24,-1361.6,12522,330695,130,80,2304,-0.10405,1.783,1.2826
-1225.1,-2183,2922.6,-0.6339,-3598.6,1363.1,5.6807e+05,33845,1,729.03,-5630.4,7907,5148.1,445.76,-157.85,-6136,576,-1354,12700,330935,130,80,2304,-0.11499,1.7823,1.2826
-1215.6,-2071.1,2790.7,-0.63952,-3436.2,1321.9,5.6645e+05,33841,1,861.7,-5515,7743,5037.8,375.33,-151.75,-6001.3,684.46,-1394.7,12453,330586,130,80,2304,-0.09311,1.7836,1.2826
-1209,-2016.2,2725.9,-0.75161,-3356.5,1300.5,5.665e+05,33839,1,931.25,-5395.5,7565.2,4951.5,321.99,-130.24,-5899.1,767,-1445.4,12220,330227,130,80,2304,-0.082164,1.7842,1.2826
-1200.5,-1962.1,2661.9,-0.88433,-3277.8,1277.8,5.6635e+05,33837,1,1014.6,-5314.7,7451.8,4894.3,259.17,-88.306,-5834.7,863.54,-1526.3,12081,330022,130,80,2304,-0.071215,1.7846,1.2826
-1191.4,-1908.8,2598.8,-0.97438,-3200.2,1255.1,5.6571e+05,33835,1,1047.6,-5275.3,7398.7,4848,216.01,-69.454,-5777.5,932.95,-1575.5,11998,329879,130,80,2304,-0.060263,1.785,1.2826
-659.16,-330.73,652.26,7.7352,-780.87,599.57,5.5676e+05,40629,1,8276.6,-1097.2,-325.69,3200.1,-414.69,-125.96,-4271.6,736.3,-99.651,9951.9,324357,130,63,2302,0.28432,1.8023,1.2272
-518.27,-289.13,601.22,24.862,-705.1,464.62,5.5325e+05,42013,1,13692,-2974.5,1060.7,2814.4,-3.4601,-676.81,-3920.2,-22.506,983.46,14905,333761,130,71,2303,0.29659,1.8079,1.216
-638.71,-330.7,651.82,5.3798,-778.77,579.37,5.5042e+05,42015,1,7422.8,-427.53,-1131.4,3687.9,-515.99,-94.774,-5015.7,692.64,138.09,9802.7,323998,130,63,2302,0.28549,1.8097,1.216
-325.62,-251.42,559.18,53.292,-633.54,278.77,5.3861e+05,43401,1,11991,-3892.9,2852.8,2756.3,468.44,-1407.9,-6033.8,-29.281,1604.5,14692,333541,130,71,2303,0.30892,1.8134,1.2048
-1262.6,194.08,-243.88,-169.5,180.83,1276.6,4.2078e+05,44789,1,-54053,21954,-17794,20687,-8193.1,6496.6,-18972,8496.7,-7508.4,68892,353321,130,71,2303,0.34361,1.8146,1.1935
-601.99,-75.307,120.23,-87.985,-200,578.6,4.174e+05,44791,1,-38687,12725,-8558.4,15639,-3866.7,1517.4,-28722,9042.1,-5792.3,54166,350610,130,71,2303,0.33247,1.8167,1.1935
-412.62,-217.4,505.69,36.265,-578.66,370.25,5.4973e+05,44795,1,11496,-5474.2,5380.9,3647.3,640.42,-1922.1,-7019.9,93.656,1686.8,16144,334934,130,71,2303,0.31016,1.8206,1.1935
-244.54,-197.71,434.14,36.375,-493.39,206.41,4.895e+05,44793,1,-8338.2,828.7,1133.8,6435.2,388.69,-2350.2,-16789,2730.6,413.61,20201,338275,130,71,2303,0.32132,1.8187,1.1935
-749.34,-420.63,773.24,2.5475,-934.03,681.12,5.4483e+05,39251,1,2776.3,8.4724,-601,4173.1,-626.58,30.896,-5867.5,1222.7,-540.08,7879.8,316506,130,55,2301,0.26109,1.7981,1.2384
-703.38,-374.58,713.17,3.3227,-857.25,639.35,5.4626e+05,40631,1,3225.6,459.75,-1394,4088.3,-680.35,97.032,-5932.4,1241.7,-515.79,8169.9,318071,130,63,2302,0.27325,1.804,1.2272
-776.37,-468.81,842.54,2.5311,-1017.9,704.47,5.4578e+05,39253,1,2647.7,-131.5,-339.74,4213.2,-682.82,148.15,-5985.3,1468.7,-935.22,8014.8,317219,130,112,2307,0.25006,1.7997,1.2384
-838.65,-560.84,973.96,1.8201,-1177.4,761.67,5.4906e+05,39257,1,2773.3,-514.55,235.15,3936.4,-654.83,225.96,-5486.9,1527.8,-1209.1,7608.4,315099,130,112,2307,0.22795,1.8026,1.2384
-806.9,-516.09,910.46,2.3116,-1100.3,732,5.4733e+05,39255,1,2775.5,-316.47,-75.903,4074.4,-672.83,192.07,-5747.1,1494.9,-1064.7,7829.3,316220,130,112,2307,0.23901,1.8012,1.2384
-858.95,-601.25,1014.5,0.94712,-1232.3,781.04,5.4858e+05,37883,1,2303.6,-1004.5,1044.4,3923.6,-539.5,98.527,-5315.8,1463.6,-1186.8,7410.1,313882,130,112,2307,0.21598,1.7964,1.2495
-915.32,-692.19,1139.8,0.68734,-1384.7,835.86,5.5142e+05,37887,1,2646.6,-1640.2,1949.8,4296.3,-609.67,212.67,-5853,1722.6,-1574.1,8489.6,319391,130,112,2307,0.19391,1.7989,1.2495
-886.05,-646.01,1076.1,0.76736,-1307.2,807.18,5.5012e+05,37885,1,2406.3,-1304.5,1481,4057.5,-566.48,150.57,-5498.1,1575.5,-1366.5,7814.8,316125,130,112,2307,0.20495,1.7977,1.2495
-948.68,-742.03,1208.9,0.63397,-1468.8,868.83,5.5318e+05,37889,1,3146.8,-2070.6,2528.9,4651.9,-694.64,326.31,-6408.6,1948.4,-1880.2,9550.7,323281,130,112,2307,0.18287,1.8001,1.2495
-984.75,-795.51,1283.5,0.77333,-1559.3,904.75,5.5393e+05,37891,1,2935,-2440.7,3107.4,4839.9,-666.27,295.59,-6555.4,1958.5,-1919.4,9933.6,324329,130,112,2307,0.17182,1.8012,1.2495
-992.78,-903.3,1404.2,0.1493,-1713.7,914.64,5.5374e+05,36525,1,2614.8,-3184.9,4226.9,5082.4,-569.9,211.15,-6744.2,1927.5,-1948.2,10679,326648,130,112,2307,0.14907,1.7955,1.2606
-1025.4,-960.8,1481.5,0.065846,-1808.1,948.81,5.5468e+05,36527,1,2583.8,-3406.6,4567.1,5127.2,-555.86,234.67,-6745,1945.5,-2036.5,10919,327573,130,112,2307,0.13805,1.7964,1.2606
-1024.3,-850.65,1359.4,0.44226,-1651.8,944.65,5.5558e+05,37893,1,3385.6,-2799.1,3604.8,4990.7,-685.38,351.02,-6779.5,2066.7,-2116.3,10607,326374,130,112,2307,0.16077,1.8022,1.2495
-1030.4,-1125.3,1669.1,-0.2364,-2046.1,963.09,5.5562e+05,35167,1,1970.4,-3692.1,5030.6,4878.5,-314.72,38.494,-6225.2,1639.2,-1790.1,10553,326186,130,112,2307,0.10451,1.7908,1.2717
-1006.7,-1070.1,1597.3,-0.33142,-1958.1,935.72,5.5449e+05,35165,1,2115.6,-3608.5,4885.6,5063.4,-363.2,51.058,-6551,1699.9,-1797.3,10778,327057,130,112,2307,0.1155,1.7902,1.2717
-1056.6,-1017.2,1556.4,-0.15056,-1899.6,982.25,5.562e+05,36529,1,2526.2,-3462.8,4684.6,4940,-485.25,189.3,-6442.4,1849.8,-1983.6,10690,326691,130,112,2307,0.12703,1.7972,1.2606
-1084.1,-1070.7,1626.3,-0.24839,-1985.1,1013,5.5722e+05,36531,1,2382.9,-3593.2,4899.7,4920.3,-411.93,131.96,-6364.2,1758.7,-1917.4,10690,326690,130,112,2307,0.116,1.7979,1.2606
-1052,-1177.5,1735.6,-0.32391,-2127.7,989.16,5.5757e+05,35169,1,1985.8,-3838.5,5269.4,4753.7,-272.42,37.378,-6000.2,1592,-1807.3,10532,326105,130,112,2307,0.093519,1.7915,1.2717
-1075.1,-1228.1,1799.6,-0.46241,-2206.3,1017.4,5.587e+05,35171,1,2190.7,-3963.4,5446.9,4729.2,-295.95,111.99,-5928,1635.9,-1923.4,10684,326672,130,112,2307,0.082526,1.792,1.2717
-1104.2,-1281.8,1867.6,-0.71536,-2289.8,1052.2,5.6053e+05,35173,1,2133,-4149.5,5729.8,4729.7,-265.34,108.49,-5884.9,1608.1,-1936.4,10864,327372,130,112,2307,0.071528,1.7925,1.2717
-1049.8,-1382.5,1962.4,-1.3514,-2417,1011.3,5.5946e+05,33815,1,1719.7,-4273.5,5885.8,4693.1,-175.02,64.933,-5733.6,1479.4,-1841.8,10788,327100,130,112,2307,0.04931,1.7854,1.2826
-1152.3,-1386.1,1997.8,-1.0073,-2449.5,1113.6,5.6099e+05,35177,1,2139.7,-4514.9,6289.1,4798.1,-300.38,234.43,-5915.9,1694.3,-2157.8,11411,328809,130,112,2307,0.049527,1.7932,1.2717
-1127,-1333.2,1931.8,-0.88724,-2368.6,1081.4,5.609e+05,35175,1,2042,-4375.8,6074.2,4732.2,-282.86,174.47,-5858.7,1656.6,-2058.2,11137,328205,130,112,2307,0.060529,1.7929,1.2717
-1111.2,-1538.5,2153.2,-1.8806,-2652.3,1097,5.5912e+05,33821,1,1542.7,-4566.8,6334.1,4693.3,-225.57,256.2,-5677.7,1587.5,-2138.8,11173,328292,130,80,2304,0.016439,1.786,1.2826
-1092.8,-1487.3,2091,-1.8425,-2575.7,1069.8,5.5949e+05,33819,1,1747.3,-4590.6,6367.7,4700.1,-285.67,297.54,-5706.1,1685.5,-2229.2,11283,328544,130,112,2307,0.027397,1.7858,1.2826
-1070.8,-1434.6,2026.4,-1.6592,-2496,1039.7,5.5956e+05,33817,1,1690.6,-4449.6,6132.5,4670.4,-241.78,197.26,-5658.2,1582.5,-2030.9,10992,327784,130,112,2307,0.038355,1.7856,1.2826
-1127.9,-1590.2,2215.9,-1.92,-2729.5,1123,5.5956e+05,33823,1,1317.9,-4570.8,6358.3,4608.5,-143.61,179.3,-5530.6,1457.3,-2004.3,11173,328293,130,80,2304,0.0054801,1.786,1.2826
-1140.4,-1639.5,2274.5,-2.0659,-2801.8,1145.4,5.6138e+05,33825,1,1196.2,-4557.9,6350.5,4647.6,-30.462,56.037,-5601.3,1255.4,-1765,11173,328294,130,80,2304,-0.005479,1.786,1.2826
-1151.8,-1690.1,2335.2,-1.9695,-2876.3,1167.3,5.615e+05,33827,1,925.15,-4664.3,6499.8,4911.8,215.14,-236.88,-5962,871.6,-1289.2,11272,328521,130,80,2304,-0.016438,1.786,1.2826
-1161.8,-1746.5,2404.5,-1.4187,-2961.3,1188.4,5.6245e+05,33829,1,1149.5,-5018.8,7028,5124.1,179.47,-139.19,-6275.9,943.45,-1453.1,12025,329922,130,80,2304,-0.027396,1.7858,1.2826
-1171.8,-1803.4,2473.7,-1.0901,-3046.3,1210.3,5.6315e+05,33831,1,941.4,-5163.7,7202.4,4884,189.14,-117.01,-5858.7,948.41,-1492.3,11865,329670,130,80,2304,-0.038353,1.7856,1.2826
-1181.5,-1855.8,2536,-1.0402,-3123,1232.2,5.6439e+05,33833,1,1033.8,-5206.4,7287.5,4827.8,170.76,-51.711,-5776.3,998.69,-1612.7,11899,329737,130,80,2304,-0.049309,1.7854,1.2826
-1365.2,-2357.8,3154.8,-0.32213,-3867.3,1555.6,5.6997e+05,35213,1,466.76,-5877.1,8328.1,5636.7,648.92,-249.22,-6800.7,254.43,-1159.5,13566,332155,130,80,2304,-0.14843,1.7877,1.2717
-1364.6,-2296.7,3082.2,-0.39835,-3778.4,1536.6,5.6926e+05,35211,1,582.27,-5817.6,8246.1,5460.8,584.39,-223.25,-6557.1,352.76,-1215,13304,331738,130,80,2304,-0.13745,1.7886,1.2717
-1361.9,-2237.7,3012.5,-0.51913,-3693,1516.3,5.6877e+05,35209,1,717.09,-5748.1,8160.2,5243.3,480.14,-153.65,-6249.8,514.26,-1346,13001,331342,130,80,2304,-0.12648,1.7894,1.2717
-1352.5,-2124.8,2880,-0.65305,-3530.6,1474,5.6716e+05,35205,1,870.46,-5651.8,8024.1,5069.6,379.24,-114,-6020.5,667.69,-1437.6,12716,330954,130,80,2304,-0.10451,1.7908,1.2717
-1357.5,-2180.8,2945.7,-0.59356,-3611.2,1495.1,5.6802e+05,35207,1,794.48,-5711.1,8112.5,5116.7,410.21,-112.49,-6074.2,622.66,-1428.6,12835,331122,130,80,2304,-0.11549,1.7902,1.2717
-1345,-2069.1,2814.6,-0.8068,-3450.6,1451,5.6655e+05,35203,1,1051.5,-5570,7931.7,4947.4,289.28,-46.319,-5861.3,794.39,-1548.6,12530,330703,130,80,2304,-0.093518,1.7915,1.2717
-1335.8,-2014.8,2750.8,-0.96621,-3372.5,1427,5.6624e+05,35201,1,1111.5,-5502.3,7827,4872.6,229.08,-5.8338,-5756.9,882.16,-1617.8,12374,330467,130,80,2304,-0.082524,1.792,1.2717
-1326.1,-1961.7,2688.8,-0.98642,-3296.6,1403.3,5.6583e+05,35199,1,1143.8,-5441.9,7735.7,4846,185.51,11.405,-5736,946.16,-1656.6,12281,330326,130,80,2304,-0.071527,1.7925,1.2717
-1316.1,-1908.4,2626.3,-0.97239,-3219.9,1379.7,5.6519e+05,35197,1,1151.2,-5362.6,7615.8,4814.6,155.01,10.978,-5708,993.24,-1672.2,12151,330126,130,80,2304,-0.060528,1.7929,1.2717
-1304.8,-1855.7,2564,-1.1204,-3143.7,1355.5,5.6488e+05,35195,1,1201.2,-5283.4,7505,4792,113.65,29.592,-5700,1063.8,-1727.4,12053,329975,130,80,2304,-0.049526,1.7932,1.2717
-672.64,-376.56,720.9,4.5403,-862.24,608.66,5.4497e+05,42017,1,3421.3,665.85,-1765.4,4081.9,-704.47,125.32,-6141.7,1214.1,-419.11,8474.1,319340,130,63,2302,0.27438,1.8114,1.216
-610.84,-331.33,653.54,4.6575,-778.18,551.74,5.4484e+05,43405,1,4603.3,-869.28,206.14,4278.4,-513.76,-250.83,-6284.9,855.64,212.75,9018.4,321490,130,71,2303,0.28664,1.817,1.2048
-557.81,-282.17,582.7,10.776,-689.49,504.77,5.5627e+05,43403,1,12241,-3432.7,2107.1,3550.2,-226.03,-533.82,-4221.3,87.956,899.41,14059,332793,130,71,2303,0.29779,1.8152,1.2048
-642.09,-379.61,730.26,5.6841,-869.22,577.99,5.4539e+05,43407,1,3332.4,17.664,-780.15,4351.7,-737.2,117.78,-6901.5,1453.1,-616.93,9018.4,321489,130,71,2303,0.27549,1.8187,1.2048
-586.61,-271.88,572.1,5.4042,-677.66,534.86,5.5113e+05,44797,1,9705.1,-3517.7,2906.4,4452,-87.921,-978.03,-5832.9,354.12,910.79,13068,331433,130,71,2303,0.29898,1.8225,1.1935
-1067.9,79.35,-60.055,-134.08,-14.264,1064,4.084e+05,46187,1,-50079,15414,-9116.5,17707,-6178.4,4317.2,-20769,9815.6,-9065.5,61715,351991,130,71,2303,0.34497,1.8218,1.1821
-481.5,-89.664,230.52,-23.534,-288.39,457.49,4.0744e+05,46189,1,-30596,6569.8,-1334.8,10908,-2249.2,342.56,-19971,6473.2,-4291.7,39552,347050,130,71,2303,0.33379,1.8238,1.1821
-362.26,-150.86,418.17,46.392,-466.36,330.48,5.177e+05,46191,1,1533.3,-4962.6,7346,5194.4,447.29,-2115.1,-11734,1843.9,388.6,16144,334935,130,71,2303,0.32259,1.8258,1.1821
-576.97,-189.85,474.59,15.62,-552.88,536.89,5.5834e+05,46193,1,11488,-8590.2,10227,4667.4,375.42,-1805.2,-6501.2,67.441,1598.9,17835,336457,130,71,2303,0.31138,1.8278,1.1821
-652.76,-254.12,564.25,2.7825,-667.4,603.01,5.4435e+05,46195,1,4371.8,-4952.7,6540.2,5471.4,-4.8944,-1386.5,-7762.1,825.86,696.6,13405,331899,130,71,2303,0.30016,1.8297,1.1821
-731.4,-422.32,784.58,3.8977,-942.93,663.12,5.4512e+05,40633,1,2911.2,425.64,-1247.7,4280.7,-714.19,136.82,-6331.9,1415.7,-730.88,8467.5,319314,130,112,2307,0.26218,1.8056,1.2272
-766.52,-471.73,858.03,3.6564,-1031.6,694.31,5.4763e+05,40635,1,3420.4,40.675,-761.56,4321.2,-735.56,196.48,-6365,1535.2,-955.29,8678.5,320042,130,112,2307,0.2511,1.8072,1.2272
-708.76,-425.07,797,5.4208,-952.99,640.32,5.4674e+05,42019,1,3744.3,342.82,-1319.5,4329.6,-771.07,212.94,-6705.4,1530.5,-831.09,9124.7,321925,130,112,2307,0.26326,1.813,1.216
-803.74,-520.01,928.95,3.0025,-1117.5,728.35,5.494e+05,40637,1,3157.1,-307.58,-163.24,4131.5,-731.78,269.67,-5927.2,1601.3,-1197.8,8179.1,318119,130,112,2307,0.24,1.8087,1.2272
-841.72,-566.31,996.46,2.3348,-1199.3,764.02,5.5189e+05,40639,1,3437.7,-658.13,331.97,4046.1,-769.56,383.39,-5866.7,1763.1,-1511.6,8323.7,318781,130,112,2307,0.2289,1.8101,1.2272
-871.38,-604.7,1036.3,1.6027,-1253,792.97,5.5066e+05,39259,1,3162.5,-795.78,606.77,3994.2,-716.84,346.44,-5655.3,1724.4,-1526.2,8054.5,317393,130,112,2307,0.21689,1.804,1.2384
-906.54,-650.48,1101.3,1.3639,-1331.9,827.03,5.5277e+05,39261,1,2910.2,-1133.9,1166.4,4113.5,-710.41,352.18,-5703.5,1792,-1662.2,8195.7,318187,130,112,2307,0.20581,1.8053,1.2384
-944.07,-698.43,1169.7,1.3923,-1414.7,863.78,5.5446e+05,39263,1,3671.8,-1519.4,1643,4412.2,-813.46,495.2,-6264.8,2052.6,-2015.5,9294.5,322488,130,112,2307,0.19473,1.8065,1.2384
-984.54,-749.26,1242.2,1.3964,-1502.3,903.77,5.5595e+05,39265,1,3558.9,-1838.8,2152.6,4611.8,-835.01,531.7,-6449,2138,-2158.5,9682.4,323664,130,112,2307,0.18364,1.8077,1.2384
-1031.2,-803.64,1319.9,1.383,-1596.4,950.23,5.5718e+05,39267,1,3976,-2263.8,2752.5,4826.5,-867.82,595.94,-6743.1,2268.1,-2374.4,10448,325809,130,112,2307,0.17255,1.8088,1.2384
-1062.2,-907.81,1437.7,0.2675,-1747.1,983.46,5.5645e+05,37895,1,3122,-3111.4,4114.9,5097.7,-657.59,338.52,-6840.6,2067.4,-2164.3,10893,327475,130,112,2307,0.14971,1.8032,1.2495
-1099.1,-964.66,1514.6,-0.038548,-1840.7,1021.9,5.5761e+05,37897,1,3067,-3345.2,4488.7,5021.9,-602.58,313.02,-6662.1,2012.3,-2166.6,10934,327622,130,112,2307,0.13864,1.804,1.2495
-1078.9,-857.95,1396.5,1.151,-1689.2,998.39,5.5801e+05,39269,1,4115.5,-2585,3240.8,4910.9,-852.16,606.62,-6786,2307.7,-2489.8,10812,327192,130,112,2307,0.16145,1.8098,1.2384
-1127.7,-914.4,1475.2,0.72518,-1784.8,1048.2,5.5887e+05,39271,1,4034.7,-2978.9,3864.8,5000,-789.51,548.24,-6810.5,2266.1,-2487.6,11123,328147,130,112,2307,0.15034,1.8108,1.2384
-1114.6,-1124.3,1696.3,-0.37321,-2070.5,1047.2,5.5875e+05,36533,1,2436.9,-3839.9,5282.1,4812.2,-365.56,125.01,-6168.6,1711.9,-1935.8,10799,327141,130,112,2307,0.10496,1.7986,1.2606
-1134.7,-1019.4,1587.8,-0.29339,-1929.8,1060,5.5834e+05,37899,1,2906.5,-3613.8,4927.8,4918,-536.35,280.65,-6439.5,1949.9,-2169.8,10969,327729,130,112,2307,0.12757,1.8049,1.2495
-1169.1,-1075.3,1661.6,-0.63056,-2019.8,1097.4,5.5981e+05,37901,1,2666.7,-3790,5223.3,4855,-509.35,287.06,-6284.6,1923.9,-2196.7,10986,327762,130,112,2307,0.11649,1.8056,1.2495
-1171.6,-1233.2,1836.6,-0.59592,-2242,1113.7,5.6093e+05,36537,1,2403.8,-4212.9,5850,4787.3,-375.27,217.52,-6033.5,1761.4,-2111.8,11172,328290,130,112,2307,0.082883,1.7998,1.2606
-1142.4,-1177.8,1765.5,-0.40873,-2155,1079.5,5.5952e+05,36535,1,2372.1,-4049.5,5603.9,4914.5,-360,148.86,-6267.7,1724.9,-1996.5,11135,328200,130,112,2307,0.093924,1.7992,1.2606
-1198.7,-1283.9,1900.3,-0.86411,-2319.9,1146.5,5.6168e+05,36539,1,2586.4,-4427.2,6190.8,4750.2,-416.87,326.36,-5954.8,1842.7,-2298.7,11472,328967,130,112,2307,0.071838,1.8002,1.2606
-1231.2,-1337.7,1968.4,-0.96854,-2403.1,1185.4,5.6213e+05,36541,1,2426,-4495.5,6290.8,4813.3,-375.47,304.11,-5999.5,1794.1,-2269.2,11551,329126,130,112,2307,0.060791,1.8006,1.2606
-1177.9,-1440.3,2065,-1.164,-2532,1146.7,5.6109e+05,35179,1,1944.2,-4596.9,6419.4,4752.6,-272.44,242.24,-5801.7,1664.3,-2171.8,11401,328780,130,112,2307,0.038523,1.7935,1.2717
-1284.6,-1443.5,2099.7,-1.3458,-2563.5,1253.3,5.6234e+05,36545,1,2092.8,-4643.7,6567.5,4674.3,-283.6,254.71,-5690.7,1664.6,-2195.1,11447,328886,130,112,2307,0.03869,1.8012,1.2606
-1259.9,-1391.5,2035.8,-1.0521,-2485.4,1221,5.6195e+05,36543,1,2344.4,-4612.3,6502.1,4756.5,-369.36,336.1,-5860.8,1786.9,-2318.9,11612,329234,130,112,2307,0.049741,1.801,1.2606
-1216.9,-1542.3,2188.7,-1.5677,-2684,1202.6,5.6051e+05,35183,1,1557.4,-4627.2,6497.7,4579.2,-197.82,214.87,-5487.2,1556.4,-2115.9,11173,328295,130,112,2307,0.016511,1.7938,1.2717
-1233.6,-1592,2247.7,-1.9453,-2756.6,1228.7,5.6071e+05,35185,1,1464.3,-4690.5,6611.3,4563.7,-145.06,185.12,-5427.3,1467,-2046.3,11173,328296,130,80,2304,0.0055042,1.7939,1.2717
-1198.8,-1491.6,2127.5,-1.332,-2608.8,1175.7,5.6076e+05,35181,1,1726.4,-4621,6490.7,4630.9,-207.58,196.45,-5589.8,1566.5,-2095.4,11229,328422,130,112,2307,0.027518,1.7937,1.2717
-1248.5,-1641.8,2306.5,-2.4037,-2828.9,1253.5,5.6114e+05,35187,1,1390,-4855.8,6859.6,4585.1,-156.96,248.84,-5447.3,1480,-2121,11403,328788,130,80,2304,-0.005503,1.7939,1.2717
-1263.6,-1691.8,2365.5,-2.6348,-2901.5,1279.1,5.6221e+05,35189,1,1396.5,-4986.7,7045.6,4859,-119.14,237.37,-5876.9,1416.7,-2081.1,11875,329692,130,80,2304,-0.01651,1.7938,1.2717
-1280.6,-1747.1,2433,-2.0937,-2983.8,1307.2,5.6358e+05,35191,1,1493.4,-5103.6,7238.9,4970.6,-77.971,214.74,-6051.7,1367.7,-2059.7,12095,330047,130,80,2304,-0.027516,1.7937,1.2717
-1294.2,-1802.8,2500.8,-1.4868,-3066.4,1332.6,5.6488e+05,35193,1,1190.4,-5187.7,7344.5,4918.9,68.417,49.426,-5943.4,1142.7,-1786.5,12095,330048,130,80,2304,-0.038522,1.7935,1.2717
-1501.4,-2482.9,3328.4,-0.22773,-4062.4,1730.4,5.7085e+05,36583,1,264.57,-5993,8562.4,6011.7,765.95,-273.31,-7330.3,68.339,-1092.8,14179,332931,130,80,2304,-0.17109,1.7935,1.2606
-1503.7,-2417.3,3249.7,-0.26279,-3966.4,1712.6,5.7011e+05,36581,1,392.14,-5958.9,8524.6,5810.2,695.64,-248.11,-7035.2,171.03,-1140.7,13909,332609,130,80,2304,-0.16008,1.7945,1.2606
-1503.9,-2354.1,3174.5,-0.30128,-3874.7,1693.6,5.6945e+05,36579,1,586.87,-5900.5,8481.4,5530.1,594.99,-196.62,-6619.8,322.58,-1240,13547,332129,130,80,2304,-0.14907,1.7955,1.2606
-1501.8,-2293.6,3103.2,-0.38656,-3787.6,1673.1,5.692e+05,36577,1,730.6,-5841.8,8404.5,5304.7,502.48,-142.26,-6302.4,468.58,-1349.6,13247,331670,130,80,2304,-0.13805,1.7964,1.2606
-1497.9,-2235.6,3035.4,-0.44758,-3705,1651.8,5.6858e+05,36575,1,792.06,-5818.2,8375.1,5151.1,443.17,-112.31,-6085.3,558.83,-1410.4,13065,331427,130,80,2304,-0.12702,1.7972,1.2606
-1493.4,-2179.3,2969.8,-0.50603,-3625,1630.6,5.678e+05,36573,1,871.19,-5771,8303.9,5082.8,402.64,-103.22,-6007.3,619.6,-1438.8,12945,331273,130,80,2304,-0.11599,1.7979,1.2606
-1486.6,-2123.2,2904.3,-0.72289,-3545.1,1607.7,5.6739e+05,36571,1,1073.6,-5680.5,8201.5,4933.6,306.11,-28.651,-5808.1,759.14,-1565.1,12723,330965,130,80,2304,-0.10496,1.7986,1.2606
-1478.1,-2069.2,2841.4,-1.0345,-3468.6,1583.9,5.6716e+05,36569,1,1140.2,-5619.8,8105.7,4842.8,221.82,44.591,-5703.1,884.97,-1688.5,12580,330783,130,80,2304,-0.093923,1.7992,1.2606
-1467.9,-2016,2779.3,-1.3465,-3393.1,1559.1,5.669e+05,36567,1,1197.1,-5585.1,8045.6,4810.1,161.6,88.681,-5658.5,975.66,-1767.2,12515,330681,130,80,2304,-0.082882,1.7998,1.2606
-1456.9,-1962.8,2717.1,-1.6481,-3317.3,1534,5.6684e+05,36565,1,1347.3,-5535,7998.2,4789.5,72.77,169.81,-5630,1127.5,-1936,12495,330640,130,80,2304,-0.071837,1.8002,1.2606
-1443.3,-1909.2,2654.1,-1.8674,-3240.6,1506.9,5.6664e+05,36563,1,1349.8,-5439.4,7818.2,4799.5,62.216,143.22,-5663.2,1129.5,-1884.1,12349,330430,130,80,2304,-0.06079,1.8006,1.2606
-1428.9,-1856.9,2593.3,-1.798,-3166.4,1479.6,5.661e+05,36561,1,1394.2,-5437.3,7836,4758.4,-13.75,212.42,-5595.6,1264,-2035.2,12355,330439,130,80,2304,-0.04974,1.801,1.2606
-1415.9,-1803.8,2530.9,-1.718,-3090.1,1454.3,5.6515e+05,36559,1,1413.8,-5301.6,7621.4,4802.6,2.4779,151.62,-5718.6,1236.2,-1951.4,12220,330226,130,80,2304,-0.038689,1.8012,1.2606
-1639.5,-2546.4,3428.1,-0.1715,-4166.2,1888.4,5.707e+05,37955,1,218.8,-6082.9,8807.2,6145.9,812.44,-276.19,-7510.5,-22.032,-1063,14514,333307,130,80,2304,-0.18287,1.8001,1.2495
-1643.3,-2478.4,3346.2,-0.22972,-4066.8,1871.2,5.6998e+05,37953,1,302.56,-6026.4,8709.6,5965.5,750.16,-259.81,-7254.4,74.653,-1103.6,14224,332984,130,80,2304,-0.17182,1.8012,1.2495
-1927.9,-2682,3636.6,-0.18992,-4382.9,2219.3,5.7246e+05,40717,1,145.7,-6623.4,9801.7,6559.5,851.27,-156.39,-8074.6,-180.07,-1088,15816,334656,130,80,2304,-0.20667,1.8128,1.2272
-614.44,-327.1,655.92,4.2071,-778.23,555.96,5.4282e+05,44799,1,2142,-1695.9,2091.5,4860.9,-446.02,-490.18,-7508,1322.3,-215.2,9699,323723,130,71,2303,0.28779,1.8243,1.1935
-644.3,-380.75,741.72,5.341,-879.66,580.01,5.4676e+05,44801,1,3087,-1537.8,1650.7,4743,-620.6,-150.99,-7562.2,1614.2,-717.92,9891,324225,130,112,2307,0.27659,1.826,1.1935
-688.83,-435.49,830.85,5.8405,-985.46,619.1,5.5038e+05,44803,1,4083.8,-1531.7,1448.8,4733,-802.19,174.78,-7693.2,1898,-1196.3,10412,325696,130,112,2307,0.26538,1.8277,1.1935
-687.25,-429.2,811.41,6.6345,-965.6,618.45,5.4748e+05,43409,1,4576.9,-252.28,-615.55,4393,-851.32,323.33,-7120.4,1727.7,-1049.8,9813.6,324025,130,112,2307,0.26432,1.8204,1.2048
-970.61,55.578,46.241,-82.022,-106.22,964.01,3.9899e+05,47589,1,-41817,8329.1,-586.97,13267,-2888.2,565.22,-17083,5640.2,-3750.1,48381,349367,130,71,2303,0.34631,1.8288,1.1707
-577.84,-50.342,233.12,-5.8597,-279.08,559.33,4.151e+05,47591,1,-18914,-1521.1,7883.3,7018.3,242.18,-2398.8,-14506,2698.4,-59.832,26363,341835,130,71,2303,0.33509,1.8309,1.1707
-551.88,-101.12,383.26,38.479,-428.56,525.87,5.3846e+05,47593,1,1911.7,-7039.9,10536,4985.1,840.18,-2699.7,-10995,1173.9,1236,17913,336529,130,71,2303,0.32384,1.833,1.1707
-740.17,-159.59,454.44,3.5538,-534.62,702.86,5.6417e+05,47595,1,8345.6,-7663.3,9750.1,5616.5,385.75,-2101.4,-7560.6,661.18,974.23,17835,336458,130,71,2303,0.31259,1.8349,1.1707
-761.97,-229.05,557.5,1.0648,-657.93,714.84,5.3715e+05,47597,1,538.16,-4952.8,7638.7,5957.8,38.403,-1585.6,-8799.3,1318.1,182.22,14156,332898,130,71,2303,0.30133,1.8368,1.1707
-668.7,-315.17,658.13,3.4313,-778.32,611.42,5.4262e+05,46197,1,1128.9,-3695.8,5473.8,5503.7,-185.33,-1062.1,-8421.8,1394.9,-103.05,12216,330223,130,71,2303,0.28893,1.8315,1.1821
-753.99,-475.18,874.43,4.9816,-1046.2,681.43,5.4887e+05,42021,1,4182.4,-138.36,-659.31,4380.6,-790.15,271.18,-6633.5,1685,-1139.5,9272.3,322431,130,112,2307,0.25213,1.8146,1.216
-802.32,-525.07,949.94,3.7319,-1137.7,726.29,5.5125e+05,42023,1,4071.8,-469.11,-109.76,4250.9,-788.39,331.54,-6319,1741.6,-1342.7,8965.5,321263,130,112,2307,0.24099,1.8161,1.216
-745.15,-480.51,894.93,6.3995,-1065.6,671.93,5.4988e+05,43411,1,5013,-543.04,-228.61,4441.7,-870.82,383.94,-7026.8,1889.2,-1380.7,10048,324645,130,112,2307,0.25315,1.822,1.2048
-847.54,-572.23,1020.9,2.9713,-1223.3,769.05,5.5333e+05,42025,1,4243.9,-967.71,647.18,4227.8,-829.28,442.11,-6342.3,1941.5,-1708.2,9221.5,322247,130,112,2307,0.22984,1.8176,1.216
-892.87,-620.58,1093.6,2.6528,-1310.9,812.42,5.5514e+05,42027,1,4020.8,-1249.7,1151.8,4206.1,-900.38,593.36,-6222.5,2105.1,-2033.9,9230.3,322277,130,112,2307,0.21868,1.819,1.216
-879.07,-611.49,1062.8,2.325,-1279.3,799.8,5.5319e+05,40641,1,3535.8,-871.68,661.71,4045,-816.73,488.55,-5854.4,1897.3,-1763.1,8482.3,319364,130,112,2307,0.21779,1.8115,1.2272
-922.65,-658.41,1131.7,2.0819,-1362.5,842.13,5.5568e+05,40643,1,3846.8,-1186.1,1105.6,4215.1,-870.97,577.79,-6115.3,2064.5,-2021.6,9057.2,321675,130,112,2307,0.20667,1.8128,1.2272
-1022.1,-760.55,1282,1.9358,-1543.7,940.03,5.5842e+05,40647,1,4563.1,-1934,2175.1,4751.6,-992.16,754.63,-6831.2,2402.8,-2529.1,10595,326334,130,112,2307,0.18441,1.8152,1.2272
-968.89,-706.8,1203.3,2.3377,-1448.6,887.56,5.5656e+05,40645,1,4305,-1521.9,1565.4,4487,-934.96,669.22,-6509,2251.1,-2293.4,9871.6,324181,130,112,2307,0.19554,1.8141,1.2272
-1130.1,-870.44,1440.7,1.3766,-1735.4,1048.3,5.6016e+05,40651,1,4893.8,-2674,3314.6,4912.7,-1043.6,897.6,-6921.6,2598.6,-2935.4,11463,328948,130,112,2307,0.16212,1.8173,1.2272
-1074.9,-815.25,1361.4,1.6899,-1639.5,992.6,5.5934e+05,40649,1,4626.6,-2286.7,2732,4833.3,-1017.3,824.05,-6884,2498.2,-2726.6,10965,327716,130,112,2307,0.17327,1.8163,1.2272
-1174,-971.32,1553,0.042971,-1879.4,1096.2,5.6035e+05,39273,1,3591.7,-3347,4490.5,4970.3,-701.48,467.39,-6644.2,2185.6,-2450.2,11163,328271,130,112,2307,0.13923,1.8117,1.2384
-1213.3,-1026.1,1626.6,-0.34242,-1968.8,1137.9,5.6083e+05,39275,1,3538.4,-3584.1,4874.9,4911.5,-712.19,527.45,-6516.7,2227.4,-2576.8,11318,328619,130,112,2307,0.12811,1.8125,1.2384
-1245.8,-979.92,1594.6,0.078218,-1921.7,1167,5.6209e+05,40655,1,4708,-3453.2,4582.7,4890.2,-944.12,844.34,-6676.4,2576.7,-3061.9,11883,329708,130,112,2307,0.1398,1.8192,1.2272
-1188.4,-926.07,1519.5,0.71614,-1830.8,1107.7,5.6126e+05,40653,1,4929.6,-3038.3,3896.1,4821.1,-1026.8,929.26,-6678.8,2626.4,-3071.3,11611,329227,130,112,2307,0.15096,1.8183,1.2272
-1200,-1127.9,1730.2,-0.8332,-2103.2,1132.3,5.6039e+05,37903,1,3017.5,-4051.1,5616.4,4864,-578.87,428.48,-6300.5,2066.9,-2463.6,11458,328938,130,112,2307,0.10541,1.8063,1.2495
-1236.5,-1182.4,1801.4,-1.0137,-2189.9,1173.2,5.6135e+05,37905,1,2829.5,-4206.6,5857.8,4902.2,-515.58,375.9,-6284.2,1973.4,-2376.1,11554,329135,130,112,2307,0.094326,1.8069,1.2495
-1255.7,-1080.7,1699.6,-0.79053,-2057.3,1183.5,5.6199e+05,39277,1,3484,-4021.7,5560.7,4930.7,-702.39,563.73,-6494.3,2274.6,-2718.8,11794,329550,130,112,2307,0.11698,1.8132,1.2384
-1272.8,-1237.1,1872.1,-1.2148,-2276,1214.5,5.6221e+05,37907,1,2937.9,-4521.7,6352.2,4855.7,-541.48,463.98,-6170,2051.4,-2563.8,11932,329787,130,112,2307,0.083237,1.8074,1.2495
-1306.3,-1292.6,1943.3,-1.3122,-2362.5,1253.7,5.6259e+05,37909,1,2707,-4671.4,6602.3,4819.4,-546.09,511.06,-6070.4,2065.3,-2636.6,12025,329920,130,112,2307,0.072145,1.8079,1.2495
-1337,-1344.5,2008.6,-1.4117,-2442,1290.8,5.6265e+05,37911,1,2608.2,-4642.5,6583.5,4723,-478.75,459,-5869.9,1960.2,-2544.4,11799,329563,130,112,2307,0.061051,1.8083,1.2495
-1306,-1494.1,2160.9,-1.6349,-2638.4,1282.9,5.6214e+05,36547,1,1890.7,-4718.8,6707.8,4606,-237.36,235.91,-5550.4,1599.9,-2163.6,11411,328811,130,112,2307,0.027637,1.8014,1.2606
-1395,-1447.6,2135.6,-1.9037,-2596.7,1363.6,5.6354e+05,37915,1,2224.3,-4847.8,6952.9,4604.9,-333.96,347.69,-5587,1761.1,-2385.1,11757,329500,130,112,2307,0.038855,1.8089,1.2495
-1367,-1396.5,2073,-1.7051,-2520.5,1327.9,5.6335e+05,37913,1,2489.4,-4747.7,6780.9,4617.1,-407.05,408.46,-5646.1,1861,-2475,11740,329473,130,112,2307,0.049954,1.8087,1.2495
-1326.9,-1545.2,2222.4,-1.8742,-2713.8,1312.6,5.6176e+05,36549,1,1735,-4808.5,6845.1,4591.6,-207.64,239.39,-5491.5,1559.2,-2158.1,11464,328951,130,80,2304,0.016583,1.8016,1.2606
-1345.2,-1595.3,2282,-2.2355,-2786.7,1340.3,5.62e+05,36551,1,1693.8,-4939.8,7054.5,4611.2,-231.54,311.74,-5491,1604.6,-2270.9,11676,329349,130,80,2304,0.005528,1.8017,1.2606
-1364.7,-1647.1,2343.9,-2.3691,-2862.4,1369.7,5.6246e+05,36553,1,1717.8,-5020,7181.1,4688.3,-246.79,367.12,-5610,1639,-2360,11901,329739,130,80,2304,-0.0055269,1.8017,1.2606
-1383.9,-1699.6,2407,-2.1542,-2939.2,1399.4,5.6279e+05,36555,1,1626.8,-5099.6,7301.8,4720.7,-232.25,391.05,-5657.2,1622.3,-2387.8,12033,329934,130,80,2304,-0.016582,1.8016,1.2606
-1400.8,-1751.4,2468.8,-1.9088,-3014.5,1427.5,5.6412e+05,36557,1,1566.5,-5169.6,7429.8,4723.5,-100.52,250.99,-5632.9,1403.4,-2135.3,12043,329954,130,80,2304,-0.027636,1.8014,1.2606
-1645.1,-2413.4,3268.7,-0.29528,-3972.6,1853.1,5.6987e+05,37951,1,503.65,-5984,8703.9,5677.8,649.83,-210.06,-6811,224.66,-1197.8,13871,332567,130,80,2304,-0.16077,1.8022,1.2495
-1641.9,-2291.4,3125.5,-0.32512,-3798.6,1812.6,5.6882e+05,37947,1,754.84,-5907.9,8613.9,5283.7,515,-148.96,-6233.9,436.15,-1331.2,13368,331842,130,80,2304,-0.13864,1.804,1.2495
-1644.5,-2351,3195,-0.32417,-3883,1833.4,5.6937e+05,37949,1,639.5,-5939.6,8647.8,5466.8,575.17,-174.36,-6499.2,341.39,-1272.3,13590,332201,130,80,2304,-0.14971,1.8032,1.2495
-1637.7,-2234,3059,-0.40384,-3717.8,1791.1,5.6852e+05,37945,1,904.86,-5839.4,8526.6,5093.5,428.46,-98.559,-5977.4,572.59,-1437.8,13110,331483,130,80,2304,-0.12757,1.8049,1.2495
-1631.3,-2177.6,2993.4,-0.64471,-3638.3,1768.2,5.6854e+05,37943,1,1036.3,-5749.8,8393.4,4996.8,352.03,-46.825,-5871.2,687.65,-1534.5,12922,331244,130,80,2304,-0.11649,1.8056,1.2495
-1612,-2070.6,2870.2,-1.3048,-3489,1717.7,5.683e+05,37939,1,1254.6,-5640.2,8251,4718.3,160.17,124.92,-5473.4,992.89,-1849.6,12575,330780,130,80,2304,-0.094325,1.8069,1.2495
-1622.6,-2123.2,2930.5,-1.0182,-3562.1,1743.5,5.6861e+05,37941,1,1221.3,-5690.1,8340.2,4789.1,258.09,35.665,-5563,834.64,-1683.6,12685,330912,130,80,2304,-0.10541,1.8063,1.2495
-1600.8,-2018.6,2810.8,-1.4087,-3416.9,1692,5.675e+05,37937,1,1319,-5583.8,8163.6,4712.7,78.411,193.51,-5478.5,1129.4,-1990.5,12533,330708,130,80,2304,-0.083236,1.8074,1.2495
-1588.6,-1966.2,2750.4,-1.5287,-3343.6,1665.7,5.6687e+05,37935,1,1378.3,-5554.4,8116.3,4702.2,37.001,218.13,-5467.1,1195.6,-2045.7,12502,330647,130,80,2304,-0.072144,1.8079,1.2495
-1575.1,-1914.3,2690.6,-1.5889,-3271,1638.8,5.659e+05,37933,1,1438.5,-5547.2,8091.7,4714.1,-25.508,269.82,-5512.6,1289.5,-2136.5,12518,330686,130,80,2304,-0.06105,1.8083,1.2495
-1561.3,-1861.9,2629.6,-1.7301,-3196.9,1612.1,5.6528e+05,37931,1,1623,-5454.7,7966.5,4760.6,-84.375,309.72,-5610.6,1367.9,-2202.8,12518,330687,130,80,2304,-0.049953,1.8087,1.2495
-1542.4,-1807.2,2564.5,-2.2001,-3118.1,1580.9,5.6543e+05,37929,1,1768.2,-5327.8,7766.4,4732.2,-166.23,382.28,-5603.8,1497.1,-2335.7,12389,330494,130,80,2304,-0.038854,1.8089,1.2495
-1780.5,-2612.4,3530.6,-0.14763,-4272.8,2050.2,5.703e+05,39333,1,178.94,-6319.5,9268,6373.9,850.97,-238.98,-7825,-126.24,-1049.4,15153,333999,130,80,2304,-0.19473,1.8065,1.2384
-1785.4,-2541.8,3445.2,-0.16066,-4169.4,2033.2,5.7022e+05,39331,1,254.57,-6217.8,9102.3,6169,804.99,-253.47,-7531.1,-43.607,-1059.6,14771,333630,130,80,2304,-0.18364,1.8077,1.2384
-1788.1,-2474.5,3364.6,-0.23503,-4071.9,2015,5.6998e+05,39329,1,433.96,-6168.6,9071.2,5871.3,704.09,-209.53,-7075.9,110.84,-1148.8,14385,333155,130,80,2304,-0.17255,1.8088,1.2384
-2094.7,-2680,3654,-0.12989,-4385.8,2384.7,5.7146e+05,42103,1,240.75,-7222.6,10855,6687.3,796.66,-39.931,-8230.2,-209.97,-1103.7,16864,335552,130,80,2304,-0.20752,1.8203,1.216
-2099.9,-2606.6,3565.1,-0.14063,-4279.1,2367.2,5.7109e+05,42101,1,441.09,-7132.7,10758,6327.5,720.63,-56.647,-7680.2,-75.081,-1128.9,16360,335133,130,80,2304,-0.19634,1.8215,1.216
-1934,-2608.6,3547.4,-0.18555,-4275.4,2202.5,5.7073e+05,40715,1,268.15,-6615.3,9823.3,6364.3,807.13,-178.07,-7790.4,-121.33,-1063,15600,334460,130,80,2304,-0.19554,1.8141,1.2272
-695,-374.77,753.32,4.766,-890.36,631.03,5.4705e+05,46199,1,2547.3,-3174,4333.2,5201.9,-442.85,-531.75,-8165.4,1693.6,-714.39,11530,329085,130,71,2303,0.27768,1.8332,1.1821
-743.08,-487.68,919.51,7.4728,-1090,668.9,5.5067e+05,44805,1,5283.3,-1490,1174.9,4521.1,-941.82,486.01,-7467.6,2168.9,-1744.3,10798,327134,130,112,2307,0.25416,1.8293,1.1935
-780.66,-495.12,948.05,5.5489,-1120.8,705.09,5.5396e+05,46203,1,3966.2,-3031.6,3857.7,5003.7,-713.19,16.771,-8135.2,2087,-1470.6,11749,329490,130,112,2307,0.25517,1.8365,1.1821
-735.96,-435.55,850.18,4.4237,-1005.5,665.74,5.5222e+05,46201,1,3344.3,-3168.2,4173.2,5259.3,-590.73,-270.52,-8367,1934.7,-1116.9,11905,329743,130,112,2307,0.26643,1.8349,1.1821
-1510.8,199.39,-71.795,-118.16,11.183,1520.9,4.0051e+05,48993,1,-40460,8279.7,-579.76,12398,-3894.9,2313,-9795.2,5376.1,-5481.8,45111,348548,130,71,2303,0.3589,1.8337,1.1593
-731.99,-13.295,232.51,-0.50921,-273.94,717.64,4.3843e+05,48997,1,-13910,-2929.4,8731,6245.8,209.4,-2149.6,-12869,2489,-206.17,22222,339519,130,71,2303,0.33637,1.838,1.1593
-982.76,71.555,76.263,-55.425,-124.14,978.91,3.8952e+05,48995,1,-30232,2879.5,4565.8,8475.1,-848.73,-1202.4,-12530,3390,-1624.7,34471,345359,130,71,2303,0.34764,1.8359,1.1593
-740.34,-59.83,357.94,29.188,-403.13,718.64,5.484e+05,48999,1,6746.5,-8162.7,11108,5191.4,655.18,-2490.3,-8676.9,992.32,856.81,18604,337114,130,71,2303,0.32509,1.84,1.1593
-886.6,-128.06,447.38,2.0621,-525.21,852.5,5.6379e+05,49001,1,5809.5,-6994.6,9514.6,6286.8,308.78,-2192.8,-8504.2,1156.9,459.97,17073,335741,130,71,2303,0.31379,1.842,1.1593
-898.59,-200.75,554.62,0.45072,-652.41,854.24,5.3795e+05,49003,1,-70.667,-5716.5,9119.6,6427.5,172.32,-1958.8,-9244.1,1393.6,202.09,15763,334598,130,71,2303,0.30248,1.8438,1.1593
-907.48,-270.56,660.36,0.87827,-776.58,854.24,5.4304e+05,49005,1,259.16,-5411.6,8533.9,6076.5,64.387,-1625.7,-9084.5,1473.9,-65.135,15048,333904,130,71,2303,0.29116,1.8457,1.1593
-773.25,-295.43,659.48,2.0893,-777.76,717.76,5.4212e+05,47599,1,611.34,-4862.1,7492.7,5856.8,-33.508,-1399.7,-8872.7,1444.1,-69.917,14044,332769,130,71,2303,0.29005,1.8386,1.1707
-793.07,-361.32,762.84,3.1919,-899.17,730.01,5.4888e+05,47601,1,1303.1,-4788.4,7222,5771.7,-129.38,-1181.7,-8871.1,1567.3,-336.37,13884,332583,130,71,2303,0.27876,1.8404,1.1707
-805.24,-531.4,974.34,4.5433,-1161.7,728.35,5.5285e+05,43413,1,4951.7,-1050.6,604.21,4273.8,-865.26,457.93,-6610.8,2046.5,-1781,9812,324020,130,112,2307,0.24197,1.8235,1.2048
-814.46,-539.17,1004,6.0518,-1191.5,736.46,5.5447e+05,44807,1,5846.7,-1289.9,785.47,4377.6,-929.4,529.79,-7034.1,2172.8,-1892.9,10703,326745,130,112,2307,0.24293,1.8308,1.1935
-916.74,-630.69,1128.4,2.8521,-1347,834.9,5.5691e+05,43417,1,4868.4,-1639.6,1592.3,4422.6,-931.21,598.73,-6710.4,2271.3,-2210.5,10236,325176,130,112,2307,0.21957,1.8263,1.2048
-859.72,-579.54,1049.8,3.9791,-1252.3,780.22,5.5417e+05,43415,1,4812.6,-1311.1,1066.7,4322.1,-879.86,505.86,-6605.3,2153.1,-1998.2,9898.8,324247,130,112,2307,0.23077,1.8249,1.2048
-972.09,-681.46,1206.8,2.6988,-1440.9,888.65,5.5839e+05,43419,1,4940.9,-2073,2294,4571.4,-1052,806.19,-6972.7,2558.9,-2678.4,10907,327526,130,112,2307,0.20836,1.8276,1.2048
-942.24,-669.23,1166.8,2.3625,-1398.9,860.37,5.5721e+05,42029,1,4397,-1519.9,1527.5,4347.6,-970.56,711.67,-6483.4,2288.3,-2320.8,9848.1,324111,130,112,2307,0.20752,1.8203,1.216
-994.96,-720.17,1244.3,2.706,-1491.7,912.05,5.5797e+05,42031,1,4892.4,-1837.5,1966.3,4608,-1076.2,869.33,-6859.6,2525.9,-2678.3,10721,326810,130,112,2307,0.19635,1.8215,1.216
-1056.1,-774.06,1325,2.2001,-1588.9,972.5,5.5958e+05,42033,1,5373.8,-2149.2,2405.7,4813.9,-1137.7,973.67,-7070.1,2692.8,-2962.3,11433,328865,130,112,2307,0.18517,1.8227,1.216
-1120,-830.43,1408.6,1.5731,-1689.6,1036.1,5.6092e+05,42035,1,5585.3,-2594.3,3094.4,4972.2,-1212.9,1109,-7250.4,2876.9,-3279.7,12105,330070,130,112,2307,0.17398,1.8238,1.216
-1254.4,-944.61,1575.1,0.23347,-1890.3,1172,5.635e+05,42039,1,5704.7,-3432.7,4444.8,4831.7,-1264.1,1296.3,-6834.2,3080.8,-3775.2,12695,330925,130,112,2307,0.15158,1.8258,1.216
-1186.7,-887.81,1493.1,1.0969,-1791.4,1103.1,5.6192e+05,42037,1,5729.4,-3043.1,3801.8,4986,-1262,1227.2,-7165.2,3023.5,-3579.7,12562,330761,130,112,2307,0.16278,1.8248,1.216
-1300.1,-1037.5,1673.8,-0.59207,-2017.6,1223.7,5.6342e+05,40657,1,4182.5,-3996.5,5484,4948,-892.86,809.3,-6643,2568.7,-3115.7,12244,330259,130,112,2307,0.12864,1.82,1.2272
-1320.5,-997.54,1651,0.05428,-1981.6,1240.2,5.6351e+05,42041,1,5746,-3750.8,4974,4748.7,-1263.1,1351.5,-6623.9,3133.7,-3946.1,12925,331245,130,112,2307,0.14038,1.8267,1.216
-1389.7,-1053.2,1728.9,-0.843,-2075.7,1312,5.6467e+05,42043,1,5395.7,-4160.8,5680,4877.9,-1143.8,1202.1,-6658.6,2999.4,-3802.6,13154,331557,130,112,2307,0.12917,1.8275,1.216
-1296.9,-1137.5,1775.2,-0.99148,-2149,1228.4,5.6265e+05,39279,1,3419,-4400.3,6154.3,4982.8,-735.24,651.04,-6517.4,2372.2,-2917.9,12302,330355,130,112,2307,0.10585,1.8139,1.2384
-1337.5,-1192.6,1847.7,-1.1172,-2236.8,1273.5,5.6299e+05,39281,1,3358.1,-4519.2,6365.9,4857.9,-704.59,660.98,-6262.1,2339.9,-2950,12254,330271,130,112,2307,0.094724,1.8145,1.2384
-1349.1,-1092.4,1748.5,-0.73108,-2107.7,1275.9,5.6335e+05,40659,1,4375.3,-4212.1,5834.3,4959.9,-950.53,933.46,-6655,2678.8,-3337.4,12645,330851,130,112,2307,0.11747,1.8208,1.2272
-1401,-1149.1,1825.4,-0.78891,-2200.5,1331.7,5.6362e+05,40661,1,4014,-4473.3,6291.1,4913.2,-838.27,819.21,-6465.5,2521.2,-3182.4,12629,330836,130,112,2307,0.1063,1.8215,1.2272
-1415.2,-1300.7,1986.8,-1.6073,-2405.5,1362.2,5.643e+05,39285,1,2998.1,-4763.2,6808.1,4768.8,-582.91,575.7,-5991.7,2171.8,-2833.9,12251,330267,130,112,2307,0.07245,1.8155,1.2384
-1377.4,-1246.4,1917.4,-1.3412,-2321.3,1318.6,5.6342e+05,39283,1,3274,-4633.7,6571.1,4822.5,-658.8,640.63,-6138.6,2281,-2929.9,12286,330333,130,112,2307,0.083588,1.8151,1.2384
-1447.3,-1353.1,2052.6,-1.8152,-2485.2,1400.8,5.6448e+05,39287,1,2745.6,-4918.6,7082.8,4635.4,-551.31,586.19,-5714.6,2129.1,-2848.6,12220,330228,130,112,2307,0.061308,1.816,1.2384
-1419.3,-1499.2,2198.4,-2.0792,-2673.2,1396.1,5.6361e+05,37917,1,2030.6,-4939.4,7107.3,4600.6,-321.57,363.56,-5537.1,1752.3,-2414.5,11832,329623,130,80,2304,0.027755,1.8091,1.2495
-1441.7,-1549.8,2259.2,-2.3347,-2747.1,1427.4,5.6385e+05,37919,1,2064,-5010.5,7226.2,4653.2,-326.11,404.19,-5600,1767.1,-2477.4,12005,329892,130,80,2304,0.016654,1.8093,1.2495
-1539.1,-1506,2240,-2.2235,-2712.4,1515.8,5.6527e+05,39293,1,2338.7,-5090.4,7415.4,4615.4,-420.79,513.97,-5569.2,1941.3,-2723.5,12260,330288,130,112,2307,0.027872,1.8168,1.2384
-1510.2,-1454.8,2177.5,-2.2469,-2636.7,1478.6,5.6537e+05,39291,1,2516,-4974,7214.2,4526.7,-474.08,546.67,-5492.6,2020.3,-2783.6,12088,330038,130,112,2307,0.039019,1.8166,1.2384
-1481,-1405.1,2117,-2.1007,-2563.3,1441.7,5.6526e+05,39289,1,2683.3,-4939.3,7135.8,4546.6,-504.84,556.02,-5548.6,2062.6,-2800.4,12109,330079,130,112,2307,0.050165,1.8163,1.2384
-1465.9,-1602.2,2322.5,-2.3078,-2824.1,1461,5.6384e+05,37921,1,1933.4,-5116.5,7392.4,4666.7,-319.8,439.45,-5593,1766.9,-2528.6,12142,330118,130,80,2304,0.0055516,1.8094,1.2495
-1487,-1654.7,2385.5,-2.1992,-2900.6,1492.1,5.6401e+05,37923,1,1829.7,-5184.7,7524,4662.8,-269.61,414.37,-5552.6,1694.5,-2484.1,12194,330197,130,80,2304,-0.0055505,1.8094,1.2495
-1505.1,-1705.7,2445.7,-2.2795,-2973.8,1520.8,5.6475e+05,37925,1,1709.3,-5231.1,7600.8,4607.4,-228.74,399.84,-5427.2,1613.9,-2417.9,12141,330117,130,80,2304,-0.016652,1.8093,1.2495
-1523.9,-1756.3,2504.9,-2.3924,-3045.8,1550.7,5.6536e+05,37927,1,1759.3,-5260.7,7656.7,4577.4,-204.39,398.29,-5374.7,1563.1,-2383.9,12147,330121,130,80,2304,-0.027754,1.8091,1.2495
-1787.5,-2348.4,3216.3,-0.25232,-3892.4,1975.7,5.6918e+05,39325,1,754.58,-6035.2,8916.7,5394.1,548.4,-146.37,-6351.1,366.11,-1307.2,13715,332372,130,80,2304,-0.15034,1.8108,1.2384
-1788.8,-2410,3288.3,-0.26093,-3979.6,1995.9,5.696e+05,39327,1,571.53,-6106.4,8999.3,5622.9,625.03,-179.59,-6700.5,239.9,-1225.2,14039,332765,130,80,2304,-0.16145,1.8098,1.2384
-1783.7,-2289.2,3147.9,-0.22517,-3809.7,1953.9,5.6867e+05,39323,1,869.31,-5937.5,8772.4,5177.7,471.44,-111.62,-6054,495.6,-1398.9,13374,331849,130,80,2304,-0.13922,1.8117,1.2384
-1778,-2232.3,3082.5,-0.36522,-3730.6,1931,5.6887e+05,39321,1,1096.7,-5873.5,8722.2,5005.2,416.56,-87.079,-5799.4,582.12,-1459.4,13157,331563,130,80,2304,-0.12811,1.8125,1.2384
-1769.6,-2177.3,3019.6,-0.66351,-3654.7,1906.1,5.6907e+05,39319,1,1224.1,-5739,8518.5,4813.2,299.03,17.457,-5545.6,779.35,-1665.9,12822,331101,130,80,2304,-0.11698,1.8132,1.2384
-1748.7,-2073.7,2902.6,-1.1469,-3513.4,1854.4,5.682e+05,39315,1,1351.4,-5630.4,8364.9,4607.4,137.38,155.13,-5267.4,1043.2,-1938.1,12544,330728,130,80,2304,-0.094723,1.8145,1.2384
-1759.2,-2124.8,2960.2,-0.94041,-3583,1880,5.688e+05,39317,1,1270.7,-5668.5,8399.6,4662.7,178.44,132.96,-5349.4,976.83,-1881,12617,330825,130,80,2304,-0.10585,1.8139,1.2384
-1736.3,-2021.8,2843.6,-1.4105,-3442.2,1827.5,5.6768e+05,39313,1,1389.1,-5602,8305.8,4631.9,87.205,191.69,-5328.7,1119.9,-2008.8,12549,330734,130,80,2304,-0.083587,1.8151,1.2384
-1723,-1969.9,2784.2,-1.7087,-3370.5,1800.2,5.6716e+05,39311,1,1470.6,-5546.7,8217.5,4621.7,9.1207,257.31,-5337.9,1240.8,-2132,12508,330658,130,80,2304,-0.072449,1.8155,1.2384
-1708.6,-1918.6,2725.2,-2.0462,-3299.4,1772.3,5.6676e+05,39309,1,1602.5,-5483.4,8117.7,4628.7,-79.113,338.61,-5379.3,1376.3,-2277.3,12508,330671,130,80,2304,-0.061307,1.816,1.2384
-1691,-1866.4,2664.5,-2.4012,-3226.2,1741.9,5.6631e+05,39307,1,1774.5,-5435.8,8044.8,4610.5,-138.96,391.72,-5361.6,1468.1,-2372.5,12508,330668,130,80,2304,-0.050163,1.8163,1.2384
-1672.4,-1816,2606.6,-2.5157,-3156.2,1711,5.6553e+05,39305,1,1879.9,-5422,8015.5,4616.5,-226.11,484.28,-5375.4,1608.1,-2536.9,12518,330688,130,80,2304,-0.039018,1.8166,1.2384
-1651.9,-1764.5,2547,-2.4823,-3084,1678.7,5.6536e+05,39303,1,1875.7,-5389.1,7948.8,4624.9,-278.06,512,-5400,1703.9,-2621.4,12506,330655,130,80,2304,-0.027871,1.8168,1.2384
-1937.8,-2538.3,3462.9,-0.20212,-4173.5,2184.4,5.7052e+05,40713,1,426.66,-6543.3,9744.5,6076.9,721.66,-153.24,-7346.8,18.711,-1132.9,15188,334039,130,80,2304,-0.18441,1.8152,1.2272
-1939.6,-2471.7,3383.9,-0.23138,-4078.3,2165.6,5.7015e+05,40711,1,563.66,-6472.9,9661.3,5805.6,640.82,-127.95,-6933.1,154.02,-1207.8,14807,333663,130,80,2304,-0.17327,1.8163,1.2272
-1939,-2407.6,3308.7,-0.20146,-3987.7,2145.2,5.6969e+05,40709,1,758.65,-6375.4,9542.8,5574.7,570.06,-106.88,-6571.2,280.16,-1284,14443,333227,130,80,2304,-0.16212,1.8173,1.2272
-2272.3,-2757.9,3766.6,-0.059165,-4502.6,2585.3,5.7334e+05,43495,1,296.7,-8150.3,12404,7196.1,725.84,218.16,-8837,-275.91,-1198.8,18771,337251,130,80,2304,-0.21957,1.8263,1.2048
-2279.2,-2679.9,3671.5,0.094346,-4388.8,2568.1,5.7112e+05,43493,1,570.19,-8216.1,12581,6666.5,685.93,109.69,-8086.1,-193.12,-1102.7,18376,336924,130,80,2304,-0.20836,1.8276,1.2048
-2282.5,-2606.5,3583.6,0.17941,-4283.6,2548.7,5.7137e+05,43491,1,683.91,-8004.8,12269,6286.4,626.06,79.773,-7544.4,-52.029,-1157,17699,336334,130,80,2304,-0.19714,1.8289,1.2048
-2283.2,-2537.3,3502,0.066678,-4186.3,2527.9,5.7082e+05,43489,1,858.9,-7806.1,11985,5999,551.93,92.341,-7103.7,93.949,-1243.3,17135,335795,130,80,2304,-0.18592,1.8301,1.2048
-2102.3,-2536.8,3481.9,-0.16892,-4179.2,2348,5.7056e+05,42099,1,609.52,-7051.7,10665,6028.1,633.64,-30.769,-7218,72.336,-1208.8,15942,334760,130,80,2304,-0.18516,1.8227,1.216
-822.3,-426.86,866.6,3.7806,-1021.4,752.43,5.528e+05,47603,1,2405.7,-4476.7,6503,5763.3,-362.65,-747.6,-9003.5,1906.8,-942.93,13697,332347,130,98,2305,0.26747,1.842,1.1707
-837.72,-549.05,1038,6.1593,-1227.1,758.22,5.5649e+05,46205,1,5227.8,-2681.1,3101.5,4655,-930.35,484.79,-7669.1,2423.9,-2186.4,11678,329354,130,112,2307,0.24389,1.838,1.1821
-861.3,-492.73,972.07,4.0739,-1145.8,785.3,5.5613e+05,47605,1,3433.7,-4231.7,5928.4,5494,-619.71,-219.59,-8759.2,2266.5,-1666.1,13420,331922,130,112,2307,0.25616,1.8436,1.1707
-1070.1,84.733,106.83,-43.047,-151.59,1067.2,3.8579e+05,50405,1,-31036,2184.9,6031.5,7396.6,-1019.1,-632.86,-10296,3811.1,-2977.5,34495,345369,130,71,2303,0.34896,1.8428,1.1478
-893.26,23.423,240.61,8.0842,-277.14,882.88,4.6625e+05,50407,1,-7105.7,-5822.7,11509,4497.7,794.96,-2609.2,-9511.7,1958.5,-342.64,18604,337115,130,71,2303,0.33765,1.8449,1.1478
-1042.6,-89.953,439.8,4.5867,-512.81,1012.6,5.548e+05,50411,1,3129.4,-7567.2,11315,6867.3,759.18,-3110.9,-9341.8,937.21,1054,18487,337015,130,71,2303,0.31498,1.8489,1.1478
-937.23,-15.988,338.99,24.431,-382.48,920.16,5.4715e+05,50409,1,4911.9,-9480.9,13883,5214.4,1201.5,-3412.8,-8703.7,476.85,1710.2,20225,338290,130,71,2303,0.32632,1.847,1.1478
-1047.8,-242.53,661.39,1.6159,-774.42,997.22,5.4954e+05,50415,1,-708.71,-5271.8,8682.8,6589,304.92,-2176.5,-9437.5,1434.4,96.034,15591,334449,130,71,2303,0.29227,1.8527,1.1478
-1047.3,-169,552.97,1.7796,-647.2,1006.1,5.4823e+05,50413,1,-723.91,-5823.4,9582.3,6805.2,533,-2665.5,-9541,1312.4,410.88,16519,335245,130,71,2303,0.30363,1.8508,1.1478
-920.8,-340.46,768.1,1.7202,-902.85,859.43,5.504e+05,49007,1,741.86,-5315.2,8305.4,6212.7,-49.874,-1418.5,-9463.8,1663,-372.76,15194,334044,130,98,2305,0.27983,1.8474,1.1593
-881.92,-588.54,1085.3,5.7208,-1288.5,801.12,5.5566e+05,44809,1,5850.3,-1803.5,1636,4397.2,-954.73,612.99,-6988.9,2390.8,-2314.9,10986,327763,130,112,2307,0.2317,1.8322,1.1935
-952.58,-641.29,1168.2,3.779,-1388.5,869.23,5.587e+05,44811,1,5482.3,-2310.5,2538.5,4564.2,-996.76,691.65,-7044.8,2561,-2637.1,11282,328543,130,112,2307,0.22045,1.8336,1.1935
-1083.4,-752.35,1343.6,3.4432,-1597.4,996.53,5.6193e+05,44815,1,5961.4,-3150.2,3857.2,4972.8,-1255.8,1106,-7716.8,3106.3,-3494.4,13011,331352,130,112,2307,0.19793,1.8362,1.1935
-1016.1,-694.8,1252.7,3.4371,-1489.3,930.88,5.6027e+05,44813,1,6011.1,-2883.8,3392.3,4940.1,-1116.6,854.22,-7736.6,2872.1,-3069.5,12644,330847,130,112,2307,0.20919,1.835,1.1935
-1032.6,-735.82,1291.3,2.8917,-1541.7,947.75,5.5976e+05,43421,1,5442.4,-2390.6,2742.7,4801.8,-1174.4,997.66,-7318.7,2815.1,-3077.5,11800,329565,130,112,2307,0.19714,1.8289,1.2048
-1100,-792.07,1377.9,2.7245,-1645.3,1014.3,5.6122e+05,43423,1,5972.6,-2712.5,3195,4976.9,-1260.3,1142.5,-7492.7,3019.7,-3423.5,12565,330769,130,112,2307,0.18592,1.8301,1.2048
-1253.2,-910.18,1556.7,1.3314,-1859.9,1167.4,5.6402e+05,43427,1,6407.4,-3581.2,4571,5035.5,-1435.9,1498.1,-7344.2,3403.7,-4172.3,13688,332329,130,112,2307,0.16344,1.8322,1.2048
-1174.8,-851.44,1467.8,1.8435,-1753.4,1088.6,5.631e+05,43425,1,6811.1,-3486.7,4326.3,5229.1,-1442.9,1438.5,-7827.5,3421.2,-4075.6,14083,332823,130,112,2307,0.17468,1.8312,1.2048
-1334.2,-968.27,1642.2,0.1722,-1962.9,1249.5,5.6572e+05,43429,1,6682,-4115.7,5419.6,4907.1,-1442,1571.9,-7093.6,3504.9,-4436.7,14208,332968,130,112,2307,0.1522,1.8332,1.2048
-1406.8,-1023.7,1722.4,-0.3136,-2059.1,1324.2,5.6618e+05,43431,1,6291.2,-4408.8,5980.1,4714.9,-1442.6,1645,-6651.3,3547.8,-4624.1,14142,332880,130,112,2307,0.14095,1.8341,1.2048
-1447.9,-1110.7,1807.5,-1.5776,-2170.5,1373.4,5.6565e+05,42045,1,4567.6,-4561.1,6411.6,4860.1,-1036.6,1089.8,-6465.1,2862.1,-3677.4,13121,331501,130,112,2307,0.11795,1.8283,1.216
-1559.3,-1129.7,1871.8,-1.4788,-2238.6,1483.3,5.6697e+05,43435,1,5457,-4686.1,6584.8,4863.6,-1221.7,1381,-6604.3,3249.5,-4293.3,13956,332666,130,112,2307,0.11843,1.8357,1.2048
-1482.3,-1074.8,1794.5,-1.1054,-2145.9,1402.9,5.668e+05,43433,1,6249.4,-4581.7,6322.6,4520.2,-1390.1,1639,-6208.9,3505.3,-4686.2,14067,332803,130,112,2307,0.12969,1.8349,1.2048
-1444.5,-1204.5,1898.5,-0.93958,-2288.7,1379.7,5.6373e+05,40663,1,3742.1,-4832.3,6899.3,4804.9,-784.87,798.34,-6214.6,2458.9,-3178.6,12809,331082,130,112,2307,0.095118,1.8221,1.2272
-1487.4,-1258,1967.8,-1.2768,-2372.4,1427.9,5.6435e+05,40665,1,3439.4,-4869.2,6982.5,4725,-710.76,731.05,-5995.5,2378.1,-3115,12608,330812,130,112,2307,0.083936,1.8226,1.2272
-1499.9,-1162.9,1876.8,-2.182,-2254,1429.6,5.6593e+05,42047,1,4728.5,-4811.5,6830.4,4786.4,-1055.3,1166.2,-6320.8,2952.9,-3889.8,13467,332003,130,112,2307,0.10673,1.8289,1.216
-1557.5,-1218.3,1950.5,-2.6621,-2342.9,1491.9,5.6658e+05,42049,1,4334.4,-4915.1,7059.5,4717.8,-984.32,1109.2,-6123.9,2851.1,-3810.6,13319,331768,130,112,2307,0.095509,1.8296,1.216
-1567.4,-1364.3,2102.5,-1.7747,-2535.1,1520.5,5.6523e+05,40669,1,2999.7,-5100.8,7433.9,4631.4,-608.7,669.32,-5725.2,2241.1,-3041.1,12633,330839,130,112,2307,0.061564,1.8235,1.2272
-1528.4,-1309.8,2033.5,-1.5882,-2451.8,1475,5.6486e+05,40667,1,3430.6,-5045.6,7299.7,4688,-672.37,718.99,-5901.9,2329.9,-3111.9,12783,331038,130,112,2307,0.072751,1.8231,1.2272
-1600.1,-1414.7,2164.5,-1.9963,-2609.9,1560.4,5.6552e+05,40671,1,2716.3,-5126.3,7502.4,4499.3,-552.85,639.23,-5466.2,2159.9,-2986.1,12424,330550,130,112,2307,0.050373,1.8239,1.2272
-1565.8,-1559,2304.6,-2.1444,-2790.4,1551.3,5.6507e+05,39295,1,2174.9,-5187.1,7583.9,4640.4,-375.36,494.48,-5567,1869.4,-2675,12358,330447,130,80,2304,0.016724,1.8169,1.2384
-1689.4,-1566.6,2347.8,-2.4234,-2831.1,1674.9,5.6618e+05,40677,1,2299.7,-5201.2,7688.9,4580.8,-393.57,517.39,-5455.3,1921.9,-2773.7,12410,330521,130,80,2304,0.016793,1.8245,1.2272
-1661.4,-1515.5,2286.7,-2.2525,-2757.4,1637.9,5.6568e+05,40675,1,2531.3,-5227.3,7730.3,4492.8,-470.47,598.35,-5368.5,2035.7,-2910.2,12477,330621,130,112,2307,0.027988,1.8243,1.2272
-1631.7,-1465.1,2226.1,-2.0792,-2684.2,1599.9,5.6536e+05,40673,1,2602.1,-5152.7,7568.6,4513.1,-516.22,626.64,-5446.4,2100.5,-2949.4,12426,330555,130,112,2307,0.039181,1.8241,1.2272
-1588.9,-1609.8,2365.2,-2.1549,-2863.8,1584,5.6503e+05,39297,1,2016.8,-5200.5,7624.6,4588.9,-313.78,446.83,-5451.9,1767.8,-2577.6,12251,330268,130,80,2304,0.005575,1.817,1.2384
-1632.2,-1712.9,2487,-2.236,-3011.2,1647.9,5.6497e+05,39301,1,1887.6,-5299.2,7797.9,4644.8,-263.88,443.05,-5461.1,1689.1,-2543.9,12387,330489,130,80,2304,-0.016723,1.8169,1.2384
-1610.7,-1660.6,2425.2,-2.2049,-2936.4,1615.8,5.6518e+05,39299,1,1957.5,-5240.8,7699,4623.6,-276.41,427.12,-5467.7,1707.9,-2531.5,12306,330360,130,80,2304,-0.0055739,1.817,1.2384
-1935.9,-2346.2,3237.7,-0.19654,-3902.1,2123.4,5.6969e+05,40707,1,926.41,-6268.9,9403.5,5331.7,501.02,-85.584,-6212.4,402.85,-1362.2,14067,332805,130,80,2304,-0.15096,1.8183,1.2272
-1929.9,-2287.7,3170.8,-0.23904,-3821.5,2099.6,5.697e+05,40705,1,1162.5,-6141.1,9236.9,5100.3,415.15,-33.484,-5866.5,549.56,-1484.1,13693,332336,130,80,2304,-0.1398,1.8192,1.2272
-1920.5,-2231.3,3107.1,-0.35055,-3744.9,2073,5.6962e+05,40703,1,1319.4,-5943.4,8941.6,4889.1,320.02,34.235,-5587.3,722.52,-1651,13247,331672,130,80,2304,-0.12864,1.82,1.2272
-1897.3,-2127,2991,-0.82027,-3605.3,2017.9,5.6936e+05,40699,1,1488.4,-5720.9,8620.8,4571.4,170.38,143.43,-5150.9,987.93,-1912.9,12703,330940,130,80,2304,-0.10629,1.8215,1.2272
-1909,-2178.2,3047.8,-0.56371,-3673.5,2045.3,5.6963e+05,40701,1,1495.1,-5906.4,8920.9,4653.5,229.63,109.75,-5228.9,867.45,-1795.2,13028,331376,130,80,2304,-0.11747,1.8208,1.2272
-1884.3,-2075.9,2933.9,-1.1759,-3536.6,1989.9,5.6914e+05,40697,1,1465.9,-5594.1,8417.9,4545.9,102.95,192.79,-5151.6,1114.2,-2046.3,12529,330702,130,80,2304,-0.095117,1.8221,1.2272
-1871.5,-2025.5,2877.5,-1.4722,-3468.9,1962.7,5.6846e+05,40695,1,1472.7,-5547,8326.8,4553.9,50.072,232.33,-5195.6,1200.2,-2130,12508,330670,130,80,2304,-0.083935,1.8226,1.2272
-1856.8,-1974.5,2820,-1.778,-3399.8,1934.1,5.675e+05,40693,1,1590.4,-5511.5,8294.5,4493.8,-6.2008,280.07,-5108,1296.1,-2235.9,12508,330665,130,80,2304,-0.07275,1.8231,1.2272
-1841.4,-1924.4,2763.3,-2.0677,-3331.6,1905.3,5.6674e+05,40691,1,1679.1,-5441.6,8178.1,4452.2,-85.721,354.33,-5074.2,1420.9,-2372.1,12508,330659,130,80,2304,-0.061562,1.8235,1.2272
-1824,-1874.7,2707,-2.3142,-3264,1875.1,5.6601e+05,40689,1,1806.5,-5420.2,8120.1,4477.9,-205.14,485.54,-5134.8,1607.2,-2594.1,12508,330664,130,80,2304,-0.050372,1.8239,1.2272
-1803.7,-1824.7,2650.1,-2.4662,-3195.5,1842.5,5.6573e+05,40687,1,1901.8,-5431.7,8122.3,4535.6,-281.81,558.65,-5228,1728.8,-2728.1,12563,330763,130,80,2304,-0.03918,1.8241,1.2272
-1784.3,-1773.8,2591.7,-2.4533,-3125,1811.3,5.6542e+05,40685,1,1995.3,-5415.7,8113.3,4644.4,-306.33,562.19,-5412,1760.1,-2745.4,12690,330921,130,80,2304,-0.027987,1.8243,1.2272
-1761.4,-1720.3,2528.8,-2.5405,-3049.4,1777.1,5.6547e+05,40683,1,2043.4,-5387.9,8029.2,4685.7,-324.32,550.52,-5505.4,1780.9,-2725.4,12686,330915,130,80,2304,-0.016792,1.8245,1.2272
-2102.3,-2470.3,3403.9,-0.17248,-4085.5,2327.4,5.7006e+05,42097,1,811.34,-6935.9,10521,5765.8,561.04,-15.511,-6799.9,208.19,-1286.3,15523,334365,130,80,2304,-0.17398,1.8238,1.216
-2093.3,-2345.6,3260.5,-0.12715,-3913.5,2280.2,5.7e+05,42093,1,1270.5,-6621.5,10102,5258.7,409.54,41.763,-6020.3,495.05,-1495.2,14631,333420,130,80,2304,-0.15158,1.8258,1.216
-2099.5,-2406.5,3330,-0.13537,-3996.9,2305,5.6992e+05,42095,1,1008.1,-6807.4,10353,5526.6,491.09,3.9369,-6430.2,339.53,-1371.6,15122,333969,130,80,2304,-0.16278,1.8248,1.216
-2492.7,-2762.5,3784.3,0.24012,-4505.6,2804.6,5.7256e+05,44889,1,639.87,-9902,15325,7324.9,598.09,429.97,-8889,-352.82,-1092.4,21629,339176,130,80,2304,-0.22045,1.8336,1.1935
-2496.5,-2682.6,3688.6,0.93937,-4391.2,2784.3,5.7133e+05,44887,1,1315.9,-10245,16028,6801.5,514.06,405.39,-8020.2,-216.45,-1077.7,21813,339291,130,80,2304,-0.20919,1.835,1.1935
-2495.6,-2609.2,3602.5,1.0798,-4288.5,2760.9,5.7149e+05,44885,1,1074.8,-9251.3,14389,6270.5,503.8,265.98,-7420,-33.587,-1177.6,19745,337966,130,80,2304,-0.19793,1.8362,1.1935
-2491.9,-2540.4,3522.8,0.79495,-4193.8,2735.9,5.7133e+05,44883,1,1698.7,-9320.3,14638,5896.8,367.2,354.72,-6766.8,195.4,-1356.9,19665,337903,130,80,2304,-0.18666,1.8374,1.1935
-2280.7,-2471.1,3425.4,0.053728,-4094.6,2505.1,5.7035e+05,43487,1,1308.3,-7817.1,12102,5696.3,431.89,171.04,-6570.5,291.28,-1399.8,16946,335629,130,80,2304,-0.17468,1.8312,1.2048
-2779.2,-2773.8,3801.8,1.3687,-4507.9,3090.4,5.7221e+05,46287,1,1698.4,-12617,19961,7697.9,366.41,867.43,-9117.1,-369.94,-1126.3,26556,341919,130,80,2304,-0.22132,1.8409,1.1821
-974.9,-483.22,994.12,3.386,-1167.8,899.12,5.5854e+05,49011,1,2543.1,-5295,7899.5,6252,-329.07,-867.76,-9771.7,2102.7,-1183.5,15433,334276,130,112,2307,0.25714,1.8507,1.1593
-940.43,-411.02,879.89,3.4077,-1033.4,871.61,5.541e+05,49009,1,1625.1,-5227.2,7968.4,6265,-181.69,-1162,-9689.2,1867.6,-734.73,15232,334077,130,112,2307,0.26849,1.8491,1.1593
-909.47,-554.82,1073.8,4.8634,-1265.5,828.59,5.5828e+05,47607,1,4247.9,-4185.9,5730.3,5330.4,-774.2,109.28,-8675.4,2547.5,-2212.5,13567,332159,130,112,2307,0.24484,1.8452,1.1707
-970.39,-614.26,1173.1,5.6292,-1382.2,885.66,5.61e+05,47609,1,5451.9,-3832,4953.1,4622.6,-912.76,509.08,-7793.6,2696.9,-2685.8,12908,331227,130,112,2307,0.23352,1.8466,1.1707
-908.54,-599.52,1125.2,7.2453,-1329.8,826.15,5.5711e+05,46207,1,6575.2,-2605.5,2779.4,4383.1,-1058.2,790.26,-7347.6,2724.3,-2806.2,12165,330147,130,112,2307,0.23261,1.8395,1.1821
-1016.1,-552.15,1105.6,4.191,-1298.5,934.69,5.6115e+05,49013,1,3518.1,-5092.6,7383.3,5735.4,-500.43,-422.87,-9232.6,2348.7,-1783.4,14835,333687,130,112,2307,0.24578,1.8523,1.1593
-1201.7,-116.47,541.65,14.927,-623.65,1167,5.4232e+05,51827,1,-3634.8,-5568.2,10078,7964.3,1685.9,-4902.7,-11263,-355.71,3619.9,19395,337712,130,71,2303,0.30476,1.8577,1.1362
-1231.3,-27.44,414.26,13.862,-475.5,1209.2,5.3774e+05,51825,1,-256.8,-7277.1,11939,7558.8,1935.5,-5270.7,-10597,-914.78,4458.7,20225,338289,130,71,2303,0.31616,1.8558,1.1362
-1168.2,-204.86,659.75,11.814,-763.48,1122,5.5329e+05,51829,1,-2116,-3943.5,6998.7,7900.1,882,-3479,-10601,979.96,1121.4,16090,334891,130,98,2305,0.29336,1.8596,1.1362
-1057.8,-315.06,771.48,1.8659,-903.33,998.69,5.5323e+05,50417,1,524.04,-4989.8,7951.1,6692,85.168,-1780,-9935.1,1621.4,-190.65,15418,334262,130,98,2305,0.28089,1.8544,1.1478
-1075.3,-389.96,889.94,3.5603,-1041.2,1008.1,5.5648e+05,50419,1,1734.5,-5438.3,8383.4,6617.1,-117.67,-1357,-10221,1893.1,-669.58,16031,334841,130,112,2307,0.26951,1.8561,1.1478
-996.78,-651.86,1211.5,5.2085,-1433.4,911.85,5.6069e+05,46209,1,6949.9,-2807.5,3075.9,4728.9,-1063.7,775.18,-7585.7,2847.4,-3020.3,12826,331107,130,112,2307,0.22132,1.8409,1.1821
-1164.9,-811.93,1439,3.6777,-1710.9,1076.8,5.6286e+05,44817,1,7366.7,-3997.2,5018,5384.4,-1447.2,1392.1,-8337.4,3554.7,-4180.1,15102,333954,130,112,2307,0.18666,1.8374,1.1935
-1164.1,-772.55,1406.3,3.1286,-1665.8,1074.6,5.6488e+05,46213,1,7580.8,-4410.3,5610.5,5539.4,-1414.6,1276,-8829.6,3640.8,-4197.4,15860,334703,130,112,2307,0.19871,1.8434,1.1821
-1073,-707.2,1301.7,4.791,-1540.6,985.98,5.6152e+05,46211,1,6991.1,-3578.1,4342.5,5199.7,-1215,973.04,-8249.7,3222.9,-3563.3,14182,332938,130,112,2307,0.21002,1.8422,1.1821
-1340.7,-938,1631.9,0.95572,-1942.4,1252.1,5.662e+05,44821,1,7250.5,-4733.8,6305.3,5136.1,-1596.6,1754.3,-7645,3864.5,-4905.7,15627,334485,130,112,2307,0.1641,1.8395,1.1935
-1253,-876.15,1537.4,1.9678,-1829.3,1164.2,5.652e+05,44819,1,7363.3,-4518.6,5885.5,5440.3,-1547.5,1584.3,-8192.4,3761.6,-4591.6,15688,334536,130,112,2307,0.17538,1.8385,1.1935
-1429,-994,1716.2,0.15088,-2043.2,1341.9,5.6692e+05,44823,1,7046.9,-4885.9,6646.2,4873.4,-1570.3,1806.7,-7087.6,3862.6,-5063.1,15426,334272,130,112,2307,0.15281,1.8405,1.1935
-1516.6,-1052.2,1802.7,-0.30985,-2146.6,1431.5,5.6706e+05,44825,1,6939.1,-4946.9,6807.7,4870.5,-1543.6,1803.6,-6998.5,3817.2,-5058.6,15410,334246,130,112,2307,0.14151,1.8414,1.1935
-1594.4,-1106.7,1880.9,-0.76392,-2240,1512.4,5.6697e+05,44827,1,6106.6,-4862.3,6826.3,4398.9,-1456.5,1759.4,-6031.3,3669.2,-4992.3,14383,333150,130,112,2307,0.13021,1.8422,1.1935
-1621.6,-1186.8,1950.6,-1.4162,-2332.6,1549.7,5.6631e+05,43437,1,5120.9,-4991,7158.6,4704.7,-1155.2,1345.8,-6231,3179.1,-4297.4,13966,332680,130,112,2307,0.10717,1.8364,1.2048
-1659.6,-1154.9,1945.7,-1.6775,-2317.7,1581.8,5.6727e+05,44829,1,6116,-4975.4,7065.8,4589.7,-1404,1707.3,-6204.9,3575.4,-4896.3,14605,333400,130,112,2307,0.1189,1.843,1.1935
-1608.1,-1271.6,2020.6,-2.5214,-2426.9,1547.9,5.6611e+05,42051,1,3822.5,-5014.8,7276.5,4589.7,-817.52,914.52,-5837.3,2566.1,-3458.5,12957,331288,130,112,2307,0.084281,1.8301,1.216
-1722.9,-1289.1,2083,-2.2529,-2491.5,1661.8,5.6661e+05,43441,1,4114.7,-5167.9,7599.4,4397,-948.54,1135.5,-5519.6,2879.6,-4003.5,13330,331780,130,112,2307,0.084623,1.8375,1.2048
-1676.7,-1239.7,2020.6,-1.7108,-2416.5,1609.8,5.6634e+05,43439,1,4231.1,-5034.8,7337.9,4486,-1001.4,1168,-5721.4,2947.8,-4035.7,13319,331769,130,112,2307,0.095896,1.837,1.2048
-1689.8,-1374.5,2150.9,-2.5455,-2583.3,1642.4,5.6579e+05,42055,1,3260.4,-5156.9,7605.2,4515.4,-662.86,766.08,-5548.3,2348.5,-3254.5,12782,331035,130,112,2307,0.061816,1.831,1.216
-1724.7,-1425.5,2213.7,-2.7227,-2658.8,1684.7,5.6606e+05,42057,1,2876.6,-5276.9,7833.4,4469.4,-608.91,729.19,-5433,2292.2,-3226.5,12788,331052,130,112,2307,0.05058,1.8314,1.216
-1651.4,-1323.1,2086.7,-2.3253,-2506.1,1597.3,5.6541e+05,42053,1,3406.8,-5098.3,7461.9,4610,-721.93,813.77,-5779.1,2426.3,-3307.4,12882,331185,130,112,2307,0.07305,1.8306,1.216
-1756.8,-1475.5,2274.2,-2.8702,-2731.4,1724.8,5.6646e+05,42059,1,2717.4,-5286.5,7858.2,4460.3,-559.41,697.23,-5364.6,2203.7,-3140.1,12699,330932,130,112,2307,0.039342,1.8316,1.216
-1713.8,-1617.2,2407.5,-2.5864,-2903.2,1708.8,5.66e+05,40679,1,2154.7,-5234.1,7769.3,4565.9,-371.89,525.57,-5393.2,1882.6,-2767.1,12408,330517,130,80,2304,0.0055983,1.8246,1.2272
-1817.3,-1575.2,2393.9,-2.4061,-2874.9,1802.7,5.6588e+05,42063,1,2294.9,-5249.5,7858.2,4521,-408.41,551.45,-5355,1974.8,-2894.5,12508,330656,130,80,2304,0.016862,1.832,1.216
-1789.4,-1525.7,2334.8,-2.6955,-2804.1,1765.8,5.6641e+05,42061,1,2535.4,-5233.1,7841.3,4349.2,-490.4,639.61,-5150.7,2127.3,-3092.8,12477,330622,130,112,2307,0.028103,1.8318,1.216
-1738.4,-1668.6,2468.2,-2.5887,-2976.3,1743.6,5.6566e+05,40681,1,2125.8,-5299.8,7889.2,4608.9,-351.61,544.41,-5416.3,1831.3,-2748.4,12520,330690,130,80,2304,-0.0055971,1.8246,1.2272
-2084.6,-2288,3195.8,-0.2409,-3835.9,2253.8,5.7045e+05,42091,1,1448.5,-6435.1,9834.8,4988.7,328.72,83.115,-5632.8,649.63,-1627.6,14143,332882,130,80,2304,-0.14038,1.8267,1.216
-2071.9,-2233.2,3135.4,-0.3595,-3763.4,2224.2,5.7064e+05,42089,1,1709.1,-6266.5,9600.4,4754.5,221.2,173.56,-5280.1,845.29,-1832.6,13748,332410,130,80,2304,-0.12917,1.8275,1.216
-2056.3,-2180.9,3078.4,-0.54294,-3695.2,2192.5,5.7081e+05,42087,1,1765.5,-6041.7,9243.3,4603.9,140.83,230.98,-5106.1,1005.5,-2000.6,13320,331770,130,80,2304,-0.11795,1.8283,1.216
-2039.1,-2129.5,3022.5,-0.75437,-3628.2,2159.7,5.7063e+05,42085,1,1882.2,-6010.3,9221.5,4512.8,86.07,272.02,-4958.8,1109.8,-2112.8,13245,331668,130,80,2304,-0.10673,1.8289,1.216
-2023.4,-2079.4,2967.9,-0.96015,-3562.9,2129.1,5.7009e+05,42083,1,1784.8,-5855.3,8960.8,4505.7,70.119,251.95,-5005.4,1164.2,-2150.6,13007,331348,130,80,2304,-0.095508,1.8296,1.216
-2008,-2028.9,2912.2,-1.181,-3496.2,2099.3,5.6911e+05,42081,1,1683.9,-5624.9,8573.4,4443.3,33.028,255.37,-4981.4,1246.3,-2216.1,12612,330818,130,80,2304,-0.08428,1.8301,1.216
-1991.8,-1979.7,2857.7,-1.5539,-3430.9,2069.2,5.6823e+05,42079,1,1701.6,-5508.1,8382.1,4411.9,-43.67,326.1,-4974.8,1371.5,-2355.5,12508,330667,130,80,2304,-0.073049,1.8306,1.216
-1974.1,-1930.3,2802.5,-2.0037,-3365,2038.1,5.6749e+05,42077,1,1890.1,-5438.9,8298.7,4323.8,-100.09,375.16,-4849,1462.6,-2456.7,12508,330661,130,80,2304,-0.061815,1.831,1.216
-1954.8,-1882.1,2748.8,-2.3827,-3300.8,2006,5.6695e+05,42075,1,1863.6,-5350.7,8144.8,4293.7,-183.8,458.87,-4824.4,1595.3,-2609.4,12508,330660,130,80,2304,-0.050579,1.8314,1.216
-1936.4,-1834,2695.1,-2.5859,-3236.5,1975.4,5.6642e+05,42073,1,1875.2,-5341.5,8087.6,4473.8,-246.76,514.56,-5129.7,1684.8,-2696.6,12508,330663,130,80,2304,-0.039341,1.8316,1.216
-1892.6,-1730.7,2575.5,-3.0647,-3093.3,1908.4,5.6672e+05,42069,1,2166.3,-5340.2,8057,4643.8,-363.26,610.41,-5425.6,1887.7,-2913.4,12716,330951,130,80,2304,-0.016861,1.832,1.216
-1915.4,-1782.1,2635,-2.9244,-3164.5,1942.5,5.667e+05,42071,1,2014.2,-5296.6,8042.7,4558.2,-300.38,559.3,-5243.7,1800.7,-2840.9,12521,330694,130,80,2304,-0.028102,1.8318,1.216
-2274.3,-2407.7,3353.1,0.018936,-4008.3,2479.2,5.7055e+05,43485,1,1302.4,-7320.2,11288,5487.1,392.08,149.11,-6304.2,423.14,-1497,15973,334788,130,80,2304,-0.16344,1.8322,1.2048
-2263.3,-2347.5,3286,-0.042984,-3928.1,2449.8,5.7088e+05,43483,1,1836.4,-7334.6,11413,5189.2,265.12,258.59,-5782.6,622.57,-1686.7,15848,334687,130,80,2304,-0.1522,1.8332,1.2048
-2248.5,-2290.4,3223.5,-0.082087,-3853.4,2417.3,5.7113e+05,43481,1,2020.8,-6926.5,10785,4904.9,185.48,293.06,-5367.3,820.94,-1879.7,15019,333887,130,80,2304,-0.14095,1.8341,1.2048
-2773.9,-2690.2,3705.2,3.027,-4392.2,3060.7,5.7125e+05,46285,1,2116.5,-12369,19666,6921.3,351.48,685.43,-7950.7,-257.65,-1013.6,25633,341480,130,80,2304,-0.21002,1.8422,1.1821
-2763.2,-2616.4,3621.4,3.0538,-4292.8,3027.7,5.714e+05,46283,1,2616.6,-11709,18713,6277.6,266.93,641.4,-7059.1,15.921,-1213.2,24193,340665,130,80,2304,-0.19871,1.8434,1.1821
-2748.1,-2547.7,3544.6,2.5117,-4202.1,2991.5,5.7168e+05,46281,1,2656,-11087,17733,5878.4,185.42,644.62,-6550.8,269.38,-1460.7,22903,339944,130,80,2304,-0.1874,1.8446,1.1821
-2728.6,-2482.9,3473.7,1.7685,-4118.5,2952.1,5.7257e+05,46279,1,2838.3,-10441,16722,5564,91.885,690.4,-6081.5,510.6,-1707.2,21640,339181,130,80,2304,-0.17607,1.8457,1.1821
-2484.3,-2474.7,3448.2,0.56971,-4105.2,2708.1,5.7168e+05,44881,1,1740.2,-8880.2,13943,5645.8,301.46,366.96,-6408,364.37,-1504.7,18758,337233,130,80,2304,-0.17538,1.8385,1.1935
-2471.8,-2412.4,3379,0.29968,-4022.9,2676.3,5.7216e+05,44879,1,2183.4,-8494.7,13400,5334.6,178.93,459.57,-5894.2,616.79,-1763.3,17984,336589,130,80,2304,-0.1641,1.8395,1.1935
-3151,-2791.8,3819,5.2866,-4508.2,3461.7,5.7183e+05,47689,1,4308,-15877,25919,7254,414.02,726.33,-9443.8,-462.76,-1072.6,32959,344745,130,80,2304,-0.22218,1.848,1.1707
-3125.8,-2704.5,3721.1,6.2208,-4392,3412,5.7096e+05,47687,1,3958.3,-14329,23331,7060.9,105.32,1102.8,-7735.8,-142.22,-1166.3,29625,343369,130,80,2304,-0.21084,1.8494,1.1707
-1108.8,-467.61,1012.1,3.0744,-1184.7,1033.9,5.6197e+05,50421,1,2312.2,-5609.9,8561.4,6669.5,-227.21,-1133.7,-10392,2099.8,-1060.8,16415,335181,130,112,2307,0.25812,1.8577,1.1478
-1145.8,-542.73,1133.5,4.2009,-1326.3,1064.4,5.6536e+05,50423,1,3350.1,-5802.9,8674.6,6302.9,-355.96,-784.71,-10310,2452.4,-1745.7,16612,335321,130,112,2307,0.24671,1.8593,1.1478
-1070,-616.9,1214.2,6.027,-1425.2,984.12,5.6337e+05,49015,1,5468,-5436.4,7601.3,5581.3,-770.93,102.35,-9480.6,3001.2,-2882.7,16006,334815,130,112,2307,0.23441,1.8537,1.1593
-1042.1,-663.71,1260.5,7.9958,-1484.1,955.46,5.6142e+05,47611,1,7656.6,-4140.7,5101.1,4926.6,-1141.2,865.78,-8419.9,3285.2,-3591.3,14923,333777,130,112,2307,0.22218,1.848,1.1707
-1372.5,-5.6126,421.55,19.925,-478.72,1353.5,5.3875e+05,53243,1,-6392.2,-4990.3,9998.3,9001.5,3262.3,-7855.7,-14166,-3939.7,10389,25362,341317,130,98,2305,0.30589,1.8646,1.1247
-1291.5,-117.6,608.76,38.604,-685.46,1257.4,5.5093e+05,53245,1,-6545.1,-4516.6,9223.7,10096,3510.9,-8492.5,-15870,-3744.6,10412,26627,341956,130,98,2305,0.29444,1.8664,1.1247
-1174.9,-286.59,773.62,6.509,-899.67,1118.8,5.5954e+05,51831,1,891.93,-3519.2,5534.9,7146,437.64,-2495.3,-10222,1543.5,6.6038,15418,334263,130,98,2305,0.28194,1.8613,1.1362
-1232.3,-236.45,771.26,34.991,-876.72,1183,5.6272e+05,53247,1,-2323.7,-2523,4775.3,9696.9,1956.1,-5694.7,-14223,375.83,2952.8,19391,337711,130,98,2305,0.28298,1.8682,1.1247
-1200.8,-366.57,898.6,6.0237,-1045.9,1135.7,5.6268e+05,51833,1,2800.1,-3998.3,5888.1,7326.4,27.73,-1798.6,-11024,1966.4,-594.14,15529,334376,130,112,2307,0.27052,1.863,1.1362
-1245.7,-447.37,1027.7,4.8922,-1197.4,1172.3,5.6699e+05,51835,1,3063.9,-5245.4,7884.7,6915,-181.87,-1275.8,-10955,2260.8,-1211.2,16587,335298,130,112,2307,0.25908,1.8647,1.1362
-1155,-725.91,1366.7,6.3615,-1610.5,1065.4,5.6475e+05,47613,1,8969.4,-4786.2,5957.8,5529.7,-1384,1196,-9009.2,3811,-4406.6,16967,335650,130,112,2307,0.21084,1.8494,1.1707
-1363.8,-902.34,1615.4,1.7636,-1914.6,1272,5.6691e+05,46217,1,8237.9,-5361.2,7132.8,5584.1,-1656.2,1749.4,-8556,4117.7,-5145.5,17352,335989,130,112,2307,0.17607,1.8457,1.1821
-1247.2,-834.82,1507.8,3.9708,-1785.7,1156.5,5.6465e+05,46215,1,8287.7,-5280.8,6946,5561.1,-1699.2,1773.4,-8812.9,4170.7,-5118,17408,336049,130,112,2307,0.1874,1.8446,1.1821
-1387,-868.64,1602.7,3.0804,-1891.4,1292.1,5.6804e+05,47617,1,8899.5,-6120.7,8238.7,5859.9,-1667.3,1687.6,-9335.8,4357.2,-5376.7,18962,337397,130,112,2307,0.18813,1.8518,1.1707
-1261.8,-790.07,1473.3,4.9669,-1737.3,1169.9,5.6601e+05,47615,1,9579.1,-5886.7,7687.9,6109.4,-1630.1,1541.9,-9926.2,4321.3,-5151.1,19277,337634,130,112,2307,0.19949,1.8506,1.1707
-1458.2,-968.34,1716.6,0.30179,-2035.6,1366.4,5.6773e+05,46219,1,7522.2,-5621.7,7750.1,5308.1,-1624.7,1800.4,-7944.6,4120.3,-5339.1,17056,335716,130,112,2307,0.16475,1.8468,1.1821
-1545.3,-1026.5,1805.1,0.018221,-2140.7,1455,5.6744e+05,46221,1,7022.8,-5322,7389.8,4854.3,-1603.4,1867.6,-7094.2,4021.3,-5348.3,16031,334840,130,112,2307,0.15341,1.8478,1.1821
-1625.6,-1081.6,1884.9,-1.0592,-2236.1,1537.9,5.6829e+05,46223,1,6835.4,-5347,7544.1,4675.6,-1537,1841.3,-6631.3,3907,-5313.2,15726,334577,130,112,2307,0.14207,1.8487,1.1821
-1701.8,-1130.5,1953.7,-1.7721,-2318.2,1617.9,5.6816e+05,46225,1,6560.2,-5504.6,7889.7,4472,-1544.9,1927.6,-6130,3910.4,-5445.1,15627,334487,130,112,2307,0.13072,1.8495,1.1821
-1794.2,-1256,2080.7,-2.7194,-2479.1,1726.3,5.679e+05,44833,1,4667.9,-5198.6,7641.3,4386.7,-1048.3,1264.7,-5628.2,3026.5,-4216.3,13703,332354,130,112,2307,0.09628,1.8443,1.1935
-1735.5,-1207.5,2017.4,-2.4338,-2403.5,1662.2,5.6799e+05,44831,1,5625.1,-5176.9,7507.2,4285.4,-1257.4,1560.5,-5605.8,3354.7,-4689.3,14207,332966,130,112,2307,0.10759,1.8437,1.1935
-1789.9,-1187.4,2034.1,-2.8028,-2414.2,1709.8,5.6918e+05,46227,1,6242.4,-5640.6,8209.8,4365.8,-1486.7,1890.2,-5842.2,3879.6,-5491.4,15568,334423,130,112,2307,0.11937,1.8503,1.1821
-1769.5,-1337.7,2143.3,-2.854,-2564,1714.8,5.6698e+05,43443,1,3707.8,-5190.9,7690.7,4360.6,-840.21,1019,-5365.7,2698,-3791,13078,331441,130,112,2307,0.073346,1.838,1.2048
-1901.9,-1357.4,2211.5,-2.5732,-2634.7,1846.3,5.6791e+05,44837,1,3710.2,-5309.2,7982.6,4133.9,-840.06,1040.5,-5026.9,2789.9,-4001.7,13176,331584,130,112,2307,0.07364,1.8454,1.1935
-1852.3,-1306.9,2147.3,-2.6211,-2558.3,1790.2,5.6781e+05,44835,1,4556.9,-5401.5,8029.9,4331.6,-1010.1,1251.7,-5509.4,3035.5,-4302.4,13923,332627,130,112,2307,0.084961,1.8449,1.1935
-1816.1,-1387.9,2205.9,-3.0493,-2638.9,1768.3,5.6753e+05,43445,1,3373.3,-5248,7837.9,4363.2,-695.96,844.19,-5328.1,2480.6,-3519.8,12943,331269,130,112,2307,0.062067,1.8384,1.2048
-1887.4,-1488.5,2330.1,-2.174,-2786.8,1855,5.6716e+05,43449,1,2655.6,-5219.8,7879.6,4341.9,-517.21,646.36,-5169.1,2210.3,-3203.2,12561,330753,130,112,2307,0.039502,1.8391,1.2048
-1854.2,-1437.6,2267.6,-2.6012,-2712.4,1813.9,5.6726e+05,43447,1,3015,-5229.1,7851.8,4442.9,-608.7,741.94,-5441.5,2350.8,-3358.8,12852,331140,130,112,2307,0.050785,1.8388,1.2048
-1842.1,-1627.2,2455.3,-2.5974,-2948.7,1837.1,5.6626e+05,42065,1,2298.4,-5350.8,8060.3,4616.1,-402.53,588.49,-5427.4,1989,-2978,12766,331015,130,80,2304,0.0056213,1.832,1.216
-1943.2,-1583.4,2440.6,-2.2913,-2919,1928.5,5.6757e+05,43453,1,2594.7,-5268.7,8008.6,4424.3,-431.75,597.87,-5189.6,2060.8,-3074.9,12625,330830,130,80,2304,0.016931,1.8394,1.2048
-1913.8,-1536,2385.6,-2.3033,-2853.2,1890,5.677e+05,43451,1,2391.8,-5207.9,7896.7,4195.8,-466.84,614.27,-4862,2127.4,-3133.8,12477,330623,130,80,2304,0.028217,1.8393,1.2048
-1867,-1678.4,2514.6,-2.9685,-3020.1,1872.2,5.6667e+05,42067,1,2206.9,-5362.8,8103.3,4599.6,-404.16,635.64,-5332.6,1998.3,-3045.5,12756,331008,130,80,2304,-0.0056201,1.832,1.216
-2231.4,-2237.2,3166.9,-0.14767,-3785.7,2383.6,5.7154e+05,43479,1,2196.2,-6642.7,10368,4593.7,91.331,352.58,-4914.4,1029.5,-2096.8,14397,333171,130,80,2304,-0.12969,1.8349,1.2048
-2212.4,-2186.2,3113.1,-0.27035,-3721.5,2348.5,5.7197e+05,43477,1,2053.4,-6393.2,9923,4549.6,61.043,353.84,-4933.1,1112.7,-2175.9,13953,332664,130,80,2304,-0.11843,1.8357,1.2048
-2192.4,-2135.4,3059.3,-0.3067,-3657.2,2313.1,5.7154e+05,43475,1,2195.9,-6315.1,9832,4534.3,19.097,371.67,-4909,1212,-2282.8,13887,332587,130,80,2304,-0.10716,1.8364,1.2048
-2172.7,-2084,3003.7,-0.48937,-3590.9,2278.4,5.7115e+05,43473,1,2136.8,-6140.3,9534.4,4537.9,29.081,317.23,-4991.3,1226,-2267,13617,332235,130,80,2304,-0.095895,1.837,1.2048
-2151.5,-2033,2948.2,-0.84369,-3524.8,2242.7,5.7061e+05,43471,1,2232.5,-5975.1,9281.7,4380.3,-27.068,353.3,-4803.5,1331,-2374.5,13290,331722,130,80,2304,-0.084622,1.8375,1.2048
-2129.9,-1984.7,2895.7,-1.4259,-3462.4,2207.4,5.7021e+05,43469,1,2113.3,-5665.1,8762.8,4277.4,-100.08,410.65,-4727.5,1458.4,-2508.5,12751,331003,130,80,2304,-0.073345,1.838,1.2048
-2108.2,-1937.1,2843.7,-1.9409,-3400.7,2172.3,5.6927e+05,43467,1,2108.7,-5465.2,8446.6,4195.4,-197.95,512.18,-4622.2,1622.1,-2707,12508,330666,130,80,2304,-0.062066,1.8384,1.2048
-2087.4,-1890.4,2792.9,-2.4262,-3340.2,2138.8,5.6878e+05,43465,1,2019,-5382.5,8300.6,4225.5,-238.78,542.3,-4701.7,1695,-2784.9,12508,330662,130,80,2304,-0.050784,1.8388,1.2048
-2066,-1841.9,2738.7,-2.8105,-3275.7,2105,5.6869e+05,43463,1,1968,-5344.3,8223.6,4397.8,-266.17,550.14,-4945.8,1763.1,-2853.3,12508,330669,130,80,2304,-0.039501,1.8391,1.2048
-2023.2,-1741,2625.6,-2.2033,-3140.1,2039.1,5.675e+05,43459,1,2069.5,-5372.9,8232.8,4592.5,-305.13,529.54,-5267,1866.9,-2923,12734,330984,130,80,2304,-0.01693,1.8394,1.2048
-2044.7,-1791.8,2682.7,-2.6817,-3208.7,2071.9,5.6815e+05,43461,1,1976.9,-5344.3,8206.6,4474.4,-301.67,564.87,-5038.6,1846.9,-2937.2,12557,330743,130,80,2304,-0.028216,1.8393,1.2048
-2454.6,-2353.7,3315.6,0.047594,-3947.7,2640.9,5.727e+05,44877,1,2302.7,-7977.9,12586,5080.5,71.923,535.48,-5521.7,863.25,-2031.9,16995,335673,130,80,2304,-0.15281,1.8405,1.1935
-2432.8,-2297.4,3256.5,0.070549,-3877.2,2601.7,5.7277e+05,44875,1,3007.4,-7961.9,12674,4828,-60.259,668.6,-5013.5,1109.6,-2313.8,16987,335667,130,80,2304,-0.14151,1.8414,1.1935
-2405.8,-2243.9,3201.5,0.15047,-3811.7,2558,5.7266e+05,44873,1,2686.5,-7434.6,11761,4642.2,-54.415,596.01,-4869.9,1174.3,-2348,15916,334743,130,80,2304,-0.13021,1.8422,1.1935
-3094.8,-2628.9,3640.5,6.437,-4296.7,3358.7,5.7121e+05,47685,1,4400.7,-13672,22372,6312.6,50.298,999.2,-6683.7,99.432,-1298.7,28178,342690,130,80,2304,-0.19948,1.8506,1.1707
-3059.3,-2561,3569.5,5.394,-4213.4,3302.5,5.72e+05,47683,1,4394.5,-12788,20929,5823,-46.957,1015.2,-6094.3,418.85,-1645.7,26378,341841,130,80,2304,-0.18813,1.8518,1.1707
-3020.8,-2498.1,3505.2,3.9294,-4138.4,3244.4,5.7318e+05,47681,1,5010.1,-11888,19599,5316.1,-267.74,1226,-5273.3,958.49,-2313.9,24788,341009,130,80,2304,-0.17676,1.8529,1.1707
-2704.5,-2422.4,3409.7,1.156,-4043,2909.1,5.733e+05,46277,1,3658.6,-10084,16309,5135.8,-123.59,913.02,-5310.4,940.52,-2216.9,21030,338792,130,80,2304,-0.16474,1.8468,1.1821
-2676.7,-2365.4,3351.1,0.55176,-3973.9,2863.3,5.7402e+05,46275,1,3324.1,-9188.6,14783,4998.4,-172.72,916.29,-5177.1,1140.7,-2452,19339,337678,130,80,2304,-0.15341,1.8478,1.1821
-3533.2,-2726.7,3740.9,10.2,-4396.1,3819.3,5.7095e+05,49093,1,5993.3,-15681,26172,7148.7,-1.0765,1313.5,-7867,-54.875,-1359.4,32914,344722,130,80,2304,-0.21165,1.8565,1.1593
-3476.3,-2648.2,3662.8,10.241,-4304.1,3740.1,5.71e+05,49091,1,6723.1,-14493,24388,6339.6,-194.7,1410.2,-6196.3,376.41,-1678.2,30555,343775,130,80,2304,-0.20025,1.8577,1.1593
-1295.6,-528.12,1163.2,6.917,-1354.4,1214.9,5.692e+05,51837,1,6044.7,-6776.6,9831.4,7161.4,-418.59,-870.25,-12472,3229.8,-2601.6,20102,338212,130,112,2307,0.24763,1.8662,1.1362
-1200.9,-613.83,1258.8,9.1173,-1470.2,1114.4,5.6614e+05,50425,1,6295,-6716,9620.7,6563.4,-675.88,-257.14,-11449,3288.2,-2977.2,19278,337635,130,112,2307,0.2353,1.8608,1.1478
-1310.2,-689.73,1395.6,10.95,-1629.4,1218.5,5.6841e+05,50427,1,9730.2,-8143.7,11331,6353.7,-984.15,356.53,-11263,4046.2,-4368.6,22208,339508,130,112,2307,0.22388,1.8622,1.1478
-1147.7,-682.62,1329.9,8.8214,-1559.6,1058,5.6533e+05,49017,1,7613.3,-6180.4,8445.4,5420.3,-1165.4,818.46,-9501.7,3800.6,-4252.2,17936,336558,130,112,2307,0.22303,1.8551,1.1593
-1260.2,-743.48,1441,10.676,-1689.1,1167.9,5.6627e+05,49019,1,10402,-6656.3,8763,5922.4,-1364.8,1096.6,-10100,4215,-4893.4,20277,338328,130,112,2307,0.21165,1.8565,1.1593
-1361.9,-84.981,623.6,67.294,-683.59,1333.8,5.6309e+05,54665,1,-9390.3,-3660.6,8545,13164,5649.6,-12891,-25046,-8693.7,21094,41156,347523,130,98,2305,0.28401,1.875,1.1131
-1228.9,-231.61,925.46,118.48,-1003.6,1182.9,5.7342e+05,54667,1,-1931.5,-2694.7,5081.1,11548,5371.6,-11922,-18620,-7629,17564,32474,344563,130,98,2305,0.2725,1.8767,1.1131
-1263.6,-340.59,911.4,20.498,-1048.4,1201.5,5.7003e+05,53249,1,4697.9,-1225.9,893.32,8467,1345.4,-4303.6,-11832,2232.6,-855.46,16190,334971,130,98,2305,0.27151,1.8699,1.1247
-1344.2,-426.26,1050.2,15.388,-1213,1272.8,5.7342e+05,53251,1,7307.3,-2103.3,1790.2,8302.2,392.15,-2582.5,-12641,3105.8,-2252.5,17643,336273,130,105,2306,0.26004,1.8715,1.1247
-1409,-821.64,1570.4,5.4163,-1844.7,1312.8,5.6965e+05,49021,1,10580,-7378.7,10003,6289.7,-1614.6,1500,-10125,4588.7,-5604.7,21583,339139,130,112,2307,0.20025,1.8577,1.1593
-1482.6,-930.53,1701.3,2.4823,-2008.3,1387.5,5.6789e+05,47619,1,8308,-6245.8,8650.4,5466.3,-1592.2,1699.3,-8380.9,4236.6,-5450.1,18332,336889,130,112,2307,0.17676,1.8529,1.1707
-1524.9,-890.27,1682.7,3.517,-1978,1427.1,5.7025e+05,49023,1,8796.8,-7258,10227,5811,-1569.4,1579.7,-9106.5,4415.4,-5613.3,20182,338260,130,112,2307,0.18885,1.8589,1.1593
-1592.8,-996.76,1803.7,0.090432,-2130.8,1497.9,5.7005e+05,47621,1,7665.1,-6234.2,8806.3,5375,-1451.7,1544.5,-8008.9,4023.3,-5251.8,17789,336425,130,112,2307,0.16539,1.854,1.1707
-1665.9,-1053.5,1887.8,-0.36732,-2230.3,1573,5.6952e+05,47623,1,6726.1,-6051.2,8692.4,4850.2,-1520.3,1766.8,-7009.9,4060.5,-5500.2,16800,335510,130,112,2307,0.15401,1.855,1.1707
-1845,-1167.6,2054.6,-2.1486,-2428.6,1758.1,5.7047e+05,47627,1,6482,-5988.7,8771.4,4406.9,-1538.6,1944.5,-6056,4101.6,-5824,16365,335137,130,112,2307,0.13123,1.8567,1.1707
-1755.6,-1109.8,1970.1,-1.6792,-2328.4,1665.4,5.7033e+05,47625,1,7285.5,-6412.4,9289.4,4950.7,-1594.9,1923.8,-7101,4250.5,-5876.7,17728,336368,130,112,2307,0.14262,1.8559,1.1707
-1923.5,-1281.4,2158.3,-3.2599,-2561.7,1854.1,5.6951e+05,46231,1,5182.7,-5206.2,7710.3,4149.2,-1187.9,1517.8,-5362.1,3355.3,-4806.7,14052,332783,130,112,2307,0.09666,1.8516,1.1821
-1853.3,-1232.9,2093.4,-3.545,-2484.9,1778.3,5.6939e+05,46229,1,5279.8,-5323.3,7871.7,3958,-1342.8,1748.2,-5052.9,3654,-5275.1,14332,333107,130,112,2307,0.10802,1.851,1.1821
-1919.8,-1213.5,2117.4,-2.3946,-2502.8,1837.7,5.706e+05,47629,1,5780.6,-5406.4,8000.7,4041.6,-1260.3,1592.2,-5309.2,3590.9,-5166.3,14659,333502,130,112,2307,0.11984,1.8575,1.1707
-1991.3,-1264.9,2188.1,-2.2018,-2586.3,1914.2,5.7039e+05,47631,1,5073.6,-5354.1,8004.4,3988.6,-1229.3,1571.4,-5097.1,3528,-5107.3,14244,333017,130,112,2307,0.10844,1.8582,1.1707
-1942.5,-1403.5,2267.2,-2.6375,-2701.1,1894,5.6831e+05,44839,1,3335.9,-5191.4,7838.4,4115.2,-743.34,928.26,-4921.6,2628.9,-3797.2,12784,331039,130,112,2307,0.062315,1.8458,1.1935
-2064.8,-1415.3,2324.3,-1.93,-2757.7,2015.9,5.6905e+05,46237,1,3290.5,-5081.8,7792,3921.1,-589.8,717,-4588.8,2392.9,-3507.8,12561,330755,130,112,2307,0.062561,1.8531,1.1821
-2028.2,-1371.5,2272.8,-1.9215,-2696.6,1971.9,5.6877e+05,46235,1,3508.9,-4954.7,7541.1,3876.2,-647.6,771.55,-4627.6,2470.9,-3580.5,12561,330756,130,112,2307,0.07393,1.8527,1.1821
-1980.6,-1326.6,2216.8,-2.4658,-2630.6,1917.4,5.6896e+05,46233,1,4303.4,-4978.4,7496.2,3810.8,-890.06,1123.7,-4648.2,2875.3,-4177.3,12783,331037,130,112,2307,0.085297,1.8522,1.1821
-1978,-1449.5,2322,-2.5113,-2766.3,1937.3,5.6866e+05,44841,1,2990.9,-5097.8,7757.6,4118.8,-562.77,694.54,-4873.7,2326.8,-3391.3,12561,330754,130,112,2307,0.050989,1.8461,1.1935
-2011.2,-1495.4,2376.1,-2.3022,-2830.5,1978.6,5.6902e+05,44843,1,2876,-5186.4,7943.5,4242.2,-432.85,534.81,-4988.9,2116.4,-3119.9,12561,330760,130,80,2304,0.03966,1.8464,1.1935
-2044.1,-1545.5,2435.9,-2.1627,-2901.6,2020.2,5.6928e+05,44845,1,2626.1,-5299.6,8132.6,4363.2,-441.27,581.59,-5103.5,2117.4,-3155.8,12696,330926,130,80,2304,0.02833,1.8466,1.1935
-1976.2,-1636.2,2503.9,-1.9954,-2994.4,1971.2,5.6755e+05,43455,1,2547.1,-5351.9,8156.9,4688.9,-341.8,499.54,-5568.6,1918.8,-2902.7,12796,331061,130,80,2304,0.005644,1.8395,1.2048
-2001.1,-1689.2,2566.4,-1.8636,-3069.1,2006.2,5.6708e+05,43457,1,2181.3,-5382.2,8223.5,4607.9,-323.42,507.26,-5355.3,1899.4,-2914.9,12796,331062,130,80,2304,-0.0056429,1.8395,1.2048
-2105.3,-1643.3,2549,-2.1729,-3036.3,2100.2,5.6974e+05,44849,1,2571.4,-5293.5,8179.3,4417.4,-346.45,515.81,-5088.1,1940.7,-2980.3,12648,330856,130,80,2304,0.0056666,1.8468,1.1935
-2075,-1595.8,2495,-2.162,-2972,2060.2,5.6949e+05,44847,1,2649.1,-5349.5,8240.4,4311.8,-477.28,675.89,-4970.4,2170.7,-3286.5,12765,331012,130,80,2304,0.016998,1.8468,1.1935
-2380.4,-2193.1,3149.6,0.079143,-3750,2516.7,5.7286e+05,44871,1,2672.1,-7139.4,11289,4550,-62.16,552.97,-4779.5,1248.6,-2406.2,15387,334205,130,80,2304,-0.1189,1.843,1.1935
-2356.2,-2141.9,3096.4,-0.01965,-3686.7,2476.9,5.7271e+05,44869,1,2885.3,-6963.6,11046,4602.3,-66.501,519.22,-4873.8,1302.3,-2457.2,15224,334070,130,80,2304,-0.10759,1.8437,1.1935
-2330.9,-2089.7,3041.1,-0.10829,-3620.8,2436.7,5.7224e+05,44867,1,2470.9,-6474.5,10185,4522,-43.12,431.27,-4892.1,1317.3,-2426,14281,333055,130,80,2304,-0.096279,1.8443,1.1935
-2304.3,-2039.8,2988.4,-0.40034,-3558.4,2395.7,5.717e+05,44865,1,2880.2,-6330.8,10011,4300.3,-116.97,492.6,-4585.5,1456.5,-2586.5,14042,332768,130,80,2304,-0.08496,1.8449,1.1935
-2277.5,-1992.8,2938.3,-1.3358,-3499.3,2355.1,5.7212e+05,44863,1,2793.4,-5957.6,9395.5,4099.8,-213.96,588.11,-4377.3,1645,-2821,13364,331838,130,80,2304,-0.073639,1.8454,1.1935
-2248.9,-1946.2,2888.5,-2.2364,-3440.6,2313.2,5.7201e+05,44861,1,2523.2,-5738.3,8997.7,4147.5,-284.73,660.97,-4503.1,1771.9,-2977.9,13048,331398,130,80,2304,-0.062314,1.8458,1.1935
-2222.6,-1899.6,2838.6,-2.6102,-3381.4,2274.2,5.7148e+05,44859,1,2263.8,-5599,8760.3,4248.8,-298.18,642.77,-4640.4,1840.8,-3046.3,12883,331187,130,80,2304,-0.050987,1.8461,1.1935
-2200.7,-1851.6,2786.9,-2.5252,-3319.8,2240,5.7076e+05,44857,1,2013.9,-5543.9,8655.4,4450.1,-244.8,521.82,-4947.6,1792.2,-2934.8,12890,331200,130,80,2304,-0.039659,1.8464,1.1935
-2180.1,-1800.3,2729.7,-2.2281,-3251.5,2207.5,5.6994e+05,44855,1,2001.9,-5487.2,8529.1,4568.9,-226.92,455.27,-5172.1,1754.3,-2829.9,12878,331179,130,80,2304,-0.028329,1.8466,1.1935
-2158.2,-1747.5,2669.7,-2.0321,-3179.9,2174.2,5.6955e+05,44853,1,2114.8,-5470.2,8494.9,4658.9,-207.4,387.14,-5355.7,1716.8,-2732.7,12944,331271,130,80,2304,-0.016997,1.8468,1.1935
-2133.3,-1694.7,2608.7,-2.028,-3107.3,2138.5,5.6954e+05,44851,1,2317.4,-5399.4,8370.1,4584.4,-233.05,390.02,-5292.5,1747.9,-2739,12821,331100,130,80,2304,-0.0056655,1.8468,1.1935
-2644.7,-2309.8,3295.6,0.61298,-3908,2813.9,5.7377e+05,46273,1,3549.5,-8894,14343,4771.2,-260.56,983.03,-4790.1,1344.3,-2680.5,18793,337265,130,80,2304,-0.14207,1.8487,1.1821
-2611.7,-2257.6,3244.8,0.69492,-3847.7,2764.4,5.7368e+05,46271,1,3588,-8506.3,13702,4686,-258,925.26,-4726.8,1411.7,-2732.8,18101,336676,130,80,2304,-0.13072,1.8495,1.1821
-3413.1,-2580.8,3600.1,9.2603,-4230.9,3656.5,5.7191e+05,49089,1,6716.9,-13299,22416,5549.3,-383.45,1512.5,-5170.5,928.4,-2325.5,28119,342665,130,80,2304,-0.18885,1.8589,1.1593
-3351.4,-2520.5,3544.8,7.1357,-4167.2,3575.7,5.7344e+05,49087,1,6580.2,-12793,21540,5172.1,-498.64,1593.8,-4721.8,1219.8,-2682.5,27045,342159,130,80,2304,-0.17744,1.8601,1.1593
-3290.8,-2463.9,3494.9,5.6185,-4109.5,3496.7,5.7402e+05,49085,1,6381,-12106,20354,4928.3,-604.3,1677.7,-4439.3,1531.8,-3096.8,25704,341516,130,80,2304,-0.16602,1.8611,1.1593
-2977.9,-2439.1,3447.8,3.0657,-4071.1,3182.8,5.7367e+05,47679,1,4694.3,-11189,18392,5038.7,-371.55,1302.9,-4969.1,1244.2,-2675.3,23369,340219,130,80,2304,-0.16539,1.854,1.1707
-2936.7,-2384.2,3394.7,1.703,-4009.2,3123.9,5.7474e+05,47677,1,4851.1,-10775,17737,4874.4,-473.31,1397.6,-4725.9,1472.2,-2963,22660,339781,130,80,2304,-0.15401,1.855,1.1707
-2891.7,-2328.9,3342.2,1.3829,-3947.4,3061.7,5.7456e+05,47675,1,4364.5,-9947.1,16271,4828.3,-473.37,1337.6,-4714.3,1581.1,-3076.2,21029,338790,130,80,2304,-0.14262,1.8559,1.1707
-1445.6,-511.92,1204.7,16.708,-1392,1365.7,5.7547e+05,53253,1,9955.3,-4637.9,5505.2,7568.1,-186.49,-1363.5,-13862,3980.2,-3577,20758,338643,130,112,2307,0.24855,1.8731,1.1247
-1587.2,-600.8,1381,23.046,-1593.4,1499.3,5.7621e+05,53255,1,16205,-9302.1,12102,8143,-412.77,-1034.4,-14433,4413.6,-4311.1,28452,342805,130,112,2307,0.23705,1.8746,1.1247
-1375.2,-613.98,1317,11.323,-1531.4,1287.3,5.7148e+05,51839,1,9218,-9189.9,13232,7138.2,-785.09,-183.3,-12864,4232.4,-4308,24455,340837,130,112,2307,0.23618,1.8677,1.1362
-1497,-690.03,1466.4,18.208,-1701.8,1403.9,5.713e+05,51841,1,12448,-10829,15420,6912.1,-962.54,226.53,-12221,4525,-5048.6,27460,342353,130,112,2307,0.22471,1.8691,1.1362
-1689.9,-776.73,1618.1,11.512,-1883,1591.1,5.7262e+05,51843,1,12406,-10735,15307,6974.6,-982.97,299.04,-11567,4304,-4888.9,27007,342143,130,112,2307,0.21324,1.8705,1.1362
-1438,-765,1532,12.416,-1788.5,1342.1,5.6886e+05,50429,1,11262,-9530,13427,6541.2,-1389.5,1054.9,-10827,4646.2,-5555.5,24768,340996,130,112,2307,0.21245,1.8635,1.1478
-1258,-374.22,1099.5,87.601,-1223.5,1194.5,5.7806e+05,54669,1,4424.1,-1372.1,1340.5,14189,3907.2,-9985.4,-25812,-2707.8,10719,33587,345002,130,105,2306,0.26098,1.8783,1.1131
-1468.6,-485.31,1275.4,64.072,-1441.2,1392,5.8167e+05,54671,1,21954,-1831.4,-1813,9619.8,1053.6,-3937.9,-15452,4634.2,-4377.7,29617,343365,130,105,2306,0.24945,1.8799,1.1131
-1714,-918.15,1781,2.7245,-2086.3,1612.4,5.728e+05,50433,1,8550.7,-8418.6,12245,6002.3,-1349.3,1189.1,-9303,4341.3,-5495.8,21651,339190,130,112,2307,0.18956,1.866,1.1478
-1591.9,-841.01,1657.4,6.3637,-1939.2,1492.6,5.7157e+05,50431,1,10301,-9139.7,13074,6468.5,-1294.1,976.22,-10194,4378,-5343.6,23594,340350,130,112,2307,0.20101,1.8648,1.1478
-1727.7,-1015.4,1878.8,0.66045,-2210.6,1630.6,5.7114e+05,49027,1,7736.3,-6707.3,9652.4,5257.5,-1452.2,1572,-7910.1,4157.7,-5533.3,18458,336993,130,112,2307,0.16602,1.8611,1.1593
-1642.6,-962.88,1798.4,1.0518,-2115.7,1543.8,5.7195e+05,49025,1,8208.5,-7077.2,10092,5334.2,-1528.4,1628.8,-8181.1,4291.7,-5623,19228,337597,130,112,2307,0.17744,1.86,1.1593
-1803.1,-982.32,1880,1.1568,-2203.4,1701.7,5.7353e+05,50435,1,7235.5,-7810,11587,5601.2,-1333.4,1297.4,-8447,4236.8,-5578.6,20072,338189,130,112,2307,0.17811,1.8671,1.1478
-1828.8,-1082.7,1982.1,-0.46702,-2332.9,1732.9,5.7156e+05,49029,1,7226.8,-6816.3,9984.6,5232.4,-1485,1686.2,-7630.2,4199.5,-5725.7,18424,336957,130,112,2307,0.1546,1.8621,1.1593
-2050.6,-1242.1,2206.4,-2.2482,-2597.9,1966.4,5.715e+05,49035,1,5179.1,-5592.2,8437.9,3744.5,-1221.7,1567.5,-4708,3575.2,-5244,14481,333274,130,112,2307,0.1203,1.8646,1.1593
-1986.4,-1196.2,2145.5,-1.8098,-2526,1897.2,5.7166e+05,49033,1,5235,-5924.3,8949.6,4175.4,-1210.1,1471.6,-5488.7,3616.6,-5197.7,15293,334138,130,112,2307,0.13174,1.8638,1.1593
-1914,-1143.6,2071.7,-1.3113,-2438.9,1820.7,5.7161e+05,49031,1,6588.6,-6526.8,9668.2,4873.9,-1471.8,1762.5,-6886.8,4136.7,-5791,17510,336142,130,112,2307,0.14317,1.863,1.1593
-2041.6,-1306.4,2238.8,-2.444,-2646.4,1970.7,5.7057e+05,47633,1,4587.5,-5092.4,7704.9,3636.1,-1061.3,1381.8,-4397.5,3207.5,-4724.9,13212,331621,130,112,2307,0.097036,1.8588,1.1707
-2107.5,-1282.6,2255.4,-3.2967,-2656.2,2029.2,5.7234e+05,49037,1,4943.5,-5364,8157.6,3740.9,-1062.9,1354.9,-4604.7,3254.5,-4796.8,13839,332525,130,112,2307,0.10886,1.8653,1.1593
-2143.3,-1382.1,2326.1,-2.9275,-2749.8,2086.5,5.7158e+05,47637,1,4011.1,-4975.7,7652,3537.6,-757.14,980.66,-4081.8,2663.8,-3976.9,12561,330757,130,112,2307,0.074218,1.8599,1.1707
-2192.4,-1426,2379,-2.4709,-2812,2143,5.7171e+05,47639,1,3808.1,-5182.1,8029,3891.8,-627.97,790.18,-4591.6,2462.6,-3668.6,12751,331004,130,160,2310,0.062805,1.8603,1.1707
-2234.2,-1471.4,2432.8,-2.0568,-2875.3,2192.7,5.719e+05,47641,1,3412.1,-5301.5,8265.2,3905.9,-572.19,734.94,-4514.1,2385.4,-3587.3,12772,331020,130,160,2310,0.051389,1.8606,1.1707
-2102.1,-1460,2376.5,-2.0072,-2819.7,2061,5.6957e+05,46239,1,3156.4,-5192,8005.7,3952.9,-547.08,686.95,-4568.5,2334,-3462.3,12561,330759,130,160,2310,0.05119,1.8534,1.1821
-2092.4,-1345,2283.7,-2.987,-2699.7,2028.3,5.715e+05,47635,1,4229.6,-4937.6,7536.4,3277.5,-920.69,1222.7,-3689.2,2939.3,-4399.4,12561,330758,130,112,2307,0.085629,1.8594,1.1707
-2139.9,-1505.5,2429.7,-1.7689,-2882.6,2107.1,5.6964e+05,46241,1,3143.3,-5270.3,8165.6,4067.1,-492.2,633.06,-4703.4,2243,-3359.4,12647,330854,130,160,2310,0.039816,1.8537,1.1821
-2176.9,-1554.5,2487.3,-1.5964,-2950.8,2152.8,5.7013e+05,46243,1,2888.9,-5332.6,8279.1,4379.8,-407.47,528.49,-5119,2103.2,-3165.4,12869,331162,130,80,2304,0.028442,1.8539,1.1821
-2207.9,-1605.1,2546.2,-1.7127,-3020.7,2193.1,5.7079e+05,46245,1,2642,-5381.4,8392.5,4303.1,-357.75,494.36,-4912.8,2015,-3081.1,12765,331013,130,80,2304,0.017066,1.854,1.1821
-2235.9,-1652.2,2598.5,-2.0044,-3082.9,2230.8,5.7085e+05,46247,1,2612.8,-5421.9,8503.2,4299.6,-364.81,548.34,-4829.6,2019.2,-3144.2,12835,331121,130,80,2304,0.005689,1.8541,1.1821
-2268,-1701.9,2654.6,-2.1024,-3149.6,2273.2,5.7113e+05,46249,1,2641.1,-5438.7,8550.7,4416.7,-317.35,516.86,-4987.9,1915.5,-3028.6,12933,331258,130,80,2304,-0.0056878,1.8541,1.1821
-2575.1,-2203.9,3190.9,0.73629,-3783.8,2711.7,5.7348e+05,46269,1,3785.5,-8154.4,13164,4705.9,-259.23,880.12,-4817.9,1494.3,-2826.3,17622,336254,130,80,2304,-0.11937,1.8503,1.1821
-2539.7,-2150.7,3136.5,0.45185,-3719.4,2660.7,5.7373e+05,46267,1,3813,-7716.3,12449,4702.2,-232.79,792.01,-4891.3,1521.4,-2830.3,16914,335601,130,80,2304,-0.10802,1.851,1.1821
-2505.5,-2098.1,3082,0.2381,-3654.9,2611.5,5.7364e+05,46265,1,3294.8,-7081.1,11339,4508.5,-175.12,643.03,-4746.1,1493.3,-2723.1,15573,334428,130,80,2304,-0.096659,1.8516,1.1821
-2466,-2048.6,3031.6,-0.18658,-3595.4,2557.7,5.7357e+05,46263,1,3935,-6674,10755,4131.5,-334.5,822.13,-4205.8,1805.9,-3135.6,14978,333845,130,80,2304,-0.085295,1.8522,1.1821
-2427.3,-2003.3,2985.8,-1.1611,-3541.7,2505.2,5.7418e+05,46261,1,3333.1,-6239.8,9993.7,3930.2,-398.08,871.47,-4014.3,1956.9,-3321,14045,332772,130,80,2304,-0.073929,1.8527,1.1821
-2395.9,-1959.6,2942.1,-1.6361,-3490.2,2460.7,5.7394e+05,46259,1,2886.3,-6108.7,9733.2,4144.3,-372.21,802.4,-4374.3,1957,-3298.6,13863,332559,130,80,2304,-0.06256,1.8531,1.1821
-2343.2,-1859.8,2834.4,-1.6336,-3362.5,2382.6,5.7189e+05,46255,1,2346.4,-5888.2,9325.2,4621.7,-238.48,532.49,-5196.7,1769.5,-2954.7,13700,332350,130,80,2304,-0.039815,1.8537,1.1821
-2367.8,-1911.5,2891.6,-1.5758,-3430.3,2419.7,5.7262e+05,46257,1,2482.3,-6002.7,9523,4399.7,-320.53,691.94,-4787.2,1904.7,-3191.4,13768,332438,130,80,2304,-0.051189,1.8534,1.1821
-2320.5,-1806.3,2773.9,-1.6979,-3290.7,2347.9,5.713e+05,46253,1,2110.3,-5680.6,8950.3,4648.9,-181.26,399.91,-5291,1687.5,-2774.6,13311,331749,130,80,2304,-0.02844,1.8539,1.1821
-2296.1,-1753.4,2713.4,-1.908,-3219.2,2312.2,5.7112e+05,46251,1,2338.7,-5553.7,8738.2,4604.4,-208.77,396.88,-5265.1,1722.6,-2778.9,13133,331517,130,80,2304,-0.017064,1.854,1.1821
-2846.4,-2274.6,3291.2,1.4207,-3887.1,2999.7,5.7456e+05,47673,1,4947.6,-9640,15864,4805.7,-507.84,1343.9,-4628.6,1729.5,-3263.5,20720,338619,130,80,2304,-0.13123,1.8567,1.1707
-3545.8,-2440.1,3505.6,5.9015,-4106.3,3735.6,5.7507e+05,50493,1,7287.1,-11481,19682,4675.2,-848.1,2013.6,-3927.7,2056.2,-3879.9,25173,341201,130,80,2304,-0.15518,1.8691,1.1478
-3230.8,-2409.1,3445.9,3.7227,-4053,3419,5.7489e+05,49083,1,5980.8,-11442,19182,4783.9,-697.17,1759.5,-4402.4,1808,-3493.3,24412,340811,130,80,2304,-0.1546,1.8621,1.1593
-3175.8,-2355.9,3397.8,2.0797,-3997.3,3347,5.7588e+05,49081,1,5741.3,-11028,18423,4851,-721.51,1760.9,-4507.6,1898.2,-3607.7,23624,340364,130,80,2304,-0.14317,1.863,1.1593
-1788.5,-698.79,1559,17.745,-1803.7,1692.3,5.7633e+05,53257,1,13142,-12497,18178,7347.3,-728.88,-270.75,-12783,4404.3,-4749.9,30320,343681,130,112,2307,0.22554,1.876,1.1247
-2104.5,-685.95,1620.9,16.465,-1869.8,2007.6,5.8083e+05,54675,1,19682,-11417,15240,8086.1,-73.163,-1531.8,-11344,3583.2,-3746.2,31197,344030,130,112,2307,0.22636,1.8828,1.1131
-1795.4,-584.89,1466.6,47.666,-1672.5,1707.8,5.8229e+05,54673,1,26669,-6898.9,5905,8723.2,263.14,-2318.2,-14302,5226.2,-5770.7,33770,345088,130,112,2307,0.23791,1.8814,1.1131
-1947.6,-776.58,1689.2,11.367,-1959,1847.1,5.7586e+05,53259,1,10636,-11632,17388,6754.5,-566.51,-343.65,-10559,3715.1,-4184.5,27196,342223,130,112,2307,0.21403,1.8774,1.1247
-1824.1,-855.6,1744,5.4895,-2033.7,1721.9,5.7428e+05,51845,1,9455.9,-10415,15454,6494.5,-943.71,385.8,-10022,4035.5,-4843.8,24902,341058,130,112,2307,0.20176,1.8717,1.1362
-1377.9,-176.84,850.05,110.05,-918.45,1340.5,5.8226e+05,56091,1,-7411.8,-3472.3,7705.5,19883,6960.8,-16687,-47535,-11732,31516,65108,352630,130,105,2306,0.26192,1.8851,1.1014
-1297.4,-358.75,1329.6,210.49,-1414.4,1238.9,5.8728e+05,56093,1,11684,-1016.7,-830.58,16914,5911.1,-14015,-37946,-7492.4,21611,51174,349983,130,105,2306,0.25034,1.8866,1.1014
-1772.4,-528.33,1561.6,136.07,-1725.5,1692.1,5.8845e+05,56095,1,40107,-1495.1,-6165,11801,2420.8,-6721.1,-14031,2986.4,-2026.4,45266,348600,130,112,2307,0.23876,1.8881,1.1014
-1917.7,-927.6,1856.5,3.2935,-2166.5,1814.2,5.7484e+05,51847,1,6917.6,-9191.9,13996,6217.3,-885.19,415.17,-9406,3809.8,-4700.8,22202,339503,130,112,2307,0.19027,1.8729,1.1362
-1892.1,-1045.6,1977.8,0.59066,-2318.3,1791.7,5.7294e+05,50437,1,7747.3,-7599.8,11247,5435.3,-1569.8,1768.9,-8111.5,4516.6,-6174.4,20072,338188,130,112,2307,0.16665,1.8682,1.1478
-1998,-997.72,1964.8,2.481,-2293.4,1894.3,5.7481e+05,51849,1,6653,-8843.4,13550,6201.6,-1080,805.46,-9250.1,4032.5,-5195.5,21798,339283,130,112,2307,0.17878,1.8741,1.1362
-2090.2,-1072.6,2078.1,0.16354,-2427.2,1986.6,5.7581e+05,51851,1,5890.3,-7980.9,12304,5595.6,-1091.6,972.21,-7996.3,3882.8,-5221.7,19736,337961,130,112,2307,0.16727,1.8751,1.1362
-1993.7,-1108.3,2072.1,-1.2222,-2430,1895.2,5.7383e+05,50439,1,6436.1,-6982,10521,4934.8,-1278.9,1416.6,-6955.7,3941.3,-5487.3,17969,336583,130,112,2307,0.15519,1.8691,1.1478
-2068.9,-1165.6,2154.8,-1.8004,-2527.3,1973.5,5.7357e+05,50441,1,5639.3,-6411.6,9732.2,4700.3,-1109.6,1218.6,-6468.3,3564.2,-4992,16489,335233,130,112,2307,0.14371,1.8701,1.1478
-2184.1,-1261.4,2280.2,-3.4653,-2675.4,2098.4,5.7439e+05,50445,1,4837,-5994.2,9258.6,3889.3,-1070.6,1331.8,-4863.9,3446.8,-5100.9,14988,333856,130,112,2307,0.12075,1.8717,1.1478
-2126.8,-1217,2223.7,-2.6756,-2608.7,2035.7,5.7406e+05,50443,1,4581.3,-6168,9530.6,4101.5,-1006.7,1165.8,-5224.1,3372.8,-4892.8,15221,334067,130,112,2307,0.13224,1.8709,1.1478
-2220.8,-1365.5,2357.1,-3.2886,-2775.9,2155.6,5.7227e+05,49041,1,4200,-5215,8080.6,3312.6,-926.77,1247.1,-3751,3005.8,-4558.9,12939,331263,130,112,2307,0.085958,1.8665,1.1593
-2167.6,-1325.2,2308.5,-3.535,-2718.9,2095.5,5.7249e+05,49039,1,4462.4,-5378.6,8301.9,3485.9,-989.96,1303.5,-4100.8,3142.9,-4725.5,13477,332018,130,112,2307,0.097409,1.866,1.1593
-2249.5,-1306.8,2338.5,-3.9438,-2744,2169.5,5.7455e+05,50447,1,4486.3,-5677,8845.3,3588,-1046.5,1368.2,-4254.7,3390.6,-5133,14226,332986,130,112,2307,0.10927,1.8724,1.1478
-2267.9,-1401.9,2397.7,-3.1079,-2823.6,2210.2,5.7226e+05,49043,1,4156.7,-5228.8,8157.5,3232.3,-942.45,1311,-3551.6,3035.1,-4661.7,12953,331285,130,160,2310,0.074503,1.867,1.1593
-2320.8,-1440.5,2441.2,-2.8476,-2874.7,2270.9,5.7296e+05,49045,1,4122.7,-5263.8,8255.3,3511,-765.72,1043.8,-3957.6,2737,-4196.1,12947,331275,130,160,2310,0.063046,1.8674,1.1593
-2368.7,-1483.1,2490.7,-2.1963,-2932.5,2326.8,5.7331e+05,49047,1,3724,-5425.6,8581.7,3730.4,-556.28,736.8,-4219.8,2405.6,-3695.8,12999,331338,130,160,2310,0.051586,1.8678,1.1593
-2273.2,-1516.2,2484.5,-1.7411,-2936.2,2240.1,5.7202e+05,47643,1,3312.2,-5426.3,8532.2,3891.9,-495.77,656.7,-4380.8,2275.3,-3475.2,12864,331155,130,160,2310,0.039971,1.8609,1.1707
-2311,-1561.5,2535.7,-1.6415,-2996.6,2286.8,5.7239e+05,47645,1,3070.2,-5459.1,8598,4195.4,-371.54,491.39,-4781.1,2054,-3149.9,12967,331303,130,160,2310,0.028552,1.8611,1.1707
-2346.3,-1611,2592.9,-1.5051,-3064,2331.4,5.7238e+05,47647,1,2720.8,-5550,8774.1,4352.6,-305.25,425.13,-4951.5,1942,-3015.4,13107,331475,130,80,2304,0.017132,1.8613,1.1707
-2376,-1662.2,2651.3,-1.6599,-3133.2,2370.9,5.7227e+05,47649,1,2748.2,-5682.5,9033.6,4411,-351.65,540.35,-4937.9,1998.4,-3158.3,13404,331898,130,80,2304,0.0057111,1.8613,1.1707
-2436.9,-1760.2,2758.8,-2.2019,-3260.5,2453,5.7313e+05,47653,1,2673.6,-5762.2,9188.7,4463.3,-312.39,557.92,-4996.8,1900.8,-3087.8,13536,332111,130,80,2304,-0.017131,1.8613,1.1707
-2406.3,-1710.8,2704.4,-2.0762,-3196.1,2411.5,5.727e+05,47651,1,2788.4,-5773.4,9211.6,4312.1,-367.28,610.58,-4734.7,2000.7,-3214,13484,332039,130,80,2304,-0.00571,1.8613,1.1707
-2755.2,-2166.7,3185.4,0.82061,-3762.6,2876.7,5.7527e+05,47669,1,4557,-8672.6,14174,4808.6,-444.35,1154.7,-4918.6,1774.8,-3274.5,18963,337398,130,80,2304,-0.10844,1.8582,1.1707
-2800.4,-2221.3,3240.1,1.2285,-3826.9,2937.6,5.7481e+05,47671,1,4868.7,-9127.3,15000,4799.9,-498.99,1280.8,-4766,1810.5,-3361.4,19855,338044,130,80,2304,-0.11984,1.8575,1.1707
-2702.9,-2111.7,3130.2,0.72523,-3697.4,2809.3,5.7538e+05,47667,1,5090,-8021.4,13163,4454.8,-519.39,1197.2,-4374.6,2013.6,-3564.6,17915,336537,130,80,2304,-0.097035,1.8588,1.1707
-2647.8,-2065,3086.7,0.26999,-3646.3,2740,5.758e+05,47665,1,4973.4,-7434.8,12178,4018.5,-621.43,1283.1,-3857.6,2264.6,-3882.1,16781,335483,130,80,2304,-0.085627,1.8594,1.1707
-2597.3,-2020.6,3044.6,-0.4912,-3597,2675.8,5.7612e+05,47663,1,4174,-7121.5,11586,4144.6,-566.9,1163.6,-4200.4,2229.7,-3808.8,16073,334881,130,80,2304,-0.074217,1.8599,1.1707
-2527.3,-1921.7,2940.8,-1.3432,-3474.9,2579.4,5.7518e+05,47659,1,2958.7,-6519.4,10488,4565.6,-315.97,705.02,-5033.3,1881.3,-3211.2,14896,333750,130,80,2304,-0.051388,1.8606,1.1707
-2559.5,-1972.6,2995.4,-0.94485,-3539.2,2624.6,5.7583e+05,47661,1,3294.3,-6788.9,10971,4347,-396.03,862.27,-4614.4,2013.7,-3446.9,15308,334146,130,80,2304,-0.062804,1.8603,1.1707
-2497.2,-1867.4,2879.7,-1.8311,-3403.1,2536.7,5.7472e+05,47657,1,2919.1,-6393.5,10289,4802.3,-289.3,625.78,-5445.8,1856.3,-3144.8,14893,333746,130,80,2304,-0.03997,1.8609,1.1707
-2467.1,-1812.3,2817.1,-2.0483,-3329.2,2494.6,5.7379e+05,47655,1,2658,-6005.9,9604.1,4669,-264.18,531.5,-5298.3,1812.9,-3007.2,14069,332806,130,80,2304,-0.028551,1.8611,1.1707
-3114.8,-2298.9,3346.3,2.1693,-3936.6,3269.1,5.7568e+05,49079,1,6320.3,-10725,18008,4930.5,-803.99,1858.9,-4505.1,2115,-3923.5,23406,340240,130,80,2304,-0.13174,1.8638,1.1593
-3054.1,-2244.1,3296.2,1.8775,-3877.9,3192.2,5.7618e+05,49077,1,5758.7,-10158,16923,4856,-720.28,1666.2,-4659.1,2064,-3804.3,22137,339471,130,80,2304,-0.1203,1.8646,1.1593
-2378.6,-657.51,1657.1,19.265,-1903.4,2283.1,5.852e+05,56097,1,39957,-6784.7,3147.3,11670,1312.5,-4712.5,-10390,2017.1,-1302.6,43890,348235,130,112,2307,0.22717,1.8896,1.1014
-2490.5,-740.07,1781.2,11.604,-2051.3,2390.6,5.8249e+05,56099,1,11312,-9497.1,14028,7529.9,410.43,-2197.2,-9824,2178.3,-1795.2,24107,340618,130,112,2307,0.21557,1.8909,1.1014
-2229.5,-765.25,1746.7,10.652,-2019.1,2128.4,5.7952e+05,54677,1,7620.8,-10926,17045,6688.7,-61.419,-1184.8,-9848.4,2786.1,-2822.6,25038,341122,130,112,2307,0.21481,1.8842,1.1131
-2067.5,-853.37,1807.6,5.0627,-2100.6,1964.2,5.7767e+05,53261,1,7004.9,-10084,15592,6472.3,-443.63,-415.57,-9714.1,3264.1,-3717.4,23558,340332,130,112,2307,0.2025,1.8786,1.1247
-2321.5,-839.6,1858,6.0106,-2150.9,2218.1,5.797e+05,54679,1,6577.3,-10426,16420,6694.6,-139.26,-992.23,-9786,2817.5,-2969.4,24082,340598,130,112,2307,0.20324,1.8855,1.1131
-1456.2,-348.16,1516.5,292.81,-1578.9,1401.1,5.921e+05,57521,1,39696,-127.16,-8355.8,21288,4581.2,-12628,-42590,-6172.4,20186,67370,353073,130,112,2307,0.23961,1.8948,1.0897
-2230.1,-1007.7,2043.7,1.3133,-2377.6,2124.3,5.7799e+05,53265,1,4985.6,-8850.8,14003,6460.9,-600.61,-30.258,-9298.9,3244.8,-3936.5,21305,338980,130,112,2307,0.17944,1.881,1.1247
-2144.9,-925.49,1920.3,4.7109,-2232,2040.4,5.7617e+05,53263,1,6067.7,-9653.3,15111,6635,-542.98,-217.4,-9895.4,3340.1,-3903.9,22957,339976,130,112,2307,0.19097,1.8798,1.1247
-2282.6,-1077,2143.1,0.023529,-2494,2177.9,5.7787e+05,53267,1,3913.5,-7812.3,12491,5795.7,-554.85,60.966,-8051.9,3022.1,-3851.8,18844,337301,130,112,2307,0.16789,1.882,1.1247
-2153.3,-1129.3,2156.6,-1.6458,-2519.9,2052.4,5.761e+05,51853,1,5049.1,-7004.9,10880,4574.8,-1042.7,1091.6,-6115.2,3658,-5198.6,17145,335805,130,112,2307,0.15577,1.8761,1.1362
-2336.6,-1142.7,2235.9,-1.0858,-2602.7,2234,5.7777e+05,53269,1,3892.7,-7285.2,11644,5142,-690.35,431.87,-6897.4,3180.3,-4348.5,17536,336174,130,112,2307,0.15634,1.883,1.1247
-2219.8,-1179.9,2225.9,-2.6368,-2601.5,2122.9,5.7605e+05,51855,1,5145.6,-6619.6,10277,4581.5,-1015.4,1088,-6187.1,3550.1,-5070.1,16605,335315,130,112,2307,0.14425,1.877,1.1362
-2287.9,-1233.1,2300.3,-2.5228,-2688.4,2195.3,5.7537e+05,51857,1,4613.6,-6274.7,9815.3,4317.8,-953.99,1067.4,-5622.6,3384.3,-4926.1,15653,334513,130,112,2307,0.13273,1.8779,1.1362
-2341.5,-1285.2,2369.8,-2.5474,-2769.5,2253.9,5.7456e+05,51859,1,4074.5,-5908.3,9345,3977,-874.03,1020.9,-4904.8,3218.8,-4800.3,14626,333417,130,112,2307,0.12121,1.8787,1.1362
-2402.3,-1423.7,2474.1,-3.694,-2902.9,2343.6,5.7471e+05,50453,1,4160.3,-5350.6,8466.2,3211.5,-910.93,1277.7,-3466,3093.8,-4826,13239,331658,130,112,2307,0.074785,1.8741,1.1478
-2349.1,-1384.2,2428.3,-4.0394,-2849.4,2282.9,5.7434e+05,50451,1,4181.5,-5396,8480.6,3331.7,-946.64,1290.3,-3746.4,3159.7,-4867.8,13413,331907,130,112,2307,0.086283,1.8736,1.1478
-2301.6,-1347,2386.6,-3.9333,-2800.5,2228.2,5.7412e+05,50449,1,4147.1,-5419.1,8505.9,3346.1,-955.95,1279.2,-3804.7,3207.6,-4920.1,13477,332019,130,112,2307,0.097778,1.873,1.1478
-2433.8,-1365,2461.9,-3.5766,-2877.7,2359.3,5.7546e+05,51863,1,4220.9,-5470.7,8673.6,3395.6,-907.74,1204,-3877.9,3226.5,-4994.3,13681,332322,130,112,2307,0.098143,1.88,1.1362
-2385.3,-1326.5,2418,-3.2903,-2826.2,2304,5.753e+05,51861,1,3632.6,-5621.8,8967.2,3484.3,-863.39,1095.9,-3921.9,3189.5,-4907,13745,332409,130,112,2307,0.10968,1.8794,1.1362
-2452.3,-1459.1,2511.6,-3.3954,-2946.7,2401.6,5.7537e+05,50455,1,4246.7,-5260,8357.1,3126.6,-863.91,1239.4,-3308.5,2988,-4699.9,13022,331370,130,160,2310,0.063285,1.8745,1.1478
-2504.1,-1496.3,2552.6,-2.4219,-2994.1,2461.8,5.7549e+05,50457,1,4254.2,-5320.1,8503.8,3304,-700.69,994.75,-3535.1,2706.7,-4264.9,13005,331346,130,160,2310,0.051782,1.8749,1.1478
-2410.8,-1526.6,2540.3,-1.6602,-2990.5,2377.4,5.7326e+05,49049,1,3439.2,-5506.5,8754.5,3808.5,-483.81,647.88,-4229,2295.2,-3552.3,13028,331375,130,160,2310,0.040125,1.8681,1.1593
-2551.2,-1536.8,2597.3,-1.5274,-3046,2517.6,5.7506e+05,50459,1,3934.2,-5647.6,9084.4,3681.1,-520.46,723.74,-4008.8,2396.3,-3774.4,13428,331941,130,160,2310,0.040277,1.8751,1.1478
-2450.2,-1570.6,2588.8,-1.5731,-3047.5,2425.9,5.7339e+05,49051,1,3355.5,-5586,8914.6,3908.2,-437.36,602.24,-4286.8,2215.1,-3457.7,13153,331554,130,160,2310,0.028662,1.8683,1.1593
-2487.7,-1617.1,2640,-1.6681,-3107.9,2472.7,5.7323e+05,49053,1,3259,-5829.6,9349.7,4341.3,-368.47,531.02,-4860.4,2071,-3268.3,13780,332451,130,80,2304,0.017198,1.8684,1.1593
-2524.7,-1669.9,2700.3,-1.9896,-3179,2519.6,5.7351e+05,49055,1,2993.2,-6074.6,9778,4523.3,-340.89,526.98,-5064,1999.7,-3198,14219,332976,130,80,2304,0.0057331,1.8685,1.1593
-2556.8,-1720.8,2756.3,-2.4626,-3245.2,2562,5.7381e+05,49057,1,3017.1,-6178.7,9973.1,4462,-414.52,683.28,-4934.5,2111.5,-3420.8,14415,333191,130,80,2304,-0.0057319,1.8685,1.1593
-2593.2,-1771.2,2811.6,-2.434,-3310.3,2609.4,5.7416e+05,49059,1,3190.7,-6361.1,10303,4449.8,-453.2,797.47,-4920.5,2150.4,-3540.8,14792,333649,130,80,2304,-0.017197,1.8684,1.1593
-2992.1,-2188.1,3242.5,1.4003,-3814.9,3114.5,5.7681e+05,49075,1,5981.7,-9555.8,15934,4831.4,-738,1645.3,-4675.4,2204,-3987.7,21218,338928,130,80,2304,-0.10885,1.8653,1.1593
-2924.4,-2135.3,3194.4,1.6254,-3758.2,3031.7,5.7684e+05,49073,1,6991.6,-9002.1,15118,4353.5,-883.93,1795.6,-3833.5,2574.4,-4480,20563,338520,130,80,2304,-0.097407,1.866,1.1593
-2854.2,-2089.5,3155.3,1.3902,-3712.4,2947.3,5.7708e+05,49071,1,5658.6,-8300.5,13774,4120.3,-826.07,1631.9,-3895,2583.2,-4441.7,18776,337256,130,80,2304,-0.085956,1.8665,1.1593
-2745.6,-1987.1,3052,0.14448,-3591.6,2811.1,5.7655e+05,49067,1,4450.4,-7683.7,12627,4775.9,-551.87,1150.1,-5171.1,2237.8,-3887.5,17595,336230,130,80,2304,-0.063045,1.8674,1.1593
-2796.9,-2043.3,3111.8,0.38002,-3661.8,2876.2,5.7757e+05,49069,1,5067,-8172.4,13495,4498.6,-748.32,1492.6,-4609.3,2489.9,-4303.3,18536,337060,130,80,2304,-0.074502,1.867,1.1593
-2701.2,-1933.3,2993.2,-0.7886,-3523,2753.6,5.7639e+05,49065,1,3660,-7114.7,11627,4830.7,-407.65,864.4,-5419.8,2044.4,-3527,16415,335180,130,80,2304,-0.051585,1.8678,1.1593
-2666,-1878.4,2932.1,-1.3684,-3451.4,2705.7,5.7559e+05,49063,1,3218.8,-6890.2,11219,4811.9,-360.34,747.54,-5424.4,1979.4,-3377.8,15884,334716,130,80,2304,-0.040124,1.8681,1.1593
-2630.8,-1823.2,2869.8,-1.7708,-3378.4,2658.5,5.7439e+05,49061,1,3375.6,-6656,10819,4723.3,-389.15,752.79,-5333.1,2029.3,-3412.5,15491,334331,130,80,2304,-0.028661,1.8683,1.1593
-3338.3,-2275.4,3363.7,2.2451,-3942.1,3477.8,5.7753e+05,50487,1,6868,-10545,17905,4903.8,-972,2102.9,-4466.3,2468.6,-4494.8,23550,340328,130,80,2304,-0.12075,1.8717,1.1478
-2386.6,-592.68,1694.2,81.037,-1904.3,2298.8,5.9149e+05,57523,1,53148,-1736.6,-8196.2,14925,1368.6,-5514.7,-10927,2101.2,-1372.3,57233,351164,130,112,2307,0.22798,1.8962,1.0897
-2744.8,-709.05,1793.8,7.0133,-2061.3,2646.8,5.8619e+05,57525,1,13687,-8711.9,12400,8285.5,346.09,-2241.4,-9328.2,1551.1,-869.09,24103,340616,130,112,2307,0.21634,1.8976,1.0897
-2569.1,-820.15,1895,5.0911,-2186.5,2466.4,5.8195e+05,56101,1,4636.8,-9450,15350,6962.5,143.29,-1540.4,-9809.4,2087.1,-1756.4,22382,339598,130,112,2307,0.20397,1.8922,1.1014
-2392.2,-920.76,1979.1,3.2671,-2292.9,2286.9,5.7886e+05,54681,1,4316.6,-9220.9,14881,6820.2,-200.98,-835.97,-9775.1,2660,-2820.5,21976,339397,130,112,2307,0.19167,1.8867,1.1131
-1816.6,-438.49,1707.5,268.6,-1808,1751.3,5.9454e+05,58953,1,62244,3772.6,-19761,24314,4832.2,-13729,-38407,-6029.4,18969,83386,355488,130,112,2307,0.22877,1.9028,1.078
-2482.4,-1074.5,2199.1,-0.098738,-2550,2377.1,5.7986e+05,54685,1,2569.4,-7595.7,12499,6184.5,-234.94,-541.03,-8505.1,2487.7,-2928.2,18607,337119,130,112,2307,0.1685,1.8889,1.1131
-2444.1,-998.3,2090.3,0.82746,-2423.2,2338.3,5.8018e+05,54683,1,3113.2,-8163.8,13337,6623.4,-147.34,-823.61,-9265.9,2409.8,-2584.8,19928,338098,130,112,2307,0.18009,1.8878,1.1131
-2383.2,-1199.8,2312.4,-2.1315,-2692.3,2284.3,5.777e+05,53271,1,3626,-6501.9,10443,4626.7,-777.38,706.32,-5946.8,3208.5,-4611.8,15934,334756,130,112,2307,0.14478,1.884,1.1247
-2515.4,-1142.1,2291.9,-0.96166,-2658.1,2412.3,5.7964e+05,54687,1,2507.2,-6896.4,11363,5518.8,-363.38,-154.09,-7308.9,2607.7,-3406.1,16894,335581,130,112,2307,0.15691,1.8899,1.1131
-2432.5,-1246.9,2371.8,-3.0875,-2762,2338.6,5.7809e+05,53273,1,4067,-5965.7,9511.1,4115.8,-764.42,797.3,-5163.6,3074.3,-4542.3,14748,333606,130,112,2307,0.13322,1.8848,1.1247
-2531.8,-1340.3,2490.9,-2.4895,-2900.2,2449.5,5.7731e+05,53277,1,3565.2,-5713.7,9233.8,3802.9,-631.67,686.57,-4492.3,2784,-4227.9,13848,332536,130,112,2307,0.11008,1.8863,1.1247
-2486,-1294.2,2433,-2.8757,-2833.1,2397.5,5.7819e+05,53275,1,3715,-5759.2,9275.3,3934.8,-641.74,652.05,-4777.5,2822,-4224.9,14070,332808,130,112,2307,0.12165,1.8856,1.1247
-2489.2,-1405.7,2510.5,-2.9485,-2934.1,2421.9,5.7526e+05,51865,1,4144,-5391.5,8607.1,3278.8,-849.21,1154.6,-3591.5,3090.6,-4839.6,13379,331858,130,112,2307,0.086605,1.8806,1.1362
-2537.2,-1443.1,2552,-2.4609,-2982.2,2477.6,5.7548e+05,51867,1,3944.3,-5354.6,8604.6,3174.6,-782.39,1084.4,-3321.3,2942.2,-4648.8,13239,331659,130,160,2310,0.075065,1.8811,1.1362
-2585.2,-1479.7,2589.9,-2.4836,-3026.6,2533.8,5.7683e+05,51869,1,4236.4,-5452.4,8794.4,3055.9,-787.86,1132.8,-3106.8,2955.4,-4718.8,13301,331733,130,160,2310,0.063521,1.8815,1.1362
-2575.5,-1384.5,2543.7,-2.4947,-2961.6,2499.8,5.7722e+05,53279,1,3720.5,-5603.8,9057.1,3431,-734.2,926.71,-3794.7,2958.1,-4615.5,13598,332208,130,112,2307,0.098505,1.8869,1.1247
-2694.3,-1549.4,2659.9,-1.2543,-3107.6,2660.4,5.7707e+05,51873,1,4798.1,-5615.5,9116.9,3452.4,-676.62,995.05,-3651.9,2729.3,-4384.7,13822,332500,130,160,2310,0.040427,1.8821,1.1362
-2635.5,-1512.2,2621.1,-2.0602,-3062.8,2592.8,5.7736e+05,51871,1,4689.5,-5548.5,8998,3018.4,-766.81,1138.2,-2961.7,2917.8,-4710.1,13572,332173,130,160,2310,0.051975,1.8819,1.1362
-2754,-1592,2705.8,-0.80749,-3160.9,2729.3,5.7646e+05,51875,1,4989.9,-6045.7,9881.4,3836.3,-641.53,961.19,-4085.1,2654.3,-4290.5,14741,333597,130,160,2310,0.028878,1.8824,1.1362
-2596.6,-1579.8,2643.9,-1.2896,-3100.5,2572.1,5.7468e+05,50461,1,3925.2,-6061.8,9815.8,3986,-481.43,694.88,-4321.3,2334.7,-3716.3,14249,333021,130,160,2310,0.02877,1.8754,1.1478
-2686.5,-1679,2752.9,-2.1853,-3228.8,2681.4,5.7482e+05,50465,1,3539.1,-6470.3,10543,4593.2,-459.99,725.59,-5131.4,2272.1,-3682,15246,334090,130,160,2310,0.0057548,1.8756,1.1478
-2642.1,-1627.2,2695.5,-1.6426,-3161.2,2627,5.7455e+05,50463,1,3849.8,-6304.2,10247,4302.9,-489.59,736.89,-4712.6,2340,-3755.8,14854,333709,130,160,2310,0.017263,1.8755,1.1478
-2726,-1734.8,2816.4,-2.5118,-3303.4,2731.3,5.7507e+05,50467,1,3464.4,-6793.4,11134,4698.2,-529.53,892.26,-5235.6,2373.7,-3912,15925,334747,130,80,2304,-0.0057536,1.8756,1.1478
-2762.7,-1786.8,2873.1,-2.6283,-3370,2779,5.7561e+05,50469,1,3468.2,-6874.1,11290,4416.4,-593.15,1035.4,-4787.8,2445.6,-4068.7,15910,334736,130,80,2304,-0.017262,1.8755,1.1478
-2804.3,-1836.4,2926.1,-2.1223,-3431.8,2832.2,5.7598e+05,50471,1,4024.9,-7035.6,11596,4563.9,-592.08,1076.2,-5022.6,2419,-4073.8,16437,335196,130,80,2304,-0.028769,1.8754,1.1478
-3261.2,-2219.3,3313.2,1.709,-3883.4,3385,5.7837e+05,50485,1,7676,-10091,17207,4698.8,-1123.2,2281.2,-4085.8,2837.1,-5023.2,23137,340084,130,80,2304,-0.10927,1.8724,1.1478
-3170.9,-2166.2,3269.2,2.2701,-3831.3,3279.5,5.7821e+05,50483,1,8049.2,-9899.1,16864,4434.8,-1221.4,2373.3,-3717.5,3072.5,-5339,22929,339959,130,80,2304,-0.097776,1.873,1.1478
-3088.3,-2120.2,3233.1,2.261,-3789.1,3182.6,5.7805e+05,50481,1,6719.1,-9509.4,16024,4265,-1091.3,2103.4,-3877.7,2927,-5065,21573,339132,130,80,2304,-0.086282,1.8736,1.1478
-3025.8,-2068.1,3181.3,0.87659,-3729.1,3105.8,5.7867e+05,50479,1,6063.9,-9171.7,15378,4930.6,-862.6,1729.3,-5121.9,2641.4,-4645.9,20981,338760,130,80,2304,-0.074784,1.8741,1.1478
-2959.4,-2007.3,3116.8,0.90331,-3653.6,3025.4,5.7732e+05,50477,1,5636.7,-8737.6,14590,5118.2,-753.52,1515.4,-5572.7,2534,-4448.8,20182,338261,130,80,2304,-0.063284,1.8745,1.1478
-2902.9,-1950.9,3055,-0.39928,-3581.9,2955.6,5.7736e+05,50475,1,5169.6,-8394.3,13968,5097.7,-696.53,1373.1,-5713.2,2478.1,-4314.5,19444,337739,130,80,2304,-0.051781,1.8749,1.1478
-2853.4,-1891.2,2987,-1.3194,-3502.7,2893.3,5.7662e+05,50473,1,4266.6,-7502.8,12395,4899.3,-556.05,1078,-5502.3,2312.9,-3967.9,17464,336092,130,80,2304,-0.040276,1.8751,1.1478
-2855.3,-665.19,1809,28.889,-2059.3,2761.5,5.9347e+05,58955,1,52739,913.15,-12511,16569,2242.9,-7372.9,-15061,162.26,2820.4,59224,351534,130,112,2307,0.21709,1.9042,1.078
-2996.7,-761.46,1920.8,1.8228,-2202.7,2897.8,5.8639e+05,58957,1,13023,-4740,5789.7,8707.2,714.91,-2947.8,-9374.3,1574.7,-986.18,20049,338171,130,112,2307,0.2054,1.9055,1.078
-2789.2,-792.61,1913.4,4.1147,-2200.6,2688.2,5.8388e+05,57527,1,2279.6,-7959.4,13442,7260.4,285.78,-1849.5,-10102,1587.9,-885.67,20269,338322,130,112,2307,0.20469,1.8989,1.0897
-2616.7,-902.68,2012.8,1.984,-2324.4,2512,5.8194e+05,56103,1,2173.4,-8126.3,13616,7053.6,127.43,-1456.4,-9767.9,1922.6,-1599.4,20241,338303,130,112,2307,0.19235,1.8934,1.1014
-2647.5,-981.95,2124.6,0.54657,-2454.5,2542.3,5.8269e+05,56105,1,2054.4,-7653.4,12812,6753.2,39.153,-1170.4,-9355,2034.5,-1967.4,19221,337589,130,112,2307,0.18073,1.8946,1.1014
-2674.8,-1060.1,2234.7,-0.224,-2582.1,2570,5.8235e+05,56107,1,1485.5,-7127.4,12056,6595.6,35.173,-1069,-9034.8,1979.4,-2029.7,18239,336815,130,112,2307,0.1691,1.8956,1.1014
-2699.4,-1134.7,2338.4,-0.81954,-2702.2,2596.3,5.819e+05,56109,1,1684.9,-7027.7,11840,6023.4,-52.928,-777.81,-8053.1,2118.5,-2479.9,17458,336086,130,112,2307,0.15747,1.8966,1.1014
-2553.5,-1205.7,2378,-1.7684,-2758.4,2453.6,5.7978e+05,54689,1,2669.4,-6623.7,10903,5046.5,-422.94,55.28,-6484.3,2669.7,-3681.3,16070,334876,130,112,2307,0.14531,1.8908,1.1131
-2589.1,-1260,2447.1,-2.6445,-2839,2493.9,5.7982e+05,54691,1,2954.1,-6245.4,10262,4322,-549.05,410.54,-5265.2,2832.4,-4176.4,15013,333879,130,112,2307,0.1337,1.8917,1.1131
-2724.3,-1201.5,2427.6,-1.5932,-2805.8,2624.3,5.8209e+05,56111,1,1886.7,-6610.7,11141,5466.5,-175.07,-425.3,-7085.4,2272.4,-2971.8,16299,335080,130,112,2307,0.14583,1.8976,1.1014
-2722.4,-1394.2,2607.5,-3.2475,-3025.3,2646.1,5.8056e+05,54697,1,3787.8,-5838.3,9598.6,3680,-645.87,771.61,-4210.7,2882,-4529.7,14201,332958,130,160,2310,0.098862,1.8938,1.1131
-2674.5,-1349.6,2553.6,-3.6977,-2963.1,2591.3,5.8062e+05,54695,1,3689.4,-5758.7,9414.2,3839.6,-625.19,677.56,-4545,2837.8,-4366.6,14099,332837,130,160,2310,0.11048,1.8932,1.1131
-2628.5,-1304.7,2499.7,-3.5461,-2900.5,2539,5.8037e+05,54693,1,3285.7,-5886,9668.8,3861.4,-633.08,657.88,-4462.3,2920.3,-4488.7,14257,333027,130,160,2310,0.12209,1.8924,1.1131
-2619.1,-1421.1,2581.6,-2.9548,-3006.1,2551,5.7787e+05,53281,1,4009,-5616.4,9131.1,3249.8,-710.24,938.09,-3423,2905.9,-4614.9,13579,332187,130,160,2310,0.086925,1.8875,1.1247
-2673.5,-1457.9,2620.7,-3.0087,-3051.6,2613.2,5.7863e+05,53283,1,4358.6,-5634.1,9157.7,3211.8,-760.26,1058.3,-3381.2,2976.3,-4764.8,13770,332442,130,160,2310,0.075341,1.888,1.1247
-2783.3,-1531.8,2700.1,-0.81395,-3142.7,2739.9,5.787e+05,53287,1,4615.9,-5865.1,9621.9,3041.3,-755.32,1122.6,-3002.7,2974.6,-4846.1,14167,332916,130,160,2310,0.052167,1.8888,1.1247
-2731.4,-1495.6,2662,-2.1237,-3099.2,2679.4,5.7917e+05,53285,1,4613.9,-5751,9417.9,3119.5,-712.25,1021.7,-3219.6,2925,-4740.9,13991,332709,130,160,2310,0.063755,1.8884,1.1247
-2844.7,-1568.1,2735.8,-0.33005,-3184,2810.3,5.7869e+05,53289,1,5770,-6302.5,10384,3414.4,-816.16,1249,-3427,3045,-4993.1,15514,334355,130,160,2310,0.040576,1.8891,1.1247
-2811.8,-1640.4,2758.8,-0.92316,-3222.9,2796.6,5.7604e+05,51877,1,4559.5,-6513.4,10706,4242.2,-574.37,884.42,-4586.8,2512.8,-4087.9,15524,334369,130,160,2310,0.017327,1.8825,1.1362
-2916.9,-1609.6,2777.4,-0.82659,-3232.7,2891.9,5.7895e+05,53291,1,5886.6,-6807.5,11299,3865.3,-792.43,1240.6,-3929.5,2941.7,-4851.7,16535,335261,130,160,2310,0.028984,1.8893,1.1247
-2861.8,-1691.4,2814.6,-1.1639,-3288.3,2856.6,5.7575e+05,51879,1,4391.7,-7055.6,11684,4659.8,-510.61,828.05,-5173.2,2395.4,-3952.4,16624,335327,130,80,2304,0.0057763,1.8826,1.1362
-2950.3,-1803.9,2940.3,-1.7768,-3435.4,2966.8,5.7668e+05,51883,1,4232.6,-7754.3,12912,4743.4,-702.31,1239.3,-5218.8,2674.1,-4511,18001,336605,130,80,2304,-0.017326,1.8825,1.1362
-2906.8,-1747.7,2877.6,-1.6626,-3362.1,2912.1,5.7636e+05,51881,1,4068.4,-7569.8,12591,4981.6,-544.47,934.91,-5608,2450.2,-4101.3,17682,336313,130,80,2304,-0.0057751,1.8826,1.1362
-3002.4,-1857.7,2998.7,-1.3802,-3503.3,3030.5,5.7695e+05,51885,1,5332.9,-8364,14011,4782,-889.23,1605,-5197.1,2908.8,-4963,19520,337801,130,80,2304,-0.028877,1.8824,1.1362
-3364.8,-2157.3,3318.3,2.1803,-3874.6,3460.5,5.7831e+05,51895,1,7347.1,-10167,17390,4920.7,-1240.2,2426.4,-4668.7,3131.7,-5536.2,23137,340082,130,80,2304,-0.086604,1.8806,1.1362
-3283.8,-2094.8,3253.8,1.388,-3799.7,3364.7,5.7867e+05,51893,1,7231.2,-9993.7,17028,5337.8,-1013,2032.6,-5556.8,2862,-5109.5,23137,340079,130,80,2304,-0.075064,1.8811,1.1362
-3207.1,-2035,3192.7,1.1111,-3728.5,3273.9,5.7805e+05,51891,1,6612.2,-9669.1,16387,5255.6,-978.92,1916.7,-5625.7,2871.9,-5072.3,22442,339640,130,80,2304,-0.06352,1.8815,1.1362
-3137.4,-1975,3127,-0.25765,-3652.6,3190.7,5.7834e+05,51889,1,6554.7,-9307.2,15734,5353.6,-961.24,1835.2,-5942.7,2916.6,-5105.8,21909,339346,130,80,2304,-0.051974,1.8819,1.1362
-3065.7,-1911.9,3056.4,-0.83963,-3570.4,3106.1,5.7751e+05,51887,1,5729.7,-8760.9,14708,5119,-894.15,1670.2,-5690.7,2851.8,-4931.8,20507,338475,130,80,2304,-0.040426,1.8821,1.1362
-2561.9,-569.26,1850.9,148.99,-2033.7,2481,5.9599e+05,60389,1,65508,4546.4,-21567,21820,2379.9,-8751.8,-21734,1998.1,926.18,76241,354502,130,119,2308,0.21783,1.9107,1.0662
-3150.2,-725.56,1930.4,9.815,-2201.8,3054.3,5.9393e+05,60391,1,21556,-5940.1,6393,10107,556.94,-2951.5,-8720.1,1471.2,-979.7,27040,342158,130,119,2308,0.20611,1.912,1.0662
-3014.4,-848,2044.2,1.2336,-2344.6,2913.3,5.8474e+05,58959,1,1384.8,-7001.5,12115,7444.7,351.8,-1965,-10238,1427.8,-676.02,19090,337496,130,112,2307,0.19371,1.9067,1.078
-2821.5,-877.26,2032.3,1.3781,-2339,2718.4,5.8396e+05,57529,1,1486.6,-7496,12802,7222.9,275.08,-1760.4,-9958.6,1592.4,-1010.5,19503,337784,130,112,2307,0.19303,1.9001,1.0897
-2841.7,-960.39,2149.4,0.3979,-2474.4,2737.6,5.8528e+05,57531,1,1102.3,-7256.7,12472,7073.9,227.46,-1588.3,-9764.3,1662.6,-1255.4,19019,337440,130,112,2307,0.18137,1.9013,1.0897
-2861.4,-1040.8,2262.1,-0.27247,-2604.6,2757.6,5.8503e+05,57533,1,1070.9,-6978.2,12011,6853.2,175.51,-1387.2,-9407.2,1723,-1523.6,18353,336903,130,112,2307,0.1697,1.9023,1.0897
-2880.8,-1119,2370.7,-0.75673,-2729.9,2778.3,5.8436e+05,57535,1,1149.2,-6746.8,11618,6449.3,98.086,-1108.7,-8698,1829.5,-1930.4,17532,336169,130,112,2307,0.15803,1.9033,1.0897
-2753.7,-1261.8,2506.4,-2.0061,-2897.1,2657.9,5.8177e+05,56113,1,2233.8,-6341.3,10660,4805.9,-293.97,-82.067,-5989.9,2445.4,-3479.8,15362,334189,130,144,2309,0.13418,1.8984,1.1014
-2786.8,-1314,2571.2,-2.3194,-2972.1,2696.4,5.8163e+05,56115,1,2747.9,-6258.7,10484,4307.9,-415.12,226.5,-5153.9,2653.7,-3989.3,14998,333865,130,144,2309,0.12253,1.8992,1.1014
-2921.5,-1257.4,2555.7,-1.8547,-2943.4,2825.5,5.8383e+05,57539,1,1841.3,-6476,11085,5299.7,-132.44,-430.46,-6770.9,2206.4,-3007.3,16008,334817,130,144,2309,0.13466,1.9051,1.0897
-2899.3,-1192,2469.7,-1.3742,-2844.2,2799.5,5.8385e+05,57537,1,1233.4,-6601.2,11372,5924.7,-0.012678,-798.73,-7760.9,1990,-2430.3,16741,335436,130,144,2309,0.14634,1.9043,1.0897
-2923.2,-1449.8,2730.9,-1.9907,-3156.4,2853.5,5.833e+05,56121,1,4219.1,-6014.3,10050,3490.3,-589.33,738.64,-3832.9,2880.1,-4665.6,14588,333379,130,160,2310,0.087553,1.9012,1.1014
-2875.5,-1407.9,2683.7,-2.3968,-3102.1,2798.2,5.8276e+05,56119,1,3733.6,-5980.8,9985.7,3756.1,-598.12,691.43,-4247,2908.7,-4633.1,14572,333362,130,160,2310,0.099217,1.9006,1.1014
-2773.9,-1437.6,2659.7,-2.3043,-3085.3,2704.8,5.8021e+05,54699,1,4199.8,-5903.1,9708,3463.1,-735.14,979.85,-3830.1,3041.2,-4869.1,14417,333192,130,160,2310,0.08724,1.8944,1.1131
-2828.9,-1361.5,2628.3,-2.5019,-3038.2,2744.8,5.8207e+05,56117,1,3426.6,-6088.4,10160,4003.6,-561,563.05,-4688.3,2878.5,-4491,14803,333659,130,160,2310,0.11088,1.8999,1.1014
-2825,-1477.3,2703.2,-1.8431,-3135.5,2763.8,5.8098e+05,54701,1,4252.7,-5800.7,9587,3125.2,-660.32,909.3,-3190.3,2909.6,-4732.7,13990,332708,130,160,2310,0.075615,1.8949,1.1131
-2940.2,-1548.3,2775.3,0.06784,-3218,2896.3,5.8106e+05,54705,1,5627.4,-6441.9,10690,3319,-804.5,1212.8,-3414.5,3128.8,-5158.8,15768,334604,130,160,2310,0.052356,1.8957,1.1131
-2874.3,-1509.9,2734.2,-1.0275,-3171,2821.7,5.8129e+05,54703,1,5218,-6169.9,10239,3199.8,-696.33,1005.8,-3299.8,3002.9,-4938.6,15039,333894,130,160,2310,0.063987,1.8953,1.1131
-3020,-1590.1,2819.4,0.13978,-3269,2985.2,5.8135e+05,54707,1,6973.3,-7168.3,11987,3569.1,-953.07,1496.4,-3549.3,3368.3,-5620.9,17752,336393,130,160,2310,0.040724,1.8959,1.1131
-3102.1,-1631.3,2859.8,-0.098874,-3316.1,3076.7,5.8098e+05,54709,1,6636.3,-7182.5,12042,3750.7,-915.1,1456.8,-3710.2,3256.6,-5442,17653,336284,130,160,2310,0.02909,1.8962,1.1131
-2984.9,-1654.9,2823.4,-1.5345,-3286.6,2969.5,5.79e+05,53293,1,5433,-7071.2,11787,4137.5,-713.31,1140.2,-4349.4,2763.6,-4579.9,16879,335564,130,160,2310,0.017391,1.8894,1.1247
-3180.1,-1678.8,2907.9,-1.0911,-3372.4,3164.6,5.8132e+05,54711,1,6671.1,-7801.8,13191,4150.1,-986.54,1617.2,-4242,3336.1,-5620.3,18998,337428,130,160,2310,0.017454,1.8963,1.1131
-3051,-1704.1,2876.2,-1.2802,-3347.8,3045.8,5.7803e+05,53295,1,5664,-7458.3,12514,4480.1,-714.9,1179,-4869.2,2783.9,-4660.7,17874,336497,130,160,2310,0.0057976,1.8895,1.1247
-3112.5,-1761.5,2941.3,-1.0958,-3423.5,3117.9,5.7764e+05,53297,1,5572.6,-8197.9,13819,5188.8,-664.06,1143.3,-5930.3,2689.7,-4555.7,19520,337800,130,80,2304,-0.0057964,1.8895,1.1247
-3169,-1824.3,3013.6,-1.0756,-3507.7,3185.7,5.7757e+05,53299,1,5074.8,-8719.7,14714,5254.6,-761.46,1355,-5949.8,2828.6,-4834.1,20374,338401,130,80,2304,-0.01739,1.8894,1.1247
-3235.5,-1885.4,3081.6,-1.1586,-3586.8,3264,5.7782e+05,53301,1,6202.4,-9218.6,15646,5277.9,-1017.3,1837.1,-5863.6,3219.2,-5551.2,21819,339298,130,80,2304,-0.028983,1.8893,1.1247
-3315.8,-1945,3145.4,-0.97985,-3661,3356.8,5.7806e+05,53303,1,6811.9,-9485.6,16183,5215.4,-1174,2162,-5618.7,3390.6,-5901.6,22570,339727,130,80,2304,-0.040575,1.8891,1.1247
-3397.4,-2006.6,3211.5,-0.42236,-3737.6,3451.5,5.7825e+05,53305,1,7034.9,-9720.8,16634,5326,-1128.6,2145.6,-5797.6,3214.5,-5667.8,23043,340024,130,80,2304,-0.052166,1.8888,1.1247
-3113.4,-657.53,1958.7,72.696,-2192.3,3025,5.9689e+05,61827,1,62964,7848.4,-26960,21618,4624.2,-12764,-25204,-2612.7,9869.5,78383,354802,130,119,2308,0.2068,1.9185,1.0544
-3375.3,-783.25,2059.2,4.1838,-2344.3,3278.9,5.9434e+05,61829,1,22435,-1255.5,-2016.7,11769,1507.9,-4963.8,-9785.3,1476.1,-872.7,27804,342509,130,144,2309,0.19503,1.9198,1.0544
-3203.5,-816.86,2051.4,0.73338,-2345.2,3104.5,5.8623e+05,60393,1,1742.7,-6756.3,11801,7730,359.42,-2040.9,-10492,1353.7,-537.21,19084,337493,130,119,2308,0.19437,1.9133,1.0662
-3029.8,-935.14,2167.3,0.28633,-2486.4,2927.3,5.8742e+05,58961,1,564.24,-6826.8,12001,7339.4,265.88,-1707.7,-10164,1530.2,-998.21,18827,337288,130,112,2307,0.182,1.9079,1.078
-3043.3,-1018.7,2284.3,-0.2642,-2620.9,2940.8,5.8799e+05,58963,1,781.07,-6695.4,11720,6949.9,204.56,-1452,-9520.2,1635.6,-1398.8,18125,336699,130,112,2307,0.17029,1.909,1.078
-3060.3,-1098.9,2395.8,-0.7568,-2749.2,2958.9,5.8711e+05,58965,1,870.65,-6613.3,11618,6827.9,192.2,-1349,-9316.1,1655.4,-1565.3,17887,336508,130,144,2309,0.15858,1.91,1.078
-3077.6,-1176.7,2503.2,-1.0411,-2872.5,2978.4,5.8589e+05,58967,1,1120.3,-6590.7,11521,6309.7,87.383,-1010.1,-8435.3,1850.3,-2132.9,17245,335889,130,144,2309,0.14685,1.9109,1.078
-2952.5,-1316.5,2631.9,-1.9569,-3031.3,2861.6,5.8394e+05,57541,1,2511.2,-6324.6,10795,4724.4,-306.74,3.3827,-5824.4,2497.5,-3713.9,15467,334304,130,160,2310,0.12296,1.9059,1.0897
-3097,-1249.5,2601.8,-1.1795,-2985.8,3001.2,5.8556e+05,58969,1,1617.5,-6533,11390,5745.1,-75.674,-578.49,-7493.1,2140.5,-2865.9,16653,335355,130,160,2310,0.13513,1.9118,1.078
-3147.3,-1501.8,2851.5,0.7633,-3282.6,3084.9,5.8512e+05,57549,1,6238.5,-7111.4,12035,3630.1,-726.07,1020.4,-4123.9,3281.9,-5464.7,17513,336146,130,160,2310,0.076154,1.9084,1.0897
-2977.3,-1487.4,2771.1,-1.1111,-3202.3,2915.7,5.8359e+05,56123,1,5070.5,-6398.1,10714,3269.9,-655.46,913.37,-3487.5,3025.5,-4993,15480,334317,130,160,2310,0.075886,1.9017,1.1014
-3083.8,-1460.7,2804.2,-0.90584,-3229,3013.3,5.8523e+05,57547,1,4964.3,-6702.7,11367,3730.6,-609.71,771.9,-4288.7,3066,-5035.8,16335,335111,130,160,2310,0.087862,1.9079,1.0897
-3033.8,-1415.7,2752,-1.5863,-3169.3,2955.8,5.8482e+05,57545,1,3847,-6299.4,10672,3935.9,-481.55,485,-4534.8,2795.3,-4477,15256,334099,130,160,2310,0.099567,1.9073,1.0897
-2990.3,-1368,2695.3,-1.8061,-3104.2,2905.5,5.8414e+05,57543,1,3240.3,-6248.8,10625,4236.6,-396.05,263.82,-5024,2649.8,-4132.8,15164,334014,130,160,2310,0.11127,1.9067,1.0897
-3126.1,-1570.6,2864.5,1.2041,-3308.9,3081.5,5.8305e+05,56127,1,7168.9,-7374.1,12401,3707.9,-911.45,1397.7,-3911.5,3433.8,-5744.9,18335,336890,130,160,2310,0.052544,1.9024,1.1014
-3042.5,-1526.5,2815.1,0.70026,-3252.1,2989.2,5.8292e+05,56125,1,6141.3,-6845.7,11473,3536.8,-796.67,1171.5,-3888.8,3294.2,-5465.5,16929,335615,130,160,2310,0.064216,1.9021,1.1014
-3300.2,-1655.5,2948.5,0.38249,-3406.4,3274.5,5.8282e+05,56131,1,7847.3,-8244.4,14045,3922,-1082.2,1768.2,-3854.8,3638.8,-6189.3,20320,338363,130,160,2310,0.029194,1.903,1.1014
-3214.9,-1615,2910.5,0.64722,-3362.4,3179.5,5.8344e+05,56129,1,7292,-7767.1,13151,3612.9,-965.92,1533.4,-3523.1,3481.4,-5882.1,19024,337444,130,160,2310,0.04087,1.9027,1.1014
-3487.8,-1759.5,3056.9,-0.94512,-3532.4,3482.4,5.8237e+05,56135,1,7759.6,-9041.6,15567,4621.3,-1257.9,2144.3,-4893.8,3845.8,-6611.6,22233,339526,130,160,2310,0.0058395,1.9032,1.1014
-3255.2,-1725.6,2955.2,-0.95023,-3427.1,3249.9,5.8041e+05,54713,1,6572.7,-8291,14084,4478.7,-981.57,1656.1,-4805.7,3277.8,-5565,19972,338127,130,160,2310,0.0058186,1.8964,1.1131
-3400.3,-1705.4,2999.1,-0.87152,-3465.7,3384.4,5.8318e+05,56133,1,7950.1,-8684.9,14883,4442.6,-1106.1,1842.4,-4607.2,3649.4,-6236.9,21399,339028,130,160,2310,0.017517,1.9031,1.1014
-3425.1,-1850.1,3098.2,-0.085196,-3592.5,3442,5.789e+05,54717,1,6787.9,-9505.1,16300,5812.3,-1001.1,1797.5,-6745.4,3225.5,-5601.8,22966,339981,130,160,2310,-0.017453,1.8963,1.1131
-3341.1,-1780.3,3015.3,-0.27734,-3496.4,3346.5,5.7935e+05,54715,1,7524.8,-8806.1,15057,5200.5,-1010.6,1752.5,-5868.3,3302.6,-5669.9,21669,339205,130,160,2310,-0.0058174,1.8964,1.1131
-3501.8,-1921.1,3181.1,-0.03512,-3688.5,3530.8,5.787e+05,54719,1,6630.3,-9770.3,16800,5586,-1131.1,2071.6,-6228.1,3416.5,-5973.9,23096,340058,130,80,2304,-0.029088,1.8962,1.1131
-2341.2,-412.6,1954.8,344.64,-2034.6,2283.5,5.9818e+05,63265,1,64033,11903,-34582,26658,5898.7,-16215,-42661,-6750.8,21284,93620,356802,130,144,2309,0.20749,1.9249,1.0425
-3576.5,-842.79,2196.1,3.4442,-2492.4,3480.3,5.9432e+05,63269,1,16112,-687.6,-1746.8,11061,1421.2,-4613.8,-10510,1564.4,-1033.6,22864,339915,130,144,2309,0.18386,1.9273,1.0425
-3400.6,-876.05,2187.4,0.14283,-2492.5,3302.1,5.8563e+05,61831,1,659.54,-6494.1,11685,7792.1,375.15,-2033.7,-10811,1373.1,-621.14,19060,337469,130,144,2309,0.18324,1.9209,1.0544
-3412.6,-723.1,2081.8,49.87,-2337.5,3322.1,5.9701e+05,63267,1,57408,8301.8,-26580,22255,4144.1,-11976,-24648,-2707.9,9804.1,73743,354087,130,144,2309,0.19568,1.9262,1.0425
-3215.2,-906.6,2179.1,0.24513,-2491.5,3114.6,5.8799e+05,60395,1,288.86,-6720.5,12018,7603.4,341,-1915.6,-10614,1376.1,-651.34,19084,337492,130,144,2309,0.18263,1.9144,1.0662
-3225.3,-994.73,2303.8,-0.11387,-2634.3,3124.2,5.9054e+05,60397,1,451.24,-6635.6,11851,7307.4,266.09,-1650.9,-10109,1518,-1104.5,18617,337130,130,144,2309,0.17088,1.9155,1.0662
-3256.7,-1158.2,2531.5,-0.75161,-2895,3158.4,5.8837e+05,60401,1,1169.5,-6654.3,11819,6792.8,179.04,-1268,-9289.6,1696.2,-1760.5,18039,336636,130,160,2310,0.14736,1.9175,1.0662
-3239.5,-1077.6,2419.4,-0.56361,-2766.6,3139.2,5.8953e+05,60399,1,789,-6543.2,11645,6968.3,210.88,-1419.9,-9546.9,1618.8,-1484.1,18045,336638,130,160,2310,0.15912,1.9165,1.0662
-3275.9,-1235.7,2638.2,-0.87677,-3017,3180.7,5.8809e+05,60403,1,1609.1,-6878.1,12178,6332.3,77.317,-944.82,-8531.5,1922.5,-2374.5,17925,336550,130,160,2310,0.13559,1.9183,1.0662
-3156.1,-1369.4,2755.6,-0.96691,-3162.1,3070.9,5.8616e+05,58973,1,3296,-6672,11518,4621.7,-250.23,-39.478,-5721.5,2482.8,-3812.6,16214,334992,130,160,2310,0.11165,1.9133,1.078
-3122.3,-1314.2,2686.5,-1.308,-3083,3031.2,5.8609e+05,58971,1,2098.4,-6487,11274,5099.9,-147.48,-325.58,-6403.8,2262.5,-3275.9,16018,334826,130,160,2310,0.12339,1.9126,1.078
-3301.5,-1306.5,2733.4,-0.83614,-3125.8,3210.6,5.8837e+05,60405,1,2555.2,-7161.4,12595,5566.2,-112.12,-440.71,-7298.1,2320.1,-3331.6,17815,336444,130,160,2310,0.12382,1.9191,1.0662
-3346.5,-1519.2,2941.6,2.7249,-3373.5,3283.3,5.8708e+05,58979,1,7425.4,-8269.2,14167,4093.6,-774.17,1078.2,-4962.8,3532.8,-5917.2,20368,338397,130,160,2310,0.076419,1.915,1.078
-3454.4,-1567.1,2999.6,3.7406,-3439.4,3399.6,5.8709e+05,58981,1,9157.5,-9242.8,15888,4169.9,-985.33,1502.4,-4747,3845.4,-6551,22860,339913,130,160,2310,0.064667,1.9155,1.078
-3231.9,-1546.4,2904.6,2.3186,-3342.8,3177.9,5.8493e+05,57551,1,7057.4,-7579.8,12840,3762.6,-851.49,1267.1,-4207.4,3463.7,-5806.5,18762,337239,130,160,2310,0.064443,1.9088,1.0897
-3264.8,-1471.1,2881.4,0.79076,-3305.5,3193.7,5.8716e+05,58977,1,5347.2,-7469.4,12821,4105.9,-550.57,637.15,-4940.6,3099.2,-5090.4,18063,336650,130,160,2310,0.088168,1.9145,1.078
-3204.4,-1420.4,2818.5,-0.19838,-3233.8,3126,5.8663e+05,58975,1,4635.5,-7108.8,12207,4380,-406.96,318.03,-5357.5,2820.6,-4515.9,17249,335892,130,160,2310,0.099914,1.9139,1.078
-3430,-1637.9,3002.8,1.7418,-3456.1,3394.1,5.8554e+05,57555,1,8529.6,-8801,15087,3986.7,-1090,1756.2,-4096,3806.4,-6508.4,21717,339231,130,160,2310,0.041014,1.9095,1.0897
-3329.6,-1593.2,2956.6,2.0365,-3402.8,3284.3,5.8563e+05,57553,1,8543.4,-8434.3,14381,3957.8,-954.4,1477.8,-4213,3631.5,-6162.4,20943,338742,130,160,2310,0.052729,1.9092,1.0897
-3644.1,-1736.2,3102.3,0.28423,-3571.6,3628,5.8504e+05,57559,1,8562.4,-9384.6,16273,4562.2,-1309,2218.4,-4737.5,4092.8,-7085.6,23304,340192,130,160,2310,0.017579,1.9098,1.0897
-3540.8,-1688.9,3056.8,0.93843,-3518.9,3514.5,5.854e+05,57557,1,9004.6,-9466.5,16390,4235,-1284.1,2141.2,-4246.5,4115.3,-7114.2,23432,340254,130,160,2310,0.029297,1.9097,1.0897
-3584.8,-1813,3112,-0.92784,-3596,3590.3,5.8177e+05,56137,1,8175.1,-9381,16277,5168.9,-1306.2,2294.3,-5567.1,3848.6,-6697.7,23304,340190,130,160,2310,-0.0058383,1.9032,1.1014
-3579.3,-786.28,2219.6,48.591,-2486.8,3488.5,5.9694e+05,64711,1,53082,7221.6,-23321,19245,2295,-7815.8,-19977,-807.56,5186,65399,352704,130,144,2309,0.18446,1.9336,1.0306
-3598.6,-938.62,2330.2,0.06179,-2646.5,3501,5.944e+05,63271,1,4059.3,-5717.3,9883.8,8471.1,513.73,-2366,-11010,1451,-858.12,19330,337670,130,144,2309,0.17203,1.9284,1.0425
-2644.6,-497.92,2094.7,308.07,-2207.9,2580.8,5.9737e+05,64709,1,65403,15830,-42128,26795,5013.1,-14529,-39136,-6066.2,19131,95872,357071,130,144,2309,0.19632,1.9325,1.0306
-3409.6,-968.28,2319.5,-0.032244,-2643.1,3310,5.9346e+05,61833,1,393.29,-6629.3,12050,7759.9,305.59,-1824.9,-10848,1474.8,-924.68,19330,337669,130,144,2309,0.17145,1.922,1.0544
-3419.6,-1055.1,2441.6,-0.31495,-2782.5,3320.6,5.9165e+05,61835,1,923.77,-6718.8,12108,7179.2,195.74,-1436.9,-9935.5,1679.5,-1566,18714,337199,130,160,2310,0.15966,1.923,1.0544
-3468.2,-1219.7,2672.8,-0.61975,-3046.2,3373.6,5.9052e+05,61839,1,2359.6,-7339.9,13097,6803.2,79.927,-1036.7,-9497.2,2011.6,-2430.2,19455,337752,130,160,2310,0.13605,1.9248,1.0544
-3439.9,-1138.1,2557.9,-0.64733,-2915.2,3342.5,5.9083e+05,61837,1,1523.9,-6917.5,12415,6979,134.81,-1224.5,-9653.2,1829.7,-1986.7,18842,337299,130,160,2310,0.14786,1.924,1.0544
-3507.2,-1297.2,2782.7,0.14426,-3170.9,3416.4,5.9037e+05,61841,1,3625.3,-8122.8,14413,6426.5,-74.985,-632.6,-9030.3,2441,-3379,20676,338584,130,160,2310,0.12423,1.9256,1.0544
-3402.8,-1423.8,2888.3,1.6994,-3301.5,3323.9,5.8851e+05,60409,1,5856,-8188.8,14206,4833.7,-428.95,310.96,-6328.6,3051.4,-4894.5,20003,338143,130,160,2310,0.10026,1.9205,1.0662
-3340.4,-1369.1,2816.2,-0.11288,-3220.1,3255,5.8851e+05,60407,1,3852.9,-7624.8,13341,4964.8,-295.35,8.463,-6415.7,2734,-4248.9,18504,337034,130,160,2310,0.11204,1.9199,1.0662
-3567.6,-1369.7,2886.7,1.8125,-3288.5,3481.7,5.9042e+05,61843,1,5433.2,-9171.7,16171,5705.2,-359.49,41.367,-7947.3,3111.3,-4823.5,22448,339645,130,160,2310,0.11242,1.9264,1.0544
-3599.4,-1540.6,3044.3,4.2625,-3478.5,3535.1,5.8897e+05,60413,1,9334.4,-10393,18096,4686.6,-1014.4,1494.4,-5788.7,4087.8,-6960,25426,341358,130,160,2310,0.076681,1.9216,1.0662
-3494.6,-1483,2967.9,2.8367,-3391.9,3422.7,5.8899e+05,60411,1,7540.3,-9245.3,16022,4762.6,-678.05,821.37,-6169.1,3546.1,-5867.5,22537,339704,130,160,2310,0.088471,1.9211,1.0662
-3573,-1617.6,3056.2,2.9101,-3504.8,3527,5.8781e+05,58983,1,9351.5,-9805.9,16991,4255.7,-1138.9,1823.7,-4567.4,4021,-6932,24086,340602,130,160,2310,0.052913,1.9158,1.078
-3854.7,-1647.5,3168.7,2.9795,-3621.4,3807.8,5.8952e+05,60417,1,9467.8,-10154,17815,4360.6,-1051.8,1669.8,-4579.8,3969.1,-6917.5,24852,341029,130,160,2310,0.053095,1.9224,1.0662
-3726.9,-1592.8,3107.7,4.5831,-3550.8,3671,5.8889e+05,60415,1,10473,-10342,18009,4495.4,-1105.1,1719.6,-5132.6,4139.6,-7150.8,25426,341357,130,160,2310,0.064889,1.922,1.0662
-3691.4,-1670.2,3114.4,2.2354,-3572,3654.7,5.8779e+05,58985,1,9453.2,-9777,17004,4349.8,-1209.3,1984.2,-4569.3,4088.2,-7085.7,24086,340601,130,160,2310,0.041157,1.9161,1.078
-3853.8,-867.17,2371.3,29.61,-2660.3,3761.5,5.9885e+05,66157,1,58826,4005,-17876,16509,1345.7,-5407.5,-15221,1768.4,-757.36,65841,352781,130,144,2309,0.17315,1.941,1.0187
-3786.9,-905.89,2340.5,2.6563,-2648.1,3691.5,5.9581e+05,64713,1,7786.8,-5768.6,9448.4,9172.1,335.94,-2159.5,-11461,1801.7,-1484,20221,338287,130,160,2310,0.17259,1.9347,1.0306
-2624.9,-611.73,2275.9,293.74,-2414.5,2554.9,5.9844e+05,66155,1,88286,22861,-59452,28525,4026.6,-12900,-43262,-378.4,8878.7,1.2165e+05,359806,130,144,2309,0.18506,1.9399,1.0187
-3608.2,-1032.4,2465.4,0.12714,-2800,3510.4,5.9404e+05,63273,1,1147,-7026.4,12832,7838.7,228.97,-1644.6,-11163,1711.9,-1430.6,20227,338296,130,160,2310,0.16019,1.9294,1.0425
-3638.4,-1120.6,2592.6,-0.015817,-2944.6,3541.8,5.9365e+05,63275,1,2512.2,-7636.4,13774,7374.8,16.027,-1084.5,-10562,2225.6,-2607.7,20814,338671,130,160,2310,0.14835,1.9304,1.0425
-1768.3,-393.82,1951.2,395.44,-1991,1722.9,6e+05,67601,1,74965,6013.8,-24971,30777,1938.1,-9388.7,-71002,-8699.1,30131,1.1551e+05,359202,130,144,2309,0.18565,1.9461,1.0067
-3689.1,-1206.6,2719.6,0.60148,-3088.4,3594.8,5.9323e+05,63277,1,4547,-8854,15812,7193.7,-191.28,-588.12,-10572,2844.1,-3885.2,23155,340102,130,160,2310,0.1365,1.9312,1.0425
-3759.6,-1291.7,2848.3,2.3053,-3233.8,3668.6,5.929e+05,63279,1,6534.6,-10315,18343,6978.6,-398.54,-97.436,-10404,3411.5,-5077.2,26079,341692,130,160,2310,0.12465,1.932,1.0425
-3655.8,-1434.5,2979.3,4.172,-3392.8,3576,5.9042e+05,61845,1,8432.3,-10671,18739,5496.8,-752.94,856.01,-7525.4,3884.1,-6392.4,26081,341693,130,160,2310,0.1006,1.927,1.0544
-3855.1,-1373.3,2972.7,4.4752,-3373.9,3768.5,5.9252e+05,63281,1,8348,-11695,20819,6596.7,-641.04,478.42,-9573.6,3867.4,-6144.8,28783,342958,130,160,2310,0.11279,1.9328,1.0425
-3777.8,-1497.6,3066.4,5.0053,-3491.6,3704.9,5.9051e+05,61847,1,9586.1,-11019,19360,5355.4,-869.89,1149.5,-6993.4,3963.2,-6669,26981,342136,130,160,2310,0.08877,1.9276,1.0544
-4255.4,-975.67,2613.3,18.956,-2929.7,4160.1,6.0344e+05,67605,1,53897,-3667.5,-1858.9,14272,-285.82,-1770.1,-15084,4673.2,-6618.2,58497,351403,130,144,2309,0.16175,1.9482,1.0067
-3386.5,-790.33,2463,160.22,-2687.9,3302.8,6.0123e+05,67603,1,95814,10674,-37495,25639,956.42,-6369.5,-42917,1920,3954,1.1515e+05,359169,130,144,2309,0.1737,1.9472,1.0067
-4048.2,-989.72,2539.2,5.3679,-2862.4,3952.4,6.0028e+05,66159,1,11549,-8457.1,14266,9869.1,-218.01,-1147.1,-14586,3215.9,-3834.6,27295,342281,130,144,2309,0.16124,1.942,1.0187
-3820.8,-1010.6,2496.7,1.2394,-2825.7,3724.1,5.9695e+05,64715,1,5176.7,-7667.3,13602,8766.4,-19.382,-1328.3,-12931,2614.7,-2909.2,23059,340033,130,160,2310,0.16072,1.9358,1.0306
-3867.7,-1108.7,2646.8,2.2167,-2995.1,3771.3,5.9664e+05,64717,1,5710.6,-9794.6,17617,7996.2,-404.7,-377.84,-12187,3487.2,-4823.1,26213,341761,130,160,2310,0.14884,1.9367,1.0306
-3954.2,-1201.3,2791.6,3.5564,-3158.3,3859.7,5.9634e+05,64719,1,7953.3,-11390,20394,7653.7,-603.03,133.54,-11694,3982.9,-5962.9,29258,343202,130,160,2310,0.13695,1.9376,1.0306
-4074.1,-1293.6,2937.1,4.5608,-3322.5,3982.3,5.9589e+05,64721,1,8969.8,-12320,22109,7351.6,-668.17,378.41,-11016,4041.3,-6284.3,29897,343505,130,160,2310,0.12506,1.9384,1.0306
-3971,-1451.2,3086.5,5.0428,-3502.8,3890,5.9262e+05,63283,1,9141.8,-12030,21433,6009,-779.51,859.33,-8250.3,4000.5,-6611.4,28783,342957,130,160,2310,0.10093,1.9334,1.0425
-2441.9,-669.66,2549.7,365,-2673.8,2372.7,6.0409e+05,69053,1,1.0632e+05,4290,-26558,25950,-151.72,-4224.5,-50227,7638.6,-5988.3,1.2383e+05,360031,130,160,2310,0.17425,1.9533,0.99467
-4145.8,-1102.8,2725.3,6.5468,-3071.8,4049.1,5.9999e+05,66161,1,9820.8,-10380,18352,9303.9,-541.82,-348.03,-14871,3986,-5397.8,29902,343510,130,160,2310,0.14932,1.943,1.0187
-4288.6,-1207.7,2896.5,6.2083,-3265.2,4192.8,5.9937e+05,66163,1,10376,-12167,21806,8318.3,-805.57,398.88,-12929,4472.1,-6763.1,32158,344454,130,160,2310,0.13739,1.9439,1.0187
