"Cartesian Velocity:0","Cartesian Velocity:1","Cartesian Velocity:2","Spherical Velocity:0","Spherical Velocity:1","Spherical Velocity:2","Pressure","PointID","RegionId","GSV:0","GSV:1","GSV:2","GSV:3","GSV:4","GSV:5","GSV:6","GSV:7","GSV:8","magGSV","magGSV_Order","DescendingManifold","AscendingManifold","MorseSmaleManifold","Points:0","Points:1","Points:2"
855.22,-3638.2,2725.7,-673.84,-4562.3,-358.46,4.8694e+05,371345,1,-8305.5,97790,-96706,1.2119e+05,-76295,90508,-1.2108e+05,87866,-1.0198e+05,2.8366e+05,366853,377,834,1984,-0.20764,1.5308,1.5648
483.75,-5622.1,4619.8,-676.95,-7254.7,310.96,5.084e+05,371343,1,1.2245e+05,85302,-66390,1.8081e+05,-74754,97703,-1.6345e+05,1.0827e+05,-1.2835e+05,3.5975e+05,367482,377,834,1984,-0.21724,1.5308,1.5635
-1317.2,-7367.9,6204.1,-586.01,-9406.9,2382.9,5.266e+05,371341,1,1.1854e+05,14727,2336.2,34096,-88668,90703,-29049,1.2485e+05,-1.2572e+05,2.5251e+05,366394,377,834,1984,-0.22683,1.5308,1.5621
-1828.2,-6478.1,5224.8,-604.94,-8026.6,2795.5,5.2424e+05,371339,1,-19904,-40455,36213,-1.5078e+05,-30152,5922.4,1.6649e+05,78876,-51798,2.5228e+05,366388,377,833,1983,-0.23641,1.5308,1.5607
-80.482,-4146.1,3104.8,-675.83,-5082.9,737.24,5.0741e+05,371337,1,-1.5304e+05,-15223,-9101.3,-1.3514e+05,-42538,20204,1.2327e+05,50417,-30021,2.5071e+05,366359,377,824,1982,-0.24598,1.5308,1.5592
1393.9,-3038.1,2479.5,-520.58,-4035.5,-874.6,5.0753e+05,371335,1,-47837,18946,-26172,-1.0432e+05,-25303,7579.2,51979,29600,-20455,1.3751e+05,361178,377,833,1983,-0.25554,1.5308,1.5577
-196.63,-1967.2,1384.4,-380.72,-2345.8,420.8,4.6785e+05,370227,1,-74064,61924,-69858,50009,-55740,60851,-50042,57795,-62942,1.8253e+05,364060,377,834,1984,-0.17773,1.5405,1.559
731.83,-2671.9,2030.6,-495.57,-3374.8,-403.99,4.7642e+05,370225,1,-86044,67842,-77363,56154,-43390,49472,-56535,53521,-59642,1.8733e+05,364287,377,834,1984,-0.1873,1.5405,1.5579
2163.1,-3498.8,2850.7,-626.64,-4664.4,-1702.1,4.9108e+05,370223,1,-1.0945e+05,77282,-89935,98730,-25395,37442,-1.0501e+05,50990,-63657,2.3561e+05,366003,377,834,1984,-0.19685,1.5405,1.5567
3199.6,-4436.7,4121.4,-493.09,-6324.3,-2582.1,5.2455e+05,370221,1,7200.3,22091,-20336,54967,45543,-38273,-1.0376e+05,-1862.2,-11639,1.3572e+05,361043,377,834,1984,-0.2064,1.5405,1.5555
2435.4,-5235,5651.4,87.734,-7901.1,-1685,5.6911e+05,370219,1,1.8626e+05,45007,-17939,1.2479e+05,62006,-44370,-1.5629e+05,1651.7,-22870,2.8875e+05,366919,377,834,1984,-0.21594,1.5405,1.5542
-979.65,-5975,6954.2,825.5,-8998.6,1834.6,5.7714e+05,370217,1,1.8693e+05,45930,-18848,5785.9,1.3091e+05,-1.2961e+05,8349.5,-64750,66316,2.829e+05,366842,377,834,1984,-0.22547,1.5405,1.5528
-2752.6,-5248.2,5563.9,542.97,-7310.6,3512.6,5.7631e+05,370215,1,-39252,41801,-48485,-84818,83468,-96111,1.634e+05,-28449,53496,2.4374e+05,366202,377,834,1984,-0.235,1.5405,1.5514
-596.01,-4054,3315.1,-437.15,-5107.9,1224.2,5.4704e+05,370213,1,-2.0872e+05,13926,-46984,-1.0292e+05,33907,-50067,1.4756e+05,1634.7,21449,2.8714e+05,366896,377,824,1982,-0.24451,1.5405,1.5499
1358.3,-3140.4,2692.8,-460.74,-4249.5,-829.31,5.4074e+05,370211,1,-85503,-5034.8,-8772,-71529,9851.6,-21564,45959,8732.8,-1201.3,1.2362e+05,360006,377,833,1983,-0.25402,1.5405,1.5484
1239,-2238.5,2369.4,-49.91,-3383.1,-843.78,5.617e+05,370209,1,21958,-6927.7,10679,-84069,-16289,2019.4,45974,16336,-8418.9,1.0214e+05,357790,377,833,1983,-0.26351,1.5405,1.5468
789.63,-1725.9,1884.4,17.022,-2631.8,-476.34,5.8309e+05,370207,1,37965,1195.7,5438.8,-61750,-21894,10957,58205,19744,-9417.3,98748,357398,377,833,1983,-0.273,1.5405,1.5452
376.27,-2469.5,1978.2,-374.39,-3162.5,-109.35,4.7342e+05,369135,1,-53044,44047,-49647,60969,-23547,29860,-61966,27961,-34403,1.3486e+05,360985,377,834,1984,-0.16715,1.5501,1.5506
1073.3,-3118.2,2619.4,-438.44,-4127.4,-713.29,4.7973e+05,369133,1,-72042,44146,-52221,42570,-20335,24867,-55270,35354,-41401,1.3685e+05,361133,377,834,1984,-0.17666,1.5501,1.5496
2031.6,-3318.4,2996.9,-400.79,-4618.6,-1621.4,4.8971e+05,369131,1,-63295,30851,-38158,12317,-14002,15220,-39222,41259,-45832,1.1106e+05,358735,377,834,1984,-0.18616,1.5501,1.5485
2480.6,-3010.8,3204.9,-87.95,-4597.7,-2084,5.258e+05,369129,1,-42248,-11812,6691.2,12717,9499.5,-7790.5,-45944,25358,-31258,77542,354691,377,834,1984,-0.19566,1.5501,1.5473
2315.4,-2706,3446,299.35,-4550.2,-1940.4,5.7437e+05,369127,1,30259,-53215,57430,-13569,-6591.4,5154.4,-28706,25535,-29599,98244,357346,377,834,1984,-0.20515,1.5501,1.5461
1681.4,-2395.4,3627.7,695.83,-4410.6,-1337,5.8319e+05,369125,1,98495,-12412,26285,-2794,61900,-61891,-42803,-52031,45931,1.5769e+05,362636,377,834,1984,-0.21464,1.5501,1.5448
1052.7,-2160.1,3738.3,993.94,-4268.9,-732.74,5.8627e+05,369123,1,64355,48910,-39541,10103,66964,-65121,-7918.1,-83212,82159,1.751e+05,363682,377,834,1984,-0.22411,1.5501,1.5434
293.5,-2382.3,3577.9,798.51,-4233.3,64.757,5.8534e+05,369121,1,62975,89205,-80010,24181,75269,-71352,32835,-73744,78741,2.0587e+05,365093,377,834,1984,-0.23358,1.5501,1.542
450.18,-2861.5,3170.4,154.33,-4291.7,-1.5226,5.7826e+05,369119,1,-70393,50348,-61657,-11096,40604,-42372,59741,-17911,27277,1.3962e+05,361347,377,834,1984,-0.24303,1.5501,1.5406
872.91,-2841.2,2886.5,-82.748,-4122.6,-404.8,5.5162e+05,369117,1,-26199,443.98,-4838.8,-13483,8752.9,-11025,27087,7152.1,-2759.6,43387,348116,377,824,1982,-0.25248,1.5501,1.539
1092,-2605.7,2643.4,-118.62,-3813.5,-642.63,5.6485e+05,369115,1,8124,-3203,4628.8,-47812,-3717.8,-4448.5,37134,10719,-4421.2,62695,352168,377,833,1983,-0.26192,1.5501,1.5375
886.94,-2107.7,2251.5,-22.691,-3168.2,-510.21,5.8599e+05,369113,1,24737,3289.8,1080.7,-60940,-9419.8,-1406.7,58656,11950,-1541.2,89521,356289,377,12,1972,-0.27135,1.5501,1.5358
255.46,-1422.7,982.4,-339.68,-1710.2,-119.21,4.7312e+05,2175,1,-50786,38269,-43745,46028,-20215,25117,-54644,32032,-38006,1.2071e+05,359718,377,3,1968,-0.14901,1.562,1.5405
671.58,-1861,1456.3,-349.37,-2383.8,-480.06,4.778e+05,2177,1,-48032,34899,-40295,54803,-10018,15940,-64182,26822,-33999,1.2042e+05,359683,377,834,1984,-0.15859,1.5611,1.5405
1098,-2397.3,2123.3,-297.31,-3267.4,-834.77,4.8537e+05,2179,1,-37630,21529,-25911,40038,-4132.1,8651.2,-59633,25619,-32610,97579,357257,377,834,1984,-0.16816,1.5601,1.5405
1630.8,-2781.5,2953.9,-34.469,-4173.3,-1305.2,5.1011e+05,2181,1,-47971,-2054.5,-3361.4,34397,13943,-10079,-70645,8683.5,-16865,95637,357045,377,834,1984,-0.17773,1.559,1.5405
1797.1,-3134.9,3616.8,159.72,-4911.7,-1410.1,5.6364e+05,2183,1,-4744.2,-25248,24980,11001,10970,-9836.6,-28138,-444.31,-2763.1,49210,349566,377,834,1984,-0.1873,1.5579,1.5405
1662.5,-3332.1,3848.4,188.28,-5208.2,-1231.4,5.7954e+05,2185,1,13228,-42213,44237,19247,-13962,16405,-35711,13006,-17508,80618,355102,377,834,1984,-0.19685,1.5567,1.5405
1618.5,-3737.8,4364.9,261.94,-5859.7,-1112.7,5.8276e+05,2187,1,15259,-29143,31480,-15490,-15679,13331,-341.07,-5881.8,6343.5,53024,350371,377,834,1984,-0.2064,1.5555,1.5405
1299.5,-2816.8,3047.7,-9.4782,-4254.7,-899.5,5.8732e+05,3313,1,11684,-4593.1,6335.4,-22424,-5652.2,2563.5,13918,-15926,18079,38902,346845,377,4,1969,-0.21724,1.5635,1.5308
1275.5,-2803.2,3033.2,-11.357,-4236.3,-859.44,5.9035e+05,3315,1,14961,11519,-9430.4,5386,-12725,13710,1455.1,-10033,10330,32153,344452,377,834,1984,-0.22683,1.5621,1.5308
1231.2,-2831.6,3080.6,2.4377,-4288.9,-793.27,5.851e+05,3317,1,134.47,17577,-17781,7365.3,-4955.6,6161.5,5183.7,-4102.1,4936.2,28460,342812,377,834,1984,-0.23641,1.5607,1.5308
1168.8,-2839.9,3095.4,10.418,-4301.9,-711.95,5.826e+05,3319,1,-4676.1,17944,-18940,-8198.2,1759.6,-3128.8,14316,1362.7,946.52,31470,344142,377,824,1982,-0.24598,1.5592,1.5308
1110.2,-2651.3,2877.8,-3.7717,-4012.5,-666.37,5.8542e+05,3321,1,1148.7,6060.4,-5969.3,-24971,1451.2,-5647.9,25915,5958.4,-1722.9,37964,346520,377,833,1983,-0.25554,1.5577,1.5308
1062.4,-2351.4,2542.4,-22.109,-3563.1,-652.4,5.8736e+05,3323,1,18515,3845,-634.36,-49316,128.16,-8799.7,47960,7351.2,954.98,72268,353864,377,12,1972,-0.26509,1.5561,1.5308
867.2,-1727.1,2063.8,90.511,-2771.2,-553.48,5.918e+05,4471,1,33537,4624.8,1384.8,-65395,-4253.1,-7521.8,67629,14328,-2417.7,1.0141e+05,357706,377,12,1972,-0.27627,1.5637,1.5211
300.09,-1487.5,1066.8,-339.36,-1815.1,-175.98,4.656e+05,3295,1,-46706,40565,-45602,39643,-36026,40374,-47575,46873,-52267,1.3266e+05,360793,377,3,1968,-0.13061,1.5731,1.5308
1169.8,-2306.3,2186.8,-205.43,-3245.5,-945.53,4.7939e+05,3299,1,-37989,28439,-32773,37443,-30235,34595,-59673,46639,-53650,1.2431e+05,360076,377,3,1968,-0.1499,1.5714,1.5308
778.19,-1874.2,1570.6,-296.34,-2475.2,-608.58,4.7226e+05,3297,1,-48265,35745,-41042,45461,-33962,39026,-62501,49889,-57011,1.4029e+05,361389,377,3,1968,-0.14026,1.5723,1.5308
1536.9,-2629.3,2859.6,1.4483,-3982.1,-1263.3,5.0583e+05,3301,1,-20675,13426,-15745,28274,-16882,20152,-44494,31961,-37221,82054,355303,377,3,1968,-0.15954,1.5704,1.5308
1544,-2829.2,3219.3,103.12,-4384.5,-1231.9,5.5575e+05,3303,1,9149,4392.1,-3334.5,8281.1,-6061.7,6990.7,-11473,19162,-20595,34515,345375,377,834,1984,-0.16917,1.5694,1.5308
1351.6,-2776.2,3040.8,26.898,-4209.8,-1028.5,5.749e+05,3305,1,-2302.1,-8480.6,8424.6,8727.8,2704.8,-1764.5,-14883,-609.14,-1072.3,21397,339027,377,834,1984,-0.1788,1.5684,1.5308
1319.5,-2761.9,2994,2.7667,-4168,-980.43,5.8288e+05,3307,1,3633,-14474,15198,-636.16,9897.7,-10146,3040.8,-15586,16215,34207,345258,377,834,1984,-0.18842,1.5672,1.5308
1315.2,-2786.9,3018.4,-1.9374,-4206.5,-955.2,5.8632e+05,3309,1,3888,-11394,12110,8105,16473,-15697,-9314.8,-23803,22981,45348,348634,377,834,1984,-0.19803,1.5661,1.5308
1310.9,-2811.8,3045.5,-4.5331,-4246.8,-929.61,5.8647e+05,3311,1,2112.8,-9762,10229,-1556.4,23483,-24064,2808.1,-32696,33583,59516,351589,377,4,1969,-0.20764,1.5648,1.5308
1235.1,-2861.2,3135.6,-0.20078,-4342.3,-829.63,5.7311e+05,4459,1,710.28,-3625.5,3859.8,2070,-830.82,1145.5,-2780.9,2513.1,-2985.4,7602.4,315081,377,4,1969,-0.21852,1.5728,1.5211
1233.3,-2830.5,3098.6,0.072564,-4290.8,-850.25,5.6851e+05,4457,1,529.03,-4128.1,4343.4,3051.9,-116.99,531.76,-3760.3,1637.8,-2199.1,8213.1,318272,377,4,1969,-0.20887,1.5741,1.5211
1233.7,-2877.5,3156.1,-1.1588,-4371.6,-807.44,5.772e+05,4461,1,1308.3,-2513.3,2803.2,807.94,-1486.3,1644.8,-1605.5,3193.4,-3526.4,6831.1,310912,377,834,1984,-0.22817,1.5714,1.5211
1222.9,-2804.5,3086.2,-3.2214,-4276.8,-770.94,5.8889e+05,4465,1,2506.2,-101.82,533.62,-11866,-1409.2,-497.72,11359,2876.7,-1095.3,16974,335657,377,824,1982,-0.24744,1.5685,1.5211
1229.2,-2867.9,3147.4,-3.3193,-4361.7,-785.83,5.8089e+05,4463,1,831.83,-1781.5,1980.6,-3558.5,-1517,994.89,3174.1,2996.5,-2581.8,7032.9,311883,377,824,1982,-0.23781,1.57,1.5211
1203.9,-2619.1,2919.3,12.315,-4030.8,-764.01,5.9529e+05,4467,1,5873.5,1700,-719.22,-23709,-2976.3,-951.28,21840,4863.6,-1297.2,33348,344894,377,12,1972,-0.25706,1.5669,1.5211
1104.6,-2339.2,2650.9,34.559,-3637.8,-696.06,5.9525e+05,4469,1,15811,2221.1,527.14,-46451,-5075.3,-2970.8,40514,9632.9,-2776.8,64726,352559,377,12,1972,-0.26667,1.5653,1.5211
768.87,-1514.3,2136.1,287.85,-2668.4,-493.68,5.9589e+05,5637,1,60106,-3507.5,14785,-64646,-6754.4,-4807.9,79187,5828.9,8617.5,1.2029e+05,359674,377,12,1972,-0.27788,1.5728,1.5113
1304.9,-2520.1,2720.1,-14.685,-3780.9,-1075.8,4.9206e+05,4443,1,-20298,9054.9,-11156,24797,-15435,18227,-39516,28036,-32603,72210,353850,377,3,1968,-0.14109,1.5816,1.5211
1103.6,-2268,2250,-141.68,-3251.5,-912.19,4.7526e+05,4441,1,-22213,19844,-22426,27134,-23560,26764,-41198,38183,-43191,91752,356583,377,3,1968,-0.13138,1.5824,1.5211
1332.6,-2640,2934.5,40.805,-4024.6,-1075.9,5.3373e+05,4445,1,-5227.6,-4293.1,3962.9,11990,-4435.6,5750,-22212,11345,-13888,32755,344672,377,3,1968,-0.15079,1.5807,1.5211
1226.2,-2662.6,2903.2,1.7398,-4018.7,-933.8,5.8529e+05,4449,1,4205.6,-9001.5,9793.5,4498,3251,-2865.1,-4702.5,-4726.1,4368.5,17239,335882,377,834,1984,-0.17018,1.5787,1.5211
1257.1,-2638.1,2894.1,14.981,-3993.4,-984.06,5.6868e+05,4447,1,5429.2,-10113,11064,1689.6,1187,-1062.6,405.64,-952.47,1044,16178,334963,377,3,1968,-0.16049,1.5798,1.5211
1224.6,-2752.4,3005.2,-0.032639,-4161.6,-887.28,5.7253e+05,4453,1,720.55,-4823.1,5085.3,3275.2,1095.7,-724.03,-3574.9,-138.65,-308.67,9213.3,322222,377,834,1984,-0.18954,1.5765,1.5211
1220.7,-2708.1,2952.6,-0.37617,-4089.2,-906.11,5.8616e+05,4451,1,721.56,-5582.1,5866.6,4360.5,2404.1,-1967.9,-5003,-2316.8,1793,11330,328644,377,834,1984,-0.17986,1.5777,1.5211
1229.2,-2793.1,3053.7,0.060501,-4228.8,-869.06,5.6356e+05,4455,1,116.15,-4485.5,4661.1,3976.3,525.86,-26.607,-4927,769.62,-1438.9,9213.3,322221,377,834,1984,-0.19921,1.5753,1.5211
1146,-2825,3118.7,-0.069204,-4293.7,-764.49,5.8349e+05,5623,1,150.42,-4536.3,4773.7,3465.4,768.67,-321.08,-4334.6,418.77,-1044.2,8726.1,320219,377,80,1981,-0.21009,1.5833,1.5113
1151,-2858,3158.5,-0.33286,-4348.7,-746.72,5.8653e+05,5625,1,176.04,-4529.4,4773.7,2480.7,608.69,-277.69,-3262.5,586.18,-1088.4,7880.9,316516,377,80,1981,-0.2198,1.582,1.5113
1155.5,-2876.9,3182.8,-0.99839,-4382.8,-730.12,5.8894e+05,5627,1,388.68,-4325.2,4579,758.18,258.54,-160.26,-1346.4,1004.7,-1247.4,6698.6,310229,377,80,1981,-0.22951,1.5806,1.5113
1141,-2785.9,3072.2,-0.0063663,-4229.6,-782.52,5.8074e+05,5621,1,79.544,-4594.1,4827.9,3985.6,864.28,-378.2,-4915.3,319.32,-985.87,9296.8,322495,377,80,1981,-0.20037,1.5846,1.5113
1157.4,-2869.1,3177.3,-2.5609,-4376.7,-714.7,5.8886e+05,5629,1,1170.9,-4275,4658.1,-3649.8,-526.48,-37.193,3378.1,1913.4,-1454.7,8493.1,319404,377,12,1972,-0.2392,1.5792,1.5113
1152.7,-2801.7,3104.7,-6.7639,-4280.7,-702.01,5.8683e+05,5631,1,3177,-5083,5853,-13748,-2346.4,159.63,13759,3644.7,-1516.5,21671,339209,377,12,1972,-0.24889,1.5777,1.5113
1137.8,-2616,2926.7,2.678,-4026.7,-699.31,5.9028e+05,5633,1,5769.3,-4135.6,5316.7,-25333,-3810.5,-376.77,21995,4438.6,-851.16,35203,345609,377,12,1972,-0.25856,1.5761,1.5113
1064.4,-2282.6,2664.4,66.944,-3604.8,-665.99,5.9425e+05,5635,1,23011,-5985,10409,-56460,-7363.5,-2417.2,48844,2179.7,6491.5,79713,354977,377,12,1972,-0.26823,1.5745,1.5113
423.32,-1479.1,1672.6,24.188,-2266.9,-159.51,5.8622e+05,6819,1,50506,1732.1,7610.3,-61851,-13715,3007.2,76185,12518,912.61,1.1223e+05,358867,377,12,1972,-0.27949,1.5819,1.5015
457.87,-1518.6,1186.3,-296.57,-1926.9,-349.66,4.6006e+05,4437,1,-35861,40084,-44314,40136,-34358,38710,-49428,46323,-51902,1.2818e+05,360422,377,3,1968,-0.11195,1.5839,1.5211
811.45,-1902,1685.5,-248.33,-2572,-663.33,4.6584e+05,4439,1,-35726,32378,-36449,41027,-31927,36470,-58458,48274,-54929,1.2826e+05,360427,377,3,1968,-0.12167,1.5832,1.5211
1124.8,-2571.5,2820.5,1.5817,-3881.6,-875.56,5.7654e+05,5611,1,1398.4,-7054.4,7552.3,4229.7,1598.4,-1257.3,-5194.3,-1447.7,1001.8,12683,330907,377,3,1968,-0.15167,1.59,1.5113
1132.5,-2547,2800.7,9.1702,-3847.2,-901.67,5.5746e+05,5609,1,-1308.8,-5648.3,5835.8,6094.5,-1203.9,1800.4,-9105.6,4341.9,-5353.6,15490,334329,377,3,1968,-0.14192,1.5909,1.5113
1174,-2543.9,2825.6,30.04,-3861.6,-959.47,5.271e+05,5607,1,2930.2,-3117.9,3582.8,4375,-3771.7,4296.2,-5284.2,9541.6,-10402,17611,336246,377,3,1968,-0.13215,1.5917,1.5113
1193.2,-2461.4,2701.7,7.862,-3712,-1001.1,4.8742e+05,5605,1,-10977,7538,-8735.5,20937,-15252,17661,-32083,28254,-32194,64035,352408,377,8,1971,-0.12238,1.5925,1.5113
1124,-2614.1,2868.2,-0.17694,-3948.9,-854.03,5.831e+05,5613,1,915.76,-5414.8,5787.2,4073,1034,-646.29,-4491.5,-279.01,-195.29,10100,324787,377,834,1984,-0.16143,1.589,1.5113
1127.7,-2659.4,2922,-0.016925,-4022.9,-836.16,5.6966e+05,5615,1,104.37,-4896.3,5155.4,4455.5,758.14,-293.09,-5437.5,341.04,-973.55,10085,324744,377,834,1984,-0.17117,1.588,1.5113
1132.2,-2702.5,2973.5,0.20699,-4093.5,-818.84,5.6202e+05,5617,1,212.08,-4681.7,4941.1,4354.2,828.24,-348.9,-5261.1,352.13,-999.11,9744.1,323832,377,834,1984,-0.18091,1.5869,1.5113
1136.1,-2745,3023.5,0.034672,-4162.6,-800.36,5.7088e+05,5619,1,101.71,-4607.3,4847.5,4180.4,884.12,-400.6,-5109.5,306.73,-966.01,9502,323107,377,80,1981,-0.19065,1.5858,1.5113
1059.8,-2851,3176.3,-0.66702,-4348.3,-657.4,5.8193e+05,6807,1,201.37,-4672.9,4982.5,2902.2,694.28,-313.16,-3705.6,460.7,-1028.2,8408.7,319128,377,80,1981,-0.22108,1.5911,1.5015
1055,-2817.9,3136.5,-0.34066,-4293.6,-675.14,5.8051e+05,6805,1,99.394,-4678.5,4970.5,3652.8,816.43,-354.59,-4531.5,338.06,-991.2,9075.8,321739,377,80,1981,-0.21131,1.5925,1.5015
1063.1,-2871.8,3202.6,-0.92914,-4384.6,-639.39,5.8428e+05,6809,1,574.45,-4684.8,5049.2,862.05,236.05,-120.7,-1512.3,939.33,-1223.2,7297.3,313322,377,80,1981,-0.23084,1.5898,1.5015
1044.5,-2737.5,3041.1,-0.097052,-4162.7,-710.27,5.8174e+05,6801,1,54.33,-4711.9,5008.1,4185.6,873.92,-395.6,-5119.6,281.79,-949.7,9639.4,323536,377,80,1981,-0.19175,1.5949,1.5015
1049.7,-2778.8,3090.1,-0.19605,-4229.9,-692.79,5.8075e+05,6803,1,53.857,-4704.7,5011.5,4017.2,847.61,-361.47,-4931.6,302.11,-984.28,9466.8,322997,377,80,1981,-0.20153,1.5937,1.5015
1060.6,-2867.3,3203,0.042787,-4384.3,-619.2,5.862e+05,6811,1,1977.6,-4477.6,5062.2,-3510.7,-844.08,322.24,2921.9,2043.7,-1686.6,8847.9,320778,377,12,1972,-0.24059,1.5883,1.5015
1038.9,-2806,3144.5,3.9649,-4300.5,-588.99,5.8655e+05,6813,1,4787.2,-4348.8,5390.8,-10878,-2220.3,524.25,11262,3804.7,-2129.3,18446,336982,377,12,1972,-0.25033,1.5868,1.5015
963.07,-2627.8,2950.8,6.5985,-4033,-524.96,5.8485e+05,6815,1,11202,-4607.5,6800.5,-27748,-5571.6,1051.2,27139,6937.6,-2612.1,42267,347829,377,12,1972,-0.26006,1.5852,1.5015
786.42,-2216.7,2510.5,21.328,-3416.4,-402.98,5.834e+05,6817,1,28403,-3696.7,8995.9,-57386,-10098,309.59,63773,11742,-916.9,92208,356632,377,12,1972,-0.26978,1.5836,1.5015
320.61,-1673.2,1956.2,75.414,-2592.8,-24.617,5.9067e+05,8015,1,47168,4060.6,4570,-55507,-17575,8288.5,70949,21498,-9528.4,1.0634e+05,358240,377,12,1972,-0.28109,1.591,1.4916
732.07,-2294.6,2698.4,78.137,-3600.5,-336.32,5.8967e+05,8013,1,28381,233.19,4956.2,-49606,-11580,3289,55249,13831,-4625.4,81859,355277,377,12,1972,-0.27132,1.5927,1.4916
534.19,-1392.6,1051.6,-309.63,-1740.7,-452.15,4.4586e+05,5599,1,-48940,29642,-34204,40209,-32236,36550,-60541,44261,-50579,1.2891e+05,360476,377,7,1970,-0.093049,1.5945,1.5113
938.93,-1838.1,1704.9,-204.47,-2540.6,-818.64,4.553e+05,5601,1,-31108,26058,-29427,39947,-27855,32019,-54453,41544,-47448,1.1337e+05,358996,377,7,1970,-0.10283,1.5939,1.5113
1111.5,-2242.7,2314.1,-91.359,-3272.3,-950.63,4.6765e+05,5603,1,-14083,15266,-17016,33404,-21517,25055,-53555,36357,-42167,94316,356882,377,8,1971,-0.11261,1.5932,1.5113
1022,-2517.8,2780,-0.18968,-3805.4,-794.26,5.8163e+05,6791,1,377.54,-5146.8,5512.2,3968.9,1196.3,-892.13,-4562.1,-351.35,-65.438,10063,324685,377,3,1968,-0.14274,1.6001,1.5015
1026,-2563,2833.9,-0.083803,-3879.1,-777.99,5.6945e+05,6793,1,41.464,-4892.1,5220.5,4493.6,836.55,-437.91,-5472.4,270.36,-841.91,10149,324929,377,3,1968,-0.15255,1.5992,1.5015
1030.3,-2607.6,2887,-0.00081821,-3951.7,-761.5,5.6566e+05,6795,1,112.79,-4812,5138.4,4410.9,828.66,-407.68,-5334.5,320.7,-916.56,9963.9,324385,377,3,1968,-0.16236,1.5982,1.5015
1020.1,-2475.3,2731.1,1.0654,-3737.3,-811.8,5.7847e+05,6789,1,1196.7,-5828.6,6320.4,3242.2,1905.7,-1738.2,-3123.5,-1651.6,1472.2,10352,325518,377,3,1968,-0.13292,1.6009,1.5015
1029.5,-2448,2709.7,9.5355,-3700.2,-838.85,5.639e+05,6787,1,3858.8,-6835.2,7584.5,2520.3,1770.3,-1669.8,-1433.9,-1361.7,1315.5,11707,329416,377,3,1968,-0.12309,1.6017,1.5015
1092.2,-2451.5,2755.5,38.825,-3735.5,-916.69,5.3462e+05,6785,1,10.606,-4284.8,4606.3,11392,-3819.9,4873.8,-16426,8629.7,-10339,25668,341492,377,8,1971,-0.11326,1.6024,1.5015
1034.7,-2651.8,2939.4,0.020461,-4023.4,-744.52,5.6773e+05,6797,1,54.954,-4755.3,5060,4385.7,857.57,-407.19,-5352,303.76,-938.05,9898,324242,377,834,1984,-0.17216,1.5972,1.5015
1039.4,-2695.1,2990.8,-0.00034862,-4093.9,-727.43,5.7282e+05,6799,1,39.935,-4746.5,5050.5,4277.2,870.31,-406.99,-5223.5,278.54,-928.84,9771.5,323905,377,80,1981,-0.18196,1.5961,1.5015
966.9,-2847,3197,-0.97821,-4352.1,-565.9,5.8567e+05,8003,1,317.14,-4776.1,5171.8,2769.1,482.76,-103.29,-3534.4,695.5,-1275.6,8495.5,319416,377,80,1981,-0.22234,1.6002,1.4916
962.1,-2812.1,3155.5,-0.65868,-4295.4,-583.84,5.86e+05,8001,1,129.49,-4777.9,5149.2,3710.8,731.14,-256.92,-4586.6,419,-1102.8,9282.2,322457,377,80,1981,-0.21252,1.6016,1.4916
969.66,-2871.3,3226.5,-1.4336,-4392.7,-547,5.8516e+05,8005,1,672.65,-4740.8,5187.9,1321.6,162.39,28.23,-1941.5,1043.7,-1417.7,7647.5,315291,377,12,1972,-0.23216,1.5988,1.4916
967.21,-2873.4,3232.1,-1.3016,-4400.2,-525.97,5.8515e+05,8007,1,1635,-4690.7,5296.3,-1856.7,-505.46,233.56,1293,1694.6,-1599.8,7974.1,317030,377,12,1972,-0.24196,1.5974,1.4916
951.24,-2730.4,3058.8,-0.30471,-4163.4,-618.52,5.8319e+05,7997,1,34.07,-4768.6,5137.1,4212.5,834.04,-350.62,-5150.5,297.09,-988.54,9761.6,323880,377,80,1981,-0.19285,1.6041,1.4916
945.7,-2687.5,3007.8,-0.25322,-4093.9,-635.2,5.78e+05,7995,1,15.238,-4761.7,5115.8,4288.2,858.92,-397.42,-5232.4,276.98,-938.04,9821.7,324053,377,80,1981,-0.183,1.6052,1.4916
956.72,-2772.3,3108.3,-0.47946,-4231,-601.36,5.8574e+05,7999,1,51.102,-4772.6,5135.9,4050.7,808.59,-318.62,-4959.4,331.31,-1029.7,9596.2,323418,377,80,1981,-0.20269,1.6029,1.4916
952.2,-2827.2,3190.6,3.461,-4339.3,-500.01,5.8639e+05,8009,1,4527.7,-3869.7,4905,-10464,-2567.6,957.67,9593.2,3968.1,-2599,17061,335720,377,12,1972,-0.25176,1.5959,1.4916
901.14,-2674.4,3058.7,28.551,-4136.5,-456.3,5.8828e+05,8011,1,10917,-3075.9,5228.6,-24432,-4795.1,814.82,22764,5903.5,-2285,36535,346073,377,12,1972,-0.26155,1.5943,1.4916
255.68,-1783.5,2023.1,32.625,-2708.3,58.518,5.8944e+05,9225,1,42597,1654.2,6375.4,-48012,-15612,7719,60615,17886,-7775,92309,356652,377,12,1972,-0.28268,1.6,1.4817
599.44,-2288.7,2630.2,30.857,-3531.5,-206.57,5.8721e+05,9223,1,26941,-2546.6,7745.2,-43142,-9553.1,2376.9,50073,10459,-2087.9,73291,354021,377,12,1972,-0.27286,1.6017,1.4817
776.7,-2663.5,3042.3,15.05,-4103.7,-335.27,5.8622e+05,9221,1,15572,-3689,6789.1,-29047,-5705.1,964.84,30827,6814.2,-1857.9,46686,348960,377,12,1972,-0.26302,1.6033,1.4817
1143.2,-2361.3,2627.2,18.706,-3578.6,-988.76,4.8537e+05,6783,1,-8008.8,3001.2,-3640,18538,-15797,18018,-30507,27453,-31208,60519,351769,377,7,1970,-0.10343,1.6031,1.5015
927.2,-2510.1,2797.1,-0.078407,-3807,-700.51,5.6825e+05,7987,1,43.68,-4809.4,5192.8,4473.8,821.92,-456.05,-5422.9,324.67,-872.41,10063,324684,377,3,1968,-0.14355,1.6092,1.4916
931.33,-2555.1,2850.7,-0.061588,-3879.9,-684.48,5.7191e+05,7989,1,20.846,-4794.1,5170.9,4460.7,833.72,-435.17,-5430.5,313.48,-902.42,10045,324632,377,3,1968,-0.15342,1.6083,1.4916
940.58,-2643.9,2956.3,-0.10485,-4023.6,-651.81,5.7351e+05,7993,1,13.413,-4779.2,5153.2,4371.9,852.37,-412.94,-5321.3,282.57,-920.16,9932.3,324323,377,80,1981,-0.17315,1.6063,1.4916
935.77,-2599.8,2903.8,-0.060369,-3952.3,-668.22,5.7237e+05,7991,1,17.523,-4789.9,5163.6,4417.4,845.14,-427.25,-5381,295.26,-907.04,9994.1,324480,377,80,1981,-0.16329,1.6073,1.4916
923.13,-2464.8,2743,-0.13477,-3733.5,-716.03,5.6819e+05,7985,1,7.5465,-4849.3,5234.7,4565.7,860.14,-519.11,-5551.3,246.49,-764.07,10209,325107,377,3,1968,-0.13368,1.6101,1.4916
919.4,-2418.5,2687.8,-0.19017,-3658.4,-731.38,5.8267e+05,7983,1,1079.7,-5427.1,5943.6,3678.9,1443.8,-1247.9,-3756.8,-870.54,616.43,10166,324989,377,8,1971,-0.12379,1.6109,1.4916
916.47,-2373.5,2635.2,0.55675,-3586,-746.85,5.8178e+05,7981,1,729.69,-6789.1,7375.6,3651.7,2500.6,-2409.2,-3744,-2998.9,2927.5,12570,330772,377,7,1970,-0.11391,1.6116,1.4916
924.34,-2342.8,2609.6,8.7507,-3543.6,-771.59,5.7127e+05,7979,1,2777.3,-7557.5,8353.8,2265.4,2328.7,-2351.4,-1318.1,-2678.3,2787.5,12938,331262,377,7,1970,-0.10402,1.6123,1.4916
872.57,-2872.8,3254.7,-0.1871,-4405.1,-450.7,5.8677e+05,9215,1,754.19,-4771,5297.1,1693.6,208.47,36.699,-2393.6,990.32,-1447.4,7944.1,316864,377,80,1981,-0.23347,1.6079,1.4817
870.21,-2844.9,3220.6,-0.38643,-4359.1,-470.42,5.8633e+05,9213,1,297.48,-4814.9,5268.5,3257.2,601.86,-165.62,-4091.2,552.34,-1211.4,8974.3,321296,377,80,1981,-0.2236,1.6093,1.4817
865.88,-2807.9,3176.5,-0.45879,-4299.4,-489.01,5.8685e+05,9211,1,178.69,-4799.9,5254.3,3851.5,718.72,-226.79,-4748.1,415.54,-1138.2,9491.7,323078,377,80,1981,-0.21372,1.6106,1.4817
861.07,-2767.1,3127.9,-0.55702,-4233.7,-507.13,5.873e+05,9209,1,91.263,-4807.7,5238.6,4121.1,764.89,-267.17,-5051.4,373.85,-1098.1,9750.3,323850,377,80,1981,-0.20383,1.6119,1.4817
846.29,-2832.7,3219.6,4.5554,-4353.3,-394.53,5.8665e+05,9219,1,5164.6,-4421.7,5678.3,-10231,-1922.5,315.84,9558.2,3239,-1860.6,17095,335759,377,12,1972,-0.25318,1.6049,1.4817
868.59,-2879,3265.3,0.8477,-4418.4,-427.62,5.8702e+05,9217,1,2031.3,-4609.8,5334.2,-1954,-540.84,256.36,1505.1,1819.9,-1715.9,8156.5,317962,377,12,1972,-0.24333,1.6064,1.4817
856.14,-2724.3,3077,-0.68298,-4165,-524.84,5.8602e+05,9207,1,67.031,-4797.3,5231.9,4272.3,781.98,-292.02,-5225.3,355.11,-1070.9,9895.3,324238,377,80,1981,-0.19394,1.6131,1.4817
850.98,-2680.6,3025.3,-0.63211,-4095,-541.87,5.8261e+05,9205,1,19.149,-4794.8,5226.6,4348.4,802.29,-333.85,-5297.9,334.8,-1023.1,9959.8,324376,377,80,1981,-0.18403,1.6143,1.4817
-368.04,-1546.8,1681.5,44.153,-2223.4,640.49,5.9044e+05,10449,1,46666,4464.4,4436.6,-40360,-18110,11708,53243,21358,-12677,88108,356107,377,12,1972,-0.29412,1.6071,1.4717
79.185,-1994.6,2263.8,45.472,-3005.8,269.05,5.9054e+05,10447,1,41257,913.81,6965.9,-39393,-16319,10213,52001,19017,-10718,82792,355411,377,12,1972,-0.28425,1.6089,1.4717
449.72,-2381.5,2774.6,56.535,-3683.3,-43.393,5.8852e+05,10445,1,28447,-2343,7888.9,-33472,-10288,4997.8,41359,12231,-5631.6,63404,352292,377,12,1972,-0.27438,1.6106,1.4717
670.23,-2683.1,3121.1,41.04,-4163.7,-227.04,5.8717e+05,10443,1,14196,-3857.2,6790.9,-21379,-3946,469.41,22471,5541.1,-2001.6,35707,345767,377,12,1972,-0.26449,1.6122,1.4717
835.99,-2547,2867.1,-0.20542,-3880.5,-590.34,5.6549e+05,9199,1,9.708,-4792.1,5226,4465,822.33,-435.19,-5422.6,315,-903.8,10070,324697,377,80,1981,-0.15429,1.6174,1.4817
831.73,-2501.8,2813.4,-0.10992,-3807.7,-606.15,5.6883e+05,9197,1,15.732,-4788.6,5238,4499.5,813.46,-447.59,-5463.6,325.43,-892.47,10111,324821,377,80,1981,-0.14436,1.6183,1.4817
827.85,-2456.3,2759.1,-0.099489,-3734.3,-621.78,5.7107e+05,9195,1,16.875,-4786.2,5227.2,4553.2,802.52,-461.4,-5533.8,345.34,-881.15,10166,324988,377,3,1968,-0.13443,1.6192,1.4817
840.68,-2591.9,2920.3,-0.34947,-3952.6,-574.42,5.6959e+05,9201,1,4.9083,-4790.6,5226.9,4433.8,824.07,-407.58,-5390.9,307.29,-932.79,10040,324616,377,80,1981,-0.16421,1.6164,1.4817
845.78,-2636.4,2973,-0.4703,-4024.1,-558.36,5.7701e+05,9203,1,-2.7919,-4793.2,5225.7,4386.6,819.46,-377.78,-5331.3,312.87,-967.84,9989.8,324466,377,80,1981,-0.17413,1.6154,1.4817
824.34,-2410,2704,-0.13695,-3659.7,-637.25,5.6819e+05,9193,1,27.774,-4779.5,5234.3,4626.5,782.6,-464.53,-5621.2,368.62,-879.93,10246,325201,377,80,1981,-0.12449,1.62,1.4817
821.1,-2362.8,2647.5,-0.25965,-3583.4,-652.47,5.6705e+05,9191,1,192.81,-4825.9,5292.8,4504,889.78,-623.57,-5311.7,166.23,-595.33,10166,324990,377,7,1970,-0.11455,1.6207,1.4817
818.33,-2313.8,2589,-0.47852,-3504.4,-667.66,5.743e+05,9189,1,174.96,-5009.5,5491.9,4824.2,1224.8,-996.03,-5795.7,-454.29,81.351,10717,326794,377,7,1970,-0.1046,1.6214,1.4817
776.4,-2872,3278.4,-0.4622,-4412.8,-355.65,5.8558e+05,10437,1,796.18,-4817.8,5421.9,2044,290.66,3.7321,-2798.8,834.69,-1360.4,8239.2,318409,377,80,1981,-0.23477,1.6168,1.4717
774.36,-2841.5,3241.8,-0.66028,-4363.7,-375.95,5.8499e+05,10435,1,395.43,-4828.2,5365.6,3301.5,558.67,-108.99,-4117.3,562.17,-1247.1,9072.2,321725,377,80,1981,-0.22484,1.6183,1.4717
772.45,-2882.9,3294.9,1.4375,-4433.3,-331.98,5.8624e+05,10439,1,1934.2,-4666.5,5442.3,-1233.6,-353.36,174.06,439.24,1561.6,-1630.6,7944.1,316865,377,12,1972,-0.24468,1.6154,1.4717
770.29,-2803.6,3196.9,-0.64662,-4303.3,-394.81,5.8422e+05,10433,1,235,-4813,5342.5,3914.6,686.34,-184.37,-4795.9,423.82,-1168.7,9598.8,323428,377,80,1981,-0.21491,1.6196,1.4717
765.42,-2762.6,3148.4,-0.5739,-4237.9,-412.79,5.8258e+05,10431,1,103.87,-4785.8,5278.8,4105.1,736.82,-236.87,-5014.3,381.12,-1119.8,9735.2,323809,377,80,1981,-0.20497,1.6209,1.4717
760.17,-2719.8,3097.9,-0.40945,-4169.8,-430.09,5.7869e+05,10429,1,60.868,-4782.9,5279.9,4305.3,765.1,-273.09,-5243.7,356.54,-1087.3,9937.7,324337,377,80,1981,-0.19502,1.6221,1.4717
750.24,-2841.1,3263.6,12.231,-4381.4,-298.35,5.8669e+05,10441,1,6713.3,-4593.9,6227,-9893.5,-1636.8,62.767,8957.4,2614,-1295.1,17154,335815,377,12,1972,-0.25459,1.6138,1.4717
754.91,-2675.3,3045.3,-0.36541,-4098.9,-447.02,5.762e+05,10427,1,21.838,-4783.1,5278.6,4410,783.15,-309.49,-5374.9,338.25,-1048.5,10050,324649,377,80,1981,-0.18506,1.6233,1.4717
749.74,-2630.1,2991.6,-0.43674,-4026.7,-463.55,5.7447e+05,10425,1,-3.2093,-4797,5294.4,4434.9,781.03,-334.41,-5398.8,332.31,-1009,10085,324745,377,80,1981,-0.1751,1.6244,1.4717
-352.53,-1755.7,1912.6,28.519,-2534.7,662.83,5.8986e+05,11683,1,38364,8667.4,-1805.9,-39372,-17264,11129,49720,21268,-13467,81413,355213,377,12,1972,-0.29574,1.616,1.4616
2.6331,-2154.7,2412.8,18.221,-3213.3,372.29,5.8916e+05,11681,1,34571,3174.6,3245.1,-35169,-14059,8653.4,45713,16233,-9002.8,71829,353784,377,12,1972,-0.28582,1.6177,1.4616
516.94,-2681.2,3112.2,29.457,-4139.5,-76.064,5.8529e+05,11677,1,17623,-4402.9,8094,-19633,-4792,1729.7,23152,5349.7,-1700.8,37073,346238,377,12,1972,-0.26595,1.6211,1.4616
282.69,-2457.4,2810,22.48,-3741.2,134.02,5.8725e+05,11679,1,24091,-1651.1,6384.8,-23141,-8959.2,5562.5,31158,10446,-5704.7,48817,349468,377,12,1972,-0.27589,1.6195,1.4616
-732.9,-1492.7,1590.5,50.657,-2072.8,997.82,5.898e+05,12929,1,48981,13676,-4918.2,-44915,-17420,9989.6,54883,23709,-14925,93958,356835,377,40,1973,-0.30731,1.6229,1.4515
740.36,-2539.3,2883.8,-0.37933,-3881.5,-495.88,5.7142e+05,10421,1,16.158,-4791.2,5296.8,4500.7,793.32,-402.13,-5452.4,332.68,-942.54,10138,324892,377,80,1981,-0.15515,1.6264,1.4717
736.04,-2493.6,2829.6,-0.25287,-3808.5,-511.57,5.6717e+05,10419,1,12.393,-4783.9,5285,4512.5,800.83,-442.92,-5474.1,330.9,-901.1,10144,324914,377,80,1981,-0.14517,1.6273,1.4717
732.04,-2447.8,2775.1,-0.15319,-3735.1,-527,5.6486e+05,10417,1,23.124,-4779.8,5295.1,4551.9,789.64,-458.17,-5522.5,344.89,-886.87,10190,325061,377,80,1981,-0.13518,1.6282,1.4717
744.91,-2584.8,2937.8,-0.45711,-3954.3,-479.85,5.7387e+05,10423,1,17.303,-4799.6,5303.1,4474.6,783.63,-363.33,-5440,332.68,-977.85,10129,324864,377,80,1981,-0.16513,1.6254,1.4717
728.49,-2401.6,2720.1,-0.1272,-3661,-542.34,5.6667e+05,10415,1,39.482,-4777,5291.4,4622,768.25,-462.64,-5609.1,374.66,-885.33,10265,325249,377,80,1981,-0.12519,1.629,1.4717
725.61,-2354.5,2664,-0.13775,-3585.5,-557.8,5.6786e+05,10413,1,99.342,-4771.4,5291.7,4710.1,746.01,-457.71,-5706,403.52,-893.15,10356,325528,377,80,1981,-0.11519,1.6297,1.4717
723.74,-2306.3,2606.5,-0.1855,-3508.2,-573.75,5.673e+05,10411,1,113.44,-4775.3,5293.9,4764.1,689.57,-420.79,-5763.6,469.93,-934.43,10417,325710,377,7,1970,-0.10519,1.6304,1.4717
675.68,-2873,3304.2,-0.36879,-4423,-255.83,5.8678e+05,11671,1,955.22,-4919.3,5615.8,2192.4,239.31,84.599,-2939.2,899,-1468.5,8551.2,319585,377,80,1981,-0.23606,1.6257,1.4616
675.32,-2840,3265,-0.75807,-4370.9,-278.05,5.8722e+05,11669,1,528.68,-4907.3,5550.8,3615.5,513.45,-14.61,-4457.9,611.81,-1369.3,9520,323172,377,80,1981,-0.22608,1.6272,1.4616
669.07,-2885.9,3322.3,1.8108,-4445.3,-229.33,5.8616e+05,11673,1,2856.1,-4835.8,5864.7,-2000.1,-529.21,241.55,806.59,1756.6,-1810.7,8791.5,320546,377,12,1972,-0.24603,1.6243,1.4616
669.1,-2758.5,3168.6,-1.1193,-4242.2,-317.75,5.8516e+05,11665,1,198.55,-4838.5,5424,4223.9,656.02,-135.68,-5150,436.38,-1213,9967.2,324394,377,80,1981,-0.2061,1.6298,1.4616
672.8,-2800.7,3218.4,-0.99013,-4308.8,-298.55,5.8707e+05,11667,1,335.54,-4872.5,5479.2,3998,605.34,-83.369,-4889.8,504.59,-1285.2,9800.5,323992,377,80,1981,-0.21609,1.6285,1.4616
664.47,-2714.3,3116.6,-1.0141,-4172.5,-335.73,5.805e+05,11663,1,94.752,-4804.2,5381.3,4389.4,694.26,-188.77,-5331.5,372.36,-1128.8,10083,324740,377,80,1981,-0.19609,1.6311,1.4616
659.27,-2669.4,3063.4,-1.0028,-4101.2,-352.67,5.7309e+05,11661,1,1.6327,-4785.2,5333.3,4410.5,738.36,-262.07,-5379.9,330.15,-1051.7,10078,324727,377,80,1981,-0.18608,1.6322,1.4616
635.91,-2835.7,3281.2,14.297,-4379.2,-186.26,5.8492e+05,11675,1,9885.7,-4321,6560.2,-9961.7,-2309.5,804.29,10791,3898.2,-2420.5,20054,338174,377,12,1972,-0.25599,1.6227,1.4616
648.09,-2578.7,2955.8,-0.89548,-3957.1,-384.14,5.6341e+05,11657,1,6.4889,-4794.1,5350.3,4499.3,739.69,-315.23,-5433.5,358.9,-1016.6,10158,324964,377,80,1981,-0.16604,1.6344,1.4616
653.37,-2624.4,3009.5,-1.22,-4029.3,-368.35,5.66e+05,11659,1,-27.738,-4792.9,5363.7,4472.9,694.58,-237.66,-5420.4,382.05,-1082.4,10148,324926,377,80,1981,-0.17606,1.6333,1.4616
-307.81,-1970.5,2177.1,22.75,-2878.3,657.52,5.9033e+05,12927,1,33984,9366.4,-3505,-38514,-16684,10757,47687,21193,-13924,77778,354724,377,40,1973,-0.29735,1.6247,1.4515
-21.116,-2321.5,2618.6,14.133,-3473.7,424.69,5.8982e+05,12925,1,25712,4742.4,-212.09,-29235,-12832,8550.2,37202,16374,-10936,59563,351602,377,12,1972,-0.28737,1.6265,1.4515
372.17,-2741.6,3186.9,26.222,-4219.6,76.567,5.8652e+05,12921,1,17633,-2615.6,6177.1,-14779,-5046.5,2922.9,19877,6714.7,-3845.2,32608,344622,377,12,1972,-0.26739,1.6299,1.4515
188.13,-2569,2942.8,16.559,-3903.2,245.97,5.8854e+05,12923,1,17794,430.35,2918.7,-18298,-7454.7,4858.2,24655,9701,-6165.2,38462,346698,377,12,1972,-0.27739,1.6283,1.4515
-1293.8,-1136.5,1251.2,165.58,-1513.1,1488,5.8874e+05,14183,1,89083,13023,5074.1,-36385,-15655,9734.3,55697,24352,-15257,1.1714e+05,359382,377,40,1973,-0.31897,1.6297,1.4414
-226.34,-2142.6,2413.3,21.038,-3177.3,608.35,5.9035e+05,14179,1,28750,8049.6,-3135.9,-34843,-13622,8187,41543,18108,-11880,67547,353107,377,40,1973,-0.29895,1.6335,1.4414
-604.77,-1678.2,1881.7,73.178,-2428.2,906.44,5.8973e+05,14181,1,47900,12580,-3945.4,-45862,-16822,9236.8,51312,22890,-14943,91215,356505,377,40,1973,-0.30896,1.6316,1.4414
643.63,-2532.4,2901.4,-0.5076,-3883.9,-400.24,5.6808e+05,11655,1,23.271,-4792.3,5370.8,4569.1,734.95,-331.6,-5511.2,359.7,-995.76,10239,325186,377,80,1981,-0.156,1.6354,1.4616
639.57,-2485.9,2846.3,-0.36939,-3810.1,-416.17,5.7173e+05,11653,1,26.507,-4794.2,5369.9,4562.2,755.19,-389.62,-5518.1,342.12,-934.1,10237,325178,377,80,1981,-0.14597,1.6363,1.4616
635.76,-2439.4,2791.1,-0.27828,-3736.2,-431.74,5.7011e+05,11651,1,31.842,-4788.4,5373.5,4571.4,761.84,-431.83,-5529.3,339.48,-891.77,10245,325197,377,80,1981,-0.13592,1.6372,1.4616
632.17,-2393,2735.9,-0.19072,-3662.2,-446.95,5.6488e+05,11649,1,27.055,-4780.9,5353.3,4579.1,766.88,-461.26,-5552.4,350.21,-873.27,10247,325203,377,80,1981,-0.12588,1.638,1.4616
628.92,-2346.1,2680,-0.15979,-3587.3,-461.94,5.6243e+05,11647,1,54.718,-4792.3,5372.3,4658.4,741.6,-459.75,-5642.1,383.82,-879.1,10346,325502,377,80,1981,-0.11582,1.6387,1.4616
626.11,-2298.7,2623.3,-0.16054,-3511.4,-476.82,5.6302e+05,11645,1,54.354,-4814.9,5409.3,4700.5,708.72,-457.75,-5694.9,423.73,-885.05,10423,325732,377,80,1981,-0.10577,1.6394,1.4616
573.09,-2875.9,3332.8,0.35405,-4436.5,-153.89,5.8573e+05,12915,1,1209.4,-4893.4,5709.6,2551.9,227.15,158.09,-3420,907.31,-1577.4,8922.1,321117,377,80,1981,-0.23735,1.6346,1.4515
573.9,-2840.6,3290.7,-0.52656,-4381.3,-177.52,5.862e+05,12913,1,641.53,-4864.1,5582.9,3681.6,476.26,38.974,-4545,642.24,-1434.7,9599.5,323431,377,80,1981,-0.22731,1.636,1.4515
572.4,-2800.6,3243.3,-1.017,-4318.7,-199.03,5.8614e+05,12911,1,424.09,-4838.8,5521.8,4032.1,518.13,18.723,-4928.9,606.84,-1422,9863.8,324160,377,80,1981,-0.21727,1.6374,1.4515
564.91,-2893.7,3359.1,4.6715,-4467.7,-125.17,5.8537e+05,12917,1,3030.3,-4737.8,5852.4,-1360.2,-483.07,299.79,-363.82,1536,-1780,8791.5,320547,377,80,1981,-0.24737,1.6331,1.4515
526.74,-2847.1,3335.4,27.577,-4416.1,-76.642,5.8488e+05,12919,1,9036.9,-3829.6,5925.6,-6479.6,-1721.5,782.15,7309.4,2956.5,-2010.2,15595,334452,377,12,1972,-0.25739,1.6316,1.4515
569.59,-2757.9,3192.6,-1.5003,-4251.5,-219.1,5.8348e+05,12909,1,268.36,-4819.8,5486.5,4320.1,522.32,23.973,-5282.6,627.95,-1461.5,10138,324890,377,80,1981,-0.20722,1.6387,1.4515
566.11,-2712.5,3138.4,-2.0167,-4179.9,-238.29,5.7938e+05,12907,1,180.45,-4842.5,5488.6,4442.7,548.31,-12.495,-5425.5,582.81,-1398.3,10265,325251,377,80,1981,-0.19716,1.6399,1.4515
561.73,-2666.7,3084,-2.2391,-4107.6,-256.06,5.7552e+05,12905,1,48.136,-4834.5,5467.4,4472.3,561.2,-55.077,-5435.8,576.41,-1355.2,10262,325240,377,80,1981,-0.18709,1.6411,1.4515
551.32,-2574.1,2975.1,-1.5806,-3962.1,-288.33,5.6544e+05,12901,1,-9.7062,-4805.9,5428.8,4575.8,664.47,-225.38,-5517.4,460.2,-1153.7,10295,325335,377,80,1981,-0.16694,1.6433,1.4515
556.56,-2620.9,3030.2,-1.9534,-4035.7,-272.47,5.7073e+05,12903,1,13.801,-4842.3,5491.9,4591.5,584.85,-101.75,-5542.7,598.75,-1356.8,10391,325635,377,80,1981,-0.17702,1.6422,1.4515
-0.50854,-2442.9,2783.3,7.7316,-3678.8,425.53,5.8948e+05,14177,1,17839,3191.3,-55.799,-21901,-8555.8,5325.7,27725,11678,-7708.4,43290,348095,377,40,1973,-0.28892,1.6353,1.4414
285.68,-2777.6,3226.3,9.9515,-4263.5,167.75,5.8635e+05,14173,1,13614,-806.75,3452.9,-11183,-3971.4,2414.6,15794,5750.7,-3577.1,25296,341272,377,12,1972,-0.26883,1.6387,1.4414
158.31,-2640.5,3040,6.8782,-4019.5,287.37,5.8798e+05,14175,1,14052,1136.4,1432.2,-15631,-6025.4,3807.3,20602,8520,-5679.8,32019,344403,377,40,1973,-0.27888,1.637,1.4414
-1472.5,-1330.3,1538.1,224.67,-1833.3,1700.6,5.889e+05,15445,1,1.1259e+05,9468,14503,-31463,-17449,12992,56444,26717,-17948,1.3661e+05,361111,377,40,1973,-0.32066,1.6383,1.4311
-573.55,-1836.4,2155.7,114.16,-2741.6,905.21,5.8926e+05,15443,1,66969,7650.7,5910.3,-42876,-16985,10138,48423,23364,-16227,99809,357530,377,40,1973,-0.3106,1.6403,1.4311
-189.53,-2281.6,2619.3,26.741,-3427.1,597.17,5.905e+05,15441,1,29623,5543.2,-72.963,-34786,-13066,7615.1,38138,17739,-12267,65320,352685,377,40,1973,-0.30053,1.6421,1.4311
8.0253,-2539.7,2931.2,7.9746,-3854,433.96,5.9031e+05,15439,1,17526,2565.5,653.56,-20976,-8710.1,5704.1,25322,12436,-9097,41727,347685,377,40,1973,-0.29045,1.644,1.4311
-1807.6,-1597.2,1889,289.31,-2230.2,2080.7,5.8934e+05,16717,1,1.3005e+05,9042.6,19117,-25736,-16259,13049,55459,24558,-15855,1.4963e+05,362077,377,40,1973,-0.32234,1.6469,1.4209
546.4,-2526.7,2919.1,-1.4473,-3887.4,-303.99,5.6471e+05,12899,1,13.577,-4814.2,5460.2,4628.5,666.47,-256.94,-5599.3,476.43,-1144,10383,325609,377,80,1981,-0.15685,1.6443,1.4515
538.24,-2432.3,2807.4,-0.99303,-3738.3,-335.15,5.6886e+05,12895,1,34.827,-4813.6,5461.8,4623.3,682.47,-332.9,-5576.5,448.27,-1040.6,10360,325539,377,80,1981,-0.13666,1.6461,1.4515
542.02,-2479.5,2863.2,-1.2734,-3812.8,-319.56,5.6622e+05,12897,1,24.993,-4810.1,5454.6,4617.9,676.28,-299.27,-5571.1,456.52,-1081.6,10353,325519,377,80,1981,-0.14676,1.6452,1.4515
534.81,-2385,2751.6,-0.65771,-3663.7,-350.5,5.6977e+05,12893,1,34.143,-4816.5,5467.9,4639.7,709.41,-400.08,-5607.8,410.39,-955.02,10383,325611,377,80,1981,-0.12656,1.6469,1.4515
531.56,-2337.6,2695.5,-0.40828,-3588.8,-365.42,5.6802e+05,12891,1,34.61,-4814.3,5468.1,4661.6,724.34,-453.66,-5634.7,389.89,-888.08,10403,325672,377,80,1981,-0.11645,1.6476,1.4515
525.86,-2242,2581.4,-0.23239,-3436.7,-394.35,5.6066e+05,12887,1,52.87,-4820.6,5479.8,4717.5,696.62,-478.63,-5712,424.22,-860.52,10478,325917,377,80,1981,-0.096227,1.6489,1.4515
528.5,-2290,2638.8,-0.27522,-3513.1,-379.97,5.6348e+05,12889,1,28.827,-4813.6,5468.4,4682.8,718.51,-472.87,-5665.7,396.51,-865.25,10428,325745,377,80,1981,-0.10634,1.6483,1.4515
474.76,-2841.4,3316.5,-0.81404,-4392.3,-79.207,5.8544e+05,14165,1,789.39,-4807.4,5600.4,3736.6,408.76,125.56,-4572.2,723.51,-1547.3,9647.1,323570,377,80,1981,-0.22853,1.6448,1.4414
470.82,-2878.2,3359.7,0.10936,-4448.7,-52.351,5.8558e+05,14167,1,1477.2,-4776.1,5703,2814.7,154.63,287.97,-3699.4,982.61,-1734.6,9121.8,321915,377,80,1981,-0.23862,1.6434,1.4414
458.92,-2896.8,3386.4,4.8663,-4479.9,-19.907,5.839e+05,14169,1,3422.3,-4656.8,5887.8,-952.71,-507.83,403.98,-135.35,1425.1,-1635.5,8791.5,320548,377,80,1981,-0.2487,1.6419,1.4414
472.1,-2758.7,3219.6,-1.2456,-4264.3,-122.27,5.8077e+05,14161,1,291.68,-4804.9,5534.6,4252.2,496.41,52.111,-5151.4,644.22,-1486.6,10065,324686,377,80,1981,-0.20833,1.6475,1.4414
474.84,-2801.2,3269.3,-1.2427,-4330.1,-102.25,5.842e+05,14163,1,552.05,-4800.3,5574,4042.4,429.74,124.99,-4905.5,717.2,-1568.1,9899.3,324249,377,80,1981,-0.21844,1.6462,1.4414
412.02,-2861.5,3356,16.701,-4429.3,38.924,5.8397e+05,14171,1,8221.3,-3345.7,5301.1,-5120.3,-1952.2,1298.1,6863.9,3096.8,-2285.1,14161,332908,377,12,1972,-0.25877,1.6403,1.4414
467.64,-2714.1,3167.5,-0.95591,-4195,-140.32,5.7485e+05,14159,1,121.95,-4840.1,5553.6,4482.9,555.64,-19.837,-5435.4,590.56,-1421.7,10325,325432,377,80,1981,-0.19822,1.6487,1.4414
462.26,-2667.8,3112.9,-0.83575,-4122.6,-157.1,5.6813e+05,14157,1,22.512,-4874.9,5583.9,4592.9,607.18,-102.09,-5555.1,540.33,-1335.3,10457,325833,377,80,1981,-0.1881,1.6499,1.4414
452.32,-2571.1,2998.8,-0.60508,-3971.4,-190.14,5.6982e+05,14153,1,34.401,-4864.1,5579.4,4687.3,663.89,-215.54,-5659,470.54,-1197.4,10532,326108,377,80,1981,-0.16784,1.6521,1.4414
456.95,-2619.8,3056.3,-0.69305,-4047.6,-173.55,5.6609e+05,14155,1,35.047,-4877.3,5591,4701.4,646.8,-161.11,-5682.6,490.41,-1262,10570,326237,377,80,1981,-0.17797,1.651,1.4414
137.02,-2705.2,3146,5.4223,-4139.1,319.24,5.8933e+05,15437,1,12251,708.06,1598.2,-13609,-5411.2,3536.8,17727,8267.3,-6009.9,28264,342720,377,40,1973,-0.28036,1.6457,1.4311
238.74,-2817.2,3298.5,6.8668,-4338.8,220.47,5.8787e+05,15435,1,9052.6,-1494.2,3429.5,-8141.4,-3007.5,1924.2,11171,5002.9,-3652.2,18388,336934,377,40,1973,-0.27026,1.6474,1.4311
-690.96,-2017.4,2470.1,181.48,-3082.9,1054.2,5.8923e+05,16715,1,72063,4598,10587,-35228,-14545,9161.2,39454,18995,-13357,94650,356924,377,40,1973,-0.31223,1.6489,1.4209
-238.46,-2402,2821.5,52.784,-3652.4,666.97,5.8967e+05,16713,1,31206,1033.1,5478.8,-29330,-11107,6620.3,29619,14955,-11024,57051,351126,377,40,1973,-0.30211,1.6508,1.4209
-29.344,-2617,3063.6,16.754,-4000.1,484.21,5.9008e+05,16711,1,17617,-908.83,4710.3,-16094,-6406,4135.5,18770,9347.3,-7009.9,33754,345079,377,40,1973,-0.29197,1.6526,1.4209
-2126,-1792.7,2113.8,319.58,-2488.2,2430.8,5.8933e+05,17997,1,1.3887e+05,9566.9,20703,-22741,-13834,11091,51552,21419,-13341,1.547e+05,362412,377,40,1973,-0.32401,1.6554,1.4106
-956.73,-2190.8,2667.3,196.31,-3312.8,1347.6,5.8892e+05,17995,1,89339,2842.7,16689,-33566,-14361,9344.9,42212,17929,-11584,1.0921e+05,358542,377,40,1973,-0.31385,1.6574,1.4106
443.63,-2475.1,2885.1,-0.42575,-3820.7,-221.95,5.6724e+05,14149,1,25.312,-4837.9,5554.5,4671.1,685.53,-308.9,-5646.2,450.31,-1094,10484,325936,377,80,1981,-0.14755,1.654,1.4414
447.97,-2523,2941.9,-0.52462,-3896,-206.35,5.7014e+05,14151,1,33.944,-4847.1,5563.2,4667.1,673.5,-262.14,-5647.7,463.1,-1148.3,10497,325977,377,80,1981,-0.1577,1.6531,1.4414
439.43,-2427,2827.9,-0.38467,-3744.9,-237.12,5.6456e+05,14147,1,19.008,-4835.4,5554.1,4685.3,699.28,-362.12,-5671.4,431.51,-1029,10498,325987,377,80,1981,-0.1374,1.6549,1.4414
435.7,-2378.5,2770,-0.47927,-3668.3,-252.17,5.677e+05,14145,1,29.699,-4837.7,5559.7,4717.5,698.79,-386.4,-5730.2,428.69,-998.12,10546,326159,377,80,1981,-0.12724,1.6557,1.4414
432.48,-2330.1,2712.1,-0.52763,-3591.7,-267.13,5.6969e+05,14143,1,37.682,-4840.2,5565.3,4698,693.7,-410.11,-5688.6,434.03,-967.49,10517,326053,377,80,1981,-0.11708,1.6565,1.4414
429.67,-2281.7,2654.4,-0.52218,-3515.2,-281.88,5.7004e+05,14141,1,34.37,-4846,5574.3,4707.7,689.84,-443.86,-5700.9,434.64,-922.76,10533,326112,377,80,1981,-0.10691,1.6572,1.4414
427.13,-2233.3,2596.6,-0.45409,-3438.7,-296.29,5.6807e+05,14139,1,39.815,-4851.1,5582.5,4710.9,681.68,-467.73,-5697.9,443.11,-892.34,10537,326127,377,80,1981,-0.096744,1.6578,1.4414
424.72,-2185,2539,-0.33354,-3362.3,-310.23,5.6468e+05,14137,1,33.58,-4861.2,5590.2,4717.7,673.79,-488.96,-5707.8,452.21,-865.37,10553,326185,377,80,1981,-0.08657,1.6584,1.4414
373.39,-2845.9,3347.3,-0.48682,-4409.3,21.813,5.8607e+05,15427,1,880.97,-4731.9,5608.8,3863.4,349.23,215.9,-4697.4,812.19,-1691.6,9762.5,323882,377,80,1981,-0.22975,1.6535,1.4311
369.06,-2883.9,3392,0.60885,-4467.2,49.176,5.8582e+05,15429,1,1508.5,-4614.2,5587.4,2928.2,163.16,302.59,-3760.8,952.99,-1732.6,9029.5,321538,377,80,1981,-0.23989,1.6521,1.4311
357.57,-2907.1,3423.1,5.0693,-4504.4,81.838,5.8438e+05,15431,1,3315.6,-4211.9,5436.9,-21.011,-626.63,710.94,-365.31,1713.2,-2028.6,8791.5,320549,377,80,1981,-0.25002,1.6506,1.4311
374.28,-2804,3298,-1.2095,-4345.1,-2.1855,5.8561e+05,15425,1,478.72,-4809.7,5635.9,4245.7,445.73,130.58,-5152.9,708.8,-1604.1,10149,324927,377,80,1981,-0.2196,1.6549,1.4311
372.03,-2759.1,3245,-1.6069,-4275.6,-22.951,5.8241e+05,15423,1,264.41,-4852.8,5648.6,4440.6,540.7,20.972,-5380.7,588.62,-1463.5,10343,325490,377,80,1981,-0.20944,1.6562,1.4311
316.95,-2891.7,3403.4,8.9665,-4475.1,137.54,5.8541e+05,15433,1,6398.2,-3336.2,5011.7,-4158.7,-1794.7,1299.2,5682.2,3003.1,-2411.1,12104,330068,377,40,1973,-0.26014,1.649,1.4311
367.72,-2711.9,3189.4,-1.6871,-4202.4,-41.39,5.7724e+05,15421,1,98.815,-4894,5694,4648.2,594.53,-41.167,-5631.3,538.18,-1410.9,10599,326347,377,80,1981,-0.19927,1.6575,1.4311
362.33,-2664,3132.9,-1.63,-4127.9,-58.245,5.705e+05,15419,1,24.51,-4890.4,5664.1,4640.2,658.63,-146.61,-5613,437.45,-1251.5,10547,326162,377,80,1981,-0.1891,1.6587,1.4311
356.79,-2615.2,3075.3,-1.5222,-4052,-74.455,5.6645e+05,15417,1,32.447,-4883.1,5667.5,4732.6,677.58,-193.88,-5717.6,420.49,-1203.2,10638,326496,377,80,1981,-0.17892,1.6598,1.4311
351.88,-2566.2,3017.6,-1.3057,-3975.8,-90.709,5.6715e+05,15415,1,45.58,-4874.7,5662.6,4731.9,675.49,-225.76,-5693.8,420.64,-1160,10615,326409,377,80,1981,-0.16873,1.6609,1.4311
347.62,-2517.4,2960.1,-1.0327,-3899.9,-107,5.6877e+05,15413,1,49.203,-4873.6,5665,4725.2,683.45,-269.89,-5706.2,402.28,-1099.7,10614,326407,377,80,1981,-0.15853,1.6619,1.4311
96.704,-2753.6,3237.5,7.9527,-4235.3,367.1,5.8968e+05,16709,1,10949,-1695.8,4160.1,-10193,-3912.5,2536.3,13044,6324.4,-4782.3,22332,339572,377,40,1973,-0.28183,1.6543,1.4209
181.69,-2850,3364.8,5.4308,-4404.3,282.08,5.8852e+05,16707,1,7131.9,-2306.7,4063.1,-7159.6,-2646.5,1708,9299.7,4626.6,-3604.6,15961,334782,377,40,1973,-0.27167,1.656,1.4209
233.95,-2907.9,3441.9,4.0995,-4506.5,222.04,5.8687e+05,16705,1,5084.2,-3257.8,4740.8,-3469.8,-1432,1020.8,4579.9,2930.4,-2560.6,10497,325980,377,40,1973,-0.26151,1.6577,1.4209
-402.38,-2504.2,2981.4,78.402,-3820.9,846.62,5.8859e+05,17993,1,40571,-2126.9,11296,-22925,-9353.3,6040.7,22908,11833,-8967.2,56328,350979,377,40,1973,-0.30367,1.6593,1.4106
-139.16,-2683.6,3177.2,29.354,-4117.1,603.95,5.8884e+05,17991,1,18717,-2586.5,6943.1,-12481,-5077.5,3388.8,14431,7623.3,-5986.4,30007,343559,377,40,1973,-0.29349,1.6611,1.4106
-2559.7,-2014.6,2376.2,367.76,-2778.1,2899,5.8943e+05,19285,1,1.5708e+05,6491.2,29011,-12651,-12676,12128,51093,20200,-12021,1.7085e+05,363452,377,40,1973,-0.32567,1.6639,1.4002
-1265.8,-2330.6,2867.3,241.7,-3519,1677.3,5.8899e+05,19283,1,95940,1035.8,20515,-27040,-11201,7218.8,35631,14574,-9255.8,1.1001e+05,358620,377,40,1973,-0.31545,1.6659,1.4002
343.65,-2468.4,2902.3,-0.86756,-3823.6,-122.96,5.696e+05,15411,1,55.837,-4872.5,5674.6,4741,691.11,-315.14,-5718,383.63,-1035.9,10626,326445,377,80,1981,-0.14833,1.6628,1.4311
339.88,-2419.6,2844.6,-0.65857,-3747.4,-138.51,5.6916e+05,15409,1,30.043,-4857.8,5643.1,4700.1,710.58,-368.25,-5666.2,365.97,-975.42,10553,326187,377,80,1981,-0.13813,1.6637,1.4311
336.15,-2371.2,2787.3,-0.39606,-3671.6,-153.48,5.6648e+05,15407,1,28.371,-4848.6,5636.9,4714.6,704.37,-394.85,-5698,383.09,-956.89,10568,326228,377,80,1981,-0.12792,1.6645,1.4311
332.61,-2322.7,2729.7,-0.23436,-3595.6,-168.02,5.6495e+05,15405,1,15.467,-4854.1,5654.7,4716.9,702.02,-431.88,-5699.4,383.05,-911.91,10580,326284,377,80,1981,-0.1177,1.6653,1.4311
329.36,-2274.1,2671.7,-0.19459,-3519.2,-182.27,5.6689e+05,15403,1,9.4714,-4863.1,5661.8,4720.7,694.44,-454.1,-5718.8,405.09,-900.51,10600,326350,377,80,1981,-0.10748,1.666,1.4311
326.39,-2225.3,2613.3,-0.16594,-3442.2,-196.19,5.6791e+05,15401,1,6.685,-4878.7,5681.8,4743.8,692.54,-484.27,-5739.4,412.13,-869.57,10638,326494,377,80,1981,-0.097257,1.6666,1.4311
323.62,-2176.2,2554.5,-0.15048,-3364.8,-209.74,5.6889e+05,15399,1,-0.34575,-4897.4,5698.1,4750.9,693.47,-521.74,-5752.9,414.57,-827.5,10664,326593,377,80,1981,-0.08703,1.6672,1.4311
271.25,-2887.7,3421.5,0.13093,-4483,146.52,5.8608e+05,16701,1,1279.8,-4615.6,5613,3385.5,268.01,255.77,-4119.9,878.28,-1719.3,9313.8,322558,377,80,1981,-0.24114,1.6608,1.4209
275.78,-2849.1,3376.7,-0.72515,-4425.1,118.94,5.8538e+05,16699,1,834.74,-4708,5645.2,3907.3,346.99,228.86,-4709.8,797.34,-1697.8,9791.3,323961,377,80,1981,-0.23095,1.6622,1.4209
274.93,-2807,3327.7,-1.0201,-4361.1,96.692,5.8364e+05,16697,1,459.49,-4789.2,5684.8,4313.8,460.4,132.53,-5214.7,648.24,-1571.8,10217,325132,377,80,1981,-0.22075,1.6636,1.4209
260.47,-2915.1,3453.6,2.2201,-4523.4,179.04,5.8574e+05,16703,1,2245.1,-4333.8,5464.3,1298.8,-165.54,417.54,-1628.3,1327.8,-1833.2,8791.5,320550,377,80,1981,-0.25133,1.6592,1.4209
270.97,-2760.7,3273.6,-0.92044,-4290.2,77.516,5.786e+05,16695,1,208.29,-4852.8,5705.7,4547.4,540.27,39.812,-5499.7,581.13,-1491.3,10485,325939,377,80,1981,-0.21053,1.6649,1.4209
265.81,-2711.9,3216,-1.0117,-4214.7,59.797,5.7292e+05,16693,1,72.423,-4889.1,5750.2,4735.4,616.55,-52.326,-5736,447.85,-1338.7,10709,326765,377,80,1981,-0.20031,1.6662,1.4209
260.45,-2662.5,3157.6,-1.0258,-4138.2,42.803,5.694e+05,16691,1,42.183,-4902.7,5753.5,4754.5,631.64,-102.77,-5743,464.7,-1314.7,10728,326842,377,80,1981,-0.19009,1.6674,1.4209
255.61,-2612.7,3098.8,-1.0208,-4061.2,25.865,5.7049e+05,16689,1,74.646,-4880.6,5752.7,4788.6,656.55,-165.26,-5772.7,437.61,-1246.8,10741,326900,377,80,1981,-0.17985,1.6685,1.4209
251.05,-2563.1,3040,-1.0824,-3984.2,9.2807,5.7009e+05,16687,1,53.554,-4867.2,5720.8,4762.9,641.93,-188.16,-5763.8,476,-1243.1,10703,326742,377,80,1981,-0.16961,1.6696,1.4209
246.58,-2513.5,2981,-1.2065,-3907,-6.7776,5.6795e+05,16685,1,36.341,-4863.2,5722.1,4779,637.13,-213.04,-5802.6,469.79,-1203.3,10725,326833,377,80,1981,-0.15936,1.6706,1.4209
242.29,-2463.9,2922,-1.2772,-3829.7,-22.408,5.6726e+05,16683,1,47.124,-4863.1,5725.5,4780.3,629.3,-232.76,-5787.1,478.25,-1177.1,10716,326791,377,80,1981,-0.14911,1.6715,1.4209
95.244,-2877.7,3426.1,7.4899,-4459.8,371.87,5.8879e+05,17987,1,7760.9,-3486.7,5627.5,-6014,-2438.2,1703.7,7772.3,4394.5,-3667.7,15564,334417,377,40,1973,-0.27308,1.6646,1.4106
6.7375,-2798.6,3321.3,13.266,-4318.4,463.36,5.8909e+05,17989,1,12009,-3068.6,6045.5,-8880.6,-3687,2556.8,11179,5977.6,-4795.1,21746,339253,377,40,1973,-0.28329,1.6629,1.4106
143.82,-2920.7,3482.8,3.7694,-4536.8,313.06,5.8836e+05,17985,1,3998.3,-4124.8,5627.8,-1536,-867.17,733.74,1913.3,2302.7,-2359.6,9102.4,321850,377,40,1973,-0.26286,1.6663,1.4106
-615.8,-2603.3,3137.8,109.04,-3979.4,1074.4,5.8832e+05,19281,1,48209,-2541.7,13603,-19162,-7592.6,4839.2,19108,9949.5,-7657.7,59048,351501,377,40,1973,-0.30523,1.6678,1.4002
-288.66,-2751.2,3295.6,48.229,-4234.3,762.93,5.879e+05,19279,1,26880,-4284.6,10825,-11152,-5148,3770.4,12107,7434.9,-6296.7,35562,345723,377,40,1973,-0.29499,1.6696,1.4002
-115.72,-2843.6,3406.3,22.518,-4399,591.62,5.8786e+05,19277,1,13459,-4037.4,7555.9,-7060.9,-3091.7,2247.3,8739.6,5263.1,-4495.9,21055,338804,377,40,1973,-0.28474,1.6714,1.4002
-3129.1,-2179.1,2501.8,389.72,-2910.4,3489.4,5.8944e+05,20581,1,1.6335e+05,4004.3,33749,-6873.4,-9320.3,9650.3,49962,15039,-6305.2,1.7558e+05,363709,377,40,1973,-0.32731,1.6723,1.3897
-1653,-2418.2,2987.5,285.18,-3622.4,2074.1,5.8911e+05,20579,1,1.0976e+05,-906.51,26284,-22468,-8547.2,5175.2,34147,11940,-6551.6,1.2122e+05,359769,377,40,1973,-0.31705,1.6743,1.3897
-877.49,-2674,3249.8,138.03,-4081,1344.5,5.8834e+05,20577,1,58513,-4679.1,18646,-17732,-6580.2,4000.6,18187,8468,-6175.9,67880,353168,377,40,1973,-0.30677,1.6762,1.3897
238.59,-2414,2862.7,-1.2916,-3752.1,-38.031,5.6917e+05,16681,1,48.394,-4865.9,5732.2,4780.6,630.95,-275.18,-5772.7,476.38,-1125.5,10709,326766,377,80,1981,-0.13885,1.6724,1.4209
235.33,-2364.2,2803.4,-1.2548,-3674.4,-53.485,5.7058e+05,16679,1,36.658,-4867,5735.5,4783.3,649.41,-337.18,-5781.7,449.24,-1046.4,10711,326777,377,80,1981,-0.12859,1.6732,1.4209
231.92,-2314.7,2744.7,-1.1012,-3597.3,-68.148,5.7029e+05,16677,1,8.375,-4868.3,5736.7,4755.8,658.59,-379.43,-5729.8,435.13,-990.72,10668,326604,377,80,1981,-0.11832,1.674,1.4209
228.43,-2265.5,2686.4,-0.79464,-3520.6,-82.098,5.6781e+05,16675,1,-4.6425,-4869.7,5734.2,4759.9,678.74,-434.83,-5744.8,408.77,-921.41,10673,326620,377,80,1981,-0.10804,1.6747,1.4209
225.16,-2216.2,2627.7,-0.54365,-3443.5,-95.665,5.6599e+05,16673,1,-20.86,-4872.3,5755.4,4793.1,683.13,-476.48,-5789.3,408.75,-882.4,10724,326825,377,80,1981,-0.097767,1.6753,1.4209
222.11,-2166.6,2568.5,-0.41884,-3365.9,-108.85,5.6651e+05,16671,1,-22.977,-4879.1,5748.5,4785.5,697.44,-529.94,-5788.8,387.48,-809.84,10716,326789,377,80,1981,-0.087486,1.6759,1.4209
171.2,-2893.4,3453,-0.38499,-4501.5,246.34,5.8835e+05,17981,1,1235.1,-4615.4,5681.3,3209.5,206.74,306.76,-3878.6,951.93,-1794.4,9203.9,322199,377,80,1981,-0.24239,1.6694,1.4106
173.81,-2854,3407.3,-1.1655,-4442.6,220.6,5.876e+05,17979,1,782.75,-4766.6,5763.7,4021.6,350.36,245.5,-4859.6,777.77,-1716.6,10004,324514,377,80,1981,-0.23215,1.6708,1.4106
173.05,-2808.7,3354.1,-1.8622,-4373.7,197.91,5.8456e+05,17977,1,443.88,-4840.3,5815.7,4494.2,441.57,186.83,-5451.3,680.46,-1670.2,10528,326091,377,80,1981,-0.22189,1.6722,1.4106
169.79,-2759.7,3296.1,-2.3215,-4298.5,177.77,5.782e+05,17975,1,176.83,-4890.9,5830.1,4719,524.67,85.987,-5716.9,574.8,-1540.7,10765,327002,377,80,1981,-0.21162,1.6735,1.4106
163.61,-2921.8,3485.5,0.94182,-4542.7,275.81,5.8821e+05,17983,1,2009.8,-4436.9,5609,1349.8,-106.63,362.48,-1651.4,1308.8,-1837.3,8791.5,320551,377,80,1981,-0.25263,1.6678,1.4106
164.31,-2710.1,3237.4,-2.5219,-4222.2,160.36,5.7113e+05,17973,1,42.418,-4908.5,5827.7,4784.9,588.69,-18.824,-5772.6,489.97,-1401.3,10809,327181,377,80,1981,-0.20135,1.6748,1.4106
158.49,-2659.8,3178.6,-2.0628,-4145.2,143.81,5.6691e+05,17971,1,68.975,-4897.6,5834.2,4863.9,605.85,-63.052,-5837.6,494.37,-1377.4,10875,327405,377,80,1981,-0.19107,1.676,1.4106
149.51,-2559.5,3061.5,-1.1702,-3991.8,109.95,5.7109e+05,17967,1,82.638,-4871.6,5798.8,4776.6,638.37,-178.28,-5756.4,446.74,-1230,10746,326927,377,80,1981,-0.17049,1.6782,1.4106
153.7,-2609.5,3120.1,-1.475,-4068.5,126.85,5.6881e+05,17969,1,87.429,-4874.7,5814.9,4816.3,631.84,-137.51,-5765.5,453.21,-1275.5,10783,327081,377,80,1981,-0.18078,1.6771,1.4106
145.3,-2509.8,3002.7,-1.1061,-3915,93.692,5.6949e+05,17965,1,52.897,-4867.3,5800.8,4788.3,629.58,-205.69,-5787.2,470.27,-1217,10766,327006,377,80,1981,-0.16019,1.6792,1.4106
141.16,-2460,2943.6,-1.0321,-3838,77.978,5.6825e+05,17963,1,42.364,-4859,5785.7,4787.4,619.45,-232.51,-5779.8,501.72,-1205.9,10750,326955,377,80,1981,-0.14988,1.6802,1.4106
-13.507,-2903.4,3485.7,12.091,-4510.7,483.35,5.8777e+05,19275,1,7600.9,-4117.7,6411.2,-3746,-1580,1153.7,4673.4,3288.9,-3013.7,13245,331667,377,40,1973,-0.27447,1.6731,1.4002
63.214,-2927.9,3518.3,0.91759,-4562.2,375.99,5.8889e+05,19271,1,2198.8,-4617.3,5930.5,1751.2,-155.11,499.27,-2191.1,1394,-2061.7,8791.5,320552,377,80,1981,-0.25392,1.6764,1.4002
40.762,-2933.8,3525,5.1685,-4567.3,416.9,5.8808e+05,19273,1,4424.7,-4385,6086.8,-1060.4,-822.73,777.71,1230.8,2244.3,-2444.3,9528.3,323196,377,40,1973,-0.2642,1.6748,1.4002
-266.3,-2879.2,3480.1,34.567,-4462.5,746.04,5.87e+05,20573,1,19943,-5307.2,10567,-5464.6,-2872,2333.9,6932.3,5017.3,-4622.8,25994,341644,377,40,1973,-0.28617,1.6798,1.3897
-489.2,-2811.8,3391.7,63.748,-4324.6,970.95,5.8752e+05,20575,1,30610,-5264,12925,-9216.7,-4239.3,3137.9,10077,6240.8,-5375.4,37602,346396,377,40,1973,-0.29648,1.6781,1.3897
-134.56,-2924.8,3541.7,18.647,-4555,606.26,5.8683e+05,20571,1,11707,-4567.7,7877.8,-3421.9,-1719.7,1392.7,4294.8,3711.4,-3626.9,16792,335493,377,40,1973,-0.27586,1.6816,1.3897
-2178.9,-2510.8,3096,336.42,-3704.3,2608,5.8933e+05,21881,1,1.2833e+05,-4423.2,35249,-16926,-7919.2,5748,37585,10294,-3790.3,1.4017e+05,361380,377,40,1973,-0.31863,1.6826,1.3793
-3817.1,-2349.8,2587.3,397.96,-3001.6,4197.4,5.894e+05,21883,1,1.7091e+05,-2419.7,43778,198.86,-7761.2,9555.9,50881,11518,-1867.2,1.8441e+05,364149,377,40,1973,-0.32894,1.6806,1.3793
-1232.6,-2737.1,3359.9,183.48,-4166.4,1705.2,5.886e+05,21879,1,76477,-6607.6,25325,-15615,-5200,2846.2,18030,7027.2,-4526.9,84898,355693,377,40,1973,-0.3083,1.6846,1.3793
-738.18,-2860.7,3482.9,90.715,-4399,1224.6,5.8767e+05,21877,1,36517,-6717,16112,-8279.2,-3592,2583.4,8980,5631.1,-4922.5,43162,348055,377,40,1973,-0.29795,1.6864,1.3793
133.38,-2359.9,2825.1,-0.62523,-3683.1,47.833,5.6805e+05,17959,1,22.89,-4868.8,5812.7,4839.5,633.98,-310.61,-5852.3,472.89,-1103.4,10821,327217,377,80,1981,-0.12925,1.6819,1.4106
137.16,-2410,2884.6,-0.78053,-3760.9,62.716,5.6754e+05,17961,1,32.172,-4864.7,5808,4817.5,629.88,-270.99,-5809.9,479.7,-1151.8,10788,327103,377,80,1981,-0.13957,1.6811,1.4106
129.78,-2309.3,2764.7,-0.65426,-3604.4,33.358,5.702e+05,17957,1,7.6935,-4878.3,5815.1,4836.5,632.57,-349.35,-5849.5,482.58,-1064.4,10822,327219,377,80,1981,-0.11893,1.6827,1.4106
126.46,-2258.5,2704,-0.64502,-3525.4,19.21,5.7099e+05,17955,1,-3.2994,-4875.9,5819.3,4848.4,659.81,-420.05,-5863.4,438.63,-967.82,10829,327258,377,80,1981,-0.1086,1.6834,1.4106
123.32,-2208,2643.7,-0.59379,-3446.7,5.5233,5.7026e+05,17953,1,-15.818,-4873.9,5817.9,4839.2,664.93,-456.58,-5856.9,429.54,-921,10817,327201,377,80,1981,-0.098273,1.684,1.4106
120.26,-2157.7,2583.5,-0.52965,-3368.2,-7.6077,5.6833e+05,17951,1,-27.599,-4870.2,5819.8,4835,666.07,-491.92,-5849.4,427.28,-878.82,10808,327179,377,80,1981,-0.087939,1.6846,1.4106
117.38,-2107.4,2523.3,-0.45956,-3289.6,-20.308,5.6592e+05,17949,1,-38.203,-4869.8,5803.6,4818.8,672.87,-537.57,-5828.3,417.49,-817.77,10778,327056,377,80,1981,-0.077601,1.6851,1.4106
72.384,-2858.4,3438.4,-1.2725,-4460.3,321.68,5.879e+05,19267,1,663.77,-4810.5,5881.4,4117.1,359.3,254.15,-4956.2,772.47,-1751,10176,325017,377,80,1981,-0.23333,1.6794,1.4002
71.012,-2898,3484.1,-0.70081,-4519.1,346.16,5.8914e+05,19269,1,1130.4,-4717.6,5852,3343.2,217.51,319.68,-4018.7,941.17,-1825.4,9459,322979,377,80,1981,-0.24363,1.6779,1.4002
70.078,-2813.1,3385.6,-1.4942,-4392.1,300.56,5.8376e+05,19265,1,306.39,-4898.6,5930,4616.3,455.64,181.54,-5572.4,662.4,-1674.3,10728,326847,377,80,1981,-0.22302,1.6808,1.4002
60.415,-2712.3,3267,-1.6493,-4238.4,263.77,5.7154e+05,19261,1,74.569,-4945.1,5943.9,4904.8,520.86,82.085,-5931.9,604.74,-1580.2,11053,327940,377,80,1981,-0.20238,1.6834,1.4002
65.953,-2763.5,3327.5,-1.5724,-4316.8,281.26,5.7756e+05,19263,1,136.47,-4946.1,5971,4851.4,507.21,123.41,-5864.1,588.63,-1594.3,11010,327835,377,80,1981,-0.21271,1.6821,1.4002
55.52,-2659.8,3205,-1.7222,-4158,246.11,5.7162e+05,19259,1,138.53,-4916.3,5946.4,4986.5,567.37,1.4364,-5996,530.84,-1464.1,11096,328070,377,80,1981,-0.19205,1.6846,1.4002
51.36,-2607.9,3143.8,-1.689,-4078.6,228.43,5.7198e+05,19257,1,104.29,-4888.6,5891.7,4895.9,569.67,-46.542,-5891.9,544.56,-1423,10952,327668,377,80,1981,-0.18171,1.6857,1.4002
46.92,-2556.9,3083.5,-1.5954,-4000.4,211.74,5.7051e+05,19255,1,76.346,-4888.3,5898.6,4859.4,595.44,-122.4,-5850.3,504.37,-1324,10905,327517,377,80,1981,-0.17136,1.6868,1.4002
42.471,-2506.3,3023.9,-1.3816,-3922.8,195.72,5.6888e+05,19253,1,59.045,-4891.5,5903.3,4832.3,618.33,-189.6,-5816.9,481.86,-1250,10871,327393,377,80,1981,-0.16101,1.6878,1.4002
38.478,-2455.6,2964,-1.1762,-3845,179.86,5.6937e+05,19251,1,51.9,-4890.2,5904,4852.2,634.32,-242.94,-5849.3,468.73,-1194.9,10892,327474,377,80,1981,-0.15065,1.6888,1.4002
-69.104,-2948,3568.4,7.0394,-4599,527.64,5.8756e+05,20569,1,5214.1,-4492.7,6445.5,-568.76,-800.56,854.83,292.14,2279.1,-2698.1,10157,324961,377,40,1973,-0.26554,1.6832,1.3897
-33.576,-2904.6,3517,-1.0272,-4539.1,450.6,5.8965e+05,20565,1,1259.1,-4813.4,6059.1,3515.1,126.08,466.95,-4237.5,1046.8,-2016.3,9857.7,324136,377,80,1981,-0.24486,1.6864,1.3897
-42.612,-2937.5,3555,1.0516,-4586.5,482.06,5.8923e+05,20567,1,2426.2,-4673.2,6114.4,2129.7,-204.18,635.13,-2706.4,1426.9,-2223.2,9186.7,322157,377,40,1973,-0.2552,1.6848,1.3897
-443.06,-2910.7,3553.9,52.451,-4521,925.58,5.8692e+05,21875,1,24971,-5060.1,11434,-3309.7,-1775.3,1483.1,4880.2,4004.1,-3886,29175,343160,377,40,1973,-0.2876,1.6882,1.3793
-261.4,-2942.6,3601.3,30.373,-4599.6,734.32,5.865e+05,21873,1,11948,-3855.1,7127.5,-2278.1,-1020.5,792.82,2030.6,2970.9,-3230.1,15449,334287,377,40,1973,-0.27724,1.6899,1.3793
-2855.7,-2569.8,3129.8,387.87,-3690.5,3283.9,5.8954e+05,23189,1,1.3429e+05,-7628.5,40808,-13870,-4642.2,2528.6,37029,7301.7,-351.89,1.463e+05,361831,377,40,1973,-0.32019,1.6909,1.3687
-1060.9,-2899,3555.9,123.53,-4445.1,1549.2,5.8808e+05,23185,1,52047,-8910,22482,-7655.2,-2598,1523.2,8704.1,4473,-3619.4,58909,351485,377,40,1973,-0.29942,1.6947,1.3687
-1691.8,-2773.2,3431.9,239.57,-4194.4,2163.4,5.8901e+05,23187,1,88094,-9309.7,31583,-15142,-3852.8,1318.9,19414,5975.3,-2955.8,97529,357251,377,40,1973,-0.30981,1.6929,1.3687
-3740.8,-2618.9,3064.6,416.5,-3569.6,4162.7,5.8962e+05,24505,1,1.6105e+05,-13701,55441,-4724,-4432.1,4442.9,49615,2935.8,8170.4,1.7724e+05,363804,377,40,1973,-0.32175,1.6991,1.3581
27.165,-2302.4,2782,-0.91418,-3608.8,135.23,5.6729e+05,19245,1,6.4532,-4880.7,5901.3,4887.4,659.87,-377.53,-5909.7,440.1,-1040.4,10923,327584,377,80,1981,-0.11954,1.6913,1.4002
30.913,-2353.4,2842.5,-1.0751,-3687.4,149.5,5.6852e+05,19247,1,19.233,-4889.5,5912.6,4877.6,650.55,-329.38,-5891.7,453.92,-1101,10923,327585,377,80,1981,-0.12991,1.6905,1.4002
34.692,-2404.4,2903.2,-1.1308,-3766.2,164.37,5.6996e+05,19249,1,37.3,-4884.3,5891.2,4861.6,656.51,-308.15,-5876.9,434.21,-1107.6,10894,327478,377,80,1981,-0.14028,1.6897,1.4002
23.708,-2251.3,2721.1,-0.75666,-3529.6,121.28,5.6789e+05,19243,1,-2.9427,-4876.7,5885.3,4883.1,659.31,-411.91,-5899.6,434.4,-988.05,10901,327506,377,80,1981,-0.10916,1.692,1.4002
20.513,-2200.1,2660.1,-0.61623,-3450.4,107.7,5.6873e+05,19241,1,-9.455,-4873.6,5890.9,4880.3,660.5,-454.14,-5904.2,433.63,-940.79,10902,327509,377,80,1981,-0.098775,1.6926,1.4002
17.571,-2149.1,2599.1,-0.53155,-3371.2,94.488,5.6991e+05,19239,1,-16.837,-4868.5,5886.4,4871.7,661.88,-492.88,-5893,431,-893.2,10885,327458,377,80,1981,-0.088388,1.6932,1.4002
14.883,-2098.2,2538.1,-0.45816,-3292.1,81.655,5.6961e+05,19237,1,-27.96,-4862.5,5880.5,4866.1,660.57,-527.98,-5887.8,433.75,-852.7,10872,327395,377,80,1981,-0.077997,1.6937,1.4002
-31.945,-2862.7,3468.4,-1.8805,-4477.2,425.61,5.879e+05,20563,1,647.29,-4900.3,6074.3,4304.6,319.58,338.42,-5174.1,833.4,-1888.8,10541,326137,377,80,1981,-0.23451,1.6878,1.3897
-33.951,-2815.5,3413.1,-2.3283,-4406.2,404.01,5.8245e+05,20561,1,348.98,-4934.3,6047.2,4596.2,430.2,221.26,-5550.2,686.35,-1731.3,10801,327153,377,80,1981,-0.22415,1.6892,1.3897
-38.788,-2764.9,3353.5,-2.5305,-4329.4,385.35,5.7385e+05,20559,1,148.33,-4979.1,6079.8,4885.5,491.53,159.9,-5909.9,617.46,-1668.1,11136,328202,377,80,1981,-0.21378,1.6906,1.3897
-44.567,-2712.6,3291.5,-2.6392,-4249.6,368.03,5.6952e+05,20557,1,117.19,-4974.4,6073.2,5002.1,533.77,82.525,-6022.3,576.09,-1583.6,11228,328417,377,80,1981,-0.2034,1.6919,1.3897
-52.668,-2607.6,3169.3,-1.658,-4091,331.82,5.7163e+05,20553,1,143.68,-4941.9,6044.1,4987.4,555.57,-21.781,-5998.7,561.62,-1473.1,11164,328276,377,80,1981,-0.18263,1.6942,1.3897
-48.892,-2659.9,3230.4,-2.109,-4170.2,349.87,5.7082e+05,20555,1,174.37,-4949.4,6054.2,4992.4,536.62,39.882,-5950.1,591.69,-1547.8,11160,328260,377,80,1981,-0.19302,1.6931,1.3897
-56.866,-2555.3,3107.7,-1.5021,-4011.4,314.83,5.7037e+05,20551,1,94.386,-4935.7,6041,4985,595.3,-112.52,-5997.7,506.16,-1357.8,11142,328217,377,80,1981,-0.17223,1.6953,1.3897
-61.289,-2503.2,3046.4,-1.1808,-3932.1,298.72,5.6816e+05,20549,1,57.194,-4913.5,5991.8,4896.6,614.59,-179.67,-5882.4,490.27,-1280.6,10996,327794,377,80,1981,-0.16182,1.6963,1.3897
-65.474,-2451.5,2985.5,-0.82238,-3853.2,283.03,5.6733e+05,20547,1,51.696,-4924.1,6027.1,4934.7,649.37,-252.02,-5936.2,435.87,-1184.8,11056,327947,377,80,1981,-0.15141,1.6973,1.3897
-69.449,-2399.7,2924.3,-0.64801,-3774,267.76,5.6838e+05,20545,1,51.489,-4914.8,6011,4920.4,659.94,-307.48,-5941.2,423.44,-1119.6,11035,327891,377,80,1981,-0.14099,1.6982,1.3897
-149.65,-2950.1,3595.8,1.2832,-4616,589.77,5.8922e+05,21869,1,2516.5,-4684.5,6222.4,2392.1,-215.13,704.55,-3266.3,1479.8,-2420.3,9590.5,323395,377,80,1981,-0.25648,1.6932,1.3793
-177.72,-2962.7,3616.3,10.738,-4634.7,637.21,5.87e+05,21871,1,6041.4,-4171.8,6295.8,-246.75,-717.14,825.77,-611.81,2197.7,-2807.7,10387,325620,377,40,1973,-0.26686,1.6916,1.3793
-139.74,-2913.3,3553.3,-0.90915,-4563.2,556.91,5.8946e+05,21867,1,1184.3,-4863.7,6181.4,3896.1,160.45,493.49,-4681.8,1026,-2088.8,10298,325343,377,80,1981,-0.24608,1.6948,1.3793
-666.75,-2936.5,3619.6,75.051,-4565.1,1150.4,5.8722e+05,23183,1,33054,-6417.6,14969,-2276,-1489.2,1360.3,4406.8,3772.3,-3740.8,37613,346402,377,40,1973,-0.28902,1.6965,1.3687
-395.53,-2951.7,3661,49.265,-4638.5,868.16,5.8663e+05,23181,1,21320,-4669.2,10184,-1774.4,-867.55,715.92,1891.1,3224,-3609.7,24728,340977,377,40,1973,-0.2786,1.6983,1.3687
-287.1,-2976.7,3665.8,15.612,-4671.4,747.44,5.8653e+05,23179,1,6878.9,-4242.4,6615.5,-384.37,-589.92,648.65,-1195.9,2214.8,-2973.3,11188,328330,377,47,1975,-0.26818,1.6999,1.3687
-2319.8,-2782.8,3462.4,314.16,-4155.8,2782.9,5.8946e+05,24503,1,1.1093e+05,-12932,41757,-13324,-2867.8,530.85,27082,3190.7,2275.4,1.2309e+05,359950,377,40,1973,-0.31132,1.7011,1.3581
-958.7,-2957.7,3683,108.36,-4597.9,1441.8,5.8782e+05,24499,1,46172,-7373.7,19167,-2056.9,-761.22,505.23,5232.7,3148,-2822.5,51029,349942,377,40,1973,-0.29042,1.7048,1.3581
-1486.5,-2919.5,3616.9,176.34,-4460.5,1971.8,5.8868e+05,24501,1,66962,-10376,27920,-8081.4,-1615.5,211.13,9959.8,3369.5,-1992.5,74522,354229,377,40,1973,-0.30088,1.703,1.3581
-73.06,-2347.9,2862.8,-0.47335,-3694.5,252.75,5.6937e+05,20543,1,36.251,-4896.4,5990.1,4923.4,672.75,-366.31,-5947.7,405.95,-1047.1,11015,327848,377,80,1981,-0.13057,1.699,1.3897
-76.52,-2295.9,2800.8,-0.43921,-3614.5,238.2,5.6937e+05,20541,1,21.624,-4885.2,5977.2,4932.7,674.89,-399.19,-5974.6,399.59,-1004.7,11018,327853,377,80,1981,-0.12014,1.6998,1.3897
-79.811,-2244,2738.7,-0.45666,-3534.4,224.12,5.6836e+05,20539,1,11.411,-4874.8,5965.9,4922.9,672.16,-433.92,-5953.3,406.18,-966.7,10990,327779,377,80,1981,-0.10971,1.7005,1.3897
-85.747,-2140.5,2614.8,-0.43502,-3374.5,197.22,5.6768e+05,20535,1,-11.365,-4862.5,5953.4,4909.4,668.74,-505.12,-5936.7,414.77,-887.25,10959,327698,377,80,1981,-0.088834,1.7017,1.3897
-82.861,-2192.1,2676.6,-0.50508,-3454.3,210.43,5.6839e+05,20537,1,-0.30466,-4866.7,5957.4,4919.4,667.8,-466.02,-5960.5,414.14,-932.72,10982,327755,377,80,1981,-0.099274,1.7011,1.3897
-88.433,-2088.9,2553.1,-0.31834,-3294.8,184.44,5.6797e+05,20533,1,-17.675,-4856.6,5955.3,4902.6,674.32,-553.93,-5926.3,405.7,-827.59,10946,327651,377,80,1981,-0.078391,1.7022,1.3897
-141.08,-2820.6,3446.1,-1.6492,-4426.1,510.88,5.8178e+05,21863,1,298.44,-5017.4,6212.2,4745.8,431.96,241.88,-5711.5,706.13,-1796.6,11089,328055,377,80,1981,-0.22527,1.6977,1.3793
-137.96,-2869.2,3502.3,-1.6745,-4498.3,531.5,5.8759e+05,21865,1,617.24,-4988.4,6254.8,4505.6,331.57,361.98,-5400.3,810.78,-1922.7,10883,327451,377,80,1981,-0.23568,1.6962,1.3793
-146,-2768.2,3384.5,-1.7011,-4347.1,492.13,5.7467e+05,21861,1,152.44,-5049.4,6250.1,5017.7,528.79,127.24,-6056.1,566.72,-1638.8,11390,328756,377,80,1981,-0.21485,1.699,1.3793
-155.29,-2661.2,3258.8,-1.4199,-4185.5,455.72,5.7337e+05,21857,1,195.6,-4999.3,6195.3,5079,558.59,24.971,-6085.8,553.11,-1537.6,11368,328714,377,80,1981,-0.19398,1.7015,1.3793
-151.14,-2715,3321.8,-1.6993,-4266.6,474.13,5.7191e+05,21859,1,158.63,-5021.9,6214.6,5065.3,538.39,86.553,-6092.1,578.08,-1614.6,11396,328766,377,80,1981,-0.20442,1.7003,1.3793
-159.14,-2607.3,3195.3,-1.3884,-4103.9,437.65,5.7296e+05,21855,1,164.91,-4994.1,6187.5,5084.3,575.17,-33.548,-6137.6,517.38,-1455.2,11379,328736,377,80,1981,-0.18354,1.7027,1.3793
-163.09,-2553.7,3131.8,-1.3994,-4022.3,420.35,5.7131e+05,21853,1,138.28,-4988.3,6179.1,5070.6,580.88,-74.864,-6119.1,507.64,-1402.4,11349,328676,377,80,1981,-0.17309,1.7038,1.3793
-166.88,-2499.7,3067.9,-1.3157,-3940.3,403.51,5.7016e+05,21851,1,112.49,-4955.2,6138.3,5050.4,615.75,-165.33,-6087.7,449.66,-1273.9,11271,328518,377,80,1981,-0.16263,1.7048,1.3793
-170.92,-2446.4,3004.9,-1.1268,-3859.1,387.62,5.6741e+05,21849,1,72.146,-4912.8,6084.2,4994.2,653.47,-263.2,-6017.6,392.24,-1141.8,11147,328229,377,80,1981,-0.15216,1.7058,1.3793
-177.9,-2341.1,2879.6,-1.0635,-3698.2,356.76,5.6976e+05,21845,1,65.803,-4894.2,6070.6,4971.2,642.42,-319.62,-5997.8,417.71,-1092.5,11108,328101,377,80,1981,-0.13122,1.7075,1.3793
-174.82,-2393.7,2942.3,-1.086,-3778.7,372.28,5.6727e+05,21847,1,72.914,-4893.2,6062.1,4974.6,656.74,-301.34,-6014.2,391.47,-1102.6,11113,328119,377,80,1981,-0.14169,1.7067,1.3793
-248.39,-2922.7,3590.5,-0.85524,-4588.2,665.79,5.8911e+05,23175,1,1212.5,-4953.6,6384.9,4172.3,170.21,540.74,-5031.1,1001.3,-2153.5,10745,326923,377,80,1981,-0.24729,1.7031,1.3687
-257.39,-2962.9,3637.3,1.4912,-4646.2,698.22,5.8917e+05,23177,1,2776.1,-4709,6390.7,2274.2,-226.38,707.2,-3874.6,1477.8,-2571.1,10013,324541,377,47,1975,-0.25774,1.7016,1.3687
-399.14,-2985.3,3719.7,27.219,-4708.3,859.46,5.865e+05,24495,1,9026.9,-4310.3,7217.6,-692.68,-440.16,407.35,-2246.6,2176.4,-3170.6,13147,331546,377,47,1975,-0.26948,1.7082,1.3581
-561.92,-2957.9,3727.6,78.272,-4678.3,1033.4,5.8722e+05,24497,1,26772,-3704.7,10205,-1517.9,-422.49,223.57,812.67,2873.4,-3436.9,29289,343218,377,47,1975,-0.27996,1.7065,1.3581
-2017.9,-2906.6,3624.6,236.77,-4403.1,2492.9,5.8933e+05,25823,1,82643,-12796,34785,-9175.3,-877.01,-956.7,13758,2359.4,100.69,92111,356619,377,47,1975,-0.30232,1.7111,1.3475
-3114.5,-2750.4,3384.8,379.39,-3989.1,3558.8,5.8977e+05,25825,1,1.3897e+05,-15904,52657,-8269.9,-1647.6,199.77,40857,1615.9,7515.9,1.5536e+05,362457,377,40,1973,-0.31281,1.7092,1.3475
-1315,-2963.4,3719.1,145.11,-4593.8,1794,5.8857e+05,25821,1,62803,-7445,23074,-1917.5,-387.87,67.466,7044,3285,-2658.3,67848,353161,377,47,1975,-0.29181,1.713,1.3475
-771.95,-2960,3781,107.57,-4701.2,1240.9,5.8791e+05,25819,1,38792,-5939.8,15714,-903.13,-213.95,87.438,2475.4,2990,-3274.2,42587,347910,377,47,1975,-0.2813,1.7147,1.3475
-180.97,-2288.5,2817,-1.0243,-3617.8,341.87,5.7036e+05,21843,1,44.33,-4888.8,6046.4,4951,662.54,-386.06,-5981.8,391.96,-1007.6,11069,327996,377,80,1981,-0.12074,1.7083,1.3793
-183.98,-2236.1,2754.7,-0.80681,-3537.7,327.57,5.7051e+05,21841,1,35.344,-4883.9,6067.3,4980.4,650.14,-408.08,-6006.3,420.57,-1003.7,11105,328091,377,80,1981,-0.11026,1.709,1.3793
-186.93,-2183.9,2692.6,-0.55718,-3457.7,313.84,5.7006e+05,21839,1,11.408,-4870.2,6032.5,4948.3,671.66,-476.89,-5978.1,391.79,-913.98,11045,327916,377,80,1981,-0.099769,1.7096,1.3793
-189.72,-2131.5,2630,-0.40994,-3377.3,300.58,5.691e+05,21837,1,-2.313,-4862.9,6029.7,4952.9,672.37,-513.09,-5986.9,391.88,-873.36,11046,327919,377,80,1981,-0.089277,1.7102,1.3793
-192.3,-2079.2,2567.3,-0.33719,-3296.7,287.75,5.6842e+05,21835,1,-4.7791,-4854.5,6020.7,4941.6,669.66,-541.97,-5977.4,392.46,-835.77,11025,327869,377,80,1981,-0.078782,1.7107,1.3793
-250.45,-2823.3,3474.1,-2.141,-4440.6,619.65,5.8042e+05,23171,1,315.4,-5077.4,6381.4,4950.9,471.04,231.62,-5979.2,614.65,-1755,11428,328854,377,80,1981,-0.22638,1.706,1.3687
-247.73,-2875.5,3535.6,-1.618,-4518.8,641.1,5.867e+05,23173,1,603.71,-5056,6401.9,4700.2,376.94,342.81,-5663.7,741.78,-1902.4,11203,328363,377,80,1981,-0.23684,1.7046,1.3687
-255.27,-2769.8,3410.7,-2.5012,-4359.9,600.73,5.7384e+05,23169,1,192.24,-5080.6,6368.1,5075.2,517,155.95,-6113.8,554.25,-1656.7,11527,329080,377,80,1981,-0.2159,1.7074,1.3687
-259.89,-2715.6,3347.5,-2.1764,-4278.9,582.17,5.7272e+05,23167,1,219.29,-5050.6,6337.9,5140.3,547.2,88.614,-6151.8,525.46,-1579.7,11536,329092,377,80,1981,-0.20542,1.7087,1.3687
-263.34,-2660.8,3283.8,-1.6812,-4197,563.03,5.752e+05,23165,1,231.04,-5020.2,6304.6,5137.7,567.36,23.319,-6145.6,500.46,-1500.8,11489,329004,377,80,1981,-0.19493,1.7099,1.3687
-267.05,-2606.4,3219.7,-1.5895,-4115.2,544.84,5.7409e+05,23163,1,188.48,-5011.5,6284.7,5115,568.26,-17.948,-6168.3,491.84,-1448.4,11468,328957,377,80,1981,-0.18444,1.7111,1.3687
-270.8,-2552.1,3155.5,-1.5558,-4033.1,527.35,5.7263e+05,23161,1,184.27,-4975.8,6253.6,5123.9,563.38,-56.256,-6176.9,500.7,-1409.4,11440,328874,377,80,1981,-0.17394,1.7122,1.3687
-274.08,-2497.6,3090.7,-1.6913,-3950.4,510.02,5.7222e+05,23159,1,193.66,-4955.8,6226,5142.7,556.28,-82.006,-6228.6,519.69,-1394.6,11451,328918,377,80,1981,-0.16343,1.7132,1.3687
-276.67,-2442.9,3025.6,-1.7718,-3867.3,492.63,5.7254e+05,23157,1,154.61,-4954.5,6227.9,5110.2,549.7,-114.38,-6153.8,537.64,-1366.2,11393,328764,377,80,1981,-0.15291,1.7142,1.3687
-279.49,-2389.3,2962.5,-1.436,-3786.3,476.22,5.7129e+05,23155,1,95.88,-4921.3,6171.8,5022.7,593.09,-223.06,-6044.7,483.68,-1230.8,11235,328437,377,80,1981,-0.14239,1.7151,1.3687
-283.22,-2336.5,2900,-1.1249,-3706.3,461.41,5.6659e+05,23153,1,44.668,-4921.7,6174.7,4995.9,605.04,-277.35,-6005.7,478.32,-1178.1,11200,328357,377,80,1981,-0.13187,1.7159,1.3687
-286.52,-2283.1,2836.8,-0.82567,-3625.2,446.77,5.6734e+05,23151,1,65.031,-4908.1,6161.8,5032.5,622.18,-334.34,-6073.2,455.24,-1109.1,11234,328434,377,80,1981,-0.12134,1.7167,1.3687
-358.68,-2881,3567.9,-1.681,-4538,751.75,5.8718e+05,24489,1,663.13,-5093.7,6541.5,4862,374.73,378.97,-5867.3,733.31,-1952.4,11484,328990,377,80,1981,-0.23799,1.7129,1.3581
-360.03,-2931.5,3627,-0.66891,-4612.4,777.54,5.8941e+05,24491,1,1219,-5043.8,6580.6,4500.2,249.23,508.27,-5449.8,891.5,-2119.3,11216,328388,377,80,1981,-0.2485,1.7114,1.3581
-368.9,-2976.3,3679.7,1.8754,-4677.3,810.48,5.8945e+05,24493,1,2550,-4915.7,6685,2671.7,-68.165,586.86,-4856.3,1207,-2444.4,10670,326613,377,80,1981,-0.25899,1.7098,1.3581
-519.84,-2987.9,3774.7,44.893,-4741.9,979.09,5.8691e+05,25817,1,15167,-4649.4,9017.6,-1310.5,-289.7,100.07,-3383.2,2048.9,-3282.2,19005,337431,377,47,1975,-0.27077,1.7164,1.3475
-2746.2,-2876.9,3610.1,324.8,-4298.2,3204.9,5.8998e+05,27151,1,1.2026e+05,-20294,53681,-9308.5,-429.52,-1581.8,30128,-1038,8289.4,1.372e+05,361155,377,43,1974,-0.30375,1.7192,1.3368
-1800.7,-2961.3,3762.3,209.56,-4578,2272.4,5.8946e+05,27149,1,87808,-12612,35615,-4791.5,670.36,-1939.2,13210,1515.2,979.89,96658,357162,377,47,1975,-0.2932,1.7211,1.3368
-4145.4,-2753.9,3218.9,398.64,-3749,4573.5,5.8995e+05,27153,1,1.4858e+05,-22245,63574,-3932.3,-1510.5,1050.6,49455,-2398.7,14787,1.7118e+05,363468,377,43,1974,-0.3143,1.7173,1.3368
-1054.9,-2958.8,3849.4,157.6,-4727.5,1520,5.8888e+05,27147,1,49917,-6408.8,18846,-1048.1,304.27,-611.16,2941.4,2800.7,-2959.6,53988,350574,377,47,1975,-0.28263,1.7228,1.3368
-289.46,-2229.5,2772.8,-0.72633,-3543.4,432.39,5.6881e+05,23149,1,45.347,-4897.4,6148.8,5044.7,635.36,-388.85,-6100,434.85,-1039.3,11237,328439,377,80,1981,-0.1108,1.7174,1.3687
-292.22,-2175.9,2708.8,-0.63498,-3461.6,418.49,5.6871e+05,23147,1,44.847,-4883.4,6138.5,5026.7,643.07,-436.54,-6073.9,423.23,-980.41,11200,328354,377,80,1981,-0.10026,1.718,1.3687
-294.67,-2122.7,2645.1,-0.58941,-3380.1,404.92,5.6905e+05,23145,1,23.879,-4866.5,6106.8,4988.9,653.91,-496.29,-6035.5,410.05,-906.56,11134,328197,377,80,1981,-0.089717,1.7186,1.3687
-360.98,-2828,3505.7,-2.1132,-4459.3,729.83,5.8091e+05,24487,1,351.28,-5112.8,6513.4,5047.8,434.77,296.57,-6090.7,651.8,-1842.5,11635,329275,377,80,1981,-0.22748,1.7143,1.3581
-365.56,-2773.6,3441.6,-2.3038,-4377.9,710.63,5.734e+05,24485,1,245.44,-5092.1,6472.1,5153.8,457.72,245.08,-6223.1,604.1,-1757,11700,329400,377,80,1981,-0.21695,1.7157,1.3581
-372.66,-2662,3310.6,-2.0857,-4211.1,671.79,5.7342e+05,24481,1,281.25,-5024.6,6397.5,5214.8,481.54,143.47,-6247.9,574.07,-1627.8,11650,329303,377,80,1981,-0.19588,1.7182,1.3581
-369.71,-2718,3376.3,-2.2341,-4294.8,691.5,5.7182e+05,24483,1,270.82,-5055.2,6432,5239.9,477.62,192.84,-6287.7,572.84,-1679.8,11722,329441,377,80,1981,-0.20642,1.717,1.3581
-375.93,-2606.7,3245,-2.2506,-4127.9,653.12,5.7213e+05,24479,1,240.27,-4999.4,6362.5,5183.6,492.61,77.434,-6230.2,579.62,-1576.8,11588,329195,377,80,1981,-0.18534,1.7194,1.3581
-381.54,-2496.9,3116,-1.7259,-3963.5,616.93,5.7137e+05,24475,1,180.59,-4992.2,6350.2,5172.5,515.56,-27.994,-6221.4,580.77,-1488.5,11557,329140,377,80,1981,-0.16422,1.7215,1.3581
-378.51,-2551.5,3180,-2.1322,-4045.1,634.45,5.7241e+05,24477,1,240.6,-4988,6350.3,5148.6,492.86,38.808,-6170.8,600.52,-1555.9,11527,329079,377,80,1981,-0.17478,1.7205,1.3581
-384.96,-2442.2,3051.6,-1.375,-3881.3,600.44,5.7029e+05,24473,1,140.39,-5002.3,6360.4,5163.2,529,-87.226,-6212.1,569.48,-1424.2,11549,329119,377,80,1981,-0.15366,1.7225,1.3581
-388.01,-2386.8,2985.8,-1.2346,-3797.5,584.16,5.7121e+05,24471,1,143.71,-5004.7,6365.7,5175.7,546.46,-141.56,-6235.2,542.34,-1352.8,11563,329153,377,80,1981,-0.14308,1.7234,1.3581
-390.79,-2331.5,2920.2,-1.0315,-3713.9,568.29,5.7105e+05,24469,1,114.9,-4980.4,6334.5,5123.5,595.74,-256.27,-6176.5,472.2,-1202.2,11464,328952,377,80,1981,-0.13251,1.7242,1.3581
-393.41,-2277,2855.2,-0.93547,-3631.2,552.97,5.7071e+05,24467,1,105.14,-4955.9,6304.6,5095.9,618.07,-327.33,-6157.2,439.4,-1111.1,11407,328799,377,80,1981,-0.12193,1.725,1.3581
-395.98,-2222.7,2790.5,-0.82872,-3548.9,538.26,5.6933e+05,24465,1,88.689,-4937,6281.1,5092.7,624.28,-375.64,-6150.8,436.75,-1059.4,11377,328733,377,80,1981,-0.11134,1.7257,1.3581
-474.15,-2940.1,3663.2,-0.60219,-4636.1,891.72,5.8973e+05,25813,1,1407.5,-5089.4,6757.5,4693.1,252.27,546.83,-5732.6,888.32,-2195.2,11593,329200,377,80,1981,-0.24969,1.7196,1.3475
-471.99,-2887.7,3601.6,-1.7754,-4559.1,864.91,5.8747e+05,25811,1,716.71,-5081.5,6618.3,5000.7,365.88,419.98,-6059.6,734.94,-2013.8,11695,329395,377,80,1981,-0.23913,1.7211,1.3475
-473.93,-2833.5,3537.4,-2.6331,-4478.4,842.52,5.8083e+05,25809,1,423.35,-5067.8,6550.3,5099.5,379.62,379.93,-6180.8,726.71,-1978,11735,329465,377,80,1981,-0.22857,1.7225,1.3475
-485.36,-2988.1,3720.1,2.474,-4705.6,927.39,5.8944e+05,25815,1,2918.4,-4959.8,6892,2290.1,-168.19,647.54,-5446.6,1046.9,-2386.3,11080,328031,377,47,1975,-0.26024,1.718,1.3475
-650.68,-2980.6,3842.1,78.703,-4778.9,1107.2,5.8798e+05,27145,1,25773,-3913.6,10406,-2419.9,217.62,-775.3,-4222.4,1826.5,-3202,28737,342931,377,47,1975,-0.27206,1.7245,1.3368
-604.18,-2998.5,3761.2,4.5469,-4733.6,1046.4,5.8889e+05,27143,1,3366.3,-5029.5,7143.4,1706.2,-42.017,376.17,-6347,1106.8,-2666.7,11804,329576,377,53,1977,-0.26147,1.7262,1.3368
-3676.4,-2808.1,3453,386.78,-4036.3,4108.9,5.9038e+05,28485,1,1.3266e+05,-18544,54604,-6141.8,1340.8,-3138.3,37067,-1517.1,10526,1.4987e+05,362088,377,47,1975,-0.30517,1.7273,1.3261
-2419.2,-2910.1,3733.1,287.01,-4462.9,2873.5,5.9029e+05,28483,1,1.0846e+05,-13756,42114,-6244.4,1969.4,-3975.9,19895,467.03,3849.5,1.1915e+05,359565,377,47,1975,-0.29457,1.7291,1.3261
-1424.6,-2933.5,3876.8,212.81,-4699.2,1880.7,5.8978e+05,28481,1,78856,-6818.2,25877,-2681.3,1423.5,-2436.4,8620.3,1835.7,-522.01,83830,355543,377,47,1975,-0.28395,1.7309,1.3261
-398.25,-2168.4,2725.7,-0.70034,-3466.3,523.9,5.6865e+05,24463,1,87.43,-4916.9,6265.1,5084.9,634.99,-434.46,-6138.9,426,-993.48,11346,328673,377,80,1981,-0.10075,1.7264,1.3581
-400.5,-2114.5,2661.4,-0.47163,-3384.5,510.19,5.6715e+05,24461,1,46.279,-4890.3,6213.8,5028.2,638.2,-473.21,-6070,425.14,-947,11241,328448,377,80,1981,-0.090153,1.727,1.3581
-477.32,-2778.2,3470.9,-3.7344,-4395.1,822.08,5.7507e+05,25807,1,324.74,-5055.1,6519.6,5213.2,367.37,373.93,-6346.4,763.53,-2005.5,11853,329655,377,80,1981,-0.21799,1.7239,1.3475
-480.58,-2722.2,3405.1,-3.7359,-4311.9,802.08,5.7389e+05,25805,1,297.99,-5070.2,6537.4,5280,370.81,338.47,-6318.4,786.85,-1981.7,11880,329704,377,80,1981,-0.20741,1.7252,1.3475
-482.75,-2665.7,3339.5,-3.2721,-4228.5,781.59,5.7551e+05,25803,1,343.61,-5079.3,6558.9,5272.1,371.96,294.09,-6278.8,798.13,-1941.4,11865,329671,377,80,1981,-0.19682,1.7265,1.3475
-485.57,-2609.6,3274,-2.8083,-4145.3,762.45,5.7473e+05,25801,1,261.52,-5090.3,6562.9,5277.3,396,228.93,-6309.8,767.7,-1865.8,11874,329689,377,80,1981,-0.18623,1.7276,1.3475
-488.68,-2553.4,3208.9,-1.9809,-4062.3,744.25,5.7398e+05,25799,1,241.88,-5091.8,6564.8,5294.7,472.88,83.304,-6352.8,656.92,-1670.8,11871,329683,377,80,1981,-0.17562,1.7287,1.3475
-491.79,-2496.5,3141.7,-1.7087,-3977.1,726.64,5.7305e+05,25797,1,202.74,-5091.8,6570.2,5307.9,531.13,-36.133,-6403.8,562.15,-1502.7,11882,329706,377,80,1981,-0.16501,1.7298,1.3475
-494.9,-2439.9,3074.5,-1.6018,-3891.9,709.74,5.7158e+05,25795,1,165.04,-5055.6,6507.1,5247,554.89,-114.4,-6327.4,518.55,-1386.3,11748,329486,377,80,1981,-0.15439,1.7308,1.3475
-497.99,-2383.6,3007.8,-1.3696,-3807.3,693.5,5.7015e+05,25793,1,152.14,-5038.1,6483.1,5234.2,575.33,-184.67,-6313.7,486.16,-1292,11703,329407,377,80,1981,-0.14377,1.7317,1.3475
-502.83,-2271.9,2874.9,-1.0445,-3638.9,661.76,5.6982e+05,25789,1,135,-5030.4,6483.5,5174,588.4,-286.35,-6238,476.57,-1180.4,11623,329249,377,80,1981,-0.12251,1.7333,1.3475
-500.49,-2327.3,2940.8,-1.2653,-3722.4,677.35,5.701e+05,25791,1,163.59,-5042.3,6507.8,5226.5,567.54,-209.02,-6304.6,497.24,-1269.4,11709,329420,377,80,1981,-0.13314,1.7325,1.3475
-504.97,-2216.6,2809.1,-0.79427,-3555.5,646.63,5.6986e+05,25787,1,138.43,-5028,6490.7,5166.6,613.5,-365.17,-6231,447.66,-1089.8,11612,329236,377,80,1981,-0.11187,1.734,1.3475
-506.91,-2161.4,2743.4,-0.59405,-3472.1,631.97,5.6911e+05,25785,1,127.63,-4998.6,6436.6,5136.6,616.11,-402.72,-6204,444.9,-1042.3,11538,329097,377,80,1981,-0.10123,1.7347,1.3475
-590.89,-2950.6,3701.8,-0.44128,-4662.7,1008.7,5.9077e+05,27141,1,1737,-5098.6,6932.2,4749.8,217.5,610.05,-6003.5,953.21,-2363.2,11941,329804,377,53,1977,-0.25087,1.7278,1.3368
-584.67,-2895.3,3636.7,-2.147,-4582,977.56,5.8836e+05,27139,1,893.26,-5099.5,6752.5,5136,274.45,565.07,-6213.5,868.74,-2235.7,11981,329864,377,80,1981,-0.24027,1.7293,1.3368
-584.02,-2840.4,3572.2,-2.8908,-4501.3,952.57,5.8305e+05,27137,1,511.53,-5105.2,6699.6,5093.4,288.15,502.73,-6077.5,870.54,-2172.4,11828,329617,377,80,1981,-0.22965,1.7307,1.3368
-588.19,-2786.4,3510.1,-2.2851,-4422.6,933.1,5.7485e+05,27135,1,272.2,-5141.8,6707.9,5266.5,373.98,377.58,-6316.8,776.63,-2039.7,12008,329898,377,80,1981,-0.21903,1.7321,1.3368
-803.29,-2957.4,3903.3,123.52,-4799.9,1254.3,5.8907e+05,28479,1,33260,-2552.1,10300,-3523.7,789.38,-1755.5,-3834.7,2320.3,-3799.3,35630,345742,377,50,1976,-0.27333,1.7326,1.3261
-726,-3005.8,3803.1,9.6143,-4760.3,1168,5.8825e+05,28477,1,5719.3,-5145.9,7878.2,-375.55,45.487,-152.34,-7785.3,1028.2,-2895.1,13837,332523,377,53,1977,-0.26269,1.7343,1.3261
-3224.3,-2827.1,3632.5,373.4,-4254.1,3653.3,5.9093e+05,29823,1,1.3534e+05,-16289,52024,-4011.7,1626.3,-3045.1,35550,-1933.8,10611,1.5065e+05,362143,377,47,1975,-0.29593,1.7371,1.3153
-1919.8,-2890.9,3885.3,286.97,-4634.1,2362.4,5.9075e+05,29821,1,1.0569e+05,-8218.1,33888,-4768.5,2171.1,-3919.7,15565,1798,1040.1,1.1258e+05,358911,377,50,1976,-0.28527,1.7389,1.3153
-997.77,-2921.2,3971,187.47,-4815.2,1440.8,5.9015e+05,29819,1,52676,-4658.4,17323,-5921.1,872.6,-2386.2,-1134.6,1702.2,-2446.6,56109,350933,377,53,1977,-0.27459,1.7406,1.3153
-592.88,-2729.7,3444.2,-1.7136,-4339.3,914.47,5.7226e+05,27133,1,240.48,-5172.7,6754.2,5356.1,474.94,213.66,-6379.7,648.49,-1830,12077,330015,377,80,1981,-0.2084,1.7334,1.3368
-596.62,-2672,3376.9,-1.2476,-4254.1,895.44,5.7456e+05,27131,1,284.61,-5164,6728.9,5362.1,431.01,232.36,-6428.9,756.37,-1926.2,12109,330078,377,80,1981,-0.19776,1.7346,1.3368
-600.08,-2613.5,3307.6,-1.1936,-4166.8,876.72,5.7447e+05,27129,1,277.75,-5180.4,6771.9,5434.1,538.37,57.842,-6556.3,542.51,-1618.5,12186,330183,377,80,1981,-0.18711,1.7358,1.3368
-602.83,-2554.2,3237,-1.2862,-4077.9,857.89,5.7471e+05,27127,1,275.2,-5162,6743.6,5457,543.57,14.022,-6614.4,519.83,-1548.1,12194,330196,377,80,1981,-0.17645,1.7369,1.3368
-605.39,-2496,3167.7,-1.3468,-3990.7,839.69,5.7411e+05,27125,1,252.88,-5149.5,6732.4,5376.9,542.82,-35.88,-6485.5,527.67,-1495.1,12070,330003,377,80,1981,-0.16579,1.738,1.3368
-607.82,-2438.5,3099.2,-1.3958,-3904.4,822.08,5.7339e+05,27123,1,229.28,-5134.8,6697.6,5333.6,541.38,-81.024,-6456.8,543.67,-1459.6,12006,329893,377,80,1981,-0.15513,1.739,1.3368
-610.02,-2380.9,3030.6,-1.3752,-3818,804.92,5.728e+05,27121,1,187.9,-5132.8,6701.3,5316.5,557.04,-150.47,-6419.1,524.3,-1376.2,11969,329847,377,80,1981,-0.14445,1.7399,1.3368
-617.04,-2210.6,2828.2,-0.59958,-3562.5,758.08,5.6887e+05,27115,1,151.12,-5105.9,6658.9,5224,609.99,-351.28,-6304.3,444.07,-1112.1,11807,329586,377,80,1981,-0.1124,1.7422,1.3368
-614.85,-2267.2,2895.6,-0.83348,-3647.6,773.16,5.6968e+05,27117,1,162.71,-5145.1,6732.5,5298.2,604.13,-299.87,-6396.5,455.25,-1184.5,11953,329822,377,80,1981,-0.12309,1.7415,1.3368
-612.42,-2324,2963,-1.1432,-3732.8,788.69,5.7107e+05,27119,1,165.66,-5121.7,6678.2,5257.1,571.49,-221.98,-6333.1,506.3,-1286.5,11870,329681,377,80,1981,-0.13377,1.7407,1.3368
-701.52,-2907.5,3678.3,-1.9038,-4612.7,1095,5.894e+05,28473,1,1103.6,-5198.1,7013.3,5181.3,192.81,697.22,-6269.6,978.9,-2431.6,12287,330335,377,80,1981,-0.24139,1.7374,1.3261
-707.92,-2961.5,3741.8,-0.19045,-4690.9,1126.1,5.916e+05,28475,1,1884.6,-5066.6,6993,4595.9,123.42,710.56,-6000.8,999.22,-2448.7,11949,329817,377,53,1977,-0.25205,1.7358,1.3261
-701.59,-2850.5,3611.2,-2.6888,-4529.1,1070.5,5.8324e+05,28471,1,536.91,-5284.2,7023.7,5367.8,281.17,565.09,-6514.4,826.79,-2217.2,12442,330570,377,80,1981,-0.23073,1.7388,1.3261
-705.02,-2790.7,3540,-3.176,-4440.2,1049.6,5.762e+05,28469,1,307.71,-5312.4,7023.3,5533.4,394.63,401.33,-6666.8,630.1,-1934.6,12536,330715,377,80,1981,-0.22005,1.7402,1.3261
-709.37,-2731.3,3470.5,-2.6658,-4352.7,1030.3,5.7386e+05,28467,1,271.28,-5303.5,7007.8,5508.1,447.62,290.2,-6568,551.25,-1770.8,12430,330558,377,80,1981,-0.20937,1.7415,1.3261
-845.29,-3005.9,3851.2,23.389,-4788.3,1285.9,5.8831e+05,29817,1,8601.6,-4187,7298.9,-2480.7,-120.29,-362.72,-8873.8,1062.7,-3200.5,15531,334379,377,53,1977,-0.26391,1.7423,1.3153
-827.42,-2974.6,3784.7,0.048312,-4722.7,1246.3,5.9268e+05,29815,1,1999.4,-5128.8,7182.1,3726,243.51,390.15,-6511.3,1054.3,-2654,12105,330073,377,80,1981,-0.25321,1.7439,1.3153
-2564.5,-2801.7,3842.3,387.9,-4487,2984.2,5.9167e+05,31167,1,1.402e+05,-9703.5,43892,-3936.5,2633.4,-4383.3,31231,-268.93,7289.2,1.5083e+05,362159,377,53,1977,-0.28657,1.7468,1.3045
-1276.9,-2868.7,4031.6,270.67,-4808.6,1708.3,5.9127e+05,31165,1,74756,-3266.5,20398,-9256.5,1910.3,-4515.8,2821.7,2317.7,-2443.4,78385,354803,377,53,1977,-0.27584,1.7486,1.3045
-971.45,-2993.8,3910.7,54.122,-4817.9,1408.9,5.8916e+05,31163,1,19478,-5363.4,11225,-6378.4,513.95,-2022.9,-9155.3,998.01,-3207.1,25968,341626,377,53,1977,-0.26511,1.7502,1.3045
-712.64,-2671.8,3401.5,-1.8845,-4265.6,1010.7,5.7643e+05,28465,1,325.49,-5242.3,6938.8,5501.5,537.04,119.3,-6559,454.37,-1580.5,12330,330398,377,80,1981,-0.19868,1.7428,1.3261
-715.6,-2612.8,3331.6,-1.8629,-4178,991.49,5.7605e+05,28463,1,317.01,-5207.5,6893.6,5451.3,552.31,46.971,-6587.7,452.57,-1529.7,12276,330316,377,80,1981,-0.18798,1.7439,1.3261
-717.87,-2553.9,3261.5,-1.999,-4090.2,972.32,5.7523e+05,28461,1,294.11,-5216.9,6905.1,5464.4,529.84,33.659,-6578.4,509.72,-1550.9,12291,330338,377,80,1981,-0.17728,1.7451,1.3261
-722.76,-2436.8,3123.6,-1.1037,-3916.7,936.42,5.7388e+05,28457,1,220.29,-5227.9,6908.1,5406.7,557.56,-95.716,-6512.6,500.37,-1427.2,12221,330230,377,80,1981,-0.15585,1.7471,1.3261
-720,-2495.1,3192.2,-1.6544,-4003,953.68,5.7488e+05,28459,1,270.36,-5226.4,6916.9,5416.1,530.79,-18.227,-6485.6,531.02,-1514.5,12226,330238,377,80,1981,-0.16657,1.7461,1.3261
-725.64,-2378.5,3054.7,-0.77355,-3830,919.96,5.7309e+05,28455,1,186.61,-5265.8,6977.2,5421.5,606.12,-206.36,-6540.4,424.71,-1277.7,12282,330327,377,80,1981,-0.14513,1.748,1.3261
-728.32,-2320.2,2985.1,-0.62615,-3742.6,903.96,5.7203e+05,28453,1,181.58,-5236.6,6918.9,5360.8,612.54,-267.71,-6478.5,430.99,-1219.6,12172,330166,377,80,1981,-0.1344,1.7489,1.3261
-730.36,-2261.8,2915.2,-0.57042,-3655,888.01,5.7091e+05,28451,1,199.99,-5237.6,6929.9,5364.1,628.82,-329.42,-6497.3,400.28,-1134,12183,330178,377,80,1981,-0.12367,1.7497,1.3261
-822.26,-2918.8,3718.8,-1.6885,-4641.8,1216.1,5.9031e+05,29813,1,965.4,-5229,7124.2,5301.6,276.44,607.55,-6442.9,870.01,-2340.3,12463,330603,377,80,1981,-0.24251,1.7454,1.3153
-821.62,-2860.1,3648.4,-3.1379,-4555,1190.7,5.8379e+05,29811,1,539.21,-5294.6,7127.7,5508.8,286.18,590.61,-6798.6,851.86,-2329.8,12739,330992,377,80,1981,-0.23179,1.7468,1.3153
-825.77,-2799.9,3575.5,-4.3217,-4464.9,1170.5,5.7528e+05,29809,1,275.68,-5363.8,7175.8,5635,302.54,544.99,-6856.1,860.32,-2297.3,12865,331158,377,80,1981,-0.22107,1.7482,1.3153
-829.67,-2737.8,3501.5,-4.466,-4372.7,1150.5,5.7401e+05,29807,1,381.63,-5354.6,7174.8,5714.6,364.72,424.34,-6832.4,762.89,-2102.2,12843,331130,377,80,1981,-0.21034,1.7495,1.3153
-948.18,-2984.9,3824.2,0.31785,-4750.2,1367.3,5.9368e+05,31161,1,2104.8,-5184.9,7384.4,2701.3,212.37,226.35,-7472.7,861.28,-2618.8,12517,330685,377,80,1981,-0.25437,1.7518,1.3045
-1679,-2769.8,4053.6,383.79,-4733.6,2090.1,5.9224e+05,32517,1,98379,-6946.7,30687,-11396,2710.9,-6099.1,10484,423.19,1754,1.0467e+05,358063,377,53,1977,-0.27709,1.7564,1.2936
-3447.3,-2699.9,3671.8,456.84,-4208.3,3838.9,5.9227e+05,32519,1,1.7602e+05,-11234,54510,2337.1,3051.2,-3591.1,54007,-1950.4,14753,1.9299e+05,364564,377,53,1977,-0.28786,1.7547,1.2936
-1102.6,-2958,3978.4,108.95,-4840.5,1533.2,5.9045e+05,32515,1,31624,-4096.4,12228,-10831,572.98,-3044.8,-7518.3,889.56,-2733.7,36852,346169,377,58,1978,-0.2663,1.7581,1.2936
-831.07,-2675.2,3429.3,-3.3963,-4281.7,1128.7,5.7721e+05,29805,1,431.11,-5364.8,7216.8,5711.2,362.86,390.35,-6804.6,800.87,-2109.9,12859,331148,377,80,1981,-0.1996,1.7508,1.3153
-833.28,-2615.1,3359.3,-2.6106,-4193.9,1108.7,5.7674e+05,29803,1,328.77,-5360.4,7188.6,5566.6,436.79,218.04,-6676.8,644.76,-1818.7,12651,330859,377,80,1981,-0.18885,1.752,1.3153
-836.41,-2556,3290.4,-1.8739,-4107.3,1090.5,5.7511e+05,29801,1,263.26,-5377.8,7204.6,5514.3,486.82,97.306,-6584.6,587.79,-1674.2,12572,330775,377,80,1981,-0.1781,1.7531,1.3153
-839.37,-2495.4,3218.9,-1.3769,-4017.8,1072.5,5.7505e+05,29799,1,264.92,-5372.5,7193.1,5567.6,535.68,-2.7565,-6701.3,512.63,-1538.7,12629,330835,377,80,1981,-0.16734,1.7542,1.3153
-842.09,-2434.3,3146.1,-1.2665,-3926.8,1055.1,5.7443e+05,29797,1,228.71,-5394.7,7233.8,5565.3,599.37,-140.3,-6723.3,413.57,-1350.2,12650,330857,377,80,1981,-0.15657,1.7552,1.3153
-844.71,-2374.3,3074.7,-1.0241,-3837.5,1038.3,5.7347e+05,29795,1,218.8,-5392.5,7234.3,5509.3,628.48,-233.13,-6649.9,375.28,-1234.6,12576,330781,377,80,1981,-0.1458,1.7561,1.3153
-847.12,-2314.8,3004,-0.73313,-3749.1,1022,5.7223e+05,29793,1,195.87,-5354.2,7163.7,5426.3,638.32,-290.63,-6547.3,360.43,-1157.7,12422,330543,377,80,1981,-0.13502,1.757,1.3153
-940.81,-2928.1,3757.1,-1.7225,-4668.3,1334.8,5.9111e+05,31159,1,1040.7,-5286.7,7303.5,5284.2,269.8,624.49,-6376.9,871.67,-2363,12561,330751,377,80,1981,-0.24361,1.7533,1.3045
-941.59,-2870.4,3689.6,-2.1885,-4584.8,1311,5.8502e+05,31157,1,473.73,-5391.6,7339.6,5556,345.19,526.47,-6771.8,758.24,-2226.8,12877,331177,377,80,1981,-0.23285,1.7548,1.3045
-946.82,-2809.5,3618.2,-1.7954,-4495.8,1291.8,5.7616e+05,31155,1,191.75,-5439.2,7356.5,5656.6,415.07,402.96,-6795.4,673.3,-2060,12921,331243,377,80,1981,-0.22208,1.7562,1.3045
-952.28,-2747.4,3545,-1.395,-4404.6,1273.4,5.7353e+05,31153,1,318.75,-5433.2,7372,5789.3,439.44,344.28,-6951.5,671.29,-2027.3,13064,331425,377,80,1981,-0.2113,1.7575,1.3045
-1067,-2939.8,3798,-1.581,-4697.9,1461.5,5.9213e+05,32511,1,941.68,-5393.9,7523.5,5325.9,322.74,566.76,-6534.8,799.69,-2323.9,12811,331083,377,80,1981,-0.24471,1.7612,1.2936
-1072.4,-2995.5,3864.6,0.93673,-4778.4,1491.7,5.9371e+05,32513,1,2391.7,-5121.1,7443.7,882.62,-268.36,520.74,-8424.4,494.21,-2344.9,12853,331142,377,58,1978,-0.25551,1.7597,1.2936
-2305.4,-2632.1,3995.6,510.67,-4552.5,2687.4,5.9304e+05,33875,1,1.534e+05,-6226.4,42084,-8071.3,2587.2,-5252.5,35150,-872.86,8953.9,1.6358e+05,363024,377,58,1978,-0.27832,1.7642,1.2826
-1246.3,-2876.6,4060.4,209.92,-4848.2,1663,5.9189e+05,33873,1,51041,852.99,9672.2,-17452,2375.3,-6945.8,-4747.6,2929.3,-4980.1,55801,350885,377,58,1978,-0.26749,1.7659,1.2826
-1196.5,-3002.5,3902.4,2.4551,-4802.6,1615.5,5.9307e+05,33871,1,3567,-5406.9,8177.4,-4151.1,411.31,-1439,-10470,607.46,-2949.9,15716,334559,377,58,1978,-0.25665,1.7675,1.2826
-954.94,-2683.5,3468.5,-1.6862,-4309.8,1252.8,5.7787e+05,31151,1,393.55,-5456.9,7408.8,5792.8,421.16,316.74,-7040,702.29,-2019.6,13145,331545,377,80,1981,-0.20051,1.7588,1.3045
-957.25,-2620,3392.3,-2.0173,-4215.4,1232.5,5.7675e+05,31149,1,297.55,-5521.3,7509.3,5819,493.45,180.4,-7057.5,585.52,-1819.7,13212,331623,377,80,1981,-0.18971,1.76,1.3045
-960.46,-2557.2,3317.9,-1.6332,-4122.7,1214,5.7561e+05,31147,1,286.88,-5507.6,7459.7,5672.1,522.17,72.509,-6819,533.22,-1651.2,12962,331294,377,80,1981,-0.17891,1.7611,1.3045
-963.03,-2494.5,3243.5,-1.3141,-4030.1,1195.6,5.7608e+05,31145,1,265.93,-5545.9,7534.3,5722.3,586.09,-57.601,-6919.6,433.03,-1474.3,13074,331437,377,80,1981,-0.1681,1.7622,1.3045
-965.7,-2432.6,3169.8,-1.0438,-3938.3,1178,5.7483e+05,31143,1,249.55,-5548.1,7530.3,5654.7,595.98,-123.78,-6829.3,419.71,-1390.7,12986,331326,377,80,1981,-0.15729,1.7632,1.3045
-968.34,-2371,3096.6,-0.72369,-3847.1,1161.2,5.7288e+05,31141,1,242.13,-5545,7526.8,5618.2,612.65,-189.92,-6792,393.34,-1303.8,12939,331264,377,80,1981,-0.14646,1.7641,1.3045
-1068,-2878.1,3723.6,-3.1032,-4606.9,1437.3,5.8458e+05,32509,1,486.83,-5516.3,7605.8,5786.7,395.57,506.99,-7182.7,676.6,-2221.1,13394,331879,377,80,1981,-0.2339,1.7627,1.2936
-1072.3,-2813.4,3644.6,-4.3018,-4510.1,1416.8,5.7697e+05,32507,1,242.26,-5573.7,7643.7,5867.2,450.3,398.47,-7124.7,612.46,-2066.6,13407,331901,377,80,1981,-0.22308,1.7641,1.2936
-1079.7,-2686,3497.3,-1.752,-4326.2,1377,5.785e+05,32503,1,311.72,-5600.4,7698.8,5862.1,556.09,153.4,-7051,454.33,-1718.4,13353,331822,377,80,1981,-0.20141,1.7667,1.2936
-1076.3,-2748.8,3568.9,-3.4896,-4415.9,1396.7,5.7625e+05,32505,1,332.83,-5576.6,7666.8,5821.7,508.04,263.42,-6861.9,542.9,-1870.5,13232,331652,377,80,1981,-0.21225,1.7654,1.2936
-1191.9,-2948.7,3836.1,-1.4446,-4723.8,1586.3,5.9302e+05,33869,1,817,-5504.7,7752,5257.2,346.49,528.02,-6486.5,721.41,-2236.5,12911,331230,377,58,1978,-0.2458,1.7691,1.2826
-1195.4,-2887.3,3763.7,-1.7301,-4635,1564.8,5.8554e+05,33867,1,329.88,-5626.7,7829.1,5804.4,460.43,426.24,-7106.2,587.34,-2109.6,13507,332078,377,80,1981,-0.23494,1.7705,1.2826
-3222.6,-2519.6,3763.1,555.5,-4218.8,3575.9,5.9341e+05,35237,1,1.9601e+05,-14699,63746,-52.24,1789.6,-2393.8,58024,-4346.8,18939,2.1553e+05,365448,377,58,1978,-0.27954,1.772,1.2717
-1421.7,-2727.6,4144.3,370.28,-4817.5,1814.1,5.9313e+05,35235,1,90648,-3586.2,24515,-20743,1395.5,-6302,10012,170.53,2007.3,96990,357195,377,58,1978,-0.26866,1.7737,1.2717
-1327.4,-3006.4,3940.5,7.2482,-4825,1745.6,5.922e+05,35233,1,5180.6,-4972.5,8010.5,-10342,-1380.2,-237.02,-12479,-37.483,-2505.2,19664,337901,377,58,1978,-0.25777,1.7753,1.2717
-1324.5,-2957.3,3872.3,-1.5297,-4747.7,1718.9,5.9449e+05,35231,1,759.79,-5661.8,8060.4,4979.6,497.78,266.78,-6844.1,611.69,-2182.4,13217,331631,377,80,1981,-0.24687,1.7768,1.2717
-1087.9,-2557.6,3344.7,-1.0735,-4136.9,1340.9,5.7638e+05,32499,1,253.8,-5648.4,7760.7,5853.4,608.09,-18.681,-7083.4,378.63,-1501.2,13394,331881,377,80,1981,-0.17972,1.769,1.2936
-1084.5,-2622.7,3423,-1.0072,-4233.6,1359.3,5.7599e+05,32501,1,225.3,-5630.3,7728.5,5854.6,593.54,50.251,-7077.7,391.91,-1575.9,13373,331848,377,80,1981,-0.19057,1.7679,1.2936
-1091.2,-2493.8,3268.6,-0.85697,-4042.6,1323.1,5.7534e+05,32497,1,240.48,-5683.4,7809.3,5805.4,624.14,-96.545,-7031.2,361.5,-1412,13379,331860,377,80,1981,-0.16886,1.7701,1.2936
-1094.5,-2430.2,3192.7,-0.5534,-3948.6,1306.1,5.7352e+05,32495,1,247.13,-5697.2,7831.3,5764.1,650.33,-186.54,-6982.8,318.16,-1288.1,13344,331807,377,80,1981,-0.15799,1.7711,1.2936
-1202.1,-2823.2,3687.8,-1.3958,-4541.2,1546.8,5.7542e+05,33865,1,136.23,-5703.9,7904.1,5969.2,505.21,342.75,-7258.9,541.94,-2012.1,13714,332369,377,80,1981,-0.22407,1.7719,1.2826
-1208.1,-2756.2,3607.4,-1.3336,-4442.2,1528.5,5.76e+05,33863,1,263.36,-5716,7946.3,6034.7,545.02,248.61,-7287.5,475.73,-1866.8,13765,332432,377,80,1981,-0.21319,1.7733,1.2826
-1211.9,-2688.5,3525.7,-1.6203,-4341.8,1508.6,5.7913e+05,33861,1,330.89,-5735.6,7987.7,6106,595.24,139.67,-7500.8,366.98,-1690.9,13918,332622,377,80,1981,-0.20231,1.7746,1.2826
-1215.1,-2621.7,3444.9,-1.97,-4242.6,1489.1,5.7796e+05,33859,1,227.2,-5774,8028.8,5979.4,615.29,40.786,-7246.6,347.11,-1562.8,13750,332416,377,80,1981,-0.19141,1.7758,1.2826
-1328.1,-2892,3793.2,-2.6709,-4651.4,1697,5.8526e+05,35229,1,287.59,-5754.1,8101.3,5997.8,541.93,355.22,-7426.1,417.86,-1963,13942,332653,377,80,1981,-0.23597,1.7783,1.2717
-1334.9,-2824.9,3711.5,-3.3186,-4551.8,1678.8,5.7669e+05,35227,1,145.5,-5782.7,8119.4,6085.7,593.82,246.43,-7414.8,358.91,-1816.4,13973,332692,377,80,1981,-0.22505,1.7797,1.2717
-1461.3,-2995.4,3984.9,27.773,-4844.1,1876.5,5.9164e+05,36599,1,14111,-6586.7,12284,-20842,-23.242,-4349.9,-11478,-420.64,-1772.4,31333,344090,377,58,1978,-0.25889,1.783,1.2606
-1681.8,-2503.1,4199.2,585.93,-4715,2037.7,5.9404e+05,36601,1,1.3441e+05,3757.4,24010,-21229,6146,-13118,27630,3116.8,1748.9,1.4175e+05,361504,377,58,1978,-0.26982,1.7813,1.2606
-1458.7,-2964,3906.7,-1.2983,-4769,1852.7,5.9595e+05,36597,1,606.87,-5786.8,8324.5,4639.8,402.86,331.91,-7162.6,381.37,-1944.4,13423,331930,377,80,1981,-0.24794,1.7845,1.2606
-1463.3,-2899.1,3828.7,-2.0515,-4674.2,1832,5.8562e+05,36595,1,221.98,-5862.2,8341.3,6050,561.52,336.48,-7434.2,431.31,-2000.4,14159,332905,377,80,1981,-0.23699,1.786,1.2606
-2206.5,-2294.4,4089.3,729.05,-4466.2,2525.2,5.9431e+05,37971,1,1.7027e+05,-745.6,38479,-11985,1404.7,-4426.9,48469,-682.5,11705,1.82e+05,364043,377,58,1978,-0.27098,1.789,1.2495
-1219.1,-2556.7,3368.3,-1.2421,-4147.7,1471.3,5.7705e+05,33857,1,194.85,-5841.5,8132.2,5960.9,667.87,-92.016,-7192.2,278.12,-1392.6,13785,332457,377,80,1981,-0.18052,1.7769,1.2826
-1223.6,-2491.3,3290.7,-0.57945,-4051.7,1454.7,5.7488e+05,33855,1,200.95,-5809.6,8063.3,5879.6,688.68,-177,-7113.1,239.96,-1270,13644,332280,377,80,1981,-0.16961,1.778,1.2826
-1227.4,-2426.1,3212.5,-0.34026,-3955.3,1438.1,5.722e+05,33853,1,255.19,-5847,8152.2,5869.6,715.81,-261.66,-7135.1,186.97,-1149.8,13712,332367,377,80,1981,-0.1587,1.779,1.2826
-1340.3,-2757.3,3631.5,-2.6947,-4453.2,1659.8,5.7783e+05,35225,1,205.87,-5819.7,8197.9,6113.3,629.95,142.34,-7353.6,342.44,-1715.2,14001,332717,377,80,1981,-0.21413,1.7811,1.2717
-1345,-2690.6,3553.5,-1.5915,-4356.9,1641.1,5.7979e+05,35223,1,233.58,-5821,8179.3,6046.5,621.33,95.004,-7302,346.06,-1648.2,13927,332633,377,80,1981,-0.20319,1.7823,1.2717
-1350.9,-2624.1,3474.8,-0.8257,-4259.8,1624.3,5.7658e+05,35221,1,90.886,-5951.2,8379.5,6164.1,694.38,-43.149,-7501.1,248.55,-1484,14236,333001,377,80,1981,-0.19225,1.7836,1.2717
-1356.7,-2555.6,3392.6,-0.38298,-4158.9,1608,5.7488e+05,35219,1,154.38,-5946.8,8357.4,6111.7,699.95,-106.53,-7439.1,231.02,-1387.6,14157,332900,377,80,1981,-0.18131,1.7847,1.2717
-1477.4,-2761.5,3664.6,-1.0658,-4473.4,1796.5,5.7738e+05,36591,1,118.39,-5939,8447.7,6280.4,655.78,149.12,-7624.5,326.52,-1773,14420,333196,377,80,1981,-0.21505,1.7888,1.2606
-1470.6,-2830.9,3746.8,-1.9551,-4574.3,1814.1,5.7673e+05,36593,1,106.58,-5913.6,8405,6194.5,607.24,248.65,-7528.8,400.84,-1916.7,14316,333091,377,80,1981,-0.22603,1.7874,1.2606
-1607.3,-2930.8,4052.9,106.55,-4851.9,2011.7,5.918e+05,37969,1,28108,-2560.8,9640.4,-30782,691.81,-7539.2,-7272.3,2267.8,-4751,44441,348360,377,67,1979,-0.26,1.7906,1.2495
-1597,-2968.6,3936.8,-1.5184,-4785.3,1990.3,5.9724e+05,37967,1,1522.1,-6022.7,8948.4,-2262.7,1278.1,-2318.2,-9778.4,559.42,-2774.2,15311,334152,377,67,1979,-0.249,1.7921,1.2495
-1603.5,-2903.9,3859.7,-1.8314,-4691.9,1971.5,5.8654e+05,37965,1,148.3,-6049.4,8721.1,6083,648.22,230.65,-7409.3,229.11,-1744,14427,333212,377,80,1981,-0.238,1.7936,1.2495
-1611.7,-2833.1,3774.6,-1.4147,-4588.2,1954.4,5.7748e+05,37963,1,72.997,-6078.9,8739.3,6373.7,753.04,71.081,-7771.6,111.01,-1563.6,14744,333600,377,80,1981,-0.22699,1.7951,1.2495
-1776.1,-2749.7,4140.9,294.48,-4810.5,2152.8,5.9228e+05,39345,1,72004,-7199.2,25954,-30180,-172.24,-6146.8,13330,-798.96,4104.1,83987,355572,377,67,1979,-0.26109,1.7981,1.2384
-3231.7,-2255.2,3693.4,637.53,-4035.1,3533,5.9376e+05,39347,1,1.8636e+05,-12789,59916,4287.5,-1473.4,3291.3,64718,-5594.9,22497,2.0794e+05,365181,377,67,1979,-0.27212,1.7965,1.2384
-1361.3,-2487.5,3310.3,-0.29473,-4057.8,1591.3,5.7251e+05,35217,1,227.64,-5950.3,8386.9,6011.2,740.99,-235.15,-7322.2,136.6,-1172.8,14055,332788,377,80,1981,-0.17035,1.7858,1.2717
-1484,-2691.5,3580.6,-0.59667,-4370.5,1779.3,5.7882e+05,36589,1,90.955,-6001.8,8538.1,6256.1,753.42,-57.745,-7621.2,145.08,-1438.3,14450,333241,377,80,1981,-0.20407,1.7901,1.2606
-1490.9,-2621.4,3495.9,-0.3341,-4266.9,1763.3,5.7511e+05,36587,1,61.927,-6036.8,8588,6291.9,830.91,-217.32,-7721.2,-1.7151,-1179.5,14544,333335,377,80,1981,-0.19309,1.7913,1.2606
-1497,-2551.2,3410.9,-0.21943,-4163.1,1747.1,5.7273e+05,36585,1,147.65,-6020.3,8581.6,6190.5,814.39,-263.62,-7579.8,7.5668,-1105.7,14410,333185,377,80,1981,-0.18209,1.7924,1.2606
-1619.2,-2760.7,3687.7,-0.80192,-4482.2,1937.1,5.7941e+05,37961,1,71.822,-6100.5,8772.8,6414.9,829.72,-89.557,-7839.4,-10.574,-1331.1,14807,333666,377,80,1981,-0.21597,1.7964,1.2495
-1741.4,-2973.3,3965.3,-2.1956,-4800.2,2134,5.9728e+05,39343,1,1431.5,-6097.5,9158.9,-2700.7,-598.88,277.39,-9995.9,-170.8,-1772.9,15295,334141,377,67,1979,-0.25005,1.7997,1.2384
-1749.2,-2907.5,3887.4,-2.1099,-4705.9,2116.4,5.874e+05,39341,1,87.375,-6307.5,9193,6226.4,652.4,251.38,-7555.7,170.54,-1704.1,14953,333811,377,67,1979,-0.23901,1.8012,1.2384
-1758,-2833.7,3798.8,-1.3316,-4598.1,2099.6,5.7769e+05,39339,1,50.82,-6335.2,9240.9,6639.3,781.7,88.288,-8111.5,-5.1436,-1491.5,15435,334279,377,80,1981,-0.22795,1.8026,1.2384
-1765.9,-2759.2,3709,-0.54958,-4489,2082.6,5.7836e+05,39337,1,61.195,-6301.4,9183.4,6569.5,860.94,-107.89,-8056.6,-109.31,-1244.8,15311,334153,377,80,1981,-0.21689,1.804,1.2384
-4574.1,-2423,3217.7,376.44,-3624.7,4885.4,5.9276e+05,40729,1,2.0054e+05,-4979.3,51464,6446.5,441.76,836.72,73205,-1005.2,17611,2.2046e+05,365611,377,67,1979,-0.27325,1.804,1.2272
-1968.6,-2459.6,4191.5,554.33,-4678.6,2301.6,5.926e+05,40727,1,1.1957e+05,9076.8,12710,-26265,8233.6,-17626,34525,3921.8,1876.3,1.2969e+05,360549,377,67,1979,-0.26218,1.8056,1.2272
-1895.4,-2978.5,3995.4,-1.6033,-4816.2,2287.3,5.9654e+05,40725,1,5240.2,-6544.7,10735,-28943,-158.62,-5838.1,-11693,-1276,-533.84,34583,345402,377,67,1979,-0.2511,1.8072,1.2272
-1626.5,-2688.7,3600.7,-0.40409,-4376.2,1920.6,5.7837e+05,37959,1,38.659,-6145,8859,6449.5,858.65,-171.78,-7924.8,-72.927,-1203.5,14929,333781,377,80,1981,-0.20495,1.7977,1.2495
-1633.7,-2616.9,3513.6,-0.22713,-4270.2,1904.7,5.7278e+05,37957,1,86.146,-6117.8,8821.6,6344.6,861.71,-255.79,-7796.3,-86.456,-1085.6,14774,333632,377,80,1981,-0.19391,1.7989,1.2495
-1903.7,-2912.1,3915.4,-2.3364,-4720.2,2270.2,5.8783e+05,40723,1,112.47,-6673.5,9860,6270.7,681.78,218.63,-7754.1,104.29,-1667.1,15637,334498,377,80,1981,-0.24,1.8087,1.2272
-1912.3,-2834.9,3822.3,-1.3646,-4607.4,2252.9,5.7867e+05,40721,1,95.276,-6684.6,9879.9,6860.6,783.72,123.97,-8393.3,-66.099,-1468.1,16205,334985,377,80,1981,-0.2289,1.8101,1.2272
-1920.3,-2757.5,3728.7,-0.43591,-4494,2235.8,5.771e+05,40719,1,109.63,-6712.7,9939.4,6811.4,837.22,-22.081,-8375.2,-159.85,-1257.1,16208,334987,377,80,1981,-0.21779,1.8115,1.2272
-1773.6,-2685.3,3619.3,-0.21991,-4380.2,2066.4,5.741e+05,39335,1,58.39,-6295.5,9176.8,6500.3,887.5,-218.75,-8005.5,-159.84,-1089,15239,334087,377,80,1981,-0.20581,1.8053,1.2384
-2184.2,-2175.5,4082.6,725.5,-4418.5,2474.1,5.9227e+05,42113,1,1.4798e+05,8025.5,20675,-18631,1361.1,-5827.1,49244,1084.1,9286.6,1.5901e+05,362723,377,67,1979,-0.26326,1.813,1.216
-2060.9,-2975.7,4021,4.3069,-4823.3,2450.8,5.9425e+05,42111,1,4108.1,-6678.8,10841,-20599,-2568.3,-565.45,-6332.2,74.932,-1411,25541,341423,377,75,1980,-0.25213,1.8146,1.216
-2070,-2918.5,3944.2,-2.4058,-4735.5,2436,5.8656e+05,42109,1,136.42,-7219.9,10814,6121.5,517.45,435.8,-7841.2,105.87,-1707.3,16475,335219,377,80,1981,-0.24099,1.8161,1.216
-2079.2,-2837.7,3846.5,-1.1033,-4617.5,2418.8,5.7737e+05,42107,1,134.29,-7239.8,10850,7144.8,753.76,224.12,-8756.2,-142.29,-1441.9,17338,335964,377,80,1981,-0.22984,1.8176,1.216
-2087.3,-2756.9,3748.1,-0.22921,-4498.7,2401.5,5.7461e+05,42105,1,179.9,-7242.6,10870,6965.1,828.7,14.116,-8593.6,-251.89,-1169.4,17179,335836,377,80,1981,-0.21868,1.819,1.216
-2472.7,-1986.6,3814,742.31,-4073.1,2732.5,5.9101e+05,43503,1,1.629e+05,2998.7,31966,-13560,1536.9,-4916.5,59144,-4023.8,19253,1.7794e+05,363850,377,75,1980,-0.26432,1.8204,1.2048
-2246.7,-2945.6,4036.2,29.331,-4805.6,2630.7,5.8996e+05,43501,1,17888,-9636,18454,-45561,-3507.1,-4471.9,10248,-1517.2,4519.6,54674,350703,377,75,1980,-0.25315,1.822,1.2048
-2253.9,-2926.3,3970.7,-3.1453,-4748.6,2619.2,5.8615e+05,43499,1,246.93,-8138.5,12364,5425.7,585.59,191.68,-7852.2,-39.388,-1504.9,17689,336327,377,80,1981,-0.24196,1.8235,1.2048
-2264,-2842.1,3869.1,-1.3403,-4625.9,2602.6,5.7678e+05,43497,1,220.33,-8265.2,12569,7432.2,659.15,426.26,-9086.7,-215.88,-1413.6,19153,337543,377,80,1981,-0.23077,1.8249,1.2048
-3208,-2013.2,3463.4,593.63,-3740.1,3464,5.8817e+05,44897,1,1.5176e+05,-3635.2,39735,-3989.7,-1582,1808.8,59066,636.73,12197,1.6817e+05,363306,377,75,1980,-0.26538,1.8277,1.1935
-2480.3,-2798.4,4061.6,163.16,-4730.5,2841.8,5.8421e+05,44895,1,28686,-7982.2,18504,-42314,2510.2,-12962,18926,2505,311.17,59652,351617,377,80,1981,-0.25416,1.8293,1.1935
-2472.5,-2937.4,3998.7,-2.197,-4762.3,2837.4,5.8692e+05,44893,1,1057.4,-10047,15623,-1653.7,800.12,-1589.9,-7220.8,108.67,-1632.1,20171,338252,377,80,1981,-0.24293,1.8308,1.1935
-2484.6,-2851.5,3892.1,-1.7526,-4635.2,2822.7,5.7661e+05,44891,1,482.01,-10267,15871,7494.2,554.81,601.94,-9467.8,-269.24,-1424.2,22497,339678,377,80,1981,-0.23169,1.8322,1.1935
-2841.9,-2427.2,4012.4,459.66,-4465.5,3148.9,5.8115e+05,46293,1,99506,-17643,49346,-23556,14.582,-5055.6,47877,-4329.9,17328,1.2585e+05,360228,377,80,1981,-0.25516,1.8365,1.1821
-2764.6,-2936.1,4023.7,15.524,-4762,3126.8,5.8477e+05,46291,1,9178.4,-15559,26165,-17365,1218.2,-5577.3,885.16,-2081.8,3491.4,36910,346183,377,80,1981,-0.24389,1.838,1.1821
-2774.7,-2868,3916.5,-0.2296,-4644.9,3112.6,5.7711e+05,46289,1,1448.9,-13707,21661,7295.3,289.9,973.53,-9939.3,-356.19,-1391.4,28536,342841,377,80,1981,-0.23261,1.8395,1.1821
-3677.7,-2262.5,3521.3,406.23,-3904.4,3954.1,5.7651e+05,47695,1,89988,-23266,56528,-15144,-1670.9,-453.81,44569,-5645.4,18600,1.2013e+05,359652,377,80,1981,-0.25616,1.8436,1.1707
-3207.3,-2833,4022.7,121.58,-4675.8,3552.1,5.7484e+05,47693,1,24294,-18100,33742,-26215,1635.5,-8149.6,15972,-123.49,3653.4,55508,350837,377,80,1981,-0.24484,1.8452,1.1707
-3164.7,-2881.4,3939.1,13.497,-4645,3501.2,5.7692e+05,47691,1,3964,-16954,27516,2497.7,1275.6,-1529,-9004.7,-703.96,-685.91,33949,345166,377,80,1981,-0.23351,1.8466,1.1707
