"Cartesian Velocity:0","Cartesian Velocity:1","Cartesian Velocity:2","Spherical Velocity:0","Spherical Velocity:1","Spherical Velocity:2","Pressure","PointID","RegionId","GSV:0","GSV:1","GSV:2","GSV:3","GSV:4","GSV:5","GSV:6","GSV:7","GSV:8","magGSV","magGSV_Order","DescendingManifold","AscendingManifold","MorseSmaleManifold","Points:0","Points:1","Points:2"
2375.2,-1062.5,-338.05,-667.28,-455.46,2496.4,4.6902e+05,651953,1,-64935,-1.3289e+05,-85921,-48248,-98081,-63791,-21489,-48478,-30638,2.2142e+05,365635,103,1668,685,-0.7341,-0.86014,1.8858
2930.1,-253.22,-105.92,-985.17,-1423.5,2379.8,4.931e+05,651951,1,22683,-1.3002e+05,-50452,-74521,-2.0242e+05,-1.2259e+05,-27944,-1.2103e+05,-66809,3.1845e+05,367207,103,1664,684,-0.74566,-0.86014,1.8813
962.36,-1300.7,-193.39,17.747,411.53,1576.6,4.7205e+05,650477,1,618.24,-5160.5,-2119.7,-28.692,1974.5,872.56,-820.3,7757.1,3174.8,10348,325539,103,1668,685,-0.72439,-0.84771,1.8952
967.69,-1319.6,-212.91,1.7658,420.01,1595.9,4.4792e+05,650475,1,-11600,-40425,-22796,-8720.7,-10009,-7966.3,-1318.5,6238.7,2272.3,50734,349872,103,1664,684,-0.736,-0.84771,1.8907
1084.1,-1305.9,-164.7,1.1165,331.41,1672.7,5.7173e+05,648999,1,278.6,6209.6,2836.7,-3711.7,86.144,-1353.2,-2391.5,2344.6,131.72,8575.1,319712,103,1668,685,-0.71456,-0.83524,1.9044
1065,-1257.8,-135.45,8.9902,284.52,1629,5.5861e+05,648997,1,202.76,5844.8,2650.9,-2834.5,1676.7,-338.44,-1958.4,3092.8,617.35,8122.3,317775,103,1664,684,-0.72623,-0.83524,1.9
2444.1,1760.6,557.72,-1054.4,-2796.9,671.19,5.0842e+05,651949,1,29325,-95236,-31996,-1.0236e+05,-2.9839e+05,-1.7841e+05,-27713,-1.9436e+05,-1.0073e+05,4.3703e+05,367785,103,1664,684,-0.75719,-0.86014,1.8767
2552,3762,1468.4,-1113.6,-4606.1,-603.95,5.136e+05,651947,1,10403,-67653,-26872,-47954,-3.4818e+05,-1.7975e+05,-10861,-2.3358e+05,-1.1211e+05,4.7801e+05,367892,103,1664,684,-0.76869,-0.86014,1.872
1073.5,-1322.6,-333.85,-141.48,413.4,1679.9,4.5194e+05,650473,1,-6803.6,-64994,-32178,3794.1,-31661,-12891,16020,1203.4,6850.9,82426,355352,103,1664,684,-0.74759,-0.84771,1.8862
1420.4,-1289.2,-646.57,-546.63,345.56,1918.2,4.6736e+05,650471,1,-2067.2,-54775,-25623,-22870,-1.0084e+05,-55074,-912.74,-23000,-10982,1.343e+05,360923,103,1664,684,-0.75915,-0.84771,1.8815
1035.3,-1214.6,-104.55,23.808,246.78,1580.1,5.3681e+05,648995,1,635.46,5363.3,2605,-3445,3786.8,341.94,-3054.6,4354.3,741.09,9545.6,323260,103,1664,684,-0.73788,-0.83524,1.8955
1026.6,-1180.8,-71.104,37.43,202.39,1552.7,5.0908e+05,648993,1,-4807.2,-1328.3,-2529,-2361,5324.7,1436.2,955.62,12579,5988.7,16195,334987,103,1664,684,-0.74949,-0.83524,1.891
1144.4,-1310,-135.37,-0.20779,272.49,1723.4,5.5388e+05,647517,1,258.49,4041.2,1839.5,-3731.5,-243.75,-1505,-2191.2,1989.2,34.788,6692.5,310214,103,1664,684,-0.71635,-0.82275,1.9092
1134.6,-1259.4,-110.59,-0.25243,220.9,1684.3,5.7178e+05,647515,1,138.68,4308.6,1915.9,-3743.9,-177.37,-1507.3,-2120.5,1873.7,-1.8414,6825.1,310908,103,1664,684,-0.72805,-0.82275,1.9048
1124.1,-1209,-85.785,0.09067,170.65,1644.3,5.7594e+05,647513,1,271.54,4799.4,2186.5,-3528.5,141.27,-1310.5,-2234.3,1631.7,-164.82,7053.9,311984,103,1664,684,-0.73972,-0.82275,1.9003
1200.1,-1313.6,-105.84,-0.017872,214.93,1769.4,5.4574e+05,646033,1,180.53,3819.8,1684.9,-3749.8,-238.29,-1507.9,-2147.3,2026.7,52.376,6524.9,309165,103,1668,685,-0.71811,-0.81022,1.9139
1255.3,-1316.9,-76.538,-0.0027282,156.63,1814.2,5.4781e+05,644547,1,188.2,3811.5,1655.4,-3752.5,-226.87,-1502.3,-2144.3,2023,36.588,6510.3,309060,103,1668,685,-0.71984,-0.79766,1.9185
1933.4,-1222.4,-871.06,-949.87,115.74,2252.8,4.7853e+05,650469,1,-16693,-58882,-33342,8587.4,-1.7073e+05,-74295,14690,-52787,-18263,2.0721e+05,365150,103,1664,684,-0.77068,-0.84771,1.8769
2120.2,-784.35,-812.19,-1143.3,-307.26,2090.1,4.9049e+05,650467,1,16253,-64090,-22103,-27856,-2.2605e+05,-1.1476e+05,-8300.5,-87499,-43578,2.8201e+05,366832,103,1664,684,-0.78218,-0.84771,1.8721
1050.7,-1181.8,-35.538,54.725,160.51,1572.6,4.9055e+05,648991,1,7339.6,-7857.6,-541.34,204.95,5137,2368.5,-2820.1,17026,6475.1,22084,339459,103,1664,684,-0.76108,-0.83524,1.8863
831,-1237.8,-79.768,109.94,335.97,1450.6,4.927e+05,648989,1,10093,-29977,-9302.9,-4346.5,1869.7,-1002.7,1497.5,26651,12526,44495,348376,103,1664,684,-0.77264,-0.83524,1.8816
1111.8,-1159.5,-59.919,2.2936,122.15,1602.9,5.7523e+05,647511,1,-44.747,4486.4,1933.9,-3075.1,1440.5,-587.12,-2341.2,1138,-437.78,6537.4,309251,103,1664,684,-0.75137,-0.82275,1.8957
1190.4,-1263,-80.934,-0.030511,163.15,1729.8,5.4641e+05,646031,1,193.75,3831.4,1700,-3727.4,-235.2,-1524.5,-2135,2032.7,46.524,6524.8,309163,103,1664,684,-0.72984,-0.81022,1.9095
1180.4,-1212.7,-56.309,-0.036623,112.67,1689.5,5.4793e+05,646029,1,214.43,3850.5,1721.4,-3682.1,-232.05,-1532,-2101.2,2034.3,47.346,6507.7,309040,103,1664,684,-0.74154,-0.81022,1.9049
1169.7,-1162.9,-32.244,-0.04241,64.019,1648.5,5.5275e+05,646027,1,378.86,3979.3,1847.7,-3583.9,-221.73,-1514.8,-2096.7,1939.4,-4.5722,6537.4,309250,103,1664,684,-0.75321,-0.81022,1.9004
1245.7,-1266.2,-51.522,0.0067698,104.68,1773.9,5.466e+05,644545,1,193.09,3813.5,1663.1,-3727.6,-217.59,-1515.4,-2132,2029.9,31.038,6500.1,308981,103,1668,685,-0.7316,-0.79766,1.9141
1310.4,-1320.2,-47.271,-0.0015045,97.479,1858.2,5.4843e+05,643059,1,194.38,3808.5,1625.4,-3754.2,-217.9,-1500.1,-2141.4,2026.9,21.15,6501.6,308991,103,1668,685,-0.72155,-0.78507,1.9231
1300.8,-1269.3,-22.154,0.0068029,45.357,1817,5.4753e+05,643057,1,196.37,3812.2,1639.8,-3731.6,-210.09,-1512.5,-2131.3,2032.4,19.59,6495.4,308948,103,1668,685,-0.73333,-0.78507,1.9186
1708.3,627.22,-305.67,-1117.9,-1218.8,818.36,5.0166e+05,650465,1,15805,-60155,-20650,-97621,-2.7823e+05,-1.6855e+05,-40112,-1.2875e+05,-76027,3.7896e+05,367569,103,1664,684,-0.79366,-0.84771,1.8673
553.76,-1247.8,-255.83,58.117,586.23,1257.8,4.8325e+05,648987,1,11550,-45008,-15505,-728.54,-8951.3,-4387.2,12789,26541,17214,60529,351771,103,1664,684,-0.78417,-0.83524,1.8769
714.19,-1178.8,-539.96,-270.34,590.55,1330.2,4.6796e+05,648985,1,-782.89,-39634,-18197,-30867,-67529,-43574,-4583.7,1309.7,-1496.1,96639,357158,103,1659,683,-0.79567,-0.83524,1.872
1091,-1112.4,-30.488,11.427,79.005,1556.3,5.6912e+05,647509,1,4160.7,5591.7,4122.8,-2705.3,2931.9,198.48,-1250.4,1636.2,209.6,9263.6,322410,103,1664,684,-0.76299,-0.82275,1.8911
1004.3,-1071.5,-10.41,38.215,84.05,1465.6,5.6352e+05,647507,1,7332.6,12102,8293.8,-3309.7,4868,780.06,-441.28,3173.5,1209.8,17776,336414,103,1664,684,-0.77458,-0.82275,1.8863
804.4,-1046.4,-37.407,71.939,191.23,1304.5,5.5011e+05,647505,1,6960.2,13866,8948.1,-1888,8103.6,2784,6025.4,12080,7844.4,25328,341298,103,1664,684,-0.78613,-0.82275,1.8815
1959.1,3094.2,847.44,-1192.5,-3493.5,-710.28,5.0446e+05,650463,1,11423,-42476,-14255,-61650,-3.2842e+05,-1.7637e+05,-25186,-1.7984e+05,-93022,4.319e+05,367771,103,1659,683,-0.8051,-0.84771,1.8624
1235.9,-1215.8,-26.736,0.031204,53.975,1733,5.4483e+05,644543,1,210.57,3822.7,1680.6,-3686.3,-210.94,-1521.3,-2107.7,2039.9,33.723,6486.8,308873,103,1668,685,-0.74333,-0.79766,1.9095
1156.2,-1114.6,-9.7954,0.097195,19.496,1605.9,5.5879e+05,646025,1,779.08,4231.2,2125.2,-3422.1,-200.62,-1465.9,-1741.7,1763,50.126,6562.8,309427,103,1664,684,-0.76486,-0.81022,1.8957
1225.5,-1166.1,-2.4486,0.093136,5.0636,1691.6,5.4438e+05,644541,1,246.76,3851,1705.6,-3584,-193.79,-1501.3,-2056.8,2061.5,45.505,6486.8,308863,103,1668,685,-0.75503,-0.79766,1.9049
1213.8,-1118.2,20.681,0.26148,-40.652,1650,5.4618e+05,644539,1,550.57,4034.9,1922.1,-3376.1,-225.37,-1456.7,-1870.1,2123.7,140.14,6486.8,308869,103,1664,684,-0.76671,-0.79766,1.9003
1365.3,-1323.3,-18.022,-0.0011115,37.448,1901.1,5.4989e+05,641571,1,199.63,3805.6,1602.4,-3759,-215.31,-1494.2,-2140.5,2027.8,12.368,6495.6,308949,103,1668,685,-0.72323,-0.77246,1.9275
1355.8,-1272.2,7.194,0.0058646,-14.825,1859.2,5.4809e+05,641569,1,200.17,3808.4,1606.3,-3739.9,-201.51,-1510.4,-2131.7,2036.2,3.1181,6490.2,308907,103,1668,685,-0.73504,-0.77246,1.9231
1291.1,-1218.7,2.7764,0.02924,-5.5886,1775.4,5.4667e+05,643055,1,203.02,3821.9,1645,-3687,-191.78,-1515.6,-2111.2,2045.8,15.265,6486.8,308872,103,1668,685,-0.74509,-0.78507,1.9141
1089.7,-879.94,-772.66,-721.81,302.46,1395.1,4.765e+05,648983,1,302.4,-43980,-19529,-1041.3,-1.4458e+05,-65639,18614,-35338,-8074.7,1.7085e+05,363451,103,1659,683,-0.80715,-0.83524,1.8671
692.37,-1075.9,-102.13,64.228,301.17,1246,5.1237e+05,647503,1,3501.2,11220,6343.4,1028.2,5369,2796.2,1723.3,16260,7893.3,23361,340221,103,1659,683,-0.79766,-0.82275,1.8767
676.34,-1128.1,-186.37,14.584,378.78,1273.3,4.6523e+05,647501,1,3394.6,-3103.6,62.435,-4439,-4068.3,-3764.3,2990.3,25636,12607,29944,343524,103,1659,683,-0.80916,-0.82275,1.8718
1131.7,-1069.6,7.805,1.2009,-13.27,1557.1,5.5968e+05,646023,1,1929.1,5968.1,3349.3,-3105.7,-170.19,-1345.4,-1477.3,1899,205.5,8238.5,318429,103,1664,684,-0.77648,-0.81022,1.891
1083,-1028.4,18.4,6.5685,-24.835,1493.4,5.6272e+05,646021,1,4737.9,13096,7630.3,-2138.2,1040.4,-440.27,-71.649,3729.7,1578.6,16566,335279,103,1659,683,-0.78807,-0.81022,1.8862
1792.7,4817.6,1646.4,-1132.3,-4862.7,-2050.9,5.0901e+05,650461,1,25181,-22999,761.22,-41792,-3.7795e+05,-1.9098e+05,-6170.3,-2.2621e+05,-1.0616e+05,4.9468e+05,367919,103,1659,683,-0.81651,-0.84771,1.8574
900.7,-504.82,-886.47,-894.25,242.91,996.62,4.8114e+05,648981,1,21107,-42564,-9890.9,-26529,-1.8423e+05,-94874,-3354.9,-55890,-26929,2.2329e+05,365682,103,1659,683,-0.81859,-0.83524,1.8621
1281.1,-1168.8,27.328,0.096482,-54.937,1733.4,5.4716e+05,643053,1,224.25,3836.5,1666.4,-3595.3,-175.7,-1497,-2070,2059.6,26.488,6486.8,308859,103,1668,685,-0.75682,-0.78507,1.9095
1270.4,-1120.5,51.035,0.26582,-101.69,1691.6,5.4859e+05,643051,1,285.42,3931.8,1736,-3412.8,-131.19,-1430.7,-1980.5,2115.4,73.04,6486.8,308857,103,1664,684,-0.76852,-0.78507,1.9048
1198.2,-1074.2,40.915,0.83327,-79.309,1607.8,5.449e+05,644537,1,578.38,4284.6,2037.9,-3096.9,-200.59,-1353.5,-1732.1,2222.9,224.21,6503.8,309008,103,1664,684,-0.77835,-0.79766,1.8955
1346.1,-1221.4,32.26,0.02293,-65.981,1816.8,5.4788e+05,641567,1,199.42,3811.9,1612.5,-3702,-187,-1516.3,-2117.3,2044.9,-0.857,6486.8,308868,103,1668,685,-0.74682,-0.77246,1.9185
1410.6,-1275.1,36.514,0.0049391,-75.856,1900.3,5.4908e+05,640079,1,206,3806.4,1576.9,-3747.1,-194.62,-1511.5,-2130.9,2039.9,-13.223,6487.1,308878,103,1668,685,-0.73672,-0.75981,1.9275
1401,-1224,61.713,0.02105,-127.19,1857,5.4842e+05,640077,1,201.5,3809.8,1586.2,-3715,-175.69,-1517.5,-2120.4,2049.9,-15.289,6486.8,308870,103,1668,685,-0.74853,-0.75981,1.9229
1336.3,-1171.2,57.052,0.073478,-115.74,1774.1,5.4876e+05,641565,1,201.12,3831.8,1626.3,-3626.7,-156.23,-1500.4,-2089,2065.7,5.834,6486.8,308864,103,1668,685,-0.75858,-0.77246,1.9139
982.37,-992.47,24.012,28.998,1.5399,1396.3,5.5827e+05,646019,1,4351.7,15102,8379.9,-1516.2,4323,1239.4,267.04,7444.2,3345,20160,338241,103,1659,683,-0.79962,-0.81022,1.8813
571.05,-1141.4,-287.44,-30.075,495.61,1210.4,4.4296e+05,647499,1,7111.2,-5672.8,571.36,-13150,-35391,-21623,-191.74,25347,11124,52367,350225,103,1659,683,-0.82063,-0.82275,1.8668
862.59,-973.74,11.78,50.642,60.289,1298.5,5.4302e+05,646017,1,6000.6,14070,8654.9,-1668.6,4613.9,1290.6,310.89,7915.4,3568,20251,338312,103,1659,683,-0.81115,-0.81022,1.8764
723.5,-979.05,-33.935,61.19,163.79,1205.2,5.2312e+05,646015,1,2368.3,14997,7505,-2949.9,7043.8,1755.8,1479.6,13783,6639.6,24177,340667,103,1659,683,-0.82265,-0.81022,1.8713
1178.7,-1034.3,57.394,1.1212,-110.53,1565.3,5.4755e+05,644535,1,1215.3,5204.3,2704.5,-2875.9,-233.66,-1297,-1429.2,2460.8,443.12,7360.5,313656,103,1659,683,-0.78997,-0.79766,1.8907
1147.4,-995.96,69.168,2.3712,-130.54,1515.3,5.548e+05,644533,1,2352.7,8702.8,4693.4,-2523.9,-99.425,-1113.6,-1080.4,3077.3,844.38,11058,327984,103,1659,683,-0.80155,-0.79766,1.8858
650.45,599.43,-602.51,-982.05,-423.66,38.863,4.8074e+05,648979,1,27455,-28508,-609.84,-39844,-2.5774e+05,-1.3447e+05,-7001.6,-99369,-48294,3.1611e+05,367186,103,1659,683,-0.83,-0.83524,1.857
1258.5,-1075.7,73.065,0.67011,-144.01,1650.9,5.4767e+05,643049,1,329.4,4228,1883.9,-3081.3,-34.166,-1282.8,-1823.8,2273.5,189.1,6486.8,308858,103,1659,683,-0.7802,-0.78507,1.9
1326.4,-1122.3,81.287,0.18921,-163.52,1731.7,5.5077e+05,641563,1,180.23,3865.7,1636.8,-3474.8,-114.26,-1447.9,-2041.2,2095.9,24.582,6486.8,308856,103,1668,685,-0.77031,-0.77246,1.9092
1316.6,-1076.1,104.64,0.40487,-208.63,1690.8,5.5132e+05,641561,1,97.703,3961.9,1644.4,-3299.5,-9.0974,-1356.6,-2005.7,2172.2,57.139,6486.8,308852,103,1659,683,-0.78201,-0.77246,1.9044
1465.2,-1277.9,65.807,0.0029711,-137.75,1940.5,5.5152e+05,638587,1,213.84,3807.2,1553.4,-3756.6,-196.29,-1507.3,-2130.5,2040.4,-22.971,6486.8,308848,103,1602,677,-0.73837,-0.74713,1.9318
1455.6,-1226.6,91.127,0.015892,-189.22,1896.3,5.5041e+05,638585,1,208.4,3806.8,1554.5,-3740.3,-177.76,-1522.9,-2125.8,2048.9,-33.359,6486.8,308849,103,1608,679,-0.75021,-0.74713,1.9272
1391.3,-1173.4,86.731,0.060173,-177.32,1813.5,5.5032e+05,640075,1,186.56,3815.2,1585.1,-3659.8,-151.67,-1510.5,-2105.6,2062.7,-17.511,6486.8,308866,103,1668,685,-0.76031,-0.75981,1.9183
1446,-1175.5,116.37,0.047577,-239.69,1851.8,5.5183e+05,638583,1,185.8,3811.9,1559.7,-3688,-143.48,-1517.6,-2115.4,2065.1,-33.313,6486.8,308850,103,1608,679,-0.76202,-0.74713,1.9226
1381.8,-1123.8,111.45,0.13432,-225.99,1770.2,5.5261e+05,640073,1,140.19,3848.2,1584.5,-3556,-83.205,-1467.6,-2084.4,2102.2,-6.222,6486.8,308851,103,1608,679,-0.77207,-0.75981,1.9136
590.98,-1032,-463.32,-229.76,505.11,1149.4,4.3494e+05,647497,1,257.27,5244.6,2420.3,-13885,-57186,-31778,-970.71,13938,5637.2,68799,353310,103,1659,683,-0.83207,-0.82275,1.8617
1104.3,-958.79,78.442,6.536,-140.64,1457.8,5.5738e+05,644531,1,2933.6,14052,7268.3,-2539.2,1187.2,-589.21,-738.44,4830.9,1740.5,17147,335808,103,1659,683,-0.81311,-0.79766,1.8809
715.74,-980.78,-69.788,30.648,181.15,1202.2,4.8018e+05,646013,1,-1995.2,12813,4652.6,-4264.3,6596.5,933.79,-2259.6,19915,7657.8,26696,342005,103,1659,683,-0.83412,-0.81022,1.8663
1041.6,-912.73,91.612,18.626,-145.13,1380.2,5.6005e+05,644529,1,1564.5,14593,6894.8,-4714.7,1545.2,-1413.5,-2387.9,5359.5,1229.3,18042,336644,103,1659,683,-0.82464,-0.79766,1.8759
962.72,-840.75,114.93,36.695,-159.3,1272.9,5.5325e+05,644527,1,950.88,16441,7446.7,-6580.2,5407.1,-628.85,-2546,9002.9,2715.3,22237,339536,103,1659,683,-0.83613,-0.79766,1.8708
1245.7,-1035.5,92.644,0.97118,-181.04,1612.5,5.4624e+05,643047,1,585.09,4732.5,2211.7,-2786.6,-28.782,-1178.3,-1592.5,2479.1,363.46,6752.7,310536,103,1659,683,-0.79184,-0.78507,1.8952
1230.2,-999.6,109.02,1.0967,-211.57,1574.7,5.4648e+05,643045,1,290.46,5147.3,2259,-2652.7,36.956,-1111.1,-1622.6,2665.7,416.92,7061.7,312013,103,1659,683,-0.80345,-0.78507,1.8903
1212.6,-963.82,124.01,0.988,-239.31,1535.4,5.4707e+05,643043,1,802.6,6906.3,3231.2,-3042.6,13.849,-1310.7,-1673.9,3126.1,580.33,9092.3,321811,103,1659,683,-0.81504,-0.78507,1.8853
470.82,1943.5,-158.18,-1051.6,-1349.3,-1047.6,4.7793e+05,648977,1,2491.6,7706.3,4590.7,-22337,-2.7102e+05,-1.3267e+05,-6619.9,-95141,-46199,3.2073e+05,367224,103,1659,683,-0.84138,-0.83524,1.8519
1655.1,-2089.2,-314.86,0.061518,756.33,2575.1,5.5501e+05,637125,1,213.19,3851.3,1470,-3595.1,-348.89,-1108.7,-2088.2,1970.3,152.63,6291.3,306863,103,1668,685,-0.54666,-0.73443,1.9992
1647.5,-2040.9,-289.59,0.03615,690.05,2547,5.5614e+05,637123,1,207.1,3839.2,1472.5,-3646.3,-340.7,-1145,-2107.5,1972.5,137.55,6326.5,307210,103,1668,685,-0.55892,-0.73443,1.9958
1639.9,-1991.9,-264.15,0.0127,624.32,2517.3,5.5775e+05,637121,1,207.56,3833.7,1468.1,-3682.8,-329.42,-1176.8,-2119.8,1978.3,119.2,6354,307458,103,1668,685,-0.57116,-0.73443,1.9924
1308.2,-1033.5,127.03,0.63447,-251.11,1653,5.5076e+05,641559,1,-17.717,4324.3,1753.8,-2949.4,210.12,-1148.2,-1899,2409.8,187.12,6486.8,308860,103,1659,683,-0.79368,-0.77246,1.8996
1373.2,-1076,135.82,0.22733,-273.19,1728.4,5.5401e+05,640071,1,-1.8125,3897.8,1550.6,-3405.3,8.2754,-1394.7,-2081.4,2155.5,3.3954,6486.8,308854,103,1608,679,-0.7838,-0.75981,1.9088
1366.9,-1030.6,160.17,0.29588,-319.64,1689.4,5.5458e+05,640069,1,-266.71,3969.3,1469.7,-3286.4,176.96,-1300.9,-2134.6,2246.3,4.0626,6486.8,308853,103,1608,679,-0.79549,-0.75981,1.9039
1529.4,-1332.2,69.623,-0.001636,-148.04,2024,5.5593e+05,637095,1,222.7,3812.2,1526.4,-3768.1,-200.91,-1489.9,-2130.8,2040.8,-27.111,6486.7,308843,103,1602,677,-0.7281,-0.73443,1.9405
1519.8,-1280.7,95.091,0.0014137,-200.55,1979.6,5.5397e+05,637093,1,221.41,3810.9,1531.2,-3759.5,-187.02,-1512.4,-2126.9,2047.2,-38.498,6487.6,308884,103,1602,677,-0.73999,-0.73443,1.936
1510.2,-1229.1,120.51,0.0096781,-252.1,1934.5,5.5316e+05,637091,1,216,3809.5,1532.7,-3750.1,-175.99,-1526.7,-2124.9,2052,-46.885,6486.8,308874,103,1602,677,-0.75186,-0.73443,1.9314
1500.6,-1177.7,145.89,0.028269,-302.72,1889,5.5436e+05,637089,1,197.57,3804.7,1528.5,-3730.5,-147.58,-1534.8,-2124.2,2061.5,-56.124,6486.8,308871,103,1608,679,-0.76369,-0.73443,1.9268
1436.8,-1125,141.54,0.096772,-289.17,1807.3,5.5445e+05,638581,1,119.59,3810.7,1527.9,-3656.5,-86.372,-1508.7,-2127,2087.3,-47.625,6486.8,308862,103,1608,679,-0.7738,-0.74713,1.9179
1428.7,-1075.8,166.63,0.107,-337.78,1764.2,5.5674e+05,638579,1,-20.107,3848.6,1499.4,-3495.7,22.249,-1426.4,-2119,2142.8,-30.558,6486.8,308855,103,1608,679,-0.78555,-0.74713,1.9131
608.47,-734.46,-558.72,-430.33,364.63,950.63,4.368e+05,647495,1,-7504.9,8622.1,396.78,-9475.9,-97299,-47776,1047.7,3398.8,1841.9,1.0948e+05,358563,103,1659,683,-0.84348,-0.82275,1.8565
721.57,-890.94,-60.571,-0.4543,113.01,1142.5,4.1562e+05,646011,1,-3080.5,9145.8,2560.9,-11501,-1320.7,-5848.5,-4050.3,22646,8048.8,29359,343248,103,1659,683,-0.84555,-0.81022,1.8611
1195.5,-914.2,144.19,0.2944,-277.64,1486.2,5.5115e+05,643041,1,-544.69,8420.5,3270.9,-4815.5,199.01,-2039.3,-2726.1,3694.1,337.18,11423,328860,103,1659,683,-0.82659,-0.78507,1.8803
1178.3,-831.07,178.73,0.038721,-342.16,1412,5.6803e+05,643039,1,793.42,11636,5241,-7070.6,354.16,-3011.8,-3472.1,4187.7,203.94,15884,334720,103,1659,683,-0.83811,-0.78507,1.8752
887.23,-742.59,132.94,40.174,-186.76,1148.8,5.3307e+05,644525,1,291.96,14626,6363.5,-7871.2,6307.1,-863.16,-3343,10024,2778.2,21826,339306,103,1659,683,-0.84759,-0.79766,1.8656
1144.9,-708.16,229.78,5.8855,-427.27,1297.1,5.8347e+05,643037,1,34.42,13767,5803.9,-9358.8,1720,-3527.5,-4569.8,5781.3,353.03,19510,337787,103,1658,682,-0.8496,-0.78507,1.87
1302,-995.66,148.21,0.63021,-290.98,1619.8,5.5159e+05,641557,1,-219.02,4972,1939.9,-2796.9,412.68,-1022.6,-1899.4,2771,324.17,6997.3,311717,103,1659,683,-0.80532,-0.77246,1.8947
1299.4,-957.54,170.69,0.33001,-333.29,1588.5,5.535e+05,641555,1,-838.71,5683.3,1959.8,-3395.7,636.91,-1211.9,-2364.4,3162.4,268.1,8118.7,317757,103,1658,682,-0.81693,-0.77246,1.8897
520.79,3069.6,365.7,-1060.8,-2314.9,-1828.5,4.7393e+05,648975,1,-22110,19298,-1525.5,-17944,-3.0932e+05,-1.4845e+05,-18751,-1.1839e+05,-62439,3.7036e+05,367533,103,1659,683,-0.85272,-0.83524,1.8467
987.86,3903.6,920.17,-1100.4,-3369.8,-2120.1,4.7075e+05,648973,1,-35576,16687,-9072.2,4730.2,-3.0885e+05,-1.3811e+05,-15074,-1.2481e+05,-63880,3.6877e+05,367529,103,1658,682,-0.86404,-0.83524,1.8415
757.85,-321.58,-506.26,-600.54,1.1827,757.24,4.3593e+05,647493,1,-14508,6962.3,-3606.4,-19390,-1.3869e+05,-71049,-15460,-18260,-15453,1.6045e+05,362817,103,1659,683,-0.85486,-0.82275,1.8513
1733,-2232.3,-360.14,0.31879,896.32,2704.2,5.5235e+05,635635,1,246.61,3922.9,1468.8,-3297.6,-336.19,-957.45,-1966.1,1997.2,216.93,6116.5,305108,103,1668,685,-0.51087,-0.7217,2.0133
1725.3,-2187.9,-336.23,0.19707,829.84,2681,5.5361e+05,635633,1,241,3896.9,1461.2,-3386,-350.23,-1003.5,-2002.2,1984.1,193.12,6160.8,305543,103,1668,685,-0.52321,-0.7217,2.0101
1717.8,-2141.8,-311.7,0.10344,762.9,2655.8,5.5563e+05,635631,1,227.54,3868.1,1451.8,-3520.9,-356.81,-1068,-2055.6,1973.2,160.98,6239.5,306340,103,1668,685,-0.53554,-0.7217,2.0069
1710.2,-2094.2,-286.65,0.065298,695.79,2628.4,5.5645e+05,635629,1,225.47,3854.3,1450.7,-3612.4,-347.13,-1116.9,-2090.7,1975.2,137.67,6302.3,306984,103,1668,685,-0.54784,-0.7217,2.0035
1702.5,-2045.7,-261.34,0.046505,629.12,2599.2,5.5693e+05,635627,1,221.95,3846.6,1450.8,-3659.3,-337.18,-1150.6,-2107.5,1979.4,121.9,6336.6,307298,103,1668,685,-0.56013,-0.7217,2.0001
1694.7,-1996.7,-235.85,0.022877,563.06,2568.5,5.5818e+05,635625,1,217.2,3840.7,1450.5,-3687,-328.92,-1175.9,-2117.6,1982.8,109.62,6357.3,307490,103,1668,685,-0.57239,-0.7217,1.9967
1687,-1947.1,-210.22,0.0065406,497.7,2536.5,5.5936e+05,635623,1,212.63,3837.6,1451.3,-3708,-317.67,-1198.5,-2126,1987.6,98.23,6375.4,307775,103,1668,685,-0.58463,-0.7217,1.9931
1593.3,-1386.7,73.252,-0.0036583,-158.26,2107.6,5.6012e+05,635601,1,229.37,3818.9,1498.5,-3774.6,-206.42,-1466.3,-2130.6,2041.1,-28.784,6483,308810,103,1602,677,-0.71772,-0.7217,1.9491
1366,-987.85,185.56,0.16117,-367.8,1655.6,5.5681e+05,640067,1,-612.54,4316.4,1472.3,-3030.6,492.07,-1090.4,-2161.3,2515.1,91.049,6541.7,309276,103,1658,682,-0.80716,-0.75981,1.899
1423.3,-1028,192.18,0.020166,-386.72,1723.3,5.5817e+05,638577,1,-359.2,3869.5,1359.5,-3538,192.2,-1403.2,-2257.4,2212.8,-79.826,6486.8,308865,103,1608,679,-0.79728,-0.74713,1.9082
1423.2,-981.38,219.28,-0.32635,-438.43,1686.5,5.6078e+05,638575,1,-952.55,4000.6,1166.6,-3497.8,542.6,-1275.7,-2472.3,2392.5,-112.01,6654.2,310006,103,1608,679,-0.80897,-0.74713,1.9033
1583.9,-1335.1,98.836,-0.002527,-211.77,2063,5.5871e+05,635599,1,230.78,3818,1503.5,-3771,-197.83,-1488.3,-2127.5,2045.6,-39.12,6486.8,308844,103,1602,677,-0.72967,-0.7217,1.9447
1574.4,-1283.4,124.38,0.00020168,-264.29,2017.7,5.5662e+05,635597,1,231.48,3817.1,1506,-3767.7,-187.88,-1508,-2124.7,2050.4,-49.563,6489.8,308900,103,1602,677,-0.74159,-0.7217,1.9402
1564.7,-1231.6,149.87,0.0057421,-315.85,1971.8,5.5556e+05,635595,1,225.46,3813.7,1512.1,-3759,-171.25,-1529.1,-2122.8,2056.7,-59.372,6490,308902,103,1608,679,-0.75348,-0.7217,1.9356
1491.2,-1126.5,171.29,0.054279,-352.54,1843.3,5.5646e+05,637087,1,129.57,3797.6,1503.2,-3703.6,-108.3,-1535.6,-2139.2,2074,-70.638,6486.8,308867,103,1608,679,-0.7755,-0.73443,1.9221
1555,-1179.9,175.35,0.014886,-366.5,1925.3,5.5654e+05,635593,1,211.66,3811.7,1508.5,-3755.3,-154.57,-1546.2,-2125.6,2063.2,-71.381,6492,308921,103,1608,679,-0.76534,-0.7217,1.9309
1545.5,-1128.1,200.91,0.022705,-416.51,1878.3,5.587e+05,635591,1,156.43,3800.9,1487,-3757.5,-107.73,-1556.4,-2146.1,2076.8,-87.829,6493.2,308933,103,1608,679,-0.77717,-0.7217,1.9262
1483.2,-1075.7,197.02,0.040382,-402.31,1798.3,5.5871e+05,637085,1,-21.02,3789.4,1442.6,-3665.3,4.9935,-1503,-2178.5,2113.6,-84.973,6486.8,308861,103,1608,679,-0.78728,-0.73443,1.9173
756.13,-784.21,-54.098,-51.386,20.002,1089.3,3.8405e+05,646009,1,-8433.3,3139.8,-2566.5,-12102,-17651,-13428,-8291.8,20149,4968.1,35005,345542,103,1658,682,-0.85696,-0.81022,1.8559
889.85,-651.57,162.57,26.274,-263.26,1083,4.8326e+05,644523,1,-4282,12789,3486.7,-8268.4,7210.9,-704.58,-4620.2,11320,2733.5,21723,339235,103,1658,682,-0.85902,-0.79766,1.8604
1299.1,-909.15,197.71,-0.64074,-384.86,1550.8,5.5718e+05,641553,1,-1638.3,6878.6,2092.5,-5089,849.24,-1899.1,-3316.1,3750.2,71.97,10472,325942,103,1658,682,-0.82851,-0.77246,1.8847
1306.1,-827.32,239.85,-3.341,-467.65,1493.1,5.5997e+05,641551,1,-1250,8634.7,2996.8,-7759.8,658.6,-3208.1,-4370.9,4310.9,-184.24,13920,332626,103,1658,682,-0.84006,-0.77246,1.8796
1099.7,-562.32,292.51,18.197,-522.88,1156.5,5.5605e+05,643035,1,-2258.2,12675,4284.4,-10860,4738.2,-3019.5,-6217.9,7497.5,286.21,20702,338609,103,1657,681,-0.86106,-0.78507,1.8648
1310.5,-701.77,301.1,-4.3335,-582.94,1400.3,5.6148e+05,641549,1,-1028,10122,3712.7,-10179,672.51,-4352.1,-5414.2,4780.7,-489.95,17109,335770,103,1658,682,-0.85158,-0.77246,1.8744
1291,-547.7,369.51,-0.2132,-701.84,1269.1,5.6618e+05,641547,1,-702.79,11179,4291.9,-11936,971.38,-5108.4,-6177.6,5155.7,-723.34,19459,337752,103,1645,680,-0.86306,-0.77246,1.8691
1370.8,-946.56,212.48,-0.36471,-418.88,1626.3,5.6053e+05,640065,1,-1649.6,4638.7,1141,-3730.5,882.02,-1261.8,-2823.5,2789.8,-105.89,7589,315029,103,1658,682,-0.8188,-0.75981,1.894
1388.2,-892.27,248.91,-2.1111,-489.82,1595.4,5.6692e+05,640063,1,-2116.3,5455.4,1268.5,-4817.6,1128.3,-1663.9,-3417.9,3227.2,-201.64,9232.5,322289,103,1658,682,-0.8304,-0.75981,1.889
1679.5,4592.9,1546.3,-1122,-4513.1,-2163.4,4.7157e+05,648971,1,-41501,14034,-13205,1795.3,-3.0775e+05,-1.3936e+05,-21166,-1.3037e+05,-69535,3.7217e+05,367542,103,1658,682,-0.87532,-0.83524,1.8361
975.25,305.49,-203.45,-669.28,-659.74,450.14,4.3575e+05,647491,1,-17922,-2593.2,-9564.4,-15088,-1.3057e+05,-65522,-16517,-19929,-16803,1.5147e+05,362197,103,1658,682,-0.8662,-0.82275,1.8461
1323.6,893.13,174.51,-716.31,-1415.1,253.79,4.3619e+05,647489,1,-22608,-15637,-17770,-3993.8,-1.7603e+05,-80897,-15620,-52200,-30941,2.0626e+05,365109,103,1657,681,-0.87751,-0.82275,1.8407
2064.8,5360.2,2144,-1083.5,-5499.1,-2485.6,4.7851e+05,648969,1,20361,35234,26304,-311.83,-3.2622e+05,-1.4922e+05,1267.3,-1.3912e+05,-62935,3.9287e+05,367626,103,1657,681,-0.88657,-0.83524,1.8307
990.25,6199.2,2155,-970.29,-5308.6,-3864.2,4.9049e+05,648967,1,74102,90774,78362,44339,-3.7761e+05,-1.5143e+05,55628,-1.5946e+05,-45798,4.6688e+05,367871,103,1657,681,-0.89779,-0.83524,1.8252
1835.9,-2453.6,-449.08,0.42188,1177.2,2864.7,5.4878e+05,634147,1,352.03,4188.1,1539.1,-3455.6,-386.54,-899.62,-2041.3,1996.7,244.76,6114.2,305087,103,1668,685,-0.44982,-0.70894,2.0323
1826.9,-2408.4,-424.5,0.61599,1104.4,2845.8,5.4883e+05,634145,1,394.74,4179.2,1549.9,-3370.7,-350.71,-890.11,-2001.9,2018.4,249.19,6114.2,305088,103,1668,685,-0.46228,-0.70894,2.0295
1817.3,-2364.6,-400.64,0.76345,1034.3,2825.7,5.5008e+05,634143,1,405.24,4148.6,1543.8,-3292,-318.51,-880.8,-1963.4,2032.1,250.79,6114.2,305089,103,1668,685,-0.47473,-0.70894,2.0266
1807.7,-2321.7,-377.29,0.80831,966.37,2804.7,5.508e+05,634141,1,393.63,4101.4,1534,-3201.7,-292.42,-874.79,-1921.1,2041.6,252.98,6114.2,305090,103,1668,685,-0.48715,-0.70894,2.0237
1798.1,-2279.6,-354.38,0.81142,900.4,2782.9,5.5045e+05,634139,1,377.89,4047.5,1513.3,-3190.5,-287.81,-889.84,-1907,2042.4,245.11,6114.2,305028,103,1668,685,-0.49956,-0.70894,2.0206
1789.1,-2237.1,-331.51,0.55821,834.88,2760.1,5.5248e+05,634137,1,331.13,3956.3,1474.1,-3254.3,-326.73,-940.81,-1929.1,2014.3,218.17,6110.9,304999,103,1668,685,-0.51195,-0.70894,2.0175
1780.8,-2193.1,-307.98,0.30262,768.72,2735.8,5.5443e+05,634135,1,270.01,3878.2,1435.8,-3410.9,-362.57,-1019.4,-1997.2,1980.4,175.01,6157.9,305509,103,1668,685,-0.52432,-0.70894,2.0144
1773,-2146.9,-283.56,0.12986,701.54,2709.4,5.566e+05,634133,1,248.61,3866.1,1429.2,-3519.8,-359.95,-1066.3,-2046.8,1975,149.94,6230.5,306267,103,1668,685,-0.53667,-0.70894,2.0111
1765.2,-2099.2,-258.45,0.070994,633.97,2680.9,5.5767e+05,634131,1,240.79,3858.7,1427.7,-3597.6,-351.92,-1104.1,-2080.2,1977.1,131.35,6286.9,306812,103,1668,685,-0.549,-0.70894,2.0078
1757.4,-2050.6,-233.07,0.04832,566.87,2650.7,5.5841e+05,634129,1,235.71,3851.5,1426.1,-3656.1,-337.56,-1141.5,-2102.3,1982.5,112.31,6330.1,307242,103,1668,685,-0.56131,-0.70894,2.0044
1749.6,-2001.3,-207.5,0.030843,500.41,2619,5.5889e+05,634127,1,225.94,3847.4,1432.5,-3692.2,-323.88,-1173.6,-2116.4,1988.3,100.11,6361,307515,103,1668,685,-0.5736,-0.70894,2.0009
1741.8,-1951.6,-181.79,0.014519,434.67,2585.8,5.5992e+05,634125,1,222.43,3843.5,1427.8,-3722.8,-306.86,-1202.6,-2127.3,1996.3,82.66,6385.7,307889,103,1668,685,-0.58586,-0.70894,1.9973
1733.9,-1901.5,-155.99,0.0065442,369.81,2551.4,5.6033e+05,634123,1,218.54,3840.4,1431.1,-3738.3,-294.96,-1226.4,-2133,2001.3,71.751,6400.8,308050,103,1668,685,-0.59811,-0.70894,1.9937
1684.1,-1596,-0.65456,-0.00052302,1.4734,2320.2,5.613e+05,634111,1,229.04,3829.4,1451.2,-3785,-233.54,-1372.9,-2138.2,2030.6,-0.090258,6464,308625,103,1668,685,-0.67108,-0.70894,1.9703
1675.2,-1544.5,25.179,-0.0021064,-56.241,2278,5.617e+05,634109,1,229.26,3826.7,1461.7,-3784.5,-227.66,-1394.6,-2137.1,2032.8,-6.8265,6469.2,308667,103,1668,685,-0.68316,-0.70894,1.9662
1666.3,-1492.9,50.971,-0.0032215,-112.88,2235,5.6191e+05,634107,1,232.31,3826.3,1464.2,-3782.9,-219.99,-1415.6,-2134.1,2037,-17.965,6473.4,308696,103,1668,685,-0.69521,-0.70894,1.9619
1657.1,-1441.3,76.716,-0.0040926,-168.47,2191.1,5.6209e+05,634105,1,234.93,3825.4,1470.2,-3779.5,-210.79,-1441.8,-2130.3,2041.9,-30.167,6478.2,308760,103,1602,677,-0.70724,-0.70894,1.9576
1647.9,-1389.6,102.41,-0.0045985,-222.99,2146.4,5.6222e+05,634103,1,238.08,3825.2,1473.7,-3776.2,-201.59,-1466.2,-2126.3,2047,-42.803,6482.6,308802,103,1602,677,-0.71924,-0.70894,1.9533
1638.4,-1337.9,128.06,-0.0035017,-276.49,2101,5.6129e+05,634101,1,238.6,3823.2,1482.7,-3773.2,-193.64,-1488.2,-2124,2050.5,-50.89,6486.9,308875,103,1602,677,-0.73121,-0.70894,1.9488
1477.9,-1025.8,223.42,-0.12097,-452.89,1755.3,5.6035e+05,637083,1,-426.68,3780.2,1270,-3751.6,203.64,-1492.5,-2356.5,2183.5,-149.56,6540,309264,103,1608,679,-0.79903,-0.73443,1.9124
1479.6,-974.69,252.76,-0.73962,-509.36,1715.7,5.6449e+05,637081,1,-853.83,3828.9,1113.7,-3764,382,-1450.4,-2530.4,2266.9,-199.89,6680.5,310144,103,1608,679,-0.81075,-0.73443,1.9075
1435.2,-931.82,252.18,-1.3075,-501.88,1655.2,5.6577e+05,638573,1,-1904,4122.2,799.08,-4006.3,892.86,-1381.1,-3028.5,2576,-295.66,7477.1,314280,103,1658,682,-0.82063,-0.74713,1.8983
1489.1,-920.95,286.38,-1.5917,-573.86,1678.8,5.6883e+05,637079,1,-1734.5,3670.5,666,-4300.5,720.11,-1582,-3066.3,2336.4,-424.36,7313.1,313406,103,1608,679,-0.82244,-0.73443,1.9025
1628.9,-1286,153.66,-0.00078857,-328.99,2054.8,5.5924e+05,634099,1,239.53,3822.6,1485.3,-3771.3,-184.6,-1508.8,-2121.6,2055.1,-61.609,6491.3,308914,103,1602,677,-0.74315,-0.70894,1.9443
1619.2,-1234.1,179.24,0.0034586,-380.53,2008,5.5802e+05,634097,1,236.64,3821.6,1488,-3770.1,-174.39,-1526.9,-2121.1,2059.7,-70.722,6495.9,308953,103,1602,677,-0.75507,-0.70894,1.9397
1609.5,-1182.1,204.83,0.0073441,-431.23,1960.5,5.5937e+05,634095,1,218.03,3823.4,1487.1,-3778,-145.61,-1550.8,-2129.4,2072.3,-84.817,6512.5,309078,103,1608,679,-0.76696,-0.70894,1.935
1537,-1076.2,226.9,-0.0086733,-466.61,1831.5,5.606e+05,635589,1,-26.435,3783.4,1407.3,-3833.6,-4.5621,-1578.9,-2237.8,2108.2,-130.29,6554,309373,103,1608,679,-0.78898,-0.7217,1.9214
1599.9,-1129.9,230.55,0.0018174,-481.36,1912.5,5.6164e+05,634093,1,173.28,3828.1,1475.7,-3806.9,-110.66,-1576.7,-2155.2,2087.7,-102.91,6547.2,309312,103,1608,679,-0.77882,-0.70894,1.9303
1591.2,-1076.9,256.87,-0.041288,-531.95,1864.1,5.626e+05,634091,1,43.481,3836.6,1429.3,-3888.6,-57.556,-1613.6,-2230.3,2110,-136.87,6628.6,309854,103,1608,679,-0.79064,-0.70894,1.9255
1531.9,-1023.6,254.31,-0.24195,-519.17,1785.9,5.6293e+05,635587,1,-309.57,3778,1295.2,-3849,110.35,-1564.2,-2347.7,2147.7,-169.53,6593.4,309616,103,1608,679,-0.80075,-0.7217,1.9165
894.14,-617.97,-33.091,-153.24,-177.52,1061.8,3.8375e+05,646007,1,-14899,-2092.5,-7961.4,-8187.2,-36542,-20012,-8912.1,10858,523.24,47855,349227,103,1657,681,-0.86833,-0.81022,1.8506
984.18,-574.45,213.55,-1.0406,-399.37,1088.4,4.2749e+05,644521,1,-8500.2,8336.5,-412.79,-8462.4,8687.8,-242.39,-6857.3,13351,2524.1,22819,339895,103,1657,681,-0.87042,-0.79766,1.8551
1416.2,-810.01,300.57,-4.8798,-590.86,1550.1,5.6961e+05,640061,1,-2751.1,6297.9,1310.7,-7307.6,1278.2,-2752.6,-4735.4,3645,-647.24,12153,330126,103,1645,680,-0.84198,-0.75981,1.8839
1436.7,-688.82,367.57,-5.621,-716.54,1469.8,5.6591e+05,640059,1,-1573.2,8081.8,2570.9,-10126,1051.9,-4178.4,-5639.1,4317.3,-809.8,15703,334560,103,1645,680,-0.85352,-0.75981,1.8787
1112.4,-414.5,372.93,21.958,-663.9,1052.2,5.1841e+05,643033,1,-4817.5,10253,2054.5,-11221,7042.8,-2274.1,-8041,8177.6,-312.84,21092,338832,103,1657,681,-0.87249,-0.78507,1.8595
1280.2,-370.84,449.86,2.4076,-843.92,1125.5,5.5539e+05,641545,1,-3225.5,11169,3124,-12780,2952.9,-4766.4,-7602.5,5437.8,-1310.4,20706,338616,103,1645,680,-0.87452,-0.77246,1.8638
1437.8,-534.31,443.32,-3.3009,-852.04,1350.3,5.5445e+05,640057,1,-1692.8,8376.1,2609.5,-12539,1306.2,-5267.3,-6722.7,4514.1,-1279.2,18268,336834,103,1645,680,-0.86503,-0.75981,1.8734
1440,-348.46,530.37,-3.0184,-1010.2,1206.5,5.4272e+05,640055,1,-2571.9,9770,2772.8,-14868,2044,-6157.1,-7987.9,5279.1,-1604.2,21613,339160,103,1645,680,-0.87651,-0.75981,1.868
1459.5,-874.14,292.81,-3.2804,-581.23,1625.4,5.7194e+05,638571,1,-2620.9,4361.6,570.3,-5282.2,1137.1,-1876.2,-3817.1,2769.9,-585.64,9028.7,321539,103,1645,680,-0.83227,-0.74713,1.8932
1586,1406.6,501.31,-748.97,-2045.1,45.167,4.3902e+05,647487,1,-436.88,-22749,-10395,4286.3,-1.9902e+05,-87402,-2106.3,-71029,-32992,2.3244e+05,365929,103,1657,681,-0.88879,-0.82275,1.8353
1147,-499.83,16.026,-261.24,-432.53,1144.7,3.8554e+05,646005,1,-17127,-6894.8,-11213,1790,-49081,-20875,-4555.7,3822.1,-552.75,57881,351289,103,1657,681,-0.87967,-0.81022,1.8452
1403,-433.16,76.037,-345.27,-666.31,1264.4,3.9037e+05,646003,1,-11742,-5724.5,-8187.5,919.94,-72561,-31773,-7136.3,-5448.6,-5933.5,81418,355213,103,1657,681,-0.89097,-0.81022,1.8398
1446.9,1749.9,581.81,-762.82,-2193.8,-315.38,4.4327e+05,647485,1,21068,23031,20772,25090,-2.1749e+05,-85701,14619,-62302,-20940,2.4741e+05,366275,103,1657,681,-0.90003,-0.82275,1.8298
1886,-2413.3,-395.84,0.6202,1042.4,2907.1,5.5007e+05,632645,1,401.28,4128.9,1504.9,-3411.1,-332.98,-890.88,-2022,2009.7,227.45,6114.2,305069,103,1668,685,-0.46324,-0.69616,2.0337
1876.2,-2368.9,-371.65,0.83962,971.24,2885.6,5.5114e+05,632643,1,437.37,4139.5,1519,-3314.5,-273.03,-871.93,-1971,2046.7,237.3,6114.2,305061,103,1668,685,-0.47571,-0.69616,2.0308
1866.4,-2325.6,-348.12,0.88072,902.4,2863.3,5.5241e+05,632641,1,436.64,4124.1,1523.4,-3225.3,-260.59,-863.91,-1927,2056.4,244.67,6114.2,305046,103,1668,685,-0.48816,-0.69616,2.0279
1856,-2283.6,-325.22,0.95579,836.26,2840,5.5272e+05,632639,1,468.09,4052.8,1509.1,-3158.4,-268.2,-873.12,-1886.5,2052.5,239.28,6114.2,305026,103,1668,685,-0.5006,-0.69616,2.0248
1845.5,-2241.7,-302.68,0.85586,771.66,2815.5,5.535e+05,632637,1,439.19,3948.7,1468.8,-3205.5,-313.16,-923.3,-1886,2026,216.46,6088.3,304759,103,1668,685,-0.51301,-0.69616,2.0217
1836,-2198.2,-279.67,0.50427,706.27,2789.7,5.5475e+05,632635,1,326.87,3900.7,1432.6,-3351.2,-345.18,-989.64,-1955.2,2002,184.01,6129.3,305240,103,1668,685,-0.52541,-0.69616,2.0185
1828,-2152,-255.4,0.17452,638.81,2762.2,5.5774e+05,632633,1,270.46,3868.3,1410.1,-3509,-352.99,-1057,-2029.7,1985.2,145.91,6217.9,306122,103,1668,685,-0.53778,-0.69616,2.0153
1820.1,-2104.1,-230.29,0.088764,570.9,2732.6,5.5866e+05,632631,1,255.94,3851.4,1400.9,-3618.1,-344.8,-1110.3,-2081.2,1982.1,114.77,6291,306859,103,1668,685,-0.55014,-0.69616,2.0119
1812.2,-2055.3,-204.82,0.050971,503.35,2701.3,5.5977e+05,632629,1,243.79,3847.1,1401.7,-3666.9,-332.77,-1142.3,-2102.7,1985.6,99.335,6329.3,307234,103,1668,685,-0.56247,-0.69616,2.0085
1804.4,-2005.9,-179.14,0.032708,436.41,2668.5,5.6013e+05,632627,1,235.8,3846.9,1403.3,-3704.4,-316.3,-1171.8,-2117.2,1993.6,85.21,6362.7,307532,103,1668,685,-0.57479,-0.69616,2.005
1796.5,-1955.9,-153.33,0.020608,370.29,2634.3,5.6069e+05,632625,1,230.98,3846,1405.5,-3728.3,-301.81,-1198.6,-2125.8,2000.7,72.312,6385.6,307887,103,1668,685,-0.58708,-0.69616,2.0015
1788.6,-1905.7,-127.45,0.011353,305.11,2598.8,5.6134e+05,632623,1,227.01,3844,1407.5,-3745.2,-289.19,-1224.4,-2131.6,2006.6,59.683,6402.5,308071,103,1668,685,-0.59935,-0.69616,1.9978
1780.6,-1855.1,-101.51,0.0057383,240.9,2562.1,5.6173e+05,632621,1,224.97,3841.5,1413.2,-3760.2,-275.65,-1252.3,-2136.3,2012.5,47.483,6419,308233,103,1668,685,-0.61159,-0.69616,1.9941
1772.5,-1804.3,-75.538,0.0037327,177.7,2524.1,5.62e+05,632619,1,227.35,3840.7,1411.5,-3770.7,-266.22,-1272.2,-2138.2,2017.4,35.319,6430.1,308340,103,1668,685,-0.62382,-0.69616,1.9903
1764.2,-1753.3,-49.556,0.0044636,115.57,2485.1,5.6163e+05,632617,1,228.61,3838.4,1418.4,-3777.3,-255.42,-1298.9,-2138.8,2022.2,23.897,6440.7,308434,103,1668,685,-0.63602,-0.69616,1.9865
1755.8,-1702.1,-23.587,0.0048937,54.536,2444.9,5.6126e+05,632615,1,231.01,3836.7,1422.8,-3781.8,-246.02,-1322.9,-2138.1,2026.7,12.611,6449,308508,103,1668,685,-0.6482,-0.69616,1.9825
1747.3,-1650.7,2.3607,0.0032926,-5.4032,2403.7,5.615e+05,632613,1,233.24,3835.1,1427.3,-3784.6,-237.87,-1346.9,-2136.8,2030.8,1.3552,6456.3,308567,103,1668,685,-0.66035,-0.69616,1.9785
1738.6,-1599.3,28.283,0.00073055,-64.251,2361.6,5.6224e+05,632611,1,235.66,3833.6,1432,-3786.1,-229.96,-1370.6,-2135,2034.7,-9.7589,6462.7,308616,103,1668,685,-0.67247,-0.69616,1.9744
1729.8,-1547.7,54.173,-0.0013755,-122.01,2318.5,5.629e+05,632609,1,238.13,3832.4,1436.9,-3785.7,-222.31,-1393.9,-2132.7,2038.6,-20.694,6468.2,308662,103,1602,677,-0.68458,-0.69616,1.9702
1720.8,-1496,80.022,-0.0029117,-178.67,2274.6,5.6334e+05,632607,1,240.83,3831.2,1442.7,-3783.3,-213.29,-1420.5,-2129.2,2043.3,-33.167,6473.3,308695,103,1602,677,-0.69665,-0.69616,1.966
1711.6,-1444.3,105.83,-0.0043712,-234.25,2229.8,5.6388e+05,632605,1,242.66,3830.3,1446.9,-3780.8,-206.89,-1439.3,-2126.5,2046.6,-41.955,6476.5,308746,103,1602,677,-0.7087,-0.69616,1.9617
1702.4,-1392.5,131.58,-0.0051916,-288.75,2184.2,5.6426e+05,632603,1,245.27,3829.9,1450.2,-3778.1,-199.44,-1460.1,-2123.1,2050.7,-52.55,6480.2,308786,103,1602,677,-0.72073,-0.69616,1.9573
1692.9,-1340.6,157.29,-0.0048099,-342.2,2137.9,5.6431e+05,632601,1,246.66,3829.5,1457.7,-3776.4,-190.62,-1484.9,-2120.6,2055.2,-63.048,6486.8,308846,103,1602,677,-0.73272,-0.69616,1.9529
1683.3,-1288.6,182.96,-0.0029623,-394.65,2090.9,5.6299e+05,632599,1,246.1,3828.3,1466.6,-3775,-180.96,-1507.8,-2119.2,2059.5,-71.618,6493.2,308934,103,1602,677,-0.74469,-0.69616,1.9483
1532.9,-968.87,284.78,-0.84239,-577.7,1742.4,5.6664e+05,635585,1,-756.28,3628.9,1048.1,-4077.8,352.44,-1600.3,-2613,2185.9,-285.66,6770.6,310640,103,1608,679,-0.8125,-0.7217,1.9116
1516,-857.15,329.93,-4.0937,-659.79,1645.2,5.7586e+05,637077,1,-2318.5,3289.3,252.46,-5484.3,940.05,-2053.1,-3796.6,2265.3,-796.39,8462.6,319332,103,1608,679,-0.83409,-0.73443,1.8974
1540.8,-911.06,319.42,-1.5777,-643.87,1700.5,5.7172e+05,635583,1,-1293.3,3195.3,647.87,-4587.2,553,-1778,-3009.5,2103.8,-508.24,7110.1,312245,103,1608,679,-0.82421,-0.7217,1.9066
1558.8,-845.69,360.39,-3.3603,-723.38,1658.8,5.7888e+05,635581,1,-1908.6,2888,261.81,-5212.8,676.45,-2032.1,-3502.3,2040.8,-761.38,7798.9,316039,103,1608,679,-0.83589,-0.7217,1.9015
1673.6,-1236.5,208.63,0.00024144,-446.18,2043.2,5.6124e+05,632597,1,239.73,3833.1,1464.5,-3784.9,-161.46,-1533.1,-2123.2,2070.1,-87.154,6511.4,309067,103,1602,677,-0.75663,-0.69616,1.9437
1663.9,-1184.2,234.36,0.0028698,-496.96,1994.7,5.6179e+05,632595,1,218.17,3836.7,1463.8,-3804.5,-141.29,-1558.8,-2137.1,2079.9,-100.39,6537.4,309252,103,1602,677,-0.76854,-0.69616,1.939
1654.6,-1131.3,260.43,-0.012793,-547.59,1945.7,5.6358e+05,632593,1,155.11,3852.5,1448.9,-3866.4,-88.09,-1591.8,-2179.8,2105.2,-121.95,6607.1,309705,103,1602,677,-0.78043,-0.69616,1.9343
1585.9,-1021.6,285.17,-0.30008,-586.17,1815.6,5.6499e+05,634089,1,-243.43,3774.3,1292.6,-4020.7,90.157,-1644.5,-2384.9,2142.5,-203.67,6721.2,310360,103,1608,679,-0.80244,-0.70894,1.9206
1646.5,-1077.1,287.33,-0.11096,-599.27,1896,5.6558e+05,632591,1,23.509,3851.1,1399.6,-4014,1.2461,-1652.8,-2280.7,2137,-168.06,6740.2,310461,103,1608,679,-0.79228,-0.69616,1.9295
1123.3,-533.11,284.93,-17.399,-553.99,1148.9,4.026e+05,644519,1,-14131,942.34,-6343.1,-4493.4,4626.6,-170.16,-8111.9,16978,3483.6,25468,341381,103,1657,681,-0.88179,-0.79766,1.8497
1187.6,-281.91,479.35,27.439,-848.57,999.47,5.0168e+05,643031,1,-8445.6,6398.4,-1331.4,-10661,12710,319.29,-9417.4,9542.6,-437.12,23860,340503,103,1645,680,-0.88388,-0.78507,1.8541
1495.8,-789.12,349.38,-5.9028,-691.52,1582.3,5.7557e+05,638569,1,-3220.9,4416.1,312.3,-7457.6,1208.8,-2858.1,-5002.2,2857.2,-1104.9,11385,328758,103,1645,680,-0.84387,-0.74713,1.8881
1530.9,-671.75,420.15,-7.5402,-825.93,1513,5.7412e+05,638567,1,-2476.5,5147.5,925.1,-10118,1221.9,-4116.9,-5945.7,3077.2,-1479.5,14188,332945,103,1608,679,-0.85544,-0.74713,1.8829
1307.3,-173.09,557.8,5.5034,-1034.8,989.61,5.4165e+05,641543,1,-5131.6,9825.2,1614.7,-15923,4765.9,-5610.7,-9768.7,5564.8,-2355.6,23773,340449,103,1645,680,-0.88594,-0.77246,1.8584
1546.1,-514.61,503.39,-4.9071,-975.21,1399.1,5.6375e+05,638565,1,-1886.3,6026.7,1533.3,-12835,1474,-5345.7,-6938.6,3490.2,-1814.1,17359,335999,103,1608,679,-0.86697,-0.74713,1.8776
1558,-319.13,599.33,-3.7153,-1148.8,1252.5,5.4815e+05,638563,1,-2271.9,6079.9,1361.2,-15763,2316.9,-6472.1,-8179.8,3919.6,-2273,20667,338587,103,1608,679,-0.87848,-0.74713,1.8722
1465.3,-127.05,641.08,-4.763,-1213.8,1049.2,5.3522e+05,640053,1,-4489.7,9780.8,1849.8,-16990,3100,-6837.5,-9650.9,5522.1,-2350.5,24361,340787,103,1645,680,-0.88796,-0.75981,1.8626
1588.6,-83.964,716.57,-6.0601,-1365.7,1085.7,5.3276e+05,638561,1,-4224.3,6791.8,710.36,-18299,3686.8,-7262.2,-10021,4758,-2876.5,24434,340829,103,1608,679,-0.88995,-0.74713,1.8668
1542.9,-775.36,382.55,-5.2687,-759.89,1597.1,5.7924e+05,637075,1,-2907.9,3210.8,-48.803,-7346.2,931.2,-2924.8,-4795.7,2216,-1281.9,10569,326284,103,1608,679,-0.84572,-0.73443,1.8922
1151.5,1722.6,493.07,-712.66,-1942,-506.9,4.432e+05,647483,1,-11136,72241,27049,56263,-2.1974e+05,-71266,11035,-41221,-13207,2.5417e+05,366436,103,1657,681,-0.91124,-0.82275,1.8242
1610.9,-368.19,160.99,-391,-883.38,1350.2,3.9258e+05,646001,1,-15236,1203.9,-6919.2,6164.4,-62245,-24677,-9191.1,2014.8,-3732.2,70038,353495,103,1657,681,-0.90224,-0.81022,1.8343
1313.3,-511.26,378.48,-30.54,-742.03,1256.2,3.9935e+05,644517,1,-12938,-2689,-7450,-6045.8,10785,1670,-11152,18132,2437.4,29066,343111,103,1645,680,-0.89312,-0.79766,1.8442
1816.6,-284.71,324.63,-379.78,-1153.4,1418.4,3.9e+05,645999,1,-13992,15920,128.67,9763.6,-66379,-24779,-11715,6597.4,-3010.8,75859,354434,103,1657,681,-0.91348,-0.81022,1.8287
1952.8,-2464.2,-392.68,0.26612,1054.8,2987.9,5.509e+05,631147,1,333.45,3998.1,1416.3,-3498.6,-353.52,-895.22,-2067.8,1966,200.88,6114.2,305058,103,1668,685,-0.45167,-0.68334,2.0406
1944.4,-2418,-367.38,0.4926,979.11,2967.1,5.5127e+05,631145,1,344.83,4022.7,1423.1,-3469.9,-320.58,-897.44,-2058,1981,193.34,6114.2,305059,103,1668,685,-0.46418,-0.68334,2.0378
1935.2,-2372.6,-342.59,0.78813,906.09,2944.6,5.5169e+05,631143,1,434.62,4111.4,1485,-3364,-279.08,-879.6,-1998.6,2021.5,213.4,6114.2,305062,103,1668,685,-0.47668,-0.68334,2.0349
1925,-2328.8,-318.66,1.0298,836.28,2920.8,5.53e+05,631141,1,490.28,4102.3,1497.8,-3237.2,-231,-856.76,-1937.1,2057.6,225.82,6114.2,305044,103,1668,685,-0.48915,-0.68334,2.032
1913.7,-2287,-295.82,1.2079,770.26,2895.9,5.5461e+05,631139,1,577.45,4044.1,1502.7,-3107.9,-221.34,-844.74,-1853.8,2072,237.08,6095.4,304845,103,1668,685,-0.50161,-0.68334,2.0289
1901.8,-2245.8,-273.7,1.1591,706.56,2869.9,5.5575e+05,631137,1,513.8,3993.1,1479.5,-3150.1,-258.46,-884.85,-1855.9,2054.6,224.61,6088.3,304758,103,1668,685,-0.51405,-0.68334,2.0258
1891.3,-2203.1,-251.2,0.74569,642.07,2842.8,5.5632e+05,631135,1,398.76,3903.3,1422.3,-3318.4,-314.63,-970.5,-1918.7,2016.8,181.75,6103.5,304914,103,1668,685,-0.52647,-0.68334,2.0226
1882.9,-2157,-227.21,0.25927,574.69,2814.1,5.5841e+05,631133,1,291.82,3853.8,1385.1,-3526,-345.71,-1060.8,-2026.1,1987.3,131.85,6213.2,306069,103,1668,685,-0.53887,-0.68334,2.0194
1874.8,-2109.1,-202.12,0.1169,506.49,2783.4,5.5978e+05,631131,1,273.88,3845.3,1375.2,-3610.9,-339.26,-1099.9,-2069.1,1986.7,107.4,6273.4,306695,103,1668,685,-0.55125,-0.68334,2.016
1866.9,-2060,-176.58,0.057229,438.48,2751,5.6087e+05,631129,1,250.54,3844.7,1375.6,-3679,-323.95,-1140.4,-2103.2,1991.1,86.995,6330.4,307246,103,1668,685,-0.56361,-0.68334,2.0126
1859.1,-2010.3,-150.78,0.033851,371.06,2717.1,5.6145e+05,631127,1,242.25,3844.9,1377.2,-3714.9,-307.07,-1169.5,-2118.1,1998.6,72.546,6363,307537,103,1668,685,-0.57595,-0.68334,2.0091
1851.2,-1960.2,-124.87,0.02334,304.58,2681.8,5.6189e+05,631125,1,237.83,3844.7,1379.8,-3735.4,-294.49,-1196.1,-2125.2,2005,59.77,6383.8,307870,103,1668,685,-0.58827,-0.68334,2.0055
1843.2,-1909.7,-98.905,0.014727,239.09,2645.2,5.6241e+05,631123,1,234.86,3844.3,1382.8,-3752,-282.13,-1221.9,-2130.5,2011.2,47.37,6401.8,308065,103,1668,685,-0.60056,-0.68334,2.0019
1835.2,-1859,-72.883,0.0087781,174.62,2607.4,5.6277e+05,631121,1,233.5,3843.5,1386.1,-3765.5,-270.49,-1247.4,-2134.3,2016.8,35.149,6417.2,308205,103,1668,685,-0.61283,-0.68334,1.9982
1827.1,-1808,-46.834,0.0067546,111.21,2568.5,5.628e+05,631119,1,234.02,3842.1,1393,-3775.2,-258.91,-1274.7,-2136.2,2022.3,23.496,6430.7,308343,103,1668,685,-0.62508,-0.68334,1.9944
1818.8,-1756.8,-20.785,0.0066542,48.927,2528.4,5.6249e+05,631117,1,237.29,3841.3,1391.6,-3780.8,-250.6,-1293.8,-2135.8,2026.6,11.795,6438.1,308414,103,1668,685,-0.63731,-0.68334,1.9905
1810.4,-1705.5,5.2459,0.0066871,-12.221,2487.2,5.6209e+05,631115,1,239.04,3839.8,1399,-3784,-241.44,-1320.3,-2134.8,2031,0.67527,6446.7,308487,103,1668,685,-0.64951,-0.68334,1.9865
1801.8,-1654.1,31.252,0.0049458,-72.234,2445.1,5.6228e+05,631113,1,241.42,3838.4,1403.7,-3786.2,-233.21,-1344.1,-2133.2,2035.2,-10.483,6453.7,308543,103,1668,685,-0.66169,-0.68334,1.9825
1793.1,-1602.5,57.229,0.0021598,-131.12,2401.9,5.6304e+05,631111,1,243.8,3837.1,1408.4,-3787.3,-225.67,-1367.9,-2131.2,2039,-21.598,6460,308594,103,1602,677,-0.67384,-0.68334,1.9784
1784.3,-1550.8,83.174,-0.00034857,-188.89,2357.9,5.6398e+05,631109,1,246.27,3835.7,1413.3,-3786.8,-218.23,-1391.3,-2128.8,2042.8,-32.578,6465.3,308635,103,1602,677,-0.68597,-0.68334,1.9742
1775.3,-1499,109.08,-0.0021248,-245.54,2313.1,5.6469e+05,631107,1,249.27,3834.5,1416.1,-3785.1,-211.09,-1412.5,-2125.7,2046.5,-43.464,6468.9,308665,103,1602,677,-0.69807,-0.68334,1.97
1766.1,-1447.2,134.94,-0.0038314,-301.08,2267.4,5.6553e+05,631105,1,250.56,3832.7,1425.2,-3781.5,-203,-1438.7,-2122.4,2050.3,-53.854,6473.5,308698,103,1602,677,-0.71014,-0.68334,1.9657
1756.8,-1395.3,160.75,-0.0055345,-355.52,2220.9,5.6686e+05,631103,1,252.76,3831.7,1428.1,-3779,-195.88,-1459.8,-2119.1,2054,-64.651,6476.9,308754,103,1602,677,-0.72219,-0.68334,1.9613
1747.4,-1343.3,186.52,-0.0084998,-408.92,2173.8,5.6867e+05,631101,1,252.45,3834.1,1431.3,-3779.8,-186.86,-1481.5,-2117.9,2059.3,-75.659,6485.5,308832,103,1602,677,-0.73421,-0.68334,1.9568
1737.8,-1291.2,212.27,-0.0088752,-461.33,2125.9,5.6771e+05,631099,1,251.52,3836.2,1443.5,-3781.4,-175.77,-1507.1,-2117.8,2065.3,-84.086,6497.9,308967,103,1602,677,-0.7462,-0.68334,1.9523
1584.5,-964.58,315.69,-0.72065,-644.26,1768,5.6884e+05,634087,1,-377.22,3552.4,1149.8,-4259.2,208.58,-1733.5,-2538.1,2105.4,-302.36,6799.9,310801,103,1608,679,-0.81421,-0.70894,1.9156
1585.9,-905.03,348.57,-1.0573,-706.02,1719.7,5.7397e+05,634085,1,-810.28,3274.4,867.1,-4518.1,333.23,-1826.8,-2805.8,2047.3,-450.28,6946.8,311471,103,1608,679,-0.82595,-0.70894,1.9106
1579.7,-764.92,409.53,-4.6444,-816.87,1606.5,5.8303e+05,635579,1,-2040.3,2107.8,-109.3,-7121.2,585.07,-2964.2,-4297.2,1651,-1293.5,9556.3,323291,103,1608,679,-0.84754,-0.7217,1.8963
1593.3,-837.98,386.28,-2.0656,-777.6,1669,5.8108e+05,634083,1,-966.93,2421.9,475.77,-5323.7,374.36,-2202.3,-3170,1734.8,-748.69,7346.9,313585,103,1608,679,-0.83766,-0.70894,1.9055
1728.2,-1238.8,238.06,-0.007277,-512.87,2077.2,5.6559e+05,631097,1,242.15,3842.7,1439.2,-3798.1,-160.27,-1532,-2125.5,2074.8,-99.644,6521.3,309141,103,1602,677,-0.75817,-0.68334,1.9477
1718.6,-1186.1,264,-0.011742,-563.85,2027.9,5.6569e+05,631095,1,217.98,3851.1,1442.4,-3826.5,-131.88,-1561.2,-2143,2089,-112.68,6559.3,309413,103,1602,677,-0.7701,-0.68334,1.943
1709.4,-1132.6,290.35,-0.040145,-614.84,1977.7,5.6629e+05,631093,1,153.27,3867.3,1421.9,-3917.2,-90.762,-1609.8,-2195.3,2110.3,-141.99,6651.2,309990,103,1602,677,-0.78201,-0.68334,1.9382
1701.4,-1077.4,317.66,-0.16394,-667.14,1926.5,5.6773e+05,631091,1,78.714,3870.2,1397.8,-4037.8,-33.888,-1668.2,-2265.3,2131.3,-177.14,6762.5,310584,103,1602,677,-0.79389,-0.68334,1.9334
1639.6,-1020.8,315.52,-0.25141,-652.77,1845,5.6653e+05,632589,1,-132.47,3753.2,1304.6,-4147.4,69.731,-1710.7,-2390.6,2128.4,-229.19,6799.7,310798,103,1608,679,-0.8041,-0.69616,1.9246
1694.2,-1020.3,346.01,-0.26053,-720.64,1873.9,5.6824e+05,631089,1,12.84,3819.2,1360.8,-4184.5,25.083,-1741.8,-2349.2,2134.3,-225.34,6863.5,311100,103,1602,677,-0.80574,-0.68334,1.9285
1306.9,-170.3,603.67,36.235,-1058.5,989.7,4.9759e+05,643029,1,-10158,2707,-3792.6,-12423,19005,2043.3,-11695,10393,-1252.8,29849,343476,103,1645,680,-0.89524,-0.78507,1.8486
1388.3,34.433,699.62,10.895,-1282.3,879.67,5.3711e+05,641541,1,-8775.4,7646.2,-1059.5,-14551,9411.7,-3095.9,-11292,5889.6,-3001.7,24853,341037,103,1645,680,-0.89732,-0.77246,1.8529
1582.3,-657.15,453.12,-8.5821,-896.96,1528.5,5.8085e+05,637073,1,-2617.3,2509,-211.73,-10292,826.44,-4361.1,-5920.6,1807.5,-1990.1,13457,331991,103,1608,679,-0.85732,-0.73443,1.887
1610.8,-492.07,543.46,-7.058,-1062.1,1415.6,5.7421e+05,637071,1,-1737.3,3098.3,414.84,-13828,1577.7,-5781.7,-7257.7,2222.3,-2485.8,17428,336067,103,1608,679,-0.86888,-0.73443,1.8817
1625.5,-281.99,648.35,-3.4037,-1249,1257.8,5.5989e+05,637069,1,-2033.9,3003.8,225.96,-16930,2481.8,-6977.9,-8584.1,2527.7,-3037.7,21071,338826,103,1608,679,-0.88041,-0.73443,1.8763
1655.1,-26.846,773.94,-3.8844,-1479.3,1072.8,5.4163e+05,637067,1,-2660,1883.7,-522.03,-19809,3795.4,-7950.9,-9862.2,2586.5,-3681.5,24463,340848,103,1608,679,-0.8919,-0.73443,1.8709
1535.6,-471.97,502.46,-40.233,-977.54,1369.7,4.014e+05,644515,1,-14146,-5353.5,-9295.6,-9376.9,11883,451.73,-14965,20402,1483.4,34451,345352,103,1645,680,-0.90442,-0.79766,1.8387
1756.5,-328.96,692.18,-35.082,-1306.3,1401.8,4.0842e+05,644513,1,-13542,-6053.2,-9386.6,-15497,13912,-1765.8,-18699,20600,-363.99,38975,346861,103,1645,680,-0.91569,-0.79766,1.8331
2007.9,-2469.2,-365.15,0.12829,992.88,3045.7,5.5205e+05,629645,1,274.66,3843.1,1325.9,-3518.7,-343.94,-892.02,-2083,1935.2,175.85,6114.2,305030,103,1668,685,-0.45257,-0.67051,2.0447
2000.8,-2422.6,-339.5,0.24981,915.44,3024.8,5.5221e+05,629643,1,268.7,3863.7,1325.9,-3502.2,-319.58,-902.27,-2080.3,1947.5,163.49,6114.2,305032,103,1668,685,-0.4651,-0.67051,2.0419
1992.9,-2376.5,-314.13,0.49339,840.28,3002,5.532e+05,629641,1,395.1,4001.4,1413.5,-3400.1,-274.47,-886.83,-2025.3,1993.8,183.73,6114.2,305045,103,1668,685,-0.47762,-0.67051,2.039
1983.3,-2331.8,-289.5,0.90769,768.7,2977.2,5.546e+05,629639,1,478.89,4019.4,1436.3,-3301.7,-223.19,-865.63,-1981.9,2022.1,188.91,6114.2,305035,103,1668,685,-0.49013,-0.67051,2.036
1971.2,-2289.7,-266.31,1.418,702.25,2950.6,5.5657e+05,629637,1,618.02,4052.9,1487.3,-3130.8,-159.05,-824.82,-1880.5,2078.8,220.64,6114.2,305022,103,1668,685,-0.50261,-0.67051,2.033
1958.4,-2249.2,-244.47,1.4408,639.24,2923.2,5.5841e+05,629635,1,602.68,3975.9,1468.7,-3096.7,-197.69,-852.93,-1819,2080,225.7,6088.3,304755,103,1668,685,-0.51507,-0.67051,2.0298
1946.5,-2207.4,-222.5,1.0726,576.02,2894.7,5.5857e+05,629633,1,474.57,3896.1,1412.2,-3269.7,-254.1,-935.79,-1880,2051.3,189.06,6088.3,304757,103,1668,685,-0.52752,-0.67051,2.0266
1937.4,-2161.8,-198.93,0.40719,509.08,2864.9,5.597e+05,629631,1,333.89,3851.3,1365.3,-3483.4,-302.44,-1030.2,-1985.4,2013.2,137.1,6173.2,305668,103,1668,685,-0.53994,-0.67051,2.0234
1929.2,-2113.8,-173.95,0.15469,440.66,2833.1,5.6065e+05,629629,1,271.62,3837,1348.6,-3637.6,-319.75,-1105,-2076.1,1992.5,91.5,6281.6,306773,103,1668,685,-0.55235,-0.67051,2.02
1921.4,-2064.5,-148.31,0.062452,372.15,2799.6,5.6196e+05,629627,1,255.8,3840.8,1348.7,-3691.1,-309.77,-1136.8,-2103.8,1996.7,74.716,6329.8,307239,103,1668,685,-0.56473,-0.67051,2.0166
1913.6,-2014.6,-122.4,0.038232,304.33,2764.5,5.624e+05,629625,1,248.15,3841.7,1350.7,-3722.4,-298.07,-1166.4,-2117.8,2003,60.038,6360.1,307506,103,1668,685,-0.5771,-0.67051,2.0131
1905.7,-1964.3,-96.41,0.026024,237.52,2728.2,5.6305e+05,629623,1,244.23,3842.3,1353.7,-3742.3,-286.36,-1193.3,-2124.6,2009.2,47.232,6381.1,307842,103,1668,685,-0.58944,-0.67051,2.0095
1897.7,-1913.7,-70.354,0.01703,171.75,2690.6,5.6346e+05,629621,1,241.03,3842.7,1358.5,-3756.4,-276.29,-1217.6,-2129,2014.3,36.606,6397.7,308019,103,1668,685,-0.60176,-0.67051,2.0059
1889.7,-1862.8,-44.25,0.011037,107.04,2651.7,5.6373e+05,629619,1,241.87,3842.2,1356.4,-3772,-262.51,-1244.5,-2132.4,2021.3,20.531,6414,308179,103,1668,685,-0.61405,-0.67051,2.0021
1881.6,-1811.7,-18.129,0.0088808,43.467,2611.7,5.6358e+05,629617,1,241.9,3842,1367.2,-3778.7,-253.48,-1271.4,-2133.5,2025.8,11.143,6426.8,308306,103,1668,685,-0.62633,-0.67051,1.9983
1873.3,-1760.4,7.9846,0.0083589,-18.944,2570.6,5.6312e+05,629615,1,245.05,3840.8,1370.5,-3784,-243.2,-1297.6,-2132.6,2031,-2.1861,6436.2,308398,103,1668,685,-0.63858,-0.67051,1.9944
1864.9,-1708.9,34.076,0.0078332,-80.174,2528.4,5.6275e+05,629613,1,247.18,3839.9,1374.4,-3786.1,-236.52,-1317.6,-2131.4,2034.4,-11.548,6442.3,308450,103,1668,685,-0.6508,-0.67051,1.9905
1856.3,-1657.3,60.14,0.0060604,-140.23,2485.3,5.6287e+05,629611,1,249.68,3838.7,1379.1,-3787.6,-228.9,-1341.5,-2129.4,2038.3,-22.696,6448.8,308507,103,1602,677,-0.663,-0.67051,1.9865
1847.5,-1605.7,86.172,0.0032738,-199.12,2441.2,5.6372e+05,629609,1,253.49,3837,1381.9,-3788.4,-220.4,-1367.3,-2126.5,2042.7,-36.125,6454.6,308550,103,1602,677,-0.67518,-0.67051,1.9823
1838.7,-1553.9,112.17,0.00069637,-256.87,2396.2,5.6492e+05,629607,1,253.53,3836.1,1393,-3787.5,-215.02,-1389.2,-2125.2,2045.3,-42.7,6460.9,308602,103,1602,677,-0.68733,-0.67051,1.9782
1829.6,-1502,138.12,-0.0011842,-313.46,2350.4,5.6615e+05,629605,1,259.76,3833.5,1389.7,-3785.8,-206.91,-1411.6,-2120.5,2049.3,-57.701,6462.3,308613,103,1602,677,-0.69945,-0.67051,1.9739
1820.5,-1450,164.03,-0.0027516,-368.93,2303.8,5.6777e+05,629603,1,259.42,3832.3,1398.4,-3783,-200.17,-1434.8,-2118,2052.5,-66.409,6467,308651,103,1602,677,-0.71155,-0.67051,1.9696
1811.1,-1398,189.89,-0.0068962,-423.28,2256.5,5.7148e+05,629601,1,258.31,3832.9,1407.5,-3780.6,-192.74,-1458.1,-2116.1,2056.4,-75.078,6473.6,308700,103,1602,677,-0.72362,-0.67051,1.9652
1801.8,-1345.9,215.74,-0.018773,-476.64,2208.4,5.7266e+05,629599,1,255.82,3835.7,1404.5,-3784.3,-182.83,-1479.6,-2116.2,2062.2,-88.983,6483.2,308812,103,1602,677,-0.73567,-0.67051,1.9607
1792.3,-1293.6,241.61,-0.020313,-529.04,2159.7,5.7113e+05,629597,1,250.17,3845.5,1413.8,-3794.2,-166.18,-1507.2,-2120.9,2073,-100.1,6507.7,309039,103,1602,677,-0.74769,-0.67051,1.9562
1635,-962.18,345.43,-0.49237,-709.08,1793.2,5.702e+05,632587,1,-144.99,3651,1258.9,-4298.1,102.66,-1786.7,-2459.6,2104.2,-282.56,6867.9,311117,103,1608,679,-0.8159,-0.69616,1.9196
1631.7,-901.37,376.91,-0.63511,-767.46,1740.1,5.753e+05,632585,1,-337.67,3288,1050.1,-4582.7,185.78,-1911.7,-2645.4,1994.1,-416.9,6918.6,311346,103,1608,679,-0.82766,-0.69616,1.9145
1609.3,-648.41,474.91,-7.5412,-943.38,1531.6,5.8555e+05,635577,1,-1768,1007.5,-416.6,-10612,289.52,-4724.5,-5593.7,1002.5,-2164.3,13278,331718,103,1608,679,-0.85916,-0.7217,1.8911
1605.6,-756.9,431.34,-3.3687,-863.11,1610,5.862e+05,634081,1,-1192.6,1567.9,52.471,-6894.8,339.39,-2958.1,-3820.4,1367.9,-1198.1,8842.4,320767,103,1608,679,-0.84933,-0.70894,1.9003
1620.6,-646.35,487.86,-5.7063,-971.56,1529.1,5.8956e+05,634079,1,149.59,-468.9,-98.533,-9549.8,-111.45,-4381.4,-4360.9,424.02,-1820,11540,329097,103,1608,679,-0.86098,-0.70894,1.8951
1629.1,-834.01,411.07,-0.89073,-830.44,1681.9,5.8139e+05,632583,1,38.837,2849.4,1051.9,-5207.9,146.96,-2237.1,-2725.4,1806,-542.44,7236,312935,103,1608,679,-0.83939,-0.69616,1.9094
1624.4,-755.27,448.52,-1.196,-899.03,1613.1,5.8621e+05,632581,1,255.91,1550.1,681.68,-6557.8,-101.04,-2973.9,-3133.1,1213.4,-958.68,8185.3,318168,103,1608,679,-0.85109,-0.69616,1.9042
1782.7,-1241,267.56,-0.021081,-580.68,2110.1,5.6914e+05,629595,1,237.52,3856.6,1420.8,-3815.7,-143.68,-1537.6,-2131.5,2086.5,-112.69,6542.4,309280,103,1602,677,-0.75967,-0.67051,1.9515
1773.4,-1187.9,293.72,-0.03144,-631.87,2059.8,5.6872e+05,629593,1,204.76,3870.4,1414.1,-3867,-114.33,-1572.2,-2159.3,2102.7,-131.66,6600.1,309659,103,1602,677,-0.77163,-0.67051,1.9468
1764.5,-1133.7,320.42,-0.076616,-683.35,2008.6,5.6884e+05,629591,1,138.19,3884.5,1395.1,-3976.7,-66.085,-1629.5,-2218.2,2125.2,-163.43,6707.6,310297,103,1602,677,-0.78357,-0.67051,1.9421
1756.5,-1077.7,348,-0.19799,-735.89,1956.1,5.6967e+05,629589,1,87.317,3882.9,1379.8,-4083,-29.333,-1687,-2275.3,2138.2,-194.3,6803.9,310820,103,1602,677,-0.79547,-0.67051,1.9372
1748.9,-1020.1,376.41,-0.28878,-789.21,1902.2,5.7028e+05,629587,1,74.325,3874.8,1373.4,-4197.5,1.2921,-1751.4,-2326.4,2145.2,-227.72,6903.5,311290,103,1602,677,-0.80734,-0.67051,1.9323
1687.1,-961.22,375.23,-0.30436,-774.9,1819.5,5.7062e+05,631087,1,-31.444,3673.8,1294.3,-4350.1,66.82,-1828.5,-2433.6,2096,-290.08,6916.9,311341,103,1608,679,-0.81755,-0.68334,1.9235
1741,-960.72,405.46,-0.26059,-842.69,1846.2,5.7172e+05,629585,1,79.086,3824.9,1366.5,-4370.7,41.011,-1846.1,-2392.2,2139.8,-272.5,7027.9,311859,103,1602,677,-0.81918,-0.67051,1.9273
1632.7,-478.27,562.16,-7.4605,-1105.4,1410.1,5.8244e+05,635575,1,-1525.3,863.68,-366.7,-13836,489.41,-6196.8,-7028.8,891.05,-2899.2,17084,335748,103,1608,679,-0.87075,-0.7217,1.8858
1644,-248.13,671.7,-3.8332,-1302.1,1233,5.7237e+05,635573,1,206.93,-1163.2,-339.99,-18340,1885.5,-7886.5,-8188.5,505.92,-3646.2,22005,339420,103,1608,679,-0.88231,-0.7217,1.8804
1651.4,28.26,797.35,-0.68066,-1527.3,1015.5,5.5542e+05,635571,1,-834.7,-3970.4,-1915.4,-21356,3640.7,-8783.1,-9700.9,113.39,-4578.1,26109,341716,103,1608,679,-0.89383,-0.7217,1.8749
2066.7,-2520.8,-363.95,0.023744,1010.8,3120.4,5.5348e+05,628143,1,195.17,3676.8,1220.8,-3532.7,-342.58,-869.05,-2099,1906.7,160.16,6038.8,304278,103,1668,685,-0.44087,-0.65765,2.0514
2060.8,-2474,-337.99,0.043291,930.49,3101,5.5335e+05,628141,1,216.19,3707.7,1238.2,-3529,-333.83,-888.28,-2093.8,1916.3,151.72,6063,304494,103,1668,685,-0.45345,-0.65765,2.0487
2054.6,-2427.2,-312.11,0.090612,851.69,3079.7,5.5353e+05,628139,1,229.22,3745.5,1256.5,-3517.5,-321.83,-904.65,-2089.7,1927.7,143.7,6087.6,304746,103,1668,685,-0.46601,-0.65765,2.0458
2047.9,-2380.5,-286.35,0.23013,774.73,3056.6,5.5433e+05,628137,1,293.95,3818.6,1298.5,-3470.6,-280.17,-903.04,-2069.1,1954.1,144.47,6114.2,305021,103,1668,685,-0.47855,-0.65765,2.0429
2039.8,-2334.7,-260.96,0.61975,700.67,3031.3,5.5587e+05,628135,1,467.86,3943.1,1387.7,-3320.2,-196.37,-864.47,-1999.3,2011.9,167.78,6114.2,305027,103,1668,685,-0.49108,-0.65765,2.04
2028.9,-2291.2,-236.68,1.3615,631.65,3003.8,5.5826e+05,628133,1,576.85,3996.6,1430.2,-3213.2,-125.27,-832.18,-1942.2,2050.5,182,6114.2,305020,103,1668,685,-0.50359,-0.65765,2.0369
2015,-2250.6,-214.36,1.9269,568.53,2974.6,5.6004e+05,628131,1,688.82,4045.9,1481.9,-3072.5,-45.825,-791.22,-1832.8,2122.5,223.19,6088.3,304754,103,1668,685,-0.51608,-0.65765,2.0338
2001.7,-2210.3,-193.08,1.5975,507.05,2944.9,5.611e+05,628129,1,581.22,3937.3,1426,-3165.7,-108.75,-859.95,-1823.3,2117,210.77,6088.3,304756,103,1668,685,-0.52855,-0.65765,2.0306
1991.6,-2166,-170.39,0.72128,441.7,2914.1,5.6108e+05,628127,1,376.39,3831.9,1343.2,-3434.8,-236.44,-993.93,-1943.3,2051,146.38,6121.7,305164,103,1668,685,-0.54099,-0.65765,2.0273
1983.4,-2118.2,-145.7,0.20824,373.24,2881.5,5.6151e+05,628125,1,283.66,3827.5,1319,-3595.1,-274.87,-1070.8,-2039.2,2019,98.09,6233.9,306291,103,1668,685,-0.55342,-0.65765,2.0239
1975.7,-2068.8,-120.01,0.067457,304.32,2847,5.6287e+05,628123,1,256.83,3833.4,1321.8,-3697,-294.75,-1133.3,-2103.4,2002.6,62.809,6323.5,307180,103,1668,685,-0.56583,-0.65765,2.0205
1967.9,-2018.7,-94.023,0.041594,236.19,2810.9,5.6331e+05,628121,1,253.4,3836.8,1323.6,-3727.9,-287.22,-1162.4,-2117,2007.2,47.549,6354.6,307461,103,1668,685,-0.57822,-0.65765,2.017
1960,-1968.3,-67.946,0.028913,169.09,2773.4,5.6389e+05,628119,1,249.55,3838.5,1327,-3747.7,-277.29,-1189.9,-2123.5,2013,34.623,6376.3,307790,103,1668,685,-0.59058,-0.65765,2.0134
1952.1,-1917.5,-41.804,0.018669,103.07,2734.7,5.6435e+05,628117,1,247.4,3839.9,1331.4,-3766,-264.63,-1220.7,-2128.6,2019.9,20.212,6397.8,308022,103,1668,685,-0.60293,-0.65765,2.0098
1944.1,-1866.5,-15.625,0.012782,38.18,2694.8,5.6445e+05,628115,1,247.86,3839.7,1334.8,-3775,-256.81,-1242,-2130.4,2024,10.129,6409.5,308131,103,1668,685,-0.61525,-0.65765,2.006
1935.9,-1815.2,10.564,0.010135,-25.532,2653.7,5.6419e+05,628113,1,249.36,3839.3,1338.5,-3780.9,-249.7,-1262.8,-2130.7,2027.6,0.347,6418.5,308220,103,1668,685,-0.62754,-0.65765,2.0022
1927.6,-1763.8,36.74,0.009195,-88.028,2611.6,5.6359e+05,628111,1,252.87,3838.4,1341.9,-3785.6,-240.17,-1289.2,-2129.4,2032.5,-12.989,6427.6,308313,103,1602,677,-0.63982,-0.65765,1.9983
1919.2,-1712.2,62.889,0.008359,-149.3,2568.4,5.6307e+05,628109,1,254.05,3838.1,1353.3,-3787.3,-232.86,-1315.4,-2128.2,2036.4,-21.931,6436.8,308403,103,1602,677,-0.65207,-0.65765,1.9944
1910.6,-1660.6,89.007,0.0065131,-209.36,2524.3,5.6302e+05,628107,1,259.73,3835.9,1349.6,-3789,-224.18,-1338.5,-2124.8,2040.7,-37.301,6440.6,308433,103,1602,677,-0.66429,-0.65765,1.9903
1901.8,-1608.8,115.09,0.0037967,-268.23,2479.2,5.638e+05,628105,1,259.99,3835.4,1360.8,-3789,-218.83,-1360.6,-2123.6,2043.5,-43.907,6447.8,308496,103,1602,677,-0.67649,-0.65765,1.9862
1892.9,-1556.9,141.14,0.001428,-325.91,2433.3,5.652e+05,628103,1,264.52,3833.2,1363.8,-3788.1,-211.04,-1386.3,-2119.9,2047.4,-57.25,6452,308534,103,1602,677,-0.68867,-0.65765,1.982
1883.9,-1504.9,167.14,-0.00024004,-382.41,2386.5,5.6746e+05,628101,1,267.95,3831.3,1369,-3786.3,-204.34,-1409.6,-2116.5,2050.6,-68.099,6455.9,308562,103,1602,677,-0.70082,-0.65765,1.9778
1874.7,-1452.9,193.09,-0.0017415,-437.75,2339,5.7233e+05,628099,1,268.06,3830.1,1370.9,-3784.7,-197.25,-1431.1,-2113.7,2054.1,-79.215,6459.5,308591,103,1602,677,-0.71294,-0.65765,1.9734
1865.4,-1400.7,219.01,-0.014768,-492.02,2290.8,5.7616e+05,628097,1,262.91,3832.8,1381.6,-3783.9,-188.52,-1456.5,-2113.5,2058.9,-88.125,6469.7,308673,103,1602,677,-0.72503,-0.65765,1.969
1856.1,-1348.4,244.97,-0.032424,-545.36,2241.9,5.7485e+05,628095,1,254.19,3840.3,1379.3,-3794,-172.7,-1483.2,-2118.2,2068.6,-104.32,6489.7,308898,103,1602,677,-0.7371,-0.65765,1.9645
1846.7,-1295.9,270.99,-0.040016,-597.83,2192.2,5.7364e+05,628093,1,243.95,3851.3,1383.2,-3811.8,-153.4,-1511.1,-2127.2,2080.5,-117.85,6519.9,309132,103,1602,677,-0.74914,-0.65765,1.96
1837.4,-1243,297.12,-0.040485,-649.58,2141.8,5.7213e+05,628091,1,233.93,3862.1,1394.7,-3831.4,-136.45,-1537.6,-2136.6,2091.3,-125.87,6552.2,309356,103,1602,677,-0.76115,-0.65765,1.9553
1680.5,-899.48,405.67,-0.3636,-830.76,1762.8,5.7552e+05,631085,1,46.956,3520.7,1272.1,-4662.1,90.976,-1986.1,-2516.1,2039.9,-363.82,7094.2,312155,103,1608,679,-0.82934,-0.68334,1.9184
1628.2,-479.1,564.35,-6.6358,-1114.9,1398.5,5.8876e+05,634077,1,251.95,-2444.1,-791.35,-14548,-16.431,-6732,-6474.1,-454.23,-3160.3,17769,336409,103,1608,679,-0.87259,-0.70894,1.8897
1607.2,-654.55,488.99,-1.076,-971.74,1518.6,5.8914e+05,632579,1,2915.9,349.14,1454.3,-9438.5,-540.48,-4495.1,-3316.9,593.1,-1292.8,11548,329109,103,1608,679,-0.86276,-0.69616,1.899
1541,-487.72,539.5,6.2251,-1050.9,1341.4,5.8783e+05,632577,1,17058,-11284,3775.5,-21524,3611.9,-8651.8,-4534.4,-1034.9,-2479.8,31805,344310,103,1608,679,-0.8744,-0.69616,1.8937
1672.7,-832.22,437.72,-0.34085,-888.77,1700.7,5.8048e+05,631083,1,300.76,3306.9,1313.1,-5129,104.15,-2218.6,-2587.4,1957.4,-438.76,7396.5,313830,103,1608,679,-0.8411,-0.68334,1.9133
1659.9,-756.15,470.95,-0.11126,-947.81,1628,5.8428e+05,631081,1,946.41,3122.3,1539.8,-5962.7,-12.58,-2668.5,-2649.9,1843.2,-524.43,8147.7,317904,103,1608,679,-0.85282,-0.68334,1.9081
1630.5,-661.8,504.71,1.3598,-1004.8,1530.3,5.8687e+05,631079,1,6327,1049,3267.7,-10142,-41.716,-4639.6,-2632.2,1207.6,-763.88,13608,332229,103,1608,679,-0.86451,-0.68334,1.9028
1828.2,-1189.4,323.55,-0.063247,-701.05,2090.6,5.7187e+05,628089,1,191.52,3879.9,1382.3,-3909.1,-98.491,-1584.7,-2175.5,2111.7,-152.44,6634.7,309886,103,1602,677,-0.77314,-0.65765,1.9506
1819.6,-1134.6,350.52,-0.11725,-752.82,2038.2,5.7159e+05,628087,1,144.18,3889.8,1370.4,-4012.8,-63.657,-1643.6,-2225.7,2128,-181.87,6734.4,310427,103,1602,677,-0.78509,-0.65765,1.9458
1811.5,-1078.2,378.24,-0.22556,-805.33,1984.6,5.7168e+05,628085,1,98.826,3886.1,1361.9,-4101.2,-35.572,-1696.4,-2274.7,2136.9,-207.54,6815.4,310869,103,1602,677,-0.79702,-0.65765,1.941
1803.8,-1020.1,406.79,-0.31421,-858.6,1929.4,5.7224e+05,628083,1,87.906,3888.1,1352.7,-4240.9,2.7193,-1771.2,-2332.2,2150.2,-246.74,6942.7,311448,103,1602,677,-0.80891,-0.65765,1.9361
1795.9,-960.19,436.01,-0.27587,-912.08,1872.3,5.7318e+05,628081,1,106.39,3884.9,1370.7,-4360.1,32.149,-1839.5,-2374,2158.8,-270.83,7053.2,311976,103,1602,677,-0.82077,-0.65765,1.9311
1732.7,-898.54,435.36,-0.22665,-896.96,1787.3,5.7547e+05,629583,1,163.72,3773.3,1386.8,-4639.4,67.862,-1982.7,-2455.4,2128.6,-319.27,7232.5,312921,103,1608,679,-0.83099,-0.67051,1.9222
1787.4,-897.56,465.98,-0.20926,-966.11,1812.2,5.7607e+05,628079,1,168.28,3887.1,1400.1,-4660.8,76.778,-1989.4,-2455.1,2172.8,-319.63,7323.6,313452,103,1602,677,-0.83261,-0.65765,1.926
1607.1,-232.71,665.24,-1.1188,-1292.6,1186.9,5.819e+05,634075,1,8203,-12090,-671.96,-21678,3791,-8743.4,-6990.6,-1685.5,-3905.9,29011,343084,103,1608,679,-0.88417,-0.70894,1.8844
1541.8,77.129,777.21,11.182,-1477.7,896.39,5.6971e+05,634073,1,4852.8,-19216,-4906.8,-26903,13701,-7684.3,-9034.1,-869.21,-4634.6,38617,346744,103,1608,679,-0.89572,-0.70894,1.8789
2123.9,-2572.5,-363.12,0.0046013,1031,3193.3,5.556e+05,626641,1,182.94,3639,1178.2,-3531.4,-341.43,-843.29,-2100.3,1901.3,157.73,6001.1,303908,103,1668,685,-0.42909,-0.64476,2.058
2118.3,-2525.6,-337.03,0.0059143,948.26,3175,5.5569e+05,626639,1,191.71,3645.1,1184.7,-3533.6,-335.5,-864.65,-2098.3,1906,146.97,6010.9,304011,103,1668,685,-0.44171,-0.64476,2.0553
2112.7,-2478.7,-310.99,0.011421,867.02,3154.7,5.5581e+05,626637,1,196.11,3652.9,1190.9,-3533.4,-328.99,-885.42,-2096.6,1911.2,136.31,6020.3,304097,103,1668,685,-0.45431,-0.64476,2.0526
2106.8,-2431.7,-284.98,0.028507,787.27,3132.6,5.5606e+05,626635,1,210.73,3670.3,1202.6,-3528.7,-316.76,-903.42,-2093,1918.9,126.87,6034,304236,103,1668,685,-0.4669,-0.64476,2.0497
2100.6,-2384.7,-259.03,0.082347,709.09,3108.7,5.5628e+05,626633,1,222.43,3694.1,1213.6,-3517.8,-294.76,-918.94,-2090.9,1928.8,115.21,6048.1,304368,103,1668,685,-0.47946,-0.64476,2.0468
2093.9,-2338,-233.17,0.28871,632.91,3083,5.569e+05,626631,1,348.14,3796.9,1286.4,-3423.4,-232.21,-897.36,-2055.2,1963.8,127.16,6071.9,304596,103,1668,685,-0.49201,-0.64476,2.0439
2085.4,-2292.5,-207.74,0.89466,560.18,3055.1,5.5905e+05,626629,1,498.46,3904.3,1357.8,-3300.4,-125.14,-854.74,-1994.5,2023,146.5,6088.3,304753,103,1668,685,-0.50455,-0.64476,2.0408
2072.9,-2249.8,-183.74,1.9792,493.73,3024.6,5.6138e+05,626627,1,684.19,4026.1,1446.4,-3148.2,27.41,-791.24,-1895.1,2124.5,189.94,6106,304948,103,1668,685,-0.51706,-0.64476,2.0377
2057.7,-2210,-162.13,2.436,433.23,2992.8,5.6289e+05,626625,1,704.89,4041.8,1463.7,-3056.5,106.43,-762.35,-1776.1,2206.6,237,6088.3,304762,103,1668,685,-0.52955,-0.64476,2.0345
2045.8,-2168.5,-140.94,1.3784,371.24,2961.4,5.6307e+05,626623,1,471.17,3905.4,1364.8,-3276.5,-59.451,-894.07,-1854.8,2137.4,183.14,6088.3,304760,103,1668,685,-0.54202,-0.64476,2.0312
2037.4,-2122.1,-117.22,0.37285,304,2928.4,5.6262e+05,626621,1,289.68,3825.8,1295.5,-3558.6,-225.81,-1045.4,-2007.1,2046.8,101.64,6199.6,305945,103,1668,685,-0.55448,-0.64476,2.0278
2029.8,-2072.8,-91.68,0.0881,235.02,2893.1,5.6354e+05,626619,1,259.45,3825.5,1290.5,-3665,-256.71,-1104.3,-2078.4,2024.6,64.777,6285.5,306800,103,1668,685,-0.56691,-0.64476,2.0244
2022.1,-2022.7,-65.642,0.04148,166.62,2856,5.6443e+05,626617,1,255.21,3830.3,1295.3,-3727.3,-273.34,-1155.8,-2113.6,2013,36.331,6343.4,307357,103,1668,685,-0.57932,-0.64476,2.0208
2014.2,-1972.1,-39.484,0.028414,99.275,2817.5,5.6483e+05,626615,1,254.2,3834.3,1300.1,-3752,-268.33,-1186.3,-2122.3,2016.4,21.969,6370.5,307716,103,1668,685,-0.59171,-0.64476,2.0173
2006.3,-1921.2,-13.265,0.019992,33.058,2777.7,5.6495e+05,626613,1,253.86,3835.1,1301.9,-3767.1,-259.63,-1211.3,-2125.9,2021.4,9.4105,6387.4,307909,103,1668,685,-0.60408,-0.64476,2.0136
1998.3,-1870,12.985,0.013583,-31.98,2736.7,5.6499e+05,626611,1,253.73,3836.6,1313.1,-3777.4,-251.59,-1239.6,-2128.1,2026.1,-0.32713,6404,308085,103,1668,685,-0.61642,-0.64476,2.0098
1990.1,-1818.7,39.237,0.010623,-95.779,2694.5,5.6457e+05,626609,1,257.73,3835.7,1312,-3784.6,-241.46,-1265.5,-2127.3,2031.4,-15.807,6413.7,308175,103,1602,677,-0.62874,-0.64476,2.006
1981.8,-1767.1,65.47,0.0087422,-158.32,2651.4,5.6419e+05,626607,1,260.31,3835.5,1318.5,-3787.3,-234.97,-1288.3,-2126.1,2034.9,-25.41,6421.6,308268,103,1602,677,-0.64104,-0.64476,2.0021
1973.4,-1715.5,91.673,0.0077671,-219.6,2607.2,5.6341e+05,626605,1,263.57,3834.7,1323.5,-3788.8,-227.92,-1312.3,-2123.8,2038.7,-36.591,6428.3,308319,103,1602,677,-0.65331,-0.64476,1.9982
1964.8,-1663.7,117.84,0.0057818,-279.62,2562,5.6313e+05,626603,1,268.01,3833.4,1326.6,-3789.8,-219.96,-1338.5,-2120.7,2042.9,-50.049,6434.5,308382,103,1602,677,-0.66556,-0.64476,1.9941
1956,-1611.8,143.98,0.0033782,-338.42,2516,5.6339e+05,626601,1,268.68,3832.7,1337.8,-3789.6,-214.89,-1360.6,-2119.3,2045.4,-56.687,6441.2,308437,103,1602,677,-0.67778,-0.64476,1.99
1947.1,-1559.8,170.07,0.0011145,-396,2469.1,5.6529e+05,626599,1,275.18,3830.9,1334.9,-3788.6,-207.07,-1383.4,-2114.6,2049.5,-71.717,6443.6,308461,103,1602,677,-0.68998,-0.64476,1.9858
1938,-1507.8,196.11,-0.00020898,-452.37,2421.4,5.7109e+05,626597,1,275.72,3829.7,1348.4,-3786.8,-201.55,-1407.7,-2112.6,2052.1,-78.46,6450,308518,103,1602,677,-0.70215,-0.64476,1.9815
1928.7,-1455.6,222.11,-0.0011146,-507.57,2372.9,5.7766e+05,626595,1,275.85,3828.9,1345.1,-3786.4,-194.24,-1428.5,-2109.7,2056,-91.872,6453.5,308540,103,1602,677,-0.71429,-0.64476,1.9772
1919.5,-1403.4,248.12,-0.026297,-561.77,2323.8,5.781e+05,626593,1,265.93,3831.7,1350.2,-3791.2,-182.47,-1455.7,-2112.5,2062.2,-103.89,6467.4,308653,103,1602,677,-0.72641,-0.64476,1.9728
1910.3,-1350.9,274.18,-0.044689,-615.07,2274,5.7676e+05,626591,1,255.09,3836.2,1352.4,-3802.1,-168.98,-1482,-2119,2069.5,-117.17,6486.8,308845,103,1602,677,-0.7385,-0.64476,1.9683
1901.1,-1298.1,300.36,-0.057611,-667.6,2223.5,5.7569e+05,626589,1,243.34,3843.1,1352.5,-3823.3,-150.12,-1508.7,-2129.4,2079.5,-131.27,6515.4,309098,103,1602,677,-0.75057,-0.64476,1.9637
1891.9,-1244.9,326.7,-0.063703,-719.48,2172.1,5.7475e+05,626587,1,222.91,3860.5,1359.6,-3861.2,-120.67,-1545,-2148,2096.6,-146.1,6568.3,309459,103,1602,677,-0.7626,-0.64476,1.959
1723,-831.06,466.64,-0.1177,-952.98,1723.1,5.7964e+05,629581,1,342.69,3705.7,1446.8,-5083.7,65.137,-2213.1,-2545.2,2095.8,-386.21,7596.7,315078,103,1608,679,-0.84277,-0.67051,1.9171
1257.1,-108.96,624.04,63.855,-1110.8,862.35,5.8304e+05,632575,1,19189,-36027,-4246.8,-40181,21237,-11115,-8756.1,-2727,-5127.2,63116,352246,103,1608,679,-0.886,-0.69616,1.8883
1487.4,-485.43,537.13,21.699,-1025.9,1297.5,5.8638e+05,631077,1,36964,-2602.5,16225,-30770,573.52,-14071,-2901.1,430.89,-1188.7,52835,350326,103,1608,679,-0.87617,-0.68334,1.8975
595.34,206,585.05,199.03,-812.15,199.88,5.8499e+05,631075,1,41526,-30047,8516.3,-52733,13955,-19693,-2854.7,-4466.1,-2944.2,78101,354771,103,1608,679,-0.8878,-0.68334,1.8921
1708.8,-756.3,498.79,0.26125,-1009.3,1649.8,5.8288e+05,629579,1,1180.8,3749,1842.1,-6063.6,38.388,-2703.5,-2602.9,2094.9,-432.47,8618,319854,103,1608,679,-0.85452,-0.67051,1.9119
1678.1,-664.03,531.68,2.4192,-1063.1,1552.3,5.8588e+05,629577,1,6753.2,3658.4,4373.4,-9392.5,-24.877,-4281.8,-2251.2,2047.3,-298.69,13929,332638,103,1608,679,-0.86623,-0.67051,1.9066
1467.9,-471.97,551.71,34.898,-1038.1,1266,5.8714e+05,629575,1,58808,-7774.2,24570,-39543,3825.5,-17000,1239.4,-386.29,446.94,77406,354668,103,1608,679,-0.87791,-0.67051,1.9013
1883.1,-1190.8,353.38,-0.098144,-771.19,2119.9,5.7461e+05,626585,1,191.64,3871.6,1353.2,-3926.2,-95.228,-1587.7,-2179,2110,-167.61,6635.5,309893,103,1602,677,-0.77461,-0.64476,1.9543
1874.5,-1135.6,380.55,-0.15478,-823.04,2066.6,5.742e+05,626583,1,154.64,3880.7,1343.4,-4015.5,-69.785,-1641.4,-2220.3,2122.1,-194.21,6721.8,310365,103,1602,677,-0.78659,-0.64476,1.9495
1866.4,-1078.8,408.43,-0.25069,-875.52,2011.8,5.7368e+05,626581,1,106.63,3889.2,1335.5,-4144.8,-30.263,-1714.4,-2283.2,2138.9,-228.43,6846.9,311018,103,1602,677,-0.79853,-0.64476,1.9447
1858.8,-1020,437.21,-0.34088,-928.93,1955.5,5.74e+05,626579,1,93.828,3886.7,1331.2,-4261.6,1.1741,-1780.4,-2334,2149.1,-260.9,6953.6,311502,103,1602,677,-0.81045,-0.64476,1.9397
1850.9,-959.63,466.58,-0.28592,-982.35,1897.2,5.7459e+05,626577,1,113.7,3888.9,1344.4,-4422.8,44.719,-1865.3,-2386.9,2162.6,-293.92,7102.6,312206,103,1602,677,-0.82234,-0.64476,1.9347
1777.3,-829.86,497.14,-0.055041,-1021.5,1746.8,5.7926e+05,628077,1,351.3,3886.5,1485.4,-5067.2,107.83,-2191.6,-2527,2180.8,-364.46,7694.2,315525,103,1608,679,-0.84441,-0.65765,1.9208
1842.6,-896.26,496.85,-0.21507,-1036.6,1836,5.7704e+05,626575,1,166.61,3894,1373.3,-4694.2,96.914,-1997.6,-2461.5,2180.1,-335.79,7351,313610,103,1602,677,-0.83419,-0.64476,1.9297
1832.9,-828.02,528.31,-0.031156,-1092.2,1769.6,5.7972e+05,626573,1,315.77,3920.5,1452.7,-5121.2,159.31,-2198.9,-2554.7,2210,-382.85,7760.5,315859,103,1602,677,-0.84602,-0.64476,1.9245
1028.8,532,811.4,106.37,-1394.4,210.14,5.7613e+05,632573,1,9929,-36942,-8965.6,-35195,32873,-4571.4,-8173.3,-2536.6,-4798,63089,352241,103,1608,679,-0.89757,-0.69616,1.8828
2180.4,-2624.1,-362.48,0.0025301,1052.7,3265.5,5.5605e+05,625137,1,181.49,3628.9,1147.4,-3527.5,-341.57,-817.52,-2099.1,1899.9,157.24,5982.3,303723,103,1668,685,-0.41723,-0.63185,2.0644
2175.1,-2577.3,-336.3,0.00090751,967.65,3248.1,5.5644e+05,625135,1,187.1,3628.9,1151.1,-3531.8,-335.76,-839.29,-2098.2,1903.5,145.87,5988.9,303784,103,1668,685,-0.42989,-0.63185,2.0618
2169.6,-2530.3,-310.16,-0.00010222,884.11,3228.7,5.5755e+05,625133,1,192.02,3629.4,1155,-3534.4,-329.91,-860.8,-2096.9,1907.3,134.62,5994.8,303845,103,1668,685,-0.44253,-0.63185,2.0591
2164,-2483.3,-284.05,0.0018422,802.08,3207.3,5.5847e+05,625131,1,198.17,3631.6,1159.7,-3535.8,-322.82,-881.82,-2095.2,1911.6,123.62,6001.3,303913,103,1668,685,-0.45516,-0.63185,2.0564
2158.1,-2436.2,-257.97,0.0079691,721.57,3184.1,5.587e+05,625129,1,202.75,3633,1161.8,-3537.1,-313.41,-904.22,-2093.6,1916.7,110.27,6007.1,303975,103,1668,685,-0.46777,-0.63185,2.0536
2152.2,-2389,-231.93,0.024978,642.59,3159.1,5.5851e+05,625127,1,209.86,3641.6,1173.5,-3531.9,-305.75,-919.44,-2092.2,1920.7,104.32,6014.4,304038,103,1668,685,-0.48036,-0.63185,2.0507
2146,-2341.8,-205.91,0.092065,565.24,3132.5,5.5853e+05,625125,1,245.88,3676.6,1193.9,-3506.2,-269.08,-926.97,-2085.5,1932.6,94.376,6026.7,304166,103,1668,685,-0.49293,-0.63185,2.0477
2139.2,-2295,-179.96,0.3648,489.97,3104.1,5.5992e+05,625123,1,395.6,3800.9,1276.3,-3404.8,-167.45,-895.38,-2050.3,1975.9,104.05,6064.1,304505,103,1668,685,-0.50549,-0.63185,2.0446
2129.9,-2249.5,-154.45,1.2192,418.71,3073.3,5.6213e+05,625121,1,522.26,3880.4,1331.5,-3329.6,-98.548,-872.37,-2012,2004.1,110.04,6085.8,304734,103,1668,685,-0.51802,-0.63185,2.0415
2115.8,-2207.3,-130.8,2.5249,354.83,3039.7,5.6423e+05,625119,1,727.36,4038.2,1441.3,-3118.7,96.641,-781.51,-1856.6,2145.1,182.12,6106,304949,103,1668,685,-0.53054,-0.63185,2.0382
2101,-2167.7,-109.76,2.4357,295.65,3006.3,5.6488e+05,625117,1,602.25,3997.1,1400.9,-3102.8,160.58,-778.9,-1775.2,2236.5,220.52,6088.3,304761,103,1668,685,-0.54303,-0.63185,2.035
2091.4,-2124.6,-87.935,0.89469,231.99,2973.5,5.6424e+05,625115,1,364.53,3891.3,1311.1,-3386.5,-34.004,-936.07,-1911,2147.6,146.72,6133.9,305284,103,1668,685,-0.55551,-0.63185,2.0316
2083.7,-2076.5,-63.2,0.18825,164.02,2937.8,5.6425e+05,625113,1,271.26,3834,1268.7,-3605.1,-202.89,-1075,-2036.1,2055.9,68.069,6241.3,306355,103,1668,685,-0.56797,-0.63185,2.0281
2076,-2026.5,-37.248,0.052299,95.587,2899.8,5.6525e+05,625111,1,257.13,3827.6,1266,-3725.3,-261.54,-1152,-2107.8,2019,23.126,6333.5,307269,103,1668,685,-0.5804,-0.63185,2.0246
2068.3,-1975.9,-11.031,0.026564,28.059,2860.3,5.6608e+05,625109,1,257.76,3830.5,1277.6,-3753.4,-260.7,-1182.8,-2120.2,2019.6,11.832,6364,307544,103,1668,685,-0.59281,-0.63185,2.021
2060.4,-1924.8,15.262,0.018429,-38.313,2819.4,5.6595e+05,625107,1,258.96,3831.4,1274.7,-3769.6,-252.07,-1207.2,-2123.7,2024.5,-3.1287,6380.5,307834,103,1668,685,-0.6052,-0.63185,2.0173
2052.4,-1873.5,41.578,0.013093,-103.45,2777.3,5.6565e+05,625105,1,261.08,3832.6,1282.7,-3780.2,-244.47,-1236.1,-2125,2029.1,-15.042,6396.4,308007,103,1602,677,-0.61757,-0.63185,2.0136
2044.2,-1822,67.887,0.0097175,-167.29,2734.1,5.6529e+05,625103,1,264.19,3832.8,1287.8,-3785.6,-237.19,-1261.1,-2124.3,2033.2,-26.593,6406.6,308106,103,1602,677,-0.62991,-0.63185,2.0098
2035.9,-1770.4,94.175,0.0075581,-229.83,2689.8,5.6486e+05,625101,1,267.65,3832.6,1293,-3788.3,-230.42,-1285.5,-2122.4,2037,-37.904,6414.4,308181,103,1602,677,-0.64223,-0.63185,2.0059
2027.4,-1718.7,120.43,0.0059211,-291.08,2644.6,5.6433e+05,625099,1,271.4,3832.3,1298.3,-3789.7,-223.67,-1309.7,-2120,2040.7,-49.047,6421.4,308263,103,1602,677,-0.65453,-0.63185,2.0019
2018.8,-1666.8,146.65,0.0042841,-351.03,2598.5,5.6352e+05,625097,1,275.14,3831.6,1301.4,-3790.3,-217.34,-1331.8,-2117.2,2044.2,-60.229,6426.8,308305,103,1602,677,-0.6668,-0.63185,1.9978
2010,-1614.8,172.83,0.0018808,-409.73,2551.4,5.6366e+05,625095,1,278.1,3831.1,1311.2,-3790.2,-210.36,-1359.6,-2114.5,2048,-71.001,6434.4,308381,103,1602,677,-0.67904,-0.63185,1.9937
2001.1,-1562.7,198.97,0.00010449,-467.18,2503.6,5.7121e+05,625093,1,282.18,3830.2,1314.5,-3789.1,-203.87,-1381.3,-2111,2051.5,-81.956,6438.7,308418,103,1602,677,-0.69126,-0.63185,1.9895
1992,-1510.6,225.07,-0.00094039,-523.4,2454.9,5.7998e+05,625091,1,284.85,3829.9,1319.9,-3788,-196.91,-1405,-2107.9,2055.2,-92.805,6444.3,308469,103,1602,677,-0.70346,-0.63185,1.9852
1982.7,-1458.3,251.13,-0.0046324,-578.44,2405.5,5.795e+05,625089,1,280.62,3830,1323.9,-3790.3,-186.98,-1433.4,-2107.1,2060.4,-106.2,6453.9,308545,103,1602,677,-0.71563,-0.63185,1.9809
1973.5,-1405.9,277.2,-0.024938,-632.49,2355.4,5.7922e+05,625087,1,270.82,3829.3,1323.9,-3798.1,-178.6,-1455.7,-2111.1,2064.4,-117.4,6465.1,308631,103,1602,677,-0.72777,-0.63185,1.9764
1964.3,-1353.2,303.38,-0.053917,-685.74,2304.7,5.7849e+05,625085,1,259.07,3831.6,1325,-3814.7,-161.47,-1483.1,-2119.6,2071.9,-131.42,6487.3,308880,103,1602,677,-0.73988,-0.63185,1.9719
1955.2,-1300.1,329.7,-0.066874,-738.26,2253.2,5.7748e+05,625083,1,242.31,3835,1324.3,-3840,-141.82,-1513.3,-2133.3,2080.7,-147.15,6517.5,309116,103,1602,677,-0.75197,-0.63185,1.9673
1946.3,-1246.5,356.24,-0.0852,-790.26,2201,5.7698e+05,625081,1,224.57,3838.6,1320.9,-3880.2,-118.58,-1546.7,-2151,2090.3,-164.53,6558.6,309410,103,1602,677,-0.76402,-0.63185,1.9627
1937.5,-1192.1,383.1,-0.12333,-842.01,2147.8,5.7699e+05,625079,1,187.79,3854,1320.4,-3950.3,-85.934,-1595.7,-2185,2106.5,-186.24,6636,309897,103,1602,677,-0.77605,-0.63185,1.958
1763.7,-755.4,529.33,0.32014,-1077.6,1673.5,5.8221e+05,628075,1,862.02,3960.6,1743.6,-5893.9,157.91,-2579.7,-2647.8,2224.8,-420.1,8545.4,319616,103,1608,679,-0.85618,-0.65765,1.9156
1735.9,-662.75,563.31,2.4381,-1133.2,1576.6,5.8579e+05,628073,1,8699.6,4193.1,5425.3,-11019,428.57,-4878.8,-2218.5,2358.4,-194.86,16692,335381,103,1608,679,-0.86792,-0.65765,1.9103
1526.6,-460.97,584.32,33.385,-1112,1283.3,5.8867e+05,628071,1,77100,4403.1,37355,-44327,1004,-20234,5824.8,2533,3591.7,98933,357423,103,1608,679,-0.87962,-0.65765,1.905
1929.1,-1136.5,410.46,-0.19657,-893.93,2093.5,5.7672e+05,625077,1,149.47,3865.6,1310.8,-4043.8,-59.937,-1651.2,-2228.3,2118.8,-213.73,6728,310396,103,1602,677,-0.78805,-0.63185,1.9532
1921.3,-1079.2,438.58,-0.29713,-946.56,2037.7,5.7597e+05,625075,1,118.76,3875.8,1303.5,-4156.3,-35.415,-1716.3,-2278.3,2130.5,-244.73,6837.2,310969,103,1602,677,-0.80002,-0.63185,1.9483
1913.5,-1020.1,467.45,-0.3439,-999.71,1980.2,5.7572e+05,625073,1,106.43,3878.5,1310.2,-4280.6,-2.7191,-1789.6,-2332.3,2143.1,-275.18,6957.4,311516,103,1602,677,-0.81196,-0.63185,1.9434
1905.6,-959.05,496.99,-0.30504,-1053.1,1920.7,5.7613e+05,625071,1,122.65,3871.8,1311.1,-4450.2,31.794,-1878.3,-2385.5,2150.2,-313.15,7104.2,312213,103,1602,677,-0.82387,-0.63185,1.9383
1897.3,-894.83,527.52,-0.21155,-1107.5,1858,5.7785e+05,625069,1,170.59,3870.4,1340.6,-4715.9,94.312,-2005.9,-2461.3,2168,-353.27,7345.9,313575,103,1602,677,-0.83575,-0.63185,1.9332
1820.2,-752.93,561.07,0.39866,-1149,1695.5,5.8246e+05,626571,1,844.42,3962.5,1710.3,-6081,243.56,-2639,-2720.9,2255.3,-458.94,8720.2,320267,103,1608,679,-0.85781,-0.64476,1.9193
1887.8,-825.66,559.3,0.0036968,-1163.3,1790.2,5.8005e+05,625067,1,312.12,3851.6,1395.1,-5257.1,208.06,-2244.3,-2596.4,2194.5,-425.16,7831.6,316258,103,1602,677,-0.84759,-0.63185,1.9281
1875.6,-748.55,592.98,0.58351,-1221.3,1714.1,5.8248e+05,625065,1,973.36,3829.3,1698.3,-6543.2,510.88,-2763.6,-2847.1,2298.9,-517.91,9103.1,321857,103,1608,679,-0.85941,-0.63185,1.9228
2231.4,-2628.9,-335.72,0.0011428,988.46,3320.5,5.5636e+05,623629,1,186.97,3621.5,1123.5,-3528.7,-335.85,-815.49,-2097,1902.4,145.51,5973.2,303628,103,1668,685,-0.41799,-0.61891,2.0682
2226.1,-2581.9,-309.5,-0.0008392,902.58,3302,5.5775e+05,623627,1,191.99,3620.1,1124.8,-3532.4,-329.81,-835.34,-2096,1905.9,134.06,5977.9,303675,103,1668,685,-0.43067,-0.61891,2.0656
2220.6,-2534.9,-283.3,-0.0016363,818.25,3281.4,5.5959e+05,623625,1,197.12,3619.7,1128.4,-3535.5,-323.64,-856.93,-2094.8,1909.5,122.71,5983.5,303736,103,1668,685,-0.44334,-0.61891,2.0629
2215,-2487.8,-257.13,-0.0012211,735.49,3258.9,5.6083e+05,623623,1,202.82,3618.3,1129.7,-3538.2,-315.98,-880.17,-2093,1913.8,109.09,5988.2,303778,103,1668,685,-0.45599,-0.61891,2.0601
2209.2,-2440.6,-231,0.00063304,654.31,3234.5,5.6141e+05,623621,1,205.71,3620.3,1138.2,-3538.9,-311.69,-897.8,-2092.1,1916.4,102.55,5994.2,303837,103,1668,685,-0.46862,-0.61891,2.0573
2203.2,-2393.2,-204.9,0.0060603,574.7,3208.3,5.6154e+05,623619,1,212.39,3620,1140.3,-3538.9,-301.27,-919.72,-2090.1,1920.8,89.074,5998,303877,103,1668,685,-0.48123,-0.61891,2.0544
2197.1,-2345.9,-178.83,0.024978,496.69,3180.5,5.6055e+05,623617,1,217.78,3621.6,1145.1,-3536.7,-290.23,-938.92,-2089.2,1924.6,77.717,6001.9,303919,103,1668,685,-0.49383,-0.61891,2.0514
2190.8,-2298.5,-152.77,0.10041,420.34,3151.1,5.6058e+05,623615,1,262.89,3660.1,1171.2,-3507.8,-252.77,-943.48,-2082.8,1932.9,69.132,6014.5,304039,103,1668,685,-0.50641,-0.61891,2.0483
2183.8,-2251.5,-126.78,0.41363,346.19,3120,5.6244e+05,623613,1,451.69,3811.6,1272.1,-3396.9,-135.44,-904.65,-2041.1,1978.2,81.114,6067.3,304542,103,1668,685,-0.51897,-0.61891,2.0452
2173.6,-2205.9,-101.25,1.4861,276.61,3086.1,5.6441e+05,623611,1,565.04,3957.6,1342.9,-3330,-31.985,-875.75,-2005.7,2027.8,90.571,6106,304950,103,1668,685,-0.5315,-0.61891,2.042
2158.4,-2164,-77.93,2.8334,214.96,3049.8,5.6598e+05,623609,1,692.22,4071.6,1422.8,-3079.1,162.22,-773.78,-1810.8,2187.3,181.31,6106,304951,103,1668,685,-0.54402,-0.61891,2.0387
2146,-2124.2,-57.087,1.9044,155.47,3016.1,5.6618e+05,623607,1,431.8,3925.9,1314.3,-3244.9,69.427,-869.5,-1843.4,2197.6,164.1,6072.2,304598,103,1668,685,-0.55652,-0.61891,2.0353
2137.5,-2079.3,-34.181,0.54989,90.728,2980.9,5.656e+05,623605,1,329.08,3868,1265.6,-3411.7,-69.389,-977.38,-1925,2128.4,106.28,6125.2,305202,103,1668,685,-0.569,-0.61891,2.0318
2129.9,-2030.1,-8.771,0.10579,22.964,2942.3,5.662e+05,623603,1,261.91,3826.9,1245.1,-3692.6,-225.76,-1125.3,-2084.2,2042.7,28.423,6303.5,306993,103,1668,685,-0.58146,-0.61891,2.0283
2122.2,-1979.5,17.426,0.030568,-44.599,2901.7,5.6736e+05,623601,1,262.19,3828.2,1247.1,-3747.1,-244.67,-1174,-2111.7,2029.1,0.79882,6351,307425,103,1602,677,-0.59389,-0.61891,2.0247
2114.3,-1928.3,43.777,0.016624,-111.06,2859.8,5.6748e+05,623599,1,264.05,3829.9,1255.2,-3773.3,-245.14,-1209.8,-2121.7,2028.1,-15.358,6378.9,307816,103,1602,677,-0.6063,-0.61891,2.021
2106.3,-1876.9,70.152,0.011285,-176.25,2816.6,5.6703e+05,623597,1,268.16,3829.6,1252.7,-3781.8,-237.67,-1232.5,-2121.5,2032.3,-29.532,6388.8,307929,103,1602,677,-0.61869,-0.61891,2.0173
2098.1,-1825.3,96.518,0.0078367,-240.09,2772.3,5.6666e+05,623595,1,270.79,3830.4,1264.5,-3786.6,-232.13,-1260.2,-2120.9,2035.6,-38.943,6400.6,308048,103,1602,677,-0.63106,-0.61891,2.0134
2089.8,-1773.6,122.86,0.005329,-302.59,2727,5.6623e+05,623593,1,274.75,3830.2,1267.6,-3789.1,-225.85,-1282.8,-2118.8,2039.2,-50.346,6407.6,308118,103,1602,677,-0.6434,-0.61891,2.0095
2081.3,-1721.8,149.17,0.0035178,-363.76,2680.8,5.6542e+05,623591,1,278.5,3830.1,1273.1,-3790.4,-219.45,-1307,-2116.3,2042.8,-61.503,6414.6,308182,103,1602,677,-0.65572,-0.61891,2.0055
2072.7,-1669.8,175.44,0.00090558,-423.61,2633.6,5.6827e+05,623589,1,282.42,3830.2,1278.7,-3790.9,-212.73,-1331.1,-2113.4,2046.7,-72.487,6421.3,308262,103,1602,677,-0.66801,-0.61891,2.0015
2063.9,-1617.8,201.67,-0.00013932,-482.17,2585.6,5.764e+05,623587,1,285.4,3830,1283.3,-3791.2,-207.18,-1351.1,-2111.1,2049.8,-81.666,6426.8,308304,103,1602,677,-0.68028,-0.61891,1.9973
2055,-1565.6,227.86,-0.001428,-539.47,2536.7,5.8122e+05,623585,1,289.58,3830.1,1290,-3790,-199.45,-1378.8,-2107.2,2054.2,-94.279,6433.6,308375,103,1602,677,-0.69252,-0.61891,1.9931
2045.9,-1513.3,254.01,-0.0024381,-595.51,2487.1,5.8139e+05,623583,1,292.13,3830.1,1295.4,-3789.3,-192.76,-1402.8,-2104.2,2058,-105.19,6439.8,308425,103,1602,677,-0.70474,-0.61891,1.9888
2036.6,-1461,280.13,-0.0066177,-650.38,2436.8,5.802e+05,623581,1,290.18,3830.8,1297.3,-3793.6,-184.32,-1426,-2103.8,2062.5,-116.94,6449.4,308514,103,1602,677,-0.71693,-0.61891,1.9845
2027.4,-1408.4,306.28,-0.02344,-704.25,2385.7,5.803e+05,623579,1,278.16,3830.3,1301.9,-3806.6,-171.01,-1457.2,-2109.6,2068.3,-130.21,6467.7,308657,103,1602,677,-0.72909,-0.61891,1.98
2018.2,-1355.5,332.54,-0.050224,-757.34,2334,5.7999e+05,623577,1,265.58,3828.7,1299.1,-3827.5,-157.37,-1485.5,-2119.4,2073.8,-145.56,6489.4,308896,103,1602,677,-0.74123,-0.61891,1.9755
2009.1,-1302.1,358.98,-0.068406,-809.76,2281.5,5.7923e+05,623575,1,251.67,3827.2,1298,-3857.6,-134.85,-1516.9,-2133.2,2081.4,-161.78,6519.5,309127,103,1602,677,-0.75334,-0.61891,1.9709
2000.2,-1248.1,385.65,-0.087876,-861.67,2228.2,5.7891e+05,623573,1,228.89,3824.5,1292.9,-3900.9,-111.39,-1553.7,-2153.5,2088.8,-180.86,6559.5,309414,103,1602,677,-0.76541,-0.61891,1.9663
1991.5,-1193.4,412.64,-0.13444,-913.35,2174,5.7904e+05,623571,1,198.91,3825.2,1285,-3955.5,-92.062,-1592.3,-2179.3,2095.5,-200.38,6610.1,309726,103,1602,677,-0.77747,-0.61891,1.9615
1983.4,-1137.3,440.24,-0.23952,-965.46,2118.7,5.7908e+05,623569,1,149.22,3838.6,1276,-4056.2,-57.195,-1652.8,-2228.4,2110.3,-229.59,6711.6,310318,103,1602,677,-0.78949,-0.61891,1.9567
1795,-657.01,597.23,2.6369,-1208.5,1596.9,5.8626e+05,626569,1,5438.6,4008.6,3834.6,-9609.7,472.9,-4208.8,-2621.5,2360.3,-391.92,13536,332117,103,1608,679,-0.86957,-0.64476,1.914
1594.1,-444.4,623.54,32.627,-1198.6,1299.9,5.8976e+05,626567,1,95765,-4664.3,42945,-43659,580.7,-20069,11910,-319.96,5442.2,1.1627e+05,359283,103,1608,679,-0.8813,-0.64476,1.9086
1975.8,-1079.6,468.56,-0.34831,-1018.1,2062.1,5.7852e+05,623567,1,117.03,3845.1,1262.7,-4187.1,-25.28,-1727.6,-2284.7,2121.2,-268.15,6833.8,310951,103,1602,677,-0.80148,-0.61891,1.9519
1968,-1020.2,497.52,-0.3647,-1071,2003.6,5.7792e+05,623565,1,124.59,3861.2,1281.8,-4325.4,5.1556,-1808.1,-2335.8,2136,-296.98,6975.1,311606,103,1602,677,-0.81344,-0.61891,1.9469
1960,-958.48,527.24,-0.31139,-1124.4,1942.7,5.7788e+05,623563,1,151.02,3849.2,1291.8,-4550.5,58.095,-1921.5,-2403.1,2146.7,-339.91,7170,312602,103,1602,677,-0.82537,-0.61891,1.9419
1951.5,-893.4,557.91,-0.19505,-1178.6,1878.4,5.7879e+05,623561,1,216.83,3830.4,1318.7,-4884.1,131.59,-2075.9,-2491.8,2159.5,-389.99,7460.8,314202,103,1602,677,-0.83727,-0.61891,1.9368
1941.7,-822.98,589.97,0.06689,-1234.5,1808.8,5.8032e+05,623559,1,336.8,3816.8,1371.4,-5358.9,202.11,-2292.4,-2616.8,2174.5,-453.93,7896.7,316646,103,1602,677,-0.84914,-0.61891,1.9316
1929.2,-742.49,624.67,0.85206,-1293.9,1728.9,5.8251e+05,623557,1,1031.1,3701.5,1650.2,-6908.3,608.12,-2894.5,-2954,2278.2,-589.21,9392.7,322783,103,1602,677,-0.86097,-0.61891,1.9263
1849.9,-646.36,631.39,3.4231,-1284,1609.3,5.8637e+05,625063,1,10448,3214.3,5842.8,-13416,1449.8,-5649.8,-2493.3,2447.9,-327.55,19492,337776,103,1608,679,-0.87119,-0.63185,1.9175
1899.8,-629.82,665.76,4.8303,-1359.6,1612.7,5.8607e+05,623555,1,9689.8,2907.9,5371.6,-13381,1786.4,-5527.1,-2668.8,2446.4,-422.89,18902,337346,103,1602,677,-0.87278,-0.61891,1.921
2282.2,-2633.5,-308.98,0.0003115,922.42,3374.7,5.5774e+05,622121,1,192.5,3612.4,1093.5,-3529.3,-329.55,-807.89,-2094.7,1904.7,133.71,5961,303456,103,1668,685,-0.41873,-0.60595,2.0719
2276.9,-2586.5,-282.71,-0.000626,835.7,3355,5.5969e+05,622119,1,197.51,3612.4,1101,-3533.5,-323.5,-833.27,-2093.8,1908.4,122.32,5968.8,303555,103,1668,685,-0.43144,-0.60595,2.0693
2271.4,-2539.4,-256.46,-0.0013224,750.61,3333.2,5.613e+05,622117,1,202.51,3611,1102.4,-3536.6,-317.51,-853.17,-2092.5,1911.8,110.86,5973,303626,103,1668,685,-0.44413,-0.60595,2.0666
2265.7,-2492.2,-230.24,-0.001845,667.17,3309.5,5.6269e+05,622115,1,207.96,3609.2,1103.8,-3538.9,-311.48,-872.98,-2090.9,1915,99.449,5976.6,303666,103,1668,685,-0.4568,-0.60595,2.0638
2259.9,-2444.9,-204.06,-0.0011496,585.37,3283.9,5.6389e+05,622113,1,212.86,3608.9,1111.6,-3540.9,-304.98,-898.05,-2089.3,1918.6,88.211,5983,303730,103,1668,685,-0.46945,-0.60595,2.061
2254,-2397.5,-177.91,0.001045,505.22,3256.5,5.6437e+05,622111,1,217.96,3606.9,1113.1,-3542.7,-298.46,-917.75,-2087.5,1921.7,76.829,5986.2,303764,103,1668,685,-0.48209,-0.60595,2.058
2247.8,-2350,-151.79,0.0064437,426.7,3227.4,5.6318e+05,622109,1,223.63,3605.7,1117,-3541.8,-290,-938.11,-2085.6,1924.6,65.424,5988.8,303783,103,1668,685,-0.49471,-0.60595,2.055
2241.6,-2302.4,-125.71,0.021934,349.83,3196.7,5.6214e+05,622107,1,229.86,3605.5,1121.6,-3538.7,-279.85,-957.49,-2083.6,1927.2,53.953,5990.5,303793,103,1668,685,-0.50731,-0.60595,2.052
2235.1,-2254.9,-99.659,0.08988,274.7,3164.6,5.6263e+05,622105,1,284.37,3652.4,1152.7,-3507.1,-243.76,-961.88,-2076.6,1933.8,45.016,6007.3,303979,103,1668,685,-0.51989,-0.60595,2.0488
2227.7,-2207.8,-73.681,0.41752,201.91,3130.8,5.6438e+05,622103,1,403.76,3751.6,1217.2,-3442.3,-183.93,-950.1,-2058.5,1947.8,41.289,6044.7,304336,103,1668,685,-0.53245,-0.60595,2.0456
2217,-2162.3,-48.253,1.5738,134.13,3094.3,5.661e+05,622101,1,619.65,3931.2,1331.6,-3261.7,-61.148,-884.24,-1964.1,2009.6,74.518,6077.6,304650,103,1668,685,-0.54499,-0.60595,2.0423
2202.5,-2120.7,-25.174,2.6469,73.78,3056.8,5.6738e+05,622099,1,586.04,4012.7,1352.5,-3132.6,103.3,-825.77,-1841.8,2153.7,136.7,6068.8,304558,103,1668,685,-0.55751,-0.60595,2.0389
2191.7,-2079.7,-3.8186,1.431,13.594,3021.3,5.6737e+05,622097,1,398.43,3901.7,1272.6,-3258.3,57.793,-896.24,-1848.1,2190.8,134.24,6054.5,304425,103,1668,685,-0.57001,-0.60595,2.0354
2183.7,-2033.1,20.05,0.33499,-51.642,2983.2,5.6721e+05,622095,1,292.62,3848,1231.3,-3559.7,-121.97,-1057.4,-2003.8,2098.7,51.129,6215.8,306100,103,1602,677,-0.58249,-0.60595,2.0319
2175.9,-1982.9,45.927,0.06123,-118.78,2941.9,5.6806e+05,622093,1,267.46,3827.2,1221.8,-3731.1,-230.91,-1163.6,-2096.8,2037.1,-6.5491,6331.4,307252,103,1602,677,-0.59495,-0.60595,2.0283
2168.1,-1931.7,72.289,0.019007,-185.23,2898.8,5.6895e+05,622091,1,270.2,3827.5,1226.6,-3768.6,-234.5,-1200.8,-2115,2034.1,-25.746,6367,307578,103,1602,677,-0.60738,-0.60595,2.0246
2160.1,-1880.2,98.714,0.01031,-250.4,2854.5,5.6871e+05,622089,1,274.63,3827.5,1229.7,-3782.6,-231.87,-1232.1,-2118,2035.2,-42.07,6383.3,307862,103,1602,677,-0.61979,-0.60595,2.0208
2151.9,-1828.6,125.13,0.0061649,-314.19,2809.2,5.6857e+05,622087,1,276.64,3827.8,1238.9,-3786.6,-228.43,-1253.1,-2117.8,2037.2,-49.021,6392.3,307966,103,1602,677,-0.63218,-0.60595,2.017
2143.6,-1776.8,151.52,0.0028909,-376.61,2762.8,5.6889e+05,622085,1,281.59,3827.7,1242.3,-3789.7,-221.1,-1279.9,-2115.2,2041.4,-62.746,6400.6,308047,103,1602,677,-0.64455,-0.60595,2.0131
2135.1,-1724.8,177.88,0.00048762,-437.66,2715.5,5.7337e+05,622083,1,285.41,3828,1247.9,-3791.3,-214.43,-1304.3,-2112.7,2045.3,-73.905,6408.2,308123,103,1602,677,-0.65689,-0.60595,2.0091
2126.5,-1672.8,204.21,-0.00097524,-497.39,2667.3,5.8014e+05,622081,1,289.03,3828.4,1253.5,-3792.3,-207.36,-1328.4,-2110.1,2049.3,-84.943,6415.6,308196,103,1602,677,-0.6692,-0.60595,2.005
2117.7,-1620.6,230.5,-0.001637,-555.79,2618.3,5.811e+05,622079,1,293.5,3829.2,1260.4,-3791.8,-199.56,-1356.3,-2106.3,2053.9,-97.573,6423.3,308282,103,1602,677,-0.68149,-0.60595,2.0009
2108.8,-1568.4,256.74,-0.0027167,-612.89,2568.5,5.8249e+05,622077,1,296.68,3829.3,1265.2,-3790.9,-194.26,-1376.1,-2103.4,2057,-106.59,6428.2,308317,103,1602,677,-0.69376,-0.60595,1.9967
2099.7,-1516,282.94,-0.0043885,-668.73,2517.9,5.8299e+05,622075,1,298.18,3830.7,1270.7,-3791.4,-186.97,-1400.4,-2101,2061.3,-117.6,6436.3,308399,103,1602,677,-0.70599,-0.60595,1.9924
2090.5,-1463.5,309.13,-0.0092647,-723.39,2466.6,5.8213e+05,622073,1,295.82,3832.6,1275.1,-3797.8,-178.65,-1426.5,-2101.5,2066,-129.47,6449.3,308510,103,1602,677,-0.71821,-0.60595,1.988
2081.2,-1410.8,335.35,-0.023789,-777.06,2414.6,5.8187e+05,622071,1,289.5,3833.1,1276.8,-3810.4,-169.55,-1450.5,-2105.7,2070.5,-140.66,6465.2,308633,103,1602,677,-0.73039,-0.60595,1.9836
2072,-1357.6,361.7,-0.043015,-829.93,2361.9,5.8156e+05,622069,1,276.01,3832.2,1276.9,-3840.7,-149.2,-1486.8,-2118.1,2078.5,-158.34,6496.8,308957,103,1602,677,-0.74255,-0.60595,1.979
2062.9,-1303.9,388.23,-0.059455,-882.17,2308.3,5.8093e+05,622067,1,263.09,3828.6,1275.5,-3874.5,-129.96,-1520.9,-2132.1,2084.7,-175.17,6528.4,309189,103,1602,677,-0.75468,-0.60595,1.9744
2053.8,-1249.7,414.98,-0.076971,-933.84,2253.9,5.8067e+05,622065,1,241.12,3823.2,1269.9,-3921.6,-104.94,-1559,-2152.6,2091.2,-194.68,6569.1,309462,103,1602,677,-0.76678,-0.60595,1.9698
2045.1,-1194.5,442.1,-0.13068,-985.38,2198.6,5.8093e+05,622063,1,191.6,3818.6,1254.1,-4008.8,-66.964,-1614.5,-2194,2101.3,-224.06,6644.7,309945,103,1602,677,-0.77885,-0.60595,1.965
2037,-1138,469.83,-0.24113,-1037.4,2142.2,5.8119e+05,622061,1,140.8,3816.9,1237.3,-4107.5,-37.271,-1673.9,-2242.7,2109.1,-255.38,6733.3,310421,103,1602,677,-0.79089,-0.60595,1.9602
1635.4,-417.56,659.23,36.582,-1270.7,1291.3,5.8997e+05,625061,1,1.3565e+05,-2678.8,62230,-46500,1507.7,-21098,22958,686.8,10924,1.598e+05,362772,103,1608,679,-0.88294,-0.63185,1.9122
2029.5,-1080,498.27,-0.37042,-1089.9,2084.6,5.811e+05,622059,1,115.85,3819.5,1231.2,-4200.7,-17.029,-1730.5,-2285.3,2115.5,-282.94,6821.8,310894,103,1602,677,-0.80291,-0.60595,1.9553
2022.1,-1020.2,527.45,-0.41281,-1142.9,2025.2,5.8074e+05,622057,1,121.64,3834.6,1241.6,-4316.9,5.2425,-1797.1,-2326.8,2126.1,-309.19,6939.4,311431,103,1591,675,-0.81489,-0.60595,1.9504
2014,-957.93,557.3,-0.31649,-1196,1963.2,5.8012e+05,622055,1,162.96,3845.1,1264.8,-4536.4,44.479,-1912.5,-2386.6,2139.4,-348.14,7144.5,312466,103,1591,675,-0.82684,-0.60595,1.9453
2005.2,-892.06,588.06,-0.1737,-1250,1897.4,5.8014e+05,622053,1,219.91,3836.6,1295.7,-4838.7,87.011,-2061.8,-2467.7,2147.4,-393.18,7414.4,313908,103,1591,675,-0.83876,-0.60595,1.9402
1995.1,-819.98,620.45,0.14814,-1306,1825.4,5.8079e+05,622051,1,405.56,3788.5,1365.1,-5636.9,317.77,-2380.5,-2680.3,2202.5,-489.12,8136.2,317848,103,1602,677,-0.85065,-0.60595,1.935
1981.6,-734.17,656.62,1.287,-1367.4,1739.9,5.8241e+05,622049,1,1339.5,3698,1763,-7663.4,713.02,-3207.3,-3121.7,2305.2,-672.6,10179,325064,103,1602,677,-0.86251,-0.60595,1.9298
1944.7,-604.55,701.5,7.271,-1436.9,1604.6,5.8532e+05,622047,1,10672,2267.8,5593.8,-14783,2399,-5979.9,-2827,2455,-508.68,20607,338548,103,1602,677,-0.87433,-0.60595,1.9245
1656.1,-376.1,693.42,43.756,-1334.7,1257.6,5.8951e+05,623553,1,1.0196e+05,1281.6,47807,-35933,3164.8,-15626,16732,2425.2,8583.6,1.2078e+05,359725,103,1608,679,-0.88455,-0.61891,1.9156
1658.4,-315.3,727.9,53.859,-1394.7,1196.4,5.8876e+05,622045,1,1.3123e+05,-3515,59899,-39636,3589.1,-17245,24293,1031.9,11640,1.5307e+05,362300,103,1602,677,-0.88612,-0.60595,1.9191
2338,-2685.1,-308.6,0.00053775,943.72,3446.8,5.5801e+05,620613,1,193.43,3606,1067.3,-3527,-328.12,-787.74,-2093.5,1904.6,131.64,5947.7,303308,103,1668,685,-0.40672,-0.59297,2.078
2332.8,-2638.1,-282.25,0.00034807,854.48,3428,5.5936e+05,620611,1,197.84,3605.3,1070.1,-3530.6,-323.13,-805.88,-2092.7,1907.4,122.03,5952.6,303351,103,1668,685,-0.41946,-0.59297,2.0755
2327.5,-2591,-255.93,-3.4927e-05,766.95,3407,5.6068e+05,620609,1,203.45,3603.7,1071.4,-3534,-317.3,-825.84,-2091.3,1910.6,110.52,5956.8,303401,103,1668,685,-0.43219,-0.59297,2.0729
2322,-2543.8,-229.64,-0.0006964,681.14,3384,5.6243e+05,620607,1,208.7,3603.1,1078.9,-3537.5,-311.55,-851.29,-2090,1913.9,99.087,5963.8,303491,103,1668,685,-0.4449,-0.59297,2.0702
2316.3,-2496.5,-203.37,-0.00094043,597.05,3359,5.6416e+05,620605,1,214.33,3601.1,1080.4,-3539.9,-305.73,-871.23,-2088.3,1917,87.641,5967.3,303541,103,1668,685,-0.45759,-0.59297,2.0674
2310.5,-2449.1,-177.15,-0.00041791,514.69,3332.1,5.6528e+05,620603,1,218.94,3599.9,1083.4,-3541.8,-300.8,-889.33,-2086.7,1919.6,78.16,5970.9,303601,103,1668,685,-0.47027,-0.59297,2.0646
2304.5,-2401.6,-150.95,0.00041815,434.04,3303.4,5.6558e+05,620601,1,225.24,3597.6,1087.6,-3543.8,-293.7,-914.64,-2084.4,1923.1,64.876,5975.4,303651,103,1668,685,-0.48293,-0.59297,2.0616
2298.3,-2354,-124.8,0.0013585,355.1,3273.1,5.6565e+05,620599,1,230.57,3595.8,1091.3,-3544.8,-287.53,-936.18,-2082.1,1926.1,53.565,5978.8,303689,103,1668,685,-0.49557,-0.59297,2.0586
2292,-2306.4,-98.676,0.0045278,277.85,3241.2,5.6471e+05,620597,1,234.99,3595.1,1096.8,-3542.8,-280.4,-955.23,-2080.4,1928.4,43.834,5981.1,303711,103,1668,685,-0.50819,-0.59297,2.0555
2285.5,-2258.7,-72.597,0.0172,202.32,3207.8,5.6436e+05,620595,1,242.96,3593,1095.7,-3539,-269.01,-975.42,-2076.3,1931.9,29.108,5980.1,303702,103,1668,685,-0.52079,-0.59297,2.0524
2278.9,-2211.1,-46.566,0.081799,128.59,3173,5.6513e+05,620593,1,310.58,3655.4,1141,-3491,-227.57,-976.16,-2066.4,1939.7,23.533,5998.7,303889,103,1668,685,-0.53338,-0.59297,2.0492
2271.3,-2164,-20.668,0.42402,57.461,3136.7,5.6658e+05,620591,1,467.18,3831.9,1237,-3361.1,-110,-932.02,-2013.2,1986.5,36.715,6050.6,304390,103,1668,685,-0.54594,-0.59297,2.0458
2260.1,-2119.2,4.4492,1.5785,-8.0531,3098.2,5.6789e+05,620589,1,604.76,3982.2,1322.2,-3204.9,11.618,-872.21,-1932.7,2050.2,67.251,6068.8,304557,103,1668,685,-0.55848,-0.59297,2.0425
2247.1,-2077.7,27.314,2.1068,-67.742,3059.8,5.6911e+05,620587,1,507.2,3941.1,1288,-3183,50.553,-876.83,-1859.2,2129.8,98.851,6029.4,304194,103,1602,677,-0.57101,-0.59297,2.039
2237.4,-2034.5,49.718,0.93464,-129.13,3021.8,5.6894e+05,620585,1,350,3846.7,1220.7,-3391.7,-41.437,-985.23,-1914.3,2133.8,72.499,6091.7,304803,103,1602,677,-0.58351,-0.59297,2.0354
2229.6,-1985.9,74.61,0.18544,-194.69,2980.4,5.6896e+05,620583,1,281.84,3829.1,1200.2,-3649.8,-161,-1118,-2046.9,2072.3,4.1979,6266,306633,103,1602,677,-0.59598,-0.59297,2.0318
2221.7,-1935,100.82,0.037643,-260.86,2936.4,5.6922e+05,620581,1,276.79,3823.1,1200.9,-3759.7,-223.43,-1193.4,-2105,2038.4,-35.57,6350.7,307418,103,1602,677,-0.60844,-0.59297,2.0281
2213.7,-1883.5,127.27,0.014036,-325.93,2891,5.6902e+05,620579,1,279.71,3823.4,1205.1,-3777,-224.87,-1220.1,-2112.5,2037.8,-48.792,6369.6,307703,103,1602,677,-0.62087,-0.59297,2.0244
2205.6,-1831.7,153.72,0.0040054,-389.61,2844.6,5.6962e+05,620577,1,284.02,3823.6,1212.8,-3786.7,-222.41,-1250.4,-2113.7,2039.6,-61.962,6384,307874,103,1602,677,-0.63328,-0.59297,2.0205
2197.3,-1779.8,180.16,0.0010797,-451.9,2797.1,5.7658e+05,620575,1,289.64,3821.7,1212.1,-3791.7,-212.93,-1276.4,-2111.5,2044.2,-77.299,6391.6,307959,103,1602,677,-0.64567,-0.59297,2.0166
2188.8,-1727.8,206.58,-3.4118e-08,-512.82,2748.8,5.8027e+05,620573,1,291.17,3824.1,1226.4,-3792.8,-208.35,-1301.7,-2110,2047.4,-84.264,6402.1,308070,103,1602,677,-0.65803,-0.59297,2.0126
2180.2,-1675.6,232.96,-0.00020902,-572.37,2699.6,5.805e+05,620571,1,296.73,3821.2,1224.1,-3794.2,-199.42,-1322.5,-2106.6,2051.4,-97.59,6405.3,308097,103,1602,677,-0.67037,-0.59297,2.0085
2171.4,-1623.4,259.31,-0.0012887,-630.57,2649.5,5.8132e+05,620569,1,300.53,3820.7,1230.5,-3793.3,-192.55,-1347,-2103.1,2054.9,-108.46,6410.9,308146,103,1602,677,-0.68268,-0.59297,2.0044
2162.5,-1571,285.61,-0.0033089,-687.45,2598.7,5.8259e+05,620567,1,302.43,3824.3,1243.4,-3791.8,-187.88,-1373.5,-2100.3,2058.6,-117.05,6420.7,308256,103,1602,677,-0.69496,-0.59297,2.0001
2153.4,-1518.6,311.87,-0.0067222,-743.05,2547.2,5.8381e+05,620565,1,304.41,3821.8,1238.9,-3794.7,-177.39,-1397.2,-2097.7,2063,-132.81,6425.8,308299,103,1602,677,-0.70722,-0.59297,1.9958
2144.2,-1466,338.12,-0.013967,-797.5,2495,5.8424e+05,620563,1,300.78,3828.2,1250.8,-3803.9,-169.2,-1426.6,-2099.9,2068.8,-142.54,6446.2,308484,103,1602,677,-0.71946,-0.59297,1.9915
2135,-1413.1,364.44,-0.024764,-850.95,2442.1,5.8377e+05,620561,1,292.62,3831.1,1254.2,-3824.1,-155.9,-1457.5,-2106.9,2075.5,-156.28,6471.5,308685,103,1602,677,-0.73166,-0.59297,1.987
2125.8,-1359.7,390.89,-0.041379,-903.65,2388.3,5.8351e+05,620559,1,288.05,3827.9,1249.9,-3852.5,-141.91,-1485.2,-2115.8,2080.4,-171.73,6496.1,308955,103,1602,677,-0.74384,-0.59297,1.9825
2116.6,-1305.7,417.5,-0.047509,-955.6,2333.7,5.8269e+05,620557,1,278.75,3821.8,1252.4,-3890.3,-120.4,-1523.1,-2129.4,2086.5,-188.39,6530.3,309204,103,1602,677,-0.75599,-0.59297,1.9779
2107.5,-1251.1,444.33,-0.062034,-1007,2278.2,5.8236e+05,620555,1,255.01,3813,1245.1,-3943.5,-97.362,-1564.5,-2151.6,2091.7,-209.02,6573.5,309495,103,1602,677,-0.76811,-0.59297,1.9732
2098.7,-1195.5,471.57,-0.11385,-1058.4,2221.7,5.8267e+05,620553,1,226.47,3803.5,1234.8,-4004.5,-75.251,-1605.3,-2178,2095.6,-229.7,6621.9,309800,103,1602,677,-0.78021,-0.59297,1.9685
2090.5,-1138.6,499.38,-0.21412,-1110.1,2164.2,5.8311e+05,620551,1,174.69,3790.3,1214.4,-4097.6,-42.45,-1661.4,-2223,2100.6,-260.23,6696.7,310236,103,1602,677,-0.79227,-0.59297,1.9636
2083,-1080.1,527.95,-0.3472,-1162.4,2105.5,5.8343e+05,620549,1,122.29,3792.2,1200,-4218.3,-1.0764,-1730.5,-2282.7,2111.7,-295.99,6810.4,310848,103,1591,675,-0.8043,-0.59297,1.9587
2075.9,-1019.8,557.33,-0.42412,-1215.5,2045.1,5.8358e+05,620547,1,126.59,3795.3,1203.4,-4382.2,44.901,-1819.9,-2339.8,2122.6,-335.61,6962.7,311542,103,1591,675,-0.81631,-0.59297,1.9538
2068,-957.22,587.32,-0.34072,-1268.5,1982.1,5.8312e+05,620545,1,175.12,3809.5,1233.9,-4580.6,62.958,-1928.3,-2390.4,2129.9,-368,7152.4,312511,103,1591,675,-0.82828,-0.59297,1.9487
2059.1,-890.66,618.23,-0.17443,-1322.2,1915,5.8245e+05,620543,1,277.4,3782,1274.2,-5000.9,155.75,-2115.5,-2493.2,2149.2,-422.33,7518.4,314711,103,1591,675,-0.84022,-0.59297,1.9436
2048.7,-816.5,651.11,0.24228,-1378.7,1840.4,5.8204e+05,620541,1,499.52,3717.7,1358,-5958.2,314.64,-2525.8,-2751.8,2179.7,-543.55,8397.2,319114,103,1591,675,-0.85213,-0.59297,1.9384
2033,-722.51,689.38,2.059,-1442.8,1746.1,5.826e+05,620539,1,2571.9,2647.9,1970.5,-9165.6,1523.9,-3638.9,-3277.9,2285.7,-764.88,11560,329141,103,1591,675,-0.86401,-0.59297,1.9331
1980.6,-566.91,738.65,11.572,-1514.5,1579.8,5.8489e+05,620537,1,19519,-2472,8184.2,-20583,5202.4,-7803.9,-2099.1,1995.4,-336.15,31212,344043,103,1591,675,-0.87585,-0.59297,1.9278
1616.2,-225.78,758.57,71.627,-1433.6,1085.5,5.88e+05,620535,1,1.5784e+05,-8668.5,70731,-38643,5507.9,-16218,33534,-433.56,15485,1.8205e+05,364049,103,1602,677,-0.88766,-0.59297,1.9224
2393.5,-2736.6,-308.35,0.00073113,966.54,3518.3,5.579e+05,619103,1,193.04,3599.9,1034.4,-3522.7,-327.55,-757.9,-2092.1,1904.1,131.57,5931,303083,103,1668,685,-0.39463,-0.57997,2.084
2388.5,-2689.7,-281.93,0.00066124,874.66,3500.5,5.5861e+05,619101,1,196.67,3600.6,1043.9,-3526.7,-323.96,-778.52,-2091.8,1906.2,124.23,5938.5,303187,103,1668,685,-0.40741,-0.57997,2.0815
2383.2,-2642.6,-255.53,0.00059081,784.56,3480.4,5.5952e+05,619099,1,203.47,3598.9,1045.1,-3531.4,-316.9,-802.14,-2090.3,1910,110.36,5943.9,303248,103,1668,685,-0.42017,-0.57997,2.079
2377.9,-2595.4,-229.16,0.00031354,696.26,3458.1,5.6093e+05,619097,1,209.3,3597.7,1048.5,-3535,-311.2,-823.97,-2088.9,1913.2,98.841,5949.1,303317,103,1668,685,-0.43292,-0.57997,2.0764
2372.3,-2548.1,-202.83,0.000209,609.77,3433.7,5.6242e+05,619095,1,215.03,3596.3,1050.1,-3538,-305.49,-844,-2087.3,1916.3,87.35,5953.3,303361,103,1668,685,-0.44565,-0.57997,2.0737
2366.7,-2500.8,-176.52,0.00017414,525.08,3407.4,5.6379e+05,619093,1,219.57,3595.8,1059.7,-3540.6,-300.83,-868.27,-2086,1918.9,77.856,5960,303449,103,1668,685,-0.45837,-0.57997,2.0709
2360.8,-2453.3,-150.25,0.00017408,442.18,3379.2,5.6504e+05,619091,1,227.19,3593.5,1058,-3543.2,-293.19,-890.83,-2083.3,1922.9,62.866,5963.1,303485,103,1668,685,-0.47107,-0.57997,2.0681
2354.8,-2405.7,-124.02,0.00024377,361.08,3349.2,5.6642e+05,619089,1,232.02,3592.6,1063.3,-3544.8,-288.26,-911.35,-2081.4,1925.5,53.172,5967.7,303545,103,1668,685,-0.48375,-0.57997,2.0651
2348.6,-2358,-97.818,0.00045277,281.75,3317.6,5.6694e+05,619087,1,237.31,3591.2,1067.2,-3545.9,-282.36,-933.03,-2079.1,1928.5,41.891,5971.5,303605,103,1668,685,-0.49641,-0.57997,2.0621
2342.3,-2310.3,-71.658,0.0012539,204.19,3284.4,5.6644e+05,619085,1,242.2,3589.5,1073.7,-3545.5,-275.76,-956.76,-2076.7,1931.5,30.669,5975.1,303645,103,1668,685,-0.50906,-0.57997,2.059
2335.8,-2262.5,-45.537,0.005338,128.38,3249.7,5.6586e+05,619083,1,247.71,3587.8,1072.2,-3544.1,-269.23,-972.77,-2073.8,1934.5,19.457,5975.4,303652,103,1668,685,-0.52168,-0.57997,2.0559
2329.1,-2214.6,-19.462,0.023057,54.331,3213.6,5.6634e+05,619081,1,256.03,3587.3,1078.3,-3533.3,-257.25,-990.56,-2069.9,1937.6,8.655,5972.6,303624,103,1668,685,-0.53428,-0.57997,2.0526
2322.3,-2167,6.5424,0.11421,-17.754,3176.3,5.6747e+05,619079,1,305.15,3608.5,1105,-3482.1,-232.12,-992.66,-2059.1,1941.9,2.7356,5972.6,303622,103,1668,685,-0.54687,-0.57997,2.0493
2314.1,-2120.4,32.283,0.56375,-86.664,3137.6,5.6854e+05,619077,1,463.96,3751.7,1191,-3333.3,-118.83,-944.68,-1996.8,1986.9,17.459,5972.6,303623,103,1602,677,-0.55943,-0.57997,2.0459
2302.9,-2076.5,56.922,1.5254,-149.84,3097.7,5.7019e+05,619075,1,544.31,3885.8,1254,-3195.1,26.523,-889.04,-1917.9,2070.1,48.404,5994.5,303841,103,1602,677,-0.57198,-0.57997,2.0425
2291.4,-2034.3,79.842,1.4781,-209.55,3058,5.7123e+05,619073,1,408.89,3856.6,1216.3,-3301.6,1.2982,-948.16,-1894.8,2113.7,58.169,6031.6,304216,103,1602,677,-0.5845,-0.57997,2.0389
2283.1,-1988.2,103.61,0.45335,-272.62,3016.9,5.7133e+05,619071,1,306.06,3801.3,1173,-3540.6,-108.33,-1070.1,-1987.9,2086.1,11.055,6157.6,305503,103,1602,677,-0.597,-0.57997,2.0353
2275.2,-1938,129.41,0.091149,-338.01,2972.3,5.7069e+05,619069,1,283.25,3804.9,1171.3,-3716.1,-177.61,-1165.8,-2079,2054.2,-37.375,6298.6,306945,103,1602,677,-0.60947,-0.57997,2.0316
2267.2,-1886.6,155.79,0.013618,-402.8,2926,5.6887e+05,619067,1,287.97,3807.8,1180.5,-3776.3,-208.73,-1220.7,-2107.3,2041.6,-62.325,6354.7,307464,103,1602,677,-0.62193,-0.57997,2.0278
2259.1,-1834.8,182.3,0.010449,-466.34,2878.5,5.7631e+05,619065,1,297.95,3795.7,1179.5,-3793.1,-191.68,-1245.6,-2110.1,2046.9,-76.808,6364.9,307555,103,1602,677,-0.63436,-0.57997,2.0239
2250.7,-1782.8,208.8,0.010518,-528.48,2829.9,5.7867e+05,619063,1,298.22,3792.9,1184.6,-3795.5,-184.84,-1268.4,-2109,2049.5,-86.844,6370.5,307714,103,1602,677,-0.64677,-0.57997,2.02
2242.3,-1730.6,235.27,0.011981,-589.2,2780.5,5.7902e+05,619061,1,303.44,3792.5,1191.9,-3797.1,-181.14,-1291.9,-2106.2,2051.3,-96.554,6377.1,307796,103,1602,677,-0.65915,-0.57997,2.016
2233.6,-1678.4,261.7,0.014524,-648.51,2730.2,5.7923e+05,619059,1,315.88,3769.1,1190.5,-3800.4,-161.7,-1316.9,-2101.3,2053.8,-111.25,6369.7,307706,103,1602,677,-0.67151,-0.57997,2.0119
2224.8,-1626,288.09,0.014106,-706.45,2679.1,5.7992e+05,619057,1,312.88,3763.4,1193.9,-3797.1,-155.67,-1338.4,-2098.9,2055,-121.25,6368.9,307697,103,1602,677,-0.68384,-0.57997,2.0078
2215.9,-1573.6,314.43,0.0097512,-763.05,2627.3,5.8099e+05,619055,1,321.37,3752.7,1198.2,-3797,-147.25,-1362,-2093.7,2055.2,-132.53,6367.1,307580,103,1602,677,-0.69614,-0.57997,2.0035
2206.8,-1521,340.75,0.0014275,-818.38,2574.9,5.8238e+05,619053,1,316.15,3742.5,1198,-3799.5,-139.74,-1387.1,-2094.1,2055.1,-145.84,6367.9,307589,103,1602,677,-0.70843,-0.57997,1.9992
2197.7,-1468.3,367.08,-0.0094046,-872.57,2521.7,5.836e+05,619051,1,324.43,3718.2,1196.3,-3816.5,-120.16,-1411.9,-2094.8,2055.3,-159.3,6369.6,307704,103,1602,677,-0.72068,-0.57997,1.9948
2188.5,-1415.2,393.48,-0.019087,-925.79,2467.8,5.8407e+05,619049,1,316.67,3727.1,1205.3,-3839.7,-107.62,-1447.5,-2102.6,2062.5,-173.13,6403.1,308076,103,1602,677,-0.73291,-0.57997,1.9904
2179.3,-1361.6,420.02,-0.022502,-978.2,2413.1,5.838e+05,619047,1,326.14,3680.5,1198.6,-3876.6,-78.415,-1482.2,-2109.6,2059.4,-192.25,6406.9,308108,103,1602,677,-0.7451,-0.57997,1.9859
2170,-1307.4,446.7,-0.015815,-1029.8,2357.4,5.8308e+05,619045,1,312.41,3649.5,1188.3,-3911.2,-64.674,-1514.1,-2123.1,2055.2,-209.82,6418.6,308223,103,1602,677,-0.75728,-0.57997,1.9812
2160.7,-1252.4,473.59,-0.011045,-1080.8,2300.7,5.8263e+05,619043,1,347.83,3556.3,1179.7,-3969.8,-39.56,-1557.3,-2126,2032.7,-230.99,6407.1,308110,103,1602,677,-0.76942,-0.57997,1.9766
2151.6,-1196.3,500.85,-0.041627,-1131.7,2242.9,5.8284e+05,619041,1,301.01,3415.1,1125.8,-4073.7,4.194,-1618.6,-2166.4,1993.5,-274.33,6401.4,308063,103,1602,677,-0.78153,-0.57997,1.9718
2143.1,-1138.9,528.72,-0.14064,-1183,2184,5.8359e+05,619039,1,231.51,3332,1078,-4193.3,70.711,-1676.5,-2224.9,1975.8,-317.15,6455.4,308559,103,1581,670,-0.79362,-0.57997,1.967
2135.6,-1079.8,557.45,-0.27872,-1235.3,2124,5.8445e+05,619037,1,184.92,3285.3,1049.3,-4303.6,151.36,-1728.2,-2279.9,1975.7,-354.3,6533.5,309222,103,1581,670,-0.80567,-0.57997,1.9621
2128.5,-1019,586.95,-0.36262,-1288.1,2062.6,5.8526e+05,619035,1,180.93,3259.2,1043.3,-4402,190.63,-1783.5,-2318.9,1974.5,-383.31,6615.3,309755,103,1592,676,-0.81769,-0.57997,1.9571
2120.8,-956.17,616.98,-0.30788,-1340.8,1998.7,5.8557e+05,619033,1,368.62,3105.3,1082.1,-4714.9,339.5,-1904.7,-2375.2,1986.2,-419.07,6832.7,310945,103,1592,676,-0.82969,-0.57997,1.952
2111.7,-888.61,648.13,-0.046317,-1394.4,1929.9,5.8476e+05,619031,1,450.74,2818.4,1038.2,-5172.6,560.64,-2071.9,-2492.3,1991.5,-483.93,7141.3,312449,103,1592,676,-0.84165,-0.57997,1.9469
2099.3,-811.18,681.53,0.84791,-1450.6,1850.8,5.836e+05,619029,1,2254.8,1019,1307.9,-6929.7,1390,-2638.6,-2575.1,1760.5,-605.17,8651.3,319989,103,1591,675,-0.85358,-0.57997,1.9417
2071.3,-704.64,720.49,5.1025,-1511.2,1738.4,5.8356e+05,619027,1,5170.3,-2076.2,1717.4,-11180,2954.5,-4130.5,-3222.5,1411.3,-1015.9,14078,332818,103,1591,675,-0.86548,-0.57997,1.9364
1958.2,-501.64,768.9,26.251,-1559.4,1498.3,5.8494e+05,619025,1,27522,-14858,8143.8,-25211,10316,-8404.9,-928.37,-180.64,-459.84,43108,348042,103,1591,675,-0.87734,-0.57997,1.9311
1416.7,-67.43,763.67,113.67,-1375.6,830.47,5.8759e+05,619023,1,1.2665e+05,-25315,51217,-34844,17096,-10960,26512,-1625.5,11862,1.4757e+05,361920,103,1591,675,-0.88917,-0.57997,1.9257
2453.4,-2834.8,-334.72,0.0010433,1087.5,3603.5,5.5772e+05,617595,1,185.71,3596.8,1004.9,-3511.4,-333.8,-708.41,-2091.4,1900.1,145.39,5910.1,302901,103,1668,685,-0.36964,-0.56694,2.0921
2448.7,-2788.1,-308.21,0.0010097,990.99,3589.2,5.5758e+05,617593,1,191.31,3596.7,1010.7,-3518.1,-327.74,-732.78,-2091.1,1903.4,133.67,5918.6,302979,103,1668,685,-0.38247,-0.56694,2.0898
2443.8,-2741.2,-281.72,0.00094035,896.32,3572.4,5.5755e+05,617591,1,197.04,3596.1,1014,-3523.5,-321.77,-754.68,-2090.3,1906.7,122.01,5925.1,303028,103,1668,685,-0.39528,-0.56694,2.0875
2438.7,-2694.1,-255.26,0.00062686,803.51,3553.2,5.5817e+05,617589,1,202.82,3595.4,1017.4,-3528.2,-316.09,-776.54,-2089.3,1909.9,110.39,5931.2,303088,103,1668,685,-0.40809,-0.56694,2.085
2433.5,-2647,-228.82,0.00069668,712.58,3531.7,5.5866e+05,617587,1,208.86,3594.6,1020.9,-3532.3,-310.45,-798.43,-2088,1913,98.823,5936.9,303141,103,1668,685,-0.42087,-0.56694,2.0824
2428.1,-2599.7,-202.41,0.00048375,623.55,3508.1,5.5995e+05,617585,1,213.84,3594,1025.8,-3535.5,-305.7,-819.02,-2086.8,1915.7,88.932,5942.3,303229,103,1668,685,-0.43364,-0.56694,2.0798
2422.6,-2552.4,-176.03,0.0003483,536.4,3482.3,5.6142e+05,617583,1,220.5,3592.8,1025.4,-3538.7,-299.12,-839.67,-2084.8,1919.3,75.807,5946.5,303275,103,1668,685,-0.44639,-0.56694,2.0771
2416.9,-2504.9,-149.68,0.00041796,451.15,3454.7,5.6194e+05,617581,1,226.32,3592.2,1031.9,-3541.6,-293.57,-864.14,-2083,1922.4,64.366,5952.7,303353,103,1668,685,-0.45913,-0.56694,2.0743
2411,-2457.4,-123.36,0.0003483,367.76,3425.1,5.6379e+05,617579,1,232.14,3591.3,1035.8,-3543.9,-287.91,-886.06,-2080.9,1925.5,52.98,5957.5,303410,103,1668,685,-0.47185,-0.56694,2.0715
2405,-2409.7,-97.086,0.00041796,286.25,3393.8,5.6501e+05,617577,1,237.83,3590.4,1039.8,-3545.7,-282.24,-907.95,-2078.7,1928.6,41.646,5962.1,303471,103,1668,685,-0.48455,-0.56694,2.0686
2398.8,-2361.9,-70.844,0.00076626,206.58,3360.8,5.6344e+05,617575,1,243.57,3589.4,1043.9,-3546.9,-276.59,-929.76,-2076.3,1931.7,30.397,5966.4,303530,103,1668,685,-0.49723,-0.56694,2.0655
2392.4,-2314.1,-44.642,0.0011494,128.74,3326.3,5.6374e+05,617573,1,249.13,3588.2,1048,-3547.6,-270.56,-951.46,-2073.7,1934.8,19.154,5970.2,303592,103,1567,669,-0.5099,-0.56694,2.0625
2385.9,-2266.2,-18.479,0.0038313,52.709,3290.3,5.6406e+05,617571,1,255.91,3585.8,1052.7,-3546.2,-261.91,-975.86,-2070.4,1938.5,6.1974,5972.6,303616,103,1567,669,-0.52254,-0.56694,2.0593
2379.2,-2218.2,7.6382,0.012986,-21.509,3252.8,5.6599e+05,617569,1,261.92,3583.8,1056.4,-3539.8,-254.76,-991.63,-2066.8,1941.3,-2.683,5972.6,303617,103,1567,669,-0.53517,-0.56694,2.056
2372.4,-2170.4,33.688,0.047984,-93.842,3214.2,5.683e+05,617567,1,287.99,3590.3,1068.6,-3513.1,-228.95,-1000.7,-2059.5,1947.4,-11.737,5972.6,303618,103,1567,669,-0.54778,-0.56694,2.0527
2365,-2123,59.595,0.21573,-163.84,3174.4,5.6977e+05,617565,1,349.16,3612.6,1095.2,-3436.8,-187.9,-991.54,-2036.3,1956.8,-15.395,5972.6,303619,103,1567,669,-0.56036,-0.56694,2.0493
2356.1,-2077.1,85.005,0.76199,-229.97,3133.6,5.7144e+05,617563,1,462.39,3685.7,1150.5,-3318.2,-107.49,-955.07,-1986.8,1986.2,-3.8187,5972.6,303620,103,1567,669,-0.57293,-0.56694,2.0458
2345.2,-2033.6,109.24,1.3508,-291.35,3092.3,5.7331e+05,617561,1,481.56,3745.3,1175.7,-3273.6,44.983,-924.66,-1931.8,2070.7,20.88,5972.6,303621,103,1567,669,-0.58547,-0.56694,2.0423
2335.9,-1989,132.97,0.84463,-352.73,3050.6,5.7422e+05,617559,1,351.55,3710.5,1137.4,-3503,64.388,-1012.2,-1979.1,2121.7,9.3447,6074.9,304627,103,1585,674,-0.59799,-0.56694,2.0387
2328.2,-1940.5,158.01,0.16774,-416.64,3006.3,5.73e+05,617557,1,299.68,3639.9,1104.6,-3670.3,69.865,-1082.8,-2052.3,2126.7,-23.64,6159.8,305530,103,1585,674,-0.61049,-0.56694,2.035
2320.2,-1889.2,184.4,0.11059,-481.1,2958.9,5.7874e+05,617555,1,347.54,3580.7,1106.8,-3814.7,103.75,-1142.1,-2106.1,2124.3,-53.317,6243.8,306381,103,1585,674,-0.62296,-0.56694,2.0312
2311.9,-1837.2,210.96,0.13291,-544.41,2910,5.801e+05,617553,1,333.93,3517.4,1089.2,-3825.4,148.74,-1158.5,-2112.9,2125.2,-68.186,6243.8,306382,103,1584,673,-0.63541,-0.56694,2.0273
2303.4,-1785,237.5,0.14865,-606.27,2860.2,5.8059e+05,617551,1,367.08,3457.3,1087.3,-3834.6,177.49,-1179.2,-2101.8,2116.9,-80.009,6243.8,306383,103,1584,673,-0.64784,-0.56694,2.0234
2294.7,-1732.7,263.97,0.15565,-666.62,2809.5,5.8094e+05,617549,1,389.61,3369.9,1075.6,-3840.6,198.19,-1205.6,-2098,2096.7,-99.622,6243.8,306384,103,1584,673,-0.66024,-0.56694,2.0194
2285.8,-1680.3,290.41,0.19003,-725.5,2758,5.8109e+05,617547,1,376.65,3303.5,1056.6,-3838.3,220.43,-1220.3,-2098.4,2088.9,-112.84,6243.8,306385,103,1583,672,-0.67262,-0.56694,2.0153
2276.7,-1627.7,316.8,0.21755,-782.95,2705.6,5.815e+05,617545,1,413.23,3279.8,1068.2,-3849,209.27,-1251.2,-2089.4,2075.9,-124.55,6243.8,306386,103,1583,672,-0.68497,-0.56694,2.0111
2267.4,-1575.1,343.11,0.22461,-839,2652.6,5.823e+05,617543,1,479.68,2923.4,991.96,-3879.3,430.16,-1225.5,-2077.7,2064.9,-138.76,6243.8,306387,103,1582,671,-0.6973,-0.56694,2.0069
2258.1,-1522.5,369.36,0.21919,-893.72,2599,5.8332e+05,617541,1,552.21,2761,980.57,-3992.9,571.64,-1255.6,-2103.1,2073.2,-158.44,6243.8,306388,103,1581,670,-0.7096,-0.56694,2.0025
2248.6,-1469.5,395.66,0.23075,-947.34,2544.6,5.8417e+05,617539,1,656.86,2088.6,833.83,-4229.5,1341,-1156.1,-2170.4,2205.8,-161.79,6243.8,306389,103,1581,670,-0.72187,-0.56694,1.9982
2239.1,-1416,422.11,0.27326,-1000.1,2489.3,5.8464e+05,617537,1,637.98,1947.4,795.04,-4219,1748.1,-1063.5,-2160.4,2333.8,-132.99,6243.8,306390,103,1581,670,-0.73412,-0.56694,1.9937
2229.2,-1362,448.58,0.33179,-1051.7,2433,5.8475e+05,617535,1,522.4,2059.6,790.49,-4046.5,1713,-1033.6,-2120.9,2341.2,-126.77,6243.8,306391,103,1581,670,-0.74634,-0.56694,1.9891
2218.7,-1307.5,475,0.44854,-1102,2375.6,5.8439e+05,617533,1,920.92,1134.6,684.62,-4184.4,2328.2,-942.29,-2041.6,2308.8,-121.58,6243.8,306392,103,1581,670,-0.75853,-0.56694,1.9845
2207.2,-1252.3,501.3,0.63547,-1150.8,2316.6,5.8399e+05,617531,1,1231.5,-463.61,359.5,-4266.1,2792.8,-873.7,-1941.6,1975.6,-192.32,6243.8,306393,103,1581,670,-0.77069,-0.56694,1.9798
2195.2,-1195.8,527.61,0.73137,-1198.8,2256.1,5.8402e+05,617529,1,757.62,253.84,385.17,-4259.4,1876.9,-1153.3,-2087.4,1778.3,-313.65,6243.8,306394,103,1581,670,-0.78283,-0.56694,1.9751
2184.2,-1137.4,554.67,0.64391,-1247.8,2194.3,5.8428e+05,617527,1,1056.5,-1080.7,127.83,-4544.2,2541,-1105.9,-2046.7,1548.2,-377.18,6243.8,306395,103,1581,670,-0.79493,-0.56694,1.9702
2175.3,-1076.4,583.26,0.49671,-1299.4,2131.2,5.8478e+05,617525,1,962.67,-1778.7,-102.74,-4819.7,3054.2,-1102.5,-2171.3,1413.9,-479.89,6694.6,310223,103,1581,670,-0.80701,-0.56694,1.9653
2167,-1014.5,612.57,0.48515,-1351.3,2067.5,5.8594e+05,617523,1,2111.5,-3685.3,-158.38,-6865.8,5781.5,-1220.5,-2781.1,1968.1,-594.67,10587,326348,103,1592,676,-0.81905,-0.56694,1.9603
2156.7,-948.74,642.98,1.2198,-1403,1999.2,5.8692e+05,617521,1,1707.8,-6654,-1169.6,-6026.1,10691,501.48,-2508.4,3292.2,-116.77,14716,333555,103,1592,676,-0.83106,-0.56694,1.9553
2138,-874.99,673.95,3.608,-1451.8,1919.2,5.8766e+05,617519,1,6255.6,-12652,-933.16,-14479,23031,383.5,-4962.2,7212.8,-58.147,31889,344352,103,1592,676,-0.84304,-0.56694,1.9501
2095.4,-787.88,702.04,9.356,-1487,1814.6,5.883e+05,617517,1,23300,-51356,-4535,-37726,92035,9931,-9107.8,25536,3362.9,1.1807e+05,359449,103,1592,676,-0.85499,-0.56694,1.9449
1975.1,-639.98,728.87,29.24,-1492.5,1616.7,5.8767e+05,617515,1,17556,-44318,-4970.1,-22072,67119,9522.3,-3797.8,15782,2860.6,87473,356006,103,1591,675,-0.86691,-0.56694,1.9396
1618.6,-306.85,748.25,90.429,-1406,1135.3,5.8712e+05,617513,1,53614,-87716,-1088.4,-44244,1.1777e+05,14018,1677.7,21118,6869.5,1.6459e+05,363090,103,1591,675,-0.8788,-0.56694,1.9343
745.52,338.88,687.5,213.73,-1041.4,114.46,5.8761e+05,617511,1,1.3635e+05,-71346,42384,-38793,79467,5264.3,33142,4012.6,16537,1.8632e+05,364243,103,1591,675,-0.89065,-0.56694,1.9289
2512.7,-2932.7,-361.36,0.0010106,1218.2,3682.5,5.6061e+05,616087,1,179.72,3591.7,975.04,-3498.9,-339.41,-661.82,-2089.8,1896.3,157.36,5887.8,302674,103,1668,685,-0.34449,-0.5539,2.0999
2508.2,-2886.1,-334.76,0.002229,1116.7,3672.3,5.5799e+05,616085,1,184.81,3593.4,982.21,-3506.6,-332.44,-686.97,-2090.1,1900.2,145.66,5898.4,302776,103,1668,685,-0.35737,-0.5539,2.0978
2503.6,-2839.4,-308.19,0.0016371,1017.2,3659.3,5.5725e+05,616083,1,190.05,3593.6,986.1,-3513.8,-326.17,-709.5,-2089.9,1903.6,133.95,5906.6,302861,103,1668,685,-0.37024,-0.5539,2.0955
2498.9,-2792.6,-281.63,0.0011146,919.54,3643.7,5.5703e+05,616081,1,195.42,3592.6,983.84,-3518.9,-320.18,-726.26,-2089.1,1906.9,122.28,5911.1,302909,103,1668,685,-0.38309,-0.5539,2.0932
2493.9,-2745.6,-255.1,0.00073158,823.87,3625.5,5.573e+05,616079,1,200.76,3592.9,991.42,-3524.1,-315.68,-749.53,-2088.5,1909.6,112.21,5918.9,302981,103,1668,685,-0.39592,-0.5539,2.0908
2488.9,-2698.5,-228.59,0.00024426,730.17,3604.9,5.5921e+05,616077,1,207.36,3592,990.68,-3528.8,-309.08,-770.22,-2087.1,1913.2,98.929,5924,303016,103,1668,685,-0.40875,-0.5539,2.0884
2483.6,-2651.3,-202.1,0.00024381,638.45,3582,5.5994e+05,616075,1,213.53,3591.9,997.03,-3533.1,-303.68,-794.73,-2085.8,1916.3,87.349,5931.2,303086,103,1668,685,-0.42155,-0.5539,2.0858
2478.2,-2603.9,-175.65,0.00031346,548.71,3557,5.6068e+05,616073,1,220.57,3591.4,1001.4,-3537.2,-297.2,-820.35,-2083.9,1920,73.908,5937.8,303156,103,1668,685,-0.43434,-0.5539,2.0832
2472.7,-2556.5,-149.22,0.00027864,460.96,3529.8,5.6259e+05,616071,1,225.71,3591.1,1007.3,-3540,-292.74,-841.21,-2082.5,1922.6,64.341,5943.4,303241,103,1668,685,-0.44712,-0.5539,2.0805
2467,-2509,-122.83,0.00041796,375.18,3500.7,5.6309e+05,616069,1,231.44,3590.3,1005.7,-3542.3,-287.03,-858.09,-2080.5,1925.7,52.88,5946.6,303276,103,1668,685,-0.45987,-0.5539,2.0777
2461.1,-2461.3,-96.475,0.00045279,291.35,3469.8,5.6449e+05,616067,1,237.46,3589.8,1012.5,-3544.7,-281.6,-882.62,-2078.4,1928.8,41.497,5952.6,303350,103,1668,685,-0.47261,-0.5539,2.0748
2455.1,-2413.6,-70.153,0.0006966,209.47,3437.1,5.6381e+05,616065,1,243.44,3589.2,1016.6,-3546.5,-276.05,-904.58,-2076,1931.9,30.164,5957.4,303408,103,1668,685,-0.48534,-0.5539,2.0719
2448.9,-2365.8,-43.869,0.0011494,129.51,3402.8,5.6154e+05,616063,1,248.42,3588.6,1022.1,-3547.8,-271.19,-925.15,-2074,1934.5,20.52,5961.9,303466,103,1567,669,-0.49804,-0.5539,2.0689
2442.5,-2317.8,-17.624,0.001846,51.441,3366.9,5.618e+05,616061,1,255.15,3588,1022.4,-3549.6,-263.58,-945.77,-2071.2,1938.6,7.6684,5966.2,303525,103,1567,669,-0.51072,-0.5539,2.0658
2436,-2269.8,8.5848,0.0053986,-24.756,3329.5,5.6312e+05,616059,1,261.36,3588,1027.9,-3552.4,-253.74,-967.81,-2069.5,1943.4,-3.2903,5973.1,303627,103,1567,669,-0.52339,-0.5539,2.0626
2429.2,-2221.8,34.755,0.017525,-99.099,3290.7,5.6501e+05,616057,1,269.8,3586.3,1036.8,-3550.6,-238.24,-990.11,-2066.8,1949.6,-13.566,5977.1,303669,103,1567,669,-0.53604,-0.5539,2.0594
2422.3,-2173.6,60.884,0.056859,-171.57,3250.6,5.6727e+05,616055,1,286.3,3585.1,1042.3,-3540.9,-217.96,-1003.6,-2062,1957.5,-22.899,5974.8,303639,103,1567,669,-0.54866,-0.5539,2.056
2415,-2125.7,86.936,0.17469,-241.97,3209.3,5.7008e+05,616053,1,329.77,3597.2,1061,-3533,-130.65,-1001.4,-2064,1987.7,-28.058,5990.7,303796,103,1567,669,-0.56127,-0.5539,2.0526
2406.8,-2078.4,112.78,0.52069,-309.61,3166.9,5.7291e+05,616051,1,463.87,3613.1,1107.8,-3593.9,226.58,-950.25,-2090.9,2125.6,-13.576,6103.9,304920,103,1567,669,-0.57385,-0.5539,2.0492
2397.1,-2032.4,138.11,1.1722,-373.51,3123.5,5.7539e+05,616049,1,482.46,3590.1,1110.9,-3432.7,648.73,-810.34,-2010.7,2297.8,45.057,6045,304338,103,1567,669,-0.58642,-0.5539,2.0456
2386.7,-1986.4,162.93,1.5475,-435.29,3078.8,5.7727e+05,616047,1,1266.7,2419.4,1030.8,-5116.8,3119.9,-664.87,-2565.5,3209.9,113.84,7859.8,316427,103,1585,674,-0.59896,-0.5539,2.042
2376.9,-1936,188.8,1.7314,-498.92,3030.6,5.8104e+05,616045,1,878.44,1113.2,577.24,-4541.3,5174.3,23.778,-2264.6,3830.6,355.83,8346.8,318910,103,1585,674,-0.61147,-0.5539,2.0382
2367.3,-1883.9,215.07,1.7735,-562.48,2980.4,5.836e+05,616043,1,714.13,-10.164,227.92,-4385.3,6979.3,532.49,-2258.7,4272.5,463.35,9610.3,323444,103,1585,674,-0.62397,-0.5539,2.0345
2357.3,-1830.6,241.65,1.9985,-624.97,2928.5,5.8433e+05,616041,1,1039.8,-667.55,157.2,-4624.9,7415,549.27,-2223.8,4193.9,440.17,10048,324664,103,1584,673,-0.63644,-0.5539,2.0306
2347.2,-1777.6,268.02,2.1312,-685.72,2875.9,5.8474e+05,616039,1,824.82,-1260.4,-65.245,-4450.9,7799.3,681.64,-2232.8,4121.8,405.03,10272,325311,103,1584,673,-0.64889,-0.5539,2.0266
2337.3,-1725.4,293.95,2.071,-744.45,2823.5,5.8508e+05,616037,1,1178,-2294,-225.82,-4413.2,8531.3,866.89,-2090.2,4079.9,426.98,10996,327822,103,1584,673,-0.66131,-0.5539,2.0226
2325.9,-1672.2,320.04,2.396,-801.32,2768.8,5.8513e+05,616035,1,841.52,-542.33,147.22,-4293.9,5191.2,-23.955,-2158.9,3122.2,135.22,7799.9,316046,103,1583,672,-0.67371,-0.5539,2.0185
2313.2,-1618.1,346.04,2.8367,-856.45,2712.1,5.852e+05,616033,1,2008,-4408.4,-504.52,-4886.7,8871.8,744.23,-2056.9,3574.2,275.14,11998,329870,103,1583,672,-0.68608,-0.5539,2.0144
2299.7,-1563.4,371.88,3.3305,-909.82,2653.9,5.856e+05,616031,1,1272.2,-3672.3,-547.53,-4577.8,6948.9,301.21,-2140,2942.5,64.296,9898.5,324256,103,1583,672,-0.69843,-0.5539,2.0101
2284.6,-1506.5,398.18,4.2692,-962.15,2592.6,5.862e+05,616029,1,5469.5,-12822,-1549.3,-10005,16932,1065,-3359.5,4698.6,92.529,24860,341040,103,1581,670,-0.71075,-0.5539,2.0058
2267,-1443.7,426.37,6.2807,-1015.5,2524.7,5.8708e+05,616027,1,7561.3,-19567,-2593.9,-17462,31399,2241.7,-6099.9,9329.4,341.92,43209,348075,103,1581,670,-0.72304,-0.5539,2.0014
2246.3,-1371.7,457.52,9.8568,-1071.4,2447.2,5.8814e+05,616025,1,3365.9,-23086,-5080.8,-8597.6,42047,8364.9,-3304.4,13115,2387.1,51678,350094,103,1581,670,-0.73531,-0.5539,1.9969
2226,-1301.4,487.43,12.708,-1124.8,2370.9,5.8917e+05,616023,1,10130,-41268,-7533.8,-27491,87605,13766,-9149.9,27171,4041.7,1.064e+05,358254,103,1581,670,-0.74755,-0.5539,1.9924
2203.7,-1240,512.83,14.513,-1168.7,2300.2,5.896e+05,616021,1,6496.4,-50319,-11365,-14480,1.1327e+05,25652,-4792.9,34888,7777.9,1.3305e+05,360833,103,1581,670,-0.75976,-0.5539,1.9877
2173.5,-1187.4,531.83,15.689,-1198.1,2231.9,5.8989e+05,616019,1,8809.9,-54171,-11525,-16191,1.1623e+05,25779,-4614.9,34683,7779.6,1.3735e+05,361166,103,1581,670,-0.77194,-0.5539,1.983
2137.3,-1131,549.09,16.757,-1223.2,2156.9,5.8976e+05,616017,1,9785.5,-61274,-13078,-14324,1.1619e+05,26462,-3042.7,31535,7518.1,1.396e+05,361346,103,1581,670,-0.78409,-0.5539,1.9783
2105.1,-1065.3,569.45,17.131,-1256.1,2076.7,5.8938e+05,616015,1,8594.3,-66230,-14907,-15354,1.1364e+05,25314,-3682.1,27489,6136.2,1.3885e+05,361283,103,1581,670,-0.79622,-0.5539,1.9734
2080.3,-988.8,596.3,18.198,-1301.6,1991.6,5.8904e+05,616013,1,9550.2,-68711,-15190,-16749,1.1291e+05,24510,-4073.7,25368,5378.1,1.3914e+05,361310,103,1581,670,-0.80831,-0.5539,1.9685
2043.5,-891.01,631.48,25.927,-1351.4,1881.9,5.8882e+05,616011,1,16628,-86023,-17018,-24104,1.3228e+05,26782,-4791.1,26624,5417.5,1.6591e+05,363158,103,1581,670,-0.82037,-0.5539,1.9635
1935.2,-657.82,708.9,64.5,-1432.7,1619.7,5.8784e+05,616009,1,21397,-74823,-11849,-32629,1.0057e+05,14295,-6197.4,15129,1618.3,1.336e+05,360861,103,1581,670,-0.83241,-0.5539,1.9584
1588.6,75.543,944.31,209.75,-1650.4,808.16,5.8737e+05,616007,1,35404,-98613,-12460,-60131,1.19e+05,7613.1,-11161,7328.7,-2674.2,1.7074e+05,363441,103,1592,676,-0.84441,-0.5539,1.9533
2567,-2983.9,-361.56,0.0039707,1252.7,3748.9,5.6021e+05,614575,1,177.63,3587,949.49,-3494,-336.6,-637.7,-2088.7,1896.7,157.72,5874.8,302535,103,1668,685,-0.33213,-0.54083,2.1053
2562.7,-2937.4,-334.9,0.0024034,1147.9,3740.3,5.5907e+05,614573,1,182.16,3588.7,952.71,-3501.8,-329.68,-659.27,-2088.9,1900.6,146.02,5884.1,302630,103,1668,685,-0.34504,-0.54083,2.1032
2558.2,-2890.7,-308.26,0.0022988,1045.2,3728.7,5.5689e+05,614571,1,187.47,3589,953.91,-3507.6,-323.76,-679.17,-2088.5,1903.9,134.26,5890.7,302698,103,1668,685,-0.35794,-0.54083,2.1011
2553.6,-2843.9,-281.64,0.0013584,944.43,3714.3,5.566e+05,614569,1,193.03,3590.3,963.24,-3514.1,-319.62,-703.62,-2088.3,1906.5,124.43,5900.2,302794,103,1668,685,-0.37082,-0.54083,2.0988
2548.9,-2797,-255.04,0.00051852,845.73,3697.3,5.5774e+05,614567,1,199.49,3589.8,962.55,-3520.2,-312.89,-724.97,-2087.3,1910.3,110.78,5906.5,302857,103,1668,685,-0.38369,-0.54083,2.0965
2544,-2749.9,-228.46,3.483e-05,749.09,3677.6,5.6078e+05,614565,1,206.3,3589.7,964.58,-3525.8,-306.59,-748.34,-2086.1,1913.9,97.408,5913.4,302935,103,1668,685,-0.39655,-0.54083,2.0941
2538.9,-2702.7,-201.91,-0.00010449,654.54,3655.6,5.6305e+05,614563,1,212.81,3589.9,970.27,-3530.7,-301.12,-772.71,-2084.9,1917.2,85.511,5920.9,302998,103,1668,685,-0.40939,-0.54083,2.0917
2533.7,-2655.5,-175.38,-0.0002438,562.07,3631.2,5.6529e+05,614561,1,217.98,3589.8,973.38,-3534,-296.58,-791.04,-2083.6,1919.8,75.87,5926,303034,103,1668,685,-0.42222,-0.54083,2.0891
2528.3,-2608,-148.88,-0.00010449,471.67,3604.7,5.6552e+05,614559,1,223.13,3589.6,976.53,-3537,-292.11,-809.39,-2082.2,1922.3,66.248,5930.8,303081,103,1668,685,-0.43503,-0.54083,2.0865
2522.7,-2560.5,-122.42,-3.4823e-05,383.36,3576.1,5.6652e+05,614557,1,229.6,3589.4,982.49,-3540.3,-286.76,-833.79,-2080.4,1925.5,54.477,5937.3,303147,103,1668,685,-0.44782,-0.54083,2.0838
2517,-2512.9,-95.983,0.00010449,297.1,3545.5,5.6656e+05,614555,1,237.33,3588.7,983.7,-3543.5,-279.69,-858.52,-2077.7,1929.4,39.729,5942.7,303235,103,1668,685,-0.4606,-0.54083,2.081
2511.1,-2465.2,-69.583,0.00045279,212.89,3513.2,5.6536e+05,614553,1,242.69,3588.4,989.17,-3545.6,-275.17,-879.24,-2075.8,1932,29.974,5947.8,303309,103,1668,685,-0.47336,-0.54083,2.0781
2505,-2417.4,-43.219,0.00066177,130.69,3479.1,5.6519e+05,614551,1,248.26,3588.4,993.37,-3548.6,-268.41,-901.22,-2074,1935.6,18.637,5954,303368,103,1567,669,-0.4861,-0.54083,2.0752
2498.8,-2369.5,-16.889,0.0017763,50.479,3443.3,5.6424e+05,614549,1,254.43,3588.8,1000.7,-3550.2,-260.65,-925.19,-2071.5,1939.7,7.6247,5960.4,303451,103,1567,669,-0.49883,-0.54083,2.0722
2492.5,-2321.5,9.4145,0.0065828,-27.791,3406,5.6562e+05,614547,1,258.93,3591.8,1001.4,-3560.1,-242.41,-945.13,-2072.3,1948.6,-4.8839,5974,303634,103,1567,669,-0.51153,-0.54083,2.0691
2485.9,-2273.3,35.694,0.017136,-104.16,3367.2,5.668e+05,614545,1,265.13,3597.4,1006.9,-3572.4,-210.72,-964,-2074.2,1963.2,-15.035,5993.2,303820,103,1567,669,-0.52422,-0.54083,2.0659
2479.2,-2225,61.971,0.045696,-178.69,3327,5.6818e+05,614543,1,272.69,3596.8,1016.2,-3567.5,-201.11,-979.28,-2070.3,1967.6,-20.434,5994,303833,103,1567,669,-0.53688,-0.54083,2.0626
2472.3,-2176.4,88.271,0.11171,-251.44,3285.4,5.7004e+05,614541,1,285.93,3600.2,1023.3,-3591.4,-144.78,-994.95,-2078.2,1990.5,-29.995,6023.4,304125,103,1567,669,-0.54953,-0.54083,2.0593
2465.1,-2127.4,114.71,0.29373,-322.57,3242.2,5.7238e+05,614539,1,323,3592.8,1030.7,-3735.9,47.356,-1007.2,-2135,2066.4,-40.492,6154.5,305475,103,1567,669,-0.56215,-0.54083,2.0559
2457.1,-2076.7,141.89,0.94946,-392.87,3196.2,5.7597e+05,614537,1,524.42,3444.8,1054.5,-4336,799.96,-1001.9,-2374.8,2352.1,-44.056,6698.7,310250,103,1567,669,-0.57476,-0.54083,2.0524
2445.3,-2015.5,173.3,4.0342,-466.94,3139.1,5.8037e+05,614535,1,5450.3,-1792.6,1117.3,-14785,13620,-704.9,-6109.6,7004.4,75.492,22917,339952,103,1567,669,-0.58734,-0.54083,2.0488
2413.7,-1920.6,216.72,15.434,-550.92,3042.7,5.8444e+05,614533,1,14560,-25125,-2245.7,-32919,63504,6857.1,-11690,24094,2845.9,82080,355305,103,1585,674,-0.5999,-0.54083,2.0452
2357.4,-1786.8,270.36,33.89,-642.93,2899.7,5.8683e+05,614531,1,10168,-41319,-7741.6,-24408,97935,18286,-7865.6,34280,6615.4,1.1693e+05,359357,103,1585,674,-0.61244,-0.54083,2.0415
2320,-1694.7,303.48,38.701,-712.02,2799.6,5.8822e+05,614529,1,4415.6,-35253,-7897.3,-11319,84309,18679,-4151.3,28585,6244.9,98909,357418,103,1585,674,-0.62495,-0.54083,2.0377
2292.4,-1629.9,327.77,39.478,-766.11,2725.9,5.8887e+05,614527,1,10886,-75411,-16398,-18775,1.6208e+05,36702,-4739.3,50004,11657,1.9158e+05,364485,103,1585,674,-0.63744,-0.54083,2.0338
2268.3,-1567.7,352.38,40.443,-819.35,2656,5.8919e+05,614525,1,4557,-43405,-9983.1,-10653,89329,20153,-3716.1,26853,5900.6,1.0618e+05,358227,103,1584,673,-0.64991,-0.54083,2.0298
2251.6,-1525.6,369.84,37.735,-861.64,2605.8,5.8958e+05,614523,1,9204,-83625,-19041,-15938,1.6335e+05,37867,-4201.8,45972,10753,1.9508e+05,364652,103,1584,673,-0.66235,-0.54083,2.0258
2223.7,-1471.8,391.38,39.462,-902.93,2539.2,5.8968e+05,614521,1,5665.4,-46858,-10516,-11086,88631,19770,-3602.5,24716,5347.7,1.0658e+05,358273,103,1583,672,-0.67477,-0.54083,2.0217
2183.5,-1412.4,411.4,42.512,-936.41,2460.2,5.8964e+05,614519,1,10834,-80850,-17733,-16273,1.4755e+05,33543,-4079.5,39207,8997.2,1.7823e+05,363863,103,1583,672,-0.68716,-0.54083,2.0175
2126.4,-1341.1,431.25,48.226,-962.65,2361.6,5.8947e+05,614517,1,12435,-74861,-15570,-15735,1.2485e+05,27694,-3170.6,30746,7066.7,1.5365e+05,362333,103,1582,671,-0.69953,-0.54083,2.0133
2028.4,-1213.3,465.2,66.754,-994.2,2193.2,5.891e+05,614515,1,17581,-81442,-15464,-27444,1.2459e+05,23430,-7271,27941,4856.8,1.5768e+05,362633,103,1582,671,-0.71187,-0.54083,2.009
1828.1,-869.16,568.08,129.59,-1094.6,1790.2,5.8861e+05,614513,1,25973,-88572,-14297,-42333,1.2509e+05,18100,-10510,24368,2702.2,1.6493e+05,363106,103,1581,670,-0.72418,-0.54083,2.0045
1425.9,35.504,863.59,299.2,-1423.3,815.37,5.8868e+05,614511,1,28354,-97215,-15754,-57421,1.3461e+05,15193,-14321,21888,677.09,1.8121e+05,364008,103,1581,670,-0.73647,-0.54083,2.0001
1037.1,1216.2,1256,487.6,-1936.8,-378.61,5.8958e+05,614509,1,29375,-1.1449e+05,-19870,-66401,1.3576e+05,11973,-13432,2088.1,-4319.2,1.9379e+05,364599,103,1581,670,-0.74873,-0.54083,1.9955
2625,-3081.3,-388.61,0.022119,1400,3817.8,5.5943e+05,613063,1,173.4,3577,914.85,-3498.9,-341.15,-592.89,-2088.9,1893.9,167.74,5860.9,302409,103,1603,678,-0.30674,-0.52774,2.1125
2621,-3034.9,-361.87,0.0041448,1289.6,3814.2,5.5979e+05,613061,1,174.71,3581.4,925.92,-3490.4,-334.58,-612.75,-2087.7,1896.4,160.04,5862.2,302418,103,1668,685,-0.31969,-0.52774,2.1106
2616.8,-2988.5,-335.15,0.0026819,1181.4,3807.3,5.5812e+05,613059,1,178.81,3583.1,921.07,-3496.6,-325.09,-632.64,-2087.7,1901.4,144.45,5869.1,302485,103,1668,685,-0.33264,-0.52774,2.1086
2612.6,-2941.9,-308.44,0.0017067,1075.2,3797.3,5.5737e+05,613057,1,185.01,3585.1,930.38,-3503.2,-321.36,-656.98,-2087.5,1904.1,134.55,5878.9,302569,103,1668,685,-0.34557,-0.52774,2.1065
2608.1,-2895.1,-281.76,0.00069661,971.12,3784.3,5.5837e+05,613055,1,190.62,3585.4,931.67,-3509,-315.79,-677.03,-2086.9,1907.3,122.79,5885.5,302648,103,1668,685,-0.35849,-0.52774,2.1043
2603.5,-2848.3,-255.09,-0.00013932,869.21,3768.4,5.6387e+05,613053,1,196.7,3586.2,935.09,-3515.2,-310.46,-699.02,-2086.2,1910.5,111.03,5893.2,302728,103,1668,685,-0.37139,-0.52774,2.1021
2598.8,-2801.3,-228.45,-0.0006966,769.47,3749.8,5.686e+05,613051,1,204.07,3587.1,939.27,-3521.9,-304.42,-724.84,-2085.2,1914.2,97.347,5902.1,302815,103,1668,685,-0.38428,-0.52774,2.0998
2593.9,-2754.2,-201.83,-0.0010449,671.91,3728.7,5.714e+05,613049,1,210.32,3587.2,940.3,-3526.9,-298.76,-745.12,-2084.1,1917.5,85.28,5908.2,302879,103,1668,685,-0.39716,-0.52774,2.0974
2588.8,-2706.9,-175.23,-0.0010797,576.54,3705.1,5.6938e+05,613047,1,214.76,3587.7,947.98,-3530.4,-296.02,-763.53,-2083.4,1919.3,78.271,5914.5,302944,103,1668,685,-0.41002,-0.52774,2.0949
2583.6,-2659.5,-148.66,-0.0010797,483.36,3679.2,5.6941e+05,613045,1,221.36,3587.8,951.2,-3534.6,-290.25,-786.09,-2081.8,1922.6,66.029,5920.8,302997,103,1668,685,-0.42287,-0.52774,2.0923
2578.2,-2612,-122.11,-0.00059214,392.36,3651.1,5.6907e+05,613043,1,229.37,3587.4,952.28,-3538.5,-283.27,-810.81,-2079.4,1926.6,51.183,5926.7,303040,103,1668,685,-0.4357,-0.52774,2.0897
2572.6,-2564.5,-95.606,-0.00041796,303.54,3621,5.6967e+05,613041,1,235.27,3587.5,960.42,-3541.5,-279.15,-834.2,-2077.7,1929.2,41.313,5933.3,303109,103,1668,685,-0.44851,-0.52774,2.087
2566.9,-2516.8,-69.13,-6.9641e-05,216.87,3589,5.6938e+05,613039,1,241.92,3587,957.83,-3544.8,-271.96,-853.17,-2075.4,1933,27.924,5937.5,303153,103,1547,666,-0.46131,-0.52774,2.0842
2561,-2469,-42.688,0.00031347,132.32,3555.1,5.6841e+05,613037,1,246.88,3588.2,967.97,-3548.6,-265.85,-877.51,-2074.2,1936.4,18.525,5946.3,303271,103,1547,666,-0.47409,-0.52774,2.0813
2555,-2421.1,-16.273,0.0022639,49.843,3519.5,5.6675e+05,613035,1,252.19,3589.5,970.51,-3552.7,-256.63,-897.41,-2072.8,1941.1,7.3102,5953.7,303367,103,1547,666,-0.48685,-0.52774,2.0784
2548.8,-2373,10.136,0.011459,-30.636,3482.3,5.6664e+05,613033,1,253.39,3595.7,975.32,-3569.1,-232.57,-918.43,-2076.7,1952.2,-3.5617,5975.3,303650,103,1567,669,-0.49959,-0.52774,2.0753
2542.5,-2324.7,36.562,0.035073,-109.21,3443.5,5.6768e+05,613031,1,258.34,3604.1,981.7,-3578.2,-200.6,-935.89,-2077.7,1966.7,-12.894,5993.8,303829,103,1567,669,-0.51232,-0.52774,2.0722
2536,-2276.1,63.054,0.090592,-186,3403.2,5.6918e+05,613029,1,256.65,3619.1,986.17,-3626.9,-135.71,-953.48,-2094.5,1994.3,-22.971,6048.4,304370,103,1567,669,-0.52502,-0.52774,2.0691
2529.4,-2227.1,89.67,0.20389,-261.15,3361.2,5.7094e+05,613027,1,269.9,3631.4,999.83,-3677.9,-25.977,-966.32,-2110.7,2039.2,-28.655,6110.2,304991,103,1567,669,-0.53771,-0.52774,2.0658
2522.6,-2177.2,116.52,0.42774,-334.86,3317.4,5.7301e+05,613025,1,303.39,3632,1013.1,-3783.7,157.98,-972.32,-2149.2,2111.9,-33.298,6219.1,306131,103,1567,669,-0.55037,-0.52774,2.0625
2514.9,-2123.7,144.7,1.2567,-408.96,3269.3,5.7631e+05,613023,1,515.49,3521.5,1043.7,-4731,946.26,-1052.5,-2506.6,2404.8,-69.597,7086.1,312110,103,1567,669,-0.56302,-0.52774,2.059
2500.8,-2046,182.09,6.609,-495.32,3198.1,5.8057e+05,613021,1,5431.5,-328.75,1455.9,-14444,8181.3,-1979.3,-5547.3,4460.9,-418.8,19028,337442,103,1567,669,-0.57564,-0.52774,2.0555
2430.5,-1813.1,277.24,43.648,-658.07,2972.7,5.8452e+05,613019,1,17901,-7787.7,3192.2,-41840,19891,-6974.3,-15655,7570.1,-2568.4,53806,350531,103,1567,669,-0.58824,-0.52774,2.052
2026.9,-942.12,594.84,226.38,-1055.8,2045.5,5.8787e+05,613017,1,44077,-35309,3861.6,-79726,51998,-9976.7,-24523,13241,-3757.2,1.1469e+05,359123,103,1567,669,-0.60082,-0.52774,2.0483
1330.2,540.38,1082,505.35,-1663.5,457.94,5.9017e+05,613015,1,46050,-74413,-5410,-85714,1.0091e+05,561.47,-20117,15808,-1821.5,1.6086e+05,362838,103,1585,674,-0.61338,-0.52774,2.0446
2687.8,-3233.1,-443.42,1.1319,1684.3,3877.7,5.6312e+05,611553,1,375.96,3572.5,912.78,-4795.7,145.49,-566.96,-1955.8,1813,191.79,6650.5,309985,103,1603,678,-0.2682,-0.51463,2.1209
2683.1,-3180.5,-416.18,0.12406,1560.9,3879.6,5.6417e+05,611551,1,238.29,3572.2,901.31,-3801.5,-373.59,-592.63,-2131.4,1907.4,183,6065.2,304516,103,1603,678,-0.28121,-0.51463,2.1192
2678.6,-3132.7,-389.11,0.10565,1443.7,3880.2,5.6033e+05,611549,1,191.61,3567.7,893.72,-3552.2,-339.26,-575.94,-2098.5,1894.3,168.87,5886.4,302656,103,1603,678,-0.29421,-0.51463,2.1175
2674.7,-3086,-362.28,0.016614,1329.2,3878.3,5.6105e+05,611547,1,172.97,3573.9,894.5,-3506.3,-325.59,-588.32,-2088,1898.2,158.56,5859.8,302398,103,1603,678,-0.3072,-0.51463,2.1156
2670.7,-3039.5,-335.49,0.0029606,1217.2,3873.3,5.5999e+05,611545,1,174.46,3576.5,897.24,-3492.8,-320.59,-607.16,-2086.8,1901.7,146.91,5855.9,302355,103,1668,685,-0.32017,-0.51463,2.1137
2666.6,-2992.9,-308.73,0.00041797,1107.3,3864.9,5.6289e+05,611543,1,180.85,3579.1,900.78,-3497.4,-315.86,-628.74,-2086.4,1904.9,135.08,5863.5,302431,103,1668,685,-0.33313,-0.51463,2.1117
2662.3,-2946.3,-281.98,-3.482e-05,999.77,3853.4,5.6604e+05,611541,1,186.56,3580.2,902.16,-3502.9,-311.29,-648.88,-2085.8,1907.9,123.26,5870.3,302495,103,1668,685,-0.34609,-0.51463,2.1096
2657.9,-2899.5,-255.25,-0.0007663,894.45,3838.8,5.7052e+05,611539,1,193.63,3582.3,909.63,-3510.3,-307.62,-674.91,-2085.3,1910.8,111.34,5880.7,302585,103,1668,685,-0.35902,-0.51463,2.1075
2653.3,-2852.5,-228.54,-0.0021594,791.4,3821.4,5.7047e+05,611537,1,199.48,3582.8,911.1,-3516,-302.32,-695.14,-2084.5,1913.9,99.577,5887.4,302667,103,1668,685,-0.37195,-0.51463,2.1052
2648.6,-2805.5,-201.85,-0.0025077,690.66,3801.2,5.7157e+05,611535,1,205.59,3583.5,912.77,-3521.3,-297.12,-715.44,-2083.5,1917.1,87.843,5894.1,302738,103,1668,685,-0.38486,-0.51463,2.1029
2643.7,-2758.3,-175.18,-0.0030999,592.22,3778.5,5.7168e+05,611533,1,211.85,3584.9,920.61,-3526.5,-293.61,-737.7,-2082.8,1919.5,78.439,5902.5,302818,103,1668,685,-0.39775,-0.51463,2.1005
2638.6,-2710.9,-148.54,-0.0021595,496.09,3753.3,5.7051e+05,611531,1,219.49,3585.2,922.43,-3531.8,-287.2,-761.74,-2081.1,1923.3,64.46,5909.6,302894,103,1668,685,-0.41063,-0.51463,2.098
2633.4,-2663.5,-121.92,-0.001529,402.25,3725.9,5.6975e+05,611529,1,227.42,3585.3,926.93,-3536.3,-281.26,-787.59,-2079.1,1926.9,50.916,5916.7,302964,103,1668,685,-0.4235,-0.51463,2.0955
2628,-2615.9,-95.342,-0.00076633,310.71,3696.2,5.6938e+05,611527,1,233.11,3585.1,930.2,-3538.9,-277.03,-805.99,-2077.4,1929.3,41.296,5921.4,303003,103,1668,685,-0.43635,-0.51463,2.0928
2622.4,-2568.3,-68.792,-0.00013934,221.44,3664.5,5.6894e+05,611525,1,239.33,3585.2,934.23,-3542.8,-271.18,-828.18,-2075.6,1932.6,29.765,5927.8,303050,103,1542,665,-0.44918,-0.51463,2.0901
2616.7,-2520.5,-42.272,0.00069655,134.41,3631,5.6787e+05,611523,1,245.33,3585.9,938.43,-3546.5,-264.46,-850.22,-2073.9,1936.2,18.335,5934.7,303124,103,1542,665,-0.462,-0.51463,2.0873
2610.8,-2472.6,-15.772,0.0037964,49.542,3595.6,5.669e+05,611521,1,246.53,3590.6,940.73,-3559.8,-248.49,-870.5,-2076.3,1943.7,6.9113,5951.3,303340,103,1542,665,-0.4748,-0.51463,2.0844
2604.8,-2424.5,10.738,0.015639,-33.26,3558.4,5.6679e+05,611519,1,248.72,3600.5,950.35,-3575.4,-220.89,-894.05,-2079.4,1956.2,-3.472,5975.8,303656,103,1547,666,-0.48758,-0.51463,2.0815
2598.8,-2376.1,37.329,0.053673,-114.2,3519.6,5.6748e+05,611517,1,243.85,3617.4,952.2,-3621.4,-165.58,-915.28,-2094.3,1978.9,-16.88,6027.8,304177,103,1547,666,-0.50034,-0.51463,2.0785
2592.7,-2327,64.082,0.14005,-193.5,3479,5.6897e+05,611515,1,246.4,3628.5,962.58,-3651,-105.61,-930.93,-2103.5,2002.7,-23.513,6066.1,304528,103,1547,666,-0.51309,-0.51463,2.0753
2586.5,-2277.3,91.036,0.28839,-271.26,3436.7,5.7085e+05,611513,1,244.1,3644.9,967.15,-3708,-14.17,-944.78,-2123.8,2037.8,-32.935,6130.8,305255,103,1567,669,-0.52581,-0.51463,2.0722
2580.2,-2226.6,118.3,0.53621,-347.74,3392.4,5.7311e+05,611511,1,252.23,3655,974.28,-3849.6,113.13,-970.33,-2173,2084.8,-45.031,6262.2,306581,103,1567,669,-0.53851,-0.51463,2.0689
2573.7,-2172.8,146.68,1.1759,-424.48,3344.6,5.7593e+05,611509,1,497.48,3488.8,1003.2,-4856,1085.5,-1029.7,-2512.9,2415.7,-70.082,7169.4,312599,103,1567,669,-0.5512,-0.51463,2.0655
2564.6,-2105.5,179.8,3.7559,-507.75,3284,5.7969e+05,611507,1,3392.8,1156.4,1232.3,-10361,5670.9,-1449.5,-4158.6,3754.8,-210.24,13690,332337,103,1567,669,-0.56386,-0.51463,2.0621
2524.4,-1964,236.21,18.952,-621.63,3146.3,5.8337e+05,611505,1,12467,-2614,2883.1,-24309,11540,-3985,-7821.9,5348.3,-869.34,31640,344238,103,1567,669,-0.5765,-0.51463,2.0586
2229.2,-1463.2,383.56,103.66,-805.85,2568.5,5.8602e+05,611503,1,47275,-29531,6203.8,-65546,36295,-9755.7,-16342,8299.4,-2619.5,95902,357076,103,1567,669,-0.58913,-0.51463,2.055
2734.8,-3350.8,-476.2,1.9338,1887.1,3920.8,5.6719e+05,610039,1,-1150.7,1695.7,265.91,-3667.5,3425.6,382.6,-2241.4,2637,362.35,6458.4,308582,103,1563,668,-0.24251,-0.50151,2.1272
2742,-3285,-443.07,2.2237,1739.3,3934.5,5.6409e+05,610037,1,288.96,2677.1,667.8,-4488.9,1094.5,-280.06,-2263.8,2003,201.34,6188.7,305842,103,1563,668,-0.25555,-0.50151,2.1256
2736.1,-3235.4,-417.03,0.85123,1615.1,3939.5,5.6357e+05,610035,1,215.29,3264.2,796.26,-3755.6,-86.138,-497.78,-2076.7,1888.4,180.7,5797.1,301774,103,1603,678,-0.26859,-0.50151,2.124
2732,-3185,-389.95,0.13037,1491.3,3941.6,5.6556e+05,610033,1,215.49,3445.1,846.75,-3725.9,-223.13,-547.22,-2106.5,1898.8,171.23,5910.6,302905,103,1603,678,-0.28162,-0.50151,2.1223
2727.9,-3137.2,-362.82,0.083734,1371.9,3941.2,5.6459e+05,610031,1,159.35,3449.7,835.92,-3549.5,-221.58,-543.41,-2100.5,1904,158.49,5799.2,301786,103,1603,678,-0.29464,-0.50151,2.1206
2724.2,-3090.3,-335.92,0.019439,1255.5,3938,5.6557e+05,610029,1,159.62,3523.2,857.31,-3497,-273.33,-572.59,-2087.3,1905.7,147.98,5815.1,301947,103,1668,685,-0.30764,-0.50151,2.1187
2720.2,-3043.8,-309.09,0.00923,1141.8,3931.5,5.6577e+05,610027,1,175.33,3548.3,867.32,-3493.7,-284.75,-596.77,-2085.6,1908.9,136.34,5833.4,302146,103,1668,685,-0.32064,-0.50151,2.1168
2716.2,-2997.2,-282.28,0.0026088,1030.5,3921.6,5.6636e+05,610025,1,177.33,3560.9,872.49,-3492.6,-290.62,-619.98,-2084.1,1910.6,124.29,5843.7,302250,103,1668,685,-0.33362,-0.50151,2.1148
2712,-2950.5,-255.49,0.00045279,921.55,3908.5,5.6684e+05,610023,1,188.75,3570.3,878.53,-3503.1,-295.36,-644.84,-2084,1912.2,112.04,5860.2,302401,103,1668,685,-0.34659,-0.50151,2.1127
2707.6,-2903.7,-228.72,-0.0020898,815.02,3892.3,5.6946e+05,610021,1,193.84,3573.8,880.45,-3507.9,-293.65,-665.69,-2083.2,1914.8,100.12,5868.2,302474,103,1668,685,-0.35955,-0.50151,2.1105
2703,-2856.7,-201.97,-0.0032739,710.91,3873.3,5.713e+05,610019,1,201.95,3579.1,891.04,-3516.5,-294.41,-691.68,-2083,1916.8,90.046,5881.9,302598,103,1668,685,-0.37249,-0.50151,2.1083
2698.3,-2809.5,-175.24,-0.0050154,609.21,3851.5,5.7217e+05,610017,1,208.19,3579.3,886.59,-3522.2,-286.65,-712.58,-2081.6,1921,74.407,5887.7,302673,103,1668,685,-0.38542,-0.50151,2.106
2693.4,-2762.3,-148.53,-0.0051548,509.94,3827.1,5.7252e+05,610015,1,215.44,3582.4,898.85,-3527.7,-285.34,-736.38,-2080.9,1923,66.537,5898.2,302773,103,1668,685,-0.39833,-0.50151,2.1036
2688.3,-2714.9,-121.84,-0.0034829,413.1,3800.2,5.7153e+05,610013,1,223.74,3582.2,894.93,-3532.3,-277.99,-757.43,-2078.7,1927.1,51.006,5903.2,302827,103,1668,685,-0.41123,-0.50151,2.1011
2683.1,-2667.4,-95.189,-0.0014629,318.68,3771.1,5.7009e+05,610011,1,229.56,3582.9,904.8,-3536,-276.23,-778.59,-2077.6,1928.8,43.608,5910.3,302902,103,1668,685,-0.42412,-0.50151,2.0985
2677.7,-2619.7,-68.566,-0.00076627,226.66,3739.8,5.6975e+05,610009,1,236.62,3582.7,908.18,-3539.7,-270.57,-801.29,-2075.5,1931.9,31.375,5916.3,302961,103,1542,665,-0.43699,-0.50151,2.0959
2672.1,-2572,-41.972,0.00052909,137,3706.5,5.6831e+05,610007,1,242.01,3584.5,906.89,-3548.4,-259.28,-824.48,-2074.9,1937.4,16.146,5926.8,303041,103,1542,665,-0.44984,-0.50151,2.0932
2666.4,-2524.1,-15.391,0.004493,49.612,3671.3,5.6704e+05,610005,1,244.48,3590.3,917.38,-3559.4,-244.48,-848.33,-2076.4,1944.4,6.8937,5944.1,303249,103,1542,665,-0.46267,-0.50151,2.0904
2660.6,-2476,11.223,0.019992,-35.649,3634.3,5.6681e+05,610003,1,243.3,3597.8,919.77,-3578.3,-222.41,-868.61,-2081.2,1954.1,-4.6306,5967.2,303539,103,1542,665,-0.47549,-0.50151,2.0875
2654.8,-2427.4,37.951,0.061579,-119.04,3595.5,5.6769e+05,610001,1,234.3,3613.2,922.22,-3626.8,-172.29,-889.48,-2096.7,1973.8,-16.35,6018.9,304080,103,1542,665,-0.48829,-0.50151,2.0845
2649,-2378.2,64.842,0.13904,-200.71,3554.9,5.6886e+05,609999,1,232.89,3633.8,931.54,-3675.5,-98.511,-908.96,-2111.2,2002.1,-25.994,6077.7,304652,103,1547,666,-0.50107,-0.50151,2.0815
2643.1,-2328.1,91.982,0.27784,-280.89,3512.2,5.703e+05,609997,1,234.64,3646.1,939.94,-3728.6,-45.414,-930.84,-2128.9,2021.9,-35.91,6134,305285,103,1547,666,-0.51383,-0.50151,2.0784
2637.2,-2276.5,119.61,0.55769,-360.1,3467.3,5.7231e+05,609995,1,243.67,3655.9,945.45,-3963.1,202.47,-957.51,-2205.2,2102.9,-51.585,6345.9,307381,103,1567,669,-0.52658,-0.50151,2.0752
2631,-2222.2,148.16,1.1433,-439.18,3419,5.7497e+05,609993,1,291.15,3633.2,958.14,-4342.4,662.87,-973.32,-2340.3,2258.5,-62.742,6710.3,310314,103,1567,669,-0.5393,-0.50151,2.0719
2623.3,-2157.4,180.29,3.1128,-522.93,3360.8,5.7831e+05,609991,1,935.03,3426.1,1079.2,-6568.8,1665.7,-1351.6,-3056.8,2567,-194.91,8803.4,320608,103,1567,669,-0.552,-0.50151,2.0686
2599.3,-2047.6,226.84,12.548,-626.15,3257,5.8195e+05,609989,1,5767.8,1637.7,1987.2,-14270,5316.9,-2624,-5192,3594.6,-548.82,17857,336488,103,1567,669,-0.56468,-0.50151,2.0651
2428.5,-1726.1,330.44,65.863,-772.58,2895.7,5.8507e+05,609987,1,33011,-17283,5078.9,-44281,25183,-6307.1,-11561,7652.2,-1379.4,65139,352640,103,1567,669,-0.57735,-0.50151,2.0616
1520.6,-666.51,571.74,279.14,-881.7,1492.7,5.8684e+05,609985,1,95400,-59536,12931,-1.0619e+05,59190,-16119,-11279,5039.5,-1983.4,1.6736e+05,363255,103,1567,669,-0.58998,-0.50151,2.058
2764.5,-3273.5,-429.34,5.7713,1753.5,3932.9,5.6878e+05,608519,1,-2199.1,498.34,-127.84,-1446.4,6816.9,1403.9,-1469.1,3416.7,620.9,8357.7,318958,103,1563,668,-0.24285,-0.48836,2.1302
2778.3,-3267.1,-414.35,1.1496,1656.9,3977.4,5.653e+05,608517,1,-862.01,1125.4,161.52,-980.06,3141.3,599.32,-1440.1,2337.8,364.46,4931.7,293496,103,1555,667,-0.25592,-0.48836,2.1287
2778.1,-3235.3,-391.2,0.30633,1544,3994.3,5.7105e+05,608515,1,-220.47,2052.9,446.82,-2999.1,911.26,-169.99,-1977.7,1923.5,193.26,4931.7,293495,103,1555,667,-0.26897,-0.48836,2.127
2777.5,-3186.4,-363.57,0.036659,1417.7,3998.7,5.7005e+05,608513,1,-92.288,2839.5,641.87,-3506.6,306.58,-395.94,-2115,1930.6,162.91,5409,298082,103,1603,678,-0.28202,-0.48836,2.1254
2775.3,-3139.7,-336.36,0.080049,1296.6,3999,5.7045e+05,608511,1,108.12,3250.8,765.73,-3497.6,-21.9,-493.88,-2095.1,1922.4,150.97,5634.8,300075,103,1603,678,-0.29506,-0.48836,2.1236
2772.4,-3093.7,-309.48,0.031845,1178.7,3995.4,5.6901e+05,608509,1,59.493,3284.8,761.66,-3411.2,-53.832,-508.14,-2081.3,1921.3,137.89,5595.8,299738,103,1668,685,-0.30808,-0.48836,2.1217
2769,-3047.4,-282.59,0.033151,1063.3,3987.9,5.6868e+05,608507,1,146.29,3464.8,822.34,-3467.5,-198.73,-572.87,-2082.4,1917,126.21,5755.1,301424,103,1668,685,-0.32109,-0.48836,2.1198
2765.3,-3001,-255.77,0.013377,950.55,3976.8,5.6797e+05,608505,1,158.11,3498.2,829.66,-3471.6,-225.59,-601.85,-2079.9,1917.5,111.53,5781.9,301658,103,1668,685,-0.33409,-0.48836,2.1178
2761.3,-2954.5,-228.98,0.0033441,840.39,3962.3,5.6818e+05,608503,1,185.21,3540.6,851.65,-3496.2,-261.91,-634.4,-2081.5,1916.7,103.06,5831.6,302120,103,1668,685,-0.34708,-0.48836,2.1157
2757,-2907.7,-202.18,-0.0034139,732.72,3944.6,5.691e+05,608501,1,186.39,3540.9,847.54,-3497.4,-258.64,-653.3,-2080.2,1919.1,89.053,5834,302151,103,1668,685,-0.36006,-0.48836,2.1135
2752.5,-2860.6,-175.4,-0.0060257,627.59,3923.8,5.7032e+05,608499,1,199.12,3562.4,859.28,-3511.9,-273.21,-683.75,-2080.6,1920.8,76.695,5862.5,302422,103,1668,685,-0.37302,-0.48836,2.1113
2747.8,-2813.5,-148.62,-0.0075577,524.99,3900.3,5.7159e+05,608497,1,209.86,3571,865.41,-3522.2,-275.29,-708.39,-2080,1923.5,64.753,5878.7,302567,103,1668,685,-0.38597,-0.48836,2.109
2743,-2766.1,-121.87,-0.0076277,424.95,3874.2,5.7249e+05,608495,1,216.89,3575.4,870.01,-3527.2,-272.74,-731.18,-2078.8,1926.6,53.002,5888.4,302681,103,1668,685,-0.3989,-0.48836,2.1065
2737.9,-2718.7,-95.143,-0.0051896,327.48,3845.7,5.7236e+05,608493,1,226.84,3578.5,875.03,-3532.3,-270.08,-754.07,-2076.9,1929.6,41.381,5897.5,302768,103,1668,685,-0.41182,-0.48836,2.1041
2732.7,-2671.1,-68.452,-0.0020898,232.56,3814.8,5.7202e+05,608491,1,234.13,3580,879.31,-3536.8,-266.13,-776.69,-2075.1,1932.6,29.734,5905.1,302844,103,1542,665,-0.42472,-0.48836,2.1015
2727.3,-2623.4,-41.785,-0.00069655,140.12,3781.9,5.7015e+05,608489,1,239.83,3583.3,884.22,-3546,-257.41,-803.06,-2074.5,1937.5,16.174,5917.9,302974,103,1542,665,-0.43761,-0.48836,2.0988
2721.7,-2575.6,-15.133,0.0019853,50.092,3746.9,5.6878e+05,608487,1,242.46,3587.1,887.85,-3555.1,-247.64,-821.8,-2075.3,1942.1,6.4576,5930.3,303075,103,1542,665,-0.45048,-0.48836,2.0961
2716.1,-2527.4,11.563,0.016263,-37.721,3710,5.6757e+05,608485,1,238.77,3594.3,890.93,-3576.6,-231.06,-841.8,-2081.1,1949.4,-3.7346,5954.4,303374,103,1542,665,-0.46333,-0.48836,2.0933
2710.5,-2478.8,38.384,0.055763,-123.57,3671.2,5.6783e+05,608483,1,228.95,3616.4,896.97,-3628.8,-173.19,-867.19,-2096.9,1972,-16.988,6014.3,304037,103,1542,665,-0.47616,-0.48836,2.0904
2705,-2429.4,65.416,0.13542,-207.73,3630.4,5.6862e+05,608481,1,220.68,3636.8,902.5,-3686.6,-111.05,-889.8,-2115.8,1995.2,-28.892,6078.1,304655,103,1542,665,-0.48898,-0.48836,2.0875
2699.5,-2379,92.758,0.28153,-290.46,3587.6,5.6981e+05,608479,1,218.36,3646.3,906.39,-3742.5,-62.84,-911.79,-2131.2,2010.8,-39.779,6131.3,305263,103,1542,665,-0.50178,-0.48836,2.0844
2693.9,-2327.6,120.37,0.48034,-371.69,3542.7,5.7154e+05,608477,1,221.75,3666,915.02,-3932,125.8,-943.16,-2188.8,2070.5,-55.467,6306.5,307019,103,1547,666,-0.51456,-0.48836,2.0813
2688,-2273.5,148.73,0.87043,-452.51,3494.5,5.7386e+05,608475,1,257.51,3679.2,930.05,-4300.5,365.11,-1006.9,-2307.9,2146,-81.771,6636.9,309902,103,1547,666,-0.52732,-0.48836,2.0781
2681.3,-2211.4,179.76,2.205,-536.57,3438.6,5.7673e+05,608473,1,686.12,3400.5,980.61,-6030,1701.1,-1175.1,-2835,2537.5,-142.38,8254,318509,103,1567,669,-0.54006,-0.48836,2.0748
2667.2,-2120.6,219.78,7.4962,-634.12,3355.2,5.802e+05,608471,1,3033.4,1986.6,1286.1,-10747,5196.6,-1656.7,-4205.7,3507,-298.67,13789,332464,103,1567,669,-0.55279,-0.48836,2.0715
2586,-1910.8,292.6,34.535,-765.53,3136.4,5.8357e+05,608469,1,30251,-13399,5194.2,-38639,20743,-5752.2,-9480.4,5977.8,-1195.5,56613,351036,103,1567,669,-0.56549,-0.48836,2.0681
2029.7,-1238.3,456.86,170.27,-862.89,2255.7,5.8609e+05,608467,1,80919,-48260,11370,-84157,48155,-12286,-14520,7849.1,-2218.4,1.3724e+05,361159,103,1567,669,-0.57816,-0.48836,2.0646
2662.1,-2976.5,-348.02,26.841,1558,3693.2,5.7909e+05,607001,1,-12992,-13246,-4300.7,22213,17317,6231.4,3518.6,2198.1,875.14,34826,345488,103,1555,667,-0.23009,-0.4752,2.1346
2749.6,-3172.6,-389.43,3.7533,1619.2,3893.1,5.7058e+05,606999,1,-4286.3,-4091.2,-1391,6568.5,8855.8,2724.2,419.03,2801,673.15,13210,331624,103,1555,667,-0.24319,-0.4752,2.1331
2781.3,-3243.6,-389.41,-0.67213,1583.4,3987.7,5.6955e+05,606997,1,-2129.6,-1019.6,-479.49,578.43,3421.6,817.24,-1353.4,1996.9,277.96,4940.8,293607,103,1555,667,-0.25627,-0.4752,2.1316
2801.7,-3218.2,-364.03,-0.31438,1464.2,4024.3,5.7791e+05,606995,1,-949.12,997.36,107.87,-2809.9,2377.4,167.67,-2077.2,2116.8,208.86,4931.7,293494,103,1555,667,-0.26934,-0.4752,2.13
2812.2,-3177,-336.25,-0.050379,1337.4,4040.6,5.7229e+05,606993,1,-930.19,1292.1,169.4,-2628.5,1906.7,72.871,-2048.4,2060.8,187.94,4731.6,291489,103,1555,667,-0.28241,-0.4752,2.1283
2816.3,-3136.3,-309.52,0.023973,1216.4,4047.7,5.7309e+05,606991,1,-365.68,2381.1,483.47,-3084.4,732.11,-266.72,-2068.2,1955.4,149.54,4927.6,293442,103,1603,678,-0.29546,-0.4752,2.1265
2816.7,-3093.7,-282.91,0.01833,1098.1,4047.1,5.7188e+05,606989,1,-63.836,2902,640.97,-3302,335.74,-405.73,-2073.3,1949.2,134.78,5304.1,296869,103,1668,685,-0.3085,-0.4752,2.1247
2815.5,-3048.7,-255.97,0.030654,981.1,4040.4,5.7119e+05,606987,1,-35.433,3098.4,687.5,-3312.7,167.42,-463.54,-2073.6,1943.1,120.86,5420.4,298182,103,1668,685,-0.32154,-0.4752,2.1227
2813,-3003.5,-229.22,0.021665,867.37,4029.2,5.7032e+05,606985,1,116.43,3333.8,767.79,-3427.6,-61.325,-552.75,-2075.3,1929.2,107.39,5640.5,300119,103,1668,685,-0.33455,-0.4752,2.1207
2809.7,-2957.5,-202.42,0.0074854,756.06,4013.8,5.6999e+05,606983,1,128.62,3410.2,786.36,-3434,-142.35,-595.59,-2073.7,1923.6,91.261,5695.6,300588,103,1668,685,-0.34756,-0.4752,2.1186
2805.8,-2911.1,-175.63,-0.0058215,647.41,3994.9,5.7022e+05,606981,1,178.13,3492.6,817.24,-3487.4,-218.68,-645.74,-2077.7,1920.4,77.22,5790.9,301726,103,1668,685,-0.36055,-0.4752,2.1164
2801.6,-2864.3,-148.82,-0.013375,541.34,3972.7,5.7079e+05,606979,1,174.44,3503.5,814.62,-3491.2,-220.26,-666.21,-2078.3,1923.1,62.974,5802.7,301824,103,1668,685,-0.37353,-0.4752,2.1142
2797.1,-2817.2,-122.01,-0.013966,437.93,3947.6,5.7142e+05,606977,1,207.12,3550.5,840.77,-3518.7,-252.21,-701.08,-2078.5,1925.9,55.059,5858.7,302389,103,1668,685,-0.3865,-0.4752,2.1119
2792.4,-2769.8,-95.206,-0.012887,337.19,3919.8,5.7228e+05,606975,1,210.66,3553.6,837.92,-3521.4,-246.33,-720.02,-2077.3,1929.7,41.319,5864.7,302442,103,1668,685,-0.39945,-0.4752,2.1094
2787.4,-2722.3,-68.439,-0.007767,239.16,3889.5,5.7252e+05,606973,1,225.4,3568.9,849.07,-3529.1,-254.28,-748.13,-2075.1,1932.9,29.782,5884.8,302644,103,1542,665,-0.41238,-0.4752,2.107
2782.2,-2674.7,-41.705,-0.0048413,143.78,3856.9,5.7298e+05,606971,1,236.23,3576,855.27,-3537.3,-253.87,-772.28,-2073.4,1936.2,18.171,5898.9,302781,103,1542,665,-0.4253,-0.4752,2.1044
2776.8,-2627,-14.99,-0.00083593,50.988,3822.2,5.7087e+05,606969,1,237.04,3581.3,858.72,-3549.1,-247.62,-792.23,-2074.8,1940.1,8.1682,5913.8,302937,103,1529,663,-0.43821,-0.4752,2.1017
2771.4,-2578.9,11.778,0.0067221,-39.505,3785.5,5.6983e+05,606967,1,230.67,3599.2,864.37,-3581.1,-218.29,-819.17,-2083,1953.3,-5.4781,5954.2,303369,103,1529,663,-0.4511,-0.4752,2.099
2766,-2530.3,38.644,0.031103,-127.85,3746.8,5.6957e+05,606965,1,219.81,3628.8,871.65,-3632.1,-160.83,-844.49,-2098,1976.4,-18.56,6018,304069,103,1542,665,-0.46397,-0.4752,2.0962
2760.7,-2480.9,65.752,0.096618,-214.47,3706,5.6955e+05,606963,1,210.31,3646.2,875.54,-3689.5,-121.84,-868.26,-2115.7,1991.4,-29.931,6077,304645,103,1542,665,-0.47682,-0.4752,2.0933
2755.5,-2430.5,93.17,0.21239,-299.6,3663.1,5.7015e+05,606961,1,207.84,3661.8,881.09,-3753.6,-59.873,-893.07,-2132,2010.4,-42.447,6140.7,305354,103,1542,665,-0.48966,-0.4752,2.0904
2750.1,-2379.3,120.69,0.32757,-382.75,3618.3,5.7132e+05,606959,1,205.61,3685.4,888.88,-3915.4,82.665,-928.45,-2179.1,2053.5,-59.461,6291.5,306864,103,1542,665,-0.50247,-0.4752,2.0873
2744.6,-2325.7,148.97,0.63495,-465.43,3570.3,5.731e+05,606957,1,210.31,3699.6,895.42,-4170.2,218.03,-982.21,-2259.7,2095,-81.307,6514.4,309093,103,1547,666,-0.51527,-0.4752,2.0842
2739,-2266.4,179,1.4367,-549.86,3516.9,5.7556e+05,606955,1,343.94,3654,922.08,-5280,1057.9,-1101.9,-2597.9,2349.2,-123.89,7537.6,314789,103,1547,666,-0.52805,-0.4752,2.081
2730.7,-2188.8,214.68,4.2737,-643.39,3446.7,5.7839e+05,606953,1,1288.6,3483.1,1135.2,-8231.7,2459.4,-1590.7,-3450.3,2761.3,-269.53,10537,326173,103,1547,666,-0.54081,-0.4752,2.0777
2698.6,-2046,268.76,16.343,-763.61,3310.2,5.816e+05,606951,1,10691,-1916,2446.3,-21219,10549,-3286.3,-6328.1,4466,-673.83,27508,342374,103,1567,669,-0.55355,-0.4752,2.0743
2483.9,-1663.7,375.98,73.988,-911.09,2871.1,5.8475e+05,606949,1,50857,-13593,10921,-55809,24153,-9826.2,-11146,6904.8,-1475.8,82820,355412,103,1567,669,-0.56627,-0.4752,2.0709
1330.2,-559.37,562.28,299.29,-824.63,1276.3,5.867e+05,606947,1,1.0202e+05,-40832,19236,-99512,44188,-17772,-6795.3,3061.3,-1176.9,1.5708e+05,362593,103,1567,669,-0.57896,-0.4752,2.0674
2619.7,-3050.6,-368.56,-7.1557,1522.5,3739.9,5.7405e+05,605479,1,-12093,-15372,-4668.9,17032,14468,5030.7,1178,1900.1,539.07,30567,343787,103,1555,667,-0.24351,-0.46201,2.136
2727.5,-3164.1,-361.31,-4.2069,1486.3,3920.7,5.7382e+05,605477,1,-7321.6,-7780.5,-2544.9,5856.7,11188,3091.5,-1053.1,2663.7,445.79,17264,335906,103,1555,667,-0.25661,-0.46201,2.1344
2795.3,-3157.9,-331.71,-1.089,1359.1,4006.1,5.7847e+05,605475,1,-3750.9,-2493.1,-1005.5,39.781,6007.1,1298.2,-1885.5,2377.3,276.07,8267.5,318574,103,1555,667,-0.2697,-0.46201,2.1328
2825.4,-3150.7,-308.55,-0.3898,1251,4054.6,5.748e+05,605473,1,-1776.3,292.64,-169.89,-1621,2642.2,350.67,-1940.8,2051,184.62,4731.6,291488,103,1555,667,-0.28279,-0.46201,2.1311
2842.9,-3121.7,-282.72,-0.36899,1131.7,4077.6,5.7495e+05,605471,1,-1059.2,1205.7,117.69,-2546.6,1909.1,56.644,-2047.5,2023.8,154.23,4731.6,291487,103,1555,667,-0.29586,-0.46201,2.1294
2852.6,-3084.4,-255.61,0.0007957,1011.3,4085.8,5.7411e+05,605469,1,-668.98,2007.6,341.27,-2801.4,1268.5,-133.51,-2060,2013.8,138.11,4731.6,291486,103,1555,667,-0.30892,-0.46201,2.1275
2856.6,-3044.4,-228.96,0.076127,894.3,4084.3,5.7252e+05,605467,1,-258.4,2610.7,529.91,-3088.3,628.83,-332.39,-2056.1,1966.5,115.99,5031.4,294452,103,1668,685,-0.32197,-0.46201,2.1256
2857.3,-3002.5,-202.43,0.062226,780.22,4075.7,5.7212e+05,605465,1,-112.02,2914.4,617.53,-3169.4,307.88,-433.96,-2048.9,1940.1,98.844,5214.1,296075,103,1668,685,-0.335,-0.46201,2.1235
2855.8,-2958.7,-175.86,0.00955,668.56,4061.2,5.7188e+05,605463,1,45.736,3154.7,695.24,-3335.3,42.809,-538.44,-2061.3,1918.1,79.557,5457.8,298565,103,1668,685,-0.34803,-0.46201,2.1215
2853.1,-2913.4,-149.11,-0.025047,559.1,4042,5.7232e+05,605461,1,80.045,3291.2,731.63,-3405.9,-58.37,-593.39,-2073.6,1919.6,65.225,5596.3,299743,103,1668,685,-0.36104,-0.46201,2.1193
2849.7,-2867.1,-122.26,-0.036291,452.11,4018.9,5.7234e+05,605459,1,146.03,3404.8,769.16,-3470.5,-137.38,-643.42,-2077.3,1923,52.656,5718.3,300780,103,1668,685,-0.37403,-0.46201,2.117
2845.8,-2820.3,-95.386,-0.030927,347.9,3992.5,5.7237e+05,605457,1,164.66,3469,788.25,-3488.4,-174.52,-676.77,-2078.2,1928.6,40.992,5777.5,301625,103,1668,685,-0.38702,-0.46201,2.1147
2841.4,-2773.1,-68.533,-0.022327,246.52,3963.3,5.7241e+05,605455,1,206.62,3528.5,813.58,-3515.3,-214.61,-715.15,-2075.5,1933.1,29.771,5840.8,302204,103,1542,665,-0.39998,-0.46201,2.1123
2836.6,-2725.7,-41.727,-0.013371,148.03,3931.4,5.7257e+05,605453,1,208.98,3540.1,812.35,-3516.3,-213.15,-734.76,-2074,1937.7,16.274,5851.6,302318,103,1529,663,-0.41294,-0.46201,2.1098
2831.5,-2678.1,-14.941,-0.0078633,52.259,3897.1,5.7284e+05,605451,1,231.84,3569.7,833.45,-3539.2,-232.24,-766.52,-2073.5,1940.9,8.618,5892.8,302721,103,1529,663,-0.42587,-0.46201,2.1072
2826.3,-2630.2,11.872,-0.0028227,-40.981,3860.7,5.7223e+05,605449,1,218.5,3593.8,832.98,-3574.4,-203.52,-791.61,-2083,1954.9,-7.0085,5938.2,303159,103,1529,663,-0.4388,-0.46201,2.1046
2821.1,-2581.8,38.791,0.014583,-131.97,3822.1,5.7117e+05,605447,1,212.82,3619.1,841.17,-3617.3,-178.73,-816.91,-2094.6,1967.7,-17.687,5991.2,303803,103,1529,663,-0.4517,-0.46201,2.1018
2816.2,-2532.4,65.997,0.069102,-221.26,3781.4,5.7093e+05,605445,1,197.64,3638.9,844.24,-3667.4,-142.78,-839.42,-2109.8,1982,-28.637,6045.6,304342,103,1529,663,-0.46459,-0.46201,2.099
2811.3,-2482.2,93.421,0.14904,-308.72,3738.7,5.7123e+05,605443,1,195.67,3668.2,853.06,-3734.2,-78.365,-868,-2126.1,2004.5,-42.498,6120.9,305156,103,1529,663,-0.47746,-0.46201,2.0961
2806.2,-2431.3,120.92,0.22019,-393.99,3693.9,5.7196e+05,605441,1,195.34,3684.1,858.86,-3821.7,-31.307,-902.43,-2148.6,2019.4,-57.661,6202.2,305966,103,1542,665,-0.49031,-0.46201,2.0932
2801.1,-2378.6,148.96,0.40577,-478.26,3646.5,5.734e+05,605439,1,169.33,3724.8,862.03,-4123.4,175.02,-953.33,-2242,2087.5,-78.679,6479.1,308772,103,1542,665,-0.50315,-0.46201,2.0901
2796.1,-2321.5,178.27,0.88346,-563.33,3594.8,5.7521e+05,605437,1,201.81,3762.8,884.76,-4842,787.65,-1027.9,-2462.4,2278.7,-105.39,7167.4,312586,103,1542,665,-0.51596,-0.46201,2.087
2790.7,-2252,211.48,2.5105,-654.81,3532.1,5.7742e+05,605435,1,482.21,3766.7,958.34,-6629.6,1673.8,-1317.9,-2992.2,2550.4,-195.83,8906.4,321082,103,1547,666,-0.52876,-0.46201,2.0838
2777.6,-2143.5,256.06,8.5884,-765.87,3433.4,5.8e+05,605433,1,4130.4,1550.9,1433.1,-14361,6941.3,-2222.5,-4944.9,3877.3,-432.45,17904,336526,103,1547,666,-0.54153,-0.46201,2.0805
2700.7,-1905,333.09,34.12,-916.79,3192.6,5.8301e+05,605431,1,20922,-3466.7,4873.8,-33805,15856,-5563.8,-8651.1,5951.9,-997.83,44833,348470,103,1547,666,-0.55429,-0.46201,2.0771
2211.1,-1243.9,483.36,147.03,-1036.3,2361,5.8552e+05,605429,1,80538,-31133,15234,-79237,38980,-13090,-10166,6394.4,-1352,1.2571e+05,360207,103,1547,666,-0.56702,-0.46201,2.0737
2411.7,-2775.4,-319.18,-11.395,1326.4,3444.1,5.7775e+05,603959,1,-18396,-13306,-4877.3,12249,13368,4213,-882.27,2421.5,409.55,29876,343495,103,1555,667,-0.24383,-0.44881,2.1388
2628.2,-2979.2,-314.3,-4.5212,1317.7,3761,5.7622e+05,603957,1,-11333,-8507.7,-3143.4,8536.9,12542,3651.9,-1124.9,2768.7,444.59,21525,339100,103,1555,667,-0.25695,-0.44881,2.1372
2742.9,-3060.5,-298.86,-2.4614,1244.6,3928.2,5.7867e+05,603955,1,-6599.4,-5513.1,-1981.8,4080,8939,2382.9,-1378.8,2391.8,327.76,13705,332365,103,1555,667,-0.27006,-0.44881,2.1356
2807.7,-3094,-279.25,-1.0387,1152.9,4025.5,5.7755e+05,603953,1,-4445.6,-3354.3,-1283.8,1260.4,6912.2,1609,-1749.2,2343.9,261.71,9656.1,323591,103,1555,667,-0.28315,-0.44881,2.1339
2849.6,-3083.6,-253.66,-0.46978,1035.3,4076.9,5.7627e+05,603951,1,-2563.5,-483.19,-453.08,-1120.1,4036.6,688.6,-1975.6,2213.1,190.92,5819.8,301990,103,1517,662,-0.29624,-0.44881,2.1321
2874.9,-3058.7,-226.81,0.1571,915.59,4102.9,5.7529e+05,603949,1,-1449.8,847.14,-28.088,-2031.5,2408,210.32,-2009,2073.2,145.32,4598.4,290193,103,1517,662,-0.30932,-0.44881,2.1303
2887.6,-3031.3,-201.69,0.14203,803.11,4113.7,5.7432e+05,603947,1,-849.95,1586.3,208.49,-2342.8,1522.9,-36.081,-1973.2,1987.2,120.1,4353,287721,103,1668,685,-0.32238,-0.44881,2.1283
2894.3,-2995.8,-175.73,0.011213,689.69,4111.8,5.7434e+05,603945,1,-496.57,2219.7,389.86,-2764.1,776.21,-275.4,-2013.9,1913.3,83.687,4622.5,290396,103,1668,685,-0.33544,-0.44881,2.1263
2896.8,-2956.3,-149.48,-0.062298,578.23,4101.1,5.7435e+05,603943,1,-166.96,2721.2,549.66,-3153.8,371.69,-440.9,-2055,1909.6,66.303,5088,294908,103,1668,685,-0.34848,-0.44881,2.1242
2897,-2913,-122.67,-0.082883,467.76,4083.4,5.743e+05,603941,1,-59.276,2930.8,610.77,-3301.9,214.87,-517.87,-2072.5,1911.5,51.223,5304.2,296871,103,1668,685,-0.36151,-0.44881,2.122
2895.6,-2868.1,-95.74,-0.078322,359.86,4060.8,5.7393e+05,603939,1,-5.03,3146,665.89,-3374.4,92.051,-577.31,-2082,1924.8,39.673,5487.3,298793,103,1668,685,-0.37452,-0.44881,2.1198
2893,-2822,-68.763,-0.058683,254.78,4034,5.7357e+05,603937,1,102.01,3324.5,723.77,-3445.7,-19.675,-635.19,-2079.2,1934.7,29.535,5650.7,300209,103,1668,685,-0.38752,-0.44881,2.1174
2889.5,-2775.5,-41.851,-0.037861,152.85,4003.9,5.7331e+05,603935,1,138.85,3418.6,752.03,-3460.3,-93.632,-675.44,-2075.4,1938.6,18.355,5725,300839,103,1529,663,-0.4005,-0.44881,2.115
2885.3,-2728.5,-14.988,-0.023166,53.925,3970.8,5.7326e+05,603933,1,189.8,3495.8,780.02,-3503.7,-149.95,-717.83,-2074,1943.2,6.9102,5810,301898,103,1529,663,-0.41347,-0.44881,2.1125
2880.6,-2681,11.881,-0.010345,-42.235,3935,5.7319e+05,603931,1,193.48,3545.3,793.29,-3539.9,-159.74,-749.63,-2080.3,1953.3,-4.9678,5873.4,302525,103,1515,660,-0.42643,-0.44881,2.1099
2875.9,-2632.9,38.868,0.0045627,-136.06,3896.9,5.7275e+05,603929,1,193.09,3592.1,805.31,-3597.1,-152.08,-782.63,-2092.5,1966.9,-17.415,5950.8,303332,103,1515,660,-0.43937,-0.44881,2.1073
2871.3,-2583.8,66.088,0.03577,-227.95,3856.5,5.7273e+05,603927,1,183.39,3629.2,814.95,-3650.6,-119.37,-808.57,-2106.9,1983.9,-27.881,6019.9,304091,103,1515,660,-0.45229,-0.44881,2.1046
2866.7,-2533.8,93.527,0.090245,-317.86,3813.9,5.7278e+05,603925,1,174.13,3668.3,820.35,-3723.9,-64.76,-839.92,-2125.3,2006,-43.967,6105.7,304945,103,1529,663,-0.46519,-0.44881,2.1017
2862,-2483.1,121.09,0.15527,-405.56,3769.2,5.7321e+05,603923,1,182.16,3682.7,828.96,-3780.1,-44.022,-870.63,-2137.3,2014.1,-56.194,6161.1,305549,103,1529,663,-0.47808,-0.44881,2.0988
2857.2,-2431.3,148.91,0.26485,-491.41,3722.3,5.7411e+05,603921,1,150.48,3734.6,834.82,-3996.9,112.57,-912.9,-2203.3,2067.9,-73.538,6373.7,307761,103,1529,663,-0.49095,-0.44881,2.0959
2852.7,-2375.7,177.9,0.61422,-577.88,3671.5,5.7537e+05,603919,1,91.57,3834.2,841.61,-4763.3,633.04,-1017.2,-2443.1,2235.8,-112.52,7107.9,312234,103,1542,665,-0.5038,-0.44881,2.0928
2848.9,-2311.1,209.72,1.6703,-668.75,3613,5.7704e+05,603917,1,166.88,3866.1,873.82,-5459.5,1033,-1128.8,-2651.2,2363.8,-146.12,7779.7,315956,103,1542,665,-0.51663,-0.44881,2.0897
2843,-2220.3,249.38,5.2827,-774.18,3532,5.7917e+05,603915,1,915.6,3549.9,998.89,-9038,3509.6,-1540.6,-3671.8,3086.4,-266.95,11571,329167,103,1542,665,-0.52944,-0.44881,2.0865
2812,-2047.5,311.4,19.485,-915.12,3370.3,5.8176e+05,603913,1,8528.7,904.27,2430.3,-23355,10614,-3818.3,-7155.4,4982.6,-795.57,28789,342964,103,1542,665,-0.54224,-0.44881,2.0832
2603.3,-1608.7,432.97,80.8,-1098.4,2887.8,5.8427e+05,603911,1,47852,-22673,7994.7,-58525,35116,-8140.8,-11014,8128.7,-1192.5,88211,356115,103,1547,666,-0.55501,-0.44881,2.0798
1596.3,-527.72,620.3,281.29,-1077.6,1403.9,5.8611e+05,603909,1,1.0671e+05,-55619,17294,-99868,61265,-14154,-7131.4,8384.1,-109.54,1.6979e+05,363388,103,1547,666,-0.56776,-0.44881,2.0764
2451.9,-2768.9,-279.79,-10.646,1171.1,3519.2,5.7897e+05,602435,1,-16849,-10837,-4223.7,10078,12132,3673.7,-1327.5,2401.7,327.77,26249,341790,103,1555,667,-0.25727,-0.4356,2.1399
2643.4,-2911.6,-265.78,-6.7385,1111.8,3781.4,5.7985e+05,602433,1,-9829.3,-7477.4,-2767.4,6614.8,12092,3301.6,-1387.2,2712.8,378.29,19248,337610,103,1555,667,-0.2704,-0.4356,2.1383
2762.6,-2988.2,-244.62,-1.9344,1027,3945.4,5.795e+05,602431,1,-7254.1,-3530.3,-1673.9,3955.9,9233.8,2392.1,-1680,2819.3,348.86,13617,332238,103,1517,662,-0.28351,-0.4356,2.1366
2836,-3013.7,-221.25,-0.34609,921.78,4040.4,5.7771e+05,602429,1,-4137.2,-1605.4,-899.09,1432.6,5608.3,1338.6,-1677.7,2363.8,246.99,8016.4,317269,103,1517,662,-0.29662,-0.4356,2.1348
2876,-3018,-198.46,0.28244,817.61,4092.8,5.7657e+05,602427,1,-2110.3,-433.51,-391.74,-977.56,3459.8,565.89,-1877.7,2078,154.09,5090.1,294923,103,1517,662,-0.30971,-0.4356,2.133
2902,-3004.7,-174.42,0.18615,708.16,4120.6,5.7625e+05,602425,1,-1845.4,-70.131,-290.26,-1128.8,2462.6,326.94,-1846.5,1891.7,104.93,4235.5,286418,103,1517,662,-0.32279,-0.4356,2.131
2918.1,-2980.4,-149.54,-0.082948,597.5,4130.8,5.7617e+05,602423,1,-911.02,978.23,59.965,-2302.7,1583.1,-38.255,-1971,1871.1,74.433,4122.1,284770,103,1517,662,-0.33586,-0.4356,2.129
2928.1,-2947.1,-123.42,-0.19203,485.54,4127.8,5.7651e+05,602421,1,-818.95,1484.6,171.26,-2689.9,1213.1,-193.83,-2057.8,1867.5,44.924,4401.4,288235,103,1668,685,-0.34892,-0.4356,2.1269
2933.9,-2907.5,-96.421,-0.1524,373.78,4114.7,5.7595e+05,602419,1,-371.31,2379.5,426.62,-3122.9,702.26,-390.26,-2087.5,1913.5,36.597,4939.7,293597,103,1668,685,-0.36196,-0.4356,2.1247
2937,-2864.7,-69.155,-0.11385,264.14,4094.8,5.7521e+05,602417,1,-226.13,2690.9,513.62,-3244.9,536.28,-464.33,-2092,1933.7,27.251,5167.7,295625,103,1668,685,-0.37499,-0.4356,2.1224
2937.4,-2820.8,-42.057,-0.074842,158.26,4069.7,5.7461e+05,602415,1,-86.971,2971.4,597.22,-3305.7,326.96,-537.24,-2082.3,1941.5,19.649,5350,297440,103,1529,663,-0.38801,-0.4356,2.1201
2935.8,-2775.9,-15.108,-0.046077,55.946,4040.1,5.7436e+05,602413,1,-38.236,3175.5,643.12,-3314.6,194.11,-588.62,-2076.7,1952.1,6.1452,5476.5,298713,103,1529,663,-0.40101,-0.4356,2.1177
2932.9,-2729.9,11.838,-0.023828,-43.4,4006.6,5.7412e+05,602411,1,139.32,3405.7,732.62,-3473.3,-17.022,-683.74,-2076.4,1954.4,-1.8276,5728.6,300876,103,1529,663,-0.41399,-0.4356,2.1152
2929.3,-2682.8,38.853,-0.0020893,-140.07,3969.9,5.7401e+05,602409,1,109.71,3460.2,733.5,-3514.9,-0.42493,-708.72,-2091.1,1971,-16.278,5799.8,301792,103,1515,660,-0.42697,-0.4356,2.1126
2925.4,-2634.4,66.09,0.029259,-234.64,3930.3,5.7378e+05,602407,1,135.92,3573.4,766.14,-3615.5,-32.395,-760.89,-2107.7,1990.3,-28.628,5952.4,303349,103,1515,660,-0.43992,-0.4356,2.1099
2921.5,-2584.7,93.617,0.077669,-327.35,3888.1,5.7396e+05,602405,1,148.81,3639.6,784.77,-3693.7,-22.473,-802.6,-2121.9,2008.4,-43.044,6059,304457,103,1515,660,-0.45286,-0.4356,2.1072
2917.3,-2534.4,121.24,0.13688,-417.58,3843.7,5.7422e+05,602403,1,159.25,3654.4,791.82,-3740.8,-23.211,-832.95,-2130,2011.9,-55.009,6105.9,304947,103,1515,660,-0.46578,-0.4356,2.1044
2912.8,-2483.4,148.94,0.19498,-505.39,3797.2,5.7514e+05,602401,1,131.58,3705.2,797.92,-3911,89.725,-872.9,-2180.1,2053.1,-71.183,6278.6,306741,103,1515,660,-0.47868,-0.4356,2.1015
2908.9,-2429.4,177.53,0.39727,-593.07,3747.5,5.766e+05,602399,1,29.825,3829.6,799.15,-4539.7,576.4,-949.62,-2380.3,2219,-100.73,6910,311310,103,1529,663,-0.49157,-0.4356,2.0985
2905.9,-2368.6,208.23,1.0248,-683.79,3691.9,5.7787e+05,602397,1,38.766,3902.2,822.53,-5037.4,896.44,-1027,-2528.2,2328.7,-122.85,7414.1,313907,103,1529,663,-0.50444,-0.4356,2.0955
2903.5,-2287.4,245.24,3.4396,-786.75,3619.9,5.7922e+05,602395,1,271.99,3863.5,873.87,-7775.3,3048,-1289.5,-3355.3,2998.7,-204.41,10367,325582,103,1537,664,-0.51728,-0.4356,2.0923
2891,-2147.8,299.2,12.766,-920.03,3494.8,5.813e+05,602393,1,7892.5,-1920.9,1632.5,-23626,16400,-2638.5,-7395.6,6547,-528.9,31632,344228,103,1542,665,-0.53011,-0.4356,2.0891
2784.8,-1814.3,402.74,53.842,-1110.9,3157.8,5.8347e+05,602391,1,23656,-15327,3019.2,-42440,35127,-3791,-10894,10559,-646.56,63904,352389,103,1542,665,-0.54292,-0.4356,2.0858
2213.6,-978.12,592.25,195.22,-1268.6,2135.4,5.8541e+05,602389,1,84592,-43953,13549,-88359,61659,-10825,-8778.9,10061,-227.6,1.4552e+05,361779,103,1547,666,-0.55571,-0.4356,2.0824
2544.8,-2719.2,-221.4,-6.5749,942.35,3609.8,5.8162e+05,600909,1,-13367,-4069.2,-2494.7,8728.9,13403,3744.8,-1447.7,3648.5,535.1,22069,339451,103,1517,662,-0.27073,-0.42236,2.1409
2709.8,-2828.4,-199.39,-0.49773,859.47,3826.8,5.8046e+05,600907,1,-8936.5,-3808,-1932.7,7791.4,9791.2,2970.1,-1129.7,2850.7,413.05,16525,335248,103,1517,662,-0.28386,-0.42236,2.1392
2804.1,-2917.7,-186.14,0.77777,795.94,3972,5.7879e+05,600905,1,-5401.6,-3390.5,-1413.2,4236.8,7550.8,2084.2,-1270.9,2445.5,310.51,11387,328764,103,1517,662,-0.29698,-0.42236,2.1374
2856.6,-2964,-170.82,0.59445,719.27,4056.8,5.785e+05,600903,1,-3215.1,-2418,-938.95,1641.8,4582.8,1140.3,-1455.9,1937.7,173.27,6925.9,311378,103,1517,662,-0.31009,-0.42236,2.1356
2893.1,-2969.6,-149.69,-0.065704,618.65,4102.2,5.7864e+05,600901,1,-2681.1,-1848.1,-766.37,-208.11,3233.2,601.14,-1775.4,1723.4,70.147,5308.1,296911,103,1517,662,-0.32319,-0.42236,2.1336
2920.8,-2954.6,-124.98,-0.29653,507.86,4125.3,5.7845e+05,600899,1,-1692.1,-377.8,-340.43,-1837.6,2303.3,164.34,-1994.5,1777.2,37.296,4355.3,287745,103,1517,662,-0.33627,-0.42236,2.1316
2942.5,-2926.7,-98.056,-0.29369,392.23,4132.8,5.7842e+05,600897,1,-1431,267.47,-178.56,-2425.8,1998.4,-4.1226,-2101.9,1813.5,14.857,4442.6,288648,103,1517,662,-0.34934,-0.42236,2.1295
2958.9,-2891.2,-70.113,-0.15497,276.43,4128.3,5.774e+05,600895,1,-1223.7,900.99,-27.402,-2730.2,1816.8,-105.57,-2147.1,1881.3,7.8452,4607.1,290257,103,1529,663,-0.3624,-0.42236,2.1273
2969.7,-2853.3,-42.504,-0.067831,165.13,4115.2,5.7649e+05,600893,1,-536.05,2001.6,307.22,-3041.9,1190.7,-301.2,-2102.2,1943.6,16.98,4831.9,292556,103,1529,663,-0.37545,-0.42236,2.125
2976,-2813.5,-15.213,-0.042794,58.134,4095,5.7591e+05,600891,1,-543.39,2392.2,377.36,-2962.7,990.85,-348.74,-2090.1,1969.7,7.5762,4928.4,293451,103,1529,663,-0.38848,-0.42236,2.1227
2978.6,-2772,11.802,-0.025525,-44.625,4068.7,5.7569e+05,600889,1,-195.79,2871.4,536,-3188.8,620.95,-481.53,-2079,1980.1,0.69865,5253.5,296414,103,1529,663,-0.4015,-0.42236,2.1203
2978.5,-2728.1,38.878,0.015526,-144.4,4036.7,5.7519e+05,600887,1,-71.449,3129.8,612.62,-3321.2,392.04,-571.44,-2085.1,1984.9,-10.468,5474.9,298701,103,1515,660,-0.4145,-0.42236,2.1178
2976.9,-2681.9,66.171,0.055353,-241.93,4000.1,5.7494e+05,600885,1,-26.136,3375.4,667.77,-3467.1,264.94,-650.4,-2109,2011.3,-26.542,5731.3,300902,103,1515,660,-0.42749,-0.42236,2.1152
2974.5,-2633.9,93.675,0.10495,-337.18,3959.8,5.7489e+05,600883,1,67.935,3522.9,718.75,-3613.2,165.69,-720.81,-2120.6,2023.8,-37.595,5926.9,303043,103,1515,660,-0.44046,-0.42236,2.1125
2971.3,-2584.4,121.35,0.16167,-430.07,3916.3,5.7509e+05,600881,1,110.28,3555.1,735.37,-3645.4,106.43,-758.55,-2117.1,2018.3,-48.773,5968.7,303554,103,1515,660,-0.45341,-0.42236,2.1098
2967.3,-2534.4,148.91,0.18536,-519.81,3870.4,5.7592e+05,600879,1,115.32,3619.9,751.22,-3815.6,120.17,-821.14,-2157.4,2039.1,-68.927,6143.7,305386,103,1515,660,-0.46635,-0.42236,2.107
2963.6,-2482,177.14,0.30831,-608.72,3821.6,5.7746e+05,600877,1,61.489,3698.2,756.2,-4120.4,296.05,-880.59,-2249,2105.5,-90.075,6449.2,308509,103,1515,660,-0.47927,-0.42236,2.1041
2961.3,-2422.9,207.52,0.85864,-700.79,3767.1,5.7853e+05,600875,1,-71.658,3813.3,749.33,-5003.7,895.73,-989.93,-2538.5,2309.5,-128.78,7329.5,313492,103,1515,660,-0.49217,-0.42236,2.1011
2961.2,-2345.8,243.72,2.9951,-804.45,3699.1,5.7958e+05,600873,1,569.82,3345.4,814.58,-9838.4,5817.7,-1218.7,-4031.7,3873.4,-197.33,13252,331683,103,1529,663,-0.50505,-0.42236,2.098
2956.8,-2215.4,296.37,11.463,-939.19,3585.6,5.8125e+05,600871,1,6618.9,-2714.5,1126.7,-23684,22345,-1446.4,-7708.4,8530.3,-213.34,35313,345641,103,1537,664,-0.51792,-0.42236,2.0949
2890.2,-1913.2,397.3,47.77,-1140.6,3296.7,5.833e+05,600869,1,18009,-11583,2309.4,-40725,39569,-2471.7,-11554,12983,-340.74,63217,352261,103,1537,664,-0.53076,-0.42236,2.0917
2479.5,-1154,595.15,173.94,-1373.4,2432.5,5.8502e+05,600867,1,57369,-42425,6466.1,-74025,69299,-5358.5,-11528,13732,-219.94,1.2556e+05,360195,103,1542,665,-0.54358,-0.42236,2.0884
2530.9,-2520.9,-160.71,0.40424,721.83,3502.2,5.8168e+05,599385,1,-10405,-1388.8,-1571.6,16877,14464,4870.7,1099.4,4538.8,998.19,25558,341441,103,1517,662,-0.27105,-0.40912,2.1434
2661,-2693.5,-159.8,1.5822,712.2,3722.1,5.8094e+05,599383,1,-8795.1,-4280.9,-1969.5,10783,8711.8,3102.6,-419.58,2507.9,429.52,17550,336193,103,1517,662,-0.28419,-0.40912,2.1417
2745.9,-2834,-159.8,0.47497,696.77,3887.3,5.811e+05,599381,1,-5494,-5084.8,-1727.7,7150,6090.4,2152.1,-630.86,1765.8,251.21,12468,330605,103,1517,662,-0.29733,-0.40912,2.1399
2809.2,-2905,-148.3,-0.33975,633.56,3993.9,5.8198e+05,599379,1,-4376.5,-4032.2,-1401.7,2917.8,5087.8,1388.1,-1372.8,1703.7,124.37,8860.4,320848,103,1517,662,-0.31045,-0.40912,2.1381
2859.6,-2920.9,-126.45,-0.16777,532.36,4054.8,5.811e+05,599377,1,-3327.2,-3016.8,-1078.8,248.89,3933.3,787.11,-1799.8,1670.5,46.972,6596.9,309638,103,1517,662,-0.32357,-0.40912,2.1361
2900.7,-2914.6,-101.31,-0.16592,419.78,4091.8,5.8036e+05,599375,1,-2862.2,-2469.7,-920.6,-1096,3483.7,490.67,-2014.2,1656.4,-0.42085,5959.7,303447,103,1517,662,-0.33667,-0.40912,2.1341
2935.5,-2892.2,-73.555,-0.13362,299.97,4110.6,5.8006e+05,599373,1,-2176.2,-1071.1,-561.83,-2236.6,3042.8,214.67,-2183.1,1791.8,-14.669,5336.9,297270,103,1517,662,-0.34976,-0.40912,2.132
2964.5,-2860.5,-44.321,0.11422,178.67,4115.9,5.7885e+05,599371,1,-1930.5,-387.86,-400.11,-2501.3,2929.4,134.18,-2216.6,1883.7,-15.745,5230.2,296204,103,1517,662,-0.36283,-0.40912,2.1298
2987.7,-2827.4,-15.55,0.2651,62.56,4113,5.7781e+05,599369,1,-1511.2,485.39,-170.45,-2539.9,2547.2,38.808,-2163.4,1956.7,-5.8774,4898.8,293191,103,1517,662,-0.37589,-0.40912,2.1276
3004,-2794.6,12.022,0.22139,-45.995,4102.7,5.7715e+05,599367,1,-1050.7,1355,71.428,-2614.1,2106.1,-75.682,-2105,2013.3,2.2688,4898.8,293192,103,1501,658,-0.38894,-0.40912,2.1252
3014.8,-2758.9,39.338,0.15244,-150.25,4084,5.7702e+05,599365,1,-702.23,2053.3,266.98,-2845.8,1625.3,-226.64,-2097.1,2038.5,-2.4708,4911.8,293308,103,1500,657,-0.40197,-0.40912,2.1228
3020.3,-2720,66.467,0.15524,-250.24,4057.4,5.7668e+05,599363,1,-524.62,2749.7,428.24,-2965.4,1213.3,-350.76,-2098.3,2083.4,-10.776,5210.7,296052,103,1515,660,-0.41499,-0.40912,2.1203
3022.3,-2676.4,94.016,0.22851,-348.35,4023.1,5.762e+05,599361,1,-192.18,3182.2,576.61,-3359.7,734.47,-538.55,-2120.9,2068.5,-29.173,5602.8,299808,103,1515,660,-0.42799,-0.40912,2.1177
3022.2,-2629.8,121.74,0.29833,-443.96,3983.4,5.7608e+05,599359,1,-33.14,3322.9,636.53,-3415.4,443.15,-627.13,-2097.6,2037,-43.321,5679.3,300443,103,1515,660,-0.44098,-0.40912,2.115
3019.7,-2582.7,149.02,0.28148,-535.25,3940.1,5.7653e+05,599357,1,92.105,3445.1,689.92,-3604.2,189.22,-740.66,-2109.3,2011,-63.805,5867.3,302465,103,1515,660,-0.45395,-0.40912,2.1123
3016.4,-2532.9,176.72,0.30938,-624.92,3892.9,5.7813e+05,599355,1,19.823,3487.4,678.54,-3992.9,380.86,-809,-2228.6,2077,-90.744,6217.3,306115,103,1515,660,-0.4669,-0.40912,2.1094
3014.5,-2475.2,206.83,0.8623,-718.37,3839.4,5.7902e+05,599353,1,-114.21,3740.7,700.31,-5992.9,2311.1,-925.4,-2874,2741.6,-125.14,8508.9,319498,103,1515,660,-0.47983,-0.40912,2.1065
3015.4,-2396.6,243.81,3.4374,-825.81,3770.1,5.7974e+05,599351,1,857.49,2938,778.68,-12125,10078,-927.06,-4765.8,5204.2,-119.74,17585,336229,103,1515,660,-0.49275,-0.40912,2.1036
3013,-2254,301.39,14.402,-972.39,3647.4,5.8131e+05,599349,1,8226,-4683.7,1118.7,-30769,31268,-1469.5,-9818.9,11083,-249.5,47294,349099,103,1515,660,-0.50565,-0.40912,2.1005
2950.8,-1909.9,418.57,58.741,-1207,3327.2,5.8341e+05,599347,1,13416,-10478,1340.8,-38786,42684,-1377.2,-11789,13974,-214.45,62881,352198,103,1529,663,-0.51853,-0.40912,2.0974
2572.9,-1060.4,656.04,200.3,-1525.6,2409.8,5.851e+05,599345,1,50354,-44301,4225.1,-74857,82956,-2883.5,-12861,16779,23.752,1.3212e+05,360747,103,1529,663,-0.53139,-0.40912,2.0941
2393.1,-1893,-19.391,40.848,275.83,3038.6,5.7748e+05,597863,1,-16224,-9211.4,-3615.6,81343,69135,22360,19441,17283,5476.4,1.1386e+05,359047,103,1517,662,-0.25818,-0.39585,2.1475
2502,-2394.9,-119.64,5.6275,573.32,3417.8,5.8108e+05,597861,1,-6443.8,-7026.8,-2090.7,26844,28462,8552.4,4462,7994.8,2014.3,42272,347832,103,1517,662,-0.27136,-0.39585,2.1459
2569.8,-2628.4,-143.6,0.62605,650.49,3620.7,5.8351e+05,597859,1,-6742.4,-7398.1,-2254.5,17593,12173,4535.5,1871.4,3180.1,823.61,24451,340839,103,1517,662,-0.28452,-0.39585,2.1442
2653.4,-2754.4,-140.4,-0.12939,622.78,3776.2,5.852e+05,597857,1,-6183.3,-6228,-2016.8,6393.9,7463.4,2263.9,-876.16,1857.6,219.67,13677,332322,103,1517,662,-0.29767,-0.39585,2.1424
2750.5,-2813.3,-121.57,-0.66339,528.33,3900.7,5.8483e+05,597855,1,-6105.1,-5158.5,-1828.8,4377.7,8003.8,2105.1,-1349.3,2171.2,203.43,12707,330943,103,1517,662,-0.31081,-0.39585,2.1405
2810.2,-2861.5,-103.81,0.17951,447.04,3987.1,5.839e+05,597853,1,-3803.5,-3823.4,-1285.9,1342.5,5093.5,1144.2,-1660.9,1740.3,69.949,8098.5,317643,103,1517,662,-0.32394,-0.39585,2.1386
2858,-2867,-80.284,0.024584,339.66,4034.7,5.8295e+05,597851,1,-3486.6,-3271.4,-1155.7,-895.26,4134.1,618.87,-2062.8,1629.3,-24.695,7027,311857,103,1517,662,-0.33705,-0.39585,2.1365
2906.4,-2840.6,-49.627,0.38113,208.02,4059,5.8178e+05,597849,1,-3349.9,-2618,-1031.4,-2177.3,4469.8,468.32,-2354.5,1806.9,-51.348,7272.6,313104,103,1517,662,-0.35016,-0.39585,2.1344
2948.3,-2810.7,-18.379,1.1344,79.724,4072.7,5.8006e+05,597847,1,-2498.1,-1533.6,-709.74,-2364.7,4014.9,344.99,-2290.2,1902.1,-34.986,6308,307038,103,1517,662,-0.36325,-0.39585,2.1323
2983.1,-2782.6,11.46,1.4968,-40.302,4079.2,5.7874e+05,597845,1,-2425.6,-1397.2,-682.45,-2000.7,3906.5,369.27,-2201.3,1892.5,-36.842,6010.8,304009,103,1517,662,-0.37632,-0.39585,2.13
3013.2,-2755.7,40.08,1.2745,-153.84,4080.6,5.781e+05,597843,1,-1997.4,-313.04,-420.24,-2377.5,3569,226.18,-2217,2011.7,-31.369,5627.5,300016,103,1501,658,-0.38938,-0.39585,2.1276
3037.8,-2726.9,68.335,0.99671,-262.44,4074.3,5.7799e+05,597841,1,-1369.2,1102.6,-49.469,-2453,3150.1,118.28,-2135.7,2183.2,2.1852,5326.8,297156,103,1501,658,-0.40243,-0.39585,2.1252
3055.4,-2695.9,96.104,0.79428,-365.31,4059.5,5.7796e+05,597839,1,-1380.6,1462.7,6.9853,-2379.1,3267.9,138.51,-2133.1,2276.7,6.7543,5489.8,298818,103,1500,657,-0.41546,-0.39585,2.1227
3064.3,-2661.8,122.98,0.63283,-461.27,4034.5,5.7798e+05,597837,1,-622.28,2555.8,353.66,-2603.6,1925.9,-169.86,-2041.6,2199.4,-2.2365,5210.7,296053,103,1516,661,-0.42848,-0.39585,2.1201
3066.4,-2622.5,149.59,0.498,-552.93,3999.7,5.7822e+05,597835,1,-191.98,3060.4,530.7,-3091.8,1049.8,-452.74,-2067.9,2123.5,-37.121,5416.4,298142,103,1516,661,-0.44148,-0.39585,2.1174
3065,-2578.6,176.5,0.47659,-642.29,3957.6,5.7886e+05,597833,1,-4.656,3291,618.74,-3653,715.65,-652.43,-2153.9,2110.1,-66.131,5881.5,302591,103,1515,660,-0.45447,-0.39585,2.1147
3064.3,-2523.4,206.46,1.1506,-737.2,3906,5.7951e+05,597831,1,-170.91,3474.5,612.32,-7112.2,3901.6,-860.85,-3265,3172.3,-134.97,9988.3,324480,103,1515,660,-0.46743,-0.39585,2.1119
3067.3,-2439.1,245.78,4.723,-852.21,3833,5.8025e+05,597829,1,-268.43,3464.1,590.59,-9805,8738.2,-623.57,-4135.6,4759.2,-58.339,15002,333863,103,1515,660,-0.48038,-0.39585,2.109
3067.8,-2266,313.84,20.247,-1023.6,3687.3,5.8187e+05,597827,1,8275.4,-4563,1125.1,-36350,36908,-1714.8,-11562,12767,-346.89,55442,350819,103,1515,660,-0.49331,-0.39585,2.106
2990.3,-1829.6,459.78,80.659,-1309.3,3283.2,5.8384e+05,597825,1,15178,-14501,1004,-47741,61616,-51.065,-14354,19245,130.8,84224,355606,103,1515,660,-0.50623,-0.39585,2.1029
2571.6,-796.9,747.04,249.71,-1713.1,2193,5.8529e+05,597823,1,47350,-46498,3028.2,-78142,1.0008e+05,-538.71,-13107,19883,521.36,1.4527e+05,361764,103,1515,660,-0.51912,-0.39585,2.0998
2338.2,-1740.6,58.493,71.108,51.444,2914.2,5.814e+05,596337,1,-11246,-36082,-7779.2,71905,93934,25694,14693,22309,5806.4,1.2996e+05,360564,103,1517,662,-0.27166,-0.38257,2.1483
2443.6,-2521.1,-120.17,4.8009,575.62,3465.6,5.8734e+05,596335,1,-15019,-36266,-8337,21606,1.2458e+05,24637,1089.3,34136,6116.3,1.3932e+05,361325,103,1517,662,-0.28483,-0.38257,2.1465
2561.6,-2623.9,-109.46,2.5943,507.82,3633.3,5.886e+05,596333,1,-11533,-14451,-4147.9,28874,77857,17703,5452.1,23042,4810.1,90286,356383,103,1517,662,-0.298,-0.38257,2.1448
2672.9,-2682.3,-87.056,3.6088,403.87,3766.1,5.8597e+05,596331,1,-6799.1,-8935.2,-2568.2,5245.2,20973,4474.2,-1298.1,5907.3,856.98,25640,341484,103,1517,662,-0.31115,-0.38257,2.1429
2750.2,-2778.9,-78.598,1.3557,350.39,3894.8,5.8699e+05,596329,1,-5860.6,-7179.4,-2157.6,6508.4,15648,3740.1,-506.99,4380.1,695.83,20290,338339,103,1517,662,-0.32429,-0.38257,2.1409
2811,-2801.2,-56.618,0.94757,248.03,3961.1,5.8606e+05,596327,1,-4369.1,-3953.3,-1399.2,-559.37,8704.1,1455.6,-2102.6,2668.8,141.9,11244,328462,103,1517,662,-0.33743,-0.38257,2.1389
2869.7,-2768,-22.611,2.1308,104.59,3985.8,5.8348e+05,596325,1,-3902.3,-2953.3,-1166.9,-2378,8200.8,1070,-2494,2666.7,66.468,10616,326454,103,1517,662,-0.35054,-0.38257,2.1368
2918.3,-2743.5,8.4931,2.9442,-23.475,4005.3,5.8152e+05,596323,1,-3052.4,-2609.7,-985.25,-1089.4,6156.1,913.26,-2065.3,2190.1,39.958,8129,317810,103,1517,662,-0.36365,-0.38257,2.1346
2954.8,-2727.1,35.895,3.0289,-134.97,4018.9,5.8019e+05,596321,1,-2583.6,-2387.6,-885.85,-2056,4645.6,465.06,-2232.5,1840,-66.935,6896.3,311259,103,1502,659,-0.37674,-0.38257,2.1323
2993.2,-2697,66.644,3.1554,-256,4021.4,5.7921e+05,596319,1,-2898.1,-2265,-935.01,-2530.4,4842.4,404.43,-2411.3,1904.1,-99.417,7339.5,313547,103,1501,658,-0.38981,-0.38257,2.13
3035.1,-2662.9,99.4,3.4016,-380.38,4020.9,5.7882e+05,596317,1,-2640.3,-1533.3,-771.15,-2696.1,5558.3,485.87,-2442.1,2220.5,-63.079,7695.2,315529,103,1500,657,-0.40288,-0.38257,2.1276
3071.8,-2640,128.99,2.9416,-490.84,4022.6,5.7912e+05,596315,1,-2288.3,113.17,-424.41,-1852.6,6110,727.76,-2212.6,2715.1,52.517,7680.7,315454,103,1516,661,-0.41592,-0.38257,2.125
3095.4,-2624.5,154.66,2.0656,-584.05,4019,5.7974e+05,596313,1,-1276,1260.7,-25.784,-1590.7,5834.1,719.35,-1956,2909.9,127.41,7253.4,313007,103,1516,661,-0.42895,-0.38257,2.1224
3105.2,-2602.4,179.26,1.4563,-669.06,3999.8,5.8013e+05,596311,1,-989.42,2259.1,202.35,-2485.4,4762.4,327.41,-2166.5,2911.8,70.164,6947.3,311472,103,1516,661,-0.44197,-0.38257,2.1198
3109,-2561.6,207.07,1.7644,-759.71,3961.5,5.8084e+05,596309,1,-288.4,3258,528.03,-7887.7,7602.6,-354.79,-3622.2,4239.8,-22.537,12736,330989,103,1516,661,-0.45497,-0.38257,2.117
3113.7,-2474,248.44,6.6775,-880.47,3886.1,5.814e+05,596307,1,-147.81,3368.6,578.65,-12585,16247,95.885,-5054.8,7132.2,153.03,22594,339747,103,1515,660,-0.46795,-0.38257,2.1142
3109.5,-2235.7,337.34,32.796,-1094.4,3685.4,5.8258e+05,596305,1,3642,-405.14,765.06,-31709,36208,-705.6,-10725,13013,-96.921,51141,349976,103,1515,660,-0.48091,-0.38257,2.1113
2999.2,-1556.6,558.06,132.29,-1517.9,3067.3,5.8417e+05,596303,1,26140,-16617,3162.8,-81799,80903,-4609.6,-22637,23264,-1109.7,1.2362e+05,360005,103,1515,660,-0.49386,-0.38257,2.1083
2490,-207.62,925.99,348.78,-2050.3,1666,5.8554e+05,596301,1,47244,-44482,3341.5,-85317,1.0527e+05,-1398.4,-13644,17951,26.243,1.5196e+05,362231,103,1515,660,-0.50679,-0.38257,2.1052
2505.7,-2238.7,40.261,60.297,84.491,3358.8,5.8345e+05,594805,1,-11797,-47485,-9791.4,39707,1.528e+05,31691,9151.4,42107,8471.9,1.742e+05,363630,103,1517,662,-0.31148,-0.36928,2.1452
2624.4,-2497.7,-2.345,29.708,139.98,3620.2,5.8677e+05,594803,1,-7571.4,-43568,-8543.3,9504.6,1.6124e+05,28754,423.23,44937,7675.8,1.7613e+05,363731,103,1517,662,-0.32464,-0.36928,2.1432
2738.9,-2603.3,-1.4508,15.036,70.706,3778,5.8755e+05,594801,1,-15271,-26674,-6927.3,29571,1.4601e+05,29491,5926.5,41924,8066.4,1.6097e+05,362847,103,1517,662,-0.33778,-0.36928,2.1412
2825.5,-2615.9,23.44,11.203,-54.134,3850.2,5.8438e+05,594799,1,-5490.1,-8108,-2290.2,10005,38547,8247.6,1036.1,11078,2068.8,43396,348121,103,1517,662,-0.35092,-0.36928,2.1391
2879.3,-2648.1,40.326,7.2252,-141.23,3909.5,5.8259e+05,594797,1,-3180.9,-6090,-1582,1067.6,17290,3134.2,-1528.2,4786.5,558.49,19626,337874,103,1517,662,-0.36403,-0.36928,2.1369
2916,-2657.9,61.018,5.4742,-232.06,3939.2,5.8221e+05,594795,1,-3079.7,-5119.6,-1418.8,929.76,13474,2463.1,-1468.9,3856.7,400.66,15601,334473,103,1502,659,-0.37714,-0.36928,2.1346
2951.2,-2623,92.258,6.2253,-352.89,3933.6,5.8051e+05,594793,1,-2722.9,-3845.3,-1165.5,-3088.9,7642.6,756.45,-2508.8,2354.2,-51.188,10194,325107,103,1501,658,-0.39023,-0.36928,2.1323
2991.1,-2574.3,128.07,7.7615,-484.75,3918.5,5.794e+05,594791,1,-2918.3,-4991.8,-1410.3,-3923,9643.7,916.99,-2811.1,2703.6,-65.686,12644,330849,103,1500,657,-0.40331,-0.36928,2.1298
3042.8,-2524.7,167.84,10.203,-624.17,3907.9,5.7953e+05,594789,1,-1866.7,-7573.5,-1659.8,-13553,24260,1485.7,-6095.6,7179.6,32.289,30442,343729,103,1516,661,-0.41637,-0.36928,2.1273
3098.9,-2502,202.71,10.876,-746.23,3917.5,5.8111e+05,594787,1,-1850.8,-8259.3,-1780.1,-20921,58900,5791.2,-8725.5,18898,1452.3,66712,352964,103,1516,661,-0.42941,-0.36928,2.1247
3134.1,-2531.6,219.23,6.0963,-814.02,3951.8,5.8475e+05,594785,1,-1757.2,-9866.7,-2043.1,-5788.3,1.1011e+05,17603,-3604.7,35996,5402.1,1.1794e+05,359438,103,1516,661,-0.44244,-0.36928,2.122
3155.7,-2446.8,267.25,14.841,-948.59,3888,5.8542e+05,594783,1,3018.5,-17667,-2362.4,-40448,1.7982e+05,22098,-13846,58304,7015.8,1.9602e+05,364684,103,1516,661,-0.45545,-0.36928,2.1193
3156.7,-2078.5,401.82,63.315,-1256.6,3586.5,5.8526e+05,594781,1,5407.4,-19096,-2053.4,-34425,1.6187e+05,20187,-9828.6,49886,6407.9,1.7555e+05,363706,103,1516,661,-0.46845,-0.36928,2.1164
3036,-1280.2,649.93,174.98,-1745.9,2863.6,5.8547e+05,594779,1,20913,-29079,-239.35,-78050,1.6962e+05,11557,-21218,47450,3384.5,1.9746e+05,364743,103,1515,660,-0.48143,-0.36928,2.1135
2600.7,-1257.4,414.9,192.11,-1001.7,2734.3,5.8445e+05,593271,1,-21913,-61436,-13661,73278,2.0119e+05,45188,12678,41800,9008.7,2.3307e+05,365946,103,1517,662,-0.35128,-0.35597,2.1413
2751.7,-2270.3,139.48,47.208,-403.83,3546.9,5.8394e+05,593269,1,-9345.2,-29289,-6418.6,31140,1.4857e+05,29686,6429.1,40652,7762.6,1.6329e+05,363000,103,1502,659,-0.36441,-0.35597,2.1391
2830.2,-2398.9,133.01,31.688,-433.17,3687,5.8384e+05,593267,1,-3997,-22327,-4370.7,3369.5,1.3257e+05,22310,-942.19,37606,5993.9,1.4167e+05,361496,103,1502,659,-0.37753,-0.35597,2.1368
2876.7,-2462.1,136.42,19.947,-487.03,3757.4,5.822e+05,593265,1,-6953.6,-12299,-3299.5,18331,87206,17651,3554.8,25140,4772,95553,357033,103,1501,658,-0.39063,-0.35597,2.1344
2901.5,-2413.5,169.8,22.624,-604.07,3729.2,5.7969e+05,593263,1,-2301.8,-3511.3,-1039.7,-7592.2,42722,5598.9,-3637.8,12151,1309.9,45776,348716,103,1501,658,-0.40372,-0.35597,2.132
2900.7,-2169.8,265.12,58.206,-837.45,3533.8,5.7895e+05,593261,1,2001.4,-2418.8,-32.205,-39701,38546,-1432.6,-14243,10421,-1078.3,58194,351349,103,1500,657,-0.41679,-0.35597,2.1295
2849.4,-1368.7,547.53,194.16,-1417.3,2871.5,5.8069e+05,593259,1,5197.9,-8195.1,-332.5,-83065,57396,-7282.7,-23782,8519.7,-3378.6,1.0484e+05,358079,103,1516,661,-0.42985,-0.35597,2.1269
2835.3,410.24,1164.1,487.09,-2684,1456.4,5.8413e+05,593257,1,6062.2,-22823,-2557.5,-94683,1.3931e+05,3883.6,-28522,24523,-1670.9,1.7427e+05,363633,103,1516,661,-0.44289,-0.35597,2.1242
2305.7,965.68,1088.9,512.47,-2545.1,833.37,5.8624e+05,591739,1,-19384,-51857,-11715,47653,2.1948e+05,43784,7693.8,43281,8403.7,2.3992e+05,366121,103,1502,659,-0.3779,-0.34265,2.1389
2639.4,-280.1,774.66,327,-1932.6,1950.2,5.8488e+05,591737,1,-20007,-42443,-10378,79877,1.9614e+05,45938,21170,40503,10387,2.2687e+05,365775,103,1501,658,-0.39102,-0.34265,2.1365
2880.1,-1349.1,483.98,150.64,-1401.8,2891.6,5.8368e+05,591735,1,-16412,-29977,-7832.2,15258,2.158e+05,37065,-401.61,53217,8368,2.2871e+05,365828,103,1501,658,-0.40412,-0.34265,2.1341
2976.6,-1471.1,452.66,103.28,-1435.9,3026,5.8324e+05,591733,1,1150.1,-5953.5,-683.19,-35464,1.5298e+05,17314,-9257.3,40886,4666.4,1.6364e+05,363030,103,1501,658,-0.41721,-0.34265,2.1316
2866.3,-613.39,622.39,137.32,-1956.6,2265.4,5.8279e+05,591731,1,12366,-7362.8,1370.6,-65560,1.9035e+05,16834,-6811.8,49944,6518.2,2.0883e+05,365218,103,1500,657,-0.43028,-0.34265,2.129
