"Cartesian Velocity:0","Cartesian Velocity:1","Cartesian Velocity:2","Spherical Velocity:0","Spherical Velocity:1","Spherical Velocity:2","Pressure","PointID","RegionId","GSV:0","GSV:1","GSV:2","GSV:3","GSV:4","GSV:5","GSV:6","GSV:7","GSV:8","magGSV","magGSV_Order","DescendingManifold","AscendingManifold","MorseSmaleManifold","Points:0","Points:1","Points:2"
-518,2208.2,2315.1,-7.0605,-3139.7,-803.96,5.4798e+05,8101,1,-2450.7,-1397.4,-1872.3,645.13,596.94,742.29,659.45,-1028.2,-1024.2,3915.2,280652,413,1805,348,-0.21372,-1.6106,1.4817
-542.55,2213.3,2323.1,-6.8217,-3150.3,-815.94,5.4643e+05,8103,1,-2637.3,-1514.2,-2011.2,594.31,589.44,723.38,833.88,-1008.1,-984.38,4129.5,284925,413,1805,348,-0.20383,-1.6119,1.4817
-551.55,2222.8,2297.4,-7.2292,-3133.5,-839.14,5.4756e+05,6891,1,-2702.3,-1341,-1826.8,625.52,616.78,752.46,611.73,-1055.7,-1045.2,4044.4,283516,413,1805,348,-0.21252,-1.6016,1.4916
-587.1,2235.2,2275.8,-8.287,-3122.9,-876.01,5.4311e+05,5695,1,-2993,-1529.2,-2039.3,492.42,473.89,572.02,681.12,-1238,-1218.3,4441.9,288644,413,1805,348,-0.21131,-1.5925,1.5015
-627.23,2244.1,2251.3,-8.524,-3107.6,-916.97,5.3906e+05,4513,1,-3090.8,-1753.4,-2269,379.39,342.47,412.32,583.42,-1421.2,-1407.3,4748.4,291648,413,1805,348,-0.21009,-1.5833,1.5113
-475.17,2192.7,2408.2,-6.3132,-3211.6,-720.48,5.4604e+05,11807,1,-2014.4,-1557.1,-2024,637.64,384.86,518.51,884.14,-1299.1,-1356.2,3963.7,281979,413,1805,348,-0.18709,-1.6411,1.4515
-454.7,2187.1,2398.6,-6.9778,-3199.3,-712.51,5.4453e+05,11805,1,-2154.1,-1499.9,-1982.5,645.65,382.42,519.14,799.94,-1322,-1384,3994.5,282570,413,1805,348,-0.19716,-1.6399,1.4515
-491.21,2195.7,2373,-7.5345,-3182.9,-749.79,5.4272e+05,10561,1,-2265.9,-1546.8,-2033.4,620.81,394.85,524.8,781.25,-1269.7,-1314.3,4013,282924,413,1805,348,-0.19609,-1.6311,1.4616
-469.74,2190.3,2365.2,-7.2753,-3172.3,-740.82,5.4438e+05,10559,1,-2286.8,-1472.2,-1959,628.21,422.78,559.04,679.43,-1251.3,-1298.8,3979.3,282274,413,1805,348,-0.2061,-1.6298,1.4616
-505.45,2200.6,2341.8,-7.7385,-3158.7,-777.53,5.4423e+05,9325,1,-2441.9,-1461.1,-1951.3,615.91,507.03,644.53,686.66,-1137.6,-1157.4,4007.8,282800,413,1805,348,-0.20497,-1.6209,1.4717
-466.3,2189,2326.9,-5.8886,-3137.1,-763.11,5.4204e+05,9321,1,-1680.9,-1316.9,-1703.8,781.59,518.13,689.18,735.58,-1121.6,-1121,3445.6,266313,413,1805,348,-0.22484,-1.6183,1.4717
-484.17,2195.1,2334.9,-6.8144,-3148.6,-768.72,5.4607e+05,9323,1,-2154.4,-1393.8,-1847.8,655.4,519.24,666.96,597.27,-1127,-1153.3,3754.9,276051,413,1805,348,-0.21491,-1.6196,1.4717
-497.35,2201.8,2307.1,-6.2363,-3128.1,-795.63,5.4361e+05,8099,1,-2044.3,-1303.3,-1719.3,751.37,603.22,767,671.58,-1014.8,-1000.4,3582.1,270585,413,1805,348,-0.2236,-1.6093,1.4817
-528.05,2216.7,2290.1,-6.3072,-3122.7,-828.09,5.4713e+05,6889,1,-2085.2,-1253.7,-1656.7,776.56,627.95,790.43,661.52,-1012.7,-986.51,3566.9,270046,413,1805,348,-0.22234,-1.6002,1.4916
-560.59,2230.7,2270.6,-7.3558,-3114.9,-862.25,5.4636e+05,5693,1,-2755.6,-1405.9,-1891.7,579.13,537.44,654.59,437.2,-1188.9,-1194.1,4151.1,285216,413,1805,348,-0.22108,-1.5911,1.5015
-597.43,2241.4,2246,-9.1276,-3100.8,-900.2,5.4101e+05,4511,1,-3177,-1700,-2239.6,369.29,389.43,462.15,241.56,-1398,-1428,4749,291652,413,1805,348,-0.21981,-1.582,1.5113
-438.63,2183.2,2432.7,-6.0063,-3226.5,-683.1,5.4802e+05,13059,1,-1893.7,-1510.5,-1973.8,684.6,418.65,568.1,913.28,-1246.9,-1309.3,3851.4,279096,413,1805,348,-0.1881,-1.6499,1.4414
-420.85,2176.7,2423.1,-5.8394,-3213.6,-677.66,5.4624e+05,13057,1,-1846.3,-1380.8,-1832.7,746.9,457.62,626.63,845.38,-1220.6,-1279.4,3698.1,274061,413,1805,348,-0.19822,-1.6487,1.4414
-436.23,2180.4,2389.8,-6.2894,-3186.9,-706.32,5.4481e+05,11803,1,-1912.7,-1360.3,-1808,744.77,424.67,586.13,768.1,-1270.5,-1324.3,3716.8,274746,413,1805,348,-0.20722,-1.6387,1.4515
-450.88,2183.9,2357,-6.4045,-3160.6,-734.23,5.4392e+05,10557,1,-1869.6,-1348.1,-1777.5,736.92,453.13,613.91,701.76,-1214.4,-1249.3,3622.9,271793,413,1805,348,-0.21609,-1.6285,1.4616
-436.15,2176.9,2348.3,-5.1326,-3147.8,-731.6,5.4474e+05,10555,1,-1432.8,-1265.7,-1629.6,836.19,486.72,671.46,822.39,-1169.5,-1174.3,3419.7,265423,413,1805,348,-0.22608,-1.6272,1.4616
-425.78,2168.6,2337.3,-3.9748,-3132.1,-732.97,5.5218e+05,10553,1,-1132.5,-1248.4,-1569.1,923.61,499.57,703.85,989.44,-1139.2,-1106.7,3419.7,265344,413,1805,348,-0.23606,-1.6257,1.4616
-454.35,2181.3,2317.5,-4.3618,-3123,-763.09,5.4801e+05,9319,1,-1237.8,-1274.5,-1597,875.5,528.44,720.22,897.21,-1097.3,-1062.2,3419.7,265345,413,1805,348,-0.23477,-1.6168,1.4717
-483.79,2194.7,2298.8,-4.5024,-3115.2,-794.14,5.4565e+05,8097,1,-1374.6,-1278.9,-1603.9,870.14,577.69,763.96,867.08,-1035.9,-987.34,3419.7,265351,413,1805,348,-0.23347,-1.6079,1.4817
-512.41,2209.4,2281.6,-4.6223,-3109.7,-824.57,5.4287e+05,6887,1,-1511,-1208,-1529.3,893.1,614.3,797.68,859.74,-1029.8,-969.33,3419.7,265357,413,1805,348,-0.23216,-1.5988,1.4916
-539.97,2224,2263.1,-5.8718,-3103.3,-853.95,5.4202e+05,5691,1,-1770.6,-1193.9,-1537.4,860.77,617.19,787.02,720.08,-1055.1,-1006.6,3419.7,265430,413,1805,348,-0.23084,-1.5898,1.5015
-570.14,2238,2242.9,-7.6092,-3095,-885.81,5.39e+05,4509,1,-2750.1,-1468.6,-1948.6,522.54,466.57,567.49,251.02,-1345.1,-1366.7,4250.9,286613,413,1805,348,-0.22951,-1.5806,1.5113
-610.28,2246.3,2213.3,-10.902,-3075.3,-926.73,5.3475e+05,3343,1,-3470.3,-1870,-2449.7,268.15,305.22,356.27,49.372,-1551.6,-1596,5175.9,295688,413,1805,348,-0.22817,-1.5714,1.5211
-661.73,2251.3,2183.3,-11.143,-3052.1,-978.36,5.3681e+05,2197,1,-3783.5,-1750,-2350,259.05,339.56,384.25,281.31,-1409.1,-1398.5,5220.2,296125,413,1805,348,-0.22683,-1.5621,1.5308
-421.56,2179.1,2466.3,-5.4314,-3253.1,-652.68,5.5011e+05,14323,1,-1722.4,-1427.1,-1870.5,746,441.24,605.08,1036.6,-1189,-1249.4,3697.1,274029,413,1805,348,-0.17892,-1.6598,1.4311
-404.67,2172.1,2455.2,-5.6575,-3238.8,-648.1,5.4637e+05,14321,1,-1734.1,-1377.5,-1827.1,774.76,478.47,657.9,912.6,-1156.3,-1218.2,3627.5,271915,413,1805,348,-0.1891,-1.6587,1.4311
-375.03,2156.5,2433.1,-4.9603,-3209.1,-642.6,5.4731e+05,14317,1,-1547.8,-1287.8,-1715.1,877.27,501.44,707.86,1002,-1124.1,-1155.4,3481.5,267401,413,1805,348,-0.20944,-1.6562,1.4311
-389.57,2164.6,2444.9,-5.0731,-3224.6,-645.16,5.4716e+05,14319,1,-1617.4,-1329.3,-1764.7,826.97,498.21,692.32,950.36,-1136.2,-1183.1,3535.9,269127,413,1805,348,-0.19927,-1.6575,1.4311
-404.95,2169.2,2412.9,-5.2172,-3199.6,-673.88,5.464e+05,13055,1,-1603.3,-1279.3,-1696.5,857.19,489.75,685.5,938.53,-1157,-1186.8,3486.9,267626,413,1805,348,-0.20833,-1.6475,1.4414
-390.99,2161,2401.7,-4.6476,-3184.3,-671.85,5.4838e+05,13053,1,-1448.1,-1232.2,-1625.4,908.25,495.6,703.85,988.9,-1143.2,-1153.6,3419.7,265436,413,1805,348,-0.21844,-1.6462,1.4414
-419.81,2173,2379.9,-5.6084,-3173.2,-702,5.4404e+05,11801,1,-1601.2,-1266,-1666.7,842.31,454.11,638.68,854.92,-1217.3,-1244.9,3468.5,267008,413,1805,348,-0.21727,-1.6374,1.4515
-407.43,2164.7,2369.3,-4.4269,-3158.1,-701.46,5.4919e+05,11799,1,-1261.8,-1231.8,-1585.2,920.91,484.48,690.53,975.17,-1155.5,-1149.2,3419.7,265405,413,1805,348,-0.22731,-1.636,1.4515
-398.31,2155.7,2356.9,-3.6533,-3140.9,-703.94,5.5453e+05,11797,1,-929.08,-1191.8,-1494.5,1000.3,506.42,735.03,1150.3,-1115.2,-1066.1,3419.7,265325,413,1801,347,-0.23735,-1.6346,1.4515
-417.95,2159.7,2324.7,-3.2604,-3114.6,-736.68,5.5547e+05,10551,1,-954.64,-1193.9,-1489.1,1001.4,521.39,749.08,1185.2,-1103.8,-1027.3,3419.7,265326,413,1801,347,-0.24603,-1.6243,1.4616
-445.41,2173.1,2306,-3.5246,-3106.7,-765.85,5.5292e+05,9317,1,-1070,-1256.6,-1555.2,940.13,529.29,736.22,1074.3,-1108.3,-1037.4,3419.7,265328,413,1796,346,-0.24469,-1.6154,1.4717
-473.99,2186.6,2287.3,-3.6958,-3099,-796.12,5.5006e+05,8095,1,-1148.6,-1251.3,-1545.3,936.14,560.07,760.91,1077,-1064.3,-976.99,3419.7,265329,413,1796,346,-0.24333,-1.6064,1.4817
-501.85,2200.9,2270.3,-3.5816,-3093.2,-825.81,5.4627e+05,6885,1,-1206.1,-1212,-1494.4,954.41,593.26,790.43,1040.3,-1029.2,-934.43,3419.7,265330,413,1805,348,-0.24196,-1.5974,1.4916
-527.95,2215.5,2253.5,-3.8051,-3088.1,-853.8,5.4566e+05,5689,1,-1215.4,-1105.3,-1365,991.2,627.79,823.68,1016.6,-983.77,-876.37,3419.7,265331,413,1805,348,-0.24059,-1.5883,1.5015
-552.55,2231.4,2237.2,-4.7513,-3084.6,-880.51,5.4116e+05,4507,1,-1560.6,-1192.7,-1492.8,896.82,585.19,754.57,692.3,-1162.6,-1105.3,3419.7,265409,413,1805,348,-0.2392,-1.5792,1.5113
-582.14,2243.6,2212.2,-8.5759,-3071.7,-911.59,5.3283e+05,3341,1,-2557,-1484.5,-1928.4,550.64,393.25,493.27,172.03,-1474.8,-1494,4195.1,285848,413,1805,348,-0.23781,-1.57,1.5211
-623.74,2249.6,2179,-12.681,-3047.6,-953.61,5.3189e+05,2195,1,-3844.2,-1346.7,-1964.5,236.63,432.4,476.02,-20.453,-1379.9,-1410.3,4981.3,293981,413,1805,348,-0.23641,-1.5607,1.5308
-624.98,2260.4,2156.2,-13.732,-3035.3,-967.56,5.3134e+05,736163,1,-3745,-1589.1,-2182,269.6,376.01,422.1,-117.85,-1411.6,-1436.8,5076.9,294834,413,1805,348,-0.24303,-1.5501,1.5406
-666.57,2263.6,2125.1,-13.784,-3009.5,-1013.2,5.3434e+05,735069,1,-4168.5,-2283.6,-2924.9,206.13,230.6,261.52,9.1146,-1530.6,-1521.4,5997.3,303870,413,1805,348,-0.24451,-1.5405,1.5499
-711.29,2269.2,2098.3,-12.267,-2988.2,-1062.3,5.3978e+05,733945,1,-4215.7,-2254.3,-2877.7,297.56,442.41,480.55,316.66,-1234.1,-1163.6,5884.5,302638,413,1805,348,-0.24598,-1.5308,1.5592
-388.74,2168.2,2488.2,-5.5845,-3265,-618.87,5.5091e+05,15595,1,-1693.5,-1402.4,-1865,797.52,452.01,633.14,1024.8,-1157.4,-1232.1,3669,273124,413,1805,348,-0.17985,-1.6685,1.4209
-372.53,2160.5,2476.6,-5.6675,-3249.9,-614.85,5.4686e+05,15593,1,-1644.2,-1344.3,-1796.9,832.11,458.29,649.32,995.86,-1168.1,-1237.6,3598.8,271081,413,1805,348,-0.19009,-1.6674,1.4209
-358.12,2152.1,2465.2,-5.1687,-3234.5,-612.45,5.4829e+05,15591,1,-1509,-1301.3,-1737.4,870.54,483.7,689.77,994.81,-1130.4,-1183.6,3482.1,267425,413,1805,348,-0.20032,-1.6662,1.4209
-344.91,2143.8,2453.5,-4.7472,-3218.8,-611.13,5.51e+05,15589,1,-1387.2,-1242.1,-1659.6,923.93,497.37,719.5,1051.4,-1121.7,-1156.2,3419.7,265445,413,1805,348,-0.21054,-1.6649,1.4209
-361.86,2147.7,2421,-4.5684,-3192.7,-641.22,5.5088e+05,14315,1,-1364.3,-1242.9,-1644.7,942,511.38,734.91,1057.6,-1101.5,-1112.9,3419.7,265435,413,1805,348,-0.2196,-1.6549,1.4311
-351.21,2138.5,2408.4,-3.9211,-3175.6,-642.17,5.556e+05,14313,1,-1063.2,-1216.7,-1575.8,1008.4,516.89,759.19,1140.6,-1092.1,-1078.6,3419.7,265354,413,1805,348,-0.22975,-1.6535,1.4311
-379.33,2151.9,2389.1,-4.191,-3167.1,-671.86,5.5144e+05,13051,1,-1133.8,-1221.5,-1573,989,505.26,733.53,1109.3,-1112.3,-1093.3,3419.7,265396,413,1805,348,-0.22853,-1.6448,1.4414
-371.53,2142.4,2376.2,-3.2755,-3149.3,-675.53,5.5758e+05,13049,1,-910.47,-1220,-1540.7,1017.3,508.35,747.05,1170.2,-1110.1,-1073.2,3419.7,265324,413,1805,348,-0.23862,-1.6434,1.4414
-365.34,2132.7,2361.8,-2.9866,-3130,-680.62,5.561e+05,13047,1,-984.3,-1202.8,-1540.8,1034.9,505.39,754.27,1297.5,-1113.9,-1044.8,3419.7,265397,413,1801,347,-0.2487,-1.6419,1.4414
-391.73,2146.2,2343.3,-3.0047,-3122.2,-708.73,5.5445e+05,11795,1,-897.84,-1165.6,-1464.7,1036.6,510.7,751.28,1253.7,-1107,-1031.5,3419.7,265327,413,1801,347,-0.24737,-1.6331,1.4515
-383.85,2136.5,2328.4,-3.2788,-3102.6,-712.09,5.5444e+05,11793,1,-1154.3,-1157.8,-1505.9,1041.4,512.53,759.6,1329.5,-1097.5,-999.54,3419.7,265408,413,1801,347,-0.25739,-1.6316,1.4515
-410.12,2150.4,2310.9,-3.1294,-3095.9,-740.2,5.5504e+05,10549,1,-1166.8,-1163.7,-1497.9,1022,539.5,779.02,1263.1,-1070.9,-965.9,3419.7,265352,413,1801,347,-0.25599,-1.6227,1.4616
-437.21,2164.4,2293,-3.2354,-3089,-769.14,5.5123e+05,9315,1,-1087.8,-1204,-1510,983.23,534.05,756.08,1182.7,-1106.7,-1011.1,3419.7,265343,413,1801,347,-0.25459,-1.6138,1.4717
-464.88,2178,2274.3,-3.5609,-3081.3,-798.59,5.5072e+05,8093,1,-1189.9,-1216.5,-1521.3,964.52,555.04,765.92,1165.2,-1079.7,-970.58,3419.7,265347,413,1796,346,-0.25318,-1.6049,1.4817
-492.75,2192.3,2257.6,-3.2356,-3075.7,-828.36,5.5319e+05,6883,1,-1191.9,-1178,-1459.7,981.31,577.82,782.29,1180.1,-1043.2,-916.52,3419.7,265341,413,1796,346,-0.25176,-1.5959,1.4916
-518.86,2206.6,2240.6,-3.2646,-3070,-856.36,5.5158e+05,5687,1,-1140.9,-1130.2,-1387.5,1025.6,596.41,802.57,1233.5,-1007.9,-859.94,3419.7,265339,413,1796,346,-0.25033,-1.5868,1.5015
-542.66,2222.6,2226.7,-2.8221,-3068.2,-882.38,5.4883e+05,4505,1,-1117.4,-1107,-1338.9,1011.7,617.04,811.21,1008.4,-1035.2,-913.14,3419.7,265332,413,1796,346,-0.24889,-1.5777,1.5113
-566.58,2237.3,2208,-4.7303,-3062.1,-908.3,5.3859e+05,3339,1,-1374,-1195.7,-1454.1,874.61,486.32,645.09,575.58,-1317.7,-1262.5,3419.7,265348,413,1805,348,-0.24744,-1.5685,1.5211
-597.04,2246.7,2179.5,-9.0403,-3044.8,-939.85,5.3157e+05,2193,1,-2060.4,-1074.2,-1427.3,615.75,488.67,597.15,66.402,-1315,-1330.6,3451.9,266521,413,1805,348,-0.24598,-1.5592,1.5308
-628.27,2260.6,2130,-11.244,-3011,-987.69,5.3236e+05,735067,1,-2608.4,-1918.8,-2332.7,536.99,304.83,392.18,-15.638,-1551.5,-1546.9,4611.1,290296,413,1805,348,-0.25402,-1.5405,1.5484
-597.37,2254.6,2161.6,-7.8435,-3034.2,-952.07,5.3375e+05,736161,1,-1873,-992.3,-1302.4,744.26,493.25,620.44,155.53,-1306.5,-1288.2,3419.7,265403,413,1805,348,-0.25248,-1.5501,1.539
-667.76,2266,2100.5,-11.932,-2988,-1031.7,5.3805e+05,733943,1,-2818.5,-2080.3,-2506.8,477.82,388.13,460.41,14.589,-1434.2,-1408,4815.2,292414,413,1805,348,-0.25554,-1.5308,1.5577
-710.26,2275.1,2076.9,-10.766,-2971.3,-1079.4,5.4404e+05,732797,1,-3496.4,-2144.6,-2650.5,516.41,594.5,661.09,314.03,-1096.3,-1012.4,5218.4,296104,413,1805,348,-0.25706,-1.5211,1.5669
-749.16,2287.4,2057.8,-9.0823,-2960.5,-1124.2,5.4724e+05,731631,1,-3342,-1874.6,-2345.3,668.15,705.74,786.54,560.36,-948.48,-818.21,4861.1,292848,413,1805,348,-0.25856,-1.5113,1.5761
-779.89,2301.3,2041.6,-7.3118,-2953.7,-1161.2,5.4522e+05,730449,1,-3103.4,-1505.4,-1937.4,754.54,729.53,816.78,678.56,-931.74,-772.77,4398.3,288185,413,1805,348,-0.26006,-1.5015,1.5852
-803.57,2314.2,2023.2,-7.3323,-2945.5,-1191.2,5.3752e+05,729253,1,-2831.5,-1375.2,-1749.4,639.98,614.13,680.61,474.42,-1170.5,-1016.2,4104.5,284477,413,1778,343,-0.26155,-1.4916,1.5943
-866.43,2326.6,1997.1,-10.334,-2932.5,-1245.9,5.2897e+05,728045,1,-3440,-1935.4,-2327.6,165.79,290.45,294.98,250.47,-1578.8,-1416.7,5075.2,294818,413,1778,343,-0.25318,-1.4817,1.6049
-371.18,2164.5,2521.5,-5.747,-3291.6,-588.05,5.4864e+05,16877,1,-1654.1,-1443,-1918.6,799.05,427.6,606.03,1088.9,-1162.2,-1250.4,3713.2,274595,413,62,318,-0.17049,-1.6782,1.4106
-355.35,2156.9,2510,-5.772,-3276.7,-584.47,5.4837e+05,16875,1,-1616.7,-1401.5,-1873.2,799.97,432.56,616.74,959.66,-1180.2,-1280.6,3639.8,272310,413,62,318,-0.18078,-1.6771,1.4106
-341.02,2149,2499.1,-5.2419,-3262,-582.24,5.4801e+05,16873,1,-1519.8,-1349.8,-1807.8,855.35,439.98,637.72,998.88,-1183.4,-1272.1,3570.5,270220,413,1805,348,-0.19107,-1.676,1.4106
-327.64,2140.3,2486.8,-4.9178,-3245.8,-580.77,5.4955e+05,16871,1,-1356.6,-1273.3,-1705.8,934.44,458.66,678.3,1071.6,-1165.9,-1232.9,3455.8,266652,413,1805,348,-0.20135,-1.6748,1.4106
-315.88,2131.2,2474.3,-4.3875,-3229.1,-580.75,5.5388e+05,16869,1,-1220.5,-1202.5,-1608.3,978.3,488.16,726.06,1122.4,-1131.6,-1172.2,3419.7,265425,413,1805,348,-0.21162,-1.6735,1.4106
-333.35,2134.5,2440.8,-4.2573,-3201.8,-611.23,5.5095e+05,15587,1,-1164.8,-1188.9,-1574.6,1004.4,504.29,747.66,1148.3,-1107.2,-1118.2,3419.7,265410,413,1805,348,-0.22075,-1.6636,1.4209
-323.77,2124.9,2427.6,-3.618,-3183.9,-613.11,5.5636e+05,15585,1,-1001.9,-1175.4,-1537.5,1032.5,517.73,773.57,1187.1,-1076.7,-1066.5,3419.7,265322,413,1805,348,-0.23095,-1.6622,1.4209
-316.24,2114.9,2413.5,-3.1099,-3165.1,-616.87,5.5856e+05,15583,1,-891.45,-1198.3,-1550.9,1051.5,520.37,785.56,1240.3,-1072.8,-1044.9,3419.7,265321,413,1805,348,-0.24115,-1.6608,1.4209
-343.86,2128.8,2394.9,-3.1707,-3157.2,-646.18,5.5733e+05,14311,1,-835.59,-1229.8,-1560.4,1037.3,519.25,774.47,1232.6,-1089.1,-1048.9,3419.7,265323,413,1801,347,-0.23989,-1.6521,1.4311
-326.07,2109.7,2365.2,-4.1778,-3118.9,-650.84,5.5465e+05,14307,1,-1505.5,-1139.8,-1588.6,1009.6,516.08,778.51,1267.2,-1115,-1056.3,3419.7,265465,413,1801,347,-0.26014,-1.649,1.4311
-337.74,2119.1,2380.6,-2.8912,-3138.1,-651.3,5.5607e+05,14309,1,-1059.9,-1201.3,-1571.8,1019.4,519.63,777.43,1299.2,-1103.3,-1045.3,3419.7,265413,413,1801,347,-0.25002,-1.6506,1.4311
-355.32,2123,2346.2,-3.9346,-3110.2,-681.8,5.552e+05,13045,1,-1506.9,-1214.7,-1655.2,1014.5,492.04,743.09,1291.9,-1127,-1049.3,3419.7,265466,413,1801,347,-0.25877,-1.6403,1.4414
-371.43,2126.8,2313,-4.5294,-3083.1,-710.83,5.5541e+05,11791,1,-1514.6,-1223.1,-1653.1,1025.3,503.96,754.62,1243.6,-1093.5,-999.37,3419.7,265469,413,1801,347,-0.26739,-1.6299,1.4515
-399.91,2141,2296.5,-3.5596,-3077,-741.23,5.5888e+05,10547,1,-1301.8,-1174.9,-1540.5,1049,543.16,793.3,1281.1,-1051.2,-932.61,3419.7,265422,413,1801,347,-0.26595,-1.6211,1.4616
-427.06,2155.5,2279.3,-3.5576,-3070.8,-770.37,5.5556e+05,9313,1,-1292,-1152.1,-1494.6,1014,550.01,784.91,1210,-1080.3,-965.93,3419.7,265399,413,1801,347,-0.26449,-1.6122,1.4717
-453.89,2169.5,2261.3,-3.8543,-3063.9,-799.12,5.5207e+05,8091,1,-1332.1,-1165.9,-1498,970.94,552.75,770.57,1137.9,-1083.7,-970.82,3419.7,265356,413,1796,346,-0.26302,-1.6033,1.4817
-481.77,2183.6,2243.8,-3.8189,-3057.4,-828.91,5.4957e+05,6881,1,-1317.6,-1193.5,-1507.7,986.98,553.74,765.23,1189.4,-1074.8,-941.9,3419.7,265402,413,1796,346,-0.26155,-1.5943,1.4916
-510,2197.2,2226.4,-3.4112,-3050.7,-858.97,5.502e+05,5685,1,-1179.1,-1209.4,-1481,1048.8,579.62,792.94,1294.4,-1016.5,-848.19,3419.7,265349,413,1796,346,-0.26006,-1.5852,1.5015
-536.44,2212.9,2212.9,-2.0987,-3048.5,-887.59,5.5257e+05,4503,1,-923.98,-1121.2,-1328.2,1114,617.39,834.53,1369.7,-980.17,-787.16,3419.7,265338,413,1796,346,-0.25856,-1.5761,1.5113
-559.33,2228.2,2197.2,-2.5371,-3045,-912.67,5.4409e+05,3337,1,-925.64,-1161,-1352.4,1031.9,540.85,732.58,1046.9,-1171.9,-1029.8,3419.7,265333,413,1805,348,-0.25706,-1.5669,1.5211
-584.11,2241.1,2176.4,-4.6,-3036.2,-939.22,5.3535e+05,2191,1,-1015.2,-727.29,-911.86,915.31,574.91,739.33,683.87,-1078.7,-982.71,3419.7,265334,413,1796,346,-0.25554,-1.5577,1.5308
-582.96,2244.3,2157.6,-4.0805,-3021.9,-948.74,5.3183e+05,736159,1,-882.27,-919.47,-1071.1,999.42,503.42,677.39,751.04,-1226.7,-1104.9,3419.7,265336,413,1796,346,-0.26192,-1.5501,1.5375
-609.92,2253.3,2132.2,-5.5744,-3005.5,-981.12,5.3424e+05,735065,1,-1259.5,-1685.1,-1886.4,785.8,397.26,529.48,333.24,-1457.3,-1390.9,3634.5,272159,413,1805,348,-0.26351,-1.5405,1.5468
-642.78,2260.4,2103.5,-7.5554,-2984.8,-1019,5.3845e+05,733941,1,-1245.8,-1807.6,-1989.2,781.83,405.55,533.62,414.7,-1454.9,-1359.6,3738.2,275565,413,1805,348,-0.26509,-1.5308,1.5561
-680.23,2268.1,2076.7,-8.1447,-2965.2,-1061.7,5.4379e+05,732795,1,-1958.1,-2076.4,-2350.2,699.62,480.15,585.98,296.74,-1304.4,-1218.5,4243.4,286512,413,1805,348,-0.26667,-1.5211,1.5653
-718.58,2278.3,2054.3,-7.2718,-2950.4,-1105.7,5.5004e+05,731629,1,-1977.4,-1905.8,-2164.7,903.64,610.29,739.75,636.76,-1101.6,-949.05,4060.1,283771,413,1805,348,-0.26823,-1.5113,1.5745
-751.9,2290.6,2035.4,-6.0022,-2940,-1145.1,5.5119e+05,730447,1,-1995.4,-1550.3,-1806,1008.3,709.1,842.71,815.24,-970.8,-780.74,3765.2,276440,413,1805,348,-0.26978,-1.5015,1.5836
-778.31,2304.6,2018.8,-5.0858,-2933.3,-1178.2,5.482e+05,729251,1,-1554.3,-1408.2,-1584.3,1053.1,741.51,875.56,848.29,-977.74,-769.63,3765.2,276426,413,1778,343,-0.27132,-1.4916,1.5927
-829.86,2324,1999.1,-9.1219,-2930.8,-1223.3,5.3035e+05,728043,1,-2882.3,-1733.4,-2071.6,379.79,428.69,459.67,127.83,-1471.5,-1337.7,4484.8,289059,413,1778,343,-0.26302,-1.4817,1.6033
-803.03,2317.6,1998.9,-6.032,-2923.9,-1209.5,5.3874e+05,728041,1,-2046.4,-1598.8,-1822.1,707.01,569.83,648.03,416.31,-1308.8,-1138.3,3806.7,277691,413,1778,343,-0.27286,-1.4817,1.6017
-866.82,2329.9,1969.5,-11.034,-2908.2,-1265.3,5.2685e+05,726821,1,-3231.4,-2352.9,-2674.9,96.984,280.98,273.08,-18.376,-1635,-1495.3,5310.9,296936,413,1778,343,-0.26449,-1.4717,1.6122
-336.58,2154.6,2544.2,-6.5061,-3305,-552.62,5.4975e+05,18165,1,-1521,-1472.3,-1957.9,786.14,350.08,516.73,1000,-1282.8,-1425.6,3719.6,274856,413,62,318,-0.17136,-1.6868,1.4002
-322.85,2146.5,2533.2,-5.7832,-3290.2,-551.03,5.502e+05,18163,1,-1411.1,-1327.8,-1781,872.93,380.7,571.54,1020.6,-1270.3,-1397.3,3573.2,270307,413,62,318,-0.18171,-1.6857,1.4002
-310.13,2137.7,2521.3,-5.1317,-3274.1,-550.27,5.5077e+05,18161,1,-1319,-1219.1,-1648.4,951.28,431.78,651.14,1102.1,-1194.6,-1284.6,3427.9,265744,413,1805,348,-0.19205,-1.6846,1.4002
-288.15,2118.3,2495,-3.8062,-3239,-551.63,5.5709e+05,18157,1,-1103.4,-1154.5,-1552.8,1045.6,476.94,730.72,1216.7,-1128.1,-1171.8,3419.7,265412,413,1805,348,-0.21271,-1.6821,1.4002
-298.23,2128.3,2508.4,-4.5802,-3257,-550.14,5.5273e+05,18159,1,-1205.7,-1181.3,-1593.6,992.77,454.6,690.16,1130,-1161.5,-1233.1,3419.7,265427,413,1805,348,-0.20238,-1.6834,1.4002
-279.23,2107.9,2480.4,-3.4101,-3219.7,-554.07,5.548e+05,18155,1,-1021.8,-1128.2,-1517.7,1089.5,507.63,783.21,1301.1,-1076.3,-1086.1,3419.7,265398,413,1805,348,-0.22302,-1.6807,1.4002
-306.15,2121.4,2460.9,-3.7776,-3211,-582.54,5.5419e+05,16867,1,-1062.9,-1147.6,-1530,1053.1,503.23,764.09,1243.2,-1110.4,-1120.9,3419.7,265404,413,1805,348,-0.22189,-1.6722,1.4106
-296.84,2111.1,2446.1,-3.6579,-3191.7,-584.55,5.5738e+05,16865,1,-1003.5,-1150.6,-1524.6,1060.8,512.18,779.7,1248.8,-1084.3,-1076.6,3419.7,265350,413,1805,348,-0.23215,-1.6708,1.4106
-288.8,2100.8,2431.5,-3.276,-3172.3,-587.68,5.6129e+05,16863,1,-888.14,-1153.5,-1519.1,1087.6,524.74,809.14,1294.7,-1065.6,-1038.9,3419.7,265320,413,1801,347,-0.24239,-1.6694,1.4106
-309.49,2105.1,2398.9,-2.9191,-3145.8,-621.26,5.5769e+05,15581,1,-1046.5,-1180.2,-1564,1035.8,534.37,807.28,1286.2,-1076.5,-1029.4,3419.7,265406,413,1801,347,-0.25133,-1.6592,1.4209
-281.95,2086,2370,-4.7384,-3109.4,-615.93,5.5849e+05,15577,1,-1563.6,-1001,-1464.6,1079.5,557.49,856.48,1156.8,-1037.8,-988.4,3419.7,265426,413,1801,347,-0.27167,-1.656,1.4209
-298.27,2095.7,2384.2,-3.774,-3127.2,-621.19,5.5733e+05,15579,1,-1523.1,-1073.6,-1533.5,1023.4,544.18,823.48,1252.7,-1084.6,-1034.6,3419.7,265461,413,1801,347,-0.26151,-1.6577,1.4209
-309.51,2100.6,2351.7,-5.0932,-3102,-645.48,5.5751e+05,14305,1,-1710.6,-1149.3,-1642,1005.5,507.87,773.15,1098.9,-1123.3,-1083.3,3419.7,265467,413,1801,347,-0.27026,-1.6474,1.4311
-340.16,2113.8,2331.9,-5.1902,-3092.2,-677.87,5.5599e+05,13043,1,-1719.7,-1242.3,-1733,993.05,482.77,734.13,1146.4,-1142,-1085.1,3419.7,265468,413,1801,347,-0.26883,-1.6387,1.4414
-324.83,2104.6,2319.4,-5.2656,-3075.8,-673.66,5.5239e+05,13041,1,-1406.6,-1259,-1700.6,1018.2,484,746.88,1009,-1162,-1124.6,3419.7,265464,413,1801,347,-0.27888,-1.637,1.4414
-357.55,2117.5,2299.4,-5.0474,-3065.5,-708.08,5.5442e+05,11789,1,-1497.6,-1313.8,-1759.9,1013.8,489.77,742.98,1122.8,-1120.7,-1043.3,3419.7,265470,413,1801,347,-0.27739,-1.6283,1.4515
-388.06,2131.3,2281.9,-4.1528,-3058.1,-740.47,5.5503e+05,10545,1,-1332.5,-1228.1,-1612.3,1049.5,531.52,786.89,1198.9,-1056.8,-944.86,3419.7,265431,413,1801,347,-0.27589,-1.6195,1.4616
-415.82,2146,2265.5,-3.7409,-3052.4,-770.31,5.6059e+05,9311,1,-1218.4,-1148.5,-1482.9,1071.7,556.4,808.45,1210.7,-1049.6,-920.87,3419.7,265392,413,1801,347,-0.27438,-1.6106,1.4717
-442.44,2160.6,2248.5,-3.8178,-3046.5,-799.01,5.5856e+05,8089,1,-1306,-1155.2,-1487.7,1029.8,552.27,785.76,1162.3,-1078.9,-953.61,3419.7,265358,413,1796,346,-0.27286,-1.6017,1.4817
-469.94,2175,2230.9,-4.0078,-3040,-828.52,5.5286e+05,6879,1,-1391.7,-1172.3,-1503.8,1015.9,535.99,757.1,1162.9,-1115,-977.42,3419.7,265416,413,1796,346,-0.27132,-1.5927,1.4916
-498.58,2188.3,2212.2,-4.2022,-3032,-858.99,5.4827e+05,5683,1,-1467.7,-1249.3,-1581.4,1004.5,548.9,759.13,1211.7,-1074.3,-916.23,3419.7,265433,413,1796,346,-0.26978,-1.5836,1.5015
-528.35,2203,2197.1,-2.908,-3027.5,-890.81,5.4892e+05,4501,1,-1249.8,-1229,-1503.2,1073.4,589.26,804.29,1371.2,-1020.1,-819.42,3419.7,265418,413,1796,346,-0.26823,-1.5745,1.5113
-555.44,2218.1,2182.6,-1.8059,-3024.2,-920.05,5.476e+05,3335,1,-851.16,-1181.8,-1364.6,1104.7,558.48,767,1335.3,-1095.9,-892.46,3419.7,265340,413,1796,346,-0.26667,-1.5653,1.5211
-579.71,2232.4,2165.7,-2.1801,-3019,-946.37,5.3813e+05,2189,1,-905.57,-586.06,-758.31,1064.9,552.42,748.91,1187.7,-999.71,-808.85,3419.7,265335,413,1796,346,-0.26509,-1.5561,1.5308
-917.58,2333.2,1938.6,-10.748,-2881,-1320.4,5.262e+05,725587,1,-3431.9,-2948,-3220,-94.812,102.38,77.186,-33.539,-1791.4,-1620.6,5852.2,302322,413,1778,343,-0.26595,-1.4616,1.6211
-603.21,2242.6,2126.2,-2.1205,-2990.5,-985.28,5.3644e+05,735063,1,-585.05,-1507,-1604.6,1031.5,473.43,653.43,1031,-1335.8,-1149,3419.7,265419,413,1805,348,-0.273,-1.5405,1.5452
-577.08,2232.2,2148.7,-1.5349,-3004,-953.33,5.4036e+05,736157,1,-742.58,-905.67,-1041.9,1075.3,528.04,722.51,1256.2,-1090.3,-874.93,3419.7,265337,413,1796,346,-0.27135,-1.5501,1.5358
-632.66,2251,2100,-3.5292,-2972.7,-1020.2,5.3647e+05,733939,1,-734.37,-1655.6,-1762.2,992.03,431.6,601.91,1020.2,-1391.3,-1189.8,3508.6,268293,413,1796,346,-0.27464,-1.5308,1.5544
-666.23,2258.7,2073.2,-4.4628,-2953.3,-1059.1,5.3918e+05,732793,1,-890.42,-1898.6,-2003.3,1010.5,440.32,606.95,931.06,-1364.8,-1162.6,3751.7,275958,413,1796,346,-0.27627,-1.5211,1.5637
-702.2,2267.4,2048.5,-4.4512,-2935.8,-1100.7,5.4662e+05,731627,1,-1038.5,-1892.5,-2001.3,1087.5,523.33,694.95,1013,-1236.1,-1008.7,3765.2,276418,413,1796,346,-0.27789,-1.5113,1.5728
-736.52,2278.1,2027.3,-3.508,-2922.4,-1141,5.5107e+05,730445,1,-904.27,-1705.3,-1778.2,1162.2,651.11,823.13,1110.6,-1042.9,-793.67,3765.2,276419,413,1796,346,-0.27949,-1.5015,1.5819
-764.61,2291.2,2009.5,-2.5198,-2913.8,-1175.7,5.5415e+05,729249,1,-633.59,-1422.9,-1444.1,1252,750.44,924.68,1243.2,-951.19,-669.99,3765.2,276420,413,1778,343,-0.28109,-1.4916,1.591
-789.3,2305.7,1992.5,-2.3991,-2907.2,-1207.4,5.5008e+05,728039,1,-932.46,-1437.3,-1492.7,1110.1,742.96,883.49,968.46,-1078.7,-827.22,3765.2,276424,413,1778,343,-0.28268,-1.4817,1.6
-834.27,2328,1974,-8.1591,-2908.2,-1246.8,5.3012e+05,726819,1,-1999.9,-1950.2,-2121.9,537.44,522.01,571.45,215.47,-1453.8,-1291.1,4125.5,284825,413,1778,343,-0.27438,-1.4717,1.6106
-878.47,2334.1,1942.8,-10.477,-2883.4,-1296.2,5.2566e+05,725585,1,-2914.2,-2648.9,-2884.5,132.52,199.3,203.89,-4.6574,-1835.2,-1656,5480.8,298743,413,1778,343,-0.27589,-1.4616,1.6195
-378.43,2190.4,2632.4,-11.345,-3406,-518.67,5.4078e+05,19473,1,-2415.7,-2115.2,-2776,57.818,67.138,87.881,-336.92,-1864,-2306.7,5190.4,295826,413,62,318,-0.10971,-1.7005,1.3897
-407.03,2187.8,2624.4,-15.539,-3399.2,-533.8,5.3707e+05,19475,1,-3467.7,-2630,-3463.6,-424.8,-96.563,-148.03,-790.64,-2007.9,-2516.6,6491.5,308916,413,62,318,-0.099275,-1.7011,1.3897
-359.89,2187.8,2632.7,-7.6278,-3403.4,-513.24,5.3975e+05,19471,1,-1380.6,-1591,-2062.4,559.94,243.17,347.55,286.3,-1661.1,-2004.5,4005.4,282747,413,62,318,-0.12014,-1.6998,1.3897
-315.49,2154.4,2583.3,-6.0969,-3338.4,-518.65,5.5285e+05,19463,1,-1394.2,-1492.8,-1979.7,761.21,311.89,468.57,977.97,-1399.4,-1591.6,3719.6,274859,413,62,318,-0.16182,-1.6963,1.3897
-328.57,2161.6,2594.2,-6.3039,-3352.7,-519.34,5.5255e+05,19465,1,-1327.3,-1578.8,-2075.7,768.7,311.95,465.81,1042,-1373,-1565.9,3719.6,274860,413,62,318,-0.15141,-1.6973,1.3897
-304.16,2146.4,2572.4,-5.223,-3323.7,-519.54,5.5225e+05,19461,1,-1133.9,-1271.3,-1693.1,898.82,358.74,550.41,1074.7,-1383.9,-1555.3,3535.2,269100,413,62,318,-0.17223,-1.6953,1.3897
-293.54,2137,2559.4,-4.5702,-3306.4,-520.88,5.53e+05,19459,1,-1179,-1152.4,-1562,999,397.63,618.05,1235.6,-1272.8,-1389.1,3431.1,265845,413,62,318,-0.18263,-1.6942,1.3897
-282.33,2126.9,2544.9,-4.4237,-3287.6,-521.43,5.5453e+05,19457,1,-1211.2,-1150.6,-1566.5,1019.5,403.66,632.32,1224.6,-1237.9,-1336.6,3419.7,265462,413,62,318,-0.19302,-1.6931,1.3897
-271.86,2116.1,2530,-4.0514,-3268,-522.51,5.5672e+05,19455,1,-1130.5,-1102.9,-1505.8,1080.5,447.33,701.64,1293.3,-1149.2,-1209.2,3419.7,265420,413,1805,348,-0.2034,-1.6919,1.3897
-262.27,2105,2514.3,-3.7724,-3247.5,-524.27,5.5624e+05,19453,1,-1038.6,-1090.4,-1488,1133.3,477.77,756.62,1381.7,-1073.4,-1093.5,3419.7,265407,413,1805,348,-0.21378,-1.6906,1.3897
-253.27,2093.9,2498.7,-3.5197,-3227.2,-526.5,5.578e+05,19451,1,-1021.9,-1101.8,-1504.2,1134.5,493.17,782.3,1381.2,-1044.2,-1046.4,3419.7,265401,413,62,318,-0.22415,-1.6892,1.3897
-244.12,2082.8,2482.8,-3.5032,-3206.7,-528.43,5.6063e+05,19449,1,-957.5,-1110.8,-1510.4,1141,509.82,811.6,1367.7,-1028.2,-1018,3419.7,265355,413,62,318,-0.23451,-1.6878,1.3897
-270.57,2097.3,2465.4,-3.2238,-3200.1,-556.63,5.5964e+05,18153,1,-971.9,-1124.9,-1507.9,1093.4,519.27,803.5,1312.6,-1068.1,-1059.8,3419.7,265353,413,62,318,-0.23333,-1.6793,1.4002
-262.73,2086.6,2450,-3.0518,-3179.9,-559.84,5.6077e+05,18151,1,-878.44,-1117.8,-1493.7,1124,530.42,831.58,1342.3,-1044.6,-1020.4,3419.7,265346,413,62,318,-0.24363,-1.6779,1.4002
-255.79,2075.9,2434.6,-2.8013,-3159.8,-563.8,5.6137e+05,18149,1,-1016.8,-1106.2,-1509.6,1104.7,542.17,849.46,1358,-1033.3,-990.66,3419.7,265394,413,62,318,-0.25392,-1.6764,1.4002
-281.77,2090.5,2416.8,-2.9517,-3152.9,-591.68,5.592e+05,16861,1,-1000.2,-1139.4,-1526.7,1068.9,539.38,829.18,1292.6,-1052.4,-1012.8,3419.7,265319,413,1801,347,-0.25263,-1.6678,1.4106
-271.86,2080.6,2401.8,-3.4039,-3133.7,-592.76,5.5728e+05,16859,1,-1383,-1036.6,-1482.9,1070.5,558.89,859.76,1306.8,-1033.4,-977.15,3419.7,265318,413,1801,347,-0.26286,-1.6663,1.4106
-257.51,2070.5,2386.9,-4.2368,-3115,-589.29,5.5991e+05,16857,1,-1372.2,-973.77,-1417.1,1150.7,562.86,889.12,1267.9,-996.27,-930.29,3419.7,265316,413,1801,347,-0.27308,-1.6646,1.4106
-246.29,2059.2,2372.6,-3.5503,-3095.8,-588.62,5.6386e+05,16855,1,-1035.9,-992.65,-1375,1194.2,567.51,907,1228.7,-963.15,-888.39,3419.7,265307,413,1801,347,-0.28329,-1.6629,1.4106
-269.6,2075.6,2357.6,-3.5978,-3092.2,-614.34,5.6199e+05,15575,1,-897.49,-1035.3,-1383.9,1180.8,575.53,906.56,1164.8,-973.43,-901.69,3419.7,265308,413,1801,347,-0.28183,-1.6543,1.4209
-295.24,2091,2339.8,-4.4642,-3085.7,-642.2,5.5508e+05,14303,1,-1116.2,-1126.2,-1514.8,1104.3,537.07,836.07,1037.7,-1076.7,-1036.4,3419.7,265314,413,1801,347,-0.28036,-1.6457,1.4311
-289.43,2080.7,2327.8,-2.3098,-3068.1,-647.02,5.6107e+05,14301,1,-753.24,-1091.1,-1404.4,1092.6,564.41,870.17,1126.5,-1056.6,-982.4,3419.7,265310,413,1801,347,-0.29045,-1.644,1.4311
-315.04,2095.4,2308.4,-3.7823,-3060,-674.8,5.5637e+05,13039,1,-1042.9,-1207.2,-1576.1,1004.9,495.12,763.19,962.07,-1196.4,-1161.7,3419.7,265315,413,1801,347,-0.28892,-1.6353,1.4414
-345.98,2108.2,2286.7,-4.7657,-3048.4,-707.5,5.5505e+05,11787,1,-1265.4,-1346.9,-1758.5,1003.8,481.44,736.99,1033.4,-1150.6,-1086.7,3419.7,265471,413,1801,347,-0.28738,-1.6265,1.4515
-378.15,2121.8,2268.6,-3.8959,-3040,-741.54,5.55e+05,10543,1,-1203.1,-1321.9,-1701.7,1031.5,507.55,764.86,1148.8,-1103.1,-996.84,3419.7,265440,413,1801,347,-0.28582,-1.6177,1.4616
-406.72,2136.2,2251.7,-3.4196,-3033.6,-772.18,5.5821e+05,9309,1,-1080.8,-1201.5,-1524.2,1090.9,536.96,798.89,1233.3,-1062.8,-923.76,3419.7,265393,413,1801,347,-0.28425,-1.6089,1.4717
-432.69,2151,2235,-3.4339,-3028,-800.32,5.5757e+05,8087,1,-1127.7,-1129,-1432.8,1092.7,551.74,803.25,1200.6,-1074.3,-932.4,3419.7,265359,413,1796,346,-0.28268,-1.6,1.4817
-458.13,2165.7,2217.8,-3.9228,-3022.2,-827.94,5.5559e+05,6877,1,-1197.5,-1108.5,-1409.4,1078.3,546.22,787.69,1156.1,-1097.7,-952.92,3419.7,265387,413,1796,346,-0.28109,-1.591,1.4916
-485.61,2179.5,2199.3,-4.4662,-3014.6,-857.41,5.532e+05,5681,1,-1533.7,-1156,-1503.1,1032.5,548.73,770.22,1154.6,-1105.3,-950.01,3419.7,265434,413,1796,346,-0.27949,-1.5819,1.5015
-515.11,2194,2182.3,-4.3056,-3008.6,-888.98,5.5148e+05,4499,1,-1751.2,-1250.3,-1623.4,1025.5,565.46,777.07,1240.9,-1080.8,-896.99,3440,266109,413,1796,346,-0.27789,-1.5728,1.5113
-545.92,2208.4,2166,-3.4707,-3002.8,-921.82,5.4727e+05,3333,1,-1599.7,-1118.3,-1442.5,1054.4,568.79,776.3,1351.3,-1055.1,-839.9,3419.7,265448,413,1796,346,-0.27627,-1.5637,1.5211
-566.05,2221.5,2137.3,-2.5813,-2985.8,-952.93,5.4276e+05,736155,1,-1681.5,-941.1,-1260.4,932.84,553.24,730.93,1270.8,-1015.3,-796.69,3419.7,265342,413,1796,346,-0.28077,-1.5501,1.5341
-933.64,2333.6,1905.5,-11.66,-2848.2,-1355.1,5.2119e+05,724341,1,-3452.9,-3137.9,-3385.3,-4.7106,-140.14,-125.18,86.317,-2099.4,-1857.1,6094.6,304831,413,1778,343,-0.27739,-1.4515,1.6283
-593.25,2231.4,2114.8,-2.6312,-2971.8,-985.99,5.3212e+05,735061,1,-1541.6,-1488.2,-1769.5,862.71,493.89,650.55,1239.6,-1259.3,-1029.9,3649.2,272570,413,1796,346,-0.28247,-1.5405,1.5435
-622.83,2239.8,2089.9,-3.0283,-2954.6,-1021.2,5.303e+05,733937,1,-1523.9,-1704.4,-1957.8,890.57,403.94,559.99,1219.3,-1387,-1141.3,3878.6,279766,413,1796,346,-0.28417,-1.5308,1.5527
-655.87,2247.2,2063.7,-3.346,-2935.3,-1059.6,5.3053e+05,732791,1,-1508,-1842.4,-2072.2,929.68,405.22,564.2,1223.8,-1384,-1123.8,3998.2,282632,413,1796,346,-0.28586,-1.5211,1.5619
-691.71,2255,2038.2,-3.1202,-2916.4,-1101,5.3868e+05,731625,1,-1400.4,-1951.9,-2136.1,1041.7,472.83,644.72,1320.4,-1282.9,-992.8,4053.7,283678,413,1796,346,-0.28753,-1.5113,1.5711
-727.62,2265.1,2016.4,-2.025,-2901.7,-1142.9,5.4548e+05,730443,1,-1200.2,-1825.2,-1956.6,1112.3,606.75,779.51,1367.9,-1099.6,-794.69,3811.1,277837,413,1796,346,-0.28919,-1.5015,1.5802
-759.17,2277.4,1997.6,-0.68885,-2891.1,-1181,5.4992e+05,729247,1,-932.31,-1615.7,-1692.9,1132,695.43,860.74,1396.3,-998.3,-683.25,3765.2,276427,413,1796,346,-0.29085,-1.4916,1.5892
-784.14,2291,1979.9,-0.43284,-2883.1,-1213,5.5121e+05,728037,1,-644.4,-1344.6,-1365.8,1152.5,799.42,951.44,1355.4,-944.53,-627.49,3765.2,276421,413,1796,346,-0.29249,-1.4817,1.5982
-815.36,2320.2,1972.9,-3.9638,-2898.5,-1240.6,5.3648e+05,726817,1,-1316.8,-1624.8,-1715.2,864.51,692.56,787.75,670.69,-1268,-1037.6,3765.2,276428,413,1778,343,-0.28425,-1.4717,1.6089
-848.15,2331.2,1946,-7.6473,-2881.5,-1279.8,5.2548e+05,725583,1,-2281.8,-2057.4,-2259.3,493.7,398.28,448.59,206.67,-1749.9,-1540.8,4541.7,289628,413,1778,343,-0.28582,-1.4616,1.6177
-892.76,2334.1,1909.4,-11.706,-2850.3,-1329.1,5.1898e+05,724339,1,-3200.1,-2856.3,-3108.7,201.46,-110.99,-62.042,94.7,-2192.5,-1938.8,6057.6,304445,413,1778,343,-0.28738,-1.4515,1.6265
-350.26,2190.8,2673.7,-10.384,-3441.4,-477.3,5.4081e+05,20777,1,-2334.4,-2356.8,-3083.7,-37.937,-37.077,-47.462,-504.82,-2125.1,-2667.5,5692.5,300555,413,62,318,-0.09977,-1.7096,1.3793
-334.18,2187.9,2673.4,-6.7798,-3438.1,-474.34,5.4391e+05,20775,1,-1014.8,-1700.6,-2190.2,665.33,271.55,392.23,562.26,-1677.4,-2035.1,4081.7,284118,413,62,318,-0.11026,-1.709,1.3793
-326.77,2180,2665.5,-3.6954,-3425.5,-479.66,5.4813e+05,20773,1,-1001.5,-1506.7,-1948.1,782.01,349.8,502.21,778.87,-1460.4,-1734,3714.9,274667,413,62,318,-0.12074,-1.7083,1.3793
-374.76,2188.3,2664.7,-15.328,-3433.9,-488.33,5.3604e+05,20779,1,-3059.3,-2864.2,-3744.4,-467.38,-217.75,-298.87,-1075.8,-2282.5,-2900.9,6835.2,310959,413,62,318,-0.089278,-1.7102,1.3793
-411.33,2181.3,2653.6,-17.779,-3421.6,-511.24,5.382e+05,20781,1,-3595.3,-3191.3,-4165.3,-618.05,-280.16,-383.37,-848.93,-2176.9,-2752.5,7290.8,313269,413,62,318,-0.078782,-1.7107,1.3793
-319.32,2169.7,2649.9,-3.6737,-3405.4,-484.63,5.5361e+05,20771,1,-1189.7,-1449.7,-1910.8,908.74,419.17,606.63,1389.5,-1245.9,-1410.4,3719.6,274857,413,62,318,-0.13122,-1.7075,1.3793
-305.24,2161.2,2634.2,-5.4566,-3386.7,-483.01,5.5544e+05,20769,1,-1453,-1547.4,-2063.4,786.71,379.22,550.28,1165.9,-1268.7,-1450.7,3719.6,274861,413,62,318,-0.1417,-1.7067,1.3793
-291.58,2153.9,2623.2,-5.2659,-3372.5,-481.81,5.5909e+05,20767,1,-1220.9,-1515.8,-2006.4,792.7,383.9,562.05,961.74,-1312.6,-1518.2,3719.6,274855,413,62,318,-0.15217,-1.7058,1.3793
-283.26,2145.6,2612.8,-3.6398,-3357.7,-485.73,5.5616e+05,20765,1,-864.22,-1301.3,-1709.3,899.86,439.52,650.35,1065.6,-1290.1,-1467.3,3426.5,265701,413,62,318,-0.16263,-1.7048,1.3793
-277.08,2135.9,2599.4,-2.675,-3339.8,-491.54,5.5915e+05,20763,1,-857.66,-1141.4,-1517.8,1004.5,482.11,722.45,1306,-1200,-1316.4,3419.7,265453,413,62,318,-0.17309,-1.7038,1.3793
-267.75,2125.6,2582.9,-3.4256,-3319.2,-494.01,5.5865e+05,20761,1,-1140.5,-1133.4,-1550,1025.1,478.88,727,1406.5,-1155,-1239.3,3419.7,265452,413,62,318,-0.18354,-1.7027,1.3793
-256.57,2114.9,2566.4,-4.0837,-3298.6,-494.47,5.606e+05,20759,1,-1167.1,-1145.7,-1577.9,1078.4,466.25,727.19,1375.3,-1118.8,-1186.4,3419.7,265450,413,62,318,-0.19398,-1.7015,1.3793
-246.17,2103.6,2549.9,-4.2431,-3277.5,-495.5,5.5906e+05,20757,1,-1076,-1135.8,-1561.2,1134.4,446.54,719.89,1417.2,-1131.9,-1183.7,3419.7,265449,413,62,318,-0.20442,-1.7003,1.3793
-236.53,2092.1,2533.4,-4.2773,-3256.4,-497.13,5.5903e+05,20755,1,-1039.3,-1122.5,-1547.5,1149.1,426.26,705.6,1427.9,-1159.2,-1206.4,3419.7,265447,413,62,318,-0.21485,-1.699,1.3793
-226.85,2080.6,2516.8,-4.3991,-3235.2,-498.56,5.6116e+05,20753,1,-1009.8,-1092.6,-1508.7,1158,437.84,727.74,1411.2,-1125.3,-1153.4,3419.7,265424,413,62,318,-0.22527,-1.6977,1.3793
-209.88,2057.4,2484.6,-3.7839,-3193.2,-503.34,5.5879e+05,20749,1,-996.39,-1100.1,-1528.7,1166.2,451.61,761.2,1406.5,-1096.1,-1098.5,3419.7,265417,413,62,318,-0.24608,-1.6948,1.3793
-218,2069.1,2500.8,-4.1008,-3214.3,-500.67,5.6263e+05,20751,1,-964.56,-1074.8,-1486.4,1175.3,439.74,741.33,1394.8,-1121.7,-1141.8,3419.7,265411,413,62,318,-0.23568,-1.6962,1.3793
-236.73,2071.7,2467.4,-3.0017,-3186.4,-531.97,5.6134e+05,19447,1,-913.78,-1137.6,-1542.6,1139,527.86,842.41,1371.1,-1013.8,-986.61,3419.7,265395,413,62,318,-0.24486,-1.6864,1.3897
-229.16,2060.8,2451.4,-3.0606,-3165.8,-535.21,5.5974e+05,19445,1,-1087.3,-1148.7,-1593.3,1119,532.63,851.03,1402.1,-1013.7,-971.45,3419.7,265428,413,62,318,-0.25521,-1.6848,1.3897
-217.85,2050.3,2435.3,-3.9997,-3145.8,-534.68,5.5815e+05,19443,1,-1337.3,-1149.2,-1648.9,1097.3,524.37,844.87,1329.7,-1030.1,-995.71,3441.1,266157,413,62,318,-0.26554,-1.6832,1.3897
-245.7,2065.4,2418.6,-3.4876,-3139.6,-564.54,5.5903e+05,18147,1,-1345.6,-1079.2,-1548.4,1112.7,546.72,865.75,1357.7,-1018.6,-962.43,3419.7,265438,413,62,318,-0.2642,-1.6748,1.4002
-232.13,2054.8,2403.1,-4.3127,-3120.1,-561.71,5.608e+05,18145,1,-1398.8,-1032.2,-1504.6,1142.6,547.64,876.58,1310.3,-1011.7,-952.18,3419.7,265429,413,62,318,-0.27448,-1.6731,1.4002
-221.34,2043.5,2388.2,-3.8678,-3100.5,-561.37,5.6144e+05,18143,1,-1074.7,-1101.1,-1532.8,1182.8,525.13,867.21,1275,-1010.5,-947.19,3419.7,265306,413,1801,347,-0.28474,-1.6714,1.4002
-241.58,2047.7,2357.6,-2.2725,-3075.2,-594.16,5.6335e+05,16853,1,-796.87,-1085.4,-1444.3,1190.6,565.59,912.2,1338.3,-954.31,-847.14,3419.7,265312,413,1801,347,-0.29349,-1.6611,1.4106
-266.01,2064.3,2343.7,-1.6556,-3072.3,-621.1,5.6488e+05,15573,1,-688.9,-1091.4,-1411.5,1164.4,589.26,924.64,1285.5,-965.14,-857.4,3419.7,265309,413,1801,347,-0.29198,-1.6526,1.4209
-261.6,2053.7,2327.5,-1.8513,-3051.3,-627.04,5.602e+05,15571,1,-1240.4,-1048.9,-1482.1,1113,608.19,941.17,1422.7,-956.45,-806.69,3419.7,265317,413,1801,347,-0.30211,-1.6508,1.4209
-285.74,2070.5,2313.2,-1.6816,-3048.2,-653.81,5.6069e+05,14299,1,-1049.3,-963.51,-1327.9,1102.7,591.05,909.89,1354.6,-1019.4,-884.41,3419.7,265311,413,1801,347,-0.30053,-1.6421,1.4311
-308.76,2086.1,2296.1,-2.6298,-3042.6,-679.26,5.5736e+05,13037,1,-1046.9,-1071.4,-1434.9,1056.4,531.91,823.97,1198.3,-1139.6,-1044.1,3419.7,265313,413,1801,347,-0.29895,-1.6335,1.4414
-336.59,2099.3,2274.5,-4.1891,-3031.7,-709.01,5.536e+05,11785,1,-1240.2,-1272.1,-1677.9,1000.5,473.74,735.23,1085.6,-1215,-1137.8,3419.7,265472,413,1801,347,-0.29735,-1.6247,1.4515
-368.69,2112.4,2254.6,-4.0978,-3021.5,-742.94,5.5302e+05,10541,1,-1272.3,-1306.4,-1699.9,1040.5,492.88,753.64,1209.4,-1141.5,-1017.5,3451.1,266511,413,1801,347,-0.29574,-1.616,1.4616
-399.07,2126.1,2237,-3.3453,-3013.7,-775.3,5.5472e+05,9307,1,-1224.2,-1241.8,-1604.7,1085.1,504.98,769.64,1293.5,-1110.7,-954.88,3419.7,265437,413,1801,347,-0.29412,-1.6071,1.4717
-425.52,2140.8,2220.9,-2.8495,-3008.4,-803.97,5.5841e+05,8085,1,-1055.5,-1106.8,-1402.8,1132.7,545.25,811.72,1296.6,-1059.4,-886.54,3419.7,265360,413,1801,347,-0.29249,-1.5982,1.4817
-449.07,2156,2204.9,-3.1263,-3003.9,-829.87,5.5786e+05,6875,1,-1124.8,-1009.6,-1291.8,1119.6,543.34,795.84,1178.2,-1094.3,-933.75,3419.7,265361,413,1796,346,-0.29085,-1.5892,1.4916
-472.18,2170.3,2186.6,-4.4566,-2997.2,-855.17,5.5326e+05,5679,1,-1332.3,-1036.4,-1346,1083.8,550.01,787.61,1083.6,-1111.4,-961.26,3419.7,265386,413,1796,346,-0.28919,-1.5802,1.5015
-498.81,2185.1,2169.4,-4.9456,-2991.4,-884.04,5.5371e+05,4497,1,-1723.1,-1129.4,-1500.9,1056.1,568.58,792.11,1104.1,-1092.7,-926.05,3440,266110,413,1796,346,-0.28753,-1.5711,1.5113
-529.24,2199.6,2151.7,-5.2238,-2984.6,-916.58,5.509e+05,3331,1,-2048.3,-948.37,-1357.4,970.63,606.59,803.48,1162.5,-1011.9,-819.98,3455.6,266643,413,1796,346,-0.28586,-1.5619,1.5211
-540.89,2213.3,2127.9,-5.8831,-2972.8,-938.91,5.4625e+05,736153,1,-2228.9,-1091.1,-1522.7,828.02,626.58,790.99,943.8,-1029.2,-861.48,3587.9,270754,413,1796,346,-0.29018,-1.5501,1.5324
-945.77,2327.8,1865.6,-14.171,-2806.3,-1384.8,5.1417e+05,723087,1,-3617.5,-3037.3,-3319.7,184.19,-314.77,-244.93,166.5,-2298.9,-2001.1,6545.3,309303,413,1778,343,-0.28892,-1.4414,1.6353
-568.54,2224.1,2106.4,-5.8499,-2959.8,-972.73,5.4192e+05,735059,1,-2293.7,-1479.5,-1912.7,729.83,508.1,646.55,916.21,-1245.1,-1070.5,3981.6,282319,413,1796,346,-0.29194,-1.5405,1.5417
-596.84,2232.5,2080.9,-6.7821,-2942.2,-1006.8,5.3412e+05,733935,1,-2506.8,-1563.6,-2020.6,676.48,417.66,541.39,869.15,-1382,-1200.8,4224.3,286266,413,1796,346,-0.29369,-1.5308,1.551
-630.05,2238.9,2053.7,-6.9732,-2921.4,-1045.4,5.2911e+05,732789,1,-2544.1,-1852.7,-2285.7,728.45,353.45,481.44,1083.8,-1437.3,-1197.9,4548.8,289699,413,1796,346,-0.29543,-1.5211,1.5602
-666.33,2244.8,2026.2,-6.7721,-2899.5,-1086.9,5.2901e+05,731623,1,-2861.3,-1991.9,-2465.5,728.03,385.4,508.93,1008.6,-1382.5,-1143.5,4838.1,292616,413,1796,346,-0.29717,-1.5113,1.5693
-706.31,2253.8,2003.6,-4.7913,-2882.6,-1132.7,5.3709e+05,730441,1,-2586.3,-2041.1,-2434.3,842.56,564.28,695.32,1229.1,-1154.3,-866.7,4678.4,290945,413,1796,346,-0.29889,-1.5015,1.5784
-743.46,2265.7,1984.2,-2.8445,-2870.4,-1176.4,5.4065e+05,729245,1,-1899.8,-1754.7,-2009.6,901.48,703.32,829.36,1310.4,-986.57,-679.37,3984.2,282380,413,1796,346,-0.30059,-1.4916,1.5874
-774.45,2279.2,1967.2,-1.1953,-2861.8,-1214.4,5.4669e+05,728035,1,-2003.6,-1546.5,-1821.3,826.08,775.92,877,1258.7,-917.77,-612.85,3818.3,278253,413,1796,346,-0.30229,-1.4817,1.5964
-805.72,2306.8,1963.3,-1.1783,-2877.9,-1242.2,5.437e+05,726815,1,-886.32,-1157.7,-1222.2,1084.5,860.65,986.23,1158.7,-992.47,-694.51,3765.2,276422,413,1778,343,-0.29412,-1.4717,1.6071
-796.07,2294.6,1951.5,-1.0243,-2856.6,-1243.8,5.4642e+05,726813,1,-1306.2,-1069.2,-1230.7,956.31,867.26,976.05,1312.2,-891.22,-570.35,3765.2,276423,413,1796,346,-0.30398,-1.4717,1.6053
-828.55,2321.9,1943.1,-4.0262,-2869.5,-1272.6,5.291e+05,725581,1,-1341.8,-1548.6,-1646.3,960.12,636.09,752,845.27,-1432.1,-1140.9,3765.2,276439,413,1778,343,-0.29574,-1.4616,1.616
-859.3,2330,1912.1,-9.0489,-2847.6,-1309.4,5.2002e+05,724337,1,-2712.3,-2030,-2307.8,494.75,169.53,243.79,268.05,-1972.7,-1711.3,4901.9,293221,413,1778,343,-0.29735,-1.4515,1.6247
-317.81,2192,2718.8,-7.9345,-3480.1,-431.66,5.4004e+05,22087,1,-1781.4,-2271.7,-2962,92.016,12.514,23.731,-396.21,-2192.3,-2773.7,5456.5,298558,413,62,318,-0.089717,-1.7186,1.3687
-307.01,2186.8,2715.4,-4.3432,-3473,-433.89,5.4602e+05,22085,1,-866.75,-1564.1,-2027.4,727.99,412.63,573.55,726.14,-1497,-1824.6,3799.3,277476,413,62,318,-0.10026,-1.718,1.3687
-301.19,2178.3,2705.2,-2.1941,-3458.3,-440.81,5.5522e+05,22083,1,-564.78,-1378.5,-1774.3,945.45,531.26,744.7,1153.4,-1226.9,-1442.5,3513.1,268434,413,62,318,-0.1108,-1.7174,1.3687
-296.98,2167.6,2689.5,-1.7799,-3437.8,-449.07,5.6078e+05,22081,1,-833.2,-1358.6,-1778.5,956.86,558.08,785.43,1370.5,-1088.5,-1241.8,3513.1,268435,413,62,318,-0.12134,-1.7167,1.3687
-335.74,2191,2710.9,-13.491,-3474.5,-436.18,5.3804e+05,22089,1,-2476.3,-3075,-3996.8,-393.23,-309.8,-409.52,-1291.3,-2496.6,-3208.6,7083.4,312099,413,62,318,-0.07917,-1.7191,1.3687
-365.77,2183.2,2690,-21.483,-3454.2,-452.53,5.3699e+05,22091,1,-4191.4,-3541.9,-4652.3,-1016.1,-458.14,-625.55,-1867.6,-2470,-3201.4,8540.6,319605,413,62,318,-0.06862,-1.7196,1.3687
-270.71,2150.4,2658.7,-4.8244,-3400.8,-447.71,5.6254e+05,22077,1,-1333.2,-1363,-1845.1,820.22,537.45,759.54,1088.9,-1086.5,-1247.7,3535.7,269120,413,62,318,-0.14239,-1.7151,1.3687
-286.79,2158,2672.3,-3.4037,-3417.2,-451.3,5.6097e+05,22079,1,-1354.6,-1394.4,-1879.6,856.31,541.82,761.91,1381.6,-1045.8,-1177.8,3648.2,272540,413,62,318,-0.13187,-1.7159,1.3687
-260.05,2142,2648,-3.4008,-3386.1,-449.34,5.6467e+05,22075,1,-771.33,-1254.9,-1654.7,924.11,560.71,805.89,991.39,-1099.6,-1262.7,3419.7,265456,413,62,318,-0.15291,-1.7142,1.3687
-257.57,2131.7,2635.3,-1.3141,-3368.2,-458.84,5.6368e+05,22073,1,-589.31,-1211.9,-1591.9,1026,609.67,887.7,1371.6,-982.56,-1066.7,3419.7,265455,413,62,318,-0.16343,-1.7132,1.3687
-251.57,2121.4,2618,-2.2789,-3346.9,-464.69,5.6722e+05,22071,1,-949.32,-1203.8,-1624.8,1007.9,572.86,843.04,1460,-996.5,-1058,3419.7,265454,413,62,318,-0.17394,-1.7122,1.3687
-239.3,2111.8,2601.1,-4.1265,-3326.7,-464.25,5.6703e+05,22069,1,-1289.4,-1295.8,-1796.3,982.92,540.1,809.13,1350.3,-1010.6,-1081.8,3534.9,269091,413,62,318,-0.18444,-1.7111,1.3687
-227.26,2101.7,2585.8,-4.565,-3307.5,-463.85,5.6456e+05,22067,1,-1181.7,-1286,-1774.8,1043.5,498.05,770.92,1309.9,-1101.6,-1190.1,3532.3,269015,413,62,318,-0.19494,-1.7099,1.3687
-217.58,2091.1,2570.9,-4.2353,-3288.3,-465.63,5.6256e+05,22065,1,-1013.9,-1251.1,-1715.1,1078.7,470.24,749.1,1319.1,-1157.7,-1249.4,3481.6,267410,413,62,318,-0.20542,-1.7087,1.3687
-208.51,2080.2,2555.3,-4.1773,-3268.2,-467.84,5.6433e+05,22063,1,-992.63,-1197.1,-1647.1,1117.9,434.48,716.74,1375.4,-1196.7,-1275.5,3469,267022,413,62,318,-0.2159,-1.7074,1.3687
-200.37,2069,2539.3,-3.9965,-3247.6,-470.78,5.6352e+05,22061,1,-901.57,-1139.6,-1568.6,1153.3,418.63,711.42,1405,-1229.6,-1302.2,3430,265813,413,62,318,-0.22638,-1.706,1.3687
-192.61,2057.1,2522.4,-3.8661,-3225.9,-473.88,5.5989e+05,22059,1,-940.82,-1069.1,-1492.5,1188.4,408.44,713.2,1455.4,-1216.9,-1263.5,3419.7,265441,413,62,318,-0.23684,-1.7046,1.3687
-183.06,2045,2504.8,-4.2183,-3203.8,-475.02,5.5947e+05,22057,1,-1298.5,-1107.5,-1615.1,1174.6,408.03,721.1,1474.6,-1180.3,-1202.9,3549.9,269510,413,62,318,-0.24729,-1.7031,1.3687
-200.33,2046.3,2468.4,-4.0067,-3172.7,-504.52,5.577e+05,20747,1,-1269.2,-1184.5,-1690.8,1117.3,471.18,785.78,1362.1,-1076.2,-1068.6,3480.8,267380,413,62,318,-0.25648,-1.6932,1.3793
-175.55,2025.5,2438.9,-4.7403,-3135.3,-501.13,5.5777e+05,20743,1,-1283.9,-1207.8,-1738.8,1089.4,468.71,793.27,1178.7,-1126.3,-1145.3,3483.6,267478,413,62,318,-0.27724,-1.6899,1.3793
-187.62,2035.9,2453,-4.7677,-3153.5,-502.57,5.5809e+05,20745,1,-1389.1,-1239.3,-1788.9,1076.4,479.77,796.47,1249.7,-1091.1,-1097.1,3556,269738,413,62,318,-0.26686,-1.6916,1.3793
-204.75,2039.7,2420.2,-4.53,-3126.7,-532.25,5.5973e+05,19441,1,-1328,-1121.3,-1619.3,1129.7,507.94,838.56,1262.6,-1055,-1024.7,3419.7,265451,413,62,318,-0.27586,-1.6816,1.3897
-194.09,2028.8,2405.7,-4.1438,-3107.7,-532.04,5.5842e+05,19439,1,-1190.5,-1137.7,-1620.5,1139.3,484.14,819.63,1246.7,-1080.3,-1049.2,3419.7,265432,413,62,318,-0.28617,-1.6798,1.3897
-184.2,2017.9,2390.7,-4.1391,-3088.3,-532.48,5.5677e+05,19437,1,-1211.9,-1183,-1687.4,1101.6,470.97,803.42,1224.3,-1110.4,-1079.9,3419.7,265305,413,1801,347,-0.29648,-1.6781,1.3897
-213.97,2032.2,2373.1,-3.2742,-3080.4,-564.28,5.6041e+05,18141,1,-1113.4,-1197.8,-1662.2,1137.2,514.5,852.47,1343.4,-1029.9,-942.94,3419.7,265439,413,1801,347,-0.29499,-1.6696,1.4002
-233.22,2037.1,2341.1,-3.2517,-3054.4,-596.14,5.586e+05,16851,1,-1520.5,-1093.5,-1615.8,1109,568.12,906.74,1383.8,-988.88,-865.92,3483.7,267481,413,1801,347,-0.30367,-1.6593,1.4106
-243,2043.9,2310.7,-5.0058,-3032,-619.03,5.6176e+05,15569,1,-2215.6,-998.37,-1646.8,1120.3,604.46,948.23,1323.3,-936.72,-798.9,3589.1,270785,413,1801,347,-0.31223,-1.6489,1.4209
-271.84,2060.7,2296.8,-3.9159,-3028.6,-650.49,5.5923e+05,14297,1,-1977.5,-947.74,-1517,1094.5,600.61,926.12,1299.2,-979.71,-841.06,3589.1,270786,413,1801,347,-0.3106,-1.6403,1.4311
-298.2,2076.6,2281.6,-3.3804,-3024.1,-679.35,5.5444e+05,13035,1,-1638.9,-1020.2,-1504.7,1028.6,526.17,814.83,1180.9,-1127.3,-1021.8,3420.4,265489,413,1801,347,-0.30896,-1.6316,1.4414
-325.13,2090.5,2261.9,-4.3381,-3014.9,-708.39,5.5186e+05,11783,1,-1841.6,-1110.3,-1633.6,985.3,481.7,748.43,1073.6,-1210.6,-1124.3,3596.9,271038,413,1801,347,-0.30731,-1.6229,1.4515
-356.36,2103.3,2240.8,-4.8917,-3003.7,-741.47,5.5143e+05,10539,1,-1690.7,-1269.6,-1754.3,1013.4,456.24,714.69,1162.8,-1217.9,-1101.7,3652.8,272667,413,1801,347,-0.30565,-1.6141,1.4616
-388.29,2116.3,2221.6,-4.3596,-2994,-775.25,5.5334e+05,9305,1,-1541.1,-1193.3,-1618.9,1101.2,492.06,762.28,1339,-1128.9,-955.2,3526.4,268814,413,1801,347,-0.30398,-1.6053,1.4717
-416.62,2130.6,2205.5,-3.3695,-2987.9,-805.75,5.572e+05,8083,1,-1402.6,-1163.4,-1542.1,1149.8,516.25,791.84,1379,-1070.8,-870.72,3423.5,265588,413,1801,347,-0.30229,-1.5964,1.4817
-441.77,2145.5,2190.1,-2.7991,-2983.3,-833.23,5.5699e+05,6873,1,-1024.9,-1005.1,-1277.9,1182.2,544.02,817.54,1371.2,-1058.4,-851.96,3419.7,265384,413,1801,347,-0.30059,-1.5874,1.4916
-463.46,2160.4,2174.4,-3.0347,-2979.1,-857.32,5.5736e+05,5677,1,-1000.4,-979.68,-1228.4,1152.5,559.95,818,1180.9,-1049.8,-868.33,3419.7,265362,413,1801,347,-0.29888,-1.5784,1.5015
-484.65,2175.7,2157.6,-4.3121,-2974.5,-880.99,5.5368e+05,4495,1,-1216.2,-1032,-1308.2,1096.4,576.28,814.04,983.6,-1079.7,-927.74,3419.7,265379,413,1796,346,-0.29717,-1.5693,1.5113
-512.1,2190.7,2139.9,-5.2389,-2968.3,-910.75,5.54e+05,3329,1,-1608.6,-879.79,-1216.2,1044.4,641.22,860.79,937.98,-980.65,-825.31,3419.7,265381,413,1796,346,-0.29543,-1.5602,1.5211
-543,2215.3,2101.3,-6.0167,-2949.5,-958.26,5.5044e+05,735057,1,-2265,-1383.6,-1824.3,922.32,558.05,738.63,817.51,-1212.4,-1052.6,3914.9,280646,413,1796,346,-0.30139,-1.5405,1.5399
-518.13,2203.1,2122.6,-4.9758,-2961.2,-926.76,5.5652e+05,736151,1,-1821.6,-816.52,-1181.8,1072.3,690.03,909.95,916.33,-950.57,-781.33,3419.7,265388,413,1796,346,-0.29957,-1.5501,1.5306
-902.52,2327.6,1870.7,-13.362,-2809.2,-1356.4,5.1591e+05,723085,1,-3990.6,-2863,-3250.1,8.1245,-279.44,-244.36,-134.41,-2339.7,-2085.4,6683.1,310160,413,1778,343,-0.29895,-1.4414,1.6335
-958.53,2319.7,1826.3,-14.869,-2762.8,-1414.8,5.1566e+05,721823,1,-4327.2,-3496.3,-3837.8,-108.52,-299.95,-283.03,-71.625,-2223.5,-1954,7236.8,312939,413,1778,343,-0.30053,-1.4311,1.6421
-568.71,2225.2,2077.4,-7.1623,-2934.3,-990.21,5.4343e+05,733933,1,-2633,-1331.2,-1833.6,907.09,488.21,661.94,742.46,-1323.2,-1160.9,4149.2,285193,413,1796,346,-0.3032,-1.5308,1.5491
-596.12,2232.4,2049.6,-9.0998,-2914.2,-1023.4,5.3647e+05,732787,1,-3085.4,-1665.8,-2226.5,664.94,360.4,481.57,557.1,-1474.2,-1329.3,4723,291413,413,1796,346,-0.305,-1.5211,1.5583
-628.63,2238.4,2021.2,-9.9375,-2892.1,-1061.4,5.3499e+05,731621,1,-3485,-1920.6,-2529.4,575.08,394.46,491.65,532.6,-1422.1,-1265.6,5183.4,295754,413,1796,346,-0.30679,-1.5113,1.5674
-666.48,2245.6,1994.8,-9.6915,-2871.5,-1104.9,5.3723e+05,730439,1,-3658.6,-2161.9,-2774.7,571.53,517.05,603.13,620.02,-1247.6,-1069.5,5227.4,296186,413,1796,346,-0.30856,-1.5015,1.5765
-708.48,2257.4,1975.1,-7.1696,-2858.1,-1153.4,5.4278e+05,729243,1,-3536.7,-2023.2,-2597.8,629.8,666.26,749.68,839.56,-1072.4,-847.17,5227.4,296187,413,1796,346,-0.31033,-1.4916,1.5855
-744.28,2270.9,1956.6,-5.7954,-2847.4,-1196.3,5.421e+05,728033,1,-3466.9,-1846.2,-2400.9,721.69,721.34,812.45,945.07,-995.71,-740.34,5032.5,294470,413,1796,346,-0.31208,-1.4817,1.5945
-772.7,2284.6,1940,-4.1434,-2839.4,-1232.2,5.3977e+05,726811,1,-2641,-1209.9,-1627.8,859.46,798.31,899.92,1139.9,-883.92,-588.28,3962.5,281960,413,1796,346,-0.31382,-1.4717,1.6034
-812.29,2310.7,1935,-2.6726,-2852.3,-1268.1,5.337e+05,725579,1,-1875.9,-1030.4,-1289.1,889.4,757.24,854.73,976.59,-1141.4,-847.32,3765.2,276425,413,1796,346,-0.30565,-1.4616,1.6141
-829.32,2323.1,1911.1,-7.1135,-2840.2,-1292.5,5.2089e+05,724335,1,-2781.6,-1231.6,-1627.7,615.25,485.98,552.04,343.1,-1570.7,-1337,4146.7,285157,413,1778,343,-0.30731,-1.4515,1.6229
-858.32,2327.2,1876.8,-12.293,-2813.2,-1327,5.1593e+05,723083,1,-3418,-2185.9,-2576.1,263.65,3.2394,53.377,-91.238,-2144.6,-1913.5,5607,299849,413,1778,343,-0.30897,-1.4414,1.6316
-284.86,2191.7,2764.3,-4.1257,-3518.2,-385.38,5.3845e+05,23405,1,-793.73,-1709.5,-2218.5,515.4,364.84,497.9,80.379,-1633.6,-2065.7,4007.9,282803,413,62,318,-0.079555,-1.7275,1.3581
-280.8,2183.8,2755.9,-1.3852,-3505.3,-394.26,5.5185e+05,23403,1,-575.49,-1439.8,-1866.2,824.77,553.43,759.63,904.37,-1254.4,-1528.8,3513.1,268436,413,62,318,-0.090153,-1.727,1.3581
-277.05,2173.2,2740.3,-0.98254,-3485.1,-403.19,5.6657e+05,23401,1,-453.88,-1308.3,-1698.3,1060.8,679.17,943.23,1527.4,-937.34,-1078.8,3513.1,268430,413,62,318,-0.10075,-1.7264,1.3581
-272.99,2162.2,2723.1,-1.185,-3463.5,-411.63,5.7246e+05,23399,1,-601.93,-1329.7,-1739.4,1007.6,684.63,952.9,1443.3,-857.08,-969.56,3513.1,268429,413,62,318,-0.11134,-1.7257,1.3581
-267.11,2151.8,2706,-1.9318,-3442.3,-418.16,5.6975e+05,23397,1,-968.74,-1366,-1823.8,932.29,671.21,935.97,1484.1,-835.29,-927.76,3513.1,268428,413,62,318,-0.12193,-1.725,1.3581
-254.52,2143.5,2690.5,-3.6863,-3423.9,-418.02,5.67e+05,23395,1,-1351.3,-1349.2,-1845.2,813.49,643.73,896.69,1247.4,-900.25,-1021.5,3513.1,268427,413,62,318,-0.13251,-1.7242,1.3581
-293.81,2194,2755.6,-12.965,-3514,-381.06,5.3419e+05,23407,1,-2136.8,-2594.8,-3401.1,-226.22,-128.35,-170.8,-1238.6,-2450.5,-3176.1,6371,307720,413,62,318,-0.068954,-1.728,1.3581
-326.16,2185.2,2731,-22.174,-3489.9,-399.71,5.3954e+05,23409,1,-4413.4,-3842,-5066.9,-1219.6,-553.98,-754.53,-2286.5,-2630.1,-3445.5,9289.4,322489,413,62,318,-0.05835,-1.7283,1.3581
-239.66,2135.9,2678.3,-4.158,-3408.8,-415.56,5.7002e+05,23393,1,-1123.6,-1301.6,-1768.2,872.87,629.53,891.47,1058.4,-945.88,-1088.4,3419.7,265458,413,62,318,-0.14309,-1.7234,1.3581
-233.05,2126.1,2666.4,-2.2841,-3392.2,-421.04,5.7153e+05,23391,1,-657.1,-1293.8,-1715,1002.9,635.95,920.27,1199.4,-897.24,-1001.4,3419.7,265457,413,62,318,-0.15366,-1.7225,1.3581
-385.46,2166.8,2704.2,-24.779,-3458,-445.14,5.4241e+05,23411,1,-6083,-4306.1,-5693.7,-1703.1,-645.85,-883.65,-2111.4,-2346,-3066.9,9875.8,324196,413,62,318,-0.047744,-1.7287,1.3581
-230.27,2115.2,2650.8,-1.5735,-3371.8,-430.1,5.7151e+05,23389,1,-742.12,-1340.7,-1791.8,1007.2,634.64,925.72,1461.9,-852.62,-903.72,3419.7,265459,413,62,318,-0.16422,-1.7215,1.3581
-220.07,2106.1,2633.8,-3.618,-3351.8,-431.81,5.7327e+05,23387,1,-1223.5,-1397,-1928.6,905.43,593.48,868.12,1349.1,-934.82,-1011.3,3579.2,270480,413,62,318,-0.17478,-1.7205,1.3581
-205.75,2097.7,2619.7,-4.8341,-3334.8,-429.38,5.699e+05,23385,1,-1224.1,-1386.1,-1924,922.65,554.42,829.75,1129.8,-1040.1,-1163.7,3561.1,269915,413,62,318,-0.18534,-1.7194,1.3581
-195.37,2088.3,2607.4,-3.9054,-3318.5,-430.66,5.6798e+05,23383,1,-1067.6,-1327.2,-1828.4,1009.6,524.17,807.38,1183.9,-1098.6,-1216.3,3504,268141,413,62,318,-0.19588,-1.7182,1.3581
-187.68,2078.1,2593.4,-3.157,-3300.1,-434.38,5.6765e+05,23381,1,-847.26,-1256.2,-1720.4,1062.7,533.72,838.42,1298,-1092.6,-1185.7,3419.7,265460,413,62,318,-0.20642,-1.717,1.3581
-179.82,2067.5,2577.9,-3.1159,-3280.4,-437.77,5.6913e+05,23379,1,-854.93,-1197.5,-1645.5,1106.5,491.34,796.27,1354.8,-1153.1,-1236.8,3419.7,265463,413,62,318,-0.21695,-1.7157,1.3581
-174.11,2056.2,2562,-2.6268,-3259.7,-443.06,5.6626e+05,23377,1,-728.96,-1127.5,-1545.9,1163.5,495.37,820.74,1442.7,-1129.6,-1183.1,3419.7,265442,413,62,318,-0.22748,-1.7143,1.3581
-167.71,2044.4,2544.4,-2.8793,-3237.5,-447.46,5.6107e+05,23375,1,-1102.5,-1113.3,-1600.7,1158.5,472.09,800.12,1538.1,-1124.9,-1148.6,3489,267690,413,62,318,-0.23799,-1.7129,1.3581
-155.28,2032.8,2525.7,-4.5392,-3215.1,-445.76,5.6057e+05,23373,1,-1503.5,-1130.2,-1700.4,1167.4,428.18,753.36,1510,-1154.5,-1178.6,3619.6,271678,413,62,318,-0.2485,-1.7114,1.3581
-139.58,2021.2,2509.1,-5.4681,-3194.7,-440.71,5.5861e+05,23371,1,-1543.2,-1138.9,-1728,1160.4,424.24,755.56,1303,-1163.2,-1216.1,3619.6,271676,413,62,318,-0.25899,-1.7098,1.3581
-169.82,2033.5,2487.8,-5.0967,-3182.7,-472.45,5.5735e+05,22055,1,-1482.8,-1192.7,-1762,1133.9,412.58,726.18,1334.3,-1151.9,-1181.6,3619.6,271675,413,62,318,-0.25774,-1.7016,1.3687
-155.87,2022.7,2473.3,-5.1694,-3164.3,-469.15,5.5818e+05,22053,1,-1369.6,-1215.7,-1777.5,1105,437.45,759.77,1178.8,-1152.2,-1200.4,3558.3,269820,413,62,318,-0.26818,-1.6999,1.3687
-145.09,2012.1,2460,-4.3464,-3146.7,-468.91,5.578e+05,22051,1,-1127.7,-1194.3,-1713.6,1096.6,461.57,797.81,1140.5,-1155.3,-1201.5,3430.1,265816,413,62,318,-0.2786,-1.6983,1.3687
-135.47,2001.6,2445.9,-3.9839,-3128.3,-469.69,5.5887e+05,22049,1,-1127.1,-1129.7,-1636.7,1098.8,460.55,802.92,1185.5,-1166.3,-1193.2,3388.1,264367,413,62,318,-0.28902,-1.6965,1.3687
-164.91,2014.9,2424.7,-4.4666,-3117,-500.95,5.5814e+05,20741,1,-1234.3,-1181.6,-1700.1,1107.6,457.69,789.41,1203.4,-1138.5,-1140.5,3451.7,266519,413,62,318,-0.2876,-1.6882,1.3793
-144.26,1994.2,2396.9,-4.0362,-3080.9,-500.9,5.616e+05,20737,1,-949.59,-1091.2,-1544.7,1101.7,457.23,805.03,1140.9,-1162.7,-1166.8,3250.3,259250,413,1801,347,-0.3083,-1.6846,1.3793
-153.77,2004.4,2410.3,-4.5841,-3098.5,-500.17,5.5986e+05,20739,1,-1198.1,-1176,-1697.6,1082.3,443.3,776.01,1146.3,-1171.3,-1187.6,3430.2,265824,413,62,318,-0.29795,-1.6864,1.3793
-172.54,2007.9,2376.5,-4.5499,-3070.4,-531.2,5.5974e+05,19435,1,-1330.1,-1064.1,-1578.2,1075.2,467.1,801.95,1137.4,-1152.9,-1138,3365.6,263662,413,1801,347,-0.30677,-1.6762,1.3897
-202.47,2022,2357.5,-4.3564,-3061,-563.16,5.5861e+05,18139,1,-1534.8,-1168.9,-1728.8,1080.1,500.03,831.19,1244.4,-1074.9,-1012,3483.7,267480,413,1801,347,-0.30523,-1.6678,1.4002
-185.96,2011.9,2343.3,-5.4141,-3043.5,-557.03,5.5978e+05,18137,1,-1640.3,-943.03,-1490.8,1122.8,494.68,841.47,1127.7,-1092,-1045.8,3402,264813,413,1801,347,-0.31545,-1.6659,1.4002
-213.31,2027.1,2325.3,-5.8391,-3036,-586.74,5.6177e+05,16849,1,-2149.3,-944.5,-1587.4,1132.1,568.07,918.84,1161,-1005.4,-922.02,3589.1,270784,413,1801,347,-0.31385,-1.6574,1.4106
-220.22,2033.3,2297.4,-6.0425,-3015.4,-606.67,5.6332e+05,15567,1,-1817.6,-934.4,-1493.3,1197.9,593.9,960.24,1033.7,-942.83,-858.75,3436.7,266013,413,1801,347,-0.32234,-1.6469,1.4209
-249.25,2050.6,2282.7,-5.8498,-3011.7,-638.49,5.6183e+05,14295,1,-2186.6,-1000.4,-1634.2,1190.6,601.75,956.05,1124.5,-954.38,-840.86,3681.2,273528,413,1801,347,-0.32066,-1.6383,1.4311
-278.32,2067.3,2267.6,-5.3782,-3007.3,-670.21,5.5516e+05,13033,1,-2188.5,-944.23,-1552.1,1106.1,558.06,876.69,1095.9,-1040.5,-935.04,3681.2,273529,413,1801,347,-0.31897,-1.6297,1.4414
-306.95,2081.6,2249,-5.6472,-2999,-701.08,5.4951e+05,11781,1,-2289.2,-1024,-1646.5,1040.5,483.08,768.43,988.56,-1182.4,-1102.6,3807.5,277718,413,1801,347,-0.31727,-1.621,1.4515
-338.14,2094.5,2227.9,-6.1975,-2987.6,-734.15,5.475e+05,10537,1,-2263,-1159.8,-1769.2,993.54,432.45,691.98,1011.1,-1259.8,-1173.7,3903.4,280394,413,1801,347,-0.31555,-1.6122,1.4616
-371.14,2106.4,2206.6,-6.1834,-2975.3,-768.83,5.4793e+05,9303,1,-2163.6,-1202.7,-1773.6,1053.9,448.24,712.88,1145.1,-1185.1,-1049.7,3861.4,279330,413,1801,347,-0.31382,-1.6034,1.4717
-403.69,2120.1,2189.8,-4.5133,-2967.8,-803.41,5.5372e+05,8081,1,-1952.1,-1264.9,-1775.5,1122.6,493.82,768.73,1290,-1101.4,-912.46,3790.5,277232,413,1801,347,-0.31208,-1.5945,1.4817
-433.16,2134.9,2174.4,-3.2354,-2962.4,-835.16,5.5757e+05,6871,1,-1242.6,-1135.2,-1464.2,1175.1,534.19,811.02,1391,-1048.1,-824.74,3419.7,265415,413,1801,347,-0.31033,-1.5855,1.4916
-458.41,2149.9,2159.8,-2.2106,-2958.5,-862.82,5.5946e+05,5675,1,-820.58,-1024.8,-1245.7,1190.6,573.11,846.15,1383.5,-988.15,-753.18,3419.7,265375,413,1801,347,-0.30856,-1.5765,1.5015
-479.16,2166.1,2146.6,-1.8686,-2957,-886.3,5.6017e+05,4493,1,-705.94,-1035.6,-1216.6,1143.1,597.65,852.01,1156.3,-1015.9,-818.05,3419.7,265363,413,1801,347,-0.30679,-1.5674,1.5113
-500.84,2181.8,2129.4,-3.6707,-2952.4,-910.59,5.5189e+05,3327,1,-989.34,-540.66,-752.2,1118,674.41,914.23,993.08,-900.7,-723.91,3419.7,265364,413,1796,346,-0.305,-1.5583,1.5211
-519.69,2202.6,2093.4,-5.4298,-2934.4,-945.09,5.4239e+05,735055,1,-1325.8,-1051.4,-1318.3,1310.9,609.63,876.28,1084,-1131.4,-913.64,3419.7,265400,413,1796,346,-0.31084,-1.5405,1.538
-501.21,2190.3,2114.3,-3.6888,-2945,-919.68,5.496e+05,736149,1,-838.04,-445.27,-617.13,1280,654.78,923.38,1157.5,-933.29,-711.41,3419.7,265366,413,1796,346,-0.30896,-1.5501,1.5287
-905.41,2324.5,1836,-15.428,-2774.1,-1377.8,5.1675e+05,721821,1,-4511.1,-3015.9,-3483.3,-317.05,-131.98,-175.16,-545.99,-2221.7,-2042.5,7150.8,312501,413,1778,343,-0.3106,-1.4311,1.6403
-539.48,2213.7,2071.2,-7.0565,-2921.9,-971.62,5.3873e+05,733931,1,-1802.8,-1164.3,-1512.6,1257.1,553.71,802.76,929.39,-1218.6,-1017.4,3578.9,270475,413,1796,346,-0.3127,-1.5308,1.5472
-563.39,2223.5,2047.6,-8.1908,-2906.9,-1002,5.3793e+05,732785,1,-2171.3,-1291.9,-1701.1,1081.6,514.69,723.11,661.2,-1295,-1132.6,3825.2,278421,413,1796,346,-0.31456,-1.5211,1.5564
-591.91,2232,2021.9,-9.4051,-2888.9,-1036.7,5.3718e+05,731619,1,-2877.9,-1675.9,-2197.5,763.56,428.8,568.59,331.97,-1423.1,-1308.4,4567,289868,413,1796,346,-0.3164,-1.5113,1.5655
-625.02,2240.4,1995.6,-10.371,-2869.7,-1076,5.3731e+05,730437,1,-3422.9,-1860.1,-2463.7,624.11,514.25,616.65,253.83,-1337.5,-1224.6,5062.9,294721,413,1796,346,-0.31823,-1.5015,1.5746
-661.62,2250.1,1970.6,-10.898,-2851.6,-1118.9,5.3933e+05,729241,1,-3937.2,-2039.5,-2712,681.08,606.33,707.32,477.84,-1211.7,-1043.8,5579.8,299606,413,1796,346,-0.32005,-1.4916,1.5836
-700.99,2262,1950.2,-9.1164,-2837.9,-1165.2,5.4319e+05,728031,1,-3897.9,-2017.6,-2665.7,774.19,674.85,784.23,631.14,-1067.6,-866.55,5507.2,298990,413,1796,346,-0.32186,-1.4817,1.5925
-735.32,2274.7,1931.6,-7.4915,-2826.6,-1206.7,5.4366e+05,726809,1,-3368.7,-1750.3,-2292.8,928.75,671.41,806.13,828.48,-1015,-766.34,4892.5,293096,413,1796,346,-0.32365,-1.4717,1.6014
-789.93,2299.6,1924.9,-3.8571,-2834.9,-1257.4,5.3765e+05,725577,1,-2406.9,-795.93,-1194.7,1001.7,803.43,924.76,1140.8,-913.4,-604.33,3765.2,276438,413,1796,346,-0.31555,-1.4616,1.6122
-760.04,2287.3,1914.8,-5.7649,-2817.9,-1239,5.4278e+05,725575,1,-2641.4,-1042.1,-1477.2,1084.8,742.95,892.58,1032.3,-900.21,-609.48,3875.4,279682,413,1796,346,-0.32544,-1.4616,1.6102
-801.49,2313.6,1907.1,-5.7771,-2828.6,-1277,5.2806e+05,724333,1,-2341.5,-895.47,-1261.3,978.52,699.58,819.63,818.67,-1131.5,-852.95,3765.2,276429,413,1796,346,-0.31727,-1.4515,1.621
-819.86,2324.2,1882.5,-9.3911,-2814.4,-1302.7,5.2055e+05,723081,1,-2983.6,-1645.4,-2032.6,443.02,354.99,401.62,-64.744,-1717,-1528.5,4638.2,290529,413,1778,343,-0.31897,-1.4414,1.6297
-254.05,2178.3,2790.7,-0.15512,-3531.6,-353.99,5.6337e+05,24727,1,-305.97,-1428.2,-1854.2,946.54,578.81,802.16,1050.1,-1222.1,-1505.1,3513.1,268438,413,62,318,-0.079937,-1.7358,1.3475
-252.7,2166.2,2772,-0.37453,-3508.1,-365.28,5.7889e+05,24725,1,-407.61,-1335.9,-1748.5,1056.5,732.64,1014.7,1537.1,-781.72,-902.2,3513.1,268431,413,62,318,-0.090586,-1.7353,1.3475
-248.26,2155.2,2753.7,-1.2528,-3485.7,-373.39,5.7923e+05,24723,1,-540.8,-1360.2,-1790.4,1057.7,741.26,1033.1,1606.2,-708.81,-789.73,3513.1,268432,413,62,318,-0.10123,-1.7347,1.3475
-234.43,2135.5,2721.3,-2.627,-3445.7,-384.4,5.7269e+05,24719,1,-1067.3,-1438.5,-1948.8,850.73,674.23,944.22,1323.3,-816.38,-930.35,3515.6,268515,413,62,318,-0.12251,-1.7333,1.3475
-242.48,2144.8,2736.8,-1.8899,-3464.7,-380.07,5.7617e+05,24721,1,-732.14,-1406.1,-1872.9,963.72,714.26,999.45,1453.8,-741.77,-836.45,3513.1,268433,413,62,318,-0.11187,-1.734,1.3475
-210.02,2119.9,2696,-3.5558,-3414.4,-384.7,5.7407e+05,24715,1,-1036.8,-1399.2,-1908.7,879.99,637.03,912.74,1106.9,-874.48,-1005.5,3419.7,265473,413,62,318,-0.14377,-1.7317,1.3475
-221.79,2127.8,2707.8,-3.7284,-3429.5,-384.18,5.722e+05,24717,1,-1258.8,-1441.4,-1977.9,784.06,645.4,907.31,1121.2,-875.02,-1014.6,3532.8,269033,413,62,318,-0.13314,-1.7325,1.3475
-258.16,2193.6,2798.2,-10.853,-3549.4,-332.03,5.3026e+05,24731,1,-1886.6,-2119.3,-2804,-295.52,52.908,58.599,-1901.4,-2409.8,-3180,5961.6,303461,413,62,318,-0.05863,-1.7366,1.3475
-254.63,2189.5,2805.8,-1.3947,-3551.7,-341.72,5.358e+05,24729,1,-198.09,-1482.8,-1922.9,892.82,498.31,692.1,768.89,-1482.2,-1866.9,3705.9,274329,413,62,318,-0.069285,-1.7363,1.3475
-286.69,2186,2769.7,-23.236,-3523,-346.94,5.3817e+05,24733,1,-4228.3,-3275.2,-4357,-1076.2,-430.89,-589.09,-2130.2,-2819.9,-3708.1,8690.2,320147,413,62,318,-0.047973,-1.737,1.3475
-203.44,2110,2682.6,-2.5918,-3396.7,-390.12,5.7518e+05,24713,1,-782.26,-1437.4,-1937.4,994.61,614.89,903.53,1322.2,-870.55,-966.28,3472,267109,413,62,318,-0.1544,-1.7308,1.3475
-196.13,2099.9,2666.3,-3.2617,-3376.6,-394.66,5.7622e+05,24711,1,-996.17,-1536.3,-2093.6,933.7,582.73,860.61,1358.5,-917.25,-1011.5,3660.3,272881,413,62,318,-0.16501,-1.7298,1.3475
-348.39,2168,2742.9,-26.003,-3491.2,-394.87,5.4325e+05,24735,1,-5332.5,-4319.9,-5724.6,-1620.8,-773.64,-1043.1,-2501.7,-2932.3,-3860.8,10675,326676,413,62,318,-0.037314,-1.7372,1.3475
-183.57,2091.8,2652.1,-4.6544,-3359.7,-394.05,5.7502e+05,24709,1,-1162.2,-1532.1,-2121.1,848.17,556.56,826.36,1072.3,-1030.1,-1185,3677.5,273409,413,62,318,-0.17562,-1.7287,1.3475
-172.08,2083.5,2640.7,-4.1641,-3344.9,-394.39,5.7251e+05,24707,1,-1130.8,-1408.3,-1957.1,906.76,564.72,848.01,1068.9,-1050.2,-1198.2,3554.4,269684,413,62,318,-0.18623,-1.7276,1.3475
-164.79,2073.6,2627.9,-2.9517,-3327.8,-398.62,5.7347e+05,24705,1,-826.17,-1311.5,-1800.8,1033.3,568.41,879.46,1232.4,-1035.9,-1146.6,3422.9,265570,413,62,318,-0.19682,-1.7265,1.3475
-158.39,2063,2612.5,-2.6704,-3308,-403.5,5.7357e+05,24703,1,-763.72,-1260.6,-1731.6,1084.8,571.92,899.36,1366.9,-1001.2,-1071.1,3419.7,265444,413,62,318,-0.20741,-1.7252,1.3475
-151.83,2052.1,2596.4,-2.6813,-3287.7,-408.08,5.7293e+05,24701,1,-730.57,-1238.9,-1703.3,1114.3,565.29,903.62,1407.6,-994.63,-1044.5,3419.7,265443,413,62,318,-0.21799,-1.7239,1.3475
-147.26,2040.8,2579.9,-2.3379,-3266.6,-414.42,5.6847e+05,24699,1,-834.27,-1253.9,-1746.7,1124.7,541.82,884.69,1476.5,-1009.6,-1037.9,3455,266622,413,62,318,-0.22857,-1.7225,1.3475
-124.73,2019.2,2545.2,-5.1622,-3224.9,-413.58,5.6405e+05,24695,1,-1478.1,-1196.1,-1800.7,1111.3,476.79,814.55,1351.1,-1121.7,-1181.6,3619.6,271679,413,62,318,-0.24969,-1.7196,1.3475
-139.12,2029.7,2562.1,-3.4718,-3244.9,-417.12,5.6504e+05,24697,1,-1241.2,-1255.8,-1826.4,1092.5,516.84,853.88,1497.6,-1045.3,-1069.8,3619.6,271673,413,62,318,-0.23913,-1.7211,1.3475
-110.04,2007.9,2530.2,-5.2716,-3206,-409.52,5.6199e+05,24693,1,-1501.6,-1105.5,-1699,1173,446.26,795.79,1261,-1177.2,-1257.5,3619.6,271674,413,62,318,-0.26024,-1.718,1.3475
-96.599,1995.9,2514.9,-4.9011,-3186.3,-406.44,5.598e+05,24691,1,-1240.5,-1083.6,-1628.5,1216.5,452.11,820.45,1268.5,-1140.5,-1197.9,3473.8,267176,413,62,318,-0.27077,-1.7164,1.3475
-125.41,2009.6,2494.6,-5.0245,-3175.9,-437.04,5.5866e+05,23369,1,-1329.9,-1164.1,-1726.9,1163.7,436.94,780.55,1179,-1149.9,-1212.3,3527.4,268858,413,62,318,-0.26948,-1.7082,1.3581
-115.55,1998.3,2480.6,-3.9602,-3157.3,-437.52,5.5951e+05,23367,1,-1074,-1178.5,-1700.5,1147.3,458.6,811.44,1172.8,-1131.4,-1181.4,3416.2,265208,413,62,318,-0.27996,-1.7065,1.3581
-107.79,1987.2,2466,-3.3558,-3138.2,-440,5.6169e+05,23365,1,-837.58,-1101.5,-1561.9,1145.5,488.44,858.44,1246.5,-1112.6,-1131.5,3273.2,260010,413,62,318,-0.29042,-1.7048,1.3581
-100.85,1976.2,2450.7,-3.0022,-3118.5,-443.14,5.6665e+05,23363,1,-785.34,-991.89,-1414.1,1162.5,495.13,876.77,1276.7,-1103.7,-1100.3,3166.1,256514,413,62,318,-0.30088,-1.703,1.3581
-125.45,1991,2431.5,-3.8855,-3109.9,-469.94,5.6262e+05,22047,1,-920.22,-1033.6,-1480.8,1127.4,472.17,832.91,1180.9,-1137.9,-1148.4,3210,257987,413,62,318,-0.29942,-1.6947,1.3687
-119.25,1980,2417.5,-2.7731,-3091,-473.75,5.6338e+05,22045,1,-660.71,-990.8,-1374.1,1156.7,485.32,862.35,1219.8,-1111,-1097.2,3090.3,249834,413,62,318,-0.30981,-1.6929,1.3687
-115.49,1968.8,2402,-2.0516,-3070.7,-479.78,5.6401e+05,22043,1,-630.62,-929.03,-1294.7,1175.7,494.95,885.4,1329,-1089.3,-1036,3061.7,249032,413,1801,347,-0.32019,-1.6909,1.3687
-137.43,1983.6,2383.2,-3.168,-3062.5,-504.1,5.6043e+05,20735,1,-933.47,-909.67,-1324,1145.2,463.12,829.67,1219.7,-1141.2,-1108.1,3111.9,250419,413,1801,347,-0.31863,-1.6826,1.3793
-160.9,1997.7,2363,-4.4249,-3052.9,-529.78,5.5927e+05,19433,1,-1205.4,-928.77,-1393.3,1127,459.58,810.95,1127.2,-1164.3,-1145.4,3214.7,258126,413,1801,347,-0.31705,-1.6743,1.3897
-151.39,1986.6,2348.8,-3.7837,-3034,-530.15,5.5948e+05,19431,1,-953.63,-867.02,-1267.1,1187.5,450.2,821.45,1195.6,-1113.6,-1058.4,3056.8,248904,413,1801,347,-0.32731,-1.6723,1.3897
-172.63,2000.9,2330.6,-4.5179,-3026.3,-553.75,5.602e+05,18135,1,-1026.3,-836.85,-1230.9,1182.2,491.71,858.88,1036,-1035.2,-987.45,2960.7,246330,413,1801,347,-0.32567,-1.6639,1.4002
-194.59,2016.4,2313.4,-5.4024,-3020.1,-578.28,5.6306e+05,16847,1,-1418,-911.37,-1394.1,1179.8,543.71,909.33,972.85,-1005.1,-958.5,3189.8,257358,413,1801,347,-0.32401,-1.6554,1.4106
-188.44,2005.3,2301.9,-2.5675,-3002.8,-581.95,5.5861e+05,16845,1,-688.43,-924.76,-1246.3,1174.1,541.52,912.6,1088.3,-974.91,-884.61,2909.3,244119,413,1801,347,-0.33416,-1.6534,1.4106
-209.4,2021.9,2286.4,-3.4445,-2998.7,-605.78,5.606e+05,15565,1,-862.63,-885.92,-1225.8,1207.5,582.16,956.25,1005.4,-973.28,-891.08,2914.7,244825,413,1801,347,-0.33244,-1.6449,1.4209
-231.81,2039.1,2270.4,-4.8694,-2994.7,-631.16,5.6151e+05,14293,1,-1365.1,-907.01,-1350.6,1243.4,594.68,967.25,1023.9,-951.91,-851.77,3166.3,256520,413,1801,347,-0.33071,-1.6363,1.4311
-257.1,2056.8,2255.7,-5.4865,-2991.6,-659.46,5.5959e+05,13031,1,-1949.5,-916.71,-1475.5,1205.1,554.03,899.49,987.11,-1045.5,-952.84,3515.9,268527,413,1801,347,-0.32896,-1.6277,1.4414
-285.02,2072.1,2237.3,-6.3916,-2984,-689.85,5.5152e+05,11779,1,-2154.3,-1010.9,-1611.9,1138.3,477.46,789.8,928.06,-1174.8,-1100.8,3723.1,275068,413,1801,347,-0.32721,-1.619,1.4515
-315.03,2085.2,2216.1,-7.2599,-2972.8,-721.86,5.4739e+05,10535,1,-2403.5,-1079.1,-1723,1071,423,704.83,879.46,-1247.5,-1178.6,3930.9,281118,413,1801,347,-0.32544,-1.6102,1.4616
-348.94,2097.2,2194.4,-7.3489,-2960,-757.48,5.4597e+05,9301,1,-2543.6,-1234.4,-1899.1,1050.2,435.82,703.56,980.46,-1205.4,-1094.5,3937.2,281278,413,1801,347,-0.32365,-1.6014,1.4717
-384.57,2110.2,2175.1,-6.3412,-2949.6,-794.97,5.4565e+05,8079,1,-2465.7,-1298.2,-1931.9,1084.8,480.03,751.26,1130.6,-1133,-973.2,3937.2,281277,413,1801,347,-0.32186,-1.5925,1.4817
-419.48,2124.7,2158.8,-4.6195,-2942.5,-832.05,5.5213e+05,6869,1,-2195.8,-1268.8,-1823.4,1120.7,521.07,795.15,1260.1,-1080.5,-879.13,3929.9,281098,413,1801,347,-0.32005,-1.5836,1.4916
-451.46,2139.6,2143.8,-2.8638,-2937.2,-866.36,5.5383e+05,5673,1,-1408.2,-1225.4,-1585.7,1152.8,575.78,847.81,1416.9,-1003.8,-752.76,3458.4,266729,413,1801,347,-0.31823,-1.5746,1.5015
-477.97,2156,2131.9,-0.91894,-2935.9,-895.59,5.5753e+05,4491,1,-731.52,-1079.6,-1273.6,1157.4,610.67,874.84,1442.8,-976.48,-708.69,3419.7,265377,413,1801,347,-0.3164,-1.5655,1.5113
-498.74,2172.1,2117.5,-1.2836,-2933.5,-919.14,5.5415e+05,3325,1,-664.96,-512.76,-667.21,1208.2,585.82,851.39,1302.3,-948.37,-701.28,3419.7,265365,413,1801,347,-0.31456,-1.5564,1.5211
-496.75,2175,2103.4,-0.85601,-2923.7,-924.14,5.5162e+05,736147,1,-497.88,-610.71,-720.28,1340.5,576.8,862.97,1386.2,-995.42,-718.09,3419.7,265367,413,1796,346,-0.31833,-1.5501,1.5268
-513.57,2186.6,2083.8,-1.4103,-2913.6,-947.91,5.5031e+05,735053,1,-448.61,-844.12,-940.33,1405,613.68,908.06,1370.1,-1051.4,-768.01,3419.7,265368,413,1796,346,-0.32027,-1.5405,1.5361
-528.67,2198.2,2063.7,-2.6395,-2903.4,-970.08,5.4138e+05,733929,1,-690.34,-942.2,-1076.3,1400.1,592.09,878.26,1195,-1119.3,-860.04,3419.7,265369,413,1796,346,-0.32219,-1.5308,1.5453
-853.34,2329.6,1849.4,-13.786,-2788.2,-1342,5.1728e+05,721819,1,-3630.4,-2351.4,-2759,-35.157,127.87,107.23,-658.2,-2078.8,-1942.6,5905.7,302850,413,1778,343,-0.32066,-1.4311,1.6383
-903.34,2328.8,1808.7,-17.76,-2749.7,-1396.2,5.1654e+05,720547,1,-4383.6,-3098.1,-3531.3,-314.77,-45.501,-99.433,-871.14,-2224.6,-2093.4,7175.3,312631,413,1778,343,-0.32234,-1.4209,1.6469
-968.27,2325.9,1768.3,-18.056,-2707.3,-1464.4,5.1815e+05,719267,1,-5404.2,-3586.6,-4111.8,-374.62,-111.65,-168.15,-603.14,-2162.1,-1963,7746.5,315788,413,1778,343,-0.32401,-1.4106,1.6554
-545.38,2210,2042.7,-4.3678,-2892.5,-993.96,5.3585e+05,732783,1,-713.91,-975.12,-1101.6,1393.5,621.09,900.23,1076.8,-1113.4,-863.18,3419.7,265372,413,1796,346,-0.3241,-1.5211,1.5545
-565.34,2221.8,2020.6,-6.4469,-2880.3,-1021.1,5.3367e+05,731617,1,-1675.1,-1360.4,-1658.3,1132.8,554.52,771.79,623.03,-1294.7,-1120.8,3593.6,270919,413,1796,346,-0.326,-1.5113,1.5636
-590.37,2232.5,1996.6,-8.4968,-2865.3,-1053.1,5.3291e+05,730435,1,-1566.5,-1434.2,-1693.7,1109.9,581.82,789.68,526.62,-1275.4,-1108,3564.4,269987,413,1796,346,-0.32789,-1.5015,1.5726
-620.84,2242.5,1971.8,-9.8394,-2848.4,-1090.3,5.3489e+05,729239,1,-2245.3,-1732.5,-2100.6,909.6,576.53,735.03,280.66,-1310.4,-1177.9,4164,285424,413,1796,346,-0.32976,-1.4916,1.5816
-657.57,2252.7,1947.7,-9.9354,-2831.1,-1133.7,5.3905e+05,728029,1,-2999.9,-2073.6,-2551.3,892.49,586.07,731.37,453.92,-1229.8,-1050.2,4930,293472,413,1796,346,-0.33162,-1.4817,1.5905
-697.64,2263.1,1925.7,-8.1446,-2814.7,-1180.5,5.428e+05,726807,1,-2769,-2092.4,-2501.6,1052.6,575.48,749.01,729.44,-1144.9,-901.96,4791.7,292162,413,1796,346,-0.33347,-1.4717,1.5994
-733.55,2273.6,1906.1,-5.3593,-2800.7,-1223.3,5.4497e+05,725573,1,-1879.6,-1767.8,-1998.3,1248,592.67,798.82,1060,-1065.6,-747.6,4002,282698,413,1776,342,-0.33531,-1.4616,1.6082
-777.48,2300.5,1899.3,-4.4925,-2811.7,-1264.3,5.3946e+05,724331,1,-1813.6,-1120.3,-1373.1,1279.2,704.65,892.19,1073.1,-949.57,-634.24,3765.2,276434,413,1796,346,-0.32721,-1.4515,1.619
-795.7,2313.6,1881.2,-5.0292,-2803.4,-1290.6,5.2907e+05,723079,1,-1265.9,-1268,-1377.2,1297.9,664.1,852.49,909.39,-1178.8,-859.19,3765.2,276430,413,1776,342,-0.32896,-1.4414,1.6277
-821.56,2324.8,1856.9,-7.6948,-2788.4,-1323.9,5.197e+05,721817,1,-2023.8,-1935,-2093.3,757.45,365.78,474.6,69.029,-1772.2,-1532.6,4318.4,287360,413,1778,343,-0.33071,-1.4311,1.6363
-225.24,2159.7,2803.6,-0.26882,-3531.3,-324.36,5.855e+05,26055,1,-287.72,-1391.2,-1833.3,1128.3,754.5,1051.9,1690.3,-681.89,-787.83,3513.1,268437,413,62,318,-0.080316,-1.744,1.3368
-221.79,2148.1,2784.5,-1.2366,-3508,-333.48,5.8053e+05,26053,1,-515.61,-1465.4,-1947.6,1062.5,725.17,1017.6,1665,-690.93,-788.44,3573.3,270309,413,62,318,-0.091015,-1.7435,1.3368
-215.85,2137.8,2767.2,-2.1642,-3486.9,-340.03,5.7871e+05,26051,1,-665.92,-1498.1,-2004.7,969.34,687.79,970.03,1473.2,-757.15,-875.78,3545.5,269388,413,62,318,-0.10171,-1.7429,1.3368
-209.3,2128.3,2752.1,-2.4443,-3468.1,-345.89,5.7621e+05,26049,1,-940.28,-1563.4,-2119.1,861.4,637.52,903.89,1323.9,-826.11,-963.84,3626.1,271871,413,62,318,-0.1124,-1.7422,1.3368
-186.99,2112.5,2725.1,-4.2248,-3435.5,-348.31,5.7515e+05,26045,1,-1266.7,-1604.1,-2213.9,753.91,599.04,854.07,1076.7,-877.03,-1034.3,3705.9,274332,413,62,318,-0.13378,-1.7407,1.3368
-199.65,2119.8,2737.8,-3.2927,-3450.7,-348.6,5.7457e+05,26047,1,-1158.9,-1622.7,-2222.3,780.8,609.68,865.58,1202.4,-845.98,-991.84,3713.6,274611,413,62,318,-0.12309,-1.7415,1.3368
-176.16,2104.5,2713.2,-4.1142,-3420.4,-349.68,5.7541e+05,26043,1,-1052.7,-1671.6,-2295.2,840.08,545.12,801.73,1069.8,-961.33,-1138.2,3765.7,276456,413,62,318,-0.14445,-1.7399,1.3368
-166.91,2095.3,2699.4,-4.1127,-3403,-352.42,5.7756e+05,26041,1,-978.86,-1631.6,-2232.2,926.52,544.61,813.84,1240,-975.01,-1122.6,3764.2,276327,413,62,318,-0.15513,-1.739,1.3368
-225.91,2185,2841.7,-0.18951,-3579.3,-299.5,5.3701e+05,26059,1,-528.78,-1539.6,-2028,686.51,516.72,708.06,258.3,-1405.6,-1811.8,3650.6,272617,413,62,318,-0.058908,-1.7449,1.3368
-225.89,2172.3,2823,0.023471,-3555.5,-312.33,5.7549e+05,26057,1,-83.899,-1328.1,-1737.9,1212.7,759.78,1054.8,1751.5,-736.71,-869.14,3513.1,268439,413,62,318,-0.069613,-1.7445,1.3368
-227.03,2192.9,2842.9,-7.1422,-3586.1,-287.49,5.2824e+05,26061,1,-1477.8,-2281.3,-3021.8,139.86,60.986,91.34,-721.19,-2336.9,-3068,5652,300223,413,62,318,-0.0482,-1.7452,1.3368
-156.47,2086.4,2685.6,-4.5226,-3386,-353.89,5.7739e+05,26039,1,-1024.9,-1614.6,-2228.6,876.24,515.98,780.53,1105.3,-1086.3,-1276.3,3781.3,276963,413,62,318,-0.16579,-1.738,1.3368
-301.13,2170,2786.2,-25.176,-3528.5,-334.38,5.4304e+05,26065,1,-5625.7,-4705.3,-6240.4,-1825.5,-911.8,-1224,-2209.8,-3104.4,-4094,11177,328317,413,62,318,-0.02678,-1.7457,1.3368
-361,2148.7,2761.4,-24.576,-3496.7,-380.76,5.4415e+05,26067,1,-4735.9,-5149.4,-6796.3,-1719.8,-1075,-1428.6,-2146.9,-3092.3,-4078.6,11177,328318,413,62,318,-0.016069,-1.7458,1.3368
-247.6,2187.5,2815.3,-20.583,-3561.6,-294.52,5.3682e+05,26063,1,-3029.3,-3498.5,-4646.7,-879.37,-546.74,-735.54,-2504.9,-3246.4,-4313.3,8946.4,321212,413,62,318,-0.037491,-1.7455,1.3368
-147.17,2078,2674.3,-3.8263,-3371.1,-356.44,5.7474e+05,26037,1,-905.51,-1497.8,-2064.6,887.81,546.56,827.64,1009.2,-1091.1,-1284.1,3599.4,271102,413,62,318,-0.17645,-1.7369,1.3368
-140.41,2068.6,2661.8,-2.8276,-3354.6,-361.3,5.7589e+05,26035,1,-804.11,-1394.9,-1923.6,988.79,571.54,880.79,1199.3,-1028.9,-1167.5,3497.5,267937,413,62,318,-0.18711,-1.7358,1.3368
-128.55,2047.3,2630,-2.8118,-3314.6,-372.01,5.7589e+05,26031,1,-749.88,-1329,-1838.8,1081.2,572.46,909.4,1398.8,-979.09,-1051.4,3471.9,267105,413,62,318,-0.2084,-1.7334,1.3368
-134.62,2058.1,2646.4,-2.5744,-3335.1,-366.88,5.7731e+05,26033,1,-711.27,-1351.8,-1859.9,1066.8,579.83,910.23,1379.6,-975.84,-1061.8,3475.4,267212,413,62,318,-0.19776,-1.7346,1.3368
-122.21,2036.5,2613.6,-3.0544,-3294.1,-376.73,5.7565e+05,26029,1,-789.86,-1361.5,-1898.2,1082,544.45,884.45,1402.9,-1018.9,-1093,3539.9,269235,413,62,318,-0.21903,-1.7321,1.3368
-115.82,2025.4,2596.8,-3.3119,-3273.2,-381.23,5.7095e+05,26027,1,-935.22,-1353.1,-1913.9,1072.2,528.33,867.73,1381.7,-1034.3,-1102.6,3570,270195,413,62,318,-0.22965,-1.7307,1.3368
-105.37,2015.3,2580.9,-4.2821,-3253.9,-381.7,5.6962e+05,26025,1,-1252.1,-1319.9,-1931.8,1046.3,509.31,846.58,1323.2,-1088.5,-1169,3619.6,271680,413,62,318,-0.24027,-1.7293,1.3368
-81.554,1994,2552.1,-4.1363,-3217.5,-379.27,5.606e+05,26021,1,-1214.3,-1109.7,-1670.3,1187.9,481.33,854.26,1304.9,-1141.6,-1218.3,3515.5,268513,413,62,318,-0.26147,-1.7262,1.3368
-92.488,2005.3,2566.7,-4.6739,-3236.3,-379.68,5.6541e+05,26023,1,-1304.7,-1251.4,-1861.6,1072.6,493.8,839.9,1194.1,-1137,-1245.2,3619.6,271672,413,62,318,-0.25087,-1.7278,1.3368
-70.402,1981.9,2535.8,-3.9789,-3196.8,-378.37,5.6349e+05,26019,1,-1122,-997.01,-1514,1264.7,473.8,869.03,1393.5,-1122,-1163.3,3417.3,265242,413,62,318,-0.27206,-1.7245,1.3368
-61.138,1968.9,2518.8,-3.4242,-3175.1,-379.06,5.6727e+05,26017,1,-804.82,-1006,-1463.8,1280.7,489.89,900.69,1375.3,-1071.5,-1090,3274.4,260046,413,62,318,-0.28263,-1.7228,1.3368
-87.215,1983.8,2500.1,-3.7237,-3166.6,-407.21,5.6404e+05,24689,1,-892.17,-1095.7,-1578.3,1197,484.56,866.19,1244.6,-1083.5,-1116.3,3297.7,260969,413,62,318,-0.2813,-1.7147,1.3475
-81.776,1972,2484.8,-2.6558,-3146.5,-411.8,5.6412e+05,24687,1,-572.29,-1064.2,-1477.8,1209.8,505.54,904.88,1318.6,-1069.9,-1076.9,3197.7,257590,413,62,318,-0.29182,-1.713,1.3475
-78.591,1960.6,2468.8,-1.9897,-3125.6,-418.5,5.6916e+05,24685,1,-486.16,-959.34,-1325.8,1202.6,520.3,929.29,1389,-1052,-1024,3095.1,249957,413,62,318,-0.30232,-1.7111,1.3475
-96.873,1964.5,2434.8,-2.1816,-3097.6,-448.94,5.6839e+05,23361,1,-504.99,-926.07,-1275.1,1208,509.12,914.65,1375.2,-1042.4,-990.12,3041.7,248528,413,62,318,-0.31132,-1.7011,1.3581
-94.178,1952.8,2417.9,-1.7677,-3075.8,-455.85,5.7023e+05,23359,1,-531.13,-858.61,-1199,1212.9,523.12,941.45,1450.4,-1004.5,-910.5,3004.9,247621,413,1801,347,-0.32175,-1.6991,1.3581
-109.84,1957.4,2385,-2.3771,-3049.2,-483.78,5.6789e+05,22041,1,-645.44,-811.22,-1156.5,1227.3,494.23,906.58,1420.2,-1057.3,-961.22,3007.2,247677,413,1801,347,-0.33056,-1.6889,1.3687
-130.2,1972.4,2367.4,-3.1081,-3042.2,-506.64,5.615e+05,20733,1,-816.76,-824.44,-1199.1,1202.4,454.68,841.02,1323.3,-1115.5,-1043.4,3037.9,248412,413,1801,347,-0.32894,-1.6806,1.3793
-123.92,1960.7,2351.4,-2.7367,-3021.4,-509.87,5.6597e+05,20731,1,-611.24,-832.6,-1161.5,1204.4,462.21,857.39,1297.6,-1081.4,-996.85,2943.1,245863,413,1801,347,-0.33925,-1.6786,1.3793
-144.95,1975.1,2333.8,-3.0208,-3014,-533.35,5.6328e+05,19429,1,-665.48,-896.53,-1238.4,1164.1,460.04,835.47,1225.6,-1058.7,-975.05,2935.8,245616,413,1801,347,-0.33757,-1.6703,1.3897
-167.05,1989.8,2317.4,-2.6773,-3007.7,-557.91,5.6181e+05,18133,1,-649.21,-911.83,-1240.3,1158.7,482.84,852.53,1192.9,-1035.1,-944.42,2912.1,244201,413,1801,347,-0.33587,-1.6619,1.4002
-163.34,1979.4,2302.4,-2.3335,-2987.9,-563.92,5.6625e+05,18131,1,-639.43,-912.83,-1238,1094.9,508.23,871.04,1260.9,-1029.6,-907.23,2909.3,244118,413,1801,347,-0.34606,-1.6598,1.4002
-185.79,1995,2287.5,-1.7597,-2983.3,-589.07,5.6648e+05,16843,1,-683.92,-902.9,-1225.2,1112.8,542.27,906.3,1296,-979.22,-829.92,2909.4,244126,413,1801,347,-0.3443,-1.6513,1.4106
-206.42,2011.3,2273.2,-1.6413,-2979.9,-612.59,5.6317e+05,15563,1,-711.67,-850.13,-1155.2,1158.6,561.63,928.57,1234.3,-983.19,-838.73,2909.3,244120,413,1801,347,-0.34253,-1.6428,1.4209
-225.41,2027.7,2258.1,-2.4365,-2976.4,-634.54,5.6043e+05,14291,1,-793.55,-783.35,-1083.4,1216.3,575.03,945.98,1156,-977.47,-840.57,2909.3,244121,413,1801,347,-0.34074,-1.6343,1.4311
-244.93,2044.9,2243.3,-3.5857,-2973.6,-657.16,5.59e+05,13029,1,-1038.4,-843.78,-1196.7,1268.1,559.69,930.97,1124.4,-1011.1,-875.4,3010.5,247768,413,1801,347,-0.33895,-1.6257,1.4414
-268.21,2061,2225.9,-5.0779,-2967.7,-683.22,5.5418e+05,11777,1,-1665.5,-958.09,-1451,1235,485.17,826.45,955.93,-1145.9,-1055.2,3403.2,264841,413,1801,347,-0.33713,-1.617,1.4515
-294.14,2075.2,2206.2,-6.4425,-2958.7,-711.52,5.5095e+05,10533,1,-1919.7,-951.1,-1487.1,1173.2,442.45,757.6,845.68,-1207,-1132.2,3521.6,268678,413,1801,347,-0.33531,-1.6082,1.4616
-325.16,2087.8,2183.8,-7.6758,-2946.1,-744.45,5.4617e+05,9299,1,-2448,-1182.3,-1839.4,1081.3,416.09,697.38,759.15,-1246.6,-1185.3,3937.2,281275,413,1801,347,-0.33347,-1.5994,1.4717
-360.63,2100.8,2163.3,-7.5506,-2934.6,-781.83,5.4492e+05,8077,1,-2611.9,-1262.3,-1939.8,1063.4,475.9,748.92,874.41,-1159.7,-1051.6,3937.2,281279,413,1801,347,-0.33162,-1.5905,1.4817
-398.04,2114.9,2144.5,-6.7504,-2924.9,-821.33,5.476e+05,6867,1,-2681.4,-1312.5,-1984.9,1071.9,517.76,785.51,1069.5,-1149.1,-981.45,3937.2,281281,413,1801,347,-0.32976,-1.5816,1.4916
-435.99,2129.7,2127.9,-5.094,-2917.5,-861.51,5.5218e+05,5671,1,-2456.9,-1328.2,-1930.2,1127.8,576.54,849.83,1346.9,-1041.4,-797.49,3937.2,281280,413,1801,347,-0.32789,-1.5726,1.5015
-469.29,2146.3,2115.1,-2.8529,-2914.6,-897.49,5.5397e+05,4489,1,-1874,-1037.5,-1481.9,1160.7,589.14,860.2,1455.5,-985.55,-706.04,3578.7,270466,413,1801,347,-0.326,-1.5636,1.5113
-489.04,2162.5,2090.9,-1.6335,-2903.5,-925.74,5.5584e+05,736145,1,-1406.4,-679.18,-995.43,1133.7,542.05,796.44,1427.1,-962.15,-673.91,3419.7,265373,413,1801,347,-0.32769,-1.5501,1.5248
-507.54,2172.6,2070.6,-1.3965,-2891.5,-950.97,5.5779e+05,735051,1,-764.78,-986.68,-1156.6,1235.3,542.98,810.45,1505.8,-1061.5,-742.48,3419.7,265376,413,1801,347,-0.32969,-1.5405,1.5341
-524.21,2183,2051.4,-0.95588,-2880.7,-974.56,5.5828e+05,733927,1,-367.74,-895,-965.73,1381,579.95,870.01,1469.8,-1043,-717.91,3419.7,265370,413,1801,347,-0.33167,-1.5308,1.5433
-857.09,2330.9,1823.6,-12.391,-2762,-1365.6,5.1588e+05,720545,1,-2677,-2434.1,-2634.4,480.17,170.92,248.56,-273.86,-2035.6,-1809.6,5276.9,296654,413,1778,343,-0.33244,-1.4209,1.6449
-1034.6,2321.6,1728.7,-16.985,-2663.9,-1533.7,5.185e+05,717979,1,-5667.1,-3723.9,-4250.7,-98.134,-177.72,-170.18,-178.46,-2112.9,-1818.7,7746.5,315789,413,1778,343,-0.32567,-1.4002,1.6639
-904.92,2329.9,1781.6,-17.398,-2722.4,-1417.6,5.1475e+05,719265,1,-3861.4,-2945.6,-3285.7,191.93,-115.43,-57.347,-539.91,-2325.6,-2090.8,6671.4,310093,413,1778,343,-0.33416,-1.4106,1.6534
-541.23,2193.9,2032.1,-0.87835,-2870.3,-998.7,5.4889e+05,732781,1,-268.93,-983.01,-1022.4,1386.4,593.04,880.29,1454.5,-1034.1,-700.64,3419.7,265371,413,1796,346,-0.33363,-1.5211,1.5524
-560.07,2205.5,2012.7,-1.1323,-2859.8,-1024.8,5.4021e+05,731615,1,-223.79,-1123,-1134.1,1397.8,630,909.93,1247.4,-1099,-794.55,3419.7,265374,413,1801,347,-0.33559,-1.5113,1.5615
-581.34,2217.8,1992.5,-2.0449,-2849,-1053.6,5.3499e+05,730433,1,-434.21,-1290.9,-1322.9,1300.2,656.92,906.47,927.77,-1144.9,-891.31,3419.7,265380,413,1796,346,-0.33753,-1.5015,1.5706
-604.64,2230.7,1971.4,-3.7579,-2837.5,-1084.6,5.3491e+05,729237,1,-599.82,-1390.3,-1438.4,1234.9,656.58,886.24,793.74,-1228.6,-986.18,3419.7,265389,413,1796,346,-0.33946,-1.4916,1.5796
-633,2241.9,1946.9,-5.9735,-2821.8,-1120.2,5.3651e+05,728027,1,-1193.3,-1849.5,-1979.5,1121.1,555.78,759.98,579.17,-1368.1,-1152.2,3800.1,277499,413,1796,346,-0.34138,-1.4817,1.5885
-670.73,2251,1920.9,-6.446,-2801.9,-1164.5,5.3827e+05,726805,1,-1417.2,-2116.3,-2252,1159.4,516.14,725.03,855.11,-1340.3,-1050.9,4162.6,285406,413,1776,342,-0.34328,-1.4717,1.5973
-713.72,2259.4,1896.7,-4.4395,-2781.8,-1213.9,5.3971e+05,725571,1,-1376.8,-2294.4,-2384,1229.5,481.34,701.99,1162.5,-1281,-916.19,4340,287588,413,1776,342,-0.34517,-1.4616,1.6061
-762.85,2284.3,1888,-2.6137,-2788.7,-1259.9,5.4395e+05,724329,1,-803.1,-1429.4,-1448.7,1468.2,642.04,880.4,1348.9,-1009,-623.81,3765.2,276431,413,1776,342,-0.33713,-1.4515,1.617
-753.6,2268.4,1874.7,-1.7145,-2763.9,-1260.4,5.3885e+05,724327,1,-871.93,-1918.4,-1913.4,1302.7,559.72,782.51,1445,-1169,-740.47,3837.6,278750,413,1776,342,-0.34705,-1.4515,1.6149
-788.62,2295.9,1869.9,-0.9359,-2777.9,-1293.2,5.3801e+05,723077,1,-316.77,-1515.8,-1412,1511.4,656.19,898.34,1469.4,-1077.3,-648.43,3765.2,276432,413,1776,342,-0.33895,-1.4414,1.6257
-814.85,2308.2,1849.8,-1.1272,-2766.2,-1327.3,5.2377e+05,721815,1,-324.62,-1540,-1415.1,1451.4,610.35,837.61,1211.4,-1329,-909.22,3765.2,276433,413,1778,343,-0.34074,-1.4311,1.6343
-186.52,2131.6,2798.8,-2.4659,-3510.5,-297.39,5.7949e+05,27387,1,-652.5,-1664.7,-2245.4,952.32,634.27,902.82,1476,-793.4,-947.18,3750.8,275933,413,62,318,-0.091441,-1.7517,1.3261
-192.07,2142.1,2816.1,-1.5456,-3531.5,-290.4,5.8085e+05,27389,1,-522.41,-1603.6,-2154.2,1034.1,695.15,981.46,1630.4,-689.49,-814.77,3714.6,274654,413,62,318,-0.080692,-1.7522,1.3261
-195.56,2153.7,2835.4,-0.46323,-3554.8,-281.28,5.8529e+05,27391,1,-215.39,-1458.4,-1936.1,1167.6,759.52,1062.8,1766.1,-634.04,-743.25,3614.5,271528,413,62,318,-0.069939,-1.7526,1.3261
-180.23,2122.2,2783.7,-2.8538,-3491.9,-303.56,5.7817e+05,27385,1,-766.32,-1718.7,-2330.4,884.23,585.08,840.11,1335,-867.37,-1043,3797.9,277439,413,62,318,-0.10219,-1.7511,1.3261
-172.21,2113.4,2769,-3.5773,-3474,-307.91,5.7604e+05,27383,1,-1064.4,-1780,-2441.5,797.97,553.58,796.81,1278.9,-893.8,-1073.3,3927.8,281037,413,62,318,-0.11293,-1.7504,1.3261
-158.92,2106.1,2755,-5.4179,-3457.8,-307.01,5.7679e+05,27381,1,-1327.2,-1870.8,-2593.6,683,488.27,707.13,1021.3,-1006.1,-1234,4095.3,284336,413,62,318,-0.12367,-1.7497,1.3261
-144.79,2099.4,2744,-6.1502,-3444.5,-305.24,5.7736e+05,27379,1,-1151.4,-1832.5,-2534.3,739.3,451.86,671.45,905.76,-1146.8,-1421.1,4057.5,283735,413,62,318,-0.1344,-1.7489,1.3261
-134.51,2091.7,2733.5,-5.4551,-3430.9,-307.12,5.7726e+05,27377,1,-1006.7,-1756.7,-2425.2,808.19,451.67,683.6,943.75,-1196.7,-1475.6,3975.6,282188,413,62,318,-0.14513,-1.748,1.3261
-196.8,2166,2854.7,0.054146,-3578.7,-269.77,5.8233e+05,27393,1,-189.93,-1408.2,-1872.7,1115.1,762.84,1058.8,1535.2,-727.62,-892.99,3614.5,271529,413,62,318,-0.059183,-1.753,1.3261
-196.77,2179.3,2874.6,0.1582,-3603.5,-256.86,5.5344e+05,27395,1,-77.498,-1362.6,-1804.4,1120.1,714.02,986.7,1386.9,-1001.7,-1268.3,3614.5,271530,413,62,318,-0.048426,-1.7534,1.3261
-197.66,2189.7,2885.2,-2.9686,-3619.2,-244.64,5.3289e+05,27397,1,-634.38,-1661.8,-2215.8,515.78,430.96,588.26,-114.57,-1757.1,-2321.7,4166.8,285456,413,62,318,-0.037666,-1.7536,1.3261
-118.99,2073.7,2709.3,-3.8341,-3399.3,-315.38,5.7701e+05,27373,1,-747.69,-1508.9,-2079.6,944.14,495.56,771.43,1093,-1173.4,-1407.7,3666.8,273076,413,62,318,-0.16657,-1.7461,1.3261
-113.39,2063.7,2695.8,-2.8997,-3381.6,-321.39,5.763e+05,27371,1,-744.34,-1457.4,-2017.2,991.76,535.16,836.9,1243,-1069.9,-1241.5,3598.5,271076,413,62,318,-0.17728,-1.7451,1.3261
-284.3,2159.7,2816.8,-23.34,-3548.9,-290.92,5.4253e+05,27403,1,-3512.3,-4809.7,-6373.8,-1516.1,-1172.3,-1556.7,-2203.9,-3705.5,-4914.7,11177,328319,413,62,318,-0.0053814,-1.754,1.3261
-207.84,2189,2867.9,-13.882,-3605.7,-241.39,5.3222e+05,27399,1,-2820,-3185.7,-4256.2,-757.41,-450.91,-607.17,-1848.2,-3196.8,-4258.4,8314.5,318768,413,62,318,-0.026906,-1.7538,1.3261
-243.09,2177.4,2842.3,-20.915,-3579,-263.12,5.3947e+05,27401,1,-3590.5,-4186,-5570.4,-1370.6,-929.5,-1242.1,-2406.3,-3649.1,-4856.3,10413,325735,413,62,318,-0.016144,-1.754,1.3261
-101.59,2042.7,2664,-3.2161,-3342,-332.31,5.7947e+05,27367,1,-736.34,-1433.4,-1994.4,1050.7,550.54,880.81,1356.3,-1010.7,-1125.4,3589.6,270805,413,62,318,-0.19868,-1.7428,1.3261
-108.02,2053.2,2680.2,-2.8097,-3362.1,-327.45,5.782e+05,27369,1,-706.46,-1438,-1992,1041.7,559.44,883.21,1377.7,-995.02,-1113.3,3583.4,270615,413,62,318,-0.18798,-1.7439,1.3261
-95.415,2032.2,2648.4,-3.1823,-3322.5,-337.3,5.7754e+05,27365,1,-786.25,-1432.1,-2006.1,1053.1,537.9,873.91,1347.3,-1043.5,-1156,3618.9,271658,413,62,318,-0.20937,-1.7415,1.3261
-81.434,2011.3,2617,-3.713,-3283.5,-345.3,5.7515e+05,27361,1,-923.38,-1417.6,-2021.2,1038.5,511.63,851.74,1294.7,-1104.8,-1225.7,3619.6,271682,413,62,318,-0.23073,-1.7388,1.3261
-88.911,2021.7,2632.8,-3.2999,-3303,-341.84,5.7548e+05,27363,1,-836.97,-1441.4,-2031,1042.3,528.33,866.22,1337.8,-1062.2,-1172,3619.6,271677,413,62,318,-0.22005,-1.7402,1.3261
-71.536,2001.3,2602,-4.1697,-3265.1,-346.27,5.7147e+05,27359,1,-1132.1,-1341.2,-1959.6,1036.5,502.91,845.92,1248.7,-1129.7,-1252.6,3619.6,271681,413,62,318,-0.24139,-1.7374,1.3261
-61.452,1990.7,2587.6,-3.9358,-3246.8,-346.86,5.6825e+05,27357,1,-1017.5,-1211.1,-1778,1127,514.86,888.54,1267.1,-1108.9,-1210.5,3505.4,268181,413,62,318,-0.25205,-1.7358,1.3261
-53.874,1978.9,2572.1,-3.1714,-3226.8,-349.64,5.6726e+05,27355,1,-931.55,-1089.2,-1609.1,1220.6,521.35,923.96,1392.1,-1084.8,-1142.3,3417.4,265244,413,62,318,-0.26269,-1.7343,1.3261
-45.137,1966.4,2554.4,-3.2834,-3204.8,-351,5.6713e+05,27353,1,-889.94,-969.74,-1449.9,1299.5,516.28,942.72,1509.1,-1062,-1076.2,3352.9,263270,413,62,318,-0.27333,-1.7326,1.3261
-37.852,1952.9,2536.3,-2.8259,-3181.7,-353.51,5.6931e+05,27351,1,-526.08,-903.83,-1291.7,1350.6,521.35,971.5,1530.9,-1000.3,-975.48,3177.7,256984,413,62,318,-0.28396,-1.7309,1.3261
-57.783,1956.1,2502.5,-1.918,-3153.4,-385.47,5.6777e+05,26015,1,-353.31,-974.62,-1333.1,1267.3,533.86,966.74,1439,-1002,-974.07,3114.7,250489,413,62,318,-0.2932,-1.7211,1.3368
-57.056,1944.2,2485.5,-1.1422,-3131.3,-394.44,5.725e+05,26013,1,-280.5,-923.63,-1251.9,1229.2,553.41,992.7,1515.4,-978.99,-911.94,3064,249081,413,183,338,-0.30375,-1.7192,1.3368
-75.966,1948.6,2451.1,-1.8068,-3103.2,-425.52,5.7379e+05,24683,1,-353.83,-883.16,-1204.8,1238.1,520.28,949.5,1526.4,-1021.9,-943.79,3054,248811,413,62,318,-0.31281,-1.7092,1.3475
-73.894,1936.6,2433.3,-1.608,-3080.4,-432.91,5.7473e+05,24681,1,-381.79,-836.67,-1150.7,1235.1,519.16,953.92,1507.2,-994.09,-896.03,2989.5,247221,413,62,318,-0.3233,-1.7073,1.3475
-90.121,1941.2,2400.5,-1.9306,-3053.8,-461.3,5.7351e+05,23357,1,-415.83,-802.62,-1106.6,1245,519.5,955.81,1499.7,-993.74,-876.69,2963.1,246424,413,1801,347,-0.33217,-1.6971,1.3581
-87.832,1929,2383,-1.4946,-3031.2,-468.23,5.7349e+05,23355,1,-335.92,-757.45,-1028.8,1262.3,509.46,954.03,1497.3,-982.85,-847.04,2904.1,243953,413,1801,347,-0.34258,-1.6951,1.3581
-105.26,1945.3,2367.9,-2.1099,-3027.1,-488.54,5.6951e+05,22039,1,-434.99,-758.88,-1041.9,1252,494.18,920.67,1409.6,-1021,-904.83,2891,243569,413,1801,347,-0.34092,-1.6869,1.3687
-121.49,1949.4,2336.1,-1.6288,-3000.8,-516.82,5.6946e+05,20729,1,-289.94,-826.21,-1077.2,1160.1,501.42,903.32,1285.6,-1022.4,-916.82,2806.9,240420,413,1801,347,-0.34954,-1.6765,1.3793
-141.46,1964.6,2319.3,-2.1933,-2994.7,-539.48,5.6607e+05,19427,1,-484.72,-893.83,-1192.8,1102.9,481.76,852.87,1213.3,-1064.4,-973.98,2861.1,242147,413,1801,347,-0.34781,-1.6682,1.3897
-158.37,1969.7,2287.6,-2.5691,-2969,-568.71,5.6784e+05,18129,1,-606.54,-825.6,-1133,1087.8,490.82,858.28,1231.5,-1073.2,-959.6,2843.1,241612,413,1801,347,-0.35624,-1.6576,1.4002
-178.4,1985,2271.5,-2.9028,-2963.5,-591.49,5.6895e+05,16841,1,-905.43,-776.54,-1135.7,1141.3,513.93,887.7,1322,-1022.2,-863.18,2933.4,245535,413,1801,347,-0.35443,-1.6492,1.4106
-199.2,2001,2257.2,-2.5968,-2959.7,-615.19,5.6761e+05,15561,1,-1065.4,-769.24,-1153.4,1183.7,531.37,907.49,1384.7,-992.73,-802.77,2975.7,246818,413,1801,347,-0.3526,-1.6407,1.4209
-219.17,2017.1,2243.1,-2.3208,-2956.6,-638.1,5.6214e+05,14289,1,-1037.4,-744.66,-1104.3,1205.4,550.77,923.55,1332,-985.66,-797.51,2973.4,246721,413,1801,347,-0.35077,-1.6322,1.4311
-238.47,2033.4,2229.1,-2.3539,-2953.8,-660.4,5.5473e+05,13027,1,-997.5,-747.6,-1084.2,1236.5,533.96,900.74,1273.8,-1025,-845.62,2973.4,246722,413,1801,347,-0.34891,-1.6235,1.4414
-257.9,2049.3,2212.9,-3.5154,-2949.1,-682.72,5.5373e+05,11775,1,-1210.7,-811.54,-1191.9,1251.3,492.32,847.05,1144.2,-1106.5,-956.87,3085.4,249575,413,1801,347,-0.34705,-1.6149,1.4515
-279.22,2064.1,2194.8,-4.872,-2942.1,-706.67,5.5108e+05,10531,1,-1472.7,-878.09,-1311.1,1238.1,451.16,788.36,983.84,-1183.4,-1067.3,3244.1,259091,413,1801,347,-0.34517,-1.6061,1.4616
-305.28,2077.8,2174.3,-6.4199,-2932.2,-735.03,5.4872e+05,9297,1,-1910.9,-1066.3,-1601.2,1150.4,451.34,758.28,799,-1195.4,-1111,3571.6,270261,413,1801,347,-0.34328,-1.5973,1.4717
-336.79,2091.8,2154.2,-7.2929,-2922.1,-768.79,5.4747e+05,8075,1,-2490.7,-1188.5,-1842.4,1070.5,495.04,775.96,730.5,-1171.8,-1087.3,3937.2,281274,413,1801,347,-0.34138,-1.5885,1.4817
-370.73,2106.2,2134.1,-8.0757,-2912,-804.99,5.456e+05,6865,1,-2577.3,-1253.1,-1915.1,1051.7,513,784.4,679.78,-1163.1,-1077.9,3937.2,281276,413,1801,347,-0.33946,-1.5796,1.4916
-409.39,2120.1,2113.7,-8.1664,-2900.8,-845.71,5.4608e+05,5669,1,-2778.8,-1348.8,-2035.7,1065.6,554.66,819.56,923.54,-1090.3,-936.08,3937.2,281282,413,1801,347,-0.33753,-1.5706,1.5015
-448.95,2136.1,2098.7,-5.9625,-2895,-887.75,5.5119e+05,4487,1,-2423.4,-1119,-1697.1,1103.1,577.08,840.65,1172.1,-992.56,-766.12,3899.7,280297,413,1801,347,-0.33559,-1.5615,1.5113
-470.13,2151.3,2079.6,-4.2852,-2886.8,-916.48,5.5469e+05,736143,1,-2040.9,-1071.3,-1542.4,1080.3,535.71,785.11,1275.3,-1030.2,-765.01,3610.4,271419,413,1801,347,-0.33704,-1.5501,1.5228
-494.53,2160,2058,-3.1304,-2872,-947.32,5.5402e+05,735049,1,-1525.8,-1242.1,-1588.5,1149.1,472.35,729.17,1407.2,-1105.5,-800.68,3509,268303,413,1801,347,-0.33909,-1.5405,1.532
-517.13,2169.1,2037.8,-1.5669,-2858.6,-976.55,5.5272e+05,733925,1,-1005.3,-1122.2,-1339.8,1214.6,523.57,788.31,1493.7,-1058.7,-722.93,3419.7,265391,413,1801,347,-0.34113,-1.5308,1.5412
-841.08,2319.1,1824.9,-4.0977,-2750.2,-1361.2,5.1552e+05,720543,1,-1018.5,-1863.9,-1817.3,1129.1,359.25,547.17,526.9,-1802.8,-1443.5,3889.5,280027,413,1778,343,-0.34253,-1.4209,1.6428
-966.13,2323.9,1737.9,-18.737,-2675.6,-1481.6,5.162e+05,717977,1,-4928.9,-3786.7,-4175,40.457,-276.93,-224.98,-420.02,-2284.1,-2008.2,7746.5,315790,413,1778,343,-0.33587,-1.4002,1.6619
-1037.5,2318,1697.2,-16.567,-2628.9,-1555.4,5.1884e+05,716681,1,-4623.1,-4156.8,-4397.9,155.22,-195.88,-132.96,-180.56,-2161.9,-1840.8,7746.5,315791,413,1778,343,-0.33757,-1.3897,1.6703
-873.2,2324.6,1791.3,-9.204,-2723.3,-1399.5,5.1458e+05,719263,1,-1277.2,-2064.7,-2027.4,997.71,195.23,378.15,350.64,-1998.9,-1632.6,4238.5,286460,413,1778,343,-0.3443,-1.4106,1.6513
-918.85,2323.3,1750,-13.858,-2683.9,-1449.5,5.1576e+05,717975,1,-2728.8,-3088.7,-3168.9,391.53,-121.14,-19.414,-317.85,-2329.8,-2030.4,6070.3,304572,413,1778,343,-0.34606,-1.4002,1.6598
-537.29,2179.5,2018.5,-0.65093,-2847,-1003.7,5.6226e+05,732779,1,-471.4,-1156.7,-1239.8,1268.5,574.64,844.33,1542.8,-1038.1,-675.64,3419.7,265383,413,1801,347,-0.34315,-1.5211,1.5504
-557.19,2190.8,1999.5,-0.27777,-2836.4,-1031,5.6216e+05,731613,1,-101.8,-1143.2,-1129,1299.3,630.33,898.43,1551.6,-1025.2,-647.99,3419.7,265378,413,1801,347,-0.34516,-1.5113,1.5594
-578.91,2202.8,1980.5,-0.084015,-2825.9,-1060.2,5.5358e+05,730431,1,-28.244,-1203,-1158.9,1322,661.01,925.09,1499.2,-1046.8,-672.1,3419.7,265382,413,1801,347,-0.34716,-1.5015,1.5685
-602.13,2215.2,1961.2,-0.13258,-2815.2,-1091.1,5.4004e+05,729235,1,-12.478,-1281.3,-1216.8,1332.4,671.74,931.3,1434.4,-1105.2,-728.99,3419.7,265385,413,1776,342,-0.34915,-1.4916,1.5774
-626.3,2227.3,1939.8,-1.4043,-2802.6,-1123,5.388e+05,728025,1,-265.37,-1559.5,-1514.6,1295.5,607.1,853.9,1221.8,-1282,-927.11,3419.7,265446,413,1776,342,-0.35112,-1.4817,1.5863
-657.35,2237.8,1914.4,-3.3155,-2785,-1161.3,5.4031e+05,726803,1,-958.79,-1754.5,-1831.2,1154.9,557.06,771.1,1131.8,-1410.7,-1049.2,3736.5,275519,413,1776,342,-0.35308,-1.4717,1.5952
-696.31,2246.4,1887.1,-4.2653,-2763.2,-1206.9,5.3701e+05,725569,1,-1561,-2183.9,-2334.7,1067.4,491.04,682.28,1137.5,-1406.5,-1029.7,4340,287589,413,1776,342,-0.35502,-1.4616,1.604
-737.86,2255.1,1861.7,-3.4232,-2742.4,-1255,5.3481e+05,724325,1,-1919.9,-2166.8,-2378.6,1003.1,514.74,684.57,1283.2,-1324.7,-909.43,4472.9,288962,413,1776,342,-0.35695,-1.4515,1.6127
-785.09,2279.2,1854.6,-0.13431,-2750,-1299.3,5.3711e+05,723075,1,-323.14,-1594.3,-1484.6,1397.7,646.71,872.3,1666.3,-1124.7,-640.14,3765.2,276437,413,1776,342,-0.34891,-1.4414,1.6235
-774.21,2264.9,1839.4,-1.9169,-2725.2,-1298.5,5.2912e+05,723073,1,-1877.5,-1790.4,-2011.6,1071.7,568.97,742.3,1456.7,-1226.1,-768.24,4125,284819,413,1776,342,-0.35887,-1.4414,1.6214
-811.7,2291.1,1834.5,-0.015321,-2737.6,-1333.8,5.3718e+05,721813,1,-327.6,-1523.7,-1409.6,1414.1,635.01,862.18,1703.3,-1169.8,-659.76,3765.2,276436,413,1776,342,-0.35077,-1.4311,1.6322
-837.69,2302.2,1813.1,-0.45649,-2723.8,-1367.5,5.2697e+05,720541,1,-339.91,-1495.1,-1368.1,1440.6,539.72,777.42,1501.2,-1394.1,-883.27,3765.2,276435,413,1776,342,-0.3526,-1.4209,1.6407
-145.62,2117.7,2816.9,-3.7789,-3517.8,-255.82,5.794e+05,28727,1,-837.79,-1953.7,-2676.7,811.09,508.13,736.3,1259.5,-979.36,-1225.7,4115.3,284649,413,62,318,-0.091864,-1.7597,1.3153
-137.04,2109.4,2802.5,-4.7906,-3500.7,-259.69,5.7871e+05,28725,1,-1004.5,-2001.3,-2756.6,746.05,444.85,652.38,1151.4,-1088.5,-1367.8,4115.3,284655,413,62,318,-0.10266,-1.7592,1.3153
-152.63,2126.8,2831.7,-3.0654,-3535.9,-250.31,5.7972e+05,28729,1,-675.73,-1861.4,-2531.3,920.25,571.33,820.49,1434.3,-870.94,-1075.5,4018.4,283044,413,62,318,-0.081064,-1.7603,1.3153
-158.74,2136.6,2848,-2.2593,-3555.5,-243.8,5.8157e+05,28731,1,-578.58,-1772.1,-2404.9,981.98,649.58,921.33,1551.8,-733.76,-900.45,3905.3,280428,413,62,318,-0.070262,-1.7607,1.3153
-86.105,2060.3,2733.3,-2.1278,-3412.3,-281.37,5.7648e+05,28713,1,-695.02,-1474.1,-2053.3,1016.8,525.72,830.68,1339.9,-1078.5,-1264.6,3664.7,273005,413,62,318,-0.16734,-1.7542,1.3153
-164.03,2147.6,2866.8,-0.77173,-3578,-236.4,5.825e+05,28733,1,-390.96,-1637.6,-2212.8,1085.7,731.6,1028.1,1732.3,-620.33,-752.55,3801.9,277552,413,62,318,-0.059457,-1.7611,1.3153
-165.99,2159.6,2885.9,-0.072416,-3601.2,-225.55,5.8573e+05,28735,1,-228.99,-1524.7,-2051.9,1098.6,790.19,1098.8,1612.4,-604.57,-749.22,3626.7,271891,413,62,318,-0.04865,-1.7615,1.3153
-166.77,2171.9,2904.6,0.14981,-3624.4,-213.37,5.7354e+05,28737,1,-135.57,-1448.7,-1945,1141.1,808.5,1116.2,1626.5,-697.72,-885.68,3626.7,271892,413,62,318,-0.03784,-1.7617,1.3153
-168.25,2183.9,2921.4,-0.37289,-3645.7,-201.73,5.4962e+05,28739,1,-386.98,-1568.2,-2108.7,754.24,643.01,880.24,628.52,-1188.5,-1571.6,3626.7,271893,413,62,318,-0.02703,-1.7619,1.3153
-203.22,2175.2,2880.1,-20.874,-3609.5,-196.54,5.3348e+05,28745,1,-2285.6,-4114.2,-5489.8,-1442.1,-1230.7,-1638.8,-3561.8,-4150.9,-5543.9,10919,327622,413,62,318,0.0054061,-1.7621,1.3153
-234.1,2156.4,2833.6,-34.834,-3561.9,-214.24,5.3057e+05,28747,1,-4787.9,-5358,-7102.5,-2354.1,-1519.5,-2002.2,-4654.4,-3993.4,-5292.9,13400,331895,413,62,318,0.016218,-1.7621,1.3153
-184.4,2187.7,2910.9,-11.54,-3640.9,-191.11,5.3425e+05,28743,1,-1577.4,-3541.5,-4737.6,-681.98,-825.82,-1102.7,-1759.9,-3619.2,-4848,8918.4,321116,413,62,318,-0.0054063,-1.7621,1.3153
-172.44,2190.8,2925.6,-4.321,-3654,-192.59,5.3494e+05,28741,1,-1320.1,-2404.5,-3230.5,31.062,3.5262,11.14,-442.84,-2400.9,-3210.8,5850.7,302308,413,62,318,-0.016218,-1.7621,1.3153
-67.112,2028.3,2684.3,-3.2292,-3352.1,-296.43,5.7914e+05,28707,1,-688.1,-1419.3,-1997.8,1058.1,525.89,862.52,1321.9,-1085.7,-1247.3,3619.6,271685,413,62,318,-0.1996,-1.7508,1.3153
-61.096,2017.6,2668.8,-3.0879,-3332.6,-301.49,5.7887e+05,28705,1,-832.36,-1408.3,-2006.6,1047.7,533.6,877.4,1332.3,-1064.6,-1203,3619.6,271684,413,62,318,-0.21034,-1.7495,1.3153
-53.516,2007.2,2653.2,-3.372,-3313.3,-304.9,5.7779e+05,28703,1,-828.82,-1437.4,-2048.1,1038.5,531.6,881.02,1277.4,-1071.5,-1207.6,3619.6,271683,413,62,318,-0.22107,-1.7482,1.3153
-46.495,1997,2638.7,-3.2289,-3295.1,-308.78,5.7648e+05,28701,1,-832.29,-1401.6,-2007.7,1033.9,535.82,894.18,1225.5,-1094.4,-1237.2,3615.8,271570,413,62,318,-0.23179,-1.7468,1.3153
-39.661,1986.5,2623.8,-2.9759,-3276.4,-312.67,5.7361e+05,28699,1,-845.79,-1262.1,-1830.5,1098.8,549.51,932.26,1304.8,-1082.1,-1194.7,3512.5,268410,413,62,318,-0.24251,-1.7454,1.3153
-32.258,1975.2,2607.8,-2.8457,-3256.3,-315.75,5.752e+05,28697,1,-676.69,-1134.5,-1635.9,1207,565.23,984.5,1418.7,-1029.4,-1091,3380.7,264155,413,62,318,-0.25321,-1.7439,1.3153
-27.121,1962.8,2590.7,-2.2714,-3234.5,-320.77,5.742e+05,28695,1,-697.58,-1029.8,-1502.4,1255.5,556.97,989.84,1495,-1024.8,-1054.8,3326.9,262378,413,62,318,-0.26391,-1.7423,1.3153
-16.936,1936.4,2552.9,-2.0243,-3187.2,-330.18,5.7282e+05,28691,1,-507.43,-872.55,-1262.4,1367.1,539.83,1008.7,1651.1,-995.49,-960.06,3229.4,258605,413,62,318,-0.28527,-1.7389,1.3153
-21.617,1950,2572.2,-2.2499,-3211.5,-325.21,5.7038e+05,28693,1,-622.1,-920.81,-1348,1324.6,552.07,1007.5,1610,-1009.8,-999.67,3276.8,260119,413,62,318,-0.27459,-1.7406,1.3153
-15.054,1922.5,2533.3,-1.402,-3162.2,-337.69,5.7846e+05,28689,1,-300.65,-875.9,-1224.2,1353.9,542.03,1020.4,1663.1,-943.72,-872.06,3153,251471,413,183,338,-0.29593,-1.7371,1.3153
-35.753,1939.4,2518.4,-1.5372,-3158.2,-360.94,5.7104e+05,27349,1,-273.11,-922.45,-1262.9,1322.5,537.54,994.57,1548.3,-960.61,-908.39,3113.4,250458,413,62,318,-0.29457,-1.7291,1.3261
-35.391,1926.8,2500,-0.98121,-3134.8,-370.09,5.7856e+05,27347,1,-228.67,-937.72,-1273.9,1264.7,560.69,1019.8,1567.9,-934.59,-858.67,3094.7,249950,413,183,338,-0.30517,-1.7273,1.3261
-34.719,1914.9,2481.6,-0.98221,-3111.7,-378.88,5.8212e+05,27345,1,-236.1,-914.14,-1245.7,1237,573.15,1040.4,1574.7,-927.47,-831.59,3068.5,249156,413,183,338,-0.31577,-1.7254,1.3261
-55.755,1932.3,2467.1,-1.2672,-3108.2,-402.7,5.7759e+05,26011,1,-291.95,-891.19,-1213.7,1238.4,545.77,992.52,1575.5,-985.88,-895.79,3068.5,249155,413,183,338,-0.3143,-1.7173,1.3368
-54.34,1920.2,2448.5,-1.3671,-3084.9,-410.65,5.7876e+05,26009,1,-279.33,-867.32,-1181.8,1242.4,536.97,991.3,1562,-982.67,-883.07,3037.6,248401,413,183,338,-0.32483,-1.7154,1.3368
-53.125,1908.1,2430,-1.3618,-3061.6,-418.65,5.809e+05,26007,1,-281.27,-821.98,-1123.2,1243.7,520.9,979.45,1557.1,-983.62,-868.27,2990,247233,413,183,338,-0.33535,-1.7134,1.3368
-71.786,1924.6,2415.4,-1.5375,-3057.7,-440.13,5.7534e+05,24679,1,-322.22,-793.06,-1083.4,1251.7,519.65,967.72,1538.9,-984.02,-864.01,2960.2,246316,413,62,318,-0.33377,-1.7053,1.3475
-70.399,1912.5,2397,-1.409,-3034.4,-447.87,5.7968e+05,24677,1,-280.18,-781.88,-1059.7,1254.5,511.51,965.46,1546,-978.33,-843.93,2939.4,245722,413,62,318,-0.34422,-1.7032,1.3475
-69.612,1900.6,2378.7,-1.3594,-3011.2,-456.08,5.7994e+05,24675,1,-258.23,-767,-1035.5,1227.6,502.58,955.98,1532.7,-975.07,-827.89,2895.9,243695,413,62,318,-0.35467,-1.7011,1.3475
-86.909,1917,2365,-1.1981,-3008.1,-476.36,5.7867e+05,23353,1,-266.28,-743.39,-996.02,1241.2,505.9,953.14,1527.5,-970.38,-812.51,2873.3,242450,413,62,318,-0.35297,-1.6929,1.3581
-103.78,1933.3,2350.9,-1.3593,-3004.8,-496.21,5.7516e+05,22037,1,-233.15,-778.55,-1018.8,1220.5,516.23,949.96,1445.1,-970.11,-823.14,2839.8,241507,413,62,318,-0.35127,-1.6847,1.3687
-121.85,1939,2320.8,-0.74244,-2980.5,-526.53,5.7287e+05,20727,1,-209.5,-809.39,-1039.6,1136,539.06,952.82,1369.8,-970.8,-822.34,2786.4,239662,413,183,338,-0.35982,-1.6743,1.3793
-139.81,1954.9,2305,-1.5611,-2975.7,-547.44,5.6742e+05,19425,1,-362.4,-779.7,-1029.5,1101.4,496.28,880.25,1279.1,-1062.4,-943.64,2785.4,239618,413,1801,347,-0.35804,-1.666,1.3897
-153.24,1959.2,2272.3,-2.5254,-2949.1,-573.02,5.67e+05,18127,1,-568.02,-689.83,-963.71,1176,456.71,847.81,1311.6,-1073.2,-925.66,2786.9,239695,413,1801,347,-0.36641,-1.6554,1.4002
-170.02,1974.1,2256.2,-3.1525,-2943.7,-592.63,5.6638e+05,16839,1,-774.53,-666.75,-977.23,1216.4,473.67,867.13,1262.1,-1037,-882.73,2811.2,240641,413,1801,347,-0.36454,-1.647,1.4106
-188.3,1989.7,2241,-3.5272,-2939.4,-613.85,5.6635e+05,15559,1,-1065.6,-714.64,-1094.4,1235.1,513.66,906.26,1322.4,-995.57,-812.75,2975.7,246819,413,1801,347,-0.36266,-1.6385,1.4209
-207.66,2006.1,2227.2,-3.4111,-2936.5,-636.29,5.6652e+05,14287,1,-1116,-706.58,-1087.2,1263.9,526.14,919.9,1317.6,-975.2,-778.65,2990.1,247235,413,1801,347,-0.36077,-1.63,1.4311
-228.26,2022.6,2213.5,-3.1387,-2933.8,-659.95,5.6075e+05,13025,1,-1198,-724.36,-1113.1,1254.9,519.66,897.27,1313.7,-1020.8,-820.96,3048,248662,413,1801,347,-0.35887,-1.6214,1.4414
-248.15,2038,2198.2,-3.3554,-2929.3,-682.7,5.5661e+05,11773,1,-1180.7,-755.26,-1129.4,1255.4,477.96,839.9,1267.8,-1076.6,-884.22,3049.3,248707,413,1801,347,-0.35695,-1.6127,1.4515
-268.83,2052.7,2181.8,-3.7095,-2923.6,-706.09,5.5109e+05,10529,1,-1223.9,-871.58,-1253,1220.2,471.42,813.73,1102.9,-1117.9,-958.46,3096,249977,413,1801,347,-0.35502,-1.604,1.4616
-292.3,2067.3,2164,-4.4853,-2916.5,-732.15,5.5058e+05,9295,1,-1348.7,-998.6,-1404.6,1167.1,477.79,797.89,908.71,-1145.8,-1023.3,3194,257476,413,1801,347,-0.35307,-1.5952,1.4717
-319.87,2081.7,2144.6,-5.6377,-2907.6,-762.18,5.5062e+05,8073,1,-1653.8,-1152.8,-1624.6,1135.2,507.18,811.9,785.65,-1128,-1021.5,3441.2,266159,413,1801,347,-0.35112,-1.5863,1.4817
-350.56,2097.1,2126.7,-6.0877,-2900.1,-795.47,5.5131e+05,6863,1,-2102.6,-1296.1,-1856.9,1059.9,529.31,806.51,607.06,-1140.4,-1062.4,3794.8,277357,413,1801,347,-0.34915,-1.5774,1.4916
-385.85,2111.8,2106,-7.3518,-2889.5,-833.1,5.4981e+05,5667,1,-2322.8,-1384.5,-1980.6,1050.6,541.68,808.5,679.7,-1160.6,-1054.1,3937.2,281283,413,1801,347,-0.34716,-1.5685,1.5015
-425.82,2126.5,2086.4,-7.2915,-2879.3,-875.31,5.4871e+05,4485,1,-2583.9,-1053.7,-1676.2,1089.7,592.01,857.88,962.18,-1011.9,-825.42,3937.2,281284,413,1801,347,-0.34516,-1.5594,1.5113
-472.24,2147.9,2047.5,-5.3969,-2855.8,-934.54,5.4765e+05,735047,1,-2541.9,-1450.3,-2041.3,1087.5,448.02,698.64,1196.3,-1199.7,-936.19,4283.7,286991,413,1801,347,-0.34849,-1.5405,1.5299
-442.2,2139.9,2070.6,-6.8566,-2873.2,-898.22,5.4615e+05,736141,1,-2705.2,-985.65,-1620.8,1041.8,578.69,829.12,926.3,-998.85,-807.26,3941,281374,413,1801,347,-0.34638,-1.5501,1.5207
-500.83,2156.6,2025.6,-3.7463,-2839.8,-969.63,5.4752e+05,733923,1,-2104.5,-1431.5,-1903.9,1114.2,497.29,747.04,1396.2,-1120.1,-794.24,3998,282630,413,1801,347,-0.35058,-1.5308,1.5391
-983.05,2318.1,1705.8,-15.525,-2636.3,-1516.4,5.1899e+05,716679,1,-3781.1,-4216.6,-4289.7,58.72,-199.36,-154.33,-325.79,-2317,-1997,7746.5,315792,413,1778,343,-0.34781,-1.3897,1.6682
-863.55,2311.1,1787.3,-2.8262,-2705.5,-1400.7,5.1708e+05,719261,1,-844.26,-1839.6,-1749.9,1168.4,322.01,526.87,855.42,-1782.1,-1335.6,3820.6,278312,413,1778,343,-0.35443,-1.4106,1.6492
-895.67,2317.1,1755.5,-6.9063,-2679.8,-1439.3,5.1705e+05,717973,1,-1362.5,-2101.2,-2067.2,931.93,291.15,448.94,583.21,-1894,-1472.9,4218.6,286190,413,1778,343,-0.35624,-1.4002,1.6576
-943.49,2319,1716.6,-11.386,-2643.5,-1492.2,5.1974e+05,716677,1,-3041.5,-3206.2,-3325.4,210.39,70.667,105.06,-196.87,-2252.3,-1919.8,6280.6,306763,413,1778,343,-0.35804,-1.3897,1.666
-528.03,2166.1,2005.2,-1.8729,-2825.6,-1003.6,5.4839e+05,732777,1,-1788.9,-1396.9,-1784,1131.9,539.44,787.3,1479,-1062.4,-707.29,3787.1,277134,413,1801,347,-0.35266,-1.5211,1.5482
-553.11,2176.8,1985.9,-0.46103,-2813.4,-1035.9,5.4969e+05,731611,1,-1439.5,-1313,-1608.8,1133.8,601.03,842.24,1501,-1040.8,-670.46,3539.3,269217,413,1801,347,-0.35473,-1.5113,1.5573
-575.96,2188.5,1966.6,-0.10776,-2802.2,-1066.3,5.5365e+05,730429,1,-903.97,-1311.1,-1465.5,1163.4,646.76,884.54,1528,-1042.3,-651.32,3419.7,265421,413,1801,347,-0.35678,-1.5015,1.5663
-599.17,2200.8,1947.4,-0.023235,-2791.2,-1097.3,5.4527e+05,729233,1,-576.71,-1265.5,-1329.6,1195.6,664.55,899.66,1507.2,-1087.2,-685.59,3419.7,265390,413,1776,342,-0.35882,-1.4916,1.5753
-621.97,2213,1927.5,-0.46755,-2779.8,-1127.9,5.3876e+05,728023,1,-1098.3,-1250,-1420.6,1101.1,653.68,862.03,1345.3,-1172.1,-787.92,3419.7,265414,413,1776,342,-0.36084,-1.4817,1.5842
-644.41,2224.7,1904.6,-2.8145,-2766,-1158.2,5.361e+05,726801,1,-1477.4,-1404.3,-1634.5,1050.2,619.61,811.48,1172.7,-1328.5,-959.95,3610.2,271411,413,1776,342,-0.36286,-1.4717,1.593
-672.99,2235.5,1879.2,-5.3544,-2748.7,-1194.4,5.3386e+05,725567,1,-2069.7,-1654.7,-1985.5,981.95,564.58,739.84,1044,-1412.7,-1054.1,4122,284767,413,1776,342,-0.36486,-1.4616,1.6018
-705.19,2245.5,1853.3,-7.3413,-2729.8,-1233.9,5.3159e+05,724323,1,-3026.8,-1826.3,-2336.6,901.45,536.89,689.43,931.7,-1368.7,-1022.1,4829,292533,413,1776,342,-0.36684,-1.4515,1.6105
-737.86,2255.2,1828.9,-7.835,-2711.6,-1273.9,5.2876e+05,723071,1,-3508.7,-1800.7,-2403.8,945.58,490.99,653.13,956.25,-1369.1,-999.75,5165.4,295581,413,1776,342,-0.36881,-1.4414,1.6191
-804.51,2275.3,1818.4,-0.9913,-2710.2,-1336.3,5.2779e+05,721811,1,-1612.1,-1593.9,-1757.7,1261.2,561.47,770.69,1670.7,-1227.9,-706.25,3940.4,281358,413,1776,342,-0.36077,-1.4311,1.63
-769.73,2263.6,1804.9,-7.4487,-2692.7,-1312.8,5.2565e+05,721809,1,-3328.8,-1767.3,-2312.8,1005.1,475.17,646.94,1193.4,-1306.5,-879.86,5011.3,294263,413,1776,342,-0.37077,-1.4311,1.6277
-830.36,2285.5,1796.5,-1.2058,-2695.2,-1369.8,5.2624e+05,720539,1,-1467.1,-1395.1,-1538.1,1370.1,564.26,792.25,1733.9,-1251.2,-701.39,3788.4,277174,413,1776,342,-0.36266,-1.4209,1.6385
-853.9,2295.3,1774.1,-1.9696,-2679.9,-1401.1,5.2242e+05,719259,1,-1326.1,-1485.3,-1567.9,1358.8,502.09,730.64,1527.7,-1408.5,-868.78,3765.2,276441,413,1776,342,-0.36454,-1.4106,1.647
-105.93,2114.4,2852.3,-4.3735,-3546.3,-203.09,5.8014e+05,30075,1,-795.07,-2027.4,-2798.2,776.6,471.24,686.84,1134.2,-1077.9,-1391.7,4115.3,284658,413,62,318,-0.081434,-1.7683,1.3045
-113.95,2122.7,2865.2,-4.1132,-3562.2,-198.5,5.8151e+05,30077,1,-835.16,-2008.8,-2769.6,802.88,521.95,750.62,1240.4,-964.65,-1242.7,4115.3,284652,413,62,318,-0.070582,-1.7688,1.3045
-122.32,2131.4,2880.1,-2.9963,-3579.8,-194.17,5.8163e+05,30079,1,-647.56,-1934,-2652.4,913.74,601.55,856.37,1464.3,-806.22,-1026.6,4115.3,284647,413,62,318,-0.059728,-1.7692,1.3045
-128.59,2141.4,2897.5,-1.5082,-3600.3,-187.67,5.8252e+05,30081,1,-567.24,-1892.5,-2594.7,921.9,663.27,935.2,1496.2,-695.33,-888.39,4038.8,283409,413,62,318,-0.048871,-1.7695,1.3045
-132.18,2152.1,2915,-0.55936,-3621.4,-178.36,5.8526e+05,30083,1,-322.25,-1720.4,-2345.3,1010.5,780.08,1087.2,1554.5,-560.09,-714.94,3823.2,278375,413,62,318,-0.038013,-1.7698,1.3045
-134.07,2163.3,2932.4,-0.10992,-3642.7,-167.24,5.8404e+05,30085,1,-233.32,-1637.5,-2224.7,1002,808.62,1115.9,1385.3,-633.92,-829.92,3687.6,273739,413,62,318,-0.027153,-1.77,1.3045
-138.4,2195,2974.7,-2.6931,-3697.1,-131.66,5.286e+05,30091,1,-692.91,-2473.2,-3344.4,-213.85,-183.15,-238.73,-1472.2,-2663.5,-3586.2,6327.7,307217,413,62,318,0.0054308,-1.7702,1.3045
-139.05,2188.2,2940,-18.445,-3665.6,-118.91,5.181e+05,30093,1,-924.57,-2966.1,-4010.8,-881.73,-728.79,-972.51,-3805.9,-3858.4,-5185.1,9178.9,322121,413,62,318,0.016292,-1.7701,1.3045
-173.57,2161.1,2860,-45.031,-3585.9,-140.4,5.238e+05,30095,1,-7381.9,-5003.1,-6610.9,-3767.9,-1663.3,-2172.7,-6973.9,-4742.7,-6291.8,15988,334805,413,62,318,0.027153,-1.77,1.3045
-137.35,2187.8,2968.3,-0.018507,-3687.2,-144.06,5.4881e+05,30089,1,-325.49,-1846.8,-2504.6,660.73,465.7,637.07,602.52,-1458.5,-1967.3,4148.4,285185,413,62,318,-0.0054309,-1.7702,1.3045
-135.75,2175.5,2950.7,0.19585,-3665.2,-155.77,5.7127e+05,30087,1,-183.6,-1699.8,-2314.5,1124,780.03,1075.4,1664.5,-708.17,-939.87,3932.4,281147,413,62,318,-0.016292,-1.7701,1.3045
-28.491,2002.6,2689.1,-2.5896,-3342.3,-267.33,5.7807e+05,30051,1,-833.85,-1332.4,-1929.8,1074.6,557.67,924.18,1403.9,-1018.3,-1146.2,3582.7,270597,413,62,318,-0.2113,-1.7575,1.3045
-34.282,2013.7,2705.8,-2.3359,-3362.9,-262.15,5.8044e+05,30053,1,-620.61,-1340.2,-1902.3,1089.5,552.12,912.18,1370.6,-1034.3,-1183,3531.5,269000,413,62,318,-0.20051,-1.7588,1.3045
-19.137,1992.1,2672.9,-3.41,-3322.8,-268.9,5.8037e+05,30049,1,-805.52,-1331.8,-1930.3,1073.8,568.66,949.06,1290.8,-995.66,-1122.5,3527.5,268859,413,62,318,-0.22208,-1.7562,1.3045
-13.822,1981.2,2658.7,-2.425,-3304.3,-274.31,5.7832e+05,30047,1,-606.06,-1277.6,-1824.4,1102.8,587.41,987.21,1289.4,-997.33,-1108.8,3427.9,265743,413,62,318,-0.23285,-1.7548,1.3045
-10.35,1969.9,2642.8,-1.7556,-3284.2,-281.35,5.7896e+05,30045,1,-578.35,-1169,-1679.3,1164.1,607.86,1034.8,1422.1,-974.26,-1043,3372.8,263894,413,62,318,-0.24361,-1.7533,1.3045
-4.873,1958,2625.1,-2.0044,-3262.4,-286.18,5.8051e+05,30043,1,-521.13,-1103,-1582.9,1228.5,611.89,1062.1,1515,-939.54,-967.57,3334.6,262650,413,62,318,-0.25437,-1.7518,1.3045
-2.5887,1945.3,2607.3,-1.2705,-3239.7,-293.89,5.7961e+05,30041,1,-442.81,-1032,-1472.1,1274.9,605.2,1069,1557.6,-937.71,-941,3279.2,260221,413,62,318,-0.26511,-1.7502,1.3045
0.25882,1932.4,2588.1,-1.3588,-3215.9,-300.87,5.7803e+05,30039,1,-434.87,-919.12,-1324,1315.6,593.02,1073.4,1671.9,-925.83,-886.97,3234.3,258777,413,62,318,-0.27584,-1.7486,1.3045
3.2141,1919,2568,-1.4383,-3191,-307.48,5.815e+05,30037,1,-322.31,-849.78,-1208.9,1361.4,563.74,1055.9,1724.8,-926.61,-859.19,3185.1,257227,413,62,318,-0.28657,-1.7468,1.3045
4.789,1905.2,2547.6,-1.2783,-3165.6,-315.24,5.8229e+05,30035,1,-334.79,-829.87,-1186.7,1366.2,546.3,1042.2,1746.6,-931.86,-848.52,3177.9,256988,413,183,338,-0.29728,-1.745,1.3045
7.3561,1891.7,2527.2,-1.4581,-3140.4,-321.88,5.8596e+05,30033,1,-299.86,-861.9,-1221.9,1334.4,548.22,1045.9,1696.3,-912.47,-821.64,3144.2,251207,413,183,338,-0.30798,-1.7432,1.3045
-13.778,1909.3,2513.7,-1.1669,-3137.6,-345.75,5.8245e+05,28687,1,-219.94,-918.7,-1263.2,1290.6,568.23,1052,1618.8,-897.12,-803.94,3107.2,250272,413,183,338,-0.30658,-1.7353,1.3153
-13.601,1896.9,2495.2,-0.82426,-3114.2,-354.87,5.8426e+05,28685,1,-186.59,-914.88,-1250.7,1247.9,586,1073.2,1582.5,-890.35,-791.58,3067.9,249147,413,183,338,-0.31723,-1.7334,1.3153
-13.371,1885,2476.6,-0.81871,-3091,-363.85,5.8658e+05,28683,1,-208.49,-899.76,-1235.3,1232.3,584.12,1074.5,1579.6,-894.87,-784.42,3050.4,248723,413,183,338,-0.32786,-1.7314,1.3153
-34.043,1903,2463.2,-0.97607,-3088.6,-387.51,5.8329e+05,27343,1,-224.05,-889.42,-1211.1,1230.8,566.67,1039.5,1563.2,-935.94,-831.44,3039,248442,413,183,338,-0.32635,-1.7234,1.3261
-33.543,1891.1,2444.8,-0.93772,-3065.5,-396.17,5.8318e+05,27341,1,-239.92,-877.55,-1200.2,1232.8,558.86,1037.3,1567,-942.12,-826.86,3033.7,248312,413,183,338,-0.33692,-1.7214,1.3261
-32.791,1879.3,2426.3,-1.046,-3042.4,-404.44,5.8366e+05,27339,1,-216.61,-864.01,-1177.1,1215.4,546.53,1027.2,1534.5,-953.15,-833.52,2994.6,247358,413,183,338,-0.34747,-1.7193,1.3261
-52.053,1896.1,2411.5,-1.3764,-3038.3,-426.64,5.8121e+05,26005,1,-238.79,-809.82,-1097.2,1231.2,508.5,969.17,1542.5,-986.72,-861.68,2954,246140,413,183,338,-0.34585,-1.7113,1.3368
-51.562,1884.5,2393.5,-1.2676,-3015.5,-435.12,5.8031e+05,26003,1,-216.38,-801.36,-1083.5,1191.1,504.08,963.51,1499.4,-994.02,-871.03,2908.4,244087,413,183,338,-0.35635,-1.7091,1.3368
-68.2,1889.1,2360.7,-1.5479,-2988.5,-463.6,5.7885e+05,24673,1,-323.94,-741.07,-1023.2,1203.2,491,946.42,1504,-981.94,-830.58,2863.9,242215,413,183,338,-0.3651,-1.6988,1.3475
-85.519,1905.4,2347,-1.3011,-2985.3,-483.96,5.8247e+05,23351,1,-277.35,-770.24,-1032,1194,519.44,964.44,1473.7,-947.12,-785.19,2836.6,241393,413,62,318,-0.36335,-1.6907,1.3581
-103.68,1922,2333.8,-0.94206,-2982.7,-505.21,5.813e+05,22035,1,-219.25,-809.91,-1053.7,1168.3,540.68,973.08,1430.4,-926.98,-761.71,2811.4,240646,413,62,318,-0.3616,-1.6826,1.3687
-102.85,1911.6,2317.2,-0.98659,-2961.5,-513.53,5.83e+05,22033,1,-276.42,-805.32,-1063.7,1142.1,555.1,990.47,1415.7,-925.11,-753.05,2806.6,240412,413,183,338,-0.37191,-1.6803,1.3687
-120.85,1928.8,2304.2,-1.008,-2959.4,-534.82,5.798e+05,20725,1,-331.95,-742.84,-989.06,1149.4,521.15,940.25,1417.7,-1002.7,-833.03,2797.6,240152,413,183,338,-0.37009,-1.6721,1.3793
-137.4,1944.6,2288.9,-1.6826,-2955,-554.39,5.7285e+05,19423,1,-398.07,-688.57,-929.99,1162.2,473.78,875.55,1390.5,-1072,-914.52,2785.4,239617,413,1801,347,-0.36826,-1.6638,1.3897
-134.8,1933.3,2271.8,-1.8014,-2933,-560.8,5.7454e+05,19421,1,-354.45,-682.76,-913.38,1192.4,455.97,870.15,1409.4,-1057.7,-882.24,2774.2,239204,413,1801,347,-0.37846,-1.6615,1.3897
-150.29,1948,2256.4,-1.9553,-2928,-579.17,5.6893e+05,18125,1,-346.59,-670.48,-884.83,1188.2,443.9,844.89,1345.6,-1039,-862.99,2703.8,236527,413,183,338,-0.37656,-1.6531,1.4002
-165.86,1962.8,2241.2,-2.1683,-2923.4,-597.65,5.6471e+05,16837,1,-441.14,-676.76,-906.88,1201.4,459.65,855.17,1285.9,-1036.8,-869.64,2710.3,236777,413,1801,347,-0.37464,-1.6447,1.4106
-181.75,1978.1,2226.3,-2.601,-2919.3,-616.53,5.6475e+05,15557,1,-588.76,-691.81,-950.19,1231.8,493.56,891.24,1252.2,-989.7,-811.46,2736.7,237686,413,1801,347,-0.37271,-1.6363,1.4209
-198.45,1994.2,2212.1,-3.0055,-2916.3,-636.39,5.6421e+05,14285,1,-852.67,-720.64,-1037.1,1268.4,524.43,922.91,1251.1,-973.39,-783.3,2860.7,242136,413,1801,347,-0.37077,-1.6277,1.4311
-217.57,2010.9,2198.3,-3.2578,-2913.7,-658.74,5.6359e+05,13023,1,-861.17,-754.17,-1067.9,1263,517.47,906.45,1240.8,-1002.5,-808.66,2886.9,243457,413,1801,347,-0.36881,-1.6191,1.4414
-237.84,2026.5,2183.1,-3.4701,-2909.3,-681.98,5.6003e+05,11771,1,-1078.2,-773.71,-1130.2,1244.9,492.28,860.84,1227.4,-1050.3,-855.13,2985.4,247093,413,1801,347,-0.36684,-1.6105,1.4515
-259.71,2041.9,2167.9,-3.2502,-2904.7,-706.71,5.5658e+05,10527,1,-1171,-885.27,-1261.4,1204.6,497.32,845.37,1187.3,-1068.9,-872.75,3077.8,249368,413,1801,347,-0.36485,-1.6018,1.4616
-283.21,2057,2151.6,-3.4273,-2898.9,-732.98,5.5211e+05,9293,1,-1208.7,-1002.8,-1381.9,1169.8,486.25,813.63,1057.3,-1135.3,-969.18,3160.5,256283,413,1801,347,-0.36286,-1.593,1.4717
-309.46,2071.7,2133.7,-3.9957,-2891.3,-761.84,5.4868e+05,8071,1,-1260.4,-1135.9,-1521.9,1155.2,520.49,838.84,1023.7,-1109.6,-935.54,3264.8,259745,413,1801,347,-0.36084,-1.5842,1.4817
-338.6,2087.6,2117.2,-4.0868,-2885.3,-793.78,5.4781e+05,6861,1,-1483.9,-1244.8,-1668.8,1132.6,537.94,839.57,858.55,-1138,-994.09,3440,266111,413,1801,347,-0.35882,-1.5753,1.4916
-369.65,2103,2098,-5.4037,-2876.8,-827.47,5.4505e+05,5665,1,-1771.2,-1315,-1791.2,1106.4,520.3,806.05,742.03,-1223.3,-1098.8,3670.6,273173,413,1801,347,-0.35678,-1.5663,1.5015
-404.78,2117.3,2076.5,-6.99,-2865.5,-864.92,5.4227e+05,4483,1,-2232,-965.59,-1521.7,1118.5,582.57,863.42,795.07,-1073.1,-921.71,3633,272052,413,1801,347,-0.35473,-1.5573,1.5113
-410.86,2128.7,2065.4,-7.7987,-2863.2,-876.56,5.421e+05,736139,1,-2703.9,-759.84,-1403.2,1157.8,568.8,852.45,874.74,-1036.8,-850.94,3848.7,279022,413,1801,347,-0.35571,-1.5501,1.5185
-436.87,2136.5,2039.2,-8.9016,-2843.8,-908.99,5.4029e+05,735045,1,-3158.3,-1314,-2067.8,1167.8,447.01,725.8,899.78,-1310,-1110.3,4671.8,290839,413,1801,347,-0.35787,-1.5405,1.5277
-465.95,2145.1,2015.8,-8.1464,-2826.6,-944.66,5.4412e+05,733921,1,-3483.7,-1551.4,-2361.7,1098.4,476.21,731.46,1053.1,-1204.5,-955.62,5055.9,294656,413,1801,347,-0.36002,-1.5308,1.5369
-495.58,2154.6,1993.5,-7.2223,-2810.5,-981.12,5.4504e+05,732775,1,-3577.5,-1516.5,-2332.3,1065.4,548.51,789.1,1131.4,-1125.9,-843.89,5084.9,294884,413,1801,347,-0.36215,-1.5211,1.546
-1010.4,2318.4,1673.9,-14.365,-2599,-1562.9,5.2218e+05,715375,1,-4919.6,-4131.4,-4454,-312.21,0.24068,-67.041,-427.81,-2344.2,-2020.1,8424.4,319210,413,1778,343,-0.35982,-1.3793,1.6743
-877.74,2305.1,1749.8,-4.1985,-2663.3,-1432.7,5.1665e+05,717971,1,-1773.3,-1687.7,-1818,1170.7,500.12,683.6,979.91,-1536.7,-1079.2,3984,282373,413,1778,343,-0.36641,-1.4002,1.6554
-906.67,2314.6,1720.9,-8.9308,-2642.4,-1469.3,5.161e+05,716675,1,-2379.2,-2077.9,-2257.9,829.5,451.55,562.9,358.34,-1874.5,-1483.9,4704.1,291214,413,1778,343,-0.36826,-1.3897,1.6638
-950.03,2320.9,1684.6,-14.874,-2611.4,-1519,5.1719e+05,715373,1,-3577,-2834.1,-3130.1,410.29,310.85,349.22,-261.85,-2092.9,-1785.3,6216.7,306108,413,1778,343,-0.37009,-1.3793,1.6721
-526.39,2165.3,1973.4,-5.416,-2796.7,-1019.1,5.4684e+05,731609,1,-3079.1,-1551.6,-2229.5,1020.9,597.81,818.55,1259.3,-1062.2,-737.59,4710.3,291259,413,1801,347,-0.36427,-1.5113,1.5551
-556.29,2176.4,1953.8,-3.7361,-2783.5,-1056.4,5.4729e+05,730427,1,-3432.1,-1577.7,-2326.9,970.79,636.98,839.79,1182.3,-1064.2,-744.39,4982,293986,413,1801,347,-0.36638,-1.5015,1.5641
-583.04,2188.5,1934.7,-2.8431,-2771.7,-1090.9,5.4811e+05,729231,1,-2336.4,-1281.4,-1764,991.16,673.4,869.18,1326.1,-1045.1,-682.07,3964.8,281993,413,1801,347,-0.36848,-1.4916,1.573
-604.01,2201.3,1915.8,-3.2795,-2761.6,-1120.1,5.4664e+05,728021,1,-2911.4,-1113.7,-1732.8,949.81,684.37,864.93,1178.8,-1053.2,-711.13,4224,286263,413,1801,347,-0.37056,-1.4817,1.5819
-621.19,2213.6,1895.8,-4.8103,-2751,-1145.5,5.4071e+05,726799,1,-2832.1,-1101.3,-1684.3,1006.2,622.52,811.95,1038.9,-1200.4,-867.08,4171.5,285521,413,1801,347,-0.37262,-1.4717,1.5907
-640.15,2224.6,1872.7,-7.3947,-2737,-1172.5,5.3488e+05,725565,1,-3305.2,-1324,-1979.7,1010.8,577.83,763.84,811.04,-1329.7,-1023.8,4691.5,291080,413,1776,342,-0.37468,-1.4616,1.5995
-664.87,2234.7,1848.8,-9.0915,-2720.7,-1204.9,5.3341e+05,724321,1,-3858,-1437,-2204.8,1077.3,526.65,729.46,672.19,-1336,-1047.8,5207.2,296022,413,1776,342,-0.37671,-1.4515,1.6082
-694.93,2243.7,1824.3,-9.6304,-2702.2,-1242.3,5.3151e+05,723069,1,-3955.9,-1743.8,-2481.3,1074.4,481.74,681.49,693.15,-1390.1,-1078.5,5347.9,297412,413,1776,342,-0.37874,-1.4414,1.6168
-726.53,2251.4,1798.9,-9.7945,-2681.7,-1280.9,5.2897e+05,721807,1,-3714.1,-1954.7,-2590.8,1159,399.73,623.87,768.04,-1434.1,-1083,5347.9,297413,413,1776,342,-0.38075,-1.4311,1.6254
-801.34,2271.1,1781.4,-6.1682,-2673.4,-1351.4,5.2557e+05,720537,1,-2813.4,-1754.1,-2165.4,1254.4,434.42,662.97,1381,-1336.8,-847.14,4721.7,291403,413,1776,342,-0.37271,-1.4209,1.6363
-831.57,2278.9,1758.9,-4.6075,-2655.2,-1388.7,5.2733e+05,719257,1,-2036.4,-1576.8,-1814.8,1470.7,494.34,757.18,1532.8,-1282.4,-750.32,4179,285612,413,1776,342,-0.37464,-1.4106,1.6447
-81.744,2126.6,2912.9,-3.6114,-3604.7,-140.42,5.8272e+05,31433,1,-705.11,-2038.5,-2827.8,773.53,589.19,837.11,1251.2,-818.63,-1080.9,4115.3,284661,413,62,318,-0.049091,-1.7775,1.2936
-89.151,2135.1,2927.9,-2.1821,-3622.2,-134.98,5.8264e+05,31435,1,-574.5,-1982.8,-2743.6,846.09,650.49,918.04,1395,-718.31,-947.29,4115.3,284648,413,62,318,-0.038184,-1.7777,1.2936
-93.348,2144.7,2943.6,-1.3081,-3641.1,-126.24,5.8436e+05,31437,1,-363.51,-1900.3,-2620.8,947.88,724.77,1015.3,1480.2,-618.21,-819.69,4038.8,283410,413,62,318,-0.027275,-1.7779,1.2936
-3.3482,1997.8,2724,-2.3072,-3370.2,-229.61,5.8186e+05,31405,1,-710.4,-1287.1,-1868.8,1115.3,574.81,958.75,1487.8,-962.23,-1082.4,3529.6,268927,413,62,318,-0.20141,-1.7667,1.2936
-97.694,2183,3002.6,0.89224,-3712.5,-90.997,5.6625e+05,31443,1,87.783,-1807.8,-2485.6,936.32,517.21,709.14,1021.5,-1282.4,-1759.8,4109.2,284557,413,62,318,0.0054552,-1.7781,1.2936
-97.753,2168.7,2980.8,0.12519,-3686.1,-104.41,5.8391e+05,31441,1,-111,-1808.2,-2486.9,1144.1,771.83,1065.9,1676.3,-619.96,-844.23,4051.4,283639,413,62,318,-0.0054554,-1.7781,1.2936
-89.405,2192.8,2981.4,-20.259,-3701.5,-55.759,5.1207e+05,31447,1,-2628.7,-3278.3,-4433.5,-1854.7,-767.7,-1005.1,-5707.6,-3894.1,-5214.5,10830,327315,413,62,318,0.027275,-1.7779,1.2936
-94.902,2195.5,3019.6,0.3084,-3733.8,-74.691,5.2492e+05,31445,1,396.62,-1817.6,-2503,449.69,205.94,284.98,-955.28,-2153.9,-2926.2,4915.9,293332,413,62,318,0.016366,-1.7781,1.2936
-298.69,2104.8,2780.3,-49.84,-3490.4,-253.43,5.304e+05,30097,1,-12045,-6548.7,-8523.3,-5041,-1734.5,-2206.2,-6677.8,-3520.5,-4590.5,19286,337635,413,62,318,0.038013,-1.7698,1.3045
-96.32,2155.7,2961,-0.50688,-3662,-116.16,5.8555e+05,31439,1,-218.68,-1824.8,-2512.4,1103.4,794.8,1105.5,1699.9,-535.54,-715.73,4055.9,283710,413,62,318,-0.016366,-1.7781,1.2936
4.0339,1986.5,2706.7,-2.9962,-3349.3,-233.11,5.7958e+05,31403,1,-918.85,-1300.2,-1923.7,1078.2,578.84,966.38,1394.3,-955.25,-1072.6,3560.1,269874,413,62,318,-0.21225,-1.7654,1.2936
12.581,1975.7,2691.3,-3.1137,-3330.3,-235.38,5.8057e+05,31401,1,-664.23,-1252.8,-1823.7,1119.2,585.88,992.6,1283.2,-957.86,-1087.6,3415.4,265188,413,62,318,-0.22308,-1.7641,1.2936
15.245,1964,2676.4,-1.5609,-3310.8,-243.23,5.8109e+05,31399,1,-361.38,-1196.1,-1695.8,1188.3,609.22,1045.6,1402.1,-922.63,-1004.7,3337.6,262760,413,62,318,-0.2339,-1.7627,1.2936
16.628,1951.9,2658.8,-1.0931,-3288.7,-252.14,5.8349e+05,31397,1,-443.8,-1105.2,-1587.5,1208.6,633.16,1090.6,1536.6,-886.47,-913.76,3312.3,261446,413,62,318,-0.24471,-1.7612,1.2936
20.897,1926.6,2621.5,-0.71767,-3242.3,-267.87,5.8416e+05,31393,1,-263.73,-1005.1,-1420.6,1284.1,631.32,1122.4,1633.2,-855.19,-825.7,3238.1,258900,413,62,318,-0.2663,-1.7581,1.2936
20.685,1939.6,2640,-1.5444,-3265.8,-258.24,5.8687e+05,31395,1,-349.9,-1048.1,-1494,1262.3,637.46,1116.7,1600.3,-863.76,-858.78,3277.9,260150,413,62,318,-0.25551,-1.7597,1.2936
22.684,1913.9,2601.8,-1.0449,-3218.3,-275.84,5.8767e+05,31391,1,-292.41,-951.69,-1354.8,1298.7,619.89,1120.1,1703.9,-862.29,-805.69,3232.4,258725,413,62,318,-0.27709,-1.7564,1.2936
23.964,1900.7,2581.9,-1.0179,-3193.5,-284.05,5.8559e+05,31389,1,-252.98,-920.73,-1306.4,1319.1,600.73,1108.7,1711.3,-877.18,-810.83,3210,257990,413,62,318,-0.28786,-1.7547,1.2936
24.721,1887.5,2561.7,-1.0279,-3168.6,-292.62,5.856e+05,31387,1,-330.26,-855.9,-1235.5,1335.4,564.96,1073.6,1748.2,-913.34,-832.1,3194.7,257492,413,183,338,-0.29862,-1.7529,1.2936
27.772,1874.2,2540.9,-1.6098,-3143.2,-298.73,5.8786e+05,31385,1,-266.81,-861.56,-1229.8,1331.7,546.38,1059.8,1699.5,-909.25,-822.11,3148.3,251323,413,183,338,-0.30937,-1.751,1.2936
7.3943,1878.7,2508.2,-0.84127,-3116.3,-330.94,5.8519e+05,30031,1,-169.63,-897.99,-1240.1,1270.7,570.19,1071.4,1604.9,-880.67,-783.58,3070.1,249192,413,183,338,-0.31867,-1.7413,1.3045
7.2993,1866.8,2489.5,-0.77618,-3093,-340.15,5.8736e+05,30029,1,-210.7,-882.34,-1229.8,1230.6,578.82,1084,1596,-879.96,-767.89,3044.8,248607,413,183,338,-0.32935,-1.7393,1.3045
-12.712,1873.1,2458,-0.89453,-3067.8,-372.26,5.8625e+05,28681,1,-241.34,-893.19,-1237.6,1231.4,580.41,1081.7,1572.5,-891.6,-767.24,3044.3,248596,413,183,338,-0.33847,-1.7293,1.3153
-12.7,1850,2422,-0.56037,-3022.7,-390.04,5.8676e+05,28677,1,-142.3,-882.02,-1193.2,1176.3,576.54,1075.6,1490,-909.77,-783.87,2959.2,246277,413,183,338,-0.35967,-1.725,1.3153
-12.059,1861.4,2439.7,-0.85175,-3045,-380.55,5.869e+05,28679,1,-162.86,-904.35,-1232.1,1204.4,586.24,1091.8,1513.4,-883.97,-758.69,2999.4,247493,413,183,338,-0.34908,-1.7272,1.3153
-32.561,1867.8,2408.2,-1.0146,-3019.7,-413.12,5.8432e+05,27337,1,-179.9,-849.62,-1148.8,1182.9,539.47,1018,1494.1,-962.37,-842.72,2944.3,245890,413,183,338,-0.35802,-1.7171,1.3261
-32.733,1856.8,2390.6,-0.93242,-2997.6,-422.14,5.8111e+05,27335,1,-213.47,-807.62,-1104.2,1170.5,525.98,1005.8,1491.3,-977.36,-849.16,2911.3,244179,413,183,338,-0.36854,-1.7149,1.3261
-50.994,1873.3,2375.7,-1.3163,-2993.2,-443.45,5.7769e+05,26001,1,-291.53,-754.4,-1043.7,1194.6,487.79,950.81,1515,-1014.7,-879.77,2900.2,243839,413,183,338,-0.36683,-1.7069,1.3368
-48.852,1861.7,2357.2,-1.7585,-2970.2,-450.01,5.7911e+05,25999,1,-283.78,-729.58,-1010.2,1206.1,473.06,943.64,1495.4,-1007.5,-862.95,2863.3,242197,413,183,338,-0.37729,-1.7046,1.3368
-65.724,1877.5,2342.8,-1.7056,-2966,-469.91,5.8122e+05,24671,1,-298.2,-752.04,-1029.3,1201.6,494.24,956.87,1446.5,-950.88,-794.68,2818.8,240842,413,183,338,-0.37551,-1.6966,1.3475
-84.008,1894.3,2330,-1.1837,-2963.6,-491.4,5.818e+05,23349,1,-271.43,-796.85,-1066,1171.4,538.62,993.26,1417.4,-919.49,-753.03,2813.4,240694,413,183,338,-0.37372,-1.6885,1.3581
-101.87,1901.1,2300.5,-1.0765,-2940.3,-521.55,5.8261e+05,22031,1,-289.12,-770.14,-1024.2,1154,541.41,984.68,1414.2,-953.71,-774.36,2798.1,240163,413,183,338,-0.38222,-1.678,1.3687
-118.85,1917.9,2286.9,-1.3715,-2937.5,-541.84,5.7968e+05,20723,1,-328.1,-710.27,-950.44,1178.9,498.17,928.45,1442.6,-1014.1,-829.67,2795.2,240059,413,183,338,-0.38034,-1.6698,1.3793
-117.45,1906.9,2269.9,-1.3501,-2915.6,-549.27,5.7672e+05,20721,1,-299.58,-713.89,-948.03,1156.2,487.12,916.42,1389.8,-1009.4,-826.56,2746.9,238184,413,183,338,-0.39058,-1.6674,1.3793
-133.46,1922.2,2255.1,-1.5203,-2911.3,-568.36,5.731e+05,19419,1,-301.92,-680.91,-895.59,1159,451.13,860.87,1368.9,-1036.2,-852.51,2705.4,236583,413,183,338,-0.38864,-1.6591,1.3897
-148.84,1937.1,2240.2,-1.5709,-2906.7,-586.71,5.701e+05,18123,1,-305.6,-674.28,-879.39,1151.9,452.19,851.12,1348,-1028.8,-840.82,2675.8,235450,413,183,338,-0.38669,-1.6508,1.4002
-164.24,1952,2225.7,-1.5345,-2902.6,-605.11,5.7203e+05,16835,1,-306.08,-691.88,-888.98,1146.9,470.38,860.34,1306.2,-1012.1,-822.28,2654.5,234383,413,183,338,-0.38473,-1.6424,1.4106
-179.81,1967.3,2211.4,-1.5321,-2898.9,-623.74,5.7102e+05,15555,1,-302.81,-706.12,-893.31,1150.2,498.78,883.1,1266.4,-974.76,-779.92,2632.6,233594,413,1801,347,-0.38274,-1.6339,1.4209
-195.83,1983.3,2198.1,-1.4767,-2896.6,-642.99,5.6784e+05,14283,1,-386.85,-727.18,-928.4,1176.7,524.56,908.62,1238,-972.06,-774.42,2665.2,235056,413,1801,347,-0.38075,-1.6254,1.4311
-212.45,1999.6,2184,-2.1025,-2893.7,-662.9,5.6388e+05,13021,1,-650.44,-703.27,-957.26,1219,511.13,891.78,1220.3,-1015.3,-816.31,2750.1,238305,413,1801,347,-0.37874,-1.6168,1.4414
-229.81,2015.5,2169.1,-2.8575,-2890.1,-683.43,5.6119e+05,11769,1,-888.69,-719.8,-1026.8,1213.4,511.47,881.2,1171.9,-1032.5,-837.85,2830.9,241178,413,1801,347,-0.37671,-1.6082,1.4515
-250.02,2031.1,2153.6,-3.3693,-2885.5,-706.67,5.5587e+05,10525,1,-1101,-843.68,-1205.9,1199.5,505.3,860.7,1158.7,-1056.9,-861.67,3002.5,247563,413,1801,347,-0.37468,-1.5995,1.4616
-273.28,2046.6,2137.8,-3.5196,-2880.3,-732.86,5.5585e+05,9291,1,-1286,-941.03,-1342.4,1158.9,505.67,840.04,1119.9,-1111.6,-917.75,3158.8,251658,413,1801,347,-0.37262,-1.5907,1.4717
-300.3,2061.7,2120.7,-3.6224,-2873.5,-762.61,5.5324e+05,8069,1,-1451.9,-1096.8,-1534.6,1144.2,522.04,843.43,1112.8,-1121,-918.48,3361.2,263521,413,1801,347,-0.37056,-1.5819,1.4817
-329.32,2077.4,2104.2,-3.5743,-2867.2,-794.45,5.4718e+05,6859,1,-1554,-1100.3,-1547.4,1168.8,526.86,845.67,1124.9,-1142.4,-926.7,3436.3,266003,413,1801,347,-0.36848,-1.573,1.4916
-357.56,2092.8,2086.3,-4.3782,-2859.9,-825.44,5.4102e+05,5663,1,-1720.3,-1175.7,-1643,1180,492.53,800.05,981.84,-1248.9,-1062.1,3601.1,271150,413,1801,347,-0.36638,-1.5641,1.5015
-387.23,2106.9,2065.6,-6.1201,-2849.6,-857.54,5.3941e+05,4481,1,-2443.4,-300.44,-903.2,1208.9,596.45,905.87,859.65,-943.21,-764.89,3520.7,268656,413,1801,347,-0.36427,-1.5551,1.5113
-384.81,2114.7,2059.7,-6.5255,-2850.2,-859.27,5.4332e+05,736137,1,-2694.1,-532.63,-1186.3,1271.6,557.79,874.71,869.79,-1044.2,-853.95,3770.8,276609,413,1801,347,-0.36502,-1.5501,1.5163
-403.99,2123.7,2035.2,-8.3652,-2833.9,-885.44,5.4232e+05,735043,1,-3039.9,-940.18,-1684.4,1333,460.57,787.79,845.45,-1272.1,-1080.2,4367.1,287883,413,1801,347,-0.36724,-1.5405,1.5255
-423.48,2132.5,2010.2,-10.436,-2817.1,-911.93,5.4126e+05,733919,1,-3751.8,-1252.9,-2149.3,1259.8,497.2,798.35,730.37,-1242.3,-1063.1,5093.5,294950,413,1801,347,-0.36944,-1.5308,1.5347
-448.29,2142.2,1987.2,-10.928,-2801.4,-943.89,5.4368e+05,732773,1,-4218.3,-1432.6,-2425.8,1220.3,572.78,858.14,698.26,-1173.3,-988.95,5579.1,299604,413,1801,347,-0.37163,-1.5211,1.5438
-476.99,2153.9,1966.3,-10.695,-2787.9,-980.18,5.4602e+05,731607,1,-4443,-1573.4,-2600.4,1131.6,633.65,889.48,703.32,-1102.5,-904.6,5829.2,302088,413,1801,347,-0.37381,-1.5113,1.5528
-1010.5,2323.1,1644.3,-18.621,-2571.2,-1584.2,5.1852e+05,714065,1,-5567.6,-3945.2,-4436.4,-225.3,-0.28013,-48.599,-704.94,-2335.4,-2057.7,8745.5,320366,413,1778,343,-0.37191,-1.3687,1.6803
-858.77,2288,1737.2,-3.8152,-2638.9,-1423.5,5.2655e+05,717969,1,-1486.6,-1713.4,-1792.1,1640,538.49,831.41,1528.9,-1245.1,-704.91,4051.2,283627,413,1776,342,-0.37656,-1.4002,1.6531
-884.71,2299.5,1716,-4.4193,-2624.9,-1457.8,5.2388e+05,716673,1,-1317.2,-1790.3,-1792,1531.1,610.66,859.56,1035.5,-1471.8,-992.53,3984,282374,413,1778,343,-0.37846,-1.3897,1.6615
-914.7,2311.7,1690.8,-7.8773,-2607.8,-1496.3,5.1841e+05,715371,1,-1546.9,-2001,-1999.4,1378.5,617.42,826.52,531.67,-1669.4,-1254.1,4242.8,286504,413,1778,343,-0.38034,-1.3793,1.6698
-953.94,2320.9,1658.3,-13.449,-2581.7,-1543,5.1703e+05,714063,1,-2771.1,-2854.8,-2951.5,920.86,313.63,468.95,-88.126,-2056.6,-1695.2,5728.7,300877,413,1778,343,-0.38222,-1.3687,1.678
-508.43,2165.8,1945.6,-10.104,-2774.1,-1019.3,5.4559e+05,730425,1,-4514.1,-1662.4,-2685.6,1040.9,654.73,880.41,732.28,-1095.2,-877.83,5928.5,303059,413,1801,347,-0.37597,-1.5015,1.5618
-538.41,2178.1,1925.9,-9.1911,-2761.4,-1057.1,5.4563e+05,729229,1,-4322.5,-1475.2,-2443,1048.3,658.21,877.92,811.55,-1066.6,-818.46,5621.2,299961,413,1801,347,-0.37812,-1.4916,1.5707
-563.9,2190.2,1907.4,-8.145,-2750.2,-1090.7,5.447e+05,728019,1,-3930.9,-1177.6,-2049.1,1114.4,642.7,870.16,932.01,-1049.8,-759.77,5098.8,294992,413,1801,347,-0.38026,-1.4817,1.5796
-583.65,2201.3,1888,-7.9438,-2738.6,-1118.4,5.3985e+05,726797,1,-3858.6,-1079.6,-1934.8,1298.8,572.01,844.77,953.1,-1113.6,-803.11,5031.8,294458,413,1801,347,-0.38238,-1.4717,1.5884
-600.59,2211.7,1867.4,-8.7143,-2726.2,-1143.5,5.3423e+05,725563,1,-3577.6,-1121.5,-1886.8,1353.6,560.76,839.85,848.42,-1197.8,-891.5,4839.3,292631,413,1776,342,-0.38448,-1.4616,1.5972
-620.06,2221.9,1845.4,-9.9858,-2712.1,-1171,5.3062e+05,724319,1,-3542.6,-1254.9,-1984.5,1404.2,511.57,801.65,722.48,-1315.2,-1014,4921.3,293384,413,1776,342,-0.38658,-1.4515,1.6059
-645.62,2230.1,1820.2,-11.259,-2693.2,-1203.9,5.2663e+05,723067,1,-3415,-1748.3,-2379.5,1351.2,473.91,749.04,629.76,-1378.5,-1078.9,5143.3,295404,413,1776,342,-0.38865,-1.4414,1.6145
-682.02,2237.9,1795.6,-9.929,-2672.4,-1247.3,5.271e+05,721805,1,-3192.4,-2215.2,-2719,1308.1,381.11,651.57,632.26,-1484.4,-1156,5347.9,297411,413,1776,342,-0.39072,-1.4311,1.6231
-762.78,2257.4,1772.6,-8.7941,-2658.5,-1323.7,5.2703e+05,720535,1,-3232.1,-2121.7,-2601.7,1240,309.77,560.02,946.47,-1493.4,-1077.4,5286.9,296735,413,1776,342,-0.38274,-1.4209,1.6339
-724.31,2243.6,1767.4,-8.9856,-2646.3,-1295.9,5.2523e+05,720533,1,-2902.3,-2375.9,-2766.7,1316.8,285.11,565.34,809.99,-1616.2,-1213.9,5347.9,297414,413,1776,342,-0.39276,-1.4209,1.6316
-801.54,2262.4,1746.1,-6.855,-2633.7,-1368.6,5.2521e+05,719255,1,-2387.8,-2178.6,-2430.5,1466.2,323.1,620.7,1316.1,-1457.6,-944.18,4872.7,292931,413,1776,342,-0.38473,-1.4106,1.6424
-51.93,2138.6,2974.6,-1.5124,-3663.3,-71.611,5.8342e+05,32797,1,-324.43,-1933.4,-2694.1,1005.4,696.09,979.98,1572.1,-663.82,-905.29,4151.9,285227,413,62,318,-0.016439,-1.786,1.2826
35.934,1970.4,2724.7,-3.1603,-3356.8,-199.52,5.8123e+05,32761,1,-708.5,-1225.1,-1810.9,1127.9,581.09,990.97,1377.3,-956.22,-1093.3,3446.8,266356,413,62,318,-0.21319,-1.7733,1.2826
28.232,1981.7,2741.1,-2.9491,-3376.8,-196.42,5.8319e+05,32763,1,-813.58,-1288.2,-1910.8,1103.6,575.79,970.68,1499.5,-949.71,-1078.2,3529.6,268926,413,62,318,-0.20231,-1.7746,1.2826
-55.524,2178.8,3037.9,1.9589,-3738.7,-35.469,5.7683e+05,32803,1,284.19,-1779.1,-2480,1026.3,673.47,926.46,1079.6,-948.5,-1324.7,4109.2,284558,413,62,318,0.016438,-1.786,1.2826
-55.742,2164.3,3014,0.018268,-3710.7,-49.101,5.8872e+05,32801,1,-26.938,-1853,-2577.3,1293.5,788.46,1091.8,2036.2,-523.88,-736.26,4151.9,285229,413,62,318,0.0054795,-1.786,1.2826
-54.632,2150.5,2993.1,-0.70135,-3685.4,-61.23,5.85e+05,32799,1,-178.66,-1887.3,-2632.5,1167.5,747.53,1045.7,1776.2,-591.45,-819.31,4151.9,285228,413,62,318,-0.0054796,-1.786,1.2826
-139.67,2152.2,2873.2,-52.167,-3591,-93.417,5.2381e+05,31449,1,-9681.6,-5872.6,-7751.7,-5043.9,-1889.5,-2439.5,-9230.6,-4711.6,-6209.3,19215,337576,413,62,318,0.038184,-1.7777,1.2936
40.956,1958.7,2709.3,-2.2455,-3337.1,-205.1,5.8128e+05,32759,1,-416.86,-1140.2,-1645.3,1188.5,605.56,1043.9,1360.3,-921.16,-1032.1,3329.6,262473,413,62,318,-0.22407,-1.7719,1.2826
41.988,1946.1,2692,-1.1738,-3315.1,-214.37,5.8489e+05,32757,1,-218.15,-1112.7,-1579.2,1259.3,613.92,1080.5,1586.7,-886.34,-934.59,3329.6,262472,413,62,318,-0.23494,-1.7705,1.2826
42.927,1933.4,2673,-1.0671,-3291.7,-223.56,5.8904e+05,32755,1,-287.78,-1095.6,-1564.1,1245.9,627.15,1101.4,1615.1,-862.17,-879.8,3318.7,261701,413,62,318,-0.2458,-1.7691,1.2826
44.991,1920.7,2653.8,-1.1897,-3268.1,-231.48,5.8946e+05,32753,1,-244.24,-1034,-1473.2,1277.9,631.73,1126.3,1649.1,-842.61,-831.22,3274.2,260042,413,62,318,-0.25665,-1.7675,1.2826
44.684,1907.7,2634.7,-0.64614,-3244.1,-241.52,5.9079e+05,32751,1,-176,-1016.2,-1436.1,1280,630.94,1135.5,1665.9,-827.25,-791.43,3246.2,259153,413,183,338,-0.26749,-1.7659,1.2826
45.47,1895.1,2615,-0.8748,-3220.1,-250.39,5.9082e+05,32749,1,-226.96,-972.59,-1387.1,1282.6,621.33,1133,1696.3,-844.01,-792.77,3233.4,258755,413,183,338,-0.27832,-1.7642,1.2826
46.156,1882.1,2595.1,-0.888,-3195.6,-259.14,5.9011e+05,32747,1,-183.85,-957.7,-1359.2,1289.1,605.28,1124.8,1685.6,-853.23,-791.99,3207.5,257919,413,183,338,-0.28914,-1.7625,1.2826
46.147,1869.3,2575.4,-0.77559,-3171.3,-268.43,5.8727e+05,32745,1,-248.93,-929.79,-1333.3,1296.5,592.3,1113.8,1711.2,-876.26,-803.02,3210,257989,413,183,338,-0.29995,-1.7607,1.2826
48.238,1856.4,2555,-1.3426,-3146.5,-275.48,5.8767e+05,32743,1,-278.18,-891.21,-1290.5,1299.9,568.05,1094.3,1705.3,-907.63,-833.38,3189.6,257353,413,183,338,-0.31074,-1.7588,1.2826
48.754,1843.2,2535,-1.1633,-3121.8,-283.87,5.8731e+05,32741,1,-185.29,-881.3,-1252,1294.6,545,1068.5,1648.8,-917.36,-843.89,3125,250734,413,183,338,-0.32153,-1.7569,1.2826
28.108,1860.8,2521.2,-1.0658,-3118.6,-307.34,5.86e+05,31383,1,-168.19,-886.22,-1241.4,1281.3,551.22,1064.5,1623.6,-891.12,-802.97,3083.6,249505,413,183,338,-0.32011,-1.7491,1.2936
27.929,1848.7,2502.4,-0.8973,-3095.2,-316.51,5.8681e+05,31381,1,-174.97,-886.83,-1241,1229.6,564.68,1074.7,1593.5,-883.49,-786.24,3046.5,248634,413,183,338,-0.33083,-1.7471,1.2936
28.36,1836.7,2483.4,-1.063,-3071.9,-324.97,5.8689e+05,31379,1,-209.43,-859.23,-1214.4,1232.6,556.64,1074.8,1597.3,-899.28,-793.95,3038.4,248427,413,183,338,-0.34155,-1.745,1.2936
8.2159,1854.8,2470.6,-0.99837,-3069.7,-348.21,5.8734e+05,30027,1,-241.2,-869.19,-1221.9,1241.2,571.07,1086.4,1592.8,-879.24,-755.34,3038.8,248435,413,183,338,-0.34002,-1.7372,1.3045
8.8367,1842.8,2452,-0.86743,-3046.5,-356.39,5.8734e+05,30025,1,-173.37,-891.26,-1230.1,1221.3,580.61,1098.2,1537.1,-864.61,-737.38,3004.3,247605,413,183,338,-0.35067,-1.7351,1.3045
7.7234,1831.3,2434.2,-0.42589,-3024.1,-366.22,5.89e+05,30023,1,-92.767,-894.97,-1214.6,1178.9,592.65,1113.7,1499.5,-854.12,-719.28,2960,246308,413,183,338,-0.36131,-1.7329,1.3045
-13.408,1839.1,2404.3,-0.54887,-3000.6,-399.53,5.8732e+05,28675,1,-134.05,-866.16,-1175,1152.3,582.74,1090.2,1487.7,-895.59,-755.63,2931.1,245457,413,183,338,-0.37025,-1.7228,1.3153
-13.489,1828.3,2386.4,-0.69725,-2978.4,-408.27,5.8578e+05,28673,1,-173.72,-824.97,-1128,1166.1,557.55,1064.9,1495.3,-929.31,-782.75,2915.5,244858,413,183,338,-0.38081,-1.7205,1.3153
-31.848,1845.6,2372.5,-1.211,-2975.1,-429.95,5.8028e+05,27333,1,-210.13,-758.47,-1041,1184.9,502.28,989.76,1505.4,-1001.3,-862.36,2889.9,243544,413,183,338,-0.37906,-1.7126,1.3261
-31.345,1834.1,2354.1,-1.2599,-2952.1,-437.9,5.7959e+05,27331,1,-216.16,-728.42,-1001.7,1206.6,472.92,962.43,1503.3,-1017.4,-870.65,2870.5,242368,413,183,338,-0.38956,-1.7102,1.3261
-47.945,1849.9,2339.3,-1.4873,-2947.4,-457.6,5.7899e+05,25997,1,-211.87,-743.98,-1008.6,1179.7,484.57,960.33,1442.8,-962.64,-805.57,2796.7,240114,413,183,338,-0.38775,-1.7023,1.3368
-65.457,1866.4,2326.2,-1.0444,-2944.5,-478.33,5.8045e+05,24669,1,-198.02,-787.04,-1046,1158.7,518.32,981.87,1393.6,-921.16,-761.41,2774.6,239221,413,183,338,-0.38592,-1.6942,1.3475
-83.947,1883.8,2313.8,-0.78088,-2942.7,-500.24,5.8279e+05,23347,1,-220.79,-792.32,-1046.4,1127.8,555.82,1010.3,1381.5,-922.46,-752.34,2774.6,239219,413,183,338,-0.38407,-1.6861,1.3581
-100.48,1890.6,2283.7,-1.2253,-2918.9,-529.03,5.8353e+05,22029,1,-276.51,-747.22,-996.17,1133.3,528.78,974.48,1388.3,-963.71,-783.25,2758.7,238603,413,183,338,-0.3925,-1.6756,1.3687
-99.456,1880.2,2267.3,-1.1316,-2897.9,-536.74,5.8085e+05,22027,1,-261.91,-726.16,-962.72,1124.9,510.13,952.68,1354.1,-975.17,-791.84,2714.3,236914,413,183,338,-0.40278,-1.6732,1.3687
-116.06,1896.5,2253.4,-1.3481,-2894.5,-556.7,5.7754e+05,20719,1,-302.7,-703.91,-937.83,1130.8,482.61,911.35,1360.7,-1011.6,-825.61,2713.9,236908,413,183,338,-0.40081,-1.665,1.3793
-131.95,1911.8,2238.7,-1.5465,-2890.1,-575.72,5.7133e+05,19417,1,-341.8,-664.6,-891.44,1131.5,458.59,872.75,1356.7,-1029.2,-837.52,2684.6,235803,413,183,338,-0.39882,-1.6567,1.3897
-147.3,1926.8,2224.2,-1.5204,-2885.9,-594.16,5.724e+05,18121,1,-338.23,-669.07,-883.45,1123.9,460.14,858.97,1334.8,-1020.4,-825.04,2656.9,234470,413,183,338,-0.39681,-1.6484,1.4002
-162.93,1942,2210.1,-1.3909,-2882.1,-612.91,5.7314e+05,16833,1,-356.15,-688.21,-901.23,1107.9,482.83,873.24,1308.3,-995.66,-791.37,2639.2,233809,413,183,338,-0.3948,-1.64,1.4106
-178.99,1957.4,2196.3,-1.2027,-2878.8,-632.13,5.746e+05,15553,1,-345.38,-698.04,-897.34,1103.9,506.52,886.67,1302.6,-983.96,-769.84,2632.6,233593,413,1801,347,-0.39276,-1.6316,1.4209
-195.04,1973.4,2183.2,-1.0308,-2876.5,-651.48,5.7245e+05,14281,1,-404.06,-654.25,-852.14,1129.3,509.84,886.25,1322.8,-997.09,-767.29,2640.2,233840,413,1801,347,-0.39072,-1.6231,1.4311
-209.88,1989.1,2169.1,-1.5517,-2873.6,-669.6,5.6844e+05,13019,1,-441.54,-645.4,-843.35,1160.8,509.98,884.72,1292.4,-1018.3,-794.03,2655.3,234413,413,1801,347,-0.38865,-1.6145,1.4414
-224.36,2004.7,2154.8,-2.1986,-2870.6,-687.32,5.6691e+05,11767,1,-597.74,-652.27,-882.29,1192.9,506.71,880.01,1253.6,-1019,-794.99,2693.9,236180,413,1801,347,-0.38658,-1.6059,1.4515
-241.52,2020.8,2140.4,-2.848,-2867.5,-707.78,5.6325e+05,10523,1,-915.06,-747.39,-1056.5,1186.7,520.61,881.14,1140.1,-1033.7,-829.39,2832.7,241229,413,1801,347,-0.38448,-1.5972,1.4616
-262.31,2036.8,2124.8,-3.6157,-2863,-731.72,5.5751e+05,9289,1,-1281.1,-806.13,-1201.8,1168,510.86,854.71,1049.3,-1100.2,-912.58,3039,248441,413,1801,347,-0.38238,-1.5884,1.4717
-286.26,2051.9,2107,-4.731,-2855.9,-758.53,5.5339e+05,8067,1,-1614.5,-986.7,-1464.2,1149.8,509.64,837.24,1062.5,-1137.7,-942.09,3364.1,263622,413,1801,347,-0.38026,-1.5796,1.4817
-314.47,2067.2,2089.9,-4.9047,-2849,-789.56,5.5315e+05,6857,1,-1861.1,-931.42,-1455.7,1195.1,498.27,829.4,1098.5,-1156.6,-940.17,3499,267978,413,1801,347,-0.37812,-1.5707,1.4916
-341.44,2082.6,2073.3,-5.1144,-2842.7,-819.37,5.499e+05,5661,1,-2168.4,-660.33,-1231.2,1256.9,470.09,803.74,1077.7,-1138.9,-914.25,3520.7,268655,413,1801,347,-0.37597,-1.5618,1.5015
-357.91,2100.6,2051.9,-7.0297,-2836.1,-841,5.3777e+05,736135,1,-2536.9,-453.44,-1087.6,1377.7,476.57,828.59,961.51,-1090.5,-876.91,3676.8,273382,413,1801,347,-0.37431,-1.5501,1.514
-371.73,2108.4,2028.5,-8.2173,-2820.6,-861.78,5.3808e+05,735041,1,-2514.3,-771,-1399.3,1497.7,437.65,812.91,962.57,-1201.4,-977.25,3910.8,280557,413,1801,347,-0.37659,-1.5405,1.5232
-387.03,2117.2,2006.5,-8.9408,-2806.4,-884.31,5.3979e+05,733917,1,-2647.8,-862.83,-1516.6,1508.5,500.85,874.42,795.05,-1160.4,-963.52,4031.6,283295,413,1801,347,-0.37885,-1.5308,1.5324
-404.6,2127.5,1984.7,-10.267,-2793.2,-909.52,5.4151e+05,732771,1,-3358.9,-1179.8,-1988.9,1415.8,599.15,940.05,540.68,-1130.6,-981.41,4734,291507,413,1801,347,-0.3811,-1.5211,1.5415
-428.13,2139.6,1964.3,-10.852,-2781,-941.01,5.4424e+05,731605,1,-3621.9,-1422.6,-2278.2,1383.8,670.18,995.61,471.96,-1101.9,-957.33,5103,295039,413,1801,347,-0.38333,-1.5113,1.5505
-457.38,2152.4,1943.8,-11.015,-2768.3,-978.33,5.4604e+05,730423,1,-3921.3,-1558.7,-2467.8,1356.8,670.69,981.83,491.99,-1119.2,-955.83,5436.9,298399,413,1801,347,-0.38555,-1.5015,1.5595
-1079.7,2321.9,1603.4,-19.394,-2526.2,-1657,5.1765e+05,712749,1,-6104.1,-3787.6,-4403.7,-223.65,-116.12,-141.72,-750.19,-2391.2,-2093.3,9041.3,321605,413,1778,343,-0.37372,-1.3581,1.6885
-839.91,2268.6,1722.2,-3.9504,-2611.5,-1413.5,5.2631e+05,717967,1,-1458.1,-2100.9,-2124.3,1698.8,436.26,767.44,1642.8,-1290.4,-710.08,4425.6,288483,413,1776,342,-0.38669,-1.4002,1.6508
-875.08,2277.6,1700.9,-1.461,-2593.4,-1456.2,5.2738e+05,716671,1,-836.5,-2013.3,-1886.2,1835.6,555.51,895.89,1758.4,-1259.2,-644.85,4229.1,286326,413,1776,342,-0.38864,-1.3897,1.6591
-909,2288.8,1679.6,-0.57022,-2577,-1498.2,5.2257e+05,715369,1,-281.04,-2035.5,-1750.2,1925.1,645.47,984.42,1564.9,-1400.8,-791.8,4173.2,285537,413,1778,343,-0.39058,-1.3793,1.6674
-944.57,2301,1656,-1.7623,-2559.5,-1542.3,5.1833e+05,714061,1,-342.51,-2249.3,-1914.1,1792.3,617.22,925.72,1182,-1548.5,-982.62,4248.7,286585,413,1778,343,-0.39251,-1.3687,1.6756
-1004.3,2324.1,1619.1,-18.492,-2544.6,-1598.9,5.1608e+05,712747,1,-3757.7,-3114.6,-3354.9,401.44,138.95,206.37,-697.19,-2206.9,-1933.6,6662.9,310047,413,1778,343,-0.38407,-1.3581,1.6861
-487.47,2164.9,1923.1,-10.909,-2754.9,-1016.5,5.4582e+05,729227,1,-4098.6,-1582.9,-2517.3,1375.8,625.75,936.3,575.28,-1151.1,-952.25,5600.5,299784,413,1801,347,-0.38775,-1.4916,1.5684
-515.49,2175.4,1901.5,-10.5,-2739.9,-1052.2,5.4261e+05,728017,1,-3791.3,-1450.4,-2298.5,1535.4,545.73,893.12,808.47,-1164.9,-894.44,5293.8,296786,413,1801,347,-0.38994,-1.4817,1.5772
-540.15,2184.5,1880.2,-9.5096,-2724.5,-1084.3,5.3857e+05,726795,1,-3374.4,-1216,-1957.9,1655,521.84,891.97,969.47,-1133.6,-811.53,4836.2,292596,413,1801,347,-0.39212,-1.4717,1.586
-562.24,2193.9,1860.4,-8.2364,-2710.9,-1114.2,5.3603e+05,725561,1,-2471.4,-1390.7,-1886.5,1750.3,522.3,913.74,1010.1,-1141.9,-795.66,4327.7,287465,413,1801,347,-0.39428,-1.4616,1.5948
-585.64,2203.2,1839.4,-7.5018,-2696,-1145.4,5.3224e+05,724317,1,-2262.6,-1446,-1862.2,1674.6,538.71,900.63,916.92,-1229.1,-884.54,4209.2,286069,413,1776,342,-0.39642,-1.4515,1.6035
-614.84,2213.4,1817.9,-6.6504,-2680.2,-1182.5,5.3026e+05,723065,1,-1675,-1819.6,-2037.3,1611,539.99,882.09,877.24,-1340.3,-978,4177.8,285595,413,1776,342,-0.39855,-1.4414,1.6121
-649.91,2222.2,1791.8,-7.3034,-2659.1,-1224.9,5.2437e+05,721803,1,-2087.6,-2177.3,-2432.9,1478.5,418.71,734.24,795.58,-1532.3,-1155.9,4715.4,291324,413,1776,342,-0.40067,-1.4311,1.6206
-691.6,2229,1762.6,-7.7345,-2632.9,-1273.3,5.21e+05,720531,1,-2094.7,-2401.4,-2609.6,1315.5,342.33,624.74,861.17,-1707.4,-1274.2,4948,293667,413,1776,342,-0.40277,-1.4209,1.6291
-770.76,2246.7,1736.6,-7.6152,-2615.5,-1347.8,5.2205e+05,719253,1,-2373.8,-2739.8,-2930.6,1345.1,176.78,477.22,1095.4,-1770.3,-1258.4,5451.2,298509,413,1776,342,-0.3948,-1.4106,1.64
-819.16,2249.9,1707.3,-4.9915,-2585.2,-1401.6,5.2184e+05,717965,1,-1675.9,-2504.7,-2530,1561.9,324.9,649.26,1536.1,-1471,-882.11,4873.6,292936,413,1776,342,-0.39681,-1.4002,1.6484
60.129,1965.5,2759.8,-2.6815,-3384.8,-162.89,5.8363e+05,34125,1,-703.59,-1264.9,-1881,1090.5,586.32,994.03,1398.5,-945.7,-1099.8,3494.9,267851,413,62,318,-0.2032,-1.7823,1.2717
67.576,1941.3,2726.3,-1.4864,-3342.9,-176.5,5.8511e+05,34121,1,-278.76,-1125.9,-1624.5,1253.7,607.08,1071.8,1542.8,-903.07,-990.28,3354,263312,413,183,338,-0.22505,-1.7797,1.2717
65.122,1954,2743.9,-2.1907,-3364.9,-168.58,5.8229e+05,34123,1,-461.44,-1197.3,-1756.3,1185.3,588.46,1024.5,1430.8,-949.2,-1090.7,3416,265203,413,62,318,-0.21413,-1.7811,1.2717
67.919,1928.1,2707.1,-1.0009,-3319,-186.29,5.9009e+05,34119,1,-174.86,-1089.9,-1556.5,1284.3,617.59,1102,1661.3,-869.71,-907.84,3350.7,263183,413,183,338,-0.23597,-1.7783,1.2717
68.236,1915.1,2687.5,-0.89495,-3294.9,-195.96,5.9204e+05,34117,1,-199.29,-1055,-1512.9,1278.5,623.13,1118.9,1689.9,-857.09,-869.44,3326.1,262333,413,183,338,-0.24688,-1.7768,1.2717
68.918,1902,2667.7,-0.90865,-3270.6,-205.11,5.9377e+05,34115,1,-164.59,-1017.1,-1453.2,1293.1,625.75,1135.7,1700,-845.1,-835.15,3290.7,260707,413,183,338,-0.25777,-1.7753,1.2717
68.604,1888.9,2647.8,-0.69956,-3246.1,-215.06,5.9542e+05,34113,1,-135.06,-1009.2,-1436.3,1280.6,622.87,1139.2,1686.4,-836.04,-809.83,3259.5,259523,413,183,338,-0.26866,-1.7737,1.2717
68.499,1876.2,2628.2,-0.69978,-3222.1,-224.7,5.9322e+05,34111,1,-170.53,-979.6,-1402.7,1271.4,620.43,1144.1,1690.2,-838.65,-796.97,3234.5,258783,413,183,338,-0.27954,-1.772,1.2717
68.952,1863.3,2608.2,-0.8513,-3197.6,-233.61,5.9181e+05,34109,1,-185.62,-968.6,-1390.7,1279.7,609.78,1139.4,1693.8,-845.68,-793.09,3229.2,258595,413,183,338,-0.29041,-1.7702,1.2717
69.011,1850.6,2588.5,-0.78163,-3173.4,-242.75,5.8983e+05,34107,1,-215.11,-950.03,-1372.4,1273.5,597.63,1132.8,1679.1,-857.21,-794.22,3206.1,257835,413,183,338,-0.30126,-1.7684,1.2717
69.888,1825.3,2549.3,-0.78147,-3125.4,-259.85,5.8825e+05,34103,1,-144.45,-914.17,-1305.3,1261.2,570.24,1111.6,1636.1,-889.67,-818.91,3138.7,251045,413,183,338,-0.32294,-1.7646,1.2717
70.058,1838,2568.8,-0.98958,-3149.4,-250.8,5.8867e+05,34105,1,-203.48,-922.7,-1331.6,1269,586.5,1126.4,1654.9,-876.13,-810.79,3170.6,256721,413,183,338,-0.31211,-1.7665,1.2717
48.731,1830.9,2515.9,-1.0085,-3098.1,-292.77,5.8821e+05,32739,1,-146.42,-880.83,-1243.1,1230,550.86,1072.3,1594,-906.15,-826.9,3058.5,248936,413,183,338,-0.3323,-1.7549,1.2826
48.285,1819,2497.2,-0.82622,-3075,-302,5.8439e+05,32737,1,-172.94,-851.42,-1208.5,1232.6,544.59,1073.6,1602.2,-909.37,-811.4,3039.1,248447,413,183,338,-0.34307,-1.7528,1.2826
29.047,1824.5,2464.3,-1.0998,-3048.2,-332.95,5.8715e+05,31377,1,-153.87,-856.18,-1195.1,1235.2,554.1,1082.8,1575.3,-885.29,-764.15,3006.6,247665,413,183,338,-0.35225,-1.7429,1.2936
28.044,1812.6,2446,-0.62655,-3025.2,-342.52,5.8793e+05,31375,1,-79.798,-875.22,-1200,1191.7,569.24,1100.1,1515.1,-854.73,-725.32,2952.8,246111,413,183,338,-0.36294,-1.7407,1.2936
26.853,1801.6,2428.1,-0.47168,-3003,-352.27,5.9031e+05,31373,1,-90.279,-872.5,-1198.6,1156.7,582.09,1116.2,1500.8,-849.23,-707.93,2933.2,245528,413,183,338,-0.37361,-1.7385,1.2936
6.6158,1820.4,2416.5,-0.39201,-3002,-376.03,5.9065e+05,30021,1,-107.92,-882.04,-1201.2,1148.4,598.43,1121.4,1492.8,-856.79,-710.97,2938.6,245702,413,183,338,-0.37194,-1.7307,1.3045
5.9895,1809.6,2398.6,-0.50117,-2979.9,-385.23,5.9089e+05,30019,1,-116.67,-860.37,-1173.2,1153.8,588.59,1116.7,1490.7,-868.97,-714.42,2922.7,245177,413,183,338,-0.38255,-1.7284,1.3045
-14.072,1817.2,2368.5,-0.67192,-2956,-417.31,5.8461e+05,28671,1,-142.99,-790.83,-1075.9,1170.5,534.08,1046.2,1496.7,-948.14,-792.84,2884.6,242834,413,183,338,-0.39136,-1.7181,1.3153
-30.973,1822.7,2336,-1.2572,-2929.4,-445.86,5.8063e+05,27329,1,-196.61,-722.19,-990.37,1180.9,477.32,971.35,1481.9,-991.08,-831,2824.1,240975,413,183,338,-0.40005,-1.7078,1.3261
-47.664,1839,2322.3,-1.153,-2925.8,-465.83,5.8162e+05,25995,1,-189.52,-757.72,-1019.8,1144.5,512.44,993.66,1404,-926.79,-758.34,2759.5,238626,413,183,338,-0.39818,-1.6999,1.3368
-65.596,1856.1,2309.8,-0.80223,-2923.6,-487.2,5.8361e+05,24667,1,-208.83,-781.93,-1042.3,1120.4,542.53,1009.1,1387,-913.83,-739.62,2759.6,238628,413,183,338,-0.39631,-1.6918,1.3475
-83.409,1873.7,2297.2,-0.90897,-2921.6,-508.54,5.8481e+05,23345,1,-248.6,-761.79,-1016.8,1121,548.04,1005.1,1394.2,-940.36,-760.76,2765.9,238851,413,183,338,-0.39441,-1.6838,1.3581
-82.498,1863.3,2280.4,-1.0355,-2900.5,-516.3,5.8566e+05,23343,1,-213.06,-751.4,-993.59,1116,538.13,998.78,1366.7,-937.22,-752.92,2728.1,237408,413,183,338,-0.40474,-1.6813,1.3581
-99.166,1870.2,2251.3,-0.95757,-2877.2,-545.11,5.8e+05,22025,1,-219.21,-706.52,-929.68,1103.5,507.42,953.91,1343.9,-976.61,-786.12,2678.5,235589,413,183,338,-0.41304,-1.6707,1.3687
-114.72,1886.2,2237.1,-1.3891,-2873.6,-564.06,5.7486e+05,20717,1,-294.64,-665.24,-888.95,1126.8,468.61,899.46,1347.3,-1021.6,-829.9,2676.8,235528,413,183,338,-0.41101,-1.6625,1.3793
-129.59,1901.4,2222.3,-1.74,-2869.1,-582.13,5.7419e+05,19415,1,-351.93,-639.94,-865.08,1138.1,452.06,873,1341.5,-1026.4,-827.13,2660.9,234871,413,183,338,-0.40898,-1.6542,1.3897
-144.85,1916.6,2208.3,-1.6434,-2865.3,-600.61,5.7285e+05,18119,1,-362.81,-662.69,-884.26,1120.5,470.97,879.25,1312.5,-999.24,-793.28,2637,233749,413,183,338,-0.40692,-1.6459,1.4002
-160.67,1932.2,2194.7,-1.499,-2862.1,-619.71,5.7376e+05,16831,1,-399.66,-671.36,-892.3,1103.3,489.01,882.6,1294.5,-997.5,-784.81,2632.2,233575,413,1801,347,-0.40485,-1.6376,1.4106
-176.51,1947.8,2180.8,-1.5509,-2858.8,-638.82,5.7481e+05,15551,1,-456.52,-643.44,-866.58,1123.8,488.02,877.88,1318.6,-1010.7,-782.98,2649.3,234145,413,1801,347,-0.40277,-1.6291,1.4209
-191.78,1963.4,2167.1,-1.6753,-2855.9,-657.41,5.7599e+05,14279,1,-488.23,-619.34,-839.25,1142.9,492.59,878.37,1354.8,-1009.3,-765.67,2652.6,234321,413,1801,347,-0.40067,-1.6206,1.4311
-205.74,1978.7,2153.3,-1.893,-2853,-674.63,5.7646e+05,13017,1,-532.07,-584.68,-801.5,1179.2,480.76,864.06,1334.5,-1015.1,-767.79,2652.6,234322,413,1801,347,-0.39855,-1.6121,1.4414
-220.11,1994.2,2140,-1.8509,-2850.5,-692.29,5.697e+05,11765,1,-550.56,-645,-862.32,1192.1,505.41,883.78,1258,-983.41,-742.58,2649.8,234168,413,1801,347,-0.39642,-1.6035,1.4515
-236.01,2010.4,2126.8,-2.0566,-2848.5,-711.61,5.6428e+05,10521,1,-597.16,-676.19,-898.89,1189.2,517.12,886.25,1188.9,-1005.9,-774.81,2667.3,235121,413,1801,347,-0.39428,-1.5948,1.4616
-253.41,2026.2,2111.5,-3.1145,-2844.6,-732.3,5.5598e+05,9287,1,-877.4,-754.9,-1047.6,1199,510.53,870.02,1105,-1070.1,-860.69,2828.3,241107,413,1801,347,-0.39212,-1.586,1.4717
-273.14,2041.9,2095.5,-4.1637,-2839.8,-755.21,5.5564e+05,8065,1,-1303.5,-818.03,-1212.6,1198.2,484.88,831.85,1020.4,-1132.6,-938.15,3066.8,249133,413,1801,347,-0.38994,-1.5772,1.4817
-296.42,2056.5,2076.7,-5.821,-2831.9,-781.33,5.52e+05,6855,1,-1712.6,-817,-1302.1,1275.1,425.93,779.23,1037.5,-1197.2,-988,3346.1,263046,413,1801,347,-0.38775,-1.5684,1.4916
-335.86,2085,2044.1,-5.899,-2820.4,-826.89,5.4754e+05,736133,1,-2047.7,-445.62,-974.57,1425.6,399.03,771.08,1119.3,-1085.7,-830.71,3354,263311,413,1801,347,-0.3836,-1.5501,1.5117
-322.17,2070.5,2058.7,-6.215,-2823.7,-809.69,5.4893e+05,5659,1,-1923.6,-440.11,-952.22,1359.3,400.4,764.52,1129,-1080.7,-832.14,3244.7,259102,413,1801,347,-0.38555,-1.5595,1.5015
-350.52,2091.9,2021.7,-5.6685,-2804.7,-848.38,5.4503e+05,735039,1,-1937.2,-760.9,-1261.8,1524.4,394.35,785.46,1079.6,-1185.3,-927.9,3528.6,268896,413,1801,347,-0.38593,-1.5405,1.5209
-363.73,2100,2000.3,-5.9098,-2790.8,-868.83,5.4119e+05,733915,1,-1781.8,-777.36,-1231.1,1553.6,481.72,877.31,1044.7,-1073.1,-809.21,3407,264941,413,1801,347,-0.38825,-1.5308,1.53
-378.76,2110.7,1981.4,-5.9487,-2780.2,-891.77,5.4254e+05,732769,1,-1693.6,-919.93,-1338.6,1568.5,589.77,982.02,905.88,-1041.9,-799.79,3438.7,266070,413,1801,347,-0.39055,-1.5211,1.5391
-397.36,2122.9,1961.9,-6.8368,-2769.4,-918.62,5.4119e+05,731603,1,-2102.7,-1209.2,-1708.6,1576.7,666.03,1049.1,720.24,-1082.2,-872.17,3909.4,280528,413,1801,347,-0.39284,-1.5113,1.5481
-420.22,2135.6,1941.3,-8.093,-2757.5,-949.85,5.4204e+05,730421,1,-2285.6,-1360.7,-1887.9,1613,656.77,1043.2,722.39,-1152.1,-926.77,4179.6,285621,413,1801,347,-0.39511,-1.5015,1.5571
-447.54,2147.1,1919.3,-8.7397,-2742.9,-985.17,5.4293e+05,729225,1,-2511.3,-1549.9,-2109.8,1680,583.69,982.47,781.99,-1211.5,-956.13,4503.5,289225,413,1801,347,-0.39737,-1.4916,1.566
-1067,2321.6,1577.3,-20.188,-2498.7,-1665,5.1646e+05,711425,1,-4972,-3925.6,-4247.8,-199.02,-223.93,-222.29,-1130.4,-2476.9,-2227.6,8407.7,319156,413,1778,343,-0.38592,-1.3475,1.6942
-1138.3,2316.5,1534.5,-19.627,-2448.2,-1738.5,5.1801e+05,710097,1,-5411.2,-4049.6,-4409.1,-258.49,-173.1,-195.24,-744.58,-2315.7,-1990,8667.9,320065,413,1778,343,-0.38775,-1.3368,1.7023
-865.56,2256.1,1682,-1.6881,-2560,-1454.3,5.2433e+05,716669,1,-947.71,-2516.2,-2340.8,1777,431.29,789,1942.4,-1431.4,-732.26,4799.3,292254,413,1776,342,-0.39882,-1.3897,1.6567
-904.26,2266.2,1659.6,-0.037114,-2540.8,-1500.7,5.3077e+05,715367,1,-212.31,-2190.9,-1863.1,2007.5,618.43,994.39,2157.7,-1325.5,-575.88,4523.5,289389,413,1776,342,-0.40081,-1.3793,1.665
-940.52,2277.4,1636.7,0.11998,-2522.4,-1545.2,5.2935e+05,714059,1,-20.753,-2163.3,-1774.5,2080.3,661.04,1041.5,2154.8,-1333.3,-571.52,4519.6,289351,413,1776,342,-0.40278,-1.3687,1.6732
-982.13,2313,1628.8,-5.2766,-2538.7,-1588.2,5.1698e+05,712745,1,-753.96,-2321.2,-2045.4,1500.5,601.32,838.91,566.66,-1772.1,-1292.1,4311.4,287288,413,1778,343,-0.39441,-1.3581,1.6838
-978.84,2289,1613.6,0.17838,-2503.5,-1591.8,5.1719e+05,712743,1,9.7444,-2289.7,-1847,2083,661.86,1036.5,1935.5,-1474.7,-723.7,4577.1,289962,413,1776,342,-0.40474,-1.3581,1.6813
-1024.2,2321.7,1595.3,-10.749,-2510.5,-1637.6,5.1723e+05,711423,1,-1761.2,-2998.2,-2794.2,858.33,254.47,407.03,-140.31,-2113.7,-1712.4,5318.4,297065,413,1778,343,-0.39631,-1.3475,1.6918
-478,2156.1,1895.5,-8.4453,-2724.6,-1023,5.4305e+05,728015,1,-1878.4,-1713.7,-2088.3,1782.8,473.07,899.68,998.49,-1303.1,-971.72,4321.7,287392,413,1801,347,-0.39961,-1.4817,1.5748
-508.85,2164.5,1872.8,-6.9187,-2706.5,-1061,5.4549e+05,726793,1,-1851.4,-1598,-1949.5,1824.1,484.05,911.38,1121.4,-1203,-832.41,4191.9,285797,413,1801,347,-0.40184,-1.4717,1.5836
-538.63,2173.5,1851.6,-4.9271,-2690.1,-1098.3,5.4657e+05,725559,1,-1180,-1648.6,-1810.3,1857,526.13,954.07,1284.4,-1164.5,-742.44,4017.6,283028,413,1801,347,-0.40405,-1.4616,1.5923
-568.35,2183.5,1830.7,-3.4136,-2674.3,-1135.8,5.4428e+05,724315,1,-856.3,-1661.9,-1724.6,1824.4,555.78,967.89,1327.8,-1203.1,-755.12,4017.6,283023,413,1790,345,-0.40625,-1.4515,1.601
-599.83,2193.9,1808.4,-2.8906,-2657.5,-1175.2,5.3919e+05,723063,1,-592.55,-1761,-1727.4,1773.4,582.42,973,1418.3,-1290.2,-794.85,4017.6,283024,413,1776,342,-0.40844,-1.4414,1.6096
-633.6,2204,1783.9,-3.4227,-2638.3,-1216.9,5.3447e+05,721801,1,-1067.7,-1927.7,-1972.9,1640.2,527.88,882.19,1249.5,-1468.9,-980.33,4144.4,285130,413,1776,342,-0.4106,-1.4311,1.6181
-668.92,2213.8,1757.1,-5.0947,-2616.9,-1259.9,5.2888e+05,720529,1,-1579.5,-2043.5,-2185.1,1510.8,499.63,820.65,1139.1,-1611.7,-1117.3,4449.1,288711,413,1776,342,-0.41276,-1.4209,1.6266
-739.04,2233,1730.1,-7.932,-2601.2,-1326.4,5.1954e+05,719251,1,-2478.4,-2821.5,-3042.7,1136.6,172.28,429.35,831.82,-1889.9,-1422.5,5581.6,299618,413,1776,342,-0.40485,-1.4106,1.6376
-705.84,2221.7,1726.9,-7.8982,-2591.5,-1304.1,5.2167e+05,719249,1,-2535.3,-2222.7,-2559.4,1295.7,318.13,604.4,944.36,-1810.2,-1322.2,5097.2,294976,413,1776,342,-0.41489,-1.4106,1.635
-790.84,2235.1,1696.2,-7.2315,-2566.1,-1383.2,5.1948e+05,717963,1,-2793.5,-2783.3,-3060.6,1162.1,169.72,430.83,1129.8,-1836.2,-1284,5725.3,300841,413,1776,342,-0.40692,-1.4002,1.6459
86.926,1960.6,2794.4,-2.8303,-3412.4,-123.7,5.8599e+05,35493,1,-476.24,-1310.4,-1934.6,1115.2,537.09,933.95,1351.8,-1014.5,-1235.1,3531.7,269003,413,183,338,-0.19309,-1.7913,1.2606
90.713,1948.9,2778.1,-2.3239,-3392.2,-130.63,5.8507e+05,35491,1,-436.28,-1220.9,-1803.8,1177.4,575.46,1007.9,1466.3,-960.03,-1125.9,3465.2,266916,413,62,318,-0.20408,-1.7901,1.2606
94.037,1923.1,2741.8,-1.0276,-3347,-147.97,5.8992e+05,35487,1,-146.98,-1111.2,-1603.9,1307,618.55,1111.8,1675.9,-865.66,-929.6,3402.6,264825,413,183,338,-0.22603,-1.7874,1.2606
93.474,1909.6,2722.1,-0.58231,-3322.7,-158.53,5.9257e+05,35485,1,-122.85,-1089.4,-1565.2,1303.2,627.59,1132.4,1711.4,-844.62,-874.95,3381.4,264173,413,183,338,-0.23699,-1.786,1.2606
93.223,1936.4,2760.7,-1.648,-3370.5,-138.58,5.8644e+05,35489,1,-303.07,-1134,-1658.4,1248.3,612.69,1082.1,1537.8,-888.22,-995.09,3373,263904,413,62,318,-0.21506,-1.7888,1.2606
93.234,1896.4,2701.7,-0.64787,-3297.9,-168.63,5.9682e+05,35483,1,-116.59,-1068.1,-1537.2,1299,634.53,1154.3,1740.6,-828.36,-832.83,3368.9,263762,413,183,338,-0.24794,-1.7845,1.2606
93.059,1883.2,2681.4,-0.65556,-3273.1,-178.51,5.9698e+05,35481,1,-117.23,-1034.9,-1487.8,1294.8,629.54,1156.4,1725.1,-829.59,-818.97,3323.1,262233,413,183,338,-0.25889,-1.783,1.2606
92.468,1870,2661.2,-0.57306,-3248.4,-188.64,5.975e+05,35479,1,-99.89,-1020.3,-1463.2,1281.4,624.78,1157.2,1708.2,-826.64,-802.45,3287.6,260599,413,183,338,-0.26983,-1.7813,1.2606
91.865,1857.2,2641.3,-0.57285,-3224.1,-198.67,5.9604e+05,35477,1,-131.3,-995.97,-1435.5,1265.3,621.03,1158.6,1693.4,-830.27,-794.92,3253.9,259342,413,183,338,-0.28075,-1.7797,1.2606
91.958,1844.5,2621.3,-0.76271,-3199.8,-207.85,5.9391e+05,35475,1,-165.87,-968.27,-1402.2,1269.5,608.39,1151.3,1687.1,-841.64,-794.09,3228.6,258575,413,183,338,-0.29166,-1.7779,1.2606
92.284,1819.1,2581.8,-0.79939,-3151.6,-225.62,5.8973e+05,35471,1,-168.21,-935.03,-1356.3,1263.1,592.59,1147.8,1655.9,-847.23,-778.74,3173.7,256828,413,183,338,-0.31346,-1.7742,1.2606
92.009,1831.7,2601.5,-0.77762,-3175.6,-216.92,5.9173e+05,35473,1,-163.63,-954.77,-1387.5,1262.1,602.19,1153.9,1673.1,-842.19,-786.73,3205.9,257828,413,183,338,-0.30257,-1.7761,1.2606
91.887,1806.6,2562.2,-0.67336,-3127.6,-234.84,5.907e+05,35469,1,-117.36,-935.01,-1344.7,1244.6,587.44,1146,1630.2,-847.69,-772.28,3142.6,251165,413,183,338,-0.32434,-1.7722,1.2606
91.115,1794.4,2543,-0.59272,-3104.1,-244.34,5.9142e+05,35467,1,-101.77,-928.65,-1330,1221.4,581.84,1140.1,1607.7,-859.86,-780.21,3115.2,250497,413,183,338,-0.33521,-1.7702,1.2606
69.404,1813,2529.8,-0.76578,-3101.5,-269.13,5.885e+05,34101,1,-121.19,-901.44,-1281.4,1232.3,562.29,1102.9,1623.5,-898.28,-818.81,3103.8,250196,413,183,338,-0.33376,-1.7626,1.2717
68.818,1801,2510.5,-0.83999,-3077.8,-278.39,5.8851e+05,34099,1,-118.43,-883.51,-1255.4,1214.7,554.08,1096.3,1598.6,-902.59,-816.36,3064.6,249096,413,183,338,-0.34457,-1.7605,1.2717
48.541,1806.8,2477.6,-1.0627,-3051.1,-310.34,5.8678e+05,32735,1,-133.74,-845.12,-1192.9,1235,532.44,1069.7,1614.6,-917.93,-809.31,3035.2,248353,413,183,338,-0.35381,-1.7507,1.2826
47.769,1794.6,2458.4,-0.8663,-3027.3,-319.53,5.865e+05,32733,1,-86.628,-852.15,-1185.1,1204.9,539.76,1077.7,1551.5,-891.72,-773.09,2973.7,246730,413,183,338,-0.36455,-1.7485,1.2826
45.672,1772,2421.9,-0.61705,-2982.1,-338.35,5.8834e+05,32729,1,-84.972,-855.14,-1188.3,1154.4,558.17,1104.7,1500.6,-866.39,-728.91,2923.9,245220,413,183,338,-0.38598,-1.7438,1.2826
46.749,1783.1,2440,-0.7252,-3004.5,-328.95,5.8814e+05,32731,1,-85.953,-855.31,-1189.5,1171.9,551.53,1093.6,1517.2,-874.15,-746.46,2941.1,245796,413,183,338,-0.37527,-1.7462,1.2826
25.81,1790.7,2410.2,-0.46555,-2980.9,-361.78,5.9108e+05,31371,1,-82.403,-868.5,-1190,1145.4,586.13,1128.3,1485.2,-849.2,-696.27,2918.4,244977,413,183,338,-0.38427,-1.7361,1.2936
4.7466,1798.9,2380.9,-0.39722,-2957.8,-394.89,5.8876e+05,30017,1,-86.062,-852.32,-1156.3,1136.6,582.71,1116,1473.1,-871.72,-710.85,2895.3,243686,413,183,338,-0.39315,-1.726,1.3045
3.9098,1788.3,2363.1,-0.54207,-2935.8,-404.05,5.8935e+05,30015,1,-149.26,-813.78,-1120.3,1149.6,559.45,1092.9,1492.7,-907.33,-737.11,2891.9,243594,413,183,338,-0.40373,-1.7235,1.3045
-14.457,1806.2,2350.2,-0.82673,-2933.4,-426.02,5.8172e+05,28669,1,-188.84,-750.24,-1038.1,1174,508.78,1024.8,1517.9,-973,-804.78,2874.4,242466,413,183,338,-0.4019,-1.7157,1.3153
-13.716,1794.8,2331.5,-1.2074,-2910.3,-433.4,5.8463e+05,28667,1,-180.15,-737.4,-1014.7,1174.7,491.27,1006.1,1474.9,-967.03,-795.61,2825.4,241028,413,183,338,-0.41242,-1.7132,1.3153
-30.645,1811.5,2318.2,-1.1424,-2907,-453.76,5.8162e+05,27327,1,-154.29,-748.64,-1008.2,1142.2,502.06,996.96,1409.8,-931.46,-760.04,2753.9,238435,413,183,338,-0.41052,-1.7053,1.3261
-47.867,1828.5,2305.7,-0.83107,-2904.7,-474.49,5.8302e+05,25993,1,-137.07,-771.97,-1021.9,1110.7,532.49,1015.5,1365.9,-907.55,-734.84,2727,237373,413,183,338,-0.40861,-1.6974,1.3368
-65.378,1846,2293.2,-0.86657,-2902.6,-495.61,5.8623e+05,24665,1,-161.65,-772.62,-1019.5,1106,544.08,1018.1,1370.2,-917.46,-738.23,2735.4,237635,413,183,338,-0.40668,-1.6894,1.3475
-65.847,1836,2276.8,-0.73314,-2881.7,-504.57,5.859e+05,24663,1,-162.61,-752.07,-989.82,1090.9,542.83,1015,1351.1,-921.58,-733.99,2701.9,236443,413,183,338,-0.41704,-1.6868,1.3475
-82.617,1853.3,2264.2,-0.80932,-2879.7,-524.99,5.8391e+05,23341,1,-180.3,-740.99,-971.12,1094.2,535.22,995.99,1340.6,-933.07,-743.6,2687.2,235900,413,183,338,-0.41505,-1.6788,1.3581
-82.557,1843.5,2248.1,-0.82309,-2859.1,-533.44,5.8264e+05,23339,1,-196.59,-717.68,-948.23,1085.5,528.51,992.71,1346,-942.17,-742.68,2673.4,235372,413,183,338,-0.42534,-1.6762,1.3581
-98.442,1860.2,2234.8,-1.108,-2856.4,-552.94,5.796e+05,22023,1,-243.16,-673.27,-897.02,1101.2,490.76,940.75,1351.5,-992.98,-791.83,2663.7,234981,413,183,338,-0.42328,-1.6681,1.3687
-113.52,1875.8,2220.6,-1.4253,-2852.4,-571.41,5.7435e+05,20715,1,-262.4,-649.19,-862.34,1114.7,459.6,894.95,1340.5,-1016.7,-814.25,2642.4,233916,413,183,338,-0.42121,-1.6599,1.3793
-128.02,1891,2206.3,-1.5318,-2848.3,-589.17,5.7301e+05,19413,1,-276.67,-656.5,-862.59,1113.6,460.77,882,1300.3,-1003.8,-801.25,2612,232721,413,183,338,-0.41912,-1.6517,1.3897
-143.37,1906.5,2192.8,-1.3661,-2845,-607.88,5.7262e+05,18117,1,-281.41,-668.17,-867,1101.2,481.66,892.81,1278.3,-986.47,-775.07,2593.6,230201,413,1801,347,-0.41701,-1.6434,1.4002
-158.64,1922.3,2179.3,-1.4391,-2842,-626.56,5.7478e+05,16829,1,-330.01,-662.35,-865.82,1109.3,483.44,887.1,1282.5,-999.99,-783.92,2609.2,232541,413,1801,347,-0.41489,-1.635,1.4106
-173.5,1937.7,2165.2,-1.7319,-2838.5,-644.76,5.7522e+05,15549,1,-393.67,-625.64,-832.28,1123.6,469.68,865.94,1291.9,-1022.8,-797.26,2612,232723,413,1801,347,-0.41276,-1.6266,1.4209
-187.93,1952.8,2151,-1.9518,-2834.9,-662.46,5.7565e+05,14277,1,-446.78,-607.16,-814.5,1162.1,464.32,858.35,1307.1,-1011.1,-768.47,2618.4,233026,413,1801,347,-0.4106,-1.6181,1.4311
-202.13,1968,2137.7,-1.7894,-2832.2,-679.95,5.7664e+05,13015,1,-416.55,-633.88,-823.79,1166.5,487.07,872.45,1283.3,-975.85,-724.79,2596,232098,413,1801,347,-0.40844,-1.6096,1.4414
-217.39,1983.9,2125.2,-1.4147,-2830.4,-698.65,5.7424e+05,11763,1,-425.73,-665.69,-851.52,1160,517.93,893.95,1263.8,-968.89,-713.42,2609.1,232534,413,1801,347,-0.40625,-1.601,1.4515
-232.88,2000,2112.2,-1.5175,-2828.6,-717.65,5.6848e+05,10519,1,-475.26,-663.21,-853.89,1166.2,518.24,886.95,1246.8,-999.28,-743.78,2629.9,233490,413,1801,347,-0.40405,-1.5923,1.4616
-248.23,2015.9,2098.3,-2.099,-2825.9,-736.42,5.6368e+05,9285,1,-630.14,-691.33,-915.84,1182.8,498.53,859.66,1162.3,-1052.2,-815.85,2687.7,235917,413,1801,347,-0.40184,-1.5836,1.4717
-265.01,2031.1,2082.8,-3.0558,-2821.6,-756.43,5.5548e+05,8063,1,-845.47,-742.82,-1015.6,1215.3,442.29,797.77,1068,-1135.9,-917.16,2807,240423,413,1801,347,-0.39961,-1.5748,1.4817
-284.7,2045.2,2065,-4.3378,-2814.5,-778.99,5.5231e+05,6853,1,-1129.2,-816.86,-1156.9,1250.3,396.81,749.74,981.16,-1199.1,-997.12,2993.1,247311,413,1801,347,-0.39737,-1.566,1.4916
-307.53,2058.6,2046.2,-5.2992,-2805.7,-804.41,5.4843e+05,5657,1,-1517.9,-408.43,-827.8,1316.8,365.34,728.22,1022.5,-1115.7,-888.59,2938.3,245695,413,1801,347,-0.39511,-1.5571,1.5015
-315.15,2070.2,2035.9,-5.6188,-2804.9,-814.11,5.49e+05,736131,1,-1724.6,-515.36,-974.63,1416,345.8,723.06,1142,-1131.8,-863.02,3188.6,257318,413,1801,347,-0.39286,-1.5501,1.5093
-331.11,2075.9,2012,-5.343,-2787,-836.64,5.4355e+05,735037,1,-1584.8,-826.8,-1248.9,1481.1,366.79,755.57,1195.8,-1163,-868.29,3345.2,262999,413,1801,347,-0.39525,-1.5405,1.5185
-347.64,2083.5,1991.7,-3.9811,-2772.8,-860.28,5.4621e+05,733913,1,-1350.9,-897.99,-1251.5,1460.9,475.81,856.76,1173.3,-1051,-746.57,3323.5,262246,413,1790,345,-0.39763,-1.5308,1.5276
-364.29,2093.4,1972.9,-3.1446,-2761.3,-884.69,5.4771e+05,732767,1,-1165.6,-948.97,-1242.2,1499.4,564.24,948.34,1193.5,-1009,-687.72,3323.5,262247,413,1790,345,-0.39999,-1.5211,1.5367
-383.09,2104.6,1954,-2.9096,-2750.1,-911.6,5.4688e+05,731601,1,-928.01,-1119.1,-1336.2,1557.8,607.76,1000.8,1230.8,-1048,-704.22,3323.5,262248,413,1790,345,-0.40233,-1.5113,1.5457
-404.55,2116.5,1934.5,-3.1308,-2738.5,-941.38,5.4755e+05,730419,1,-969.15,-1303.9,-1508.3,1685.4,634.32,1049.4,1126.2,-1130.7,-798.84,3527.5,268862,413,1801,347,-0.40466,-1.5015,1.5546
-430.24,2127.7,1912.6,-3.6993,-2723.8,-975.1,5.4555e+05,729223,1,-721.79,-1565.2,-1678,1730.3,535.55,961.89,1267.4,-1272,-880.83,3740.7,275625,413,1801,347,-0.40697,-1.4916,1.5635
-1079.4,2322.4,1553.4,-15.531,-2467.8,-1697.5,5.1812e+05,710095,1,-2935.1,-3618.3,-3525.5,189.68,-118.83,-45.96,-722.56,-2546.5,-2169.7,6775.2,310660,413,1778,343,-0.39818,-1.3368,1.6999
-1147,2317.7,1508.8,-17.23,-2416.5,-1767.5,5.1981e+05,708761,1,-4046.9,-3888.1,-3962.8,-45.13,-126.37,-107.68,-645.98,-2402.6,-2016.9,7582,315005,413,1778,343,-0.40005,-1.3261,1.7078
-843.29,2237.5,1664.2,-5.3289,-2532.1,-1440.7,5.1883e+05,716667,1,-2832.2,-2940.7,-3175.5,1302,249.62,529.82,1514.8,-1660.6,-1023,5906.7,302864,413,1776,342,-0.40898,-1.3897,1.6542
-893.31,2243.7,1638.3,-1.76,-2505.1,-1496.9,5.1849e+05,715365,1,-2479.4,-2639.7,-2813.6,1556.6,405.37,720.3,1849.1,-1498.9,-790.45,5516.2,299065,413,1776,342,-0.41101,-1.3793,1.6625
-935.37,2253.2,1614.6,-0.068799,-2483.4,-1546.4,5.1743e+05,714057,1,-1346.7,-2539.3,-2417.5,1949.8,541.49,924.97,2206.3,-1410.4,-610.39,5127,295269,413,1776,342,-0.41304,-1.3687,1.6707
-973.91,2264,1590.9,0.098855,-2463.2,-1593,5.2465e+05,712741,1,-503.77,-2288.1,-1977,2161,640.98,1052.7,2343.9,-1384.1,-540.2,4825.8,292501,413,1776,342,-0.41505,-1.3581,1.6788
-1018.6,2301.5,1589.7,-0.66551,-2484.2,-1640.1,5.1224e+05,711421,1,-37.247,-2371.1,-1899.9,1995.9,693.64,1034.8,1568.4,-1566.9,-868.92,4577.1,289963,413,1778,343,-0.40668,-1.3475,1.6894
-1013.9,2275.2,1567.1,0.24631,-2442.7,-1641.2,5.3564e+05,711419,1,-151.03,-2456.1,-2001.6,2252.9,650.21,1075.8,2309.5,-1466.6,-601.93,4956.2,293746,413,1776,342,-0.41704,-1.3475,1.6868
-1059.8,2312.7,1560.2,-4.7299,-2460,-1689.5,5.102e+05,710093,1,-704.95,-2792.8,-2366,1519.7,352.84,646.63,855.1,-2027.5,-1386.9,4848.9,292720,413,1778,343,-0.40861,-1.3368,1.6974
-461.14,2136.7,1888,-3.9194,-2704.8,-1013.4,5.4627e+05,728013,1,-734.15,-1778.3,-1864.7,1750.4,466.24,895.07,1275.5,-1360.7,-949.37,3954.9,281760,413,1801,347,-0.40927,-1.4817,1.5723
-495.15,2144.7,1863,-3.1754,-2683.9,-1054.4,5.4885e+05,726791,1,-539.54,-1880.3,-1891,1753.3,449.11,875.47,1437.3,-1356.8,-888.74,4017.6,283021,413,1790,345,-0.41155,-1.4717,1.5811
-530.21,2152.9,1839,-1.6825,-2663.7,-1096.6,5.4796e+05,725557,1,-302.84,-1823.3,-1752.9,1775.4,514.96,933.75,1590.4,-1252.2,-736.48,4017.6,283022,413,1790,345,-0.41382,-1.4616,1.5898
-563.6,2162.8,1816.7,-0.4645,-2646,-1137.7,5.5228e+05,724313,1,-98.212,-1774.4,-1633.9,1752.2,579.31,980.69,1733.9,-1253.6,-684.26,4017.6,283027,413,1790,345,-0.41607,-1.4515,1.5985
-594.95,2173.7,1794.1,-0.43173,-2629,-1177.2,5.4718e+05,723061,1,-160.98,-1695,-1562.7,1741.2,601.67,992.69,1755.5,-1297.9,-706.6,4017.6,283026,413,1790,345,-0.4183,-1.4414,1.6071
-624.18,2184.3,1770.3,-1.6092,-2611.4,-1214.7,5.3885e+05,721799,1,-697.31,-1461.2,-1479.3,1778.6,567.48,967.11,1725.6,-1354,-750.23,4017.6,283025,413,1790,345,-0.42052,-1.4311,1.6156
-649,2194.7,1745.6,-4.1472,-2593.8,-1247.9,5.2963e+05,720527,1,-1611.1,-1572.8,-1793.3,1754.1,537.51,925.38,1486.8,-1498.7,-924.54,4221.2,286223,413,1776,342,-0.42273,-1.4209,1.6241
-671.52,2204.1,1719.3,-7.6541,-2574.8,-1278.7,5.2311e+05,719247,1,-2821.2,-1343,-1892.7,1788.1,439.06,846.65,1169.5,-1550.6,-1032.2,4721.2,291395,413,1776,342,-0.42492,-1.4106,1.6325
-744.9,2225.7,1692,-11.371,-2559.5,-1349.2,5.1435e+05,717961,1,-3991.5,-2184,-2877.7,1116.7,216.73,470.35,643.26,-1932.6,-1483,6070.1,304570,413,1776,342,-0.41701,-1.4002,1.6434
-792.12,2227.1,1656.4,-12.389,-2523.2,-1401.4,5.1235e+05,716665,1,-4461.9,-2874.8,-3547.2,1028.1,122.46,362.56,898.99,-1896.8,-1370.2,6945.7,311467,413,1776,342,-0.41912,-1.3897,1.6517
117.78,1945.4,2816.4,-1.53,-3423.8,-91.399,5.8741e+05,36863,1,-307.65,-1239.2,-1831.5,1216,565.34,1003.2,1546.4,-991.26,-1186,3545.4,269380,413,183,338,-0.19391,-1.7989,1.2495
119.55,1932.2,2797,-1.4053,-3400.2,-100.08,5.8875e+05,36861,1,-243.99,-1177.5,-1733.8,1289.1,594.12,1066.6,1674.9,-930.22,-1062.9,3522.1,268695,413,183,338,-0.20495,-1.7977,1.2495
120.2,1918.5,2777.1,-1.0383,-3375.7,-109.66,5.9038e+05,36859,1,-169.86,-1129,-1652.2,1317.1,613.28,1109.6,1709.3,-875.88,-963.27,3463,266858,413,183,338,-0.21597,-1.7964,1.2495
120.09,1904.5,2756.4,-0.80845,-3350.3,-119.79,5.9417e+05,36857,1,-99.824,-1093.9,-1587.4,1340.2,628.26,1145.6,1766.1,-828.34,-866.41,3433,265893,413,183,338,-0.22699,-1.7951,1.2495
119.4,1890.5,2735.5,-0.57795,-3324.8,-130.32,5.9683e+05,36855,1,-72.744,-1084.4,-1571.9,1329.4,635.29,1166.9,1782.5,-806.04,-817.19,3417.6,265251,413,183,338,-0.238,-1.7936,1.2495
118.52,1877.1,2715.1,-0.42786,-3299.9,-140.93,5.977e+05,36853,1,-72.737,-1061.1,-1536.4,1301.2,641.68,1181.4,1745.6,-797.03,-792.4,3361.9,263555,413,183,338,-0.249,-1.7921,1.2495
117.67,1863.9,2694.6,-0.43966,-3275.1,-151.38,5.9913e+05,36851,1,-72.821,-1044.5,-1512,1292.6,638.82,1184.4,1743.5,-802.34,-786.88,3341.7,262886,413,183,338,-0.26,-1.7906,1.2495
116.79,1850.8,2674.2,-0.44956,-3250.3,-161.7,5.9945e+05,36849,1,-69.683,-1029.3,-1488.8,1278.1,633.58,1184.3,1716.6,-804.14,-778.99,3304.3,261176,413,183,338,-0.27098,-1.789,1.2495
114.61,1800.1,2594.5,-0.71681,-3153.5,-200.33,5.919e+05,36841,1,-149.48,-933.77,-1367.3,1256.2,595.6,1163.2,1668.2,-836.92,-773.67,3183,257151,413,183,338,-0.3148,-1.7818,1.2495
114.17,1787.6,2574.7,-0.69087,-3129.5,-209.49,5.9149e+05,36839,1,-112.11,-932.9,-1356.7,1240,587.83,1158.7,1638.9,-835.57,-763.42,3149,251340,413,183,338,-0.32573,-1.7798,1.2495
113.32,1775.4,2555.4,-0.59647,-3105.9,-218.97,5.9281e+05,36837,1,-71.649,-930.71,-1344.6,1209.6,582.61,1156.4,1601.1,-831.94,-751.92,3104.9,250220,413,183,338,-0.33664,-1.7778,1.2495
90.05,1782.6,2524,-0.54628,-3080.9,-254.03,5.9124e+05,35465,1,-60.048,-924.72,-1316.4,1193.3,579.76,1143.3,1575.8,-862.68,-778.89,3081.1,249437,413,183,338,-0.34606,-1.7681,1.2606
88.72,1770.9,2505,-0.54571,-3057.7,-263.86,5.9029e+05,35463,1,-82.657,-888.61,-1265.7,1207.3,554.56,1116.4,1603.1,-901.07,-806.39,3072.8,249249,413,183,338,-0.35691,-1.766,1.2606
68.338,1789,2491.2,-0.91808,-3054.3,-287.42,5.8729e+05,34097,1,-109.95,-856.27,-1214.7,1222,537.01,1084.2,1603.4,-922.12,-826.93,3046.8,248641,413,183,338,-0.35537,-1.7583,1.2717
67.456,1776.9,2471.8,-0.86252,-3030.5,-296.65,5.8679e+05,34095,1,-87.255,-855.94,-1207.4,1217.8,527.7,1077.8,1594.9,-922.72,-817.67,3030.7,248251,413,183,338,-0.36615,-1.7561,1.2717
66.372,1765.2,2452.9,-0.77867,-3007.2,-306,5.8597e+05,34093,1,-77.388,-851.68,-1197.6,1181.6,531.19,1082.8,1545.8,-905.08,-790.26,2974.8,246793,413,183,338,-0.37692,-1.7538,1.2717
65.27,1753.8,2434.2,-0.78205,-2984.3,-315.29,5.866e+05,34091,1,-81.192,-842.64,-1185.2,1165,536.12,1095,1526.6,-892.26,-761.36,2944.7,245902,413,183,338,-0.38767,-1.7515,1.2717
44.502,1761.1,2404,-0.51568,-2960,-347.74,5.9038e+05,32727,1,-69.06,-862.86,-1192.9,1139,566.48,1119.8,1476.5,-854.86,-706.52,2907.7,244058,413,183,338,-0.39667,-1.7414,1.2826
24.521,1780,2392.4,-0.40717,-2958.8,-371.41,5.9289e+05,31369,1,-64.511,-871.82,-1189.6,1126.2,586.78,1132.5,1460.7,-849.38,-692.06,2899.7,243829,413,183,338,-0.39492,-1.7337,1.2936
23.091,1769.6,2374.9,-0.37924,-2937.2,-381.1,5.9176e+05,31367,1,-113.42,-839.94,-1157.5,1128.9,577.5,1124.5,1472.5,-871.3,-702.88,2889.9,243546,413,183,338,-0.40555,-1.7313,1.2936
3.8602,1777.5,2345,-0.77711,-2913.5,-412.25,5.8711e+05,30013,1,-142.75,-784.69,-1080.6,1156.3,533.16,1070.9,1481.8,-928.88,-754.73,2863.6,242213,413,183,338,-0.4143,-1.721,1.3045
-14.222,1783.8,2313.8,-0.95206,-2888,-441.92,5.8386e+05,28665,1,-117.92,-753.57,-1020.2,1141.1,504.1,1024.6,1433.9,-944.95,-769.76,2787.5,239726,413,183,338,-0.42292,-1.7106,1.3153
-31.277,1800.9,2301.3,-0.79769,-2885.5,-462.59,5.8425e+05,27325,1,-120.01,-759.45,-1015.3,1120.4,517.09,1021.6,1392.5,-914.32,-733.74,2739,237761,413,183,338,-0.42098,-1.7028,1.3261
-48.68,1818.5,2289.3,-0.60415,-2883.8,-483.71,5.8511e+05,25991,1,-132.35,-766.86,-1013.8,1092.7,541.56,1029,1363.1,-906.91,-722.5,2717,236999,413,183,338,-0.41901,-1.6948,1.3368
-66.072,1826.3,2260.4,-0.77023,-2861.1,-513.22,5.8588e+05,24661,1,-158.19,-746,-983.97,1076.3,542.01,1019.4,1346.6,-920.91,-726.14,2688.8,235976,413,183,338,-0.42738,-1.6843,1.3475
-66.398,1816.6,2244.2,-0.76069,-2840.5,-521.85,5.8447e+05,24659,1,-166.98,-717.1,-948.47,1078.9,529.38,1009.8,1340.9,-930.61,-725.97,2664,234989,413,183,338,-0.43771,-1.6816,1.3475
-82.172,1833.7,2231.7,-0.93548,-2838.4,-541.42,5.8259e+05,23337,1,-210.89,-682.24,-906.38,1096.3,504.56,971.4,1340.5,-963.57,-755.74,2651,234261,413,183,338,-0.43562,-1.6736,1.3581
-97.519,1850.1,2218.4,-1.1984,-2835.4,-560.41,5.7961e+05,22021,1,-236.54,-659.43,-876.1,1106.8,470.98,921.87,1334.2,-1004.9,-800.34,2643.1,233937,413,183,338,-0.43351,-1.6655,1.3687
-112.41,1865.6,2204.2,-1.4246,-2831.4,-578.72,5.777e+05,20713,1,-236.47,-651.34,-857.59,1101.7,456.97,895.46,1315.6,-1004.4,-795.47,2610.1,232578,413,183,338,-0.43138,-1.6573,1.3793
-127.35,1881.1,2190.9,-1.2008,-2828.1,-597.08,5.7445e+05,19411,1,-255.34,-652.77,-854.25,1089,469.59,894.77,1291.7,-990.97,-776.84,2585,229891,413,1790,345,-0.42924,-1.6491,1.3897
-142.7,1896.9,2177.5,-1.1537,-2825,-615.91,5.7475e+05,18115,1,-281.8,-660.72,-861.55,1088.4,480.4,895.4,1287.7,-992.44,-772.17,2591.3,230116,413,1790,345,-0.42709,-1.6408,1.4002
-157.34,1912.4,2163.9,-1.3233,-2821.8,-634,5.7344e+05,16827,1,-348.93,-613.98,-816.58,1110.6,466.47,874.79,1301.1,-1020.1,-789.94,2596,232093,413,1801,347,-0.42492,-1.6325,1.4106
-171.13,1927.5,2149.7,-1.6426,-2818.1,-651.15,5.7506e+05,15547,1,-437.38,-582.88,-795.82,1138,448.82,851.32,1294.3,-1026.8,-787.06,2596,232094,413,1790,345,-0.42273,-1.6241,1.4209
-185.49,1942.5,2135.8,-1.6452,-2814.6,-668.81,5.7611e+05,14275,1,-447.96,-614.14,-824.95,1144.2,461.44,856.99,1279.2,-999.87,-753.02,2596,232095,413,1801,347,-0.42052,-1.6156,1.4311
-200.45,1958,2122.9,-1.2876,-2812.2,-687.2,5.7524e+05,13013,1,-455.46,-621.85,-826.67,1137.2,491.91,879.63,1278.8,-979.3,-720.63,2596,232096,413,1790,345,-0.4183,-1.6071,1.4414
-215.56,1974,2110.3,-1.2174,-2810.4,-705.87,5.7435e+05,11761,1,-449.88,-634.23,-828.77,1137.9,515.58,894.35,1279.1,-973.02,-706.66,2596,232097,413,1790,345,-0.41607,-1.5985,1.4515
-230.01,1990.2,2097.4,-1.4238,-2808.7,-723.91,5.752e+05,10517,1,-545.29,-609.93,-818.12,1153.5,507.47,878.64,1271.8,-1003.4,-731.17,2618.7,233036,413,1790,345,-0.41382,-1.5898,1.4616
-245,2005.7,2083.9,-1.6725,-2806.1,-742.34,5.6756e+05,9283,1,-618.73,-660.21,-880.63,1171,475.68,836.84,1225.8,-1060.1,-794.17,2673.7,235391,413,1790,345,-0.41155,-1.5811,1.4717
-261.44,2020.7,2069.2,-1.9834,-2802.3,-762.03,5.5655e+05,8061,1,-690.77,-677.87,-909.71,1181.1,419.39,771.28,1191.7,-1145.9,-884.21,2728.6,237430,413,1801,347,-0.40927,-1.5723,1.4817
-278.7,2034.4,2052,-2.9968,-2795.6,-782.18,5.4965e+05,6851,1,-943.81,-596.63,-882.97,1227.1,367.36,718.98,1099.2,-1197.2,-954.75,2781.5,239485,413,1801,347,-0.40697,-1.5635,1.4916
-297.6,2055.5,2027.5,-5.1049,-2788.8,-804.21,5.4677e+05,736129,1,-1550.9,-459.2,-883.79,1369.5,315.29,690.35,1141.8,-1170.1,-895.92,3053.5,248803,413,1801,347,-0.40212,-1.5501,1.5069
-282.9,2041.4,2019.4,-4.5302,-2773.1,-797.06,5.4804e+05,736127,1,-1369.5,-300.2,-682.41,1337.6,285.74,661.02,1157.4,-1205.9,-927.66,2897.1,243728,413,1801,347,-0.41136,-1.5501,1.5044
-314.04,2061,2003.4,-4.864,-2770.5,-827.27,5.4814e+05,735035,1,-1550.5,-876.72,-1303.1,1381.5,353.11,726.07,1190.2,-1187,-888.27,3323.5,262245,413,1790,345,-0.40456,-1.5405,1.516
-331.25,2068.6,1982.1,-4.0548,-2755.4,-851.63,5.5115e+05,733911,1,-1529.7,-974.71,-1386.6,1365.1,445.48,811.12,1218.5,-1093.5,-772.7,3348.1,263108,413,1790,345,-0.40699,-1.5308,1.5252
-350.68,2077.8,1962.3,-2.9192,-2742,-878.65,5.5191e+05,732765,1,-1254.4,-1071.2,-1397.4,1384.9,528.05,892.52,1267.7,-1044.3,-698.67,3323.5,262249,413,1790,345,-0.40941,-1.5211,1.5342
-372.83,2088.1,1942.8,-1.8792,-2729.1,-908.65,5.5484e+05,731599,1,-938.43,-1303.6,-1528.7,1406.1,546.65,912.09,1380.4,-1101.1,-708.58,3412.4,265117,413,1790,345,-0.41181,-1.5113,1.5432
-397.06,2098.4,1922.3,-1.2289,-2715,-940.77,5.5193e+05,730417,1,-549.49,-1377.6,-1477.5,1538.1,572.96,963.23,1492.1,-1151.1,-714.53,3473.7,267174,413,1790,345,-0.41419,-1.5015,1.5521
-424.08,2108.7,1900.5,-0.985,-2699.4,-975.65,5.4981e+05,729221,1,-397.16,-1563,-1599.5,1598.5,528.68,931.55,1560.4,-1270.5,-796.88,3680.4,273505,413,1801,347,-0.41656,-1.4916,1.561
-454.47,2117.8,1875.6,-1.4421,-2680,-1013.5,5.5056e+05,728011,1,-470.15,-1733.2,-1761.6,1600.8,468.34,868.99,1591.7,-1388.4,-885.39,3887.2,279976,413,1790,345,-0.41891,-1.4817,1.5698
-1104.7,2316.7,1521,-11.317,-2423.1,-1740.4,5.1102e+05,708759,1,-1665.6,-3015.4,-2738.7,938.56,48.603,267.41,126.87,-2427.4,-1853.9,5446.8,298475,413,1778,343,-0.41052,-1.3261,1.7053
-1218.1,2314.5,1467.9,-16.424,-2367.4,-1841.3,5.2307e+05,707421,1,-4790.9,-4086.4,-4253.6,-11.692,-81.526,-65.445,-323.09,-2273.3,-1817.9,7743.3,315778,413,1778,343,-0.4019,-1.3153,1.7157
-1161.7,2314.4,1478.1,-14.875,-2376.4,-1800.9,5.1667e+05,707419,1,-2345.5,-3581.3,-3313.4,628.84,-13.428,143.01,-129.81,-2326.9,-1820.3,6202.1,305965,413,1778,343,-0.41242,-1.3153,1.7132
-843.98,2227.8,1621.9,-11.353,-2486,-1457.8,5.1034e+05,715363,1,-4917.8,-2954,-3706.2,1271.4,179.62,470.87,1170.3,-1817.4,-1214.6,7393.5,313810,413,1776,342,-0.42121,-1.3793,1.6599
-901.22,2232.2,1594.1,-6.6918,-2454.4,-1520.5,5.1154e+05,714055,1,-4384.4,-3315.5,-3839.2,1548.7,330.47,662.76,1645.3,-1558.7,-863.53,7333.8,313516,413,1776,342,-0.42328,-1.3687,1.6681
-958.4,2239.1,1568.1,-2.2474,-2425.4,-1583.8,5.1119e+05,712739,1,-3183.1,-3087.5,-3316.8,1843.1,463.63,842.07,2024.3,-1542.1,-737.18,6481.3,308792,413,1776,342,-0.42534,-1.3581,1.6762
-1007.5,2248.4,1543,-0.11946,-2400.3,-1640.1,5.094e+05,711417,1,-1596,-2855.4,-2689.9,2133.4,563.23,990.26,2318,-1487,-599.39,5632.8,300055,413,1776,342,-0.42738,-1.3475,1.6843
-1055.7,2286.4,1542.5,0.10433,-2421,-1691.2,5.1164e+05,710091,1,-2.105,-2499.8,-1972.8,2321,632.29,1075.4,2250.3,-1503.2,-626.1,4979.9,293953,413,1776,342,-0.41901,-1.3368,1.6948
-1098.4,2296.7,1515.5,-1.2515,-2396.7,-1741.8,5.0548e+05,708757,1,-130.05,-2735.4,-2158.8,1929.1,396.57,785.97,1452.7,-1935.9,-1145.1,4881.2,292998,413,1776,342,-0.42098,-1.3261,1.7028
-488.45,2125.7,1849.3,-1.5548,-2658,-1054.6,5.5048e+05,726789,1,-572.81,-1928.1,-1951.3,1581.7,450.62,841.64,1628.2,-1424.6,-893.91,4092.2,284291,413,1790,345,-0.42124,-1.4717,1.5786
-524.51,2134.2,1823.9,-1.0159,-2636.5,-1097.8,5.504e+05,725555,1,-677.01,-1909.7,-1944.7,1552.7,492.81,868.43,1667.1,-1362.6,-812.84,4073.3,283963,413,1790,345,-0.42356,-1.4616,1.5873
-558.52,2144,1800.3,-0.49036,-2617.5,-1139.5,5.4203e+05,724311,1,-881.09,-1771.5,-1852.6,1531.5,557.56,916.31,1728.5,-1292.2,-716.79,4017.6,283029,413,1790,345,-0.42587,-1.4515,1.5959
-588.64,2154.5,1777.4,-0.67856,-2600.1,-1177.8,5.3942e+05,723059,1,-1363.5,-1481.4,-1698.7,1622.7,548.91,925.99,1797.1,-1310,-697.37,4020.4,283081,413,1790,345,-0.42816,-1.4414,1.6045
-611.78,2164.3,1753.9,-2.2853,-2583.1,-1209.2,5.3707e+05,721797,1,-1830.5,-1124.2,-1489.9,1765.6,516.94,929.98,1816.1,-1321.6,-688.05,4074.6,283983,413,1790,345,-0.43043,-1.4311,1.613
-628.66,2172.8,1730.5,-4.3139,-2566.6,-1234.4,5.315e+05,720525,1,-2119.4,-1028.8,-1468.8,1938.6,472.55,930.81,1717.6,-1351.3,-727.29,4226.2,286288,413,1776,342,-0.43269,-1.4209,1.6214
-642.89,2180.9,1707.4,-6.2669,-2550.5,-1256.9,5.2778e+05,719245,1,-2481.9,-893.95,-1438.6,2183.7,408.2,938.73,1568.5,-1314,-716.79,4421.1,288430,413,1790,345,-0.43493,-1.4106,1.6298
-697.12,2212,1691.3,-11.037,-2552.9,-1312.1,5.1844e+05,717959,1,-3685.3,-1613.9,-2334.3,1666.4,343.61,729.07,785.02,-1764.5,-1299.3,5520.9,299111,413,1776,342,-0.42709,-1.4002,1.6408
-658.46,2188.3,1683,-8.6704,-2532.7,-1280.7,5.2257e+05,717957,1,-2867.4,-1296.4,-1867,2132.3,398.59,907.91,1148.5,-1538.2,-1008.1,4860,292835,413,1776,342,-0.43715,-1.4002,1.6382
-727.97,2216.1,1657.6,-15.364,-2523.4,-1349.5,5.1397e+05,716663,1,-4531.3,-2205.8,-3034.3,1420,184.1,526.36,410.89,-1910.2,-1502.3,6558,309407,413,1776,342,-0.42924,-1.3897,1.6491
147.11,1927.8,2833.3,-1.1001,-3429.6,-60.337,5.9081e+05,38239,1,-158.13,-1197.4,-1775.3,1309.5,617.96,1110,1741.9,-850.52,-968.55,3554.6,269693,413,183,338,-0.19473,-1.8065,1.2384
147.57,1914,2813,-0.92454,-3404.8,-70.171,5.9188e+05,38237,1,-168.1,-1159.7,-1714.5,1319.6,623.14,1125.4,1739.1,-846.47,-942.47,3512.6,268411,413,183,338,-0.20581,-1.8053,1.2384
146.17,1885.6,2770.6,-0.58412,-3353.3,-91.543,5.9614e+05,38233,1,-61.864,-1101.6,-1613.3,1354.3,624.99,1158.8,1828.2,-822.02,-857.87,3484.5,267503,413,183,338,-0.22795,-1.8026,1.2384
147.09,1899.8,2792,-0.66905,-3379.3,-80.73,5.9441e+05,38235,1,-54.963,-1132.9,-1663.5,1358.4,627.54,1154.6,1823.4,-817.29,-872.88,3518.6,268602,413,183,338,-0.21689,-1.804,1.2384
145.22,1871.5,2748.8,-0.66435,-3327,-102.21,5.9917e+05,38231,1,-46.811,-1088,-1591.6,1347.2,621.11,1163.3,1829.5,-817.91,-836.83,3462.6,266846,413,183,338,-0.23901,-1.8012,1.2384
144.02,1857.7,2727.8,-0.53729,-3301.4,-113.01,5.9945e+05,38229,1,-32.526,-1079.4,-1575.4,1319.8,627.04,1175.8,1777.2,-802.76,-810.83,3409.7,265027,413,183,338,-0.25006,-1.7997,1.2384
142.64,1844.3,2707.2,-0.4122,-3276.5,-123.86,5.9939e+05,38227,1,-30.699,-1055.1,-1538.5,1296.1,633.26,1192.7,1749.3,-793.17,-782.97,3359.6,263479,413,183,338,-0.26109,-1.7981,1.2384
135.31,1756.5,2567.7,-0.79847,-3107.9,-193.86,5.9232e+05,38213,1,-58.91,-914.39,-1334.1,1205,561.04,1137.6,1612.9,-853.93,-791.04,3104.3,250205,413,183,338,-0.33806,-1.7853,1.2384
133.81,1744.6,2548.3,-0.76817,-3084.5,-203.79,5.9301e+05,38211,1,-29.319,-917.05,-1327.4,1183.5,559.55,1137.3,1581.1,-847.82,-775.93,3071.1,249214,413,183,338,-0.34901,-1.7832,1.2384
111.95,1763.5,2536.4,-0.44923,-3082.8,-228.88,5.9321e+05,36835,1,-40.172,-931.11,-1334.3,1188.5,583.05,1159,1571,-829.74,-742.08,3074.4,249279,413,183,338,-0.34754,-1.7757,1.2495
110.22,1752,2517.6,-0.35317,-3059.8,-239.02,5.9428e+05,36833,1,-40.426,-920.78,-1317.4,1182.6,576.04,1155.1,1579.5,-847.62,-750.1,3070.1,249190,413,183,338,-0.35843,-1.7735,1.2495
87.583,1759.1,2485.4,-0.74335,-3033.9,-273.3,5.9046e+05,35461,1,-67.212,-880.68,-1253.1,1193.9,543.09,1109.9,1591.6,-907.23,-804.65,3050.6,248727,413,183,338,-0.36774,-1.7637,1.2606
86.425,1747.3,2466.1,-0.78578,-3010.3,-282.63,5.8863e+05,35459,1,-65.337,-869.73,-1234.9,1185.6,531.81,1099.1,1562,-911.12,-804.19,3016.5,247922,413,183,338,-0.37855,-1.7614,1.2606
84.955,1735.9,2447.4,-0.68091,-2987.4,-292.19,5.864e+05,35457,1,-56.223,-862.36,-1221,1169.8,531.26,1101.2,1541.9,-910.75,-797.12,2990.6,247251,413,183,338,-0.38935,-1.7591,1.2606
83.538,1724.6,2428.5,-0.73316,-2964.4,-301.57,5.8643e+05,35455,1,-50.333,-845.65,-1194.4,1159.9,526.44,1101.8,1530.6,-908.15,-779.8,2959.1,246273,413,183,338,-0.40014,-1.7567,1.2606
64.242,1742.6,2415.7,-0.74925,-2961.6,-324.39,5.8764e+05,34089,1,-59.589,-847.62,-1182.7,1147.2,546.55,1110.4,1484.3,-870.61,-730.43,2909.1,244100,413,183,338,-0.39841,-1.7491,1.2717
42.773,1750.6,2386.5,-0.3227,-2938.3,-357.62,5.9182e+05,32725,1,-60.382,-858.15,-1182.7,1118.7,575.5,1135.5,1454.8,-852.09,-693.19,2886.9,243454,413,183,338,-0.40735,-1.739,1.2826
22.312,1759,2357,-0.57369,-2915.2,-390,5.9204e+05,31365,1,-86.622,-824.17,-1131.8,1123,564.7,1118.5,1463.4,-882.7,-710.32,2867.7,242301,413,183,338,-0.41616,-1.7288,1.2936
21.055,1748.5,2339.2,-0.52795,-2893.1,-399.19,5.9068e+05,31363,1,-94.392,-800.7,-1097.4,1129.8,543.34,1095.4,1454.1,-901.83,-722.14,2841.7,241556,413,183,338,-0.42676,-1.7262,1.2936
2.8567,1766.6,2327.1,-0.64391,-2891.2,-421.22,5.8549e+05,30011,1,-108.71,-771.87,-1052.5,1141.4,518.36,1054.8,1460.3,-936.92,-758.47,2825.8,241044,413,183,338,-0.42485,-1.7184,1.3045
2.1284,1756.1,2309.3,-0.74969,-2869.1,-429.86,5.8817e+05,30009,1,-90.364,-771.44,-1045.9,1108.8,521.73,1056.8,1418,-925.05,-745.11,2781.6,239488,413,183,338,-0.43538,-1.7158,1.3045
-15.007,1773.5,2296.8,-0.77187,-2866.6,-450.74,5.8611e+05,28663,1,-91.222,-758.12,-1013.5,1088.3,523.45,1037.9,1370.7,-908.11,-726.07,2716,236968,413,183,338,-0.43341,-1.708,1.3153
-32.126,1791,2284.7,-0.6385,-2864.7,-471.65,5.8599e+05,27323,1,-112.41,-759.81,-1008.5,1073.9,543,1043.3,1353.1,-894.68,-705.4,2696.8,236280,413,183,338,-0.43141,-1.7002,1.3261
-49.162,1808.8,2272.8,-0.65224,-2863.1,-492.53,5.8738e+05,25989,1,-137.62,-750.36,-992.8,1072.5,545.08,1034,1346.8,-910.14,-717.31,2690.9,236067,413,183,338,-0.42941,-1.6922,1.3368
-49.899,1799.1,2256.5,-0.59044,-2842.5,-501.49,5.871e+05,25987,1,-115.44,-739.23,-973.2,1062.9,541.68,1035.8,1336.6,-909.09,-708.96,2668,235144,413,183,338,-0.43978,-1.6896,1.3368
-66.638,1806.9,2227.8,-0.81961,-2819.8,-530.27,5.8434e+05,24657,1,-162.64,-700.85,-928.68,1070.4,520.71,1005.3,1333,-937.61,-727.14,2644.3,233981,413,183,338,-0.44802,-1.6789,1.3475
-82.087,1823.8,2215.4,-0.89576,-2817.6,-549.55,5.814e+05,23335,1,-187.6,-678.81,-898.67,1079.1,504.94,977.6,1326.6,-950.64,-735.49,2623.6,233256,413,183,338,-0.44588,-1.6709,1.3581
-97.334,1840.2,2202.3,-1.041,-2814.7,-568.5,5.773e+05,22019,1,-212.25,-654.64,-864.25,1080.4,474.63,926.92,1304.1,-991.03,-781.07,2601,232275,413,183,338,-0.44372,-1.6628,1.3687
-111.93,1855.8,2188.5,-1.2322,-2811,-586.62,5.7695e+05,20711,1,-248.99,-636.65,-841.8,1078.6,464.9,901.11,1290.9,-992.86,-776.25,2577,229622,413,1790,345,-0.44155,-1.6546,1.3793
-126.69,1871.6,2175.4,-1.1325,-2808.1,-604.96,5.7552e+05,19409,1,-318.91,-597.83,-808.64,1099.1,458.96,890.99,1315.6,-1012.3,-780.94,2586.7,229936,413,1790,345,-0.43935,-1.6464,1.3897
-140.93,1887.2,2161.6,-1.4559,-2804.6,-622.73,5.754e+05,18113,1,-389.85,-591.55,-813.93,1118.8,458.21,884.4,1331.4,-1024.8,-785.04,2616.7,232951,413,1790,345,-0.43715,-1.6382,1.4002
-154.41,1902.3,2147.7,-1.7513,-2801.1,-639.66,5.7581e+05,16825,1,-513.11,-520.26,-759.01,1167.5,428.33,854.79,1348.1,-1037.9,-781.99,2625.5,233337,413,1790,345,-0.43492,-1.6298,1.4106
-167.88,1917.3,2134.1,-1.7743,-2797.8,-656.55,5.7647e+05,15545,1,-540.54,-544.94,-786.56,1172.8,435.52,854.24,1322.4,-1026,-767.99,2625.6,233342,413,1790,345,-0.43268,-1.6214,1.4209
-182.22,1932.5,2120.5,-1.7631,-2794.6,-674.32,5.7514e+05,14273,1,-625.43,-538.74,-795.75,1181.3,450,862.57,1332.7,-1021.8,-750.73,2653.4,234356,413,1790,345,-0.43043,-1.613,1.4311
-197.03,1948.2,2107.6,-1.6479,-2792.2,-692.67,5.7409e+05,13011,1,-734.42,-532.76,-812.14,1197.2,477.72,887.6,1357.6,-1005.7,-715.99,2701.7,236432,413,1790,345,-0.42816,-1.6045,1.4414
-211.22,1964.2,2094.9,-1.7576,-2790.5,-710.52,5.7356e+05,11759,1,-809.24,-497.22,-784.95,1213.9,485.62,890.34,1351.9,-999.48,-702.09,2709.2,236726,413,1790,345,-0.42587,-1.5959,1.4515
-225.15,1980.1,2082.2,-1.8824,-2788.7,-728.07,5.6955e+05,10515,1,-904.01,-489.85,-794.08,1223.8,479.93,875.68,1317.3,-1010.5,-713.6,2729.2,237443,413,1790,345,-0.42356,-1.5873,1.4616
-239.71,1995.7,2068.9,-2.0807,-2786.4,-746.16,5.6439e+05,9281,1,-845.63,-563.58,-847.52,1187.7,470.33,845.02,1269.8,-1050,-764.61,2719.7,237114,413,1790,345,-0.42124,-1.5786,1.4717
-256.09,2010.6,2054.3,-2.382,-2782.4,-765.84,5.585e+05,8059,1,-992.66,-553.93,-869.59,1221.5,396.13,766.75,1289,-1162.3,-866.55,2837,241403,413,1790,345,-0.41891,-1.5698,1.4817
-271.79,2023.7,2037.2,-3.2172,-2775.7,-784.39,5.521e+05,6849,1,-1027.6,-300.99,-603.57,1260.4,306.89,672.68,1266,-1200.3,-903.17,2739.6,237795,413,1790,345,-0.41656,-1.561,1.4916
-295.82,2046.8,1994.6,-5.2952,-2754.6,-816.73,5.5098e+05,735033,1,-1512.9,-790.28,-1217.5,1365.3,322.87,701.18,1174.8,-1242.7,-946.13,3267.3,259836,413,1790,345,-0.41386,-1.5405,1.5135
-278.6,2032,1986.2,-5.1229,-2738.7,-806.85,5.547e+05,735031,1,-1383.9,-693.08,-1093.1,1396.6,325.05,722.19,1172.5,-1202.6,-898.12,3129.8,250848,413,1790,345,-0.42314,-1.5405,1.511
-268.81,2027,2010.3,-4.4436,-2756.4,-790.22,5.5219e+05,736125,1,-1349.3,-120.03,-500.23,1395.6,222.42,620.8,1291.4,-1212.7,-891.04,2898.2,243789,413,1790,345,-0.42058,-1.5501,1.5018
-312.08,2053.9,1972.7,-4.7896,-2738.9,-840.17,5.5434e+05,733909,1,-1559.9,-988.1,-1419.1,1346.7,438.92,809.21,1164,-1117.8,-805.96,3367.3,263709,413,1790,345,-0.41634,-1.5308,1.5226
-333.67,2063.1,1952.3,-3.6787,-2724.6,-869.35,5.5773e+05,732763,1,-1386.5,-1237.5,-1605.5,1323.7,517.95,874.55,1232.3,-1092,-747.05,3476.4,267241,413,1790,345,-0.41881,-1.5211,1.5317
-358.8,2073,1931.5,-2.7632,-2709.7,-902.23,5.5838e+05,731597,1,-1393.5,-1380.7,-1738.8,1316.7,528.61,880.13,1287,-1156.7,-783.66,3642.5,272386,413,1790,345,-0.42127,-1.5113,1.5406
-386.12,2082.6,1909.6,-2.0626,-2693.4,-937.2,5.5207e+05,730415,1,-1478.7,-1426.6,-1790.5,1270.6,543.26,874.64,1343.8,-1192,-788.41,3735.1,275463,413,1790,345,-0.4237,-1.5015,1.5495
-414.46,2092.3,1886.8,-1.7523,-2676.2,-973.24,5.4386e+05,729219,1,-1424.6,-1517.9,-1843.2,1300.7,513.01,845.09,1444.7,-1291.3,-840.68,3855.1,279180,413,1790,345,-0.42613,-1.4916,1.5584
-443.39,2101.3,1862.2,-2.3137,-2657.1,-1009.7,5.41e+05,728009,1,-1747.4,-1627.9,-2020.1,1282.1,477.28,801.26,1429.1,-1390.2,-924.06,4138.5,285044,413,1790,345,-0.42853,-1.4817,1.5672
-473.97,2109.7,1836,-3.2186,-2636,-1047.7,5.3637e+05,726787,1,-1970.5,-1716.2,-2144.9,1262,468.92,782.04,1403.5,-1416.4,-941.46,4326.1,287447,413,1790,345,-0.43092,-1.4717,1.5759
-1227.6,2314,1440.3,-14.167,-2331.8,-1870.4,5.2394e+05,706073,1,-3319.7,-3807,-3680.5,274.72,154.19,183.39,-226.43,-2088.6,-1637.8,6803.5,310817,413,1778,343,-0.4143,-1.3045,1.721
-1143.5,2304.1,1482.5,-4.988,-2365.6,-1793.9,5.106e+05,707417,1,-661.01,-3071.7,-2516.1,1363.3,328.31,591.43,773.7,-2028.8,-1362.3,5009,294241,413,1776,342,-0.42292,-1.3153,1.7106
-771.25,2217.1,1621.5,-17.266,-2487,-1397.9,5.1356e+05,715361,1,-5135.4,-2821.9,-3681.9,1178.7,88.598,381.67,113.78,-2067.6,-1690.1,7521.9,314729,413,1776,342,-0.43138,-1.3793,1.6573
-825.68,2218,1585.4,-17.037,-2447.9,-1456.9,5.1553e+05,714053,1,-5563.2,-3420.2,-4249,1225.3,181.72,466.37,685.39,-1867,-1358.6,8042.7,317384,413,1776,342,-0.43351,-1.3687,1.6655
-891.06,2220.9,1551.8,-14.115,-2409,-1526.8,5.1773e+05,712737,1,-5226.6,-3761.2,-4419.4,1351.4,236.93,543.93,789.42,-1897.5,-1339.9,8042.7,317385,413,1776,342,-0.43562,-1.3581,1.6736
-958.33,2227.3,1523.3,-9.1725,-2375.1,-1599.5,5.194e+05,711415,1,-4814.9,-3799.7,-4304.3,1474.4,398.99,703.7,1288.3,-1719.2,-1045.1,8042.7,317386,413,1776,342,-0.43771,-1.3475,1.6816
-1050.1,2258.9,1518.1,0.088751,-2377.4,-1690.6,5.1625e+05,710089,1,-894.76,-2527.6,-2226.5,2247.7,624.5,1063.3,2398.2,-1472.4,-554.8,5191,295834,413,1776,342,-0.42941,-1.3368,1.6922
-1025.4,2234.1,1495.6,-3.9219,-2341.6,-1672.2,5.173e+05,710087,1,-3124,-3398.2,-3502.8,1768.3,491.92,846.85,1919.2,-1604.3,-770.75,6671.9,310096,413,1776,342,-0.43978,-1.3368,1.6896
-1093.5,2269.6,1493,0.16805,-2354,-1742,5.2497e+05,708755,1,-398.35,-2754.1,-2255.3,2309.5,589.56,1046.8,2401.2,-1556.4,-607.01,5307,296896,413,1776,342,-0.43142,-1.3261,1.7002
-1139.8,2279.5,1466.1,-0.071199,-2328,-1795.9,5.1907e+05,707415,1,-3.3435,-2861.4,-2209.1,2276.4,540.83,995.32,2235.6,-1705.9,-748.21,5291.6,296766,413,1776,342,-0.43341,-1.3153,1.708
-505.92,2118.4,1810.1,-3.9356,-2615,-1087.1,5.3379e+05,725553,1,-3165.6,-1591.7,-2338.7,1212.6,489.57,782.76,1311.8,-1386,-919.29,4983.3,294002,413,1790,345,-0.4333,-1.4616,1.5846
-535.41,2128,1786,-4.5874,-2596.2,-1124.5,5.3189e+05,724309,1,-3610.3,-1488.3,-2346,1394.7,508.98,844.07,1432.2,-1330.4,-818.84,5306.7,296890,413,1790,345,-0.43565,-1.4515,1.5932
-559.52,2137.3,1762.1,-5.9282,-2578.4,-1156.8,5.2923e+05,723057,1,-3878.8,-1247.5,-2188.3,1529.8,459.93,832.57,1472.9,-1343.5,-807.05,5409.3,298083,413,1790,345,-0.43799,-1.4414,1.6018
-580.07,2144.5,1738,-6.7948,-2559.6,-1185,5.2969e+05,721795,1,-3962.2,-1112.2,-2076.5,1783.1,365.17,812.31,1550.3,-1354.5,-780.78,5483.4,298769,413,1790,345,-0.44032,-1.4311,1.6103
-597.98,2150.1,1714.6,-6.7136,-2540.8,-1210.4,5.2969e+05,720523,1,-3576.8,-1055.2,-1905.5,2094.6,318.55,851.63,1619.5,-1303.6,-699.55,5250.1,296386,413,1790,345,-0.44263,-1.4209,1.6187
-613.83,2155.5,1692.1,-6.3689,-2522.7,-1233.8,5.2807e+05,719243,1,-3088.2,-982.09,-1697.3,2217.3,341.75,902.11,1612.6,-1247.8,-641.2,4878.3,292973,413,1790,345,-0.44492,-1.4106,1.6271
-632.55,2162.1,1670.7,-5.4797,-2505.5,-1260.4,5.2562e+05,717955,1,-2277.2,-1355.3,-1782.5,2297.2,402.13,972.22,1560.8,-1315.4,-698.78,4608.5,290269,413,1790,345,-0.44719,-1.4002,1.6354
-682.76,2195.8,1657.6,-10.259,-2512.3,-1312.9,5.2149e+05,716661,1,-2805.7,-1650.6,-2141.6,2041.7,430.79,911.47,840.73,-1523.9,-1059.6,4951.7,293697,413,1776,342,-0.43936,-1.3897,1.6464
-718.27,2201.6,1626.8,-12.538,-2484.4,-1355.3,5.2077e+05,715359,1,-3508.3,-2401.3,-2934.7,1639.8,268.54,661.67,300.16,-1900.8,-1503.5,5987.5,303773,413,1776,342,-0.44155,-1.3793,1.6546
175.94,1909.4,2848.5,-1.0877,-3433.7,-29.708,5.9356e+05,39621,1,-107.75,-1193.7,-1781.6,1328.9,618.72,1126.4,1792.5,-841.84,-958.84,3587.4,270741,413,183,338,-0.19554,-1.8141,1.2272
175.48,1895.2,2827.3,-0.98994,-3408.1,-40.327,5.9513e+05,39619,1,-64.072,-1165.9,-1733,1352.3,619.01,1142.1,1816.6,-834.28,-926.6,3569,270173,413,183,338,-0.20667,-1.8128,1.2272
172.88,1866.6,2784.3,-0.63361,-3355.9,-62.661,5.9811e+05,39615,1,-6.3758,-1132.8,-1673.8,1357.9,618.48,1165.7,1847.1,-822.61,-871.09,3538,269179,413,183,338,-0.2289,-1.8101,1.2272
171.38,1852.6,2762.8,-0.55246,-3330,-73.798,5.986e+05,39613,1,-18.644,-1102.9,-1625.7,1345.4,617.38,1170.4,1829.8,-820.89,-850.16,3488,267660,413,183,338,-0.24,-1.8087,1.2272
174.32,1880.9,2805.8,-0.79163,-3382,-51.431,5.9668e+05,39617,1,-20.57,-1145.1,-1694,1364,619.33,1156.2,1838.7,-825.21,-892.07,3552.4,269622,413,183,338,-0.21779,-1.8115,1.2272
169.71,1838.5,2741.2,-0.50143,-3303.9,-84.928,5.997e+05,39611,1,12.785,-1091.4,-1606.1,1333.4,618.28,1185.2,1813.3,-812.94,-825.81,3459.3,266751,413,183,338,-0.2511,-1.8072,1.2272
167.92,1824.9,2720.1,-0.34934,-3278.5,-96.048,5.9857e+05,39609,1,7.8178,-1071.6,-1575.1,1308.8,625.74,1200.2,1771.1,-795.08,-791.48,3401.4,264790,413,183,338,-0.26218,-1.8056,1.2272
131.98,1732.9,2529.3,-0.67073,-3061.3,-213.91,5.9481e+05,38209,1,-8.6814,-908.62,-1310.3,1169.2,548.45,1130.1,1570.9,-852.69,-769.65,3045.4,248617,413,183,338,-0.35994,-1.781,1.2384
108.56,1740.6,2498.6,-0.42236,-3036.9,-248.99,5.9429e+05,36831,1,-31.778,-907.06,-1298.1,1168.6,566.17,1150.6,1565.3,-860.41,-758.39,3047.1,248645,413,183,338,-0.36931,-1.7713,1.2495
107.04,1729,2479.4,-0.54313,-3013.5,-258.63,5.928e+05,36829,1,-48.259,-885.33,-1265.3,1180.2,545.69,1129.2,1568.8,-895.43,-788.56,3039.3,248457,413,183,338,-0.38017,-1.769,1.2495
105.26,1717.6,2460.4,-0.49533,-2990.4,-268.41,5.9064e+05,36827,1,-26.265,-879.26,-1252.5,1163.2,544.53,1135.6,1548.1,-886.02,-767.73,3008.8,247715,413,183,338,-0.39102,-1.7666,1.2495
103.38,1706.4,2441.6,-0.47899,-2967.6,-278.19,5.8887e+05,36825,1,-30.128,-867.1,-1234.1,1153.4,537.9,1130.5,1541.2,-896.93,-770.47,2991.1,247265,413,183,338,-0.40185,-1.7642,1.2495
101.63,1695.3,2422.6,-0.59228,-2944.5,-287.69,5.8857e+05,36823,1,-32.852,-861.02,-1226.1,1146.9,529.55,1125.9,1527,-906.51,-775.51,2977.3,246863,413,183,338,-0.41267,-1.7617,1.2495
81.995,1713.3,2409.5,-0.73633,-2941.3,-310.92,5.8672e+05,35453,1,-46.022,-841.38,-1185.6,1143.6,529.81,1111.3,1506.5,-887.77,-742.25,2923.6,245207,413,183,338,-0.41091,-1.7542,1.2606
62.542,1731.7,2397.8,-0.45485,-2939.5,-334.06,5.8743e+05,34087,1,-43.473,-849.53,-1182.4,1136.7,549.17,1120.4,1478,-862.8,-712.1,2899.4,243819,413,183,338,-0.40914,-1.7466,1.2717
60.857,1721.2,2380.1,-0.35888,-2917.7,-343.67,5.9078e+05,34085,1,-45.806,-851.46,-1183.1,1111,563.73,1138.5,1454.5,-847.6,-684.63,2877.1,242613,413,183,338,-0.41985,-1.7441,1.2717
41.295,1740.3,2368.8,-0.36589,-2916.6,-367.15,5.9303e+05,32723,1,-54.221,-843.44,-1161,1107.5,573.2,1139.3,1450.9,-862.82,-694.66,2871.8,242392,413,183,338,-0.41801,-1.7364,1.2826
39.718,1729.9,2351,-0.40222,-2894.8,-376.63,5.931e+05,32721,1,-71.078,-824.25,-1135.6,1112.3,559.31,1125.4,1450.3,-879.26,-702.34,2856.6,242000,413,183,338,-0.42866,-1.7339,1.2826
19.891,1738.2,2321.7,-0.54231,-2871.4,-408.23,5.8956e+05,31361,1,-68.727,-800.5,-1092.2,1098.8,542.94,1097.3,1423.5,-897.14,-715.54,2808.6,240549,413,183,338,-0.43735,-1.7235,1.2936
18.329,1728,2304.3,-0.47706,-2849.9,-417.55,5.8965e+05,31359,1,-49.69,-794.34,-1072.9,1073.2,537.3,1085.9,1383.4,-899.19,-715.52,2763.8,238767,413,183,338,-0.44791,-1.7208,1.2936
0.73748,1746,2292.2,-0.59614,-2847.7,-439.09,5.8798e+05,30007,1,-55.516,-768.69,-1026.3,1071.2,528.15,1057.5,1365.1,-905.12,-720.59,2719.2,237104,413,183,338,-0.4459,-1.7131,1.3045
-16.296,1763.6,2280.2,-0.5662,-2845.7,-460.03,5.8788e+05,28661,1,-60.745,-761.09,-1007.3,1061.3,534.85,1051.6,1344.7,-896.88,-709.1,2689.1,235990,413,183,338,-0.44388,-1.7053,1.3153
-33.18,1781.4,2268.3,-0.56948,-2844,-480.83,5.8853e+05,27321,1,-78.208,-754.79,-994.34,1059.2,541.41,1048.1,1342.7,-896.64,-701.92,2679.1,235610,413,183,338,-0.44184,-1.6975,1.3261
-34.39,1771.9,2251.9,-0.52806,-2823.5,-490.09,5.8951e+05,27319,1,-98.085,-736.65,-973.77,1054,541.53,1049.5,1338.9,-899.69,-693.53,2662.6,234938,413,183,338,-0.45225,-1.6947,1.3261
-50.719,1789.7,2240.3,-0.56706,-2822,-510.44,5.8623e+05,25985,1,-139.25,-707.34,-939.51,1063.2,529.79,1027.8,1337.3,-920.01,-708.38,2647,234075,413,183,338,-0.45014,-1.6868,1.3368
-66.606,1797.3,2211.5,-0.8759,-2799.2,-538.29,5.8465e+05,24655,1,-163.58,-680.2,-901.7,1071.8,511.1,1000.3,1320.2,-936.48,-715.87,2616.4,232864,413,183,338,-0.45831,-1.6761,1.3475
-81.869,1814.2,2199.3,-0.89344,-2797.2,-557.48,5.813e+05,23333,1,-201.45,-655.97,-871.53,1071.6,492.26,962.55,1302.7,-962.47,-742.92,2592.9,230169,413,183,338,-0.45612,-1.6681,1.3581
-96.77,1830.6,2186.3,-1.1142,-2794.3,-576.16,5.7944e+05,22017,1,-230.41,-637.06,-849.16,1073.1,472.06,928.53,1299.2,-990,-769.78,2584,229862,413,183,338,-0.45391,-1.66,1.3687
-111.15,1846.2,2172.8,-1.2508,-2790.9,-594.16,5.7601e+05,20709,1,-286.98,-588.54,-799.97,1090.5,444.04,890.41,1311.3,-1021.5,-793.72,2577,229621,413,1790,345,-0.45169,-1.6519,1.3793
-125.07,1861.7,2159.2,-1.4454,-2787.4,-611.67,5.7339e+05,19407,1,-354.21,-557.44,-775.3,1122.6,436.48,879.94,1348.3,-1034.4,-789.27,2602.5,232324,413,1790,345,-0.44945,-1.6437,1.3897
-137.48,1876.6,2145,-1.946,-2783.4,-627.58,5.7483e+05,18111,1,-492.73,-481.81,-720.27,1187.8,403.41,850.7,1370.4,-1053.5,-792.88,2628.2,233435,413,1790,345,-0.44719,-1.6354,1.4002
-149.91,1891.4,2131.2,-2.1231,-2779.9,-643.47,5.7525e+05,16823,1,-594.86,-471.1,-730.42,1231.3,400.48,850.15,1361.5,-1038.2,-766.13,2650.9,234255,413,1790,345,-0.44492,-1.6271,1.4106
-163.27,1906.5,2117.9,-2.0682,-2776.9,-660.34,5.7368e+05,15543,1,-638.93,-490.95,-757.82,1225.9,414.7,853.14,1359.3,-1042.2,-765.71,2673.3,235369,413,1790,345,-0.44263,-1.6187,1.4209
-176.19,1921.5,2104.1,-2.4254,-2773.6,-676.76,5.7492e+05,14271,1,-711.68,-435.8,-710.57,1258,410.93,851.3,1358,-1047.7,-760.94,2682.9,235736,413,1790,345,-0.44032,-1.6103,1.4311
-188.79,1936.9,2090.9,-2.7793,-2771.1,-692.98,5.776e+05,13009,1,-845.95,-434.42,-739.52,1306.3,427.15,871.72,1379.7,-1022.3,-717.05,2750.1,238306,413,1790,345,-0.43799,-1.6018,1.4414
-202.01,1952.7,2078.4,-2.8754,-2769.5,-709.9,5.7658e+05,11757,1,-925.86,-427.33,-746.15,1352.9,442.62,891.72,1371.2,-994.99,-678.85,2783.7,239555,413,1790,345,-0.43565,-1.5932,1.4515
-215.78,1968.9,2066.3,-2.8224,-2768.3,-727.44,5.7402e+05,10513,1,-1004.2,-451.69,-787.33,1328.3,458.73,891.56,1357.6,-999.62,-683.29,2812.7,240675,413,1790,345,-0.4333,-1.5846,1.4616
-230.57,1985,2053.9,-2.8103,-2766.9,-745.96,5.684e+05,9279,1,-1070.8,-462.01,-808.08,1330.1,416.62,836.13,1321.9,-1085.5,-774.86,2860.2,242123,413,1790,345,-0.43092,-1.5759,1.4717
-245.54,1999.4,2038.2,-3.7529,-2761.9,-764.18,5.6075e+05,8057,1,-1208.7,-459.33,-835.29,1344.9,329.09,737.64,1325.5,-1207.1,-893.28,2875.2,242486,413,1790,345,-0.42853,-1.5672,1.4817
-261.08,2011.9,2021.3,-4.161,-2754.9,-782.49,5.5626e+05,6847,1,-1250,-157.77,-524.52,1378.2,230.88,636.2,1336.9,-1213.4,-887.25,2875.2,242487,413,1790,345,-0.42613,-1.5584,1.4916
-253.94,2012,2000.5,-4.6946,-2739.1,-782.29,5.5202e+05,736123,1,-1328.8,-66.029,-445.88,1449.5,193.58,614.59,1264.6,-1166.6,-842.69,2855.8,241970,413,1790,345,-0.42979,-1.5501,1.4992
-264.19,2017,1978,-4.2855,-2722.4,-799.45,5.5518e+05,735029,1,-1204.7,-650.65,-1010.6,1393,330.06,737.68,1167.7,-1157.2,-846.21,2984.7,247073,413,1790,345,-0.4324,-1.5405,1.5083
-294.13,2039.2,1964.7,-4.5403,-2723.3,-829.68,5.5617e+05,733907,1,-1396.8,-963.26,-1360,1358.1,441.93,825.04,1098.7,-1129.1,-829.44,3258.6,259496,413,1790,345,-0.42568,-1.5308,1.52
-278.92,2024.3,1956.6,-3.9051,-2707.1,-821.61,5.5259e+05,733905,1,-1276.2,-898.48,-1269.8,1359.2,437.42,828.92,1125,-1133.6,-822,3162.4,256375,413,1790,345,-0.435,-1.5308,1.5174
-314.78,2048.6,1943.7,-4.1944,-2708.8,-858.12,5.5708e+05,732761,1,-1582.8,-1135.2,-1572.2,1330.4,515.41,885.28,1132.5,-1136,-812.9,3509.8,268319,413,1790,345,-0.4282,-1.5211,1.5291
-338.14,2058.5,1921.8,-4.439,-2693.4,-889.39,5.5429e+05,731595,1,-1890.3,-1324.1,-1827.5,1281.2,548.49,896.27,1183.5,-1179.4,-826.88,3858.5,279258,413,1790,345,-0.43071,-1.5113,1.538
-362.61,2069.2,1900,-4.8908,-2678.2,-922,5.5178e+05,730413,1,-2640.7,-1161.3,-1871.4,1217.6,589.12,914.48,1031.5,-1172.2,-848.43,4201,285957,413,1790,345,-0.4332,-1.5015,1.5469
-387.06,2079.8,1877.5,-5.7935,-2662.5,-954.65,5.4594e+05,729217,1,-3169.5,-1246.4,-2086.6,1154.3,526.82,828.66,998.72,-1270.5,-938.98,4663,290748,413,1790,345,-0.43568,-1.4916,1.5558
-410.24,2089,1853,-7.4093,-2644.6,-985.76,5.41e+05,728007,1,-3791.3,-1304.1,-2297.3,1151.5,481.38,777.8,971.79,-1349.8,-1006,5224.3,296160,413,1790,345,-0.43814,-1.4817,1.5645
-433.43,2098.2,1828.7,-9.0192,-2626.8,-1017,5.3762e+05,726785,1,-4794.7,-1270,-2531.3,1227.3,462.69,776.56,840.33,-1380,-1053.4,6087.1,304741,413,1790,345,-0.44058,-1.4717,1.5733
-1195.1,2309,1446.7,-8.3184,-2329.2,-1851.4,5.1694e+05,706071,1,-1079.2,-3281.8,-2753,1087.4,272.66,478.17,532.01,-2131.2,-1483.9,5294,296789,413,1778,343,-0.42485,-1.3045,1.7184
-1294.8,2318,1406.5,-12.74,-2292.3,-1942.5,5.2989e+05,704721,1,-3726,-3907.5,-3812.9,232.88,258.71,249.57,64.532,-1975.5,-1460,7064.8,312020,413,1778,343,-0.41616,-1.2936,1.7288
-1253.4,2313.3,1411.1,-9.8652,-2290.4,-1915,5.2368e+05,704719,1,-1423.6,-3632,-3074.7,950.05,292.79,456.76,440.32,-2056.4,-1433.6,5687.4,300522,413,1778,343,-0.42676,-1.2936,1.7262
-1190.5,2288.6,1436.8,-0.79217,-2298.4,-1853.8,5.1971e+05,706069,1,79.009,-3164.2,-2385,2046.5,464.67,873.67,1843.4,-1867.1,-949.64,5353.6,297482,413,1776,342,-0.43539,-1.3045,1.7158
-1360.3,2321.7,1372.5,-11.799,-2252.4,-2012.8,5.3154e+05,703363,1,-3625.4,-3874,-3732.2,318.64,178.98,209.28,316.21,-2044.4,-1432.8,6970.7,311583,413,1778,343,-0.41801,-1.2826,1.7365
-766.89,2205.4,1592.2,-14.008,-2449.4,-1409.6,5.2177e+05,714051,1,-4304.1,-3204.7,-3777.6,1323.7,143.59,470.51,78.648,-2093.1,-1700.8,7234.7,312930,413,1776,342,-0.44372,-1.3687,1.6628
-824.18,2207.2,1553.4,-15.736,-2408,-1471.5,5.2325e+05,712735,1,-4580.7,-3557.1,-4109.9,1231.1,247.42,529.79,220.38,-2059,-1614.5,7699.3,315554,413,1776,342,-0.44588,-1.3581,1.6709
-892.84,2212.1,1518.9,-13.936,-2368.5,-1545.1,5.2736e+05,711413,1,-4947.5,-3989.2,-4521.4,1248.7,353.17,616.75,448.3,-1999.1,-1483.8,8324.5,318818,413,1776,342,-0.44802,-1.3475,1.6789
-960.47,2219.1,1485.2,-13.111,-2330.9,-1618.4,5.267e+05,710085,1,-4984.7,-3991.1,-4492.7,1265,409.8,661.78,760.13,-1859,-1274,8296,318683,413,1776,342,-0.45014,-1.3368,1.6868
-1083.2,2242.4,1468.7,-0.8735,-2311.6,-1736.5,5.1337e+05,708753,1,-1969.6,-3243.5,-3047.5,1917.1,507.06,892.78,2131,-1634.1,-720.23,6012.2,304019,413,1776,342,-0.44184,-1.3261,1.6975
-1029,2226.1,1453.8,-10.409,-2294.2,-1692.5,5.2205e+05,708751,1,-4584.6,-3921.8,-4299.1,1175.9,442.69,660.68,868.71,-1798,-1180.3,7891.6,316600,413,1776,342,-0.45225,-1.3261,1.6947
-1133.3,2251.9,1441.7,-0.14031,-2283.8,-1793.9,5.174e+05,707413,1,-1102.3,-3023.3,-2618.9,2084.5,553.55,966.48,2277.1,-1666.2,-692.55,5589.3,299686,413,1776,342,-0.44388,-1.3153,1.7053
-455.63,2106.6,1803,-11.319,-2607.6,-1047.1,5.3306e+05,725551,1,-5313.6,-1221.5,-2619.3,1302.1,424.23,757.76,798.18,-1427.3,-1095.9,6550.7,309343,413,1790,345,-0.44301,-1.4616,1.5819
-477.6,2113.5,1777.2,-12.945,-2587.3,-1076.6,5.3079e+05,724307,1,-5694.3,-1261.6,-2750.7,1442.8,386.4,758.34,818.98,-1388.9,-1041.9,6933.6,311404,413,1790,345,-0.44542,-1.4515,1.5905
-500.63,2119.9,1752.8,-12.94,-2567.3,-1107.1,5.2969e+05,723055,1,-5971.8,-1231.1,-2784.4,1823.1,302.94,784.71,1011.7,-1411.4,-989.51,7277.2,313125,413,1790,345,-0.44781,-1.4414,1.5991
-520.17,2124.7,1727.5,-13.4,-2546.3,-1133.8,5.2664e+05,721793,1,-5785.5,-1158.6,-2652.7,2092.8,225.84,788.33,1133,-1424.5,-951.48,7150,312496,413,1790,345,-0.45019,-1.4311,1.6076
-541.83,2128,1702.2,-12.568,-2523.6,-1162.1,5.2422e+05,720521,1,-5163.9,-1473.6,-2744.1,2100.8,232.05,793.36,1119.2,-1360.5,-886.43,6734.5,310428,413,1790,345,-0.45255,-1.4209,1.616
-571.96,2131.7,1678.7,-8.9818,-2500.5,-1198.6,5.2612e+05,719241,1,-3860.9,-1690.8,-2550.1,2138.7,272,834.93,1370,-1372.2,-808.67,5833.3,302143,413,1790,345,-0.45489,-1.4106,1.6244
-604.8,2136.5,1655.2,-5.6881,-2477.3,-1238.1,5.252e+05,717953,1,-2764.5,-1920,-2422.6,2195.6,321.12,889.67,1624.6,-1335.3,-690.6,5273.8,296629,413,1790,345,-0.45722,-1.4002,1.6327
-655.12,2170.5,1648.3,-5.7422,-2488,-1291.2,5.223e+05,716659,1,-1686.4,-1509.5,-1734.5,2328.6,527.04,1082.4,1469.1,-1343.5,-732.84,4608.5,290270,413,1790,345,-0.44945,-1.3897,1.6437
-639.18,2142.9,1632,-2.9004,-2454.9,-1279.6,5.23e+05,716657,1,-1738.7,-2042.5,-2218.2,2349.2,410.8,1005.3,1865,-1414.7,-675.53,4974.9,293909,413,1790,345,-0.45953,-1.3897,1.6409
-685.07,2180.5,1624,-6.9775,-2468.4,-1329.7,5.2049e+05,715357,1,-1592.8,-1986.3,-2093.9,2259.6,475.18,1016.5,1307,-1584.1,-965.67,4730.9,291482,413,1776,342,-0.45169,-1.3793,1.6519
-723.07,2188.3,1593.4,-9.9834,-2441.2,-1375.1,5.1774e+05,714049,1,-1953.3,-2636.6,-2701.9,1962.4,378.88,850.81,841.47,-1862.1,-1302.8,5353.4,297480,413,1776,342,-0.45391,-1.3687,1.66
203.77,1876.8,2843.1,-0.55704,-3412.8,-10.123,5.9859e+05,41005,1,-6.4033,-1184.3,-1774,1366.3,623.37,1166.5,1850.4,-828.37,-923.73,3623.5,271813,413,183,338,-0.20752,-1.8203,1.216
202.18,1862.2,2821,-0.47125,-3386.2,-21.548,5.9899e+05,41003,1,5.8675,-1170.4,-1748.2,1375,619.47,1172.1,1877.4,-828.84,-902.34,3619.4,271669,413,183,338,-0.21868,-1.819,1.216
200.35,1847.7,2798.7,-0.48873,-3359.4,-33.03,6.0006e+05,41001,1,32.878,-1164.2,-1738,1368.5,621.02,1189.6,1880.3,-818.01,-869.16,3607,271319,413,183,338,-0.22984,-1.8176,1.216
198.38,1833.4,2776.7,-0.4408,-3333,-44.51,5.996e+05,40999,1,25.82,-1138.3,-1693.4,1352.8,618.35,1191.4,1851.8,-819.83,-855.25,3553.7,269663,413,183,338,-0.24099,-1.8161,1.216
196.28,1819.3,2754.9,-0.38323,-3306.8,-55.962,5.9883e+05,40997,1,45.971,-1129.4,-1676,1349.2,617.51,1201.3,1851.7,-818.15,-836.91,3539.7,269231,413,183,338,-0.25213,-1.8146,1.216
130,1721.5,2510.6,-0.49166,-3038.7,-224.11,5.9442e+05,38207,1,-9.1097,-903.4,-1300.2,1157.4,553.63,1141.6,1544.2,-840.01,-744.09,3023.7,248091,413,183,338,-0.37086,-1.7787,1.2384
128.07,1710.1,2491.7,-0.47812,-3015.8,-234.11,5.9398e+05,38205,1,-14.49,-891.5,-1283.2,1165.7,544.48,1140.3,1567.7,-856.24,-744.92,3023.7,248090,413,183,338,-0.38177,-1.7764,1.2384
124.01,1687.5,2453.7,-0.43756,-2969.8,-253.88,5.9204e+05,38201,1,-19.765,-879.47,-1264.6,1148.9,538.95,1145.3,1535.4,-864.08,-735.71,2990.1,247237,413,183,338,-0.40354,-1.7716,1.2384
126.06,1698.7,2472.6,-0.47465,-2992.6,-244.02,5.9317e+05,38203,1,-9.2441,-885.05,-1270.8,1157.6,539.81,1140.2,1554.3,-860.95,-740.53,3005.9,247643,413,183,338,-0.39267,-1.7741,1.2384
122.04,1676.6,2435.1,-0.43061,-2947.2,-263.55,5.9189e+05,38199,1,-17.706,-876.51,-1258.1,1134.2,538.54,1148.9,1510.9,-870.98,-738.49,2972.3,246698,413,183,338,-0.41441,-1.7691,1.2384
119.93,1665.7,2416.5,-0.35818,-2924.7,-273.23,5.8962e+05,38197,1,-19.58,-870.78,-1250.2,1137,537.09,1157.1,1510.9,-874.72,-730.47,2970.4,246654,413,183,338,-0.42525,-1.7665,1.2384
99.807,1684.3,2403.8,-0.61947,-2921.8,-297.15,5.8708e+05,36821,1,-37.241,-846.67,-1203.4,1131,524.27,1121,1494.6,-904.22,-764.72,2934.9,245596,413,183,338,-0.42347,-1.7591,1.2495
80.387,1702.5,2391.3,-0.64416,-2919,-320.29,5.8733e+05,35451,1,-40.808,-842.91,-1183.1,1118.7,543.04,1127.9,1461.1,-864.16,-710.01,2883.8,242806,413,183,338,-0.42166,-1.7516,1.2606
59.004,1711,2362.5,-0.29509,-2896.1,-353.35,5.9233e+05,34083,1,-44.752,-845.13,-1172.6,1098.8,565.59,1146.5,1438.7,-852.82,-680.76,2862.4,242174,413,183,338,-0.43054,-1.7415,1.2717
38.276,1719.7,2333.4,-0.47533,-2873.1,-385.86,5.9307e+05,32719,1,-58.339,-822.31,-1131.6,1092.4,556.77,1126.3,1427.4,-878.76,-699.5,2833.9,241259,413,183,338,-0.43929,-1.7312,1.2826
36.628,1709.6,2316,-0.45861,-2851.6,-395.21,5.923e+05,32717,1,-50.16,-817.01,-1118.9,1075.2,550.85,1118.2,1398.4,-881.53,-699.73,2802.5,240315,413,183,338,-0.4499,-1.7285,1.2826
34.809,1700,2299,-0.42078,-2830.7,-404.68,5.9222e+05,32715,1,-41.129,-814.1,-1111.2,1044.3,551.12,1116.9,1357.4,-879.73,-697.91,2764.9,238817,413,183,338,-0.4605,-1.7257,1.2826
16.543,1718.4,2287.4,-0.4363,-2828.9,-427.07,5.8918e+05,31357,1,-53.237,-792.13,-1070.9,1044.7,539.04,1087.4,1357.4,-896.43,-707.32,2736.4,237675,413,183,338,-0.45846,-1.718,1.2936
-0.98648,1736.3,2275.4,-0.49347,-2826.9,-448.64,5.8917e+05,30005,1,-46.915,-773.34,-1032,1050.9,534.21,1068.7,1356.8,-901.07,-709,2711.6,236818,413,183,338,-0.45641,-1.7103,1.3045
-17.881,1754.2,2263.7,-0.45505,-2825.2,-469.56,5.899e+05,28659,1,-62.709,-748.88,-991.17,1048.2,535.47,1055.2,1344.7,-898.91,-699.07,2674.2,235408,413,183,338,-0.45434,-1.7026,1.3153
-35.316,1762.5,2235.4,-0.59519,-2802.8,-498.92,5.8977e+05,27317,1,-101.47,-711.35,-943.03,1062.8,528.28,1044.8,1350.8,-908.28,-687.6,2651.1,234264,413,183,338,-0.46264,-1.6919,1.3261
-51.015,1780.1,2223.8,-0.69091,-2801.3,-518.72,5.8829e+05,25983,1,-132.64,-694.6,-920.62,1070.6,520.55,1024.7,1337.7,-924.29,-703.49,2636.9,233746,413,183,338,-0.46048,-1.684,1.3368
-51.902,1770.5,2207.4,-0.55243,-2780.6,-527.43,5.8877e+05,25981,1,-97.997,-689.98,-902.26,1057.9,520.24,1026.9,1317.6,-915.13,-686.76,2605.6,232425,413,183,338,-0.47081,-1.6812,1.3368
-67.022,1787.7,2195.4,-0.74556,-2778.8,-546.64,5.8654e+05,24653,1,-131.73,-672.54,-880.92,1055.3,511.83,1002.6,1293.4,-928.65,-703.41,2580.1,229725,413,183,338,-0.46858,-1.6733,1.3475
-81.984,1804.7,2183.4,-0.81286,-2776.9,-565.63,5.8175e+05,23331,1,-170.13,-638.68,-842.5,1061.2,489.89,966.58,1295.1,-959.52,-731.41,2565.2,229210,413,183,338,-0.46635,-1.6653,1.3581
-96.189,1821,2170.3,-1.1328,-2773.9,-583.68,5.7755e+05,22015,1,-241.19,-606.99,-816.79,1079.4,459.77,921.63,1301.8,-1002.7,-774.41,2572.8,229469,413,183,338,-0.46409,-1.6572,1.3687
-109.58,1836.4,2156.6,-1.4865,-2770.2,-600.73,5.738e+05,20707,1,-309.62,-528.41,-736.63,1106.6,411.91,864.99,1322.7,-1053,-815.83,2566,229237,413,1790,345,-0.46182,-1.6491,1.3793
-121.98,1851,2142.1,-1.9639,-2765.8,-616.62,5.7389e+05,19405,1,-424.06,-471.38,-697.39,1170.2,383.03,839.48,1365.6,-1071,-814.6,2604.8,232397,413,1790,345,-0.45953,-1.6409,1.3897
-133.31,1865.3,2128.1,-2.1605,-2761.8,-631.39,5.7429e+05,18109,1,-471.15,-445.41,-673.32,1208.1,374.09,831.9,1337.7,-1034,-767.2,2571.5,229435,413,1790,345,-0.45722,-1.6327,1.4002
-145.39,1880,2114.8,-2.1158,-2758.5,-646.99,5.7445e+05,16821,1,-499.64,-472.78,-705.26,1216,394.47,846.3,1313.2,-1027.4,-759.84,2584.3,229870,413,1790,345,-0.45489,-1.6244,1.4106
-158.09,1895.1,2101.5,-2.2289,-2755.5,-663.28,5.762e+05,15541,1,-564.92,-467.67,-710.71,1238.2,396.67,844.15,1312.1,-1033.8,-758.18,2609.9,232570,413,1790,345,-0.45255,-1.616,1.4209
-170.17,1909.9,2088,-2.4463,-2752.4,-678.9,5.7716e+05,14269,1,-592.79,-449.14,-688.99,1262.6,394.6,838.5,1290.8,-1026.5,-745.66,2599.4,232216,413,1790,345,-0.45019,-1.6076,1.4311
-182.47,1924.7,2074.8,-2.5055,-2749.5,-694.74,5.7442e+05,13007,1,-612.62,-460.62,-700.73,1287.9,407.24,851.55,1291.2,-1003.6,-712.67,2609.6,232561,413,1790,345,-0.44781,-1.5991,1.4414
-195.22,1940.3,2062.6,-2.4154,-2748,-711.23,5.746e+05,11755,1,-640.58,-469.5,-711.42,1315.1,433.82,880,1299.3,-982.08,-677.51,2634.5,233659,413,1790,345,-0.44542,-1.5905,1.4515
-208.31,1956.5,2050.8,-2.44,-2747.2,-728.22,5.7157e+05,10511,1,-806.46,-476.07,-758.35,1371.3,442.21,892.78,1326.7,-998.16,-679.91,2746.6,238174,413,1790,345,-0.44301,-1.5819,1.4616
-222.02,1972.5,2037.9,-2.8531,-2745.4,-745.71,5.6434e+05,9277,1,-809.65,-456.76,-731.5,1367.7,391.19,829.7,1312.5,-1086.6,-768.26,2757.7,238557,413,1790,345,-0.44058,-1.5733,1.4717
-235.26,1986.5,2022.4,-3.7666,-2740.6,-762.24,5.5931e+05,8055,1,-1022.3,-437.25,-763.48,1404.2,292.71,724.55,1297.2,-1206.9,-892.19,2875.2,242485,413,1790,345,-0.43814,-1.5645,1.4817
-249.66,1998.6,2004.9,-4.5254,-2732.9,-779.37,5.5631e+05,6845,1,-1277,128.06,-242.94,1448,154.97,586.94,1248.5,-1154.4,-839.53,2787.1,239709,413,1790,345,-0.43568,-1.5558,1.4916
-240.79,1996.9,1991.5,-4.2002,-2722.1,-775.8,5.572e+05,736121,1,-1220.6,-86.752,-443.76,1429.4,203.54,628.13,1207,-1121.8,-805.58,2745.4,238143,413,1790,345,-0.43898,-1.5501,1.4966
-250.85,2002.3,1969.3,-3.9166,-2705.8,-792.95,5.5546e+05,735027,1,-1025.7,-611.39,-927,1357.2,331.02,737.8,1176.3,-1145.5,-827.94,2857,242055,413,1790,345,-0.44165,-1.5405,1.5057
-264.53,2009.6,1948.1,-3.6643,-2690.9,-814.2,5.5746e+05,733903,1,-1242.5,-721.88,-1093.4,1362.2,412.22,815.61,1189.2,-1144.9,-809.61,3054.8,248848,413,1790,345,-0.4443,-1.5308,1.5147
-296.78,2033.4,1935.3,-4.1275,-2692.6,-847.36,5.5253e+05,732759,1,-1718.3,-817.41,-1309.9,1383.3,498.99,895.4,1141,-1140.5,-808.51,3399.6,264722,413,1790,345,-0.43758,-1.5211,1.5264
-313.84,2043.5,1913.8,-5.4363,-2678.7,-872.7,5.4972e+05,731593,1,-2431,-923.64,-1605.4,1400.2,566.06,957.58,1049.1,-1128.5,-809.73,3945.7,281606,413,1790,345,-0.44014,-1.5113,1.5353
-329.33,2055,1893.5,-7.1809,-2666.8,-897.02,5.4682e+05,730411,1,-3155.4,-831.35,-1713.4,1419.6,614.27,1004.9,944.66,-1118.2,-816.22,4449.1,288712,413,1790,345,-0.44269,-1.5015,1.5442
-344.55,2066.2,1872.5,-9.3235,-2654.3,-921.11,5.4122e+05,729215,1,-3724.7,-809.7,-1847.6,1464.9,547.68,948.15,867.52,-1187.5,-893.71,4924.3,293418,413,1790,345,-0.44522,-1.4916,1.5531
-358.41,2075.1,1849.1,-11.892,-2638.9,-943.34,5.3619e+05,728005,1,-4528.2,-790.17,-2049.3,1532.5,454.02,872.17,729.55,-1280.9,-1008.4,5642.1,300130,413,1790,345,-0.44773,-1.4817,1.5618
-372.97,2082.5,1825,-13.926,-2621.7,-965.87,5.3265e+05,726783,1,-5233.4,-841.08,-2289.7,1688.9,385.47,847.33,673.93,-1333.9,-1059.4,6357.1,307487,413,1790,345,-0.45023,-1.4717,1.5705
-388.52,2089,1800.6,-15.422,-2603.5,-989.17,5.3081e+05,725549,1,-5778.4,-968.49,-2551.4,1954.1,323.19,860.69,617.47,-1384.2,-1103.9,7001.2,311738,413,1790,345,-0.45271,-1.4616,1.5792
-1316.5,2317.5,1376.2,-10.058,-2250.5,-1983.2,5.3017e+05,703361,1,-1964.3,-3715.2,-3235.8,785.87,238.03,372.56,383.39,-2107.6,-1466.2,5973.6,303631,413,1778,343,-0.42866,-1.2826,1.7339
-1244.1,2297,1405.6,-2.1175,-2266.1,-1914.2,5.2048e+05,704717,1,-192.7,-3306,-2523.5,1774,438.63,780.48,1484.4,-1938.4,-1072.6,5353.6,297483,413,1776,342,-0.43735,-1.2936,1.7235
-1185.1,2261.2,1413.3,-0.04836,-2254.3,-1852.8,5.2322e+05,706067,1,-1073.3,-3362.5,-2844.2,2111.9,478.2,915.75,2318.8,-1780.4,-750.12,5931.7,303089,413,1776,342,-0.44591,-1.3045,1.7131
-1239,2270.1,1383.8,-0.17136,-2223,-1913.6,5.255e+05,704715,1,-271.36,-3209.4,-2487.4,2292.6,513.36,981.58,2382.9,-1801.7,-736.96,5701.9,300634,413,1776,342,-0.44791,-1.2936,1.7208
-772.83,2194.7,1559.9,-11.885,-2407.9,-1431.3,5.2188e+05,712733,1,-2429.5,-3139.9,-3214.3,1662.1,285.82,689.55,462.75,-2106.6,-1585.8,6048.1,304365,413,1776,342,-0.45612,-1.3581,1.6681
-830.7,2198.2,1521.1,-14.429,-2367,-1494.3,5.2501e+05,711411,1,-2952.8,-3589.5,-3692.7,1553.2,317.5,681.66,393.36,-2076.4,-1564.6,6718,310345,413,1776,342,-0.45831,-1.3475,1.6761
-898.35,2204.4,1487,-13.257,-2328.3,-1567.3,5.3048e+05,710083,1,-3812.5,-3840.5,-4087.5,1378,489.84,766.08,348.19,-1928.8,-1435.8,7390.6,313798,413,1776,342,-0.46048,-1.3368,1.684
-1095.8,2232.1,1422.9,-6.9564,-2257,-1764.5,5.1559e+05,707411,1,-3590.1,-3658.8,-3788.6,1293.5,426.04,672.52,1311.5,-1820.2,-1060.6,7006.7,311764,413,1776,342,-0.45434,-1.3153,1.7026
-968.2,2215.1,1455.8,-12.005,-2293.7,-1643.8,5.323e+05,708749,1,-4320.9,-3992.8,-4303.7,1187.6,526.07,737.81,411.68,-1924.5,-1392,7821.6,316189,413,1776,342,-0.46264,-1.3261,1.6919
-405.16,2094.3,1775.4,-16.686,-2583.7,-1013.3,5.2909e+05,724305,1,-5912,-1105.7,-2700.1,2177.6,236.9,841.6,592.94,-1457,-1159.2,7265.6,313073,413,1790,345,-0.45517,-1.4515,1.5878
-424.07,2096.8,1747.2,-17.828,-2559.3,-1038.7,5.2605e+05,723053,1,-5455.6,-1390.3,-2816.3,2262.4,151.18,786.68,599.94,-1517.4,-1197.3,7034.5,311896,413,1790,345,-0.45762,-1.4414,1.5963
-451.28,2098.8,1720.9,-15.673,-2533.9,-1071.9,5.2734e+05,721791,1,-5375.6,-1550.3,-2913.6,2237.5,208.08,824.08,723.32,-1409.3,-1051,7009.4,311776,413,1790,345,-0.46005,-1.4311,1.6048
-486.23,2103.9,1697.3,-12.029,-2510.8,-1113.5,5.3156e+05,720519,1,-4096.7,-2026.8,-2958.8,2185.7,255.16,852.34,863.16,-1488.7,-1062.3,6269.3,306660,413,1790,345,-0.46246,-1.4209,1.6132
-521.88,2108.4,1669.5,-11.055,-2483.9,-1155.6,5.3146e+05,719239,1,-3665.1,-2199.8,-2961.7,2165,261.2,848.05,1125.9,-1570.8,-1044,6110.9,305000,413,1790,345,-0.46485,-1.4106,1.6215
-563.57,2113.1,1642.1,-8.7014,-2455.8,-1203.5,5.3292e+05,717951,1,-2912.8,-2430.1,-2921.2,2191.6,276.97,866.33,1464.2,-1570.4,-929.76,5833.3,302144,413,1790,345,-0.46723,-1.4002,1.6298
-608.95,2117.8,1614,-6.0735,-2426.2,-1254.8,5.3257e+05,716655,1,-2079.2,-2667.4,-2858.4,2250.5,281.52,883.95,1826.3,-1602.5,-836.72,5669,300350,413,1790,345,-0.46959,-1.3897,1.6381
-674.33,2151,1608,-1.6759,-2432.8,-1322.4,5.2019e+05,715355,1,-692.54,-2237.4,-2061.3,2547.6,472.23,1107.5,2007.3,-1519.7,-704.61,4950.7,293686,413,1774,341,-0.46182,-1.3793,1.6491
-656.44,2122.9,1586.3,-3.1595,-2396.3,-1308.4,5.3381e+05,715353,1,-1504.9,-2666.5,-2670.3,2357.7,342.38,963.04,2082.7,-1607.7,-753.35,5531.6,299213,413,1774,341,-0.47193,-1.3793,1.6462
-713,2160.2,1582.2,-1.7277,-2409.2,-1368.9,5.1721e+05,714047,1,-398.77,-2382.2,-2078.4,2563.5,529.87,1155.9,1920.5,-1600.6,-781.7,5020.3,294348,413,1774,341,-0.46409,-1.3687,1.6572
-756.45,2169.3,1552.8,-3.4336,-2381.8,-1419.9,5.1421e+05,712731,1,-600.17,-2809.8,-2459,2426.7,432.97,1033,1616.7,-1867.1,-1068.9,5356.1,297517,413,1776,342,-0.46635,-1.3581,1.6653
232.94,1857.5,2857.3,-0.46228,-3415.8,21.039,6.0132e+05,42395,1,21.665,-1213.5,-1837.3,1380.1,638.22,1207,1892.3,-794.19,-877.43,3687.6,273741,413,183,338,-0.20836,-1.8276,1.2048
230.97,1842.8,2834.8,-0.4203,-3389,9.357,6.013e+05,42393,1,39.156,-1201.4,-1814.1,1377,633.89,1214,1896.3,-794.97,-856.43,3670,273150,413,183,338,-0.21957,-1.8263,1.2048
226.5,1813.9,2790.5,-0.25284,-3335.9,-14.07,5.9932e+05,42389,1,60.223,-1186,-1783.6,1365.6,627.29,1221.8,1883.3,-798.87,-833.88,3636.3,272212,413,183,338,-0.24197,-1.8235,1.2048
228.8,1828.3,2812.7,-0.35174,-3362.5,-2.3825,6.0072e+05,42391,1,48.351,-1196.7,-1803.7,1368.5,629.23,1215.4,1877.8,-800.45,-852.71,3650.7,272622,413,183,338,-0.23077,-1.8249,1.2048
148.88,1691.8,2503.8,-1,-3018.2,-209.92,5.9249e+05,39587,1,7.9791,-869.86,-1261.8,1153.7,492.89,1076.5,1558.6,-907.03,-832.13,3004.3,247604,413,183,338,-0.38336,-1.7838,1.2272
146.76,1680.3,2484.6,-0.96942,-2995,-219.84,5.9235e+05,39585,1,-4.8763,-867.7,-1261.1,1153,489.31,1080.4,1561,-904.48,-811.95,2998.9,247472,413,115,328,-0.3943,-1.7814,1.2272
144.68,1669,2465.5,-0.88749,-2971.9,-229.6,5.9177e+05,39583,1,-13.311,-870.54,-1266.3,1147.3,492.07,1091.8,1530.8,-891.53,-787.37,2990.1,247238,413,115,328,-0.40522,-1.779,1.2272
142.72,1657.7,2446.7,-0.73077,-2949.2,-239.13,5.9091e+05,39581,1,-27.196,-878.17,-1280.4,1157.8,504.52,1122.6,1536.1,-879.61,-752.68,2994.4,247353,413,115,328,-0.41613,-1.7765,1.2272
140.56,1646.5,2427.8,-0.58044,-2926.3,-248.7,5.9239e+05,39579,1,-9.3521,-891.22,-1291.6,1141.7,523.65,1154,1511.1,-863.63,-722.79,2987.2,247147,413,115,328,-0.42702,-1.7739,1.2272
138.25,1635.6,2409.3,-0.37818,-2903.8,-258.35,5.9635e+05,39577,1,1.1183,-886.04,-1278.8,1142.7,533.76,1176.5,1506.8,-863.13,-710.7,2985.9,247106,413,115,328,-0.4379,-1.7712,1.2272
117.99,1654.8,2397.8,-0.41529,-2902.1,-282.63,5.9206e+05,38195,1,-25.412,-854.9,-1225.3,1123.7,533.96,1155.8,1491,-887.48,-737.11,2944.6,245900,413,115,328,-0.43608,-1.7639,1.2384
98.021,1673.4,2385.3,-0.63193,-2899.2,-306.47,5.8761e+05,36819,1,-38.568,-845,-1199.6,1115.6,531.45,1134,1469.9,-883.3,-728.74,2905.1,243975,413,115,328,-0.43425,-1.7565,1.2495
78.556,1691.9,2373.5,-0.47733,-2897.2,-329.81,5.8878e+05,35449,1,-35.432,-843.49,-1184.1,1106.6,542.87,1133.2,1446.5,-863.79,-704.91,2872.9,242429,413,183,338,-0.4324,-1.749,1.2606
76.646,1681.8,2356,-0.35188,-2875.7,-339.34,5.9273e+05,35447,1,-26.98,-846.15,-1182.8,1083.5,556.28,1151.9,1418.6,-845.95,-674.97,2847.7,241761,413,183,338,-0.44313,-1.7463,1.2606
57.219,1700.9,2345,-0.31655,-2874.7,-362.88,5.9354e+05,34081,1,-41.312,-834.31,-1155,1078,562.3,1144.2,1413.2,-863.42,-687.91,2834.6,241278,413,183,338,-0.44122,-1.7388,1.2717
55.425,1691,2327.6,-0.36321,-2853.3,-372.32,5.9597e+05,34079,1,-39.775,-826.3,-1140.6,1060.9,557.48,1137.4,1386.3,-870.38,-693.37,2806.3,240402,413,183,338,-0.45188,-1.736,1.2717
53.45,1681.3,2310.6,-0.30432,-2832.4,-381.86,5.9577e+05,34077,1,-23.45,-826.1,-1136.2,1042,559.78,1142.7,1362.9,-862.88,-682.57,2783.3,239542,413,183,338,-0.46252,-1.7332,1.2717
51.321,1672,2293.8,-0.25087,-2811.9,-391.5,5.972e+05,34075,1,-13.881,-813.16,-1111.7,1027.2,555.78,1138.5,1345.3,-866.53,-678.47,2752.9,238400,413,183,338,-0.47315,-1.7304,1.2717
33.056,1690.7,2282.3,-0.42756,-2810.1,-414.04,5.9457e+05,32713,1,-45.786,-803.15,-1093.2,1031.9,545.51,1109.3,1336.9,-887.74,-699.86,2738.7,237749,413,183,338,-0.47108,-1.7228,1.2826
14.957,1709,2270.5,-0.5106,-2808.1,-436.32,5.9135e+05,31355,1,-49.071,-791.14,-1066.8,1032.5,536.87,1086.2,1338.3,-899.09,-706.96,2720.3,237133,413,183,338,-0.469,-1.7152,1.2936
-2.5439,1726.9,2258.7,-0.52461,-2806.1,-457.94,5.9003e+05,30003,1,-58.731,-761.78,-1018.3,1039.6,530.24,1066.2,1345.8,-904.66,-702.54,2691.2,236078,413,183,338,-0.46689,-1.7075,1.3045
-19.319,1744.8,2247.1,-0.48551,-2804.5,-478.83,5.8973e+05,28657,1,-73.571,-732.9,-973.33,1051.3,529.22,1055.5,1357.9,-906.91,-692.09,2671.1,235245,413,183,338,-0.46477,-1.6997,1.3153
-20.527,1735.3,2230.2,-0.60642,-2783.5,-487.71,5.9098e+05,28655,1,-70.834,-722.49,-956.96,1049.2,520.17,1048.7,1343.5,-910.41,-689.52,2650.1,234182,413,183,338,-0.47519,-1.6969,1.3153
-36.341,1752.8,2218.7,-0.5857,-2781.8,-507.68,5.9112e+05,27315,1,-79.51,-705.92,-927.48,1056.9,521.62,1041.3,1336.7,-904.44,-675.32,2626.6,233372,413,183,338,-0.47301,-1.6891,1.3261
-37.766,1743.6,2202.4,-0.46982,-2761.4,-516.78,5.9179e+05,27313,1,-64.376,-706.22,-921.66,1033.4,525.42,1043.5,1309.2,-898.33,-667.16,2598.3,232177,413,183,338,-0.48336,-1.6861,1.3261
-53.14,1761.3,2191.3,-0.4601,-2760.2,-536.44,5.9022e+05,25979,1,-76.237,-681.09,-883.65,1030,524.02,1030.6,1300.7,-907.82,-671.16,2571.9,229444,413,183,338,-0.48111,-1.6783,1.3368
-67.768,1778.6,2179.6,-0.62326,-2758.6,-555.26,5.871e+05,24651,1,-113.76,-656.33,-854.83,1037.9,510.6,1002.2,1288.3,-929.5,-695.82,2554.3,228817,413,183,338,-0.47884,-1.6704,1.3475
-82.057,1795.4,2167.4,-0.85048,-2756.6,-573.64,5.8159e+05,23329,1,-188.37,-585.27,-782.76,1059.7,465.09,942.49,1298.2,-986.3,-749.52,2537.3,228012,413,183,338,-0.47656,-1.6624,1.3581
-95.304,1811.2,2154.1,-1.27,-2753.3,-590.74,5.7611e+05,22013,1,-275.4,-537.35,-744.51,1103,418.49,886.97,1320.9,-1037.7,-796.52,2560,229025,413,183,338,-0.47425,-1.6543,1.3687
-107.51,1826,2139.9,-1.722,-2749,-606.54,5.7298e+05,20705,1,-372.91,-454.84,-669.2,1158.4,361.46,826.19,1340.3,-1078.9,-827.4,2567.9,229308,413,1790,345,-0.47193,-1.6462,1.3793
-118.67,1840,2125.3,-2.1074,-2744.2,-621.12,5.7269e+05,19403,1,-429.4,-430.08,-650.56,1182.5,358.68,820.47,1318.3,-1043.6,-783.38,2536.4,227978,413,1790,345,-0.46959,-1.6381,1.3897
-130.16,1854.3,2112.1,-1.8507,-2740.8,-636.12,5.7169e+05,18107,1,-437.56,-461.1,-682.55,1174.2,384.83,839.52,1279.9,-1002,-739.5,2508.1,226627,413,1790,345,-0.46723,-1.6298,1.4002
-142.56,1869.4,2099.4,-1.6493,-2738.1,-652.18,5.7403e+05,16819,1,-429.77,-488.95,-705.16,1157.8,411.47,856.24,1251.3,-996.22,-734.41,2502.3,226274,413,1790,345,-0.46485,-1.6215,1.4106
-155,1884.3,2086.2,-1.7778,-2735,-668.26,5.7582e+05,15539,1,-428.52,-490.63,-697.33,1142.8,411.81,840.68,1226.5,-1011.6,-749.32,2486.4,225315,413,1790,345,-0.46246,-1.6132,1.4209
-167.14,1899,2072.9,-1.782,-2731.9,-683.98,5.7531e+05,14267,1,-442.84,-482.01,-683.46,1170.5,406.5,832.17,1233.7,-1011.6,-739.9,2493.2,225715,413,1790,345,-0.46005,-1.6048,1.4311
-179.3,1913.9,2060.1,-1.7302,-2729.3,-699.77,5.7454e+05,13005,1,-477.29,-479.45,-682.92,1187.9,422.24,844.71,1233.4,-995.47,-712.39,2499.3,226081,413,1790,345,-0.45762,-1.5963,1.4414
-191.6,1929.3,2047.7,-1.7223,-2727.5,-715.83,5.7316e+05,11753,1,-548.55,-456.29,-672.33,1211.6,436.14,858.6,1263.5,-993.55,-690.44,2533.1,227716,413,1790,345,-0.45517,-1.5878,1.4515
-203.84,1945,2035.5,-1.8565,-2726.2,-731.93,5.6879e+05,10509,1,-635.44,-456.18,-689.77,1278.9,431.62,862.41,1287,-1013.7,-696.42,2612,232720,413,1790,345,-0.45271,-1.5792,1.4616
-216.35,1960.4,2022.5,-2.2777,-2724.1,-748.21,5.647e+05,9275,1,-757.5,-415.55,-673.87,1339,349.15,780.79,1289.7,-1116.8,-795.3,2695.9,236253,413,1790,345,-0.45023,-1.5705,1.4717
-228.09,1973.9,2007.1,-3.1047,-2719.2,-763.21,5.5741e+05,8053,1,-945.07,-216.42,-513.04,1367.2,236.02,660.67,1215.3,-1177.3,-872.46,2681.2,235680,413,1790,345,-0.44773,-1.5618,1.4817
-229.57,1982.3,1982.6,-3.6982,-2705.2,-771.1,5.5679e+05,736119,1,-1007.8,-136.22,-441.03,1358.1,214.53,629.79,1184.6,-1139,-826.59,2626.8,233378,413,1790,345,-0.44815,-1.5501,1.4938
-239.86,1988,1960.9,-3.2758,-2689.4,-788.64,5.5584e+05,735025,1,-970.33,-581.63,-885.3,1333.5,334.96,741.78,1200.9,-1155.6,-823.27,2821.3,240907,413,1790,345,-0.45088,-1.5405,1.5029
-250.22,1994.4,1938.6,-3.905,-2673.5,-806.5,5.5556e+05,733901,1,-1368.5,-427.95,-844.19,1477.8,325.41,773.19,1300.4,-1190.7,-813.93,3070.4,249199,413,1790,345,-0.45358,-1.5308,1.512
-276.89,2018,1926.5,-4.7942,-2676.5,-834.55,5.5428e+05,732757,1,-1819.4,-483.17,-1018.7,1521,429.5,876.92,1236.3,-1132.6,-767.09,3353.9,263304,413,1790,345,-0.44693,-1.5211,1.5237
-286.24,2027,1905.8,-6.3982,-2663.9,-852.29,5.5084e+05,731591,1,-2422.7,-470.87,-1176.3,1646.8,493.59,970.49,1158.3,-1081.4,-726.72,3796.3,277392,413,1790,345,-0.44955,-1.5113,1.5326
-293.5,2036.9,1886.5,-8.0136,-2653.3,-868.36,5.4535e+05,730409,1,-3176.8,-527.49,-1441.2,1743.3,553.33,1048.8,1036.6,-1077.1,-745.5,4436.6,288589,413,1790,345,-0.45215,-1.5015,1.5415
-300.2,2046.4,1866.8,-9.9753,-2642.2,-883.91,5.3959e+05,729213,1,-3660.6,-390.81,-1448.6,2067.4,444.29,1035.4,989.57,-1125.3,-790.21,4905.6,293249,413,1790,345,-0.45474,-1.4916,1.5503
-306.85,2054.5,1845.7,-11.906,-2629.3,-899.11,5.3532e+05,728003,1,-4287.3,-487.19,-1713.5,2166.8,369.9,986.33,835.17,-1253.6,-944.05,5524.4,299143,413,1790,345,-0.45731,-1.4817,1.5591
-315.15,2059.7,1821.7,-13.794,-2612,-915.1,5.2966e+05,726781,1,-4214.8,-629.22,-1822.1,2360.7,270.05,946.54,827.82,-1317,-992.72,5606,299834,413,1790,345,-0.45986,-1.4717,1.5677
-327.99,2063.6,1797.2,-14.326,-2592.6,-935.15,5.2825e+05,725547,1,-3500.1,-940.11,-1897,2488.3,210.09,927.84,830.42,-1361.6,-1017.8,5235.4,296248,413,1790,345,-0.46239,-1.4616,1.5764
-346.49,2067.3,1772.5,-13.776,-2571.5,-960.55,5.2871e+05,724303,1,-4018.7,-1150.5,-2224.5,2495.7,216.72,929.32,759.56,-1402.7,-1063,5765,301498,413,1790,345,-0.46491,-1.4515,1.585
-1160.2,2237.7,1391.4,-4.4186,-2219.3,-1834.1,5.0977e+05,706065,1,-3293.7,-3823.6,-3806.8,1323.6,311.73,590.18,1456.8,-1962.3,-1111.6,7026.1,311853,413,1776,342,-0.45641,-1.3045,1.7103
-804.62,2177.4,1520.3,-6.0027,-2350.3,-1475.2,5.1745e+05,711409,1,-863.34,-3109.8,-2739.8,2363.7,456.59,1032.4,1449.8,-1911.1,-1128.1,5640.1,300117,413,1774,341,-0.46859,-1.3475,1.6733
-857.5,2185.8,1486.3,-8.9116,-2316.5,-1534.9,5.2267e+05,710081,1,-1177.9,-3261,-2915.4,2371.5,544.1,1099.8,1302.1,-1928.7,-1164.5,5867.1,302463,413,1774,341,-0.47081,-1.3368,1.6812
-915.53,2196,1453.9,-10.604,-2283.5,-1600.1,5.2808e+05,708747,1,-2192.7,-3716.2,-3527.5,2134,589.82,1062.1,1022.7,-1920.2,-1221.3,6581.4,309542,413,1776,342,-0.47301,-1.3261,1.6891
-1035.3,2223.4,1421.4,-12.385,-2255.6,-1716.9,5.259e+05,707409,1,-4359.2,-3957.2,-4247.1,1113.8,341.39,569.79,597.02,-2109.8,-1466.1,7821.6,316188,413,1776,342,-0.46477,-1.3153,1.6997
-979.75,2205.5,1420.7,-11.192,-2247.3,-1670.9,5.2808e+05,707407,1,-2333.7,-3802.9,-3601.2,2235.3,484.02,1004.7,1104,-2045,-1276.8,6793.2,310770,413,1776,342,-0.47519,-1.3153,1.6969
-371.32,2070.7,1746.8,-12.532,-2548.2,-991.97,5.279e+05,723051,1,-3187.3,-1513.1,-2300,2485.8,205.07,914.97,755.61,-1486.6,-1124.9,5370.6,297670,413,1790,345,-0.4674,-1.4414,1.5935
-402.87,2075.2,1720.3,-11.298,-2523.3,-1030.1,5.2754e+05,721789,1,-2470.4,-1944.3,-2455.2,2378.7,235.29,908.26,882.76,-1536.2,-1112.3,5179.3,295715,413,1790,345,-0.46988,-1.4311,1.6019
-439.49,2079.5,1691.3,-10.68,-2495.3,-1073,5.2742e+05,720517,1,-1714.7,-2275,-2502.8,2345.9,256.48,916.02,1177.7,-1655.7,-1112.5,5114.1,295131,413,1790,345,-0.47235,-1.4209,1.6103
-482.13,2083.8,1662.3,-8.9256,-2465.7,-1121.7,5.3293e+05,719237,1,-1965.5,-2443.3,-2697.3,2264.7,257.48,887.43,1244.6,-1678.4,-1095.9,5353.4,297481,413,1790,345,-0.47479,-1.4106,1.6187
-528.89,2088,1631.4,-7.6911,-2433.6,-1174.2,5.3913e+05,717949,1,-1484,-2824.7,-2861.9,2241.3,251.92,874.11,1434.5,-1776.8,-1108.2,5537.6,299262,413,1790,345,-0.47722,-1.4002,1.6269
-580.91,2092.6,1600.1,-5.9461,-2399.9,-1231.8,5.453e+05,716653,1,-1254.5,-2928.9,-2854.7,2257.6,249.39,874.12,1718.5,-1814.7,-1038.2,5616.8,299918,413,1774,341,-0.47963,-1.3897,1.6352
-703.12,2129.6,1558.8,-1.2118,-2367.6,-1361.6,5.3648e+05,714045,1,-654.02,-2671.5,-2400.2,2589.6,421.81,1089.9,2399,-1646.9,-677.1,5506.7,298984,413,1774,341,-0.47425,-1.3687,1.6543
-634.79,2096.5,1567.4,-4.4805,-2364,-1290.9,5.4586e+05,715351,1,-897.89,-3024.6,-2797.4,2362.4,256.66,906.05,2125.8,-1815.4,-900.23,5733.5,300922,413,1774,341,-0.48202,-1.3793,1.6433
-749.78,2137.3,1530.5,-0.53907,-2338.9,-1415.2,5.2894e+05,712729,1,-182.94,-2829.7,-2364.9,2778.3,420.13,1139.4,2506.9,-1754.7,-714.06,5718.5,300784,413,1774,341,-0.47656,-1.3581,1.6624
263.02,1837.8,2871.3,-0.23886,-3418.8,53.159,6.0262e+05,43789,1,49.516,-1239,-1900.7,1383.4,650.88,1246.1,1910.8,-755.15,-827.74,3734.6,275444,413,183,338,-0.20919,-1.835,1.1935
260.86,1823,2848.7,-0.24717,-3391.9,41.384,6.0236e+05,43787,1,47.806,-1227.1,-1874.2,1381.2,640.81,1236.9,1910.7,-777.04,-841.52,3719.1,274825,413,183,338,-0.22045,-1.8336,1.1935
258.53,1808.5,2826.2,-0.24766,-3365.1,29.609,6.0081e+05,43785,1,81.094,-1215.4,-1850.2,1366,633.87,1238.4,1895,-779.62,-828.95,3687.1,273726,413,183,338,-0.2317,-1.8322,1.1935
163.73,1640.1,2459.5,-1.4152,-2952.9,-214.64,5.9051e+05,40967,1,-86.552,-868.8,-1307,1215.7,422.25,1039.2,1607.6,-991.17,-904.08,3010,247752,413,115,328,-0.41784,-1.7838,1.216
161.94,1628.1,2440,-1.0402,-2929.3,-223.61,5.925e+05,40965,1,-16.838,-906.13,-1330.3,1180.8,480.94,1118.1,1535,-907.35,-786.39,3010,247747,413,115,328,-0.42878,-1.7812,1.216
159.37,1616.2,2420.8,-0.38596,-2905.8,-233.19,5.9761e+05,40963,1,17.227,-916.79,-1334.8,1203,508.71,1178.6,1564,-882.58,-725.7,3010,247750,413,115,328,-0.4397,-1.7785,1.216
135.67,1624.9,2390.7,-0.25726,-2881.4,-268.16,5.9937e+05,39575,1,6.546,-868.69,-1249.7,1127.3,547.2,1200.8,1499.3,-858.62,-689.08,2964.6,246480,413,115,328,-0.44876,-1.7685,1.2272
115.99,1644.2,2379.4,-0.38865,-2879.8,-291.97,5.9517e+05,38193,1,-17.192,-848.33,-1210.8,1107.2,537,1162.6,1455.8,-877.66,-720.33,2908.7,244093,413,115,328,-0.4469,-1.7612,1.2384
96.162,1662.9,2367.1,-0.57743,-2877.2,-315.78,5.9105e+05,36817,1,-24.538,-850.28,-1203.9,1100.8,535.13,1143.7,1443.8,-879.6,-723.1,2891.4,243581,413,115,328,-0.44502,-1.7538,1.2495
93.885,1652.8,2349.6,-0.38777,-2855.7,-325.47,5.9564e+05,36815,1,-5.8609,-852.88,-1198.6,1074.3,551.44,1165.1,1400.9,-853.76,-687.24,2853.7,241906,413,115,328,-0.45577,-1.751,1.2495
74.486,1671.9,2338.8,-0.23876,-2854.7,-349.07,5.9437e+05,35445,1,-19.219,-838.86,-1166,1056.2,564.32,1160.2,1386.1,-846.58,-670.29,2816.2,240769,413,115,328,-0.45383,-1.7436,1.2606
72.237,1662.3,2321.6,-0.27401,-2833.6,-358.8,5.9828e+05,35443,1,-5.4677,-834.14,-1153.7,1036.8,563.84,1161.9,1365.5,-851.43,-670.37,2794.4,240029,413,115,328,-0.46452,-1.7407,1.2606
69.777,1653,2304.7,-0.22459,-2813,-368.67,5.9976e+05,35441,1,4.6919,-833.6,-1147.6,1021.2,566.29,1165.7,1339.6,-848.39,-664.73,2773.1,239171,413,115,328,-0.4752,-1.7379,1.2606
67.276,1643.8,2288.1,-0.10637,-2792.6,-378.51,5.9886e+05,35439,1,5.6525,-832.02,-1143,1027,563.43,1171.4,1352.3,-856.74,-657.69,2781.8,239491,413,115,328,-0.48585,-1.7349,1.2606
48.947,1662.7,2276.8,-0.2933,-2791,-401.25,6.0027e+05,34073,1,9.0061,-808.39,-1094.8,1028.5,547.27,1134.8,1366.4,-881.89,-678.15,2757.1,238537,413,115,328,-0.48376,-1.7274,1.2717
31.065,1681.4,2265.6,-0.34635,-2789.6,-423.5,5.9644e+05,32711,1,-13.877,-801.01,-1080.1,1024.2,545.61,1117.8,1333.8,-881.82,-681.17,2724.9,237298,413,115,328,-0.48164,-1.7199,1.2826
13.023,1699.7,2254,-0.42913,-2787.7,-445.83,5.9098e+05,31353,1,-34.675,-786.3,-1052.9,1023,532.51,1082.7,1323,-905.42,-708.27,2702.3,236463,413,183,338,-0.47951,-1.7123,1.2936
-4.1728,1717.6,2242.1,-0.54337,-2785.5,-467.21,5.8981e+05,30001,1,-46.384,-746.7,-991.5,1031.5,519.71,1056,1331,-916.1,-707.89,2665.3,235058,413,183,338,-0.47736,-1.7046,1.3045
-22.058,1726,2213.7,-0.54976,-2762.8,-496.83,5.9076e+05,28653,1,-44.854,-717.7,-941.7,1021.1,517.22,1044.5,1310.6,-906.69,-683.74,2610,232575,413,183,338,-0.4856,-1.6939,1.3153
-39.22,1734.7,2186.4,-0.43818,-2741.3,-525.89,5.9241e+05,27311,1,-62.659,-688.76,-897.62,1009.3,523.13,1039.7,1286.3,-902.26,-666.32,2563.2,229140,413,183,338,-0.4937,-1.6831,1.3261
-54.254,1752.3,2175.2,-0.50484,-2740,-545.27,5.9093e+05,25977,1,-104.27,-656.63,-860.35,1028.5,515.87,1022.6,1298.5,-916.53,-671.55,2555.2,228847,413,183,338,-0.4914,-1.6753,1.3368
-68.472,1769.5,2163.7,-0.61539,-2738.5,-563.76,5.8609e+05,24649,1,-155.29,-598.22,-796.05,1050.1,483.61,979.34,1303.7,-954.11,-705.68,2533.7,227729,413,183,338,-0.48908,-1.6674,1.3475
-81.694,1785.9,2151.2,-1.0204,-2736.1,-581.07,5.8093e+05,23327,1,-210.02,-546.4,-743.11,1072.7,441.47,924.14,1308.7,-1007.4,-761.56,2530.2,227623,413,183,338,-0.48675,-1.6594,1.3581
-93.967,1801.2,2137.6,-1.4708,-2732.4,-597.14,5.7502e+05,22011,1,-261.87,-491.76,-686.94,1101.1,386.26,857.28,1313.3,-1054.5,-807.16,2523.3,227368,413,183,338,-0.48439,-1.6514,1.3687
-105.33,1815.4,2123.2,-1.8452,-2727.6,-612.04,5.715e+05,20703,1,-313.54,-448.05,-643.56,1131.9,353.92,817.32,1308.4,-1061.5,-807.71,2505.8,226487,413,183,338,-0.48202,-1.6433,1.3793
-115.82,1829.2,2109.1,-1.9522,-2723.2,-625.98,5.7382e+05,19401,1,-341.96,-435.76,-631.04,1145.6,360.42,819.38,1281.4,-1031.4,-773.98,2474.5,224499,413,1790,345,-0.47963,-1.6351,1.3897
-127.2,1844,2096.8,-1.6244,-2720.7,-641.09,5.7832e+05,18105,1,-349.29,-487.4,-685.4,1121.1,414.16,863.4,1230.8,-968.18,-707.04,2440.4,221223,413,1790,345,-0.47722,-1.6269,1.4002
-139.79,1859.6,2084.5,-1.5037,-2718.6,-657.54,5.7955e+05,16817,1,-358.31,-501.54,-695.49,1085.2,437.39,866.94,1186.4,-982.39,-726.5,2425.8,219603,413,1790,345,-0.47479,-1.6187,1.4106
-152.39,1874.7,2071.5,-1.6054,-2715.6,-673.88,5.769e+05,15537,1,-429.47,-483.13,-690.55,1090.3,421.14,839.79,1194.4,-1008.4,-745.76,2442.4,221389,413,1790,345,-0.47235,-1.6103,1.4209
-164.2,1889.3,2058.2,-1.719,-2712.4,-689.32,5.7531e+05,14265,1,-505.17,-427.83,-645.01,1118.8,403.37,818.85,1220.6,-1023.1,-744.43,2455.6,222530,413,1790,345,-0.46988,-1.6019,1.4311
-175.6,1903.9,2045.1,-1.8396,-2709.6,-704.39,5.7463e+05,13003,1,-594.41,-410.74,-645.67,1171.9,409.15,830.62,1255.8,-1016.3,-714.89,2508.1,226626,413,1790,345,-0.4674,-1.5935,1.4414
-186.89,1918.8,2032.3,-2.0066,-2707.3,-719.41,5.7431e+05,11751,1,-630.48,-414.02,-652.62,1218.4,421.52,848.72,1279.2,-1005.1,-686.51,2548.6,228610,413,1790,345,-0.46491,-1.585,1.4515
-198.81,1934.3,2020.4,-1.9148,-2706.1,-735.22,5.727e+05,10507,1,-648.04,-409.28,-646.54,1244.7,406.75,832.72,1288.7,-1037.2,-710.53,2579.8,229709,413,1790,345,-0.46239,-1.5764,1.4616
-210.24,1948.9,2006.6,-2.5223,-2703,-750.28,5.6492e+05,9273,1,-714.74,-387.76,-637.25,1283,350.41,775.69,1294.3,-1102.4,-769.66,2630.7,233526,413,1790,345,-0.45986,-1.5677,1.4717
-221.97,1962.3,1992.2,-2.7393,-2698.6,-765.3,5.6044e+05,8051,1,-772.92,-28.82,-270.27,1297.1,211.04,621.91,1252.4,-1138.2,-811.18,2576.4,229600,413,1790,345,-0.45731,-1.5591,1.4817
-229.48,1974,1952,-3.1897,-2672.8,-784.79,5.5979e+05,735023,1,-1003.7,-455.39,-774.65,1345.5,288,706.84,1259.5,-1191.1,-837.62,2813.2,240692,413,1790,345,-0.46009,-1.5405,1.5001
-220.51,1968.4,1974.1,-3.1217,-2688.8,-768.49,5.6123e+05,736117,1,-945.64,-164,-459.21,1309,216.25,626.44,1210.9,-1165.9,-838.33,2610.2,232581,413,1790,345,-0.45731,-1.5501,1.4911
-236.06,1978.7,1928.6,-4.2492,-2655.7,-798.63,5.5772e+05,733899,1,-1381.5,-224.44,-653.16,1482.8,217.5,676.72,1350.6,-1239.6,-844.19,3027,248153,413,1790,345,-0.46285,-1.5308,1.5091
-257.18,2000.8,1916.5,-5.106,-2658.6,-821.2,5.5485e+05,732755,1,-1797.2,-284.87,-824.39,1635.4,354.49,845.22,1323.2,-1132.6,-735.94,3328.7,262438,413,1790,345,-0.45628,-1.5211,1.5209
-238.73,1982.8,1905.9,-5.2452,-2639.5,-808.6,5.5566e+05,732753,1,-1737.7,-127.81,-661.24,1695.3,235.39,755.67,1356,-1155.5,-742.27,3270.9,259927,413,1790,345,-0.4656,-1.5211,1.5181
-260.87,2007.7,1896.2,-6.1873,-2645.9,-832.97,5.5306e+05,731589,1,-2079.6,-191.41,-813.97,1830.8,360.04,906.48,1312.5,-1069.3,-663.07,3554.3,269677,413,1790,345,-0.45895,-1.5113,1.5298
-263.14,2014.9,1877.1,-7.1034,-2634.6,-843.61,5.4636e+05,730407,1,-2452.7,-228.97,-956.24,2061.4,414.8,1022.1,1244.2,-1043.2,-644.03,3936.9,281269,413,1790,345,-0.4616,-1.5015,1.5387
-266.46,2021.9,1857.8,-7.826,-2622.8,-855.26,5.4181e+05,729211,1,-2317.3,-300.94,-983.62,2237.7,337.57,997.92,1246.9,-1089.5,-673.76,3967.4,282033,413,1790,345,-0.46424,-1.4916,1.5475
-272.62,2027.7,1837.4,-8.0723,-2608.9,-869.4,5.3909e+05,728001,1,-2368.1,-495.21,-1176.8,2361.2,305.4,997.64,1190.3,-1191.1,-775.6,4164,285425,413,1790,345,-0.46686,-1.4817,1.5562
-283.23,2032.4,1815.3,-7.8352,-2592,-887.5,5.3493e+05,726779,1,-1821.9,-793.22,-1287.1,2378.7,235.88,934.49,1135,-1285.7,-865.12,3985.2,282400,413,1790,345,-0.46947,-1.4717,1.5649
-299,2036.3,1791.5,-7.3171,-2572.3,-910.33,5.3087e+05,725545,1,-1496.6,-1076.6,-1444.6,2357.2,204.77,896.77,1125.7,-1362.7,-927.07,3984,282370,413,1790,345,-0.47205,-1.4616,1.5735
-322.04,2039.8,1766.1,-6.254,-2549.5,-940.03,5.3058e+05,724301,1,-1054.5,-1448.2,-1641,2328.3,202.27,883.38,1243.9,-1464.4,-969.25,4095.8,284340,413,1790,345,-0.47462,-1.4515,1.5821
-798.77,2144.7,1500.3,-0.66882,-2307.7,-1470.8,5.2468e+05,711407,1,8.8412,-3003.9,-2421.2,2965.5,401.99,1177.9,2677.5,-1816.9,-694.45,6015.1,304043,413,1774,341,-0.47884,-1.3475,1.6704
-851.44,2152.5,1469.5,-0.76681,-2275.2,-1530,5.1956e+05,710079,1,89.696,-3162.8,-2493.4,3032,493.6,1262.8,2499.7,-1842.3,-749.39,6120.8,305155,413,1774,341,-0.48111,-1.3368,1.6783
-906.37,2161.5,1438.5,-1.2496,-2242.5,-1591.8,5.1599e+05,708745,1,-140.83,-3382.8,-2699,3016.3,571.21,1310.8,2160.2,-1883.4,-862.07,6232.8,306285,413,1774,341,-0.48336,-1.3261,1.6861
-1046.4,2211.3,1383.6,-12.043,-2205.1,-1742.5,5.2231e+05,706061,1,-2997.3,-3909.4,-3827.1,1936.8,219.27,712.45,915.42,-2272.8,-1482.6,7171,312608,413,1776,342,-0.47736,-1.3045,1.7046
-961.96,2171.8,1406.8,-2.898,-2209.8,-1654.6,5.2158e+05,707405,1,-453.72,-3436.5,-2794,3066.7,545.12,1304.6,2260.3,-1936.8,-851.18,6388.3,307919,413,1774,341,-0.4856,-1.3153,1.6939
-352.57,2043.5,1739.3,-4.8409,-2524,-976.93,5.3253e+05,723049,1,-653.21,-1865.6,-1881.1,2355.7,219.29,902.84,1370.4,-1539.8,-982.14,4367.2,287885,413,1790,345,-0.47717,-1.4414,1.5906
-389.53,2047.3,1710.7,-3.512,-2495.9,-1020,5.336e+05,721787,1,-130.77,-2190.1,-1998.3,2328.2,223.71,900.69,1758.9,-1668.9,-963.5,4679.3,290955,413,1774,341,-0.4797,-1.4311,1.599
-430.43,2052.3,1681.7,-2.3854,-2467.1,-1067.1,5.3516e+05,720515,1,-194.59,-2294.1,-2086.9,2420.6,283.63,975.17,1658.8,-1669.1,-978.84,4800.3,292266,413,1774,341,-0.48222,-1.4209,1.6074
-472.64,2057.8,1651.4,-2.3948,-2437.3,-1115.7,5.3747e+05,719235,1,-66.314,-2441.8,-2155,2369.5,292.83,966.95,1807.4,-1736.4,-975.2,4947.7,293665,413,1790,345,-0.48472,-1.4106,1.6157
-517.18,2063.3,1619.9,-2.8417,-2405.8,-1166.5,5.4166e+05,717947,1,-200.58,-2685.9,-2374.4,2301,280.32,932.27,1852.5,-1833.2,-1023.5,5193.7,295859,413,1774,341,-0.48719,-1.4002,1.624
-566.22,2067.7,1586,-3.5103,-2370.7,-1221.2,5.4465e+05,716651,1,-367.48,-2965.6,-2633.6,2270.8,228.5,876.1,1925.4,-1980,-1107.6,5540.5,299288,413,1774,341,-0.48965,-1.3897,1.6322
-620.42,2071.2,1551,-3.3463,-2332.6,-1280.3,5.4561e+05,715349,1,-662.88,-3010.6,-2730.6,2286.2,191.92,847.39,2051.2,-2001.4,-1067.2,5682.7,300475,413,1774,341,-0.49209,-1.3793,1.6403
-688.53,2100.4,1535.3,-2.7103,-2328.2,-1349.8,5.4087e+05,714043,1,-542.13,-3019,-2660.2,2506.2,252.27,944.52,2403.2,-1867,-841.09,5804.3,301836,413,1774,341,-0.48439,-1.3687,1.6514
-740.35,2105.2,1504.1,-1.3071,-2294,-1407.2,5.3968e+05,712727,1,-304.37,-2974.2,-2520.6,2760,314.41,1064,2719.5,-1827.5,-698.07,5946.7,303277,413,1774,341,-0.48675,-1.3581,1.6594
293.76,1817.6,2884.1,-0.30289,-3420.6,85.995,6.0301e+05,45187,1,66.211,-1264,-1958.3,1380.7,649.44,1257.3,1908.8,-742.02,-817.34,3769.4,276562,413,183,338,-0.21002,-1.8422,1.1821
291.23,1802.9,2861.6,-0.30827,-3393.9,73.94,6.0271e+05,45185,1,85.39,-1248.8,-1927.3,1369.3,641.45,1253.1,1900.2,-755.87,-822.01,3741.1,275635,413,183,338,-0.22132,-1.8409,1.1821
181.54,1597,2432,-0.88656,-2907.8,-207.05,5.964e+05,42353,1,106.77,-852.34,-1222.6,1278.1,436.98,1116.9,1705.3,-894.1,-697.88,3010,247751,413,115,328,-0.44148,-1.7857,1.2048
156.56,1605.1,2401.9,-0.0061843,-2882.9,-243.03,5.9174e+05,40961,1,43.036,-910.86,-1317.2,1162.3,552.3,1239.9,1548,-834.03,-645.61,3010,247748,413,115,328,-0.4506,-1.7758,1.216
153.81,1594.3,2382.9,0.003296,-2860.1,-252.76,5.9612e+05,40959,1,36.053,-884.09,-1275.2,1119.6,559.26,1240.3,1525,-833.37,-636.03,2989.7,247230,413,115,328,-0.46149,-1.773,1.216
133.29,1614.2,2372,-0.27515,-2858.8,-277.63,5.9418e+05,39573,1,12.406,-856.98,-1228.2,1121.5,550.89,1214.1,1501.7,-848.54,-656.09,2946.8,245961,413,115,328,-0.4596,-1.7657,1.2272
113.77,1633.7,2361.3,-0.25477,-2857.7,-301.43,5.9468e+05,38191,1,2.3065,-849.31,-1206.8,1106.6,542.74,1180.3,1459.1,-861.01,-685.61,2903.5,243940,413,115,328,-0.4577,-1.7584,1.2384
111.16,1623.4,2343.3,-0.045009,-2835.9,-311.17,5.9194e+05,38189,1,10.492,-849.32,-1200,1078.9,563.38,1206.8,1425.3,-827.73,-634.16,2866.7,242276,413,115,328,-0.46848,-1.7556,1.2384
91.538,1643.1,2332.7,-0.17648,-2835,-335.2,6.0054e+05,36813,1,-5.4784,-846.97,-1185.7,1044.4,567.77,1182,1364.8,-836.72,-661.54,2816.7,240784,413,115,328,-0.46651,-1.7482,1.2495
89.114,1633.6,2315.7,-0.048723,-2814.3,-344.92,6.026e+05,36811,1,3.8065,-847.79,-1182.7,1041.9,574.12,1199.9,1373.3,-833.03,-638.87,2821.5,240913,413,115,328,-0.47723,-1.7453,1.2495
86.539,1624.1,2298.5,-0.0067348,-2793.3,-354.65,6.2293e+05,36809,1,5.7513,-846.79,-1179.8,1046.6,577.55,1216.4,1389.5,-826.42,-608.99,2828.9,241126,413,115,328,-0.48793,-1.7423,1.2495
83.927,1614.7,2281.1,-0.012955,-2772.1,-364.29,6.1557e+05,36807,1,4.5155,-847.09,-1174.7,1043.5,578.2,1218.6,1383.6,-827.84,-598.83,2822.1,240925,413,115,328,-0.49861,-1.7393,1.2495
64.703,1634.7,2271.3,-0.010501,-2772.1,-388.28,6.1322e+05,35437,1,7.9246,-833.11,-1141.6,1030.2,561.01,1176.7,1356.5,-863.2,-651.18,2787,239705,413,115,328,-0.49649,-1.7319,1.2606
46.331,1653.5,2259.6,-0.33815,-2770,-411.11,6.011e+05,34071,1,7.9346,-802.73,-1085.6,1024.4,545.65,1138.2,1348.3,-876.73,-664.94,2737.6,237717,413,115,328,-0.49435,-1.7244,1.2717
28.822,1672.3,2249.2,-0.18545,-2769.2,-433.12,5.985e+05,32709,1,-5.3757,-795.33,-1066.5,1016.5,546.51,1121.7,1317.2,-874.07,-664.29,2701.9,236448,413,115,328,-0.49219,-1.7169,1.2826
10.896,1690.7,2237.5,-0.40125,-2767.3,-455.44,5.9432e+05,31351,1,-12.075,-788.09,-1047,1005.5,533.44,1087.4,1301.1,-909.09,-708.07,2686.2,235859,413,115,328,-0.49001,-1.7093,1.2936
-6.0419,1708.4,2225.5,-0.53639,-2764.9,-476.61,5.9021e+05,29999,1,-24.856,-752.22,-992.16,1013.5,517.7,1055,1316.5,-920.57,-710.8,2654.2,234377,413,183,338,-0.48781,-1.7016,1.3045
-8.0818,1699.5,2209,-0.5579,-2744.4,-486.11,5.9224e+05,29997,1,-6.2453,-738.89,-964.71,987.91,514.58,1047.4,1276.7,-918.51,-708.63,2605.8,232431,413,183,338,-0.49824,-1.6986,1.3045
-23.715,1717,2197.6,-0.47876,-2742.6,-506.03,5.9247e+05,28651,1,-30.438,-710.4,-924.71,996.1,520.25,1044.3,1274.6,-895.98,-671.34,2567.5,229294,413,183,338,-0.49598,-1.6909,1.3153
-25.75,1708.4,2181.8,-0.36126,-2722.9,-515.58,5.9156e+05,28649,1,-21.3,-698.24,-904.53,982.14,517.62,1041.2,1272.3,-902.03,-669.69,2550.2,228674,413,115,328,-0.50635,-1.6878,1.3153
-40.727,1726,2170.5,-0.46646,-2721.3,-534.97,5.9182e+05,27309,1,-80.724,-647.87,-851.56,1014.3,499.98,1020.2,1301.4,-929.53,-680.88,2548,228585,413,115,328,-0.50402,-1.6801,1.3261
-55.046,1743.3,2159,-0.63598,-2719.7,-553.65,5.8995e+05,25975,1,-125.83,-628.69,-833.98,1040.2,498.37,1012.8,1312.2,-932.22,-675.63,2551.5,228715,413,183,338,-0.50167,-1.6722,1.3368
-68.615,1760.2,2147.3,-0.79544,-2718,-571.5,5.8609e+05,24647,1,-163.63,-564.19,-757.7,1067.2,457.01,961.29,1316.8,-968.07,-705.56,2521.9,227307,413,183,338,-0.4993,-1.6644,1.3475
-81.044,1776.2,2134.7,-1.1505,-2715.3,-588.01,5.8102e+05,23325,1,-202,-516.49,-703.3,1083.5,413.42,899.56,1300.4,-1020.1,-768.34,2505.7,226472,413,183,338,-0.49692,-1.6564,1.3581
-92.62,1791,2121,-1.5363,-2711.3,-603.36,5.7471e+05,22009,1,-240.27,-465.98,-648.02,1099.5,361.9,833.22,1292.9,-1061.4,-811.14,2487,225365,413,183,338,-0.49452,-1.6484,1.3687
-103.39,1804.9,2106.8,-1.8011,-2706.5,-617.66,5.7416e+05,20701,1,-264.87,-450.6,-630.83,1093.3,361.23,820.69,1259.7,-1030.8,-776.84,2433.8,220649,413,183,338,-0.49209,-1.6403,1.3793
-114.37,1819.2,2093.9,-1.4456,-2703.2,-632.29,5.7706e+05,19399,1,-258.02,-483.79,-658.15,1068.9,407.23,853.22,1202.3,-966.53,-712.04,2378.4,185286,413,1790,345,-0.48965,-1.6322,1.3897
-126.47,1834.6,2082.3,-1.0075,-2701.4,-648.32,5.7932e+05,18103,1,-258.62,-508.97,-678.99,1043.7,453.12,886.75,1173.9,-948.25,-689.77,2372.4,184553,413,1790,345,-0.48719,-1.624,1.4002
-138.45,1850.4,2070.2,-1.1452,-2699.5,-664.31,5.7934e+05,16815,1,-314.36,-472.4,-649.48,1054.6,442.42,869.32,1182.6,-989.79,-727.06,2390.4,187157,413,1790,345,-0.48471,-1.6157,1.4106
-149.31,1865.2,2056.7,-1.7281,-2696.4,-678.98,5.7629e+05,15535,1,-504.25,-366.02,-585.59,1109.3,384.34,811.51,1220.4,-1045.1,-767.94,2437.1,220932,413,1790,345,-0.48222,-1.6074,1.4209
-159.57,1879.4,2043,-2.1577,-2692.8,-692.87,5.7355e+05,14263,1,-712.04,-318.44,-594.47,1181,360.91,799,1254.1,-1047.5,-748.1,2520.9,227257,413,1790,345,-0.4797,-1.599,1.4311
-170.29,1893.6,2029.8,-2.2664,-2689.7,-707.22,5.7246e+05,13001,1,-700.12,-358.33,-627.77,1182.6,380.23,811.45,1246.3,-1027.8,-723.71,2519.5,227193,413,1790,345,-0.47717,-1.5906,1.4414
-181.88,1908.3,2017.2,-2.1006,-2687.3,-722.54,5.7208e+05,11749,1,-710.41,-385.44,-653.45,1216.1,390.39,824.45,1254,-1021.3,-702.99,2549.7,228659,413,1790,345,-0.47462,-1.5821,1.4515
-193.62,1923.2,2004.7,-2.142,-2685.2,-738.09,5.6955e+05,10505,1,-694.91,-371.33,-623.65,1257.8,376.17,810.08,1277.2,-1049.8,-717.61,2576.4,229597,413,1790,345,-0.47205,-1.5735,1.4616
-204.32,1937.4,1991.2,-2.4728,-2682.2,-752.41,5.6853e+05,9271,1,-731.64,-354.16,-609.89,1273.6,325.53,752.55,1249.7,-1105.4,-776.58,2591.1,230110,413,1790,345,-0.46947,-1.5649,1.4717
-215.78,1950.5,1976.5,-2.8354,-2677.5,-767.16,5.6651e+05,8049,1,-896.98,46.849,-237.27,1316.2,207.03,634.63,1244.8,-1112.2,-777.65,2576.4,229599,413,1790,345,-0.46686,-1.5562,1.4817
-210.83,1955,1965.5,-3.1769,-2672.9,-765.24,5.6322e+05,736115,1,-883.73,128.68,-140.71,1298.2,161.48,574.06,1232,-1148.5,-810.68,2576.4,229601,413,1790,345,-0.46645,-1.5501,1.4882
-217.19,1959.6,1942.5,-3.8522,-2655.9,-778.84,5.5893e+05,735021,1,-1202.5,-232.5,-616.78,1428.2,194.13,647.79,1323.3,-1252.1,-873.24,2908.4,244086,413,1790,345,-0.46929,-1.5405,1.4973
-219.78,1962.5,1918.1,-5.12,-2637.7,-788.37,5.5807e+05,733897,1,-1653.4,-83.004,-601.56,1624.3,151.7,662.02,1389.2,-1244.5,-828.8,3219.9,258306,413,1790,345,-0.4721,-1.5308,1.5063
-219.78,1964.8,1895.4,-5.6376,-2620.8,-795.35,5.5642e+05,732751,1,-1744.2,-31.532,-579,1703.8,135.74,671.39,1329.5,-1158.8,-747.79,3228,258552,413,1790,345,-0.4749,-1.5211,1.5152
-239.46,1986.9,1884.9,-5.6692,-2625.1,-816.83,5.5432e+05,731587,1,-1896.1,-96.523,-676.15,1862.5,257.79,825.88,1336.3,-1067,-646.76,3409.1,265011,413,1790,345,-0.46833,-1.5113,1.527
-221.45,1968,1874.9,-5.0119,-2605.9,-804.26,5.5629e+05,731585,1,-1515.8,-200.51,-672.86,1707.3,229.03,761.76,1263.7,-1070.9,-666.2,3086.4,249607,413,1790,345,-0.47769,-1.5113,1.5241
-242.3,1992.3,1866.2,-5.0741,-2612.7,-827.54,5.5292e+05,730405,1,-1770.2,-198.82,-736.77,1925.4,311.3,895.03,1330.4,-1026.9,-598.08,3391.6,264494,413,1790,345,-0.47104,-1.5015,1.5358
-246.8,1998.2,1847.3,-4.7137,-2600.1,-840.08,5.4957e+05,729209,1,-1511.9,-342.57,-793.58,2003.4,315.3,919.13,1338.2,-1067.1,-621.87,3362.5,263574,413,1790,345,-0.47373,-1.4916,1.5446
-255.29,2003.5,1826.7,-4.2941,-2585.1,-856.3,5.4356e+05,727999,1,-1003,-647.35,-923.58,1951.5,301.11,886.22,1335.1,-1156.2,-693.59,3250,259240,413,1790,345,-0.4764,-1.4817,1.5533
-270.08,2008.3,1804.6,-3.3806,-2567.3,-878.44,5.4115e+05,726777,1,-686.62,-941.56,-1095,1912.7,266.33,836.42,1365,-1270.5,-778.09,3327,262381,413,1790,345,-0.47906,-1.4717,1.562
-290.73,2012.9,1780.9,-2.3266,-2546.9,-906.17,5.421e+05,725543,1,-349.66,-1247.2,-1265,1901.6,224.77,790.35,1448.7,-1406.8,-863.64,3520.4,268646,413,1790,345,-0.4817,-1.4616,1.5706
-316.61,2017.1,1754.4,-1.8194,-2523,-938.76,5.4346e+05,724299,1,-79.752,-1602.6,-1496.5,1841.7,211.21,758.28,1573.6,-1546,-937.73,3817.2,278225,413,1790,345,-0.48432,-1.4515,1.5791
-348.28,2020.5,1725.3,-1.5987,-2495.3,-976.63,5.4705e+05,723047,1,-75.262,-1880.1,-1729.6,1928.9,159.3,735.63,1789.6,-1686.9,-982.11,4222.8,286242,413,1774,341,-0.48692,-1.4414,1.5876
-1112.9,2212,1342.4,-13.257,-2156.1,-1812.4,5.1442e+05,704709,1,-2900.6,-3986.4,-3825.9,1911.6,28.209,560.28,956.17,-2465.7,-1595.9,7242.4,312957,413,1776,342,-0.47951,-1.2936,1.7123
-1182.1,2209.8,1299.5,-13.612,-2102.7,-1883.5,5.0882e+05,703351,1,-3023.8,-4312.1,-4063.1,1785.6,-64.397,453.83,1035.6,-2476.4,-1558.2,7568.2,314932,413,1776,342,-0.48164,-1.2826,1.7199
-791.56,2110.2,1472.1,-0.83418,-2259,-1464,5.3811e+05,711405,1,-376.06,-3059.1,-2584.1,2881.6,258.67,1057.1,2842.1,-1926.6,-720.92,6162.3,305558,413,1774,341,-0.48908,-1.3475,1.6674
-844.72,2115.9,1440,-0.49545,-2223.8,-1522.9,5.3553e+05,710077,1,-168.62,-3150.1,-2566.4,3082.8,422.64,1239.3,2987.2,-1827.8,-586.16,6353.2,307449,413,1774,341,-0.4914,-1.3368,1.6753
-899.13,2124.3,1409.8,-0.065768,-2190.9,-1583.8,5.2945e+05,708743,1,-97.139,-3291.1,-2621.8,3218.3,493.7,1332.8,3016.9,-1830.1,-556.65,6546.2,309306,413,1774,341,-0.4937,-1.3261,1.6831
-1019.1,2181.6,1373.6,-5.1113,-2175.1,-1718.6,5.2319e+05,706059,1,-926.91,-3586.3,-3005.4,2837.3,399.23,1120.8,1863,-2141.7,-1101.5,6441.2,308438,413,1776,342,-0.48781,-1.3045,1.7016
-954.85,2133.2,1379.3,-0.015448,-2157.6,-1646.1,5.233e+05,707403,1,-6.149,-3349.4,-2607.2,3327.9,539.41,1395.8,3001.2,-1825.9,-539.31,6630.3,309865,413,1774,341,-0.49598,-1.3153,1.6909
-1011.9,2142.5,1348.4,-0.092813,-2123.4,-1709.8,5.1352e+05,706057,1,8.1334,-3416.9,-2627.4,3364.8,541.52,1403.8,2952.4,-1902,-596.8,6697.4,310238,413,1774,341,-0.49824,-1.3045,1.6986
-385.68,2023,1693.7,-1.4965,-2463.8,-1019.6,5.4939e+05,721785,1,-315.75,-2145.8,-2020.3,2032.4,156.52,764.32,2039.9,-1783.9,-970.88,4670.2,290830,413,1774,341,-0.48951,-1.4311,1.596
-425.99,2026.6,1662.5,-1.1995,-2432.4,-1065.7,5.4581e+05,720513,1,-197.3,-2329.7,-2124.2,2203.7,251.94,895.84,2152.1,-1727.3,-871.66,4906.7,293257,413,1774,341,-0.49207,-1.4209,1.6044
-467.71,2031.2,1631.8,-1.0275,-2401.5,-1113.5,5.4119e+05,719233,1,-540.91,-2392,-2259.6,2202.5,281.38,920.84,2165.3,-1754.2,-870.33,5041.9,294552,413,1774,341,-0.49462,-1.4106,1.6127
-511.29,2036.8,1601.1,-1.0862,-2370.7,-1163.3,5.3453e+05,717945,1,-1181.9,-2447.9,-2481.5,2173,296.37,924.64,2116.2,-1806.5,-909.37,5270.7,296587,413,1774,341,-0.49715,-1.4002,1.621
-557.73,2041.8,1568.2,-1.863,-2337,-1215.6,5.266e+05,716649,1,-1409.9,-2645.5,-2691,2248.5,230.9,885.23,2089.6,-1970.3,-1039,5607.9,299858,413,1774,341,-0.49966,-1.3897,1.6291
-605.86,2045.7,1533,-3.384,-2300.3,-1269.2,5.1833e+05,715347,1,-2386.2,-2665.6,-2983.7,2265.8,181.87,848.33,2078.8,-2063.7,-1100.9,6114,305018,413,1774,341,-0.50215,-1.3793,1.6373
-674.82,2073.9,1515.5,-3.1363,-2293.3,-1339.4,5.3872e+05,714041,1,-1033.1,-3085.7,-2874.1,2336,147.61,823.33,2216.8,-2043.1,-1031.7,5929.5,303067,413,1774,341,-0.49452,-1.3687,1.6484
-650.19,2048.1,1496.7,-5.7561,-2262.5,-1318.5,5.1121e+05,714039,1,-4092.4,-2210.4,-3102.4,2427.5,83.102,814.05,2035,-2047.6,-1079.9,6879,311176,413,1774,341,-0.50462,-1.3687,1.6453
-726.84,2076.3,1480.5,-2.9044,-2254.4,-1396,5.2994e+05,712725,1,-1714.8,-2797.5,-2812,2472.3,163.32,875.21,2369.9,-1984.9,-917.21,5998,303879,413,1774,341,-0.49692,-1.3581,1.6564
325.69,1797.6,2897.5,-0.43524,-3423.2,119.98,6.035e+05,46589,1,100.41,-1313.4,-2055.2,1377.3,630.89,1242.4,1908.7,-772.7,-877.77,3848.1,279011,413,183,338,-0.21084,-1.8494,1.1707
199.86,1580.9,2444.7,-2.4062,-2912.3,-185.41,6.0314e+05,43747,1,228.42,-679.84,-935.15,1300.3,250.32,856.14,1823.8,-1179.2,-1099,3010,247756,413,115,328,-0.44325,-1.7929,1.1935
193.91,1567.5,2421.4,-1.9532,-2884.3,-197.59,6.0668e+05,43745,1,333.6,-627.41,-812.98,1158.3,283.12,863.89,1639.5,-1085.5,-1007.1,2866.1,242265,413,115,328,-0.45424,-1.7901,1.1935
178.08,1584.6,2411.7,-0.141,-2883,-217.12,5.9668e+05,42351,1,105.85,-809.93,-1157.7,1178.8,487.69,1163.3,1598.1,-814.08,-604.91,2927.6,245348,413,115,328,-0.45243,-1.783,1.2048
174.72,1573.9,2392.5,-0.17062,-2860.1,-227.37,6.0484e+05,42349,1,141.03,-779.58,-1096.8,1088.8,501.38,1157.3,1525.3,-811.97,-615.86,2823.5,240957,413,115,328,-0.46336,-1.7802,1.2048
171.05,1563.7,2373.5,-0.37888,-2837.5,-237.91,6.0778e+05,42347,1,133.88,-749.21,-1050.3,1059,494.15,1143.4,1480.6,-831.04,-644.03,2766.5,238961,413,115,328,-0.47428,-1.7773,1.2048
150.89,1583.7,2364,0.0025196,-2837.3,-262.54,5.9463e+05,40957,1,26.086,-865.55,-1248.4,1110,550.97,1230.6,1500.3,-837.23,-636.5,2952.2,246095,413,115,328,-0.47236,-1.7701,1.216
130.74,1603.6,2353.2,-0.24073,-2836.1,-287.13,6.0603e+05,39571,1,15.877,-855.83,-1224.8,1101.4,556.68,1224.2,1471.6,-834.58,-634.41,2918.7,244986,413,115,328,-0.47043,-1.7629,1.2272
128.05,1593.6,2335.3,-0.11914,-2814.5,-296.79,6.1131e+05,39569,1,14.953,-849.62,-1210,1063.3,569.49,1230.9,1414,-811.21,-607.71,2860.6,242132,413,115,328,-0.48124,-1.76,1.2272
108.55,1613.6,2325.6,-0.0084761,-2814.4,-320.89,5.955e+05,38187,1,11.776,-845.74,-1192.4,1059.1,576.95,1226.4,1413.5,-810.36,-599.85,2847.9,241765,413,115,328,-0.47924,-1.7527,1.2384
105.94,1604.1,2308.2,-0.0057126,-2793.3,-330.55,6.2605e+05,38185,1,9.7995,-843.99,-1189.8,1048.6,577.61,1231.6,1396.6,-810.24,-593.69,2835.1,241293,413,115,328,-0.48999,-1.7497,1.2384
103.29,1594.6,2290.7,-0.003425,-2772.2,-340.13,6.2116e+05,38183,1,7.5533,-843.93,-1185.9,1046.7,575.51,1234.3,1395.4,-818.27,-588.31,2834,241264,413,115,328,-0.50071,-1.7466,1.2384
81.253,1605.3,2263.7,-0.0030055,-2751,-373.87,6.2691e+05,36805,1,5.435,-847.39,-1177,1047.9,575.26,1227.3,1392.7,-829.67,-587.33,2830.4,241165,413,115,328,-0.50927,-1.7362,1.2495
62.031,1625.4,2254,-0.009516,-2750.9,-397.96,6.0141e+05,35435,1,-9.6337,-820.63,-1129.6,1046.1,554.35,1181.3,1384.4,-872.69,-639.55,2798.9,240185,413,115,328,-0.5071,-1.7288,1.2606
43.839,1644.3,2242.7,-0.31437,-2749.2,-420.74,5.9845e+05,34069,1,-32.866,-786.57,-1078.1,1037.8,541.89,1145.6,1361,-876.47,-646.21,2739.2,237776,413,115,328,-0.50492,-1.7214,1.2717
26.375,1663.3,2232.6,-0.1005,-2748.7,-442.84,5.9244e+05,32707,1,-14.185,-795.88,-1069,1020.3,551.34,1136.6,1331.5,-867.22,-636.69,2709.9,236764,413,115,328,-0.50271,-1.7138,1.2826
8.5201,1682,2221.4,-0.2776,-2747.2,-465.24,5.9682e+05,31349,1,-3.2224,-781.75,-1032.7,986.6,534.31,1086.7,1267.6,-907.51,-706.42,2654.6,234390,413,115,328,-0.50049,-1.7063,1.2936
6.1624,1673.3,2205.4,-0.11648,-2727.3,-474.93,5.9057e+05,31347,1,-3.3426,-788.22,-1040.4,996.87,541.86,1108,1291.5,-899.58,-675.43,2674.3,235411,413,115,328,-0.51095,-1.7032,1.2936
-10.606,1691,2193,-0.46629,-2724.5,-496.06,5.9487e+05,29995,1,1.5567,-728.04,-945.81,969.59,514.9,1048.5,1260.1,-919.74,-702.24,2579.9,229717,413,115,328,-0.50866,-1.6955,1.3045
-27.525,1699.9,2165.7,-0.51275,-2702.8,-524.76,5.931e+05,28647,1,-57.645,-655.63,-861.89,1004.1,488.78,1019.2,1303.8,-936.48,-687.44,2551.8,228723,413,115,328,-0.51669,-1.6847,1.3153
-41.722,1717,2153.9,-0.68105,-2700.7,-543.33,5.9157e+05,27307,1,-97.741,-620.23,-822.37,1040.2,474.45,1003.5,1327.3,-951.9,-688.98,2551.8,228722,413,115,328,-0.51432,-1.6769,1.3261
-55.343,1733.9,2142.3,-0.80651,-2698.9,-561.31,5.9056e+05,25973,1,-120.66,-601.22,-796.88,1056.2,472.94,994.99,1313.8,-941.6,-672.62,2530.9,227644,413,115,328,-0.51192,-1.6691,1.3368
-68.558,1750.6,2130.8,-0.87126,-2697.1,-578.85,5.8792e+05,24645,1,-141.84,-552.24,-733.62,1057.5,446.34,949.69,1286.2,-965.55,-701.96,2482.3,225089,413,183,338,-0.50951,-1.6613,1.3475
-80.96,1766.5,2118.6,-1.0151,-2694.6,-595.38,5.8058e+05,23323,1,-167.65,-514.76,-690.38,1062.7,413.32,900.54,1281.1,-1007.1,-749.68,2469.5,223870,413,183,338,-0.50707,-1.6533,1.3581
-91.934,1781.2,2105,-1.3913,-2690.6,-610.16,5.7465e+05,22007,1,-213.32,-448.48,-617.88,1060.6,368.32,833.77,1244.2,-1035.4,-786.03,2412.9,190902,413,183,338,-0.50462,-1.6453,1.3687
-102.19,1795.2,2091.4,-1.5115,-2686.5,-624.09,5.7652e+05,20699,1,-246.09,-450.09,-623.65,1052.6,383.24,837.85,1198.5,-987.69,-736.55,2358.7,183026,413,183,338,-0.50215,-1.6373,1.3793
-113.55,1810.2,2079.5,-1.0983,-2684.2,-639.34,5.8077e+05,19397,1,-248.47,-489.83,-664.79,1030.8,430.21,876.53,1177.6,-943.32,-684,2346.1,171409,413,1790,345,-0.49966,-1.6291,1.3897
-125.75,1826.1,2067.9,-0.92596,-2682.7,-655.67,5.8141e+05,18101,1,-337.57,-435.8,-625.75,1041.1,435.02,874.76,1201.7,-977.08,-703.94,2372.4,184552,413,1790,345,-0.49715,-1.621,1.4002
-136.36,1841.3,2055.2,-1.3956,-2680.2,-670.27,5.7742e+05,16813,1,-474.08,-331.29,-545.3,1110.3,379.02,821.98,1250,-1045.1,-756.25,2431.1,220243,413,1790,345,-0.49462,-1.6127,1.4106
-144.39,1855,2041.1,-2.2913,-2676.4,-681.97,5.755e+05,15533,1,-620.53,-214.45,-457.23,1187.4,314.65,766.76,1278.1,-1091.8,-790.22,2487.4,225392,413,1790,345,-0.49207,-1.6044,1.4209
-152.53,1868.4,2027.3,-2.7671,-2672.6,-693.68,5.7437e+05,14261,1,-701,-261.72,-532.32,1216.7,324.93,780.11,1256.7,-1048.6,-741.4,2503.2,226342,413,1790,345,-0.48951,-1.596,1.4311
-163.44,1882.8,2014.7,-2.5432,-2670,-708.32,5.7407e+05,12999,1,-756.17,-347.96,-638.4,1235.8,360.4,814.4,1235.9,-1023.6,-710.1,2549.5,228649,413,1790,345,-0.48692,-1.5876,1.4414
-175.77,1897.5,2002.1,-2.3944,-2667.4,-724.43,5.697e+05,11747,1,-770.26,-382.25,-673.02,1235.7,375.46,820.82,1236.8,-1027,-704.68,2572,229446,413,1790,345,-0.48432,-1.5791,1.4515
-187.61,1912.2,1989.4,-2.3692,-2664.9,-740.07,5.6903e+05,10503,1,-794.72,-333.8,-622.23,1257.4,359.14,802.11,1260,-1050.7,-715.21,2585.9,229911,413,1790,345,-0.4817,-1.5706,1.4616
-198.23,1926.3,1976.3,-2.4785,-2662,-754.35,5.6509e+05,9269,1,-905.57,-103.53,-405.81,1297.4,259.51,697.86,1241,-1093.1,-755.56,2576.4,229598,413,1790,345,-0.47906,-1.562,1.4717
-201.16,1941.1,1956.7,-3.1122,-2656.5,-761.67,5.632e+05,736113,1,-1121.8,64.247,-290.89,1417.9,145.08,605.58,1288.6,-1201.6,-839.5,2748.5,238251,413,1790,345,-0.47557,-1.5501,1.4853
-204.4,1944.3,1932.5,-4.3072,-2638.4,-771.93,5.5804e+05,735019,1,-1247.5,-46.167,-447.8,1532.9,110.58,605.34,1410.7,-1297.4,-885.45,2990.8,247256,413,1790,345,-0.47846,-1.5405,1.4944
-202.92,1945.3,1907.7,-5.6365,-2619.3,-777.08,5.5815e+05,733895,1,-1482.3,28.654,-444.94,1645.8,81.255,609.62,1347.6,-1233.5,-825.02,3082.4,249475,413,1790,345,-0.48134,-1.5308,1.5033
-202.45,1946.9,1885.7,-5.3372,-2602.6,-783.44,5.5958e+05,732749,1,-1389.4,-143.33,-587.43,1627.1,161.82,682.86,1198.8,-1107.1,-727.89,2937.4,245662,413,1790,345,-0.48419,-1.5211,1.5123
-206.6,1950.4,1865.7,-4.1901,-2587.6,-794.87,5.6132e+05,731583,1,-1154.6,-342.59,-708.68,1552.2,235.03,729.93,1150.1,-1066.2,-691.35,2808.5,240544,413,1790,345,-0.48703,-1.5113,1.5211
-226.53,1972.6,1855.4,-4.0584,-2591.9,-816.93,5.5478e+05,730403,1,-1184.3,-341.38,-703.52,1730.5,282.97,817.4,1287.6,-1046.4,-621.1,2982.5,247023,413,1790,345,-0.48045,-1.5015,1.5329
-215.15,1955.6,1846.1,-3.0028,-2573.1,-811.08,5.6468e+05,730401,1,-852.02,-521.65,-783.95,1449.2,315.2,772.83,1164.3,-1062.1,-669.71,2709.5,236750,413,1774,341,-0.48985,-1.5015,1.5299
-234.96,1978.1,1836.1,-2.9228,-2577.9,-833.14,5.5528e+05,729207,1,-712.21,-612.3,-814.77,1607.7,330.05,823.09,1278.3,-1081.1,-644.05,2852.1,241869,413,1790,345,-0.4832,-1.4916,1.5417
-248.1,1984.3,1816.2,-1.7717,-2562.8,-854.11,5.5451e+05,727997,1,-405.24,-820.62,-910.47,1542.3,341.82,809.39,1292,-1151.5,-695.3,2880.2,242715,413,1790,345,-0.48593,-1.4817,1.5504
-264.92,1990.6,1794.1,-1.4206,-2545.4,-878.68,5.5765e+05,726775,1,-316.06,-978.76,-1024.3,1476.8,321.76,766.76,1320,-1264.4,-782.05,2988.7,247208,413,1774,341,-0.48864,-1.4717,1.559
-285.93,1996,1769.4,-1.4944,-2524.7,-907.03,5.5644e+05,725541,1,-504.85,-1177.1,-1257.6,1397.4,252.75,674.35,1382.8,-1441.3,-910.74,3242.3,259034,413,1774,341,-0.49133,-1.4616,1.5676
-311.6,1999.6,1741.2,-1.8628,-2499,-939.21,5.5255e+05,724297,1,-827.99,-1472.3,-1616.1,1491.6,159.16,612.95,1557.9,-1631.8,-1013.7,3769.4,276564,413,1774,341,-0.494,-1.4515,1.5761
-341.62,2001.9,1710.6,-2.3559,-2469.7,-975.14,5.4329e+05,723045,1,-1361.4,-1762.9,-2033.8,1573.9,91.179,575.95,1685.3,-1795.1,-1104.7,4381.5,288013,413,1774,341,-0.49666,-1.4414,1.5846
-374.65,2002.8,1677.1,-3.4856,-2436.6,-1013.5,5.3534e+05,721783,1,-2705,-1626.4,-2318.4,1611.6,84.7,581.36,1622.2,-1815.9,-1125,5047.2,294594,413,1774,341,-0.49929,-1.4311,1.593
-1080,2187,1336.1,-7.2825,-2132.9,-1784.7,5.2185e+05,704707,1,-1307,-3963.3,-3364.5,2513.1,100.6,797.22,1519.5,-2429,-1398.3,6772.1,310646,413,1776,342,-0.49001,-1.2936,1.7093
-1149.7,2187,1293.9,-8.0997,-2081,-1856.9,5.2064e+05,703349,1,-1235.5,-4161.6,-3465.4,2447.5,56.075,746.79,1603.8,-2498.8,-1406.8,6942.6,311446,413,1776,342,-0.49219,-1.2826,1.7169
-1223.3,2186.3,1251.2,-8.135,-2026.8,-1932.3,5.1882e+05,701987,1,-1763.2,-4382.4,-3735.7,2255.4,39.861,676.51,1574.6,-2444.7,-1350.8,7217.8,312855,413,1776,342,-0.49435,-1.2717,1.7244
-777.29,2078.5,1445.8,-2.9304,-2215.6,-1451,5.2062e+05,711403,1,-2254.4,-3060.3,-3159,2599.9,146.01,897.36,2482.1,-2027.3,-897.85,6564.3,309433,413,1774,341,-0.49931,-1.3475,1.6644
-831.43,2081.3,1411.3,-2.3578,-2176.2,-1509.7,5.1563e+05,710075,1,-2693.7,-3104.5,-3296.7,2738.1,264.27,1031.3,2598.5,-1949.8,-780.75,6896.1,311258,413,1774,341,-0.50167,-1.3368,1.6722
-888.6,2086.8,1379.2,-1.0134,-2139,-1572,5.1223e+05,708741,1,-3305.7,-3443.3,-3716.8,2896.6,363.73,1156.6,2714.5,-1897.5,-681.01,7608.7,315127,413,1774,341,-0.50402,-1.3261,1.6801
-945.97,2094.2,1347.8,-0.29226,-2103.2,-1635.2,5.0925e+05,707401,1,-1768,-3383.6,-3171.8,3153.7,489.1,1322.7,2962.7,-1852.2,-558.34,7006.4,311763,413,1774,341,-0.50635,-1.3153,1.6878
-1069.6,2151.4,1315.8,-1.1608,-2087.5,-1773.8,5.0912e+05,704705,1,-195.16,-3592.8,-2780.2,3208.6,386.11,1235.1,2651.7,-2136.7,-840.07,6704.3,310280,413,1774,341,-0.50049,-1.2936,1.7063
-1003.3,2102.5,1316.4,-0.099435,-2067.6,-1698.5,5.0367e+05,706055,1,-2272.7,-3628.3,-3478.8,3180.5,466.49,1313.5,2925.8,-1921.4,-598.64,7423,313949,413,1774,341,-0.50866,-1.3045,1.6955
-409.81,2004.5,1644.4,-4.1945,-2403.9,-1054,5.2885e+05,720511,1,-2665.5,-2135.7,-2734.3,1781.3,179.57,714.42,1765.4,-1782.2,-1031.2,5496.8,298890,413,1774,341,-0.50191,-1.4209,1.6014
-447.08,2008.3,1613.5,-4.5519,-2373.3,-1097.3,5.2303e+05,719231,1,-4808.8,-2025.2,-3291.6,1528.5,294.57,736.1,1300.8,-1688.7,-1072.6,6835.2,310958,413,1774,341,-0.50451,-1.4106,1.6096
-486.28,2013.3,1582.9,-5.1796,-2343,-1142.8,5.1308e+05,717943,1,-5941.4,-2019.1,-3623.9,1536.5,209.97,662.94,1194.5,-1846.6,-1223.3,7854.2,316392,413,1774,341,-0.50708,-1.4002,1.6179
-524.03,2018.1,1550.9,-7.1751,-2311.7,-1186.8,5.0719e+05,716647,1,-6166.4,-1905.9,-3576.8,2039.5,86.971,714.28,1561.8,-1984.3,-1207.5,8183.1,318161,413,1774,341,-0.50964,-1.3897,1.626
-554.09,2020.5,1516,-11.638,-2278.6,-1222.8,5.0367e+05,715345,1,-6520.7,-1837.5,-3597.6,2438.2,89.942,838.32,1813.5,-2047,-1161.6,8621.1,319864,413,1774,341,-0.51219,-1.3793,1.6342
-573.63,2019.7,1480.3,-17.411,-2245.5,-1247.8,5.0364e+05,714037,1,-9242,-1003.5,-3748.1,3190.3,-192.31,842.39,1728,-2021.8,-1146.1,10945,327690,413,1774,341,-0.51471,-1.3687,1.6422
-688.16,2049.5,1460.9,-8.7673,-2225.8,-1361.6,5.0917e+05,712723,1,-6728.9,-1964.8,-3691.5,2620.5,77.711,869.84,1808.3,-1998.5,-1085.6,8879.1,320976,413,1774,341,-0.50707,-1.3581,1.6533
-587.95,2019.3,1448.3,-22.041,-2216.4,-1268.1,5.0643e+05,712721,1,-9538.2,-1137.4,-3936,3802.8,-104.04,1111,1556.1,-1838.4,-1027,11416,328839,413,1774,341,-0.51721,-1.3581,1.6502
-726.16,2051.6,1426.9,-10.972,-2190.6,-1404.8,5.0872e+05,711401,1,-6124.8,-2551.2,-3949.3,2561.1,132.2,890.51,1917.7,-2022.9,-1055.4,8710.5,320215,413,1774,341,-0.50951,-1.3475,1.6613
204.2,1557,2444,-1.0147,-2899.1,-185.02,6.0894e+05,45143,1,460.51,-548.98,-657.1,1168,182.39,728.14,1730.4,-1277.8,-1274.5,3010,247744,413,115,328,-0.45603,-1.7972,1.1821
197.65,1545.1,2421.9,-0.83353,-2872.8,-197.93,6.1008e+05,45141,1,403.93,-511.2,-616.77,1067.8,241.97,789.25,1567.4,-1155.4,-1134.5,2775.9,239266,413,115,328,-0.46705,-1.7943,1.1821
188.22,1557.1,2403,-1.2236,-2861.9,-210.08,6.085e+05,43743,1,300.89,-563.94,-725.38,1002.2,351.44,915.55,1405.5,-956.72,-883.83,2739.9,237825,413,115,328,-0.46521,-1.7873,1.1935
183.48,1547.7,2385.6,-0.89347,-2840.9,-221.77,6.0928e+05,43741,1,309.93,-518.13,-650.44,987.78,334.21,893.18,1428,-987.95,-908.36,2739.9,237821,413,115,328,-0.47617,-1.7844,1.1935
167.21,1553.6,2355,-0.30175,-2815.3,-248.49,6.1208e+05,42345,1,215.04,-666.88,-894.79,995.7,456.1,1073.3,1422.8,-855.09,-686.79,2739.9,237830,413,115,328,-0.48517,-1.7743,1.2048
148.12,1573.5,2345.6,0.0029217,-2815.2,-272.15,5.8727e+05,40955,1,36.557,-851.57,-1221.9,1073.6,557.55,1235,1447.7,-816.16,-611.19,2888.6,243508,413,115,328,-0.48321,-1.7672,1.216
125.35,1583.9,2317.8,-0.020266,-2793.4,-306.42,6.376e+05,39567,1,26.457,-849.91,-1208.9,1049.4,571.04,1241,1407.8,-811.39,-598.55,2854.9,241948,413,115,328,-0.49203,-1.757,1.2272
122.68,1574.4,2300.3,0.0025338,-2772.2,-315.93,5.7136e+05,39565,1,29.563,-828.7,-1172,1039.6,566.51,1235.5,1397.5,-808.82,-583.33,2817.3,240801,413,115,328,-0.5028,-1.7539,1.2272
119.94,1564.9,2282.7,-0.00092909,-2751.1,-325.38,6.0121e+05,39563,1,39.729,-823.19,-1154.9,1036.3,561.86,1232.4,1397.5,-818.09,-580.97,2807.4,240512,413,115,328,-0.51355,-1.7508,1.2272
100.58,1585.2,2273.2,-0.0034665,-2751,-349.65,6.0574e+05,38181,1,8.9086,-844.31,-1183.2,1047.4,571.51,1236.3,1396.3,-825.2,-582.95,2834,241263,413,115,328,-0.51142,-1.7435,1.2384
78.524,1596,2246.2,-0.00080787,-2729.8,-383.38,6.0418e+05,36803,1,6.3397,-835.64,-1156.4,1052.1,564.11,1220.2,1401.2,-849.02,-594.42,2826.1,241054,413,115,328,-0.51992,-1.7331,1.2495
59.688,1615.9,2236.2,-0.15651,-2729.3,-407.14,6.119e+05,35433,1,-19.891,-800.68,-1104.5,1066.6,543.27,1181.9,1418.9,-886.58,-630.78,2808.6,240555,413,115,328,-0.5177,-1.7257,1.2606
42.151,1634.9,2225.4,-0.40601,-2728.1,-429.41,6.0553e+05,34067,1,-18.817,-793.58,-1079.8,1044.6,545.38,1160.3,1363.6,-865.83,-617.38,2742.5,237930,413,115,328,-0.51547,-1.7182,1.2717
24.057,1654.1,2215.6,-0.11577,-2727.9,-452.27,5.9223e+05,32705,1,-7.3315,-810.01,-1083.3,1023.5,560.75,1157.4,1339.6,-853.38,-602.19,2723.3,237234,413,115,328,-0.51322,-1.7107,1.2826
21.427,1645.3,2199.1,-0.0074708,-2707.4,-461.95,6.2222e+05,32703,1,0.99633,-807.95,-1075.3,1008.3,570.15,1170.7,1312.9,-848.44,-593.41,2705,236569,413,115,328,-0.52371,-1.7075,1.2826
3.7358,1664.7,2189,-0.098839,-2707,-484.54,6.011e+05,31345,1,-3.699,-777.86,-1022.8,982.47,543.46,1108.4,1273.1,-899.43,-669,2649,234134,413,115,328,-0.52139,-1.7,1.2936
-12.871,1682.7,2177.4,-0.38115,-2705,-505.71,5.9527e+05,29993,1,-13.756,-705.25,-920.64,972.82,506.75,1045.9,1263,-932.24,-704.73,2569.6,229382,413,115,328,-0.51905,-1.6924,1.3045
-28.844,1690.9,2148.8,-0.78138,-2682,-533.24,5.9426e+05,28645,1,-56.382,-631.14,-830.76,1013.7,460.54,995.65,1313.3,-966.41,-711.49,2547.1,228537,413,115,328,-0.52702,-1.6815,1.3153
-42.63,1707.6,2137.1,-0.75738,-2679.7,-551.38,5.9225e+05,27305,1,-78.444,-622.28,-816.44,1032.9,470.16,1001.9,1298.9,-933.2,-664.23,2520.1,227224,413,115,328,-0.5246,-1.6738,1.3261
-56.315,1724.5,2126.1,-0.61036,-2678.3,-569.51,5.9128e+05,25971,1,-74.055,-601.07,-777,1015.8,480,994.23,1251.2,-917.04,-652.23,2460.3,223176,413,115,328,-0.52215,-1.666,1.3368
-69.398,1741.4,2115,-0.61711,-2676.9,-587.04,5.8698e+05,24643,1,-88.098,-563.94,-729.2,1021.5,461.5,962.46,1248.7,-946.49,-685.02,2442.2,221375,413,183,338,-0.51969,-1.6581,1.3475
-80.815,1757.2,2102.6,-1.0222,-2674.4,-602.67,5.8203e+05,23321,1,-150.73,-475.96,-636.42,1027.7,406.67,885.96,1242.4,-1007.9,-752.82,2405.6,189555,413,183,338,-0.51721,-1.6502,1.3581
-90.763,1771.6,2089.1,-1.474,-2670.4,-616.47,5.7969e+05,22005,1,-216.44,-417.72,-582.51,1031.6,376.04,840.12,1216.3,-1004.2,-745.89,2348.7,171512,413,183,338,-0.51471,-1.6422,1.3687
-101.22,1786.1,2076.6,-1.2641,-2667.4,-630.78,5.7818e+05,20697,1,-248.26,-451.02,-626.29,1021.5,403.12,855.67,1182.8,-967.79,-709.46,2331.2,170945,413,1790,345,-0.51219,-1.6342,1.3793
-112.51,1801.6,2065,-1.0615,-2665.5,-646.17,5.7856e+05,19395,1,-326.7,-430.8,-623.92,1030.4,435.53,887.47,1196.9,-961.83,-686.38,2355.7,182716,413,1790,345,-0.50964,-1.626,1.3897
-122.81,1817,2052.7,-1.5201,-2663.4,-660.62,5.7916e+05,18099,1,-493.12,-284.69,-508.51,1111.4,360.12,820.22,1256.1,-1048.1,-753.94,2421.8,219076,413,1790,345,-0.50708,-1.6179,1.4002
-131.38,1831,2038.9,-2.2782,-2659.7,-672.98,5.7644e+05,16811,1,-572.87,-236.47,-475.65,1159.1,321.51,782.26,1288.8,-1080.4,-773.86,2456.3,222592,413,1790,345,-0.50451,-1.6096,1.4106
-138.39,1843.7,2025,-2.6413,-2655.5,-683.48,5.7498e+05,15531,1,-615.28,-202.76,-445.75,1213.9,283.81,748.73,1262.1,-1065.3,-756.53,2456.3,222593,413,1790,345,-0.50191,-1.6014,1.4209
-146.76,1857.2,2012.4,-2.3713,-2652.7,-695.51,5.7291e+05,14259,1,-574.32,-322.85,-558.81,1203.1,339.29,796.96,1176.6,-998.02,-699.11,2411.1,190584,413,1790,345,-0.49929,-1.593,1.4311
-157.71,1871.7,1999.7,-2.3648,-2650,-710.27,5.697e+05,12997,1,-625.75,-364.28,-615.45,1198.3,366.17,814.99,1162.2,-1016,-714.73,2455.8,222558,413,1790,345,-0.49666,-1.5846,1.4414
-169.22,1886.5,1987.2,-2.4693,-2647.6,-725.71,5.7257e+05,11745,1,-752.77,-350.91,-636.45,1242.7,362.98,815.78,1213.7,-1035.9,-713.44,2547.8,228581,413,1790,345,-0.494,-1.5761,1.4515
-179.9,1900.8,1973.9,-2.8612,-2644.6,-740.17,5.7105e+05,10501,1,-800.73,-280.77,-569.9,1291,310.51,766.95,1253.8,-1083.1,-738.83,2586,229913,413,1790,345,-0.49133,-1.5676,1.4616
-191.74,1926.8,1947.5,-3.0874,-2639.5,-758.01,5.6284e+05,736111,1,-967.71,150.52,-158.08,1387.1,91.175,549.18,1317.6,-1227,-853.53,2681.1,235676,413,1790,345,-0.48468,-1.5501,1.4824
-190.33,1914.9,1961.1,-2.8602,-2641.9,-754.32,5.674e+05,9267,1,-852.21,90.413,-188.78,1345,162.22,618.87,1312.4,-1126.2,-756.04,2576.4,229602,413,1790,345,-0.48864,-1.559,1.4717
-191.68,1928,1921.8,-4.7203,-2619.6,-764.58,5.5997e+05,735017,1,-1249.8,79.291,-327.24,1595.3,33.912,556.84,1417.2,-1310.4,-890.41,3008.3,247708,413,1790,345,-0.48763,-1.5405,1.4914
-188.12,1927.8,1897.6,-5.3242,-2600.7,-767.44,5.6088e+05,733893,1,-1303.4,25.955,-399.34,1632.7,81.874,617.74,1269.6,-1151.6,-758.61,2902.8,243929,413,1790,345,-0.49055,-1.5308,1.5004
-188.69,1930,1877.1,-4.3409,-2585.2,-775.03,5.6182e+05,732747,1,-1089.7,-212.5,-568.43,1514.3,191.03,686.78,1145.2,-1082,-716.56,2711.6,236820,413,1790,345,-0.49346,-1.5211,1.5093
-195.66,1934.7,1857.6,-3.1046,-2570.7,-789.56,5.6269e+05,731581,1,-855.16,-430.04,-705.51,1402.8,270.72,726,1095.7,-1064.4,-702.33,2609.4,232552,413,1774,341,-0.49635,-1.5113,1.5181
-206.3,1940.7,1837.6,-2.3598,-2555.9,-808.07,5.6555e+05,730399,1,-769.54,-565.98,-809.34,1283.1,357.56,772.43,1128.7,-1089.7,-701.72,2625.3,233317,413,1774,341,-0.49923,-1.5015,1.5269
-227,1962,1826.5,-1.9702,-2558.7,-830.87,5.6683e+05,729205,1,-588.77,-735.36,-900.95,1347.5,373.37,792.91,1188.8,-1084,-670.24,2709.5,236751,413,1790,345,-0.49265,-1.4916,1.5387
-218.4,1947.9,1817.7,-2.0704,-2541.6,-828.39,5.64e+05,729203,1,-981.04,-645.53,-947.84,1275.2,383.64,788.62,1174.5,-1110.3,-693.74,2786.8,239693,413,1774,341,-0.50208,-1.4916,1.5356
-242.15,1969.3,1806.3,-1.3547,-2543.6,-854.15,5.6316e+05,727995,1,-535.65,-828.66,-965.47,1295.9,377.47,775.9,1235,-1156.6,-713.28,2775.2,239237,413,1774,341,-0.49543,-1.4817,1.5474
-258.4,1976.2,1784,-1.6717,-2526.5,-878.41,5.6025e+05,726773,1,-1062.1,-821.25,-1118.1,1257.4,336.24,721.15,1257.4,-1294.1,-819.73,3032.3,248278,413,1774,341,-0.49819,-1.4717,1.556
-275.46,1981.9,1759.3,-2.8528,-2506.6,-903.13,5.4934e+05,725539,1,-1515.9,-962.8,-1387.4,1278.7,258.53,651.3,1263,-1464.2,-963.17,3455.8,266651,413,1774,341,-0.50094,-1.4616,1.5646
-293.22,1985.5,1731.1,-5.0734,-2482.8,-927.9,5.379e+05,724295,1,-2671.7,-773.42,-1576,1438.3,90.469,545.72,1256.2,-1645.6,-1117,4257.7,286688,413,1774,341,-0.50366,-1.4515,1.5731
-309.41,1986.4,1699.3,-8.6172,-2454.8,-950.31,5.2614e+05,723043,1,-3568,-1151,-2190.4,1567,47.322,543.86,1360.9,-1798.1,-1204.2,5304.9,296875,413,1774,341,-0.50637,-1.4414,1.5815
-323.53,1986.5,1666.9,-12.775,-2426.3,-970.55,5.2589e+05,721781,1,-5464.1,-644.77,-2336,1893.9,10.371,617.44,1148.4,-1734.9,-1196.5,6742.2,310474,413,1774,341,-0.50906,-1.4311,1.5899
-338.02,1989.1,1637.3,-16.556,-2401.5,-992,5.259e+05,720509,1,-6614.2,-1198.4,-3183.6,1816.3,217.77,776.24,667.68,-1562.4,-1176.7,7971.2,317054,413,1774,341,-0.51172,-1.4209,1.5982
-1128.6,2157.5,1278.1,-4.3035,-2045.4,-1838.1,5.122e+05,703347,1,-763.58,-3871.2,-3112.2,2885.3,162.91,969.87,2275.7,-2438.3,-1151.5,6855.5,311056,413,1758,340,-0.50271,-1.2826,1.7138
-1195.3,2157.8,1234.9,-6.6524,-1993,-1907.2,5.1328e+05,701985,1,-1078.6,-4244.5,-3449.2,2760.2,20.552,825.7,2155.9,-2530.8,-1236.8,7208.3,312813,413,1776,342,-0.50492,-1.2717,1.7214
-766.83,2053.8,1391.9,-13.562,-2153.9,-1450.6,5.0768e+05,710073,1,-9120.4,-2565.4,-4869.6,2663.3,170.52,956.93,1343.5,-1976.2,-1171.4,11340,328673,413,1774,341,-0.51192,-1.3368,1.6691
-817.97,2056.9,1357.2,-14.088,-2114.8,-1506.4,5.0782e+05,708739,1,-7746.6,-3346.7,-5028.3,2606,249.39,995.07,1670.8,-1991.4,-1067.8,10594,326368,413,1774,341,-0.51432,-1.3261,1.6769
-880.04,2061.7,1323.7,-12.297,-2074.3,-1572.9,5.0875e+05,707399,1,-7334.8,-3808.6,-5231.2,2795.8,339.19,1120.9,1847,-1981.3,-985.35,10638,326538,413,1774,341,-0.51669,-1.3153,1.6847
-1061,2111.2,1285.2,-0.052291,-2031.9,-1762.4,5.0116e+05,704703,1,-1695.3,-3552.7,-3209.2,3352.2,448.91,1348.6,3034.3,-1969.2,-581.51,7244,312963,413,1774,341,-0.51095,-1.2936,1.7032
-1118.8,2118.5,1251.6,-0.92661,-1993.2,-1825.7,4.9971e+05,703345,1,-1009.2,-3552.5,-2971.9,3397.8,351.26,1281.2,2966.6,-2184.7,-751.08,7065.3,312023,413,1774,341,-0.51322,-1.2826,1.7107
-949.96,2067.5,1290.3,-9.257,-2032,-1647.1,5.0828e+05,706053,1,-7135.6,-4477.1,-5655.9,3141.4,273.17,1177.8,2018.8,-2141.8,-1031.7,11136,328211,413,1774,341,-0.51905,-1.3045,1.6924
-1017.8,2073.2,1256.1,-7.2028,-1989.2,-1719.1,5.0511e+05,704701,1,-4802.3,-3878.7,-4430.4,3284,364.98,1283.7,2578.9,-2021.7,-751.94,9033.5,321564,413,1774,341,-0.52139,-1.2936,1.7
-361.91,1995.4,1611,-18.386,-2379,-1023.6,5.2398e+05,719229,1,-7663,-1495.5,-3766.5,1696.6,370.28,870.34,264.44,-1542.9,-1271,9109.5,321880,413,1774,341,-0.51437,-1.4106,1.6065
-390.63,2002.1,1583,-20.558,-2354.4,-1059.9,5.1773e+05,717941,1,-8164,-1558.7,-3969.6,1846.9,164.2,737.62,306.75,-1798.9,-1464.6,9710.6,323752,413,1774,341,-0.517,-1.4002,1.6147
-413.49,2000.8,1546.8,-25.228,-2320,-1088,5.0988e+05,716645,1,-8834.8,-1325.4,-3968.9,2735.4,-374.34,561.48,650.16,-2200.5,-1677.5,10563,326267,413,1774,341,-0.51961,-1.3897,1.6229
-430.88,1990.5,1506.2,-29.033,-2277.8,-1107.8,5.0667e+05,715343,1,-9822.8,-1168.4,-4118.5,3349.7,-460.81,681.99,1172.1,-2211.2,-1496.4,11416,328837,413,1774,341,-0.5222,-1.3793,1.631
-449.67,1976.2,1467.2,-29.176,-2233.4,-1127.3,5.0849e+05,714035,1,-9230.5,-1074.3,-3851.7,4711.6,-706.01,921.48,1401.7,-2100.1,-1305,11416,328838,413,1774,341,-0.52477,-1.3687,1.639
-604.61,2019,1416.5,-26.224,-2186.8,-1290.6,5.0699e+05,711399,1,-10100,-1749.3,-4578.8,3657.4,146.96,1266.6,1062.3,-1772,-1107.4,12105,330068,413,1774,341,-0.51969,-1.3475,1.6581
-466.09,1966.1,1435.4,-27.445,-2197.4,-1146.1,5.1261e+05,712719,1,-9014.8,-1067.8,-3760.7,5098.4,-364.38,1331.5,1498.8,-1677,-904.12,11416,328836,413,1774,341,-0.52732,-1.3581,1.647
-486.21,1963.7,1409.6,-25.322,-2169.6,-1171.1,5.1584e+05,711397,1,-7257.8,-2008.4,-3952.6,4941.8,150,1705.8,1211.7,-1454.4,-797.4,10193,325104,413,1774,341,-0.52986,-1.3475,1.6549
214.94,1544.2,2462.2,-0.8901,-2909.3,-171.47,6.1039e+05,46545,1,484.46,-564.96,-681.07,1198.8,217.93,802.9,1793.6,-1189.4,-1132.1,3010,247758,413,115,328,-0.45781,-1.8042,1.1707
202.02,1520.5,2417.7,-0.48588,-2856.5,-196.84,6.1096e+05,46541,1,339.3,-504.45,-636.22,1057.3,301.42,896.37,1575.4,-1047.3,-963.15,2739.9,237835,413,115,328,-0.47991,-1.7984,1.1707
207.91,1531.8,2439.2,-0.57868,-2881.9,-184.66,6.1076e+05,46543,1,459.02,-549.32,-663.23,1162.5,244.18,841.17,1759.4,-1143.7,-1058.8,2931.8,245478,413,115,328,-0.46887,-1.8013,1.1707
192.23,1534.5,2401.9,-0.72934,-2849,-209.92,6.1028e+05,45139,1,331.95,-474.28,-583.58,994.78,290.78,842.68,1465.6,-1059.8,-1010.5,2739.9,237828,413,115,328,-0.47805,-1.7914,1.1821
178.13,1537.9,2366.7,-0.88824,-2818.4,-233.81,6.0894e+05,43739,1,284.86,-492.8,-620.65,929.34,335.06,880.76,1351.7,-980.45,-915.12,2739.9,237814,413,115,328,-0.48711,-1.7814,1.1935
173.88,1529.6,2350.6,-0.75245,-2799.1,-245.06,6.0917e+05,43737,1,239.32,-525.05,-681.41,899.89,364.4,918.03,1293.7,-940.63,-860.24,2739.9,237812,413,115,328,-0.49803,-1.7784,1.1935
162.09,1544.5,2336.9,-0.39668,-2793.7,-260.41,6.0771e+05,42343,1,243.17,-671.06,-885.66,931.38,456.45,1053.6,1353.3,-864.3,-714.74,2739.9,237824,413,115,328,-0.49605,-1.7713,1.2048
145.3,1563.6,2327.5,-3.4083e-05,-2793.6,-281.75,5.9782e+05,40953,1,115.51,-802.27,-1118.9,1012.4,544.28,1203.3,1411.3,-806.37,-597.93,2770.8,239101,413,115,328,-0.49405,-1.7642,1.216
141.74,1554.3,2309.7,-0.10116,-2772.2,-292.06,6.0581e+05,40951,1,93.133,-797.28,-1114.1,1015.8,535.06,1193.8,1400.9,-824.21,-612.94,2765.3,238828,413,115,328,-0.50486,-1.7611,1.216
137.97,1545.1,2292.1,-0.082504,-2751.1,-302.5,6.0509e+05,40949,1,117.27,-758.07,-1045.7,987.61,516.86,1165.6,1363.4,-830.04,-622.15,2739.9,237834,413,115,328,-0.51566,-1.758,1.216
116.38,1555.7,2265.1,0.00029777,-2729.8,-335.57,6.0152e+05,39561,1,78.566,-811.23,-1122.4,1008,546.41,1210.3,1373.6,-831.81,-597.27,2763.9,238770,413,115,328,-0.52428,-1.7476,1.2272
97.783,1575.8,2255.7,0.0010176,-2729.8,-359.13,6.0003e+05,38179,1,48.957,-842.41,-1164.9,1037.2,566.35,1234,1396.8,-829.68,-579.27,2821.9,240922,413,115,328,-0.52211,-1.7404,1.2384
94.315,1566.6,2238.1,0.044984,-2708.4,-369.18,5.9768e+05,38177,1,36.01,-826.72,-1144.2,1027,558.35,1225,1379.5,-837.79,-581.79,2793.6,240004,413,115,328,-0.53278,-1.7371,1.2384
75.784,1586.6,2228.7,-0.0069316,-2708.5,-392.78,6.0565e+05,36801,1,9.4213,-816.75,-1126.7,1037,555.76,1209.7,1376.4,-857.83,-603.02,2788.9,239780,413,115,328,-0.53054,-1.7298,1.2495
57.366,1606.2,2218.3,-0.25488,-2707.6,-416.13,6.1159e+05,35431,1,-1.9746,-807.07,-1103.7,1036.2,551.53,1187.8,1358.3,-859.39,-605.23,2758.3,238585,413,115,328,-0.52828,-1.7225,1.2606
39.4,1625.7,2208.8,-0.017642,-2707.5,-439.01,5.9728e+05,34065,1,8.3335,-808.16,-1086.5,1021.5,562.71,1181.3,1322.6,-835.82,-580.17,2715.5,236945,413,115,328,-0.526,-1.715,1.2717
36.759,1617,2192.2,-0.0030142,-2687.1,-448.54,6.0324e+05,34063,1,-2.2516,-806.36,-1085.6,1005.4,568.51,1187.9,1320.8,-842.07,-576.62,2712.9,236869,413,115,328,-0.53652,-1.7118,1.2717
18.813,1636.7,2182.6,-0.0092673,-2687.1,-471.55,6.1771e+05,32701,1,-3.6944,-804.61,-1070.7,1003.6,573.1,1179.5,1318,-850.16,-580.71,2705.2,236579,413,115,328,-0.53417,-1.7043,1.2826
1.1877,1656.2,2172.9,-0.011404,-2687.1,-494.2,5.887e+05,31343,1,-16.338,-763.8,-1008.9,996.72,543.29,1122.7,1299.2,-898.9,-644.49,2657.5,234493,413,115,328,-0.53181,-1.6968,1.2936
-15.006,1674.3,2161.2,-0.43015,-2685,-515.06,5.9777e+05,29991,1,-44.852,-665.26,-878.99,999.71,476.3,1022.3,1296,-966.29,-722.79,2573.8,229505,413,115,328,-0.52943,-1.6892,1.3045
-30.099,1681.7,2132,-0.83618,-2661,-541.46,5.9617e+05,28643,1,-43.186,-628.93,-819.99,1011.4,458.04,997.47,1279.4,-942.58,-680.33,2507.2,226559,413,115,328,-0.53733,-1.6782,1.3153
-43.99,1698.6,2121.2,-0.53207,-2659.5,-559.85,5.9436e+05,27303,1,-44.811,-630.59,-811.26,980.15,496.44,1019.8,1220.2,-887.94,-624.68,2443.9,221496,413,115,328,-0.53486,-1.6705,1.3261
-57.811,1716,2110.8,-0.36176,-2658.7,-578.32,5.9094e+05,25969,1,-55.533,-609.23,-781.22,976.81,496.62,1007.3,1214.1,-899.4,-637.13,2426.7,219680,413,115,328,-0.53237,-1.6627,1.3368
-70.319,1732.9,2099.6,-0.56888,-2657.4,-595.38,5.8672e+05,24641,1,-122.88,-498.64,-661.23,984.25,448.31,937.85,1213.6,-959.47,-700.9,2373.8,184723,413,115,328,-0.52986,-1.6549,1.3475
-80.608,1748.2,2086.9,-1.1048,-2654.4,-609.84,5.8257e+05,23319,1,-208.71,-404.76,-570.95,1015.2,380.63,854.07,1212.3,-1008.4,-750.59,2342.7,171289,413,183,338,-0.52732,-1.647,1.3581
-90.043,1762.5,2073.9,-1.2953,-2650.9,-623.19,5.7852e+05,22003,1,-224.89,-399.35,-564.42,1018.6,379.6,844.94,1187.4,-985.6,-725.15,2309,169985,413,183,338,-0.52477,-1.639,1.3687
-100.07,1777.3,2061.9,-1.2003,-2648.4,-637.26,5.7861e+05,20695,1,-275.71,-406.44,-585.43,1024.6,400.53,861.78,1190.2,-971.54,-699.63,2321,170579,413,1790,345,-0.5222,-1.631,1.3793
-109.86,1792.4,2049.6,-1.5098,-2646.1,-651.18,5.7884e+05,19393,1,-394.68,-315.75,-515.96,1084.6,370.5,838.02,1220.8,-1012.5,-724.45,2361.8,183324,413,1790,345,-0.51961,-1.6229,1.3897
-118.01,1806.6,2036.5,-2.1531,-2643,-663.28,5.7836e+05,18097,1,-437.01,-250.03,-449.12,1132.7,308.65,774.11,1206.6,-1051.6,-765.3,2362.2,183359,413,1790,345,-0.517,-1.6147,1.4002
-125.5,1819.7,2022.6,-2.6236,-2638.8,-674.4,5.7781e+05,16809,1,-510.43,-228.48,-445.4,1174,282.13,748.12,1216.6,-1060.8,-766.75,2392.1,187360,413,1790,345,-0.51437,-1.6065,1.4106
-133.71,1832.7,2009.9,-2.2378,-2635.4,-686.18,5.7568e+05,15529,1,-384.65,-334.93,-514.33,1118.5,337.23,781.53,1124,-970.08,-685.41,2274.7,168836,413,1790,345,-0.51172,-1.5982,1.4209
-143.56,1847,1998.3,-1.6521,-2633.5,-699.91,5.7415e+05,14257,1,-362.67,-373.28,-543,1085.5,384.7,812.84,1099.6,-966.56,-680.84,2271.5,168732,413,1790,345,-0.50906,-1.5899,1.4311
-153.73,1861.7,1986,-1.8294,-2631.3,-714.1,5.7443e+05,12995,1,-476.12,-372.79,-576.73,1118.3,381.85,812.13,1102.2,-1002.7,-714.68,2342,171268,413,1790,345,-0.50637,-1.5815,1.4414
-163.82,1876,1972.7,-2.331,-2628.2,-728.07,5.7087e+05,11743,1,-625.71,-306.6,-549.4,1171,335.67,770.14,1136.7,-1057.8,-751.85,2416.8,217909,413,1790,345,-0.50366,-1.5731,1.4515
-173.93,1889.4,1958.8,-2.6682,-2624.3,-741.78,5.6517e+05,10499,1,-754.62,-256.4,-533.42,1242.3,281.39,726.96,1185.9,-1105.5,-776.95,2510.6,226755,413,1790,345,-0.50094,-1.5646,1.4616
-183.09,1902.3,1944.6,-3.076,-2620,-754.42,5.6403e+05,9265,1,-1069.3,267.68,-82.743,1416.4,85.078,572.31,1315.4,-1172.7,-795.16,2702,236450,413,1790,345,-0.49819,-1.556,1.4717
-181.48,1911.9,1937.6,-3.4519,-2622.1,-753.21,5.6156e+05,736109,1,-1157.5,308.33,-62.935,1525.2,-20.8,487.48,1422.3,-1309.5,-894.59,2922.5,245164,413,1790,345,-0.49377,-1.5501,1.4794
-178.53,1911.1,1910.7,-5.2401,-2600.5,-756.46,5.6158e+05,735015,1,-1360.6,171.45,-276.79,1662.1,-29.235,524.41,1464.9,-1308.4,-866.03,3008.3,247707,413,1790,345,-0.49677,-1.5405,1.4884
-175,1910.8,1888.1,-4.8168,-2582.6,-759.36,5.6187e+05,733891,1,-1167.3,-12.645,-401.51,1550.9,95.247,614.93,1242.7,-1105.5,-716.89,2756.2,238500,413,1790,345,-0.49975,-1.5308,1.4973
-178.46,1914.5,1869.2,-3.1451,-2568.6,-770.2,5.644e+05,732745,1,-886.82,-275.84,-572.68,1412.9,230.23,702.58,1094.7,-1035.4,-682.24,2587.8,229980,413,1790,345,-0.50271,-1.5211,1.5062
-187.59,1920.5,1849.9,-2.2332,-2554.6,-787.25,5.6875e+05,731579,1,-797.35,-447.3,-712.54,1291.8,311.89,742.22,1115.7,-1091.4,-716.08,2587.8,229982,413,1774,341,-0.50566,-1.5113,1.515
-196.9,1926.7,1829.1,-2.5768,-2539.5,-804.6,5.6608e+05,730397,1,-1014.2,-465.13,-797.89,1298.3,354.63,782.84,1200.6,-1111.9,-694.86,2732.5,237554,413,1774,341,-0.50859,-1.5015,1.5238
-204.79,1933.6,1808.9,-3.3213,-2525.6,-820.91,5.6197e+05,729201,1,-1387.2,-361.72,-817.18,1366.4,348.99,796.81,1214.6,-1121,-687.61,2924.3,245235,413,1774,341,-0.51149,-1.4916,1.5325
-231.61,1955.4,1796.9,-2.4369,-2526.6,-849.96,5.6008e+05,727993,1,-1608.3,-573.58,-1077.5,1322.9,368.85,786.19,1216.3,-1185.1,-736.91,3163.5,256419,413,1774,341,-0.50492,-1.4817,1.5443
-210.18,1939.9,1787.4,-5.1966,-2511.1,-834.76,5.5677e+05,727991,1,-2373.2,-102.41,-894.79,1635.9,276.51,814.02,1266.1,-1168.1,-700.82,3649.3,272574,413,1774,341,-0.51438,-1.4817,1.5412
-241.48,1962.1,1774.6,-4.1311,-2510.7,-868.18,5.5026e+05,726771,1,-2514.7,-318.6,-1129.3,1471,295.42,762.56,1181,-1263,-808.77,3765.3,276442,413,1774,341,-0.50773,-1.4717,1.5529
-248.3,1967.5,1751.1,-6.7167,-2493.8,-883.19,5.4221e+05,725537,1,-2951.9,-508.88,-1440.3,1490.3,220.63,693.25,1166.6,-1430.6,-958.03,4257.1,286684,413,1774,341,-0.51053,-1.4616,1.5615
-251.76,1969.4,1723.6,-10.656,-2472.5,-893.95,5.3472e+05,724293,1,-4581.8,68.264,-1442,2076.3,-119.47,572.69,1155.2,-1624.9,-1123.3,5741.7,300991,413,1774,341,-0.51331,-1.4515,1.57
-252.04,1966.4,1692.3,-15.054,-2446.1,-900.12,5.2881e+05,723041,1,-5490.1,-195.71,-1972.4,2320.2,-166.4,607.51,1034.2,-1715.8,-1227.9,6735.8,310435,413,1774,341,-0.51606,-1.4414,1.5784
-251.98,1961.9,1662,-18.128,-2419.6,-905.52,5.284e+05,721779,1,-6513.4,-319.9,-2410.8,2565.7,-37.246,803.62,674.94,-1529,-1157.6,7726.7,315699,413,1774,341,-0.5188,-1.4311,1.5868
-259.04,1963.4,1639.1,-18.259,-2400.6,-919.71,5.2961e+05,720507,1,-6743.9,-501.65,-2657.4,2898.4,146.49,1082.1,492.51,-1287.2,-984.77,8078.1,317550,413,1774,341,-0.52152,-1.4209,1.5951
-272.23,1969.3,1616.3,-19.83,-2383,-941.22,5.2595e+05,719227,1,-7318.5,-1156.1,-3402.2,2932,211.23,1145.3,322.8,-1553,-1257.5,8973.4,321306,413,1774,341,-0.52422,-1.4106,1.6033
-1179.1,2122.9,1213.3,-3.1804,-1948.3,-1890.2,4.9684e+05,701983,1,-1312.3,-3963.7,-3328.7,3280.5,139.31,1088.2,2725.6,-2409.6,-964.59,7392.1,313804,413,1758,340,-0.51547,-1.2717,1.7182
-633.91,2022.4,1387.7,-27.575,-2158.2,-1326.3,5.0994e+05,710071,1,-10258,-2284.2,-5041.6,3648.5,195.77,1303.7,590.65,-1828.5,-1282.1,12500,330642,413,1774,341,-0.52215,-1.3368,1.666
-682.14,2025.7,1354.4,-27.966,-2121.1,-1379.5,5.1137e+05,708737,1,-9333.4,-3652.6,-5810.9,3357.6,270.77,1269.1,462.35,-2042.2,-1473.6,12399,330499,413,1774,341,-0.5246,-1.3261,1.6738
-752.81,2028.7,1317.4,-25.647,-2074.8,-1453.4,5.1292e+05,707397,1,-8499.4,-4483.7,-6153.7,3257.8,171.29,1153.7,860.31,-2257.1,-1495.3,12258,330279,413,1774,341,-0.52702,-1.3153,1.6815
-1083.1,2078.4,1221.5,-5.8272,-1946,-1788.4,5.0389e+05,703343,1,-3757.8,-4125.7,-4256.5,3536.9,259.9,1280.6,2763.8,-2204,-808.49,8753.7,320394,413,1774,341,-0.52371,-1.2826,1.7075
-835.85,2030,1276.1,-22.744,-2020.5,-1537.9,5.1338e+05,706051,1,-6900.4,-5296.1,-6257.5,3519.9,108.06,1189.6,1086.9,-2479.5,-1578.7,11767,329505,413,1774,341,-0.52943,-1.3045,1.6892
-927.13,2032.9,1237,-17.126,-1965.6,-1630.5,5.1483e+05,704699,1,-5582.8,-5182,-5696.6,3744.6,155.49,1293,1914.2,-2415.3,-1242.4,10827,327302,413,1774,341,-0.53181,-1.2936,1.6968
-293.72,1970.9,1586.3,-22.046,-2355.4,-969.07,5.1943e+05,717939,1,-7512.5,-1285.5,-3567.1,3554.2,-275.62,925.73,619,-2059.5,-1581.1,9565.8,323320,413,1774,341,-0.5269,-1.4002,1.6115
-315.37,1961.1,1546.5,-24.368,-2313.1,-992.99,5.1378e+05,716643,1,-7416.5,-1240.5,-3485.3,3964.2,-782.79,626.15,809.45,-2373.1,-1770.5,9738.2,323819,413,1774,341,-0.52956,-1.3897,1.6197
-336.85,1943.7,1503.7,-24.537,-2263.6,-1014,5.1179e+05,715341,1,-6807.7,-1298.2,-3320.7,4465.2,-1053.5,567.77,1160.2,-2518,-1753.4,9549.3,323274,413,1774,341,-0.5322,-1.3793,1.6277
-355.31,1922.6,1459.1,-24.899,-2211,-1030.7,5.1112e+05,714033,1,-5220,-1587.6,-3027.4,4846.5,-1023.2,731.14,1563.6,-2316,-1424,8593,319767,413,1774,341,-0.53482,-1.3687,1.6358
-381.41,1907.7,1423.9,-20.682,-2166.9,-1056.6,5.1309e+05,712717,1,-4542.8,-1936,-3069.5,4941.4,-375.17,1300.9,1652.8,-1716.7,-877.31,8155.1,317963,413,1774,341,-0.53742,-1.3581,1.6437
-524.81,1970.9,1388,-21.575,-2146,-1216.8,5.1961e+05,710069,1,-6892.3,-2734.5,-4384.1,4530.6,412.01,1776.9,707.81,-1571.1,-1034.5,10104,324828,413,1774,341,-0.53237,-1.3368,1.6627
-424.23,1907.3,1400.5,-12.678,-2135.9,-1103.3,5.165e+05,711395,1,-2548,-3095.8,-3348.2,4763.8,247.78,1757.6,1816.7,-1388.5,-536.41,7658.2,315340,413,1774,341,-0.54,-1.3475,1.6516
-486.95,1916.1,1376.5,-5.947,-2104.8,-1171.8,5.1785e+05,710067,1,-1393.4,-3774.6,-3489.7,4745.7,513.42,1964.8,2365.7,-1704.8,-595.84,7991.9,317154,413,1758,340,-0.54256,-1.3368,1.6594
225.99,1531.4,2480,-1.1131,-2919.2,-157.61,6.1135e+05,47951,1,505.39,-579.06,-703.32,1254.5,210.75,828.49,1914.5,-1204,-1118.6,3123.5,250705,413,115,328,-0.45957,-1.8111,1.1593
218.55,1518,2455.2,-0.73079,-2889.8,-170.89,6.1197e+05,47949,1,452.91,-557.84,-685.19,1193.3,253.22,879,1811.8,-1126.3,-1018.7,2972.4,246700,413,115,328,-0.47067,-1.8082,1.1593
212.35,1505.8,2432.3,-0.4846,-2862.8,-183.08,6.1217e+05,47947,1,362.98,-536.57,-686.73,1151.3,286.33,924.22,1731.5,-1071.7,-953.45,2865.1,242244,413,115,328,-0.48176,-1.8053,1.1593
207.71,1495,2411.9,-0.35614,-2838.7,-193.95,6.1234e+05,47945,1,251.6,-503.21,-675.73,1034.8,351.74,986.7,1524.6,-960.58,-845.55,2739.9,237831,413,115,328,-0.49282,-1.8023,1.1593
197.37,1510.4,2398.2,-0.49443,-2833.4,-207.99,6.1144e+05,46539,1,260.21,-479.72,-626.9,983.2,341.08,935.46,1446.4,-980.64,-897.42,2739.9,237820,413,115,328,-0.49094,-1.7954,1.1707
187.73,1524.8,2383.3,-0.7112,-2827,-221.09,6.1026e+05,45137,1,256.42,-467.34,-602.49,956.67,314.33,873.44,1394.3,-1021.6,-970.99,2739.9,237817,413,115,328,-0.48903,-1.7885,1.1821
183.87,1515.6,2365.6,-0.71997,-2806,-231.65,6.1065e+05,45135,1,229.52,-466.98,-607.71,917.6,328.07,881.96,1319.3,-992.77,-941.25,2739.9,237813,413,115,328,-0.5,-1.7854,1.1821
180,1506.4,2347.7,-0.72233,-2784.7,-242.07,6.1164e+05,45133,1,231.96,-472.81,-612.49,957.41,333.98,917.6,1372.3,-978.81,-882.46,2739.9,237815,413,102,325,-0.51095,-1.7823,1.1821
170,1520.8,2333.6,-0.7008,-2778.8,-255.69,6.099e+05,43735,1,217.55,-526.38,-689.75,930.79,357.09,928.06,1325.4,-953.93,-853.83,2739.9,237811,413,115,328,-0.50894,-1.7753,1.1935
157.84,1536.2,2320.3,-0.44804,-2773.9,-271.6,6.0799e+05,42341,1,188.06,-650.84,-875.27,945.5,438.84,1041.4,1342.7,-883.35,-732.11,2739.9,237822,413,115,328,-0.50691,-1.7683,1.2048
149.57,1518.4,2285.7,-0.24084,-2732.5,-293.04,6.1065e+05,42337,1,188.92,-636.36,-846.51,977.53,440.27,1070.9,1357.8,-880.94,-693.24,2739.9,237809,413,115,328,-0.52857,-1.7619,1.2048
153.51,1527.2,2302.7,-0.42945,-2752.9,-282.55,6.0927e+05,42339,1,192.26,-646.63,-864.18,948.5,431.29,1039,1333.9,-890.95,-732.72,2739.9,237819,413,115,328,-0.51775,-1.7651,1.2048
134.37,1536.4,2275.2,-0.070701,-2730.8,-312.79,6.0646e+05,40947,1,108.64,-742.92,-1024.5,979.47,505.78,1153.7,1350,-846.04,-636.37,2739.9,237833,413,115,328,-0.52644,-1.7548,1.216
130.83,1527.3,2257.6,-0.051139,-2709.6,-322.75,6.0799e+05,40945,1,198.3,-714.83,-940.72,1005,497.41,1160.2,1382.9,-856.33,-622.63,2739.9,237808,413,115,328,-0.53719,-1.7515,1.216
113.14,1546.8,2247.8,0.0013086,-2709,-345.37,6.0348e+05,39559,1,54.996,-806.9,-1122.7,1014.9,538.49,1207.8,1374.7,-843.11,-599.03,2766.4,238959,413,115,328,-0.535,-1.7444,1.2272
109.9,1537.5,2230.1,0.0087425,-2687.7,-354.98,6.0445e+05,39557,1,48.108,-795.52,-1106.2,1019.2,539.34,1216.5,1373.9,-841.78,-583.88,2757.8,238562,413,115,328,-0.54569,-1.741,1.2272
91.432,1557.6,2220.8,0.0036497,-2687.6,-378.59,6.0249e+05,38175,1,14.404,-811.53,-1129.9,1016.7,556.79,1225.7,1358.7,-835.91,-574.11,2766.9,238983,413,115,328,-0.54343,-1.7338,1.2384
73.006,1577.6,2211.4,-0.0098852,-2687.5,-402.15,6.0948e+05,36799,1,6.8481,-812.16,-1119.3,1018.7,558.45,1212.8,1347,-845.81,-585.27,2757.8,238560,413,115,328,-0.54114,-1.7265,1.2495
54.762,1597.3,2201.6,-0.082497,-2687.1,-425.47,6.1315e+05,35429,1,-1.6823,-805.89,-1098.2,1012,561.83,1197.9,1322,-841.82,-580.91,2724.7,237287,413,115,328,-0.53884,-1.7192,1.2606
34.111,1608.3,2175.5,-0.010078,-2666.6,-457.95,6.08e+05,34061,1,0.99801,-806.37,-1085.3,1010,564.53,1195.5,1329.6,-849.85,-571.03,2722.5,237209,413,115,328,-0.54701,-1.7085,1.2717
16.23,1628.1,2166,-0.018404,-2666.6,-480.99,6.0299e+05,32699,1,-8.9903,-796.41,-1060.1,1016.1,562.24,1177.2,1335,-866.77,-582.5,2713.9,236907,413,115,328,-0.54462,-1.701,1.2826
-1.1469,1647.5,2156.2,-0.092999,-2666.5,-503.48,5.9855e+05,31341,1,-15.332,-743.89,-980.69,1020.6,525.81,1116.6,1339,-923.59,-647.33,2673,235362,413,115,328,-0.54221,-1.6935,1.2936
-16.491,1665.3,2144.4,-0.64353,-2664.2,-523.51,5.997e+05,29989,1,-38.77,-669.83,-883.92,1023.4,470.04,1033.5,1327.1,-976.68,-714.48,2606.4,232453,413,115,328,-0.53978,-1.6859,1.3045
-18.153,1656,2127.3,-0.63247,-2642.9,-531.89,6.0172e+05,29987,1,-15.863,-651.13,-844.78,994.87,470.21,1023.8,1253.6,-933.18,-673.87,2508.7,226666,413,115,328,-0.55011,-1.6825,1.3045
-32.114,1672.9,2116.2,-0.46667,-2641,-550.42,5.9868e+05,28641,1,-1.1835,-646.2,-822.14,944.33,502.25,1031.7,1184.5,-875.33,-619.96,2419.8,218593,413,115,328,-0.54762,-1.6749,1.3153
-45.974,1690.5,2106.1,-0.21684,-2640.4,-569.05,5.95e+05,27301,1,-9.4525,-636.06,-804.85,939.54,513.97,1032.9,1179.7,-869.43,-610.2,2405.4,189517,413,115,328,-0.5451,-1.6672,1.3261
-59.187,1708.1,2095.8,-0.32199,-2639.8,-587.08,5.9168e+05,25967,1,-70.058,-549.54,-711.01,939.32,492.22,992.41,1176.8,-909.76,-651.5,2357.7,182935,413,115,328,-0.54256,-1.6594,1.3368
-70.172,1724.5,2084.1,-0.86697,-2638,-602.61,5.8768e+05,24639,1,-172.8,-407.7,-568.72,984.16,408.02,894.39,1205.1,-985.04,-722.14,2323.5,170662,413,115,328,-0.54,-1.6516,1.3475
-79.397,1739.2,2071.3,-1.3504,-2634.8,-615.95,5.8271e+05,23317,1,-227.07,-383.63,-554.88,1005.6,379.43,857.7,1205.8,-1001.2,-736.69,2323,170648,413,183,338,-0.53742,-1.6437,1.3581
-88.811,1753.6,2058.9,-1.3256,-2631.7,-629.37,5.7961e+05,22001,1,-263.49,-375.07,-551.58,1015.9,373.94,844.07,1189.3,-984.88,-713.82,2300.6,169706,413,1790,345,-0.53482,-1.6358,1.3687
-98.41,1768.3,2046.8,-1.3359,-2629.1,-643.07,5.7878e+05,20693,1,-325.44,-335.56,-521.37,1043.8,371.89,841.38,1186.7,-988.28,-707,2304.5,169823,413,1790,345,-0.5322,-1.6277,1.3793
-106.96,1782.7,2034.3,-1.672,-2626.4,-655.67,5.7974e+05,19391,1,-372.97,-290.36,-480.53,1070.2,343.27,807.94,1181.9,-1009.1,-725.8,2304.8,169827,413,1790,345,-0.52956,-1.6197,1.3897
-115.14,1796.4,2021.5,-1.7727,-2623.2,-667.72,5.7646e+05,18095,1,-372.92,-280.39,-464,1077.6,325.8,782.1,1157.5,-1013.5,-732.49,2283.8,169183,413,1790,345,-0.5269,-1.6115,1.4002
-123.18,1809.6,2008.5,-1.7199,-2619.6,-679.46,5.7541e+05,16807,1,-343.26,-302.74,-471.92,1060.1,325.8,764.27,1095.7,-992.04,-721.99,2245.7,167679,413,1790,345,-0.52422,-1.6033,1.4106
-132.23,1823.5,1996.6,-1.3111,-2617.2,-692.38,5.7575e+05,15527,1,-398.44,-332.44,-519.96,1016,388.56,809.92,1075.3,-954.35,-675.03,2245.7,167680,413,1790,345,-0.52152,-1.5951,1.4209
-142.39,1838.4,1985,-1.0929,-2615.5,-706.64,5.7432e+05,14255,1,-396.9,-343.25,-525.84,1031.3,397.48,815.05,1095.4,-967.95,-677.53,2245.7,167682,413,1790,345,-0.5188,-1.5868,1.4311
-150.64,1852.6,1972.2,-1.6587,-2613,-718.91,5.7161e+05,12993,1,-588.79,-225.68,-458.64,1087.1,347.77,770.27,1118.1,-1038.1,-736.09,2318.1,170481,413,1790,345,-0.51606,-1.5784,1.4414
-158.86,1866.1,1958.7,-2.2664,-2609.6,-730.91,5.6917e+05,11741,1,-870.75,-105.93,-423.55,1211.7,252.33,701.8,1196.3,-1130.2,-796.85,2513.3,226930,413,1790,345,-0.5133,-1.57,1.4515
-166.99,1878.7,1944.3,-2.9184,-2605.1,-742.57,5.6347e+05,10497,1,-1022.1,66.62,-287.03,1302.2,154.16,619.29,1236,-1178.9,-827.99,2614.8,232793,413,1790,345,-0.51053,-1.5615,1.4616
-157.36,1880.9,1917.3,-4.772,-2586.9,-739.23,5.6029e+05,736105,1,-1341.1,451.03,10.314,1543.6,-115.69,414.53,1335.2,-1317,-922.04,2962.8,246407,413,1790,345,-0.51188,-1.5501,1.4732
-169.96,1896.6,1927.3,-4.0749,-2604.3,-746.88,5.6017e+05,736107,1,-1362.7,528.62,91.703,1564.5,-98.869,429.27,1425.9,-1315.9,-894.16,2962.8,246408,413,1790,345,-0.50283,-1.5501,1.4763
-165.15,1894.4,1900.3,-5.5602,-2582.2,-747.97,5.6272e+05,735013,1,-1284.3,180.41,-249.2,1591.4,-48.824,490.14,1354.5,-1287.1,-876.17,2962.8,246409,413,1790,345,-0.50589,-1.5405,1.4853
-163.63,1895.2,1879.8,-4.0736,-2566.1,-753.15,5.6319e+05,733889,1,-1005.1,-132.34,-477.46,1436.7,154.69,648.23,1095.9,-1015.5,-668.28,2587.8,229979,413,1790,345,-0.50893,-1.5308,1.4942
-170.38,1900.4,1861.8,-2.2847,-2553,-767.69,5.6724e+05,732743,1,-810.2,-354.93,-635.03,1295.7,292.65,737.29,1098.4,-1037.4,-675.34,2587.8,229978,413,1774,341,-0.51195,-1.5211,1.5031
-178.28,1906.8,1841.7,-2.5329,-2538.7,-783.72,5.6694e+05,731577,1,-959.63,-321.87,-649.77,1299.9,299.1,742.22,1207.3,-1140.1,-727.95,2657.9,234504,413,1774,341,-0.51495,-1.5113,1.5119
-182.36,1911.6,1819.5,-4.0727,-2522.8,-795.72,5.6526e+05,730395,1,-1433.9,-202.07,-687.69,1450.8,268.41,758.73,1275.2,-1154.9,-707.61,2963.7,246446,413,1774,341,-0.51793,-1.5015,1.5206
-183.62,1916.5,1799,-5.3356,-2509,-805.2,5.6118e+05,729199,1,-2358.8,109.95,-697.82,1834,188.53,809.88,1357.9,-1160.9,-667.93,3708.9,274457,413,1774,341,-0.52089,-1.4916,1.5293
-210.62,1945.1,1766.1,-7.5107,-2497,-843.66,5.5101e+05,726769,1,-3244.1,71.187,-1018.8,1909.8,189.81,819.75,1246.8,-1226,-747.7,4420.3,288423,413,1774,341,-0.51725,-1.4717,1.5498
-179.95,1919.8,1777.2,-7.7054,-2494.2,-809.57,5.5676e+05,727989,1,-2989.7,322.25,-708.62,2079.9,133.12,837.66,1368.7,-1179.7,-670.19,4278.3,286946,413,1774,341,-0.52383,-1.4817,1.538
-171.86,1921.4,1755.9,-9.7673,-2479.8,-809.3,5.516e+05,726767,1,-3402.7,430.34,-748.54,2319.3,32.921,822.49,1364.4,-1198.7,-677.91,4705.2,291224,413,1774,341,-0.52675,-1.4717,1.5466
-206.22,1947.7,1743.2,-10.506,-2481.3,-847.23,5.4217e+05,725535,1,-4089.8,177.33,-1197.9,2259.6,-1.2198,754.25,1227.5,-1416.5,-917.2,5312.5,296951,413,1774,341,-0.5201,-1.4616,1.5583
-198.62,1944.7,1715.7,-14.026,-2459.4,-845.98,5.3436e+05,724291,1,-4701.6,418.57,-1180.1,2707,-297.04,630.1,1260.5,-1601.7,-1062.6,6063.8,304501,413,1774,341,-0.52293,-1.4515,1.5668
-191.16,1937,1685.7,-16.466,-2432.8,-843.35,5.3022e+05,723039,1,-4868.8,310.91,-1337.8,2946.6,-390.48,626.22,1205,-1628.8,-1091.4,6333.6,307270,413,1774,341,-0.52574,-1.4414,1.5752
-185.1,1930.4,1658.7,-17.366,-2408.7,-842.39,5.2853e+05,721777,1,-4692.9,-74.328,-1627.2,3217.7,-232.35,863.89,1005,-1436.4,-962.69,6311.1,307065,413,1774,341,-0.52853,-1.4311,1.5835
-185.37,1928.5,1635.4,-17.459,-2388.9,-849.08,5.2498e+05,720505,1,-4367.6,-350.18,-1760.6,3386.2,13.357,1142,948.72,-1280.7,-825.84,6188,305833,413,1774,341,-0.5313,-1.4209,1.5918
-197.32,1930.9,1613.4,-16.624,-2369.9,-868.22,5.1966e+05,719225,1,-3958.9,-938.87,-2140.9,3539.1,63.442,1238.4,1027.8,-1451.3,-936.6,6264.2,306602,413,1774,341,-0.53405,-1.4106,1.6001
-217.77,1928.9,1582.3,-17.839,-2339.3,-893.83,5.1194e+05,717937,1,-3692.4,-1299.2,-2355.5,3769.9,-241.45,1048.9,1153.1,-1924.6,-1291.8,6553.1,309363,413,1774,341,-0.53678,-1.4002,1.6083
-1147.5,2082.2,1184.8,-5.5212,-1900.1,-1856.2,4.9897e+05,701981,1,-2693.3,-3994.5,-3789.9,3647.7,176.55,1250.4,2855.2,-2294.5,-825.51,8159.2,318012,413,1758,340,-0.526,-1.2717,1.715
-1215.3,2084.3,1145.7,-5.5297,-1850,-1926.4,4.957e+05,700615,1,-1962.3,-4388.1,-3814,3630.3,139.38,1215.9,2859.2,-2410.9,-887.51,8191.7,318195,413,1758,340,-0.52828,-1.2606,1.7225
-586.86,1981.4,1360.6,-18.513,-2114,-1285.4,5.2146e+05,708735,1,-3478.7,-4362.7,-4570.9,4396.1,499.09,1810.8,1193.6,-2050,-1239.8,9057.9,321686,413,1774,341,-0.53486,-1.3261,1.6705
-667.91,1987,1320.6,-17.453,-2064.4,-1369.8,5.2151e+05,707395,1,-4563.8,-5007.1,-5369.1,4007,162.71,1407.8,925.88,-2504.1,-1663,10133,324908,413,1774,341,-0.53733,-1.3153,1.6782
-1014.2,2035.5,1197.6,-12.726,-1910.9,-1718.8,5.1409e+05,703341,1,-4042.7,-5143.7,-5135.7,3965.9,153.94,1359.8,2459.9,-2362.9,-1007.8,9971.3,324420,413,1774,341,-0.53417,-1.2826,1.7043
-1098,2038,1158.5,-8.8232,-1856.7,-1803.9,5.1289e+05,701979,1,-3033.7,-4829.8,-4539.5,3967.7,150.81,1354.7,2709.4,-2409.1,-943.4,9207.2,322215,413,1758,340,-0.53652,-1.2717,1.7118
-762.92,1987.6,1273.3,-15.575,-2002,-1464.9,5.2226e+05,706049,1,-2773.5,-5742.8,-5322.8,4259.3,-2.485,1365.4,1924,-2892,-1616.9,10183,325071,413,1758,340,-0.53978,-1.3045,1.6859
-863.74,1986.3,1223.4,-13.305,-1934.1,-1564.4,5.2276e+05,704697,1,-2750,-6054.4,-5500.3,4388.3,-31.215,1382,2364.3,-2896.7,-1454.3,10571,326292,413,1774,341,-0.54221,-1.2936,1.6935
-964.88,1986.6,1176.7,-9.5532,-1868.5,-1664.6,5.2339e+05,703339,1,-1920.8,-5831.3,-5008.9,4544.1,63.346,1503.6,2866.9,-2727.2,-1137.2,10131,324901,413,1758,340,-0.54462,-1.2826,1.701
-243.42,1917.9,1542.2,-18.785,-2295.1,-920.98,5.0839e+05,716641,1,-3564.4,-1429.6,-2409.8,3956.3,-855.74,585.35,1356.1,-2485.5,-1682.6,6937.6,311422,413,1774,341,-0.53949,-1.3897,1.6164
-271.83,1897.4,1494.8,-18.841,-2238.5,-947.15,5.0631e+05,715339,1,-3284.4,-1845.6,-2654.9,4103.2,-1279.2,282.59,1601.7,-2728.8,-1782,7278.9,313137,413,1774,341,-0.54218,-1.3793,1.6244
-307.23,1873.6,1447.7,-15.381,-2177.8,-978.38,5.0615e+05,714031,1,-2422.4,-2215.8,-2661.6,4062.1,-1177.3,367.11,1906.7,-2632,-1571.7,6994,311704,413,1758,340,-0.54485,-1.3687,1.6324
-354.43,1857.4,1407.8,-8.7489,-2123.8,-1023.2,5.0763e+05,712715,1,-1759.1,-2755.9,-2865,4200.9,-596.4,901.2,2127,-2072.9,-1009.3,6994,311705,413,1774,341,-0.5475,-1.3581,1.6404
-412.37,1855.4,1376.3,-2.1891,-2081.8,-1083.1,5.0884e+05,711393,1,-498.27,-3491.1,-3018.9,4276,65.192,1478.1,2963.4,-1873.7,-541.48,7389.7,313793,413,1758,340,-0.55012,-1.3475,1.6483
-476.88,1861.6,1343.4,-0.12832,-2042.3,-1152,5.1405e+05,710065,1,-61.24,-4114.5,-3337.4,4631.2,351.91,1832.5,3807.6,-2133.8,-445.37,8500,319463,413,1758,340,-0.55273,-1.3368,1.6561
-561.47,1926.4,1344.3,-3.3569,-2065.6,-1251.7,5.1487e+05,708733,1,-534.72,-4614,-3841.6,4828.2,538.46,2007.6,2911.5,-2162.6,-763.61,8814.9,320659,413,1774,341,-0.5451,-1.3261,1.6672
-550.22,1869.2,1306.2,0.019901,-1997.8,-1229.5,5.2102e+05,708731,1,65.215,-4634.7,-3667.4,4933.6,409.94,1971.1,4048.5,-2320.8,-496.6,9238.5,322311,413,1758,340,-0.55532,-1.3261,1.6638
229.94,1504.3,2472.3,-0.64314,-2898.9,-156.39,6.1287e+05,49359,1,467.09,-586.06,-734.87,1302.5,233.55,905.51,2007.2,-1182.6,-1044,3192.2,257423,413,115,328,-0.47245,-1.8151,1.1478
223.57,1490.7,2447,-0.43195,-2869.1,-168.34,6.1344e+05,49357,1,340.3,-545.58,-717.59,1203.3,309.53,997.32,1820.1,-1041.3,-874.23,2937.3,245660,413,115,328,-0.48358,-1.8122,1.1478
218.73,1478.8,2424.7,-0.28909,-2842.8,-179.05,6.1362e+05,49355,1,254.47,-508.32,-692.26,1093.6,367.56,1052.9,1622.3,-934.82,-773.9,2739.9,237836,413,115,328,-0.49469,-1.8092,1.1478
214.95,1468.5,2405.2,-0.20087,-2819.9,-189.03,6.1347e+05,49353,1,195.1,-489.38,-683.4,1023.3,390.28,1062.9,1483.9,-890.02,-747.03,2739.9,237826,413,108,326,-0.50578,-1.8061,1.1478
203.76,1485.2,2393.1,-0.33083,-2816.5,-204.3,6.1295e+05,47943,1,195.22,-496.11,-686.05,993.26,385.9,1033.2,1437.1,-904.99,-779.22,2739.9,237818,413,102,325,-0.50387,-1.7993,1.1593
193.4,1500.9,2379.9,-0.50454,-2811.8,-218.51,6.12e+05,46537,1,217.86,-470.34,-626.92,955.66,353.99,951.93,1385.6,-954.87,-867.64,2739.9,237816,413,102,325,-0.50195,-1.7924,1.1707
189.62,1491.6,2361.9,-0.49318,-2790.5,-228.77,6.1257e+05,46535,1,237.77,-480.47,-630.71,1021.5,350.43,985.95,1456.1,-958.97,-826.52,2739.9,237823,413,102,325,-0.51293,-1.7893,1.1707
185.49,1481.3,2342.6,-0.21962,-2767.6,-238.95,6.1164e+05,46533,1,1070.2,-717.36,-610.85,1105.6,332.84,1001.2,1452.1,-951.75,-802.38,2833.2,241244,413,102,325,-0.5239,-1.7861,1.1707
175.77,1496.7,2329.4,-0.50399,-2762.8,-252.62,6.1217e+05,45131,1,737.73,-459.84,-362.23,1056.4,336.27,974.41,1442.2,-979.3,-834.45,2739.9,237829,413,95,324,-0.52187,-1.7792,1.1821
165.85,1511.6,2315.7,-0.5935,-2757.5,-266.31,6.1108e+05,43733,1,240.06,-539.2,-695.21,964.53,360.36,953.57,1365.4,-953.6,-821.83,2739.9,237810,413,115,328,-0.51982,-1.7722,1.1935
161.11,1501.9,2297.4,-0.1777,-2735.5,-277.25,6.1113e+05,43731,1,1625.1,-392.78,150.52,997.11,366.17,987.28,1317.9,-948.91,-821.27,2869.2,242337,413,87,323,-0.53068,-1.769,1.1935
145.09,1509,2267.8,0.072679,-2710.9,-303.75,6.0824e+05,42335,1,1795.4,-409.15,217.6,942.89,425.02,1044.2,1227,-909.49,-781.43,2922.6,245169,413,87,323,-0.53937,-1.7586,1.2048
134.74,1500.1,2250.2,1.6791,-2688.8,-320.09,6.0558e+05,42333,1,5701.6,971.92,4071.8,932.48,417.4,1033.2,916.26,-1055.7,-1124.7,7440.6,314036,413,87,323,-0.55015,-1.7553,1.2048
127.06,1518,2239.7,0.061031,-2688.1,-332.76,6.0598e+05,40943,1,725.89,-528.09,-425.3,975.63,485.69,1138.5,1316.4,-866.68,-651.11,2739.9,237807,413,82,322,-0.54793,-1.7482,1.216
106.78,1528.6,2212.8,0.045091,-2666.8,-364.41,6.0301e+05,39555,1,111.8,-762.61,-1028.7,1009.5,537.8,1219,1344.9,-838.68,-577.88,2739.9,237806,413,79,321,-0.55636,-1.7377,1.2272
88.596,1548.6,2203.6,0.0039081,-2666.7,-387.85,5.9877e+05,38173,1,15.63,-808.37,-1122.9,1014.7,554.58,1227.7,1350.9,-837.72,-568.5,2758.4,238591,413,115,328,-0.55405,-1.7305,1.2384
70.216,1568.7,2194.3,-0.0031922,-2666.7,-411.47,6.0847e+05,36797,1,6.8392,-809.29,-1112.7,1013.7,557.69,1217.9,1342.7,-844.28,-569.15,2748.5,238258,413,115,328,-0.55173,-1.7232,1.2495
52.066,1588.6,2184.9,-0.024747,-2666.6,-434.81,6.1297e+05,35427,1,3.186,-807.22,-1099,1011.5,560.18,1204.2,1332,-847.96,-575.81,2733.4,237578,413,115,328,-0.54938,-1.7159,1.2606
49.278,1579.8,2168,-0.0033791,-2646,-444.12,6.1007e+05,35425,1,3.4175,-807.01,-1096,1009.7,558.79,1208.2,1331.8,-851.67,-566.9,2732.1,237540,413,115,328,-0.5599,-1.7125,1.2606
31.339,1599.7,2158.6,-0.0045491,-2645.9,-467.33,6.0487e+05,34059,1,0.67608,-805.85,-1079.1,1009.4,561.23,1194.4,1327.7,-860.12,-569.77,2720.6,237144,413,115,328,-0.55748,-1.7051,1.2717
13.567,1619.3,2149,-0.042825,-2645.8,-490.34,6.1059e+05,32697,1,1.2655,-791.37,-1047,1009.2,553.45,1169.3,1322.1,-879.53,-591.89,2699.3,236368,413,115,328,-0.55505,-1.6976,1.2826
-3.4435,1638.5,2138.9,-0.21937,-2645.2,-512.46,6.0639e+05,31339,1,-11.161,-726.54,-954.42,1020.2,510.96,1103.6,1324.3,-927.36,-645.78,2643.8,233959,413,115,328,-0.55259,-1.6901,1.2936
-20.402,1647.5,2111.4,-0.30959,-2623,-540.94,6.0369e+05,29985,1,3.2227,-668.93,-861.62,966.31,503.89,1065.9,1233.1,-891.05,-618.81,2492.2,225654,413,115,328,-0.56043,-1.6791,1.3045
-34.462,1665.3,2101.5,-0.12057,-2622.4,-559.91,5.9478e+05,28639,1,7.3212,-649.03,-823.53,921.01,521.43,1055.4,1169.7,-859.77,-597.85,2408,189996,413,115,328,-0.55788,-1.6715,1.3153
-48.054,1683.2,2091.6,-0.10088,-2622.2,-578.48,5.8914e+05,27299,1,-36.534,-593.97,-760.89,904.57,524.04,1036.4,1151.6,-868.97,-607.84,2356,182741,413,68,319,-0.55532,-1.6638,1.3261
-60.425,1700.5,2081,-0.39244,-2621.3,-595.69,5.9315e+05,25965,1,-116.87,-455.96,-613.21,933.1,446.69,939.08,1171,-953.07,-694.03,2304.6,169824,413,68,319,-0.55273,-1.6561,1.3368
-69.97,1715.9,2068.6,-1.0441,-2618.5,-609.62,5.8652e+05,24637,1,-156.25,-391.14,-543.48,970.3,399.98,886.26,1196.2,-989.16,-723.45,2300.5,169697,413,68,319,-0.55012,-1.6483,1.3475
-78.111,1730.1,2055.9,-1.3877,-2615.3,-621.84,5.8364e+05,23315,1,-224.09,-347.24,-509.62,1007.3,357.1,837.38,1187.4,-993.28,-721.11,2286.8,169260,413,68,319,-0.5475,-1.6404,1.3581
-87.163,1744.6,2043.8,-1.3769,-2612.5,-635.01,5.8215e+05,21999,1,-281.91,-350.36,-529.19,1026.5,366.12,843.52,1178.7,-982.24,-702.51,2286.8,169259,413,1790,345,-0.54485,-1.6324,1.3687
-96.129,1759.1,2031.7,-1.4956,-2609.9,-648.11,5.8e+05,20691,1,-344.23,-288.23,-475.23,1045.8,351.52,826.29,1176.4,-986.23,-697.34,2273.8,168804,413,68,319,-0.54218,-1.6244,1.3793
-104.33,1773.3,2019.6,-1.5696,-2607.3,-660.39,5.7922e+05,19389,1,-392.17,-271.84,-468.07,1051.9,345.6,809.17,1147.1,-987.7,-703.6,2261.4,168246,413,1790,345,-0.53949,-1.6164,1.3897
-112.41,1787.3,2007.3,-1.6088,-2604.6,-672.48,5.783e+05,18093,1,-422.08,-260.24,-460,1033.3,338.69,783.64,1107.3,-989.94,-711,2245.7,167678,413,1790,345,-0.53678,-1.6083,1.4002
-120.61,1801.1,1995,-1.5573,-2601.8,-684.61,5.7895e+05,16805,1,-469.56,-253.81,-465.09,1028.2,357.21,792.97,1106.4,-975.22,-685.82,2245.7,167681,413,1790,345,-0.53405,-1.6001,1.4106
-129.02,1815.3,1983.1,-1.5524,-2599.8,-697.1,5.7682e+05,15525,1,-541.85,-241.54,-473.69,1039.8,372.65,806.54,1111.4,-988.18,-691.16,2266.3,168540,413,1790,345,-0.5313,-1.5918,1.4209
-137.36,1829.6,1970.5,-2.0475,-2597.3,-709.52,5.7361e+05,14253,1,-727.15,-135.29,-419,1118.1,327.8,776.09,1170.7,-1030.6,-707.78,2369.8,184251,413,1790,345,-0.52853,-1.5835,1.4311
-143.95,1843.1,1958.1,-2.4236,-2594.9,-720.07,5.7083e+05,12991,1,-845.8,-33.365,-345.59,1187,259.95,717.72,1190.3,-1093.1,-759.74,2452.8,222321,413,1790,345,-0.52574,-1.5752,1.4414
-149.7,1855.2,1943.4,-3.4331,-2590.2,-729.34,5.626e+05,11739,1,-968.14,26.331,-321.48,1251.6,185.14,652.66,1209.7,-1168.2,-826.49,2565,229198,413,1790,345,-0.52293,-1.5668,1.4515
-155.05,1866,1927.6,-4.3856,-2584.1,-737.84,5.6092e+05,10495,1,-1142.4,325.65,-60.581,1402.7,-15.444,483.62,1293.3,-1265.7,-890.59,2772,239140,413,1790,345,-0.5201,-1.5583,1.4616
-152.63,1878.4,1891.3,-5.3708,-2565.3,-740.33,5.6184e+05,735011,1,-1127.5,75.925,-311.26,1479.4,6.2591,518.67,1150,-1159.2,-805.56,2673.4,235371,413,1790,345,-0.51499,-1.5405,1.4822
-141.58,1863.8,1884,-4.7504,-2550.3,-734.32,5.6086e+05,735009,1,-1113,17.795,-374.96,1383.1,54.449,545.92,1101.5,-1128.1,-785.67,2587.8,229975,413,1774,341,-0.52408,-1.5405,1.479
-145.08,1865.1,1907.9,-4.9435,-2569.9,-731.66,5.6306e+05,736103,1,-1334.9,623.83,186.63,1545.1,-201.17,335.41,1284.8,-1281.9,-896.96,2962.8,246406,413,1790,345,-0.52091,-1.5501,1.4701
-154.52,1880.9,1872.7,-3.1133,-2550.9,-749.33,5.6488e+05,733887,1,-877.8,-251.97,-563.53,1290.3,233,687.55,1052.7,-1005.5,-665.09,2587.8,229976,413,1774,341,-0.51809,-1.5308,1.4911
-161.78,1886.8,1853.8,-2.3368,-2537.3,-764.59,5.6712e+05,732741,1,-912.71,-297.87,-620.36,1268.3,289.16,734.2,1164,-1085.8,-696.12,2587.8,229981,413,1774,341,-0.52116,-1.5211,1.4999
-165.68,1891.7,1832.2,-3.6023,-2521.9,-776.43,5.6679e+05,731575,1,-1310.3,-120.13,-576,1447.9,211.86,715.12,1290.2,-1188.9,-743.92,2889.2,243525,413,1774,341,-0.52421,-1.5113,1.5087
-163.98,1893.9,1809.1,-5.4267,-2504.9,-782.18,5.6698e+05,730393,1,-2044.4,204.95,-508.97,1834.9,79.717,717.37,1402.7,-1200.1,-698.77,3502.1,268079,413,1774,341,-0.52725,-1.5015,1.5174
-159.08,1895.4,1787.7,-6.6532,-2489.5,-784.77,5.5953e+05,729197,1,-2470.8,402.75,-465.7,2081.4,37.455,760.36,1445.5,-1176.5,-647.56,3910.1,280542,413,1774,341,-0.53026,-1.4916,1.5261
-149.2,1895.2,1765.9,-8.3503,-2474,-782.18,5.5653e+05,727987,1,-2835.2,535.99,-467.29,2352.8,-29.958,788.85,1416.8,-1171.5,-638.85,4300.1,287176,413,1774,341,-0.53326,-1.4817,1.5347
-162.3,1919.9,1733.2,-11.383,-2462.8,-806.68,5.4339e+05,725533,1,-3704.5,449.54,-837.05,2659.7,-157.19,759.09,1373.4,-1335,-788.83,5156.7,295501,413,1774,341,-0.52965,-1.4616,1.5551
-137.17,1893.5,1744.7,-9.3467,-2458.5,-777.11,5.5118e+05,726765,1,-2883.3,491.13,-532.1,2607.3,-131.83,780.21,1358.4,-1205.7,-675.46,4474,288964,413,1774,341,-0.53623,-1.4717,1.5433
-153.79,1913.3,1706.2,-12.569,-2439.2,-803.38,5.3512e+05,724289,1,-3450.2,318.99,-875.84,2955.4,-417.3,619.52,1355,-1566.6,-992.42,5228.8,296196,413,1774,341,-0.53253,-1.4515,1.5635
-147.17,1903.1,1676.6,-13.016,-2411.1,-800.61,5.2967e+05,723037,1,-2659.1,35.809,-867.63,3049.6,-490.02,588.91,1287.6,-1569.7,-998.06,4778.1,292040,413,1774,341,-0.53539,-1.4414,1.5719
-149.33,1894.1,1649.8,-10.532,-2383.5,-806.51,5.2795e+05,721775,1,-1995.2,-426.63,-1060.1,3027.5,-370.32,693.52,1283.9,-1424.7,-853.23,4413.2,288363,413,1774,341,-0.53824,-1.4311,1.5803
-162.24,1889.9,1626,-6.5796,-2358.5,-824.15,5.2405e+05,720503,1,-1301.7,-793.49,-1149.2,3066,-81.222,967.43,1347.5,-1348.9,-748.94,4264.2,286773,413,1774,341,-0.54106,-1.4209,1.5886
-183.22,1889.9,1601.9,-3.7796,-2334,-850.85,5.1613e+05,719223,1,-462.11,-1207.3,-1222,2882,-38.936,946.45,1611.2,-1592.5,-854.78,4269.7,286847,413,1774,341,-0.54386,-1.4106,1.5968
-205.86,1888.9,1572.2,-4.0508,-2304.4,-878.71,5.0892e+05,717935,1,-644.54,-1307.4,-1357.1,3167.8,-370.83,752.94,1673.7,-2056.4,-1220.1,4819.2,292444,413,1774,341,-0.54664,-1.4002,1.6049
-1179.9,2040.2,1118.3,-6.1967,-1801.4,-1886.9,5.0994e+05,700613,1,-1770.5,-5049.6,-4264.4,4050,131.37,1369.3,2975.4,-2514.2,-911.56,9006.6,321436,413,1758,340,-0.53884,-1.2606,1.7192
-642.99,1934.3,1303.4,-4.0998,-2016.5,-1337.1,5.1154e+05,707393,1,-425.15,-5140.3,-4171.8,4850.7,244.28,1779.5,3092.6,-2677.5,-1087.1,9416.9,322852,413,1758,340,-0.54762,-1.3153,1.6749
-1060.6,1988.8,1132.2,-6.5703,-1806.6,-1760.2,5.2249e+05,701977,1,-961.83,-5557.6,-4433.6,4566.3,152.28,1576.2,3339.7,-2650.2,-897.9,9685.6,323674,413,1758,340,-0.54701,-1.2717,1.7085
-732.85,1936.4,1253.5,-6.2607,-1954.4,-1427.7,5.154e+05,706047,1,-418.02,-5682.2,-4537.4,4896,-55.523,1560,3300,-3158.9,-1366.3,10109,324846,413,1758,340,-0.55011,-1.3045,1.6825
-833.38,1932.5,1197.6,-6.9356,-1880.4,-1525.5,5.1762e+05,704695,1,-318.96,-6173.8,-4829.5,5057.5,-186.58,1509.1,3558.4,-3206.6,-1292.8,10679,326700,413,1758,340,-0.55259,-1.2936,1.6901
-941.11,1929.4,1144,-4.6602,-1805.6,-1630,5.213e+05,703337,1,322.51,-6324.6,-4672.9,5319.5,-34.531,1719.2,4178.1,-3077.8,-954.86,11002,327840,413,1758,340,-0.55505,-1.2826,1.6976
-1043.7,1930.9,1096,-2.1521,-1738.4,-1731.1,5.2644e+05,701975,1,48.335,-5931.3,-4411.7,5097.6,162.76,1785,3966.9,-2787.8,-786.02,10391,325668,413,1758,340,-0.55748,-1.2717,1.7051
-227.56,1879.2,1532.1,-6.9841,-2261.9,-902.51,5.0535e+05,716639,1,-1218.7,-1154,-1410.9,2929.7,-832.72,283.14,1856.7,-2517.8,-1533.6,5128.7,295286,413,1758,340,-0.5494,-1.3897,1.613
-253.71,1860,1483.6,-9.2211,-2206,-926.81,5.0148e+05,715337,1,-1846.2,-1705.4,-2079.5,3264.6,-1265.2,33.882,1877.8,-2858.5,-1790.2,6148.4,305420,413,1758,340,-0.55214,-1.3793,1.6211
-289.52,1837,1432.3,-9.2804,-2142.7,-958.45,5.0304e+05,714029,1,-2788.9,-2348.2,-2926.5,3161.1,-1215.3,57.116,2136.2,-2902.6,-1707.4,7016.6,311810,413,1758,340,-0.55485,-1.3687,1.6291
-337.25,1819,1384.5,-7.2457,-2081.8,-1002.8,5.0576e+05,712713,1,-1990.7,-3110.4,-3259.5,3458.9,-676.88,609.94,2566.4,-2419,-1136.9,7126.5,312332,413,1758,340,-0.55755,-1.3581,1.637
-397.13,1811.3,1343.5,-3.8212,-2028.7,-1062.1,5.1135e+05,711391,1,-3089.9,-3571.6,-3990.6,3615.6,-364.49,932.41,2997.7,-2427.9,-970.89,8253.9,318507,413,1758,340,-0.56023,-1.3475,1.6448
-463.53,1810.8,1304.7,-1.6808,-1979.8,-1129.9,5.1939e+05,710063,1,-2500.3,-4054.3,-4144.8,4017.3,42.521,1401.5,3418.1,-2301.3,-702.29,8686,320128,413,1758,340,-0.56288,-1.3368,1.6526
-537.19,1813.1,1263.8,-0.97773,-1928.7,-1205.4,5.2352e+05,708729,1,-1975,-4608.7,-4367.2,4390.5,159.1,1621.5,3768.1,-2470.3,-694.9,9323.5,322600,413,1758,340,-0.56552,-1.3261,1.6604
-632.31,1875.6,1264.8,-0.088365,-1946.7,-1314.5,5.2225e+05,707391,1,157.96,-5151,-3999.6,5160,200.62,1881.2,4315.2,-2725.6,-702.19,9965,324405,413,1758,340,-0.55788,-1.3153,1.6715
-618.84,1815.6,1219.7,-0.88133,-1872.9,-1288.1,5.2321e+05,707389,1,-908.53,-5406.5,-4574.7,4870,-1.2586,1657.2,4257.2,-2896.7,-834.15,10230,325196,413,1758,340,-0.56813,-1.3153,1.668
235.29,1475,2461.3,-0.20343,-2875,-152.95,6.1437e+05,50771,1,448.48,-528.99,-655.88,1329.4,271.14,1001.9,2059.4,-1098.7,-881.74,3159.4,251674,413,115,328,-0.48539,-1.8189,1.1362
229.9,1462,2436.9,-0.035335,-2846.4,-163.85,6.1346e+05,50769,1,390.17,-441.9,-534.24,1148,350.12,1060.9,1735.3,-955.09,-768.35,2777.2,239317,413,115,328,-0.49654,-1.8159,1.1362
225.29,1451.3,2416.3,0.11235,-2822.2,-174.42,6.122e+05,50767,1,614.65,-335.51,-255.79,1142.5,398.65,1146.8,1542.3,-877.56,-709.22,2739.9,237832,413,108,326,-0.50767,-1.8128,1.1362
211.52,1458.4,2386.1,-0.0075805,-2797.4,-198.55,6.1208e+05,49351,1,3314.7,-114.06,1340.9,1247.7,365.34,1136.6,1542.3,-886.25,-697.17,4408,288305,413,102,325,-0.51685,-1.803,1.1478
200.19,1475.6,2374.8,-0.2575,-2794.9,-214.21,6.1262e+05,47941,1,228.83,-506.18,-681.99,1037.1,371.83,1035.2,1472.9,-922.2,-774.44,2739.9,237827,413,102,325,-0.5149,-1.7961,1.1593
195.36,1464.2,2354.3,0.55146,-2770.3,-224.66,6.1219e+05,47939,1,16500,-738.93,6443.5,1343.9,436.38,1286.8,1495.2,-810.48,-573.26,17922,336553,413,102,325,-0.52592,-1.793,1.1593
156.66,1468.8,2323.7,8.1248,-2740,-272,6.1091e+05,46531,1,24137,-887.68,9772.3,1965.1,505.71,1676,3428.9,-528.13,784.95,26429,341861,413,95,324,-0.53485,-1.7828,1.1707
168.16,1486.1,2309.7,0.64028,-2738.7,-265.96,6.0999e+05,45129,1,3999,-1116.9,144.99,1006.4,385.95,1033.4,1149.7,-889.85,-820.87,4719.9,291365,413,95,324,-0.53278,-1.7759,1.1821
81.308,1477.3,2298.5,24.608,-2710.2,-355.45,6.0902e+05,45127,1,23180,2218.2,14053,1912.6,452.97,1566.9,4770.7,-496.2,1486.3,27771,342489,413,87,323,-0.54367,-1.7726,1.1821
148.98,1492.3,2279.2,2.0904,-2712.3,-295.13,6.0745e+05,43729,1,4378.7,-15.207,1994,871.33,399.38,985.24,943.8,-933.63,-956.74,5264.6,296528,413,87,323,-0.54153,-1.7657,1.1935
66.134,1485.7,2270.8,25.169,-2687.4,-381.22,6.0774e+05,43727,1,17561,1664.6,10632,1002.7,430.96,1100.3,324.67,-890.78,-1168.8,20709,338619,413,87,323,-0.55235,-1.7623,1.1935
-186.44,1475.7,2272.1,100.53,-2640.3,-627.54,6.086e+05,43725,1,22343,6045.7,19475,2912.1,888.62,2696.9,11217,1362.2,7367,33369,344907,413,82,322,-0.56316,-1.7589,1.1935
98.595,1492.7,2235.8,10.579,-2665.7,-361.27,6.0682e+05,42331,1,8627.9,2397,7568.9,1089.1,372.75,1048.1,892.83,-1221.8,-1365.8,12002,329878,413,82,322,-0.56091,-1.7519,1.2048
121.72,1509,2222.3,0.66945,-2666.9,-344.22,6.0496e+05,40941,1,3593.5,216.26,1992.4,1105.1,454.27,1160.8,1159.6,-907.85,-769.2,4739.7,291561,413,79,321,-0.55865,-1.7448,1.216
102.65,1519.7,2195.8,0.51144,-2646,-374.7,6.0381e+05,39553,1,4118,-385.36,1385.4,1076,556.5,1285.6,980.86,-866.5,-772.96,4945.4,293646,413,79,321,-0.56701,-1.7342,1.2272
85.673,1539.8,2186.4,0.022813,-2646,-397.09,6.0028e+05,38171,1,86.197,-811.6,-1092.6,1010.6,552.95,1230.7,1333.2,-840.68,-566.81,2739.9,237805,413,79,321,-0.56466,-1.727,1.2384
67.399,1559.9,2177.2,0.0033738,-2646,-420.7,5.918e+05,36795,1,41.794,-803.55,-1088.1,1010.1,555.89,1221.9,1332.2,-845.92,-564.15,2731.8,237529,413,115,328,-0.56229,-1.7198,1.2495
64.538,1551.2,2160.3,0.043554,-2625.3,-429.88,6.0036e+05,36793,1,99.015,-792.6,-1040.4,1016.3,554.37,1224.7,1311.9,-850.99,-566.24,2721.6,237191,413,74,320,-0.57283,-1.7163,1.2495
46.468,1571.2,2151.1,0.0017341,-2625.3,-453.36,5.8762e+05,35423,1,6.5288,-807.21,-1089,1005.2,558.26,1209,1322.7,-856.63,-561.59,2724,237255,413,115,328,-0.57039,-1.709,1.2606
28.544,1591.1,2141.8,0.00040274,-2625.3,-476.65,5.9996e+05,34057,1,1.4822,-806.05,-1078,1004,559.91,1197.6,1320.1,-861.61,-563.37,2714.8,236930,413,115,328,-0.56793,-1.7016,1.2717
10.813,1610.8,2132.4,-0.003708,-2625.3,-499.72,6.0217e+05,32695,1,-4.991,-781.24,-1034.3,1001,548.63,1166.1,1306.1,-882.73,-590.04,2678.8,235599,413,115,328,-0.56545,-1.6942,1.2826
-5.8759,1629.7,2122,-0.26332,-2624.3,-521.53,6.0945e+05,31337,1,-11.723,-713.26,-935.59,994.59,510.98,1099.2,1289.5,-913.4,-629.95,2595.5,232078,413,115,328,-0.56295,-1.6867,1.2936
-8.1284,1621.4,2105.9,-0.17566,-2604.4,-530.46,6.1097e+05,31335,1,-5.8231,-714.26,-933.28,965.56,532.27,1121.3,1242.9,-875.87,-590.28,2552.4,228750,413,115,328,-0.57329,-1.6832,1.2936
-22.821,1639.8,2096.4,-0.059984,-2604.1,-550.3,5.9962e+05,29983,1,7.2598,-663.78,-848.74,927.09,531.94,1088.5,1196.3,-856.18,-574.91,2446,221670,413,68,319,-0.57072,-1.6757,1.3045
-36.681,1658,2086.7,-0.069214,-2604,-569.28,5.9716e+05,28637,1,-19.14,-609.06,-779.22,921.66,526.35,1063.5,1192.3,-866.29,-582.17,2397.3,188027,413,68,319,-0.56813,-1.668,1.3153
-49.578,1675.9,2076.9,-0.20021,-2603.8,-587.26,5.9825e+05,27297,1,-59.797,-544.81,-708.1,931,500.42,1024,1193,-899.38,-616.87,2362.3,183370,413,68,319,-0.56552,-1.6604,1.3261
-60.629,1692.6,2065.8,-0.70544,-2602.4,-603.11,5.944e+05,25963,1,-163.56,-397.4,-561.53,976.43,408.46,918.1,1217.4,-982.49,-701.2,2324.3,170695,413,68,319,-0.56288,-1.6526,1.3368
-68.897,1707.1,2052.9,-1.3804,-2598.9,-615.6,5.8858e+05,24635,1,-263.68,-310.58,-488.7,1022.5,343.14,843.06,1224.5,-1012.1,-726.45,2308.7,169966,413,68,319,-0.56023,-1.6448,1.3475
-77.177,1721.2,2040.8,-1.2666,-2595.9,-627.97,5.8354e+05,23313,1,-308.74,-303.82,-493.3,1047.1,331.45,829.49,1216.7,-998.05,-703.28,2301.4,169727,413,68,319,-0.55755,-1.637,1.3581
-85.819,1735.5,2028.7,-1.3247,-2593.2,-640.79,5.8131e+05,21997,1,-354.69,-283.65,-481.85,1058.6,340.15,834.11,1201.4,-991.9,-693.45,2297.5,169575,413,68,319,-0.55485,-1.6291,1.3687
-93.403,1749.8,2016.6,-1.593,-2590.7,-652.56,5.8265e+05,20689,1,-390.38,-237.03,-435.02,1067.6,334.14,820.16,1174.1,-987.12,-690.23,2269.6,168639,413,68,319,-0.55214,-1.6211,1.3793
-100.89,1764,2004.8,-1.6962,-2588.4,-664.22,5.8188e+05,19387,1,-401.32,-244.63,-443.17,1063,341.06,817.34,1145.6,-971.58,-674.7,2245.7,167676,413,1790,345,-0.5494,-1.613,1.3897
-108.64,1778.1,1993,-1.7452,-2586.2,-676.12,5.8085e+05,18091,1,-440.33,-239.38,-446.58,1053.6,336.83,797.83,1119.6,-987.26,-696.38,2245.7,167677,413,1790,345,-0.54664,-1.6049,1.4002
-116.37,1791.9,1980.5,-1.9727,-2583.3,-687.87,5.7715e+05,16803,1,-535.58,-161.5,-390.34,1084.3,309.69,769.98,1134.8,-1012.9,-708.95,2268.5,168604,413,1790,345,-0.54386,-1.5968,1.4106
-123.22,1805.7,1968.4,-2.2204,-2581.1,-698.8,5.7575e+05,15523,1,-730.14,-74.293,-361.01,1167.4,284.54,761.85,1183,-1038.8,-710.8,2382.6,186043,413,1790,345,-0.54106,-1.5886,1.4209
-128.47,1818.8,1955.2,-3.0844,-2578,-707.99,5.7379e+05,14251,1,-904.62,20.475,-317.46,1251.8,227.26,722.02,1200.9,-1077,-737.68,2491.1,225598,413,1790,345,-0.53823,-1.5803,1.4311
-134.51,1831.3,1942.2,-3.3273,-2574.6,-717.76,5.6754e+05,12989,1,-999.03,69.595,-295.19,1318.4,169.91,675.34,1241.5,-1128.2,-770.51,2592.5,230164,413,1790,345,-0.53539,-1.5719,1.4414
-138.71,1842.3,1927.5,-4.0163,-2569.6,-725.28,5.6376e+05,11737,1,-1128.1,158.35,-243.15,1416.6,48.779,572.44,1252.4,-1225.3,-860.13,2739.2,237775,413,1790,345,-0.53253,-1.5635,1.4515
-143.35,1851.7,1911,-4.689,-2562.1,-732.69,5.6041e+05,10493,1,-1376.5,727.27,272.58,1529.2,-210.25,331.91,1222.8,-1267.6,-906.25,2962.8,246405,413,1790,345,-0.52965,-1.5551,1.4616
-132.56,1850.2,1899.8,-5.0532,-2554.6,-723.96,5.573e+05,736101,1,-1309.1,580.1,142.43,1484.9,-168.57,356.91,1141.7,-1222,-876.58,2827.8,241095,413,1790,345,-0.52992,-1.5501,1.4668
-130.81,1850.1,1877.5,-4.3514,-2536.5,-728.7,5.5966e+05,735007,1,-1125.7,31.252,-375.02,1351.9,93.5,587.11,1057.7,-1104.7,-770.54,2558.2,228964,413,1774,341,-0.53314,-1.5405,1.4757
-145.14,1867.5,1865.6,-2.9268,-2536.4,-745.34,5.6197e+05,733885,1,-1001.1,-213.59,-574.87,1242.2,229.09,675.71,1048.8,-1042.4,-700.43,2587.8,229977,413,1774,341,-0.52723,-1.5308,1.4879
-132.53,1853.8,1858.1,-3.7413,-2522.3,-738.05,5.6264e+05,733883,1,-1331.4,-67.714,-550.66,1359.8,183.25,679.61,1095.8,-1093,-730.06,2711.7,236822,413,1774,341,-0.53635,-1.5308,1.4846
-149.61,1872.4,1844.9,-3.4386,-2521.4,-757.72,5.6616e+05,732739,1,-1387.7,-98.003,-592.79,1404.8,190.04,691.46,1208.9,-1161.4,-751.67,2854.8,241946,413,1774,341,-0.53035,-1.5211,1.4967
-148.93,1874.7,1821.9,-5.0324,-2504.3,-764.44,5.6563e+05,731573,1,-1961.3,212.61,-483.24,1739,23.297,640.06,1352.7,-1259.2,-782.23,3404,264862,413,1774,341,-0.53346,-1.5113,1.5055
-142.92,1874,1798.2,-6.5115,-2486,-765.19,5.6348e+05,730391,1,-2229.1,396.19,-397.76,1916.2,-58.152,621.49,1366.2,-1238.1,-744.05,3646.7,272504,413,1774,341,-0.53655,-1.5015,1.5142
-134.31,1872.6,1776.2,-7.226,-2469.1,-763.33,5.5825e+05,729195,1,-2481.9,536.82,-354.15,2135.5,-93.583,665.03,1371.5,-1184.8,-674.85,3914.7,280638,413,1774,341,-0.53962,-1.4916,1.5228
-121.79,1869.9,1754.6,-7.9965,-2452.8,-757.45,5.5667e+05,727985,1,-2463.4,559.05,-332.85,2264.8,-136.86,671.35,1286.5,-1131.8,-637.77,3928.5,281052,413,1774,341,-0.54266,-1.4817,1.5314
-111.62,1867.1,1734.1,-7.4349,-2436.7,-753.78,5.5215e+05,726763,1,-2135.7,332.58,-435.96,2220.7,-107.14,683.44,1211.4,-1139.8,-660.52,3670.8,273179,413,1774,341,-0.54569,-1.4717,1.54
-128.95,1890.1,1722.4,-9.2288,-2440.2,-775.12,5.432e+05,725531,1,-2418.3,269.61,-583.91,2615.5,-280.21,644.81,1304.1,-1370.2,-834.56,4227.5,286303,413,1774,341,-0.53918,-1.4616,1.5518
-108.15,1864.6,1712.8,-6.2853,-2418.6,-756.57,5.4732e+05,725529,1,-1762.4,80.02,-544.78,2185.1,-165.39,615.43,1166,-1249.7,-768.63,3478.8,267322,413,1774,341,-0.54869,-1.4616,1.5485
-124.82,1883.2,1696,-8.9985,-2415.9,-775.83,5.342e+05,724287,1,-1948.8,14.075,-660.2,2545.5,-433.64,480.03,1245.4,-1517.8,-979.49,3993.2,282546,413,1774,341,-0.54212,-1.4515,1.5602
-128.38,1874.5,1667.8,-7.1004,-2387.2,-783.07,5.343e+05,723035,1,-1290.3,-334.95,-753.64,2248.6,-418.27,395.73,1210,-1598.7,-1049.7,3585.3,270679,413,1774,341,-0.54503,-1.4414,1.5686
-139.4,1867.1,1639.4,-4.7242,-2357.3,-797.76,5.3506e+05,721773,1,-723.28,-689.23,-874.05,2217.8,-303.94,489.92,1310.3,-1493.1,-901.59,3431.1,265846,413,1774,341,-0.54792,-1.4311,1.5769
-157.58,1864.9,1613.6,-2.3368,-2330.7,-820.96,5.3485e+05,720501,1,-669.84,-1000.6,-1130.5,1873.6,-61.587,595.19,1500.6,-1505.1,-826.33,3434.6,265955,413,1758,340,-0.55079,-1.4209,1.5852
-179.15,1865.9,1587.4,-1.5657,-2305.1,-848.5,5.2995e+05,719221,1,-987.43,-1159.9,-1373.4,2005.3,-29.063,670.83,1742.5,-1628.1,-835.1,3881.1,279824,413,1774,341,-0.55364,-1.4106,1.5934
-198.44,1863.9,1556.3,-3.0852,-2274.6,-872.79,5.1806e+05,717933,1,-1619.2,-908.21,-1360.6,2252.3,-338.34,486.18,1892.5,-1976.2,-1071.2,4399.5,288198,413,1758,340,-0.55647,-1.4002,1.6016
-723.66,1876,1214.4,-1.0963,-1882.2,-1405.4,5.2446e+05,706045,1,416.17,-5722.4,-4309.2,5366.9,-139.86,1681,4462.9,-3209.4,-1005.8,10694,326763,413,1758,340,-0.56043,-1.3045,1.6791
-826.47,1869.4,1155.4,-1.8215,-1803.1,-1503.8,5.2937e+05,704693,1,770.93,-6355.3,-4616.6,5594.7,-327.92,1615.4,4769.2,-3449.3,-1053.4,11492,329004,413,1758,340,-0.56295,-1.2936,1.6867
-211.86,1853.4,1517.2,-6.8681,-2234.4,-888.49,5.0869e+05,716637,1,-3283.3,-542.52,-1617.3,2572.8,-840.74,169.88,1964.3,-2414,-1402.3,5718.2,300778,413,1758,340,-0.55928,-1.3897,1.6096
-223.21,1834.4,1470.5,-11.827,-2183.8,-898.99,5.0234e+05,715335,1,-4048,-890.19,-2173.3,2891.8,-1280,-84.765,1855.9,-2805.1,-1748,6802.8,310815,413,1758,340,-0.56207,-1.3793,1.6177
-242.31,1809.9,1418,-16.039,-2123.4,-914.42,5.0357e+05,714027,1,-4220.4,-1673.4,-2876.1,2968.8,-1363.4,-118.86,1839.5,-3015.3,-1904.4,7461.5,314207,413,1758,340,-0.56484,-1.3687,1.6256
-277.56,1787.2,1366.1,-17.355,-2060,-945.23,5.0827e+05,712711,1,-4808.5,-2738.2,-3945.8,3321.7,-1058.3,273.59,1971.6,-2838.1,-1676.8,8554,319636,413,1758,340,-0.56758,-1.3581,1.6335
-330.07,1772.2,1318.3,-16.322,-1999.5,-994.7,5.1395e+05,711389,1,-4819.3,-3629,-4643.2,3684.5,-485.03,878.25,2414,-2569.3,-1272.3,9305.1,322535,413,1758,340,-0.57031,-1.3475,1.6414
-483.4,1765.8,1232.2,-9.896,-1885.5,-1146.6,5.2241e+05,708727,1,-1982.5,-5526,-5097.3,3927.9,-41.106,1330.7,2965.9,-2804,-1210.3,9786.4,323949,413,1758,340,-0.57569,-1.3261,1.6569
-582,1764,1183.2,-6.3688,-1818.2,-1242.8,5.1762e+05,707387,1,-927.72,-6114.4,-5149.8,4072.3,-241.91,1222.8,3354.7,-3150.2,-1324.5,10288,325354,413,1758,340,-0.57835,-1.3153,1.6645
-711.62,1813.7,1167.6,-1.4498,-1805,-1378.9,5.2049e+05,706043,1,157.4,-6163.4,-4733.4,5311.3,-387.62,1508,4770.4,-3500.3,-1093.7,11281,328548,413,1758,340,-0.57072,-1.3045,1.6757
-689.23,1757.7,1126.1,-4.2709,-1739,-1344.7,5.0729e+05,706041,1,-103.65,-6536.3,-5142.3,4334,-467.59,1139.2,3842.7,-3610.5,-1488.2,10931,327660,413,1758,340,-0.58099,-1.3045,1.6721
236.97,1445.1,2448.4,0.761,-2848.8,-152.57,6.123e+05,52185,1,1589.5,285.48,1183.1,1174.6,290.32,989.94,1781,-985.86,-809.91,3354.3,263324,413,114,327,-0.49837,-1.8226,1.1247
244.93,1458.8,2474.3,0.10193,-2879.4,-139.48,6.1502e+05,52187,1,1079.2,-171.49,196.77,1353.2,234.81,969.2,2142.7,-1078.5,-821.89,3238.5,258910,413,115,328,-0.48718,-1.8256,1.1247
227.66,1434.1,2427.2,2.0271,-2823.5,-167.51,6.1179e+05,52183,1,1497,736.37,1887.1,1260.3,279.97,1022,1560.9,-931.77,-802.11,3606,271293,413,114,327,-0.50954,-1.8195,1.1247
203.26,1417.5,2407.9,12.541,-2794.7,-195.23,6.1424e+05,52181,1,36426,-2277,13347,3875.7,706.57,2954.7,6425.5,-345.43,2460.9,39773,347122,413,108,326,-0.5207,-1.8164,1.1247
218.1,1440.4,2396.3,1.3413,-2798.1,-187.28,6.1292e+05,50765,1,10692,-2927.1,277.51,1318.2,435.59,1297.8,1553.1,-879.28,-691.6,11412,328829,413,108,326,-0.51879,-1.8097,1.1362
-30.8,1424.8,2376.2,64.806,-2736.4,-430.57,6.1127e+05,50763,1,45541,-3104.4,16419,6040.2,-245.96,2443,17502,-2151.6,4819.4,52248,350198,413,102,325,-0.52988,-1.8065,1.1362
198.77,1441.7,2365.1,6.8244,-2768.7,-215.05,6.1346e+05,49349,1,39563,-7159.7,7215.8,1900.2,237.86,1247.3,2326,-1126.2,-692.43,40999,347474,413,102,325,-0.52791,-1.7997,1.1478
-708.65,1417.9,2327.4,230.1,-2587.8,-1086.2,6.134e+05,49347,1,47086,-3379.9,16638,7145.3,513.54,4175.8,25293,-1280.9,9951.3,57572,351234,413,102,325,-0.53894,-1.7965,1.1478
-59.958,1453.7,2346.9,68.752,-2719.3,-475.15,6.1056e+05,47937,1,43427,4536.5,27299,4583.4,-347.93,1607.8,10596,-3283.8,-101.33,52901,350344,413,102,325,-0.53691,-1.7897,1.1593
-728.53,1361.3,2099.9,182.73,-2357.9,-1095.7,6.1155e+05,47935,1,26721,1139,14288,6175.1,511.09,3694.7,27894,-405,12578,43680,348180,413,95,324,-0.54788,-1.7864,1.1593
-374.2,1463.1,2328,148.27,-2656.9,-786.76,6.1112e+05,46529,1,39803,4537.6,25384,4517.4,992.85,3651.1,16433,-1005.7,6267,50934,349921,413,95,324,-0.54578,-1.7795,1.1707
-682.17,1376.8,1958.1,103.07,-2248.3,-1062.7,6.0974e+05,46527,1,16225,4819.6,14929,5139.6,1044.9,4026.2,24102,1307.1,13423,36275,345972,413,87,323,-0.55669,-1.7761,1.1707
-344.75,1463,2291.2,141.53,-2627,-766.52,6.1021e+05,45125,1,27499,5450,21021,3647.8,1478.1,3945.1,14657,3948.9,12902,40691,347394,413,87,323,-0.55453,-1.7693,1.1821
-617.09,1409.6,2009.8,107.1,-2315.2,-1017.5,6.0898e+05,45123,1,16640,5704.1,16361,6302.4,1342.4,5030.1,28875,3549.7,19140,43089,348037,413,87,323,-0.56538,-1.7658,1.1821
-665.76,1335.7,1690.1,12.513,-1996.4,-1047.9,6.074e+05,45121,1,6875.7,2588.8,7164.3,3053.4,1223.1,3296.4,15339,3384.8,12464,23002,340007,413,82,322,-0.5762,-1.7623,1.1821
-550.17,1446.5,2118.1,138.43,-2432.4,-972.46,6.0876e+05,43723,1,22011,5395.1,18384,5910.9,1076.5,4455.3,26577,2560.9,16667,43568,348155,413,82,322,-0.57394,-1.7554,1.1935
-73.808,1478.6,2224.5,62.293,-2618.3,-529.65,6.0697e+05,42329,1,23933,3412.6,16362,3254.1,363.22,2080.2,10515,-172.04,4789.6,31634,344231,413,79,321,-0.57165,-1.7484,1.2048
101.92,1498.7,2207.3,7.4206,-2644.3,-368.87,6.0614e+05,40939,1,11478,13.992,5472,1212.1,489.67,1268.9,500.59,-779.66,-886.12,12909,331232,413,79,321,-0.56934,-1.7413,1.216
-123.46,1486.5,2206.2,77.792,-2596.3,-587.74,6.0751e+05,40937,1,24836,1047.6,13375,2931,892.63,2680.2,10326,134.96,5170.2,30770,343863,413,79,321,-0.58002,-1.7378,1.216
73.346,1510.9,2182.2,9.5068,-2623.6,-408.76,6.0613e+05,39551,1,16335,-1043.6,6315.4,548.78,788.83,1369.2,360.47,-917.36,-1129,17687,336330,413,79,321,-0.57764,-1.7307,1.2272
80.918,1531.1,2169.5,0.61467,-2625.1,-407.98,6.0372e+05,38169,1,5387.2,-399.83,1980.9,859.69,536.01,1144.2,986.73,-880.11,-768.61,6146.5,305410,413,74,320,-0.57525,-1.7235,1.2384
58.85,1542.3,2143.8,1.3199,-2604.4,-441.53,6.0341e+05,36791,1,3158.6,-1042.9,55.798,1064,524.14,1216.2,1004.4,-811.91,-647.21,4005,282743,413,74,320,-0.58335,-1.7127,1.2495
43.434,1562.6,2134.2,0.087772,-2604.7,-462.69,5.9706e+05,35421,1,1073.3,-742.49,-503.7,1026.3,566.47,1241.1,1185.7,-862.53,-620.91,2721.6,237190,413,115,328,-0.58087,-1.7055,1.2606
25.69,1582.6,2125,0.016192,-2604.8,-485.92,5.8933e+05,34055,1,17.182,-802.8,-1063.4,995.26,560.65,1199.7,1304.1,-861.5,-557.73,2697,236293,413,115,328,-0.57836,-1.6981,1.2717
8.0981,1602.4,2115.8,-0.0069814,-2604.8,-508.96,6.0567e+05,32693,1,-0.89964,-771.82,-1018,989.8,550.03,1169.5,1293.4,-876.62,-574.76,2655.9,234436,413,115,328,-0.57584,-1.6907,1.2826
5.3774,1594.2,2099.4,0.027414,-2584.7,-518.14,5.9715e+05,32691,1,151.82,-754.67,-923.5,963.92,554.43,1170.5,1257.4,-864.53,-563.96,2588.1,230020,413,68,319,-0.5862,-1.6871,1.2826
-10.527,1613.5,2090.3,-0.023148,-2584.9,-539.5,6.034e+05,31333,1,18.194,-708.61,-910.99,962.26,538.88,1133.4,1250.3,-864.57,-556.94,2540.5,228110,413,68,319,-0.58361,-1.6797,1.2936
-25.359,1632.2,2080.9,-0.011024,-2584.9,-559.65,5.9963e+05,29981,1,29.006,-671.61,-848.17,948.26,527.16,1098.3,1242.6,-876.25,-569.56,2488.2,225433,413,68,319,-0.58099,-1.6721,1.3045
-38.956,1650.3,2071.2,-0.1131,-2584.6,-578.44,6.0258e+05,28635,1,28.422,-615.91,-768.88,952.72,505.9,1061.6,1248.5,-896.65,-586.78,2443.2,221452,413,68,319,-0.57835,-1.6645,1.3153
-50.617,1667.7,2061.1,-0.41957,-2584.1,-595.18,6.0166e+05,27295,1,-56.647,-488.87,-636.28,993.37,449.91,994.16,1271.3,-947.8,-633.37,2395.9,187844,413,68,319,-0.57569,-1.6569,1.3261
-59.428,1683.5,2049.4,-1.1925,-2582,-608.66,5.975e+05,25961,1,-132.34,-317.88,-448.95,1057.7,328.06,859.69,1286.6,-1029.9,-716.77,2348.5,171503,413,68,319,-0.57301,-1.6492,1.3368
-66.355,1697.3,2036.4,-1.765,-2578.4,-619.74,5.9036e+05,24633,1,-230.46,-279.52,-438.1,1072.1,303.39,823.66,1255.5,-1033.7,-730.19,2328.3,170838,413,68,319,-0.57031,-1.6414,1.3475
-73.987,1711.4,2024.7,-1.7272,-2575.8,-631.58,5.8667e+05,23311,1,-289.39,-286.6,-465.36,1080.9,317.19,833.4,1231.5,-994.27,-682.79,2305.9,169863,413,68,319,-0.56758,-1.6335,1.3581
-81.989,1725.8,2012.9,-1.8218,-2573.4,-643.86,5.8648e+05,21995,1,-270.9,-289.29,-455.07,1054.3,342.86,843.31,1151.5,-952.73,-654.87,2228.7,167229,413,68,319,-0.56484,-1.6256,1.3687
-89.969,1740.2,2001.6,-1.6678,-2571.4,-656.12,5.8471e+05,20687,1,-348.64,-258.93,-444.94,1044.4,346.37,830.44,1127.1,-954.08,-660.11,2214.3,166790,413,68,319,-0.56207,-1.6177,1.3793
-98.07,1754.7,1990.5,-1.4798,-2569.8,-668.54,5.8185e+05,19385,1,-386.15,-216.33,-406.05,1038.2,339.35,810.55,1105.5,-963.25,-668.79,2192.7,166249,413,1790,345,-0.55928,-1.6096,1.3897
-105.29,1768.8,1978.8,-1.6588,-2567.7,-680,5.7771e+05,18089,1,-521.09,-138.6,-365.79,1086.8,299.72,773.89,1133.4,-1012.2,-707.19,2259.1,168169,413,1790,345,-0.55647,-1.6016,1.4002
-111.33,1782.1,1966,-2.2,-2564.7,-690.08,5.7428e+05,16801,1,-684.9,-30.231,-303.78,1142.5,256.36,738.36,1162.2,-1048.9,-728.48,2336.7,171115,413,1790,345,-0.55364,-1.5934,1.4106
-115.96,1794.8,1953.2,-2.7552,-2561.6,-698.61,5.7101e+05,15521,1,-791.79,51.818,-250.29,1204.5,212.24,705.49,1192.4,-1063.5,-725.59,2401.1,188578,413,1790,345,-0.55079,-1.5852,1.4209
-119.68,1806.8,1940.1,-3.2002,-2558.2,-706.06,5.6734e+05,14249,1,-932.18,104.51,-241.84,1312,150.56,668.4,1204.6,-1101.6,-752.49,2521.9,227308,413,1790,345,-0.54792,-1.5769,1.4311
-123.74,1818.4,1926.3,-3.8336,-2554,-713.69,5.6365e+05,12987,1,-1051.5,172.26,-209.04,1401.1,75.957,610.96,1236.4,-1166.6,-802.14,2656,234440,413,1790,345,-0.54503,-1.5686,1.4414
-126.91,1828.6,1911.6,-4.3172,-2548.6,-720.03,5.5893e+05,11735,1,-1186.4,417.45,4.7592,1456.6,-78.894,459.59,1197.5,-1205.9,-847.44,2743.6,238075,413,1790,345,-0.54212,-1.5602,1.4515
-122.13,1835.6,1892.5,-4.4273,-2539.8,-718.16,5.6073e+05,736099,1,-1277.5,461.08,19.343,1462.3,-107.99,423.52,1121.5,-1193.9,-850.19,2753.2,238410,413,1790,345,-0.53891,-1.5501,1.4636
-119.5,1836,1870.3,-4.3697,-2522.2,-722.28,5.6094e+05,735005,1,-1127.4,93.998,-316.47,1351,88.962,590.13,1078.8,-1110.7,-765.18,2558.2,228963,413,1774,341,-0.54219,-1.5405,1.4724
-118.57,1839,1850.5,-4.2413,-2507.8,-728.94,5.6418e+05,733881,1,-1228.7,66.752,-383.42,1379.7,134.08,647.13,1074.4,-1087.6,-730.33,2621.4,233137,413,1774,341,-0.54545,-1.5308,1.4813
-132.66,1857,1836.3,-4.9516,-2506.4,-745.81,5.6675e+05,732737,1,-1666.7,108.74,-492.06,1507.2,83.319,630.1,1188.1,-1219.5,-812.67,3044.1,248593,413,1774,341,-0.53953,-1.5211,1.4934
-115.81,1840.6,1828.5,-5.297,-2491.3,-733.48,5.637e+05,732735,1,-1553.8,237.51,-329.88,1554,5.3468,578.18,1118.1,-1229.8,-843.46,2966.9,246538,413,1774,341,-0.54868,-1.5211,1.4901
-128.48,1856.9,1812.5,-6.3729,-2487.9,-748.47,5.6259e+05,731571,1,-1901.6,291.62,-393.52,1673.2,-46.701,557.91,1231.9,-1274.7,-840.22,3289,260652,413,1774,341,-0.54269,-1.5113,1.5022
-119.94,1854.2,1788.6,-7.3588,-2468.7,-746.19,5.5835e+05,730389,1,-2241,510.63,-302.13,1917.5,-158.05,535.67,1247.6,-1254.7,-796.63,3623.3,271809,413,1774,341,-0.54583,-1.5015,1.5109
-109.17,1850.6,1766,-7.7724,-2450.6,-741.62,5.5756e+05,729193,1,-2327.4,565.41,-287.2,2037.4,-183.76,556.94,1200,-1167.3,-711.03,3690.8,273840,413,1774,341,-0.54895,-1.4916,1.5195
-98.132,1847.2,1745.1,-7.2955,-2434,-736.87,5.5764e+05,727983,1,-2254,504.66,-321.23,2069.5,-140.94,608.74,1174,-1115.5,-660,3629,271951,413,1774,341,-0.55205,-1.4817,1.5281
-92.382,1845.5,1725.9,-5.8275,-2418.4,-737.79,5.5402e+05,726761,1,-1728.4,139.65,-488.29,1890.4,-32.633,650.71,1024.8,-1058,-645.51,3135.3,250962,413,1774,341,-0.55513,-1.4717,1.5366
-95.344,1846.2,1706.4,-4.0044,-2402.2,-747.74,5.5547e+05,725527,1,-1127.5,-194.48,-589.93,1597.5,-7.8133,568.72,940.42,-1190,-786.85,2729.9,237467,413,1758,340,-0.55819,-1.4616,1.5451
-112.08,1861.4,1688.9,-4.8436,-2396.4,-766.07,5.4705e+05,724285,1,-1121.7,-235.05,-615.77,1808.3,-244.6,412.1,1071.7,-1462.4,-983.32,3073.5,249262,413,1758,340,-0.55168,-1.4515,1.5569
-119.86,1856.5,1660.9,-4.4335,-2369.3,-778.61,5.4393e+05,723033,1,-868.64,-537.45,-802.94,1540.6,-275.81,291.29,1074.5,-1607.3,-1099.1,3073.5,249263,413,1774,341,-0.55464,-1.4414,1.5652
-131.29,1851.5,1631.4,-4.2909,-2340,-794.49,5.39e+05,721771,1,-1135.8,-635.09,-980.74,1519.6,-258.46,301.73,1205.4,-1621.4,-1049.6,3210.3,257996,413,1758,340,-0.55759,-1.4311,1.5736
-144.38,1848.6,1602.9,-4.7018,-2312.4,-812.69,5.3165e+05,720499,1,-2758.4,-353.38,-1302.5,1814.5,-260.36,411.81,1424.4,-1679.5,-1002.7,4337.7,287566,413,1758,340,-0.56051,-1.4209,1.5818
-154.58,1846.1,1573.5,-6.8954,-2285.1,-828.35,5.226e+05,719219,1,-3138.4,-607.09,-1652.2,2067.4,-166.12,584.4,1664.2,-1705.1,-923.87,4911.4,293304,413,1758,340,-0.56341,-1.4106,1.59
-156.15,1840.5,1541.6,-11.337,-2256.3,-834.82,5.1701e+05,717931,1,-4824.4,-100.5,-1801.2,2857.2,-665.87,433.19,1730.5,-2025.8,-1159,6615.6,309759,413,1758,340,-0.56629,-1.4002,1.5981
-153.87,1826,1503,-16.375,-2218.2,-834.43,5.129e+05,716635,1,-5242.8,-161.16,-1991.5,3186.8,-1062.1,211.84,1741.7,-2433.4,-1486,7346.5,313581,413,1758,340,-0.56915,-1.3897,1.6062
-563.34,1723.7,1160.6,-3.6378,-1775.2,-1218.3,5.1764e+05,707385,1,127.77,-6610.6,-5186,3640.7,-293.44,1054.5,2988.1,-3439.4,-1665.3,10421,325760,413,1758,340,-0.58856,-1.3153,1.6609
-805.47,1746.1,1060.4,-3.4402,-1647.1,-1452.3,4.97e+05,704689,1,661.4,-6780.1,-5002.2,4794.6,-665.82,1150,4494.5,-3872.7,-1429.3,11551,329119,413,1758,340,-0.58361,-1.2936,1.6797
-681.3,1714.3,1095,-2.8902,-1684.5,-1328.2,4.9686e+05,706039,1,798.57,-7004.4,-5189.9,4152.7,-939.65,740.66,4018.4,-4306.7,-1937.4,11565,329153,413,1758,340,-0.59124,-1.3045,1.6685
241.4,1444.1,2487.1,1.9483,-2882.8,-139.1,6.1354e+05,53605,1,5210.6,1350.9,4563.2,1571.8,251.52,1106.1,1879.3,-1254.3,-1244.3,7759.5,315849,413,115,328,-0.48895,-1.8323,1.1131
209.44,1430.7,2461.1,7.9767,-2849,-175.33,6.121e+05,53603,1,4419.3,3452.8,7708.5,1239.7,441.86,1282.8,1699.5,-1353.6,-1467.9,10056,324690,413,115,328,-0.50018,-1.8292,1.1131
147.88,1419.6,2442.1,22.831,-2818.3,-240.42,6.1303e+05,53601,1,18777,7330,20776,3451.3,1019.3,3277.2,4368,-1083.7,251.8,29698,343409,413,114,327,-0.51139,-1.8261,1.1131
-964.24,1202,2001.5,252.49,-2172.6,-1263.6,6.1372e+05,53597,1,34802,-4222.4,9585.8,7491.4,2983.9,8452.3,33103,3168.7,21140,54864,350730,413,108,326,-0.53376,-1.8197,1.1131
-115.47,1382.3,2416.9,104.84,-2740.9,-491.93,6.1297e+05,53599,1,43894,4753.4,28599,11705,653.84,6645,30570,-814.22,13261,63717,352349,413,114,327,-0.52259,-1.823,1.1131
-742.17,1392.2,2376.3,246.94,-2618.4,-1104,6.1418e+05,52179,1,50205,3842.3,29650,8137.1,1985.8,7110.6,32273,-2170.8,11994,68740,353294,413,108,326,-0.53183,-1.8131,1.1247
-888.74,1249.4,1675.6,48.151,-1921.3,-1210.3,6.1142e+05,52177,1,17362,2841.5,12840,6827,587.24,4224.2,36065,-2123.1,13844,45122,348556,413,102,325,-0.54295,-1.8098,1.1247
-835.53,1273.5,1987,187.96,-2207.4,-1166.2,6.1229e+05,50761,1,24240,-4206.8,4742.3,6623.8,572.28,4029.9,33647,-716.52,14924,45206,348580,413,102,325,-0.54095,-1.8032,1.1362
-792.51,1299,1696.3,24.345,-1973.8,-1138.6,6.1189e+05,49345,1,3640.9,1681.2,4364.2,5216.3,1088.9,4188.8,32722,688.79,16600,37787,346465,413,102,325,-0.54995,-1.7931,1.1478
-793.68,1286.3,1619.1,0.64144,-1897.9,-1142.1,6.0943e+05,49343,1,584.65,1575.3,2736.2,556.45,572.51,1154.3,7770.4,809.85,4998.2,9914.5,324304,413,95,324,-0.56095,-1.7897,1.1478
-753.33,1301.6,1655,8.5748,-1942.4,-1108.1,6.108e+05,47933,1,1575,1795.3,3507.9,2885.7,960.24,2841.5,21387,306.19,10631,24614,340923,413,95,324,-0.55883,-1.783,1.1593
-750.68,1304.7,1634.1,0.14169,-1923,-1112.8,6.0777e+05,47931,1,460.73,1590.9,2664.4,-128.05,605.04,855.9,3343.4,855.37,2918.4,5602.2,299800,413,95,324,-0.56976,-1.7795,1.1593
-711.12,1314.8,1659.8,7.2797,-1956.3,-1078.2,6.0848e+05,46525,1,6485.9,2414.7,6745.7,3895.1,899.88,3223.4,19222,1672.7,11741,25098,341165,413,87,323,-0.56758,-1.7727,1.1707
-707.66,1322.9,1649.8,0.12516,-1948.9,-1083.7,6.0665e+05,46523,1,31.641,1606.2,2447.3,-1221.6,630.64,346.56,-721.31,866.06,942.82,3697.3,274043,413,87,323,-0.57845,-1.7692,1.1707
-701.35,1342,1671,0.012883,-1974,-1090.2,5.9664e+05,46521,1,-4.1644,1574.6,2366.6,-1408,519.9,73.408,-1154.4,472.46,125.42,3697.3,274042,413,118,329,-0.58929,-1.7656,1.1707
-664.12,1341.3,1666.5,0.39301,-1976.2,-1054.6,6.0586e+05,45119,1,161.56,1601.3,2460.7,-941.08,609,432.64,414.87,850.51,1450.3,3697.3,274044,413,82,322,-0.587,-1.7588,1.1821
-622.58,1355.9,1717.6,17.514,-2033.7,-1019.8,6.0643e+05,43721,1,8182.5,2156.3,7120.5,3216.5,681.23,2563,16675,1694,10609,23090,340058,413,79,321,-0.5847,-1.7518,1.1935
-540.11,1429.2,2066.8,141.36,-2378,-964.79,6.084e+05,42327,1,24550,2565.7,15426,5362.7,1003.1,4050.2,24546,2225,15172,41606,347651,413,79,321,-0.58237,-1.7449,1.2048
-581.16,1370.9,1714.8,10.655,-2042.8,-992.12,6.0762e+05,42325,1,6886.2,2296.8,6659.7,2021.5,1146.3,2634.3,13307,2752.6,10454,20083,338195,413,79,321,-0.59306,-1.7413,1.2048
-511.84,1443.1,2030.1,121.98,-2355.6,-949.78,6.0885e+05,40935,1,15754,731.87,8608.4,3813.2,1295.4,3701.6,18766,1944.1,11939,29176,343161,413,79,321,-0.59067,-1.7342,1.216
-251.68,1513.6,2181.6,96.07,-2564.6,-726.24,6.0794e+05,39549,1,22505,762.56,11847,3094,690.19,2468,11829,-721.88,4704.2,28742,342937,413,74,320,-0.58825,-1.7271,1.2272
33.109,1522.9,2156.1,14.316,-2599.5,-459.64,6.0505e+05,38167,1,16141,2465.9,11129,1102,323.73,969.06,1368,-1095.7,-874.08,19913,338088,413,74,320,-0.58581,-1.72,1.2384
-3.9648,1532,2133.3,22.565,-2577,-506.56,6.0433e+05,36789,1,16178,-505.16,7053.1,2060.1,603.78,1812.4,5126.6,-463.25,1834.1,18694,337181,413,74,320,-0.59385,-1.7091,1.2495
33.783,1554.4,2118.6,2.4603,-2584,-478.25,6.0225e+05,35419,1,7774.6,-29.409,3656.1,932.48,666.21,1338.8,1072,-852.9,-646.14,8900.1,321055,413,68,319,-0.59132,-1.7019,1.2606
22.2,1574.4,2108.5,0.20581,-2584.4,-495.75,5.9706e+05,34053,1,488.71,-846.28,-901.42,950.07,572.99,1204.2,1230.6,-857.36,-574.97,2651.2,234266,413,68,319,-0.58877,-1.6945,1.2717
10.16,1567.2,2093.1,2.5934,-2563.8,-513.85,6.0072e+05,34051,1,4905.9,5.0933,2343,862.21,525.92,1105.5,1117.4,-958.31,-747.84,5875.9,302546,413,68,319,-0.59916,-1.6909,1.2717
2.0512,1586.1,2083.1,0.21389,-2564.5,-527.82,5.9818e+05,32689,1,263.05,-671.18,-755.69,980.13,532.79,1153,1273.8,-883.66,-568.05,2540.5,228111,413,68,319,-0.59654,-1.6835,1.2826
-13.318,1605.4,2074,0.046837,-2564.8,-548.76,5.9948e+05,31331,1,161.67,-719.15,-857.69,990.92,528.7,1142.2,1295.3,-889.84,-557.55,2574,229510,413,68,319,-0.5939,-1.676,1.2936
-28.205,1624.1,2064.6,-0.0023678,-2564.7,-569.05,6.0268e+05,29979,1,59.829,-680.83,-844.8,984.92,508.95,1098.2,1298.3,-906.41,-572.2,2539.8,228080,413,68,319,-0.59124,-1.6685,1.3045
-41.429,1642,2054.7,-0.1682,-2564.1,-587.48,6.0568e+05,28633,1,29.859,-552.22,-683.64,1004.6,453.81,1022.4,1307.6,-942.72,-603.75,2448.8,221903,413,68,319,-0.58856,-1.6609,1.3153
-51.837,1658.7,2044.2,-0.54771,-2563,-602.86,6.0389e+05,27293,1,-44.773,-392.24,-508.14,1039.2,370.46,919.26,1297.1,-995.27,-666.32,2365,183754,413,68,319,-0.58585,-1.6533,1.3261
-59.48,1673.5,2032.3,-1.0818,-2560.5,-615.02,5.984e+05,25959,1,-86.091,-311.11,-420.64,1056.6,309.56,842,1277,-1020.2,-698.99,2315.7,170369,413,68,319,-0.58312,-1.6456,1.3368
-66.132,1687.3,2020.4,-1.1939,-2557.7,-625.89,5.9427e+05,24631,1,-109.74,-302.74,-415.05,1035.2,319.38,833.73,1204.9,-976.79,-668.66,2235.6,167425,413,68,319,-0.58037,-1.6378,1.3475
-73.811,1701.9,2009.6,-0.96648,-2556,-637.99,5.8998e+05,23309,1,-150.08,-320.26,-447.62,1017.1,350.86,851.68,1134.8,-937.4,-642.71,2188.2,166111,413,68,319,-0.5776,-1.63,1.3581
-81.338,1716.6,1998.7,-0.99808,-2554.6,-650.03,5.8826e+05,21993,1,-194.4,-290.84,-426.93,988.7,376.38,862.79,1096.1,-913.01,-621.5,2142.3,164858,413,68,319,-0.5748,-1.6221,1.3687
-88.936,1731.5,1988,-0.99468,-2553.4,-662.16,5.8468e+05,20685,1,-343.82,-195.93,-373.19,1001.9,356.17,833.61,1087.2,-939.13,-647.84,2146,164948,413,1790,345,-0.57199,-1.6142,1.3793
-95.673,1746,1976.7,-1.3522,-2551.8,-673.36,5.7995e+05,19383,1,-460.02,-144.61,-357.01,1029.2,331.36,805.21,1099.7,-974.28,-677.1,2189.6,166157,413,1790,345,-0.56915,-1.6062,1.3897
-100.39,1759.3,1964.1,-2.1158,-2549,-682.23,5.7513e+05,18087,1,-681.74,48.839,-221.76,1116.9,228.6,714.35,1149.6,-1052,-735.33,2301.2,169722,413,1790,345,-0.56629,-1.5981,1.4002
-103.18,1771.3,1950.6,-3.0355,-2545.3,-688.86,5.7499e+05,16799,1,-837.51,111.92,-208.14,1221.3,178.46,688.09,1174.4,-1068.9,-736.07,2412,190741,413,1790,345,-0.56341,-1.59,1.4106
-106.15,1782.9,1937.7,-3.4207,-2541.8,-695.54,5.7313e+05,15519,1,-919.25,139.05,-207.09,1287,139.26,661.33,1160,-1063.6,-725.13,2454.2,222417,413,1790,345,-0.56051,-1.5818,1.4209
-109.94,1794.5,1924.9,-3.4533,-2538.3,-702.97,5.698e+05,14247,1,-891.91,122.86,-212.17,1287.4,113.07,625.96,1133.5,-1091.6,-758.57,2443.3,221460,413,1790,345,-0.55759,-1.5736,1.4311
-113.69,1805.2,1910.7,-3.8357,-2533.4,-710.08,5.6694e+05,12985,1,-921.88,154.45,-186.61,1341,60.048,581.11,1156.7,-1150.9,-806.26,2522,227311,413,1790,345,-0.55464,-1.5652,1.4414
-111.62,1821.5,1885.3,-4.2743,-2525.4,-712.26,5.5926e+05,736097,1,-1091,492.52,115.55,1387.4,-107.12,406.07,1112.4,-1175.9,-832.04,2619.1,233051,413,1790,345,-0.54788,-1.5501,1.4602
-116.12,1814.8,1896.1,-4.1517,-2527.8,-715.59,5.6311e+05,11733,1,-1072.8,565.86,196.31,1386.2,-113.5,407.91,1113.7,-1151.9,-811.24,2614.5,232782,413,1790,345,-0.55168,-1.5569,1.4515
-108.33,1821.7,1863.1,-4.3617,-2507.8,-715.75,5.6152e+05,735003,1,-1099.5,137.86,-267.6,1343.2,68.142,574.97,1048.8,-1108.2,-768.99,2521.6,227280,413,1774,341,-0.55121,-1.5405,1.4691
-106.48,1824,1843.4,-3.9718,-2493.2,-721.32,5.6444e+05,733879,1,-1235.3,165.93,-291.17,1397.7,83.02,609.29,1038.3,-1116.1,-765.23,2622.8,233226,413,1774,341,-0.55452,-1.5308,1.4779
-101.94,1824.9,1821.7,-4.8293,-2476.9,-724,5.607e+05,732733,1,-1307.8,328.8,-154.98,1451,-40.408,504.42,1039.9,-1216.3,-854.99,2737.8,237731,413,1774,341,-0.55781,-1.5211,1.4867
-109.43,1838.9,1804.5,-6.4576,-2472.1,-733.55,5.6015e+05,731569,1,-1905.7,492.81,-205.95,1770.2,-176.55,474.33,1155.6,-1293.5,-876.22,3329.1,262450,413,1774,341,-0.5519,-1.5113,1.4988
-93.372,1821.9,1797.3,-6.1442,-2457.1,-721.63,5.6026e+05,731567,1,-1558.5,543.59,-34.545,1604.8,-201.44,398.3,1104.8,-1313,-915.22,3046.7,248637,413,1774,341,-0.56108,-1.5113,1.4954
-99.048,1834.8,1780.5,-7.2409,-2452.5,-729.12,5.5819e+05,730387,1,-2067.3,600.82,-162.61,1859.2,-232.82,452.56,1146.4,-1261.3,-834.47,3460.9,266803,413,1774,341,-0.55509,-1.5015,1.5075
-87.231,1830.3,1757.9,-7.3895,-2434,-723.25,5.6038e+05,729191,1,-2059.9,564.64,-200.79,1884.9,-210.87,485.67,1092.3,-1179.8,-761.46,3405.9,264916,413,1774,341,-0.55826,-1.4916,1.5161
-78.869,1827.3,1737.7,-6.2665,-2417.6,-721.21,5.6019e+05,727981,1,-1570.5,220.67,-361.77,1689.2,-43.075,579.03,917.95,-1035.6,-668.97,2863.4,242200,413,1774,341,-0.56141,-1.4817,1.5247
-79.315,1828.4,1720.2,-3.9642,-2403.6,-728.92,5.6416e+05,726759,1,-985.47,-171.24,-525.23,1404.9,104.94,616.35,812.43,-1024.3,-683.08,2451.3,222128,413,1758,340,-0.56455,-1.4717,1.5332
-85.155,1831.7,1701,-3.062,-2388.4,-742.52,5.6236e+05,725525,1,-1039.9,-186.78,-561.2,1342.3,58.532,551.09,955.47,-1254.1,-834.89,2592.8,230168,413,1758,340,-0.56765,-1.4616,1.5416
-101.52,1846.3,1682.9,-3.9231,-2381.8,-760.51,5.5224e+05,724283,1,-1228.6,-165.86,-601.7,1431.4,-118.14,409.07,1025.3,-1465.4,-997.26,2884.9,243399,413,1758,340,-0.56122,-1.4515,1.5535
-106.23,1842.9,1654.7,-5.4742,-2356.1,-770.7,5.4324e+05,723031,1,-1641,-280.12,-850.91,1502.4,-283.39,280.36,1145.1,-1650.2,-1109.3,3343.1,262939,413,1758,340,-0.56424,-1.4414,1.5618
-107,1836.1,1623.2,-8.3782,-2327.1,-775.99,5.345e+05,721769,1,-3373.1,178.02,-1059.4,2012.9,-460.6,309.52,1336.5,-1735.6,-1097.5,4784.8,292100,413,1758,340,-0.56723,-1.4311,1.5701
-104.26,1829,1592.9,-11.48,-2299.6,-777.94,5.3012e+05,720497,1,-4559.4,298.43,-1384.8,2586.1,-540.51,452.36,1368.8,-1742.3,-1071.4,6003.1,303938,413,1758,340,-0.5702,-1.4209,1.5783
-97.851,1819.1,1560.9,-15.253,-2270.2,-775.45,5.2496e+05,719217,1,-4923.6,27.118,-1752.4,2904.3,-554.06,557.54,1422.4,-1791.7,-1078.7,6539.4,309260,413,1758,340,-0.57316,-1.4106,1.5865
-780.67,1643,977.2,-8.8449,-1515.4,-1402.6,4.3184e+05,704685,1,-4076.7,-6035.3,-6163.3,4489.8,-2013.6,66.091,3954.6,-4995.1,-2439.2,12720,330960,413,1758,340,-0.60418,-1.2936,1.6724
-62.219,1402.3,2499.4,95.374,-2832.5,-429.88,6.1372e+05,55025,1,22409,11305,29129,6076.3,2692.4,7300.4,12142,1713,8493.3,42408,347871,413,115,328,-0.50197,-1.8358,1.1014
-380.21,1338.1,2485.8,218.57,-2745.5,-726.98,6.1417e+05,55023,1,32697,8127,28811,10081,5688.2,14253,24039,15078,36661,66721,352965,413,114,327,-0.51323,-1.8327,1.1014
-879.61,1242.5,2209,282.49,-2388.8,-1188,6.1439e+05,55021,1,30594,9006.3,29276,12853,4599.1,13809,42751,8281.2,34388,73006,353971,413,114,327,-0.52446,-1.8295,1.1014
-1037.7,1077.2,1373.9,53.235,-1556.6,-1303.4,6.0696e+05,55017,1,-918.19,992.67,1157.9,-3044.3,5950.8,8333.3,1638,9858.9,17088,22565,339730,413,118,329,-0.54687,-1.8229,1.1014
-974.51,1186.2,1523,32.497,-1746.8,-1274.3,6.0897e+05,53595,1,-157.58,2819.4,4506.1,-492.98,2975.5,4608.7,16923,-196.62,7875.6,20176,338258,413,114,327,-0.54492,-1.8164,1.1131
-883.84,1254.2,1587,4.0287,-1844.5,-1212.8,6.0501e+05,52175,1,-442.82,2233.8,3372.2,-1528.1,1234.6,1229.9,4672.4,1295.8,4338.8,8016.6,317271,413,102,325,-0.55404,-1.8065,1.1247
-837.59,1267.9,1613.2,6.0521,-1880.6,-1172.6,6.1123e+05,50759,1,392.86,1650.6,2801,59.137,718.89,1161.5,13960,-2497.9,2755.2,14876,333726,413,102,325,-0.55201,-1.7998,1.1362
-831.78,1284.3,1619.2,0.41706,-1891,-1177.8,6.0134e+05,50757,1,-163.23,1638,2510,-1656.5,643.74,197.92,-1569.3,578.82,137.81,3876.1,279709,413,102,325,-0.56304,-1.7964,1.1362
-787.82,1304.7,1637.9,0.027344,-1920.2,-1148.1,5.9874e+05,49341,1,-94.219,1535.6,2348.2,-1632.9,516.2,-10.582,-1857.7,422.22,-269.87,3832.8,278621,413,95,324,-0.57192,-1.7862,1.1478
-781.31,1324.8,1660.9,0.01818,-1947.2,-1154.3,5.9847e+05,49339,1,-93.68,1529.1,2322,-1648,498,-63.331,-1922.7,393.79,-364.1,3832.8,278620,413,118,329,-0.58287,-1.7827,1.1478
-744.6,1323.5,1654.7,0.0064583,-1947.2,-1119,5.9909e+05,47929,1,-77.309,1539.1,2319,-1614.1,490.49,-57.441,-1857.9,380.81,-347.98,3784.1,277053,413,118,329,-0.58067,-1.776,1.1593
-738.02,1343.4,1677.3,0.012797,-1973.9,-1125.4,5.9637e+05,47927,1,-96.891,1544.9,2312.5,-1649.8,500.97,-75.996,-1933.6,396.31,-380.94,3842.3,278880,413,118,329,-0.59155,-1.7724,1.1593
-694.49,1361.9,1693.9,0.050733,-2001,-1096.5,5.9431e+05,46519,1,-103.91,1565.3,2306.3,-1657,505.58,-86.855,-1954.7,401.34,-396.43,3842.3,278879,413,118,329,-0.60011,-1.762,1.1707
-657.71,1360.4,1687.3,0.0017982,-2001,-1061.2,5.8746e+05,45117,1,-24.487,1585,2340.4,-1445,526.36,49.018,-1203.1,468.77,81.361,3697.3,274041,413,82,322,-0.59778,-1.7551,1.1821
-620.73,1359.6,1682.3,0.19811,-2002.9,-1025.9,6.0459e+05,43719,1,147.08,1577.1,2382.1,-879.01,525.37,325.31,775.88,329.33,849.95,3697.3,274040,413,79,321,-0.59544,-1.7482,1.1935
-614.21,1378.6,1703.4,0.051262,-2028,-1032.7,5.9379e+05,43717,1,-45.33,1587.2,2296.8,-1489.8,545.24,38.838,-1451.1,477.3,-43.613,3697.3,274039,413,79,321,-0.60615,-1.7445,1.1935
-577.89,1378.6,1699.4,0.39017,-2031.1,-998.33,6.028e+05,42323,1,690.16,1678.8,2758.1,220.2,798.84,1248,5816.5,1217.9,4608.3,8348.5,318917,413,79,321,-0.60374,-1.7376,1.2048
-537.55,1393,1732.3,8.6158,-2073.4,-964.98,6.0596e+05,40933,1,4470.2,1790.3,4724.7,2583.9,442.84,1889.7,13906,-963.54,5438.4,16729,335425,413,74,320,-0.6013,-1.7306,1.216
-476.65,1446.8,1927.1,71.336,-2274.5,-925.11,6.0641e+05,39547,1,12397,478.94,6677.1,5576.7,420.51,3309,22333,270.28,11279,29442,343289,413,74,320,-0.59884,-1.7235,1.2272
-291.04,1510.1,2128.8,99.199,-2508.7,-770.54,6.0628e+05,38165,1,23410,2769,15072,4416,47.85,2204.1,15534,-2001.3,4756,32790,344688,413,74,320,-0.59636,-1.7163,1.2384
-446.1,1440.3,1855.6,46.38,-2214,-901.54,6.0483e+05,38163,1,11123,2528.9,8887.5,4046.9,896.15,3209.1,16421,1296.3,9800,24575,340905,413,74,320,-0.60688,-1.7127,1.2384
-297.85,1519.6,2107.4,100.77,-2491.5,-788.31,6.0693e+05,36787,1,15208,1309.6,9108.1,2635.5,1394.9,3187.2,9692.8,1955,7412.2,22084,339458,413,68,319,-0.60433,-1.7055,1.2495
-47.859,1550.5,2112,26.471,-2559.1,-562.97,6.0408e+05,35417,1,14016,1945.8,9372.4,841.96,771.06,1444.2,1176.8,-743.25,-431.53,17134,335794,413,68,319,-0.60175,-1.6982,1.2606
-243.94,1542.5,2088.6,76.604,-2495.5,-753.54,6.0448e+05,35415,1,13234,3015.5,10465,2958,647.03,2316,10204,-782.91,3938.3,20701,338606,413,68,319,-0.61216,-1.6945,1.2606
-37.078,1560.4,2079.5,15.578,-2537.9,-565.07,6.02e+05,34049,1,10858,1761.5,7608.1,1890.5,439.15,1498,4769.3,-793.6,1261.6,14487,333276,413,68,319,-0.60952,-1.6872,1.2717
-6.1444,1577.8,2066.6,1.8374,-2542.9,-541.87,5.9963e+05,32687,1,3778.7,-281.45,1439.2,1025.3,512.94,1157.1,1279.7,-900.61,-573.51,4675.5,290922,413,61,317,-0.60686,-1.6798,1.2826
-17.164,1597,2057.1,0.27887,-2543.6,-558.76,5.9754e+05,31329,1,280.68,-685.56,-752.53,982.46,519.99,1128.7,1293.6,-909.37,-570.37,2539.8,228081,413,61,317,-0.60417,-1.6724,1.2936
-31.591,1615.7,2047.6,0.063879,-2543.5,-578.69,6.0113e+05,29977,1,93.314,-642.9,-776.14,987.65,489.08,1077.4,1305.5,-921.92,-573.48,2506.6,226526,413,68,319,-0.60147,-1.6649,1.3045
-44.006,1633.5,2037.9,-0.14956,-2543.1,-596.4,6.051e+05,28631,1,66.884,-534.05,-643.06,984.44,445.42,1009.6,1289.5,-941.14,-598.84,2407.7,189931,413,68,319,-0.59874,-1.6573,1.3153
-53.238,1649.7,2027.5,-0.51995,-2542.1,-610.6,6.0391e+05,27291,1,32.59,-394.9,-477.48,981.56,386.56,923.54,1252.4,-956.38,-626.66,2286.2,169247,413,68,319,-0.59598,-1.6497,1.3261
-59.916,1664.3,2016.3,-0.87391,-2540.1,-621.85,6.0062e+05,25957,1,-36.155,-309.76,-396.64,987.06,335.2,848.62,1201.7,-974.21,-665.54,2213,166742,413,68,319,-0.59321,-1.642,1.3368
-66.311,1678.6,2005.4,-0.85262,-2538.4,-632.73,5.9729e+05,24629,1,-60.514,-294.58,-383.57,942.16,370.18,862.53,1122.2,-908.31,-608.34,2112,164084,413,68,319,-0.59041,-1.6343,1.3475
-73.393,1693.6,1995.1,-0.80503,-2537.5,-644.48,5.9529e+05,23307,1,-142.7,-292.81,-412.35,946.87,383.34,867.61,1102.3,-906.8,-610.9,2117.3,164209,413,68,319,-0.58759,-1.6264,1.3581
-79.929,1708.6,1984.8,-0.96939,-2536.8,-655.72,5.9162e+05,21991,1,-256.49,-179.79,-322.07,958.34,367.8,844.13,1081.7,-917.72,-621.72,2089.7,149469,413,1790,345,-0.58474,-1.6186,1.3687
-85.084,1723.2,1973.9,-1.5288,-2535.7,-665.51,5.8624e+05,20683,1,-413.46,-62.431,-247.65,1008.9,324.49,804.94,1097.7,-967.48,-666.4,2142.9,164876,413,1790,345,-0.58188,-1.6107,1.3793
-88.506,1736.5,1961.7,-2.5008,-2533.4,-673.26,5.7993e+05,19381,1,-615.46,47.759,-201.01,1088.2,248.14,739.92,1127.3,-1024.5,-713.13,2245.8,167684,413,1790,345,-0.57899,-1.6027,1.3897
-90.959,1748.3,1948.5,-3.2847,-2529.8,-679.59,5.749e+05,18085,1,-728.84,147.16,-132.44,1167.4,150.07,652.9,1115.5,-1056.4,-744.27,2301.3,169726,413,1790,345,-0.57609,-1.5946,1.4002
-93.417,1759.4,1935.4,-3.4896,-2525.8,-685.65,5.7141e+05,16797,1,-775.98,133.24,-165.1,1196.1,144.7,649.96,1088.7,-1034.7,-723.38,2302.3,169756,413,1790,345,-0.57316,-1.5865,1.4106
-96.84,1770.9,1923.2,-3.2794,-2522.7,-692.78,5.6925e+05,15517,1,-786.37,92.577,-212.41,1209.7,157.97,661.98,1049.8,-1008.5,-700.81,2282.3,169137,413,1790,345,-0.5702,-1.5783,1.4209
-101.61,1782.7,1910.8,-3.0958,-2519.4,-701.29,5.6532e+05,14245,1,-857.94,128.86,-198.87,1226.3,114.96,612.25,1050.7,-1082.3,-770.79,2356.6,182790,413,1790,345,-0.56723,-1.5701,1.4311
-105.32,1792.9,1896.1,-3.5536,-2513.8,-708.24,5.6043e+05,12983,1,-996.48,351.66,-10.216,1287.8,-4.8208,498.02,1077.6,-1131.8,-803.61,2472.1,224092,413,1790,345,-0.56424,-1.5618,1.4414
-102.02,1807.9,1878.6,-3.9576,-2511.5,-707.21,5.6041e+05,736095,1,-1081.8,449.78,66.813,1340.5,-73.619,432.56,1046.3,-1151.6,-823.67,2542.8,228357,413,1790,345,-0.55683,-1.5501,1.4568
-93.105,1794.6,1872.1,-3.7281,-2498,-702.77,5.6166e+05,736093,1,-1120.6,491.47,89.796,1284.8,-55.217,440.6,1010.1,-1111.6,-792.86,2497.5,225977,413,1790,345,-0.56576,-1.5501,1.4534
-98.081,1808.2,1856.7,-4.19,-2494.4,-710.16,5.6437e+05,735001,1,-1026,200.38,-181.68,1272.3,50.667,540.25,994.75,-1108.6,-786.27,2424,219397,413,1774,341,-0.56022,-1.5405,1.4657
-94.98,1810,1836.9,-3.9987,-2479.6,-714.45,5.6194e+05,733877,1,-1083.4,200.71,-205.89,1309.6,52.445,555.18,989,-1106.4,-770.35,2465.4,223583,413,1774,341,-0.56358,-1.5308,1.4745
-90.45,1810.2,1815.4,-4.3916,-2463.1,-716.96,5.6353e+05,732731,1,-1288.9,475.41,-6.8333,1475.1,-147.8,413.16,1079.2,-1276.4,-893.22,2801.3,240283,413,1774,341,-0.56692,-1.5211,1.4832
-80.587,1816.7,1773.1,-7.0174,-2437.2,-714.57,5.6065e+05,730385,1,-1703.3,617.64,-21.588,1712.4,-258.63,383.95,1049.2,-1236.7,-841.48,3125.4,250744,413,1774,341,-0.56433,-1.5015,1.504
-78.927,1805.9,1790.1,-6.1649,-2442.5,-711.35,5.6337e+05,731565,1,-1455.8,663.55,114.71,1589.6,-282.36,322.14,1060.8,-1293.9,-903.03,2983,247033,413,1774,341,-0.57025,-1.5113,1.4919
-69.411,1811.9,1751.1,-6.5486,-2418.9,-709.22,5.6348e+05,729189,1,-1373,348.43,-170.27,1569.5,-116.49,473.2,855.01,-1074.8,-737.59,2677.1,235535,413,1774,341,-0.56755,-1.4916,1.5126
-65.624,1811,1732.7,-4.5693,-2403.9,-712.21,5.6609e+05,727979,1,-994.58,-9.6215,-380.39,1362.8,68.539,576.83,730.36,-980.07,-680.95,2451.3,222126,413,1774,341,-0.57076,-1.4817,1.5212
-69.726,1814.4,1715.3,-2.8429,-2390.6,-724.19,5.6996e+05,726757,1,-854.93,-199.31,-512.17,1242,162.04,621.72,819.64,-1057.9,-709.76,2451.3,222125,413,1758,340,-0.57394,-1.4717,1.5297
-74.954,1818,1695,-3.103,-2374.9,-737.37,5.6273e+05,725523,1,-1401.2,206.31,-334.29,1531.2,-124.19,459.8,1183.3,-1416.6,-898.09,2983.7,247050,413,1758,340,-0.5771,-1.4616,1.5381
-88.281,1832.1,1676.7,-4.599,-2368.4,-752.57,5.522e+05,724281,1,-1919.7,332.04,-401.58,1731.5,-291.01,368.88,1270.9,-1582,-1009.5,3509,268301,413,1758,340,-0.57074,-1.4515,1.55
-69.239,1814.4,1667.5,-6.6975,-2352.3,-737.79,5.4959e+05,724279,1,-2000.7,582.06,-206.77,1869.6,-387.78,338.67,1407.5,-1620.1,-993.3,3706.4,274349,413,1758,340,-0.58024,-1.4515,1.5465
-81.253,1825.7,1646.5,-8.6426,-2342.5,-750.76,5.4064e+05,723029,1,-2784.1,398.99,-655.37,2004.3,-448.26,323.1,1376.7,-1730,-1093.1,4329.6,287485,413,1758,340,-0.57381,-1.4414,1.5583
-64.274,1813.2,1613.8,-13.516,-2313.5,-737.49,5.3384e+05,721767,1,-4080.7,982.8,-608.19,2797.8,-834.59,271.95,1436.9,-1760.8,-1078.5,5737.1,300954,413,1758,340,-0.57686,-1.4311,1.5666
-49.817,1799,1582.8,-15.748,-2284.1,-725.88,5.317e+05,720495,1,-4555.5,542.53,-1183,2970.5,-716.71,445.72,1355.4,-1707.8,-1044.7,6143.5,305383,413,1758,340,-0.57988,-1.4209,1.5748
-684,1601.5,954.2,-26.91,-1496.5,-1305,4.0266e+05,704683,1,-9979.4,-5058,-7610,3084.5,-2804,-1039.7,1594.1,-5487.2,-3672.3,15738,334597,413,1758,340,-0.61443,-1.2936,1.6686
-755.05,1546.4,860.24,-34.445,-1369.5,-1350.9,3.8576e+05,703325,1,-13135,-2746.3,-6963,5885.2,-4242.4,-1084.5,3356.9,-6075.7,-3426.8,18501,337028,413,1758,340,-0.61716,-1.2826,1.676
-997.29,1167.8,1507.6,41.941,-1717.6,-1295.9,6.0453e+05,55015,1,-2544.3,1978.5,1962,-5163.7,5253.6,6073.3,-6731.7,6768.8,7802.8,16044,334862,413,118,329,-0.55805,-1.8195,1.1014
-938.7,1238.2,1572.8,12.612,-1816.3,-1260.5,6.0526e+05,53593,1,-2014,2887.7,3709.5,-3844.4,3376.4,3609.3,-4659.7,3827.5,3941.9,10829,327312,413,114,327,-0.55606,-1.813,1.1131
-914.02,1276.8,1618.5,4.2998,-1874.2,-1254,6.034e+05,53591,1,-1167.7,2301.7,3153.2,-3003.3,1975.1,1698.1,-3625.1,1986.2,1399.6,7173.1,312625,413,114,327,-0.56717,-1.8096,1.1131
-870.78,1283.4,1622.8,1.4741,-1887.6,-1214.8,6.0296e+05,52173,1,-440.14,1726,2545.7,-2067,756.07,171.75,-2506.3,743.61,-68.782,4622.4,290392,413,118,329,-0.56512,-1.803,1.1247
-824.66,1305.6,1643.8,0.13041,-1920,-1183.5,6.0066e+05,50755,1,-168.59,1555.5,2373.6,-1748.7,543.21,-23.972,-2065.1,452.83,-326.44,4001.5,282686,413,118,329,-0.57405,-1.7929,1.1362
-817.95,1325.9,1666.9,0.027003,-1947,-1189.5,6.0083e+05,50753,1,-121.33,1518.2,2326.6,-1671.9,507.19,-60.629,-1965.2,405.32,-371.56,3867,279453,413,118,329,-0.58504,-1.7894,1.1362
-774.69,1344.7,1683.5,0.010262,-1973.7,-1160.6,5.9799e+05,49337,1,-105.67,1526.3,2314.9,-1653.5,500.63,-77.759,-1941.6,395,-390.72,3843,278898,413,118,329,-0.59379,-1.7791,1.1478
-767.9,1364.5,1706.1,0.011612,-2000.2,-1166.8,5.9766e+05,49335,1,-116.88,1532.6,2309,-1642.6,508.92,-78.12,-1933.5,405.87,-390.81,3835.7,278703,413,118,329,-0.6047,-1.7754,1.1478
-731.24,1363.2,1699.9,0.014324,-2000.5,-1131.7,5.9637e+05,47925,1,-107.57,1553.6,2310.6,-1649.5,509.69,-81.103,-1941.3,408.79,-386.55,3842.3,278873,413,118,329,-0.60242,-1.7687,1.1593
-687.53,1381.6,1716.3,0.028426,-2027.5,-1102.9,5.947e+05,46517,1,-107.74,1570.5,2300.6,-1648.5,512.99,-88.47,-1943.7,409.21,-397.92,3842.3,278878,413,118,329,-0.61091,-1.7582,1.1707
-650.9,1380.1,1709.8,0.019945,-2027.7,-1067.8,5.925e+05,45115,1,-100.14,1581.2,2291.1,-1656.6,512.85,-92.978,-1957.1,407.77,-403.42,3842.3,278876,413,118,329,-0.60854,-1.7514,1.1821
-643.75,1399.8,1732.4,0.027024,-2054.5,-1074.3,5.9563e+05,45113,1,-115.6,1588,2288.2,-1654.1,524.13,-88.889,-1961.6,426.13,-394.51,3842.3,278877,413,118,329,-0.61928,-1.7477,1.1821
-607.16,1398.5,1726.3,0.10736,-2055.3,-1039.4,5.9217e+05,43715,1,-112.77,1588.8,2261.6,-1659.3,538.8,-73.486,-1969.7,440.15,-378.44,3842.3,278875,413,118,329,-0.61684,-1.7408,1.1935
-571.15,1397.5,1720.3,0.14901,-2056.3,-1005.1,5.9372e+05,42321,1,-40.834,1588.5,2264.9,-1443,570.98,84.184,-1428.6,491.66,-25.077,3697.3,274038,413,118,329,-0.61439,-1.7338,1.2048
-535.1,1397.8,1716.5,0.45063,-2059.9,-971.23,6.0054e+05,40931,1,124.85,1554.5,2266.1,-912.58,452.37,178.95,-89.207,172.81,192.14,3697.3,274037,413,74,320,-0.61191,-1.7268,1.216
-497.16,1405.1,1731,4.9124,-2082.8,-937.91,6.0417e+05,39545,1,1194.7,1595.3,2826.2,1433,539.81,1462.3,8516.5,497.87,4905.1,10643,326559,413,74,320,-0.6094,-1.7198,1.2272
-456.02,1419.4,1736.2,2.7217,-2099.2,-911.18,6.0346e+05,38161,1,2012.5,1828.7,3513.7,1097.7,884.27,1755.2,7035,1249,5190,10139,324924,413,68,319,-0.61737,-1.7089,1.2384
-399.44,1470,1878.5,41.512,-2254.2,-875.15,6.0431e+05,36785,1,7133,1773,5898,4383.2,1101.6,3649.8,17404,1357.5,10386,23134,340078,413,68,319,-0.61478,-1.7017,1.2495
-352.6,1493.6,1905.7,43.993,-2295.1,-846.97,6.0294e+05,35413,1,6890.6,2825.9,7161.1,3084.4,882.56,2705.8,11058,1160.9,7017,17240,335887,413,68,319,-0.62255,-1.6907,1.2606
-200.19,1546.8,2053.4,59.78,-2474.6,-722.32,6.0269e+05,34047,1,10327,1838.1,7458.3,2461.9,860.04,2345.6,7054.1,945.48,4728.4,15842,334682,413,61,317,-0.61986,-1.6834,1.2717
-46.754,1569.8,2053.3,14.336,-2517.6,-586.29,6.0066e+05,32685,1,6624.1,1673,5397.7,1005.6,624.97,1299.9,1035.5,-718.54,-436.78,8982.4,321344,413,61,317,-0.61716,-1.676,1.2826
-25.901,1589.2,2041,1.9384,-2522.5,-573.44,5.9764e+05,31327,1,1835.1,-570.6,138.59,878.52,559.69,1139.9,1062.2,-891.14,-647.61,2904.9,243970,413,61,317,-0.61442,-1.6686,1.2936
-35.527,1607.7,2031.1,0.25284,-2522.8,-588.86,5.9748e+05,29975,1,614.35,-600.77,-476.03,889.37,515.07,1075.1,1181.7,-906.93,-602.62,2399.8,188400,413,68,319,-0.61167,-1.6611,1.3045
-46.713,1625.3,2021.6,-0.062912,-2522.7,-605.43,6.0356e+05,28629,1,116.46,-491.06,-563.85,924.52,452.65,997.15,1215.5,-908.02,-579,2294.3,169494,413,68,319,-0.60889,-1.6536,1.3153
-54.888,1641.3,2011.6,-0.36846,-2522.1,-618.65,6.0434e+05,27289,1,35.551,-336.77,-401.57,912.66,395.8,907.87,1158.1,-905.7,-593.24,2145.5,164938,413,68,319,-0.60609,-1.646,1.3261
-60.972,1656.2,2001.3,-0.54438,-2521,-629.48,6.0163e+05,25955,1,-5.0085,-290.75,-358.42,901.68,376.09,866.46,1110.8,-905.12,-608.52,2083.6,149356,413,68,319,-0.60327,-1.6383,1.3368
-67.037,1670.9,1991.2,-0.53248,-2520.2,-640.28,5.9868e+05,24627,1,-48.634,-280.72,-361.4,879.13,398.63,873.91,1062.2,-875.06,-585.76,2035.8,148356,413,68,319,-0.60042,-1.6306,1.3475
-73.313,1686,1981.3,-0.63317,-2519.7,-651.38,5.9659e+05,23305,1,-173.82,-198.93,-314.71,907.01,382.23,855.86,1063.5,-895.51,-602.03,2040.9,148500,413,1790,345,-0.59756,-1.6228,1.3581
-78.602,1700.6,1970.8,-0.96642,-2518.9,-661.39,5.9114e+05,21989,1,-333.59,-70.707,-229.48,956.7,333.98,810.06,1086.4,-937.76,-634.17,2077,149223,413,1790,345,-0.59467,-1.615,1.3687
-81.21,1713.9,1959.4,-1.7131,-2517.3,-668.44,5.8499e+05,20681,1,-465.99,54.847,-136.58,1039.9,251.13,739,1092.8,-982.36,-675.62,2131.9,164600,413,1790,345,-0.59175,-1.6071,1.3793
-82.474,1725.9,1947.2,-2.4081,-2514.6,-673.78,5.7959e+05,19379,1,-581.91,128.05,-98.479,1126.6,172.04,673.65,1070.2,-1018.4,-718.49,2194.5,166288,413,1790,345,-0.58882,-1.5991,1.3897
-84.267,1737.3,1934.7,-2.6846,-2511.3,-679.39,5.7333e+05,18083,1,-607.42,110.48,-128.36,1112.4,165.76,653.64,996.87,-982.22,-699.04,2130,164560,413,1790,345,-0.58586,-1.591,1.4002
-87.137,1748.8,1922.6,-2.5466,-2508.3,-686.05,5.706e+05,16795,1,-639.13,90.079,-163.22,1074.3,194.57,661.99,935.87,-957.82,-686.98,2083,149340,413,1790,345,-0.58288,-1.583,1.4106
-90.31,1760.6,1910.6,-2.5332,-2505.5,-693.11,5.6826e+05,15515,1,-765.29,148,-148.33,1114.7,164.76,636.26,965.08,-1017.2,-731.83,2192.2,166242,413,1790,345,-0.57988,-1.5748,1.4209
-92.811,1771.9,1897.2,-3.2361,-2501.7,-699.35,5.6643e+05,14243,1,-913.12,239.54,-106.35,1173.9,100.34,583.36,1011.8,-1103.9,-800.2,2348.1,171482,413,1790,345,-0.57685,-1.5666,1.4311
-94.082,1781.3,1882.1,-4.1384,-2495.8,-703.81,5.6758e+05,12981,1,-1133,553.54,145.61,1248.4,-56.096,437.37,993.17,-1110.2,-805.62,2496.4,225905,413,1790,345,-0.57381,-1.5583,1.4414
-88.194,1795.2,1850.8,-4.0882,-2481.7,-704.92,5.6641e+05,734999,1,-1021.1,191.6,-194.93,1215.6,61.511,536.74,911.29,-1079.7,-782.17,2344.1,171326,413,1774,341,-0.5692,-1.5405,1.4622
-78.128,1782.9,1846,-3.9101,-2470.4,-699.61,5.6827e+05,734997,1,-1017.2,187.41,-203.62,1149.5,66.746,524.47,847.05,-1066.1,-790.99,2278.6,168937,413,1774,341,-0.57816,-1.5405,1.4587
-82.317,1781.6,1865.7,-4.1958,-2485.2,-696.48,5.6572e+05,736091,1,-1149,468.96,46.711,1232.1,-15.309,471.95,907.59,-1040.5,-751.14,2398.7,188224,413,1790,345,-0.57467,-1.5501,1.4499
-85.612,1796.7,1831,-3.5764,-2466.7,-709.65,5.6876e+05,733875,1,-1063.7,242.27,-163.95,1234.6,7.336,490.06,938.11,-1140.4,-820.47,2415.6,191397,413,1774,341,-0.57262,-1.5308,1.471
-79.704,1795.9,1808.4,-4.4675,-2448.9,-710.53,5.652e+05,732729,1,-1201.9,443.81,-11.754,1374.2,-129.47,401.51,1058,-1248.4,-873.08,2673.6,235382,413,1774,341,-0.57602,-1.5211,1.4797
-67.181,1790.5,1783.5,-5.7502,-2428.2,-703.66,5.6713e+05,731563,1,-1368.6,661.76,140.47,1457.2,-276.52,285.68,1026.9,-1282,-905.26,2851.3,241840,413,1774,341,-0.57939,-1.5113,1.4884
-65.855,1799.8,1766.5,-6.3329,-2422.5,-703.74,5.6558e+05,730383,1,-1391,572.06,42.279,1576.3,-259.06,342.43,953.53,-1188.6,-825.73,2817.2,240798,413,1774,341,-0.57355,-1.5015,1.5006
-57.771,1796.3,1746.2,-4.9171,-2405.5,-701.77,5.6771e+05,729187,1,-1102.7,296.04,-126.43,1401.7,-89.15,446.27,798.31,-1050.1,-735.62,2451.3,222127,413,1774,341,-0.57683,-1.4916,1.5091
-55.271,1785.2,1761.4,-5.2586,-2409.6,-697.45,5.6822e+05,730381,1,-1199.9,477.75,12.843,1280.2,-173.04,323.77,774.69,-1107.6,-810.09,2451.3,222129,413,1774,341,-0.58274,-1.5015,1.497
-57.638,1797.8,1728.9,-2.9869,-2392,-709.09,5.7183e+05,727977,1,-750.17,-78.968,-362.93,1118.9,141.51,565.06,703.98,-985.35,-692.85,2451.3,222122,413,1758,340,-0.58008,-1.4817,1.5177
-62.37,1802.2,1710.7,-2.3209,-2378.5,-722.04,5.6946e+05,726755,1,-783.68,-109.69,-406.69,1074.4,139.06,545.29,828.62,-1146.4,-787.79,2451.3,222123,413,1758,340,-0.58332,-1.4717,1.5261
-61.645,1802.9,1687.2,-4.4991,-2360.1,-728.64,5.5607e+05,725521,1,-1412.2,383.1,-177.28,1458.6,-211.76,357.32,1161.9,-1471.6,-959,2984.6,247071,413,1758,340,-0.58653,-1.4616,1.5345
-44.109,1791.6,1655.1,-9.5511,-2332.3,-715.23,5.4689e+05,724277,1,-2796.8,1283.5,136.08,2454.4,-876.85,114.97,1626,-1804.4,-1075.8,4832.3,292559,413,1758,340,-0.58972,-1.4515,1.5429
-47.357,1800.5,1634.5,-11.949,-2323.3,-719.38,5.4069e+05,723027,1,-3286.2,1193.2,-124.57,2642.9,-835.05,216.48,1624.5,-1793.1,-1054.6,5189.8,295822,413,1758,340,-0.58336,-1.4414,1.5548
-972.9,1125.8,1518.3,72.108,-1706.9,-1265.1,6.0381e+05,56439,1,-621.03,75.182,-201.08,-6898.7,7851.8,9530,-12353,12861,15132,27340,342300,413,118,329,-0.57121,-1.8225,1.0897
-962.07,1247,1596.8,19.015,-1834,-1291,6.0337e+05,55013,1,-1348.8,1472.5,1727.7,-4922,4486.4,4882.2,-7267.4,4672.4,3980.3,12871,331169,413,118,329,-0.5692,-1.8161,1.1014
-899.96,1304.7,1651.8,1.1866,-1914.6,-1254.9,6.024e+05,53589,1,-522.52,1758.2,2583.3,-2195.5,983.3,458.97,-2565.4,906.62,142.04,4843.4,292670,413,118,329,-0.57826,-1.8061,1.1131
-861.81,1306.1,1648.9,0.33776,-1918.7,-1219,6.0227e+05,52171,1,-214.55,1559.6,2382.2,-1757.9,571.84,13.326,-2072.7,491.12,-276.77,4023,283144,413,118,329,-0.57617,-1.7995,1.1247
-854.42,1326.8,1672.8,0.071989,-1946.6,-1224.4,6.019e+05,52169,1,-175.37,1521.9,2339.1,-1696.9,541.28,-21.096,-2004.6,450.77,-326.09,3913.9,280624,413,118,329,-0.5872,-1.796,1.1247
-811.22,1345.9,1689.7,0.0137,-1973.6,-1195.6,6.0003e+05,50751,1,-122.33,1507.9,2307.6,-1645.5,507.51,-66.757,-1934.7,403.25,-382.79,3825.7,278436,413,118,329,-0.59601,-1.7857,1.1362
-804.31,1365.7,1712.3,0.016144,-2000,-1201.7,5.9879e+05,50749,1,-133.32,1510.6,2300.4,-1628.4,513.49,-66.276,-1917,410.93,-381.95,3808,277732,413,118,329,-0.60696,-1.7821,1.1362
-797.09,1385.4,1734.8,0.010971,-2026.2,-1207.6,5.9888e+05,50747,1,-146.19,1520,2296.6,-1618.5,521.37,-65.264,-1910.2,422.15,-379,3804.3,277623,413,118,329,-0.61788,-1.7783,1.1362
-760.82,1384.3,1728.7,0.01188,-2026.7,-1173,5.9773e+05,49333,1,-134.12,1539,2303.5,-1631.7,517.54,-76.202,-1927.3,418.29,-387.96,3830,278536,413,118,329,-0.61558,-1.7717,1.1478
-724.22,1383,1722.5,0.015703,-2027.1,-1138,5.9639e+05,47923,1,-122.18,1556,2306.1,-1639.3,516.21,-82.521,-1934.9,416.65,-390.99,3842.3,278870,413,118,329,-0.61326,-1.765,1.1593
-680.35,1401.3,1738.7,0.015311,-2054,-1109.3,5.962e+05,46515,1,-129.11,1576.7,2296.1,-1638.5,524.36,-85.55,-1941.1,426.74,-393.03,3842.3,278874,413,118,329,-0.62169,-1.7545,1.1707
-636.25,1419.6,1755.1,0.025025,-2081.4,-1080.7,5.9546e+05,45111,1,-129.37,1590.3,2277.1,-1637,533.98,-84.671,-1942.3,435.94,-391.96,3842.3,278871,413,118,329,-0.62999,-1.7438,1.1821
-599.88,1418.2,1748.8,0.07198,-2082.1,-1046.1,5.9245e+05,43713,1,-111.68,1585.7,2244.2,-1638.5,542.86,-71.268,-1934.6,435.53,-382.39,3824.5,278403,413,118,329,-0.62751,-1.737,1.1935
-563.92,1417.2,1742.8,0.14258,-2083.3,-1011.9,5.913e+05,42319,1,-106.45,1580.5,2211,-1629.8,545.34,-63.861,-1922.9,423.96,-389.8,3792.7,277297,413,118,329,-0.62501,-1.73,1.2048
-528.41,1416.2,1736.4,0.089488,-2084,-978.16,5.9255e+05,40929,1,-87.27,1583.1,2202,-1591.9,547.57,-37.568,-1841,419.74,-346.54,3726.1,275168,413,118,329,-0.62249,-1.7231,1.216
-492.83,1415.6,1730.7,0.17133,-2085.7,-944.5,5.9953e+05,39543,1,6.2691,1593.4,2235.7,-1304.1,563.94,128.45,-1124.6,461.61,73.496,3697.3,274036,413,74,320,-0.61994,-1.716,1.2272
-486.04,1434.1,1751.1,0.04869,-2110.3,-951.63,5.921e+05,39541,1,-53.785,1584.5,2180.4,-1507.5,535.13,-29.499,-1664.2,393.72,-308.02,3697.3,274035,413,118,329,-0.63046,-1.7122,1.2272
-450.74,1433,1744.7,0.098234,-2111.3,-918.15,5.9905e+05,38159,1,46.498,1604.2,2228.4,-1219.6,553.86,141.34,-977.17,429.48,91.176,3697.3,274034,413,68,319,-0.62785,-1.7051,1.2384
-412.73,1440.2,1757.8,4.1263,-2133.4,-884.96,6.0171e+05,36783,1,952.65,1920.2,3084.5,925.59,1205.2,2092.2,5241.3,2257.1,5660.5,9241.3,322329,413,68,319,-0.62521,-1.6979,1.2495
-408.51,1450.6,1759.2,0.21918,-2137.8,-892.07,5.979e+05,36781,1,372.6,1663.7,2444.2,-547.85,682.34,639.8,952.83,766.22,1503.4,3716.4,274717,413,68,319,-0.63562,-1.694,1.2495
-370.16,1458.8,1774.9,5.0201,-2162.7,-859.03,6.007e+05,35411,1,2724,1797.4,3753.3,1630.6,560.89,1554.4,7141.6,445.88,4141.3,9923.7,324318,413,61,317,-0.63291,-1.6868,1.2606
-305.45,1508.9,1915.9,43.015,-2318,-816.05,6.0164e+05,34045,1,7066.4,2433.1,6680.9,3678.6,951.07,3077.4,12939,1204,8002.2,18902,337347,413,61,317,-0.63018,-1.6796,1.2717
-148.79,1560.6,2039.6,45.365,-2478.5,-687.54,6.0182e+05,32683,1,9176.9,2349.9,7569,2230.1,1015.9,2425.1,6792.3,567.67,4097.1,14905,333755,413,61,317,-0.62743,-1.6722,1.2826
-49.29,1583.7,2028.1,8.0119,-2502.1,-602.5,5.9922e+05,31325,1,4596,675.61,3105.9,869.17,649.15,1256.6,1474.4,-827.53,-348.54,6079.7,304677,413,61,317,-0.62465,-1.6648,1.2936
-41.134,1600.9,2015.7,0.79533,-2503.3,-600.9,5.9614e+05,29973,1,564.91,-324.29,-138.81,791.83,512.68,1026.7,1093.2,-907.36,-632.88,2192.3,166244,413,68,319,-0.62185,-1.6574,1.3045
-49.583,1618,2006.3,0.069426,-2503.5,-614.81,5.9972e+05,28627,1,255.05,-397.97,-378.22,801.65,468.03,965.08,1087,-859.08,-564.5,2097.1,163642,413,68,319,-0.61903,-1.6498,1.3153
-56.689,1633.9,1996.8,-0.19085,-2503.4,-627.07,6.0293e+05,27287,1,75.936,-345.5,-393.65,850.58,426.43,923.99,1105.6,-871.39,-567.44,2084,149362,413,68,319,-0.61618,-1.6422,1.3261
-62.129,1649,1987.3,-0.32121,-2503.2,-637.45,6.0157e+05,25953,1,20.382,-256.05,-304.11,829.55,408.46,881.08,1047.5,-854.35,-564.06,1983.7,146868,413,68,319,-0.61331,-1.6346,1.3368
-67.406,1664,1977.7,-0.45438,-2503,-647.65,5.9933e+05,24625,1,-81.654,-227.03,-311.23,843.41,405.89,871.2,1023.5,-860.72,-577.27,1977.8,146703,413,68,319,-0.61042,-1.6269,1.3475
-71.9,1678.7,1967.7,-0.86826,-2502.7,-657.03,5.9579e+05,23303,1,-176.63,-72.966,-166.59,856.98,354.57,807.14,980.15,-884.39,-614.22,1922.5,144971,413,68,319,-0.6075,-1.6191,1.3581
-73.834,1692.1,1956.4,-1.8092,-2501.2,-663.54,5.9057e+05,21987,1,-359.43,18.433,-136.55,944.53,297.45,766.45,1024.2,-934.92,-650.08,2015.4,147817,413,1790,345,-0.60456,-1.6113,1.3687
-75,1704.3,1945,-2.2646,-2499.2,-668.94,5.8572e+05,20679,1,-329.8,56.856,-77.479,934.28,244.28,692.28,929.3,-913.28,-655.25,1912.3,144719,413,1790,345,-0.6016,-1.6034,1.3793
-76.436,1715.9,1933.2,-2.374,-2496.6,-674.36,5.8044e+05,19377,1,-414.33,74.876,-91.411,971.96,226.09,676.71,923.5,-926.79,-666.83,1948.3,145676,413,1790,345,-0.59862,-1.5954,1.3897
-78.137,1727.8,1922.1,-2.2359,-2494.7,-680.13,5.7983e+05,18081,1,-422.84,52.977,-118.78,940.29,244.68,675.62,847.75,-901.58,-660.35,1887.8,143990,413,1790,345,-0.59561,-1.5874,1.4002
-80.695,1739.8,1910.5,-2.3538,-2492.3,-686.74,5.7547e+05,16793,1,-481.11,63.218,-130.88,935.41,245.08,667.22,831.87,-923.94,-685.15,1910,144663,413,1790,345,-0.59258,-1.5793,1.4106
-82.748,1751.3,1898,-2.7299,-2489.3,-692.69,5.7105e+05,15513,1,-595.6,194.45,-32.637,988.77,155.19,583.13,863.83,-1012.6,-761.17,2021.5,147970,413,1790,345,-0.58953,-1.5712,1.4209
-82.363,1760.8,1883.5,-3.8121,-2484.1,-695.69,5.6708e+05,14241,1,-892.4,450.28,125.41,1139.4,8.976,475.96,903.06,-1067.4,-794.92,2264.2,168489,413,1790,345,-0.58646,-1.563,1.4311
-72.408,1768.8,1860.4,-3.9473,-2473.3,-690.94,5.6807e+05,736089,1,-1091.2,522.99,123.09,1209.9,-26.637,459.02,838.38,-1016.5,-753.48,2336.4,171104,413,1790,345,-0.58355,-1.5501,1.4463
-69.185,1771.4,1842.3,-3.3829,-2460.3,-695.49,5.6713e+05,734995,1,-866.79,177.76,-160.55,1063.6,106.72,541.7,756.98,-1023.9,-779.37,2115.1,164163,413,1774,341,-0.5871,-1.5405,1.4551
-75.451,1784.4,1825.8,-3.8326,-2455,-704.29,5.6716e+05,733873,1,-1048.3,262.21,-143,1139.7,-0.11532,452.9,855.59,-1157.3,-868.99,2349.2,171536,413,1774,341,-0.58163,-1.5308,1.4675
-67.772,1782.2,1802,-5.1067,-2435.9,-703.06,5.6544e+05,732727,1,-1364.9,554.43,30.384,1309.9,-188.28,324.79,975.04,-1277.9,-931.81,2735,237626,413,1774,341,-0.58508,-1.5211,1.4762
-54.334,1777,1778.4,-5.9698,-2416.5,-695.43,5.664e+05,731561,1,-1569.6,656.65,44.973,1268.1,-219.63,279.54,760.1,-1145.2,-863.78,2695.7,236244,413,1774,341,-0.58851,-1.5113,1.4848
-50.16,1784,1742.7,-3.618,-2394.5,-699.09,5.6915e+05,729185,1,-936.26,92.271,-273.26,994.86,79.42,464.92,609.58,-967.84,-719.94,2451.3,222121,413,1758,340,-0.58607,-1.4916,1.5056
-43.706,1773.7,1758.5,-5.1147,-2400.5,-691.17,5.676e+05,730379,1,-1477.4,398.56,-186.12,1064.2,-54.169,367.4,544.38,-1020.3,-809.16,2451.3,222119,413,1758,340,-0.59192,-1.5015,1.4934
-38.885,1773.9,1740.2,-4.2318,-2386.5,-693.66,5.701e+05,729183,1,-1334.7,190.97,-338.5,959.53,62.799,441.45,525.35,-983.24,-769.99,2451.3,222120,413,1758,340,-0.5953,-1.4916,1.5019
-50.937,1787.2,1725.5,-2.4961,-2381.8,-707.9,5.7214e+05,727975,1,-1147.3,24.883,-424.86,974.21,136.36,513.48,685.23,-1064.1,-772.38,2451.3,222124,413,1758,340,-0.58938,-1.4817,1.5141
-52.137,1790.4,1705.5,-3.3352,-2366.9,-717.17,5.636e+05,726753,1,-1411,128.84,-425.97,1221.3,5.3828,480.34,945.14,-1262.9,-852.41,2669.5,235190,413,1758,340,-0.59267,-1.4717,1.5225
-42.004,1785,1677.6,-7.2007,-2343.9,-712.82,5.516e+05,725519,1,-2809.6,1148.6,-2.314,2109.7,-764.91,94.136,1439.6,-1782.3,-1138.8,4561.1,289820,413,1758,340,-0.59593,-1.4616,1.5309
-14.24,1765.8,1642.2,-12.174,-2311.5,-686.92,5.4543e+05,724275,1,-3498.6,1662.4,204.32,2725.6,-1213.4,-82.582,1590,-1864.8,-1140.8,5031.5,294455,413,1758,340,-0.59918,-1.4515,1.5392
-976.83,1226,1646.4,60.503,-1861,-1304.1,6.037e+05,56437,1,12.033,358.23,595.95,-5381.3,6253,7584.9,-7861.3,7759.6,8814,18049,336651,413,121,330,-0.58238,-1.8189,1.0897
-940.87,1296.2,1648.7,5.6708,-1901.6,-1291.3,6.0339e+05,55011,1,-941.85,1799.6,2466.1,-2760.9,2410.1,2530.1,-3418.1,1198,174.62,6571.8,309483,413,118,329,-0.58033,-1.8125,1.1014
-928.3,1325.5,1681.4,1.4181,-1941.8,-1294.3,6.0277e+05,55009,1,-362.41,1618.7,2464.4,-2489.2,1444.7,1045.3,-2376.8,664.99,-182.5,4932.1,293500,413,121,330,-0.59144,-1.8089,1.1014
-890.95,1327.1,1677.8,0.25052,-1945.4,-1259.2,6.0212e+05,53587,1,-223.89,1525.8,2349,-1724,579.07,23.851,-2047.9,489.27,-292.84,3965.3,281997,413,118,329,-0.58933,-1.8025,1.1131
-847.43,1346.8,1695.7,0.019903,-1973.3,-1230.2,6.0156e+05,52167,1,-148.75,1491,2302.4,-1644.6,519.34,-47.075,-1937.8,418.53,-364.37,3819.2,278282,413,118,329,-0.59821,-1.7923,1.1247
-840.44,1366.7,1718.2,0.0089686,-1999.6,-1236.2,6.0069e+05,52165,1,-138.41,1489.9,2291.9,-1625,515.93,-57.773,-1911.1,411.59,-378.04,3790.3,277229,413,118,329,-0.60919,-1.7886,1.1247
-833.2,1386.3,1740.6,0.0037791,-2025.6,-1242,5.9998e+05,52163,1,-153.82,1495,2288.8,-1609.4,522.12,-55.882,-1896.3,420.88,-374.35,3778.4,276878,413,118,329,-0.62016,-1.7848,1.1247
-825.6,1405.8,1763,-0.0090902,-2051.6,-1247.7,5.9962e+05,52161,1,-169.8,1505.7,2289.1,-1593.2,530.36,-54.071,-1881.9,434.18,-368.44,3771.5,276649,413,118,329,-0.6311,-1.781,1.1247
-789.61,1404.9,1757.1,-0.001341,-2052.3,-1213.5,5.9888e+05,50745,1,-165.12,1526.2,2292,-1601.9,528.08,-61.695,-1895.5,432.51,-373.49,3791.8,277265,413,118,329,-0.62878,-1.7745,1.1362
-753.35,1403.9,1751.2,0.0053988,-2053.1,-1179,5.9806e+05,49331,1,-153.69,1545.8,2297,-1615.9,525.91,-71.826,-1914.4,430.28,-382.05,3818.1,278241,413,118,329,-0.62644,-1.7679,1.1478
-716.94,1402.6,1745,0.0082546,-2053.6,-1144.3,5.9719e+05,47921,1,-138.05,1562.1,2298.9,-1630.6,523.52,-82.412,-1931.5,426.2,-392.28,3840.6,278826,413,118,329,-0.62408,-1.7612,1.1593
-709.27,1422.2,1767.5,-0.0052248,-2080,-1150.3,5.982e+05,47919,1,-160.99,1569.1,2290.3,-1615.1,532.68,-76.936,-1922.3,439.68,-386.16,3830.1,278538,413,118,329,-0.63487,-1.7573,1.1593
-672.8,1420.9,1761.3,0.0037177,-2080.7,-1115.6,5.972e+05,46513,1,-144.36,1584,2290.6,-1629.3,532.85,-83.332,-1937.3,439.14,-389.87,3842.3,278872,413,118,329,-0.63244,-1.7506,1.1707
-664.95,1440.4,1783.7,-0.011023,-2107.2,-1121.7,5.9782e+05,46511,1,-153.02,1581.4,2275.3,-1608.1,537.03,-82.182,-1912.8,439.88,-394.46,3819.7,278296,413,118,329,-0.64317,-1.7467,1.1707
-628.64,1439,1777.4,0.0087078,-2107.9,-1087.2,5.9596e+05,45109,1,-128.62,1585.3,2263.6,-1614.4,536.23,-85.663,-1911,432.08,-399.62,3814.9,278029,413,118,329,-0.64068,-1.7399,1.1821
-592.51,1437.7,1771,0.043502,-2108.5,-1052.8,5.9264e+05,43711,1,-114.91,1583.5,2239.9,-1612.3,537.6,-82.619,-1901.7,424.09,-402.62,3793.6,277324,413,118,329,-0.63816,-1.7331,1.1935
-556.72,1436.4,1764.5,0.076537,-2109.3,-1018.8,5.9104e+05,42317,1,-103.59,1579.9,2212.8,-1609.2,541.57,-71.492,-1890.2,417.86,-397.14,3767.8,276520,413,118,329,-0.63562,-1.7262,1.2048
-521.3,1435.3,1758,0.074087,-2109.9,-985.14,5.9099e+05,40927,1,-91.84,1578,2185.7,-1595.5,538.47,-68.257,-1868,400.68,-405.1,3732.3,275376,413,118,329,-0.63305,-1.7192,1.216
-514.2,1454.1,1779.1,0.042202,-2135.3,-992.25,5.9086e+05,40925,1,-87.207,1575.8,2174.1,-1580.3,535.7,-81.737,-1849.7,392.12,-426.66,3710.2,274511,413,118,329,-0.64359,-1.7153,1.216
-479.01,1452.8,1772.2,0.052474,-2135.7,-958.84,5.8999e+05,39539,1,-81.426,1585.4,2160.8,-1580.5,534.74,-82.508,-1852.2,387.51,-429.01,3707.4,274405,413,118,329,-0.64095,-1.7083,1.2272
-443.88,1451.4,1765.1,0.048578,-2136.1,-925.47,5.9154e+05,38157,1,-71.583,1596.9,2160.2,-1572.4,540.58,-66.565,-1833.9,399.13,-396.02,3697.3,274033,413,68,319,-0.6383,-1.7012,1.2384
-436.77,1470,1786,0.055798,-2161.3,-932.82,5.883e+05,38155,1,-72.86,1595,2150.3,-1559.5,534.11,-83.963,-1816.3,380.45,-429.3,3677.7,273414,413,68,319,-0.64872,-1.6972,1.2384
-401.76,1468.5,1778.6,0.022608,-2161.5,-899.57,5.9081e+05,36779,1,-7.4164,1604.8,2164,-1403.9,538.34,0.23903,-1450.4,388.68,-227.62,3613.8,271510,413,118,329,-0.646,-1.6901,1.2495
-366.58,1467.6,1772.6,0.24362,-2163.2,-866.39,5.9854e+05,35409,1,175.57,1614.7,2241,-936.21,535.02,232.85,-299.13,391.33,362.95,3613.8,271509,413,61,317,-0.64325,-1.6829,1.2606
-327.02,1478.3,1796,7.3709,-2196.2,-833.26,5.999e+05,34043,1,2991.9,2512.8,4796.8,1421.4,1458.1,2624.4,6286.8,2806.6,6826.3,11971,329845,413,61,317,-0.64047,-1.6757,1.2717
-239.01,1547,1979.1,49.996,-2400.6,-775.57,6.0193e+05,32681,1,5869.7,2417.8,6042.7,1815.2,1325.7,2633.3,6503.4,1471.5,5178.5,12652,330862,413,61,317,-0.63768,-1.6683,1.2826
-99.472,1580.8,2019.5,22.654,-2480.8,-657.32,6.0015e+05,31323,1,5987.4,2182.5,5759.9,1075.8,930.23,1729.6,2920.9,202.83,1719.9,9504.4,323117,413,61,317,-0.63486,-1.661,1.2936
-51.532,1596.1,2002.3,2.4152,-2485.4,-617.99,5.9725e+05,29971,1,1795.6,49.77,937.22,602.48,509.35,936.32,841.61,-910.97,-748.09,2775.2,239240,413,61,317,-0.63201,-1.6535,1.3045
-52.847,1611.9,1992.3,0.27192,-2485.9,-624.85,5.9628e+05,28625,1,311.89,-288.33,-210.41,727.28,468.28,933.71,1005.8,-839.38,-569.7,1971.1,146382,413,61,317,-0.62914,-1.646,1.3153
-58.632,1627.5,1983.1,-0.057479,-2486.1,-635.85,6.0089e+05,27285,1,125.93,-284.69,-292.32,754.48,443.7,904.46,998.81,-823.02,-545.4,1933.6,145265,413,61,317,-0.62625,-1.6384,1.3261
-63.269,1642.6,1973.9,-0.21158,-2486.3,-645.55,6.0129e+05,25951,1,23.968,-217.36,-254.13,768.47,427.08,879.22,976.61,-817.56,-542.14,1890.6,144069,413,68,319,-0.62333,-1.6308,1.3368
-67.267,1657.4,1964.7,-0.46106,-2486.6,-654.59,6.0051e+05,24623,1,-86.087,-133.53,-200.71,784.87,407.63,852.33,938.99,-818.83,-554.14,1852.9,142568,413,68,319,-0.62039,-1.6231,1.3475
-70.082,1671.6,1954.8,-0.92113,-2486.3,-662.27,5.9716e+05,23301,1,-194.35,-30.619,-125.01,796.61,354.85,784.26,889.16,-844.59,-600.5,1815.1,138300,413,68,319,-0.61743,-1.6154,1.3581
-71.554,1684.3,1944.1,-1.2448,-2485,-668.2,5.9074e+05,21985,1,-200.95,4.1157,-85.342,807.68,318.5,736.75,840.54,-851.33,-623.97,1779,134039,413,1790,345,-0.61444,-1.6075,1.3687
-72.989,1696.6,1933.4,-1.2266,-2483.4,-673.91,5.8542e+05,20677,1,-203.57,8.5739,-80.54,759.88,318.52,707.24,759.71,-824.1,-619.28,1701.9,30700,413,1790,345,-0.61143,-1.5997,1.3793
-74.434,1708.6,1922.5,-1.2251,-2481.7,-679.57,5.8283e+05,19375,1,-237.11,20.896,-80.161,741.26,318.64,689.96,723.95,-831.12,-635.3,1701.9,30699,413,1774,341,-0.6084,-1.5917,1.3897
-76.246,1720.7,1911.5,-1.1895,-2480,-685.58,5.787e+05,18079,1,-256.72,22.034,-86.385,769.38,307.64,680.71,733.74,-850.36,-646.2,1703.8,30893,413,1790,345,-0.60534,-1.5837,1.4002
-77.352,1732.4,1899.7,-1.6135,-2477.7,-690.79,5.7547e+05,16791,1,-446.27,169.46,-1.9299,831.77,224.48,606,770.07,-946.6,-728.42,1832.2,140594,413,1774,341,-0.60226,-1.5757,1.4106
-76.374,1742.4,1886,-2.6721,-2473.4,-693.44,5.7096e+05,15511,1,-643.72,309.62,69.714,939.23,110.13,517.77,828.83,-1039.9,-797.75,2020.5,147948,413,1774,341,-0.59916,-1.5676,1.4209
-74.881,1750.7,1871.5,-3.2169,-2467.8,-695.02,5.6677e+05,14239,1,-636.56,487.32,264.52,971.2,2.1377,407.64,812.91,-1016.9,-770.5,2027.5,148121,413,1774,341,-0.59604,-1.5594,1.4311
-65.076,1757.3,1856.5,-3.1986,-2462.8,-688.16,5.6635e+05,736087,1,-707.05,408.39,151.27,1001.8,42.475,455.28,720.16,-965.18,-742.46,2027.5,148123,413,1774,341,-0.59242,-1.5501,1.4427
-62.761,1760.8,1838.9,-2.671,-2450.4,-693.88,5.6646e+05,734993,1,-875.77,310.85,-31.272,1011.9,68.478,489.18,781.8,-1078.5,-821.65,2140.6,164827,413,1774,341,-0.59602,-1.5405,1.4515
-65.24,1772.7,1821.4,-4.0487,-2444.5,-698.98,5.646e+05,733871,1,-1218,481.48,10.168,1187.2,-93.239,382.94,878.62,-1232.4,-932.44,2537.8,228024,413,1774,341,-0.59063,-1.5308,1.4639
-53.442,1769,1796.6,-6.1606,-2424.7,-693.39,5.6513e+05,732725,1,-1667.3,718.71,69.382,1341.9,-234.62,298.76,888.66,-1244.5,-926.17,2735,237625,413,1774,341,-0.59413,-1.5211,1.4725
-38.437,1764.4,1775.1,-6.5308,-2407.7,-684.54,5.6508e+05,731559,1,-1674.8,675.14,12.468,1248.8,-150.97,350.73,617.11,-1034.2,-806.6,2658.4,234524,413,1774,341,-0.59761,-1.5113,1.4812
-28.07,1762.6,1756.8,-5.7047,-2393.8,-681.12,5.6661e+05,730377,1,-1583.3,468.06,-164.46,1101.7,-51.195,391.51,494.65,-995.91,-805.96,2451.3,222118,413,1758,340,-0.60107,-1.5015,1.4897
-37.508,1777.2,1722.7,-4.0332,-2374.2,-700.56,5.6702e+05,727973,1,-1577.9,184.91,-445.43,956.73,100.96,479.1,563.58,-1056.7,-814.8,2451.3,222130,413,1758,340,-0.59866,-1.4817,1.5104
-22.13,1763.7,1739,-5.3716,-2380.9,-682.94,5.6992e+05,729181,1,-1727.1,330.37,-367.74,1042.8,69.674,490.13,446.08,-985.22,-800.93,2524,227401,413,1758,340,-0.60451,-1.4916,1.4983
-31.317,1777,1700,-6.4746,-2357.2,-701.76,5.5511e+05,726751,1,-2487.4,684.23,-326.12,1529.4,-349.39,269.88,945.6,-1488.4,-1066.2,3679.9,273489,413,1758,340,-0.602,-1.4717,1.5188
-11.852,1764.4,1668,-11.036,-2329.1,-686.04,5.4571e+05,725517,1,-3455.6,1435.2,1.0887,2276.3,-1004.1,-56.765,1332.9,-1843.5,-1236.2,5031.5,294453,413,1758,340,-0.60532,-1.4616,1.5272
-987.48,1176.5,1630.5,92.143,-1818.9,-1304.2,6.0547e+05,57865,1,1472.4,-932.72,-772.99,-7039.7,8486.1,10458,-9374.2,12909,16719,27723,342466,413,121,330,-0.5956,-1.8217,1.078
-969.44,1303.5,1686.8,21.487,-1929.8,-1326.5,6.032e+05,56435,1,16.347,1279.9,2141.9,-4711.9,4302.1,4622.4,-3372.8,1812.7,1187.8,9185.6,322160,413,121,330,-0.59353,-1.8153,1.0897
-956.93,1343.4,1711.6,4.5872,-1968,-1333,6.0218e+05,56433,1,-366.88,1763.6,2728.1,-2077.3,1859.7,1952.5,-2047.1,411.57,-449.36,5180.2,295725,413,121,330,-0.60466,-1.8117,1.0897
-919.48,1347.7,1706.5,0.30271,-1971.5,-1298.9,6.0198e+05,55007,1,-245.81,1505.3,2332,-1724.5,632.83,91.609,-1991.1,462.83,-333.74,3929,281074,413,121,330,-0.60253,-1.8053,1.1014
-883.46,1347.5,1701.4,0.057009,-1972.7,-1264.6,6.0182e+05,53585,1,-194.2,1498.1,2320.6,-1676.6,557.01,-1.8401,-1977.6,458.48,-323.6,3874.9,279672,413,118,329,-0.60038,-1.7988,1.1131
-876.21,1367.4,1724.1,0.015626,-1999.1,-1270.3,6.0172e+05,53583,1,-159.09,1473.5,2287.2,-1621.4,527.67,-38.143,-1908.6,424.74,-361.45,3780.3,276930,413,118,329,-0.61141,-1.7951,1.1131
-868.97,1387.1,1746.4,0.0035354,-2025,-1276.1,6.0109e+05,53581,1,-163.85,1470.1,2276,-1597.4,529.88,-41.722,-1879.7,426.67,-366.2,3748.6,275866,413,118,329,-0.62241,-1.7913,1.1131
-861.49,1406.6,1768.7,-0.003988,-2050.8,-1281.8,6.0013e+05,53579,1,-174.73,1480.2,2277.4,-1586,534.38,-44.294,-1871.1,435.35,-365.63,3746.4,275794,413,118,329,-0.63339,-1.7875,1.1131
-853.63,1426,1790.9,-0.018477,-2076.6,-1287.4,5.9897e+05,53577,1,-189.39,1489.7,2278.5,-1576.5,539.01,-45.949,-1865.8,444.01,-365.3,3746.5,275796,413,118,329,-0.64435,-1.7836,1.1131
-817.81,1425.2,1785.1,-0.02351,-2077.4,-1253.4,5.9901e+05,52159,1,-188.25,1515,2288.9,-1579.3,538.08,-53.102,-1872.9,447.18,-365.05,3767.9,276523,413,118,329,-0.64201,-1.7771,1.1247
-781.72,1424.3,1779.4,-0.020775,-2078.4,-1219.2,5.9888e+05,50743,1,-181.91,1536.7,2292.2,-1589.5,535.77,-59.902,-1888.3,445.98,-368.04,3790.2,277224,413,118,329,-0.63966,-1.7706,1.1362
-745.55,1423.3,1773.5,-0.010553,-2079.3,-1184.8,5.9856e+05,49329,1,-175.93,1553.7,2290.1,-1599.3,534.22,-66.893,-1903.3,443.29,-375.46,3807.6,277719,413,118,329,-0.63728,-1.764,1.1478
-737.4,1442.7,1795.8,-0.02795,-2105.4,-1190.5,5.9868e+05,49327,1,-189.44,1560.1,2285.4,-1587.6,542.37,-64.707,-1895.9,455.28,-372.35,3801.6,277545,413,118,329,-0.64809,-1.76,1.1478
-701.23,1441.6,1789.9,-0.019748,-2106.4,-1156.2,5.985e+05,47917,1,-177.79,1573.6,2281.1,-1597.4,540.74,-71.74,-1907.6,450.46,-380.99,3814.1,277998,413,118,329,-0.64564,-1.7534,1.1593
-692.97,1460.9,1812.1,-0.038156,-2132.6,-1162,5.9908e+05,47915,1,-171.29,1566.8,2267.5,-1580.3,544.5,-73.054,-1882.7,449.06,-388.21,3784.5,277065,413,118,329,-0.65639,-1.7494,1.1593
-657.03,1459.7,1805.8,-0.023736,-2133.3,-1127.9,5.9836e+05,46509,1,-151.05,1572.6,2256.6,-1586.1,539.71,-82.381,-1882.5,435.61,-402.86,3781.3,276962,413,118,329,-0.65388,-1.7427,1.1707
-621.04,1458.2,1799.3,-0.0078192,-2133.8,-1093.7,5.9713e+05,45107,1,-124.92,1578.3,2249,-1590.5,536.03,-89.155,-1876.9,424.01,-411.38,3776.4,276814,413,118,329,-0.65134,-1.736,1.1821
-585.09,1456.8,1792.7,0.020132,-2134.4,-1059.6,5.936e+05,43709,1,-112.78,1579.7,2227.6,-1590.9,536.59,-87.377,-1872,415.93,-414.93,3761.2,276249,413,118,329,-0.64878,-1.7291,1.1935
-549.47,1455.4,1785.9,0.040197,-2134.9,-1025.7,5.9129e+05,42315,1,-100.06,1574.8,2200.1,-1587.5,537.91,-81.487,-1861.9,405.68,-417.81,3735.3,275475,413,118,329,-0.6462,-1.7222,1.2048
-542.21,1474.2,1807,0.01071,-2160.1,-1032.8,5.9307e+05,42313,1,-89.753,1569.3,2186.7,-1565.9,536.58,-89.36,-1830.3,396.25,-433.36,3700.7,274150,413,118,329,-0.65675,-1.7182,1.2048
-507.01,1472.8,1800,0.027847,-2160.4,-999.44,5.9031e+05,40923,1,-87.795,1578.1,2170.2,-1564.5,536.88,-87.359,-1830.3,392.16,-433.73,3693.7,273926,413,118,329,-0.6541,-1.7113,1.216
-471.87,1471.4,1793,0.040018,-2160.8,-966.11,5.8936e+05,39537,1,-83.181,1585.8,2161.6,-1567.2,536.6,-85.278,-1833.3,389.36,-431.26,3693.8,273929,413,118,329,-0.65142,-1.7043,1.2272
-464.59,1489.9,1813.6,0.024364,-2185.7,-973.39,5.8864e+05,39535,1,-84.808,1587.8,2156.6,-1551.6,537.41,-91.205,-1813.6,386.94,-441.17,3676.6,273377,413,118,329,-0.66187,-1.7003,1.2272
-429.6,1488.3,1806.3,0.02142,-2186,-940.23,5.8817e+05,38153,1,-72.594,1594,2138.4,-1548,532.64,-96.579,-1805.4,372.38,-452.46,3662.2,272936,413,118,329,-0.65913,-1.6932,1.2384
-394.69,1486.7,1798.9,0.022559,-2186.2,-907.13,5.8709e+05,36777,1,-62.613,1600.8,2123.9,-1548.5,529.26,-100.47,-1806,363.41,-459.15,3656.5,272777,413,118,329,-0.65636,-1.6861,1.2495
-359.87,1485.1,1791.3,0.0071227,-2186.2,-874.07,5.8775e+05,35407,1,-44.697,1611.9,2126.8,-1519.5,543.62,-62.654,-1740.7,394.89,-376.05,3613.8,271508,413,61,317,-0.65356,-1.6789,1.2606
-324.75,1484.6,1786.5,0.55514,-2189.4,-841.19,5.9842e+05,34041,1,830.82,1780.2,2759.6,-137.66,920.64,1131.4,1921.9,1306.8,2679,5118.6,295180,413,61,317,-0.65074,-1.6717,1.2717
-276.64,1518.7,1866.3,20.568,-2282.9,-808.73,5.9971e+05,32679,1,4128.1,2461.1,5248.8,2133.1,1206.8,2634.3,7521.6,1480.2,5698,12443,330570,413,61,317,-0.6479,-1.6644,1.2826
-176.21,1577.2,2002.9,41.461,-2446.7,-736.34,6.0029e+05,31321,1,5665.4,2145.2,5572.9,1526.6,1309.4,2452.2,4967.2,1565.8,4527.4,11200,328362,413,61,317,-0.64503,-1.657,1.2936
-74.946,1593.4,1991.2,7.773,-2467.8,-647.86,5.9765e+05,29969,1,4210.2,1288.8,3718.1,701.5,511.13,994.68,1604.7,-851.1,-280.89,6191.3,305863,413,61,317,-0.64214,-1.6496,1.3045
-58.109,1606.9,1979.5,0.92681,-2469.4,-637.07,5.95e+05,28623,1,860.75,-167.63,210.78,609.59,466.22,877.48,887.6,-827.18,-603.38,2002.1,147465,413,61,317,-0.63923,-1.6421,1.3153
-60.805,1622,1970.3,0.1007,-2470,-645.06,5.9763e+05,27283,1,267.76,-180.01,-92.17,667.86,449.1,874.5,907.21,-785.67,-531.86,1802.3,136548,413,61,317,-0.63629,-1.6346,1.3261
-64.272,1636.9,1961.5,-0.1246,-2470.6,-653.68,6.0056e+05,25949,1,8.6919,-151.72,-180.76,716.49,435.04,867.79,902.95,-778.67,-520.26,1789.9,135206,413,68,319,-0.63332,-1.6269,1.3368
-66.758,1651.5,1952.7,-0.39814,-2471.4,-661.31,6.0019e+05,24621,1,-84.272,-64.752,-117.44,727.77,416,840.36,866.36,-771.62,-522.07,1747.2,130577,413,68,319,-0.63034,-1.6193,1.3475
-68.279,1665.6,1943.7,-0.70501,-2472,-667.83,5.9652e+05,23299,1,-199.27,25.741,-61.844,725.59,383.25,790.03,801.01,-778.66,-553.88,1701.9,30696,413,1774,341,-0.62733,-1.6115,1.3581
-69.653,1678.8,1933.9,-0.83578,-2471.7,-673.9,5.9059e+05,21983,1,-363.24,95.368,-54.643,703.16,359.06,740.04,722.28,-782.53,-586.1,1701.9,30697,413,1774,341,-0.62429,-1.6037,1.3687
-70.871,1691.4,1923.6,-0.96411,-2470.7,-679.62,5.8471e+05,20675,1,-401.21,97.09,-68.867,679.42,354.56,715.16,686.78,-792.12,-607.04,1701.9,30698,413,1774,341,-0.62123,-1.5959,1.3793
-71.899,1703.8,1913.1,-1.0712,-2469.5,-685.05,5.8128e+05,19373,1,-663.27,269.89,11.071,733.82,300.3,670.68,722.68,-849.56,-647.66,1804.1,136769,413,1774,341,-0.61815,-1.588,1.3897
-72.69,1715.6,1901.8,-1.4163,-2467.6,-690.09,5.7302e+05,18077,1,-659.45,247.47,-11.464,761.26,276.16,645.92,748.81,-894.36,-680.99,1842.2,141924,413,1774,341,-0.61505,-1.58,1.4002
-71.002,1725.7,1888.7,-2.3921,-2464,-692.19,5.6727e+05,16789,1,-1060.3,562.55,164.58,898.53,109.92,514.17,823.38,-1017.4,-776.41,2206.2,166567,413,1774,341,-0.61192,-1.572,1.4106
-68.088,1734,1874.5,-3.1778,-2458.8,-692.48,5.6507e+05,15509,1,-1028.3,491.37,99.497,949.94,59.744,473.18,799.77,-1038,-800.9,2190.2,166169,413,1774,341,-0.60877,-1.5639,1.4209
-59.948,1747.6,1853.5,-2.497,-2453.6,-687.88,5.6902e+05,736085,1,-813.49,562.29,267.28,893.78,47.072,422.75,684.7,-913.48,-697.2,2027.5,148122,413,1774,341,-0.60126,-1.5501,1.4391
-67.21,1741.7,1859.8,-3.2986,-2452.5,-694.45,5.6404e+05,14237,1,-1212.6,823.66,378.11,963.25,-26.592,380.77,668.67,-882.85,-677.56,2247.4,167731,413,1774,341,-0.60559,-1.5557,1.4311
-55.171,1750.6,1834.9,-3.114,-2440.7,-691.23,5.633e+05,734991,1,-1188.7,506.01,38.618,1010.1,-12.215,411.29,789.86,-1126,-866.83,2345.9,171403,413,1774,341,-0.60491,-1.5405,1.4478
-55.015,1760.8,1816.7,-4.4637,-2433.7,-693.41,5.6284e+05,733869,1,-1302.1,642.64,137.24,1218,-142.7,351.57,937.58,-1249.1,-923.97,2654.7,234400,413,1774,341,-0.5996,-1.5308,1.4602
-42.918,1748.3,1811.4,-5.4199,-2422.7,-685.73,5.6152e+05,733867,1,-1490.7,762.98,178.78,1237.7,-194.6,312.02,872.34,-1234.3,-933.26,2735,237623,413,1774,341,-0.60855,-1.5308,1.4565
-38.636,1755.4,1791.9,-6.7012,-2414,-682.97,5.6469e+05,732723,1,-1582.4,818.77,198.34,1292.1,-232.73,289.23,753.66,-1152.3,-884.9,2735,237624,413,1774,341,-0.60315,-1.5211,1.4689
-23.271,1751.6,1773.1,-6.1177,-2399.6,-674.12,5.6573e+05,731557,1,-1542.4,662.61,45.932,1176.2,-111.35,368.22,464.65,-961.12,-792.95,2473.8,224452,413,1774,341,-0.60669,-1.5113,1.4775
-13.994,1751.3,1756.2,-5.0897,-2387.4,-672.3,5.6792e+05,730375,1,-1467.7,478.81,-118.34,1053,6.4307,438.54,397.8,-950.55,-797.08,2322.9,170644,413,1758,340,-0.6102,-1.5015,1.486
-16.257,1765.5,1720.6,-6.1618,-2368.2,-685.21,5.6067e+05,727971,1,-2229.2,460.46,-446.01,1241.7,-56.271,445.65,584.87,-1185.8,-928.23,3119.9,250618,413,1758,340,-0.60792,-1.4817,1.5067
-5.8663,1752.1,1738.3,-5.4297,-2374.8,-672.05,5.6541e+05,729179,1,-1623.1,509.68,-157.94,1047.9,24.762,455.04,405.85,-996.45,-827.8,2463.3,223419,413,1758,340,-0.61369,-1.4916,1.4945
4.7221,1752.2,1719.6,-6.6102,-2362,-669.36,5.5646e+05,727969,1,-2070.9,708.9,-150.27,1284.2,-162.16,367.59,506.96,-1185.9,-960.98,3035,248351,413,1758,340,-0.61715,-1.4817,1.503
-4.2517,1761.3,1696.3,-8.7951,-2348.9,-679.55,5.5183e+05,726749,1,-2765.5,1062.2,-86.291,1674.3,-593.41,101.58,806.46,-1587.8,-1217.3,4074.6,283985,413,1758,340,-0.61131,-1.4717,1.5151
22.752,1742.8,1661.8,-13.479,-2317.4,-654.62,5.43e+05,725515,1,-3303.1,1511.8,120.29,2156.7,-1106,-192.04,923.29,-1813.8,-1370,5014.1,294298,413,1758,340,-0.61468,-1.4616,1.5235
-996.56,1111.7,1456.6,59.983,-1632.3,-1297.2,6.0312e+05,59297,1,2739.1,-1828.5,-1575.1,-9237.7,8393.5,9066.3,-17690,15830,16990,33219,344856,413,130,332,-0.60885,-1.8242,1.0662
-1004.9,1282.9,1721.3,60.422,-1940.9,-1359.4,6.0373e+05,57863,1,739.52,440.14,1144.3,-5629,6123.6,7184.1,-6413.2,7147.3,8512,16956,335632,413,121,330,-0.60677,-1.818,1.078
-947.34,1367.3,1734.9,0.83345,-1996.9,-1337.6,6.0039e+05,56431,1,-342.47,1646.9,2542.6,-2216.6,1367,1029.4,-1915.2,389.85,-432.68,4598.1,290188,413,121,330,-0.61577,-1.8079,1.0897
-911.8,1367.9,1729.7,0.081275,-1998.4,-1304.1,6.0144e+05,55005,1,-188.04,1455.1,2274.3,-1623.1,551.71,-4.5819,-1907.3,438.05,-349.31,3770.3,276595,413,121,330,-0.6136,-1.8015,1.1014
-896.86,1407.2,1774.4,0.01369,-2050.1,-1315.4,6.0023e+05,55001,1,-177.59,1450.5,2259.9,-1581.7,541.94,-30.116,-1860.2,437.53,-360.93,3717.7,274775,413,118,329,-0.63566,-1.7939,1.1014
-904.36,1387.7,1752.2,0.031077,-2024.4,-1309.7,6.0111e+05,55003,1,-175.49,1445,2258.9,-1593.5,539.43,-23.12,-1876.2,431.79,-359.15,3726.7,275184,413,121,330,-0.62464,-1.7977,1.1014
-889.13,1426.6,1796.5,-0.0020899,-2075.6,-1321,5.9911e+05,54999,1,-192.1,1467.6,2271,-1568.3,546.3,-35.874,-1852.3,451.09,-357.81,3724.3,275111,413,118,329,-0.64665,-1.7899,1.1014
-845.41,1445.3,1813.1,-0.042649,-2102.3,-1292.8,5.9848e+05,53575,1,-208.61,1505,2283.3,-1567.1,547.85,-46.619,-1866.6,461.59,-360.88,3756,276089,413,118,329,-0.65528,-1.7796,1.1131
-809.61,1444.6,1807.4,-0.047629,-2103.3,-1258.9,5.987e+05,52157,1,-203.87,1528.7,2289.2,-1576,544.09,-55.256,-1880,459.38,-364.67,3778.9,276889,413,118,329,-0.65291,-1.7731,1.1247
-773.55,1443.6,1801.6,-0.037529,-2104.4,-1224.7,5.9861e+05,50741,1,-201.19,1546.1,2291,-1578.1,544.44,-58.749,-1885.2,461.32,-364.5,3790.7,277237,413,118,329,-0.65051,-1.7666,1.1362
-765.07,1462.9,1823.9,-0.057972,-2130.4,-1230.2,5.9925e+05,50739,1,-200.18,1550.9,2284,-1575.3,551.1,-61.855,-1886.1,468.48,-370.19,3790.1,277222,413,118,329,-0.66134,-1.7626,1.1362
-729.02,1461.9,1818.1,-0.048331,-2131.5,-1196.1,5.9938e+05,49325,1,-188.24,1560.1,2278.9,-1576.9,549.28,-64.839,-1884.2,462.59,-373.81,3789.4,277200,413,118,329,-0.65887,-1.756,1.1478
-720.72,1481.1,1840.2,-0.04096,-2157.4,-1202,5.9949e+05,49323,1,-173.25,1552.1,2269.3,-1568.7,551.91,-69.972,-1868.4,459.54,-385.34,3769.6,276568,413,118,329,-0.66964,-1.752,1.1478
-684.89,1479.9,1833.9,-0.032914,-2158.2,-1168.1,5.991e+05,47913,1,-152.39,1554,2254.5,-1564.2,547.25,-77.929,-1853.3,443.28,-401.46,3750.4,275919,413,118,329,-0.66711,-1.7453,1.1593
-649.11,1478.7,1827.5,-0.027202,-2158.9,-1134.2,5.9856e+05,46507,1,-136.24,1562,2242.5,-1566.7,541.65,-84.843,-1849.9,429.19,-412.59,3744.2,275731,413,118,329,-0.66456,-1.7387,1.1707
-613.5,1477.2,1820.8,-0.0089559,-2159.3,-1100.5,5.972e+05,45105,1,-111.46,1568.3,2231.7,-1570.7,536.97,-94.275,-1845.2,414.86,-426.6,3738.4,275570,413,118,329,-0.66198,-1.7319,1.1821
-577.54,1475.7,1814,-0.0021232,-2159.8,-1066.3,5.9576e+05,43707,1,-99.072,1573.9,2221.5,-1573.5,535.82,-92.171,-1842.5,408.52,-424.41,3733,275391,413,118,329,-0.65938,-1.7251,1.1935
-570.29,1494.4,1834.9,-0.0017386,-2184.6,-1073.5,5.96e+05,43705,1,-88.11,1566,2209.9,-1558.8,536.29,-99.079,-1819.2,401.45,-439.29,3706,274338,413,118,329,-0.66995,-1.721,1.1935
-534.89,1492.8,1827.8,0.0070009,-2184.9,-1040,5.9174e+05,42311,1,-86.162,1574.3,2191.3,-1551.1,537.79,-96.488,-1810.1,397.84,-439.37,3690.6,273833,413,118,329,-0.66728,-1.7142,1.2048
-499.69,1491.3,1820.7,0.020932,-2185.3,-1006.6,5.8949e+05,40921,1,-90.984,1579.9,2172,-1552.3,538.48,-90.935,-1816.1,394.54,-437.45,3684.4,273630,413,118,329,-0.66459,-1.7073,1.216
-492.19,1509.7,1841.2,0.0064344,-2209.9,-1013.8,5.8851e+05,40919,1,-87.627,1583.3,2169.9,-1540.6,540.34,-95.894,-1799,394,-443.97,3672.4,273216,413,118,329,-0.67505,-1.7032,1.216
-457.21,1508.1,1833.9,0.00092381,-2210.2,-980.74,5.881e+05,39533,1,-80.781,1586.8,2146.5,-1535.3,537.48,-99.155,-1791.3,381.11,-455.22,3653.6,272690,413,118,329,-0.67229,-1.6962,1.2272
-422.35,1506.5,1826.5,0.00022696,-2210.4,-947.73,5.8772e+05,38151,1,-72.505,1592.8,2133.3,-1535.5,533.95,-101.81,-1790,371.94,-460.33,3647,272513,413,118,329,-0.6695,-1.6892,1.2384
-387.54,1504.8,1818.9,0.0017769,-2210.5,-914.75,5.8811e+05,36775,1,-64.713,1600.1,2121,-1534.8,531.68,-104.3,-1788,365.08,-464.07,3641.2,272349,413,118,329,-0.66669,-1.6821,1.2495
-352.81,1503.1,1811.3,0.012887,-2210.6,-881.82,5.859e+05,35405,1,-48.65,1607.1,2108,-1520.7,531,-94.334,-1752.5,359.82,-443.54,3609.7,271385,413,61,317,-0.66385,-1.6749,1.2606
-318.22,1501.3,1803.5,0.0072967,-2210.7,-849.03,5.9163e+05,34039,1,-12.196,1648.9,2155.5,-1433.7,643.45,97.082,-1562.3,591.87,-39.236,3554.8,269708,413,61,317,-0.66099,-1.6677,1.2717
-281.51,1506.3,1810,2.6272,-2226.5,-816.72,5.9752e+05,32677,1,1324.8,1928.9,3169,540.01,1127.6,1727.7,3283.4,1699.1,3862,6974.9,311605,413,61,317,-0.6581,-1.6604,1.2826
-219.79,1561.2,1936.8,31.24,-2372.4,-779.57,5.9892e+05,31319,1,4123.8,2397,5130.1,2025.9,918.82,2204.1,6321,584.07,3963.4,10718,326858,413,61,317,-0.65519,-1.653,1.2936
-117.94,1590,1980.8,20.096,-2445.7,-695.51,5.9724e+05,29967,1,4357.5,1815.8,4478.6,1130.9,699.71,1454.4,2843.3,159.06,1644,7552.4,314852,413,61,317,-0.65225,-1.6456,1.3045
-68.088,1603,1967.7,2.8784,-2453.3,-653.96,5.9528e+05,28621,1,1678,313.58,1222.6,569.3,433.56,819.85,796.93,-829.55,-640.49,2706.7,236617,413,61,317,-0.64929,-1.6382,1.3153
-63.393,1617.2,1958.3,0.37556,-2454.7,-654.82,5.9499e+05,27281,1,307.4,-51.698,87.723,630.33,443.05,851.83,855.23,-768.96,-529.04,1739.7,129789,413,61,317,-0.64631,-1.6306,1.3261
-65.139,1631.8,1949.8,-0.028319,-2455.8,-661.84,5.9898e+05,25947,1,130.1,-114.04,-75.982,648.94,446.77,856.49,851.12,-747.1,-498.7,1709.2,31225,413,61,317,-0.6433,-1.623,1.3368
-66.094,1646.2,1941.5,-0.31195,-2457.1,-668.01,5.9945e+05,24619,1,-72.146,14.933,-16.628,683.06,415.1,822.22,813.52,-735.9,-495.7,1664.2,28637,413,1774,341,-0.64026,-1.6154,1.3475
-65.931,1660,1933,-0.68109,-2458.3,-672.95,5.9579e+05,23297,1,-259.91,173.11,81.998,720.62,365.14,769.98,765.45,-747.74,-524.49,1664.3,28640,413,1774,341,-0.6372,-1.6077,1.3581
-64.493,1673.1,1923.7,-1.3465,-2458.9,-676.45,5.9079e+05,21981,1,-402.61,193.62,39.885,741.1,348.68,751.64,749.35,-773.76,-558.66,1705.7,30969,413,1774,341,-0.63412,-1.5999,1.3687
-63.514,1685.8,1913.7,-1.9133,-2458.8,-680.2,5.8394e+05,20673,1,-725.75,367.62,91.789,810.99,269.71,682.91,750.99,-833.47,-618.13,1872.9,143360,413,1774,341,-0.63101,-1.592,1.3793
-62.654,1697.5,1902.6,-2.5752,-2457.2,-683.72,5.7392e+05,19371,1,-1031.5,530.59,137.2,901.38,189.99,624.77,790.25,-915.93,-686.48,2130.3,164566,413,1774,341,-0.62788,-1.5841,1.3897
-58.715,1707.5,1889.8,-3.9144,-2454.2,-683.75,5.6943e+05,18075,1,-1275.9,693.32,210.61,1017.9,73.496,537.69,808.56,-966.1,-726.72,2332.8,170990,413,1774,341,-0.62473,-1.5762,1.4002
-53.452,1715.8,1876.3,-4.986,-2450,-681.92,5.6844e+05,16787,1,-1403.8,707.13,168.18,1097.8,-2.612,480.06,757.75,-982.65,-757.42,2332.8,170991,413,1774,341,-0.62155,-1.5682,1.4106
-51.158,1724.1,1863.1,-4.9436,-2445.4,-682.83,5.6602e+05,15507,1,-1381.7,751.47,223.11,1053.2,13.397,472.33,643.51,-857.56,-660.52,2332.8,170992,413,1774,341,-0.61835,-1.5601,1.4209
-51.303,1738.6,1850.8,-3.2724,-2445.8,-684.47,5.6315e+05,736083,1,-1275.2,692.12,206.38,916.29,39.194,430.69,617.79,-912.55,-720.47,2215.4,166823,413,1774,341,-0.61008,-1.5501,1.4353
-39.696,1728.6,1848.6,-3.8822,-2438.8,-677.83,5.6831e+05,736081,1,-1437.4,689.05,126.03,999.56,14.549,447.44,543.97,-927.68,-767.71,2345.7,171395,413,1774,341,-0.61887,-1.5501,1.4316
-43.303,1740,1831,-4.4808,-2431.8,-684.28,5.6225e+05,734989,1,-1460.3,632.4,51.151,1070,-89.018,362.06,708.11,-1142.9,-917.61,2543.3,228376,413,1774,341,-0.61379,-1.5405,1.4441
-27.98,1735.7,1807.3,-6.5053,-2413.2,-675.24,5.602e+05,733865,1,-1563,826.24,206.01,1153.8,-216.51,261.83,623.56,-1129.7,-925.59,2671.4,235259,413,1774,341,-0.61747,-1.5308,1.4527
-24.293,1742.4,1788.8,-6.6603,-2404.9,-673.05,5.6299e+05,732721,1,-1562.6,817.39,195.37,1178,-181.44,304.16,543.08,-993.14,-805.24,2567.2,229281,413,1774,341,-0.61216,-1.5211,1.4651
-10.814,1740.3,1772.6,-5.1074,-2393,-666.65,5.6439e+05,731555,1,-1356.5,620.34,72.002,1027.6,-62.2,363.49,368.92,-907.22,-776.64,2232.6,167342,413,1774,341,-0.61574,-1.5113,1.4737
-2.0504,1741,1756.1,-4.498,-2381.6,-665.74,5.6644e+05,730373,1,-1252.9,528.47,11.586,874.89,26.124,392.59,309.39,-935.75,-819.67,2100.6,163735,413,1758,340,-0.61931,-1.5015,1.4823
8.8265,1741,1737.8,-5.3696,-2369,-662.71,5.6347e+05,729177,1,-1627.7,693.98,13.8,1023.4,-53.467,374.2,371.88,-1010.1,-855.28,2492.3,225661,413,1758,340,-0.62285,-1.4916,1.4907
23.362,1739.3,1719.1,-6.5639,-2356.1,-655.71,5.5795e+05,727967,1,-2169.5,1082.4,160.28,1369.7,-423.54,155.65,489.92,-1310,-1086.3,3334.7,262653,413,1758,340,-0.62636,-1.4817,1.4991
23.205,1743.8,1693.2,-9.8895,-2340.5,-656.2,5.4649e+05,726747,1,-2742.7,1365.7,200.86,1798.2,-848.18,-84.77,695.02,-1663.9,-1332.7,4291.4,287081,413,1758,340,-0.62059,-1.4717,1.5113
-1027.2,1257.3,1696.7,71.447,-1900.4,-1377.7,6.0279e+05,59295,1,973.8,-672.74,-598.53,-7404.2,7574.8,8649.4,-10407,10851,12537,23917,340535,413,129,331,-0.62003,-1.8204,1.0662
-987.59,1352.4,1742.4,15.912,-1990.2,-1370.9,6.0142e+05,57861,1,-543.83,1714,2573,-3834.2,2920.9,2729.2,-2221.8,1193.9,737.14,6887.7,311224,413,129,331,-0.61791,-1.8142,1.078
-939.4,1387.8,1757.6,0.18775,-2023.5,-1342.9,5.9935e+05,56429,1,-237.44,1481.8,2317.4,-1731.5,698.28,161.87,-1861.3,423.92,-369.05,3862,279344,413,130,332,-0.62685,-1.8041,1.0897
-931.87,1407.6,1780,0.051266,-2049.3,-1348.5,5.9947e+05,56427,1,-178.27,1426.9,2252.9,-1582.9,555.68,-8.4527,-1855.3,441.39,-356.82,3716.4,274726,413,130,332,-0.63791,-1.8002,1.0897
-924.29,1427.1,1802.1,0.012173,-2074.8,-1354.2,5.9936e+05,56425,1,-178.15,1432.1,2257.3,-1576.5,553.83,-24.551,-1845.4,446.8,-361.38,3716.4,274725,413,118,329,-0.64894,-1.7963,1.0897
-916.48,1446.6,1824.2,-0.0031701,-2100.2,-1359.9,5.9857e+05,56423,1,-195.16,1458.5,2275.2,-1564.3,553.04,-37.72,-1849.3,461.74,-359.74,3722.7,275056,413,118,329,-0.65995,-1.7923,1.0897
-881.02,1446,1818.6,-0.023597,-2101.2,-1326.4,5.9853e+05,54997,1,-204.1,1481,2279.6,-1562.9,551.16,-39.457,-1854.9,463.09,-356.65,3736.6,275523,413,118,329,-0.65763,-1.7859,1.1014
-872.71,1465.3,1840.9,-0.0256,-2126.9,-1331.8,5.9786e+05,54995,1,-214.17,1496.2,2288.7,-1563.2,558.1,-44.707,-1866.6,478.71,-356.82,3757.7,276146,413,118,329,-0.66857,-1.7819,1.1014
-836.89,1464.6,1835.3,-0.051636,-2128.1,-1298.1,5.9849e+05,53573,1,-219.19,1517.4,2289.3,-1563.8,556.53,-48.192,-1874.2,478.84,-357.91,3770.8,276610,413,118,329,-0.66618,-1.7755,1.1131
-801.07,1463.8,1829.7,-0.062727,-2129.3,-1264.3,5.9901e+05,52155,1,-214.35,1533.9,2286.3,-1569.4,553.85,-55.024,-1882.6,474.75,-364.32,3781.6,276978,413,118,329,-0.66377,-1.7691,1.1247
-756.55,1482.2,1846.3,-0.049004,-2156.5,-1235.9,5.9949e+05,50737,1,-189.36,1541.3,2273.5,-1567.6,556.86,-65.388,-1873.9,470.3,-380.49,3772.2,276670,413,118,329,-0.67214,-1.7585,1.1362
-712.65,1500.2,1862,-0.024032,-2182.9,-1208.3,5.9791e+05,49321,1,-152.73,1540.6,2253.7,-1556,552.94,-79.009,-1839.6,448.63,-405.4,3736.1,275506,413,118,329,-0.68037,-1.7478,1.1478
-676.99,1498.8,1855.4,-0.019783,-2183.5,-1174.6,5.9731e+05,47911,1,-132.8,1548.6,2243.3,-1552.1,546.73,-86.069,-1825.6,432.54,-416.68,3722.5,275051,413,118,329,-0.67781,-1.7412,1.1593
-641.37,1497.5,1848.7,-0.016212,-2184,-1140.9,5.9683e+05,46505,1,-122.94,1555.8,2234.2,-1550.2,543.97,-88.125,-1820,424.72,-420.36,3715.3,274683,413,118,329,-0.67521,-1.7346,1.1707
-605.77,1496,1842,-0.0064256,-2184.5,-1107.2,5.9541e+05,45103,1,-113.74,1560.5,2218,-1552.9,539.98,-95.47,-1821.8,412.86,-434.66,3709.3,274472,413,118,329,-0.6726,-1.7278,1.1821
-563.01,1513,1855.6,0.00012196,-2209.3,-1080.9,5.8997e+05,43703,1,-98.479,1568.2,2199.8,-1543,539.61,-103.49,-1801.4,401.98,-448.87,3687.7,273742,413,118,329,-0.6805,-1.7169,1.1935
-527.49,1511.3,1848.4,0.005347,-2209.5,-1047.2,5.893e+05,42309,1,-88.723,1581.6,2191.5,-1542.3,539.81,-102.86,-1799.2,399.72,-445.96,3686.3,273700,413,118,329,-0.67779,-1.7101,1.2048
-484.71,1528,1861.5,-0.011903,-2234.3,-1021.2,5.877e+05,40917,1,-84.893,1582.9,2166.2,-1529.4,541.19,-105.05,-1783.4,392.06,-456.75,3659.4,272858,413,118,329,-0.68549,-1.699,1.216
-449.76,1526.3,1854.1,-0.015801,-2234.5,-988.17,5.8644e+05,39531,1,-78.866,1586.7,2142.8,-1522.6,538.89,-106.43,-1775,380.65,-465.27,3639.7,272309,413,118,329,-0.68268,-1.692,1.2272
-415.01,1524.5,1846.5,-0.013228,-2234.6,-955.29,5.8505e+05,38149,1,-72.173,1593.8,2127.4,-1524.5,536.04,-106.4,-1776.9,372.45,-467.09,3634.4,272158,413,118,329,-0.67985,-1.685,1.2384
-380.28,1522.8,1838.8,-0.0072408,-2234.7,-922.43,5.8461e+05,36773,1,-64.131,1601.2,2115.4,-1524.8,534.1,-108.88,-1776.5,366.02,-470.94,3629.9,271970,413,118,329,-0.677,-1.6779,1.2495
-345.64,1521,1831,0.00016245,-2234.7,-889.62,5.8485e+05,35403,1,-58.758,1606.9,2102.9,-1525.6,533.44,-109.04,-1777.1,361.41,-472.31,3625.4,271854,413,118,329,-0.67412,-1.6708,1.2606
-311.13,1519.2,1823.2,0.016374,-2234.8,-856.96,5.863e+05,34037,1,-19.177,1615.1,2104.8,-1436.9,549.04,-40.058,-1584,385.47,-332.75,3489.3,267693,413,61,317,-0.67121,-1.6636,1.2717
-276.69,1518,1816.4,0.18191,-2236.1,-824.58,5.9365e+05,32675,1,158.56,1654.6,2217.6,-964.95,661.41,346.71,-540.22,620.55,512.27,3453.2,266560,413,118,329,-0.66828,-1.6563,1.2826
-235.17,1536.7,1853.8,9.2743,-2285.7,-793.07,5.9622e+05,31317,1,2181.2,1994.8,3654.2,1337.1,1065.7,2041.7,4731.5,1476.4,4305.6,8502.2,319479,413,61,317,-0.66532,-1.649,1.2936
-167.34,1581.7,1953.9,28.7,-2406,-747.01,5.969e+05,29965,1,4288.3,1760.7,4385.9,1636.8,816.32,1865.6,4734.5,517.93,3081.6,8502.2,319478,413,61,317,-0.66234,-1.6416,1.3045
-88.071,1599.2,1956.8,8.4094,-2435.5,-680.03,5.9516e+05,28619,1,3199.4,1183.2,3084.8,913.86,453.98,1025,1930.2,-639.61,179.63,5235.5,296250,413,61,317,-0.65933,-1.6341,1.3153
-67.366,1612.9,1947.1,1.1953,-2440,-665.97,5.942e+05,27279,1,734.19,82.26,465.78,588.2,449.61,841.45,763.51,-737.98,-527.88,1850.7,142476,413,61,317,-0.6563,-1.6266,1.3261
-66.24,1627.3,1938.8,0.15047,-2441.7,-670.31,5.9684e+05,25945,1,81.307,17.944,61.444,607.99,440.09,828.29,770.96,-705.35,-476.77,1606,14677,413,61,317,-0.65324,-1.6191,1.3368
-65.378,1641.3,1930.8,-0.22444,-2443.5,-674.73,5.9999e+05,24617,1,-57.27,135.08,133.12,629.86,404.14,786.61,741.5,-692.58,-469.3,1570.9,14076,413,1774,341,-0.65016,-1.6114,1.3475
-62.906,1654.6,1922.6,-0.71605,-2445.2,-677.42,5.974e+05,23295,1,-174.36,196.69,149.07,666.62,371.34,756.84,728.83,-721.23,-505.79,1598,14501,413,1774,341,-0.64705,-1.6037,1.3581
-59.056,1666.8,1913.4,-1.453,-2445.9,-678.41,5.8982e+05,21979,1,-391.41,341.35,214.64,733.65,300.9,696.21,702.6,-763.15,-560.36,1679.1,29574,413,1774,341,-0.64392,-1.596,1.3687
-54.212,1678,1902.9,-2.5269,-2445.3,-678.12,5.8146e+05,20671,1,-585.51,549.93,360.38,823.58,164.62,573.24,663.44,-838.01,-655.51,1838.8,141560,413,1774,341,-0.64077,-1.5881,1.3793
-47.757,1687.7,1890.7,-4.0944,-2443.1,-675.76,5.7574e+05,19369,1,-1000.5,655.68,288.71,1003,84.911,555.68,739.57,-912.95,-700.37,2169.6,165577,413,1774,341,-0.63759,-1.5803,1.3897
-41.503,1696.1,1878.2,-4.8433,-2439.9,-673.11,5.7193e+05,18073,1,-874.9,582.68,258.75,985.73,39.912,491.98,589.37,-838.95,-674.71,1973.2,146572,413,1774,341,-0.63439,-1.5723,1.4002
-37.576,1704.3,1866,-4.6782,-2436.3,-672.54,5.6604e+05,16785,1,-1016.2,535.57,142.96,1017.9,33.724,491.86,561.86,-867.77,-713.36,2048.6,148659,413,1774,341,-0.63116,-1.5643,1.4106
-37.875,1713.6,1853.7,-4.1624,-2432.4,-676.28,5.6199e+05,15505,1,-1028.3,679.1,289.28,972.35,73.852,511.25,457.06,-733.08,-603.77,1981.3,146803,413,1774,341,-0.62791,-1.5563,1.4209
-28.32,1718,1847,-3.719,-2431.7,-671.03,5.6158e+05,736079,1,-1114.9,746.57,322.92,965.08,47.575,475.02,480.58,-803.71,-661.21,2092.4,163517,413,1774,341,-0.62764,-1.5501,1.4278
-29.451,1728.8,1828.2,-5.3119,-2424.1,-675.14,5.6057e+05,734987,1,-1449.3,664.39,83.753,1077.2,-114.82,343.55,606.53,-1128.2,-944.44,2524.5,227419,413,1774,341,-0.62263,-1.5405,1.4403
-18.327,1718.4,1827.5,-4.7786,-2417.8,-668.71,5.5724e+05,734985,1,-1181.2,657.22,186.48,946.39,-72.453,338.27,465.17,-1078.2,-952.68,2272.4,168759,413,1774,341,-0.63146,-1.5405,1.4364
-14.577,1724.3,1805.9,-6.2729,-2406.4,-666.48,5.5774e+05,733863,1,-1483.3,780.08,185.2,1068.4,-187.34,262.93,490.24,-1083.1,-935.93,2525.5,227444,413,1774,341,-0.62637,-1.5308,1.4489
-11.396,1731.1,1788.1,-5.9582,-2398.3,-664.97,5.6159e+05,732719,1,-1391.8,736.87,176.77,1007.4,-119.35,302.78,315.66,-903.52,-807.42,2280.3,168989,413,1774,341,-0.62113,-1.5211,1.4614
-0.68104,1722,1789.3,-5.0072,-2394.1,-659.64,5.5835e+05,732717,1,-1312,658.83,121.04,794.33,-19.745,321.79,180.19,-829.75,-788.76,2061.1,148873,413,1758,340,-0.63009,-1.5211,1.4575
-0.42193,1731.2,1773.5,-4.2449,-2388.4,-661.78,5.6388e+05,731553,1,-1212.9,569.67,70.58,819.23,19.952,368.33,236.76,-858.94,-782.29,2061.1,148875,413,1758,340,-0.62477,-1.5113,1.4699
9.15,1732.2,1756.6,-4.433,-2377,-660.3,5.6725e+05,730371,1,-1353.3,637.41,71.703,820.11,-4.8963,343.13,300.57,-965.95,-851.85,2186.8,166075,413,1758,340,-0.62839,-1.5015,1.4784
23.528,1731,1738,-5.7458,-2364.4,-653.63,5.6499e+05,729175,1,-1592.5,885.75,211.66,930.22,-142.58,253.04,316.65,-1025.4,-895.31,2503.7,226360,413,1758,340,-0.63198,-1.4916,1.4869
41.526,1727,1718.7,-6.9558,-2350.6,-642.62,5.5673e+05,727965,1,-1880.6,1123.1,312.96,1151,-400.25,93.947,363.31,-1188.9,-1024,2997.3,247434,413,1758,340,-0.63555,-1.4817,1.4953
46.633,1728.1,1692.2,-9.8241,-2333.7,-637.07,5.4507e+05,726745,1,-2458.7,1426.6,365.26,1636.3,-876.77,-171.12,562.52,-1603.8,-1330.2,4043.2,283467,413,1758,340,-0.62986,-1.4717,1.5075
65.865,1714.9,1693.1,-9.1464,-2328.9,-622.67,5.4754e+05,726743,1,-2142.2,1437,497.73,1405.2,-871.91,-256.44,407.42,-1546.7,-1340.1,3749.2,275886,413,1758,340,-0.63909,-1.4717,1.5036
-1023.9,1228,1661.4,73.562,-1853,-1370.2,6.0223e+05,60729,1,1048.3,-1315.9,-1659.1,-6529.1,6990.1,8168,-10088,10780,12620,23260,340167,413,129,331,-0.63332,-1.8227,1.0544
-1018.6,1354.9,1765.8,29.176,-2002.8,-1406.9,6.0067e+05,59293,1,-547.23,1298.5,1875.9,-3788.9,3939.9,4486,-2620.3,2446.4,2637.4,8678.4,320105,413,129,331,-0.63119,-1.8166,1.0662
-975.45,1385.3,1763.2,2.901,-2021.3,-1376.1,5.9932e+05,57859,1,-361.03,1647.1,2558.1,-2017.5,1329,1063.6,-1777.1,460.95,-262.51,4449.1,288709,413,129,331,-0.62903,-1.8104,1.078
-966.85,1407.5,1785.5,0.44973,-2048.3,-1381.4,5.9762e+05,57857,1,-271.02,1512.8,2375.4,-1896.2,882.17,356.21,-1880.5,464.09,-338.61,4046.1,283539,413,129,331,-0.64013,-1.8065,1.078
-951.7,1447.2,1829.8,0.012957,-2099.4,-1393.1,5.984e+05,57853,1,-185.41,1425.3,2264,-1574.5,565.26,-24.056,-1839.1,454.4,-371.79,3716.4,274724,413,118,329,-0.66225,-1.7985,1.078
-959.23,1427.5,1807.7,0.068996,-2074,-1387.2,5.9771e+05,57855,1,-172.14,1419.2,2269.3,-1586.9,574.79,2.8145,-1845.5,444.08,-372.29,3716.4,274729,413,141,334,-0.6512,-1.8025,1.078
-908.37,1466,1846.4,-0.0077853,-2125.8,-1365.5,5.9762e+05,56421,1,-203.66,1470.4,2289.2,-1563.9,561.08,-43.489,-1857.8,479.58,-358.79,3743.9,275724,413,118,329,-0.67093,-1.7882,1.0897
-864.03,1484.8,1863.4,-0.033907,-2153,-1337.2,5.9784e+05,54993,1,-228.87,1509.2,2296.4,-1566.2,568.39,-50.132,-1882.4,498.88,-357.95,3781,276953,413,118,329,-0.67949,-1.7777,1.1014
-828.23,1484,1857.8,-0.043658,-2154.2,-1303.5,5.9851e+05,53571,1,-221.93,1522.1,2288.7,-1566.4,564.55,-51.433,-1883,491.14,-360.43,3781,276954,413,118,329,-0.67707,-1.7714,1.1131
-792.41,1483.1,1852.1,-0.048674,-2155.4,-1269.7,5.9905e+05,52153,1,-209.12,1532,2277.5,-1566.7,563.28,-58.638,-1881.1,483.89,-372.18,3776.8,276827,413,118,329,-0.67462,-1.765,1.1247
-748.24,1501.4,1868.3,-0.035178,-2182.3,-1241.9,5.986e+05,50735,1,-176.27,1529,2256.6,-1556.7,560.03,-72.144,-1850.4,463.39,-398.29,3741.7,275654,413,118,329,-0.68292,-1.7543,1.1362
-704.57,1519.1,1883.4,-0.035366,-2208.1,-1214.7,5.96e+05,49319,1,-154.5,1535,2244,-1541.2,554.96,-85.079,-1817.1,445.03,-418.96,3712.4,274569,413,118,329,-0.69109,-1.7436,1.1478
-669.1,1517.7,1876.6,-0.029851,-2208.5,-1181.2,5.9521e+05,47909,1,-135.55,1543.4,2233.9,-1540.3,549.98,-91.92,-1808.9,431.62,-429.2,3703.6,274250,413,118,329,-0.68848,-1.737,1.1593
-633.6,1516.2,1869.8,-0.024292,-2208.9,-1147.7,5.9438e+05,46503,1,-116.4,1553.8,2226.8,-1540,545.28,-94.959,-1801.6,420.91,-431.54,3697.8,274052,413,118,329,-0.68584,-1.7304,1.1707
-598.09,1514.6,1862.9,-0.0084267,-2209.3,-1114.1,5.9299e+05,45101,1,-106.08,1554.7,2205.7,-1536.3,541.11,-98.835,-1793.8,406.63,-443.66,3679.8,273485,413,118,329,-0.68318,-1.7237,1.1821
-590.49,1533.1,1883.4,-0.023032,-2233.6,-1121.2,5.9055e+05,45099,1,-111.14,1561.5,2207.2,-1531,545.39,-102.58,-1788,411.61,-447.67,3679.8,273484,413,118,329,-0.69375,-1.7194,1.1821
-555.11,1531.4,1876.2,-0.051596,-2233.9,-1087.8,5.9167e+05,43701,1,-107.27,1574,2195.7,-1528.4,544.34,-106.31,-1787.6,408.04,-452.27,3677,273388,413,118,329,-0.69102,-1.7127,1.1935
-519.86,1529.7,1868.9,-0.024152,-2234.1,-1054.5,5.9103e+05,42307,1,-97.604,1581.5,2187.1,-1533.8,541.44,-108.22,-1791.5,401.4,-453.95,3678.1,273425,413,118,329,-0.68827,-1.7059,1.2048
-512.2,1547.9,1889.2,-0.028317,-2258.4,-1061.8,5.8668e+05,42305,1,-108.63,1585.8,2177.8,-1515.6,541.2,-112.07,-1770.5,397.52,-462.51,3657.6,272804,413,118,329,-0.69872,-1.7016,1.2048
-477.17,1546.1,1881.7,-0.021772,-2258.4,-1028.7,5.8701e+05,40915,1,-99.528,1586.7,2151.8,-1512.1,541.28,-111.87,-1764,388.13,-469.22,3637.6,272253,413,118,329,-0.6959,-1.6947,1.216
-442.26,1544.3,1874,-0.024949,-2258.5,-995.71,5.8554e+05,39529,1,-79.844,1589.9,2138.1,-1512.3,540.26,-112.32,-1762.2,380.16,-473.28,3629.2,271954,413,118,329,-0.69305,-1.6878,1.2272
-407.54,1542.5,1866.3,-0.026637,-2258.6,-962.9,5.8344e+05,38147,1,-75.249,1594.2,2125.2,-1513.5,538.92,-110.7,-1764.1,374.96,-473.22,3624,271819,413,118,329,-0.69018,-1.6808,1.2384
-372.92,1540.6,1858.5,-0.015525,-2258.7,-930.18,5.813e+05,36771,1,-66.543,1601.8,2111.4,-1514.2,537.05,-112.56,-1764.1,368.27,-476.28,3618.9,271659,413,118,329,-0.68728,-1.6737,1.2495
-338.34,1538.8,1850.7,-0.0061855,-2258.7,-897.48,5.7983e+05,35401,1,-56.965,1608.7,2093.6,-1513.9,537.04,-112.73,-1762.7,362.27,-478.58,3610.3,271414,413,118,329,-0.68436,-1.6666,1.2606
-303.9,1536.9,1842.8,0.0098905,-2258.8,-864.93,5.794e+05,34035,1,-47.982,1611.6,2075.2,-1506.2,539.09,-102.12,-1745.4,358.16,-465.82,3587,270727,413,118,329,-0.6814,-1.6594,1.2717
-269.72,1535.2,1834.8,0.012863,-2259,-832.63,5.8904e+05,32673,1,-37.289,1625.4,2076,-1476.7,581.57,-33.972,-1690.2,436.16,-335.33,3554.2,269674,413,118,329,-0.67843,-1.6522,1.2826
-234.81,1536.4,1832.9,1.0463,-2265.8,-800.82,5.933e+05,31315,1,346.85,1677.8,2315.3,-487.53,736.15,678.06,530.27,760.4,1236.9,3453.2,266559,413,61,317,-0.67543,-1.6449,1.2936
-190.01,1563.7,1889.6,14.625,-2336.5,-769.74,5.9512e+05,29963,1,2254.6,2015,3683.4,1310.7,845.51,1736.8,4306.8,768.5,3185.9,7579.5,314991,413,61,317,-0.6724,-1.6375,1.3045
-123.11,1592.5,1941.3,18.148,-2408.9,-718.78,5.9488e+05,28617,1,2887.9,1421.1,3232.7,1007.9,707.45,1392.5,2573.4,317.62,1717.6,5825.6,302047,413,61,317,-0.66935,-1.6301,1.3153
-76.489,1609,1937.3,4.2077,-2425.5,-681.95,5.9415e+05,27277,1,1717.6,529.5,1514.5,582.33,494.92,897.94,717.07,-649.33,-434.36,2835.3,241303,413,61,317,-0.66627,-1.6226,1.3261
-68.011,1623.6,1928.7,0.57979,-2428.7,-679.63,5.9441e+05,25943,1,394.65,77.273,289.46,517.11,474.25,830.22,664.33,-671.04,-482.9,1597.5,14489,413,61,317,-0.66316,-1.615,1.3368
-64.764,1637.1,1921,-0.061401,-2431,-681.75,6.0002e+05,24615,1,77.638,164.64,234.71,517.97,434.87,773.99,646.29,-643.12,-451.87,1476.5,12631,413,1774,341,-0.66004,-1.6074,1.3475
-60.046,1649.7,1913.2,-0.57705,-2433.2,-682.19,5.9893e+05,23293,1,-189.64,350.62,320.81,578.19,356.67,699.77,603.76,-663.66,-489.79,1502.6,13045,413,1774,341,-0.65688,-1.5997,1.3581
-53.957,1661.2,1904.3,-1.2722,-2434.1,-680.9,5.9193e+05,21977,1,-467.46,536.2,399.08,667.26,241.64,598.54,562.75,-736.23,-586.3,1652.2,26599,413,1774,341,-0.6537,-1.592,1.3687
-46.77,1670.8,1893.5,-2.2079,-2433,-677.93,5.829e+05,20669,1,-608.45,622.51,427.62,723.41,149.28,512.69,552.69,-797.47,-655.38,1766.4,132655,413,1774,341,-0.6505,-1.5842,1.3793
-39.135,1678.9,1881.6,-2.8492,-2430.3,-673.94,5.757e+05,19367,1,-603.14,560.46,355.15,751.3,129.2,495.87,474.85,-773.82,-657.06,1699.1,30592,413,1774,341,-0.64728,-1.5763,1.3897
-33.45,1687.3,1870.4,-2.6883,-2428,-671.86,5.7275e+05,18071,1,-576.33,393.08,175.52,700.79,195.32,539.76,386.75,-713.47,-620.52,1543.3,13491,413,1774,341,-0.64402,-1.5684,1.4002
-32.448,1697.4,1860.1,-1.8512,-2426.3,-674.77,5.6829e+05,16783,1,-637.54,508.85,272.64,710.44,174.23,514.04,336.02,-689.07,-609.4,1580.6,14213,413,1774,341,-0.64075,-1.5604,1.4106
-21.707,1708.9,1846.8,-2.4848,-2425.7,-669.11,5.6571e+05,736077,1,-924.94,722.85,373.43,768.41,76.618,427.22,345.49,-846.86,-765.24,1928.3,145123,413,1774,341,-0.63639,-1.5501,1.4239
-10.275,1709.5,1827.3,-4.2178,-2412.1,-665.59,5.5915e+05,734983,1,-1094.9,789.77,357.52,806.42,-80.01,274.91,371.98,-1015.8,-923.98,2169.5,165572,413,1774,341,-0.64026,-1.5405,1.4325
-3.1168,1715.1,1806.7,-5.7618,-2402.1,-660.24,5.5662e+05,733861,1,-1280.1,779.53,262.45,807.24,-81.287,268.69,225.39,-913.97,-869.25,2165,165453,413,1774,341,-0.63525,-1.5308,1.4451
10.37,1714.8,1791.8,-4.753,-2392.2,-654.62,5.6284e+05,732715,1,-1304.2,660.09,116.09,605.71,88.483,358.59,2.8217,-754.81,-788.22,1960.7,146029,413,1758,340,-0.63902,-1.5211,1.4536
8.7022,1723.8,1775.2,-3.741,-2385.2,-658.6,5.656e+05,731551,1,-1232.2,574.64,58.667,617.55,55.674,324.4,110.76,-859.32,-837.53,2061.1,148874,413,1758,340,-0.63378,-1.5113,1.4661
21.291,1717.6,1778,-4.4842,-2384.5,-652.63,5.6932e+05,731549,1,-1430,642.35,36.292,587.59,58.179,318.1,33.984,-857.95,-871.01,2098.7,163692,413,1758,340,-0.64276,-1.5113,1.4621
20.65,1724.1,1757.4,-4.8017,-2373.3,-654.73,5.6754e+05,730369,1,-1484,760.94,132.1,740.28,-62.389,256.77,192.4,-979.05,-913.89,2290.7,169390,413,1758,340,-0.63745,-1.5015,1.4745
37.302,1721.4,1738.9,-5.88,-2360.5,-645.48,5.6567e+05,729173,1,-1727.5,994.94,253.11,935.63,-217.79,185.13,235.2,-1031.3,-934.41,2643.4,233945,413,1758,340,-0.64109,-1.4916,1.483
57.271,1716.1,1719.7,-6.8074,-2346.5,-632.2,5.5544e+05,727963,1,-1854.1,1190.4,380.92,1027.1,-438.43,9.1539,227.04,-1154.6,-1049.9,2955.4,246188,413,1758,340,-0.64471,-1.4817,1.4913
81.691,1704.3,1695.5,-8.4085,-2326.2,-612.32,5.5124e+05,726741,1,-1856.2,1378.1,549.83,1061,-782.15,-308.51,149.2,-1400.9,-1310.2,3343.8,262955,413,1758,340,-0.64831,-1.4717,1.4997
-1042.5,1341.5,1790.4,54.406,-2010.5,-1430.7,6.0108e+05,60727,1,146.75,-14.736,36.583,-5055.9,5280.7,6042.8,-4393.6,4963.3,5937,13007,331354,413,141,334,-0.6445,-1.8188,1.0544
-1004.2,1402,1791.1,6.0035,-2044.6,-1414.8,5.9964e+05,59291,1,-96.236,1228,2029.7,-3497.1,3195.2,3362.6,-3361.4,1901.2,1230.9,7470.7,314247,413,129,331,-0.64232,-1.8127,1.0662
-994.55,1427,1813.6,1.0879,-2073.1,-1420.3,5.9765e+05,59289,1,-236.4,1493.3,2387.4,-2076.2,1307.3,956.61,-1947.6,490.36,-359.14,4368.4,287905,413,141,334,-0.65343,-1.8087,1.0662
-986.45,1447.6,1835.8,0.18364,-2098.9,-1425.9,5.9705e+05,59287,1,-263.18,1446,2289.5,-1750.2,830.16,317.73,-1813.4,409.7,-438.06,3860.5,279312,413,141,334,-0.66452,-1.8047,1.0662
-978.56,1467.2,1857.8,0.056697,-2124.1,-1431.6,5.9751e+05,59285,1,-206.82,1392.3,2217.6,-1542.6,595.86,31.148,-1829.2,455.33,-387.6,3716.4,274723,413,118,329,-0.67558,-1.8006,1.0662
-943.83,1466.7,1852,0.0065834,-2124.9,-1398.9,5.9778e+05,57851,1,-202.49,1435.3,2265.1,-1556.6,565.4,-32.797,-1842.5,474.89,-362.86,3716.4,274727,413,118,329,-0.67327,-1.7944,1.078
-935.41,1486.2,1874.5,0.0051908,-2150.6,-1404.4,5.9745e+05,57849,1,-236.26,1462.9,2276.4,-1553,575.14,-31.816,-1861.8,501.13,-350.71,3736.6,275525,413,118,329,-0.68427,-1.7902,1.078
-899.92,1485.5,1868.9,-0.015344,-2151.7,-1371,5.9748e+05,56419,1,-229.86,1491.3,2297.4,-1565.1,569.96,-46.239,-1878.3,500.74,-355.7,3773.2,276702,413,118,329,-0.68189,-1.784,1.0897
-890.86,1505.1,1891.7,-0.041535,-2178,-1376.2,5.9788e+05,56417,1,-256.27,1503.3,2292.3,-1559,578.99,-45.465,-1888.4,516.82,-356.49,3781,276951,413,118,329,-0.69283,-1.7798,1.0897
-855.08,1504.2,1886.1,-0.062779,-2179.2,-1342.5,5.9822e+05,54991,1,-236.86,1515.5,2292,-1564.7,575.27,-54.403,-1887.1,508.2,-364.51,3781,276952,413,118,329,-0.69039,-1.7735,1.1014
-819.4,1503.4,1880.4,-0.058793,-2180.4,-1308.9,5.9841e+05,53569,1,-223.78,1521.5,2280.3,-1563.4,571.57,-57.564,-1880.5,497.38,-371.46,3776.4,276813,413,118,329,-0.68792,-1.7672,1.1131
-783.78,1502.4,1874.5,-0.04594,-2181.4,-1275.4,5.9853e+05,52151,1,-202.05,1522.6,2263.2,-1558.7,566.65,-64.572,-1864.6,480.24,-386.94,3754.1,276033,413,118,329,-0.68543,-1.7608,1.1247
-775.32,1521.6,1896.4,-0.062099,-2207,-1281.4,5.9753e+05,52149,1,-177.07,1510.6,2246.9,-1542.3,564.63,-73.951,-1827.3,463.5,-408.14,3712.8,274582,413,118,329,-0.69622,-1.7566,1.1247
-740.03,1520.4,1890,-0.044985,-2207.5,-1248.2,5.9707e+05,50733,1,-163.83,1522.2,2244.5,-1541.5,559.52,-79.232,-1820.5,453.08,-413.47,3710.5,274517,413,118,329,-0.69367,-1.7501,1.1362
-731.76,1539.2,1911.3,-0.063833,-2232.5,-1254.5,5.9363e+05,50731,1,-162.74,1524.4,2241.4,-1525.3,559.49,-85.862,-1797.5,449.14,-424.13,3692.4,273884,413,118,329,-0.70439,-1.7458,1.1362
-696.37,1537.8,1904.5,-0.060592,-2232.9,-1221.2,5.9249e+05,49317,1,-150.73,1536.5,2233.8,-1526.4,554.32,-91.456,-1794.3,438,-430.85,3690,273808,413,118,329,-0.70177,-1.7393,1.1478
-661.12,1536.3,1897.6,-0.047208,-2233.2,-1187.9,5.9117e+05,47907,1,-147.02,1545.7,2224,-1524.3,551.42,-96.751,-1790.6,429.75,-439.91,3684.9,273647,413,118,329,-0.69912,-1.7328,1.1593
-625.78,1534.8,1890.6,-0.036582,-2233.5,-1154.6,5.904e+05,46501,1,-131.81,1553.8,2214.2,-1527.7,548.28,-101.62,-1790.2,420.92,-445.98,3682.4,273557,413,118,329,-0.69645,-1.7261,1.1707
-582.54,1551.5,1904,-0.062322,-2258.1,-1128.2,5.8715e+05,45097,1,-164.6,1581.3,2196.1,-1507,544.37,-107.91,-1771.3,412.39,-456.88,3666.9,273077,413,118,329,-0.70429,-1.7152,1.1821
-547.36,1549.8,1896.7,-0.03531,-2258.2,-1095,5.8551e+05,43699,1,-147.09,1587.3,2182,-1505.5,541.54,-111.02,-1765.2,403.46,-461.02,3655.9,272756,413,118,329,-0.70152,-1.7084,1.1935
-503.75,1565.9,1909.2,-0.18086,-2282.4,-1068.5,5.8339e+05,42303,1,-151.74,1592.4,2154.2,-1486,540.42,-113.27,-1750,396.24,-471.78,3626.9,271899,413,118,329,-0.70915,-1.6973,1.2048
-469.18,1564.1,1901.6,-0.10343,-2282.4,-1035.9,5.8433e+05,40913,1,-133.79,1592.2,2135.5,-1491.2,540.79,-114.27,-1748.7,388.72,-475.23,3616.3,271581,413,118,329,-0.70629,-1.6904,1.216
-434.58,1562.2,1893.8,-0.054526,-2282.4,-1003.2,5.8248e+05,39527,1,-114.58,1597.3,2130.1,-1495,540.63,-115.4,-1749.4,382.59,-478.82,3616.4,271584,413,118,329,-0.7034,-1.6835,1.2272
-399.95,1560.3,1886,-0.047499,-2282.4,-970.55,5.8093e+05,38145,1,-88.247,1598.6,2116.6,-1499.4,540.22,-115.78,-1749.5,375.05,-481.12,3609.7,271384,413,118,329,-0.70048,-1.6765,1.2384
-365.44,1558.4,1878.1,-0.029137,-2282.5,-937.97,5.7899e+05,36769,1,-69.275,1602.9,2100.5,-1499.5,539.48,-117.13,-1746.2,367.79,-483.98,3599.7,271111,413,118,329,-0.69754,-1.6695,1.2495
-330.95,1556.5,1870.2,-0.013071,-2282.5,-905.41,5.7837e+05,35399,1,-56.789,1608.8,2090.3,-1501.9,538.84,-116.91,-1747.7,362.72,-484.57,3597.5,271056,413,118,329,-0.69457,-1.6624,1.2606
-296.59,1554.5,1862.1,-0.0026486,-2282.6,-872.97,5.7651e+05,34033,1,-50.919,1612.2,2070.9,-1501.3,539.96,-113.62,-1747.1,357.54,-484.68,3586.6,270717,413,118,329,-0.69157,-1.6552,1.2717
-262.45,1552.7,1854.1,0.016291,-2282.7,-840.76,5.7885e+05,32671,1,-29.697,1612.2,2051,-1449.7,548.41,-73.748,-1644.8,360.61,-419.3,3496.5,267905,413,118,329,-0.68855,-1.648,1.2826
-228.63,1551.1,1846.3,0.042795,-2283.1,-808.94,5.872e+05,31313,1,15.799,1633.4,2079.6,-1318.9,633.1,102.3,-1379.8,521.46,-73.395,3401.5,264794,413,61,317,-0.68551,-1.6407,1.2936
-193.05,1556.1,1851.7,2.5111,-2298.4,-778.04,5.9246e+05,29961,1,850.29,1699.8,2569.2,8.3699,773.33,967.8,1538.2,788.37,1781.5,4231.9,286377,413,61,317,-0.68243,-1.6333,1.3045
-147.15,1582.9,1906.2,15.247,-2367.3,-746.01,5.945e+05,28615,1,2062.3,1535.4,2957.9,1021.3,773.56,1483.5,3462.5,421.87,2314.9,5825.6,302046,413,61,317,-0.67933,-1.6259,1.3153
-93.384,1606.1,1929.6,10.27,-2411.2,-705.34,5.9444e+05,27275,1,1944.8,1162.7,2418.6,653.33,693.17,1182.3,1634.2,-135.32,674.77,4053.8,283681,413,61,317,-0.67621,-1.6185,1.3261
-70.692,1621.2,1920.3,1.3832,-2417.6,-690.25,5.9333e+05,25941,1,672.26,423.05,850.72,406.22,510.33,819.64,539.26,-609.84,-463.64,1824.7,139711,413,61,317,-0.67306,-1.6109,1.3368
-63.455,1634.2,1913,0.05212,-2420.8,-688.57,5.9807e+05,24613,1,-71.545,378.69,414.09,443.11,423.84,723.05,498.42,-571.71,-431.8,1407.3,12099,413,1774,341,-0.66989,-1.6033,1.3475
-56.643,1646.2,1905.5,-0.52152,-2423.3,-686.92,5.9673e+05,23291,1,-196.42,482.1,469.36,458.45,363.06,651.73,454.96,-596.88,-477.99,1431.7,12242,413,1774,341,-0.66669,-1.5957,1.3581
-47.342,1656.6,1896.6,-1.4584,-2424.5,-682.32,5.8916e+05,21975,1,-282.49,568.37,522.71,465.46,290.95,563.92,374.33,-626.59,-545.82,1458.1,12502,413,1774,341,-0.66346,-1.5879,1.3687
-37.414,1665.1,1885.8,-2.4821,-2423.3,-676.45,5.8126e+05,20667,1,-412.76,553.78,438.13,507.16,229.94,505.02,313.4,-673.67,-622.22,1474.2,12617,413,1774,341,-0.66021,-1.5802,1.3793
-31.011,1673.6,1875.1,-2.3245,-2421.6,-673.81,5.7605e+05,19365,1,-396.16,421.24,290.74,464.62,264.5,517.99,231.56,-621.06,-593.94,1328.6,11632,413,1774,341,-0.65694,-1.5723,1.3897
-27.31,1683.2,1865.1,-1.7514,-2420.3,-674.08,5.7302e+05,18069,1,-409.8,360.13,212.44,431.56,315.03,553.87,193.94,-626.56,-611.1,1318.6,11588,413,1774,341,-0.65364,-1.5644,1.4002
-25.368,1693.5,1853.7,-2.0899,-2418.1,-676.27,5.7297e+05,16781,1,-749.79,722.52,449.94,484.64,247.5,497.67,203.36,-610.52,-581.59,1607.1,14693,413,1774,341,-0.65031,-1.5565,1.4106
-16.806,1701.6,1846.7,-2.0303,-2420.3,-669.32,5.7182e+05,736075,1,-811.87,832.3,540.55,592.6,116.34,396.98,336.83,-780.57,-698.63,1837.7,141213,413,1774,341,-0.64512,-1.5501,1.4199
-2.5808,1701.5,1826.9,-4.3627,-2406.9,-663.03,5.6203e+05,734981,1,-1037.2,810.19,402.07,673.76,-30.782,273.24,317.42,-956.28,-888.79,2056.3,148790,413,1774,341,-0.64904,-1.5405,1.4286
6.7265,1706.9,1808.1,-5.3084,-2398.5,-655.8,5.5912e+05,733859,1,-1147.5,815.94,352.92,699.29,-5.2215,306.63,133.48,-810.45,-801.58,2001.9,147459,413,1774,341,-0.64411,-1.5308,1.4411
14.81,1699.7,1810,-4.6894,-2395.5,-653.21,5.624e+05,733857,1,-1084.9,851.23,416.03,639.34,-18.787,268.9,129.73,-809.72,-805.86,1969.2,146329,413,1774,341,-0.65294,-1.5308,1.4372
21.003,1708.1,1795,-4.4064,-2391.1,-650.07,5.677e+05,732713,1,-1165.3,724.94,242.01,602.67,90.8,363.71,7.7058,-717.87,-750.77,1877.5,143526,413,1758,340,-0.64793,-1.5211,1.4497
33.86,1711.3,1782,-4.5411,-2384.8,-646.54,5.6954e+05,731547,1,-1233.3,729.93,205.56,521.7,76.147,312.57,-87.711,-814.52,-882.75,1980.4,146782,413,1758,340,-0.65172,-1.5113,1.4582
35.451,1717.1,1760,-5.8656,-2372.6,-646.47,5.6786e+05,730367,1,-1572.5,851.09,175.93,661.28,-120.41,169,20.879,-989,-1001.2,2385.2,186552,413,1758,340,-0.64648,-1.5015,1.4706
52.523,1713.3,1741.4,-6.4878,-2359.1,-636.45,5.6279e+05,729171,1,-1710.4,1023.6,280,786.78,-258.27,85.464,65.161,-1017.7,-996.88,2603.5,232354,413,1758,340,-0.65018,-1.4916,1.479
72.506,1707.5,1722.7,-6.883,-2345.2,-623.03,5.5643e+05,727961,1,-1766.3,1241.5,457.43,850.11,-490.78,-113.81,17.114,-1156.5,-1141.9,2913.5,244264,413,1758,340,-0.65385,-1.4817,1.4874
96.931,1696.8,1700.2,-8.181,-2326.9,-603.64,5.5416e+05,726739,1,-1725.1,1303.4,524.87,824.71,-677.96,-304.41,-68.692,-1280.3,-1290.1,3080.7,249427,413,1758,340,-0.6575,-1.4717,1.4957
119.86,1682.9,1676.2,-8.2741,-2305.3,-584.34,5.5438e+05,725505,1,-1589.7,1225.6,495.66,650.2,-745.83,-441.12,-226.26,-1311.6,-1377.4,3019.5,247996,413,1758,340,-0.66112,-1.4616,1.5039
-1018.7,1287.1,1769,77.617,-1967.3,-1395.4,6.0141e+05,62163,1,716.85,-2155.5,-3335.8,-4637.9,7338.4,9919.6,-7960.4,11906,15884,25446,341369,413,141,334,-0.65783,-1.8209,1.0425
-1033,1408.8,1821.7,18.796,-2065.6,-1450.2,5.9959e+05,60725,1,-5.3834,204.54,333.85,-3628.2,4169.1,4956.1,-4221.8,3158.3,2843.3,9546.9,323263,413,141,334,-0.65564,-1.8148,1.0544
-1021.7,1442.6,1842.9,5.53,-2097.1,-1457.2,5.9809e+05,60723,1,-456.51,949.99,1339.3,-2018.2,2534.9,3095,-1942,358.21,-617.56,5221.5,296137,413,141,334,-0.66677,-1.8108,1.0544
-1012,1465.3,1864,1.8506,-2123.1,-1462.3,5.9756e+05,60721,1,-349.85,1184.3,1796.3,-1381.2,1298.3,1345.2,-1831.7,306.82,-652.76,3745.7,275784,413,140,333,-0.67787,-1.8066,1.0544
-970.28,1486.5,1879.9,0.047773,-2149.4,-1437.1,5.9755e+05,59283,1,-242.88,1400.6,2204.4,-1533.7,606.35,37.464,-1826.6,476.6,-369.99,3716.4,274722,413,118,329,-0.68662,-1.7964,1.0662
-961.42,1505.9,1902.2,0.051377,-2175,-1442.2,5.9745e+05,59281,1,-276.04,1424.8,2213.9,-1528.2,612.92,30.652,-1842.6,519.05,-333.3,3716.4,274721,413,118,329,-0.69762,-1.7921,1.0662
-926.43,1505.7,1897.1,-0.0029173,-2176.6,-1409.5,5.9749e+05,57847,1,-271.55,1481.3,2278.8,-1546.5,586.37,-25.851,-1876.8,525.98,-339.01,3756.5,276103,413,118,329,-0.69524,-1.786,1.078
-916.82,1525.1,1920.1,-0.02871,-2203,-1414.3,5.9751e+05,57845,1,-297.42,1491.8,2270.7,-1535.3,595.15,-21.989,-1878.3,540.26,-337.45,3757.1,276117,413,118,329,-0.70618,-1.7817,1.078
-881.46,1524.6,1914.7,-0.072691,-2204.4,-1381.2,5.9771e+05,56415,1,-270.77,1505.6,2278.4,-1547.8,585.62,-45.297,-1882.7,523,-363.5,3771.2,276642,413,118,329,-0.70373,-1.7755,1.0897
-846.03,1523.7,1908.8,-0.092896,-2205.4,-1347.9,5.9793e+05,54989,1,-232.96,1505.1,2269.5,-1551.2,577.1,-60.545,-1868.3,500.42,-385.52,3755.4,276069,413,118,329,-0.70126,-1.7693,1.1014
-810.58,1522.7,1902.7,-0.088421,-2206.3,-1314.6,5.9783e+05,53567,1,-198.65,1508.7,2262.6,-1549.1,570.94,-66.306,-1847.3,483.12,-391.84,3736.9,275535,413,118,329,-0.69875,-1.763,1.1131
-802.13,1541.8,1924.5,-0.082635,-2231.6,-1320.7,5.9635e+05,53565,1,-179.39,1494.5,2248.3,-1534.9,570.21,-74.627,-1819,471.12,-411.82,3702.3,274203,413,118,329,-0.70956,-1.7586,1.1131
-766.97,1540.5,1917.9,-0.073094,-2232,-1287.7,5.9516e+05,52147,1,-163.23,1503.6,2242.5,-1527,564.66,-81.92,-1800.5,456.49,-423.01,3688.1,273756,413,118,329,-0.70699,-1.7523,1.1247
-758.69,1559.3,1939.1,-0.063621,-2256.7,-1294.1,5.9038e+05,52145,1,-215.81,1535.9,2246.2,-1505.7,561.2,-89.739,-1784.4,455.77,-431.29,3690.4,273826,413,118,329,-0.71773,-1.7479,1.1247
-723.28,1557.9,1932.4,-0.092672,-2257.1,-1260.8,5.9004e+05,50729,1,-214.46,1551.3,2238.7,-1502.1,556.55,-93.763,-1780.8,447.5,-436.06,3687.9,273751,413,118,329,-0.71509,-1.7415,1.1362
-688.04,1556.4,1925.4,-0.092684,-2257.4,-1227.7,5.8914e+05,49315,1,-185.54,1551,2230.5,-1508.4,554.36,-95.53,-1780.8,439.22,-438.37,3682.9,273575,413,118,329,-0.71243,-1.735,1.1478
-652.74,1554.8,1918.4,-0.11201,-2257.7,-1194.4,5.888e+05,47905,1,-194.99,1568.8,2216.9,-1502.2,549.04,-102.01,-1775.2,428.26,-449.07,3676.7,273379,413,118,329,-0.70974,-1.7284,1.1593
-617.58,1553.2,1911.3,-0.098096,-2257.9,-1161.3,5.8808e+05,46499,1,-178.31,1570.6,2202.1,-1505.2,547.31,-103.97,-1773.6,420.47,-452.64,3667.5,273088,413,118,329,-0.70703,-1.7218,1.1707
-608.38,1571.3,1931.7,-0.29972,-2282.2,-1167.1,5.8284e+05,46497,1,-220.23,1590.6,2199.8,-1480,542.58,-108.55,-1761.6,419.58,-461.24,3661.4,272918,413,118,329,-0.71758,-1.7175,1.1707
-573.28,1569.5,1924.2,-0.32592,-2282.3,-1134,5.824e+05,45095,1,-202.55,1591,2182.3,-1474.6,539.76,-112.08,-1757.1,412.54,-467.79,3645.5,272471,413,118,329,-0.7148,-1.7108,1.1821
-538.39,1567.7,1916.8,-0.27291,-2282.3,-1101.1,5.825e+05,43697,1,-178.96,1589.2,2167.3,-1480.4,540.13,-112.14,-1753.8,406.43,-466.99,3634.5,272161,413,118,329,-0.71199,-1.7041,1.1935
-529.93,1585.5,1936.8,-0.19233,-2306.2,-1107.9,5.7723e+05,43695,1,-153.58,1580.2,2155.3,-1469.4,542.81,-114.76,-1742,403.8,-477.06,3613.6,271495,413,118,329,-0.72243,-1.6997,1.1935
-495.16,1583.6,1929.1,-0.21522,-2306.2,-1075.2,5.7856e+05,42301,1,-144.78,1588.3,2147.6,-1468.6,542.78,-116.07,-1738.2,397.47,-481.93,3610,271407,413,118,329,-0.71955,-1.6929,1.2048
-460.59,1581.7,1921.3,-0.21736,-2306.2,-1042.6,5.7932e+05,40911,1,-130.71,1588.7,2125.8,-1472.5,542.63,-115.38,-1736.7,389.57,-483.32,3596.9,271037,413,118,329,-0.71665,-1.6861,1.216
-426.29,1579.9,1913.4,-0.16826,-2306.1,-1010.3,5.7901e+05,39525,1,-110.6,1591.3,2110.9,-1480,542.52,-116.77,-1735.6,381.03,-485.72,3590.6,270829,413,118,329,-0.71371,-1.6792,1.2272
-392.06,1578,1905.5,-0.10239,-2306.1,-978.07,5.7627e+05,38143,1,-88.065,1592.3,2097.1,-1482,542.68,-118.65,-1732.3,373.53,-490.49,3581.5,270556,413,118,329,-0.71075,-1.6722,1.2384
-357.8,1576,1897.5,-0.056656,-2306,-945.77,5.737e+05,36767,1,-73.208,1600.5,2091.4,-1485.9,541.3,-120.29,-1730.6,367.82,-490.02,3581.4,270553,413,118,329,-0.70777,-1.6652,1.2495
-323.47,1574,1889.4,-0.023284,-2306,-913.4,5.7422e+05,35397,1,-59.491,1607.9,2084.1,-1488.8,540.51,-120.48,-1731.8,362.87,-490.21,3581.4,270554,413,118,329,-0.70476,-1.6581,1.2606
-289.2,1572,1881.3,-0.007006,-2306.1,-881.09,5.7519e+05,34031,1,-47.578,1611.5,2065,-1486.4,541.57,-119.4,-1727.8,356.34,-493.24,3568.7,270168,413,118,329,-0.70172,-1.651,1.2717
-255.12,1570.1,1873.2,0.00088529,-2306.1,-848.97,5.7466e+05,32669,1,-45.544,1612.5,2044.9,-1487.4,544.05,-111.78,-1730,353.16,-488.86,3558.3,269819,413,118,329,-0.69865,-1.6437,1.2826
-221.39,1568.3,1865,0.02527,-2306.3,-817.22,5.8042e+05,31311,1,-11.409,1608.4,2030.7,-1388.8,563.84,-33.397,-1532.5,374.04,-351.75,3401.5,264793,413,118,329,-0.69556,-1.6365,1.2936
-188.1,1567.4,1858,0.21028,-2307.9,-786.24,5.8812e+05,29959,1,64.485,1623.9,2063.5,-1165.8,679.28,225.43,-1078.1,589.07,155.87,3210,257991,413,61,317,-0.69244,-1.6291,1.3045
-151.46,1578.5,1875.7,5.2408,-2336.7,-756.87,5.927e+05,28613,1,834.09,1647.4,2466,-54.638,922.56,1105.1,1177.9,909.7,1733,4096.9,284350,413,61,317,-0.6893,-1.6217,1.3153
-105.85,1605.1,1919.6,12.318,-2397.2,-725.3,5.9468e+05,27273,1,1303.5,1146.8,2068.2,291.16,786.72,1107.5,986.54,115.44,657.96,3262.1,259610,413,61,317,-0.68613,-1.6143,1.3261
-74.409,1620.3,1913.5,2.4611,-2408.2,-702.3,5.929e+05,25939,1,662.51,772.66,1268.6,247.62,525.65,757.84,394.95,-503.59,-402.58,2032,148274,413,61,317,-0.68293,-1.6068,1.3368
-61.893,1632.3,1906.2,0.17909,-2412,-695.45,5.9663e+05,24611,1,127.51,454.16,603.94,328.58,450.32,700.98,413.66,-526.01,-416.94,1418.1,12172,413,61,317,-0.67971,-1.5992,1.3475
-52.255,1643.7,1899.4,-0.47182,-2415.5,-691.07,5.9772e+05,23289,1,-193.69,582.39,585.77,364.06,379.76,626.42,331.52,-509.58,-432.03,1394.7,12023,413,118,329,-0.67646,-1.5915,1.3581
-41.93,1653.7,1891.4,-0.97209,-2417.4,-685.46,5.9358e+05,21973,1,-342.87,609.27,536.63,368.3,316.35,547.18,242.78,-541.76,-507.45,1386.3,11973,413,1774,341,-0.67319,-1.5838,1.3687
-33.757,1662.6,1881.9,-0.96263,-2417.2,-681.43,5.8499e+05,20665,1,-386.42,549.52,440.33,312.79,336.32,536.38,147.36,-550.1,-557.5,1333.8,11660,413,1774,341,-0.66989,-1.5761,1.3793
-28.095,1672.1,1872.1,-0.81226,-2416.4,-679.93,5.8074e+05,19363,1,-404.31,455.45,319.22,284.11,356.93,538.28,100.85,-566.51,-590.48,1284.7,11433,413,1774,341,-0.66657,-1.5683,1.3897
-22.809,1682.1,1862,-1.0892,-2415.8,-678.96,5.7613e+05,18067,1,-697.21,799.3,557.43,338.7,283.18,475.39,103.75,-577.75,-593.12,1597.8,14495,413,1774,341,-0.66322,-1.5604,1.4002
-9.9855,1695.1,1847.1,-2.536,-2416.4,-667.99,5.7098e+05,736073,1,-1081.1,953.11,542.2,563.17,51.431,316.52,217.51,-834.99,-810.26,2047.5,148640,413,1774,341,-0.65382,-1.5501,1.416
-3.6285,1689.2,1848.6,-2.6687,-2413.6,-667.19,5.6653e+05,736071,1,-1086.6,1064.7,661.15,486.18,110.03,349.42,107.28,-702.52,-720.91,2036.4,148372,413,1774,341,-0.66249,-1.5501,1.4119
6.147,1694.7,1828.1,-4.7766,-2403.8,-659.86,5.6213e+05,734979,1,-1158.7,862.2,397.33,588.93,-24.568,245.16,157.48,-889.72,-890.54,2056.3,148789,413,1774,341,-0.65779,-1.5405,1.4246
22.619,1694.2,1813.5,-4.3422,-2394.8,-651.48,5.6226e+05,733855,1,-1051.1,782.76,351.35,407.86,79.71,272.52,-105.47,-675.89,-771.67,1783.5,134534,413,1774,341,-0.66174,-1.5308,1.4331
28.938,1701.9,1798.4,-3.5823,-2389.9,-648.11,5.6892e+05,732711,1,-967.75,713.52,311.42,432.91,168.39,373.24,-114.55,-627.57,-712.51,1783.5,134532,413,1758,340,-0.65681,-1.5211,1.4457
41.64,1706,1786.9,-3.3695,-2385.1,-645.16,5.7266e+05,731545,1,-1017.6,816.11,383.69,357.06,89.173,255.44,-184.36,-777.94,-890.93,1866.1,143113,413,1758,340,-0.66066,-1.5113,1.4541
48.197,1710.7,1764.6,-5.5773,-2373.3,-640.27,5.6999e+05,730365,1,-1369,863.71,272.38,567.3,-128.99,121.83,-94.216,-982,-1047.4,2262.2,168270,413,1758,340,-0.6555,-1.5015,1.4666
57.898,1705.9,1770.1,-5.0044,-2374.9,-637.4,5.6763e+05,730363,1,-1209,927.78,403.92,455.19,-125.06,78.328,-151.29,-971.51,-1065.3,2194.6,166289,413,1758,340,-0.66448,-1.5015,1.4626
65.762,1706.5,1745.7,-6.3476,-2359.6,-629.71,5.6248e+05,729169,1,-1485.8,1023,372.53,633.83,-258.88,20.963,-74.275,-1018,-1065,2457.3,222918,413,1758,340,-0.65924,-1.4916,1.475
86.487,1700.5,1727.2,-6.8147,-2346,-615.59,5.5925e+05,727959,1,-1595.2,1179.7,465.78,640.96,-377.92,-91.124,-144.5,-1027,-1091.8,2642.5,233919,413,1758,340,-0.66296,-1.4817,1.4833
109.12,1691.6,1707.2,-7.2245,-2330.2,-598.63,5.5834e+05,726737,1,-1562.4,1249.6,534.45,528.86,-559.1,-315.22,-310.43,-1158.9,-1281.1,2839.1,241493,413,1758,340,-0.66666,-1.4717,1.4916
131.72,1681.2,1686,-7.6915,-2312.6,-581.1,5.5501e+05,725503,1,-1434.8,1141.5,469.5,241.1,-600.74,-476.69,-558.82,-1206.7,-1423.5,2832.5,241226,413,1781,344,-0.67033,-1.4616,1.4998
-1030.3,1357.2,1850.8,69.497,-2064.6,-1435.8,6.0005e+05,62161,1,-311.29,-1137.9,-2201.3,-2768.3,5962.1,8628.2,-2085.6,6335.5,9779.5,16249,335037,413,141,334,-0.66899,-1.8168,1.0425
-1027.4,1408.4,1881.5,48.755,-2110.6,-1456.6,5.9818e+05,62159,1,-692.54,-1037.8,-2279.8,-2125,5038.3,7401.7,-2605,5292.4,7567.3,13546,332132,413,140,333,-0.68013,-1.8127,1.0425
-1003.4,1485.1,1885.6,1.0897,-2148.1,-1467.5,5.9622e+05,60719,1,-187.98,1097.7,1752.4,-1699.3,1466.3,1405.2,-1747.5,293.35,-644.44,3857.3,279231,413,140,333,-0.68894,-1.8025,1.0544
-985.66,1524.3,1929.6,0.38435,-2198.6,-1478,5.951e+05,60715,1,-256.78,1365.1,2147,-1581.6,842.44,371.03,-1821,496.76,-381.84,3716.4,274719,413,118,329,-0.71101,-1.7939,1.0544
-994.66,1504.7,1907.4,0.72266,-2173.1,-1472.7,5.9526e+05,60717,1,-293.68,1305.8,2031.1,-1410.5,937.75,667.18,-1823.6,440.4,-460.61,3716.4,274720,413,140,333,-0.69998,-1.7982,1.0544
-951.88,1525.2,1925,0.043639,-2201,-1446.9,5.972e+05,59279,1,-318.81,1457,2230.9,-1516.2,615.86,25.244,-1864.4,555.36,-307.87,3716.4,274728,413,118,329,-0.70861,-1.7878,1.0662
-941.75,1544.5,1948,0.015539,-2227.3,-1451.2,5.9639e+05,59277,1,-321.01,1469.3,2239.3,-1514,618.05,13.495,-1858.8,562.59,-311.45,3717.5,274767,413,118,329,-0.71956,-1.7834,1.0662
-906.85,1544.4,1943,-0.078977,-2229.3,-1418.8,5.9729e+05,57843,1,-287.95,1479.9,2244.6,-1516.7,598.22,-24.208,-1848.6,530.99,-355.52,3714.3,274639,413,118,329,-0.7171,-1.7773,1.078
-871.96,1543.9,1937.3,-0.11816,-2230.5,-1386.3,5.976e+05,56413,1,-256.25,1489.8,2254.9,-1529.4,586.28,-47.008,-1849.8,511.39,-378.2,3725.8,275156,413,118,329,-0.71461,-1.7712,1.0897
-837.14,1542.9,1931,-0.11067,-2231.1,-1353.6,5.9728e+05,54987,1,-202.26,1475.2,2231.8,-1527.9,576.61,-66.668,-1821.1,478.29,-414.13,3686,273682,413,118,329,-0.7121,-1.7649,1.1014
-793.92,1560.7,1945.9,-0.050702,-2256.3,-1327.2,5.9096e+05,53563,1,-199.9,1501.7,2238.4,-1512.7,567.42,-81.808,-1790.6,461.87,-427.62,3677.6,273411,413,118,329,-0.72034,-1.7542,1.1131
-784.18,1579.3,1967.1,-0.2832,-2281,-1332.4,5.9116e+05,53561,1,-244.86,1533.8,2250.4,-1491.4,566.39,-89.122,-1787.2,470.08,-434.88,3690.4,273824,413,118,329,-0.73109,-1.7498,1.1131
-749.07,1577.9,1960.3,-0.29379,-2281.4,-1299.5,5.8964e+05,52143,1,-253.56,1553.1,2243.3,-1487.6,560.15,-95.059,-1784.1,462.45,-438.65,3690.4,273825,413,118,329,-0.72844,-1.7435,1.1247
-713.74,1576.3,1953.3,-0.30216,-2281.7,-1266.2,5.8838e+05,50727,1,-248.9,1567.2,2238.6,-1481.3,553.23,-101.59,-1776.9,451.41,-446.59,3688,273752,413,118,329,-0.72576,-1.7371,1.1362
-678.58,1574.7,1946.2,-0.30308,-2281.9,-1233.2,5.8661e+05,49313,1,-240.61,1576.1,2223.2,-1479.4,548.84,-103.13,-1768.5,438.79,-450.66,3675.3,273339,413,118,329,-0.72306,-1.7306,1.1478
-643.39,1573,1939,-0.30722,-2282.1,-1200.1,5.8491e+05,47903,1,-230.12,1583,2207.4,-1472.7,543.9,-107.51,-1762.3,427.94,-459.66,3661.7,272920,413,118,329,-0.72033,-1.7241,1.1593
-598.97,1589.1,1952.1,-0.34724,-2306.3,-1172.8,5.807e+05,46495,1,-177.92,1567.6,2186.1,-1466.3,545.14,-113.33,-1755.1,423.08,-471.66,3634.6,272162,413,118,329,-0.7281,-1.713,1.1707
-564.45,1587.3,1944.5,-0.26285,-2306.2,-1140.4,5.7866e+05,45093,1,-158.67,1568.2,2163.8,-1467.1,544.82,-114.63,-1746.8,412.01,-477.76,3616.4,271585,413,118,329,-0.72528,-1.7064,1.1821
-521.21,1603.2,1956.7,-0.23236,-2329.8,-1114.6,5.7862e+05,43693,1,-133.23,1569.3,2150,-1466.5,549.46,-119.09,-1733.7,406.3,-486.75,3602.4,271187,413,118,329,-0.73284,-1.6952,1.1935
-486.78,1601.2,1948.9,-0.1714,-2329.8,-1082.2,5.7708e+05,42299,1,-108.8,1569.4,2131.2,-1467.7,549.82,-119.61,-1728.5,398.26,-489.76,3588,270756,413,118,329,-0.72992,-1.6885,1.2048
-452.45,1599.3,1941,-0.13098,-2329.7,-1049.9,5.769e+05,40909,1,-101.09,1572.6,2114.4,-1468,549.39,-117.85,-1727.1,391.01,-491.75,3578,270438,413,118,329,-0.72698,-1.6816,1.216
-418.3,1597.4,1932.9,-0.11163,-2329.6,-1017.8,5.7537e+05,39523,1,-98.062,1583.4,2102.9,-1468,547.04,-119.48,-1723.1,381.59,-495.71,3573.2,270306,413,118,329,-0.724,-1.6748,1.2272
-384.16,1595.5,1924.8,-0.097249,-2329.5,-985.72,5.7364e+05,38141,1,-94.148,1592.7,2090.2,-1468.8,545.15,-120.9,-1719.6,373.2,-498.46,3567.7,270076,413,118,329,-0.721,-1.6678,1.2384
-350.04,1593.5,1916.7,-0.079395,-2329.4,-953.6,5.7082e+05,36765,1,-82.031,1601.8,2084.2,-1471.6,542.57,-123.48,-1717.4,367.26,-497.98,3567.1,270055,413,118,329,-0.71797,-1.6608,1.2495
-315.9,1591.4,1908.5,-0.035118,-2329.3,-921.46,5.6877e+05,35395,1,-64.638,1607.6,2069.9,-1471.9,542.39,-124.03,-1711.7,360.54,-498.31,3557.7,269801,413,118,329,-0.71492,-1.6537,1.2606
-281.77,1589.4,1900.3,-0.0078458,-2329.3,-889.31,5.6967e+05,34029,1,-48.358,1612.7,2061.2,-1475,542.53,-123.16,-1712.6,355.49,-498.33,3556,269739,413,118,329,-0.71183,-1.6466,1.2717
-247.72,1587.3,1892,-0.0027943,-2329.3,-857.26,5.7131e+05,32667,1,-43.012,1612.7,2037.6,-1473.2,544.93,-117.51,-1711.8,350.32,-498.08,3540.8,269250,413,118,329,-0.70872,-1.6394,1.2826
-214.05,1585.5,1883.7,0.0072197,-2329.4,-825.6,5.7433e+05,31309,1,-41.135,1600.2,1992.4,-1456.9,556.28,-92.693,-1688.7,349.45,-479.26,3489.4,267696,413,118,329,-0.70559,-1.6322,1.2936
-181.04,1584,1875.6,0.066488,-2329.8,-794.71,5.8279e+05,29957,1,38.882,1575.9,1979.3,-1223.3,629.81,124.09,-1205.9,451.7,-89.304,3158.7,251655,413,118,329,-0.70243,-1.6249,1.3045
-148.61,1586.2,1873.7,1.2869,-2337.2,-765.81,5.8832e+05,28611,1,212.74,1537.7,2000.3,-646.28,854.44,701.82,-14.496,774.22,935.87,3086.6,249612,413,118,329,-0.69924,-1.6175,1.3153
-113.02,1607.4,1908,9.4236,-2384.7,-741.59,5.9344e+05,27271,1,725.53,1468.7,2166.5,-59.969,964.5,1142.8,1039.6,644.07,1335.1,3591,270840,413,61,317,-0.69602,-1.61,1.3261
-79.862,1621.1,1908,3.6934,-2400.3,-716.59,5.9144e+05,25937,1,688.02,1073.8,1647.9,7.5011,597.87,722.21,474.13,-355.09,-179.81,2367.3,184009,413,61,317,-0.69278,-1.6025,1.3368
-60.003,1631.3,1900.8,0.34827,-2405.1,-702.4,5.9484e+05,24609,1,91.609,740.25,923.72,168.6,444.83,612.37,230.89,-420.52,-380.2,1544.5,13507,413,118,329,-0.68951,-1.595,1.3475
-46.996,1642.1,1894.8,-0.40155,-2409.6,-694.72,5.9754e+05,23287,1,-268.19,723.27,709.99,257.57,405.6,604.02,173.01,-407.76,-389.35,1429.2,12232,413,118,329,-0.68622,-1.5874,1.3581
-35.644,1652,1887.4,-0.90708,-2412.3,-688.27,5.9513e+05,21971,1,-384.72,684.14,597.87,244.6,381.98,562.73,103.35,-451.83,-470.03,1389.8,11990,413,1752,339,-0.6829,-1.5797,1.3687
-26.361,1661.8,1878.9,-1.2997,-2413.5,-683.62,5.911e+05,20663,1,-593.07,678.79,480.14,243.99,386.54,560.1,31.668,-480.84,-531.59,1442.4,12303,413,1774,341,-0.67955,-1.5719,1.3793
-19.902,1671.8,1869.2,-1.6506,-2413.4,-681.64,5.8402e+05,19361,1,-708.89,637,372.39,242.9,371.32,537.04,26.622,-542.7,-598.66,1478.5,12654,413,1774,341,-0.67618,-1.5641,1.3897
-12.969,1680.4,1857.7,-2.4194,-2411.3,-678.71,5.7321e+05,18065,1,-930.45,1055.1,724.02,325.47,231.68,415.66,21.379,-527.88,-578.56,1857.3,142741,413,1774,341,-0.67278,-1.5563,1.4002
3.4572,1684,1851,-3.0733,-2412.2,-665.94,5.7436e+05,736069,1,-1049,1168.9,787.63,409.44,86.171,290.05,38.979,-671.55,-719.3,2036.4,148371,413,1774,341,-0.67115,-1.5501,1.4078
14.468,1689.2,1831.4,-4.7521,-2403.2,-657.52,5.6233e+05,734977,1,-1107.4,898.12,454.65,421.35,38.403,238.97,-54.516,-779.16,-871.61,1961,146041,413,1774,341,-0.66652,-1.5405,1.4205
30.585,1690.5,1819,-4.1181,-2396.8,-650.25,5.6544e+05,733853,1,-1043.9,754.86,319.51,223.82,152.68,267.81,-340.39,-605.11,-808.57,1783.5,134533,413,1774,341,-0.67052,-1.5308,1.429
35.062,1697.6,1802.9,-2.9807,-2390.2,-648.48,5.71e+05,732709,1,-958.11,704.75,299.27,211.34,228.52,338.11,-266.39,-571.22,-725.57,1783.5,134531,413,1758,340,-0.66567,-1.5211,1.4416
42.855,1695,1808.6,-3.3048,-2392.9,-647.9,5.7355e+05,732707,1,-1058.6,711.83,256.32,117.37,247.74,317.29,-395.65,-552.28,-771.19,1783.5,134530,413,1758,340,-0.6745,-1.5211,1.4375
48.48,1702.3,1792,-3.0899,-2386.5,-645.23,5.7263e+05,731543,1,-1002,809.75,381.76,243.22,152.53,271.69,-229.17,-692.37,-827.44,1783.5,134535,413,1758,340,-0.66957,-1.5113,1.4501
66.304,1702.7,1776.5,-4.7128,-2377.9,-636.3,5.6729e+05,730361,1,-1274.8,1062.5,504.38,296.63,-111.38,22.902,-268.93,-912.26,-1063.1,2268.1,168591,413,1758,340,-0.67344,-1.5015,1.4585
77.055,1701.5,1751.2,-6.1632,-2361.5,-625.35,5.6303e+05,729167,1,-1440.3,1136,495.94,464.03,-278.93,-71.706,-228.3,-979.6,-1097,2474.8,224511,413,1758,340,-0.66828,-1.4916,1.4709
98.321,1695.8,1733.7,-6.4455,-2349,-610.93,5.6203e+05,727957,1,-1562.7,1209.5,501.13,471.07,-348.16,-134.84,-305.85,-973.72,-1114.5,2607.9,232501,413,1758,340,-0.67205,-1.4817,1.4792
121.22,1688.7,1715.6,-6.9353,-2335.9,-594.57,5.5823e+05,726735,1,-1498.6,1203.1,512.29,376.41,-398.64,-224.45,-427.18,-994.52,-1180.4,2621.4,233135,413,1758,340,-0.6758,-1.4717,1.4875
142.17,1681.1,1697.3,-6.8522,-2321.9,-579.78,5.5798e+05,725501,1,-1371.8,1153,506.15,185.93,-454.16,-360.36,-606.06,-1065.1,-1318.2,2660.4,234849,413,1781,344,-0.67952,-1.4616,1.4957
151.17,1670,1663.7,-7.8,-2293.3,-566.21,5.5553e+05,724259,1,-1419.6,1053.9,380.26,146.35,-663.84,-573.64,-607.34,-1290.6,-1513.8,2896.2,243703,413,1781,344,-0.67398,-1.4515,1.508
162.32,1672.1,1676.8,-7.4633,-2305.3,-565.23,5.5944e+05,724257,1,-1459.9,1144.7,441.48,-15.477,-557.43,-544.91,-794.71,-1184.5,-1504.3,2922.7,245173,413,1781,344,-0.68322,-1.4515,1.5038
-945.16,1302.7,1765.6,50.658,-1971.8,-1348,5.9724e+05,63599,1,-220.91,-1859.9,-3409,-2226.4,5595.4,8344.1,-3341,8582.8,12893,19289,337641,413,140,333,-0.69351,-1.8144,1.0306
-1025.7,1449.8,1898.7,30.276,-2140.2,-1475.7,5.9685e+05,62157,1,-498.25,-893.01,-1904.2,-1887.3,4139.9,5958.5,-626.3,2480.8,3923.3,9100.2,321848,413,140,333,-0.69123,-1.8085,1.0425
-1023.9,1485.4,1916.4,16.831,-2167.5,-1493,5.9601e+05,62155,1,-182.35,-304.18,-672.06,-1750.9,3213.7,4408.1,-2094.8,1868.7,1848.1,6685.7,310179,413,140,333,-0.70232,-1.8042,1.0425
-1019,1515.8,1936.3,7.8784,-2194.9,-1505.8,5.9507e+05,62153,1,221.05,212.48,500.57,-1854.1,2720.9,3455.4,-2182.6,1097.2,410.14,5409.3,298084,413,152,335,-0.71338,-1.7998,1.0425
-976.24,1543.9,1952.3,0.17955,-2224.6,-1483,5.9518e+05,60713,1,-324.3,1430,2204.4,-1558.8,733.57,179.15,-1841.7,549.33,-329.36,3716.4,274718,413,118,329,-0.722,-1.7895,1.0544
-931.46,1563.7,1970.9,-0.045633,-2253.5,-1455.6,5.952e+05,59275,1,-331.35,1468.5,2227.6,-1495.9,619.2,10.26,-1840.3,563.01,-319.39,3695.3,273975,413,118,329,-0.73049,-1.779,1.0662
-897.17,1563.5,1965.3,-0.10389,-2254.9,-1423.8,5.9583e+05,57841,1,-286.08,1458.5,2211.1,-1495.8,600.65,-22.218,-1817.4,520.77,-371.42,3661.8,272926,413,118,329,-0.728,-1.7729,1.078
-862.98,1562.9,1959.2,-0.10529,-2255.7,-1391.9,5.9582e+05,56411,1,-225,1458,2214,-1501.5,585.14,-50.76,-1792.5,485.05,-406.71,3645.7,272475,413,118,329,-0.72547,-1.7667,1.0897
-828.67,1561.9,1952.6,-0.077388,-2256,-1359.9,5.9371e+05,54985,1,-218.41,1485.1,2226.2,-1503,573.33,-71.552,-1784.2,467.19,-425.49,3658.5,272834,413,118,329,-0.72292,-1.7605,1.1014
-819.64,1580.6,1973.7,-0.15859,-2280.5,-1365.6,5.9136e+05,54983,1,-230.09,1499.9,2241.9,-1492.6,577,-72.705,-1781.6,477.06,-424.96,3671.2,273188,413,118,329,-0.7337,-1.7561,1.1014
-809.9,1599.3,1995.4,-0.22996,-2305.6,-1371,5.8585e+05,54981,1,-322.72,1529.4,2213.6,-1472.3,579.11,-74.046,-1797.5,491.9,-432.64,3675.9,273356,413,118,329,-0.74447,-1.7515,1.1014
-774.93,1597.8,1988.5,-0.2189,-2305.8,-1338.2,5.8454e+05,53559,1,-226.03,1529.1,2243,-1488.8,569.27,-101.13,-1791,475.1,-449.86,3688.7,273776,413,118,329,-0.74181,-1.7453,1.1131
-739.38,1596.2,1981.4,-0.3243,-2306,-1304.8,5.853e+05,52141,1,-204.18,1541.4,2247.7,-1483.9,561.18,-106.27,-1783.1,463.89,-452.7,3687.4,273738,413,118,329,-0.73912,-1.739,1.1247
-704.04,1594.4,1974.2,-0.35503,-2306.2,-1271.6,5.8412e+05,50725,1,-188.73,1547,2237,-1480.1,556.44,-110.82,-1775.3,452.79,-460.14,3676.1,273364,413,118,329,-0.73641,-1.7326,1.1362
-668.87,1592.7,1966.9,-0.37795,-2306.2,-1238.6,5.8311e+05,49311,1,-178.31,1550.3,2219.4,-1475.1,552.68,-112.98,-1767.2,442.47,-465.93,3659.4,272860,413,118,329,-0.73367,-1.7261,1.1478
-633.87,1590.9,1959.5,-0.36014,-2306.3,-1205.7,5.813e+05,47901,1,-193.79,1566.2,2205.1,-1467.3,547.36,-111.8,-1758.9,432.97,-465.57,3649.1,272568,413,118,329,-0.7309,-1.7196,1.1593
-625.58,1608.9,1980,-0.12583,-2330.2,-1212.6,5.8066e+05,47899,1,-147.71,1549.9,2198.5,-1474.2,555.31,-121.3,-1744.8,429.58,-480.3,3635,272173,413,118,329,-0.74144,-1.7151,1.1593
-590.66,1607,1972.3,-0.13932,-2330.1,-1179.8,5.7848e+05,46493,1,-136.81,1556.4,2180.2,-1469.1,552.36,-120.45,-1737.7,418.36,-484.63,3619.7,271686,413,118,329,-0.7386,-1.7085,1.1707
-555.78,1605.1,1964.5,-0.21706,-2330,-1147.1,5.79e+05,45091,1,-135.04,1565.7,2170.2,-1467.1,551.4,-119.25,-1737.1,411.75,-488.34,3616,271576,413,118,329,-0.73574,-1.7019,1.1821
-547.49,1622.9,1984.5,-0.13031,-2353.6,-1154.3,5.7662e+05,45089,1,-110.03,1550.8,2157.3,-1471.2,559.76,-124.92,-1726.7,414.09,-495.32,3600.4,271130,413,118,329,-0.74617,-1.6974,1.1821
-513.06,1620.9,1976.5,-0.1163,-2353.4,-1122,5.7699e+05,43691,1,-99.278,1557.3,2139.6,-1469.2,557.54,-124.84,-1721.6,404.88,-497.45,3587.9,270753,413,118,329,-0.74323,-1.6907,1.1935
-478.74,1618.9,1968.5,-0.093817,-2353.2,-1089.8,5.7574e+05,42297,1,-100.55,1568.2,2126.6,-1465.8,555.79,-125.1,-1714.6,396.2,-500.66,3579.4,270492,413,118,329,-0.74027,-1.684,1.2048
-444.48,1616.9,1960.4,-0.085377,-2353,-1057.6,5.733e+05,40907,1,-98.202,1576.3,2115.6,-1464.5,552.96,-122.87,-1713.8,389.31,-499.44,3574,270321,413,118,329,-0.73728,-1.6772,1.216
-410.19,1614.9,1952.2,-0.12625,-2352.9,-1025.4,5.7286e+05,39521,1,-102.77,1591.9,2104,-1457.1,548.39,-127.74,-1706.3,379.12,-507.48,3567.1,270056,413,118,329,-0.73427,-1.6703,1.2272
-376.04,1612.8,1944,-0.13889,-2352.7,-993.31,5.7e+05,38139,1,-98.05,1597.5,2088.9,-1458.1,545.6,-125.77,-1707.3,372.22,-505.53,3560.1,269873,413,118,329,-0.73122,-1.6634,1.2384
-341.97,1610.7,1935.7,-0.13895,-2352.5,-961.28,5.6822e+05,36763,1,-91.463,1606.1,2073.3,-1453.4,542.51,-128.64,-1699.4,363.8,-508.62,3548.1,269443,413,118,329,-0.72815,-1.6564,1.2495
-308.05,1608.7,1927.3,-0.089836,-2352.4,-929.38,5.6439e+05,35393,1,-83.476,1611.1,2059.8,-1453.8,542.19,-126.76,-1695.3,359.36,-504.88,3539.4,269221,413,118,329,-0.72505,-1.6493,1.2606
-274.14,1606.6,1919,-0.040485,-2352.3,-897.5,5.6253e+05,34027,1,-64.127,1614.6,2048.7,-1456.7,542.87,-125.9,-1694.3,354.1,-504.52,3534.3,269076,413,118,329,-0.72192,-1.6422,1.2717
-240.25,1604.5,1910.7,-0.0077295,-2352.3,-865.64,5.6419e+05,32665,1,-44.027,1613.2,2028.6,-1458.2,546.14,-122.1,-1693.8,348.73,-505.39,3522.1,268697,413,118,329,-0.71877,-1.635,1.2826
-206.62,1602.5,1902.2,-0.0017819,-2352.4,-834.05,5.6978e+05,31307,1,-42.946,1606.3,2000.9,-1458.2,553.3,-109.25,-1697,348.32,-499.66,3504.4,268153,413,118,329,-0.71559,-1.6278,1.2936
-173.66,1600.9,1894,0.044469,-2352.7,-803.23,5.7702e+05,29955,1,-52.98,1584,1943.2,-1441.8,582.96,-63.578,-1680.6,370.94,-458.23,3447.1,266368,413,118,329,-0.71238,-1.6205,1.3045
-141.97,1600.9,1887.5,0.33888,-2355,-774.22,5.8435e+05,28609,1,-43.264,1571.4,1907.8,-1276.1,773.81,259.4,-1383.1,663.49,64.302,3280.7,260265,413,118,329,-0.70915,-1.6132,1.3153
-109.54,1613.1,1901.8,4.1089,-2381,-749.45,5.8929e+05,27269,1,139.56,1493.8,1883,-529.51,798.08,684.38,-112.56,458.7,496.94,2766.3,238954,413,118,329,-0.70589,-1.6057,1.3261
-79.176,1623.8,1903.9,2.5647,-2396,-725.94,5.8861e+05,25935,1,149.88,1159.9,1463.1,-129.95,510.84,541.14,45.769,-185.48,-196.8,2038.3,148433,413,118,329,-0.7026,-1.5983,1.3368
-56.253,1632.3,1898.2,0.33504,-2401.9,-708.38,5.9232e+05,24607,1,-38.119,964.67,1120.1,-30.189,469.51,537.84,-40.394,-262.23,-331.21,1696.3,30452,413,118,329,-0.69928,-1.5907,1.3475
-40.94,1642.1,1892.6,-0.34429,-2406.8,-698.33,5.9473e+05,23285,1,-317.65,837.02,813.01,64.282,457.93,566.34,-60.498,-294.45,-374.55,1492.6,12733,413,118,329,-0.69594,-1.5831,1.3581
-28.955,1652,1885.6,-0.77629,-2409.9,-691.34,5.927e+05,21969,1,-538.18,808.05,657.3,118.18,433.17,558.23,-101.77,-346.48,-450.49,1490.4,12720,413,118,329,-0.69258,-1.5755,1.3687
-18.271,1661.4,1877.1,-1.3794,-2411.3,-685.32,5.8699e+05,20661,1,-588.36,775.47,588.22,131.79,414.35,537.73,-121.74,-400.22,-517.11,1488,12701,413,1752,339,-0.68918,-1.5677,1.3793
-8.1622,1670.5,1867.4,-2.3517,-2411.6,-679.74,5.8289e+05,19359,1,-820.44,948.94,659.95,236.25,290.01,442.18,-127.83,-456.8,-575.85,1703.3,30761,413,1774,341,-0.68577,-1.56,1.3897
10.13,1678.9,1854.1,-3.0447,-2411.3,-664.98,5.7389e+05,736067,1,-1005.3,1136.9,768.77,322.85,127.5,297.02,-187.3,-552.98,-700.33,1983.5,146864,413,1774,341,-0.67977,-1.5501,1.4037
22.763,1684.7,1836,-4.6382,-2404.2,-655.49,5.6568e+05,734975,1,-1013.3,921.95,521.4,352.25,110.23,287.84,-173.49,-656.56,-798.76,1862,142922,413,1774,341,-0.67523,-1.5405,1.4164
38.298,1688,1826.1,-3.7061,-2400.7,-649.66,5.7041e+05,733851,1,-888.75,759.69,393.53,127.59,227.22,304.44,-422.52,-532.28,-773.43,1783.5,134527,413,1758,340,-0.67928,-1.5308,1.4249
56.936,1700,1798.3,-3.4917,-2389.9,-644.25,5.7306e+05,731541,1,-1174.1,880,368.95,145.62,144.02,219.28,-355.19,-681.93,-878.08,1934.2,145277,413,1758,340,-0.67845,-1.5113,1.4459
51.481,1693.4,1816.1,-3.5587,-2397.9,-646.94,5.7455e+05,732705,1,-924.17,749.04,354.73,10.569,270.5,292.09,-502.74,-541.74,-814.62,1783.5,134529,413,1758,340,-0.68331,-1.5211,1.4333
66.295,1698.2,1805.8,-3.8658,-2395,-642.64,5.7e+05,731539,1,-1114.2,953.9,468.37,65.295,147.48,186.32,-496.33,-638.03,-905.01,1975.8,146630,413,1758,340,-0.68731,-1.5113,1.4417
76.225,1700.5,1783.8,-5.0633,-2382.7,-634.17,5.6428e+05,730359,1,-1392.5,1173,555.77,189.62,-87.984,-1.0363,-442.71,-821.58,-1056.8,2378.1,185224,413,1758,340,-0.68238,-1.5015,1.4543
87.85,1698.2,1758.1,-6.2624,-2365.5,-622.13,5.6274e+05,729165,1,-1506,1209.6,534.25,337.74,-261.32,-109.9,-352.26,-939.52,-1118.7,2527.1,227502,413,1758,340,-0.67729,-1.4916,1.4668
99.723,1696.3,1766.8,-6.5815,-2372.1,-618.41,5.5967e+05,729163,1,-1498.4,1231.3,554.05,206.07,-229.43,-137.62,-534.16,-870.92,-1138.5,2527.1,227503,413,1758,340,-0.68628,-1.4916,1.4626
110.72,1693.1,1741.9,-6.6105,-2354.8,-606.56,5.5875e+05,727955,1,-1485.4,1190.9,510.6,229.05,-276.49,-172.26,-544.63,-875.34,-1131.1,2527.1,227504,413,1758,340,-0.68112,-1.4817,1.4751
131.6,1687.9,1726.1,-6.2501,-2344,-592.87,5.6092e+05,726733,1,-1357.2,1137.8,501.5,74.077,-319.16,-282.13,-706.3,-914.3,-1231.4,2535,227931,413,1781,344,-0.68492,-1.4717,1.4833
151.86,1682.4,1709.6,-6.3121,-2332.4,-579.74,5.6006e+05,725499,1,-1362.9,1165,510.58,-67.053,-361.68,-384.88,-814.04,-984.57,-1340.2,2680.9,235671,413,1781,344,-0.68869,-1.4616,1.4915
173.73,1675,1690.8,-7.3278,-2318.6,-564.39,5.5697e+05,724255,1,-1475.7,1266,543.74,-109.13,-470.89,-505.91,-887.38,-1076.1,-1451.3,2935.5,245611,413,1781,344,-0.69244,-1.4515,1.4996
197.33,1665.5,1670.9,-8.5609,-2303.5,-546.67,5.5278e+05,723003,1,-1678.2,1354.2,522.21,-125.95,-538.49,-574.04,-992.41,-1088.2,-1501,3159.2,251667,413,1781,344,-0.69616,-1.4414,1.5076
304.37,1627.9,1591.2,-16.595,-2250.7,-456.88,5.2632e+05,717903,1,-4221.1,2809.2,631.13,911.48,-1545.5,-984.29,-1191.7,-1547.8,-1943.1,6155.3,305483,413,1781,344,-0.70132,-1.4002,1.5436
-971.31,1364,1865.2,62.62,-2078.2,-1399.9,5.9744e+05,63597,1,1667.5,-2269.6,-2843.1,-2856.3,5663.9,7986.7,-3748.8,6859.7,9539.5,16497,335234,413,152,335,-0.70463,-1.8101,1.0306
-1018.4,1428.1,1933.8,65.114,-2154.6,-1473,5.9688e+05,63595,1,1776.3,-2091.7,-2454.9,-3187.2,5598.1,7616.3,-3248.9,7021.7,10120,16593,335300,413,152,335,-0.71572,-1.8058,1.0306
-1009.6,1540.7,1957.5,2.649,-2221.8,-1512.7,5.9404e+05,62151,1,29.784,1095.6,1904.9,-2192.8,1968.3,1879,-1903.1,535.31,-402.03,4594.9,290161,413,152,335,-0.72441,-1.7954,1.0425
-965.82,1563.4,1975.5,0.083529,-2251.1,-1487.3,5.946e+05,60711,1,-365.08,1445.9,2195.5,-1504,663.99,77.863,-1833.3,578.84,-296.16,3679.3,273472,413,152,335,-0.73297,-1.785,1.0544
-921.47,1582.6,1992.9,-0.11166,-2278.8,-1460.4,5.9354e+05,59273,1,-313.89,1438,2175.1,-1459,609.65,0.32512,-1773.9,522.99,-362.75,3622.1,271764,413,118,329,-0.7414,-1.7745,1.0662
-888.07,1582.3,1986.9,-0.096571,-2279.6,-1429.4,5.9237e+05,57839,1,-262.97,1440.2,2176.9,-1472.8,595.18,-32.878,-1765.5,491.12,-403.41,3622.1,271765,413,118,329,-0.73886,-1.7684,1.078
-854.38,1581.6,1980.3,-0.081308,-2280.1,-1398.1,5.9075e+05,56409,1,-252.24,1472.1,2205.8,-1485.4,586.81,-56.248,-1781.3,484.94,-420.79,3638,272263,413,118,329,-0.7363,-1.7623,1.0897
-844.4,1600.3,2001.9,-0.21659,-2305,-1403.1,5.8727e+05,56407,1,-365.9,1515.2,2196.7,-1454,587.49,-47.379,-1785.7,504.01,-409.9,3650.7,272620,413,118,329,-0.7471,-1.7577,1.0897
-832.02,1618.3,2023.7,-0.60265,-2330.3,-1405.9,5.8345e+05,56405,1,-436.98,1550.3,2189,-1423.4,585.3,-46.949,-1797.9,516.22,-417.93,3664.8,273011,413,118,329,-0.75787,-1.7531,1.0897
-798.54,1617.6,2016.9,-0.56105,-2330.7,-1374.8,5.8109e+05,54979,1,-420.03,1537,2145.7,-1430.8,577.78,-66.043,-1787.9,488.47,-452.31,3630.2,271980,413,118,329,-0.7552,-1.7469,1.1014
-765.09,1616.3,2009.8,-0.3444,-2330.6,-1343.7,5.7889e+05,53557,1,-353.93,1547,2183.7,-1457.1,568.89,-93.741,-1782,477.36,-456.85,3654.4,272711,413,118,329,-0.7525,-1.7407,1.1131
-730.64,1614.6,2002.6,-0.16973,-2330.5,-1311.4,5.7839e+05,52139,1,-279.14,1546.3,2199.8,-1468.5,564.93,-108.93,-1768.7,461.15,-469.69,3654.7,272720,413,118,329,-0.74978,-1.7344,1.1247
-695.74,1612.8,1995.1,-0.098409,-2330.4,-1278.6,5.7982e+05,50723,1,-174.69,1538.3,2225.7,-1482.4,561.79,-117.5,-1764.6,451.52,-470.3,3662.8,272960,413,118,329,-0.74703,-1.728,1.1362
-660.65,1610.9,1987.6,-0.10549,-2330.3,-1245.6,5.8053e+05,49309,1,-177.81,1549.7,2211.2,-1477.5,558.24,-122.42,-1750.8,438.03,-480.64,3649.7,272586,413,118,329,-0.74425,-1.7216,1.1478
-651.39,1629,2007.9,-0.30275,-2354.3,-1251.9,5.7562e+05,49307,1,-204.48,1545.9,2175.2,-1461.8,560.08,-124.4,-1735,433.96,-492.56,3615.2,271554,413,118,329,-0.7548,-1.717,1.1478
-616.66,1626.9,2000.2,-0.23923,-2354,-1219.3,5.769e+05,47897,1,-153.55,1548,2184.6,-1469.9,559.18,-128.38,-1730,427.56,-491.29,3619.3,271668,413,118,329,-0.75195,-1.7105,1.1593
-582.01,1624.9,1992.3,-0.19227,-2353.8,-1186.7,5.7821e+05,46491,1,-135.93,1548.5,2171.9,-1470.7,560.07,-126.14,-1728.2,422.79,-491.5,3610.1,271409,413,118,329,-0.74907,-1.704,1.1707
-573.76,1642.9,2012.3,-0.10893,-2377.3,-1194.2,5.7524e+05,46489,1,-119.4,1536.5,2150.1,-1468.8,569.23,-127.6,-1719.1,423.62,-501.09,3589.1,270783,413,118,329,-0.75951,-1.6993,1.1707
-539.36,1640.8,2004.3,-0.079274,-2377.1,-1162,5.77e+05,45087,1,-99.443,1545.7,2149.7,-1472.5,567.72,-129.47,-1717.9,415.85,-503.95,3592.5,270885,413,118,329,-0.75657,-1.6927,1.1821
-504.97,1638.7,1996.2,-0.08967,-2376.8,-1129.7,5.7464e+05,43689,1,-92.819,1556.5,2142,-1469.3,563.26,-133.16,-1712.1,405.55,-509.72,3587.3,270740,413,118,329,-0.75359,-1.6861,1.1935
-470.53,1636.6,1988,-0.11972,-2376.5,-1097.4,5.7508e+05,42295,1,-91.509,1568.5,2132.9,-1465.3,559.24,-132.04,-1709,398.05,-508.88,3582.4,270592,413,118,329,-0.75059,-1.6794,1.2048
-436.15,1634.4,1979.7,-0.15862,-2376.2,-1065.1,5.7233e+05,40905,1,-96.241,1582.8,2120.4,-1457.3,553.52,-133.61,-1701.9,388.45,-511.29,3573.1,270303,413,118,329,-0.74756,-1.6726,1.216
-401.86,1632.2,1971.4,-0.16397,-2376,-1032.9,5.7025e+05,39519,1,-93.395,1592.1,2103.3,-1448.6,548.51,-136.62,-1696.1,379.42,-516.51,3559.9,269864,413,118,329,-0.7445,-1.6658,1.2272
-367.8,1630.1,1963,-0.1633,-2375.7,-1000.9,5.6619e+05,38137,1,-98.25,1599.9,2085.4,-1445.6,545.38,-132.56,-1694.2,370.9,-514.86,3549,269483,413,118,329,-0.74141,-1.6588,1.2384
-333.8,1627.9,1954.5,-0.16456,-2375.4,-968.98,5.6271e+05,36761,1,-93.432,1608.8,2070.5,-1437.2,540.92,-136.36,-1684.5,361.05,-520.45,3535.4,269106,413,118,329,-0.7383,-1.6519,1.2495
-299.88,1625.7,1946,-0.16039,-2375.2,-937.12,5.6264e+05,35391,1,-85.751,1612.2,2052.1,-1437.3,541.35,-130.73,-1681,356.53,-513.54,3522.8,268712,413,118,329,-0.73516,-1.6448,1.2606
-266.15,1623.5,1937.5,-0.11409,-2375.1,-905.46,5.6179e+05,34025,1,-73.654,1612.4,2034.2,-1436.3,542.71,-127.8,-1675.2,351.87,-511.05,3508.3,268284,413,118,329,-0.73199,-1.6378,1.2717
-232.59,1621.4,1929.1,-0.039158,-2375,-873.97,5.5864e+05,32663,1,-58.411,1613.2,2022.1,-1439,544.98,-125.05,-1674.2,347.91,-510.01,3501.7,268065,413,118,329,-0.72879,-1.6306,1.2826
-199.08,1619.4,1920.6,-0.0057851,-2375.1,-842.55,5.6587e+05,31305,1,-43.551,1605.8,1990.9,-1439,554.28,-111.56,-1673.7,346.02,-504.5,3480,267357,413,118,329,-0.72556,-1.6234,1.2936
-166.14,1617.7,1912.3,0.024041,-2375.4,-811.78,5.7119e+05,29953,1,-61.651,1582.7,1922.8,-1410.9,590.73,-49.439,-1644.8,372.77,-448.16,3404.9,264886,413,118,329,-0.72231,-1.6161,1.3045
-134.23,1617.3,1905.2,0.22152,-2377.3,-782.5,5.7856e+05,28607,1,-62.512,1572.9,1887.8,-1182.2,740.2,258.09,-1251.8,580.26,23.503,3155.6,251544,413,118,329,-0.71903,-1.6088,1.3153
-102.85,1622.5,1906.1,1.3843,-2388.5,-755.96,5.8266e+05,27267,1,-45.622,1487.1,1770.8,-887.39,631.03,280.82,-815.99,275.76,-109.5,2714.3,236916,413,118,329,-0.71573,-1.6014,1.3261
-73.8,1629.2,1905,1.0918,-2398.5,-732.18,5.8437e+05,25933,1,-14.15,1327.8,1579.2,-514.56,599.03,441,-384.05,57.438,-135.85,2290.1,169369,413,118,329,-0.71239,-1.5939,1.3368
-50.98,1635.9,1899.3,0.11028,-2403.4,-714.08,5.8946e+05,24605,1,-160.63,1068.6,1174.5,-329.33,523.83,442.46,-404.84,-117.46,-352.18,1851.4,142508,413,118,329,-0.70903,-1.5864,1.3475
-33.518,1644.4,1893.3,-0.5028,-2407.8,-701.58,5.9255e+05,23283,1,-333.74,966.48,950.55,-173.83,516.96,509.92,-367.59,-158.09,-375.39,1675.6,29348,413,118,329,-0.70564,-1.5788,1.3581
-18.371,1653.4,1886.4,-1.3307,-2411.4,-691.45,5.9208e+05,21967,1,-482.61,835.46,712.62,-82.652,488.41,517.75,-351.28,-248.21,-465.43,1534.2,13383,413,1752,339,-0.70223,-1.5712,1.3687
-8.1377,1662.6,1877.8,-1.6837,-2412.5,-685.83,5.8695e+05,20659,1,-567.17,753.13,566.94,15.553,424.96,488.86,-301.77,-367.27,-568.52,1488,12702,413,1752,339,-0.69879,-1.5635,1.3793
14.334,1675.2,1858.8,-2.3681,-2411.8,-666.81,5.7722e+05,736065,1,-738.93,1083,838.75,145.14,233.43,330.02,-288.87,-394.34,-578.97,1783.5,134521,413,1752,339,-0.68837,-1.5501,1.3995
1.1439,1670.1,1866.7,-2.1707,-2410.5,-680.42,5.7837e+05,19357,1,-704.5,1127.4,908.48,10.308,317.1,360.2,-417.41,-266.65,-509.14,1824.2,139650,413,1752,339,-0.69532,-1.5557,1.3897
27.714,1681.2,1841.9,-3.5039,-2405.9,-656.84,5.6863e+05,734973,1,-689.96,835.49,577.25,140.65,193.46,278.12,-376.76,-539.39,-770.27,1783.5,134524,413,1774,341,-0.6839,-1.5405,1.4122
29.905,1679.6,1848.5,-2.4726,-2408.6,-661.44,5.7358e+05,734971,1,-611.73,791.37,565.15,-42.896,286.75,291.94,-438.33,-474.96,-735.95,1783.5,134522,413,1752,339,-0.69256,-1.5405,1.408
41.841,1686.3,1833.5,-2.4378,-2404.3,-653.13,5.7011e+05,733849,1,-531.85,743.95,545.13,-30.763,306.66,315.77,-482.67,-455.29,-725.18,1783.5,134523,413,1752,339,-0.68801,-1.5308,1.4207
56.137,1692.3,1824.3,-2.715,-2402.7,-649.77,5.7477e+05,732703,1,-722.7,835.45,539.11,-75.232,286.39,268.35,-538.97,-512.23,-806.11,1783.5,134528,413,1752,339,-0.69209,-1.5211,1.4291
72.627,1697.1,1814.3,-3.3933,-2400.5,-644.05,5.691e+05,731537,1,-1004.5,1076.3,642.39,-36.341,132.19,121.62,-577.73,-603.62,-914.08,2036.5,148375,413,1758,340,-0.69615,-1.5113,1.4375
86.393,1698.8,1792.4,-5.1678,-2388.9,-631.97,5.6341e+05,730357,1,-1326.5,1203,612.82,144.58,-65.873,1.2222,-516.22,-762.52,-1035.6,2351.2,171607,413,1758,340,-0.69129,-1.5015,1.4501
94.632,1697.9,1801.8,-4.843,-2395.6,-631.81,5.6172e+05,730355,1,-1136.7,1229.4,725.37,-14.972,-22.38,-30.424,-678.35,-670.96,-1024.5,2300.3,169689,413,1758,340,-0.70018,-1.5015,1.4458
110.72,1695.7,1777.7,-6.3014,-2380.8,-616.03,5.6137e+05,729161,1,-1318.5,1229.9,630.34,19.697,-120.42,-114.25,-748.88,-715.65,-1089.7,2436.5,220879,413,1758,340,-0.69524,-1.4916,1.4584
121.82,1692.7,1753,-6.1629,-2363.9,-604.27,5.5841e+05,727953,1,-1391.3,1140.5,495.37,-13.115,-155.1,-162.81,-818.4,-744.29,-1135.2,2458.6,223023,413,1781,344,-0.69016,-1.4817,1.4709
142.03,1689.3,1738.5,-6.0599,-2355,-592.08,5.6157e+05,726731,1,-1330,1112,483.81,-85.488,-237.24,-276.13,-842.66,-852.02,-1241.8,2521.4,227271,413,1781,344,-0.694,-1.4717,1.4791
161.81,1685,1722.8,-6.2305,-2344.6,-579.98,5.6155e+05,725497,1,-1308.5,1171.8,537.95,-181.95,-284.74,-365.53,-900.63,-907.28,-1316.2,2643.7,233957,413,1781,344,-0.69783,-1.4616,1.4872
184.86,1678.4,1705.4,-7.1648,-2332.7,-563.99,5.5903e+05,724253,1,-1515.9,1368.3,616.54,-155.72,-448.21,-507.85,-967.85,-997.3,-1422.2,2997.9,247449,413,1781,344,-0.70162,-1.4515,1.4953
211.29,1669.1,1687.1,-8.4121,-2319.7,-543.92,5.5524e+05,723001,1,-1799.4,1528.7,620.67,-111.79,-553.82,-582.54,-1094.2,-1008.8,-1478.4,3319.6,262073,413,1781,344,-0.70539,-1.4414,1.5033
291.02,1639.6,1627.6,-11.768,-2279.6,-474.64,5.4219e+05,719189,1,-2982,2307.7,749.62,534.91,-693.1,-390.33,-1234.1,-759.68,-1268.5,4405.4,288276,413,1781,344,-0.70716,-1.4106,1.5315
337.53,1621.7,1610.8,-14.108,-2269.5,-433.08,5.2901e+05,717901,1,-2858.8,2625.3,1071.7,739.11,-1436,-963.67,-1306.3,-1293.3,-1777.9,5127.4,295273,413,1781,344,-0.71078,-1.4002,1.5393
382.96,1589.3,1582.3,-15.604,-2242.1,-385.99,5.2151e+05,716605,1,-2304.1,2494.8,1186.2,381.85,-1952.1,-1581.3,-1557.7,-1748.5,-2292.5,5489.7,298817,413,1781,344,-0.71436,-1.3897,1.5471
-1043.3,1495.3,1969,42.782,-2206.3,-1527,5.9516e+05,63593,1,1562,-890.04,-470,-4114.8,5072.1,5983.3,-3112.9,4001.8,4827.9,11442,328898,413,152,335,-0.72679,-1.8013,1.0306
-1036.6,1547.2,1987.6,15.043,-2242,-1546.6,5.9307e+05,63591,1,-409.44,1276.2,1921.9,-2090.3,2447.7,2782.6,-1465.2,893.84,518.36,5177.7,295699,413,152,335,-0.73782,-1.7968,1.0306
-999.25,1561.8,1979.5,0.65589,-2247.9,-1517.6,5.9297e+05,62149,1,-339.19,1482.5,2308.4,-1476.2,910.87,526.91,-1824.3,519.8,-395.03,3831.7,278586,413,152,335,-0.73541,-1.791,1.0425
-988.75,1581.4,2002.3,0.18712,-2274,-1522,5.9218e+05,62147,1,-403.3,1473.8,2235.7,-1550,792.17,251.2,-1783.8,554.38,-325.72,3744.5,275745,413,152,335,-0.74638,-1.7864,1.0425
-954.85,1582.3,1998.3,-0.031021,-2277.1,-1491.1,5.9341e+05,60709,1,-366.36,1448.7,2188.2,-1451.1,629.72,39.831,-1792.7,568.76,-303.78,3626.9,271900,413,152,335,-0.7439,-1.7805,1.0544
-944.59,1600.8,2019.9,-0.095405,-2301.8,-1495.5,5.9122e+05,60707,1,-343,1427,2159.8,-1428.7,623.01,29.685,-1746.7,541.41,-334.83,3622.1,271761,413,118,329,-0.75481,-1.7759,1.0544
-911.64,1601,2014.1,-0.16152,-2303,-1465.3,5.9084e+05,59271,1,-341.76,1449.3,2162.8,-1425,606.12,-1.9915,-1741.8,515.54,-376.46,3622.1,271762,413,118,329,-0.75227,-1.7699,1.0662
-878.35,1600.8,2008,-0.18639,-2304,-1434.5,5.8902e+05,57837,1,-369.06,1489.7,2180.2,-1436.5,595.54,-24.451,-1765.5,510.5,-392.68,3622.1,271766,413,118,329,-0.7497,-1.7638,1.078
-866.64,1618.9,2029.7,-0.42134,-2329,-1437.9,5.8498e+05,57835,1,-444.6,1547.1,2212.4,-1416.2,596.25,-27.215,-1799.5,544.2,-383.36,3664.8,273010,413,118,329,-0.76051,-1.7592,1.078
-820.19,1636.2,2045.6,-0.5939,-2355.5,-1409.3,5.7774e+05,56403,1,-416.15,1536.5,2177.3,-1407.3,588.24,-48.859,-1805.4,524.64,-432.41,3650.4,272608,413,118,329,-0.76861,-1.7484,1.0897
-786.73,1635.4,2038.4,-0.70478,-2355.6,-1378.3,5.7473e+05,54977,1,-429.13,1547.8,2151.5,-1403,576.05,-65.523,-1799.2,495.49,-469.12,3635.4,272181,413,118,329,-0.7659,-1.7423,1.1014
-753.3,1634.2,2030.9,-0.75589,-2355.3,-1347.3,5.7419e+05,53555,1,-412.7,1558.3,2149.1,-1420.5,566.11,-88.175,-1778.7,474.91,-475.7,3630.2,271979,413,118,329,-0.76317,-1.736,1.1131
-719.79,1632.7,2023.3,-0.58323,-2355,-1316,5.7409e+05,52137,1,-359.61,1545.1,2131.5,-1430.3,565.73,-99.493,-1767.5,459.16,-491.99,3607.3,271324,413,118,329,-0.76041,-1.7298,1.1247
-685.86,1631,2015.7,-0.41386,-2354.6,-1284.2,5.741e+05,50721,1,-270.48,1559.7,2186.7,-1458.5,560.86,-119.05,-1745.7,446.09,-484.36,3636.6,272215,413,118,329,-0.75762,-1.7234,1.1362
-675.51,1648.8,2036.2,-0.56296,-2378.7,-1289.5,5.6901e+05,50719,1,-282.88,1532.8,2130.1,-1431.7,564.62,-112.82,-1753.6,447.21,-508.34,3589.1,270790,413,118,329,-0.76818,-1.7187,1.1362
-641.97,1646.9,2028.2,-0.37914,-2378,-1258.1,5.6959e+05,49305,1,-225.14,1523.1,2120.6,-1444.6,567.96,-118.5,-1733.7,435.28,-509.64,3570.7,270231,413,118,329,-0.76532,-1.7123,1.1478
-608.07,1644.9,2020.3,-0.18752,-2377.6,-1226.3,5.7149e+05,47895,1,-155.95,1536.6,2159.7,-1462,565.08,-127.42,-1724.3,430.62,-497.45,3595.6,270996,413,118,329,-0.76243,-1.7059,1.1593
-599.08,1662.9,2040.2,-0.27178,-2401.2,-1233.3,5.5737e+05,47893,1,-261.13,1564.4,2121.1,-1432.5,567.13,-122.67,-1719.7,431.71,-513.07,3579.2,270482,413,118,329,-0.77288,-1.7012,1.1593
-565.29,1660.9,2032.2,-0.14005,-2400.8,-1201.7,5.5733e+05,46487,1,-235.54,1577.9,2125,-1438.1,565.72,-128.1,-1706.4,422.69,-511.28,3580.2,270513,413,118,329,-0.76992,-1.6946,1.1707
-531.07,1658.8,2024,-0.10126,-2400.4,-1169.6,5.6104e+05,45085,1,-163.02,1572.4,2137.8,-1451.7,563.77,-135.41,-1703,411.06,-516.08,3584.4,270648,413,118,329,-0.76694,-1.6881,1.1821
-496.75,1656.5,2015.7,-0.1233,-2400,-1137.5,5.6306e+05,43687,1,-145.99,1584,2138,-1449,557.94,-141.3,-1693.6,400.37,-519.93,3582,270583,413,118,329,-0.76392,-1.6814,1.1935
-462.38,1654.2,2007.3,-0.10806,-2399.6,-1105.2,5.6232e+05,42293,1,-121.91,1584.6,2128.1,-1447.9,555.06,-141.9,-1690.6,393.74,-519.68,3572.5,270287,413,118,329,-0.76088,-1.6747,1.2048
-427.96,1651.9,1998.9,-0.13283,-2399.2,-1072.9,5.6597e+05,40903,1,-110.31,1594.8,2116.1,-1440.1,549.56,-144.46,-1683.2,384.72,-521.8,3561.4,269922,413,118,329,-0.75781,-1.668,1.216
-393.69,1649.6,1990.4,-0.12419,-2398.9,-1040.8,5.6238e+05,39517,1,-103.05,1604.2,2104.4,-1434.6,544.71,-146.06,-1679.1,373.6,-527.6,3553.3,269653,413,118,329,-0.75471,-1.6612,1.2272
-359.5,1647.2,1981.8,-0.18303,-2398.5,-1008.7,5.6247e+05,38135,1,-102.02,1608.4,2085.1,-1429.8,541.42,-143.31,-1676.4,365.1,-528.04,3539.1,269211,413,118,329,-0.75158,-1.6543,1.2384
-325.46,1644.8,1973.1,-0.20374,-2398.1,-976.67,5.6386e+05,36759,1,-102.19,1615.2,2068.2,-1422.9,538.16,-142.76,-1670,358.2,-527.97,3525.2,268781,413,118,329,-0.74842,-1.6473,1.2495
-291.68,1642.5,1964.5,-0.17041,-2397.7,-944.96,5.6257e+05,35389,1,-91.802,1610.4,2045.6,-1421.8,540.9,-137.02,-1668,355.72,-524.32,3507.6,268241,413,118,329,-0.74524,-1.6403,1.2606
-258.17,1640.3,1955.9,-0.12273,-2397.5,-913.55,5.5818e+05,34023,1,-72.007,1607.6,2022.7,-1420.3,542.61,-131.85,-1658,346.4,-522.55,3485.9,267599,413,118,329,-0.74202,-1.6332,1.2717
-224.81,1638.2,1947.3,-0.071203,-2397.4,-882.29,5.5708e+05,32661,1,-52.909,1608.3,2006.5,-1420.8,545.12,-125.8,-1649.3,340.6,-516.07,3471.3,267084,413,118,329,-0.73878,-1.6261,1.2826
-191.56,1636.1,1938.7,-0.0075732,-2397.4,-851.16,5.5965e+05,31303,1,-40.102,1600.9,1979.7,-1410.7,549.13,-117.02,-1633.4,333.66,-513.41,3439.8,266098,413,118,329,-0.73551,-1.6189,1.2936
-158.57,1634.3,1930.3,0.031384,-2397.7,-820.4,5.6462e+05,29951,1,-35.666,1589.8,1947.4,-1406.2,570.5,-83.396,-1632.3,348.12,-485.4,3413.5,265146,413,118,329,-0.73221,-1.6116,1.3045
-126.46,1633.5,1922.6,0.10706,-2399,-790.82,5.702e+05,28605,1,-45.009,1553.5,1870.2,-1281,609.25,32.698,-1453.7,366.54,-359.12,3209.8,257985,413,118,329,-0.72889,-1.6043,1.3153
-95.501,1635.1,1917.5,0.41316,-2403.5,-763.27,5.7472e+05,27265,1,-47.823,1445.6,1712.7,-1048.8,581.42,124.98,-1134.3,223.56,-351.8,2817.6,240812,413,118,329,-0.72554,-1.597,1.3261
-67.673,1638.2,1911.8,0.28752,-2407.6,-739.23,5.8021e+05,25931,1,-75.97,1286.2,1488.2,-776.18,582.54,273.22,-855.06,106.42,-334.61,2397,187993,413,118,329,-0.72216,-1.5895,1.3368
-44.577,1643.1,1905.1,-0.061744,-2410.9,-720.23,5.8784e+05,24603,1,-173.18,1096.1,1193.2,-612.48,564.12,333.94,-769.38,-5.2978,-416.96,2055.7,148778,413,118,329,-0.71875,-1.582,1.3475
-26.105,1650,1898.4,-0.4064,-2414.1,-706.26,5.916e+05,23281,1,-281.98,948.26,952.32,-402.57,570.81,449.98,-620.12,-77.36,-415.74,1771.8,133263,413,118,329,-0.71532,-1.5745,1.3581
-11.862,1657.5,1890.2,-0.65164,-2415.6,-696.41,5.8961e+05,21965,1,-355.22,817.22,751.74,-362.9,549.02,439.13,-625.61,-167.43,-518.36,1635,25197,413,1752,339,-0.71186,-1.5668,1.3687
-1.2793,1665.8,1880.7,-1.037,-2415.7,-690.19,5.8618e+05,20657,1,-686.14,1002.9,779.43,-234.15,473.44,414.61,-637.49,-183.79,-536.08,1806.3,136994,413,1752,339,-0.70837,-1.5592,1.3793
17.292,1673.5,1864.9,-1.8843,-2414.4,-670.49,5.794e+05,736063,1,-708.57,1069.8,834.02,-57.502,298.85,302.38,-486.48,-329.43,-606.75,1799.9,136248,413,1752,339,-0.69694,-1.5501,1.3952
19.245,1673.1,1871.9,-1.5315,-2418.1,-675.55,5.8028e+05,736061,1,-796.3,1088,808.35,-202.55,382.1,322.33,-636.28,-260.92,-612.62,1900.1,144374,413,1752,339,-0.70549,-1.5501,1.3909
32.621,1679.9,1856.2,-2.2966,-2413.5,-666.24,5.7603e+05,734969,1,-634.6,826.93,591.44,-194.49,374.39,314.03,-555.05,-404.37,-722.39,1783.5,134525,413,1752,339,-0.70118,-1.5405,1.4037
43.023,1686.2,1840.9,-1.661,-2408.2,-659.32,5.746e+05,733847,1,-687.39,811.01,535.45,-216.66,349.98,270.65,-588.33,-423.36,-746.12,1783.5,134526,413,1752,339,-0.69671,-1.5308,1.4164
47.927,1687.4,1849.3,-2.4725,-2414.7,-662.66,5.7824e+05,733845,1,-854.77,889.82,537.4,-271.14,389.81,287.43,-698.32,-347.47,-726.66,1804.4,136801,413,1752,339,-0.70539,-1.5308,1.4121
59.321,1692.8,1832.7,-2.3763,-2408.2,-654.5,5.751e+05,732701,1,-859.11,944.67,584.8,-226.93,299.16,207.88,-644.07,-474.75,-823.69,1864.2,143031,413,1752,339,-0.70085,-1.5211,1.4248
78.305,1697.4,1823.2,-3.4163,-2406.9,-646.54,5.6916e+05,731535,1,-1072,1101.7,633.89,-190.58,175.86,92.06,-704.58,-529.05,-905.67,2106.4,163932,413,1752,339,-0.70495,-1.5113,1.4332
101.19,1698.5,1812.2,-4.4722,-2403.6,-633.76,5.6721e+05,730353,1,-1136.8,1219.7,713.06,-145.59,49.786,-19.918,-763.74,-577.65,-978.12,2277.3,168906,413,1752,339,-0.70903,-1.5015,1.4415
118.61,1696.5,1789.7,-5.3166,-2390.5,-617,5.645e+05,729159,1,-1067.2,1194.2,709.39,-153.36,-15.278,-90.661,-899.29,-588.03,-1039.3,2309.7,170011,413,1758,340,-0.70418,-1.4916,1.4541
123.63,1699.3,1802.7,-4.2601,-2401.3,-621.36,5.6898e+05,729157,1,-954.59,1128.1,692.76,-337.05,77.734,-86.074,-994.71,-498.59,-1002.5,2277.3,168907,413,1752,339,-0.71309,-1.4916,1.4497
132.01,1694.2,1766,-5.6713,-2375.3,-603.6,5.6214e+05,727951,1,-1190.2,1106.1,551.07,-178.64,-84.539,-170.86,-960.84,-681.17,-1146.2,2390.2,187128,413,1781,344,-0.69917,-1.4817,1.4666
138.51,1697.3,1780.2,-4.4909,-2387.6,-606.95,5.6721e+05,727949,1,-926.14,1068.8,634.95,-348.12,15.446,-153.06,-1024.9,-610.22,-1114.2,2283.1,169163,413,1752,339,-0.70815,-1.4817,1.4623
151.13,1692.6,1752.8,-5.5862,-2368.2,-593.27,5.6546e+05,726729,1,-1142.9,1095.6,548.73,-264.95,-152.62,-278.43,-975.15,-802.15,-1265.1,2484.6,225222,413,1752,339,-0.70307,-1.4717,1.4748
171.36,1688.9,1737.1,-6.2296,-2358.2,-581.08,5.6418e+05,725495,1,-1304.4,1282.9,639.68,-264.9,-307.3,-428.28,-991.05,-892.06,-1349.9,2775.8,239264,413,1752,339,-0.70694,-1.4616,1.4829
195.92,1682.4,1720.7,-7.1799,-2347.7,-563.94,5.6207e+05,724251,1,-1454.9,1451.6,719.39,-232.95,-433.91,-533.17,-1043.8,-928.62,-1401.7,3030.7,248250,413,1752,339,-0.71079,-1.4515,1.491
223.5,1673.3,1703.7,-8.0298,-2336.1,-543,5.5848e+05,722999,1,-1550.8,1568.9,771.29,-219.74,-546.36,-630.28,-1137.3,-949.85,-1455.6,3243.5,259075,413,1781,344,-0.7146,-1.4414,1.499
240.28,1658.4,1669.6,-9.336,-2307.3,-521,5.5157e+05,721739,1,-1882,1714.2,741.46,-58.336,-627.61,-622.78,-1157.6,-936.55,-1432.5,3476.3,267235,413,1781,344,-0.70914,-1.4311,1.5113
273.09,1646.8,1654,-9.8532,-2297.3,-494.37,5.4891e+05,720467,1,-1944.6,1918.7,882.8,119.56,-606.42,-511.84,-1171.9,-749.69,-1251.8,3519.7,268631,413,1781,344,-0.71285,-1.4209,1.5192
310.14,1635.4,1642.8,-9.2769,-2292.1,-464.18,5.4646e+05,719187,1,-1852.7,2157.9,1125.8,279.82,-695.29,-511.86,-1154.7,-643.2,-1136.1,3635.7,272195,413,1781,344,-0.71654,-1.4106,1.5271
349.03,1622.3,1631.4,-8.5598,-2286.6,-431.68,5.3695e+05,717899,1,-1335.9,2258.2,1434.8,-190.08,-993.07,-994.91,-1507.9,-949.37,-1572,4074.5,283981,413,1752,339,-0.72021,-1.4002,1.5349
387.54,1600.8,1610,-9.8186,-2268.9,-395.77,5.2898e+05,716603,1,-866.89,2153.8,1530.4,-980.66,-1571.5,-1872.6,-1965.1,-1551.5,-2315.5,5128.4,295283,413,1752,339,-0.72384,-1.3897,1.5427
-1053.5,1459.1,1947.7,60.705,-2166,-1528.8,5.9403e+05,65035,1,2187.7,-1886.8,-1768.8,-4449.9,5468.6,6450.2,-5093.2,6851.3,8461.5,15725,334581,413,157,336,-0.74021,-1.8027,1.0187
-1022.9,1577.2,2007.2,3.5193,-2270.3,-1551.9,5.9062e+05,63589,1,-278.5,1443.3,2307.7,-2417.7,1985.9,1710.4,-2059.6,962.73,181.7,5040.1,294533,413,157,336,-0.74884,-1.7923,1.0306
-977.64,1600.2,2024.8,0.035105,-2299.7,-1525.7,5.907e+05,62145,1,-410.26,1433.7,2154,-1440.1,673.93,105.2,-1753.1,571.22,-298.71,3622.1,271763,413,152,335,-0.75733,-1.7818,1.0425
-934.33,1619.1,2041,-0.1416,-2325.9,-1500.1,5.8737e+05,60705,1,-411.38,1456.2,2146.9,-1399.4,620.83,26.822,-1746.2,549.01,-345.87,3622.1,271760,413,118,329,-0.7657,-1.7712,1.0544
-901.21,1619.2,2035.4,-0.22158,-2327.4,-1469.7,5.8614e+05,59269,1,-429.78,1511.2,2193.5,-1413.9,608.16,-4.929,-1780.5,548.81,-366,3640.6,272333,413,118,329,-0.76312,-1.7652,1.0662
-888.18,1637.3,2057.8,-0.50878,-2353.2,-1472,5.8355e+05,59267,1,-482.76,1549.4,2209.9,-1400.9,610.52,-5.8346,-1811.1,580.11,-353.24,3664.8,273009,413,118,329,-0.77393,-1.7605,1.0662
-853.88,1636.9,2052.1,-0.58992,-2354.8,-1440.4,5.8135e+05,57833,1,-440.59,1535.8,2186.8,-1405.7,599.25,-32.089,-1815.4,556.62,-395.38,3664.8,273008,413,118,329,-0.77129,-1.7545,1.078
-842.71,1654.9,2074,-0.40326,-2379.8,-1444.6,5.7624e+05,57831,1,-361.13,1488.6,2151.3,-1399.3,602.86,-37.621,-1770.2,530.37,-424.14,3590.5,270826,413,118,329,-0.78204,-1.7497,1.078
-808.81,1654,2067.2,-0.52698,-2380.3,-1413.3,5.7459e+05,56401,1,-345.43,1521,2185,-1405.9,588.63,-61.863,-1777.7,509.83,-452.76,3627.5,271916,413,118,329,-0.77932,-1.7437,1.0897
-774.55,1652.9,2060,-0.73141,-2380.5,-1381.6,5.736e+05,54975,1,-307.92,1504.8,2159.8,-1408.3,583.79,-73.82,-1779.3,494.64,-476.6,3604.3,271244,413,118,329,-0.77658,-1.7375,1.1014
-741.38,1651.7,2052.2,-0.80632,-2380.1,-1350.8,5.7089e+05,53553,1,-329.1,1511.2,2122.4,-1409.4,576.5,-83.11,-1783.2,475.65,-499.75,3588.6,270772,413,118,329,-0.77381,-1.7313,1.1131
-708.65,1650.4,2044.3,-0.6961,-2379.4,-1320.4,5.6941e+05,52135,1,-324.62,1512.7,2097.8,-1418.6,572.14,-94.882,-1771.4,459.03,-510.23,3571,270242,413,118,329,-0.77101,-1.7251,1.1247
-698.61,1668.2,2065.2,-0.48665,-2403.6,-1326.1,5.6357e+05,52133,1,-274.87,1505.6,2111.9,-1418.2,579.37,-99.294,-1754.7,453.38,-525.84,3570.7,270228,413,118,329,-0.78158,-1.7203,1.1247
-665.43,1666.5,2056.8,-0.52576,-2402.7,-1295.2,5.6205e+05,50717,1,-274.68,1523.1,2107.2,-1423.5,571.49,-111.75,-1744.6,441.43,-527.26,3570.7,270229,413,118,329,-0.77871,-1.714,1.1362
-632.32,1664.7,2048.4,-0.43693,-2401.8,-1264.3,5.5961e+05,49303,1,-285.53,1542.8,2104.1,-1422.2,569.4,-115.78,-1736.1,437.18,-525.61,3570.7,270230,413,118,329,-0.77581,-1.7076,1.1478
-621.32,1682.2,2068.7,-0.67955,-2425.7,-1269.3,5.549e+05,49301,1,-355.96,1602.8,2129,-1389.5,557.11,-124.95,-1733.3,440.04,-533.39,3580.2,270518,413,118,329,-0.78627,-1.7028,1.1478
-587.61,1680.2,2060.2,-0.74747,-2425,-1237.9,5.5603e+05,47891,1,-382.65,1622.2,2115.1,-1382.2,553.61,-123.72,-1728.8,436.87,-528.94,3580.2,270516,413,118,329,-0.7833,-1.6964,1.1593
-554.15,1678.2,2051.9,-0.6709,-2424.4,-1206.6,5.5271e+05,46485,1,-381.05,1631.7,2106,-1385.1,552,-126.52,-1723.3,434.71,-522.38,3580.2,270520,413,118,329,-0.78031,-1.6899,1.1707
-520.77,1676.2,2043.5,-0.51745,-2423.8,-1175.5,5.4863e+05,45083,1,-352.87,1633.5,2095.2,-1391,548.07,-135.12,-1709.6,414.52,-535.53,3580.2,270521,413,118,329,-0.77728,-1.6833,1.1821
-487.1,1673.9,2034.9,-0.43691,-2423.1,-1144,5.4704e+05,43685,1,-265.49,1622.4,2105.4,-1406.3,545.35,-144.8,-1682.7,395.86,-533.77,3564.3,269985,413,118,329,-0.77423,-1.6767,1.1935
-453.28,1671.5,2026.3,-0.31946,-2422.5,-1112.3,5.4845e+05,42291,1,-208.85,1620,2109.5,-1410.4,543.02,-148.27,-1669.9,388.02,-528.67,3555.6,269723,413,118,329,-0.77114,-1.67,1.2048
-419.21,1669.1,2017.8,-0.24152,-2422,-1080.3,5.5332e+05,40901,1,-206.06,1628.3,2095.5,-1399.3,537.6,-150.63,-1660.1,378.24,-533.61,3541,269256,413,118,329,-0.76803,-1.6633,1.216
-385.01,1666.6,2009.2,-0.2355,-2421.6,-1048.2,5.5664e+05,39515,1,-147.72,1625.5,2105.3,-1412.4,538.25,-152.5,-1660.4,370.74,-533.49,3547.3,269430,413,118,329,-0.76489,-1.6565,1.2272
-350.78,1664.1,2000.4,-0.28164,-2421,-1016.1,5.5924e+05,38133,1,-146.23,1629.4,2082,-1402.7,533.23,-153.49,-1655.8,361.2,-538.84,3528.3,268884,413,118,329,-0.76171,-1.6496,1.2384
-316.9,1661.6,1991.5,-0.25426,-2420.5,-984.26,5.6232e+05,36757,1,-120.38,1618.7,2053.5,-1405.8,537.3,-145.89,-1655.9,356.32,-535.18,3506.2,268204,413,118,329,-0.75851,-1.6427,1.2495
-283.43,1659.2,1982.8,-0.17875,-2420.1,-952.9,5.6079e+05,35387,1,-100.91,1611.8,2028.8,-1406.3,540.77,-139.38,-1649.8,349.52,-532.73,3484.4,267501,413,118,329,-0.75529,-1.6357,1.2606
-250.08,1656.9,1973.9,-0.15942,-2419.7,-921.67,5.5277e+05,34021,1,-102.28,1617.5,2013,-1398.4,537.59,-139.9,-1638.8,336.56,-540.19,3469,267020,413,118,329,-0.75203,-1.6286,1.2717
-216.85,1654.7,1965,-0.14095,-2419.4,-890.54,5.5006e+05,32659,1,-76.982,1610.5,1991,-1392.9,537.55,-133.49,-1621,326.83,-533.04,3439.4,266085,413,118,329,-0.74874,-1.6215,1.2826
-183.84,1652.5,1956.3,-0.068442,-2419.2,-859.68,5.5867e+05,31301,1,-52.816,1601.6,1968.3,-1386.6,541.75,-122.88,-1603.8,320.29,-524.38,3409.2,265016,413,118,329,-0.74543,-1.6144,1.2936
-151.17,1650.6,1947.5,-0.0022167,-2419.2,-829.19,5.6185e+05,29949,1,-30.491,1576.5,1925.1,-1365.1,549.82,-99.256,-1571.2,308.01,-514.33,3346,263045,413,118,329,-0.74209,-1.6071,1.3045
-119.22,1649.1,1939,0.033547,-2419.6,-799.59,5.6493e+05,28603,1,-18.127,1523.7,1840.6,-1309.6,558.83,-56.968,-1499.7,275.9,-507.13,3212.9,258071,413,118,329,-0.73872,-1.5998,1.3153
-88.708,1648.8,1930.9,0.069567,-2420.6,-771.73,5.6972e+05,27263,1,-28.732,1454.3,1734,-1207.3,587.48,36.974,-1366.8,259.11,-446.04,3010.1,247759,413,118,329,-0.73532,-1.5925,1.3261
-61.418,1649.9,1922.7,-0.0013092,-2421.6,-747.45,5.7924e+05,25929,1,-60.666,1318.5,1534.1,-1072.9,591.45,113.55,-1228.9,166.04,-477.25,2715.7,236953,413,118,329,-0.7319,-1.5851,1.3368
-38.078,1653,1914.3,-0.20106,-2422.7,-727.54,5.8734e+05,24601,1,-178.77,1163.9,1267.3,-887.45,591.76,212.23,-1081.9,58.427,-517.62,2370.1,184285,413,1752,339,-0.72845,-1.5776,1.3475
-19.341,1658,1905.5,-0.49264,-2423.3,-712.6,5.8989e+05,23279,1,-319.83,989.64,974.68,-627.92,598.12,356.85,-852.89,-39.412,-500.03,1972.3,146411,413,1752,339,-0.72497,-1.57,1.3581
-4.2644,1664.2,1896.1,-0.86428,-2423.3,-701.53,5.8748e+05,21963,1,-550.27,1116,980.5,-518.6,546.93,349.32,-845.7,-62.845,-518.16,2046.3,148613,413,1752,339,-0.72146,-1.5624,1.3687
27.761,1675.8,1890.1,-2.3469,-2432.2,-682.81,5.852e+05,736057,1,-867.18,1211.4,909.86,-413.39,483.04,326.69,-907.08,-101.66,-587.95,2176.5,165733,413,1752,339,-0.72251,-1.5501,1.3822
22.617,1673.9,1880,-1.8458,-2423.8,-679.8,5.8328e+05,736059,1,-940.55,1113.2,758.69,-350.73,449.99,321.39,-811.63,-191.64,-632.67,2055.2,148769,413,1752,339,-0.71401,-1.5501,1.3866
36.212,1680.6,1864.7,-2.3601,-2419.4,-670.41,5.7735e+05,734967,1,-833.91,900.2,566.98,-301.29,411.71,299.73,-729.83,-337.13,-740.59,1836.3,141051,413,1752,339,-0.70978,-1.5405,1.3994
41.287,1682.4,1875,-2.6351,-2427.8,-673.62,5.8025e+05,734965,1,-917.64,958.68,586.46,-368.8,433.17,288.5,-856.67,-276.06,-745.2,1969.1,146319,413,1752,339,-0.71836,-1.5405,1.395
66.129,1694.5,1842.6,-3.1773,-2416.6,-656.43,5.7533e+05,732699,1,-1064.8,1012.6,552.73,-279.48,308.39,191.22,-763.05,-428.51,-838.74,2035.6,148350,413,1752,339,-0.70958,-1.5211,1.4205
54.111,1688.7,1859.4,-2.8304,-2422.8,-664.83,5.7959e+05,733843,1,-962.86,991.83,589.34,-348.51,417.34,276.82,-880.37,-270.8,-742.48,2007.5,147611,413,1752,339,-0.71404,-1.5308,1.4078
73.176,1696.1,1853.9,-3.2634,-2426.1,-658.06,5.7505e+05,732697,1,-1092.5,1097.3,623.42,-351.58,340.09,186.85,-966.1,-332.01,-845.88,2195.4,166307,413,1752,339,-0.71828,-1.5211,1.4161
87.013,1699.1,1834.2,-4.2454,-2416.7,-646.9,5.6921e+05,731533,1,-1228,1160.3,614.8,-276.42,204.81,79.072,-901.31,-452.54,-930.33,2289,169340,413,1752,339,-0.71373,-1.5113,1.4288
109.18,1701.2,1824.8,-4.6869,-2415,-635.3,5.6848e+05,730351,1,-1173,1163.9,631.83,-362.34,124.18,-51.105,-1030.8,-476.44,-1013,2365.3,183781,413,1752,339,-0.71786,-1.5015,1.4371
128.67,1704.2,1817.2,-3.8312,-2414.6,-626.64,5.6898e+05,729155,1,-1068.6,1054.2,552.31,-615.62,212.9,-88.526,-1243.7,-403.94,-1038.8,2404,189280,413,1752,339,-0.72197,-1.4916,1.4453
142.05,1702.3,1794.7,-3.4595,-2400.5,-613.74,5.7002e+05,727947,1,-908.53,1099.8,669.25,-554.87,122.26,-149.06,-1128.1,-532.33,-1097.1,2363.8,183525,413,1752,339,-0.71711,-1.4817,1.4579
157.01,1697.2,1767.6,-4.7467,-2381.6,-597.91,5.6642e+05,726727,1,-949.88,1114.2,654.63,-431.18,-108.02,-316.53,-1036.2,-781.17,-1283.1,2490.1,225527,413,1752,339,-0.7121,-1.4717,1.4704
162.55,1703.2,1782.7,-4.654,-2396.1,-603.44,5.6409e+05,726725,1,-1202.5,1276.2,687.17,-502.87,-107.44,-354.24,-1124.4,-752.52,-1306.9,2734.1,237589,413,1752,339,-0.72111,-1.4717,1.466
178.97,1693.4,1751.8,-5.9932,-2372.2,-584.27,5.6264e+05,725493,1,-1226.6,1345.8,736.18,-387.07,-259.01,-443.9,-1067.9,-832.69,-1342.3,2812,240662,413,1752,339,-0.71603,-1.4616,1.4785
205.2,1687.3,1736.8,-6.8359,-2363.3,-565.88,5.5992e+05,724249,1,-1423.1,1490.5,766.6,-351.79,-402.91,-563.03,-1164.8,-865.59,-1407.6,3086.3,249601,413,1752,339,-0.71992,-1.4515,1.4866
233.17,1679.5,1721.8,-7.3523,-2354.2,-545.3,5.5749e+05,722997,1,-1500.2,1567.6,783.13,-543.41,-467.34,-713.87,-1424.2,-838.26,-1498.4,3364.6,263635,413,1752,339,-0.72379,-1.4414,1.4946
252.34,1662.1,1686.7,-8.3255,-2323.9,-520.15,5.5391e+05,721737,1,-1461.1,1672.3,889.88,-278.57,-642.44,-743.12,-1252.6,-916.06,-1467.7,3365.7,263665,413,1752,339,-0.7184,-1.4311,1.5069
282.89,1649.7,1670.6,-7.9554,-2312.4,-495.25,5.5279e+05,720465,1,-1376,1795.9,1028.6,-271.54,-659.1,-748.9,-1276.5,-776.5,-1338,3365.7,263666,413,1781,344,-0.72216,-1.4209,1.5148
315.84,1638.8,1659.2,-6.5717,-2306.2,-469.06,5.5408e+05,719185,1,-1135,1932.7,1250.9,-410.45,-561.75,-717.26,-1384.3,-574.41,-1192.3,3365.7,263667,413,1752,339,-0.7259,-1.4106,1.5227
348.91,1631.8,1652.2,-4.9184,-2305.7,-444.65,5.505e+05,717897,1,-801.05,1937.2,1391.6,-839.38,-482.43,-842.35,-1599,-558.32,-1273.7,3531.1,268985,413,1752,339,-0.72961,-1.4002,1.5305
385.22,1619.4,1637.2,-6.6396,-2297.6,-415.01,5.4142e+05,716601,1,-903.97,2238.6,1591.8,-1165.6,-989.49,-1450.4,-1839.7,-1093.6,-1866,4567.9,289875,413,1752,339,-0.73329,-1.3897,1.5382
424.9,1596,1611.7,-10.407,-2276.6,-377.35,5.3653e+05,715299,1,-1112,2318.6,1539.5,-1420.4,-1513.4,-2027.4,-2080.8,-1527.1,-2354.5,5441.2,298441,413,1752,339,-0.73695,-1.3793,1.5459
-1068.3,1540,2008.7,36.201,-2247.7,-1579.4,5.9163e+05,65033,1,709.32,434.18,1278.3,-4625.5,4561.3,4656.6,-3900.4,3910.3,4050.5,10636,326530,413,157,336,-0.75126,-1.7981,1.0187
-1048.4,1588.4,2032.7,9.5865,-2288.6,-1586.2,5.8874e+05,65031,1,-695.19,1775,2599.6,-2006.1,1938.1,1919.5,-1614.7,967.11,500.58,5064.6,294733,413,157,336,-0.76228,-1.7934,1.0187
-1010.7,1598.3,2028.6,0.65593,-2296.1,-1555.4,5.887e+05,63587,1,-443.18,1523.6,2317.4,-1455.6,839.72,385.9,-1733,588.67,-256.83,3778.5,276882,413,157,336,-0.75982,-1.7876,1.0306
-998.97,1617,2050.7,0.1752,-2321.3,-1558.6,5.8702e+05,63585,1,-488.87,1476.5,2192.5,-1445.3,752.53,223.75,-1710,597.39,-243.93,3643.1,272412,413,157,336,-0.77077,-1.783,1.0306
-966.79,1618.5,2046.3,-0.058667,-2324.2,-1529.6,5.8778e+05,62143,1,-425.19,1419.8,2108.8,-1375.7,638.31,72.947,-1716.9,563.31,-307.19,3622.1,271758,413,118,329,-0.76825,-1.7771,1.0425
-955.1,1636.3,2067.7,-0.19009,-2348.5,-1532.8,5.8495e+05,62141,1,-495.72,1465.6,2118.9,-1365.1,637.48,65.38,-1754,588.19,-308.37,3622.1,271759,413,118,329,-0.77914,-1.7724,1.0425
-922.34,1637.1,2062.8,-0.32844,-2350.8,-1503.2,5.8452e+05,60703,1,-502.25,1514.9,2165.7,-1382.1,629.89,34.711,-1798,601.37,-320.33,3639.1,272292,413,118,329,-0.77655,-1.7665,1.0544
-875.91,1655.3,2080.2,-0.43971,-2378.8,-1475.1,5.7861e+05,59265,1,-444.08,1516.8,2173,-1387.1,613.73,-7.312,-1794.3,576.53,-367.39,3634.2,272150,413,118,329,-0.78472,-1.7557,1.0662
-864.18,1673,2101.8,-0.43589,-2403.4,-1478.8,5.7313e+05,59263,1,-463.04,1487.5,2097.1,-1353.7,616.12,2.0156,-1742.7,547.85,-400.29,3550.6,269561,413,118,329,-0.79548,-1.7509,1.0662
-831.81,1672.8,2095.3,-0.35738,-2404.2,-1449.3,5.7174e+05,57829,1,-410.49,1486.8,2100.4,-1376.1,606.78,-31.213,-1729.9,516.18,-437.73,3550.6,269560,413,118,329,-0.79276,-1.7449,1.078
-798.91,1672.1,2088.4,-0.25987,-2404.6,-1419,5.705e+05,56399,1,-306.79,1488.2,2153.5,-1403.9,596.27,-63.402,-1741.8,503.81,-455.42,3573.8,270319,413,118,329,-0.79001,-1.7388,1.0897
-765.51,1670.9,2081.1,-0.16615,-2404.6,-1388.1,5.6523e+05,54973,1,-276.53,1485.3,2135.8,-1412.1,593.18,-77.154,-1740.7,483.44,-484.22,3562.9,269956,413,118,329,-0.78723,-1.7327,1.1014
-731.82,1669.6,2073.4,-0.32346,-2404.3,-1356.9,5.6559e+05,53551,1,-255.41,1494.5,2138.2,-1418,588.28,-86.796,-1758,469.3,-510.72,3578.6,270459,413,118,329,-0.78442,-1.7265,1.1131
-721.59,1687.5,2094,-0.40675,-2428.3,-1362.5,5.6214e+05,53549,1,-310.95,1518.7,2125.6,-1409,589.28,-93.5,-1733.3,464.91,-516.88,3570.7,270227,413,118,329,-0.79499,-1.7217,1.1131
-688.34,1685.9,2085.7,-0.5102,-2427.5,-1331.7,5.5879e+05,52131,1,-301.18,1530.1,2121.7,-1406.9,579.21,-107.32,-1735.9,450.61,-535.2,3572.5,270288,413,118,329,-0.79212,-1.7155,1.1247
-654.96,1684.1,2077.2,-0.58647,-2426.6,-1300.6,5.542e+05,50715,1,-315.2,1558.4,2125.1,-1401.9,567.55,-119.92,-1737.1,443.85,-538.87,3580.2,270514,413,118,329,-0.78921,-1.7092,1.1362
-609.79,1699.2,2089,-0.7753,-2449.5,-1273.8,5.5288e+05,49299,1,-295.13,1588.9,2147.2,-1382.7,556.09,-138.31,-1731.5,450.06,-537.91,3580.2,270517,413,118,329,-0.7967,-1.6979,1.1478
-575.52,1697,2080.4,-0.87595,-2448.9,-1241.9,5.5428e+05,47889,1,-334.34,1617.5,2133.4,-1371.1,551.1,-132.22,-1739.4,448.86,-533.08,3580.2,270519,413,118,329,-0.7937,-1.6915,1.1593
-541.73,1694.9,2072,-0.91811,-2448.3,-1210.4,5.5555e+05,46483,1,-309.15,1606.7,2101.7,-1371.2,553.29,-130.67,-1738,440.88,-539.89,3578.2,270445,413,118,329,-0.79066,-1.6851,1.1707
-508.6,1692.9,2063.2,-0.92413,-2447.5,-1179.5,5.5286e+05,45081,1,-320.16,1612.6,2073.2,-1369.6,545.26,-139.48,-1730.1,415.77,-563.23,3560.5,269892,413,118,329,-0.7876,-1.6785,1.1821
-475.46,1690.5,2054.1,-0.90229,-2446.3,-1148.5,5.4975e+05,43683,1,-323.8,1628.6,2069,-1370.7,537.13,-148.5,-1710.4,401.65,-561.66,3553.8,269668,413,118,329,-0.7845,-1.6719,1.1935
-442.29,1688.1,2045.2,-0.75239,-2445.3,-1117.5,5.5048e+05,42289,1,-290.83,1636.9,2075.5,-1373.7,534.62,-149.66,-1676.4,391.7,-543.28,3539.2,269213,413,118,329,-0.78137,-1.6653,1.2048
-408.96,1685.7,2036.4,-0.5785,-2444.6,-1086.3,5.5119e+05,40899,1,-236.24,1624.5,2063,-1371.5,532.05,-154.29,-1663.9,377.91,-552.02,3515,268492,413,118,329,-0.77822,-1.6586,1.216
-375.25,1683.2,2027.6,-0.49057,-2443.9,-1054.7,5.5367e+05,39513,1,-197.19,1641.5,2086.2,-1378.4,527.76,-157.87,-1645.5,366.95,-542.77,3525,268776,413,118,329,-0.77504,-1.6518,1.2272
-341.39,1680.6,2018.7,-0.41846,-2443.3,-1022.9,5.5689e+05,38131,1,-165.04,1628.1,2058.5,-1376.5,530.97,-154.84,-1646.4,365.04,-543.71,3500.8,268032,413,118,329,-0.77182,-1.6449,1.2384
-307.81,1678.1,2009.9,-0.34195,-2442.8,-991.48,5.6082e+05,36755,1,-147.52,1626,2044.2,-1384.7,534.94,-149.38,-1648,358.34,-543.16,3494.2,267838,413,118,329,-0.76858,-1.638,1.2495
-274.56,1675.7,2000.9,-0.31795,-2442.2,-960.37,5.5908e+05,35385,1,-133.53,1623.1,2019,-1380.1,533.27,-147.84,-1634.8,340.67,-551.67,3468.8,267015,413,118,329,-0.76531,-1.631,1.2606
-241.35,1673.2,1991.7,-0.32703,-2441.6,-929.25,5.5369e+05,34019,1,-115.91,1622.6,2000.8,-1375.2,529.65,-146.15,-1618.9,325.97,-551.67,3445.8,266320,413,118,329,-0.76201,-1.624,1.2717
-208.41,1670.8,1982.5,-0.28109,-2441,-898.4,5.525e+05,32657,1,-97.745,1604.6,1963.9,-1367.3,529.97,-142.76,-1606.4,313.53,-557.21,3406,264919,413,118,329,-0.75868,-1.6169,1.2826
-175.86,1668.5,1973.4,-0.18997,-2440.5,-867.97,5.5807e+05,31299,1,-61.534,1590.6,1942.2,-1361.7,533.11,-130.69,-1576.7,299.93,-545.9,3366.8,263698,413,118,329,-0.75532,-1.6098,1.2936
-143.69,1666.4,1964.2,-0.099886,-2440,-837.94,5.68e+05,29947,1,-34.893,1560.3,1893.9,-1343.2,535.19,-117.83,-1542.2,275.62,-550.85,3299.2,261033,413,118,329,-0.75194,-1.6025,1.3045
-112.09,1664.6,1955.1,-0.041613,-2439.7,-808.58,5.711e+05,28601,1,-25.845,1530.9,1845.3,-1325.4,547.02,-89.766,-1522,264.4,-544.77,3239.9,258970,413,118,329,-0.74852,-1.5953,1.3153
-82.023,1663.4,1945.6,-0.087908,-2439.1,-780.82,5.7615e+05,27261,1,-38.11,1432.5,1694.4,-1241.2,555.92,-31.957,-1426.3,201.5,-560.12,3027.2,248157,413,1752,339,-0.74508,-1.5879,1.3261
-54.847,1663.4,1935.9,-0.19615,-2438.3,-756.21,5.8115e+05,25927,1,-101.29,1295.7,1474.9,-1107.2,580.16,72.063,-1302.5,135.69,-560.76,2731.6,237522,413,1752,339,-0.74161,-1.5805,1.3368
-31.005,1664.9,1926,-0.4239,-2437.5,-735.3,5.8437e+05,24599,1,-204.49,1217.8,1309.3,-1026.6,572.4,103.95,-1276,59.588,-630.99,2581,229763,413,1752,339,-0.73811,-1.5731,1.3475
-10.731,1667.8,1915,-1.065,-2435.8,-718.16,5.8445e+05,23277,1,-389.04,1080.9,1037.3,-803.53,593.87,250.72,-1092.9,-9.9577,-601.73,2239.1,167508,413,1752,339,-0.73459,-1.5656,1.3581
29.177,1678.6,1901.4,-1.6829,-2441,-689.58,5.7961e+05,736055,1,-729.51,1193.2,955.22,-650.2,514.87,233.67,-1124.2,-33.905,-633.83,2297.3,169571,413,1752,339,-0.73098,-1.5501,1.3777
5.4808,1672.3,1904.1,-1.4289,-2434.1,-705.39,5.8508e+05,21961,1,-700.4,1372.3,1185.7,-747.5,561.91,239.04,-1164.3,93.358,-518.95,2518.9,227170,413,1752,339,-0.73103,-1.558,1.3687
47.653,1684.9,1886.9,-2.9,-2438.2,-675.93,5.8309e+05,734963,1,-784.38,1015.3,715.82,-480.79,480.39,280.73,-1024.7,-172.78,-727.19,2075.6,149192,413,1752,339,-0.7269,-1.5405,1.3906
59.541,1690.7,1870.6,-2.7215,-2432.1,-667.91,5.7618e+05,733841,1,-1037.6,1011.9,569.86,-443.99,442.65,254.51,-1028.3,-216.11,-766.62,2138.9,164804,413,1752,339,-0.72267,-1.5308,1.4034
79.232,1698.6,1866.3,-3.0492,-2436.7,-660.94,5.746e+05,732695,1,-1104.9,1105.4,623.67,-464.58,403.14,195.92,-1088.7,-235.84,-815.59,2270.3,168671,413,1752,339,-0.72696,-1.5211,1.4117
94.928,1701.8,1847.5,-4.0489,-2428.5,-648.32,5.7204e+05,731531,1,-1184.5,1179.2,649.41,-408.22,231.78,39.126,-1115,-395.48,-983.43,2409.1,190204,413,1752,339,-0.72249,-1.5113,1.4244
101.92,1705.3,1861.8,-3.716,-2441.5,-650.97,5.7201e+05,731529,1,-1174,1211.5,686.29,-507.26,325.77,86.121,-1205.2,-276.63,-914.5,2460.4,223179,413,1752,339,-0.73121,-1.5113,1.42
116.81,1705.8,1840.2,-4.4573,-2429.5,-637.95,5.6859e+05,730349,1,-1249.6,1152.5,572.67,-596.62,259.01,-31.726,-1328,-344.16,-1035,2568.1,229316,413,1752,339,-0.72667,-1.5015,1.4327
136.49,1710.8,1833.7,-4.2742,-2431.2,-630.13,5.6635e+05,729153,1,-1349.2,1119.7,473.79,-727.47,269.2,-90.4,-1433.6,-362.81,-1103,2704,236540,413,1752,339,-0.73082,-1.4916,1.4409
147.15,1708.4,1809.6,-3.6536,-2414.7,-619.62,5.6453e+05,727945,1,-1187.4,1168.2,595.79,-663.54,152.54,-175.65,-1238.7,-499.15,-1127.5,2584.3,229873,413,1752,339,-0.72604,-1.4817,1.4535
157.92,1715.7,1826.8,-5.0388,-2433.2,-620.92,5.6156e+05,727943,1,-1734,1357.9,507.34,-669.61,145.89,-189.72,-1475.6,-445.48,-1203.9,3072.3,249239,413,1752,339,-0.73495,-1.4817,1.449
171.3,1709.8,1799,-5.4139,-2412.7,-606.39,5.6005e+05,726723,1,-1645.9,1496,682.63,-575.57,-51.496,-339.03,-1316.3,-621.7,-1285.2,3103.7,250191,413,1752,339,-0.73009,-1.4717,1.4616
187.8,1699.3,1767.6,-6.4637,-2388.1,-586.93,5.6114e+05,725491,1,-1580.6,1483.3,691.93,-463.47,-251.92,-477.68,-1211.4,-772.46,-1362.6,3099.1,250058,413,1752,339,-0.72508,-1.4616,1.4741
201.4,1706.1,1785.8,-7.6933,-2407.8,-585.74,5.5599e+05,725489,1,-1947.6,1605.5,622.31,-579.05,-196.91,-484.72,-1541,-631.76,-1397.8,3477.8,267287,413,1752,339,-0.73412,-1.4616,1.4696
216.11,1694.1,1754.8,-7.1394,-2382,-567.23,5.5802e+05,724247,1,-1728.1,1567.1,684.01,-589.69,-287.27,-571.59,-1485.2,-684.89,-1401.9,3362.6,263575,413,1752,339,-0.72903,-1.4515,1.4821
244.14,1688.7,1742.8,-7.3262,-2376.6,-547.83,5.5829e+05,722995,1,-1768.4,1568,646.15,-762.51,-349.77,-713.41,-1718.4,-729.85,-1551.4,3620.6,271712,413,1752,339,-0.73295,-1.4414,1.4901
260.77,1669.9,1706,-7.4719,-2343.5,-524.38,5.5497e+05,721735,1,-1461.5,1586.6,802.76,-633.34,-591.58,-870.52,-1508,-905.27,-1593,3526.7,268825,413,1752,339,-0.72763,-1.4311,1.5025
272.12,1681.6,1728.7,-7.9453,-2368.9,-527.81,5.5742e+05,721733,1,-1801.6,1611.3,652.25,-912.9,-474.19,-901.97,-1838.6,-822.97,-1691.1,3880.3,279802,413,1752,339,-0.73684,-1.4311,1.498
289.55,1658.5,1689.6,-7.4101,-2331.8,-501.63,5.561e+05,720463,1,-1402.8,1690.4,909.87,-761.96,-575.77,-911.74,-1574.3,-769.02,-1487.4,3560.7,269900,413,1752,339,-0.73144,-1.4209,1.5104
319.57,1649.4,1678.4,-6.0942,-2326,-479,5.6054e+05,719183,1,-1160,1760.6,1070.9,-1009.5,-359.86,-823.16,-1714.6,-444.48,-1242.9,3478.6,267317,413,1752,339,-0.73523,-1.4106,1.5182
350.36,1646.1,1673.6,-4.5375,-2328.7,-458.49,5.5719e+05,717895,1,-1267,1968.9,1188.7,-1313.5,-327.42,-936.36,-1954.9,-451.78,-1361.5,3934.9,281213,413,1752,339,-0.73899,-1.4002,1.526
387.72,1638.8,1663.5,-6.4597,-2327.7,-430.49,5.4755e+05,716599,1,-1411.9,2367.3,1458.7,-1388.2,-785.49,-1381.9,-2038.5,-887.52,-1790,4725.1,291435,413,1752,339,-0.74272,-1.3897,1.5337
432.75,1618.8,1642.7,-10.863,-2313.9,-389.87,5.411e+05,715297,1,-1871.6,2698.5,1506.8,-1435.6,-1341.7,-1894.9,-2327.1,-1217.7,-2217,5685.1,300502,413,1752,339,-0.74642,-1.3793,1.5413
-1090.1,1531,2003.5,43.646,-2231.1,-1602.1,5.8825e+05,66477,1,202.03,11.425,148.38,-4219.4,4547.8,4927.5,-4114.6,4973,5787.1,11747,329471,413,157,336,-0.76471,-1.7992,1.0067
-1032.4,1613.5,2053.7,1.9562,-2316.4,-1587.9,5.8567e+05,65029,1,-582.77,1701,2552.6,-2080.7,1638.9,1314.3,-1969.4,1054.3,364.78,4859.5,292831,413,157,336,-0.77327,-1.7887,1.0187
-1019.7,1632.6,2075.3,0.53061,-2341.5,-1590.5,5.8255e+05,65027,1,-535.77,1570.8,2342.4,-1505.5,885.89,398.22,-1730.6,693.98,-112.5,3865.3,279411,413,162,337,-0.78423,-1.7839,1.0187
-987.32,1634.9,2071.9,0.00023514,-2345.5,-1561.8,5.8437e+05,63583,1,-484.34,1445.3,2123.1,-1354.8,660.9,111.52,-1726.8,614.61,-250.58,3622.1,271757,413,162,337,-0.7817,-1.7782,1.0306
-941.83,1654.1,2090.1,-0.34517,-2374.1,-1534.8,5.8114e+05,62139,1,-540.28,1501.3,2139.1,-1360.4,650.15,72.78,-1798.4,636.41,-282.52,3622.1,271756,413,118,329,-0.79,-1.7676,1.0425
-909.07,1655.1,2085.6,-0.44786,-2376.9,-1505.3,5.8004e+05,60701,1,-523.19,1508.5,2127.8,-1362.3,632.6,37.019,-1796.5,605.81,-332.54,3611,271435,413,118,329,-0.78737,-1.7617,1.0544
-895.95,1672.7,2107.7,-0.51198,-2402.1,-1507.6,5.7532e+05,60699,1,-506.18,1486.7,2094.4,-1336.3,628.18,35.245,-1755.7,583.29,-356.81,3550.6,269565,413,118,329,-0.79817,-1.7568,1.0544
-883.59,1690.1,2129.2,-0.49986,-2426.6,-1510.7,5.6964e+05,60697,1,-449.4,1474.2,2107,-1344.2,632.01,21.601,-1743.9,573.67,-381.22,3550.6,269562,413,118,329,-0.80893,-1.7519,1.0544
-851.35,1690.3,2122.9,-0.66178,-2427.7,-1481.5,5.6927e+05,59261,1,-458.51,1487.2,2091,-1336.4,619.18,1.8326,-1736.4,545.95,-421.54,3550.6,269559,413,162,337,-0.80621,-1.746,1.0662
-819.41,1690.2,2116.2,-0.66274,-2428.4,-1452.5,5.6705e+05,57827,1,-479.27,1506,2078.8,-1336,605.58,-18.2,-1730.1,525.16,-442.88,3550.6,269558,413,118,329,-0.80345,-1.74,1.078
-787.36,1689.7,2109,-0.58226,-2428.5,-1423.2,5.6547e+05,56397,1,-439.56,1517.8,2094.7,-1362.4,597.6,-48.801,-1726,504.63,-464.39,3550.6,269557,413,118,329,-0.80066,-1.734,1.0897
-754.81,1688.8,2101.7,-0.42955,-2428.6,-1393.3,5.6479e+05,54971,1,-398.48,1518.2,2090.9,-1383,597.71,-66.635,-1731.2,491.37,-486.29,3550.6,269566,413,118,329,-0.79784,-1.7279,1.1014
-710.39,1705.1,2114.6,-0.6082,-2452.3,-1367.4,5.5399e+05,53547,1,-417.04,1544.3,2084.7,-1369.9,587.21,-85.689,-1742.1,479.58,-522.27,3559.6,269856,413,118,329,-0.80554,-1.7168,1.1131
-677.4,1703.4,2106.1,-0.65682,-2451.3,-1336.8,5.5215e+05,52129,1,-357.72,1553.3,2106.9,-1382.9,573.36,-114.71,-1732.5,453.36,-546.9,3569.3,270180,413,118,329,-0.80263,-1.7106,1.1247
-643.9,1701.4,2097.5,-0.68849,-2450.4,-1305.6,5.5279e+05,50713,1,-315.11,1578,2145,-1385.4,561.31,-133.05,-1724,446.51,-543.55,3580.2,270515,413,118,329,-0.79968,-1.7043,1.1362
-632.88,1718.6,2117.6,-0.72909,-2473.9,-1310.8,5.4853e+05,50711,1,-320.94,1566.9,2116,-1375.3,563.27,-135.57,-1719.4,450.93,-548.61,3567,270049,413,118,329,-0.81012,-1.6994,1.1362
-599.33,1716.3,2109.2,-0.55114,-2473.1,-1279.6,5.5307e+05,49297,1,-272.02,1563.1,2116.2,-1381.1,564.24,-140.55,-1712.1,453.91,-536.88,3559.1,269839,413,118,329,-0.80711,-1.693,1.1478
-565.6,1714.1,2100.7,-0.42963,-2472.5,-1248.2,5.5003e+05,47887,1,-220.53,1563.9,2122.5,-1389.5,567.94,-137.54,-1718.1,450.87,-535.55,3565.6,270018,413,118,329,-0.80406,-1.6866,1.1593
-531.88,1711.9,2092.2,-0.42188,-2471.9,-1216.8,5.4872e+05,46481,1,-193.1,1563.5,2108.1,-1393.1,566.98,-140.74,-1719.5,433.64,-554.8,3558.1,269816,413,118,329,-0.80099,-1.6802,1.1707
-498.3,1709.7,2083.2,-0.58975,-2470.9,-1185.5,5.4943e+05,45079,1,-212.21,1573.3,2088.2,-1383.6,557.43,-143.42,-1727.9,420.55,-569.79,3551.6,269593,413,118,329,-0.79788,-1.6737,1.1821
-464.94,1707.2,2073.8,-0.69491,-2469.6,-1154.3,5.4713e+05,43681,1,-209.4,1579.7,2068.9,-1386.7,550.64,-155.45,-1723,405.84,-582.15,3541.5,269272,413,118,329,-0.79474,-1.6671,1.1935
-431.81,1704.7,2064.4,-0.70246,-2468.3,-1123.3,5.47e+05,42287,1,-221.32,1595.5,2052.4,-1378,542.52,-156.6,-1700.9,392.9,-574.37,3521.7,268681,413,118,329,-0.79158,-1.6605,1.2048
-398.81,1702.2,2055.2,-0.62854,-2467.1,-1092.5,5.4957e+05,40897,1,-192.03,1598.9,2046.5,-1376.3,538.75,-160.78,-1671.9,377.25,-571.68,3500.9,268037,413,118,329,-0.78838,-1.6537,1.216
-365.47,1699.5,2046,-0.54157,-2466.1,-1061.2,5.522e+05,39511,1,-169.15,1614.3,2057,-1373.8,534.94,-159.95,-1654.3,374.56,-554.19,3499.9,268007,413,118,329,-0.78516,-1.647,1.2272
-332.05,1696.9,2037.1,-0.39912,-2465.5,-1030,5.5658e+05,38129,1,-138.43,1609.2,2043.9,-1378.2,540.27,-154.68,-1649.3,371.79,-548.94,3487.3,267636,413,118,329,-0.7819,-1.6402,1.2384
-298.72,1694.5,2028.1,-0.34776,-2464.9,-998.82,5.589e+05,36753,1,-126.8,1614,2030.8,-1376,537.32,-155.11,-1640.7,353.73,-559.95,3475.9,267223,413,118,329,-0.77862,-1.6333,1.2495
-265.48,1691.9,2018.7,-0.40677,-2464.1,-967.7,5.5977e+05,35383,1,-122.17,1616.9,2011,-1369.3,531.11,-156.97,-1628.7,335.4,-569.01,3456,266663,413,118,329,-0.7753,-1.6263,1.2606
-232.49,1689.3,2009.3,-0.38055,-2463.2,-936.81,5.5647e+05,34017,1,-106.31,1607.8,1982.9,-1367.8,532.02,-152.88,-1622.4,327.97,-567.25,3430.3,265827,413,118,329,-0.77196,-1.6193,1.2717
-199.95,1686.8,1999.9,-0.30372,-2462.4,-906.37,5.5615e+05,32655,1,-90.873,1593.1,1948.1,-1366.7,534.42,-147.26,-1613.8,314.64,-571.52,3398,264648,413,118,329,-0.76859,-1.6122,1.2826
-167.78,1684.4,1990.3,-0.27263,-2461.5,-876.29,5.5877e+05,31297,1,-79.516,1585.7,1924.8,-1358.9,531.4,-144.8,-1593.4,294.47,-578.37,3366.9,263702,413,118,329,-0.76519,-1.6051,1.2936
-135.97,1682.1,1980.7,-0.22699,-2460.5,-846.57,5.6554e+05,29945,1,-62.381,1568.2,1888.6,-1342.3,529.47,-135.59,-1558,271.92,-577.96,3311.5,261414,413,118,329,-0.76176,-1.5979,1.3045
-104.76,1680,1971,-0.17076,-2459.6,-817.5,5.7142e+05,28599,1,-45.217,1518.2,1810.1,-1311.8,532.1,-112.84,-1515.1,231.93,-592.88,3209.5,257980,413,1752,339,-0.7583,-1.5906,1.3153
-75.071,1678.2,1960.6,-0.26492,-2458,-789.93,5.761e+05,27259,1,-54.625,1436.1,1684,-1273.6,543.66,-76.034,-1475.1,183.4,-620.71,3069.2,249175,413,1752,339,-0.75481,-1.5833,1.3261
-47.793,1677.4,1950,-0.37361,-2456.3,-764.97,5.7825e+05,25925,1,-121.22,1345.8,1518.9,-1192.7,561.43,-8.7465,-1420.2,139.38,-633.84,2882.5,242773,413,1752,339,-0.75129,-1.576,1.3368
-23.495,1677.8,1939,-0.61827,-2454.2,-743.23,5.7832e+05,24597,1,-213.91,1255,1342.5,-1092.1,564.52,50.826,-1351.3,67.149,-671.65,2686.8,235882,413,1752,339,-0.74775,-1.5685,1.3475
-1.954,1679.1,1927,-1.1454,-2451.2,-724.34,5.7726e+05,23275,1,-431.83,1350.5,1314.7,-949.54,575.14,140.4,-1332.3,119.77,-592.51,2670.5,235230,413,1752,339,-0.74418,-1.561,1.3581
48.017,1688,1899.1,-1.5452,-2447.5,-683.9,5.7973e+05,734961,1,-660.81,1014.5,776.09,-668.51,503.84,204.62,-1163.3,-117.12,-747.82,2176.4,165731,413,1752,339,-0.73542,-1.5405,1.3861
51.889,1694.4,1913.4,-2.4461,-2461.4,-690.12,5.8278e+05,734959,1,-775.3,1006.8,705.28,-836.95,522.72,132.13,-1327.9,-107.36,-835,2361.2,183271,413,1752,339,-0.74391,-1.5405,1.3815
33.851,1684.6,1915.9,-2.4491,-2455,-694.75,5.8666e+05,736053,1,-855.76,1378.8,1101,-800.93,548.04,188.14,-1370.8,100.5,-624.02,2664.9,235018,413,1752,339,-0.73942,-1.5501,1.3732
66.915,1694.2,1884,-3.1409,-2444.5,-669.9,5.8405e+05,733839,1,-906.4,1049.6,674.72,-540.6,464.95,226.05,-1148.4,-178.06,-793.68,2217.7,166890,413,1752,339,-0.73127,-1.5308,1.3989
67.526,1697.7,1897,-1.6338,-2454.7,-677.92,5.8259e+05,733837,1,-613.69,1047.1,823.38,-669.02,490.56,183.18,-1178.9,-133.26,-771.94,2208.2,166629,413,1752,339,-0.73984,-1.5308,1.3944
87.102,1702.8,1880.7,-3.4979,-2450.4,-662.91,5.8295e+05,732693,1,-838.57,1130.3,783.1,-556.88,416.06,158.37,-1194.7,-192.85,-833.18,2293.7,169480,413,1752,339,-0.7356,-1.5211,1.4072
108.69,1709.7,1876.7,-3.6309,-2455.4,-654.15,5.7821e+05,731527,1,-917.18,1225.2,828.14,-584.6,368.29,87.505,-1276.1,-193.49,-872.24,2437.2,220938,413,1752,339,-0.73991,-1.5113,1.4155
125.4,1711.5,1857.1,-4.4086,-2446.2,-640.21,5.6925e+05,730347,1,-1235.5,1269.3,697.59,-634.86,352.2,42.779,-1424.4,-220.44,-967.18,2677,235532,413,1752,339,-0.73545,-1.5015,1.4282
148.27,1717.9,1852.5,-5.1283,-2451,-630.32,5.6557e+05,729151,1,-1497.2,1251.6,530.22,-695.77,289.9,-56.153,-1530.2,-312.91,-1110.6,2886.8,243452,413,1752,339,-0.73965,-1.4916,1.4364
173.77,1722.5,1846.5,-6.4718,-2454.6,-617.5,5.6035e+05,727941,1,-1594.3,1495.4,712.24,-598.87,131.4,-173.45,-1586.6,-368.64,-1197,3126.9,250772,413,1752,339,-0.74383,-1.4817,1.4445
186.71,1716.3,1817.4,-7.1798,-2433,-603.39,5.5373e+05,726721,1,-2073.6,1672.7,634.12,-561.15,-74.746,-359.95,-1608.4,-513.33,-1335.6,3547.4,269434,413,1752,339,-0.73905,-1.4717,1.4571
203.52,1722.5,1838.3,-7.7388,-2455.4,-598.99,5.5411e+05,726719,1,-1603.5,1576.9,774.2,-599.81,-13.228,-322.27,-1671.4,-427.66,-1294.4,3282.2,260307,413,1752,339,-0.74797,-1.4717,1.4525
219.09,1713.1,1807.2,-8.6055,-2431.3,-581.08,5.5272e+05,725487,1,-2075.4,1695.9,643.22,-587.55,-140.82,-438.67,-1718.3,-511.64,-1382.4,3637.5,272248,413,1752,339,-0.74312,-1.4616,1.4651
231.35,1702.5,1776.2,-7.9165,-2405.6,-565.47,5.5567e+05,724245,1,-2056,1622.7,567.02,-714.27,-172.52,-526.56,-1825.9,-519.42,-1423,3691.6,273868,413,1752,339,-0.73811,-1.4515,1.4776
248.25,1711.8,1800.8,-7.9549,-2432.7,-562.72,5.5738e+05,724243,1,-1806.9,1519,581.68,-867.02,-32.85,-472.49,-2049.1,-380.65,-1414.5,3637.5,272249,413,1752,339,-0.74716,-1.4515,1.4731
259.7,1699.9,1767.2,-7.9746,-2404.2,-547.2,5.5732e+05,722993,1,-1945.2,1557.2,539.21,-929.84,-207.51,-665.6,-2017.3,-589.92,-1580,3842.4,278884,413,1752,339,-0.74208,-1.4414,1.4856
287.93,1695.1,1755.4,-8.7199,-2399.7,-528.22,5.5773e+05,721731,1,-1954.2,1667.7,618.79,-1121.2,-343.81,-889.94,-2207.9,-701.18,-1776.2,4203.7,286001,413,1752,339,-0.74601,-1.4311,1.4935
301.54,1671.7,1713,-8.6614,-2358.9,-505.38,5.5882e+05,720461,1,-1834.5,1639.6,644.12,-1084.7,-483.31,-990.44,-1997.2,-740.3,-1682.6,4028.4,283251,413,1752,339,-0.7407,-1.4209,1.5059
317.6,1687.5,1741.8,-9.5223,-2392.8,-506.79,5.5909e+05,720459,1,-2084.1,1692.5,559.91,-1263.6,-374.94,-985.64,-2363.9,-633.28,-1779.6,4403,288246,413,1752,339,-0.74992,-1.4209,1.5013
330.09,1664.5,1702.5,-7.5399,-2354.3,-485.06,5.6256e+05,719181,1,-1820.6,1680.3,669.18,-1309.3,-256.28,-884.11,-2184,-412.02,-1460.2,4027.3,283234,413,1752,339,-0.74453,-1.4106,1.5137
359.66,1662.9,1698.5,-6.0724,-2358.3,-466.62,5.5845e+05,717893,1,-1859.9,1956.1,882.53,-1456.6,-182.58,-884.3,-2276.6,-302.14,-1398.4,4269.8,286851,413,1752,339,-0.74834,-1.4002,1.5214
398.5,1658.1,1691.9,-7.7125,-2361.8,-438.72,5.4885e+05,716597,1,-2028.7,2435.5,1213.6,-1500.8,-627.45,-1306.8,-2425.7,-658.42,-1790.8,5039.7,294526,413,1752,339,-0.75212,-1.3897,1.5291
446.49,1641.1,1676.1,-11.544,-2354.6,-397.15,5.4303e+05,715295,1,-2188.2,2875.2,1503.7,-1554.4,-1174.5,-1817.9,-2672.6,-929.27,-2149.1,5919.6,302991,413,1752,339,-0.75586,-1.3793,1.5367
498.11,1617.4,1659.7,-13.237,-2344.5,-349.3,5.4008e+05,713987,1,-2012.8,2997.5,1667,-1896.1,-1287.5,-2074.8,-3121.6,-746.19,-2198.6,6364.6,307549,413,1752,339,-0.75959,-1.3687,1.5443
-1106.5,1528.9,1993.2,41.588,-2213.8,-1622.3,5.8418e+05,67925,1,2074.9,-1130.7,-459.89,-5611.3,4998.6,4665.2,-7217.7,6607,6349.6,14836,333682,413,162,337,-0.77817,-1.8001,0.99467
-1075.3,1595.8,2051.4,16.265,-2299,-1620.2,5.8593e+05,66475,1,86.507,919.94,1695.4,-3605.7,3155.5,2867.5,-3699.6,3148.2,2788.8,8141.5,317875,413,157,336,-0.77573,-1.7944,1.0067
-1056.2,1627.3,2076.7,4.1874,-2333.7,-1621.8,5.8238e+05,66473,1,-788.91,1763.6,2517.9,-1876.4,1303.7,852.41,-1888.1,980.34,265.82,4540.5,289613,413,162,337,-0.78673,-1.7896,1.0067
-1007.5,1651,2097.3,0.14175,-2366.5,-1593.5,5.7947e+05,65025,1,-532.9,1492.3,2189.4,-1391.7,718.65,170.44,-1782.5,685.36,-192.55,3670.3,273160,413,162,337,-0.79516,-1.7791,1.0187
-974.75,1652.8,2094,-0.13236,-2370.6,-1564.3,5.8074e+05,63581,1,-517.1,1481.3,2151.1,-1360.9,667.67,102.23,-1782.1,659.74,-235.44,3622.1,271767,413,162,337,-0.7926,-1.7734,1.0306
-961.66,1671,2117.1,-0.23126,-2396.8,-1566.7,5.7604e+05,63579,1,-521.31,1491.1,2154.3,-1374.5,672.32,85.168,-1821.2,676.41,-255.25,3650.2,272601,413,162,337,-0.80346,-1.7685,1.0306
-928.58,1671.9,2112.8,-0.40373,-2399.8,-1537,5.7612e+05,62137,1,-499.05,1493.8,2139.4,-1354.1,644.26,47.878,-1783.8,621.99,-319.67,3602.7,271197,413,118,329,-0.80083,-1.7627,1.0425
-916.35,1689.8,2135,-0.35505,-2425,-1540.3,5.6989e+05,62135,1,-425.14,1462.3,2130.4,-1366.2,644.08,20.613,-1769,599.13,-368.45,3572.7,270294,413,162,337,-0.81163,-1.7577,1.0425
-872.08,1707.8,2150.9,-0.37231,-2451.2,-1514.9,5.629e+05,60695,1,-413.09,1474.1,2123,-1359.8,635.64,-1.1329,-1754.1,574.03,-409.1,3560.6,269895,413,162,337,-0.81967,-1.7469,1.0544
-839.23,1707.6,2144.3,-0.56125,-2452,-1485.1,5.6225e+05,59259,1,-438.59,1502.8,2115.1,-1341.7,618.01,-20.03,-1747.5,551.38,-439.54,3557.8,269804,413,162,337,-0.8169,-1.741,1.0662
-806.62,1707.3,2137.4,-0.73378,-2452.7,-1455.5,5.6185e+05,57825,1,-471.12,1519.7,2088.7,-1330.2,606.86,-26.186,-1744.5,531.85,-458.79,3550.6,269564,413,162,337,-0.81411,-1.735,1.078
-774.38,1706.9,2130.1,-0.82761,-2452.9,-1426.1,5.6142e+05,56395,1,-466.84,1524.8,2072,-1338.6,602.67,-40.265,-1747.6,520.45,-475.32,3550.6,269556,413,1752,339,-0.81129,-1.729,1.0897
-742.58,1706.2,2122.6,-0.73337,-2452.8,-1397,5.5875e+05,54969,1,-459.61,1527.7,2054.1,-1346.9,598.42,-53.972,-1747.8,504.55,-496.2,3550.6,269555,413,118,329,-0.80843,-1.7229,1.1014
-729.9,1723.3,2143.6,-0.82288,-2477.2,-1400.4,5.5392e+05,54967,1,-466.77,1540.9,2054.7,-1333.9,597.22,-58.611,-1752.3,504.4,-513.55,3550.6,269554,413,118,329,-0.81899,-1.7179,1.1014
-697.92,1722.3,2135.3,-0.87564,-2476.5,-1371.1,5.5123e+05,53545,1,-449.88,1556.5,2063.8,-1344.7,584.04,-87.495,-1750.3,479.51,-545.81,3554.3,269675,413,118,329,-0.81606,-1.7118,1.1131
-665.59,1720.6,2126.5,-0.85412,-2475.2,-1341.2,5.4959e+05,52127,1,-404.72,1548.8,2054.4,-1357.9,573.42,-114.51,-1740.1,455.19,-570.77,3550.6,269549,413,118,329,-0.81311,-1.7056,1.1247
-621.67,1735.7,2137.7,-0.81216,-2497.4,-1316,5.4781e+05,50709,1,-339.75,1548.8,2065.6,-1368.6,572.44,-132.17,-1720.5,452.55,-564.76,3550.6,269544,413,118,329,-0.82054,-1.6944,1.1362
-588.93,1733.5,2129,-0.54795,-2496.4,-1285.6,5.5087e+05,49295,1,-274.1,1551.4,2083.5,-1382.7,578.05,-135.57,-1702.6,453.12,-547.04,3550.6,269530,413,1752,339,-0.81748,-1.688,1.1478
-555.68,1731.4,2120.5,-0.39904,-2495.7,-1254.8,5.564e+05,47885,1,-235.57,1561.1,2099,-1391.9,579.8,-136.71,-1695.7,448.29,-540.94,3550.6,269529,413,118,329,-0.8144,-1.6817,1.1593
-522.27,1729.2,2111.8,-0.34516,-2495,-1223.7,5.564e+05,46479,1,-221.79,1572.5,2101.2,-1394.6,575.5,-143.18,-1696.2,434.76,-554.44,3550.6,269528,413,1752,339,-0.81128,-1.6752,1.1707
-488.83,1726.8,2102.7,-0.40995,-2493.9,-1192.6,5.5371e+05,45077,1,-202,1573,2082.3,-1395.5,566.62,-154.12,-1699.3,412.37,-579.51,3540.8,269251,413,1752,339,-0.80813,-1.6687,1.1821
-455.56,1724.2,2093.3,-0.42927,-2492.7,-1161.5,5.4864e+05,43679,1,-186.45,1575.2,2068,-1397.3,560.87,-161.27,-1703.3,403.13,-587.27,3534.7,269086,413,118,329,-0.80496,-1.6622,1.1935
-422.39,1721.6,2083.8,-0.46813,-2491.3,-1130.5,5.4782e+05,42285,1,-184.63,1581.3,2051.5,-1395.8,554.76,-167.7,-1700.7,388.22,-599.89,3525.7,268798,413,1752,339,-0.80175,-1.6556,1.2048
-389.34,1718.8,2074,-0.53193,-2489.7,-1099.6,5.4785e+05,40895,1,-176.43,1588.1,2041,-1388.6,548.21,-167.34,-1686,380.75,-590.09,3508.8,268297,413,1752,339,-0.79851,-1.6489,1.216
-356.28,1716.1,2064.6,-0.42605,-2488.5,-1068.6,5.4982e+05,39509,1,-160.11,1595.6,2035.8,-1385.2,547.42,-165.5,-1667,379.09,-574.3,3494.9,267854,413,1752,339,-0.79525,-1.6421,1.2272
-323.16,1713.5,2055.5,-0.30467,-2487.7,-1037.7,5.542e+05,38127,1,-129.62,1601.5,2031.9,-1382.2,547.61,-160.77,-1646.2,368.91,-565.56,3480.3,267368,413,1752,339,-0.79195,-1.6353,1.2384
-289.91,1710.9,2046.2,-0.30941,-2486.9,-1006.6,5.5935e+05,36751,1,-109.79,1606.5,2021,-1378.7,541.48,-165.52,-1634.9,348.79,-577.87,3468,266997,413,1752,339,-0.78862,-1.6285,1.2495
-256.74,1708.1,2036.6,-0.35411,-2485.8,-975.55,5.6013e+05,35381,1,-99.468,1605.6,2004.5,-1375,537.89,-162.53,-1633.5,341.09,-576.45,3453.9,266579,413,118,329,-0.78527,-1.6215,1.2606
-223.98,1705.5,2027.1,-0.29019,-2484.9,-944.92,5.6011e+05,34015,1,-91.789,1595.5,1971.2,-1375.8,543.32,-157.62,-1632.3,335.71,-579.5,3430.1,265814,413,118,329,-0.78188,-1.6145,1.2717
-191.58,1702.9,2017.4,-0.29224,-2483.9,-914.65,5.6169e+05,32653,1,-87.554,1591.9,1944.2,-1368.7,537.27,-156.64,-1616.7,310.24,-591.95,3401.3,264781,413,118,329,-0.77846,-1.6075,1.2826
-159.55,1700.2,2007.2,-0.36909,-2482.4,-884.65,5.6078e+05,31295,1,-83.895,1582.4,1907.5,-1351.4,524.92,-160.3,-1584.6,273.58,-611.05,3352.1,263225,413,118,329,-0.77502,-1.6004,1.2936
-127.98,1697.6,1997,-0.3585,-2480.9,-855.08,5.6232e+05,29943,1,-72.032,1556.8,1856.8,-1328.5,523.72,-146.93,-1549.9,255.02,-605.72,3282,260303,413,1752,339,-0.77155,-1.5932,1.3045
-97.103,1695.3,1987,-0.26825,-2479.7,-826.3,5.7047e+05,28597,1,-62.529,1515.9,1791.6,-1316.7,529.2,-130.82,-1539.7,227,-625.21,3218.1,258268,413,1752,339,-0.76804,-1.586,1.3153
-67.658,1693.2,1976,-0.42279,-2477.4,-798.87,5.7471e+05,27257,1,-78.727,1453.6,1687.3,-1288.5,539.72,-99.841,-1516.8,189.94,-648.19,3112,250425,413,1752,339,-0.76451,-1.5787,1.3261
-40.344,1691.9,1964.9,-0.48562,-2475.1,-773.72,5.7642e+05,25923,1,-128.01,1374.5,1542.2,-1244,546.09,-68.162,-1501.4,139.33,-692.65,2981.2,246986,413,1752,339,-0.76095,-1.5713,1.3368
-15.372,1691.1,1952.6,-0.90768,-2471.6,-750.93,5.7485e+05,24595,1,-218.58,1279.6,1363.8,-1145.2,558.1,5.4377,-1439.7,84.092,-709.94,2784.2,239575,413,1752,339,-0.75736,-1.5639,1.3475
33.803,1690.4,1930.3,-1.6207,-2467.6,-704.05,5.6925e+05,736051,1,-572.3,1377.3,1248.5,-930.22,567.95,133.98,-1434,124.44,-641.9,2733.7,237583,413,1752,339,-0.74783,-1.5501,1.3686
6.602,1691.3,1940,-1.1692,-2467.7,-731.23,5.7556e+05,23273,1,-519.07,1670.2,1624.7,-1097.5,580.3,54.445,-1563.5,326.71,-496.47,3168.7,256625,413,1752,339,-0.75374,-1.5564,1.3581
54.941,1701.1,1929.3,-2.3896,-2476.4,-697.15,5.7475e+05,734957,1,-713.33,1112.9,855.61,-951.42,566.04,113.05,-1486.3,-55.568,-874.59,2587.5,229966,413,1752,339,-0.75237,-1.5405,1.377
69.777,1703.9,1911.1,-2.0691,-2467.9,-685.68,5.8015e+05,733835,1,-836.82,993.93,643.17,-867.75,493.11,75.687,-1361.9,-124.76,-871.28,2394.4,187646,413,1752,339,-0.74838,-1.5308,1.3898
75.892,1711.8,1928.2,-3.1063,-2485.3,-690.65,5.7701e+05,733833,1,-949.18,1117.9,717.07,-986.03,535.71,53.217,-1592.6,-66.456,-943.89,2712.7,236857,413,1752,339,-0.75689,-1.5308,1.3852
88.33,1706.7,1894.5,-2.0106,-2461.7,-670.72,5.8319e+05,732691,1,-595.71,1111.5,889.32,-662.57,447.72,133.78,-1199.6,-160.62,-810.54,2271.6,168738,413,1752,339,-0.74422,-1.5211,1.4027
89.234,1713,1908.7,-1.9294,-2474.5,-679.84,5.7695e+05,732689,1,-906.71,1112.7,721.03,-888.83,466.23,28.439,-1391.7,-139.37,-901.51,2521.3,227269,413,1752,339,-0.75282,-1.5211,1.3981
109.06,1714.4,1891,-2.1196,-2467.2,-663.2,5.814e+05,731525,1,-587.18,1176.5,948.23,-687.28,403.02,66.686,-1224.2,-162.83,-824.2,2339.2,171192,413,1752,339,-0.74858,-1.5113,1.4109
132.22,1716.8,1874,-3.7615,-2462.1,-643.93,5.7721e+05,730345,1,-786.62,1282.5,943.92,-615.45,381.42,80.839,-1319.2,-151.24,-849.88,2484.1,225197,413,1752,339,-0.7442,-1.5015,1.4237
156.69,1723.7,1871,-4.323,-2468.9,-633,5.7203e+05,729149,1,-935.7,1368.7,937.96,-615.83,308.69,0.13329,-1416.8,-223.62,-972.78,2665.9,235081,413,1752,339,-0.74845,-1.4916,1.4318
183.02,1727.8,1865.8,-5.1816,-2473.1,-619.37,5.641e+05,727939,1,-886.93,1444.6,1022.5,-622.84,153.46,-168.18,-1482.5,-316.94,-1101.5,2805.4,240376,413,1752,339,-0.75268,-1.4817,1.4399
210.09,1728.9,1859.1,-5.3171,-2474.8,-603.9,5.5821e+05,726717,1,-926.49,1465.1,1009.1,-645.29,46.186,-290.27,-1581.5,-371.33,-1203.1,2934.7,245589,413,1752,339,-0.75687,-1.4717,1.4479
232.99,1721,1831,-7.4897,-2455.9,-580.23,5.5604e+05,725485,1,-1329.4,1531.9,850.61,-776.77,-1.4209,-401.84,-1884.3,-341.1,-1310.6,3314.7,261543,413,1752,339,-0.75209,-1.4616,1.4605
234.72,1729.9,1853,-4.2934,-2476.3,-590.73,5.5921e+05,725483,1,-542.05,1330.3,1056.8,-868.06,112.15,-341.78,-1681.7,-297.07,-1177.9,2892.6,243621,413,1752,339,-0.76104,-1.4616,1.4559
258.87,1722.7,1826.9,-6.1445,-2460,-566.34,5.6211e+05,724241,1,-898.17,1373.2,897.45,-1005.3,102.71,-416.26,-2004.5,-285.83,-1313.7,3243.1,259062,413,1752,339,-0.75619,-1.4515,1.4685
274.41,1712,1794.3,-7.4098,-2434.3,-547.86,5.6124e+05,722991,1,-1527.4,1503.7,687.04,-1071,-74.235,-615.95,-2146.6,-482.87,-1559.2,3724.2,275108,413,1752,339,-0.75118,-1.4414,1.481
282.36,1724.6,1820.7,-5.6736,-2461.9,-554.85,5.6379e+05,722989,1,-839.22,1462.5,997.82,-1071.7,19.351,-533.01,-1938.4,-429.13,-1417.5,3350,263164,413,1752,339,-0.76025,-1.4414,1.4764
301.64,1709.4,1784.2,-8.0785,-2432,-530.98,5.5938e+05,721729,1,-1665.3,1657.9,751.91,-1083.6,-240.72,-779.93,-2167.6,-617.77,-1691.7,3983.6,282364,413,1752,339,-0.75516,-1.4311,1.4889
333.97,1703.6,1772.8,-9.5358,-2428.6,-508.23,5.5667e+05,720457,1,-1764.5,1807.8,825.94,-1212.6,-274.57,-876.5,-2363.7,-538.45,-1711.6,4264.3,286775,413,1752,339,-0.75912,-1.4209,1.4967
347.64,1682,1732.4,-9.2275,-2390.6,-486.18,5.5951e+05,719179,1,-2178.6,1688.1,489.67,-1488.8,-172.32,-905.69,-2620.4,-366.36,-1653,4542.6,289638,413,1752,339,-0.75381,-1.4106,1.5091
365.9,1700.4,1766.3,-9.3087,-2430.6,-487.24,5.597e+05,719177,1,-1942.5,1766.1,672.02,-1583.5,-39.517,-841.01,-2824.6,-223.73,-1643.2,4614,290318,413,1752,339,-0.76305,-1.4106,1.5044
376.98,1681.4,1728.9,-7.9849,-2395.6,-468.66,5.5821e+05,717891,1,-2205.1,1902.1,652.96,-1652.3,-91.502,-909.69,-2768.9,-219.7,-1586.5,4765,291823,413,1752,339,-0.75766,-1.4002,1.5168
414.49,1678.5,1724.8,-8.6436,-2401.6,-443.08,5.5271e+05,716595,1,-2216.9,2386.7,1067.2,-1664.8,-473.32,-1261.7,-2807.4,-456.75,-1818.1,5266.2,296554,413,1752,339,-0.76148,-1.3897,1.5244
460.07,1665,1713,-10.971,-2398.7,-405.5,5.4729e+05,715293,1,-2037.4,2683,1397.3,-1871,-907.3,-1751.1,-3032.6,-688.55,-2135.2,5909.5,302892,413,1752,339,-0.76528,-1.3793,1.532
506.71,1646.8,1701.4,-11.042,-2393.8,-364.94,5.4626e+05,713985,1,-1823.9,2793.4,1571.4,-2281,-969.11,-2001.9,-3436.6,-488.78,-2152.5,6358.5,307497,413,1752,339,-0.76905,-1.3687,1.5396
551.48,1595,1650,-12.16,-2341,-300.69,5.402e+05,712671,1,-1608.4,3371,2153,-2481.7,-1126.9,-2207.2,-3651.8,-197.92,-1971.3,6938.8,311427,413,1752,339,-0.76328,-1.3581,1.5518
556.37,1631.5,1696.1,-9.9123,-2396.6,-323.31,5.4645e+05,712669,1,-1606.1,2919.1,1761.9,-2924.7,-727.37,-2103.7,-3916.1,-111.82,-2058.4,6877.4,311162,413,1752,339,-0.77279,-1.3581,1.5471
610.77,1576,1649.5,-9.1842,-2348.6,-248.77,5.4227e+05,711349,1,-969.2,3914.8,2898.1,-2969.4,-843.9,-2191.5,-3846.4,491.72,-1470.8,7496.4,314400,413,1752,339,-0.76694,-1.3475,1.5592
680.34,1563.7,1662.1,-4.9152,-2373.5,-191.47,5.4706e+05,710021,1,-572.55,4539.5,3589.6,-3317.6,-490.92,-2054.3,-3885.1,1139.5,-941.87,8158.8,318011,413,1752,339,-0.77058,-1.3368,1.5666
-1099.3,1600.2,2063.4,21.488,-2302.8,-1650.3,5.8107e+05,67923,1,-136.78,658,1066.5,-3651.2,3482.7,3405.2,-3986.2,3944.5,3983.5,9271.5,322437,413,162,337,-0.7892,-1.7953,0.99467
-1077.5,1638.5,2097,6.6479,-2348,-1652.3,5.769e+05,67921,1,-883.72,1635.8,2228.5,-1995.8,1607.1,1288.6,-2216.6,1431.4,793.94,4923.6,293412,413,162,337,-0.8002,-1.7904,0.99467
-1040.6,1648.2,2100,1.1608,-2361.5,-1622.6,5.7754e+05,66471,1,-603.02,1554.5,2274.8,-1431.1,842.41,359.12,-1796.3,786.93,-29.22,3832.6,278613,413,162,337,-0.7977,-1.7848,1.0067
-994.46,1669.6,2120.8,-0.054996,-2393.1,-1596,5.7534e+05,65023,1,-523.89,1473.3,2152.9,-1404.1,704.88,115.63,-1854.7,714.4,-225.1,3682.7,273568,413,162,337,-0.80606,-1.7742,1.0187
-948.93,1689.3,2140.2,-0.27031,-2423,-1569.7,5.6992e+05,63577,1,-463.72,1463.1,2137.3,-1381.6,668.59,52.472,-1811.2,652.72,-313.91,3617.7,271626,413,162,337,-0.8143,-1.7635,1.0306
-904.67,1707.9,2157.1,-0.316,-2450.1,-1544.5,5.6395e+05,62133,1,-426.06,1459.2,2118.6,-1373.9,651.58,10.557,-1774.9,601.94,-389.96,3574.4,270329,413,162,337,-0.8224,-1.7527,1.0425
-860.01,1725.7,2172.6,-0.48318,-2476,-1518.9,5.5967e+05,60693,1,-401.15,1475.6,2122,-1367.9,638.75,-22.019,-1761.6,576.61,-434.74,3570.1,270201,413,162,337,-0.83037,-1.7418,1.0544
-827.12,1725.2,2165.8,-0.54952,-2476.7,-1489,5.5955e+05,59257,1,-382.46,1487.7,2125.8,-1360.3,626.62,-35.646,-1749.8,558.5,-448.79,3563.4,269968,413,162,337,-0.82757,-1.736,1.0662
-794.43,1724.6,2158.7,-0.62171,-2477.1,-1459.2,5.5806e+05,57823,1,-400.26,1505.1,2109.6,-1345.2,616.49,-39.87,-1748.6,543.06,-466.17,3554.9,269710,413,1752,339,-0.82474,-1.73,1.078
-761.94,1724,2151.3,-0.72697,-2477.3,-1429.7,5.559e+05,56393,1,-444.65,1527,2075.6,-1330.2,605.92,-44.53,-1752.3,525.51,-488.95,3550.6,269563,413,1752,339,-0.82188,-1.724,1.0897
-717.2,1740.3,2164.7,-0.79977,-2501.5,-1404,5.5216e+05,54965,1,-426.06,1536,2070.1,-1331.2,603,-62.161,-1755.3,513.1,-520.66,3550.6,269553,413,1752,339,-0.82951,-1.7129,1.1014
-685.09,1739.2,2156.2,-0.95237,-2500.7,-1374.6,5.4986e+05,53543,1,-419.99,1536.7,2041.9,-1338.6,591.17,-88.491,-1760.1,482.96,-567.12,3550.6,269546,413,1752,339,-0.82655,-1.7068,1.1131
-653.49,1737.6,2147,-0.95381,-2499.1,-1345.5,5.4603e+05,52125,1,-399.38,1528.7,2015.3,-1354,582.43,-112.08,-1751.4,454.96,-595.56,3550.6,269532,413,1752,339,-0.82356,-1.7006,1.1247
-610.18,1752.8,2158,-0.90989,-2521.1,-1321.2,5.4518e+05,50707,1,-363.12,1536.9,2019.3,-1362.9,584.94,-126.98,-1740.8,454.65,-597.28,3550.6,269531,413,1752,339,-0.83092,-1.6893,1.1362
-578.13,1750.7,2149,-0.63916,-2519.8,-1291.5,5.4654e+05,49293,1,-313.12,1556.4,2056,-1372.3,584.47,-132.7,-1708.9,458.34,-560.54,3550.6,269539,413,1752,339,-0.82782,-1.683,1.1478
-545.14,1748.6,2140.2,-0.5151,-2519,-1260.9,5.533e+05,47883,1,-277.56,1577.7,2086.9,-1378.7,581.67,-138.54,-1699.7,453.9,-552.03,3550.6,269552,413,1752,339,-0.8247,-1.6766,1.1593
-511.75,1746.3,2131.4,-0.51846,-2518.2,-1230,5.5686e+05,46477,1,-259.94,1593.4,2088.2,-1381.1,574.21,-150.77,-1700.3,435.3,-572.72,3554.6,269695,413,1752,339,-0.82154,-1.6702,1.1707
-478.57,1743.8,2122,-0.55027,-2517,-1199.1,5.5408e+05,45075,1,-251.53,1593,2067.9,-1384.9,568.52,-158.5,-1700.5,419.08,-587.45,3543.4,269324,413,1752,339,-0.81836,-1.6638,1.1821
-445.57,1741.2,2112.6,-0.52849,-2515.6,-1168.4,5.529e+05,43677,1,-232.64,1594.7,2057.9,-1388.4,563.32,-165.14,-1696,404.56,-596.08,3535.5,269111,413,1752,339,-0.81514,-1.6572,1.1935
-412.53,1738.5,2102.9,-0.54268,-2514.1,-1137.5,5.5109e+05,42283,1,-225.53,1601.8,2041.1,-1386.2,554.37,-176.89,-1694.1,386.68,-614.48,3527,268832,413,1752,339,-0.81189,-1.6506,1.2048
-379.61,1735.6,2092.8,-0.58695,-2512.3,-1106.7,5.4991e+05,40893,1,-196.11,1598.7,2032.2,-1387.3,550.98,-175.31,-1681.6,378.5,-604.04,3509.9,268321,413,1752,339,-0.80862,-1.6439,1.216
-346.83,1732.8,2083.2,-0.47388,-2510.9,-1076,5.4923e+05,39507,1,-184.25,1605.3,2018.1,-1380.3,551.82,-170.4,-1662.6,375.94,-590.05,3489.4,267695,413,1752,339,-0.80531,-1.6372,1.2272
-313.94,1730,2073.7,-0.3899,-2509.8,-1045.3,5.5476e+05,38125,1,-162.87,1613.5,2018.7,-1376.6,548.97,-168.66,-1644.7,365.68,-583.6,3479.8,267352,413,1752,339,-0.80197,-1.6304,1.2384
-280.91,1727.2,2064.1,-0.36627,-2508.7,-1014.4,5.5817e+05,36749,1,-144.46,1615.9,2011.7,-1374.8,545.62,-170.07,-1638.4,356.68,-584.96,3471.2,267081,413,1752,339,-0.7986,-1.6236,1.2495
-248.01,1724.4,2054.5,-0.32096,-2507.7,-983.66,5.6133e+05,35379,1,-113.34,1605,1986.8,-1376.5,546.68,-167.2,-1633.6,345.55,-587.3,3448.3,266412,413,1752,339,-0.7952,-1.6167,1.2606
-215.41,1721.7,2044.8,-0.28291,-2506.7,-953.22,5.6498e+05,34013,1,-94.878,1599.3,1963.5,-1374.2,545.5,-163.59,-1623.1,327.34,-594,3424.8,265631,413,118,329,-0.79177,-1.6097,1.2717
-182.98,1719,2034.8,-0.37043,-2505.4,-922.89,5.6401e+05,32651,1,-95.263,1597,1934.7,-1362.9,528.96,-177.38,-1611.8,290.37,-628.09,3398.2,264655,413,1752,339,-0.78831,-1.6027,1.2826
-151.02,1715.9,2024.1,-0.49747,-2503.4,-892.88,5.621e+05,31293,1,-94.456,1583.2,1893.8,-1345.2,518.72,-174.94,-1588.3,264.9,-634.87,3347.7,263095,413,1752,339,-0.78482,-1.5956,1.2936
-119.72,1713,2013.4,-0.47104,-2501.4,-863.5,5.6242e+05,29941,1,-94.572,1561.3,1846.4,-1335.6,523.78,-163.66,-1578.9,260.21,-631.07,3301.4,261101,413,1752,339,-0.78131,-1.5884,1.3045
-89.251,1710.6,2003.1,-0.33728,-2499.8,-835.09,5.68e+05,28595,1,-83.329,1521.4,1782,-1318,530.38,-141.09,-1553.2,230.86,-640.5,3226.7,258511,413,1752,339,-0.77776,-1.5812,1.3153
-60.016,1708.2,1991.7,-0.49914,-2497.2,-807.82,5.7279e+05,27255,1,-104.38,1455.4,1664.8,-1288.2,531.33,-122.27,-1533,175.32,-687.1,3116.1,250521,413,1752,339,-0.77418,-1.5739,1.3261
-32.605,1706.4,1979.9,-0.61807,-2494.2,-782.42,5.7362e+05,25921,1,-140.3,1389.8,1548.2,-1250.6,540.86,-87.135,-1508.5,140.27,-705.1,3000.8,247529,413,1752,339,-0.77058,-1.5666,1.3368
-7.4024,1705.3,1967.7,-0.79323,-2490.6,-759.3,5.7324e+05,24593,1,-393.11,1608.7,1636.4,-1197.4,558.21,-36.419,-1617.4,277.06,-601.56,3197.1,257572,413,1752,339,-0.76694,-1.5592,1.3475
56.043,1709.5,1946.6,-2.1338,-2493,-706.73,5.7337e+05,734955,1,-598.83,1227.7,1047.9,-1066.7,572.81,52.484,-1574.6,18.313,-851.39,2763.6,238760,413,1752,339,-0.76081,-1.5405,1.3723
31.908,1698.4,1945.8,-1.2266,-2481.8,-716.02,5.7483e+05,736049,1,-633.56,1629.8,1501,-1085.5,597.34,76.2,-1602.1,295.83,-551.08,3132,250886,413,1752,339,-0.75621,-1.5501,1.364
30.479,1707.8,1962.3,-1.438,-2497.6,-728.14,5.733e+05,736047,1,-537.12,1578.9,1499.1,-1127.1,575.03,21.207,-1631.5,256.36,-624.12,3122,250675,413,1752,339,-0.76457,-1.5501,1.3594
79.781,1720.3,1947.1,-2.872,-2504,-697.93,5.7232e+05,733831,1,-692.31,1261.1,1015.2,-1025.6,546.6,36.542,-1649.4,12.14,-902.84,2826.3,241059,413,1752,339,-0.76538,-1.5308,1.3806
96.823,1721.6,1926.5,-3.6081,-2493.4,-684.01,5.7591e+05,732687,1,-1154.1,1161.6,637.41,-1014,498.95,-9.273,-1667.8,-99.453,-1020.2,2863,242189,413,1752,339,-0.76138,-1.5211,1.3934
103.01,1730.4,1946.8,-3.5818,-2513.8,-689.54,5.7078e+05,732685,1,-916.46,1246.3,856.62,-993.92,500.87,-2.1664,-1730.1,-56.372,-1019.6,2898.6,243798,413,1752,339,-0.76992,-1.5211,1.3887
110.46,1721.1,1905.5,-2.3222,-2480.6,-672.22,5.7531e+05,731523,1,-980.51,1161.8,719.21,-912.97,430.84,-28.991,-1439.8,-144.88,-931.93,2609.8,232567,413,1752,339,-0.75723,-1.5113,1.4063
119.3,1730.4,1924.5,-4.1888,-2501.1,-675.75,5.7546e+05,731521,1,-1300,1227.7,613.56,-1020.5,457.6,-64.065,-1740.8,-99.059,-1058.5,2998.2,247450,413,1752,339,-0.76584,-1.5113,1.4016
131.6,1721.6,1888.4,-1.9664,-2473.8,-654.06,5.7466e+05,730343,1,-569.7,1294.9,1064.6,-725.28,390.11,26.649,-1281.4,-123.1,-810.01,2475.3,224571,413,1752,339,-0.75292,-1.5015,1.4191
132.37,1729,1903.3,-2.1812,-2487.7,-664.07,5.7572e+05,730341,1,-1016.6,1241.9,771.82,-935.32,419.92,-57.357,-1475,-104.04,-905.82,2689.4,236000,413,1752,339,-0.76161,-1.5015,1.4144
156.37,1728.7,1886.4,-2.1871,-2481.5,-643.09,5.7154e+05,729147,1,-599.83,1391.4,1135.5,-720.04,335.17,-31.922,-1311.3,-155.85,-858.41,2588,229989,413,1752,339,-0.75722,-1.4916,1.4272
182.7,1733.9,1882.7,-2.7902,-2487.5,-630.09,5.6671e+05,727937,1,-580.18,1410.7,1151.6,-765.03,260.33,-136.9,-1381.8,-222.1,-962.78,2685.2,235821,413,1752,339,-0.7615,-1.4817,1.4352
207.76,1737.5,1877.7,-2.8099,-2491.2,-617.68,5.6514e+05,726715,1,-541.96,1382.2,1121.5,-992.83,202.22,-321.17,-1568.2,-263.36,-1100.8,2886.5,243445,413,1752,339,-0.76574,-1.4717,1.4432
256.11,1733.8,1849.1,-2.67,-2480.4,-581.96,5.67e+05,724239,1,-379.33,1334.4,1124.6,-1118.9,191.01,-395.74,-1735.6,-269.82,-1174.1,3016.3,247918,413,1752,339,-0.76518,-1.4515,1.4638
230.59,1741.5,1872.7,-2.3845,-2494.7,-607.62,5.7009e+05,725481,1,-696.46,1303.6,938.67,-1288.3,275.84,-406.96,-1774.8,-211.72,-1155.3,3081.6,249449,413,1752,339,-0.76996,-1.4616,1.4512
309.88,1722.8,1810.8,-6.7388,-2460.4,-538.22,5.5985e+05,721727,1,-1163.6,1748.2,1085.4,-1130,-164.72,-739.69,-2080.8,-491.85,-1543.9,3794.1,277337,413,1752,339,-0.76428,-1.4311,1.4842
280.25,1737.1,1843,-3.2085,-2483.4,-570.69,5.6633e+05,722987,1,-760.84,1632,1196.3,-1172.8,37.862,-576.44,-1753.6,-405.44,-1314.4,3369,263764,413,1752,339,-0.76929,-1.4414,1.4717
310.89,1735.9,1834.2,-5.0458,-2483.9,-551.75,5.6246e+05,721725,1,-953.57,1792.3,1235.6,-1130.8,-78.752,-666.72,-1854.4,-404.23,-1360.2,3581.9,270563,413,1752,339,-0.77338,-1.4311,1.4795
343.64,1719.2,1803,-7.6549,-2461.5,-515.46,5.6065e+05,720455,1,-1360.2,1899.7,1108.3,-1350.8,-110.69,-799.99,-2455.5,-296.61,-1544.5,4203.3,285990,413,1752,339,-0.76829,-1.4209,1.492
377.84,1719.5,1800.9,-7.4795,-2469.4,-494.32,5.6426e+05,719175,1,-1243.5,1866.1,1118.7,-1591.3,127,-701.16,-2695.3,-27.601,-1415.4,4311.5,287291,413,1752,339,-0.77227,-1.4106,1.4997
395.94,1701.9,1764.4,-8.4514,-2438.2,-470.33,5.6206e+05,717889,1,-2049.9,1831.4,656.44,-1799.7,17.068,-896.81,-3039.7,-139.71,-1671.1,4907.4,293262,413,1752,339,-0.76695,-1.4002,1.5121
408.84,1723.3,1801,-7.0048,-2480.3,-477.96,5.6586e+05,717887,1,-1335.9,1816.3,1000.4,-1846,145.08,-815.27,-2919.5,-62.993,-1560.9,4598,290186,413,1752,339,-0.77621,-1.4002,1.5074
430,1701,1761.4,-8.431,-2445.3,-449.04,5.5644e+05,716593,1,-1915.5,2192.7,1033.1,-1886.5,-295.62,-1225.8,-3045.4,-348.23,-1862.2,5249.5,296384,413,1752,339,-0.77082,-1.3897,1.5197
471.27,1691.9,1752.9,-9.7862,-2446,-417.65,5.4853e+05,715291,1,-1786.2,2532.6,1380.5,-2044.5,-624.48,-1600.3,-3161.8,-475.43,-2033,5744.3,301319,413,1752,339,-0.77467,-1.3793,1.5273
517.74,1679.4,1745,-10.676,-2447.2,-380.24,5.439e+05,713983,1,-1768.6,2701.9,1515.1,-2468.7,-661.59,-1841.1,-3566.5,-281.97,-2059.3,6299.7,306954,413,1752,339,-0.77848,-1.3687,1.5348
607.94,1620,1697.2,-7.603,-2407.2,-282.07,5.4873e+05,711347,1,-1295.2,3327,2238.9,-3477.4,-670.61,-2318.3,-4232.2,257.43,-1889.7,7564.7,314915,413,1752,339,-0.7765,-1.3475,1.5545
563.4,1671.9,1745.3,-8.9698,-2457.4,-346.27,5.4983e+05,712667,1,-1836.7,2822.2,1551.4,-3241.8,-204.25,-1828.8,-4240,237.86,-1947.2,7033.3,311891,413,1752,339,-0.78226,-1.3581,1.5423
612.58,1668.2,1749.8,-8.1016,-2474.4,-311.41,5.5038e+05,711345,1,-1745.1,3171.2,1870.3,-3812.7,-304.63,-2193.7,-4553.1,397.59,-1959.5,7795.5,316024,413,1752,339,-0.78602,-1.3475,1.5497
668.77,1612.3,1707.3,-4.8157,-2430.3,-235.07,5.5133e+05,710019,1,-899.22,4074.9,3034.5,-4118.2,-274.65,-2293.9,-4398.6,1007.6,-1337.9,8430.4,319230,413,1752,339,-0.78018,-1.3368,1.5619
745.33,1610.5,1730.8,-1.7844,-2472.5,-177.87,5.6151e+05,708685,1,-471.37,4930.5,3923.7,-4509.5,64.103,-2203.4,-4412.2,1689.2,-783.4,9383.8,322752,413,1752,339,-0.78383,-1.3261,1.5692
933.07,1618.6,1802,1.8885,-2595.4,-41.453,5.8028e+05,705999,1,6.1718,5951.2,4913.4,-4630.6,307.75,-2059.4,-4262.2,2297.5,-233.41,10432,325793,413,1752,339,-0.79104,-1.3045,1.5836
-1105.6,1559,2002.4,11.451,-2225.9,-1645.5,5.6516e+05,70827,1,689.59,-27.254,518.13,-3826.1,2519.3,1493.2,-5260.7,3371.9,1881.4,8157.5,317996,413,162,337,-0.80512,-1.8014,0.97053
-1105.9,1603.8,2068,17.898,-2302.7,-1664,5.7159e+05,69373,1,-273.52,354.84,414.56,-3506.1,3146.4,2899.1,-4310.6,3952.3,3723.9,8890.4,321012,413,162,337,-0.80268,-1.7959,0.98262
-1089.7,1646.9,2117,7.8856,-2362.5,-1673.3,5.667e+05,69371,1,-698.81,1113,1445.7,-2406.5,1969.8,1603.4,-3056.4,2237,1556.1,5729.5,300884,413,162,337,-0.81368,-1.791,0.98262
-1059.8,1662.9,2125.2,2.071,-2381.9,-1652.7,5.7094e+05,67919,1,-785.87,1507.4,2065,-1571.8,1091.5,681.2,-2014.4,1036.8,221.21,4057.3,283733,413,162,337,-0.81117,-1.7854,0.99467
-1027.2,1667.5,2123.7,0.2912,-2388.6,-1624.9,5.734e+05,66469,1,-611.42,1508.9,2182.6,-1488.7,837.67,286.97,-1931.9,822.53,-97.333,3851.3,279094,413,162,337,-0.80863,-1.7798,1.0067
-1014.2,1686.8,2148.4,0.036376,-2416.5,-1627.9,5.6819e+05,66467,1,-506.34,1430.6,2108,-1418.8,736.89,146.19,-1892,748.18,-218.27,3675.8,273352,413,162,337,-0.81954,-1.7748,1.0067
-981.61,1688.3,2144.7,-0.14541,-2420.1,-1598.9,5.693e+05,65021,1,-477.48,1452.5,2141.8,-1407.8,695.22,76.806,-1860.5,701.73,-275.87,3664.1,272988,413,162,337,-0.81693,-1.7692,1.0187
-969.43,1706.9,2168,-0.16585,-2446.5,-1602.7,5.6345e+05,65019,1,-426.56,1437.9,2138.4,-1396.9,681.64,45.322,-1814.6,661.54,-327.89,3616.4,271583,413,162,337,-0.82777,-1.7642,1.0187
-936.83,1707.5,2162.8,-0.27122,-2448.6,-1573.4,5.6448e+05,63575,1,-426.3,1442.3,2119.9,-1381.2,666.16,30.873,-1789.5,629.13,-359.07,3582.7,270595,413,162,337,-0.8251,-1.7585,1.0306
-925.13,1725.8,2185.2,-0.28771,-2473.9,-1577.8,5.5929e+05,63573,1,-396.65,1444,2135.1,-1394.1,668.37,6.3751,-1796.6,626.24,-391.66,3600.7,271138,413,162,337,-0.83588,-1.7534,1.0306
-892.44,1725.9,2179.1,-0.42837,-2475.2,-1548.3,5.6069e+05,62131,1,-411.45,1463.4,2124.6,-1373.4,652.39,-3.9424,-1773.5,599.37,-412.44,3579.2,270484,413,162,337,-0.83314,-1.7476,1.0425
-880.88,1744,2201.2,-0.36948,-2500.3,-1552.9,5.5493e+05,62129,1,-366.15,1448.2,2126.2,-1384.7,657.83,-18.399,-1775.2,598.9,-432.2,3577.6,270425,413,162,337,-0.84385,-1.7425,1.0425
-848.38,1743.6,2194.4,-0.43048,-2500.8,-1523.5,5.5638e+05,60691,1,-359.71,1457.1,2115.3,-1375.9,645.45,-36.162,-1758.1,574.55,-458.68,3559.4,269848,413,162,337,-0.84104,-1.7367,1.0544
-815.97,1743,2187.2,-0.40453,-2501.1,-1494.1,5.5431e+05,59255,1,-352.69,1476.9,2120.2,-1369,633.87,-47.204,-1745.3,558.31,-465.69,3557.2,269784,413,1752,339,-0.83821,-1.7308,1.0662
-783.03,1742.1,2179.9,-0.47032,-2501.3,-1464,5.5504e+05,57821,1,-345.33,1500.7,2133.8,-1362.1,623.74,-57.497,-1738.6,545.49,-474.36,3560.8,269906,413,1752,339,-0.83534,-1.7249,1.078
-749.9,1741.2,2172.5,-0.60881,-2501.6,-1433.8,5.5453e+05,56391,1,-361.83,1517.9,2119.5,-1350.3,615.7,-61.48,-1743.1,535.21,-489.09,3560.8,269904,413,1752,339,-0.83244,-1.7189,1.0897
-705.49,1757.4,2185.7,-0.58492,-2525.7,-1408.7,5.5172e+05,54963,1,-330.24,1516.6,2100,-1353.7,614.61,-79.457,-1742.5,518.64,-524.6,3551.9,269609,413,1752,339,-0.84001,-1.7078,1.1014
-673.1,1756.2,2177.2,-0.76578,-2525,-1379.1,5.4837e+05,53541,1,-369.96,1520.9,2043.4,-1347,604.5,-90.172,-1764.6,489.27,-579.79,3550.6,269545,413,1752,339,-0.83701,-1.7017,1.1131
-641.6,1754.7,2167.8,-0.90092,-2523.3,-1350.2,5.4458e+05,52123,1,-394.69,1522,2005.8,-1350.7,593.11,-105.98,-1771.3,467.16,-608.13,3550.6,269533,413,1752,339,-0.83398,-1.6955,1.1247
-629.74,1771.9,2188.6,-0.84674,-2547.5,-1355.2,5.4647e+05,52121,1,-356.69,1524.2,2026,-1359.8,603.11,-113.37,-1767.7,470.57,-619.08,3550.6,269547,413,1752,339,-0.84437,-1.6904,1.1247
-598.28,1769.9,2178.4,-1.0076,-2545,-1326.1,5.4392e+05,50705,1,-374.8,1538.7,2005,-1360,593.57,-128.86,-1768.3,460.75,-629.24,3550.6,269543,413,1752,339,-0.84127,-1.6842,1.1362
-566.66,1767.8,2169,-0.80356,-2543.4,-1296.9,5.4671e+05,49291,1,-338.9,1556.4,2027.6,-1363.7,589.92,-133.39,-1728.7,465.42,-582.1,3550.6,269534,413,1752,339,-0.83813,-1.6779,1.1478
-534.15,1765.7,2160,-0.61093,-2542.4,-1266.9,5.5106e+05,47881,1,-277.11,1580.8,2074.9,-1371.5,585.26,-143.58,-1706.5,461.05,-563.07,3550.6,269551,413,1752,339,-0.83497,-1.6716,1.1593
-500.9,1763.3,2151.1,-0.57131,-2541.5,-1236.1,5.5371e+05,46475,1,-257.18,1594,2084.6,-1375.8,578.95,-153.98,-1711.9,448.64,-578.04,3556.8,269770,413,1752,339,-0.83178,-1.6652,1.1707
-467.69,1760.7,2141.6,-0.65568,-2540.3,-1205.2,5.5354e+05,45073,1,-261.38,1602.5,2068.1,-1377.8,571.79,-162.49,-1715.8,431.57,-596.4,3556.8,269771,413,1752,339,-0.82855,-1.6587,1.1821
-434.86,1758.1,2131.9,-0.68547,-2538.7,-1174.7,5.5274e+05,43675,1,-254.92,1604.7,2042.6,-1377.8,563.74,-173.17,-1710,409.99,-615.52,3539.7,269229,413,1752,339,-0.8253,-1.6522,1.1935
-402.05,1755.2,2121.9,-0.67247,-2537,-1144,5.5006e+05,42281,1,-236.33,1605,2027.5,-1379.9,556.89,-181.97,-1703.9,394.11,-625.01,3527,268831,413,1752,339,-0.82201,-1.6456,1.2048
-369.31,1752.2,2111.8,-0.68714,-2535.1,-1113.4,5.4872e+05,40891,1,-219.21,1606.5,2016.3,-1380.9,554.03,-181.86,-1694.1,384.54,-620.63,3513.5,268455,413,1752,339,-0.81869,-1.639,1.216
-336.75,1749.3,2101.8,-0.61193,-2533.4,-1083,5.5224e+05,39505,1,-202.55,1610.7,2007.7,-1378,554.43,-178.08,-1678.4,380.66,-608.84,3498.1,267951,413,1752,339,-0.81534,-1.6322,1.2272
-304.02,1746.4,2092,-0.55681,-2532,-1052.4,5.5666e+05,38123,1,-184.21,1618.3,2005.8,-1373.6,552.04,-175.27,-1663.6,375.22,-597.81,3487.7,267647,413,1752,339,-0.81196,-1.6255,1.2384
-271.37,1743.6,2082.2,-0.47526,-2530.8,-1021.9,5.5871e+05,36747,1,-157.9,1613.8,1985.9,-1375.3,554,-173.1,-1657.4,366.58,-598.14,3470,267059,413,1752,339,-0.80855,-1.6187,1.2495
-238.9,1740.8,2072.4,-0.37995,-2529.6,-991.62,5.6129e+05,35377,1,-141.55,1609.8,1967.7,-1377.3,554.56,-170.56,-1648.8,354.35,-599.95,3452.7,266541,413,1752,339,-0.80511,-1.6118,1.2606
-206.56,1738,2062.4,-0.37173,-2528.3,-961.43,5.6161e+05,34011,1,-125.31,1610.8,1953.7,-1367.8,541.66,-178.64,-1627.5,322.43,-619.02,3429.2,265790,413,1752,339,-0.80163,-1.6048,1.2717
-174.29,1734.9,2052,-0.42414,-2526.7,-931.2,5.6174e+05,32649,1,-110.85,1606.9,1932.7,-1357.2,525.21,-190.19,-1611.1,288.66,-642.82,3402.4,264818,413,1752,339,-0.79813,-1.5978,1.2826
-142.35,1731.6,2041.1,-0.54083,-2524.4,-901.16,5.6078e+05,31291,1,-109.15,1589.3,1887.5,-1351.2,521.98,-188.15,-1611.5,273.84,-653.18,3366.4,263689,413,1752,339,-0.7946,-1.5907,1.2936
-111.26,1728.6,2030.1,-0.51483,-2522.2,-871.98,5.6544e+05,29939,1,-104.23,1557.3,1825.7,-1338.6,530.94,-165.86,-1592.9,263.19,-644.44,3300.3,261076,413,1752,339,-0.79104,-1.5836,1.3045
-81.045,1725.9,2019.2,-0.47078,-2520.1,-843.76,5.6707e+05,28593,1,-112.71,1526.4,1762.1,-1323.7,529.98,-157.35,-1577.5,223.49,-676.59,3240.6,258986,413,1752,339,-0.78745,-1.5764,1.3153
-51.952,1723.3,2007.4,-0.62822,-2517,-816.55,5.6897e+05,27253,1,-133.91,1486.6,1681.7,-1305.3,525.69,-150.91,-1568.3,181.82,-713.99,3172,256758,413,1752,339,-0.78383,-1.5692,1.3261
-24.504,1721,1995.2,-0.74894,-2513.5,-790.99,5.7194e+05,25919,1,-213.12,1594.2,1736,-1255.7,526.56,-118.1,-1555.8,242.45,-625.65,3215.5,258154,413,1752,339,-0.78017,-1.5619,1.3368
21.402,1727,1994.2,-0.83423,-2526.9,-758.14,5.7074e+05,736043,1,-359.29,1581.3,1610.9,-1193,537.76,-71.752,-1584.9,243.12,-635.37,3149.1,251345,413,1752,339,-0.78119,-1.5501,1.3499
26.282,1717.2,1978.4,-0.91253,-2512.3,-742.71,5.7257e+05,736045,1,-374.24,1594.4,1612.9,-1143.4,550.79,-22.212,-1579.4,260.55,-601.72,3133.6,250921,413,1752,339,-0.77289,-1.5501,1.3546
55.22,1718.6,1964.1,-1.7493,-2509.7,-718.38,5.7141e+05,734953,1,-394.87,1283.4,1221.3,-1066,552.09,21.141,-1546.9,60.351,-801.76,2788.5,239751,413,1752,339,-0.76921,-1.5405,1.3676
51.024,1727.4,1980,-1.0147,-2523.9,-732.86,5.6875e+05,734951,1,-234.3,1298,1335.1,-1117.7,541.19,-26.036,-1472.7,74.938,-756.18,2794.9,240045,413,1752,339,-0.77759,-1.5405,1.3629
79.31,1728.7,1964.8,-1.9819,-2520.4,-709.09,5.6548e+05,733829,1,-399.81,1284.6,1205.1,-1028.1,527.83,8.994,-1543.7,30.8,-833.66,2788.5,239753,413,1752,339,-0.77383,-1.5308,1.3758
103.52,1738.5,1965.3,-2.3053,-2530.9,-699.83,5.6596e+05,732683,1,-422,1307.4,1201.5,-1007.3,513.11,-2.5585,-1561.2,13.448,-863.88,2791.5,239898,413,1752,339,-0.77842,-1.5211,1.384
127.08,1739.1,1945.4,-4.2515,-2522.4,-679.99,5.6782e+05,731519,1,-1008.9,1311.3,860.46,-985.85,478.22,-29.185,-1793.8,-42.922,-1041,2997.1,247428,413,1752,339,-0.77443,-1.5113,1.3969
128.42,1747.6,1965.1,-2.7585,-2540.9,-689.88,5.6546e+05,731517,1,-545.74,1348.4,1156.4,-1004.8,493.39,-29.663,-1681.8,11.834,-931.98,2899,243808,413,1752,339,-0.78298,-1.5113,1.3921
142.1,1738.7,1922.7,-4.4253,-2509,-667.19,5.7331e+05,730339,1,-1438.3,1272.1,565.91,-1080.6,457.44,-104.16,-1858.7,-52.123,-1071.8,3162.5,256378,413,1752,339,-0.77027,-1.5015,1.4097
151.75,1748.2,1945.2,-4.6311,-2532.5,-670.29,5.6899e+05,730337,1,-1088.9,1347.2,838.02,-1026.6,495.68,-39.402,-1910.3,7.092,-1052.6,3124.3,250719,413,1752,339,-0.77891,-1.5015,1.405
156.64,1736.6,1901.9,-2.1994,-2496,-653.95,5.7282e+05,729145,1,-996.99,1359,886.39,-1012.6,394.22,-132.16,-1569.1,-88.565,-938.46,2859.3,242105,413,1752,339,-0.76596,-1.4916,1.4225
182.23,1743.5,1900.2,-2.431,-2504.2,-642.52,5.7048e+05,727935,1,-904.07,1405.3,965.64,-1104.9,320.47,-262.65,-1651.6,-157.45,-1051.1,2995.7,247388,413,1752,339,-0.77029,-1.4817,1.4305
208.2,1749.5,1897.2,-3.0453,-2511.1,-630.57,5.657e+05,726713,1,-1376.1,1542.6,834.04,-1289.5,361.44,-326.29,-1955,-96.834,-1155.2,3469.1,267026,413,1752,339,-0.77458,-1.4717,1.4385
235.54,1755.7,1894.7,-4.1444,-2519.2,-617.78,5.6479e+05,725479,1,-1646.5,1593.7,720.22,-1361.6,340.86,-389.09,-2122.4,-100.91,-1246.6,3736.3,275513,413,1752,339,-0.77885,-1.4616,1.4464
252.82,1747,1868.8,-2.1988,-2499.8,-599.03,5.6469e+05,724237,1,-1297.4,1553.7,850.25,-1372.5,245.86,-485.03,-1920.9,-220.6,-1240.9,3504,268140,413,1752,339,-0.77415,-1.4515,1.4591
281.89,1750.8,1864.1,-3.8905,-2505.7,-583.86,5.6022e+05,722985,1,-1393.2,1729.3,957.95,-1277.4,107.33,-570.74,-1878.6,-312.26,-1303.2,3625.4,271852,413,1752,339,-0.77831,-1.4414,1.4669
265.1,1762.7,1893.5,-5.7115,-2529.5,-603.63,5.6181e+05,724235,1,-2238.7,1812.3,598.98,-1375.2,268.31,-471.87,-2346.8,-101.83,-1366.6,4269.2,286839,413,1752,339,-0.78309,-1.4515,1.4543
346.13,1734.5,1830,-5.4633,-2489.4,-528.91,5.623e+05,720453,1,-1098.3,1942,1282.5,-1335.4,7.3206,-690.92,-2221.2,-132.22,-1286.8,3935.8,281228,413,1752,339,-0.77743,-1.4209,1.4872
317.95,1750.1,1857.8,-6.2414,-2510.2,-560.57,5.5683e+05,721723,1,-1882.5,1976.5,918.97,-1287.1,-24.496,-706.23,-2156.3,-246.05,-1383.4,4132.2,284967,413,1752,339,-0.78244,-1.4311,1.4747
379.98,1737.7,1831.5,-4.5433,-2501.7,-509.71,5.6444e+05,719173,1,-943.3,1823.2,1225.5,-1726.2,298.08,-622.56,-2593.4,128.59,-1235.4,4176.2,285575,413,1752,339,-0.78145,-1.4106,1.4949
411.62,1743.8,1833.9,-4.2929,-2515.8,-494.17,5.6545e+05,717885,1,-958.85,1866.1,1237.3,-1881.9,281.17,-721.38,-2715.1,36.289,-1384.5,4400.4,288212,413,1752,339,-0.78545,-1.4002,1.5026
440.26,1724.4,1798.3,-7.1067,-2487.9,-460.2,5.5816e+05,716591,1,-1417.1,2055.9,1155.7,-1925.6,-137.32,-1116.3,-2933.9,-271.52,-1758.9,4931.4,293492,413,1752,339,-0.78013,-1.3897,1.515
445.28,1747.5,1832.8,-5.5769,-2526.8,-475.94,5.5724e+05,716589,1,-1510.1,2288.1,1313.9,-1951.9,11.39,-1008.7,-2889.1,-101.15,-1602.8,4999.6,294141,413,1752,339,-0.78941,-1.3897,1.5102
480.42,1718.5,1791.6,-8.7195,-2491.5,-431.58,5.4975e+05,715289,1,-1646.6,2501.1,1419.8,-2090.3,-404.38,-1441.1,-3152.4,-304.61,-1897.6,5587.8,299672,413,1752,339,-0.78402,-1.3793,1.5225
525.99,1712,1789.5,-8.9713,-2500.2,-398.22,5.5037e+05,713981,1,-2017,2799.3,1461.8,-2668.9,-175.53,-1532.7,-3829.2,177.42,-1815.9,6444.8,308472,413,1752,339,-0.78788,-1.3687,1.53
574.87,1711,1794.9,-8.7707,-2519.2,-365.05,5.511e+05,712665,1,-2280.3,2939.5,1420.9,-3132.7,44.849,-1573.5,-4309.4,439.93,-1831.1,7090,312126,413,1752,339,-0.79171,-1.3581,1.5375
626.82,1713.5,1804.6,-9.0413,-2544.7,-331.34,5.5074e+05,711343,1,-2571.1,3202,1466.8,-3652,162.62,-1738.1,-4824.7,687.14,-1885.8,7918.7,316767,413,1752,339,-0.79551,-1.3475,1.5448
669.56,1665.8,1759.9,-7.0253,-2499.4,-270.82,5.4865e+05,710017,1,-1986.9,3639.5,2112.6,-4288.5,26.073,-2158.1,-4919,915.25,-1717,8525.8,319551,413,1752,339,-0.78974,-1.3368,1.557
737.4,1666.4,1780.7,-4.2735,-2538.1,-222.84,5.5122e+05,708683,1,-1627.8,4449.2,2946.7,-4543.8,68.619,-2243.1,-4876.1,1472.7,-1221.8,9178.7,322120,413,1752,339,-0.79344,-1.3261,1.5643
819.45,1669.6,1810.3,-1.8606,-2590.2,-164.5,5.5178e+05,707343,1,-1406.9,5241.4,3668,-4593.5,224.79,-2141.6,-4735,1920.6,-796.03,9766.5,323892,413,1752,339,-0.79711,-1.3153,1.5716
913.24,1673.9,1845.1,-0.86526,-2651.5,-97.387,5.5861e+05,705997,1,-968.07,5868.7,4346.6,-4557.1,300.75,-2059.8,-4470.8,2236,-421.44,10224,325181,413,1752,339,-0.80074,-1.3045,1.5787
-1141.2,1554.6,2002.4,0.85806,-2217.8,-1676.2,5.4535e+05,73745,1,445.96,1195.4,2673.2,-3378.3,1177.1,-636.1,-5024.5,1847.4,-758.78,7131.3,312363,413,162,337,-0.80992,-1.8121,0.94624
-1117,1598.7,2063.6,5.3082,-2290.3,-1678.2,5.4943e+05,72283,1,278.03,484.2,1151.6,-3510.9,1852.8,486.23,-5091.2,2495.2,344.86,7063.9,312019,413,162,337,-0.81861,-1.8018,0.9584
-1107.4,1617.7,2084.1,9.2836,-2318,-1677.4,5.5972e+05,70825,1,-122.81,576.59,961.2,-3429.5,2366,1493.4,-4814.9,3046.8,1587.7,7473.2,314266,413,162,337,-0.81616,-1.7964,0.97053
-1096.5,1660.3,2140.9,4.8222,-2383.5,-1691.5,5.5352e+05,70823,1,-592.38,996.47,1334.4,-2389.6,1713.4,1126,-3211.1,1961.6,883.79,5289.5,296751,413,162,337,-0.82717,-1.7914,0.97053
-1073.6,1675.7,2150.6,2.6824,-2402.7,-1677.2,5.6126e+05,69369,1,-683.86,1256.7,1707.3,-1788.2,1194.4,668.38,-2308.2,1183,210.25,4099.3,284384,413,162,337,-0.82465,-1.7859,0.98262
-1045.3,1683.8,2151.5,0.70592,-2412.1,-1654.9,5.6505e+05,67917,1,-608.54,1399.6,2001,-1515.7,935.91,426.11,-2004.5,914.02,-16.539,3813.4,277959,413,162,337,-0.82211,-1.7804,0.99467
-1001.9,1706,2172.7,-0.038733,-2443.8,-1631.7,5.6197e+05,66465,1,-458.64,1399.6,2082,-1426.9,731,108.43,-1880,720.17,-284.45,3635.9,272201,413,162,337,-0.83041,-1.7698,1.0067
-957.79,1725.7,2191.1,-0.18272,-2472.5,-1607.2,5.5855e+05,65017,1,-396.29,1418.5,2128.5,-1420.8,693.16,27.47,-1837.6,664.98,-365.2,3626.5,271885,413,162,337,-0.83858,-1.7591,1.0187
-946.31,1744.5,2214.1,-0.21331,-2498.5,-1612.1,5.5574e+05,65015,1,-353.64,1410.7,2134.1,-1421,687.81,-0.57245,-1815.7,644.17,-404.85,3610.8,271430,413,162,337,-0.84936,-1.7539,1.0187
-913.59,1744.4,2207.9,-0.28,-2499.5,-1582.5,5.5565e+05,63571,1,-344.5,1432.1,2144.7,-1406,669.04,-23.069,-1791.5,615.91,-430.41,3601.2,271155,413,162,337,-0.84662,-1.7482,1.0306
-869.83,1762.3,2223.1,-0.30218,-2525.1,-1558.3,5.5228e+05,62127,1,-318.75,1437,2136.5,-1395.9,661.69,-40.345,-1763.1,590.66,-459.78,3576,270386,413,162,337,-0.85452,-1.7373,1.0425
-837.12,1761.6,2215.9,-0.39292,-2525.3,-1528.7,5.5384e+05,60689,1,-325.6,1454.5,2122.8,-1382,649.55,-50.862,-1747.6,569.69,-477.1,3559.3,269843,413,1752,339,-0.85168,-1.7315,1.0544
-804.54,1760.8,2208.6,-0.43717,-2525.5,-1499.1,5.5591e+05,59253,1,-334.5,1473.8,2119.3,-1374.9,641.31,-56.551,-1740.1,560.1,-478.74,3557.2,269785,413,1752,339,-0.84881,-1.7257,1.0662
-771.73,1759.8,2201.1,-0.43392,-2525.6,-1469.2,5.5466e+05,57819,1,-319.57,1491.3,2128.4,-1372.1,631.91,-68.602,-1734.4,549.03,-485.07,3560.8,269907,413,1752,339,-0.84591,-1.7198,1.078
-738.61,1758.6,2193.6,-0.46116,-2525.8,-1439,5.5242e+05,56389,1,-306.43,1506.4,2132.2,-1366.7,623.18,-77.235,-1731.1,536.72,-494.97,3560.8,269905,413,1752,339,-0.84297,-1.7138,1.0897
-727.88,1776.4,2214.5,-0.3449,-2549.8,-1445,5.5259e+05,56387,1,-285.18,1501,2128.6,-1376,631.16,-86.774,-1722.8,537.76,-504.22,3560.4,269886,413,1752,339,-0.85347,-1.7086,1.0897
-694.73,1774.9,2206.5,-0.38902,-2549.6,-1414.7,5.5019e+05,54961,1,-281.93,1511.2,2118.4,-1371.6,624.82,-93.307,-1726.1,522.27,-525.4,3558.1,269811,413,1752,339,-0.85047,-1.7026,1.1014
-661.83,1773.5,2198.1,-0.55757,-2549.1,-1384.6,5.4932e+05,53539,1,-304.02,1515.4,2083.4,-1365.9,618.88,-96.868,-1744.5,503.01,-562.57,3550.6,269567,413,1752,339,-0.84743,-1.6965,1.1131
-650.76,1790.9,2218.8,-0.47692,-2573.1,-1390.5,5.4898e+05,53537,1,-312.41,1536.7,2089.5,-1368.4,619.16,-113.54,-1748.9,505.36,-578.44,3569.6,270189,413,1752,339,-0.85783,-1.6913,1.1131
-618.14,1789.1,2209.5,-0.73647,-2571.7,-1360.6,5.4746e+05,52119,1,-345.42,1538.3,2037.9,-1364.5,606.45,-128.01,-1776.7,477.28,-633.49,3559.6,269854,413,1752,339,-0.85472,-1.6851,1.1247
-586.4,1787,2199.2,-0.96694,-2569.3,-1331.3,5.4272e+05,50703,1,-361.23,1538.9,2001.6,-1364.2,600.45,-133.5,-1776,470.08,-633.95,3550.6,269548,413,1752,339,-0.85158,-1.679,1.1362
-555.05,1784.9,2189.2,-0.8777,-2567.2,-1302.4,5.4417e+05,49289,1,-346.5,1544.5,1996.4,-1365.6,600.5,-135.98,-1756.8,469.42,-617.37,3550.6,269535,413,1752,339,-0.84841,-1.6727,1.1478
-523.12,1782.7,2180,-0.65107,-2565.8,-1272.9,5.5e+05,47879,1,-302.58,1564.5,2032.8,-1368,595.72,-141.38,-1722.3,469.75,-581.89,3550.6,269540,413,1752,339,-0.84521,-1.6664,1.1593
-490.22,1780.3,2170.9,-0.52241,-2564.9,-1242.5,5.5217e+05,46473,1,-244.57,1587,2074.4,-1377.5,588,-156.93,-1713.9,459.63,-580.81,3554.7,269698,413,1752,339,-0.84198,-1.66,1.1707
-456.87,1777.7,2161.4,-0.60677,-2563.7,-1211.6,5.5467e+05,45071,1,-237.37,1599,2063.8,-1381.8,577.61,-172.02,-1728.4,435.89,-615.12,3563.8,269974,413,1752,339,-0.83871,-1.6536,1.1821
-424.03,1774.9,2151.4,-0.72354,-2561.9,-1181,5.5282e+05,43673,1,-246.58,1599.9,2035.5,-1380.5,570.98,-178.34,-1726.8,419.65,-629.66,3547.1,269426,413,1752,339,-0.83542,-1.6471,1.1935
-391.47,1772,2141.2,-0.70189,-2560,-1150.7,5.5007e+05,42279,1,-238.42,1600.9,2019.8,-1381.8,566.42,-183.46,-1721.2,409.64,-632.38,3534.6,269084,413,1752,339,-0.83209,-1.6405,1.2048
-359.02,1768.9,2130.9,-0.66922,-2558.1,-1120.4,5.49e+05,40889,1,-215.93,1597.2,2000.3,-1385.2,563.69,-187.85,-1713.9,394.08,-640.28,3517.6,268567,413,1752,339,-0.82873,-1.6339,1.216
-326.66,1765.9,2120.6,-0.64314,-2556.1,-1090.1,5.5224e+05,39503,1,-190.17,1602.9,1996.1,-1381.9,561.8,-183.32,-1692.1,389.44,-619.97,3499.7,268002,413,1752,339,-0.82534,-1.6272,1.2272
-294.15,1762.9,2110.6,-0.5405,-2554.6,-1059.8,5.5571e+05,38121,1,-166.62,1607.7,1988.7,-1382.2,564,-178.98,-1683.5,387.19,-609.36,3490.4,267742,413,1752,339,-0.82192,-1.6205,1.2384
-261.68,1760,2100.7,-0.47913,-2553.2,-1029.5,5.5819e+05,36745,1,-157.58,1611.1,1977.4,-1383.5,565.43,-176.02,-1681.3,380.25,-610.22,3484.1,267491,413,1752,339,-0.81846,-1.6137,1.2495
-229.3,1757.1,2090.6,-0.48047,-2551.9,-999.35,5.621e+05,35375,1,-154.94,1619.6,1964.2,-1377.2,554.77,-183.18,-1666,354.07,-625.69,3469.2,267035,413,1752,339,-0.81498,-1.6068,1.2606
-197.09,1754,2080,-0.56067,-2550,-969.21,5.6096e+05,34009,1,-157.54,1623.5,1942,-1365.5,537.91,-194.59,-1645.2,320.07,-647.19,3442.7,266193,413,1752,339,-0.81147,-1.5999,1.2717
-165.07,1750.7,2069.2,-0.59107,-2547.9,-939.15,5.5895e+05,32647,1,-145.33,1620.9,1923.8,-1355.6,525.08,-201.1,-1628.5,297.22,-656.36,3416.8,265227,413,1752,339,-0.80792,-1.5929,1.2826
-133.36,1747.3,2058.2,-0.57573,-2545.6,-909.35,5.6076e+05,31289,1,-143.18,1600.3,1871.7,-1349.6,528.57,-193.27,-1630.3,289.55,-660.99,3376.6,264022,413,1752,339,-0.80435,-1.5858,1.2936
-102.44,1744.3,2047.2,-0.55059,-2543.4,-880.37,5.6421e+05,29937,1,-129.52,1571.6,1823.8,-1345.5,534.08,-177.62,-1619.8,269.74,-665.68,3328.6,262434,413,1752,339,-0.80074,-1.5787,1.3045
-72.298,1741.3,2035.7,-0.63087,-2540.7,-852.16,5.6519e+05,28591,1,-148.27,1543.3,1752.1,-1330.9,527.16,-177.41,-1613.2,224.11,-710.12,3272.8,259996,413,1752,339,-0.7971,-1.5716,1.3153
-43.25,1738.3,2023.4,-0.80623,-2537.2,-824.89,5.6562e+05,27251,1,-166.35,1491.1,1658.2,-1303,520.81,-164.06,-1589.8,175.9,-741.66,3178.8,257023,413,1752,339,-0.79344,-1.5643,1.3261
16.474,1737.7,2010.6,-0.96847,-2542.3,-773.93,5.6765e+05,736041,1,-367.3,1651.9,1687.4,-1271.8,541.15,-123.2,-1642.9,277.05,-643.88,3290.4,260700,413,1752,339,-0.78946,-1.5501,1.3451
-15.864,1735.5,2010.5,-0.96742,-2532.9,-799.21,5.7042e+05,25917,1,-345.88,1848.2,1947.2,-1293.7,523.79,-155.97,-1677.6,385.13,-546.64,3544.1,269342,413,1752,339,-0.78974,-1.557,1.3368
46.409,1737.3,1995.9,-0.97591,-2538.6,-748.2,5.6844e+05,734949,1,-316.84,1335.9,1332.3,-1208,535.79,-92.701,-1539.6,82.021,-800.05,2903.8,243948,413,1752,339,-0.78594,-1.5405,1.3581
75.088,1737.5,1981.1,-1.0618,-2534.9,-723.78,5.7069e+05,733827,1,-247.3,1290.7,1299.4,-1067,526.21,-20.213,-1463.2,42.165,-785.62,2788.5,239752,413,1752,339,-0.78226,-1.5308,1.3711
70.904,1747.2,1996.9,-1.1163,-2549.4,-738.78,5.646e+05,733825,1,-316.66,1300.3,1272.8,-1163.6,522.77,-86.549,-1502.7,51.741,-809.9,2821.8,240919,413,1752,339,-0.79066,-1.5308,1.3662
99.662,1747.1,1981.8,-1.2713,-2545.5,-714.26,5.6821e+05,732681,1,-265.86,1323.7,1310.3,-1074.3,514.34,-45.828,-1467.8,45.029,-788.86,2788.5,239754,413,1752,339,-0.7869,-1.5211,1.3792
124.69,1756.7,1982.7,-1.3978,-2556.7,-704.55,5.7262e+05,731515,1,-253.47,1339.9,1316.8,-1069.7,505.73,-59.485,-1494.2,48.04,-800.85,2806,240386,413,1752,339,-0.79151,-1.5113,1.3873
154.24,1757,1966.2,-2.9927,-2552.5,-679.49,5.6753e+05,730335,1,-503.98,1422.9,1241.8,-1022.2,520.53,-18.092,-1725,83.322,-881.9,2982.8,247028,413,1752,339,-0.78752,-1.5015,1.4002
149.78,1766,1983.9,-1.258,-2567.9,-694.92,5.6895e+05,730333,1,-240.02,1397,1367.9,-1063.3,509.57,-57.11,-1542.8,82.488,-790.04,2878.4,242678,413,1752,339,-0.79609,-1.5015,1.3953
165.14,1747.3,1922.2,-4.0885,-2518.2,-658.77,5.7136e+05,729143,1,-1472,1329.8,593.75,-1119.3,452.27,-135.57,-1908.1,-28.137,-1072.7,3248.9,259213,413,1752,339,-0.77468,-1.4916,1.4178
176.6,1757.4,1945.3,-4.9737,-2543.1,-660.75,5.6792e+05,729141,1,-1374.9,1405.8,721.6,-1089.9,487.34,-89.604,-2056.6,28.951,-1108.6,3358.6,263445,413,1752,339,-0.78336,-1.4916,1.413
180.82,1766.9,1968,-3.3933,-2565.1,-668.9,5.6838e+05,729139,1,-698.57,1466.4,1163.3,-1027.8,514.37,-31.734,-1839.5,81.021,-946.66,3098.4,250039,413,1752,339,-0.79202,-1.4916,1.4082
190.93,1755.3,1921.6,-4.4373,-2527.9,-647.91,5.6569e+05,727933,1,-1619.2,1489.4,662.02,-1201.1,423.02,-216.44,-2048.8,-22.534,-1143.5,3528.8,268906,413,1752,339,-0.77905,-1.4817,1.4258
219.53,1763.1,1921.5,-5.3564,-2538.9,-634.65,5.6224e+05,726711,1,-1851.2,1691.6,723.65,-1289,411.97,-281.03,-2237.7,15.766,-1207.1,3897,280238,413,1752,339,-0.7834,-1.4717,1.4337
252.34,1770.3,1922.2,-6.9154,-2551.6,-617.72,5.5793e+05,725477,1,-2105.3,1861.4,736.95,-1254.5,362.69,-317.42,-2425.7,56.058,-1270.5,4212.8,286128,413,1752,339,-0.78771,-1.4616,1.4416
288.29,1776.7,1923.8,-8.5757,-2565.8,-597.94,5.5597e+05,724233,1,-2507,2028.1,664.61,-1220.2,282.66,-381.18,-2566.8,29.915,-1370.5,4584.9,290030,413,1752,339,-0.792,-1.4515,1.4495
301.84,1766,1891,-8.3144,-2539.2,-581.69,5.5629e+05,722983,1,-2756.1,2049.8,533.96,-1335.5,96.907,-622.2,-2564.5,-152.47,-1530.9,4817.3,292428,413,1752,339,-0.7873,-1.4414,1.4621
328.64,1779.5,1924.1,-10.301,-2578.5,-572.82,5.5249e+05,722981,1,-2599.9,2161.2,723.48,-1162.5,172.67,-463.59,-2779.9,53.03,-1466.6,4840.6,292649,413,1752,339,-0.79625,-1.4414,1.4573
352.21,1750.7,1856.5,-5.5913,-2518.8,-539.71,5.553e+05,720451,1,-1902.1,1781.8,694.27,-1654.6,235.71,-654.14,-2667.5,102.14,-1320.6,4400.7,288216,413,1752,339,-0.78654,-1.4209,1.4824
341.22,1765.9,1888.4,-9.849,-2547.9,-556.04,5.5625e+05,721721,1,-2865.1,1989.9,394.46,-1459.2,88.292,-699.06,-2908.9,-31.184,-1595.9,5095,294960,413,1752,339,-0.79147,-1.4311,1.4699
381.62,1756.5,1860,-3.5479,-2532.6,-525.93,5.5937e+05,719171,1,-1728.3,1798.9,779.51,-1995.2,437.76,-647.34,-2888.9,246.85,-1303,4639.7,290549,413,1752,339,-0.79061,-1.4106,1.4901
414.6,1764.9,1864.4,-3.7399,-2550,-510.57,5.5747e+05,717883,1,-1570.2,2024.3,1057.2,-2006.1,355.82,-729.27,-2837.4,140.4,-1370.9,4723.7,291419,413,1752,339,-0.79465,-1.4002,1.4977
455.17,1770.2,1866.6,-6.3126,-2566.6,-487.4,5.5092e+05,716587,1,-2617.8,2690.7,1089.6,-1990.7,106.6,-959.44,-3176.8,140.73,-1560.3,5720.2,300798,413,1752,339,-0.79867,-1.3897,1.5053
489.45,1745,1829.9,-8.1339,-2536.6,-445.77,5.5018e+05,715287,1,-2230.3,2786.7,1359.3,-2171.1,-151.22,-1271.6,-3380.4,63.314,-1710.5,5941.2,303218,413,1752,339,-0.79335,-1.3793,1.5177
505.95,1769.1,1867.8,-9.3213,-2582.6,-452.51,5.4699e+05,715285,1,-2706.9,2930.4,1237.4,-1949.6,-44.601,-1073.8,-3309.1,190.02,-1581.8,5990.8,303799,413,1752,339,-0.80265,-1.3793,1.5128
540.16,1742.7,1833,-9.2782,-2553.4,-410.39,5.4957e+05,713979,1,-2529.2,2992.6,1362.3,-2429.3,39.806,-1234.4,-3795.7,421.2,-1607.5,6465.6,308637,413,1752,339,-0.79726,-1.3687,1.5252
592.62,1746.3,1844.4,-9.0412,-2580.8,-376.82,5.4903e+05,712663,1,-2651,3056.7,1325.6,-2886.6,290.88,-1249,-4335.3,740.85,-1606.9,7073.3,312052,413,1752,339,-0.80113,-1.3581,1.5326
647.27,1755.2,1861.2,-9.1094,-2616.3,-344.49,5.4918e+05,711341,1,-2970.8,3392.3,1416.7,-3212.3,501.44,-1240.4,-4794.9,1004.2,-1629,7816.8,316160,413,1752,339,-0.80498,-1.3475,1.5399
682.39,1717.2,1818,-8.7151,-2575.3,-295.52,5.5049e+05,710015,1,-2874.7,3572.7,1592.9,-4068.9,189.18,-1931.2,-5203.9,934.56,-1875.8,8681,320111,413,1752,339,-0.79928,-1.3368,1.5522
708.7,1762.3,1877.4,-11.012,-2653.1,-305.88,5.4359e+05,710013,1,-3477.5,3785.3,1455.7,-3377.3,265.43,-1531.8,-5015.8,978.74,-1772.4,8463,319336,413,1752,339,-0.80879,-1.3368,1.5472
748.19,1720,1836.3,-8.2125,-2612.9,-250.93,5.4645e+05,708681,1,-3117.4,4319.6,2063,-4052.2,143.43,-1963.3,-5122.4,1331.2,-1507.3,9122,321922,413,1752,339,-0.80302,-1.3261,1.5594
826.32,1723.5,1862.9,-6.8882,-2661.7,-196.73,5.4372e+05,707341,1,-3163.6,4946.3,2518.4,-4011.3,216.4,-1882,-4994.3,1741.9,-1110.6,9471.4,323014,413,1752,339,-0.80673,-1.3153,1.5666
914.67,1727.3,1894.9,-5.5576,-2719,-134.57,5.4537e+05,705995,1,-2682.6,5338.2,3039.5,-4019.5,269.2,-1845.2,-4865.2,2021.6,-830.67,9644.3,323553,413,1752,339,-0.81041,-1.3045,1.5738
1006.2,1731.3,1930,-3.4627,-2780.3,-70.531,5.5097e+05,704643,1,-1962.1,5429.6,3429.9,-4058.4,280.53,-1859.4,-4657.1,2117,-666.66,9576.8,323346,413,1752,339,-0.81406,-1.2936,1.5809
-1199.6,1528.6,1952.4,-0.48401,-2156.9,-1713.4,5.3898e+05,75209,1,-115.21,1853.8,3517,-3038.7,863.23,-929.17,-4806.5,1689.8,-837.02,7131.3,312362,413,162,337,-0.80111,-1.8223,0.93405
-1188.8,1567.2,2015.4,-0.049642,-2226.2,-1724.8,5.3816e+05,75207,1,-83.587,1681,3198.4,-3053.8,970.92,-773.81,-4814,1756.1,-780.21,7127.2,312333,413,162,337,-0.81227,-1.8174,0.93405
-1139.1,1597.4,2066.7,1.8927,-2288.6,-1697.8,5.4093e+05,73743,1,90.128,1162.6,2308.8,-3086,1225.1,-340.68,-4675.1,1849.8,-525.65,6586.8,309577,413,162,337,-0.82102,-1.8071,0.94624
-1135.7,1638.4,2126.9,2.3313,-2355.1,-1718,5.3699e+05,73741,1,49.485,926.96,1809.2,-2955.2,1404.5,79.863,-4287.1,1881.6,-178.93,6066.2,304529,413,162,337,-0.8321,-1.802,0.94624
-1114.1,1644.5,2128.5,4.2762,-2362.9,-1700.9,5.451e+05,72281,1,-219.08,764.23,1244.7,-2851.8,1726,766.77,-4033,2147.9,535.54,5920,302994,413,162,337,-0.82965,-1.7967,0.9584
-1106.3,1680.2,2176.5,2.5645,-2417,-1715.3,5.4216e+05,72279,1,-352.45,941.08,1449.9,-2234,1391.7,644.23,-3031.4,1541.3,226.99,4698,291157,413,162,337,-0.84066,-1.7916,0.9584
-1084.6,1690.3,2179,2.0427,-2427.3,-1699.9,5.4923e+05,70821,1,-500.83,1083.1,1558.5,-1822,1186.7,608.69,-2424,1182.2,80.837,4028.8,283262,413,162,337,-0.83814,-1.7863,0.97053
-1060.4,1698.8,2179.2,0.92615,-2435.5,-1681.6,5.5504e+05,69367,1,-560.22,1215.4,1725.9,-1575.6,983.68,444.28,-2086.4,936.21,-76.29,3694.9,273964,413,162,337,-0.8356,-1.7808,0.98262
-1032.5,1703.7,2176.7,0.24947,-2440.6,-1658.4,5.5904e+05,67915,1,-513.64,1310.3,1913.1,-1492.9,858.07,282.77,-1982.3,827.7,-182.62,3651.5,272645,413,162,337,-0.83302,-1.7753,0.99467
-1020.7,1723.5,2201.4,0.059056,-2468.4,-1663,5.5395e+05,67913,1,-434.83,1321.1,1976.8,-1442.1,768.14,143.51,-1896,727.7,-312.54,3594.1,270952,413,162,337,-0.8439,-1.7702,0.99467
-989.94,1725.1,2196.6,-0.10271,-2470.7,-1636,5.5721e+05,66463,1,-417.11,1381.5,2073,-1427.1,721.22,71.905,-1861.5,692.92,-340.8,3606,271291,413,162,337,-0.84126,-1.7647,1.0067
-978.57,1744.3,2220.1,-0.1448,-2497.3,-1641,5.5336e+05,66461,1,-372.35,1368.8,2078.9,-1436.8,721.41,48.152,-1851.1,679.7,-374.71,3598.6,271077,413,162,337,-0.85207,-1.7595,1.0067
-967.79,1763.6,2243.4,-0.13371,-2523.4,-1646.8,5.4992e+05,66459,1,-321.7,1351.9,2082.9,-1441.3,716.96,15.483,-1827,654.52,-424.14,3594.1,270954,413,162,337,-0.86285,-1.7542,1.0067
-935.48,1763.4,2236.8,-0.16588,-2524.1,-1617.8,5.5185e+05,65013,1,-306.79,1400.8,2142.5,-1421.9,684.64,-26.624,-1788,624.83,-438.18,3594.1,270933,413,1752,339,-0.86011,-1.7486,1.0187
-902.62,1762.9,2230.2,-0.22357,-2524.7,-1588,5.5266e+05,63569,1,-309.73,1423.1,2149.3,-1408.7,671.01,-37.037,-1773.7,607.41,-448.13,3590.6,270832,413,1752,339,-0.85733,-1.743,1.0306
-891.99,1781.5,2252.2,-0.18676,-2549.7,-1594.1,5.5067e+05,63567,1,-289.7,1425.2,2159,-1416.5,675.24,-54.481,-1769.9,607.19,-466.85,3600.1,271125,413,1752,339,-0.86801,-1.7377,1.0306
-859.05,1780.7,2244.9,-0.2564,-2549.9,-1564.2,5.5039e+05,62125,1,-305.59,1445,2141.8,-1398.5,662.72,-59.432,-1756.7,586.12,-482.93,3581.9,270561,413,1752,339,-0.86517,-1.732,1.0425
-826.27,1779.7,2237.5,-0.31212,-2549.9,-1534.5,5.5047e+05,60687,1,-308.37,1455.4,2130.7,-1391.5,656.86,-62.541,-1751.2,575.64,-489.69,3572.5,270286,413,1752,339,-0.86229,-1.7262,1.0544
-793.53,1778.8,2229.9,-0.36902,-2549.9,-1504.8,5.5324e+05,59251,1,-308.9,1466.9,2121,-1383.2,649.16,-66.292,-1741.7,563.99,-492.88,3560.8,269908,413,1752,339,-0.85938,-1.7204,1.0662
-760.81,1777.7,2222.2,-0.36926,-2549.8,-1475,5.5355e+05,57817,1,-300.28,1483.7,2119.6,-1380,641.36,-79.049,-1729.9,550.35,-502.34,3560.4,269887,413,1752,339,-0.85645,-1.7145,1.078
-716.97,1794.2,2235.3,-0.3786,-2573.8,-1451,5.5209e+05,56385,1,-301.85,1510.1,2122.5,-1382.1,640.66,-95.548,-1734,549.19,-518.26,3575.4,270369,413,1752,339,-0.86394,-1.7033,1.0897
-683.83,1792.6,2227.3,-0.38212,-2573.6,-1420.8,5.5246e+05,54959,1,-292.43,1526,2121.7,-1376.5,630.51,-103.01,-1728.4,531.17,-530.43,3573.4,270314,413,1752,339,-0.8609,-1.6973,1.1014
-639.43,1808.5,2239.6,-0.50316,-2597.2,-1396.4,5.5056e+05,53535,1,-305.67,1546.7,2108.5,-1377,628.43,-120.73,-1745.9,525.68,-564.38,3588.9,270779,413,1752,339,-0.86819,-1.686,1.1131
-606.65,1806.4,2230.3,-0.6684,-2595.9,-1366.4,5.4784e+05,52117,1,-315.63,1544,2068.5,-1374.8,620.05,-131.62,-1766.4,500.61,-612.2,3577.7,270427,413,1752,339,-0.86505,-1.6799,1.1247
-574.72,1804.3,2220.1,-0.86269,-2593.7,-1337,5.4518e+05,50701,1,-336.91,1534.8,2008.1,-1373.8,612.77,-138.55,-1786.1,478.65,-649.1,3553,269643,413,1752,339,-0.86187,-1.6737,1.1362
-543.46,1802.1,2209.7,-0.89979,-2591.2,-1308.2,5.4355e+05,49287,1,-329.16,1536,1982.5,-1373.6,610.47,-141.71,-1763.8,468.58,-639.66,3550.6,269536,413,1752,339,-0.85866,-1.6675,1.1478
-512.08,1799.8,2199.9,-0.71264,-2589.3,-1279.2,5.4801e+05,47877,1,-281.75,1554.9,2018.1,-1373.6,604.34,-145.87,-1718.9,468.76,-594.35,3550.6,269537,413,1752,339,-0.85542,-1.6612,1.1593
-479.76,1797.5,2190.7,-0.48464,-2588.2,-1249.4,5.5259e+05,46471,1,-242.34,1569.4,2043.6,-1380.2,601.31,-156.33,-1708,465.23,-588.16,3550.6,269541,413,1752,339,-0.85215,-1.6548,1.1707
-446.52,1794.8,2181.3,-0.46414,-2587.2,-1218.7,5.5386e+05,45069,1,-206.49,1591.6,2072.6,-1389.6,590.82,-175.16,-1719.4,450.23,-608.44,3565.4,270013,413,1752,339,-0.84884,-1.6484,1.1821
-413.47,1791.8,2171.1,-0.64254,-2585.3,-1187.9,5.5377e+05,43671,1,-220.99,1594,2038,-1389.4,580.17,-183.79,-1735.4,427.65,-638.36,3556.1,269745,413,1752,339,-0.84551,-1.6419,1.1935
-380.98,1788.8,2160.7,-0.67506,-2583.3,-1157.7,5.5165e+05,42277,1,-226.79,1597.4,2007.3,-1390.4,576.58,-190.04,-1731.8,412.81,-650.71,3539.3,269219,413,1752,339,-0.84214,-1.6354,1.2048
-348.78,1785.8,2150.1,-0.65672,-2581.1,-1127.6,5.4933e+05,40887,1,-220.77,1595.7,1985,-1389.9,572.42,-191.95,-1721.2,398.1,-653.96,3518.6,268599,413,1752,339,-0.83874,-1.6288,1.216
-316.69,1782.6,2139.5,-0.63168,-2578.9,-1097.7,5.5127e+05,39501,1,-204.57,1599.2,1978.8,-1387.9,570.56,-190.97,-1708,393.64,-643.79,3505.7,268187,413,1752,339,-0.83531,-1.6221,1.2272
-284.42,1779.6,2129.4,-0.48211,-2577.3,-1067.6,5.5539e+05,38119,1,-178.51,1607.6,1978.3,-1386.8,574.16,-183.74,-1693.3,397.26,-620.91,3496.7,267911,413,1752,339,-0.83184,-1.6154,1.2384
-252.06,1776.6,2119.3,-0.44556,-2575.9,-1037.5,5.589e+05,36743,1,-158.99,1615,1974.9,-1385.5,570.43,-181.9,-1685.1,383.59,-620.77,3490.6,267749,413,1752,339,-0.82835,-1.6086,1.2495
-219.67,1773.6,2108.9,-0.49917,-2574.2,-1007.3,5.5698e+05,35373,1,-159.64,1630.9,1966.5,-1379.1,552.33,-202.64,-1678.3,351.46,-653.85,3488.3,267671,413,1752,339,-0.82482,-1.6018,1.2606
-187.3,1770.1,2097.9,-0.6573,-2572,-976.9,5.5652e+05,34007,1,-163.09,1633,1944.1,-1366.8,536.27,-208,-1665.1,324.89,-665.54,3463.1,266861,413,1752,339,-0.82127,-1.5949,1.2717
-155.32,1766.5,2086.6,-0.73377,-2569.5,-946.81,5.5974e+05,32645,1,-165.92,1628.8,1910.8,-1358.5,528.39,-212.01,-1658.1,311.66,-671.4,3434.9,265969,413,1752,339,-0.81768,-1.5879,1.2826
-123.9,1763.1,2075.6,-0.64139,-2567.2,-917.32,5.63e+05,31287,1,-166.6,1607.3,1858.3,-1358.3,540.01,-196.98,-1662.2,307.07,-673.07,3398.5,264670,413,1752,339,-0.81406,-1.5809,1.2936
-93.244,1760,2064.4,-0.61548,-2564.8,-888.64,5.611e+05,29935,1,-160.89,1586,1812.5,-1346.4,536.39,-188.32,-1640.1,273.68,-687.08,3346.5,263055,413,1752,339,-0.81041,-1.5738,1.3045
-63.107,1756.8,2052.6,-0.73493,-2561.8,-860.39,5.6236e+05,28589,1,-173.23,1561.9,1754.3,-1338.4,529.83,-189.84,-1644,239.59,-722.93,3307.3,261283,413,1752,339,-0.80673,-1.5666,1.3153
-34.173,1753.6,2040,-0.86138,-2558.1,-833.2,5.6534e+05,27249,1,-376.9,1809.4,1897.2,-1315.3,522.35,-182.21,-1754.9,375.66,-621.49,3551.4,269589,413,1752,339,-0.80302,-1.5594,1.3261
43.056,1748.1,2013,-1.4055,-2555,-762.83,5.6623e+05,734947,1,-426.84,1389,1330.6,-1281.6,544.3,-132.74,-1665.1,107.33,-855.32,3058.4,248933,413,1752,339,-0.79426,-1.5405,1.3532
40.528,1759.9,2031.9,-1.7768,-2573.6,-777.18,5.6508e+05,734945,1,-481.78,1482.8,1405.8,-1312.7,553.57,-148.72,-1779.1,161.76,-873.3,3226.9,258518,413,1752,339,-0.80255,-1.5405,1.3483
12.157,1749.1,2028.3,-1.2382,-2559.3,-789.57,5.6834e+05,736039,1,-499.92,1836.9,1829.8,-1305.5,546.8,-146.12,-1809.4,391.2,-625.42,3551.4,269588,413,1752,339,-0.7977,-1.5501,1.3402
68.998,1758.2,2014.7,-1.819,-2566.9,-752.41,5.6457e+05,733823,1,-588.61,1390.4,1217.7,-1279.9,527.67,-157.98,-1720,85.988,-913.22,3082.9,249485,413,1752,339,-0.79903,-1.5308,1.3614
95.411,1756.9,1997.9,-1.1385,-2560.3,-729.52,5.6613e+05,732679,1,-399.83,1333.2,1243.6,-1169.4,513.47,-108.65,-1541.1,55.041,-831.24,2862.8,242177,413,1752,339,-0.79535,-1.5211,1.3743
120.24,1766.3,1998.8,-1.1362,-2571.2,-720.07,5.639e+05,731513,1,-557.91,1350.6,1153.1,-1188,515.1,-126,-1592.7,66.436,-851.7,2902.4,243920,413,1752,339,-0.80001,-1.5113,1.3824
144.56,1775.9,2000,-0.89388,-2582.4,-711.39,5.647e+05,730331,1,-396.02,1364.3,1242.3,-1160.1,519.12,-109.82,-1548.4,90.238,-797.23,2868.8,242325,413,1752,339,-0.80464,-1.5015,1.3904
176.33,1775.5,1986,-1.2321,-2580.6,-684.36,5.6995e+05,729137,1,-187.5,1462.5,1447.7,-1065.7,517.24,-58.448,-1553.9,117.01,-761.91,2947.1,245970,413,1752,339,-0.80064,-1.4916,1.4033
203.45,1766.6,1946.6,-5.3395,-2555.2,-649.69,5.6721e+05,727931,1,-1493.3,1566.3,805.84,-1118.1,477.58,-121.4,-2149.4,78.759,-1109.3,3561.2,269919,413,1752,339,-0.78779,-1.4817,1.421
209.17,1776,1969.8,-3.8947,-2578.2,-656.66,5.6456e+05,727929,1,-775.99,1575.2,1214.6,-1005.3,473.19,-69.124,-1892.4,100.21,-957.53,3210.3,257997,413,1752,339,-0.79649,-1.4817,1.4161
233.81,1774.8,1948.2,-6.0958,-2568.4,-635.34,5.6456e+05,726709,1,-1659,1724.6,859.43,-1104.2,421.02,-177.05,-2252.2,88.168,-1156,3782.8,277007,413,1752,339,-0.79218,-1.4717,1.4289
267.36,1782,1950.9,-6.6022,-2582.9,-617.96,5.5906e+05,725475,1,-1537.9,1904.3,1087.6,-1012.8,348.37,-206.58,-2278.7,140.98,-1120.6,3851.3,279093,413,1752,339,-0.79654,-1.4616,1.4368
304.35,1787.1,1953.3,-7.3013,-2597.3,-596.88,5.527e+05,724231,1,-1422,2011.7,1235.6,-1048.6,290.9,-288.65,-2413.7,148.25,-1188.2,4015.3,282990,413,1752,339,-0.80088,-1.4515,1.4446
367.42,1782,1926,-10.393,-2592,-549.24,5.5483e+05,721719,1,-2488.2,2020,617.22,-1440.3,261.6,-531.9,-3169.5,161.72,-1574.1,5062.4,294714,413,1752,339,-0.80048,-1.4311,1.465
341.24,1791.7,1956.9,-6.8835,-2612.4,-575.9,5.5166e+05,722979,1,-1094.5,2071.2,1447.7,-1230.3,281.1,-403.73,-2615.2,221.5,-1229.1,4211.7,286112,413,1752,339,-0.80518,-1.4414,1.4523
373.04,1769.7,1890.2,-8.3612,-2559.9,-539.12,5.587e+05,720449,1,-2847.1,1703.2,101.59,-1813.4,430.61,-565.52,-3341.1,236.7,-1577.2,5340.2,297301,413,1752,339,-0.79562,-1.4209,1.4776
400.47,1779.1,1895.2,-6.851,-2576.3,-529.11,5.599e+05,719169,1,-2672.4,1715.7,191.62,-2054.9,508.7,-621.68,-3337.2,288.42,-1521.6,5340.9,297309,413,1752,339,-0.79974,-1.4106,1.4852
433.76,1789.1,1901.1,-7.1468,-2595.8,-514.57,5.5443e+05,717881,1,-3032.1,2224.5,450.31,-2070.5,388.31,-749.46,-3450.5,253.49,-1620.8,5825.9,302053,413,1752,339,-0.80383,-1.4002,1.4928
479.09,1793.2,1904.8,-9.6797,-2614.6,-487.05,5.4708e+05,716585,1,-3410.3,2825.4,778.24,-1870.6,84.186,-927.95,-3486.9,232.76,-1662.7,6289.9,306847,413,1752,339,-0.80789,-1.3897,1.5004
532.1,1792,1909.2,-11.359,-2633.7,-450.53,5.4425e+05,715283,1,-3330.9,2977.9,930,-1923.7,47.799,-992.44,-3750.9,440.43,-1618.5,6511.4,309069,413,1752,339,-0.81191,-1.3793,1.5078
559.99,1769.5,1876.2,-9.7162,-2606.1,-415.95,5.4885e+05,713977,1,-2942.6,3034,1169.6,-2264.5,224.22,-1000.4,-3919.2,693.79,-1456.2,6585.8,309570,413,1752,339,-0.8066,-1.3687,1.5202
612.09,1777.8,1893.5,-8.2566,-2640.4,-385.47,5.5132e+05,712661,1,-2960.1,3197,1268.5,-2684.9,556.11,-928.21,-4405.5,1061.7,-1391.1,7172.3,312614,413,1752,339,-0.81052,-1.3581,1.5276
669.68,1788.9,1913.3,-8.7053,-2680.5,-352.17,5.4658e+05,711339,1,-3220.7,3573.1,1426.9,-2701,541.65,-955.81,-4527.2,1119.3,-1418,7578.8,314987,413,1752,339,-0.81441,-1.3475,1.535
736.07,1796.2,1932.1,-10.807,-2721.2,-309.92,5.3912e+05,710011,1,-3640.1,4160.2,1670,-2538.5,246.12,-1133.1,-4635.5,1111.2,-1498.4,8130.4,317816,413,1752,339,-0.81827,-1.3368,1.5422
778.54,1764.1,1894.1,-12.565,-2690.6,-257.89,5.3786e+05,708679,1,-4060.8,4386.8,1615.2,-3119.9,90.591,-1556.1,-5084.5,1193.9,-1646.1,8971.9,321301,413,1752,339,-0.81258,-1.3261,1.5545
855.34,1765.3,1917.4,-11.775,-2735.4,-204.16,5.3819e+05,707339,1,-4049.8,4777.4,1908.1,-3317.3,176.45,-1580.3,-5102.5,1639.9,-1281.4,9314.8,322570,413,1752,339,-0.81633,-1.3153,1.5617
936.5,1769.3,1947.5,-9.4496,-2788.9,-148.82,5.43e+05,705993,1,-3579.9,4651.1,1993.4,-3135.9,338.43,-1361.3,-4940.7,1818.1,-1077,8893.8,321033,413,1752,339,-0.82005,-1.3045,1.5688
1017.3,1776.3,1980.7,-6.5879,-2846.8,-96.07,5.4757e+05,704641,1,-2464.2,4781.5,2634.9,-3465.5,402.48,-1478.4,-4627.5,1927.7,-834.91,8721.4,320273,413,1752,339,-0.82375,-1.2936,1.5758
-1240.2,1579.8,2027,-0.30171,-2232.8,-1776.9,5.367e+05,76671,1,-351.99,1868.3,3386.8,-2872.5,886.15,-783.38,-4694.4,1726,-730.93,7091.3,312135,413,162,337,-0.8146,-1.8226,0.92181
-1227.1,1616.2,2087.4,-3.9869e-05,-2299.2,-1785.7,5.3631e+05,76669,1,-275.96,1743.4,3185.5,-2752.9,924.82,-643.31,-4382.8,1675.9,-623.4,6672.1,310098,413,162,337,-0.82577,-1.8176,0.92181
-1179.2,1605.7,2077.3,0.48451,-2294.4,-1737.8,5.3639e+05,75205,1,-105.24,1568.2,2952.4,-2916.7,1000,-630.82,-4540.9,1703.9,-695.22,6715.5,310335,413,162,337,-0.82341,-1.8124,0.93405
-1170.6,1642.2,2133.6,0.86546,-2356.4,-1751.2,5.3408e+05,75203,1,-89.863,1424.3,2678,-2670.3,1023.2,-405.88,-3991.4,1572.2,-521.94,6018.8,304077,413,162,337,-0.83452,-1.8073,0.93405
-1130.1,1674,2176.7,2.0508,-2410.4,-1734.2,5.3554e+05,73739,1,-129.75,1038.8,1857.8,-2395.5,1212.6,169.85,-3331.8,1468.7,-174.63,5007.3,294216,413,162,337,-0.84314,-1.7969,0.94624
-1098.2,1708.8,2212.5,1.4181,-2457.6,-1726.7,5.4073e+05,72277,1,-286.8,1008.7,1624.3,-1878.8,1106.5,395.12,-2477.5,1093.6,-159.05,4001,282676,413,162,337,-0.85163,-1.7864,0.9584
-1074.2,1715,2209.5,0.89862,-2461.9,-1707.6,5.4562e+05,70819,1,-397.09,1082.6,1639.3,-1684.2,1009.6,380.11,-2212.9,932.86,-223.19,3719.5,274850,413,162,337,-0.84909,-1.7811,0.97053
-1048.9,1720.2,2205.8,0.36991,-2465.5,-1687.1,5.5001e+05,69365,1,-434.48,1189.5,1774.7,-1540.5,900.32,300.57,-2036.4,835.17,-244.55,3596,271009,413,162,337,-0.84651,-1.7757,0.98262
-1009.5,1743.4,2226,-0.036142,-2496,-1668.5,5.5016e+05,67911,1,-377.29,1291.6,1967.2,-1465.7,772.02,110.97,-1902.6,710.85,-373.11,3594.1,270949,413,162,337,-0.85474,-1.765,0.99467
-998.86,1763.2,2249.9,-0.080025,-2522.8,-1674.5,5.4759e+05,67909,1,-325.96,1273.6,1974.3,-1467.8,764.03,74.905,-1872.4,679.6,-427.96,3594.1,270943,413,162,337,-0.86556,-1.7597,0.99467
-988.57,1782.8,2273.2,-0.11217,-2548.9,-1681,5.4594e+05,67907,1,-305.91,1301.9,2024.4,-1447.7,737.82,27.957,-1825.8,649.28,-460.43,3594.1,270935,413,162,337,-0.87634,-1.7544,0.99467
-957.29,1782.8,2266.2,-0.14634,-2549.1,-1653.1,5.4833e+05,66457,1,-293.52,1359.4,2103.7,-1438.1,707.69,-19.786,-1801,633.81,-462.97,3594.1,270934,413,1752,339,-0.8736,-1.7489,1.0067
-924.96,1782.3,2259.2,-0.15165,-2549.4,-1623.9,5.5008e+05,65011,1,-286.77,1396.5,2144.7,-1428.9,689.18,-41.986,-1782.7,622.16,-459.21,3595.4,270989,413,1752,339,-0.87082,-1.7433,1.0187
-914.42,1801.4,2281.6,-0.17014,-2574.6,-1630.4,5.4922e+05,65009,1,-279.08,1400.7,2149.9,-1434.5,694.2,-53.768,-1788.3,627.61,-473.13,3608.3,271356,413,1752,339,-0.8815,-1.7379,1.0187
-881.31,1800.3,2274.3,-0.19722,-2574.7,-1600.4,5.5013e+05,63565,1,-273.14,1433.7,2175.3,-1429,681.18,-76.389,-1784.2,616.77,-488.01,3629.9,271965,413,1752,339,-0.87866,-1.7323,1.0306
-848.08,1799.2,2266.8,-0.29092,-2574.7,-1570.2,5.5089e+05,62123,1,-290.31,1446.6,2156.3,-1414,672.77,-71.905,-1774.5,601.29,-493.42,3610.8,271429,413,1752,339,-0.87578,-1.7267,1.0425
-815.19,1798,2259.1,-0.35827,-2574.5,-1540.3,5.5078e+05,60685,1,-303.56,1461,2136.3,-1400.9,663.94,-74.952,-1763.9,584.88,-504.8,3592.8,270890,413,1752,339,-0.87287,-1.7209,1.0544
-782.49,1796.8,2251.2,-0.38135,-2574.3,-1510.6,5.5156e+05,59249,1,-311.75,1479,2121.9,-1389.2,654.73,-81.459,-1752.1,569.98,-513.74,3579.2,270483,413,1752,339,-0.86993,-1.7151,1.0662
-749.8,1795.6,2243.3,-0.38406,-2574,-1480.9,5.5257e+05,57815,1,-311.2,1492.6,2116.3,-1383,647.79,-85.082,-1741.5,559.24,-513.91,3571.1,270245,413,1752,339,-0.86695,-1.7093,1.078
-738.4,1813.6,2264.7,-0.44681,-2598.6,-1486.7,5.5274e+05,57813,1,-310.82,1500.8,2119.4,-1391.5,656.11,-95.585,-1765,574.07,-529.32,3597.5,271057,413,1752,339,-0.87742,-1.7039,1.078
-705.61,1812,2256.5,-0.45503,-2598.2,-1456.9,5.5227e+05,56383,1,-310.7,1520.2,2119.4,-1386.3,647.11,-103.99,-1755.3,562.03,-532.79,3596,271010,413,1752,339,-0.87438,-1.698,1.0897
-672.56,1810.3,2248.1,-0.45344,-2597.7,-1426.7,5.5003e+05,54957,1,-305.69,1539.8,2125,-1383.7,638.44,-115.04,-1751,550.77,-540.97,3602.4,271185,413,1752,339,-0.8713,-1.692,1.1014
-627.89,1826.1,2260.6,-0.5466,-2621.5,-1402.4,5.5037e+05,53533,1,-306.38,1554.2,2103.6,-1384.5,635.18,-132.44,-1770.4,539.38,-580.95,3610.4,271417,413,1752,339,-0.87852,-1.6806,1.1131
-595.18,1824,2251.3,-0.62294,-2620.3,-1372.4,5.4903e+05,52115,1,-320.06,1550.2,2054.3,-1383.1,628.06,-141.01,-1787.7,511.56,-628.12,3592.3,270881,413,1752,339,-0.87534,-1.6745,1.1247
-563.16,1821.7,2241.1,-0.78036,-2618.2,-1343,5.4547e+05,50699,1,-341.98,1545.4,2002.1,-1381.7,622.21,-146.55,-1801.5,487.67,-665.1,3571.7,270264,413,1752,339,-0.87212,-1.6684,1.1362
-531.87,1819.4,2230.5,-0.8946,-2615.5,-1314.2,5.4385e+05,49285,1,-354.09,1545.9,1970.7,-1378.4,618.4,-147.93,-1795.7,477.3,-668.24,3550.6,269568,413,1752,339,-0.86888,-1.6622,1.1478
-500.81,1817,2220,-0.81385,-2613.1,-1285.6,5.4552e+05,47875,1,-320.5,1551.6,1976.7,-1376.5,614.74,-149.67,-1752.6,472.23,-634.3,3550.6,269538,413,1752,339,-0.8656,-1.6559,1.1593
-469.15,1814.7,2210.3,-0.55704,-2611.5,-1256.4,5.4997e+05,46469,1,-247.54,1575.7,2035.6,-1381.6,606.46,-161.31,-1707.5,467.83,-596.07,3550.6,269542,413,1752,339,-0.86229,-1.6496,1.1707
-436.27,1812,2201,-0.41019,-2610.5,-1226,5.5251e+05,45067,1,-223.61,1596.9,2058.9,-1387.5,599.11,-176.97,-1710.7,458.89,-607.52,3558.1,269815,413,1752,339,-0.85894,-1.6432,1.1821
-403.01,1808.9,2190.8,-0.55912,-2608.8,-1195.2,5.5341e+05,43669,1,-221.73,1613.2,2053.5,-1392.5,588.16,-191.66,-1735.9,441,-639.61,3578.7,270469,413,1752,339,-0.85557,-1.6367,1.1935
-370.27,1805.8,2180.3,-0.68241,-2606.8,-1164.7,5.5134e+05,42275,1,-248.91,1615.3,2009.7,-1392.5,583.25,-195.76,-1754.6,426.83,-663.52,3567.7,270079,413,1752,339,-0.85216,-1.6302,1.2048
-338.18,1802.6,2169.4,-0.73982,-2604.3,-1134.8,5.5121e+05,40885,1,-249.12,1609.8,1975.5,-1389.8,577.39,-199.1,-1740.4,404.98,-674.06,3536.7,269148,413,1752,339,-0.84872,-1.6236,1.216
-306.33,1799.4,2158.5,-0.71851,-2601.8,-1105,5.5127e+05,39499,1,-223.51,1610.4,1965.9,-1386.5,577.52,-192.42,-1713.2,403.98,-645.48,3509.4,268310,413,1752,339,-0.84524,-1.617,1.2272
-274.35,1796.3,2148.2,-0.53138,-2600.1,-1075.3,5.5485e+05,38117,1,-213.38,1620.2,1963.2,-1385.2,580.7,-188.04,-1707.2,406.77,-633.9,3506.9,268221,413,1752,339,-0.84174,-1.6103,1.2384
-242.07,1793.2,2137.9,-0.52812,-2598.5,-1045.3,5.555e+05,36741,1,-189.37,1633.6,1969.2,-1380.1,568.14,-196.63,-1690.7,380.7,-645.54,3502.6,268093,413,1752,339,-0.8382,-1.6035,1.2495
-209.76,1789.9,2127.1,-0.59767,-2596.5,-1015.1,5.541e+05,35371,1,-181.52,1648.1,1963.8,-1371.7,546.93,-216.38,-1678.8,351.96,-666.26,3495.6,267874,413,1752,339,-0.83464,-1.5967,1.2606
-177.35,1786.2,2116,-0.68619,-2594.2,-984.63,5.5524e+05,34005,1,-173.5,1645.5,1945.2,-1369.8,537.38,-221.24,-1683.6,335.83,-678.05,3484.7,267508,413,1752,339,-0.83104,-1.5898,1.2717
-145.41,1782.5,2104.6,-0.71963,-2591.6,-954.61,5.5871e+05,32643,1,-182.19,1636.7,1900,-1372.1,546.55,-211.44,-1696.7,341.52,-673.52,3463.7,266888,413,1752,339,-0.82741,-1.5828,1.2826
-114.18,1779.1,2093.5,-0.63731,-2589.4,-925.38,5.6203e+05,31285,1,-192.46,1621.8,1853.1,-1372.2,550.93,-202.65,-1699.3,323.29,-688.19,3434.3,265941,413,1752,339,-0.82375,-1.5758,1.2936
-83.568,1775.7,2081.7,-0.77762,-2586.4,-896.67,5.5968e+05,29933,1,-206.43,1613.3,1811.6,-1352.7,535.73,-207.12,-1673.2,281.29,-715.17,3387.8,264358,413,1752,339,-0.82005,-1.5688,1.3045
-53.504,1772.3,2069.7,-0.81029,-2583.3,-868.45,5.6151e+05,28587,1,-252,1762.1,1932.2,-1331.3,518.61,-209.3,-1684.9,354.21,-623.74,3513,268424,413,1752,339,-0.81633,-1.5617,1.3153
6.2961,1760.5,2046,-0.9599,-2575.8,-806.52,5.6451e+05,736037,1,-347.81,1781.2,1857.7,-1288.6,543.24,-148.88,-1743,368.18,-625.34,3505.3,268178,413,1752,339,-0.8059,-1.5501,1.3353
-0.48112,1771.9,2063,-0.78214,-2591.5,-824.28,5.5851e+05,736035,1,-353.42,1812,1898.6,-1308.3,528.62,-185.61,-1744.7,388.89,-615.04,3551.4,269590,413,1752,339,-0.81408,-1.5501,1.3303
36.15,1771.3,2050.7,-1.4098,-2591.3,-792.99,5.6165e+05,734943,1,-307.56,1575.1,1622.4,-1288.2,561.23,-132.18,-1723.1,228.21,-776.46,3289.9,260681,413,1752,339,-0.8108,-1.5405,1.3434
68.749,1770.3,2034.8,-2.4484,-2587.2,-765.02,5.6123e+05,733821,1,-642.23,1507.8,1319.6,-1303,531.68,-175.31,-1850.5,131.59,-952.79,3284.5,260365,413,1752,339,-0.80737,-1.5308,1.3564
66.613,1781.7,2054.9,-2.1101,-2606.6,-779.03,5.5794e+05,733819,1,-450.43,1602.8,1544.4,-1277.4,544.58,-154,-1833,215.92,-861.37,3355.2,263347,413,1752,339,-0.81567,-1.5308,1.3514
94.744,1768,2016,-2.1432,-2578.4,-742.23,5.6181e+05,732677,1,-745.18,1380.5,1093.7,-1257.3,511.73,-169.5,-1733.6,64.362,-945.16,3071.1,249211,413,1752,339,-0.80377,-1.5211,1.3694
97.209,1779.9,2036.9,-3.2253,-2600,-752.56,5.5746e+05,732675,1,-852.5,1524.7,1192.6,-1312.9,528.81,-191.94,-1974.6,146,-1012.8,3385.3,264280,413,1752,339,-0.81215,-1.5211,1.3645
121.02,1777.4,2017.2,-2.5143,-2589.9,-731.68,5.5917e+05,731511,1,-929.48,1431.9,1026.9,-1301.1,529.6,-183.03,-1873.8,104.98,-986.69,3235.9,258822,413,1752,339,-0.80848,-1.5113,1.3775
146.95,1787.5,2019.2,-2.7098,-2602.5,-722.02,5.6293e+05,730329,1,-1101.8,1424.7,896.37,-1348.5,555.3,-189.96,-1971.9,138.79,-1008.1,3336.8,262731,413,1752,339,-0.81315,-1.5015,1.3854
170,1785.6,2002.1,-0.61356,-2594.8,-702.07,5.6433e+05,729135,1,-575.93,1413.5,1174.7,-1236.9,537.2,-143.17,-1651.9,129.63,-819.47,2994.3,247345,413,1752,339,-0.80924,-1.4916,1.3983
203.76,1784.8,1988.4,-1.1422,-2593.7,-673.14,5.6951e+05,727927,1,-140.78,1556.4,1551.3,-1051.9,473.77,-102.76,-1598.6,123.77,-780.6,3061.1,249014,413,1752,339,-0.80516,-1.4817,1.4112
196.5,1795.3,2004.7,-0.45448,-2608,-692.06,5.6224e+05,727925,1,-524.36,1514.4,1290,-1284.1,529.86,-185.26,-1682.5,158.31,-807.71,3115.3,250498,413,1752,339,-0.81381,-1.4817,1.4062
239.2,1783.8,1971.7,-4.0775,-2591.1,-642.57,5.6116e+05,726707,1,-570.01,1681.6,1417.5,-993.25,418.35,-127.16,-1870.7,131.57,-916.72,3270.7,259920,413,1752,339,-0.80093,-1.4717,1.424
270.22,1790.7,1974.3,-3.6331,-2604.5,-627.47,5.5846e+05,725473,1,-449.93,1789.3,1571.1,-1052,374.91,-210.14,-1932.3,170.54,-912.41,3429.1,265788,413,1752,339,-0.80534,-1.4616,1.4319
302.18,1797.3,1977.9,-2.7493,-2619,-611.68,5.5838e+05,724229,1,-191.58,1804.8,1711.2,-1196.6,385.75,-286.02,-1944.5,212,-880.92,3533.7,269057,413,1752,339,-0.80972,-1.4515,1.4396
335.18,1803.8,1981.7,-2.0546,-2634.1,-595.2,5.5684e+05,722977,1,-215.18,1929,1802.7,-1240.6,368.72,-330.1,-2062,256.85,-901.68,3732.6,275384,413,1752,339,-0.81408,-1.4414,1.4474
378.5,1797.1,1961.3,-6.6541,-2628.9,-555.27,5.5112e+05,721717,1,-957.29,2038.2,1470.8,-1423.4,405.98,-391.73,-2757.1,315.3,-1218.3,4331.7,287508,413,1752,339,-0.80945,-1.4311,1.4601
400.4,1789.1,1930.4,-9.7281,-2608.3,-533.21,5.5823e+05,720447,1,-2450.1,1760.3,362.58,-1777.4,547.9,-443.07,-3458.4,332,-1569.4,5236.6,296261,413,1752,339,-0.80467,-1.4209,1.4727
413.74,1806.2,1968.2,-6.4974,-2649,-538.53,5.5683e+05,720445,1,-1158,1982.5,1280.8,-1512.4,556.21,-300.08,-2883.6,399.97,-1209.9,4420.1,288421,413,1752,339,-0.81369,-1.4209,1.4677
369.96,1811.4,1987.5,-1.4681,-2652.2,-578.06,5.6181e+05,721715,1,-52.741,2019.8,1957.4,-1447.5,465.43,-356.96,-2130.2,364.64,-838.82,3965.8,282005,413,1752,339,-0.8184,-1.4311,1.4551
429.71,1801.4,1937.8,-9.128,-2628.8,-523.32,5.6053e+05,719167,1,-2793.6,1877.4,263.37,-1838.2,601.08,-430.5,-3551.9,370.67,-1586.8,5531.3,299208,413,1752,339,-0.80884,-1.4106,1.4803
465.23,1811.3,1943.6,-10.244,-2649.1,-507.16,5.5385e+05,717879,1,-3177.6,2301.3,429.4,-1734.7,354.77,-611.67,-3562.7,272.08,-1689.7,5891.4,302707,413,1752,339,-0.81297,-1.4002,1.4879
510.24,1813.9,1947.3,-11.717,-2666.9,-479.46,5.468e+05,716583,1,-3176.4,2698.7,773.4,-1659.2,103.87,-808.85,-3618,289,-1708.2,6122.1,305172,413,1752,339,-0.81708,-1.3897,1.4954
559.23,1813.8,1953.6,-11.382,-2686.8,-447.38,5.4435e+05,715281,1,-2962.6,2815.5,966.81,-1773.2,129.24,-850.65,-3798.6,544.11,-1576.8,6223.8,306194,413,1752,339,-0.82115,-1.3793,1.5028
584.24,1794.6,1921.1,-10.07,-2660.6,-417.08,5.4725e+05,713975,1,-3120.4,2987.2,1018.4,-2165.8,349.13,-851.72,-4074.8,866.91,-1412.1,6677.1,310130,413,1752,339,-0.81591,-1.3687,1.5153
607.82,1818.3,1966.1,-9.57,-2714.1,-418.29,5.4552e+05,713973,1,-2800.6,2880.3,1081.1,-2007.8,422.75,-714.42,-3926.5,874.44,-1353.2,6327.9,307220,413,1752,339,-0.82519,-1.3687,1.5102
635.1,1804,1939,-8.378,-2695.7,-388.64,5.5028e+05,712659,1,-3057.1,3113.6,1133.8,-2331.3,601.44,-717.27,-4190.4,1112.5,-1261.4,6857.5,311073,413,1752,339,-0.81988,-1.3581,1.5226
691.7,1815.8,1960.3,-7.9572,-2737,-357,5.4901e+05,711337,1,-3280.5,3713.8,1498.6,-2227.1,506.04,-753.76,-4193.5,1190,-1212.3,7283.9,313168,413,1752,339,-0.82381,-1.3475,1.5299
760.3,1822.8,1980.7,-9.7419,-2779.5,-313.16,5.4233e+05,710009,1,-3395.8,4211.6,1827.6,-2036.1,221.8,-903.67,-4185.3,1185.3,-1226.3,7618.8,315183,413,1752,339,-0.82772,-1.3368,1.5372
810.07,1798.5,1950.9,-12.718,-2762.2,-259.12,5.3562e+05,708677,1,-3942.1,4493.5,1754.4,-2502.4,98.499,-1241.8,-4802.9,1228.2,-1496.6,8569.7,319697,413,1752,339,-0.8221,-1.3261,1.5495
835.8,1824.2,2000.6,-11.146,-2821.4,-261.1,5.3819e+05,708675,1,-3391.5,4432.7,1983.3,-2070.5,93.328,-1031.4,-4348.4,1253.5,-1259.7,7906.4,316698,413,1752,339,-0.83159,-1.3261,1.5444
888.08,1799.5,1973.6,-12.831,-2807.1,-204.84,5.3563e+05,707337,1,-3636.4,4484.2,1861.8,-2558.5,176.93,-1207.3,-4818.3,1502.7,-1286.5,8483,319404,413,1752,339,-0.8259,-1.3153,1.5566
964.04,1803.6,2001.1,-10.665,-2857,-154.48,5.3825e+05,705991,1,-2674.1,4148.1,2040.9,-2686.3,400.89,-1093.2,-4568.9,1625.8,-1071.6,7858.9,316421,413,1752,339,-0.82966,-1.3045,1.5637
1032.1,1811.7,2030,-6.8722,-2907.8,-113.61,5.4325e+05,704639,1,-2383.8,4126.2,2142.4,-2853.6,500.57,-1098.6,-4445.7,1717,-938.09,7777.6,315942,413,1752,339,-0.8334,-1.2936,1.5708
1095.9,1820.9,2056.1,-4.106,-2956,-77.48,5.4761e+05,703281,1,-1584.8,3965.2,2390.9,-2884.8,512.37,-1112,-4004.7,1539.1,-869.61,7275.6,313116,413,1752,339,-0.8371,-1.2826,1.5777
-1274.4,1625.2,2096.1,-0.18624,-2302.4,-1832.6,5.3834e+05,78135,1,-483.9,1780.3,3129,-2632.6,905.14,-575.55,-4343.8,1677.5,-580.93,6579.9,309527,413,162,337,-0.82809,-1.8227,0.90955
-1260.2,1657.5,2149.3,-0.035538,-2360.8,-1839,5.3785e+05,78133,1,-412.08,1699.9,3016.6,-2373.5,860.9,-468.5,-3752.5,1489.3,-484.16,5940.3,303209,413,162,337,-0.83926,-1.8176,0.90955
-1214.7,1650,2141.9,0.22515,-2359.2,-1794.5,5.3528e+05,76667,1,-292.98,1668.3,3015,-2478.2,881,-516.68,-3833.9,1499.8,-529.29,6031,304206,413,162,337,-0.8369,-1.8125,0.92181
-1203.5,1680.4,2188.1,0.30572,-2409.9,-1803.3,5.35e+05,76665,1,-230.93,1583.5,2896.8,-2243.4,831.35,-431.24,-3305.4,1302.8,-481.83,5451.3,298512,413,162,337,-0.84801,-1.8073,0.92181
-1162.4,1674.7,2181.2,0.96171,-2408.9,-1763.7,5.3423e+05,75201,1,-98.698,1298.5,2416.9,-2280,978.27,-182.47,-3214.7,1313.4,-382.43,5092.3,294940,413,162,337,-0.84559,-1.8021,0.93405
-1124,1704.3,2216.2,1.5711,-2454.4,-1748,5.3448e+05,73737,1,-140.69,1092.2,1943.7,-2029.3,1029.7,115.92,-2693.4,1112.8,-325.54,4333.7,287523,413,162,337,-0.85415,-1.7917,0.94624
-1090,1733.7,2242.7,0.72343,-2491.5,-1736.6,5.3992e+05,72275,1,-220.43,1040,1739.4,-1754.3,970.84,226.3,-2245.4,883.07,-379.9,3767.4,276505,413,162,337,-0.86258,-1.7812,0.9584
-1064.6,1737.6,2237.1,0.44081,-2492.9,-1715.5,5.4334e+05,70817,1,-324.48,1096.1,1717.9,-1599.2,917.12,261.44,-2072.5,811.44,-351.21,3594.1,270953,413,162,337,-0.86,-1.7758,0.97053
-1038.2,1741.2,2231.6,0.15654,-2494.5,-1693.3,5.4674e+05,69363,1,-375.96,1210.6,1848.8,-1495.7,820.82,172.02,-1949.8,733.86,-380.61,3594.1,270942,413,162,337,-0.85739,-1.7704,0.98262
-1028.1,1761.7,2256.4,0.046693,-2522.2,-1700.1,5.4499e+05,69361,1,-307.56,1181.5,1855.1,-1508.9,820.08,140.65,-1925.7,707.8,-430.93,3594.1,270938,413,162,337,-0.86824,-1.7652,0.98262
-1018.4,1782,2280.3,-0.01745,-2549,-1707.3,5.4395e+05,69359,1,-285.01,1226.1,1937.8,-1478,777.17,68.167,-1861.2,661.74,-481.14,3594.1,270936,413,1752,339,-0.87905,-1.7598,0.98262
-978.41,1802.4,2296.4,-0.13354,-2574.9,-1687.9,5.4484e+05,67905,1,-275.9,1304,2046.5,-1462.8,740.83,-1.8113,-1833.1,648.27,-495.01,3594.1,270948,413,1752,339,-0.88709,-1.749,0.99467
-946.86,1802.1,2288.9,-0.16901,-2574.7,-1659.6,5.4712e+05,66455,1,-282.39,1367.1,2115.2,-1444.1,710.01,-40.605,-1806.5,635.6,-487.63,3594.3,270971,413,1752,339,-0.88431,-1.7435,1.0067
-903.9,1820.5,2304.2,-0.17887,-2600.1,-1637,5.4824e+05,65007,1,-265.46,1406.3,2159.1,-1445.1,700.57,-74.101,-1801.5,635.57,-496.83,3631.9,272030,413,1752,339,-0.89215,-1.7325,1.0187
-870.71,1819.2,2296.7,-0.17241,-2600,-1607,5.4896e+05,63563,1,-260.55,1435.8,2181,-1436.4,687.58,-87.251,-1789.3,624.53,-497.39,3642.6,272393,413,1752,339,-0.88927,-1.7269,1.0306
-837.27,1817.8,2289,-0.24404,-2599.9,-1576.6,5.489e+05,62121,1,-270.94,1455.4,2172.8,-1424.8,678.18,-91.67,-1787.1,610.85,-510.85,3638.5,272278,413,1752,339,-0.88636,-1.7213,1.0425
-804.08,1816.4,2281,-0.35714,-2599.5,-1546.4,5.4931e+05,60683,1,-296.09,1474.3,2145.6,-1407.2,667.74,-92.427,-1780.5,593.12,-525.54,3619,271662,413,1752,339,-0.88341,-1.7155,1.0544
-771.17,1815,2272.8,-0.4276,-2599,-1516.5,5.5146e+05,59247,1,-306.86,1485.3,2128.7,-1399.1,662.93,-92.306,-1774.9,584.64,-528.2,3606.7,271309,413,1752,339,-0.88043,-1.7098,1.0662
-760,1833.3,2294.8,-0.38245,-2624.1,-1522.8,5.4994e+05,59245,1,-284.45,1487.1,2139.6,-1411.2,671.45,-105.89,-1788,596.07,-541.26,3628.9,271947,413,1752,339,-0.89091,-1.7043,1.0662
-727.12,1831.7,2286.4,-0.41641,-2623.5,-1492.9,5.5123e+05,57811,1,-293.41,1502.6,2126,-1401.4,664.47,-107.32,-1780.6,585.17,-544.55,3618.1,271637,413,1752,339,-0.88786,-1.6985,1.078
-694.18,1830,2277.9,-0.46326,-2622.9,-1463,5.5261e+05,56381,1,-296.04,1520.6,2124.4,-1395.8,656.24,-112.91,-1774.1,576.42,-544.35,3616.7,271591,413,1752,339,-0.88478,-1.6926,1.0897
-661.03,1828.1,2269.4,-0.48246,-2622.3,-1432.7,5.5217e+05,54955,1,-290.98,1543.9,2129.7,-1393.9,646.78,-128.07,-1774.3,565.26,-557.94,3627.7,271924,413,1752,339,-0.88166,-1.6866,1.1014
-616.4,1843.9,2281.9,-0.50947,-2646.2,-1408.7,5.5026e+05,53531,1,-293.24,1563.8,2120.8,-1398.2,646.91,-144.15,-1791.8,562.03,-586.84,3646.1,272487,413,1752,339,-0.88881,-1.6752,1.1131
-583.55,1841.6,2272.5,-0.62173,-2644.9,-1378.6,5.4902e+05,52113,1,-314.06,1562.4,2075.5,-1391.4,639.26,-145.5,-1797.2,536.11,-618.39,3621.2,271730,413,1752,339,-0.8856,-1.6691,1.1247
-551.3,1839.3,2262.3,-0.78024,-2642.9,-1349,5.4694e+05,50697,1,-344.29,1569.9,2031.7,-1388.4,631.25,-155.52,-1819,513.08,-663.5,3615.7,271567,413,1752,339,-0.88234,-1.663,1.1362
-519.76,1836.8,2251.4,-0.97565,-2640.2,-1320,5.4438e+05,49283,1,-373.68,1562,1967.4,-1380.7,623.91,-155.64,-1818,487.19,-687.19,3575.6,270376,413,1752,339,-0.87906,-1.6568,1.1478
-488.91,1834.3,2240.5,-0.96094,-2637.3,-1291.6,5.4575e+05,47873,1,-371.38,1567,1950.4,-1377.5,621.53,-155.71,-1797,483.61,-669.24,3552,269611,413,1752,339,-0.87574,-1.6506,1.1593
-457.82,1831.8,2230.2,-0.76649,-2635.1,-1263,5.4743e+05,46467,1,-311.01,1581.7,1989.3,-1378.1,614.34,-164.06,-1745.3,477.86,-629.65,3550.6,269550,413,1752,339,-0.87239,-1.6442,1.1707
-425.46,1829.1,2220.5,-0.5364,-2633.8,-1233.1,5.5011e+05,45065,1,-239.75,1612.7,2056.1,-1384.2,600.11,-184.3,-1716.1,464.42,-615.56,3568.6,270165,413,1752,339,-0.86901,-1.6379,1.1821
-392.16,1826,2210.6,-0.56134,-2632.4,-1202.2,5.5431e+05,43667,1,-226.13,1630.2,2063,-1391.1,596.63,-195.76,-1740.4,466.22,-627.74,3596.5,271023,413,1752,339,-0.86559,-1.6314,1.1935
-359.11,1822.8,2200.2,-0.69342,-2630.6,-1171.5,5.5445e+05,42273,1,-248.36,1626.4,2017.6,-1393.7,588.54,-201.23,-1764.4,438.11,-668.89,3586,270700,413,1752,339,-0.86214,-1.6249,1.2048
-326.93,1819.4,2189,-0.87038,-2627.9,-1141.6,5.5147e+05,40883,1,-266.59,1624.9,1972.9,-1394.1,584.61,-208.7,-1775.9,420.33,-697.39,3570.6,270224,413,1752,339,-0.85866,-1.6184,1.216
-295.35,1816.1,2177.8,-0.84735,-2625.1,-1112.1,5.5202e+05,39497,1,-262.2,1623.1,1950.4,-1386.1,582.97,-198.03,-1742.3,416.37,-664.83,3529.7,268928,413,1752,339,-0.85515,-1.6117,1.2272
-263.68,1813,2167.2,-0.66773,-2623.2,-1082.6,5.5277e+05,38115,1,-236.01,1632.4,1950.8,-1381,580.98,-197.46,-1721.2,408.17,-655.11,3516.8,268552,413,1752,339,-0.85161,-1.6051,1.2384
-231.56,1809.7,2156.6,-0.64655,-2621.3,-1052.7,5.5285e+05,36739,1,-207.53,1646.2,1961.4,-1377.6,564.21,-214.16,-1707.5,381.05,-671.94,3517.7,268569,413,1752,339,-0.84803,-1.5983,1.2495
-199.3,1806.1,2145.3,-0.75006,-2618.9,-1022.5,5.5298e+05,35369,1,-197.37,1655.4,1961.1,-1373.2,552.47,-221.27,-1695.7,365.94,-673.35,3511.1,268357,413,1752,339,-0.84442,-1.5915,1.2606
-167.01,1802.3,2134.3,-0.71528,-2616.6,-992.24,5.5533e+05,34003,1,-188.38,1654.7,1939.9,-1377.2,550.95,-223.34,-1708,366.34,-672.39,3505.8,268189,413,1752,339,-0.84078,-1.5847,1.2717
-135.27,1798.7,2123.1,-0.66825,-2614.3,-962.52,5.5892e+05,32641,1,-197.13,1656.5,1907.6,-1381.9,559.22,-216.12,-1725.2,363.68,-681.01,3501.9,268073,413,1752,339,-0.8371,-1.5777,1.2826
-103.78,1795.2,2111.7,-0.74955,-2612,-933.07,5.6013e+05,31283,1,-218.27,1648,1862,-1371.1,547.68,-216.18,-1715.6,324.31,-709.02,3465.3,266917,413,1752,339,-0.8334,-1.5708,1.2936
-72.964,1791.3,2099.1,-1.0468,-2608.3,-904.02,5.6015e+05,29931,1,-258.23,1651.3,1816.9,-1357.7,529.17,-230.79,-1720.4,291.08,-747.81,3446,266328,413,1752,339,-0.82966,-1.5637,1.3045
-43.358,1787.6,2086.7,-0.9825,-2604.7,-876.15,5.6061e+05,28585,1,-434.99,1983.3,2075.2,-1340,515.1,-232.85,-1796.8,483.44,-559.44,3784.2,277055,413,1752,339,-0.8259,-1.5566,1.3153
-7.3309,1783.6,2080.3,-0.80752,-2607.6,-842.29,5.6508e+05,736033,1,-347.3,1907.2,2019.5,-1327.6,518.59,-216.55,-1726.8,438.15,-557.5,3660.5,272891,413,1752,339,-0.82223,-1.5501,1.3253
29.658,1782.4,2068.2,-0.89121,-2607.3,-810.54,5.5919e+05,734941,1,-250.19,1612.2,1701.5,-1289.8,556.9,-146.93,-1695.8,267.52,-727.57,3321,262129,413,1752,339,-0.81903,-1.5405,1.3384
22.993,1794,2085.5,-0.90071,-2623.4,-828.49,5.6018e+05,734939,1,-265.05,1605.4,1690.2,-1329.6,550.8,-188.59,-1703.5,286.76,-725.7,3334.9,262659,413,1752,339,-0.82723,-1.5405,1.3333
60.824,1792.8,2073.7,-1.193,-2623.8,-796.15,5.5838e+05,733817,1,-219,1642.5,1734.6,-1283.3,550.7,-160.66,-1722.4,289.2,-727.24,3363,263587,413,1752,339,-0.82395,-1.5308,1.3464
97.137,1791.8,2059,-2.7754,-2621.8,-765.18,5.5813e+05,732673,1,-587.42,1648.2,1490.4,-1291.1,541.77,-172.92,-1965.8,230.54,-928.23,3471.6,267094,413,1752,339,-0.82051,-1.5211,1.3595
92.002,1803.2,2079,-1.4737,-2640.2,-781.97,5.5973e+05,732671,1,-219.89,1645.1,1711.7,-1273.1,549.26,-162.21,-1794.3,273.47,-789.82,3398.8,264676,413,1752,339,-0.82884,-1.5211,1.3544
125.88,1790.1,2040.2,-3.7234,-2614.2,-740.45,5.6009e+05,731509,1,-1136,1547.1,1024.4,-1354.4,560.67,-189.97,-2173.8,192.44,-1082.6,3585,270668,413,1752,339,-0.81691,-1.5113,1.3725
128.21,1801.9,2063.5,-3.3551,-2637.7,-751.09,5.5719e+05,731507,1,-600.74,1651.3,1465.3,-1286.2,560.73,-156.64,-2031.6,270.94,-927.47,3505.6,268185,413,1752,339,-0.82532,-1.5113,1.3674
154.88,1800.6,2043.7,-4.4122,-2629.1,-728.49,5.5993e+05,730327,1,-1273,1543.4,921.92,-1381.9,584.69,-186.51,-2277.7,207.82,-1130,3694.2,273942,413,1752,339,-0.82164,-1.5015,1.3804
172.88,1798,2021.9,-2.7381,-2615.9,-712.79,5.6317e+05,729133,1,-1285.1,1466.9,811.17,-1418.5,573.6,-220,-2093.1,174.94,-1042.8,3514.2,268472,413,1752,339,-0.8178,-1.4916,1.3933
182.9,1811.7,2047.8,-4.7594,-2644.6,-717.93,5.5986e+05,729131,1,-1401.6,1553.1,838.22,-1401.3,597.81,-190.24,-2356.7,229.83,-1155.5,3791.9,277267,413,1752,339,-0.82634,-1.4916,1.3883
232.33,1793.3,1990.7,-1.0494,-2606.9,-660.83,5.6597e+05,726705,1,-81.691,1594.8,1608.2,-1164.1,481.75,-166.15,-1599.3,154.52,-754.09,3146.6,251287,413,1752,339,-0.80965,-1.4717,1.4191
199.72,1808.7,2025.3,-2.826,-2630.4,-703.15,5.6298e+05,727923,1,-1501.9,1551.6,754.35,-1454.5,574.12,-248.41,-2218.1,208.07,-1085.1,3725.6,275153,413,1752,339,-0.82242,-1.4817,1.4012
224.78,1804.9,2007.7,-0.5252,-2622.2,-680.71,5.6501e+05,726703,1,-550.98,1588.1,1331.8,-1349.9,525.18,-235.04,-1746.7,183.23,-821.03,3242.1,259027,413,1752,339,-0.81835,-1.4717,1.4141
228.52,1819,2029.2,-3.092,-2645.8,-691.92,5.6004e+05,726701,1,-1358.1,1615.6,889.34,-1457.2,547.96,-281.2,-2118.1,211.62,-1020.4,3649.7,272587,413,1752,339,-0.82701,-1.4717,1.409
261.8,1801.5,1993.5,-0.78629,-2620.8,-647.9,5.6574e+05,725471,1,-65.832,1676.2,1680.8,-1179.1,444.77,-216.3,-1681.8,175.2,-778.49,3277.1,260125,413,1752,339,-0.81411,-1.4616,1.4269
292.55,1809.9,1997.3,-0.52543,-2635.9,-634.19,5.662e+05,724227,1,-35.992,1746.1,1749.3,-1302,460.99,-275.81,-1711.1,224.89,-748.16,3410.6,265057,413,1752,339,-0.81854,-1.4515,1.4346
324.63,1818.3,2001.7,-0.40186,-2652.2,-619.65,5.6987e+05,722975,1,-39.239,1861.5,1837,-1481.9,486.51,-359.64,-1826.4,309.87,-732.68,3656.7,272782,413,1752,339,-0.82294,-1.4414,1.4424
407.16,1820.4,1994.8,-1.697,-2673.1,-559.79,5.6546e+05,720443,1,-113.18,2149.7,2025.2,-1515.5,532.8,-335.31,-2209,451.08,-803.52,4142.1,285101,413,1752,339,-0.82268,-1.4209,1.4627
449.55,1817.3,1975.8,-7.3953,-2671.1,-522.7,5.5723e+05,719165,1,-1415.8,2145.8,1266.8,-1416.7,572.81,-238.6,-2884.7,432.65,-1186.7,4530.2,289452,413,1752,339,-0.81791,-1.4106,1.4753
445.98,1830.3,2003.5,-2.2,-2696.3,-540.92,5.6262e+05,719163,1,-228.39,2224,2010.3,-1467.6,552.19,-294.9,-2254.6,482.94,-802.78,4188.8,285740,413,1752,339,-0.82694,-1.4106,1.4703
358.58,1827.4,2008,-0.11685,-2671.2,-604.11,5.7181e+05,721713,1,-53.307,1990.6,1931.6,-1641.1,531.9,-413.45,-1938.3,415.48,-698.16,3906.5,280457,413,1752,339,-0.82731,-1.4311,1.45
395.33,1836.7,2015.9,-0.05082,-2692.5,-586.63,5.6922e+05,720441,1,-13.419,2153.3,2088.2,-1659.3,538.5,-421.87,-1995.1,482.3,-667.83,4108.2,284537,413,1752,339,-0.83164,-1.4209,1.4576
487.49,1826.8,1983,-8.2824,-2693.1,-504.57,5.5363e+05,717877,1,-2108.3,2315.9,1021.6,-1396.9,376.36,-415.85,-3150.5,324.24,-1434.5,5020.7,294350,413,1752,339,-0.82209,-1.4002,1.4828
530.82,1830.8,1987.9,-9.2272,-2712.2,-479.34,5.4699e+05,716581,1,-1668.4,2598.4,1499.6,-1434.6,247.88,-565.58,-3095.2,408.29,-1338.3,5075.6,294823,413,1752,339,-0.82624,-1.3897,1.4903
576.99,1833.3,1995.1,-8.8733,-2733.3,-451.24,5.4402e+05,715279,1,-2134.6,2723.2,1328,-1693.3,222.26,-732.62,-3507.1,572.54,-1412.9,5640.3,300118,413,1752,339,-0.83036,-1.3793,1.4978
623.56,1840.1,2008.2,-7.4351,-2761.6,-425.42,5.4759e+05,713971,1,-1872.3,2859.9,1566.4,-1886,470.37,-618.77,-3497.9,843.88,-1173,5711.6,300719,413,1752,339,-0.83444,-1.3687,1.5051
657.15,1828.8,1984.1,-8.0127,-2749.4,-392.09,5.4922e+05,712657,1,-2892.7,3218.6,1293.3,-2065.4,598.38,-593.5,-3933.2,1126.6,-1142.6,6589.4,309599,413,1752,339,-0.82921,-1.3581,1.5176
675.37,1849.7,2024.8,-7.2864,-2796.4,-397.04,5.5004e+05,712655,1,-2129.5,3148.7,1649.7,-1861.3,529.65,-556.3,-3527.9,1032.7,-1028.9,5983,303729,413,1752,339,-0.8385,-1.3581,1.5125
715.96,1838.9,2003.9,-8.5514,-2789.5,-358.15,5.457e+05,711335,1,-3101.5,3716.2,1588.8,-1918.2,460.39,-639.93,-3874.8,1178.1,-1075.6,6914.7,311330,413,1752,339,-0.83319,-1.3475,1.5249
784.04,1844.5,2024.3,-9.397,-2831.2,-314.45,5.3965e+05,710007,1,-2984.8,3973,1844.4,-1813,276.95,-747.46,-3848.8,1192.1,-1060,7026.8,311856,413,1752,339,-0.83713,-1.3368,1.5321
853.57,1846.6,2044.7,-8.8276,-2871.8,-268.24,5.3551e+05,708673,1,-2134.3,3887.4,2186.1,-1954.3,222.9,-876.07,-3794.7,1234.9,-1008.9,6784.2,310711,413,1752,339,-0.84105,-1.3261,1.5392
909.18,1825.8,2023.4,-9.8823,-2865.2,-211.48,5.3791e+05,707335,1,-2356.8,3906.9,2044.9,-2181.5,291.1,-931.19,-4150.5,1391.9,-1058.9,7141.2,312447,413,1752,339,-0.83543,-1.3153,1.5515
973.89,1832.6,2049.3,-6.2936,-2911.5,-172.52,5.4194e+05,705989,1,-1761,3786.4,2225,-2391.8,457.63,-905.23,-4014.5,1461.8,-935.79,6947.4,311474,413,1752,339,-0.83924,-1.3045,1.5586
1033.5,1841.9,2072.9,-3.871,-2956.1,-139.77,5.4391e+05,704637,1,-1291.8,3720.2,2379.4,-2537.3,550.42,-908.05,-3792,1463.9,-826.57,6778,310678,413,1752,339,-0.84302,-1.2936,1.5656
1094.2,1851.4,2095,-3.0374,-3000.4,-106.88,5.4521e+05,703279,1,-1068.3,3833.3,2548.1,-2425,498.74,-899.75,-3328.7,1319.2,-718.51,6527.1,309180,413,1752,339,-0.84677,-1.2826,1.5726
-1290.3,1692.4,2201.3,-0.09063,-2411.3,-1887,5.3888e+05,79601,1,-417.81,1628.3,2897.6,-2116.1,809.1,-367.67,-3249.3,1312.3,-422.76,5380.3,297777,413,162,337,-0.85275,-1.8174,0.89725
-1247.2,1686.7,2195,0.031237,-2410.9,-1845.6,5.3745e+05,78131,1,-353.8,1628,2916.6,-2110.3,794.13,-393.41,-3171.5,1267.7,-442.78,5327.5,297164,413,162,337,-0.85039,-1.8124,0.90955
-1235.4,1713.5,2234.4,0.082569,-2454.2,-1852.5,5.3687e+05,78129,1,-266.41,1564.9,2856.8,-1967.1,753.01,-366.16,-2801.5,1111.2,-444.25,4953,293708,413,162,337,-0.8615,-1.8071,0.90955
-1193.4,1708,2227.7,0.38798,-2453.5,-1812.3,5.3338e+05,76663,1,-157.26,1447.4,2679.8,-2024.2,807.77,-308.62,-2786,1097.3,-452.12,4828.7,292528,413,162,337,-0.85908,-1.802,0.92181
-1155.2,1704,2221.1,0.99851,-2453,-1776,5.3141e+05,75199,1,-92.61,1254.4,2330.1,-2081.9,928.47,-123.55,-2809.6,1138.4,-385.65,4643.4,290573,413,162,337,-0.85663,-1.7969,0.93405
-1147.1,1730.4,2255.1,0.65787,-2490.7,-1786.7,5.3373e+05,75197,1,-148.58,1266.5,2296,-1881.3,852.34,-111.22,-2454.1,958.59,-438.22,4278.9,286954,413,162,337,-0.86764,-1.7916,0.93405
-1116.4,1730.7,2248.7,0.84528,-2490.8,-1759.1,5.3732e+05,73735,1,-159.44,1100,1934.2,-1823.7,931.86,89.308,-2326.3,897.92,-434.81,3947.9,281656,413,162,337,-0.86513,-1.7864,0.94624
-1109,1754.6,2277.1,0.48347,-2522.4,-1769.6,5.3759e+05,73733,1,-151.81,1076.2,1884,-1698.9,885.21,95.19,-2116.4,783.37,-481.08,3705.9,274331,413,162,337,-0.87607,-1.7811,0.94624
-1081.9,1756.7,2269.8,0.42102,-2521.8,-1746.2,5.398e+05,72273,1,-220.47,1074.8,1788.2,-1611.1,877.4,155.44,-2024.5,741.84,-471.9,3594.1,270947,413,162,337,-0.87349,-1.7758,0.9584
-1055.5,1759.3,2263,0.23511,-2521.8,-1723.6,5.4241e+05,70815,1,-280.67,1119.6,1790.5,-1549.4,854.4,168.6,-1969.7,724.37,-445.72,3594.1,270939,413,162,337,-0.87088,-1.7705,0.97053
-1046.6,1780.4,2287.6,0.11449,-2549.4,-1731.9,5.425e+05,70813,1,-251.11,1131.1,1830.5,-1528.5,831.6,127.57,-1915.9,690.01,-481.39,3594.1,270937,413,162,337,-0.88173,-1.7652,0.97053
-1037.8,1801.4,2311.8,0.036859,-2576.3,-1740.4,5.4294e+05,70811,1,-224.34,1162.7,1901.7,-1526.6,807.37,60.021,-1894.6,665.93,-535.08,3594.1,270940,413,162,337,-0.89254,-1.7597,0.97053
-1008.8,1802.2,2303.9,-0.054765,-2575.4,-1714.9,5.437e+05,69357,1,-260.39,1235.2,1969.2,-1486,773.36,35.192,-1859.7,656.84,-511.42,3594.1,270941,413,1752,339,-0.88983,-1.7544,0.98262
-999.26,1822.4,2327.5,-0.082579,-2601.8,-1722.7,5.442e+05,69355,1,-245.64,1248.2,1997.8,-1494.4,772.77,9.2896,-1864.1,660.1,-529.66,3594.1,270946,413,1752,339,-0.90058,-1.7489,0.98262
-968.3,1822.2,2319.6,-0.14796,-2601,-1695.1,5.4436e+05,67903,1,-258.33,1323.6,2085,-1475,738.9,-39.483,-1844.9,651.42,-527.43,3605,271273,413,1752,339,-0.8978,-1.7435,0.99467
-936.46,1821.5,2311.8,-0.1845,-2600.4,-1666.5,5.4606e+05,66453,1,-269.77,1360.9,2113.8,-1456.9,720.93,-48.592,-1822.6,645.57,-504.32,3609.8,271389,413,1752,339,-0.89499,-1.738,1.0067
-926.05,1841,2334.8,-0.2024,-2626.3,-1673.5,5.4525e+05,66451,1,-258.24,1376.9,2137.2,-1467.4,722.7,-76.323,-1835.3,650.89,-530.97,3644.9,272456,413,1752,339,-0.90564,-1.7325,1.0067
-893.35,1839.7,2326.8,-0.20094,-2625.7,-1644,5.4761e+05,65005,1,-260.73,1413.6,2165.3,-1452.8,706.31,-90.055,-1812.4,642.82,-516.46,3652,272654,413,1752,339,-0.90276,-1.727,1.0187
-860.12,1838.2,2319.1,-0.17806,-2625.4,-1613.8,5.4933e+05,63561,1,-255.6,1442.1,2185.5,-1443.8,694.12,-101.22,-1798.4,633.49,-512.09,3660,272872,413,1752,339,-0.89985,-1.7214,1.0306
-826.59,1836.6,2311.2,-0.20371,-2625.1,-1583.4,5.489e+05,62119,1,-255.51,1461.3,2185.3,-1434.4,684.96,-106.74,-1791.9,620.11,-520.95,3658,272818,413,1752,339,-0.8969,-1.7158,1.0425
-793.14,1835,2303.1,-0.29969,-2624.7,-1553,5.4873e+05,60681,1,-264.09,1471.7,2168.4,-1426.8,679.73,-107.52,-1793.8,609.44,-533.62,3649.7,272589,413,1752,339,-0.89392,-1.7101,1.0544
-782.25,1853.7,2325.3,-0.27227,-2649.9,-1559.8,5.4869e+05,60679,1,-270.68,1490.5,2172.3,-1428.5,682.33,-121.9,-1802.1,616.68,-547.52,3669.1,273131,413,1752,339,-0.9044,-1.7046,1.0544
-748.92,1851.8,2316.8,-0.34933,-2649.2,-1529.5,5.4846e+05,59243,1,-282.63,1499.2,2149.8,-1419.9,678.36,-119.55,-1801.1,607.87,-554.15,3655.2,272736,413,1752,339,-0.90135,-1.6988,1.0662
-715.92,1850,2308.2,-0.39238,-2648.4,-1499.5,5.5059e+05,57809,1,-290.71,1510.6,2130.2,-1409.4,671.89,-119.22,-1791.1,595.03,-558.01,3637.3,272241,413,1752,339,-0.89826,-1.693,1.078
-682.97,1848.1,2299.5,-0.40313,-2647.7,-1469.5,5.5155e+05,56379,1,-286.8,1528.6,2129,-1401.5,662.14,-124.27,-1780.8,585,-554.37,3631.9,272031,413,1752,339,-0.89515,-1.6871,1.0897
-649.77,1846.1,2290.9,-0.41028,-2647.1,-1439.2,5.4993e+05,54953,1,-283.55,1547.8,2134.8,-1402.4,656.36,-135.73,-1783.8,578.71,-563.99,3644.7,272454,413,1752,339,-0.892,-1.6812,1.1014
-638.26,1864.2,2312.5,-0.42861,-2672.1,-1445.8,5.5254e+05,54951,1,-284.38,1559.4,2136.6,-1408.2,663.22,-145.61,-1796.9,592.12,-572.02,3664.5,272997,413,1752,339,-0.9023,-1.6757,1.1014
-604.78,1861.9,2303.5,-0.48562,-2671.3,-1415.2,5.5086e+05,53529,1,-282.92,1571.2,2128.6,-1406.9,655.26,-153.5,-1805.2,576.32,-593.5,3668.1,273102,413,1752,339,-0.89907,-1.6697,1.1131
-571.66,1859.4,2294,-0.63486,-2669.9,-1384.9,5.4946e+05,52111,1,-307.34,1577.4,2091.6,-1400.2,647.04,-157.25,-1815.4,554.08,-625.58,3654.5,272714,413,1752,339,-0.89582,-1.6637,1.1247
-539.09,1856.9,2283.8,-0.80518,-2668,-1355,5.4791e+05,50695,1,-334.63,1587.2,2051,-1396.2,638.68,-167.6,-1838.9,536.41,-665.02,3651.7,272646,413,1752,339,-0.89253,-1.6576,1.1362
-507.24,1854.2,2272.9,-0.99283,-2665.3,-1325.7,5.4617e+05,49281,1,-377.41,1578.6,1979,-1389.2,633.17,-165.32,-1857.6,510.82,-704.16,3621.7,271741,413,1752,339,-0.88921,-1.6514,1.1478
-476.45,1851.6,2261.6,-1.0783,-2662.2,-1297.4,5.4447e+05,47871,1,-384.65,1568.8,1931.3,-1382.6,628.71,-163.07,-1829.8,489.31,-701.92,3571.1,270246,413,1752,339,-0.88585,-1.6452,1.1593
-445.93,1849,2250.5,-0.95766,-2659.2,-1269.3,5.4533e+05,46465,1,-348.74,1582.4,1952,-1380.5,621.46,-170.59,-1781.6,482.83,-667.31,3551,269580,413,1752,339,-0.88246,-1.6389,1.1707
-414.22,1846.2,2240.3,-0.68311,-2657.3,-1240,5.471e+05,45063,1,-277.04,1610.4,2017.7,-1384.2,611.28,-185.09,-1743.7,485.3,-626.56,3568.4,270159,413,1752,339,-0.87904,-1.6325,1.1821
-381.31,1843.1,2230.6,-0.51019,-2656.1,-1209.5,5.5276e+05,43665,1,-219.14,1627.9,2057.2,-1393,605.98,-196.29,-1739.2,480.49,-621.22,3594.2,270957,413,1752,339,-0.87559,-1.6261,1.1935
-348.12,1839.9,2220.4,-0.57827,-2654.6,-1178.8,5.5294e+05,42271,1,-224.83,1631.3,2033.1,-1399.5,600.29,-205.21,-1768.5,459.13,-662.19,3603.2,271215,413,1752,339,-0.8721,-1.6196,1.2048
-315.67,1836.4,2209,-0.82982,-2651.9,-1148.6,5.525e+05,40881,1,-246.32,1630.1,1985.1,-1403.3,593.91,-216.87,-1793.9,435.49,-706.38,3596.4,271020,413,1752,339,-0.86858,-1.6131,1.216
-284.01,1832.9,2197.5,-0.91514,-2648.9,-1119,5.5377e+05,39495,1,-267.59,1624.2,1936.4,-1392.9,590.95,-207.14,-1774.7,425.66,-692.04,3549.9,269509,413,1752,339,-0.86502,-1.6065,1.2272
-252.64,1829.6,2186.4,-0.78711,-2646.5,-1089.9,5.5333e+05,38113,1,-250.32,1632.2,1934.4,-1387,586.73,-206.8,-1744.8,415.04,-677.56,3529.1,268917,413,1752,339,-0.86144,-1.5998,1.2384
-220.84,1826.2,2175.3,-0.73251,-2644.2,-1060.2,5.5179e+05,36737,1,-224.69,1644.4,1946.4,-1383.9,573.96,-218.7,-1729.5,396.52,-683.22,3528.5,268891,413,1752,339,-0.85782,-1.5931,1.2495
-188.75,1822.4,2163.9,-0.76406,-2641.6,-1030.2,5.5148e+05,35367,1,-194.77,1654.1,1949.5,-1383.5,564.6,-227.01,-1721.6,388.96,-677.22,3526,268804,413,1752,339,-0.85417,-1.5863,1.2606
-156.63,1818.7,2153.1,-0.62252,-2639.6,-1000.1,5.5416e+05,34001,1,-187.45,1661.1,1933.6,-1388.8,567.91,-222.96,-1731.7,387.48,-675.36,3526.9,268830,413,1752,339,-0.85048,-1.5795,1.2717
-124.69,1815,2141.7,-0.73041,-2637.3,-970.28,5.5919e+05,32639,1,-199.8,1669.7,1915.3,-1386.7,564.19,-223.74,-1735.1,371.51,-690,3523.1,268720,413,1752,339,-0.84677,-1.5726,1.2826
-93.004,1811.2,2130.2,-0.8175,-2634.8,-940.6,5.5803e+05,31281,1,-220.91,1674,1884.5,-1379.5,548.75,-234.15,-1743.3,342.57,-720.95,3512.5,268405,413,1752,339,-0.84302,-1.5656,1.2936
-61.702,1807,2117.5,-1.1328,-2631.1,-911.03,5.5847e+05,29929,1,-479.5,2008.1,2088,-1360.2,529.02,-244.91,-1896.1,525.35,-595.31,3877.9,279754,413,1752,339,-0.83924,-1.5586,1.3045
-13.118,1795.5,2097.9,-1.2053,-2624.3,-859.41,5.5522e+05,736031,1,-484.18,1865.4,1881.8,-1353.6,532.2,-228.37,-1838.6,424.66,-658.25,3662.9,272962,413,1752,339,-0.83035,-1.5501,1.3202
-19.063,1807.9,2116.7,-1.271,-2642.1,-876.91,5.5977e+05,736029,1,-574.67,2048.9,2053.3,-1359.2,529.19,-241.89,-1934,532.83,-602.46,3877.9,279753,413,1752,339,-0.83843,-1.5501,1.3151
17.135,1806.1,2103.6,-1.1292,-2640.4,-845.91,5.6164e+05,734937,1,-368.18,1595.6,1618.8,-1358.1,553.15,-212.66,-1773.5,291.7,-777.19,3366.3,263686,413,1752,339,-0.83539,-1.5405,1.3282
53.266,1804.3,2091.2,-0.69049,-2639.6,-814.98,5.5963e+05,733815,1,-226.06,1609.7,1696.5,-1316,547.9,-191.31,-1699.2,295.62,-716.9,3334.9,262660,413,1752,339,-0.8322,-1.5308,1.3413
47.219,1816.4,2108.9,-1.0745,-2656.3,-832.76,5.5809e+05,733813,1,-356.4,1603.1,1613.4,-1367.9,556.89,-221.21,-1772.4,296.9,-773.56,3370.2,263806,413,1752,339,-0.84041,-1.5308,1.3362
83.495,1814.6,2096.6,-0.52087,-2655.7,-801.77,5.5813e+05,732669,1,-184.63,1611.6,1705.8,-1317.9,555.44,-190.39,-1694.7,293.3,-720.18,3334.9,262661,413,1752,339,-0.83713,-1.5211,1.3493
122.75,1813.4,2084.4,-1.4753,-2656.6,-768.39,5.587e+05,731505,1,-167.79,1667.6,1748,-1285.3,560.16,-165.24,-1836,312.17,-776.81,3453.9,266581,413,1752,339,-0.83369,-1.5113,1.3623
113.14,1825.1,2102.2,-0.23692,-2672,-789.45,5.6172e+05,731503,1,-105.97,1619.8,1737.4,-1334.8,567.71,-196.2,-1689.3,307.85,-705.35,3352.9,263272,413,1752,339,-0.84204,-1.5113,1.3572
159.21,1812.8,2069.2,-3.742,-2655,-737.75,5.5982e+05,730325,1,-891.07,1625.4,1238.5,-1312.9,593.42,-143.01,-2215.7,270.24,-1038.7,3623.2,271805,413,1752,339,-0.83009,-1.5015,1.3753
153.97,1824,2090.6,-1.4557,-2674.2,-754.89,5.6139e+05,730323,1,-158.27,1683.9,1749.3,-1270.6,585.41,-136.18,-1851.3,329.35,-771.34,3468,266998,413,1752,339,-0.83852,-1.5015,1.3702
212.27,1822.8,2052.3,-5.3656,-2660.9,-706.49,5.5914e+05,727921,1,-1613.4,1633.2,774.19,-1393.2,585.12,-208,-2479,252.93,-1208.5,3983.3,282357,413,1752,339,-0.831,-1.4817,1.3961
189.78,1824,2074.6,-4.3123,-2672.2,-725.21,5.5956e+05,729129,1,-859.57,1678.8,1292,-1278.8,598.63,-127.21,-2246.4,303.96,-1028.7,3665.1,273023,413,1752,339,-0.83484,-1.4916,1.3832
254.14,1814.4,2011.3,-0.59337,-2637.2,-668.63,5.6599e+05,725469,1,-528.9,1666.4,1406,-1390,510.1,-279.18,-1775.4,212.97,-808.22,3339.9,262823,413,1752,339,-0.82285,-1.4616,1.4219
242.54,1833,2056.8,-5.8169,-2677.2,-694.18,5.5754e+05,726699,1,-1843.8,1669.2,654.27,-1416.5,562.72,-251.35,-2525.4,253.6,-1234.3,4119,284712,413,1752,339,-0.83564,-1.4717,1.4039
258.87,1829,2033.5,-3.4279,-2661.9,-679.42,5.567e+05,725467,1,-1687.3,1731.1,791.48,-1502.6,565,-300.3,-2360.7,292.61,-1086.6,3997.1,282616,413,1752,339,-0.83156,-1.4616,1.4168
284.86,1823.9,2015.7,-0.63334,-2653.5,-655.68,5.631e+05,724225,1,-787.24,1783,1350.6,-1525.8,545.47,-330.62,-1974,302.23,-837.84,3612.1,271467,413,1752,339,-0.82733,-1.4515,1.4296
317.58,1833.8,2021.5,-0.82423,-2671.8,-641.5,5.6522e+05,722973,1,-777.1,1853.8,1406.8,-1609.3,570.34,-359.65,-2072.5,368.38,-831.15,3766.3,276479,413,1752,339,-0.83178,-1.4414,1.4373
351.06,1844.3,2028.9,-0.64159,-2692.1,-627.28,5.6499e+05,721711,1,-802.21,1926.9,1445.5,-1678.2,584.76,-390.96,-2150.5,434.1,-814.75,3903.1,280384,413,1752,339,-0.83619,-1.4311,1.4449
487.17,1839.3,2012,-3.1572,-2720,-519.95,5.5412e+05,717875,1,-517.12,2444,2025.7,-1425.9,448.19,-377.44,-2414.3,480.58,-901.49,4426.5,288492,413,1752,339,-0.83117,-1.4002,1.4778
434.38,1846.1,2025,-0.13025,-2715.8,-567.54,5.6125e+05,719161,1,-133.79,2343.4,2174,-1678.8,531.49,-447.7,-2089.4,552.19,-661.85,4318,287355,413,1752,339,-0.83595,-1.4106,1.4652
386.39,1854.7,2037.3,-0.42294,-2713.9,-611.77,5.5988e+05,720439,1,-983.82,2116.4,1499.4,-1787.6,588.88,-459.02,-2297.3,517.38,-825.4,4204.2,286004,413,1752,339,-0.84057,-1.4209,1.4525
425.16,1864.9,2047,-0.51105,-2737.9,-593.56,5.528e+05,719159,1,-841.99,2323.5,1756.3,-1813.1,560.82,-505.63,-2279.7,583.04,-755.01,4376.9,287970,413,1752,339,-0.84492,-1.4106,1.46
531.96,1846.1,2020.3,-4.2324,-2743.6,-495.13,5.48e+05,716579,1,-745.6,2656.2,2067.2,-1524.1,375.99,-505.74,-2651.6,533.23,-991.7,4785.7,292107,413,1752,339,-0.83537,-1.3897,1.4852
579.68,1852.4,2030.6,-4.8338,-2769.8,-467.96,5.4718e+05,715277,1,-994.37,2818.1,2046,-1726.4,394.73,-606.79,-2925.6,698.51,-999.69,5164,295569,413,1752,339,-0.83953,-1.3793,1.4926
629.61,1860.2,2044.1,-5.0924,-2800.2,-440.1,5.4937e+05,713969,1,-1268.2,3008,2027,-1863.6,495.39,-597.42,-3121.5,901.75,-934.26,5501.9,298942,413,1752,339,-0.84366,-1.3687,1.5
733.49,1858.3,2043.8,-7.2651,-2834.9,-363.23,5.4881e+05,711333,1,-2364.6,3576.4,1862.2,-1763,436.47,-587.56,-3578.2,1152,-957.53,6367.1,307581,413,1752,339,-0.84253,-1.3475,1.5197
683.04,1868.8,2060.6,-5.14,-2834.9,-410.16,5.5202e+05,712653,1,-1336.8,3178,2113.3,-1829.1,491.98,-585.68,-3149.5,1015,-856.44,5653.9,300240,413,1752,339,-0.84777,-1.3581,1.5073
738.68,1877.1,2078.9,-4.5781,-2871.9,-378.62,5.5178e+05,711331,1,-1046.2,3235.9,2292.6,-1866.1,482.05,-620.95,-3089.1,1084.3,-772.06,5677.7,300432,413,1752,339,-0.85183,-1.3475,1.5145
795.07,1864.1,2063.6,-6.4211,-2873.9,-325.58,5.4436e+05,710005,1,-1641.6,3577.4,2222.5,-1799.3,326.48,-711.29,-3435.8,1164.2,-884.99,6182.7,305779,413,1752,339,-0.84652,-1.3368,1.5269
854.07,1869.8,2083.6,-4.3196,-2912.5,-290.51,5.4025e+05,708671,1,-774.31,3272.3,2401.6,-2082.9,438.45,-778.69,-3224.4,1124.7,-818.07,5877.3,302559,413,1752,339,-0.85048,-1.3261,1.5341
915.78,1851.6,2067,-5.8222,-2913.1,-230.23,5.3671e+05,707333,1,-1244.9,3521.5,2318.2,-2220.5,379.4,-891.07,-3678.9,1285.9,-914.96,6420.1,308249,413,1752,339,-0.84494,-1.3153,1.5464
908.76,1877.2,2102.7,-2.2614,-2950.1,-260.52,5.3803e+05,707331,1,-593.04,3331.8,2515.1,-2248.7,458,-853.56,-3207.2,1179.3,-767.08,6003.2,303939,413,1752,339,-0.85441,-1.3153,1.5411
972.19,1859.4,2088,-3.2602,-2953.4,-199.24,5.3941e+05,705987,1,-914.99,3420.1,2380,-2326.7,510.01,-842.43,-3465.2,1268.8,-824.46,6235.3,306298,413,1752,339,-0.84879,-1.3045,1.5534
1028.4,1869.2,2108.5,-2.0884,-2994.7,-170.02,5.4452e+05,704635,1,-863.53,3610,2520.4,-2313.3,533.56,-821.38,-3180,1249.1,-701.46,6213.3,306070,413,1752,339,-0.85261,-1.2936,1.5604
1090.6,1877.7,2128.9,-2.6453,-3037.9,-135.64,5.4247e+05,703277,1,-1069.3,3861.2,2574.8,-2197.4,467.89,-817.27,-3066.5,1256.3,-647.37,6308.6,307043,413,1752,339,-0.8564,-1.2826,1.5673
-1277.7,1718.6,2240.8,-0.036557,-2454.4,-1892.9,5.3914e+05,79599,1,-346.68,1578,2855.6,-1949.2,757.2,-342.03,-2850.7,1146.8,-420.32,4987.3,294037,413,162,337,-0.86388,-1.8121,0.89725
-1266.1,1743,2275.2,-0.0098593,-2492.1,-1899.2,5.3949e+05,79597,1,-274.01,1530.9,2815.6,-1804.8,712.32,-325.23,-2490,990.52,-432.7,4646,290594,413,162,337,-0.87499,-1.8068,0.89725
-1224.4,1738.1,2268.8,0.085208,-2491.9,-1859.5,5.3602e+05,78127,1,-209.72,1501.2,2765.6,-1838.1,724.96,-326,-2482.2,970.71,-456.01,4611.7,290302,413,162,337,-0.87257,-1.8018,0.90955
-1183.8,1733.4,2261.9,0.30919,-2491.3,-1820.9,5.3285e+05,76661,1,-175.83,1417.9,2598.9,-1856.5,766.29,-258.81,-2474,962.07,-459.03,4489.2,289103,413,162,337,-0.87012,-1.7967,0.92181
-1174.4,1757.1,2292.5,0.18942,-2525,-1829.4,5.3543e+05,76659,1,-160.67,1387.1,2546.6,-1762.8,740.23,-245.15,-2281.3,864.28,-498.84,4283.7,286992,413,162,337,-0.88113,-1.7914,0.92181
-1139.2,1754.6,2284.8,0.38071,-2523.6,-1796.6,5.363e+05,75195,1,-120.33,1189.8,2160.3,-1741.8,821.49,-69.524,-2183.4,799.9,-525.33,3936.2,281232,413,162,337,-0.87862,-1.7863,0.93405
-1101.8,1777.5,2303.5,0.29847,-2551.7,-1780,5.3912e+05,73731,1,-128.64,1094,1935.9,-1659.5,845.01,31.519,-2042.7,721.35,-559.82,3665.6,273036,413,162,337,-0.88698,-1.7757,0.94624
-1074,1778.7,2295.3,0.23294,-2550.2,-1755.7,5.4095e+05,72271,1,-184.25,1099.8,1860.3,-1588.3,839.14,80.661,-1961,687.7,-543.48,3594.1,270944,413,162,337,-0.88437,-1.7704,0.9584
-1066,1800.4,2320.1,0.08584,-2577.8,-1765.1,5.4221e+05,72269,1,-177.29,1117.8,1893,-1577.2,824.69,45.395,-1937.2,669.84,-576.04,3594.1,270945,413,162,337,-0.89522,-1.765,0.9584
-1057.9,1821.9,2344.6,-0.03244,-2605.1,-1774.6,5.4338e+05,72267,1,-169.61,1134.8,1924.4,-1578.3,818.46,14.076,-1936.4,666.08,-603.72,3594.1,270951,413,162,337,-0.90603,-1.7595,0.9584
-1029,1822.2,2335.8,-0.033447,-2603.1,-1749.1,5.4363e+05,70809,1,-207.12,1195.2,1965.7,-1536.7,794.26,1.7378,-1898.8,660.52,-577.77,3594.1,270950,413,162,337,-0.90332,-1.7542,0.97053
-989.68,1842.8,2351.3,-0.11299,-2628.3,-1730.8,5.4465e+05,69353,1,-229.61,1276.3,2051.1,-1511.2,768.5,-37.993,-1880.4,666.7,-561.2,3613.8,271512,413,1752,339,-0.91129,-1.7433,0.98262
-958.21,1842,2343,-0.16288,-2627.2,-1702.5,5.4478e+05,67901,1,-251.03,1334.9,2102.9,-1484,742.13,-58.722,-1857.7,659.71,-544.14,3634,272074,413,1752,339,-0.90848,-1.7379,0.99467
-948.07,1862.1,2366.6,-0.18018,-2653.7,-1710.2,5.454e+05,67899,1,-244.75,1351.8,2126.3,-1495.9,745.19,-82.892,-1875.2,670.2,-563.29,3673,273231,413,1752,339,-0.91913,-1.7323,0.99467
-915.58,1860.7,2358,-0.22496,-2652.4,-1680.9,5.4525e+05,66449,1,-254.93,1390.5,2153.3,-1480.5,728.31,-98.125,-1859.3,663.14,-554.83,3684,273616,413,1752,339,-0.91625,-1.7269,1.0067
-882.71,1859.1,2349.7,-0.23187,-2651.5,-1651.1,5.4694e+05,65003,1,-257.03,1423.2,2174.5,-1466.4,713.99,-108.26,-1837.1,655.54,-539.48,3686.1,273695,413,1752,339,-0.91334,-1.7214,1.0187
-849.39,1857.4,2341.6,-0.21303,-2650.9,-1620.9,5.4913e+05,63559,1,-257.51,1452.1,2190.1,-1453.2,701.47,-115.85,-1816.2,645.73,-529.42,3685.7,273673,413,1752,339,-0.91039,-1.7159,1.0306
-815.81,1855.6,2333.6,-0.2163,-2650.5,-1590.3,5.4979e+05,62117,1,-257.92,1472.5,2191.2,-1443.2,692.15,-120.71,-1807.1,633.28,-534.07,3683,273586,413,1752,339,-0.90741,-1.7102,1.0425
-771.11,1872.5,2347.7,-0.29752,-2675.5,-1566.7,5.4928e+05,60677,1,-265.14,1497.6,2187.4,-1444.1,693.44,-134.01,-1823.5,637.52,-553.57,3704,274265,413,1752,339,-0.91484,-1.699,1.0544
-737.53,1870.4,2339.1,-0.37989,-2674.7,-1536.1,5.4926e+05,59241,1,-282.81,1514.4,2163.3,-1430.9,685.38,-135.18,-1822.4,623.11,-568.9,3690.8,273838,413,1752,339,-0.91175,-1.6933,1.0662
-704.34,1868.4,2330.1,-0.4652,-2673.7,-1505.9,5.5033e+05,57807,1,-299.64,1525,2134.7,-1417,678.65,-132.08,-1812.7,609.19,-574.48,3666.8,273073,413,1752,339,-0.90864,-1.6875,1.078
-671.44,1866.3,2321.3,-0.45978,-2672.8,-1476,5.5207e+05,56377,1,-296.16,1535.9,2126.9,-1410.3,672.61,-132.86,-1799.7,600.45,-568.15,3654,272705,413,1752,339,-0.90548,-1.6816,1.0897
-659.77,1884.7,2343.3,-0.49243,-2698.2,-1482.7,5.5076e+05,56375,1,-300.34,1549,2127,-1418.3,679.95,-147.19,-1822.3,614.13,-587.91,3681.4,273532,413,1752,339,-0.91578,-1.676,1.0897
-626.72,1882.4,2334.3,-0.43151,-2697.3,-1452.6,5.5118e+05,54949,1,-293.09,1570.2,2133.9,-1412.4,671.23,-153.79,-1807.9,606.17,-579.95,3680.6,273511,413,1752,339,-0.91256,-1.6701,1.1014
-593.27,1880,2325.3,-0.42681,-2696.5,-1422,5.4946e+05,53527,1,-282.93,1579.8,2132.7,-1411.2,661.97,-160.43,-1811.1,588.31,-596.62,3682.7,273565,413,1752,339,-0.9093,-1.6642,1.1131
-559.9,1877.3,2315.6,-0.57245,-2695.1,-1391.5,5.502e+05,52109,1,-295.76,1589,2104.7,-1407.6,653.6,-170.36,-1824.3,568.02,-632.03,3678.3,273428,413,1752,339,-0.90601,-1.6581,1.1247
-527.05,1874.6,2305.5,-0.72104,-2693.3,-1361.4,5.4791e+05,50693,1,-304.59,1588.3,2069.4,-1405.5,648.66,-175.32,-1837.3,552.82,-658.51,3666,273050,413,1752,339,-0.90269,-1.652,1.1362
-494.85,1871.8,2294.8,-0.88883,-2690.9,-1331.8,5.4704e+05,49279,1,-342.26,1586.2,2007.8,-1402.1,645.28,-174.61,-1869.2,534.33,-700.24,3653.3,272681,413,1752,339,-0.89933,-1.6459,1.1478
-463.85,1869.1,2283.2,-1.0829,-2687.6,-1303.3,5.4681e+05,47869,1,-388.73,1574,1929.7,-1395.6,640.28,-171.69,-1883.3,508.55,-735.32,3617.4,271618,413,1752,339,-0.89593,-1.6397,1.1593
-433.67,1866.3,2271.3,-1.1233,-2683.8,-1275.5,5.4261e+05,46463,1,-369.55,1580.5,1925.8,-1389.3,629.69,-179.69,-1832.3,490.19,-712.78,3578.8,270473,413,1752,339,-0.8925,-1.6334,1.1707
-402.62,1863.3,2260.4,-0.82809,-2681.3,-1246.8,5.4526e+05,45061,1,-321.87,1603.8,1966.7,-1387.8,622.44,-188.71,-1782.7,495.85,-661.2,3571.2,270253,413,1752,339,-0.88904,-1.6271,1.1821
-370.29,1860.3,2250.5,-0.53343,-2679.9,-1216.9,5.5134e+05,43663,1,-252.36,1636,2034.1,-1394.2,617.69,-195.69,-1754.7,497.96,-625.78,3600,271121,413,1752,339,-0.88555,-1.6207,1.1935
-337.3,1857.1,2240.4,-0.48605,-2678.5,-1186.5,5.5274e+05,42269,1,-227.25,1641.5,2031.2,-1404,607.83,-211.69,-1773.5,466.94,-669.97,3615.2,271553,413,1752,339,-0.88202,-1.6142,1.2048
-304.57,1853.5,2229.2,-0.74191,-2676,-1156,5.5257e+05,40879,1,-246.96,1648.2,2002.5,-1405.5,600.45,-223.2,-1794,449.91,-703.67,3617.9,271629,413,1752,339,-0.87846,-1.6077,1.216
-272.7,1849.9,2217.5,-0.8606,-2673.1,-1126.3,5.5252e+05,39493,1,-269.43,1636.4,1947.2,-1404.1,599.4,-219.44,-1807.9,440.76,-715.36,3591,270841,413,1752,339,-0.87486,-1.6011,1.2272
-241.51,1846.4,2205.9,-0.8607,-2670.1,-1097.3,5.5268e+05,38111,1,-264.3,1635.3,1919.5,-1393.3,590.4,-220.01,-1773.3,416.63,-711.18,3548.4,269454,413,1752,339,-0.87124,-1.5945,1.2384
-210.05,1842.7,2194.3,-0.79681,-2667.2,-1067.9,5.5286e+05,36735,1,-226.09,1647.3,1931.9,-1388,575.59,-231.78,-1740.8,398.32,-701.05,3534,269064,413,1752,339,-0.86758,-1.5878,1.2495
-178.2,1838.8,2182.8,-0.72979,-2664.6,-1038.1,5.5193e+05,35365,1,-203.39,1656.9,1938.5,-1389.8,577.16,-228.64,-1736.6,407.25,-679.48,3536.2,269139,413,1752,339,-0.86389,-1.581,1.2606
-146.2,1835.2,2171.9,-0.59072,-2662.7,-1008.3,5.5367e+05,33999,1,-189.74,1665.8,1938,-1391.5,578.04,-226.16,-1732,403.22,-673.81,3536.2,269138,413,1752,339,-0.86016,-1.5742,1.2717
-114.06,1831.3,2160.5,-0.70995,-2660.4,-978.2,5.5753e+05,32637,1,-195.69,1680.9,1923.4,-1391.6,570.34,-232.23,-1747.3,388.13,-692.36,3544.3,269347,413,1752,339,-0.8564,-1.5673,1.2826
-82.285,1827.4,2148.8,-0.78511,-2657.8,-948.43,5.5868e+05,31279,1,-245.54,1863.4,2082,-1394,543.31,-262.41,-1795.2,466.86,-618.93,3741.4,275645,413,1752,339,-0.85261,-1.5604,1.2936
-33.389,1832.2,2153.5,-0.82583,-2675.9,-913.76,5.5438e+05,736025,1,-342.44,2050,2217.2,-1381.1,543.49,-259.26,-1874.6,582.16,-535.22,3943.5,281477,413,1752,339,-0.85451,-1.5501,1.3047
-25.332,1820.1,2135.3,-1.231,-2659.4,-894.55,5.5698e+05,736027,1,-405.27,1882.9,1963.6,-1375.2,560.68,-226.76,-1896.3,472.38,-666.5,3753.1,276007,413,1752,339,-0.84648,-1.5501,1.3099
12.399,1818.3,2122.4,-1.5781,-2658.4,-862.45,5.5467e+05,734935,1,-407.78,1640.9,1650.8,-1396.6,566.77,-230.6,-1867.2,321.88,-815.84,3487.8,267651,413,1752,339,-0.84353,-1.5405,1.3231
42.881,1829.2,2128.6,-1.5632,-2675.3,-849.36,5.6027e+05,733811,1,-517.47,1644.1,1556.9,-1435.4,582.74,-246.33,-1948.7,332.54,-860.96,3536.2,269137,413,1752,339,-0.84859,-1.5308,1.331
77.146,1826.9,2114.4,-0.96097,-2672.5,-820.08,5.6191e+05,732667,1,-434.46,1616.1,1553.7,-1413.1,574.2,-240.43,-1826.8,306.45,-803.95,3417.1,265233,413,1752,339,-0.8454,-1.5211,1.3441
106.83,1837.7,2120,-0.89761,-2688.9,-808.04,5.6474e+05,731501,1,-457.59,1582.1,1480,-1425.8,580.47,-248.08,-1829.8,302.78,-813.01,3381.6,264180,413,1752,339,-0.85035,-1.5113,1.352
143.49,1835.6,2108.1,-0.024012,-2689,-776.82,5.545e+05,730321,1,-57.358,1672.3,1801.7,-1352.2,574.64,-208.78,-1673.4,334.8,-671.79,3407.6,264961,413,1752,339,-0.84691,-1.5015,1.3651
135.91,1848.5,2125.7,-0.55571,-2705.4,-796.82,5.6246e+05,730319,1,-492.55,1630.3,1492.6,-1437.3,583.79,-258.24,-1838.4,324.37,-798.1,3424,265600,413,1752,339,-0.85527,-1.5015,1.3598
185.46,1835,2097,-1.673,-2692.4,-741.66,5.6327e+05,729127,1,-140.21,1722.2,1777.6,-1245.4,586.33,-129.05,-1846.1,340.44,-762.23,3487.4,267639,413,1752,339,-0.84331,-1.4916,1.3781
174.96,1846.2,2114.5,-0.0051672,-2706.9,-763.57,5.549e+05,729125,1,-6.9724,1717.1,1862.5,-1318.3,586.04,-179.81,-1671.6,353.27,-651.55,3446,266326,413,1752,339,-0.85175,-1.4916,1.3729
220.8,1835,2080.3,-4.7413,-2690,-712.51,5.5901e+05,727919,1,-1019.6,1716.9,1215.5,-1253.6,585.97,-132.06,-2319.1,304.4,-1074.4,3744.7,275753,413,1752,339,-0.83955,-1.4817,1.391
252.51,1845.4,2085.7,-5.2285,-2707.5,-699.21,5.5692e+05,726697,1,-1139.9,1772.3,1178.7,-1238,565.22,-152.17,-2387,313.85,-1109.6,3838.3,278767,413,1752,339,-0.84424,-1.4717,1.3988
217.15,1845.5,2103,-1.9226,-2710.2,-728.3,5.5801e+05,727917,1,-274.28,1752.5,1704.9,-1221.6,579.04,-128.6,-1946.9,334.5,-832.32,3534.5,269081,413,1752,339,-0.84807,-1.4817,1.3858
273.6,1843.2,2062,-5.996,-2694.4,-681.44,5.5787e+05,725465,1,-1888.5,1776.3,716.9,-1382.4,585.2,-216.95,-2637.6,344.64,-1215.3,4253.1,286633,413,1752,339,-0.84024,-1.4616,1.4117
290.65,1839.3,2039.2,-3.6252,-2680,-666.2,5.568e+05,724223,1,-1718.8,1813.2,836.72,-1564.6,595.66,-311.43,-2446.5,368.65,-1061.7,4134.1,284987,413,1752,339,-0.83609,-1.4515,1.4245
306.32,1854.4,2069.4,-6.0768,-2714.6,-668.08,5.5808e+05,724221,1,-2093.1,1883.3,680.21,-1420.7,622.95,-208.12,-2758.6,441.06,-1191.3,4479.3,289017,413,1752,339,-0.84481,-1.4515,1.4193
323.97,1850.4,2046.7,-3.7265,-2700.4,-652.31,5.5837e+05,722971,1,-1833.5,1899.6,833.67,-1641,625.65,-333.44,-2584.4,444.19,-1071.1,4345.6,287652,413,1752,339,-0.84058,-1.4414,1.4321
358,1861.9,2055.1,-3.7955,-2722.3,-638.42,5.5685e+05,721709,1,-2018.7,2022.7,818.98,-1718.6,641.64,-371.85,-2726.7,513.79,-1092,4607.8,290264,413,1752,339,-0.84504,-1.4311,1.4397
476.32,1855.4,2035.1,-0.49823,-2740.9,-546.25,5.5466e+05,717873,1,-281.21,2539.2,2252.3,-1680.9,504.53,-479.73,-2185.1,613.03,-664.1,4527.8,289436,413,1752,339,-0.84022,-1.4002,1.4726
523.22,1863.8,2046.4,-1.4357,-2768.4,-520.71,5.4996e+05,716577,1,-498.36,2761.9,2310.1,-1734.4,457.71,-558.72,-2398,673.26,-734.23,4846.2,292690,413,1752,339,-0.84446,-1.3897,1.4801
469.03,1874.6,2058.3,-1.1582,-2764.9,-571.13,5.4961e+05,717871,1,-1204,2613.8,1793.5,-1821.2,531.06,-547.15,-2469.2,701.06,-761.34,4750.2,291668,413,1752,339,-0.84924,-1.4002,1.4675
394.32,1873.7,2064.8,-4.0569,-2746.2,-623.04,5.55e+05,720437,1,-2186.3,2179.1,852.91,-1729.5,632.9,-392.94,-2785.1,565.87,-1080.2,4800.6,292270,413,1752,339,-0.84947,-1.4209,1.4473
435,1884.3,2075.1,-4.7763,-2771.5,-603.67,5.5167e+05,719157,1,-2393.1,2418.6,937.47,-1637.9,551.77,-425.39,-2817.1,626.82,-1046.9,5004.8,294193,413,1752,339,-0.85387,-1.4106,1.4548
574,1872.1,2060,-2.3305,-2799.2,-492.23,5.5071e+05,715275,1,-727.51,2952.1,2322.7,-1898.2,511.41,-611.35,-2670.9,868.32,-721.87,5223.6,296154,413,1752,339,-0.84867,-1.3793,1.4875
625.74,1881,2075.4,-2.6594,-2832.3,-463.65,5.5177e+05,713967,1,-759.17,2993.4,2310.9,-1920.7,496.64,-639.35,-2823.2,898.38,-785.09,5349.3,297431,413,1752,339,-0.85285,-1.3687,1.4948
678.11,1889.6,2092,-2.3949,-2866.6,-434.91,5.5121e+05,712651,1,-617.87,3045.1,2401.2,-1980.7,519.7,-660.45,-2827.6,990.79,-717.14,5435.2,298384,413,1752,339,-0.857,-1.3581,1.502
730.06,1898.6,2109.5,-1.4704,-2902,-407.17,5.506e+05,711329,1,-396.57,3020.1,2467.6,-2071.1,564.21,-680.59,-2754.2,1029.6,-654.89,5432.6,298290,413,1752,339,-0.86111,-1.3475,1.5093
792.7,1885.2,2097.7,-2.9698,-2908.8,-348.87,5.494e+05,710003,1,-522.33,3168.1,2484.7,-2045.3,490.28,-720.92,-2958.5,1096.6,-701.89,5645.8,300168,413,1752,339,-0.85587,-1.3368,1.5217
781.05,1908.3,2127.1,-0.61748,-2937.8,-381.16,5.5203e+05,710001,1,-337.69,3057,2504.8,-2109,575.96,-693.84,-2760.7,1053.9,-642.63,5489.9,298820,413,1752,339,-0.86519,-1.3368,1.5164
844.59,1893.9,2115.9,-1.3401,-2945.1,-321.75,5.4714e+05,708669,1,-293.59,3095.2,2519.8,-2192.5,546.38,-759.58,-2875.7,1068.3,-690.2,5645.8,300169,413,1752,339,-0.85988,-1.3261,1.5288
897.41,1903.7,2133.9,-0.79948,-2982.6,-294.94,5.4797e+05,707329,1,-518.42,3344.8,2571.7,-2273,547.53,-809.41,-2882.1,1108.8,-671.31,5846.2,302269,413,1752,339,-0.86385,-1.3153,1.5359
963.09,1886.5,2121.5,-1.4013,-2988.8,-232.39,5.4384e+05,705985,1,-618.77,3461.5,2570.4,-2313.1,531.05,-836.34,-2973.5,1140.1,-690.1,5993.5,303825,413,1752,339,-0.85831,-1.3045,1.5482
1022.5,1895.3,2140.4,-2.1023,-3029.7,-200.3,5.4222e+05,704633,1,-966.01,3735,2569.8,-2204.9,472.76,-828.62,-2946.5,1178.9,-653.02,6144.7,305393,413,1752,339,-0.86217,-1.2936,1.5551
-1319.5,1723.3,2246.8,-0.094979,-2454.4,-1932.6,5.4024e+05,81071,1,-360.57,1546,2815.7,-1889.9,750.89,-309.9,-2750.4,1112.3,-410.46,4863.2,292862,413,162,337,-0.86624,-1.8171,0.88491
-1307.6,1747.7,2281.5,-0.053457,-2492.2,-1938.6,5.412e+05,81069,1,-312.09,1514.5,2799.1,-1789.1,717.59,-305.17,-2499.1,1004.6,-421.44,4633.3,290483,413,162,337,-0.87737,-1.8117,0.88491
-1296.3,1770.9,2313.1,-0.042517,-2526.8,-1944.8,5.4286e+05,81067,1,-263.58,1497.8,2788.5,-1724.1,696.63,-310.38,-2318.6,925.2,-440.97,4479.9,289024,413,162,337,-0.88847,-1.8063,0.88491
-1255,1766.2,2306.6,-0.0078125,-2526.5,-1905.7,5.403e+05,79595,1,-232.91,1500.9,2777.8,-1730.2,693.43,-318.33,-2303.1,905.93,-457.66,4464.7,288862,413,162,337,-0.88606,-1.8014,0.89725
-1213.9,1761.4,2299.8,0.055849,-2526,-1866.7,5.3665e+05,78125,1,-214.28,1489.2,2739.3,-1746.9,700.25,-312.03,-2316.6,900.88,-468.08,4450.2,288725,413,162,337,-0.88361,-1.7964,0.90955
-1203.8,1784.2,2329.2,0.035821,-2558.3,-1874.2,5.388e+05,78123,1,-166.43,1428,2648.9,-1711.6,705.65,-294.14,-2203.6,834.98,-522.74,4292.3,287095,413,162,337,-0.89462,-1.791,0.90955
-1165.6,1780.1,2321.1,0.1284,-2556.5,-1838.3,5.3789e+05,76657,1,-96.988,1281.2,2383.1,-1717.7,755.9,-197.68,-2138.1,770.33,-574.74,4048,283571,413,162,337,-0.89211,-1.7859,0.92181
-1131.7,1777.8,2312.3,0.24984,-2554,-1806.9,5.3773e+05,75193,1,-90.799,1167.4,2140.4,-1704.2,805.72,-87.314,-2098.9,738.79,-590.08,3848.7,279024,413,162,337,-0.88956,-1.7808,0.93405
-1124.4,1800.6,2338.7,0.1203,-2583.3,-1817.3,5.4043e+05,75191,1,-89.207,1154.9,2108.3,-1675.5,800.52,-92.303,-2043.9,698.87,-639.13,3783.9,277045,413,162,337,-0.90047,-1.7753,0.93405
-1094.6,1800,2329,0.12549,-2580.1,-1790.4,5.4127e+05,73729,1,-135.69,1107.7,1938.7,-1619.4,824.41,5.4345,-1976.1,673.3,-613.98,3611.3,271441,413,162,337,-0.89786,-1.7702,0.94624
-1087.2,1822.2,2354.3,0.0052077,-2608.1,-1800.8,5.4233e+05,73727,1,-120.45,1129.2,1990.2,-1633.8,815.37,-48.451,-1996,668.29,-670.49,3669.8,273148,413,162,337,-0.90871,-1.7647,0.94624
-1049.7,1843.6,2369.3,-0.14252,-2632.6,-1784.4,5.4453e+05,72265,1,-171.63,1162.6,1964.8,-1587.3,811.21,-30.26,-1958.1,666.84,-648.84,3622.1,271768,413,162,337,-0.91681,-1.7539,0.9584
-1020.1,1843.2,2359.9,-0.12022,-2630,-1757.9,5.4451e+05,70807,1,-195.59,1210.1,1998.1,-1555.6,794.94,-35.16,-1922.6,666.58,-613.63,3614.6,271532,413,162,337,-0.91407,-1.7486,0.97053
-1011.1,1864.3,2384.2,-0.20888,-2657.1,-1766.9,5.4571e+05,70805,1,-212.51,1244.7,2030.5,-1548.1,786.96,-59.633,-1927.7,673.83,-623.61,3646.3,272496,413,1752,339,-0.92478,-1.743,0.97053
-979.98,1863.3,2375.2,-0.16037,-2655.1,-1739,5.455e+05,69351,1,-222.75,1305.5,2097.8,-1528.6,766.25,-82.733,-1907.9,679.07,-593.62,3679.6,273479,413,1752,339,-0.92197,-1.7377,0.98262
-937.82,1882.3,2390.5,-0.20078,-2680.5,-1718.1,5.4625e+05,67897,1,-232.23,1365.5,2154.8,-1520.8,753.99,-114.23,-1911.4,690.02,-591.28,3733,275392,413,1752,339,-0.92974,-1.7267,0.99467
-905.01,1880.6,2381.7,-0.24813,-2679,-1688.4,5.4574e+05,66447,1,-252.38,1405.3,2168.7,-1493.2,734.38,-117.56,-1883,677.36,-573.28,3722.6,275054,413,1752,339,-0.92683,-1.7213,1.0067
-871.93,1878.7,2373,-0.26183,-2677.8,-1658.4,5.4609e+05,65001,1,-258.24,1436.5,2185.2,-1480.7,721.88,-127.05,-1867.6,671.79,-562.47,3727,275198,413,1752,339,-0.92388,-1.7158,1.0187
-838.47,1876.7,2364.5,-0.25671,-2676.9,-1628,5.4872e+05,63557,1,-258.25,1460.5,2195.9,-1468.1,711.22,-130.47,-1847.3,663.46,-548.86,3722.1,275016,413,1752,339,-0.9209,-1.7102,1.0306
-804.8,1874.6,2356.2,-0.25798,-2676.2,-1597.4,5.5008e+05,62115,1,-260.91,1487.3,2200.5,-1457.3,701.07,-139.83,-1837,652.56,-554.1,3723.5,275085,413,1752,339,-0.91789,-1.7046,1.0425
-759.83,1891.6,2370.5,-0.30949,-2701.4,-1573.8,5.4984e+05,60675,1,-270.5,1515.4,2196.4,-1454.9,700.73,-151.36,-1850.8,656.99,-569.08,3742.4,275671,413,1752,339,-0.92525,-1.6933,1.0544
-726.09,1889.2,2361.7,-0.3595,-2700.5,-1543.1,5.474e+05,59239,1,-283.69,1531.4,2174.5,-1441.9,692.12,-153.07,-1849,640.2,-587.04,3729.5,275281,413,1752,339,-0.92213,-1.6876,1.0662
-692.71,1886.9,2352.5,-0.46722,-2699.4,-1512.6,5.4905e+05,57805,1,-295.18,1531.2,2139.3,-1427.5,686.76,-142.62,-1835.6,623.62,-588.49,3693.6,273919,413,1752,339,-0.91897,-1.6819,1.078
-680.89,1905.6,2375.2,-0.48452,-2725.4,-1519.5,5.4745e+05,57803,1,-302.28,1550.1,2149.9,-1440.5,694.24,-162.39,-1865.6,640.15,-612.98,3737.1,275541,413,1752,339,-0.92927,-1.6762,1.078
-647.84,1903.1,2365.6,-0.54769,-2723.9,-1489.4,5.4998e+05,56373,1,-307.71,1561.7,2128.3,-1426.7,687.52,-160.03,-1848,629.66,-606.65,3711.7,274550,413,1752,339,-0.92605,-1.6704,1.0897
-614.72,1900.7,2356.4,-0.51617,-2722.8,-1459.2,5.5271e+05,54947,1,-301.44,1574,2130.2,-1420.3,681.45,-158.71,-1832.6,624.35,-590.72,3702.7,274217,413,1752,339,-0.92279,-1.6645,1.1014
-581.36,1898.1,2347.1,-0.4869,-2721.8,-1428.8,5.5293e+05,53525,1,-292.89,1592.8,2131.5,-1418.6,671.46,-171.37,-1830.4,606.38,-608.55,3707.8,274415,413,1752,339,-0.9195,-1.6585,1.1131
-548.11,1895.3,2337.3,-0.56638,-2720.4,-1398.4,5.4984e+05,52107,1,-297.71,1599.3,2102.6,-1413.9,660.89,-180.33,-1834.8,580.47,-640.26,3694.5,273954,413,1752,339,-0.91617,-1.6525,1.1247
-515.23,1892.5,2327.2,-0.635,-2718.6,-1368.2,5.476e+05,50691,1,-315.22,1606,2069.1,-1409.5,655.73,-181.72,-1849.2,568.75,-659.82,3686.2,273697,413,1752,339,-0.9128,-1.6465,1.1362
-482.71,1889.6,2316.7,-0.75043,-2716.5,-1338.4,5.4661e+05,49277,1,-338.83,1603.2,2022.9,-1407.5,653.49,-181.29,-1875.4,550.85,-698.44,3677.8,273416,413,1752,339,-0.90941,-1.6404,1.1478
-451.23,1886.8,2305.1,-1.0285,-2713.3,-1309.5,5.4681e+05,47867,1,-381.9,1587.6,1939.7,-1401.8,645.68,-185.36,-1893.7,510.23,-760.57,3642.9,272404,413,1752,339,-0.90598,-1.6342,1.1593
-421.08,1883.7,2292.4,-1.2457,-2709,-1281.6,5.4257e+05,46461,1,-383.18,1588,1911.1,-1393.6,633.96,-191.07,-1853,493.3,-740.14,3595.3,270986,413,1752,339,-0.90251,-1.6279,1.1707
-390.56,1880.6,2281,-0.96667,-2705.8,-1253.4,5.4449e+05,45059,1,-334.92,1611,1952.2,-1395.3,633.47,-193.08,-1812.4,512.28,-676.61,3592.9,270895,413,1752,339,-0.89901,-1.6216,1.1821
-358.66,1877.6,2270.8,-0.6622,-2704.1,-1224,5.4948e+05,43661,1,-281.39,1643.6,2013.1,-1398.3,629.22,-197.6,-1780.7,515.7,-638.3,3615,271548,413,1752,339,-0.89548,-1.6152,1.1935
-325.88,1874.3,2260.5,-0.58876,-2702.6,-1193.8,5.5388e+05,42267,1,-260.55,1667.8,2034.2,-1403.4,616.64,-215.46,-1787.6,493.94,-663.75,3642,272372,413,1752,339,-0.89191,-1.6088,1.2048
-293.04,1870.6,2249.3,-0.76302,-2700.3,-1163.3,5.5489e+05,40877,1,-275.04,1670.2,1995.5,-1408.3,607.8,-227.41,-1819.4,471.95,-705.64,3644.5,272443,413,1752,339,-0.88831,-1.6023,1.216
-260.99,1866.9,2237.8,-0.87297,-2697.5,-1133.5,5.5315e+05,39491,1,-304.37,1658.9,1933.4,-1403.7,601.34,-229.52,-1826.4,440.94,-741.58,3612.1,271466,413,1752,339,-0.88467,-1.5957,1.2272
-229.9,1863.2,2225.5,-1.011,-2693.9,-1104.5,5.5149e+05,38109,1,-311.38,1658.5,1906.5,-1393.5,590.76,-233.28,-1799.6,418.2,-743.77,3576.9,270405,413,1752,339,-0.881,-1.5891,1.2384
-198.73,1859.3,2213.5,-0.92984,-2690.7,-1075.3,5.4929e+05,36733,1,-286.69,1661.5,1906.8,-1391,585.16,-236.12,-1779.4,417.9,-721.82,3560,269869,413,1752,339,-0.8773,-1.5824,1.2495
-167.24,1855.4,2201.9,-0.77474,-2688,-1045.9,5.5359e+05,35363,1,-234.8,1665,1918.4,-1393.6,587.39,-231.56,-1756.2,418.76,-693.66,3548.1,269445,413,1752,339,-0.87357,-1.5757,1.2606
-135.47,1851.7,2190.7,-0.66307,-2685.8,-1016.3,5.5733e+05,33997,1,-195.49,1679,1933.4,-1394.1,582.62,-234.26,-1740,408.67,-684.51,3549.2,269487,413,1752,339,-0.8698,-1.5689,1.2717
-103.25,1847.7,2179.4,-0.68905,-2683.6,-986.2,5.5827e+05,32635,1,-314.64,1849.5,2035.3,-1379.7,560.27,-250.05,-1821,493.21,-630.25,3728.1,275242,413,1752,339,-0.866,-1.5621,1.2826
-71.34,1843.8,2167.9,-0.71056,-2681.4,-956.41,5.5891e+05,31277,1,-468.35,2140.9,2262.7,-1364.5,520.79,-281.08,-1917.2,638.02,-510.02,3943.5,281478,413,1752,339,-0.86217,-1.5551,1.2936
-0.68166,1843.4,2161.3,-0.98542,-2694.7,-898.92,5.5997e+05,734931,1,-247.05,1718,1853.7,-1391.6,592.81,-214.19,-1843,398.26,-737.14,3589,270780,413,1752,339,-0.8597,-1.5405,1.3126
-9.4052,1855.8,2179.5,-0.6304,-2711,-918.99,5.5938e+05,734929,1,-171.45,1730.7,1925.6,-1403.6,594.81,-230.81,-1792,426.24,-687.11,3602,271173,413,1752,339,-0.86774,-1.5405,1.3073
-42.131,1844.6,2171.4,-0.61523,-2692.1,-933.71,5.602e+05,736023,1,-432.63,2172.3,2303.8,-1370.9,524.26,-285.64,-1912.7,657.93,-484.22,3943.5,281479,413,1752,339,-0.8625,-1.5501,1.2994
6.5988,1831,2142.3,-1.3864,-2677.2,-880.12,5.5888e+05,734933,1,-331.12,1691.9,1764,-1405.8,587.32,-221.95,-1892.5,368.71,-791.84,3577.5,270421,413,1752,339,-0.85163,-1.5405,1.3179
38.653,1842.3,2149.3,-1.74,-2695.3,-865.99,5.5771e+05,733809,1,-395.24,1700.6,1712.6,-1412.9,594.82,-224.76,-1933.8,375.4,-815.2,3595.4,270991,413,1752,339,-0.85674,-1.5308,1.3258
73.888,1840.3,2134.8,-1.8447,-2692.6,-836.19,5.6092e+05,732665,1,-592.02,1670,1519.7,-1454.2,591.5,-255.11,-1989.4,333.16,-890.11,3583.2,270610,413,1752,339,-0.85363,-1.5211,1.3389
70.954,1853.5,2156.5,-2.0802,-2713.9,-851.96,5.56e+05,732663,1,-534.9,1739.6,1638.9,-1420.5,603.06,-229.96,-2033.6,393.86,-864.81,3670.3,273162,413,1752,339,-0.86183,-1.5211,1.3337
105.28,1851.3,2141,-2.2491,-2710.2,-822.97,5.6029e+05,731499,1,-748.81,1684.7,1413.1,-1472.8,595.7,-270.5,-2070.7,343.49,-935.12,3643.3,272417,413,1752,339,-0.85863,-1.5113,1.3468
166.56,1859.3,2132,-0.40611,-2723,-784.51,5.5517e+05,729123,1,-594.67,1744.4,1526.5,-1471,599.48,-271.6,-1900.2,382.1,-779.39,3562,269941,413,1752,339,-0.86016,-1.4916,1.3676
136.26,1862.5,2147.1,-2.6148,-2727.8,-810.45,5.6119e+05,730317,1,-1008,1731.4,1272.1,-1481.5,601.92,-278.52,-2165.7,370.66,-971.39,3746.7,275804,413,1752,339,-0.8636,-1.5015,1.3546
206.62,1857,2121.1,-0.040622,-2725.2,-750.52,5.5778e+05,727915,1,-120.89,1780.2,1836.8,-1366.3,596.5,-208.04,-1741.8,384.97,-668.35,3528.8,268903,413,1752,339,-0.85656,-1.4817,1.3806
249.66,1855.9,2109.3,-2.1806,-2728.6,-714.48,5.561e+05,726695,1,-307.05,1837.6,1753.7,-1219.2,566.65,-147.91,-1977,364.21,-824.5,3619,271660,413,1752,339,-0.8528,-1.4717,1.3936
285.48,1855.5,2091.7,-5.6807,-2725.8,-685,5.5636e+05,725463,1,-1440.8,1862.8,1066.5,-1241,583.17,-142.78,-2529,386.77,-1122.4,4048.3,283577,413,1752,339,-0.84889,-1.4616,1.4065
283.91,1866.1,2116.2,-2.5665,-2748.1,-699.4,5.5522e+05,725461,1,-412.62,1928.7,1760.5,-1241.2,582.09,-152.76,-2084.9,434.43,-822.23,3755.5,276075,413,1752,339,-0.8575,-1.4616,1.4012
239.41,1867.8,2128.2,-0.18381,-2744.5,-736.82,5.5642e+05,726693,1,-179.61,1863.4,1860.5,-1382.5,590.95,-231.64,-1848.8,417.51,-704.25,3656.3,272770,413,1752,339,-0.86134,-1.4717,1.3883
320.23,1866.1,2099.5,-5.9322,-2746.6,-669.82,5.5588e+05,724219,1,-1264.2,1979.1,1270,-1193.7,616.29,-89.115,-2491.4,502.68,-990.43,4047.3,283562,413,1752,339,-0.8535,-1.4515,1.4141
341.17,1866.1,2078.1,-6.3937,-2736.8,-653.43,5.5572e+05,722969,1,-2241.5,2002.8,685.29,-1423.8,668.52,-173.44,-2900.6,533.81,-1190.5,4703.7,291212,413,1752,339,-0.84935,-1.4414,1.427
355.84,1878,2109.6,-5.8558,-2770.3,-654.9,5.5624e+05,722967,1,-1663,2029.1,1058.5,-1221.5,665.81,-60.315,-2664.8,563.77,-1033.2,4292.9,287100,413,1752,339,-0.85809,-1.4414,1.4217
376.92,1878.3,2087.9,-6.6942,-2760.7,-638.67,5.5362e+05,721707,1,-2391.1,2074.2,649.49,-1495.9,656.96,-232.28,-2955.5,543.34,-1214.3,4865.1,292875,413,1752,339,-0.85386,-1.4311,1.4345
416.33,1889.5,2098,-7.5601,-2785.6,-620.63,5.5056e+05,720435,1,-2597.9,2285,705.5,-1368.5,585.43,-236.75,-3003.3,581.7,-1214.5,5041.1,294543,413,1752,339,-0.85833,-1.4209,1.4421
517.88,1883.7,2071.9,-1.874,-2795.2,-544.54,5.5165e+05,716575,1,-1221.9,2837.3,1958.7,-1872.7,531.69,-583.75,-2665.2,845.87,-747.88,5088,294909,413,1752,339,-0.85353,-1.3897,1.4749
480.32,1893.6,2087.1,-5.3296,-2799.3,-580.04,5.5141e+05,717869,1,-2458.1,2617.3,1061.6,-1590.4,540.54,-415.06,-2895.1,765.15,-967.83,5101.5,295025,413,1752,339,-0.85823,-1.4002,1.4622
526.57,1903.2,2101.9,-4.6821,-2829.8,-556.27,5.5509e+05,716573,1,-2120.2,2556.8,1174.3,-1673,594.27,-419.85,-2949.6,848.23,-930.6,5101.5,295026,413,1752,339,-0.86256,-1.3897,1.4696
459.53,1898.4,2108.1,-8.4431,-2810.8,-598.55,5.4889e+05,719155,1,-2678,2433.5,775.86,-1293.8,512.68,-270.83,-3061.1,639.62,-1200.2,5041.1,294544,413,1752,339,-0.86278,-1.4106,1.4495
501.96,1907.5,2120.5,-7.6104,-2837.8,-577.64,5.522e+05,717867,1,-2330.4,2374,896.25,-1386.5,591.19,-257.13,-3069.2,753.85,-1102.7,5041.1,294545,413,1752,339,-0.86719,-1.4002,1.4569
568.93,1893.1,2087.8,-2.0247,-2828.3,-516.63,5.5466e+05,715273,1,-1106.9,2938.5,2092.5,-1923.6,546.59,-604.55,-2750.7,934.85,-722.4,5238.1,296275,413,1752,339,-0.85778,-1.3793,1.4822
619.68,1902.7,2104.3,-1.8202,-2862.3,-489.6,5.5667e+05,713965,1,-892.81,2910.6,2156.8,-1974.7,550.43,-636.88,-2739.7,936.6,-725.03,5238.1,296276,413,1752,339,-0.86201,-1.3687,1.4895
669.66,1912.1,2120.6,-1.3416,-2896,-463.59,5.5673e+05,712649,1,-734.22,2921,2224.4,-2024.5,560.29,-663.13,-2716.9,963.06,-698.54,5260,296485,413,1752,339,-0.8662,-1.3581,1.4968
719.89,1921.9,2137.4,-0.84998,-2930.6,-438.05,5.5662e+05,711327,1,-839.1,3030.1,2230.1,-2068,595.99,-663.42,-2738.1,1024.7,-667.36,5378.1,297758,413,1752,339,-0.87036,-1.3475,1.5039
771.69,1932.7,2155.1,-0.86641,-2967.4,-412.2,5.5752e+05,709999,1,-943.54,3180.1,2261.9,-2124,632.28,-668.96,-2791.3,1101.5,-640.96,5558.2,299430,413,1752,339,-0.87448,-1.3368,1.5111
832.99,1919,2144.9,-0.4857,-2975,-355.34,5.5348e+05,708667,1,-474.58,3189,2506.1,-2243.6,618.72,-739.95,-2783.2,1097.9,-630.14,5655.8,300257,413,1752,339,-0.86924,-1.3261,1.5235
889.45,1929.9,2164.1,-1.301,-3015.4,-326.48,5.4992e+05,707327,1,-1082.7,3626,2496.7,-2149.8,512.73,-787.61,-2870.3,1144.2,-657.64,6003.2,303941,413,1752,339,-0.87326,-1.3153,1.5305
955.39,1913.1,2152.5,-1.654,-3022.6,-264.2,5.4521e+05,705983,1,-906.32,3646.5,2571.4,-2226.5,487.72,-839.15,-2881.3,1127.1,-667.65,6053.7,304420,413,1752,339,-0.86779,-1.3045,1.5429
952.86,1937.6,2183.1,-3.0825,-3056.8,-290.56,5.4242e+05,705981,1,-1236.6,3789,2507.5,-2017.7,409.09,-800.71,-2872.9,1141.7,-667.25,6087.3,304744,413,1752,339,-0.87724,-1.3045,1.5375
-1326.1,1798,2349.9,-0.081979,-2560.1,-1989.8,5.4632e+05,82539,1,-266.58,1472.5,2763.7,-1690.5,698.33,-301.37,-2252.7,906.01,-452.24,4406.1,288283,413,162,337,-0.90195,-1.8056,0.87254
-1285.3,1793.5,2343.2,-0.044148,-2559.7,-1951.3,5.4452e+05,81065,1,-243.1,1485.6,2770.4,-1692.8,693.03,-312.41,-2239,893.1,-460.79,4405.4,288275,413,162,337,-0.89954,-1.8008,0.88491
-1244.3,1788.8,2336.5,-0.011743,-2559.2,-1912.5,5.4151e+05,79593,1,-228.08,1491.7,2763.7,-1700.8,690.22,-316.95,-2243,884.4,-469.46,4406.6,288286,413,162,337,-0.89709,-1.7959,0.89725
-1233.7,1811.3,2365.5,-0.014316,-2591.1,-1919.6,5.4195e+05,79591,1,-195.09,1455.2,2706.7,-1685.8,698.95,-311.53,-2183.1,849.94,-513.17,4319.9,287375,413,162,337,-0.9081,-1.7904,0.89725
-1194.3,1806.7,2357.6,0.023785,-2589.5,-1882.4,5.3984e+05,78121,1,-151.77,1385.7,2569.9,-1693.8,715.75,-281.6,-2156.8,799.23,-578.01,4199.2,285893,413,162,337,-0.90559,-1.7854,0.90955
-1157.6,1802.9,2348.4,0.076314,-2586.6,-1847.9,5.3967e+05,76655,1,-107.48,1275.4,2361.4,-1697,751.83,-212.79,-2115.5,743.05,-639.67,4017.7,283030,413,162,337,-0.90305,-1.7804,0.92181
-1117.4,1823.4,2364.6,0.0078673,-2612,-1828.2,5.417e+05,75189,1,-89.545,1161.3,2115.3,-1673.5,796.64,-125.56,-2046.3,681.91,-707.3,3799.3,277477,413,162,337,-0.91135,-1.7698,0.93405
-1079.4,1844.5,2379.8,-0.094097,-2636.4,-1811.1,5.4315e+05,73725,1,-129.24,1156.8,2026.7,-1633.2,808.17,-86.548,-2007.7,668.12,-711.67,3711.3,274536,413,162,337,-0.91952,-1.7591,0.94624
-1041.1,1865.3,2394.3,-0.22138,-2660.4,-1793.9,5.4476e+05,72263,1,-177.33,1195.2,2008.6,-1589,802.29,-74.464,-1972.1,666.97,-692.18,3671.7,273203,413,162,337,-0.92756,-1.7482,0.9584
-1001.6,1885.4,2409,-0.26584,-2684.7,-1775.8,5.4542e+05,70803,1,-205.69,1266.1,2067.9,-1562.5,787.2,-96.921,-1953.4,684.7,-657.5,3702.5,274212,413,1752,339,-0.93546,-1.7373,0.97053
-970.19,1884,2399.5,-0.20799,-2682.3,-1747.4,5.4671e+05,69349,1,-222.33,1320.1,2115.6,-1537.8,769.39,-103.39,-1926.2,690.24,-611.74,3714.4,274644,413,1752,339,-0.93262,-1.732,0.98262
-960.15,1904.8,2424,-0.24534,-2709.8,-1755.9,5.4641e+05,69347,1,-227.76,1343.6,2139.9,-1543.3,771.34,-124.62,-1943.8,705.76,-623.7,3754.2,276038,413,1752,339,-0.94323,-1.7262,0.98262
-927.42,1902.8,2414.8,-0.21915,-2707.8,-1726.2,5.4697e+05,67895,1,-235.31,1386.4,2176.1,-1528.9,756.83,-135.92,-1932.1,704.56,-607.62,3773.7,276720,413,1752,339,-0.94032,-1.7209,0.99467
-894.3,1900.7,2405.7,-0.26972,-2706,-1696.1,5.4681e+05,66445,1,-244.7,1418.3,2190.7,-1516.2,745.18,-143.48,-1922.4,699.2,-601,3780.4,276932,413,1752,339,-0.93737,-1.7155,1.0067
-860.99,1898.5,2396.7,-0.29117,-2704.5,-1665.9,5.4597e+05,64999,1,-257.4,1446,2193.1,-1493.5,730.3,-140.71,-1893.1,687.84,-578.05,3760.5,276223,413,1752,339,-0.9344,-1.7101,1.0187
-827.39,1896.2,2387.9,-0.28983,-2703.3,-1635.3,5.4757e+05,63555,1,-261.9,1479.6,2207.3,-1481.2,717.55,-153.03,-1878.6,679.05,-575.79,3766.1,276469,413,1752,339,-0.93138,-1.7046,1.0306
-793.63,1893.9,2379.2,-0.29395,-2702.3,-1604.5,5.4974e+05,62113,1,-264.39,1497.2,2204.5,-1467.2,708.98,-151.13,-1859,667.97,-566.91,3751.4,275951,413,1752,339,-0.92833,-1.699,1.0425
-782.24,1913.3,2402.5,-0.34191,-2728.9,-1611.8,5.4933e+05,62111,1,-269.65,1512.3,2213.5,-1481.5,717.51,-168.73,-1893,688.14,-587.07,3794.6,277352,413,1752,339,-0.93874,-1.6933,1.0425
-748.29,1910.7,2393.6,-0.34904,-2727.8,-1580.9,5.505e+05,60673,1,-276.8,1531.2,2205.2,-1467.1,709.13,-166.91,-1879.9,677.61,-583.72,3781.7,276983,413,1752,339,-0.93562,-1.6876,1.0544
-714.43,1908.2,2384.6,-0.38745,-2726.7,-1550,5.489e+05,59237,1,-283.96,1542.3,2190,-1458.6,703.67,-166.03,-1876.3,665.09,-593.28,3771,276636,413,1752,339,-0.93246,-1.6819,1.0662
-702.45,1927.3,2407.9,-0.43161,-2753.4,-1557,5.4995e+05,59235,1,-293.68,1559.5,2190.1,-1462.7,707.39,-179.32,-1898.8,675.7,-613.63,3798.1,277441,413,1752,339,-0.94277,-1.6762,1.0662
-668.77,1924.5,2398.2,-0.53459,-2751.9,-1526.3,5.483e+05,57801,1,-306.77,1567.4,2159.8,-1454.8,701.56,-183.77,-1901,658.07,-640.7,3783.6,277032,413,1752,339,-0.93954,-1.6705,1.078
-635.71,1921.7,2388.3,-0.59605,-2750,-1496.2,5.4828e+05,56371,1,-315.31,1567.1,2127.2,-1437.3,696.57,-169.37,-1873.4,644.46,-624.03,3738.2,275564,413,1752,339,-0.93628,-1.6647,1.0897
-602.71,1919.1,2378.8,-0.50782,-2748.7,-1466.1,5.5098e+05,54945,1,-300.58,1580.9,2126.2,-1429.3,690.38,-171.02,-1853.9,638.12,-609.41,3724.9,275128,413,1752,339,-0.93299,-1.6588,1.1014
-569.36,1916.4,2369.4,-0.49255,-2747.6,-1435.7,5.5154e+05,53523,1,-285.95,1596.8,2132.5,-1426.9,681,-180.49,-1847.2,620.47,-621.36,3727.5,275221,413,1752,339,-0.92966,-1.6529,1.1131
-535.99,1913.5,2359.4,-0.59797,-2746,-1405.2,5.517e+05,52105,1,-287.64,1605.6,2119.3,-1426.2,673.61,-188.68,-1852.8,604.62,-642.05,3726.4,275180,413,1752,339,-0.92629,-1.6469,1.1247
-502.91,1910.5,2349.1,-0.70192,-2744.2,-1374.9,5.508e+05,50689,1,-302.33,1619.1,2094,-1420.9,666.96,-192.28,-1860.4,594.29,-654.96,3720.4,274901,413,1752,339,-0.92289,-1.6408,1.1362
-470.14,1907.5,2338.7,-0.76382,-2742.3,-1344.9,5.5077e+05,49275,1,-342.58,1619.9,2034.8,-1411.2,659.91,-188,-1880.8,567.45,-695.09,3699.5,274104,413,1752,339,-0.91946,-1.6347,1.1478
-438.33,1904.4,2327.2,-1.0148,-2739.3,-1315.7,5.4542e+05,47865,1,-377.91,1612.4,1968.6,-1411.2,654.78,-196.99,-1920.4,538.24,-763.96,3693,273901,413,1752,339,-0.91599,-1.6286,1.1593
-408.19,1901.2,2314,-1.333,-2734.5,-1287.8,5.4396e+05,46459,1,-403.72,1591.5,1890.8,-1402.6,644.58,-200.01,-1902.3,503.5,-785.33,3630.8,271995,413,1752,339,-0.91248,-1.6223,1.1707
-378.12,1898.1,2302.1,-1.0722,-2730.9,-1260.1,5.4179e+05,45057,1,-358.12,1612,1924.4,-1400.6,644.69,-196.82,-1844.8,524.77,-702.16,3608,271344,413,1752,339,-0.90894,-1.616,1.1821
-346.65,1894.9,2291.5,-0.75065,-2728.8,-1231.1,5.4835e+05,43659,1,-297.64,1652.4,2001.5,-1402.5,636.7,-203.93,-1808.1,530.39,-654.43,3635.6,272191,413,1752,339,-0.90537,-1.6097,1.1935
-314.03,1891.5,2280.9,-0.67323,-2727.1,-1201,5.5281e+05,42265,1,-266.42,1675.7,2030.6,-1406.6,625.6,-220.23,-1803.2,513.72,-666.04,3657.8,272812,413,1752,339,-0.90176,-1.6033,1.2048
-281.15,1887.8,2270,-0.74023,-2725,-1170.5,5.5384e+05,40875,1,-265.71,1684.8,2020.7,-1413.1,619.87,-230.24,-1825.5,502.52,-689.89,3672.5,273218,413,1752,339,-0.89812,-1.5968,1.216
-248.8,1884.1,2258.5,-0.88967,-2722.4,-1140.5,5.5252e+05,39489,1,-296.68,1681.7,1964.3,-1416.1,610.53,-242.14,-1860.6,470.37,-748.2,3668,273098,413,1752,339,-0.89445,-1.5903,1.2272
-217.51,1880,2245.5,-1.2248,-2718.3,-1111.2,5.5226e+05,38107,1,-327.69,1669,1900.3,-1402.5,596.4,-243.85,-1843.1,435.86,-765.81,3613.8,271511,413,1752,339,-0.89074,-1.5837,1.2384
-186.82,1876,2233.1,-1.0635,-2714.6,-1082.5,5.5092e+05,36731,1,-308.02,1664.6,1879.7,-1401.6,599.67,-238.92,-1820.7,440.16,-737.67,3582.3,270591,413,1752,339,-0.887,-1.577,1.2495
-155.9,1872.2,2221.4,-0.8354,-2711.8,-1053.7,5.5209e+05,35361,1,-267.52,1670.6,1893.4,-1402.9,600.65,-234.68,-1790.1,435,-712.38,3568.3,270154,413,1752,339,-0.88322,-1.5703,1.2606
-124.46,1868.2,2209.7,-0.76278,-2709.1,-1024.3,5.5343e+05,33995,1,-239.63,1686,1911.2,-1399.8,593.55,-238.75,-1769.4,426.7,-700.65,3567.2,270060,413,1752,339,-0.87941,-1.5635,1.2717
-92.591,1864.2,2198.3,-0.62093,-2706.9,-994.61,5.5858e+05,32633,1,-370.89,2047,2232.3,-1389.4,552.88,-277.69,-1854.5,613.93,-522.97,3943.5,281488,413,1752,339,-0.87557,-1.5567,1.2826
-50.874,1857.1,2189.1,-0.60206,-2708.2,-953.64,5.6082e+05,736021,1,-405.08,2050.9,2186.9,-1378.9,546.37,-272.82,-1888.3,604.94,-544.17,3943.5,281480,413,1752,339,-0.87045,-1.5501,1.2941
32.096,1854.7,2169.1,-1.1985,-2713.6,-884.35,5.5897e+05,733807,1,-273.09,1751.5,1850.6,-1387.8,600.22,-214.42,-1882.1,421.95,-744.74,3629.6,271960,413,1752,339,-0.86486,-1.5308,1.3205
-18.538,1868.4,2197.3,-0.50612,-2727,-939.48,5.6133e+05,734927,1,-199.43,1724.4,1909,-1419.1,600.9,-243.69,-1791,438.92,-686.14,3602,271174,413,1752,339,-0.87574,-1.5405,1.302
23.443,1867,2187.6,-0.66086,-2730.2,-904.5,5.5869e+05,733805,1,-177.61,1760.2,1930.9,-1399.8,599.18,-231.78,-1811.9,442.63,-687.45,3630.7,271994,413,1752,339,-0.87295,-1.5308,1.3152
14.278,1879.7,2205.7,-0.51316,-2746.4,-925.24,5.6037e+05,733803,1,-234.19,1768,1908.5,-1428.6,606.81,-251.74,-1821.7,458.99,-689.03,3646.8,272507,413,1752,339,-0.881,-1.5308,1.3098
65.242,1866,2177.1,-1.4335,-2733,-869.79,5.5773e+05,732661,1,-331.31,1792,1835.5,-1381.8,603.94,-213.4,-1933.3,440.8,-761.16,3677.1,273391,413,1752,339,-0.86999,-1.5211,1.3283
103.97,1865,2164.2,-2.5111,-2733.3,-837.73,5.5391e+05,731497,1,-657.62,1798.8,1602.1,-1422.2,608.92,-232.7,-2116.5,406.01,-909.86,3762.2,276276,413,1752,339,-0.86688,-1.5113,1.3415
99.067,1877.2,2185.5,-1.6615,-2753.1,-854.91,5.5331e+05,731495,1,-398.19,1828.8,1809.8,-1358.3,600.5,-209.06,-1976.1,441.72,-792.59,3708.9,274460,413,1752,339,-0.87509,-1.5113,1.3361
137.79,1876.1,2171.5,-3.2981,-2752.7,-822.96,5.519e+05,730315,1,-776.5,1832.1,1541.9,-1401.3,593.49,-243.35,-2172.1,404.69,-952.08,3808,277728,413,1752,339,-0.87189,-1.5015,1.3492
168.35,1873.9,2154.5,-2.8901,-2746.9,-797.44,5.62e+05,729121,1,-1154.8,1804.9,1239.2,-1480.6,615.26,-269.93,-2225.7,421.31,-958.3,3849.7,279054,413,1752,339,-0.86853,-1.4916,1.3623
199.33,1870.6,2139.5,-0.65763,-2742.6,-770.94,5.555e+05,727913,1,-716.81,1835.3,1524.2,-1493.9,623,-268.6,-1975.1,437.6,-771.81,3685.9,273680,413,1752,339,-0.86502,-1.4817,1.3753
202.54,1885.1,2162.6,-3.2815,-2767.4,-782.8,5.6031e+05,727911,1,-1256.1,1884.6,1236.9,-1458.5,623.15,-255.69,-2299.4,485.27,-941.82,3956,281776,413,1752,339,-0.87344,-1.4817,1.37
172.66,1886.9,2179.4,-3.9155,-2772.7,-807.41,5.5047e+05,729119,1,-945.77,1876.5,1452.9,-1358.2,594.08,-224.47,-2268.3,453.97,-966.59,3880.7,279812,413,1752,339,-0.87688,-1.4916,1.3569
233.56,1882,2147.9,-1.0423,-2763.7,-756.55,5.5621e+05,726691,1,-799.61,1892,1512.6,-1517,627.1,-285.57,-2063.1,479.86,-786.91,3793.3,277313,413,1752,339,-0.86984,-1.4717,1.383
274.13,1878.5,2136.3,-0.41246,-2765.3,-721.78,5.5598e+05,725459,1,-273.78,1964.1,1885.6,-1435.2,600.81,-261.85,-1956.1,488.04,-703.03,3812.7,277890,413,1752,339,-0.86608,-1.4616,1.396
319.66,1876.7,2125,-2.7015,-2769.9,-683.58,5.547e+05,724217,1,-511.56,2021.4,1770.8,-1259.5,600.38,-152.6,-2186.1,514.29,-807.29,3892.1,280104,413,1752,339,-0.86216,-1.4515,1.4089
310.34,1889.5,2145.8,-0.49776,-2787.9,-705.9,5.5747e+05,724215,1,-307.96,2036.3,1914,-1452.1,613.23,-267.21,-2012.1,545.39,-684.56,3908.4,280505,413,1752,339,-0.87079,-1.4515,1.4035
268.56,1893.5,2157.2,-1.1755,-2785.8,-741.81,5.5802e+05,725457,1,-852.61,1958.7,1520.6,-1564.8,627.2,-325.02,-2174,524.77,-816.71,3936,281230,413,1752,339,-0.87463,-1.4616,1.3906
356.54,1887.7,2134.7,-2.8012,-2793.2,-667.28,5.5348e+05,722965,1,-594.16,2095.4,1770.1,-1231.8,632.76,-110.52,-2214.6,585.7,-758.72,3953.5,281735,413,1752,339,-0.8668,-1.4414,1.4164
393.49,1890,2120.3,-6.2992,-2795.4,-638.68,5.5397e+05,721705,1,-1784.4,2167.7,1098.1,-1159.6,635.55,-61.788,-2705.1,584.92,-1043.8,4426.1,288486,413,1752,339,-0.86264,-1.4311,1.4293
433.96,1900.2,2130.5,-6.8923,-2820.4,-619.48,5.4995e+05,720433,1,-1592.3,2266.9,1285.8,-1097.3,585.79,-82.7,-2682.5,631.07,-995.35,4412.1,288346,413,1752,339,-0.86717,-1.4209,1.4368
474.42,1910.2,2142.3,-6.4075,-2846.5,-600.57,5.5032e+05,719153,1,-1504.8,2274.8,1316.6,-1227.2,591.45,-163.07,-2807.6,669.21,-1040,4524.1,289394,413,1752,339,-0.87165,-1.4106,1.4442
572.1,1913.5,2117.7,-3.4192,-2861.5,-533.84,5.578e+05,715271,1,-1565.4,2753.6,1652.3,-1831.9,579.33,-531.58,-2867.8,920.87,-820.13,5146,295418,413,1752,339,-0.86686,-1.3793,1.4769
541.91,1919,2135.3,-5.7593,-2867.3,-560.5,5.5751e+05,716571,1,-1931.3,2278,1013.8,-1492.4,675.2,-247.2,-3007,828.12,-1003.4,4840,292642,413,1752,339,-0.87156,-1.3897,1.4643
581.3,1931,2149.3,-4.3807,-2896.5,-544.5,5.5836e+05,715269,1,-1841.2,2500,1246.5,-1513.4,631.12,-308.52,-2861.3,817.39,-936.78,4869.3,292909,413,1752,339,-0.87591,-1.3793,1.4716
512.91,1921,2154.4,-5.3639,-2872.8,-584.14,5.5052e+05,717865,1,-1263.5,2170.8,1333.9,-1361.4,643.22,-201.36,-2811.3,695.82,-1024.5,4453.5,288750,413,1752,339,-0.87611,-1.4002,1.4516
550.43,1932.7,2166.6,-4.413,-2899.7,-569.44,5.5098e+05,716569,1,-1374.8,2263.8,1330.4,-1382.5,676.43,-188.79,-2744.8,739.73,-949.19,4491.2,289120,413,1752,339,-0.88053,-1.3897,1.4589
618.76,1923.8,2133.5,-2.6118,-2893.9,-510.96,5.5842e+05,713963,1,-1454.8,2739.3,1673.2,-1784.7,589.47,-503.84,-2790.3,889.86,-818.42,5045.2,294582,413,1752,339,-0.87113,-1.3687,1.4842
667.95,1933.8,2149.3,-2.5652,-2927.3,-486.23,5.5641e+05,712647,1,-1474.9,2954.8,1823.1,-1828.4,589.71,-535.51,-2784.8,976.68,-745.5,5241.4,296309,413,1752,339,-0.87537,-1.3581,1.4914
719.31,1944.4,2166.6,-2.7145,-2963.1,-460.45,5.5604e+05,711325,1,-1629.5,3111.6,1839,-1860.2,621.54,-532.14,-2851.2,1054.5,-725.82,5442.1,298447,413,1752,339,-0.87957,-1.3475,1.4986
774.17,1955.1,2185.3,-3.3627,-3001.7,-432.36,5.5595e+05,709997,1,-1772.7,3283.7,1878.8,-1854.1,620.05,-535.65,-2936.3,1142.6,-707.45,5656.1,300259,413,1752,339,-0.88374,-1.3368,1.5057
827.9,1944.2,2174.8,-1.7553,-3008,-383.64,5.561e+05,708665,1,-1400.6,3488.8,2228.4,-2028.9,590.47,-658.41,-2898.5,1167.7,-659.7,5847.9,302283,413,1752,339,-0.87857,-1.3261,1.5181
-1314.9,1820.5,2379.6,-0.084135,-2592.4,-1996.2,5.4745e+05,82537,1,-262.31,1463,2746.2,-1670.4,702.36,-301.05,-2212.7,896.34,-469.02,4364,287845,413,162,337,-0.91301,-1.8001,0.87254
-1274.3,1816,2372.7,-0.046208,-2591.9,-1958,5.4532e+05,81063,1,-242.13,1479.3,2757.9,-1677.9,696.12,-312.2,-2210.6,887.42,-471.61,4375.8,287964,413,162,337,-0.91057,-1.7953,0.88491
-1263.5,1838.3,2401.7,-0.047447,-2623.6,-1964.9,5.4513e+05,81061,1,-220.7,1460.2,2723.4,-1666.1,703.73,-311.86,-2169.8,867.84,-504.32,4322.2,287400,413,162,337,-0.92157,-1.7896,0.88491
-1223.5,1833.6,2394,-0.029696,-2622.3,-1927.2,5.4277e+05,79589,1,-185.01,1428.6,2652.8,-1673.6,708.41,-305.29,-2150.8,828.43,-554.8,4257.8,286692,413,162,337,-0.91906,-1.7848,0.89725
-1185.1,1829.2,2385.3,-0.013613,-2620,-1891.1,5.4162e+05,78119,1,-128.73,1339.6,2492.6,-1684.9,731.16,-267.25,-2114.9,766.6,-630.51,4114.3,284625,413,162,337,-0.91653,-1.7798,0.90955
-1149.6,1825.7,2375.4,0.0038643,-2616.4,-1857.9,5.4139e+05,76653,1,-85.328,1226.8,2278.4,-1690.7,768.16,-197.6,-2079.7,709.14,-696.23,3937.5,281291,413,162,337,-0.91395,-1.7748,0.92181
-1142,1848.4,2401.7,-0.067366,-2645.4,-1868.3,5.4239e+05,76651,1,-85.285,1215.2,2248.9,-1678.2,773.51,-195.32,-2055.3,694.59,-723.92,3901.9,280358,413,162,337,-0.92483,-1.7692,0.92181
-1110,1846,2390.5,-0.092302,-2640.6,-1838.9,5.4302e+05,75187,1,-87.617,1160.1,2107.6,-1665.5,799.52,-137.16,-2031.1,670.39,-743.18,3788.7,277186,413,162,337,-0.92219,-1.7642,0.93405
-1102.4,1868.5,2416.1,-0.17082,-2668.9,-1849.6,5.4378e+05,75185,1,-111.27,1179,2102.9,-1645.9,797.79,-141.84,-2016.8,668.51,-754.12,3778,276862,413,162,337,-0.933,-1.7585,0.93405
-1071.2,1866.5,2405.1,-0.17805,-2664.5,-1821.1,5.4375e+05,73723,1,-138.43,1179.7,2050.1,-1622,803.22,-106.48,-1996.4,666.57,-727.63,3722.9,275063,413,162,337,-0.93029,-1.7534,0.94624
-1062.9,1888.6,2430.3,-0.26017,-2692.5,-1831.3,5.4489e+05,73721,1,-146.69,1198.8,2066.7,-1619.8,802.41,-127.22,-2003.5,671.15,-750.22,3747.1,275819,413,162,337,-0.94103,-1.7476,0.94624
-1032.4,1886.9,2419.3,-0.27853,-2688.2,-1803.5,5.4489e+05,72261,1,-172.73,1217.5,2044.5,-1593,800.62,-104.02,-1979.6,674,-712.87,3709.8,274491,413,162,337,-0.93826,-1.7425,0.9584
-1023.4,1908.6,2444.4,-0.32561,-2716.1,-1813.2,5.4554e+05,72259,1,-181.8,1247.4,2080.2,-1598.8,799.99,-133.37,-2003,689.69,-733.66,3762.4,276283,413,1752,339,-0.94894,-1.7367,0.9584
-992,1906.6,2433.8,-0.32346,-2712.4,-1784.7,5.4551e+05,70801,1,-214.57,1303.6,2112,-1567.3,783.94,-131.24,-1972,699.75,-675.75,3758.9,276174,413,1752,339,-0.9461,-1.7315,0.97053
-949.87,1925.7,2448.9,-0.29974,-2737.6,-1764.5,5.4651e+05,69345,1,-224.65,1352.9,2154.7,-1561.2,780.39,-147.14,-1974.3,723.15,-648.89,3799.1,277472,413,1752,339,-0.9538,-1.7204,0.98262
-916.85,1923.4,2439.4,-0.24412,-2735.4,-1734.4,5.4736e+05,67893,1,-236.2,1403.9,2194.9,-1540.7,763.34,-156.63,-1955.5,722.83,-623.12,3815.8,278184,413,1752,339,-0.95086,-1.7151,0.99467
-883.44,1920.9,2430.1,-0.27731,-2733.5,-1704,5.4724e+05,66443,1,-246.88,1435.9,2206.2,-1525.4,750.79,-161.17,-1945.2,715.99,-615.63,3818.6,278267,413,1752,339,-0.94788,-1.7098,1.0067
-849.89,1918.5,2420.8,-0.31502,-2731.7,-1673.5,5.466e+05,64997,1,-256.37,1463.9,2211.3,-1511.1,738.92,-165.4,-1929.4,707.73,-605.67,3813.9,277972,413,1752,339,-0.94487,-1.7043,1.0187
-816.12,1915.9,2411.6,-0.32695,-2730.2,-1642.7,5.4684e+05,63553,1,-264.78,1490.4,2214.7,-1496.4,727.12,-168.98,-1911.5,697.8,-596.71,3806.5,277690,413,1752,339,-0.94182,-1.6988,1.0306
-804.64,1935.8,2435.8,-0.36137,-2757.6,-1650.3,5.4695e+05,63551,1,-262.68,1503.4,2227,-1508.9,734.68,-187.26,-1938.6,714.38,-617.72,3845.8,278956,413,1752,339,-0.95223,-1.693,1.0306
-770.61,1932.9,2426.4,-0.38378,-2756,-1619.2,5.4858e+05,62109,1,-270.76,1525.7,2223,-1493.7,725.16,-186.17,-1919.7,705.39,-606.11,3832.1,278600,413,1752,339,-0.94911,-1.6875,1.0425
-736.51,1930.1,2417.2,-0.37426,-2754.7,-1588.1,5.5044e+05,60671,1,-276.94,1545,2216,-1480.5,717.81,-183.28,-1909.1,698.02,-599.42,3821.8,278339,413,1752,339,-0.94596,-1.6819,1.0544
-690.42,1946.6,2431.6,-0.42013,-2780.5,-1564.3,5.5005e+05,59233,1,-284.13,1572.3,2209.4,-1478.2,716.77,-198.38,-1924.9,698.06,-626.92,3841.6,278856,413,1752,339,-0.95303,-1.6704,1.0662
-656.51,1943.5,2421.7,-0.54635,-2778.8,-1533.3,5.4794e+05,57799,1,-313.68,1584.4,2166.2,-1463.7,706.68,-199.8,-1931.4,672.07,-665.04,3821.9,278346,413,1752,339,-0.94977,-1.6647,1.078
-623.34,1940.5,2411.2,-0.67641,-2776.5,-1503,5.4771e+05,56369,1,-324.58,1579,2123.8,-1444.8,702.69,-182.39,-1898.9,657.14,-645.65,3765.4,276452,413,1752,339,-0.94648,-1.6589,1.0897
-590.54,1937.7,2401.4,-0.56121,-2774.8,-1473.2,5.4965e+05,54943,1,-324.53,1593,2114.6,-1437,698.86,-183.59,-1881.9,651.46,-636.95,3751.5,275952,413,1752,339,-0.94315,-1.653,1.1014
-557.35,1934.8,2391.7,-0.49215,-2773.5,-1442.9,5.5166e+05,53521,1,-298.27,1606.2,2124.9,-1430.2,688.13,-189.21,-1859,632.28,-633.92,3741.2,275638,413,1752,339,-0.93978,-1.6471,1.1131
-523.98,1931.8,2381.6,-0.54854,-2771.9,-1412.4,5.5018e+05,52103,1,-285.91,1615.5,2114.5,-1427.5,677.89,-198.81,-1859.1,612.02,-653.16,3735.9,275495,413,1752,339,-0.93638,-1.6412,1.1247
-490.76,1928.6,2371.3,-0.6228,-2770.1,-1382,5.4958e+05,50687,1,-283.53,1626.9,2104.5,-1426.4,674.99,-201.12,-1864.8,610.41,-653.76,3736.8,275529,413,1752,339,-0.93294,-1.6352,1.1362
-457.64,1925.4,2360.9,-0.6839,-2768.3,-1351.7,5.5011e+05,49273,1,-316.77,1633.1,2060.3,-1421.5,669.42,-199.69,-1894.4,591.7,-691.98,3733.4,275406,413,1752,339,-0.92947,-1.6291,1.1478
-425.34,1922.2,2349.5,-0.95577,-2765.6,-1322,5.4751e+05,47863,1,-378.62,1615.8,1958.6,-1415.7,657.48,-208.51,-1937.3,535.71,-794.02,3706.9,274388,413,1752,339,-0.92596,-1.6229,1.1593
-394.92,1918.8,2336,-1.4097,-2760.5,-1293.9,5.4453e+05,46457,1,-407.89,1603.9,1895.3,-1413.3,654.07,-212.21,-1948.3,519.7,-820.79,3679.8,273486,413,1752,339,-0.92242,-1.6167,1.1707
-365.34,1915.6,2323.5,-1.1803,-2756.4,-1266.6,5.4222e+05,45055,1,-394.76,1607,1883.3,-1406.1,655.09,-201.75,-1893.5,531.82,-749.59,3627.9,271926,413,1752,339,-0.91884,-1.6104,1.1821
-334.4,1912.4,2312.4,-0.84121,-2753.8,-1238.2,5.4672e+05,43657,1,-325.01,1646.2,1966.9,-1406.7,648.11,-206.41,-1835.5,542.39,-677.8,3639.9,272313,413,1752,339,-0.91523,-1.6041,1.1935
-302.09,1908.9,2301.7,-0.6862,-2751.9,-1208.4,5.5311e+05,42263,1,-273.3,1678.9,2019.6,-1414.2,638.15,-223.7,-1825.7,535.98,-670.59,3674.2,273298,413,1752,339,-0.91158,-1.5977,1.2048
-269.22,1905.2,2290.8,-0.68393,-2750,-1178,5.5331e+05,40873,1,-267.29,1697.2,2017,-1419.1,627.85,-237.36,-1844.1,517.17,-698.44,3693.3,273910,413,1752,339,-0.9079,-1.5913,1.216
-236.63,1901.3,2279.3,-0.83821,-2747.5,-1147.7,5.5014e+05,39487,1,-294.55,1695.5,1969,-1421.8,615.14,-254.17,-1875.8,480.97,-761.38,3692.2,273879,413,1752,339,-0.90419,-1.5848,1.2272
-205.08,1897,2266.2,-1.1814,-2743.3,-1118.2,5.5167e+05,38105,1,-329.11,1678.9,1899.3,-1420.2,610.67,-253.24,-1892.2,463.33,-783.58,3660.2,272879,413,1752,339,-0.90044,-1.5782,1.2384
-174.43,1892.9,2253.5,-1.1376,-2739.5,-1089.6,5.5111e+05,36729,1,-342.77,1676.9,1863.1,-1420,616.58,-243.6,-1886,468.8,-763.98,3635.5,272188,413,1752,339,-0.89666,-1.5716,1.2495
-143.98,1889,2241.2,-1.0019,-2736,-1061.2,5.5204e+05,35359,1,-321.55,1693.7,1876.9,-1409.7,607.29,-243.86,-1839.5,450.37,-743.52,3612.5,271473,413,1752,339,-0.89284,-1.5649,1.2606
-112.86,1884.9,2229,-0.89915,-2732.9,-1032.1,5.5031e+05,33993,1,-517.8,2068.7,2169.2,-1398.9,580.13,-268.19,-1966.1,670.11,-555.74,3943.5,281502,413,1752,339,-0.88899,-1.5581,1.2717
-67.518,1882.2,2225.2,-0.89018,-2741,-992.83,5.5347e+05,736017,1,-525.57,2133.4,2218.4,-1403.5,570.44,-280.01,-1977.2,687.22,-533.65,3943.5,281501,413,1752,339,-0.88627,-1.5501,1.2833
-59.523,1869.6,2207,-0.66874,-2724.3,-973.51,5.5681e+05,736019,1,-391.04,1959.7,2086.1,-1408.2,575.75,-269.38,-1886.7,570.81,-600.28,3870.2,279548,413,1752,339,-0.87838,-1.5501,1.2887
56.758,1878.3,2196.1,-0.71529,-2749.9,-889.94,5.5826e+05,732659,1,-198.58,1792.1,1930,-1390.4,602.81,-228.55,-1836.3,455.31,-693.8,3658.6,272836,413,1752,339,-0.87813,-1.5211,1.323
-26.742,1881.1,2215.5,-0.75001,-2743.6,-959.24,5.5762e+05,734925,1,-292.26,1746.3,1872.3,-1434,610.89,-251.47,-1840.5,456.92,-710.98,3638,272260,413,1752,339,-0.88372,-1.5405,1.2966
6.5777,1892.7,2224.3,-0.87498,-2763.6,-944.85,5.5939e+05,733801,1,-349.29,1787.6,1862.8,-1443.6,619.59,-256.83,-1890.4,485.85,-719.15,3694.4,273948,413,1752,339,-0.88902,-1.5308,1.3044
47.749,1891.1,2214.4,-0.56233,-2766.4,-910.75,5.592e+05,732657,1,-250.96,1802,1908,-1434.1,609.72,-260.65,-1849.1,476.54,-693.02,3684.2,273623,413,1752,339,-0.88623,-1.5211,1.3176
40.353,1904.3,2233.5,-0.96986,-2784.1,-930.37,5.6019e+05,732655,1,-374.54,1816.2,1850.1,-1451.5,620.98,-269.41,-1923.1,500.77,-730.42,3729.6,275285,413,1752,339,-0.8943,-1.5211,1.3121
90.471,1889.5,2204.7,-0.7306,-2770,-875.28,5.5368e+05,731493,1,-216.58,1848.4,1954,-1397.6,600.03,-247.62,-1869.9,479.89,-697.57,3724.2,275106,413,1752,339,-0.88327,-1.5113,1.3307
133.93,1888.1,2194,-2.0704,-2773.5,-839.3,5.5156e+05,730313,1,-406.67,1891.9,1846.8,-1336.6,586.75,-221.11,-2026.1,467.79,-805.38,3782.5,276997,413,1752,339,-0.88015,-1.5015,1.3439
207.56,1897.6,2188.1,-4.0034,-2793.6,-792.15,5.5144e+05,727909,1,-998.37,1910.7,1431,-1347.1,612.82,-205.23,-2340.9,519.46,-948.7,3946.8,281634,413,1752,339,-0.88183,-1.4817,1.3646
237.6,1896.8,2172.4,-3.3856,-2790,-768.07,5.6172e+05,726689,1,-1301.2,1928.8,1226.5,-1477.6,657.24,-240.99,-2407,552.16,-946.22,4072.4,283954,413,1752,339,-0.87831,-1.4717,1.3776
242.46,1909.3,2198.4,-3.733,-2816.4,-777.69,5.5522e+05,726687,1,-977.33,1914.3,1427.4,-1363.8,660.32,-171.79,-2369.7,573.22,-915.11,3970.4,282089,413,1752,339,-0.88675,-1.4717,1.3722
169.14,1898.7,2202.7,-2.2444,-2794.1,-823.54,5.494e+05,729117,1,-424.74,1901.3,1821.4,-1339.4,590.76,-225.56,-2096.9,492.56,-829.36,3825.5,278432,413,1752,339,-0.88519,-1.4916,1.3515
203.77,1909.8,2212.1,-2.0865,-2815.7,-808.88,5.5306e+05,727907,1,-433.72,1898.8,1788.4,-1362,622.46,-212.53,-2150,531.61,-826.56,3855.9,279198,413,1752,339,-0.89018,-1.4817,1.3592
304.41,1904.7,2167,-1.15,-2808.6,-726.57,5.5709e+05,724213,1,-913.64,2037.6,1536.3,-1582.1,620.2,-353.17,-2237.5,564.15,-824.87,4045.3,283530,413,1752,339,-0.87939,-1.4515,1.3982
347.48,1900.6,2156,-0.55266,-2811.7,-689.65,5.5794e+05,722963,1,-378.43,2125.1,1932.9,-1486.2,626.31,-284.61,-2070.5,609.92,-664.15,4022.2,283136,413,1752,339,-0.87547,-1.4414,1.4111
341.81,1915.9,2177.6,-1.2204,-2832.8,-710.4,5.5985e+05,722961,1,-768.04,2106.5,1677.8,-1567.6,630.79,-337.3,-2178.3,610.61,-742.31,4059.6,283766,413,1752,339,-0.88411,-1.4414,1.4057
272.69,1908.8,2182.5,-3.4193,-2813.1,-753.76,5.6171e+05,725455,1,-1281.5,1943.8,1231.2,-1489.7,658.93,-255.93,-2458.8,558.92,-980.72,4120.1,284735,413,1752,339,-0.88315,-1.4616,1.3852
307.94,1920.5,2192.6,-3.3596,-2836.1,-739.5,5.6049e+05,724211,1,-1259.4,1993,1276.8,-1531.4,624.98,-322.65,-2435.5,552.56,-974.52,4127.8,284862,413,1752,339,-0.88795,-1.4515,1.3928
394.88,1898.8,2145.7,-2.8675,-2818.3,-650.24,5.5416e+05,721703,1,-652.31,2192.1,1800.9,-1203.6,629.4,-105.94,-2263.3,638.07,-744.42,4051.4,283638,413,1752,339,-0.8714,-1.4311,1.424
386.11,1911.8,2167.3,-0.59906,-2837,-672.57,5.5873e+05,721701,1,-337.26,2177.2,1988.9,-1447.3,638.18,-252.81,-2089.9,646.13,-642.61,4071.1,283935,413,1752,339,-0.88012,-1.4311,1.4186
433.59,1910.3,2157.6,-2.5931,-2844.5,-633.41,5.5461e+05,720431,1,-592.27,2207.7,1825.6,-1271.2,643.25,-141.15,-2327.7,679.65,-750.3,4129.1,284921,413,1752,339,-0.87596,-1.4209,1.4314
471.97,1921.8,2169.5,-2.1856,-2870.8,-617.25,5.5217e+05,719151,1,-538.47,2175.3,1804,-1341.2,671.92,-162.56,-2344.4,681.75,-765.55,4135.2,285002,413,1752,339,-0.8805,-1.4106,1.4388
510.12,1933.9,2181.6,-1.9714,-2897.8,-602.07,5.5167e+05,717863,1,-758.19,2295,1758,-1414.5,687.11,-200.68,-2420.9,721.67,-782.3,4294.1,287116,413,1752,339,-0.885,-1.4002,1.4462
590.79,1944.4,2178.9,-4.5159,-2927.7,-552.72,5.5045e+05,715267,1,-1624.3,2574.8,1440.8,-1334.1,643.95,-200.73,-2676.4,790.74,-874.99,4704.5,291218,413,1752,339,-0.88492,-1.3793,1.4662
625.79,1941.2,2162.8,-4.2562,-2926.4,-523.66,5.5388e+05,713961,1,-1854.8,2778.8,1463.7,-1542.8,586.7,-374.32,-2782.4,876.77,-844.18,5039,294518,413,1752,339,-0.88022,-1.3687,1.4788
636.91,1955.2,2193.1,-5.088,-2959.1,-531.15,5.5121e+05,713959,1,-1936.8,2806.6,1435.9,-1336.7,601.23,-247.92,-2821.4,908.17,-858.97,5042.1,294553,413,1752,339,-0.88928,-1.3687,1.4734
551.02,1946,2193.8,-2.7059,-2926,-584.93,5.4929e+05,716567,1,-1181.5,2459.1,1625.1,-1409.9,670.1,-222.07,-2511.1,731.04,-836.62,4484.4,289055,413,1752,339,-0.88947,-1.3897,1.4535
676.37,1951.3,2179.1,-4.6084,-2960.7,-498.1,5.5491e+05,712645,1,-2046.9,3029.4,1548.3,-1462.2,598.63,-324.44,-2881.6,1023.1,-784.03,5322.6,297110,413,1752,339,-0.8845,-1.3581,1.486
-1303.8,1842.8,2408.9,-0.079932,-2624.4,-2002.9,5.4772e+05,82535,1,-254.22,1461.5,2736.3,-1658,705.98,-303.87,-2184,890.34,-481.73,4338.5,287572,413,162,337,-0.92404,-1.7944,0.87254
-1292.8,1865,2437.8,-0.076907,-2655.8,-2009.7,5.4749e+05,82533,1,-241.79,1451.4,2716.4,-1647.5,712.76,-304.26,-2152.8,881.26,-500.2,4303.5,287221,413,162,337,-0.93503,-1.7887,0.87254
-1252.8,1860.5,2430.3,-0.049382,-2654.8,-1972.1,5.4485e+05,81059,1,-213.32,1444.2,2686.9,-1654.3,711.57,-308.78,-2142.4,854.39,-534.93,4277.2,286933,413,162,337,-0.93253,-1.7839,0.88491
-1213.6,1855.9,2422,-0.052505,-2652.9,-1935.3,5.4344e+05,79587,1,-159.65,1386.3,2584,-1666.9,722.64,-294.96,-2113.4,798.64,-606.44,4181.4,285647,413,162,337,-0.93,-1.7791,0.89725
-1176.4,1851.7,2412.4,-0.060573,-2649.7,-1900.4,5.4279e+05,78117,1,-100.54,1278.8,2388.1,-1677.7,751.29,-247.5,-2072.4,724.99,-700.21,4012.4,282915,413,162,337,-0.92743,-1.7742,0.90955
-1134.3,1871,2427.7,-0.13318,-2674.1,-1878.9,5.4338e+05,76649,1,-89.652,1203.6,2212,-1667.2,782.81,-194.92,-2041.1,682.66,-765.67,3872.8,279626,413,162,337,-0.93567,-1.7635,0.92181
-1094.4,1890.9,2441.9,-0.21987,-2697.4,-1860,5.4414e+05,75183,1,-113.51,1200.8,2140.5,-1649.3,798.05,-170.93,-2033.2,679.92,-781.39,3824.9,278415,413,162,337,-0.94377,-1.7527,0.93405
-1054.4,1910.7,2455.9,-0.32237,-2720.8,-1841.4,5.455e+05,73719,1,-142.34,1215.4,2099.8,-1628.4,804.25,-157.9,-2023.7,680.65,-784.64,3795.3,277365,413,162,337,-0.95174,-1.7418,0.94624
-1045.6,1932.7,2481.4,-0.3486,-2749.2,-1851.5,5.4597e+05,73717,1,-161.99,1241.1,2109.9,-1614.8,805.17,-162.78,-2019.1,693.3,-777.91,3803.1,277590,413,1752,339,-0.96241,-1.736,0.94624
-1014,1930.3,2470.1,-0.33641,-2744.7,-1822.8,5.4548e+05,72257,1,-181.63,1274.1,2121.6,-1603.5,801.04,-161.4,-2020.3,707.83,-748.34,3813,277910,413,1752,339,-0.95958,-1.7308,0.9584
-982.15,1928,2459,-0.37912,-2740.6,-1793.8,5.4655e+05,70799,1,-209.67,1316.1,2134.9,-1583.6,790.76,-156.79,-2006.4,715.38,-708.78,3812,277871,413,1752,339,-0.95671,-1.7257,0.97053
-939.35,1946.7,2474.2,-0.34622,-2765.8,-1773.1,5.4695e+05,69343,1,-230.81,1382.1,2184.9,-1561.5,778.88,-173.37,-1988.3,735.56,-668,3840.9,278831,413,1752,339,-0.96434,-1.7145,0.98262
-906.06,1944.1,2464.4,-0.28128,-2763.4,-1742.8,5.4776e+05,67891,1,-239.24,1421.9,2212,-1546,766.63,-176.85,-1970,735.89,-639.58,3848.7,279025,413,1752,339,-0.96137,-1.7093,0.99467
-872.42,1941.4,2454.8,-0.28881,-2761.3,-1712.1,5.4811e+05,66441,1,-245.09,1449.8,2220.6,-1533.7,757.27,-178.36,-1961,731.11,-629.49,3850.6,279074,413,1752,339,-0.95836,-1.7039,1.0067
-838.63,1938.6,2445.3,-0.32763,-2759.4,-1681.3,5.4721e+05,64995,1,-253.58,1477.6,2225.9,-1522.5,746.05,-183.88,-1954,724.3,-624.9,3852.8,279131,413,1752,339,-0.95531,-1.6985,1.0187
-827.28,1958.9,2470,-0.318,-2787.3,-1689.3,5.4791e+05,64993,1,-247.1,1489.3,2240.4,-1526.2,751.14,-198.75,-1959.9,735.88,-635.3,3875.3,279679,413,1752,339,-0.96571,-1.6926,1.0187
-793.06,1955.8,2460.3,-0.36746,-2785.3,-1658.1,5.4713e+05,63549,1,-257.59,1515.2,2239.9,-1517.7,740.66,-205.05,-1958.6,728.02,-637.6,3878.9,279773,413,1752,339,-0.9626,-1.6871,1.0306
-758.86,1952.7,2450.5,-0.41283,-2783.4,-1626.8,5.4804e+05,62107,1,-266.68,1536,2232.2,-1503.6,732.2,-202.81,-1941.1,719.85,-625.38,3863.7,279390,413,1752,339,-0.95945,-1.6816,1.0425
-724.68,1949.6,2441.1,-0.37351,-2781.9,-1595.6,5.4961e+05,60669,1,-272.05,1555.3,2225.5,-1490,724.87,-199.17,-1925,712.02,-614.08,3849.8,279057,413,1752,339,-0.95626,-1.676,1.0544
-712.67,1969.2,2465.1,-0.41335,-2809.4,-1603.2,5.4946e+05,60667,1,-273.58,1568.1,2231.6,-1494.6,730.12,-212.01,-1937.3,724.46,-626.1,3872.4,279610,413,1752,339,-0.96652,-1.6701,1.0544
-678.29,1966,2455.5,-0.4138,-2807.9,-1571.8,5.5099e+05,59231,1,-276.96,1584.2,2223.1,-1486.5,723.67,-213.23,-1936.8,713.95,-635.25,3869.4,279511,413,1752,339,-0.96327,-1.6645,1.0662
-644.08,1962.7,2445.5,-0.5286,-2806.1,-1540.5,5.4819e+05,57797,1,-291.62,1592.3,2195.9,-1480.4,718.44,-213.38,-1949.1,698.69,-662.03,3862.8,279366,413,1752,339,-0.95997,-1.6588,1.078
-610.55,1959.3,2434.8,-0.74558,-2803.6,-1509.8,5.482e+05,56367,1,-331.9,1600.2,2136.2,-1460.2,709.82,-205.24,-1944.9,675.54,-682.83,3823.3,278378,413,1752,339,-0.95664,-1.653,1.0897
-577.78,1956.3,2424.2,-0.72333,-2801.3,-1480,5.4957e+05,54941,1,-340.53,1609.3,2110.2,-1438.7,702.24,-193.02,-1899,660.11,-653.6,3772,276664,413,1752,339,-0.95327,-1.6472,1.1014
-544.86,1953.3,2414.1,-0.60827,-2799.6,-1449.9,5.5136e+05,53519,1,-329.73,1620.2,2109.5,-1437,697.29,-200.03,-1893,652.16,-656.91,3770.4,276596,413,1752,339,-0.94987,-1.6413,1.1131
-511.69,1950.1,2403.8,-0.60364,-2797.8,-1419.6,5.5147e+05,52101,1,-310.39,1629.5,2109.5,-1432.1,687.7,-206.54,-1876.2,630.47,-664.21,3758.6,276164,413,1752,339,-0.94643,-1.6354,1.1247
-478.62,1946.8,2393.4,-0.60178,-2795.9,-1389.4,5.505e+05,50685,1,-290.54,1632.5,2103.9,-1428.1,682.16,-205.66,-1861.1,618.7,-656.32,3741.7,275653,413,1752,339,-0.94296,-1.6294,1.1362
-445.43,1943.6,2383.2,-0.56404,-2794.4,-1359,5.4975e+05,49271,1,-287.06,1639.4,2088.4,-1427.7,679.63,-207.77,-1870.8,609.64,-670.36,3741.1,275633,413,1752,339,-0.93945,-1.6233,1.1478
-412.63,1940.2,2372,-0.81508,-2791.9,-1329,5.4815e+05,47861,1,-333.39,1629.4,2004.3,-1426.8,669.13,-218.39,-1930.7,562.58,-773.46,3735.9,275496,413,1752,339,-0.9359,-1.6172,1.1593
-381.69,1936.6,2358.5,-1.3244,-2787,-1300.4,5.4627e+05,46455,1,-402.17,1604.8,1887,-1421.4,664.39,-216.01,-1965.5,535.42,-825.69,3693,273899,413,1752,339,-0.93232,-1.611,1.1707
-352.2,1933.2,2345.3,-1.3134,-2782.2,-1273.1,5.4371e+05,45053,1,-410.05,1612.8,1868.6,-1416.7,665.78,-211.04,-1939.4,540.05,-793.97,3666,273047,413,1752,339,-0.92871,-1.6048,1.1821
-321.93,1929.9,2333.6,-0.94657,-2779,-1245.3,5.4391e+05,43655,1,-355.07,1650.9,1935.5,-1409.7,656.29,-213.65,-1864.4,549.04,-710.01,3652.8,272669,413,1752,339,-0.92505,-1.5985,1.1935
-290.08,1926.4,2322.6,-0.70148,-2776.9,-1216,5.497e+05,42261,1,-286.12,1689.4,2009.7,-1415.6,646.82,-228.97,-1833,549.71,-676.32,3683.6,273609,413,1752,339,-0.92137,-1.5921,1.2048
-257.21,1922.6,2311.7,-0.64961,-2775.1,-1185.6,5.5315e+05,40871,1,-264.1,1706.3,2029.3,-1422,637.13,-241.1,-1841.6,535.77,-690.21,3706.9,274387,413,1752,339,-0.91765,-1.5857,1.216
-224.39,1918.5,2300.1,-0.82153,-2772.6,-1155.2,5.5089e+05,39485,1,-283.37,1714.6,1999.8,-1422.3,624.82,-255.7,-1864.7,507.31,-737.28,3711.7,274549,413,1752,339,-0.91389,-1.5792,1.2272
-192.55,1914.2,2287.4,-1.0808,-2768.9,-1125.4,5.5113e+05,38103,1,-320.89,1698.1,1921.8,-1429.6,626.64,-256.21,-1910.3,493.26,-779.54,3698.9,274082,413,1752,339,-0.91011,-1.5726,1.2384
-161.75,1910.1,2274.7,-1.1024,-2765.1,-1096.8,5.5309e+05,36727,1,-347.43,1694,1872.8,-1430.3,624.71,-252.16,-1913.2,481.29,-781.68,3674.3,273301,413,1752,339,-0.90628,-1.566,1.2495
-130.95,1905.8,2261.5,-1.2844,-2761,-1067.9,5.5303e+05,35357,1,-557.35,2030.9,2108.8,-1426,610.38,-267.93,-2047.8,688.95,-617.65,3943.5,281503,413,1752,339,-0.90243,-1.5594,1.2606
-75.582,1894.9,2244,-0.93993,-2758.1,-1012.3,5.5072e+05,736015,1,-425.63,1954,2068.7,-1423.8,597.4,-273.39,-1958.5,604.86,-637.29,3917.3,280690,413,1752,339,-0.89412,-1.5501,1.2779
-83.55,1907.5,2262.9,-1.0147,-2775.3,-1031.6,5.4691e+05,736013,1,-548.52,2025.8,2081.7,-1430.6,605.36,-277.31,-2033.2,677.1,-615.97,3943.5,281500,413,1752,339,-0.90195,-1.5501,1.2724
-34.254,1893.8,2234.3,-0.97549,-2760.9,-978.37,5.5743e+05,734923,1,-325.84,1769.8,1886.5,-1429.8,619.4,-248.4,-1886.5,487.68,-721.12,3688.3,273762,413,1752,339,-0.89166,-1.5405,1.2911
-0.3855,1905.7,2243.8,-1.1155,-2781.7,-963.79,5.5899e+05,733799,1,-364.68,1803.6,1869.6,-1438.6,630.14,-252.27,-1941.4,512.57,-737.84,3740,275607,413,1752,339,-0.89701,-1.5308,1.2989
81.549,1902.6,2223.6,-0.59236,-2787,-896.35,5.5966e+05,731491,1,-314.08,1841.3,1891.2,-1447.8,615.75,-271.75,-1889.6,502.29,-699.07,3731.8,275365,413,1752,339,-0.89142,-1.5113,1.3253
33.512,1917.5,2253.5,-1.1763,-2802.6,-949.47,5.5847e+05,732653,1,-368.47,1819.2,1863.5,-1444.2,628.54,-265.59,-1962.6,520.05,-750,3762.2,276275,413,1752,339,-0.90233,-1.5211,1.3066
74.689,1916,2243.1,-1.0995,-2805.2,-915.75,5.6173e+05,731489,1,-401.43,1858.5,1850.3,-1453.7,624.05,-277.62,-1954.9,523.82,-733.9,3775.3,276783,413,1752,339,-0.89954,-1.5113,1.3198
67.595,1929.2,2263.3,-1.141,-2823.8,-935.27,5.5801e+05,731487,1,-362.97,1843.1,1873.3,-1440.4,626.77,-272.44,-1963.4,526.12,-749.63,3778,276868,413,1752,339,-0.90762,-1.5113,1.3142
125.25,1900.5,2213.8,-0.81871,-2790.9,-859.94,5.5325e+05,730311,1,-219.39,1880.2,1963.7,-1399,598.36,-257.53,-1908.7,499.34,-706.67,3770,276580,413,1752,339,-0.88838,-1.5015,1.3384
116.12,1913.9,2233,-0.62148,-2808.2,-881.53,5.5786e+05,730309,1,-301.55,1869.2,1902.3,-1463.9,615.22,-291.71,-1916.2,515.79,-708.02,3774.8,276765,413,1752,339,-0.89658,-1.5015,1.333
159.92,1911.6,2223.2,-0.73465,-2812.1,-845.08,5.5397e+05,729115,1,-187.37,1886.5,1967.6,-1415.7,606.5,-266.49,-1937.6,509.73,-719.53,3800,277495,413,1752,339,-0.89346,-1.4916,1.3461
277.13,1921.8,2209.3,-3.5252,-2840.3,-764.26,5.5917e+05,725453,1,-958.24,1924.9,1425.6,-1365.1,678.41,-161.87,-2372.1,579.69,-916.99,3976.1,282200,413,1752,339,-0.89163,-1.4616,1.3798
238.37,1921.6,2222.3,-1.8334,-2838.4,-794.96,5.5541e+05,726685,1,-366.49,1916.5,1823,-1378.7,660.09,-193.71,-2109.6,572.4,-766.53,3856.2,279203,413,1752,339,-0.89515,-1.4717,1.3667
194.5,1922.9,2232.7,-0.66985,-2833.8,-830.76,5.5591e+05,727905,1,-171.43,1895.1,1960.6,-1446.9,634.53,-266.1,-1951.8,541.65,-702.59,3824.7,278408,413,1752,339,-0.89851,-1.4817,1.3537
344.29,1931.3,2202.5,-3.2279,-2859.2,-724.22,5.5912e+05,722959,1,-1183.1,2051.7,1359.3,-1508.2,621.55,-320.19,-2399.4,587.55,-923.59,4127.8,284863,413,1752,339,-0.89272,-1.4414,1.4002
379.96,1927.3,2189.1,-1.0873,-2858.2,-694.02,5.6342e+05,721699,1,-741.46,2150,1711.3,-1574.3,647.27,-333.34,-2203.4,658.83,-717.48,4112.5,284606,413,1752,339,-0.88881,-1.4311,1.4132
311.88,1934.1,2219.6,-3.5321,-2863.6,-750.94,5.5794e+05,724209,1,-962.58,1969.9,1440.2,-1362.9,646.86,-203.53,-2361.7,556.01,-943.78,3997,282615,413,1752,339,-0.89648,-1.4515,1.3873
425.09,1923.3,2179.3,-0.54694,-2863.4,-655.75,5.6128e+05,720429,1,-363.37,2203.1,1973.8,-1486.3,669.89,-253.88,-2115.3,692.29,-621.35,4116.3,284675,413,1752,339,-0.88473,-1.4209,1.426
464.43,1935.6,2191.9,-0.64692,-2891,-639.45,5.6393e+05,719149,1,-530.53,2300.8,1934.2,-1532.4,705.95,-256.5,-2212.2,749.62,-635.08,4253,286631,413,1752,339,-0.88931,-1.4106,1.4334
506.08,1948.8,2205.8,-1.3777,-2921,-622.05,5.6257e+05,717861,1,-882.57,2534.1,1911.2,-1517.2,702.07,-260.66,-2346.2,819.59,-661.98,4508.9,289267,413,1752,339,-0.89386,-1.4002,1.4407
551.58,1960.8,2220,-2.7348,-2952.2,-601.24,5.5647e+05,716565,1,-1094.7,2638.4,1850.4,-1447.3,641.5,-281.76,-2457.7,818.28,-739.02,4628.7,290446,413,1752,339,-0.89837,-1.3897,1.448
596.92,1957.2,2207.2,-4.0806,-2956.6,-563.56,5.4919e+05,715265,1,-1461.3,2742.7,1698.8,-1371,625.65,-248.61,-2603.2,848.95,-792.5,4796,292219,413,1752,339,-0.8939,-1.3793,1.4607
645.71,1968,2223.1,-4.6989,-2990.1,-539.99,5.519e+05,713957,1,-1600.9,2806.5,1643.4,-1311.5,612.76,-230.12,-2711.6,938.27,-782.73,4912.7,293316,413,1752,339,-0.8983,-1.3687,1.4679
-1321.5,1891.6,2473.8,-0.13426,-2688,-2053.9,5.5044e+05,84007,1,-257.46,1437.7,2700.6,-1635,723.08,-296.96,-2143,891.27,-506.5,4284.2,286994,413,162,337,-0.94848,-1.7876,0.86014
-1281.8,1887.1,2466.3,-0.085004,-2686.9,-2016.7,5.4751e+05,82531,1,-236.75,1440.2,2689.5,-1636.8,721.04,-304.18,-2129.4,874,-526.71,4269.7,286848,413,162,337,-0.94599,-1.783,0.87254
-1242.3,1882.6,2458.4,-0.05762,-2685.5,-1979.8,5.4459e+05,81057,1,-198.78,1423.3,2652.4,-1646,720.6,-305.45,-2111.8,839.2,-563.25,4231.2,286365,413,162,337,-0.94346,-1.7782,0.88491
-1204,1878.2,2449.4,-0.079396,-2682.9,-1943.9,5.439e+05,79585,1,-147.31,1339.2,2491.4,-1656.1,740.27,-277.9,-2081,766.87,-671.07,4093.8,284316,413,162,337,-0.9409,-1.7734,0.89725
-1168,1874.2,2439,-0.10963,-2678.9,-1910.2,5.4376e+05,78115,1,-109.07,1281.8,2385.4,-1668.9,754.88,-252.05,-2066.4,727.17,-715.63,4009.3,282826,413,162,337,-0.9383,-1.7685,0.90955
-1159.8,1896.8,2465.3,-0.15323,-2707.8,-1920.4,5.4424e+05,78113,1,-100.69,1243.5,2303.4,-1659.5,772.42,-232.95,-2038.9,703.62,-760.77,3936.7,281264,413,162,337,-0.94913,-1.7627,0.90955
-1126.5,1893.6,2453.5,-0.17923,-2702.6,-1889.6,5.4433e+05,76647,1,-82.51,1198.1,2200.1,-1663.6,791.95,-198.1,-2029.9,680.84,-785.98,3862.4,279359,413,162,337,-0.94647,-1.7577,0.92181
-1118.6,1916.1,2479.4,-0.2035,-2731,-1900.3,5.4539e+05,76645,1,-110.72,1219.7,2203,-1642.7,792.74,-199.23,-2020.1,691.31,-783.84,3859.1,279277,413,162,337,-0.95724,-1.7519,0.92181
-1085.9,1913.2,2467.8,-0.24819,-2726.1,-1870.3,5.4469e+05,75181,1,-126.31,1220.1,2153.1,-1638.4,798.69,-180.62,-2029.5,687.01,-788.89,3835.2,278689,413,162,337,-0.95451,-1.7469,0.93405
-1077.4,1935.4,2493.4,-0.25693,-2754.4,-1880.7,5.4551e+05,75179,1,-136.09,1235.8,2162.9,-1623.8,799.9,-187.02,-2014.3,690.65,-794.03,3834.1,278664,413,162,337,-0.96521,-1.741,0.93405
-1036.5,1954.7,2507,-0.36032,-2777.5,-1861.6,5.4667e+05,73715,1,-160.54,1259.4,2140.5,-1605.9,804.63,-178.85,-2006.3,699.86,-782.66,3818.3,278255,413,1752,339,-0.97304,-1.73,0.94624
-1004.3,1952,2495.7,-0.33196,-2773.1,-1832.3,5.4586e+05,72255,1,-197.46,1311.3,2157.1,-1588.8,795.07,-178.74,-2011.3,717.71,-745.36,3836.1,278711,413,1752,339,-0.97018,-1.7249,0.9584
-971.95,1949.3,2484.6,-0.39977,-2769.1,-1802.8,5.4668e+05,70797,1,-219.27,1342.8,2160.9,-1577.7,788.81,-174.71,-2010.7,726.01,-717.63,3840.3,278818,413,1752,339,-0.96728,-1.7198,0.97053
-961.59,1970.6,2510.1,-0.40739,-2797.5,-1811.8,5.4711e+05,70795,1,-218.27,1362.2,2185.4,-1571.2,788.17,-191.18,-2002.4,732.12,-724.75,3857,279222,413,1752,339,-0.97781,-1.7138,0.97053
-928.63,1967.8,2499.5,-0.37069,-2794.1,-1781.7,5.4695e+05,69341,1,-234.93,1402.5,2205.5,-1558.5,778.67,-192.18,-1993.4,744.27,-683.63,3867,279454,413,1752,339,-0.97484,-1.7086,0.98262
-895.06,1964.8,2489.5,-0.31757,-2791.5,-1751.1,5.4761e+05,67889,1,-238.35,1435,2224.3,-1545.6,769.07,-193.1,-1973.5,743.23,-655.54,3867.6,279462,413,1752,339,-0.97184,-1.7033,0.99467
-861.29,1961.9,2479.7,-0.29779,-2789.3,-1720.3,5.4845e+05,66439,1,-240.04,1460.9,2233,-1534.6,760.6,-193.86,-1961.3,738.74,-641.46,3866.9,279451,413,1752,339,-0.96879,-1.698,1.0067
-850.05,1982.4,2504.5,-0.31881,-2817.2,-1728.7,5.4874e+05,66437,1,-241.14,1473.2,2241.5,-1533.2,764.09,-207.04,-1961.7,747.94,-651.05,3880.9,279817,413,1752,339,-0.97919,-1.692,1.0067
-815.87,1979.3,2494.7,-0.29956,-2815.2,-1697.5,5.4822e+05,64991,1,-240.79,1500.9,2254.2,-1526.2,755.37,-211.71,-1957.7,745.61,-641.34,3890.6,280052,413,1752,339,-0.97608,-1.6866,1.0187
-781.41,1976,2484.9,-0.3423,-2813.2,-1666.1,5.4672e+05,63547,1,-250.67,1527.7,2255.5,-1519.8,745.37,-218.84,-1961.4,738.45,-647.03,3899.8,280299,413,1752,339,-0.97293,-1.6812,1.0306
-746.97,1972.6,2474.9,-0.43226,-2811.1,-1634.5,5.4856e+05,62105,1,-268.4,1553.8,2243.4,-1508.1,736.04,-221.31,-1957.2,730.77,-647.43,3894.6,280184,413,1752,339,-0.96975,-1.6757,1.0425
-700.5,1988.9,2489.4,-0.45439,-2837,-1610.9,5.4998e+05,60665,1,-267.8,1574.1,2241.9,-1505,738.45,-229.3,-1957.8,738.49,-649.78,3903.8,280403,413,1752,339,-0.97675,-1.6642,1.0544
-666.04,1985.5,2479.6,-0.41657,-2835.4,-1579.4,5.508e+05,59229,1,-274.73,1595.8,2231.6,-1491.9,730.55,-225.7,-1946.9,730.03,-641.97,3892,280102,413,1752,339,-0.97346,-1.6585,1.0662
-631.62,1982,2469.6,-0.4822,-2833.7,-1548,5.4961e+05,57795,1,-295.15,1608.3,2198.7,-1481.3,721.21,-225.19,-1960.9,707.83,-676.05,3882.9,279885,413,1752,339,-0.97013,-1.6529,1.078
-597.67,1978.4,2458.9,-0.69294,-2831.3,-1516.9,5.4703e+05,56365,1,-313.39,1615.2,2165.6,-1476.9,718.6,-226.26,-1978,699.69,-700.35,3877.9,279756,413,1752,339,-0.96676,-1.6471,1.0897
-564.69,1975,2447.7,-0.82348,-2828.5,-1486.7,5.4906e+05,54939,1,-345.44,1619.7,2111.6,-1455.1,711.55,-212.44,-1953,680.32,-694.57,3824.9,278413,413,1752,339,-0.96336,-1.6413,1.1014
-531.94,1971.8,2437.1,-0.7226,-2826.3,-1456.9,5.5019e+05,53517,1,-340.78,1633.8,2104.8,-1440.1,701.1,-209.83,-1914.7,662.26,-675.24,3792.8,277300,413,1752,339,-0.95992,-1.6355,1.1131
-498.91,1968.5,2426.5,-0.70206,-2824.2,-1426.7,5.5138e+05,52099,1,-337.32,1647.9,2098.9,-1439.7,696.63,-217.73,-1918.4,653.27,-688.41,3797.5,277427,413,1752,339,-0.95645,-1.6296,1.1247
-466.02,1965.1,2415.7,-0.70079,-2822,-1396.6,5.509e+05,50683,1,-317.02,1650.1,2093.7,-1431.5,689.71,-212.35,-1885.1,636.51,-668.36,3765.9,276462,413,1752,339,-0.95294,-1.6236,1.1362
-433.03,1961.7,2405.3,-0.59944,-2820.3,-1366.4,5.501e+05,49269,1,-314.12,1661.7,2079,-1427.6,683.84,-218.02,-1886.6,620.49,-686.74,3761.8,276262,413,1752,339,-0.94939,-1.6175,1.1478
-400.12,1958.2,2394.3,-0.70759,-2818.1,-1336.3,5.4838e+05,47859,1,-320.24,1646.3,2027.5,-1426.1,675.74,-224.18,-1911.2,578.94,-754.12,3744.4,275742,413,1752,339,-0.94581,-1.6114,1.1593
-368.65,1954.6,2381.3,-1.1321,-2813.9,-1307.3,5.4597e+05,46453,1,-376.69,1623.9,1923.8,-1428.4,672.96,-226.83,-1967.7,547.66,-832.56,3726.9,275193,413,1752,339,-0.94219,-1.6053,1.1707
-338.74,1951,2367.6,-1.3789,-2808.7,-1279.7,5.4578e+05,45051,1,-418.55,1635.1,1878.1,-1417.4,667.37,-220.79,-1949.9,547.85,-804.45,3691.7,273869,413,1752,339,-0.93853,-1.599,1.1821
-308.61,1947.4,2355,-1.2075,-2804.7,-1251.9,5.4442e+05,43653,1,-407.37,1669.3,1906.7,-1410.9,661.55,-224.78,-1915.4,559.69,-756.86,3690.8,273839,413,1752,339,-0.93485,-1.5928,1.1935
-277.45,1943.9,2343.7,-0.85086,-2802.1,-1223.2,5.4704e+05,42259,1,-347.45,1703.8,1978.4,-1409.4,653.4,-227.74,-1855.3,565.14,-689,3693.1,273903,413,1752,339,-0.93112,-1.5864,1.2048
-244.78,1940,2332.7,-0.70242,-2800.3,-1193.1,5.4989e+05,40869,1,-305.24,1737.9,2025.2,-1418.2,641.14,-248.41,-1860.5,557.39,-694.56,3735.4,275479,413,1752,339,-0.92736,-1.58,1.216
-211.72,1935.8,2321.2,-0.84813,-2797.9,-1162.5,5.5253e+05,39483,1,-310.1,1733.4,1987.8,-1426.5,632.63,-260.67,-1897.8,529.83,-746.03,3740.9,275628,413,1752,339,-0.92357,-1.5735,1.2272
-179.84,1931.6,2308.8,-0.979,-2794.8,-1132.8,5.5362e+05,38101,1,-332.45,1719.2,1930.1,-1433.9,643.71,-252.19,-1929,529.43,-765.36,3729.9,275295,413,1752,339,-0.91974,-1.567,1.2384
-148.98,1927.5,2296,-1.0798,-2791,-1104.2,5.5223e+05,36725,1,-503.9,1956.4,2071.4,-1437.5,635.2,-262.3,-2056.1,682.52,-658.54,3943.5,281505,413,1752,339,-0.91587,-1.5604,1.2495
-98.311,1933.1,2302.3,-1.1682,-2811.4,-1069.2,5.5143e+05,736009,1,-547.38,2059.7,2139.5,-1445.1,627.33,-278.31,-2106.7,730.42,-630.91,3943.5,281504,413,1752,339,-0.91749,-1.5501,1.2612
-90.517,1920.3,2282.4,-1.3349,-2793.3,-1050.1,5.4706e+05,736011,1,-517.64,1970.8,2039.3,-1446.2,624.65,-276.26,-2060.4,660,-673.46,3943.5,281499,413,1752,339,-0.90974,-1.5501,1.2668
-42.253,1906.4,2253.1,-0.95788,-2777.9,-997.83,5.4936e+05,734921,1,-314.96,1783.3,1914.3,-1430,622.28,-256.94,-1904.7,512.99,-720.52,3721.9,275008,413,1752,339,-0.89956,-1.5405,1.2856
-50.36,1919.2,2272.2,-0.98228,-2795.3,-1017.5,5.4754e+05,734919,1,-364.19,1768.7,1872,-1446.3,621.39,-275.69,-1937.6,508.65,-759.48,3729.5,275280,413,1752,339,-0.90743,-1.5405,1.2801
-57.124,1932.3,2292.2,-1.3323,-2813.8,-1036.1,5.5258e+05,734917,1,-420.59,1772.5,1839.5,-1457.6,632.5,-280.55,-1988.1,526.28,-789.17,3762.7,276287,413,1752,339,-0.91527,-1.5405,1.2745
-8.2544,1918.3,2263.2,-0.9286,-2799.1,-983.32,5.536e+05,733797,1,-319.7,1803.7,1913.2,-1429.9,637.49,-244.11,-1922.6,532.7,-712.51,3743.6,275716,413,1752,339,-0.90496,-1.5308,1.2934
25.626,1930.4,2273.3,-0.93485,-2820.6,-969.34,5.5517e+05,732651,1,-329.37,1818.6,1897.2,-1434.3,638.14,-256.06,-1943,533.58,-733.93,3760.7,276229,413,1752,339,-0.91033,-1.5211,1.301
109.24,1927.6,2253.1,-1.1087,-2826.9,-901.29,5.6379e+05,730307,1,-415.35,1877.7,1838.7,-1458.4,637.55,-274.68,-1980.6,544.63,-736.27,3801.3,277536,413,1752,339,-0.90474,-1.5015,1.3274
102.18,1940.7,2273.1,-1.1588,-2845.3,-920.89,5.5542e+05,730305,1,-370.13,1881.8,1886.3,-1438.9,637.09,-268.66,-1972,552.3,-733.32,3810,277799,413,1752,339,-0.91287,-1.5015,1.3219
59.579,1942.2,2283.1,-0.95834,-2841.8,-955.47,5.5136e+05,731485,1,-380.06,1859.3,1879.6,-1449.6,639.13,-277.59,-1977.7,548.08,-752.63,3807.8,277726,413,1752,339,-0.91566,-1.5113,1.3087
150.4,1925.3,2242.6,-0.51244,-2829.5,-867.32,5.5685e+05,729113,1,-301.31,1885.6,1890.4,-1492.5,629.45,-305.03,-1945.1,534,-715.67,3810.2,277809,413,1752,339,-0.90171,-1.4916,1.3406
143.72,1939.4,2262.9,-1.1606,-2848.7,-887.27,5.6221e+05,729111,1,-433.95,1890.2,1818,-1480.3,638.88,-293.15,-1998,545.95,-749.79,3821.5,278332,413,1752,339,-0.90991,-1.4916,1.335
273.24,1933.7,2232.7,-1.7586,-2861.6,-781.28,5.5531e+05,725451,1,-451.43,1956.7,1781.8,-1350.7,671.32,-172.36,-2116.5,581.56,-768.52,3862.7,279365,413,1752,339,-0.90008,-1.4616,1.3743
229.14,1934.6,2242.8,-0.54448,-2856.2,-816.91,5.578e+05,726683,1,-229.67,1942.2,1948.2,-1473.3,654.11,-272.63,-1966.2,573.55,-687.53,3867.9,279473,413,1752,339,-0.90352,-1.4717,1.3612
264.4,1946.5,2253.2,-0.57344,-2879.4,-803.02,5.5797e+05,725449,1,-274.34,1978.1,1931.7,-1449,670.16,-244.56,-1999.2,596.56,-687.8,3892.8,280139,413,1752,339,-0.90849,-1.4616,1.3687
184.99,1936.9,2252.4,-0.49558,-2851.5,-853.3,5.5676e+05,727903,1,-304.44,1910.6,1891.2,-1507.3,643.99,-306.01,-1964.5,554.37,-711.64,3843.6,278909,413,1752,339,-0.9068,-1.4817,1.3481
347.15,1945,2228.9,-3.496,-2885.9,-736.9,5.5382e+05,722957,1,-969.91,2012.8,1449.6,-1390.7,627.78,-251.19,-2366.9,569.12,-942.57,4037.2,283382,413,1752,339,-0.9013,-1.4414,1.3947
380.86,1942.6,2213.5,-2.7049,-2883.6,-709.36,5.6082e+05,721697,1,-1079.9,2084.8,1428.6,-1485.1,658.16,-278.89,-2370.8,653.2,-849.73,4127.8,284864,413,1752,339,-0.89746,-1.4311,1.4077
418.48,1939.2,2201.4,-0.90334,-2884.8,-677.99,5.6709e+05,720427,1,-782.35,2227.8,1733,-1596.4,694.24,-311.04,-2268.3,734.11,-694.77,4227.6,286305,413,1752,339,-0.89346,-1.4209,1.4206
308.57,1945.7,2243.1,-1.8858,-2885,-767.56,5.5356e+05,724207,1,-510.91,1987.4,1753.7,-1345.1,669.96,-177.43,-2134.7,579.93,-788.6,3884.7,279919,413,1752,339,-0.90498,-1.4515,1.3818
344.64,1957.8,2253.6,-2.169,-2909,-753.59,5.5336e+05,722955,1,-642.09,2074.6,1734.3,-1383.5,665.1,-216.33,-2222.4,610.21,-823,4014.5,282968,413,1752,339,-0.90984,-1.4414,1.3892
459.2,1951.9,2215.2,-1.1494,-2913.9,-660.94,5.6709e+05,719147,1,-839.33,2423.1,1864.2,-1595.9,703.55,-308.43,-2308.3,807.34,-654.69,4426.8,288494,413,1752,339,-0.89809,-1.4106,1.4279
503.7,1963.9,2229.8,-1.9417,-2944.8,-640.8,5.609e+05,717859,1,-946.21,2559.3,1905.9,-1547.7,681.24,-307.21,-2362.9,856.35,-649.35,4557.4,289775,413,1752,339,-0.90268,-1.4002,1.4352
550.96,1975.1,2245.5,-2.5808,-2977.3,-618.3,5.5809e+05,716563,1,-935.92,2650,1967.4,-1478.5,628.48,-324.52,-2416.3,885.96,-666.73,4639.3,290545,413,1752,339,-0.90724,-1.3897,1.4425
599.92,1971.1,2234.9,-3.6164,-2984.4,-577.58,5.5304e+05,715263,1,-1175.6,2775.7,1897,-1385.1,597.46,-294.4,-2570.5,912.12,-732,4798.1,292244,413,1752,339,-0.90285,-1.3793,1.4552
597.87,1985.3,2261.2,-2.4704,-3009.4,-596.04,5.5574e+05,715261,1,-878.29,2698.4,2019,-1452.9,603.21,-338.43,-2458.9,913.44,-674.57,4696.1,291135,413,1752,339,-0.91176,-1.3793,1.4496
648.4,1981,2251.2,-3.5079,-3017.6,-554.09,5.5263e+05,713955,1,-1108,2784.1,1916.2,-1374.4,610.18,-281.81,-2608.4,979.85,-700.43,4821.4,292458,413,1752,339,-0.90729,-1.3687,1.4624
-1310.3,1913.7,2502.4,-0.13081,-2719.1,-2060.9,5.5048e+05,84005,1,-248.83,1425.1,2674.6,-1623.4,731.23,-296,-2116.4,882.1,-533.22,4248.1,286577,413,162,337,-0.95943,-1.7818,0.86014
-1271,1909.2,2494.4,-0.10005,-2717.6,-2024.2,5.48e+05,82529,1,-201.77,1414.5,2652.4,-1633.9,729.56,-305.11,-2089.1,845.97,-566.26,4215.7,286159,413,162,337,-0.95691,-1.7771,0.87254
-1232,1904.7,2486,-0.08203,-2715.6,-1987.8,5.451e+05,81055,1,-166.29,1382.2,2586.2,-1641.3,733.88,-297.27,-2068.5,804.18,-615.69,4153.5,285251,413,162,337,-0.95435,-1.7724,0.88491
-1194.8,1900.5,2476.3,-0.1175,-2712.4,-1953,5.4455e+05,79583,1,-133.59,1305.8,2429.7,-1645,753.01,-265.81,-2044.1,741.4,-712.16,4025.6,283194,413,162,337,-0.95176,-1.7676,0.89725
-1151.3,1919.1,2491.2,-0.20336,-2736.3,-1930.6,5.4506e+05,78111,1,-108.84,1243.8,2294.3,-1639.3,775.46,-233.05,-2007.9,696.95,-774.8,3909.4,280526,413,162,337,-0.95993,-1.7568,0.90955
-1143,1941.3,2516.5,-0.25925,-2764.2,-1940.9,5.4627e+05,78109,1,-98.619,1228.2,2256.7,-1635.6,790.12,-221.93,-1988.3,693.51,-782.95,3873.9,279653,413,162,337,-0.97069,-1.7509,0.90955
-1110,1938.3,2505.2,-0.19839,-2759.5,-1910.6,5.4517e+05,76643,1,-115.49,1233.2,2217.2,-1627.8,796.35,-203.76,-1997.2,700.55,-774.16,3854.2,279155,413,162,337,-0.96797,-1.746,0.92181
-1101.3,1960.3,2530.6,-0.217,-2787.5,-1920.9,5.4562e+05,76641,1,-128.31,1251.4,2223.4,-1618.6,798.36,-208.78,-1991.2,707.31,-774.82,3859.1,279275,413,162,337,-0.97866,-1.74,0.92181
-1068.4,1957.4,2519.1,-0.26339,-2782.7,-1890.8,5.4592e+05,75177,1,-136.94,1249.2,2180.2,-1613.4,804.17,-194.54,-1995.7,697.76,-792.68,3836.4,278719,413,162,337,-0.97587,-1.735,0.93405
-1059.5,1979.3,2544.3,-0.28667,-2810.6,-1901.1,5.4672e+05,75175,1,-145.13,1261.2,2179,-1604.8,806.56,-199.35,-1988.1,700.75,-798.63,3835,278685,413,1752,339,-0.9865,-1.729,0.93405
-1027.1,1976.4,2532.4,-0.35886,-2805.7,-1871.5,5.4671e+05,73713,1,-175.56,1300.5,2183.8,-1593,802.29,-195.67,-1999.2,721.56,-764.8,3848.8,279026,413,1752,339,-0.98364,-1.724,0.94624
-994.35,1973.5,2521.3,-0.3334,-2801.5,-1841.7,5.4634e+05,72253,1,-199.76,1331.5,2183.7,-1583,795.66,-192.82,-2005.5,728.4,-745.84,3855.7,279194,413,1752,339,-0.98074,-1.7189,0.9584
-984.1,1995,2546.8,-0.34847,-2829.9,-1851,5.4668e+05,72251,1,-203.21,1351.9,2204.3,-1575.7,795.77,-205.63,-1999,736.71,-748.15,3871,279566,413,1752,339,-0.99127,-1.7129,0.9584
-951.06,1991.9,2535.5,-0.41405,-2825.8,-1820.8,5.4779e+05,70793,1,-219.02,1382.5,2209.6,-1567.2,789.27,-207.12,-2002,743.8,-730.02,3880.4,279804,413,1752,339,-0.98831,-1.7078,0.97053
-917.65,1988.7,2524.9,-0.38277,-2822.5,-1790.4,5.4682e+05,69339,1,-231.93,1415,2222.4,-1557.3,781.19,-206.71,-1994.3,751.93,-695.99,3885.9,279952,413,1752,339,-0.98531,-1.7026,0.98262
-883.91,1985.5,2514.4,-0.37342,-2819.6,-1759.6,5.479e+05,67887,1,-238.41,1446.9,2235.9,-1546.5,772.01,-212.34,-1979.3,747.94,-682.1,3889.1,280021,413,1752,339,-0.98227,-1.6973,0.99467
-872.6,2006.3,2539.5,-0.42544,-2847.7,-1768.1,5.4842e+05,67885,1,-242.34,1465.2,2246.1,-1540.1,772.2,-225.31,-1978.4,754.46,-692.8,3902.9,280381,413,1752,339,-0.99267,-1.6913,0.99467
-838.58,2002.9,2529.3,-0.35423,-2845.2,-1737.1,5.4856e+05,66435,1,-245.67,1487.5,2249.6,-1530.7,766.83,-220.4,-1963.4,756.94,-662.4,3896.2,280218,413,1752,339,-0.98956,-1.686,1.0067
-804.32,1999.6,2519.4,-0.31079,-2843.1,-1705.8,5.4911e+05,64989,1,-241.27,1508.9,2258.9,-1525.6,760.63,-221.16,-1957.1,754.47,-649.38,3900.5,280310,413,1752,339,-0.98641,-1.6806,1.0187
-769.69,1996.1,2509.6,-0.32246,-2841.1,-1674.2,5.4794e+05,63545,1,-242.64,1544.2,2276.7,-1520.8,750.28,-234.59,-1961.6,753.08,-651.23,3923.8,280931,413,1752,339,-0.98323,-1.6752,1.0306
-734.93,1992.5,2499.5,-0.41793,-2839.1,-1642.4,5.4749e+05,62103,1,-258.26,1557.3,2256,-1514.9,743.31,-231.98,-1969.5,743.65,-659.01,3917.8,280722,413,1752,339,-0.98001,-1.6697,1.0425
-722.81,2012.5,2524.2,-0.38767,-2867.1,-1650.4,5.4777e+05,62101,1,-251.81,1573.4,2271.9,-1512.6,746.06,-246.15,-1965.5,751.29,-668,3934.4,281200,413,1752,339,-0.99024,-1.6637,1.0425
-688.2,2008.7,2513.8,-0.4774,-2864.9,-1618.8,5.4906e+05,60663,1,-268.54,1589.1,2245.6,-1500.9,739.88,-239.23,-1956.7,743.96,-658.42,3913.2,280598,413,1752,339,-0.98695,-1.6581,1.0544
-653.69,2005,2503.8,-0.42755,-2863.1,-1587.2,5.5117e+05,59227,1,-270.95,1609.3,2242.5,-1494.8,735.94,-241.47,-1952.9,742.81,-654.2,3914.1,280627,413,1752,339,-0.98362,-1.6525,1.0662
-619.14,2001.4,2493.7,-0.46102,-2861.4,-1555.7,5.5041e+05,57793,1,-283.69,1619,2217.5,-1486.1,728.21,-235.82,-1958.2,724.42,-670.14,3901.5,280333,413,1752,339,-0.98025,-1.6469,1.078
-584.87,1997.6,2483.1,-0.60207,-2859.2,-1524.3,5.4615e+05,56363,1,-315.19,1633.3,2174.5,-1475.6,719.88,-239.62,-1978.4,704.87,-712.59,3894.5,280181,413,1752,339,-0.97685,-1.6412,1.0897
-551.5,1994,2471.6,-0.8422,-2856.2,-1493.7,5.4816e+05,54937,1,-347.45,1636.8,2119.2,-1459.6,714.56,-230.4,-1975.2,689.75,-722.81,3858.1,279250,413,1752,339,-0.97341,-1.6354,1.1014
-518.69,1990.5,2460.6,-0.79992,-2853.6,-1463.8,5.5016e+05,53515,1,-349.51,1644.5,2101.8,-1449.2,710.98,-220.54,-1951.7,685.64,-694.78,3828.9,278510,413,1752,339,-0.96994,-1.6296,1.1131
-485.73,1987,2449.7,-0.75491,-2851.3,-1433.7,5.5081e+05,52097,1,-343.92,1657.4,2097.2,-1447,705.54,-224.88,-1948.6,673.97,-701.48,3827.4,278487,413,1752,339,-0.96643,-1.6237,1.1247
-452.84,1983.4,2438.5,-0.80886,-2848.8,-1403.6,5.5078e+05,50681,1,-345.51,1673.6,2089.9,-1439.8,697.77,-226.69,-1933.4,660.21,-698.62,3815.9,278190,413,1752,339,-0.96288,-1.6177,1.1362
-419.95,1979.9,2427.6,-0.75995,-2846.6,-1373.5,5.5017e+05,49267,1,-346.62,1684.1,2075,-1430.1,689.78,-226.7,-1912.1,641.66,-697.22,3793.2,277311,413,1752,339,-0.9593,-1.6117,1.1478
-387.19,1976.2,2416.5,-0.77217,-2844.3,-1343.5,5.5014e+05,47857,1,-349.29,1673.5,2032.8,-1427.9,683.88,-229.05,-1926.2,607.93,-745.04,3774.8,276762,413,1752,339,-0.95568,-1.6056,1.1593
-355.57,1972.6,2403.9,-1.0336,-2840.5,-1314.5,5.4605e+05,46451,1,-375.54,1649.5,1946.5,-1427.3,679.52,-234.79,-1962.9,568.84,-822.06,3749.2,275888,413,1752,339,-0.95202,-1.5995,1.1707
-325.1,1968.8,2390.3,-1.35,-2835.6,-1286.3,5.4485e+05,45049,1,-404.13,1645.9,1893.2,-1424.1,672.98,-234.11,-1977.4,561.46,-827.65,3728.6,275260,413,1752,339,-0.94833,-1.5933,1.1821
-294.79,1965,2377.3,-1.2977,-2831.3,-1258.4,5.4694e+05,43651,1,-411.6,1676.3,1903.2,-1418.8,669.19,-233.19,-1959.8,578.69,-781.93,3728.8,275266,413,1752,339,-0.9446,-1.587,1.1935
-263.95,1961.3,2365.2,-1.0937,-2828,-1230,5.4689e+05,42257,1,-373.57,1710.7,1955.1,-1414.5,661.58,-235.76,-1905.8,583.19,-722.9,3725.2,275139,413,1752,339,-0.94084,-1.5807,1.2048
-231.71,1957.4,2354,-0.82951,-2825.9,-1200.2,5.497e+05,40867,1,-318.81,1742.4,2008.1,-1422.8,655.4,-250.3,-1887,588.37,-695.38,3751.9,275978,413,1752,339,-0.93704,-1.5743,1.216
-198.74,1953.2,2342.7,-0.81207,-2823.8,-1169.8,5.5328e+05,39481,1,-312.69,1747.6,1996.8,-1430.8,648.26,-257.5,-1908.2,562.84,-728.92,3763.3,276306,413,1752,339,-0.93321,-1.5678,1.2272
-166.74,1949.1,2330.5,-0.96474,-2821,-1140.2,5.5329e+05,38099,1,-354.84,1869.4,2088.1,-1432.4,648.67,-257.85,-1943.5,636.6,-657.31,3890.3,280045,413,1752,339,-0.92934,-1.5613,1.2384
-114.23,1958.4,2341.6,-1.1117,-2846.8,-1107.7,5.4926e+05,736005,1,-510.16,2063.9,2185.4,-1445.5,655.18,-265.86,-2076.7,782.96,-577.02,3943.5,281524,413,1752,339,-0.9329,-1.5501,1.2498
-106.38,1945.8,2322,-1.0822,-2829.2,-1088.6,5.4756e+05,736007,1,-458.31,1921.2,2031.7,-1444,638,-277.8,-2040.7,648.5,-703.35,3943.5,281486,413,1752,339,-0.92522,-1.5501,1.2555
-64.498,1945.2,2312.4,-1.2864,-2832.3,-1055.1,5.5163e+05,734915,1,-378.34,1785.6,1892.6,-1444.4,639.16,-274.76,-1990.8,540.56,-792.02,3790.3,277227,413,1752,339,-0.92307,-1.5405,1.2689
-16.553,1931.2,2282.4,-0.85941,-2816.5,-1003.3,5.4962e+05,733795,1,-385.61,1811.2,1879.3,-1455.1,641.61,-268.88,-1966.4,548.84,-741.73,3778.9,276890,413,1752,339,-0.91288,-1.5308,1.2878
-23.452,1944.3,2302.4,-1.254,-2835,-1022.3,5.5234e+05,733793,1,-437.06,1818.6,1858.2,-1456.9,645.25,-277.56,-2015.4,561.37,-779.93,3814.8,278027,413,1752,339,-0.92077,-1.5308,1.2822
17.768,1943.3,2292.8,-0.94823,-2838.2,-989.13,5.5108e+05,732649,1,-438.68,1852.7,1859.7,-1455.9,648.64,-272.04,-1996.1,560.28,-758.65,3817.3,278232,413,1752,339,-0.9183,-1.5211,1.2954
137.39,1952.8,2283.9,-1.278,-2868.2,-906.6,5.578e+05,729109,1,-462.7,1947.4,1865.4,-1451.9,657.89,-264.53,-2046.7,599.67,-740.69,3898,280266,413,1752,339,-0.91809,-1.4916,1.3294
94.15,1954,2293.2,-0.9892,-2863.5,-941.36,5.4912e+05,730303,1,-443.59,1921.1,1876.1,-1469.2,647.57,-290.97,-2040.7,588.55,-758.24,3893,280144,413,1752,339,-0.92096,-1.5015,1.3162
52.403,1955.4,2303.3,-1.153,-2860.2,-975.02,5.5203e+05,731483,1,-494.17,1884.4,1835,-1466.2,659.82,-274.11,-2036.8,581.8,-769.32,3860.2,279304,413,1752,339,-0.92368,-1.5113,1.303
87.769,1967.8,2314.5,-1.3695,-2883.3,-960.74,5.5357e+05,730301,1,-560.19,1930.8,1819.1,-1470.6,656.46,-288.77,-2087.5,608.14,-781.8,3920,280822,413,1752,339,-0.92902,-1.5015,1.3106
178.93,1951.3,2273.3,-1.29,-2871.5,-873.06,5.6236e+05,727901,1,-547.11,1963.3,1793.5,-1503.3,660.68,-295.41,-2086.7,599.39,-761.04,3930.2,281105,413,1752,339,-0.91505,-1.4817,1.3426
301.06,1958.8,2264.5,-0.87609,-2904.1,-788.49,5.5733e+05,724205,1,-413,2059.7,1899.6,-1464.5,682.45,-251.2,-2081.9,633.36,-712.13,3992.2,282528,413,1752,339,-0.91344,-1.4515,1.3762
220.25,1948.8,2262.8,-0.59093,-2874.4,-839.21,5.5538e+05,726681,1,-439.37,1980.6,1856.9,-1531.1,664.76,-308.51,-2037.5,600.67,-719.49,3933.8,281183,413,1752,339,-0.91185,-1.4717,1.3557
256.74,1961,2274,-0.85475,-2898.8,-824.59,5.5612e+05,725447,1,-491,2036.3,1854,-1550.5,682.79,-309.49,-2105.7,644.96,-723.52,4020.5,283087,413,1752,339,-0.91688,-1.4616,1.3631
382.76,1956.2,2239.1,-3.1076,-2909.3,-723,5.5331e+05,721695,1,-997.47,2054.8,1452.9,-1409.6,653.46,-244.08,-2374.8,627.29,-894.66,4078.7,284046,413,1752,339,-0.90608,-1.4311,1.4021
381.87,1969.5,2264.4,-2.5799,-2933.6,-738.87,5.5251e+05,721693,1,-865.6,2122.1,1607.5,-1406.9,662.25,-241.41,-2346.7,645.08,-873.17,4122.9,284786,413,1752,339,-0.91467,-1.4311,1.3966
418.13,1954.7,2225.8,-2.2618,-2909.8,-694.76,5.6381e+05,720425,1,-1070.1,2198.8,1524.6,-1506.1,691.07,-265.99,-2373,737.14,-773.19,4230.1,286338,413,1752,339,-0.90216,-1.4209,1.415
420.19,1968.3,2251.2,-2.8989,-2935.4,-708.47,5.5739e+05,720423,1,-1111.5,2195.7,1497.1,-1414.1,689.12,-217.78,-2413.7,730.06,-822.14,4225.4,286274,413,1752,339,-0.91083,-1.4209,1.4095
458.6,1967,2239.6,-2.2133,-2938.6,-677.95,5.6422e+05,719145,1,-1096.3,2383.7,1666,-1498.6,696.64,-262.91,-2403.5,818.88,-718.68,4407.2,288293,413,1752,339,-0.90683,-1.4106,1.4224
339.39,1971.1,2276.4,-1.4716,-2930,-772.95,5.5615e+05,722953,1,-570.39,2182.2,1895.4,-1483.7,682.63,-275.56,-2193.9,695.77,-734.18,4154.4,285278,413,1752,339,-0.91835,-1.4414,1.3836
378.73,1983.5,2289,-2.0408,-2957.1,-756.96,5.5653e+05,721691,1,-711.02,2217.4,1809.2,-1441.1,669.27,-266.22,-2275.3,694.72,-792.49,4192.7,285819,413,1752,339,-0.92322,-1.4311,1.3909
502.34,1979,2255.1,-2.2174,-2969.9,-658.67,5.6391e+05,717857,1,-1050.3,2537.7,1814.9,-1456.3,658.14,-283.51,-2434.7,883.4,-687.14,4544.4,289659,413,1752,339,-0.91147,-1.4002,1.4296
547.22,1989.9,2270.6,-1.943,-3001.2,-638.27,5.5972e+05,716561,1,-849.39,2521.3,1897.4,-1478.3,650.62,-314.96,-2399.1,891.8,-669.9,4515.1,289314,413,1752,339,-0.91607,-1.3897,1.4369
591.57,2000.9,2286.2,-1.3907,-3032.8,-618.84,5.5969e+05,715259,1,-700.01,2609.1,2043.1,-1555.8,649.39,-371.62,-2404.7,926.77,-647.57,4638.2,290530,413,1752,339,-0.92064,-1.3793,1.444
643.73,1996,2277.5,-1.8016,-3042.1,-575.42,5.5765e+05,713953,1,-686.61,2684.5,2090.8,-1528.3,645.75,-354.91,-2454.8,960.42,-641.45,4721,291391,413,1752,339,-0.91625,-1.3687,1.4568
-1260.3,1931.3,2522.2,-0.10624,-2747.8,-2032,5.4765e+05,82527,1,-208.02,1398.5,2610.8,-1620.5,739.44,-298.53,-2073.9,838.31,-601.07,4176.4,285578,413,162,337,-0.9678,-1.7712,0.87254
-1222.2,1926.8,2512.9,-0.12141,-2745.1,-1996.4,5.4622e+05,81053,1,-146.41,1345.4,2524.6,-1636.6,747.9,-290.05,-2039.8,777.97,-668.37,4091.4,284283,413,162,337,-0.96521,-1.7665,0.88491
-1185.9,1922.7,2502.4,-0.16804,-2741.1,-1962.6,5.4567e+05,79581,1,-110.22,1281,2397.5,-1641.3,763.87,-261.17,-2012.4,724.49,-736.13,3982.9,282351,413,162,337,-0.96259,-1.7617,0.89725
-1177.3,1945,2528.3,-0.20708,-2769.5,-1972.7,5.4602e+05,79579,1,-115.48,1269.3,2358.8,-1635.8,774.77,-258.66,-2009.6,718.55,-773.89,3960.4,281869,413,162,337,-0.97338,-1.7557,0.89725
-1134.7,1963.6,2542,-0.31706,-2792.2,-1951.6,5.4756e+05,78107,1,-116.33,1245.2,2263.3,-1628.3,795.06,-231.78,-1997.1,707.51,-797.86,3892.2,280110,413,162,337,-0.98142,-1.7449,0.90955
-1092.3,1982.5,2556.1,-0.25719,-2815.6,-1931.2,5.4674e+05,76639,1,-134.24,1263,2231.8,-1612.4,803.27,-219.5,-1987.5,714.98,-788.08,3869.1,279508,413,162,337,-0.98932,-1.734,0.92181
-1050.2,2001.2,2569.7,-0.30419,-2838.6,-1911.4,5.4743e+05,75173,1,-154.13,1284.6,2208.2,-1593,806.41,-211.54,-1977.7,715.92,-789.56,3851,279085,413,1752,339,-0.99709,-1.7229,0.93405
-1017.3,1998.1,2558,-0.35215,-2834,-1881.3,5.472e+05,73711,1,-179.46,1327,2218.8,-1583.5,801.72,-211.96,-1991.2,735.18,-761.98,3872.6,279621,413,1752,339,-0.9942,-1.7179,0.94624
-940.23,2013,2561,-0.40117,-2854.3,-1829.8,5.4791e+05,70791,1,-222.52,1404.8,2232.3,-1558.8,788.88,-219.08,-1994.3,754.8,-726.31,3896.2,280219,413,1752,339,-0.99877,-1.7017,0.97053
-906.47,2009.7,2550.4,-0.38082,-2851,-1799,5.4689e+05,69337,1,-238.03,1438.5,2240.1,-1549.7,779.31,-222.41,-1991.9,756.47,-708.78,3904.5,280420,413,1752,339,-0.99574,-1.6965,0.98262
-895.17,2030.6,2575.7,-0.37938,-2879.3,-1807.8,5.4728e+05,69335,1,-230.8,1446.4,2253.7,-1543.9,781.28,-233.21,-1981.3,759.93,-717.08,3910.2,280545,413,1752,339,-1.0061,-1.6904,0.98262
-861.09,2027,2564.8,-0.4329,-2876,-1776.7,5.4792e+05,67883,1,-240.37,1478.9,2261.1,-1535.4,774.19,-240.16,-1979.2,761.92,-709.23,3920.8,280844,413,1752,339,-1.003,-1.6851,0.99467
-826.91,2023.4,2554.3,-0.40087,-2873.2,-1745.5,5.4883e+05,66433,1,-245.57,1495.2,2253,-1528,769.79,-229.75,-1963.6,761.78,-675.08,3904.3,280416,413,1752,339,-0.99988,-1.6799,1.0067
-792.63,2019.9,2544.1,-0.33689,-2870.9,-1714.2,5.4956e+05,64987,1,-240.53,1526.4,2270.5,-1519.4,761.99,-235.22,-1950.5,763.13,-655.07,3912,280573,413,1752,339,-0.99671,-1.6745,1.0187
-757.84,2016.3,2534.3,-0.29821,-2869.1,-1682.5,5.4838e+05,63543,1,-238.34,1553.1,2285.6,-1518,753.8,-242.44,-1957.2,762.33,-651.99,3932.1,281140,413,1752,339,-0.99349,-1.6691,1.0306
-745.87,2036.4,2559,-0.27732,-2897,-1690.8,5.4829e+05,63541,1,-236.92,1562.5,2292.4,-1512.3,756.48,-248.84,-1946.6,768.55,-651.63,3934.3,281195,413,1752,339,-1.0037,-1.663,1.0306
-710.65,2032.5,2548.9,-0.35299,-2895.1,-1658.7,5.4824e+05,62099,1,-240.4,1584.4,2290.8,-1510.4,750.74,-258.04,-1958.2,762.6,-669.9,3943.5,281440,413,1752,339,-1.0004,-1.6576,1.0425
-675.83,2028.5,2538.3,-0.47582,-2892.8,-1626.8,5.4885e+05,60661,1,-259.21,1598.9,2260.2,-1503,745.32,-253.59,-1962.5,754.77,-673.37,3935.1,281216,413,1752,339,-0.9971,-1.652,1.0544
-641.16,2024.7,2528.1,-0.43898,-2890.9,-1595.1,5.4968e+05,59225,1,-270.47,1624.2,2251.7,-1494.3,739.49,-252.23,-1958.9,753.88,-662.92,3933.1,281161,413,1752,339,-0.99374,-1.6465,1.0662
-606.43,2020.8,2517.9,-0.48605,-2889.1,-1563.4,5.5173e+05,57791,1,-284.12,1639.8,2233.6,-1486.8,731.98,-250.22,-1964,741,-674.09,3927.9,281042,413,1752,339,-0.99034,-1.6408,1.078
-571.9,2016.9,2507.3,-0.58553,-2887,-1531.8,5.4757e+05,56361,1,-304.65,1647.1,2195.8,-1481,724.99,-253.42,-1982.7,720,-715.02,3920.6,280838,413,1752,339,-0.9869,-1.6352,1.0897
-538.21,2012.9,2495.7,-0.83521,-2883.9,-1500.9,5.4705e+05,54935,1,-329.15,1644.6,2144.4,-1471.4,721.44,-247.2,-1990.8,702.66,-739.89,3893.9,280162,413,1752,339,-0.98343,-1.6294,1.1014
-505.35,2009.3,2484.3,-0.81689,-2881.1,-1470.9,5.4902e+05,53513,1,-347.21,1651.2,2104.1,-1456.8,720.14,-233.53,-1974.4,701.24,-717.7,3856.8,279214,413,1752,339,-0.97992,-1.6236,1.1131
-472.4,2005.7,2473.3,-0.75604,-2878.7,-1440.8,5.5068e+05,52095,1,-347.46,1671.8,2101.8,-1449.9,711.49,-233.9,-1964.7,689.35,-711.81,3852.1,279114,413,1752,339,-0.97637,-1.6177,1.1247
-439.35,2001.9,2461.9,-0.83754,-2876.1,-1410.6,5.497e+05,50679,1,-353.07,1690.5,2095.7,-1446.4,704.07,-239.56,-1967,680.08,-719.42,3856,279199,413,1752,339,-0.97279,-1.6118,1.1362
-406.35,1998.1,2450.6,-0.86405,-2873.6,-1380.4,5.492e+05,49265,1,-361.21,1703.7,2078.6,-1437.5,696.92,-238.85,-1954.9,667.67,-716.68,3839.8,278809,413,1752,339,-0.96917,-1.6058,1.1478
-373.61,1994.3,2439.2,-0.88762,-2871.1,-1350.4,5.4991e+05,47855,1,-374.94,1687.6,2015.1,-1429.5,689.5,-237.23,-1956.1,620.82,-769.31,3798.4,277449,413,1752,339,-0.96551,-1.5997,1.1593
-342.13,1990.5,2426.4,-1.115,-2867.1,-1321.5,5.4819e+05,46449,1,-391.76,1667.8,1950,-1427.8,685.65,-241.65,-1971.5,585.84,-825.33,3770.4,276599,413,1752,339,-0.96182,-1.5936,1.1707
-311.7,1986.7,2412.9,-1.2375,-2862.4,-1293.4,5.4425e+05,45047,1,-394.63,1654.1,1902.4,-1425.2,680.87,-242.1,-1972.3,570.87,-834.24,3738.4,275571,413,1752,339,-0.95809,-1.5874,1.1821
-281.16,1982.8,2399.9,-1.2114,-2858.1,-1265.3,5.4497e+05,43649,1,-387.11,1669.9,1904.7,-1424.4,676.7,-239.95,-1964.8,582.1,-796.87,3734.2,275431,413,1752,339,-0.95432,-1.5812,1.1935
-250.46,1978.9,2387.1,-1.1459,-2854.3,-1237,5.4674e+05,42255,1,-355.89,1703.6,1943.3,-1422.5,671.9,-244.84,-1923.3,589.55,-747.69,3734.4,275438,413,1752,339,-0.95052,-1.5749,1.2048
-218.65,1974.9,2375.7,-0.82809,-2851.9,-1207.7,5.4836e+05,40865,1,-313.31,1736.8,1996.1,-1426.7,666.76,-250.6,-1894.4,600.6,-700.13,3752.5,275993,413,1752,339,-0.94668,-1.5685,1.216
-185.81,1970.8,2364.4,-0.7285,-2850,-1177.4,5.5245e+05,39479,1,-373.18,1859.3,2079.1,-1436.4,661.51,-261.47,-1972.1,665,-669.09,3907.3,280482,413,1752,339,-0.94281,-1.5621,1.2272
-153.53,1966.4,2351.9,-1.0098,-2846.9,-1147.6,5.5426e+05,38097,1,-676.34,2285.9,2356.1,-1437.4,657.77,-262.65,-2210.8,960.9,-470.21,3943.5,281542,413,1752,339,-0.9389,-1.5556,1.2384
-80.787,1970.9,2352.3,-1.1119,-2868.2,-1094.5,5.498e+05,734911,1,-380.08,1784.8,1900.3,-1459.8,651.14,-291.86,-2001.9,560.06,-807.62,3815.1,278039,413,1752,339,-0.93857,-1.5405,1.2574
-88.672,1983.9,2372.6,-1.1625,-2886.5,-1113.9,5.5316e+05,734909,1,-369.66,1781.1,1912.7,-1441.1,663.43,-272.8,-1987.9,571.64,-799.18,3815.1,278040,413,1752,339,-0.94627,-1.5405,1.2517
-122.13,1971.1,2361.6,-1.0904,-2864.8,-1126.9,5.5566e+05,736003,1,-569.07,2130,2221.5,-1442.3,673.05,-254.58,-2147.5,856.47,-558.14,3943.5,281541,413,1752,339,-0.94055,-1.5501,1.2441
-72.666,1957.9,2332.2,-1.1274,-2850,-1074.7,5.4319e+05,734913,1,-361.56,1790.1,1916.6,-1450.2,640.41,-287.82,-1989.1,549.42,-795.97,3807.5,277716,413,1752,339,-0.93084,-1.5405,1.2632
-30.648,1957.3,2322.8,-1.2855,-2853.6,-1041.4,5.5012e+05,733791,1,-405.99,1826.7,1895.2,-1442.9,646.98,-273.74,-2009.8,569.35,-779.34,3826.1,278453,413,1752,339,-0.92862,-1.5308,1.2765
-38.69,1970.1,2342.8,-1.11,-2871.5,-1061,5.4616e+05,733789,1,-370.25,1821.2,1922.4,-1448.6,650.09,-283.05,-2002,576.42,-779.34,3833.8,278661,413,1752,339,-0.93643,-1.5308,1.2708
11.061,1956.5,2313.2,-1.2998,-2857.1,-1008.1,5.5309e+05,732647,1,-474.27,1867.6,1864,-1460.4,653.43,-276.15,-2028.2,582.45,-767.36,3855.6,279191,413,1752,339,-0.92623,-1.5211,1.2898
4.164,1969.5,2333.8,-1.3465,-2875.9,-1027.1,5.5021e+05,732645,1,-423.47,1878.8,1917.7,-1439.7,654.86,-271.59,-2037.1,605.47,-764.72,3881.1,279825,413,1752,339,-0.93412,-1.5211,1.2841
46.682,1968.8,2324.4,-1.586,-2880,-993.39,5.5365e+05,731481,1,-535.38,1921.7,1854.3,-1449.7,658.8,-273.57,-2085.3,614.69,-781.57,3919.9,280817,413,1752,339,-0.93165,-1.5113,1.2973
130.18,1966,2304.5,-1.1332,-2886.9,-926.52,5.5207e+05,729107,1,-500.3,1990.2,1892.1,-1469.5,664.35,-279.83,-2083.8,643.22,-733.64,3970.5,282092,413,1752,339,-0.92623,-1.4916,1.3237
173.82,1965,2295.2,-1.6001,-2892.1,-891.69,5.5718e+05,727899,1,-554.48,2024.4,1858.5,-1462.9,675.82,-263.2,-2140.4,659.21,-750.26,4013,282926,413,1752,339,-0.92327,-1.4817,1.3369
167.24,1978.4,2316.8,-1.2802,-2911.9,-911.33,5.556e+05,727897,1,-492.21,2016.1,1901.9,-1465.4,675.17,-274.03,-2114.5,676.56,-727.16,4007.5,282790,413,1752,339,-0.93146,-1.4817,1.3312
124.01,1979.9,2326.1,-1.4754,-2907.1,-945.91,5.5158e+05,729105,1,-563.77,1969.4,1828.8,-1480,664.71,-296.87,-2137.6,651.07,-778.69,3982.6,282348,413,1752,339,-0.93433,-1.4916,1.318
83.04,1981,2336.2,-1.819,-2903.8,-978.37,5.5461e+05,730299,1,-559.87,1950.3,1838.1,-1440.5,665.83,-269.77,-2130.2,645.13,-788.89,3957.7,281812,413,1752,339,-0.93705,-1.5015,1.3048
215.32,1963.5,2284.7,-1.5438,-2895.7,-858.39,5.6256e+05,726679,1,-663.93,2030.7,1756.4,-1521.1,680.45,-296.34,-2187.4,653.78,-779.84,4041.6,283451,413,1752,339,-0.92015,-1.4717,1.35
211.11,1977.4,2307.6,-1.7972,-2917.4,-876.53,5.5664e+05,726677,1,-607.14,2043.8,1820.7,-1468.9,675.37,-273.02,-2181,668.53,-771.75,4043.3,283474,413,1752,339,-0.92842,-1.4717,1.3444
294.45,1973.6,2286.5,-1.0875,-2924.8,-809.5,5.5768e+05,724203,1,-589.25,2118.3,1844.9,-1551.6,686.67,-317.84,-2203.8,696.46,-746.73,4137.3,285027,413,1752,339,-0.92186,-1.4515,1.3705
252.53,1976.2,2297.1,-1.7048,-2921.3,-843.59,5.6346e+05,725445,1,-690.24,2070.9,1756.1,-1526.9,692.66,-294.43,-2228.4,692.09,-772.81,4097.4,284357,413,1752,339,-0.92522,-1.4616,1.3575
421.26,1981.4,2276.8,-2.9075,-2960.5,-722.79,5.5549e+05,720421,1,-991.63,2269.4,1645.9,-1392.9,672.49,-233.04,-2390.3,747.7,-810.82,4268.3,286829,413,1752,339,-0.91946,-1.4209,1.4039
460.1,1980.6,2265,-2.7231,-2964,-692.4,5.5987e+05,719143,1,-1149.5,2343.8,1588.1,-1386,691.75,-208.06,-2428.6,825.9,-749.41,4349.9,287692,413,1752,339,-0.91554,-1.4106,1.4168
333.24,1985.8,2299.3,-1.3251,-2951.5,-793.74,5.552e+05,722951,1,-578.04,2198.6,1910.7,-1524.7,670.2,-324.42,-2219.2,719.57,-740.05,4205.7,286023,413,1752,339,-0.92682,-1.4414,1.3779
373,1997.5,2312.2,-1.5338,-2978.5,-777.25,5.5126e+05,721689,1,-541.46,2229.3,1939.1,-1483.7,655.06,-321.21,-2208.5,724.81,-736.63,4207.4,286053,413,1752,339,-0.93174,-1.4311,1.3852
419.3,1995,2301.8,-2.4361,-2984.4,-739.88,5.5367e+05,720419,1,-707.05,2283.1,1854.7,-1422.5,649.92,-284,-2296.7,744.76,-768.25,4254.3,286650,413,1752,339,-0.92806,-1.4209,1.3982
501.99,1992.8,2280.2,-2.3466,-2994.4,-674.98,5.6073e+05,717855,1,-1032.8,2429.2,1717.7,-1395.4,673.06,-239.48,-2399.6,869.23,-695.29,4401.4,288234,413,1752,339,-0.92022,-1.4002,1.424
543.86,2004.6,2295.2,-1.7733,-3024.8,-657.84,5.6115e+05,716559,1,-958.53,2425.4,1735.2,-1442.8,706.53,-247.8,-2392.3,886.39,-688.3,4408.8,288316,413,1752,339,-0.92487,-1.3897,1.4312
586.89,2016.9,2311.1,-1.4653,-3056.7,-640.46,5.6382e+05,715257,1,-878.11,2547.7,1877.6,-1506.2,695.85,-304.01,-2390.3,927.26,-652.74,4542.2,289635,413,1752,339,-0.92948,-1.3793,1.4383
636.39,2012.6,2302.4,-1.0669,-3065.5,-599.83,5.6201e+05,713951,1,-665.02,2643.9,2069,-1614.5,677.75,-390.08,-2402.8,949.94,-636.01,4691.7,291082,413,1752,339,-0.92517,-1.3687,1.4511
632.08,2029.2,2327.5,-1.6061,-3090,-621.73,5.6259e+05,713949,1,-947.48,2665.4,1910.9,-1504.3,681.27,-326.5,-2401.9,955.5,-647.39,4646.4,290595,413,1752,339,-0.93406,-1.3687,1.4454
-1249.8,1953.2,2549.6,-0.11427,-2777.6,-2040.1,5.4701e+05,82525,1,-196.55,1377.1,2566,-1608.2,747.66,-291.18,-2037.8,816,-634.15,4119.5,284725,413,162,337,-0.97864,-1.7652,0.87254
-1212.7,1949,2539.5,-0.1547,-2774.2,-2005.6,5.4662e+05,81051,1,-163.27,1334,2481.4,-1620.6,756.96,-282.34,-2029.9,772.47,-703.54,4056.4,283723,413,162,337,-0.97603,-1.7605,0.88491
-1168.3,1967.3,2554.4,-0.22493,-2798,-1982.7,5.4594e+05,79577,1,-127.89,1262,2321.1,-1623.8,784.08,-251.96,-2004.1,715.24,-802.94,3935,281215,413,162,337,-0.98413,-1.7497,0.89725
-849.39,2047.6,2590,-0.41029,-2904.3,-1785.3,5.471e+05,67881,1,-241.79,1490.5,2269.6,-1527.9,775.12,-248.15,-1976.6,768.88,-715.77,3927.4,281026,413,1752,339,-1.0133,-1.679,0.99467
-815.11,2043.8,2579.1,-0.44724,-2901.2,-1754,5.4923e+05,66431,1,-244.84,1507.5,2260.6,-1521,770.63,-245.07,-1961.1,763.34,-698.92,3915,280648,413,1752,339,-1.0102,-1.6737,1.0067
-780.8,2040.1,2568.7,-0.37199,-2898.7,-1722.7,5.4982e+05,64985,1,-240.57,1539.2,2278.4,-1512.2,763.7,-245.63,-1939.8,769.83,-658.28,3916.3,280674,413,1752,339,-1.007,-1.6684,1.0187
-733.76,2056.4,2583.5,-0.28917,-2924.8,-1699.3,5.4948e+05,63539,1,-235.82,1576.3,2302,-1505.5,759.91,-259.46,-1936.6,778.64,-653.4,3941.4,281379,413,1752,339,-1.0139,-1.6568,1.0306
-698.4,2052.4,2573.5,-0.31503,-2923,-1667,5.4789e+05,62097,1,-240.72,1597.1,2291.1,-1503,751.69,-265.55,-1951.4,764.45,-678.89,3943.5,281441,413,1752,339,-1.0106,-1.6514,1.0425
-663.36,2048.3,2562.9,-0.45763,-2920.7,-1635,5.4932e+05,60659,1,-247.67,1610.4,2272.8,-1499.6,749.01,-264.81,-1956.3,763.26,-678.7,3943.5,281433,413,1752,339,-1.0072,-1.6459,1.0544
-628.51,2044.3,2552.6,-0.4376,-2918.8,-1603.2,5.5094e+05,59223,1,-256.11,1622,2258.8,-1496.5,746.14,-259.55,-1956.9,762.98,-667.27,3939.5,281332,413,1752,339,-1.0038,-1.6404,1.0662
-593.59,2040.2,2542.2,-0.46972,-2917,-1571.3,5.5127e+05,57789,1,-262.45,1646.7,2255.2,-1491.4,739.79,-263.76,-1963,758.29,-674.06,3943.5,281450,413,1752,339,-1.0004,-1.6347,1.078
-558.81,2036.1,2531.6,-0.56241,-2915,-1539.5,5.4875e+05,56359,1,-297.39,1659.5,2207.7,-1483.2,729.23,-265.22,-1988.8,731.81,-722.88,3941,281373,413,1752,339,-0.99692,-1.6291,1.0897
-524.84,2032,2519.9,-0.81516,-2911.9,-1508.3,5.4759e+05,54933,1,-334.62,1656.6,2138.2,-1470,726.08,-253.74,-1998.2,714.7,-745.72,3903.8,280405,413,1752,339,-0.99341,-1.6233,1.1014
-491.87,2028.1,2508.2,-0.84356,-2908.8,-1478.2,5.4828e+05,53511,1,-345.74,1664.8,2109.8,-1460,725.31,-247.24,-1985.3,709.9,-737.65,3879.5,279783,413,1752,339,-0.98986,-1.6175,1.1131
-458.91,2024.4,2497,-0.7766,-2906.3,-1448.1,5.503e+05,52093,1,-343.15,1677.1,2106.5,-1452.9,719.45,-241.8,-1969.9,703.39,-718.39,3866.1,279429,413,1752,339,-0.98628,-1.6117,1.1247
-425.67,2020.4,2485.6,-0.83659,-2903.7,-1417.7,5.5033e+05,50677,1,-347.52,1700.2,2105.2,-1448.6,709.34,-249.43,-1973.8,693.63,-725.99,3874.4,279663,413,1752,339,-0.98266,-1.6058,1.1362
-392.49,2016.4,2474.1,-0.88805,-2901.1,-1387.3,5.5001e+05,49263,1,-354,1713.5,2088.1,-1444.9,705.66,-250.89,-1979.5,689.7,-730.18,3872.6,279622,413,1752,339,-0.979,-1.5998,1.1478
-359.76,2012.5,2462.4,-0.91318,-2898.4,-1357.4,5.489e+05,47853,1,-377,1704.2,2026,-1439.4,699.95,-248.76,-1990.3,649.72,-781.04,3843,278896,413,1752,339,-0.97531,-1.5938,1.1593
-328.26,2008.5,2449.2,-1.2099,-2894.1,-1328.4,5.4825e+05,46447,1,-414.11,1677.4,1926.8,-1430.2,689.71,-251.02,-1998.5,592.55,-853.08,3788.8,277187,413,1752,339,-0.97158,-1.5877,1.1707
-297.96,2004.5,2435.4,-1.3213,-2889.1,-1300.5,5.4429e+05,45045,1,-418.97,1671.5,1893.1,-1425.1,687.76,-246.67,-1984.3,588.56,-837.43,3755.4,276071,413,1752,339,-0.96781,-1.5815,1.1821
-267.67,2000.6,2422.4,-1.1447,-2884.9,-1272.6,5.4552e+05,43647,1,-399.48,1682.4,1897.8,-1425.7,683.94,-248.82,-1970.4,585.95,-818.23,3748.3,275857,413,1752,339,-0.964,-1.5753,1.1935
-236.99,1996.6,2409.2,-1.1652,-2880.7,-1244.3,5.4725e+05,42253,1,-374.19,1710.7,1925.8,-1420.9,679.65,-248.42,-1935.2,595.44,-767.98,3742.7,275681,413,1752,339,-0.96016,-1.569,1.2048
-205.5,1992.6,2397.5,-0.85408,-2878.1,-1215.4,5.4882e+05,40863,1,-321.58,1739.4,1983.9,-1428.5,677.65,-250.09,-1905.2,614.2,-706.09,3759.3,276198,413,1752,339,-0.95629,-1.5627,1.216
-172.91,1988.5,2386.3,-0.66121,-2876.3,-1185.4,5.5352e+05,39477,1,-481.93,2190.5,2403.1,-1422.5,654.95,-274.78,-2046.6,921.79,-422.94,3943.5,281544,413,1752,339,-0.95237,-1.5563,1.2272
-131.08,1983.4,2381,-0.84653,-2881.8,-1146.8,5.4999e+05,736001,1,-550.5,2182.3,2317,-1425.7,660.91,-263.43,-2129,895.59,-506.54,3943.5,281543,413,1752,339,-0.94817,-1.5501,1.2383
-46.879,1983.2,2363,-1.1483,-2889.7,-1081,5.4686e+05,733787,1,-388.47,1828.4,1917.9,-1450,647.91,-299.81,-1998.3,580.73,-790.36,3839.2,278789,413,1752,339,-0.94421,-1.5308,1.265
-54.914,1996.2,2383.1,-1.2262,-2907.8,-1100.8,5.4777e+05,733785,1,-390.41,1814.3,1912.5,-1437.2,648.61,-295.94,-1993.2,571.76,-809.38,3825,278416,413,1752,339,-0.95195,-1.5308,1.2592
-97.454,1996.2,2392.1,-0.94539,-2903.6,-1133.8,5.459e+05,734907,1,-307.28,1795.8,1987.7,-1432.1,676.92,-259.5,-1951.6,597.25,-756.32,3818.9,278274,413,1752,339,-0.95393,-1.5405,1.2458
-63.273,2008.8,2403.1,-1.1475,-2925.5,-1120.6,5.442e+05,733783,1,-370.1,1836.5,1957.2,-1440.3,662.38,-293.87,-2002.7,600.52,-799.71,3866.6,279447,413,1752,339,-0.95966,-1.5308,1.2533
-4.0936,1982.3,2354,-1.0553,-2893.9,-1047.2,5.4846e+05,732643,1,-371.64,1861,1941.7,-1441.6,656.58,-282.79,-2003.1,613.12,-749.2,3861.4,279329,413,1752,339,-0.94198,-1.5211,1.2783
39.856,1981.7,2345.5,-1.3945,-2899.2,-1012.5,5.5144e+05,731479,1,-425.39,1927.2,1946,-1434.6,657.64,-274.13,-2066.8,639.88,-754.73,3936.8,281266,413,1752,339,-0.9396,-1.5113,1.2916
30.986,1994.7,2365.9,-0.90467,-2917.1,-1033.3,5.493e+05,731477,1,-338.52,1898.1,1979.1,-1444.7,666.55,-281.17,-2013,641.34,-729.05,3903.8,280404,413,1752,339,-0.9475,-1.5113,1.2858
75.766,1993.9,2357.6,-1.3049,-2923,-997.98,5.5143e+05,730297,1,-368.68,1934.7,1970.9,-1432.3,666.1,-272.14,-2051.9,648.21,-743.8,3939.1,281323,413,1752,339,-0.94503,-1.5015,1.2991
204.51,1990.8,2329.7,-1.2696,-2937.5,-896.39,5.5569e+05,726675,1,-468.47,2045.3,1918.6,-1456.3,683.81,-267.16,-2134.3,694.27,-729.42,4038.9,283413,413,1752,339,-0.93665,-1.4717,1.3386
160.43,1992,2338.4,-1.2693,-2931.7,-931.34,5.5342e+05,727895,1,-505.25,1990.4,1866.7,-1477.5,671.51,-296.8,-2137.8,682.03,-753.17,4003.3,282716,413,1752,339,-0.93961,-1.4817,1.3255
196.7,2004.4,2351,-0.97437,-2956.7,-917.37,5.5471e+05,726673,1,-457.35,2009.5,1899,-1475.9,684.47,-288.99,-2111.6,690.88,-732.52,4007.1,282779,413,1752,339,-0.94485,-1.4717,1.3329
118.68,1993.4,2348.3,-1.6485,-2927.8,-964.4,5.567e+05,729103,1,-511.47,1930.7,1825.4,-1441.1,676,-268.35,-2122.7,654.08,-783.27,3939.1,281325,413,1752,339,-0.9424,-1.4916,1.3123
153.93,2005.8,2360.3,-1.3499,-2951.8,-951.12,5.5674e+05,727893,1,-494.06,1954.8,1837.7,-1462.1,682.99,-283.06,-2118.7,670.99,-767.61,3956.7,281797,413,1752,339,-0.94772,-1.4817,1.3197
111.43,2006.3,2369.6,-1.2409,-2946.9,-984.14,5.5133e+05,729101,1,-376.32,1934.2,1937.2,-1429.3,676.85,-265.12,-2060.4,652.18,-751.54,3939.1,281324,413,1752,339,-0.95044,-1.4916,1.3065
248.47,1989.6,2319.9,-1.8277,-2942.7,-861.52,5.5482e+05,725443,1,-589.65,2057.2,1817.7,-1453.9,685.91,-262.43,-2190.7,694.23,-762.18,4049.6,283591,413,1752,339,-0.93353,-1.4616,1.3518
289.92,1988.5,2309.7,-1.6677,-2947.2,-828.87,5.594e+05,724201,1,-658.32,2077.3,1760.9,-1488.8,685.49,-287.2,-2224.2,702.53,-771.63,4081,284108,413,1752,339,-0.93026,-1.4515,1.3649
327.43,2000.6,2322.3,-1.4185,-2973.2,-814.3,5.5573e+05,722949,1,-600.34,2148.9,1847,-1504.3,664.92,-324.87,-2212.5,710.81,-758.53,4144.4,285132,413,1752,339,-0.93525,-1.4414,1.3722
461.77,1993.4,2290.5,-2.9024,-2989.1,-706.26,5.5807e+05,719141,1,-1042.5,2305.1,1621.9,-1361.2,686.59,-205.27,-2404.6,803.51,-771.77,4291.9,287089,413,1752,339,-0.92422,-1.4106,1.4111
459.76,2006.5,2315.4,-2.2881,-3012.5,-723.37,5.5392e+05,719139,1,-703.17,2291.5,1833.9,-1413.9,678.92,-257.32,-2313.9,792.58,-740.24,4262.1,286740,413,1752,339,-0.93286,-1.4106,1.4054
502.35,2005.6,2305,-2.4826,-3018.5,-690.16,5.6006e+05,717853,1,-987.95,2345,1668.2,-1370.6,708.82,-197.98,-2382.1,853.38,-717.75,4312.3,287304,413,1752,339,-0.92895,-1.4002,1.4184
365.83,2012.1,2334.9,-1.2381,-2999.3,-799.07,5.5069e+05,721687,1,-590.49,2183,1865,-1483.6,654.78,-331.99,-2197.9,718.94,-753.09,4153,285243,413,1752,339,-0.94022,-1.4311,1.3795
412.87,2008.9,2325.3,-1.4411,-3005.7,-760.93,5.4948e+05,720417,1,-499.17,2262.7,1969.8,-1463.6,655.76,-315.3,-2225.4,760.61,-720.02,4239.1,286466,413,1752,339,-0.93662,-1.4209,1.3925
405.19,2023.7,2348,-1.1225,-3026.4,-783.47,5.4959e+05,720415,1,-592.27,2253.5,1904.6,-1520.7,672.5,-347.51,-2235.2,771.67,-733.09,4251,286614,413,1752,339,-0.94515,-1.4209,1.3867
543.18,2018.6,2320.4,-2.125,-3049.4,-674.79,5.6357e+05,716557,1,-974.18,2399.1,1700.7,-1401,734.3,-201.37,-2377.5,886.46,-692.75,4365.5,287869,413,1752,339,-0.93363,-1.3897,1.4255
585.89,2031.1,2335.9,-2.1637,-3080.9,-658.03,5.6259e+05,715255,1,-1017.5,2542.7,1781.3,-1382.8,709.61,-222.15,-2376.6,929.08,-662.17,4482,289037,413,1752,339,-0.93829,-1.3793,1.4326
-837.57,2068.1,2615.1,-0.38182,-2932.4,-1793.9,5.4712e+05,67879,1,-234.19,1501.2,2283.5,-1517.6,776.27,-256.3,-1955.9,770.03,-717.77,3927.4,281027,413,1752,339,-1.0236,-1.6727,0.99467
-803.17,2064.2,2604,-0.46403,-2929.2,-1762.5,5.4901e+05,66429,1,-246.53,1523.4,2268.8,-1513.2,772.02,-256.74,-1958.7,769.03,-713.07,3926.4,281000,413,1752,339,-1.0204,-1.6675,1.0067
-768.75,2060.3,2593.4,-0.41326,-2926.5,-1731.2,5.5016e+05,64983,1,-243.87,1540.7,2274.9,-1510.7,768.65,-252.66,-1946.1,775.98,-675.83,3923.2,280917,413,1752,339,-1.0172,-1.6622,1.0187
-756.51,2080.5,2618.1,-0.43054,-2954.4,-1739.7,5.5046e+05,64981,1,-243.63,1557.8,2286.4,-1501.7,769.56,-263.54,-1941.4,783.78,-684.11,3934.7,281210,413,1752,339,-1.0274,-1.6559,1.0187
-721.47,2076.4,2607.9,-0.32604,-2952.5,-1707.8,5.5084e+05,63537,1,-238.28,1591.4,2307.2,-1498.7,761.74,-270.67,-1930.9,784.12,-664.17,3943.5,281443,413,1752,339,-1.024,-1.6506,1.0306
-686.1,2072.3,2597.9,-0.30787,-2950.7,-1675.5,5.4844e+05,62095,1,-234.58,1603.7,2301.1,-1497,755.97,-272.63,-1932.4,771.29,-674.71,3943.5,281442,413,1752,339,-1.0207,-1.6452,1.0425
-650.96,2068.1,2587.3,-0.4035,-2948.5,-1643.4,5.4865e+05,60657,1,-237.25,1610.8,2280.7,-1495.7,752.65,-271.16,-1942.3,764.18,-684.32,3943.5,281431,413,1752,339,-1.0173,-1.6397,1.0544
-615.97,2063.9,2576.9,-0.38679,-2946.6,-1611.5,5.5026e+05,59221,1,-244.71,1633.6,2271.2,-1490.8,748.74,-269.98,-1943.9,767.95,-671.45,3943.5,281430,413,1752,339,-1.0139,-1.6342,1.0662
-580.88,2059.8,2566.5,-0.41225,-2944.9,-1579.5,5.5139e+05,57787,1,-251.24,1655.6,2265.7,-1487.8,742.63,-272.61,-1951.4,763.45,-675.62,3943.5,281458,413,1752,339,-1.0104,-1.6286,1.078
-545.83,2055.5,2556,-0.48457,-2943,-1547.5,5.4904e+05,56357,1,-264.06,1666.6,2243.5,-1486.4,737.12,-276.25,-1969.4,750.41,-703.59,3943.5,281460,413,1752,339,-1.0069,-1.6229,1.0897
-511.42,2051.1,2544.3,-0.75528,-2940.1,-1515.9,5.472e+05,54931,1,-314.09,1672.4,2169.8,-1475.9,730.23,-272.34,-2001.7,725.25,-758.54,3936.7,281262,413,1752,339,-1.0034,-1.6172,1.1014
-478.2,2047,2532.3,-0.89362,-2936.7,-1485.5,5.4854e+05,53509,1,-350.18,1677.2,2113.7,-1459.8,727.89,-257.44,-1993.6,716.66,-753.3,3896.9,280234,413,1752,339,-0.99977,-1.6114,1.1131
-445.28,2043.1,2520.7,-0.81023,-2934,-1455.5,5.5044e+05,52091,1,-344.4,1690.2,2107.8,-1452.4,722.8,-254.54,-1977.2,713.06,-733.34,3882.1,279846,413,1752,339,-0.99615,-1.6056,1.1247
-411.97,2039,2509.3,-0.80976,-2931.4,-1425,5.5073e+05,50675,1,-338.23,1711.5,2109.2,-1449.6,715.11,-258.85,-1978.1,707.33,-730.29,3888.3,280000,413,1752,339,-0.99249,-1.5997,1.1362
-378.73,2034.9,2497.8,-0.81717,-2928.8,-1394.6,5.4912e+05,49261,1,-346.01,1717.7,2082.4,-1447,713.48,-255.28,-1983.1,696,-740.21,3878.1,279759,413,1752,339,-0.9888,-1.5938,1.1478
-345.91,2030.9,2486,-0.88187,-2926.1,-1364.6,5.4973e+05,47851,1,-360.21,1709.9,2036.1,-1445.7,707.61,-259.29,-1997.5,659.26,-794.03,3861.7,279337,413,1752,339,-0.98507,-1.5877,1.1593
-314.07,2026.7,2472.5,-1.2339,-2921.7,-1335.3,5.4794e+05,46445,1,-392.48,1695.7,1966.7,-1442.9,701.02,-263.02,-2025.7,626.99,-852.69,3842.3,278881,413,1752,339,-0.9813,-1.5817,1.1707
-283.72,2022.5,2458.4,-1.405,-2916.5,-1307.4,5.4608e+05,45043,1,-429.31,1687.7,1894.4,-1434.4,698.13,-255.71,-2023.3,610.88,-859.12,3799.6,277485,413,1752,339,-0.97749,-1.5755,1.1821
-253.63,2018.5,2445,-1.2671,-2911.9,-1279.7,5.4461e+05,43645,1,-434.54,1711.6,1892.2,-1428.7,689.68,-259.74,-2001.4,604.44,-838.88,3789.2,277193,413,1752,339,-0.97365,-1.5693,1.1935
-223,2014.2,2431.5,-1.2791,-2907.4,-1251.4,5.4685e+05,42251,1,-414.9,1726,1909,-1424.7,685.94,-255.79,-1979.2,610.55,-800.67,3780.5,276938,413,1752,339,-0.96977,-1.5631,1.2048
-192.01,2010.3,2419.4,-0.93651,-2904.4,-1223,5.5018e+05,40861,1,-617.44,2116.2,2219.4,-1434.6,689.6,-256.56,-2142.1,917.92,-527.82,3943.5,281546,413,1752,339,-0.96586,-1.5568,1.216
-141.09,1995.6,2399.4,-0.57908,-2897.7,-1167.5,5.4964e+05,735999,1,-434.83,2039.1,2222.3,-1433.3,670.23,-271.11,-2035.8,798.64,-575.57,3943.5,281522,413,1752,339,-0.95575,-1.5501,1.2325
-150.93,2008.1,2418.1,-0.66648,-2913.9,-1188.2,5.4485e+05,735997,1,-615.33,2227.4,2335.5,-1447,677.47,-279.81,-2156.7,967.32,-468.84,3943.5,281545,413,1752,339,-0.96329,-1.5501,1.2266
-12.399,1995.3,2373.9,-1.0971,-2911.6,-1067.3,5.4524e+05,732641,1,-394.19,1852.6,1920.1,-1440,653.62,-293.57,-1996.9,607.51,-764.48,3847.4,278994,413,1752,339,-0.94981,-1.5211,1.2725
-20.319,2008.2,2394.1,-1.2654,-2929.8,-1087.1,5.455e+05,732639,1,-420.17,1862.5,1918.9,-1445.5,659.99,-300.29,-2026.6,617.63,-790.65,3880.3,279800,413,1752,339,-0.9576,-1.5211,1.2666
-107.12,2008.7,2411.3,-0.71385,-2920.2,-1154.5,5.5059e+05,734905,1,-318.25,1816.3,2009.4,-1454.7,691.82,-268.63,-1964.7,629.93,-741.11,3861.5,279331,413,1752,339,-0.96156,-1.5405,1.2399
-72.415,2021.7,2423.2,-0.97239,-2943.2,-1141.2,5.4974e+05,733781,1,-351.85,1850,2002,-1460.3,683.75,-291.61,-2004.1,636.8,-771.14,3905.9,280445,413,1752,339,-0.96733,-1.5308,1.2474
-28.435,2021.3,2414.7,-1.2509,-2948.2,-1107.1,5.4628e+05,732637,1,-399.98,1873.6,1954.3,-1461.5,676.11,-303.43,-2053.2,642.51,-797.09,3929.2,281082,413,1752,339,-0.96535,-1.5211,1.2607
-37.283,2034.4,2435.3,-1.1266,-2966.4,-1127.7,5.4725e+05,732635,1,-370.87,1879.3,1990.6,-1467.1,681.35,-311.78,-2048.5,658.19,-790.77,3949.7,281684,413,1752,339,-0.97307,-1.5211,1.2548
22.346,2007.6,2385.7,-0.91144,-2934.6,-1053.8,5.4818e+05,731475,1,-396.17,1875.6,1923.3,-1445.8,675.9,-279.56,-2006.8,643.72,-736.45,3870.8,279558,413,1752,339,-0.95538,-1.5113,1.2799
66.048,2006.9,2377.6,-0.7044,-2940.3,-1019.7,5.471e+05,730295,1,-302.53,1913.7,1998.7,-1460.3,670.47,-297.84,-2010.3,648.17,-728.99,3925.8,280984,413,1752,339,-0.95299,-1.5015,1.2932
57.193,2020.6,2398,-0.80829,-2958.5,-1041,5.5264e+05,730293,1,-405.39,1911.1,1927.5,-1480.9,694.78,-293.49,-2045.6,672.15,-741.16,3934.4,281198,413,1752,339,-0.9609,-1.5015,1.2874
101.67,2019.4,2389.8,-0.66172,-2964.4,-1006.1,5.4889e+05,729099,1,-317.22,1947.8,2001.3,-1475.8,688.63,-296.5,-2031.9,669.18,-728.15,3968.2,282050,413,1752,339,-0.95843,-1.4916,1.3006
241.4,2003.3,2342.3,-1.1923,-2963,-882.15,5.5471e+05,725441,1,-446.56,2057.6,1921.8,-1460.7,684.43,-278.78,-2132.5,693.59,-738.73,4047.3,283560,413,1752,339,-0.94181,-1.4616,1.346
233.64,2016.9,2363.6,-0.98409,-2982.2,-903.29,5.5489e+05,725439,1,-470.93,2076.1,1930,-1471.3,689.28,-291.28,-2112.9,711.08,-722.42,4058.8,283752,413,1752,339,-0.95005,-1.4616,1.3402
189.4,2018.2,2372.4,-1.1159,-2976.1,-938.04,5.5532e+05,726671,1,-481.28,2011.1,1879.7,-1478.7,693.94,-293.94,-2117.3,696.91,-749.43,4011.8,282899,413,1752,339,-0.95301,-1.4717,1.3271
146.81,2018.8,2381.5,-1.2022,-2970.8,-970.98,5.5329e+05,727891,1,-383.44,1947.9,1922.6,-1443.6,695.83,-264.07,-2062.8,671.01,-742.35,3941.1,281375,413,1752,339,-0.9558,-1.4817,1.3139
182.48,2031.8,2394.1,-1.1724,-2995.9,-958.23,5.5714e+05,726669,1,-459.28,2007,1903.9,-1456.6,708.91,-269.99,-2105.4,711.76,-739.35,4005.8,282755,413,1752,339,-0.96113,-1.4717,1.3212
285.26,2002.2,2332.7,-1.5825,-2968.7,-847.63,5.5658e+05,724199,1,-578.96,2060.9,1801.4,-1445.2,697.43,-253.18,-2181.8,707.59,-750.85,4049.6,283592,413,1752,339,-0.93861,-1.4515,1.3591
278.83,2015.5,2354.7,-1.3059,-2988.6,-867.73,5.51e+05,724197,1,-530.81,2115.9,1897.8,-1445.6,688.18,-273.47,-2148.5,717.48,-733.83,4082.6,284135,413,1752,339,-0.94694,-1.4515,1.3533
322.51,2014.6,2345.3,-1.5668,-2994.7,-833.68,5.5454e+05,722947,1,-635.74,2126.9,1806.2,-1442.5,678.58,-278.82,-2184.8,709.83,-758.12,4081.8,284120,413,1752,339,-0.94366,-1.4414,1.3664
452.74,2020.7,2338.9,-1.226,-3033.7,-745.2,5.5028e+05,719137,1,-481.26,2285.1,1982.5,-1496.8,682.84,-319.05,-2226.7,791.05,-701.22,4274.1,286903,413,1752,339,-0.94147,-1.4106,1.3997
499.74,2018.6,2329.5,-1.9645,-3041.4,-707.97,5.5581e+05,717851,1,-704.59,2333.3,1845.4,-1420.1,711.19,-238,-2310,839,-701.76,4296.3,287139,413,1752,339,-0.93763,-1.4002,1.4126
493.33,2032.9,2353.1,-1.2554,-3062.9,-729.58,5.5278e+05,717849,1,-582.07,2376.1,1973,-1506.4,705.86,-311,-2287.1,851.23,-691.35,4378.9,287989,413,1752,339,-0.94628,-1.4002,1.4068
541.42,2031.4,2344.8,-1.9811,-3072.3,-691.97,5.5769e+05,716555,1,-807.83,2423,1838,-1391.8,725.97,-212.02,-2323.8,887.4,-671.75,4364.6,287854,413,1752,339,-0.94236,-1.3897,1.4198
361.04,2026.6,2358,-1.7104,-3021.1,-818.8,5.5188e+05,721685,1,-737.83,2217.3,1798.4,-1470.7,685.79,-302.36,-2258.7,761.86,-768.23,4206.2,286029,413,1752,339,-0.94866,-1.4311,1.3737
400.65,2038.9,2371.8,-1.7537,-3049.2,-803.56,5.5355e+05,720413,1,-809.66,2276.2,1779.9,-1493.2,694.93,-317.91,-2325.1,804.46,-781.01,4299,287166,413,1752,339,-0.95364,-1.4209,1.3809
445.29,2035.8,2361.9,-1.0856,-3054.8,-767.94,5.5259e+05,719135,1,-660.52,2340.8,1912.8,-1549.8,705.25,-344.19,-2297.2,839.61,-718.24,4369.3,287915,413,1752,339,-0.95004,-1.4106,1.3939
441.09,2051.2,2386.2,-1.8242,-3078.2,-788.11,5.5414e+05,719133,1,-824.94,2341,1811.2,-1510.6,697.63,-332.13,-2341.5,841.22,-759.7,4368.9,287912,413,1752,339,-0.95857,-1.4106,1.388
584.37,2043.9,2360.4,-2.094,-3104,-675.23,5.5843e+05,715253,1,-813.79,2526.9,1903.3,-1363.6,700.23,-229.78,-2317.4,925.89,-646,4440.5,288633,413,1752,339,-0.94706,-1.3793,1.4268
-708.98,2096.4,2632.5,-0.34461,-2980.3,-1716.3,5.5128e+05,63535,1,-239.48,1593.5,2306.6,-1493.2,765.69,-275.16,-1932.8,792.59,-673.56,3943.5,281444,413,1752,339,-1.0342,-1.6442,1.0306
-673.58,2092.1,2622.2,-0.35031,-2978.3,-1684,5.4986e+05,62093,1,-237.41,1615,2305.6,-1490.4,759.21,-281.75,-1930.2,780.43,-683.93,3943.5,281446,413,1752,339,-1.0308,-1.6389,1.0425
-638.4,2087.8,2611.5,-0.41076,-2976.1,-1651.9,5.4895e+05,60655,1,-241.44,1627,2283.7,-1486.8,754.35,-278.45,-1930.7,771.13,-684.28,3943.5,281432,413,1752,339,-1.0273,-1.6334,1.0544
-603.3,2083.5,2601.1,-0.38592,-2974.3,-1620,5.5064e+05,59219,1,-241.49,1645.5,2280.5,-1483.6,750.77,-278.37,-1930.6,772.75,-674.09,3943.5,281438,413,1752,339,-1.0239,-1.6279,1.0662
-568.04,2079.2,2590.7,-0.39855,-2972.6,-1587.8,5.5201e+05,57785,1,-245.9,1664.8,2276,-1482.3,745.73,-279.75,-1939.1,770.72,-674.62,3943.5,281462,413,1752,339,-1.0204,-1.6223,1.078
-532.76,2074.8,2580.2,-0.44872,-2970.9,-1555.6,5.4996e+05,56355,1,-265.37,1688.5,2254.5,-1479.8,737.74,-287.25,-1966.8,760.03,-708.32,3943.5,281467,413,1752,339,-1.0168,-1.6167,1.0897
-497.96,2070.3,2568.8,-0.67289,-2968.3,-1523.8,5.4734e+05,54929,1,-299.93,1688.2,2193.7,-1477.6,734.01,-285.76,-2006.4,740.74,-762.15,3943.5,281466,413,1752,339,-1.0133,-1.611,1.1014
-464.37,2065.9,2556.4,-0.91919,-2964.8,-1493,5.4849e+05,53507,1,-340.97,1689.9,2128.1,-1462.1,730.76,-272.38,-2004.9,725.22,-772.78,3922.9,280913,413,1752,339,-1.0096,-1.6053,1.1131
-431.47,2061.8,2544.5,-0.87027,-2961.7,-1462.9,5.4858e+05,52089,1,-355.22,1703.8,2105.3,-1449.4,725.95,-263.99,-1981.9,721.56,-746.74,3894.2,280174,413,1752,339,-1.006,-1.5995,1.1247
-398.25,2057.6,2533,-0.7805,-2959.1,-1432.6,5.5015e+05,50673,1,-346.64,1722.6,2111.3,-1448.9,723.09,-265.37,-1981.2,722.88,-736.07,3902.2,280367,413,1752,339,-1.0023,-1.5936,1.1362
-364.97,2053.4,2521.4,-0.78915,-2956.5,-1402.2,5.5076e+05,49259,1,-343.57,1727.2,2094.4,-1448.2,719.56,-263.29,-1983.9,708.5,-744.85,3894.2,280172,413,1752,339,-0.99856,-1.5877,1.1478
-332.07,2049.3,2509.3,-0.88336,-2953.6,-1372.1,5.4835e+05,47849,1,-363.98,1726.8,2043.9,-1442.5,710.75,-268.1,-1998.1,672.8,-796.43,3876.8,279723,413,1752,339,-0.99479,-1.5817,1.1593
-299.99,2044.9,2496.1,-1.1256,-2949.5,-1342.7,5.4642e+05,46443,1,-401.99,1704.9,1950.1,-1440.6,705.94,-268.7,-2036.9,634.91,-867.48,3849.9,279059,413,1752,339,-0.99099,-1.5756,1.1707
-269.35,2040.7,2482,-1.3568,-2944.4,-1314.5,5.4641e+05,45041,1,-424.8,1706,1906.6,-1437.8,703.89,-267.19,-2044.9,627.74,-874.98,3834.2,278670,413,1752,339,-0.98714,-1.5695,1.1821
-238.97,2036.4,2468,-1.4134,-2939.4,-1286.5,5.4517e+05,43643,1,-437.03,1717.3,1893.2,-1433.6,698.17,-265.42,-2033.9,627.5,-852.99,3820.4,278310,413,1752,339,-0.98326,-1.5633,1.1935
-208.38,2032,2454.5,-1.3341,-2935,-1258.3,5.4737e+05,42249,1,-670.46,2114.1,2188.1,-1445.6,719.07,-246.34,-2235.3,968.4,-568.04,3943.5,281557,413,1752,339,-0.97935,-1.5571,1.2048
-159.48,2020.8,2437.6,-1.0057,-2931.3,-1207.8,5.4938e+05,735995,1,-600.37,2054.5,2126.5,-1464.2,703.06,-274.04,-2164.9,862.14,-628.44,3943.5,281540,413,1752,339,-0.9708,-1.5501,1.2206
-167.3,2033.4,2457.9,-1.263,-2949.5,-1226.7,5.4859e+05,735993,1,-678.01,2154.4,2205.4,-1452.7,712.74,-261.14,-2249,973.66,-567.92,3943.5,281555,413,1752,339,-0.97827,-1.5501,1.2147
-116.32,2021.6,2430.7,-0.83394,-2937.4,-1174.9,5.4751e+05,734903,1,-394.43,1836.4,1982.3,-1470.9,701.94,-278.91,-2016.6,666.13,-752.33,3907.4,280488,413,1752,339,-0.96915,-1.5405,1.234
14.656,2020.6,2405.9,-1.2068,-2952.8,-1073.6,5.4923e+05,731473,1,-454.21,1892.2,1897.8,-1470.5,692.82,-290.03,-2070.8,669.42,-771.16,3930.1,281101,413,1752,339,-0.96321,-1.5113,1.2741
6.7405,2034,2427.1,-1.2587,-2971.8,-1093.8,5.4923e+05,731471,1,-423.04,1907.9,1949.9,-1464.9,690.72,-298.54,-2084.3,682.03,-783.23,3969.4,282073,413,1752,339,-0.97101,-1.5113,1.2681
-81.352,2034.8,2443.4,-1.0025,-2961,-1161.7,5.4601e+05,733779,1,-408.34,1859.3,1967.2,-1471.5,694.43,-301.08,-2055.3,668.18,-791.93,3940.8,281367,413,1752,339,-0.97497,-1.5308,1.2414
-46.409,2047.6,2455.8,-1.0534,-2984.4,-1148.6,5.4281e+05,732633,1,-389.17,1870.2,1972.2,-1478.8,689.95,-321,-2071.6,672.74,-807.72,3962.5,281957,413,1752,339,-0.98075,-1.5211,1.2488
-1.9132,2047.1,2447.9,-1.1326,-2990.1,-1114.4,5.4747e+05,731469,1,-360.23,1906.5,2001.6,-1471.4,691.86,-314.75,-2066.4,692.69,-775.74,3983.1,282356,413,1752,339,-0.97877,-1.5113,1.2621
-11.469,2060.6,2468.6,-0.94416,-3008.2,-1135.9,5.4406e+05,731467,1,-365.58,1883.9,1984.1,-1486,696.12,-327.78,-2072.6,686.73,-799.89,3978.3,282248,413,1752,339,-0.9865,-1.5113,1.2561
50.088,2033.9,2419,-1.2006,-2977.6,-1060.6,5.5586e+05,730291,1,-509.12,1942.7,1889.8,-1471.2,712.89,-278.32,-2116,711.5,-767.97,3991,282503,413,1752,339,-0.96879,-1.5015,1.2814
92.879,2033.5,2410.6,-0.88767,-2983.1,-1027.8,5.5092e+05,729097,1,-483.37,1983,1921.7,-1499.7,700.06,-314.19,-2106.6,700.83,-767.01,4026.6,283220,413,1752,339,-0.9664,-1.4916,1.2947
137.93,2032.3,2402.4,-0.86413,-2989.2,-992.56,5.5117e+05,727889,1,-420.72,2007.2,1962.1,-1483.9,702.32,-299.45,-2085.1,705.13,-739.7,4029,283265,413,1752,339,-0.96385,-1.4817,1.308
226.38,2030.9,2385.3,-1.1302,-3001.9,-924.17,5.5602e+05,725437,1,-518.46,2092.4,1919.2,-1480.5,692.21,-304.92,-2139.8,729.49,-737.84,4092.6,284299,413,1752,339,-0.95826,-1.4616,1.3344
271.72,2029.3,2376.6,-1.1997,-3008.5,-888.59,5.5388e+05,724195,1,-543.19,2167.2,1949,-1465.4,688.55,-297.1,-2150.4,747.68,-719.16,4147.4,285165,413,1752,339,-0.95522,-1.4515,1.3475
264.96,2043.2,2398.7,-1.3363,-3028.6,-909.21,5.5531e+05,724193,1,-558.45,2178,1955.2,-1460.2,682.96,-309.72,-2166.5,767.13,-726.09,4169.2,285492,413,1752,339,-0.96347,-1.4515,1.3416
219.56,2044.7,2407.4,-1.2633,-3022,-944.61,5.5631e+05,725435,1,-526.53,2090.7,1916.2,-1460.5,696.88,-293.92,-2146.7,739.09,-745.76,4091,284271,413,1752,339,-0.96643,-1.4616,1.3285
174.82,2045.2,2415.4,-1.1004,-3014.8,-978.87,5.5094e+05,726667,1,-484.46,2044,1930,-1463.1,711.84,-281.77,-2114.2,735.5,-735.16,4051.6,283640,413,1752,339,-0.96922,-1.4717,1.3153
212.17,2058.1,2429.1,-1.1415,-3041.3,-965.23,5.5185e+05,725433,1,-498.63,2085.8,1937.6,-1459.2,711.64,-288.78,-2144.6,766.7,-733.11,4098.4,284373,413,1752,339,-0.97456,-1.4616,1.3225
317.46,2027.8,2367.7,-1.6049,-3015.2,-852.7,5.5054e+05,722945,1,-681.01,2204.5,1854,-1432.3,692.67,-270.02,-2218.7,762.14,-746.91,4174.5,285560,413,1752,339,-0.95202,-1.4414,1.3606
311.49,2041.6,2390.5,-1.5329,-3036.1,-872.83,5.5328e+05,722943,1,-598.4,2235,1956,-1444.1,683.17,-296.91,-2193.6,789.66,-715.44,4215.1,286152,413,1752,339,-0.96035,-1.4414,1.3547
487.04,2048.6,2377.3,-1.2904,-3085.5,-751.89,5.5583e+05,717847,1,-736.05,2416.3,1912.5,-1544.1,707.97,-344.6,-2339.8,875.74,-719.6,4440.5,288629,413,1752,339,-0.9549,-1.4002,1.401
535.94,2045.2,2368.5,-1.4135,-3093.9,-712.77,5.541e+05,716553,1,-676.23,2482.3,1979.8,-1459.8,698.14,-297.37,-2300.2,896.9,-667.58,4440.5,288628,413,1752,339,-0.95106,-1.3897,1.4139
357.26,2040.5,2381.8,-1.9001,-3043.6,-837.32,5.5371e+05,721683,1,-752.72,2252.9,1830.6,-1440.3,709.28,-265.58,-2282.5,805.79,-753.96,4250.8,286611,413,1752,339,-0.95708,-1.4311,1.3678
397.54,2053,2396.3,-2.0893,-3072.4,-821.9,5.5289e+05,720411,1,-774.52,2292.3,1829.2,-1409.9,696.38,-266.81,-2292,823.37,-753.29,4271.2,286878,413,1752,339,-0.96209,-1.4209,1.375
-484.5,2089.5,2593.2,-0.58324,-2996.5,-1531.8,5.4685e+05,54927,1,-286.96,1703.4,2214.2,-1472.8,735.41,-295.05,-1993,749.31,-757.04,3943.5,281469,413,1752,339,-1.0231,-1.6048,1.1014
-450.36,2084.8,2580.9,-0.89035,-2993.1,-1500.5,5.4765e+05,53505,1,-331.93,1706.9,2148.4,-1464.7,734.01,-287.14,-2023.1,741.72,-787.43,3943.5,281463,413,1752,339,-1.0195,-1.599,1.1131
-417.27,2080.5,2568.6,-0.95661,-2989.7,-1470.3,5.4954e+05,52087,1,-356.91,1719.8,2114,-1452.3,732.08,-274.63,-2006.3,740.92,-762.6,3928.1,281045,413,1752,339,-1.0158,-1.5933,1.1247
-384.09,2076.2,2556.9,-0.83817,-2987,-1440,5.4911e+05,50671,1,-360.9,1740.6,2110.2,-1447,728.33,-271.34,-1995.8,739.98,-743.88,3923.6,280925,413,1752,339,-1.0121,-1.5874,1.1362
-350.76,2071.9,2545.1,-0.85341,-2984.4,-1409.6,5.5141e+05,49257,1,-362.74,1751.6,2097.9,-1444.2,721.92,-273.07,-1996.4,721.7,-758.63,3919.8,280812,413,1752,339,-1.0083,-1.5815,1.1478
-317.76,2067.5,2532.7,-0.98666,-2981.2,-1379.4,5.4902e+05,47847,1,-388.78,1758.8,2051.5,-1438.9,713.76,-279.35,-2015,694.92,-804.92,3911.8,280571,413,1752,339,-1.0045,-1.5755,1.1593
-285.76,2063.1,2519.6,-1.1043,-2977.3,-1350.1,5.4719e+05,46441,1,-411.7,1733.2,1971.8,-1434.3,707.75,-277.07,-2028,649.43,-862.53,3869.7,279537,413,1752,339,-1.0006,-1.5695,1.1707
-254.94,2058.7,2505.4,-1.3543,-2972.1,-1321.7,5.4554e+05,45039,1,-426.22,1718.2,1916.7,-1429.9,704.65,-272.54,-2033.6,630.05,-880.71,3838.1,278758,413,1752,339,-0.99676,-1.5634,1.1821
-224.42,2054.4,2491.5,-1.3246,-2967.3,-1293.6,5.4456e+05,43641,1,-665.47,2090.5,2174.9,-1448.5,726.97,-257.49,-2258.9,977.23,-607.34,3943.5,281558,413,1752,339,-0.99284,-1.5573,1.1935
-175.61,2045.8,2478.3,-1.2185,-2967.4,-1246,5.4496e+05,735991,1,-674.28,2140.2,2195.6,-1447.6,727.48,-248,-2267.8,998.34,-567.63,3943.5,281556,413,1752,339,-0.98571,-1.5501,1.2086
-183.86,2057.9,2498.4,-1.2781,-2985.1,-1265,5.4216e+05,735989,1,-619.57,2074.1,2161.4,-1448.1,728.56,-257.18,-2231.4,950.34,-615.97,3943.5,281548,413,1752,339,-0.99311,-1.5501,1.2026
-124.56,2034.4,2450.9,-1.1115,-2955.3,-1194.5,5.5153e+05,734901,1,-464.16,1849.1,1950.3,-1455.4,707.59,-269.75,-2060.3,693.29,-768.92,3930.2,281107,413,1752,339,-0.9767,-1.5405,1.2281
-132.7,2046.7,2471,-1.2067,-2973.1,-1213.8,5.4832e+05,734899,1,-445.2,1838.2,1956.2,-1439.8,707.65,-267.56,-2063,698.08,-781.13,3926.3,280993,413,1752,339,-0.98422,-1.5405,1.222
-141.61,2059.1,2491.1,-1.0993,-2990.6,-1233.7,5.4326e+05,734897,1,-420.59,1809.7,1952,-1434.7,708.81,-272.06,-2053.9,691.24,-799.9,3926.3,280994,413,1752,339,-0.9917,-1.5405,1.216
-89.554,2047.6,2463.8,-1.1987,-2979.2,-1181.4,5.5015e+05,733777,1,-448.08,1848.7,1939.1,-1452,707.34,-276.5,-2063.9,689.98,-784.81,3926.3,280992,413,1752,339,-0.98257,-1.5308,1.2354
42.683,2046.9,2440.1,-1.3037,-2996.5,-1080.3,5.4922e+05,730289,1,-448.81,1959.2,1963,-1454.6,703.55,-285.63,-2102.3,720.62,-761.46,4011.9,282905,413,1752,339,-0.97663,-1.5015,1.2755
33.586,2060.1,2461,-0.9732,-3014.7,-1101.4,5.5008e+05,730287,1,-355.42,1946.4,2024.1,-1458.1,697.96,-305.19,-2062.8,717.12,-750.96,4006.4,282764,413,1752,339,-0.98444,-1.5015,1.2695
-55.056,2061,2476.8,-1.1192,-3003.1,-1169.1,5.5066e+05,732631,1,-429.17,1855.3,1929.4,-1471,709.37,-301.56,-2084.9,688.55,-815.43,3948.8,281670,413,1752,339,-0.9884,-1.5211,1.2428
23.737,2073.5,2481.5,-0.83233,-3032.5,-1123.4,5.4499e+05,730285,1,-346.29,1913.6,2006.7,-1484.4,696.94,-335.76,-2060.6,702.44,-781.82,3995.2,282584,413,1752,339,-0.99221,-1.5015,1.2634
-20.55,2074.1,2489.5,-1.0624,-3026.7,-1157,5.4775e+05,731465,1,-424.89,1880.4,1930.4,-1483.3,704.83,-329.24,-2087.6,690.3,-827.57,3970.8,282096,413,1752,339,-0.99419,-1.5113,1.25
86.138,2047.3,2432.3,-1.3419,-3003,-1047.5,5.5614e+05,729095,1,-550.72,1992.8,1887.7,-1450.9,704.21,-283.55,-2135.2,721.49,-781.79,4026.2,283214,413,1752,339,-0.97432,-1.4916,1.2888
79.111,2060,2453.7,-1.3361,-3022,-1066.9,5.5055e+05,729093,1,-452.6,1989.3,1969.4,-1424.7,701.26,-275.39,-2088.3,729.33,-751.21,4011.9,282906,413,1752,339,-0.98221,-1.4916,1.2828
129.93,2046.2,2423.6,-1.1479,-3008.3,-1013.6,5.4837e+05,727887,1,-524.89,2040.8,1928,-1478.2,690.08,-320.04,-2128.9,724.41,-767.54,4070.3,283922,413,1752,339,-0.97185,-1.4817,1.302
123.12,2059.9,2445.4,-1.4996,-3028.2,-1033.5,5.5253e+05,727885,1,-559.52,2030.6,1900.7,-1450.1,687.16,-308.5,-2142,723.47,-789.63,4056.4,283721,413,1752,339,-0.97982,-1.4817,1.296
167.35,2058.8,2437,-1.259,-3034.2,-999.51,5.484e+05,726665,1,-516.82,2053.6,1919.9,-1465.2,705.45,-300.66,-2136.6,749.82,-751.69,4074,283976,413,1752,339,-0.97727,-1.4717,1.3093
257.99,2057.1,2420.9,-1.3546,-3048.6,-929.93,5.5417e+05,724191,1,-505.88,2153,1972.7,-1455.4,685.01,-316.03,-2161.9,775.97,-732.3,4157.2,285314,413,1752,339,-0.97168,-1.4515,1.3357
305.03,2055.4,2413,-1.4729,-3056.5,-893.27,5.5477e+05,722941,1,-570.96,2240.2,1984.1,-1437.8,672.92,-313.45,-2192.5,806.62,-712.55,4217.9,286182,413,1752,339,-0.96865,-1.4414,1.3488
297.35,2069.2,2435.3,-1.2282,-3076.3,-914.75,5.5403e+05,722939,1,-484.17,2209.1,2018.1,-1446.1,674.1,-326.72,-2155.9,800.17,-706.73,4198.5,285886,413,1752,339,-0.97691,-1.4414,1.3429
204.69,2071.7,2450.9,-1.1828,-3060.8,-985.98,5.4994e+05,725431,1,-527.15,2081.6,1917.5,-1454.1,719.48,-286.65,-2154.6,785.42,-736.38,4099.2,284382,413,1752,339,-0.98266,-1.4616,1.3165
250.14,2071,2443.2,-1.128,-3068.5,-951.39,5.524e+05,724189,1,-494.96,2126.9,1956.8,-1464.9,696.96,-318.56,-2169.9,777.81,-749.91,4148.1,285179,413,1752,339,-0.97986,-1.4515,1.3297
242.53,2084.8,2465.3,-1.1296,-3088.2,-972.59,5.5153e+05,724187,1,-528.59,2115.2,1924.8,-1462.2,717.79,-304.19,-2169,793.94,-748.36,4135.2,284998,413,1752,339,-0.988,-1.4515,1.3237
352.18,2053.9,2405.2,-1.7187,-3064.9,-856.69,5.5228e+05,721681,1,-631.28,2267.1,1932.7,-1412.4,690.72,-275.3,-2224.9,814.25,-720.96,4237.2,286442,413,1752,339,-0.96545,-1.4311,1.3619
345.01,2067.3,2427.5,-1.2972,-3084.7,-877.71,5.5391e+05,721679,1,-506.72,2242.5,2005.7,-1432.1,686.78,-303.87,-2170.8,822.67,-691.04,4217.9,286183,413,1752,339,-0.97379,-1.4311,1.356
392.51,2065.8,2419.4,-1.7401,-3093.2,-841.03,5.5027e+05,720409,1,-626.71,2308.1,1951.5,-1394,691.08,-271.27,-2234.9,844.65,-707.92,4269.9,286854,413,1752,339,-0.97051,-1.4209,1.3691
-436.5,2103.8,2605.4,-0.74441,-3021.5,-1508.5,5.4668e+05,53503,1,-301.67,1710,2170.4,-1463.7,737.36,-295.58,-2005.2,745.57,-783.56,3943.5,281465,413,1752,339,-1.0293,-1.5928,1.1131
-402.9,2099.2,2592.9,-0.9536,-3018.1,-1477.8,5.484e+05,52085,1,-330.59,1732,2140.7,-1453.2,736.4,-288.8,-2009.9,753.18,-773.61,3943.5,281459,413,1752,339,-1.0255,-1.587,1.1247
-369.61,2094.8,2581.1,-0.87827,-3015.3,-1447.4,5.5039e+05,50669,1,-360.81,1750.6,2113.7,-1445.9,732.77,-277.81,-2007,753.85,-752.18,3940.7,281364,413,1752,339,-1.0218,-1.5812,1.1362
-336.2,2090.4,2569.1,-0.89585,-3012.6,-1416.9,5.5019e+05,49255,1,-367.22,1774.7,2107.2,-1444.3,726.51,-284.73,-2019.1,745.11,-768.83,3943.5,281475,413,1752,339,-1.018,-1.5753,1.1478
-302.99,2085.9,2556.7,-1.0113,-3009.5,-1386.6,5.4942e+05,47845,1,-394.17,1775.4,2058.9,-1443.6,721.02,-286.83,-2047,722.14,-812.99,3943.5,281454,413,1752,339,-1.0141,-1.5693,1.1593
-270.82,2081.3,2543.3,-1.2352,-3005.3,-1357.1,5.4667e+05,46439,1,-427.2,1766.8,1995.4,-1437.2,713.15,-288.58,-2058.7,682.97,-866.33,3924.1,280939,413,1752,339,-1.0102,-1.5633,1.1707
-239.97,2076.7,2528.7,-1.4794,-2999.9,-1328.7,5.4664e+05,45037,1,-656.21,2058.9,2155,-1446.8,737.33,-260.24,-2260,958.52,-662.83,3943.5,281554,413,1752,339,-1.0063,-1.5573,1.1821
-200.75,2082.6,2539.4,-1.461,-3021.1,-1303.5,5.4023e+05,735985,1,-709.55,2114.8,2154.6,-1459.7,749.17,-258.48,-2313.2,1022.5,-621.74,3943.5,281563,413,1752,339,-1.0078,-1.5501,1.1903
-192.81,2070.2,2518.7,-1.1524,-3002.7,-1284.6,5.4412e+05,735987,1,-666.63,2106.5,2172.8,-1458.6,737.24,-264.88,-2279.3,996.84,-612.78,3943.5,281559,413,1752,339,-1.0005,-1.5501,1.1964
-150.39,2071.4,2511.2,-1.1131,-3008.1,-1253.4,5.4576e+05,734895,1,-414.32,1789.4,1936.1,-1445.9,718.63,-279.16,-2061.1,694.57,-817.99,3926.3,280995,413,1752,339,-0.99914,-1.5405,1.2099
-159.2,2084,2531.7,-1.1784,-3026.1,-1273.2,5.45e+05,734893,1,-450.08,1786.9,1911.7,-1451,724.6,-284.45,-2083.5,696.39,-849.19,3926.3,280996,413,1752,339,-1.0065,-1.5405,1.2037
-97.995,2060.1,2484.3,-1.1491,-2997.1,-1201.1,5.5011e+05,733775,1,-430,1846.1,1949,-1442.3,718.32,-267.21,-2069.3,706.41,-786.31,3931.7,281133,413,1752,339,-0.99013,-1.5308,1.2294
-106.95,2072.5,2504.4,-1.0572,-3014.6,-1221.2,5.4469e+05,733773,1,-406.39,1849.7,1980.8,-1440.3,722.11,-271.17,-2060.1,718.89,-780.17,3943.2,281422,413,1752,339,-0.99766,-1.5308,1.2233
-116.2,2085.1,2524.7,-1.0005,-3032.1,-1241.6,5.4934e+05,733771,1,-414.7,1830.1,1963.9,-1447.5,726.14,-280.28,-2064.4,720.1,-797.38,3936.4,281239,413,1752,339,-1.0051,-1.5308,1.2171
69.82,2072.9,2474.4,-0.92792,-3039.8,-1088.2,5.494e+05,729091,1,-345.34,1995.6,2063.8,-1432.2,686.72,-308.35,-2034.5,723.33,-732.48,4022.2,283135,413,1752,339,-0.99007,-1.4916,1.2767
59.446,2086.2,2494.5,-0.73573,-3056.9,-1110.6,5.4348e+05,729089,1,-339.47,1978.1,2055.2,-1464.2,684.38,-346.53,-2031.5,715.83,-755.26,4024.2,283173,413,1752,339,-0.99788,-1.4916,1.2706
-63.25,2073.7,2497.6,-1.1933,-3021.4,-1188.9,5.4997e+05,732629,1,-439.33,1864.3,1940.4,-1440.6,728.9,-265.36,-2077.7,716.07,-795.27,3946.2,281624,413,1752,339,-0.996,-1.5211,1.2367
-28.572,2087.3,2510.8,-1.283,-3045.7,-1177.1,5.4877e+05,731463,1,-480.41,1889,1907.9,-1447.5,716.96,-294.59,-2104.3,702.86,-840.88,3970.5,282090,413,1752,339,-1.0018,-1.5113,1.2439
14.361,2087.2,2502.3,-0.98761,-3050.8,-1144.9,5.4555e+05,730283,1,-444.87,1920.6,1934.6,-1475.5,698.14,-341.32,-2081.1,701.44,-819.38,3988,282455,413,1752,339,-0.99994,-1.5015,1.2573
6.7437,2100.4,2523.7,-1.4602,-3069.8,-1164.8,5.4446e+05,730281,1,-543.47,1936,1885.3,-1440.4,703.95,-315.08,-2126.5,712.08,-858.24,4004.1,282734,413,1752,339,-1.0076,-1.5015,1.2511
115.9,2072.7,2467.1,-1.4019,-3047.4,-1053.3,5.4952e+05,727883,1,-494.95,2032.9,1953.7,-1391.4,684.4,-279.17,-2087.1,730.28,-758.71,4017.7,283031,413,1752,339,-0.98776,-1.4817,1.29
106.88,2085.3,2487.6,-1.05,-3064.9,-1074.4,5.4777e+05,727881,1,-359.53,2039,2077,-1411.7,679.78,-310.42,-2026.4,735.1,-723.49,4040.1,283427,413,1752,339,-0.99566,-1.4817,1.2839
160.37,2072.3,2458.9,-1.4566,-3054,-1019.6,5.5068e+05,726663,1,-552.54,2051.8,1901.7,-1421.9,693.67,-291.65,-2136.3,750.81,-767.75,4054.2,283685,413,1752,339,-0.98529,-1.4717,1.3033
197.56,2085.1,2472.8,-1.3176,-3080.3,-1006.3,5.5046e+05,725429,1,-557.96,2083.5,1899.4,-1433.3,722.65,-277.58,-2162.8,796.83,-746.06,4096.7,284347,413,1752,339,-0.99072,-1.4616,1.3104
288.57,2083.2,2457,-1.0021,-3095.4,-937.23,5.4969e+05,722937,1,-454.51,2161.2,1995.1,-1474.1,688.63,-343.84,-2149.3,786.77,-735.65,4171.7,285523,413,1752,339,-0.98513,-1.4414,1.3368
336.39,2081.1,2449.3,-1.0005,-3103.7,-900.18,5.5382e+05,721677,1,-405.78,2210.3,2049.1,-1465.2,694.57,-331.49,-2131.8,819.09,-685.41,4203.9,286003,413,1752,339,-0.98209,-1.4311,1.35
235.41,2098.2,2487.4,-1.2505,-3107.9,-993.13,5.5066e+05,724185,1,-570.8,2117.8,1901.4,-1435.3,735.14,-275.22,-2178.4,815.98,-748.02,4132,284959,413,1752,339,-0.99611,-1.4515,1.3176
280.42,2097.5,2479.3,-1.1243,-3115.2,-959.33,5.4945e+05,722935,1,-524.43,2141.4,1927.5,-1481.2,707.77,-338.9,-2180.8,787.79,-774.74,4166.9,285459,413,1752,339,-0.99331,-1.4414,1.3308
273.64,2111.5,2502.1,-1.3844,-3135.8,-980.08,5.5033e+05,722933,1,-608.87,2157.8,1889.1,-1440.1,720.17,-303.49,-2199.1,808.62,-780.62,4168.9,285488,413,1752,339,-1.0015,-1.4414,1.3247
384.83,2079.7,2442.3,-1.1647,-3113.4,-862.96,5.5654e+05,720407,1,-504.08,2295.6,2029.8,-1431.7,693.84,-303.29,-2195.1,849.57,-688.12,4275.6,286913,413,1752,339,-0.97889,-1.4209,1.3631
376.13,2093.8,2464.4,-0.8793,-3132.7,-885.81,5.5893e+05,720405,1,-398.4,2263.2,2077.2,-1464.9,703.03,-329.49,-2136.5,850.33,-663.55,4251.2,286616,413,1752,339,-0.98724,-1.4209,1.3571
-423.01,2122.8,2629.6,-0.5803,-3049.4,-1516.9,5.4782e+05,53501,1,-256.69,1718.1,2209.4,-1455.2,738.17,-306.28,-1957.3,746.81,-762.41,3943.5,281471,413,1752,339,-1.039,-1.5864,1.1131
-388.84,2118,2617.3,-0.80917,-3046.3,-1485.7,5.4778e+05,52083,1,-295.48,1730.2,2160,-1449.2,738.16,-296.59,-1988,752.54,-772.24,3943.5,281452,413,1752,339,-1.0353,-1.5807,1.1247
-355.18,2113.5,2605.3,-0.83703,-3043.6,-1455.1,5.5132e+05,50667,1,-318.84,1747.5,2132.8,-1444,738.08,-287.84,-1992.6,758.45,-757.51,3941.7,281391,413,1752,339,-1.0315,-1.5749,1.1362
-321.61,2108.9,2593.3,-0.85922,-3040.9,-1424.5,5.5152e+05,49253,1,-333.29,1769.9,2121.2,-1443.8,733.23,-290.29,-2005.3,754.46,-763.9,3943.5,281457,413,1752,339,-1.0276,-1.569,1.1478
-288.07,2104.3,2581.1,-0.94366,-3038.1,-1393.9,5.4939e+05,47843,1,-363.97,1781.4,2083.9,-1445.2,727.13,-294.94,-2039.5,737.58,-805.55,3943.5,281487,413,1752,339,-1.0237,-1.5631,1.1593
-255.4,2099.4,2567.5,-1.3033,-3033.9,-1363.9,5.482e+05,46437,1,-699.58,2206.6,2323,-1450.7,745.55,-272.05,-2342,1107.9,-567.29,3943.5,281566,413,1752,339,-1.0198,-1.5571,1.1707
-209.02,2094.7,2560.4,-1.4023,-3039.5,-1322.4,5.4631e+05,735983,1,-714.14,2102.7,2140.7,-1450.9,756.39,-254.98,-2327.4,1016.4,-664.24,3943.5,281567,413,1752,339,-1.0151,-1.5501,1.1841
-167.11,2096.4,2552.7,-1.4296,-3044.6,-1292.2,5.4168e+05,734891,1,-506.46,1785.7,1866.6,-1452.5,735.51,-285.2,-2134,709.91,-895.77,3939.8,281337,413,1752,339,-1.0139,-1.5405,1.1975
-125.15,2097.6,2545,-1.1302,-3049.7,-1261.6,5.4519e+05,733769,1,-439.06,1817,1928,-1454.2,733.71,-290.13,-2088,724.18,-832.83,3940.4,281350,413,1752,339,-1.0126,-1.5308,1.2109
-72.066,2086.1,2518.1,-1.0608,-3039.1,-1209,5.4687e+05,732627,1,-411.29,1875.8,1983.3,-1442.9,732.65,-271.23,-2071.4,733.13,-783.14,3969.3,282067,413,1752,339,-1.0036,-1.5211,1.2305
-81.465,2098.9,2538.6,-0.96873,-3056.8,-1229.7,5.5018e+05,732625,1,-406.03,1873.4,1992,-1447.5,733.45,-284.15,-2070.8,742.08,-788.2,3977,282220,413,1752,339,-1.0111,-1.5211,1.2244
49.912,2099.9,2515.1,-0.99953,-3075,-1132.5,5.4216e+05,729087,1,-466.76,1962.3,1942.9,-1470,688.15,-357.31,-2087,713.13,-818.93,4017.5,283020,413,1752,339,-1.0057,-1.4916,1.2645
96.355,2098.6,2507.7,-0.78801,-3082,-1097,5.4249e+05,727879,1,-345.33,2046.2,2101.2,-1451.4,675.97,-356.12,-2031.7,742.75,-734.54,4078.1,284032,413,1752,339,-1.0035,-1.4817,1.2778
86.419,2112.4,2528.5,-0.96933,-3100,-1119.5,5.4174e+05,727877,1,-473.54,2027.2,1984.8,-1469.7,686.81,-368.59,-2104.9,753.98,-795.93,4083.3,284144,413,1752,339,-1.0113,-1.4817,1.2716
-36.853,2099.9,2531.8,-1.216,-3064,-1197,5.4789e+05,731461,1,-450.16,1916,1974.8,-1427.1,727.49,-275.5,-2084.7,737.61,-799.98,3993.1,282544,413,1752,339,-1.0095,-1.5113,1.2377
-0.82541,2113.3,2545.5,-1.5343,-3089.1,-1184.4,5.4546e+05,730279,1,-520.53,1963.5,1945.8,-1412.1,708.12,-295.31,-2117,730.65,-842.48,4027.4,283235,413,1752,339,-1.0153,-1.5015,1.2449
42.711,2113.4,2537,-1.5935,-3094.7,-1152.3,5.4416e+05,729085,1,-586.6,1970.2,1862,-1436.4,693.24,-333.05,-2136.5,722.55,-861.41,4022,283130,413,1752,339,-1.0134,-1.4916,1.2583
36.205,2126,2559.1,-1.8806,-3114.3,-1171.1,5.4249e+05,729083,1,-584.86,2006.7,1914,-1383.8,694.03,-301.58,-2149.5,750.82,-858.43,4054.7,283692,413,1752,339,-1.0211,-1.4916,1.252
153.11,2085,2480.3,-1.433,-3072.8,-1039.5,5.4628e+05,726661,1,-492.63,2053.6,1952.8,-1384.3,693.07,-273.75,-2088,755.33,-741.94,4028.1,283244,413,1752,339,-0.99327,-1.4717,1.2972
144.41,2097.7,2501.2,-1.1363,-3090.7,-1060.5,5.4946e+05,726659,1,-424.37,2075.2,2035.4,-1397.2,697.29,-287.21,-2065.5,774.36,-716.51,4065.6,283851,413,1752,339,-1.0012,-1.4717,1.2911
134.17,2110.9,2521.6,-0.86548,-3108,-1083.1,5.4567e+05,726657,1,-360.82,2095.1,2116.1,-1454.4,694.67,-346.84,-2069.5,797.7,-711.97,4140.3,285084,413,1752,339,-1.0091,-1.4717,1.2849
190.49,2097.9,2494.5,-1.3286,-3099.5,-1026.3,5.4971e+05,725427,1,-528.96,2086.1,1937.5,-1398.7,723.45,-258.69,-2130.2,807.28,-724.71,4080.1,284092,413,1752,339,-0.99874,-1.4616,1.3043
228.52,2111.4,2509.7,-1.2986,-3127.6,-1013.3,5.519e+05,724183,1,-583.52,2136.7,1918.1,-1408.8,744,-255.18,-2181.4,845.12,-734.9,4147.4,285173,413,1752,339,-1.0042,-1.4515,1.3114
327.13,2095.5,2471.1,-0.86985,-3122.8,-923.42,5.5226e+05,721675,1,-435.39,2196.7,2018,-1494.6,701.81,-354.14,-2151.5,819.15,-713.43,4212.8,286129,413,1752,339,-0.99036,-1.4311,1.3439
319.04,2110.1,2493.5,-1.165,-3142.8,-945.8,5.4933e+05,721673,1,-555.93,2198,1935.9,-1462.5,695.84,-347.12,-2173.7,808.73,-757.53,4193.4,285831,413,1752,339,-0.99858,-1.4311,1.3378
366.64,2108.1,2486.1,-0.74081,-3151.6,-909.42,5.5543e+05,720403,1,-436.6,2233.8,2032.3,-1475.7,705.3,-344.11,-2133.7,839.23,-687.88,4223.1,286244,413,1752,339,-0.99555,-1.4209,1.351
-444.95,2146.5,2664.4,-0.35246,-3078.6,-1557.8,5.5024e+05,54921,1,-223.74,1730.4,2274.4,-1445.5,740.69,-315.79,-1895.8,764.57,-711.48,3943.5,281473,413,1752,339,-1.0525,-1.5857,1.1014
-409.66,2141.6,2653.1,-0.49989,-3076.6,-1525.7,5.4772e+05,53499,1,-242.32,1731.5,2229.7,-1443.6,737.55,-313.23,-1920.3,748.09,-747.23,3943.5,281429,413,1752,339,-1.0487,-1.58,1.1131
-375.19,2136.7,2641.1,-0.66713,-3073.9,-1494.2,5.4751e+05,52081,1,-268.2,1731.2,2177.4,-1439.5,737.66,-304.02,-1943.8,742.39,-766.02,3941.7,281393,413,1752,339,-1.0449,-1.5743,1.1247
-341.27,2132.1,2629.2,-0.69369,-3071.3,-1463.4,5.4981e+05,50665,1,-281.89,1745,2148.5,-1429.3,737.15,-294.71,-1940.2,743.75,-754.36,3941.7,281392,413,1752,339,-1.0411,-1.5685,1.1362
-307.46,2127.5,2617.3,-0.7258,-3068.9,-1432.7,5.5194e+05,49251,1,-295.29,1759.6,2130.9,-1438.5,737.65,-292.98,-1976.1,752.56,-757.53,3941.7,281395,413,1752,339,-1.0372,-1.5627,1.1478
-273.68,2122.8,2605.3,-0.75752,-3066.5,-1402,5.5137e+05,47841,1,-564.87,2187.5,2432.4,-1419.7,714.11,-306.42,-2213,1091,-508.16,3943.5,281564,413,1752,339,-1.0333,-1.5568,1.1593
-174.82,2108.9,2574.3,-1.57,-3063.7,-1311,5.4546e+05,734889,1,-532.21,1799.2,1870.4,-1434.1,743.71,-267.59,-2147.2,722.66,-906.1,3943.5,281568,413,1752,339,-1.0212,-1.5405,1.1913
-133.69,2110.4,2566.1,-1.2798,-3068.3,-1281.4,5.4307e+05,733767,1,-502.71,1793.1,1850.4,-1459.9,739.72,-298.23,-2139.6,718.95,-901.06,3945.4,281600,413,1752,339,-1.02,-1.5308,1.2047
-140.98,2122.9,2587.8,-1.6508,-3087.5,-1300.1,5.4438e+05,733765,1,-534.84,1791.5,1834.7,-1432.6,746.57,-272.46,-2153.4,724.83,-918.3,3943.5,281569,413,1752,339,-1.0274,-1.5308,1.1984
-90.822,2111.5,2559,-0.97121,-3074.4,-1250.3,5.4865e+05,732623,1,-425.58,1863,1968.2,-1450.2,738.87,-292.19,-2082.9,753.01,-804.38,3976.5,282210,413,1752,339,-1.0186,-1.5211,1.2181
-99.693,2124.1,2579.7,-1.1775,-3092.3,-1270.5,5.4263e+05,732621,1,-483.29,1839.7,1901.8,-1458.6,740.78,-303.03,-2127.7,746,-862.53,3978.8,282260,413,1752,339,-1.0261,-1.5211,1.2119
-46.008,2112.4,2552.4,-1.087,-3081.7,-1217.5,5.4877e+05,731459,1,-430.46,1939.1,2024,-1429.8,722.05,-294.71,-2076.3,755.91,-787.14,4024.5,283175,413,1752,339,-1.017,-1.5113,1.2315
-55.608,2125.2,2573,-1.0152,-3099.4,-1238.5,5.4887e+05,731457,1,-418.36,1927.8,2025.3,-1434.3,719.53,-311.86,-2074.9,757.45,-800.43,4023.1,283148,413,1752,339,-1.0246,-1.5113,1.2253
79.27,2126,2550.3,-1.669,-3119.6,-1139.5,5.4259e+05,727875,1,-636.15,2010.8,1842.8,-1421.5,701.3,-325.38,-2185.8,769.33,-862.84,4071.4,283940,413,1752,339,-1.0191,-1.4817,1.2654
123.92,2125,2542.7,-0.92643,-3126.1,-1106.1,5.4347e+05,726655,1,-461.67,2082.3,2028.8,-1485.3,697.51,-378.51,-2142.1,808.36,-773.75,4147.4,285167,413,1752,339,-1.017,-1.4717,1.2787
116.1,2138.9,2564.9,-1.4316,-3146,-1127,5.472e+05,726653,1,-579.52,2049.4,1902.2,-1464.4,715.21,-350.35,-2198.2,816.38,-823.49,4136.4,285018,413,1752,339,-1.0248,-1.4717,1.2724
-9.4295,2125.7,2566.7,-1.3219,-3107.3,-1204.6,5.4747e+05,730277,1,-458.33,1990.1,2034,-1398.2,702.51,-303.01,-2086.4,760.16,-801.47,4052.3,283657,413,1752,339,-1.0229,-1.5015,1.2387
27.909,2138.3,2580.7,-1.5522,-3132.8,-1191.1,5.443e+05,729081,1,-466.03,2028.2,2044.1,-1375.8,689.89,-310.21,-2102.2,772.76,-810.7,4056.4,283719,413,1752,339,-1.0288,-1.4916,1.2457
73.062,2138.8,2573.1,-1.9537,-3139.9,-1158.3,5.4467e+05,727873,1,-607.83,2012.2,1872.6,-1383.9,709.65,-293.47,-2189.4,783.1,-863.99,4072.3,283953,413,1752,339,-1.0269,-1.4817,1.2591
182.66,2110.7,2516,-1.2108,-3118.1,-1046.8,5.5401e+05,725425,1,-462,2129.6,2038.2,-1410,731.36,-271.58,-2119.4,848.26,-690.51,4145.8,285149,413,1752,339,-1.0067,-1.4616,1.2982
172.83,2123.7,2536.8,-0.85103,-3135.6,-1069.1,5.5178e+05,725423,1,-373.47,2143.8,2132.1,-1455.5,724.19,-324.15,-2106.8,863.36,-678.08,4147.4,285170,413,1752,339,-1.0147,-1.4616,1.292
-431.51,2165.3,2687.8,-0.3771,-3105.6,-1566.6,5.5083e+05,54919,1,-217.24,1739.9,2285.2,-1439.4,743.32,-322.32,-1885.7,774.54,-707.93,3943.5,281482,413,1752,339,-1.0622,-1.5792,1.1014
-396.02,2160.3,2676.4,-0.51599,-3103.7,-1534.3,5.489e+05,53497,1,-241.27,1749.2,2243.7,-1436.8,738.42,-322.33,-1912.9,758.58,-746.41,3943.5,281481,413,1752,339,-1.0584,-1.5735,1.1131
-361.37,2155.2,2664.4,-0.67933,-3101,-1502.7,5.4882e+05,52079,1,-279.22,1757.6,2183.3,-1425.1,732.74,-314.05,-1927.1,742.33,-770.41,3941.7,281394,413,1752,339,-1.0546,-1.5678,1.1247
-327.34,2150.4,2652.3,-0.7175,-3098.4,-1471.8,5.4881e+05,50663,1,-376.88,1918.1,2282.9,-1404.2,723.85,-304.4,-1976.9,868.35,-636.63,3943.5,281513,413,1752,339,-1.0507,-1.5621,1.1362
-293.72,2145.8,2640.5,-0.61664,-3096.1,-1441.3,5.5143e+05,49249,1,-577.68,2129.9,2361.2,-1399.4,709.26,-312.37,-2169.7,1044.6,-561.16,3943.5,281561,413,1752,339,-1.0468,-1.5563,1.1478
-382.29,2178.9,2699.9,-0.45116,-3130.9,-1543.1,5.4781e+05,53495,1,-224.3,1759,2261.4,-1431.1,740.75,-330.28,-1904.4,771.02,-741.64,3943.5,281490,413,1752,339,-1.068,-1.567,1.1131
-347.31,2173.8,2687.9,-0.66562,-3128.4,-1511.3,5.4763e+05,52077,1,-419.92,1957.6,2320.1,-1401.8,713.65,-338.35,-2058.4,909.17,-690.78,3943.5,281539,413,1752,339,-1.0642,-1.5613,1.1247
-312.79,2168.5,2675.4,-0.85044,-3125.5,-1479.8,5.4999e+05,50661,1,-568.64,2202.5,2487.4,-1389.6,708.79,-325.7,-2162.7,1113.5,-496.17,3943.5,281552,413,1752,339,-1.0603,-1.5556,1.1362
