"Cartesian Velocity:0","Cartesian Velocity:1","Cartesian Velocity:2","Spherical Velocity:0","Spherical Velocity:1","Spherical Velocity:2","Pressure","PointID","RegionId","GSV:0","GSV:1","GSV:2","GSV:3","GSV:4","GSV:5","GSV:6","GSV:7","GSV:8","magGSV","magGSV_Order","DescendingManifold","AscendingManifold","MorseSmaleManifold","Points:0","Points:1","Points:2"
-602.21,-4965.8,-3280.2,-0.77628,5796.8,-1475.9,5.6252e+05,418887,1,-977.53,-6392.5,-4284.7,8001.2,1603.2,3249.8,4419.9,-3551.2,-988.63,13056,331413,353,1148,4425,0.50767,1.1362,-1.8128
-263.06,-5448.6,-3365.2,-0.74048,6132.7,-1863.2,5.608e+05,421729,1,-1173.7,-7794.1,-5020.6,8745.1,1890.3,3361.2,4901.2,-3820.7,-1073.7,14656,333484,353,1148,4425,0.46642,1.1131,-1.8381
-411.67,-5308.5,-3371.2,-0.80496,6071.1,-1689.8,5.635e+05,420309,1,-1344.9,-7283,-4828.2,8767.4,1927.1,3466.8,4851,-3645.2,-979.26,14441,333220,353,1148,4425,0.47596,1.1247,-1.8286
-576.65,-5066.9,-3327.3,-0.644,5901.3,-1500.6,5.6227e+05,418889,1,-1144.6,-6639.4,-4466.9,8333.8,1707.2,3346.2,4602.7,-3559.3,-968.88,13554,332142,353,1148,4425,0.49654,1.1362,-1.8159
-678.41,-5041.6,-3383.2,-0.62759,5953.2,-1372.5,5.6049e+05,417475,1,-950.01,-6430.5,-4335.4,8297.9,1589.1,3280.9,4636.3,-3549.4,-978.75,13351,331826,353,1148,4425,0.49469,1.1478,-1.8092
-701.58,-4941,-3335.7,-0.68516,5848.8,-1350.4,5.6118e+05,417473,1,-768.7,-6311.4,-4230.5,7985.7,1522.4,3199,4479.4,-3553.5,-1010,12975,331316,353,1148,4425,0.50578,1.1478,-1.8061
-722.72,-4845,-3290.8,-0.61122,5749.4,-1330.4,5.6177e+05,417471,1,-643.88,-6092.6,-4062.8,7601.7,1409.6,3075.7,4259.3,-3554,-1041.9,12455,330586,353,1148,4425,0.51685,1.1478,-1.803
-834.98,-4733.6,-3304.9,-0.43303,5709.4,-1195.2,5.6086e+05,416059,1,-264.81,-5866.7,-3870.4,7136.3,1256.1,2904.8,4068.6,-3565.2,-1112,11871,329673,353,1148,4425,0.52592,1.1593,-1.793
-213.41,-5663,-3469.8,-0.22993,6367.7,-1899.3,5.6425e+05,421733,1,-826.5,-7815.4,-4912.7,8660.4,1841.2,3199.8,4936.5,-3861.5,-1138.1,14656,333470,353,1148,4425,0.44383,1.1131,-1.8437
-238.38,-5555.7,-3417.3,-0.56184,6249.6,-1882.1,5.6383e+05,421731,1,-965.87,-7850,-4983.5,8675.3,1892.8,3289.3,4905,-3831.8,-1103.7,14656,333478,353,1148,4425,0.45514,1.1131,-1.841
-355.96,-5525.5,-3475.6,-0.18085,6302.6,-1736.2,5.635e+05,420313,1,-973.28,-7440.9,-4802.7,8805.1,1820.6,3292.7,4980.6,-3747.3,-1066.4,14528,333317,353,1148,4425,0.45349,1.1247,-1.8343
-381.99,-5417.5,-3423.4,-0.30339,6186.3,-1715.9,5.6286e+05,420311,1,-1247.2,-7388.9,-4853.4,8793.3,1891.7,3392.7,4907.6,-3687.1,-1018.8,14520,333310,353,1148,4425,0.46474,1.1247,-1.8315
-495.09,-5389.2,-3481,-0.34407,6238.9,-1575.3,5.6222e+05,418895,1,-1049.4,-7192.8,-4745.6,8913.8,1760,3357.7,5034.2,-3687.6,-1019,14463,333252,353,1148,4425,0.46303,1.1362,-1.8247
-521.66,-5278.9,-3427.5,-0.5145,6122,-1551.8,5.6239e+05,418893,1,-1211,-7002,-4682.3,8867.1,1770.3,3411.3,4944.7,-3630.1,-977.41,14297,333072,353,1148,4425,0.47422,1.1362,-1.8219
-549.41,-5171.1,-3376.1,-0.62747,6009.3,-1526.2,5.6217e+05,418891,1,-1209.3,-6839.6,-4589.8,8602.1,1770.4,3395.1,4759.4,-3583.2,-968.63,13943,332656,353,1148,4425,0.48539,1.1362,-1.8189
-654.98,-5145.9,-3433.4,-0.54435,6062.4,-1394.4,5.6045e+05,417477,1,-913.23,-6602,-4427.5,8541.3,1629.6,3320.8,4812.7,-3581.6,-979.85,13697,332350,353,1148,4425,0.48358,1.1478,-1.8122
-781.14,-5016.6,-3439.9,-0.27295,6005.2,-1243.8,5.6003e+05,416065,1,-696.55,-6295.5,-4238.8,8204.2,1579.4,3258.7,4665.3,-3511.2,-982.78,13174,331588,353,1148,4425,0.49282,1.1593,-1.8023
-800.55,-4918,-3392.4,-0.38426,5901.9,-1226.3,5.6e+05,416063,1,-586.48,-6121.6,-4103.6,7847.9,1443.9,3131.8,4453.2,-3538.4,-1027.2,12710,330944,353,1148,4425,0.50387,1.1593,-1.7993
-818.59,-4823.6,-3347.3,-0.43445,5803.3,-1209.9,5.6039e+05,416061,1,-406.46,-5998.1,-3991.8,7512.5,1381,3040.6,4285.7,-3533.4,-1057.7,12314,330367,353,1148,4425,0.5149,1.1593,-1.7961
-912.93,-4801.8,-3403.3,-0.12555,5855.2,-1090.8,5.6053e+05,414655,1,-303.1,-5850.9,-3910.4,7367.5,1323.3,2981.1,4228.4,-3511.4,-1080,12079,330009,353,1148,4425,0.51293,1.1707,-1.7893
-927.52,-4713.7,-3361.4,-0.17412,5763.2,-1078.8,5.6118e+05,414653,1,-133.93,-5770.7,-3825.8,7041.6,1247.7,2879,4062.7,-3526.2,-1125.2,11730,329447,353,1148,4425,0.5239,1.1707,-1.7861
-940.52,-4629.3,-3321.8,-0.14643,5675.2,-1068.2,5.6157e+05,414651,1,-41.453,-5714.7,-3764.8,6783.8,1159.3,2796.1,3916.7,-3559.6,-1162.5,11462,328941,353,1148,4425,0.53485,1.1707,-1.7828
-952.94,-4547,-3283.4,-0.18668,5589.7,-1057.6,5.634e+05,414649,1,1.7234,-5660.7,-3723.4,6659.2,1093.8,2761.8,3855.2,-3581.5,-1173.8,11320,328633,353,1148,4425,0.54578,1.1707,-1.7795
-977.98,-4383.9,-3207.8,-0.34224,5422.1,-1032.5,5.6417e+05,414645,1,34.382,-5542.7,-3657.8,6585.4,992.04,2765.1,3816.5,-3600.2,-1161.1,11179,328323,353,1148,4425,0.56758,1.1707,-1.7727
-1078.4,-4287.5,-3228.1,-0.32316,5398.1,-909.22,5.5985e+05,413241,1,88.994,-5481.5,-3647.6,6537.2,944.24,2770.6,3807,-3597.4,-1168.3,11111,328140,353,1148,4425,0.5762,1.1821,-1.7623
-331.92,-5634.2,-3529.2,-0.065857,6421.6,-1752.8,5.6375e+05,420315,1,-841.52,-7552.9,-4819.1,8801.2,1748.9,3182.1,5017.1,-3819.6,-1130.3,14583,333370,353,1148,4425,0.44223,1.1247,-1.837
-471.21,-5498.7,-3535,-0.20975,6357.1,-1594,5.6241e+05,418897,1,-817.94,-7332.9,-4761.8,8926.2,1733.1,3284.6,5098.5,-3749.7,-1070.8,14531,333320,353,1148,4425,0.45182,1.1362,-1.8276
-587.09,-5470.8,-3593.8,-0.02668,6409.8,-1450.9,5.6341e+05,417483,1,-789.26,-7132,-4680,8852.8,1863.2,3361.1,5078.8,-3613.7,-1016.5,14367,333134,353,1148,4425,0.45014,1.1478,-1.8208
-609.49,-5361.8,-3539.5,-0.27122,6292.2,-1434,5.6255e+05,417481,1,-860.25,-6951.3,-4610.9,8888.4,1853,3421.4,5086,-3562.2,-964.09,14281,333058,353,1148,4425,0.46131,1.1478,-1.818
-632.36,-5252.7,-3485.6,-0.45798,6175.7,-1414.6,5.6167e+05,417479,1,-932.52,-6847.8,-4572.4,8799.6,1726,3381.9,4990.7,-3602.1,-978.71,14119,332866,353,1148,4425,0.47245,1.1478,-1.8151
-760.42,-5119.1,-3489.9,-0.17084,6113.1,-1262.3,5.6124e+05,416067,1,-778.07,-6486.3,-4364.7,8530.6,1708.6,3365.8,4862.3,-3496.2,-947.22,13620,332245,353,1148,4425,0.48176,1.1593,-1.8053
-859.21,-5092.1,-3544,-0.0071538,6159.3,-1136.5,5.6161e+05,414661,1,-689.68,-6150.8,-4187.6,8423.2,1613.5,3297.3,4829.6,-3429.5,-944.09,13276,331714,353,1148,4425,0.47991,1.1707,-1.7984
-878.65,-4991.4,-3494.8,-0.042343,6053.5,-1120,5.6056e+05,414659,1,-572.56,-6051.8,-4102.1,8090.7,1525.4,3206.2,4634.8,-3449,-981.93,12891,331207,353,1148,4425,0.49094,1.1707,-1.7954
-896.54,-4894.5,-3447.8,-0.074259,5952.1,-1104.8,5.6026e+05,414657,1,-436.7,-5956.8,-4012.4,7758.2,1434.5,3108.9,4451.3,-3475,-1023.5,12515,330678,353,1148,4425,0.50195,1.1707,-1.7924
-1005.4,-4780.9,-3459,-0.044142,5906.3,-974.03,5.5893e+05,413253,1,-190.29,-5759.1,-3873.8,7293.9,1299.5,2952.1,4223.8,-3479.6,-1097.3,11957,329821,353,1148,4425,0.51095,1.1821,-1.7823
-1018.8,-4694.2,-3417.6,-0.079387,5815.9,-963.82,5.5917e+05,413251,1,-50.612,-5675.3,-3786.6,6903,1194.8,2826.1,4002.2,-3514.4,-1157.5,11547,329106,353,1148,4425,0.52187,1.1821,-1.7792
-1031.2,-4611,-3378.4,-0.094486,5729.4,-954.54,5.5962e+05,413249,1,18.778,-5647.6,-3753.4,6718.7,1145.8,2778,3900.8,-3532.4,-1181.1,11369,328726,353,1148,4425,0.53278,1.1821,-1.7759
-1042.9,-4529.6,-3340.3,-0.13104,5645.3,-945.12,5.6082e+05,413247,1,58.393,-5610.3,-3723.3,6607.7,1088.3,2752.2,3843,-3554.8,-1192,11251,328477,353,1148,4425,0.54367,1.1821,-1.7726
-1054.6,-4448.9,-3302.7,-0.20876,5562.3,-934.63,5.6149e+05,413245,1,73.318,-5556.1,-3690.4,6572.5,1019.9,2749.1,3826.8,-3579,-1188.3,11187,328336,353,1148,4425,0.55453,1.1821,-1.7693
-1066.5,-4368.2,-3265.3,-0.28729,5479.9,-922.63,5.6088e+05,413243,1,79.865,-5526.7,-3674.1,6563.7,982.76,2759.5,3822.7,-3590.6,-1179.7,11163,328279,353,1148,4425,0.56538,1.1821,-1.7658
-1154.8,-4352.4,-3322.7,-0.20659,5536.9,-812.97,5.609e+05,411845,1,138.73,-5481.1,-3674.5,6522,983.43,2755.5,3819.7,-3567.5,-1197.6,11109,328134,353,1148,4425,0.56316,1.1935,-1.7589
-1166,-4272.4,-3285.7,-0.24559,5456,-800.8,5.6055e+05,411843,1,152.84,-5439.2,-3647.9,6511.4,935.48,2764.9,3817,-3581.8,-1187.1,11074,328039,353,1148,4425,0.57394,1.1935,-1.7554
-1177.2,-4192.7,-3248.9,-0.26783,5375.8,-787.41,5.5962e+05,411841,1,170.39,-5391.8,-3616.2,6468.3,891.99,2766.4,3796.2,-3590.2,-1178.9,11007,327858,353,1148,4425,0.5847,1.1935,-1.7518
-1273.9,-4100,-3270.3,-0.24535,5355.5,-667.8,5.5587e+05,410445,1,255.95,-5267.9,-3553.5,6388.5,812.9,2734.4,3781.6,-3590.9,-1195.6,10864,327430,353,1148,4425,0.59306,1.2048,-1.7413
-694.12,-5439.1,-3648.1,0.29108,6453.3,-1315,5.6435e+05,416073,1,-860.94,-6571.1,-4411.9,8821.9,1860.8,3369.9,5056.9,-3440.4,-948.51,13941,332652,353,1148,4425,0.44844,1.1593,-1.8139
-716.57,-5331.7,-3594.7,0.13388,6338.4,-1298.7,5.6356e+05,416071,1,-877.62,-6517.2,-4395.3,8809.8,1814.9,3406.8,5036.3,-3446.9,-923.21,13899,332600,353,1148,4425,0.45957,1.1593,-1.8111
-738.68,-5224.5,-3541.6,-0.038493,6224.4,-1281,5.6264e+05,416069,1,-828.91,-6427.2,-4342,8673.1,1752.3,3387.9,4954.9,-3452.2,-923.5,13709,332369,353,1148,4425,0.47067,1.1593,-1.8082
-838.16,-5196.7,-3595.6,0.044844,6269.4,-1154,5.6278e+05,414663,1,-816.3,-6262.7,-4275.8,8708.6,1701.8,3364.9,4986,-3416.5,-922.8,13624,332253,353,1148,4425,0.46887,1.1707,-1.8013
-937.96,-5170.7,-3650.6,0.07508,6315.6,-1027.7,5.6283e+05,413261,1,-633.43,-6153.1,-4218.1,8620,1651.7,3331.6,5002.8,-3410.7,-944.88,13481,332039,353,1148,4425,0.46705,1.1821,-1.7943
-956.47,-5067.5,-3599,-0.013701,6206.5,-1013.2,5.6137e+05,413259,1,-511.79,-6003.5,-4104,8298.7,1543.1,3239.3,4818.2,-3421.1,-972.25,13067,331437,353,1148,4425,0.47805,1.1821,-1.7914
-974.06,-4968,-3549.9,-0.054806,6101.9,-999.08,5.6e+05,413257,1,-488.62,-5949.1,-4056.5,8053.7,1469.3,3170.6,4643.3,-3441.8,-1000.4,12789,331055,353,1148,4425,0.48903,1.1821,-1.7885
-990.48,-4872.2,-3503.1,-0.041351,6001.6,-985.79,5.5917e+05,413255,1,-309.7,-5848.2,-3962.9,7695.4,1401.4,3078.4,4459.1,-3448.6,-1040.5,12390,330490,353,1148,4425,0.5,1.1821,-1.7854
-1083.4,-4850.2,-3558.4,0.11518,6050.3,-868.04,5.5902e+05,411857,1,-213.39,-5699.1,-3888.1,7539.6,1380.2,3041.8,4400.5,-3407.3,-1054.8,12155,330128,353,1148,4425,0.49803,1.1935,-1.7784
-1097.1,-4760.3,-3514.6,0.075991,5956.5,-858.12,5.5795e+05,411855,1,-101.26,-5663,-3835.5,7205.3,1297.1,2936.9,4203.5,-3442,-1109.1,11822,329597,353,1148,4425,0.50894,1.1935,-1.7753
-1109.6,-4674.8,-3473.7,0.01959,5867.7,-849.52,5.5756e+05,411853,1,-7.9802,-5619.6,-3789.6,6883.8,1227.3,2842.6,4015.9,-3467.4,-1161.2,11507,329031,353,1148,4425,0.51982,1.1935,-1.7722
-1121.3,-4592.6,-3434.8,-0.031456,5782.7,-841.48,5.5804e+05,411851,1,61.302,-5585.7,-3746.6,6658.4,1140.1,2769,3881.7,-3508,-1198.5,11285,328559,353,1148,4425,0.53068,1.1935,-1.769
-1132.5,-4512.2,-3397.1,-0.082857,5699.9,-833.13,5.5983e+05,411849,1,106.4,-5554,-3721.3,6557.2,1088.6,2746.8,3830,-3526.8,-1209.2,11180,328324,353,1148,4425,0.54153,1.1935,-1.7657
-1143.7,-4432.3,-3359.9,-0.14259,5618.1,-823.73,5.6066e+05,411847,1,124.91,-5531.9,-3705.9,6526.3,1049.6,2748.7,3817,-3543.4,-1206.8,11144,328227,353,1148,4425,0.55235,1.1935,-1.7623
-1232,-4415.6,-3416.8,-0.08688,5672.8,-713.47,5.597e+05,410453,1,169.41,-5458.9,-3693.6,6475.2,1035.8,2740.5,3801.9,-3519,-1223.6,11060,327988,353,1148,4425,0.55015,1.2048,-1.7553
-1242.6,-4336.6,-3380,-0.13907,5592.8,-703.88,5.5895e+05,410451,1,200.6,-5425.9,-3671.5,6464.8,985.89,2744.4,3807.2,-3537.9,-1219.3,11034,327923,353,1148,4425,0.56091,1.2048,-1.7519
-1253.2,-4257.4,-3343.2,-0.18167,5513,-692.91,5.5782e+05,410449,1,218.03,-5373.2,-3631,6465.7,916.25,2745.2,3814.4,-3563.9,-1208.6,11000,327835,353,1148,4425,0.57165,1.2048,-1.7484
-1263.6,-4178.4,-3306.5,-0.21111,5433.7,-680.83,5.566e+05,410447,1,228.64,-5313.6,-3592.3,6440.1,854.76,2739.4,3802.8,-3580.8,-1203.2,10938,327673,353,1148,4425,0.58237,1.2048,-1.7449
-1348.6,-4165.1,-3364.4,-0.20169,5491.3,-575.86,5.5679e+05,409057,1,327.15,-5185.8,-3519.2,6378.6,796.68,2686.2,3801.9,-3570.1,-1229.2,10800,327207,353,1148,4425,0.58002,1.216,-1.7378
-1357.6,-4087.5,-3328.2,-0.24594,5413.8,-564.76,5.5599e+05,409055,1,345.43,-5092.2,-3448.4,6331,714.73,2661,3779.6,-3589.1,-1224,10690,326745,353,1148,4425,0.59067,1.216,-1.7342
-795.93,-5411.3,-3702.8,0.094154,6497.7,-1185.6,5.6489e+05,414667,1,-765.47,-6448.5,-4367.6,8876.5,1741.3,3322.8,5126.6,-3459.2,-973.85,13903,332603,353,1148,4425,0.44673,1.1707,-1.8069
-816.98,-5303.5,-3648.8,0.056959,6382.6,-1170.7,5.6413e+05,414665,1,-778.22,-6358.4,-4326.6,8827.5,1715,3349.4,5087.4,-3441.3,-946.63,13801,332475,353,1148,4425,0.45781,1.1707,-1.8042
-918.72,-5276.7,-3704.1,0.1559,6428.2,-1042.1,5.6422e+05,413263,1,-647.7,-6264.8,-4284.7,8798.8,1732.2,3372.1,5123.9,-3406.2,-940.16,13732,332397,353,1148,4425,0.45603,1.1821,-1.7972
-1017.5,-5248.1,-3757.8,0.58256,6469.9,-915.92,5.6494e+05,411865,1,-568.46,-6038,-4169.2,8729,1755.1,3384.7,5119.1,-3317,-912.5,13525,332109,353,1148,4425,0.45424,1.1935,-1.7901
-1035.2,-5143.7,-3704.7,0.45277,6359,-903.6,5.6365e+05,411863,1,-490.98,-5909.3,-4079.2,8472.3,1657.6,3318.8,4972.4,-3327,-927.5,13191,331602,353,1148,4425,0.46521,1.1935,-1.7873
-1052.2,-5042.3,-3653.6,0.29486,6251.9,-891.23,5.6209e+05,411861,1,-445.95,-5865,-4040.8,8239.6,1577.9,3253.4,4819.6,-3357.4,-959.55,12935,331265,353,1148,4425,0.47617,1.1935,-1.7844
-1068.4,-4944.4,-3604.8,0.16976,6149,-879.22,5.6042e+05,411859,1,-375.2,-5818.4,-3991.2,7958.6,1479.4,3164.6,4634.3,-3395.4,-1002.6,12628,330834,353,1148,4425,0.48711,1.1935,-1.7814
-1159.9,-4920.4,-3658.5,0.3892,6193.5,-762.1,5.607e+05,410465,1,-283.08,-5662,-3918.4,7831.6,1458.6,3134,4597.9,-3342.9,-1008.8,12414,330524,353,1148,4425,0.48517,1.2048,-1.7743
-1174.3,-4827.5,-3612.6,0.28939,6096.6,-752.15,5.5911e+05,410463,1,-176.81,-5611.4,-3865.8,7481.9,1383.6,3035.6,4388.3,-3364.6,-1059.8,12053,329971,353,1148,4425,0.49605,1.2048,-1.7713
-1187.3,-4739.3,-3569.6,0.1958,6004.9,-743.63,5.5799e+05,410461,1,-58.709,-5572.1,-3812.9,7111.5,1298.2,2922.5,4166.7,-3400.2,-1122.5,11686,329368,353,1148,4425,0.50691,1.2048,-1.7683
-1199.3,-4655.2,-3529.3,0.10749,5918,-736.2,5.5705e+05,410459,1,33.462,-5538.5,-3770.2,6794.8,1219,2824.7,3978,-3434.8,-1177.7,11381,328748,353,1148,4425,0.51775,1.2048,-1.7651
-1210.5,-4574.1,-3490.9,0.027852,5834.6,-729.2,5.5714e+05,410457,1,99.057,-5511.9,-3742.2,6598,1160.1,2769.9,3862.8,-3460.1,-1211,11194,328349,353,1148,4425,0.52857,1.2048,-1.7619
-1221.4,-4494.6,-3453.6,-0.034207,5753.3,-721.82,5.5891e+05,410455,1,130.51,-5498.7,-3718.3,6520.2,1092.5,2746.4,3817.5,-3498.9,-1220.8,11119,328160,353,1148,4425,0.53937,1.2048,-1.7586
-1309.6,-4477,-3509.8,-0.0060447,5805.5,-611.18,5.5736e+05,409065,1,176.85,-5412.8,-3703.5,6444.9,1091.4,2734.2,3788.1,-3462,-1241.8,11006,327854,353,1148,4425,0.53719,1.216,-1.7515
-1319.8,-4398.9,-3473.4,-0.056315,5726.5,-603.81,5.5802e+05,409063,1,217.17,-5365.1,-3664.5,6416.1,1009.6,2720.7,3782.7,-3497.5,-1243.7,10952,327709,353,1148,4425,0.54793,1.216,-1.7482
-1329.8,-4320.9,-3437.1,-0.10856,5647.8,-595.39,5.5808e+05,409061,1,257.89,-5312.1,-3620.2,6410.4,934.82,2711.4,3794.7,-3527.2,-1239.8,10913,327590,353,1148,4425,0.55865,1.216,-1.7448
-1339.5,-4242.9,-3400.7,-0.15371,5569.3,-585.96,5.5738e+05,409059,1,290.46,-5264.5,-3581,6407.4,872.97,2704.4,3805.8,-3550.2,-1234.9,10880,327483,353,1148,4425,0.56934,1.216,-1.7413
-1423.7,-4229.2,-3458.1,-0.13592,5624.9,-481.4,5.5683e+05,407673,1,366.21,-5109.4,-3492.4,6327.8,816.79,2649.3,3784.4,-3531.3,-1257.7,10702,326792,353,1148,4425,0.56701,1.2272,-1.7342
-1431.7,-4152.6,-3422.2,-0.21842,5548.1,-473.03,5.5598e+05,407671,1,422.26,-5026.5,-3422.7,6304.9,727.8,2620.1,3792.6,-3559.2,-1258,10627,326494,353,1148,4425,0.57764,1.2272,-1.7307
-1439,-4076.7,-3386.5,-0.28808,5472,-464.51,5.5517e+05,407669,1,457.94,-4942.5,-3355.6,6267.2,643.73,2591.7,3782.1,-3582.3,-1257.3,10537,326174,353,1148,4425,0.58825,1.2272,-1.7271
-1446.5,-4000.7,-3351,-0.31539,5396.3,-454.46,5.546e+05,407667,1,508.36,-4816.7,-3257.3,6210,541.71,2547.7,3764,-3601,-1257.8,10399,325692,353,1148,4425,0.59884,1.2272,-1.7235
-899.69,-5383.6,-3758.4,0.24619,6542.6,-1054.7,5.6534e+05,413265,1,-662,-6361.9,-4338,8842.2,1771.1,3352.6,5152,-3419,-967.14,13837,332523,353,1148,4425,0.445,1.1821,-1.7999
-999.33,-5354.2,-3811.9,0.637,6583.1,-927.31,5.6621e+05,411867,1,-587.71,-6135.3,-4227.3,8806.9,1811.5,3373.1,5167.1,-3320.1,-937.64,13663,332310,353,1148,4425,0.44325,1.1935,-1.7929
-1096.2,-5325.4,-3864.8,0.77064,6622.2,-803.07,5.6621e+05,410473,1,-484.72,-5999.7,-4169.2,8796.3,1766,3375.9,5201.2,-3283.1,-924.14,13572,332177,353,1148,4425,0.44148,1.2048,-1.7857
-1112.9,-5219.9,-3810.5,0.79205,6509.7,-793.28,5.6482e+05,410471,1,-456.99,-5935.2,-4126.4,8679.9,1718.9,3363.5,5131.6,-3284.4,-917.4,13418,331924,353,1148,4425,0.45243,1.2048,-1.783
-1129.1,-5116.8,-3757.7,0.6816,6400.3,-782.96,5.6368e+05,410469,1,-406.34,-5865.4,-4073.7,8470.8,1649,3310.8,5009.6,-3301.3,-935.45,13171,331586,353,1148,4425,0.46336,1.2048,-1.7802
-1144.7,-5017,-3707,0.53145,6294.8,-772.56,5.6243e+05,410467,1,-333.2,-5752.3,-3991.1,8166.1,1545.2,3222.9,4821.8,-3322.6,-970.1,12799,331071,353,1148,4425,0.47428,1.2048,-1.7773
-1251.2,-4897.1,-3712.5,0.47556,6238,-645.67,5.6089e+05,409075,1,-152.41,-5658.8,-3938.6,7786.1,1448.5,3122.3,4628.5,-3338,-1035.8,12396,330496,353,1148,4425,0.48321,1.216,-1.7672
-1264.4,-4805.5,-3666.9,0.33688,6142.6,-637.39,5.5937e+05,409073,1,-122.9,-5574,-3867.8,7433.4,1362.6,3018.3,4382.2,-3357.7,-1082.5,11996,329869,353,1148,4425,0.49405,1.216,-1.7642
-1276.7,-4718.5,-3624.3,0.2364,6052.5,-630.12,5.5794e+05,409071,1,0.98671,-5518.8,-3814.6,7054.6,1304.9,2919.2,4162,-3371.9,-1140.9,11619,329239,353,1148,4425,0.50486,1.216,-1.7611
-1288.2,-4635.5,-3584.5,0.14549,5967.2,-623.73,5.5644e+05,409069,1,73.023,-5475.1,-3765.6,6725,1222.1,2817.6,3952.7,-3404.3,-1195.6,11290,328568,353,1148,4425,0.51566,1.216,-1.758
-1299.1,-4555.5,-3546.7,0.055962,5885.4,-617.69,5.5635e+05,409067,1,127.87,-5444.2,-3734.2,6534.8,1153.7,2759.7,3835.4,-3433.9,-1229.1,11102,328106,353,1148,4425,0.52644,1.216,-1.7548
-1386.8,-4536.8,-3602.1,0.13289,5935,-506.95,5.5548e+05,407681,1,169.92,-5347.6,-3700.8,6460.1,1151.5,2748.8,3805.8,-3399.3,-1241.7,10978,327774,353,1148,4425,0.52428,1.2272,-1.7476
-1396.7,-4459.3,-3565.8,0.053824,5856.5,-501.63,5.565e+05,407679,1,215.83,-5300.4,-3662.5,6381.7,1083.4,2719.3,3764,-3424.9,-1255.2,10878,327473,353,1148,4425,0.535,1.2272,-1.7444
-1406.3,-4382.3,-3529.8,-0.0076853,5778.9,-495.52,5.5801e+05,407677,1,274.5,-5241.2,-3611.1,6332.9,1014,2696.9,3750.4,-3448.9,-1259.4,10795,327188,353,1148,4425,0.54569,1.2272,-1.741
-1415.4,-4305.5,-3493.9,-0.063752,5701.7,-488.59,5.5784e+05,407675,1,323.02,-5180.3,-3554.5,6320.4,920.79,2673.6,3761.2,-3488.9,-1259.8,10743,326971,353,1148,4425,0.55636,1.2272,-1.7377
-1505.7,-4216,-3515.3,-0.14383,5679.4,-379.11,5.577e+05,406291,1,441.47,-4946.8,-3401.6,6207.9,832.26,2619.2,3735.5,-3467.4,-1268.3,10484,325978,353,1148,4425,0.56466,1.2384,-1.727
-1512.1,-4141.4,-3480.1,-0.25518,5604.5,-373.3,5.5719e+05,406289,1,507.41,-4851.9,-3316.4,6186.1,692.93,2562.5,3749.3,-3526.1,-1282.1,10404,325708,353,1148,4425,0.57525,1.2384,-1.7235
-1518.5,-4066.6,-3444.8,-0.35219,5529.6,-366.24,5.5637e+05,406287,1,579.85,-4727.2,-3210.2,6157.1,541.94,2491.7,3762.8,-3580.8,-1298.1,10299,325390,353,1148,4425,0.58581,1.2384,-1.72
-1523.5,-3993,-3409.9,-0.46608,5455.5,-359.74,5.5554e+05,406285,1,563.65,-4706.3,-3194.7,6182.3,486.61,2494.2,3773.3,-3603.9,-1287.9,10307,325413,353,1148,4425,0.59636,1.2384,-1.7163
-1529.1,-3918.9,-3374.9,-0.5254,5381.7,-351.4,5.5471e+05,406283,1,602.13,-4617.5,-3124.6,6129.8,419.57,2468,3757.1,-3613.2,-1284.8,10203,325126,353,1148,4425,0.60688,1.2384,-1.7127
-1602.8,-3913,-3434.1,-0.61245,5441.1,-260.83,5.5594e+05,404907,1,669.38,-4426.7,-3009.2,6067.4,358.74,2416.1,3756.6,-3598,-1306,10032,324614,353,1148,4425,0.60433,1.2495,-1.7055
-1193.9,-5296.6,-3917.9,1.0382,6661.1,-678.34,5.6603e+05,409083,1,-340.59,-6042.5,-4215.4,8759.7,1760.1,3368.8,5241.8,-3289.8,-953.5,13594,332209,353,1148,4425,0.4397,1.216,-1.7785
-1208.9,-5192.7,-3863.7,0.88664,6550.1,-670.68,5.6539e+05,409081,1,-349.74,-5940,-4147.3,8611,1679.8,3332.4,5135.3,-3297.7,-950.37,13373,331854,353,1148,4425,0.4506,1.216,-1.7758
-1223.3,-5091.4,-3811.3,0.72097,6442.5,-662.78,5.6466e+05,409079,1,-249.95,-5837.5,-4069.1,8344.2,1592.6,3264.1,4984,-3313.5,-975.59,13049,331405,353,1148,4425,0.46149,1.216,-1.773
-1237.4,-4992.7,-3760.8,0.60655,6338.2,-654.37,5.6296e+05,409077,1,-188.27,-5760,-4011.9,8098.1,1532,3209,4834.2,-3324.4,-999.93,12765,331016,353,1148,4425,0.47236,1.216,-1.7701
-1330.6,-4967.9,-3814.7,0.94422,6380.9,-535.68,5.6306e+05,407691,1,-93.944,-5713.1,-3997.8,7988.8,1504.3,3182.7,4799.8,-3320.3,-1025,12647,330855,353,1148,4425,0.47043,1.2272,-1.7629
-1342.8,-4873.8,-3766.7,0.75258,6282.1,-529.15,5.6122e+05,407689,1,24.065,-5600.9,-3907.5,7678.6,1454.3,3115.5,4625.3,-3314.6,-1052,12284,330326,353,1148,4425,0.48124,1.2272,-1.76
-1354.5,-4783.4,-3721.3,0.58791,6187.9,-522.77,5.5914e+05,407687,1,-23.95,-5526.2,-3857.9,7357.3,1380.6,3022.1,4377.4,-3332.6,-1097.1,11919,329760,353,1148,4425,0.49203,1.2272,-1.757
-1365.8,-4697.4,-3678.9,0.43801,6099,-517.03,5.5672e+05,407685,1,71.485,-5439.9,-3785.8,6955.9,1312.2,2911.8,4131.8,-3339.6,-1152.6,11492,329005,353,1148,4425,0.5028,1.2272,-1.7539
-1376.5,-4615.6,-3639.5,0.26729,6015.2,-511.9,5.5541e+05,407683,1,136.05,-5367.8,-3730.7,6624.1,1239.3,2813.3,3920.7,-3353.5,-1206,11142,328223,353,1148,4425,0.51355,1.2272,-1.7508
-1473,-4517.7,-3656.9,0.25972,5982.8,-397.75,5.5392e+05,406299,1,202.19,-5220.7,-3648.3,6395.7,1195.8,2763.8,3783.8,-3326.1,-1230.6,10839,327349,353,1148,4425,0.52211,1.2384,-1.7404
-1482,-4441.7,-3621.2,0.12387,5906.2,-394,5.5574e+05,406297,1,280.09,-5136.6,-3575.5,6271.5,1079.7,2693.1,3717.4,-3370.1,-1262.4,10666,326647,353,1148,4425,0.53278,1.2384,-1.7371
-1490.6,-4366,-3585.7,0.037915,5830.1,-389.43,5.577e+05,406295,1,331.5,-5058.8,-3508.8,6257,971.74,2655,3723.3,-3416,-1272.9,10598,326378,353,1148,4425,0.54343,1.2384,-1.7338
-1498.3,-4290.9,-3550.5,-0.029403,5754.5,-384.66,5.5733e+05,406293,1,383.11,-5007.2,-3459.4,6231.1,911,2639.7,3725.8,-3437.4,-1270.4,10541,326188,353,1148,4425,0.55405,1.2384,-1.7305
-1578.1,-4276.6,-3606.4,0.058642,5805.6,-283.78,5.5828e+05,404917,1,470.57,-4777.5,-3313.8,6142.5,826.87,2573.2,3701.9,-3416,-1288.5,10300,325399,353,1148,4425,0.55173,1.2495,-1.7232
-1584.6,-4202.7,-3571.6,-0.030584,5731.7,-279.56,5.5773e+05,404915,1,482.24,-4724.2,-3270.1,6136.6,746.74,2552.2,3707.2,-3452,-1290.7,10262,325278,353,1148,4425,0.56229,1.2495,-1.7198
-1590.4,-4129.8,-3537.3,-0.14378,5658.8,-275.27,5.5708e+05,404913,1,612.96,-4592.2,-3145.4,6017.5,656.42,2487.1,3678.6,-3467.7,-1302.4,10072,324735,353,1148,4425,0.57283,1.2495,-1.7163
-1594.4,-4058.2,-3503.3,-0.34917,5586.6,-272.02,5.5697e+05,404911,1,630.43,-4607.6,-3141.6,6052.5,589.69,2487,3717.4,-3515.4,-1297,10125,324887,353,1148,4425,0.58335,1.2495,-1.7127
-1598.7,-3985.8,-3468.8,-0.52455,5514,-266.93,5.5665e+05,404909,1,649.08,-4528.3,-3081.6,6069.9,472.65,2451.6,3740.2,-3562.8,-1303.9,10094,324799,353,1148,4425,0.59385,1.2495,-1.7091
-1671.7,-3977.9,-3526.9,-0.37289,5570.1,-175.86,5.5771e+05,403539,1,702.28,-4300.1,-2941,5942.7,436.42,2395.1,3683.5,-3512.2,-1318.2,9824.4,324062,353,1148,4425,0.59132,1.2606,-1.7019
-1674.8,-3907.3,-3493.2,-0.57436,5499.5,-171.76,5.5746e+05,403537,1,726.45,-4276.4,-2916.6,5968.6,374.9,2393.5,3726,-3543.8,-1310.1,9847.5,324117,353,1148,4425,0.60175,1.2606,-1.6982
-1292,-5268.1,-3971.2,1.2877,6699.7,-553.58,5.6711e+05,407697,1,-185.7,-6106.7,-4275.9,8732.9,1756.2,3365.7,5283.3,-3289.5,-978.36,13627,332260,353,1148,4425,0.4379,1.2272,-1.7712
-1305.3,-5165.4,-3917.2,1.1534,6590.1,-548.02,5.6629e+05,407695,1,-139.31,-5960.7,-4171.7,8508.4,1669.7,3317.3,5144.8,-3296.9,-982.64,13321,331779,353,1148,4425,0.44876,1.2272,-1.7685
-1318.2,-5065.2,-3865,1.0892,6483.7,-541.97,5.6456e+05,407693,1,-90.701,-5809.3,-4062.4,8228.7,1575.5,3245.7,4964.4,-3307.9,-1002.3,12945,331279,353,1148,4425,0.4596,1.2272,-1.7657
-1423.7,-4943.3,-3868.7,1.2912,6423.1,-417.4,5.6325e+05,406309,1,139.26,-5662.5,-3957,7937.6,1562.3,3220.1,4840.5,-3268.3,-1013.9,12598,330800,353,1148,4425,0.46848,1.2384,-1.7556
-1433.6,-4849.9,-3820.5,1.2577,6324.7,-413.38,5.6053e+05,406307,1,135.05,-5503.8,-3851.7,7640,1509.4,3155.2,4639.8,-3256.7,-1032.6,12204,330203,353,1148,4425,0.47924,1.2384,-1.7527
-1443.5,-4760.4,-3775,1.0396,6231.3,-409.15,5.5805e+05,406305,1,122.12,-5417.5,-3796,7287.5,1436,3052.3,4401.9,-3263.9,-1077.3,11809,329581,353,1148,4425,0.48999,1.2384,-1.7497
-1453.5,-4675.9,-3732.9,0.71976,6143.8,-405.21,5.5605e+05,406303,1,160.11,-5286.5,-3706,6826.6,1337.4,2909.1,4093.6,-3268.1,-1144.4,11283,328553,353,1148,4425,0.50071,1.2384,-1.7466
-1463.3,-4595.3,-3693.8,0.45318,6061.5,-401.48,5.5481e+05,406301,1,179.25,-5213.1,-3655.2,6521.6,1255,2809.7,3877.2,-3289.8,-1200.5,10948,327705,353,1148,4425,0.51142,1.2384,-1.7435
-1556.5,-4498,-3710.6,0.45768,6028.2,-290.92,5.5362e+05,404923,1,251.65,-4994.8,-3525.2,6235.1,1208.7,2741.8,3709.2,-3239.4,-1222.9,10538,326177,353,1148,4425,0.51992,1.2495,-1.7331
-1564.8,-4424,-3675.8,0.20156,5953.9,-288.64,5.5669e+05,404921,1,356.81,-4952.5,-3467.3,6128,1093.9,2669.6,3650.2,-3293.3,-1259.3,10407,325714,353,1148,4425,0.53054,1.2495,-1.7298
-1571.5,-4350.6,-3641.3,0.148,5880,-286.9,5.5786e+05,404919,1,421.11,-4882.8,-3401.4,6125.7,967.8,2620.4,3664.9,-3356.1,-1280,10356,325556,353,1148,4425,0.54114,1.2495,-1.7265
-1656.1,-4262.7,-3662.2,0.11379,5855.8,-184.82,5.5901e+05,403547,1,549.4,-4633.7,-3222.7,6026.1,849.72,2548.4,3649.6,-3353.2,-1293.7,10096,324807,353,1148,4425,0.54938,1.2606,-1.7159
-1660.1,-4191.3,-3628.2,-0.0023717,5783.9,-184.14,5.5894e+05,403545,1,602.24,-4512.1,-3120.9,6013.7,722.59,2494.8,3666.4,-3397.8,-1301.5,10003,324530,353,1148,4425,0.5599,1.2606,-1.7125
-1663.6,-4119.8,-3594.1,-0.086931,5711.8,-182.71,5.5826e+05,403543,1,662.37,-4372.3,-3011,5960,606.18,2437.3,3661,-3425.8,-1310.6,9864.5,324172,353,1148,4425,0.57039,1.2606,-1.709
-1668.1,-4048.2,-3560.2,-0.20364,5640.4,-179.1,5.5798e+05,403541,1,648.78,-4357.9,-2996.7,5960.4,533.78,2426.9,3666.8,-3467.7,-1310.5,9863.2,324167,353,1148,4425,0.58087,1.2606,-1.7055
-1740.7,-3970.6,-3584,-0.37934,5624.3,-88.602,5.5909e+05,402173,1,697.82,-4114.7,-2840.7,5892.7,421.64,2359.2,3646.5,-3451.9,-1322,9639.3,323528,353,1148,4425,0.58877,1.2717,-1.6945
-1743.6,-3900.7,-3550.8,-0.45175,5554.9,-85.285,5.5828e+05,402171,1,747.14,-4023.9,-2760.8,5892.9,312.04,2322.5,3680.3,-3492.6,-1322.5,9595.9,323406,353,1148,4425,0.59916,1.2717,-1.6909
-1278.4,-5372.6,-4026.4,1.3302,6811.8,-558.16,5.6739e+05,407699,1,-205.62,-6177.1,-4323.2,8791.1,1804.6,3364.7,5301.8,-3284.6,-996.11,13627,332264,353,1148,4425,0.42702,1.2272,-1.7739
-1379.5,-5343.7,-4080,1.4411,6849.7,-430.71,5.6757e+05,406317,1,-98.911,-6164.5,-4340.6,8759.4,1835.2,3390.1,5323.2,-3250.5,-997.13,13627,332263,353,1148,4425,0.42525,1.2384,-1.7665
-1391.4,-5240.1,-4024.9,1.4819,6738.8,-428.08,5.6673e+05,406315,1,-4.5932,-6029.4,-4238.7,8622.7,1778.7,3386,5272,-3242.6,-973.09,13511,332088,353,1148,4425,0.43608,1.2384,-1.7639
-1402.8,-5138.3,-3970.9,1.4684,6630.1,-424.65,5.6535e+05,406313,1,71.64,-5912.1,-4144.7,8392.2,1707.6,3337.2,5137.5,-3250,-981.79,13211,331627,353,1148,4425,0.4469,1.2384,-1.7612
-1413.5,-5039.4,-3918.9,1.3953,6524.9,-421.14,5.6453e+05,406311,1,50.151,-5850.2,-4100.7,8225.1,1633.1,3283.7,5013.1,-3276.2,-1002.5,13001,331346,353,1148,4425,0.4577,1.2384,-1.7584
-1508.2,-5012,-3971.7,2.018,6563.5,-300.62,5.6367e+05,404935,1,240.69,-5735.8,-4026,8099.7,1788.7,3379.8,4992,-3143.2,-943.42,12848,331138,353,1148,4425,0.45577,1.2495,-1.751
-1515.6,-4917.1,-3921.6,2.0882,6462.5,-299.96,5.6258e+05,404933,1,417.93,-5558.8,-3866.5,7857.6,1755.6,3348.2,4865.6,-3122.3,-938.87,12505,330650,353,1148,4425,0.46651,1.2495,-1.7482
-1522.5,-4824.5,-3873,2.0818,6364.3,-299.02,5.6005e+05,404931,1,338.96,-5377.7,-3757.3,7519.5,1613.4,3211,4647.3,-3145.1,-981.09,12044,329949,353,1148,4425,0.47723,1.2495,-1.7453
-1530.3,-4736.6,-3827.5,1.5843,6272.1,-297.39,5.5834e+05,404929,1,230.97,-5229.6,-3681.3,7113,1474.6,3052.7,4344.8,-3170.4,-1051.8,11536,329088,353,1148,4425,0.48793,1.2495,-1.7423
-1539,-4653.6,-3785.8,1.0655,6186.2,-295.34,5.5688e+05,404927,1,274.4,-5100.7,-3593.5,6721.9,1418.6,2948,4082.9,-3156.6,-1102.5,11079,328055,353,1148,4425,0.49861,1.2495,-1.7393
-1547.6,-4574.3,-3747,0.77315,6105.2,-293.25,5.5465e+05,404925,1,208.52,-5079.1,-3588.3,6510,1324.4,2856.6,3891.1,-3203.8,-1163.7,10852,327393,353,1148,4425,0.50927,1.2495,-1.7362
-1628.7,-4552.1,-3798.6,1.2483,6145.6,-187.84,5.5505e+05,403555,1,300.7,-4855.6,-3452.1,6302.8,1371.4,2848.5,3807.8,-3090.2,-1136.5,10519,326102,353,1148,4425,0.5071,1.2606,-1.7288
-1636.7,-4477.9,-3763,0.63801,6070.9,-187.13,5.5522e+05,403553,1,285,-4793.5,-3415.8,6087.1,1238,2730.3,3638.5,-3143.7,-1205,10264,325285,353,1148,4425,0.5177,1.2606,-1.7257
-1644.4,-4405.9,-3729.2,0.3085,5999,-186.28,5.5652e+05,403551,1,381.42,-4742.3,-3353.1,5963.5,1106.9,2639,3552.5,-3213.1,-1261.9,10108,324841,353,1148,4425,0.52828,1.2606,-1.7225
-1650.7,-4334.6,-3696,0.20992,5927.9,-185.79,5.5821e+05,403549,1,513.52,-4638.3,-3243.9,5945.4,933.31,2552.7,3573.3,-3296.7,-1298.5,10018,324570,353,1148,4425,0.53884,1.2606,-1.7192
-1729.1,-4249.5,-3717,0.27935,5904,-90.801,5.5936e+05,402181,1,619.12,-4371.6,-3048.1,5902.3,797.65,2482.2,3589.8,-3302.1,-1302.9,9793.2,323966,353,1148,4425,0.54701,1.2717,-1.7085
-1732.5,-4179.5,-3683.7,0.11169,5833.6,-91.35,5.5947e+05,402179,1,686.33,-4232.4,-2934.6,5875.3,663.52,2419.2,3610.7,-3342.2,-1312.8,9681.9,323657,353,1148,4425,0.55748,1.2717,-1.7051
-1735.5,-4109.8,-3650.5,-0.053941,5763.7,-91.314,5.5935e+05,402177,1,713.81,-4212.6,-2909.1,5869.8,597.04,2405.2,3625.2,-3376.1,-1312.8,9673.6,323633,353,1148,4425,0.56793,1.2717,-1.7016
-1737.9,-4040.2,-3617.2,-0.24422,5693.7,-90.693,5.5936e+05,402175,1,710.75,-4136.4,-2857.7,5857.6,500.11,2366.8,3624.8,-3411.5,-1323.9,9616.4,323463,353,1148,4425,0.57836,1.2717,-1.6981
-1806.8,-3964.4,-3641.1,-0.53596,5677.9,-4.5553,5.6074e+05,400811,1,736.15,-3838.3,-2658.7,5783.2,374.12,2290.8,3598.5,-3391.3,-1326.6,9348.1,322650,353,1148,4425,0.5862,1.2826,-1.6871
-1807.9,-3897.1,-3608.8,-0.75848,5610.6,-4.2191,5.606e+05,400809,1,785.58,-3776.9,-2602.5,5765.9,313.68,2279,3614.4,-3410.5,-1322.5,9307.9,322545,353,1148,4425,0.59654,1.2826,-1.6835
-1479.4,-5312.5,-4132.2,1.9882,6884.3,-304.02,5.6778e+05,404941,1,32.817,-5969.1,-4236.1,8659.7,2038.1,3538.5,5315.3,-3065.5,-897.34,13553,332141,353,1148,4425,0.42347,1.2495,-1.7591
-1489.7,-5210.1,-4077.3,2.0948,6774.7,-303.19,5.6649e+05,404939,1,128.32,-5881.5,-4157.8,8508.5,1976.3,3517.3,5249.9,-3074.5,-888.75,13356,331836,353,1148,4425,0.43425,1.2495,-1.7565
-1499.4,-5109.5,-4023.5,2.0691,6667.3,-301.78,5.6553e+05,404937,1,147.68,-5862.7,-4133,8370.8,1871.3,3449.9,5155.9,-3130.3,-921.89,13198,331612,353,1148,4425,0.44502,1.2495,-1.7538
-1593.8,-5076.5,-4072.9,3.0525,6698.3,-179.85,5.6578e+05,403567,1,269.31,-5752.9,-4080.3,8240.3,2083.3,3589.4,5116,-2937,-822.07,13054,331411,353,1016,4424,0.44313,1.2606,-1.7463
-1601.1,-4980.7,-4021.7,3.0109,6596.4,-180.62,5.6465e+05,403565,1,528.96,-5606.1,-3919.4,7938.5,2055.1,3557.8,4946.7,-2917.4,-821.35,12674,330892,353,1016,4424,0.45383,1.2606,-1.7436
-1605.2,-4886.9,-3971.7,3.435,6496.1,-183.48,5.6311e+05,403563,1,613.07,-5395,-3743.7,7615.8,1946.9,3451.2,4789.4,-2940.7,-846.58,12227,330236,353,1148,4425,0.46452,1.2606,-1.7407
-1609.8,-4796.9,-3923.5,2.9411,6400,-185.69,5.6219e+05,403561,1,546.63,-5272.2,-3674.8,7325.9,1828.4,3329.5,4614.8,-2968.9,-891.72,11858,329652,353,1148,4425,0.4752,1.2606,-1.7379
-1615,-4711.2,-3878.5,2.3276,6309.6,-187.31,5.6018e+05,403559,1,463.04,-5083.7,-3564.1,6930.6,1672.3,3155.9,4325,-3005.4,-972.7,11324,328641,353,1148,4425,0.48585,1.2606,-1.7349
-1621.7,-4629.8,-3837,1.6833,6225.1,-187.71,5.5796e+05,403557,1,355.59,-4932.2,-3487.7,6626.6,1514.8,3002,4058.8,-3040.4,-1049.6,10893,327521,353,1148,4425,0.49649,1.2606,-1.7319
-1701.4,-4603.7,-3885.9,2.5171,6259.6,-82.273,5.5923e+05,402191,1,505.7,-4774.5,-3375.8,6302.7,1663.1,3033.1,3941.5,-2883.5,-996.52,10535,326168,353,1148,4425,0.49435,1.2717,-1.7244
-1707.3,-4529.3,-3848.7,1.5289,6183.4,-84.626,5.5777e+05,402189,1,365.58,-4658.1,-3333.6,6096.3,1443.1,2854.2,3718.8,-2969.2,-1102.8,10208,325139,353,1148,4425,0.50492,1.2717,-1.7214
-1714.3,-4457.3,-3814.2,0.84753,6111.2,-85.671,5.5696e+05,402187,1,350.68,-4567.8,-3274.7,5898.4,1299.5,2731.2,3541.5,-3033.6,-1182.6,9939.5,324352,353,1148,4425,0.51547,1.2717,-1.7182
-1721,-4387.3,-3781.5,0.48121,6041.8,-86.685,5.5645e+05,402185,1,429.86,-4497.4,-3201.9,5774.4,1149.5,2623.3,3443.8,-3102.4,-1243.9,9759.2,323875,353,1148,4425,0.526,1.2717,-1.715
-1726,-4318.8,-3749.7,0.30868,5973.6,-88.609,5.597e+05,402183,1,582.62,-4419.8,-3102.7,5711.8,987.03,2521.2,3435,-3184.3,-1292.3,9647,323563,353,1148,4425,0.53652,1.2717,-1.7118
-1799,-4237,-3771.3,0.30848,5950.7,-0.090001,5.6132e+05,400819,1,747.58,-4084.6,-2840,5602.3,783.66,2385,3423.3,-3209.5,-1323.6,9315,322572,353,1148,4425,0.54462,1.2826,-1.701
-1800.5,-4169.1,-3738.8,0.095707,5882.4,-3.3259,5.6132e+05,400817,1,718.72,-3983.6,-2774.4,5805.7,585.81,2340.8,3581,-3313.1,-1332.2,9443.9,322926,353,1148,4425,0.55505,1.2826,-1.6976
-1802.9,-4100.1,-3705.8,-0.063902,5813.2,-4.247,5.6047e+05,400815,1,723.53,-3900.1,-2710.4,5814.4,502.29,2320.5,3600,-3336.4,-1324.3,9400.5,322804,353,1148,4425,0.56545,1.2826,-1.6942
-1804.9,-4032.1,-3673.4,-0.26705,5745.4,-4.8403,5.6022e+05,400813,1,720.33,-3850.4,-2674.8,5756.2,442.87,2296.3,3569.9,-3353.9,-1328.4,9319.8,322587,353,1148,4425,0.57584,1.2826,-1.6907
-1865.8,-4025.5,-3728.6,-0.41729,5795,74.763,5.6231e+05,399455,1,719.37,-3612.9,-2528.7,5764,368.93,2243.5,3585.4,-3330.8,-1337.7,9170.4,322085,353,1148,4425,0.57329,1.2936,-1.6832
-1867.7,-3957.9,-3696.4,-0.51214,5728.1,74.806,5.6122e+05,399453,1,690.86,-3567.9,-2509.9,5753.6,327.71,2254.3,3573.9,-3334.4,-1327.3,9135.2,321960,353,1148,4425,0.58361,1.2936,-1.6797
-1870.1,-3890.9,-3664.8,-0.61572,5662.2,76.08,5.6053e+05,399451,1,702.35,-3641,-2557,5734.1,322.31,2284.3,3574,-3358.8,-1320.3,9180.8,322135,353,1148,4425,0.5939,1.2936,-1.676
-1565.8,-5379.5,-4236.1,2.7276,7021.6,-178.44,5.6902e+05,403573,1,-9.0782,-5916.5,-4254.9,8655.8,2257.1,3659.7,5311.8,-2883.9,-822.59,13555,332147,353,1016,4424,0.41091,1.2606,-1.7542
-1576.3,-5277,-4180.9,2.9472,6912.3,-179.04,5.6835e+05,403571,1,139.63,-5876.2,-4201.2,8574.7,2217.7,3668.2,5292.5,-2880.2,-798.08,13455,331988,353,1016,4424,0.42166,1.2606,-1.7516
-1585.3,-5175.6,-4126.3,3.1525,6804,-179.7,5.6697e+05,403569,1,179.65,-5834.7,-4154.8,8473.1,2149.4,3636.1,5244.5,-2924.5,-811.52,13330,331786,353,1016,4424,0.4324,1.2606,-1.749
-1681.3,-5139.3,-4173.2,3.7679,6830.2,-55.573,5.6767e+05,402203,1,337.75,-5857.7,-4194,8342.1,2597.7,3960.9,5197.9,-2622,-628.63,13354,331832,353,1016,4424,0.43054,1.2717,-1.7415
-1688.6,-5040.4,-4119.8,3.9339,6725.1,-56.953,5.6614e+05,402201,1,478.89,-5717,-4060,8065.6,2578.1,3942.9,5049.9,-2606.5,-619.02,13012,331359,353,1016,4424,0.44122,1.2717,-1.7388
-1694.2,-4944.6,-4068.3,4.2599,6623.2,-59.275,5.6515e+05,402199,1,793.36,-5587.3,-3890.8,7788.8,2610.6,3948.7,4910.3,-2550.6,-588.86,12689,330917,353,1016,4424,0.45188,1.2717,-1.736
-1695.3,-4851.2,-4018.1,5.0928,6523,-65.018,5.6336e+05,402197,1,858.29,-5487.8,-3791.6,7534.1,2413.3,3774,4779.2,-2645.1,-665.08,12343,330412,353,1016,4424,0.46252,1.2717,-1.7332
-1696.1,-4764.3,-3970.8,4.5203,6429.4,-71.726,5.6316e+05,402195,1,905.97,-5174.8,-3555.1,6952.1,2197.6,3516.4,4482.7,-2698.7,-757.16,11564,329149,353,1016,4424,0.47315,1.2717,-1.7304
-1697.1,-4681.5,-3926.5,3.8767,6341,-78.305,5.608e+05,402193,1,709.48,-4918,-3421.9,6655.9,1915.6,3274,4247.7,-2792.6,-866.17,11031,327914,353,1148,4425,0.48376,1.2717,-1.7274
-1777.7,-4647.9,-3970.9,5.3197,6366.3,30.285,5.6296e+05,400831,1,940.38,-4786.5,-3302.9,6110.9,2217.6,3366.7,4001.9,-2537,-767.82,10552,326226,353,1148,4425,0.48164,1.2826,-1.7199
-1779.1,-4575.3,-3932.4,3.389,6289.9,21.896,5.6185e+05,400829,1,683.61,-4581.9,-3226.8,5918.4,1895.5,3113.3,3774.1,-2666.5,-909.88,10118,324865,353,1148,4425,0.49219,1.2826,-1.7169
-1782.8,-4504.4,-3896.8,2.2277,6217.1,16.136,5.5966e+05,400827,1,546.05,-4404.9,-3136,5771.1,1623,2907.8,3571.8,-2781.7,-1033.9,9772.2,323911,353,1148,4425,0.50271,1.2826,-1.7138
-1787.4,-4434.8,-3863.2,1.5222,6147.1,11.996,5.5755e+05,400825,1,425.57,-4252.6,-3060.2,5678.9,1396.3,2750.4,3433.2,-2872.4,-1123.6,9523.4,323180,353,1148,4425,0.51322,1.2826,-1.7107
-1793.1,-4367.8,-3831.8,0.75486,6080.8,8.9769,5.5774e+05,400823,1,446.41,-4198.6,-3016,5508.8,1203.3,2593.3,3293,-2967.6,-1219,9304.9,322534,353,1148,4425,0.52371,1.2826,-1.7075
-1797.3,-4302.6,-3801.9,0.38797,6016.5,5.0089,5.6108e+05,400821,1,638.8,-4164.8,-2933.1,5480.2,1008.3,2476.7,3297.2,-3077.7,-1282.3,9248.1,322350,353,1148,4425,0.53417,1.2826,-1.7043
-1864.3,-4285.3,-3852,0.48348,6055.4,94.836,5.6249e+05,399463,1,604.89,-3821.2,-2722.3,5175.3,1063.6,2433.1,3081.4,-2928.4,-1266.3,8711.4,320220,353,1148,4425,0.53181,1.2936,-1.6968
-1865.2,-4224,-3824.1,0.34168,5994.8,87.299,5.637e+05,399461,1,822.31,-3818.1,-2652.3,5277.9,850.82,2340.5,3220.4,-3070.9,-1313.7,8824.6,320690,353,1148,4425,0.54221,1.2936,-1.6935
-1864.9,-4160,-3793.8,0.032548,5930.4,80.704,5.6441e+05,399459,1,835.93,-3739.5,-2588.3,5526.6,612.32,2276.2,3429.5,-3215.9,-1339.5,9021,321503,353,1148,4425,0.55259,1.2936,-1.6901
-1864.5,-4093.5,-3761.4,-0.22409,5863,76.108,5.632e+05,399457,1,800.18,-3651.1,-2533.1,5753.9,418.18,2241.5,3598.4,-3319.3,-1344.5,9190.7,322172,353,1148,4425,0.56295,1.2936,-1.6867
-1924.7,-4086.1,-3816.5,-0.19901,5911.2,155.48,5.6581e+05,398105,1,829.03,-3496.2,-2433.1,5588.4,462.17,2223.8,3507.2,-3244.1,-1343.9,8935.9,321174,353,1148,4425,0.56043,1.3045,-1.6791
-1924.5,-4020.8,-3784.7,-0.61635,5845.6,151.46,5.6544e+05,398103,1,757.1,-3394.4,-2386.8,5664.1,319.01,2181,3554.9,-3297.9,-1357.3,8949.2,321224,353,1148,4425,0.57072,1.3045,-1.6757
-1925.8,-3953.3,-3752.1,-0.78751,5778.7,150.79,5.643e+05,398101,1,658.26,-3364.7,-2395.7,5806.1,224.67,2192.4,3615.2,-3340.1,-1349.7,9061.4,321697,353,1148,4425,0.58099,1.3045,-1.6721
-1928,-3886,-3720.2,-0.84653,5712.7,151.87,5.6314e+05,398099,1,637.91,-3367,-2403.2,5748.2,236,2218,3571.4,-3322,-1330.7,9005.4,321431,353,1148,4425,0.59124,1.3045,-1.6685
-1663.3,-5340.7,-4282.3,3.389,7044.5,-52.404,5.7077e+05,402207,1,8.8652,-5936.7,-4314.1,8564.1,2747.9,4000.5,5290.2,-2574.1,-634.37,13630,332271,353,1016,4424,0.40914,1.2717,-1.7466
-1673.4,-5239.4,-4227.4,3.4692,6936.8,-53.623,5.6924e+05,402205,1,141.48,-5936.5,-4293.4,8404.6,2704,3987.2,5215.1,-2576,-626.82,13482,332040,353,1016,4424,0.41985,1.2717,-1.7441
-1772.6,-5189.6,-4267.1,5.5655,6948.2,77.333,5.7094e+05,400843,1,285.76,-6132.9,-4456.5,7911.3,4662.3,5359.6,4956.3,-1482.5,108.08,14049,332782,353,1016,4424,0.41801,1.2826,-1.7364
-1779.3,-5090.1,-4213.4,6.3535,6842.7,74.187,5.6882e+05,400841,1,625.38,-6138.8,-4396.8,7740.5,5835.9,6248.6,4898,-857.72,579.83,14680,333520,353,1016,4424,0.42866,1.2826,-1.7339
-1784.5,-4991.2,-4159.4,6.7978,6737.4,70.995,5.6729e+05,400839,1,636.29,-5905.2,-4207.8,7807.5,4562,5359.9,4958.1,-1525.8,130.83,13799,332473,353,1016,4424,0.43929,1.2826,-1.7312
-1787.1,-4895.8,-4107.4,7.2465,6635.5,65.88,5.6658e+05,400837,1,941.03,-5773.6,-4039.4,7228.8,4640.9,5324.7,4679.2,-1420.7,163.36,13290,331726,353,1016,4424,0.4499,1.2826,-1.7285
-1785.5,-4805.1,-4057.6,7.6219,6537.4,56.804,5.6523e+05,400835,1,1227.6,-5504,-3760.1,6741.3,3724.8,4566.5,4427.6,-1837.9,-182.23,12212,330215,353,1016,4424,0.4605,1.2826,-1.7257
-1780.6,-4724,-4012.8,6.9557,6448.9,42.786,5.6438e+05,400833,1,1514,-5125.4,-3410.6,5849.8,3170.6,3967,3976.4,-2058.1,-447.04,10975,327769,353,1016,4424,0.47108,1.2826,-1.7228
-1857,-4604.3,-4008.7,7.9858,6379.5,140.85,5.6469e+05,399473,1,1593,-4723.6,-3126,4824.4,2969.4,3593.8,3370.1,-1972.5,-548.85,9756,323866,353,1016,4424,0.47951,1.2936,-1.7123
-1853.6,-4540.7,-3974.5,5.2357,6311.5,124.9,5.6355e+05,399471,1,968.98,-4343.1,-3005.3,5326.4,2163.1,3165.2,3474.5,-2405.5,-821.23,9509.7,323145,353,1016,4424,0.49001,1.2936,-1.7093
-1853.2,-4476.1,-3941.5,3.4732,6244.4,113.24,5.6198e+05,399469,1,750.62,-4093.2,-2882.7,5336,1829.7,2953.1,3374.8,-2548.6,-941.72,9216.3,322237,353,1148,4425,0.50049,1.2936,-1.7063
-1855.6,-4410.9,-3909.6,2.1669,6178.4,105.42,5.6064e+05,399467,1,537.67,-3995.3,-2870,5352.7,1563.1,2789.8,3283.9,-2672.6,-1043.7,9076.4,321748,353,1148,4425,0.51095,1.2936,-1.7032
-1860.1,-4347.3,-3879.9,1.0531,6115.8,100.05,5.5988e+05,399465,1,463.98,-3838.4,-2781.3,5152.8,1329.8,2590.2,3089.5,-2758.2,-1155.3,8729.3,320302,353,1148,4425,0.52139,1.2936,-1.7
-1921.6,-4325.6,-3925.4,1.4666,6146.3,186.28,5.6223e+05,398113,1,512.24,-3497.1,-2537.9,4892.5,1250.8,2470.4,2907.1,-2686.1,-1176,8221.1,318346,353,1148,4425,0.51905,1.3045,-1.6924
-1924.4,-4267,-3899.4,0.79653,6089.6,178.43,5.6303e+05,398111,1,554.58,-3415.1,-2466.2,4855.4,1094.9,2371.7,2849.4,-2768.8,-1246.3,8111.1,317717,353,1148,4425,0.52943,1.3045,-1.6892
-1926.4,-4208.6,-3873.7,0.42613,6033.2,170.82,5.6585e+05,398109,1,748.74,-3521.1,-2477.8,5050.1,926.06,2332.4,3037.5,-2920,-1281.3,8384.2,319048,353,1148,4425,0.53978,1.3045,-1.6859
-1925.5,-4149.4,-3846.8,0.17657,5974.7,161.77,5.6643e+05,398107,1,855.92,-3442.1,-2393.8,5074.3,728.28,2225.7,3110,-3035.2,-1340.5,8380.1,319026,353,1148,4425,0.55011,1.3045,-1.6825
-1980.5,-4077.9,-3869.8,-0.060259,5956,230.9,5.6881e+05,396759,1,842.11,-3288.2,-2300.8,5274,602.58,2234.5,3291.7,-3069.8,-1310.9,8483.1,319407,353,1148,4425,0.55788,1.3153,-1.6715
-1980.7,-4014.7,-3839.5,-0.59849,5893.3,226.39,5.6874e+05,396757,1,787.02,-3181.3,-2245.3,5369.5,402.09,2147.1,3376.2,-3176,-1359.3,8527.5,319554,353,1148,4425,0.56813,1.3153,-1.668
-1980.5,-3950.3,-3808.4,-0.97519,5829.4,222.86,5.6737e+05,396755,1,690.72,-3209.8,-2290.7,5740.5,225.14,2172.4,3600.8,-3298.8,-1349.8,8911.8,321097,353,1148,4425,0.57835,1.3153,-1.6645
-1982.2,-3882.7,-3775.7,-1.0696,5762.8,223.39,5.6603e+05,396753,1,600.12,-3126.6,-2265.3,5801.9,163.59,2188.2,3623,-3296.4,-1327.7,8916.2,321107,353,1148,4425,0.58856,1.3153,-1.6609
-2035.5,-3814,-3799.3,-1.4396,5747.9,293.1,5.6811e+05,395411,1,522.58,-2959.6,-2188.1,5841.4,69.555,2168.8,3638.7,-3294.6,-1330.1,8860.8,320850,353,1148,4425,0.59598,1.3261,-1.6497
-1762.3,-5285.3,-4319.1,6.2827,7049,79.763,5.7289e+05,400845,1,22.069,-6110.3,-4502.5,6882.5,5816.3,5917,4434.9,-840.61,426.77,13942,332654,353,1016,4424,0.40735,1.2826,-1.739
-1878.9,-5070.4,-4268.8,17.706,6885.2,235.8,5.7359e+05,399485,1,441.08,-7540.1,-5530.6,6741.4,12815,11228,4244,2849.8,3168.7,21437,339056,353,1016,4424,0.41616,1.2936,-1.7288
-1884.2,-4965.6,-4213.3,20.715,6775.3,233.65,5.7121e+05,399483,1,1909.2,-7494.5,-5160.2,2675.6,12602,10144,2397.6,2975.7,2838.3,19441,337736,353,1016,4424,0.42676,1.2936,-1.7262
-1884.7,-4875.4,-4162.9,19.953,6678.3,223.9,5.6972e+05,399481,1,1007.9,-6220.6,-4403.9,6562.4,7488.8,7276.7,4348.2,312.84,1340.7,15232,334081,353,1016,4424,0.43735,1.2936,-1.7235
-1883.8,-4795.5,-4117.3,17.32,6591.9,211.04,5.6778e+05,399479,1,1586,-5850.8,-3989.5,4698.5,5823.6,5609.4,3358.8,-334.75,626.14,12325,330384,353,1016,4424,0.44791,1.2936,-1.7208
-1878.1,-4729.1,-4079.2,13.537,6518.9,190.42,5.6711e+05,399477,1,1896.7,-5367,-3532.9,5023.3,4163.4,4481.3,3491.8,-1303.2,-45.315,11019,327887,353,1016,4424,0.45846,1.2936,-1.718
-1865.8,-4665.9,-4043.7,11.377,6447.9,163.7,5.6567e+05,399475,1,1910.3,-5084.6,-3312.8,4826,3607.6,4040.7,3433.9,-1642,-298.46,10377,325619,353,1016,4424,0.469,1.2936,-1.7152
-1950.3,-4603.7,-4067.6,13.45,6439,284.84,5.661e+05,398123,1,2599.6,-4876.4,-3014.2,3274.3,4376.1,4242.2,2477.5,-984.78,-72.471,9726.5,323786,353,1016,4424,0.46689,1.3045,-1.7075
-1933.2,-4554.2,-4040.2,10.577,6382.6,250.36,5.657e+05,398121,1,2032.5,-4250.2,-2686.4,3668.4,3164.6,3455.4,2683.6,-1644,-505.88,8659.4,320020,353,1016,4424,0.47736,1.3045,-1.7046
-1924.7,-4501.4,-4011.5,6.9256,6325.2,226.08,5.6548e+05,398119,1,1382,-4116.8,-2754.8,4517.8,2612.2,3292.2,3068.2,-1986.3,-642.32,8848.2,320794,353,1016,4424,0.48781,1.3045,-1.7016
-1919.3,-4443.3,-3981.9,5.1244,6264.1,207.57,5.6389e+05,398117,1,1015.5,-3784.5,-2608.1,4692.2,2015.2,2924.4,3023.2,-2270,-855.87,8474.1,319379,353,1148,4425,0.49824,1.3045,-1.6986
-1918.9,-4384.3,-3952.7,3.0615,6204,194.96,5.6299e+05,398115,1,607.12,-3584.7,-2575.6,4873.8,1498.2,2620.6,2998,-2543.7,-1054.7,8324,318813,353,1148,4425,0.50866,1.3045,-1.6955
-1978.2,-4303.3,-3968.6,1.6719,6173.3,267.77,5.648e+05,396767,1,566.01,-3187.2,-2316.1,4527.8,1376.3,2461.7,2667.6,-2466.2,-1110,7663.4,315375,353,1148,4425,0.51669,1.3153,-1.6847
-1979.8,-4247.8,-3944.6,1.0537,6120.2,257.79,5.6554e+05,396765,1,537.79,-3192.2,-2324.4,4699.9,1188.7,2398.2,2734.4,-2613.5,-1186,7800.6,316050,353,1148,4425,0.52702,1.3153,-1.6815
-1981.7,-4191.9,-3920.6,0.56712,6067,249.24,5.6769e+05,396763,1,609.86,-3155.8,-2277.1,4717.1,1016.2,2307,2757.1,-2723.1,-1250.9,7791.2,316009,353,1148,4425,0.53733,1.3153,-1.6782
-1982.5,-4135.8,-3896.4,0.26165,6013.3,240.54,5.6935e+05,396761,1,782.03,-3204.7,-2263.1,4772.6,845.76,2229.1,2861.1,-2858.8,-1310.4,7908.3,316704,353,1148,4425,0.54762,1.3153,-1.6749
-2034,-4065.5,-3919.3,0.056316,5994.4,305.8,5.7191e+05,395419,1,719.29,-2962.3,-2120.1,4785.9,782.61,2222,2882.6,-2819.4,-1284,7755.6,315828,353,1148,4425,0.55532,1.3261,-1.6638
-2032.4,-4008.5,-3893,-0.52122,5938.5,297.06,5.7241e+05,395417,1,796.74,-3014.9,-2136.6,5098.4,543.35,2172.1,3188.4,-3022.4,-1326.7,8146,317896,353,1148,4425,0.56552,1.3261,-1.6604
-2032.6,-3946.6,-3863.5,-1.0691,5877.8,292.89,5.7139e+05,395415,1,700.21,-3021.8,-2172.9,5462.8,341.12,2169.5,3433.6,-3163.7,-1337.1,8520.3,319533,353,1148,4425,0.57569,1.3261,-1.6569
-2033.7,-3881.2,-3831.8,-1.4028,5813.5,291.77,5.696e+05,395413,1,635.57,-2953.6,-2148.7,5685.6,129.84,2119.6,3593.1,-3279.3,-1362.3,8723.6,320280,353,1148,4425,0.58585,1.3261,-1.6533
-2084.5,-3814,-3855.8,-1.8367,5799.2,358.39,5.7154e+05,394077,1,530.95,-2807.4,-2093.3,5741.8,76.36,2130.6,3625.4,-3268.7,-1354.2,8701.7,320179,353,1148,4425,0.59321,1.3368,-1.642
-2087.9,-3746.1,-3823,-1.7974,5733.8,362.2,5.6984e+05,394075,1,452.23,-2745.5,-2075,5884.2,-110.14,2073.3,3685.1,-3337.4,-1370.3,8807.9,320628,353,1148,4425,0.60327,1.3368,-1.6383
-1856.5,-5181.7,-4332.1,33.965,6999.5,262.59,5.8153e+05,399489,1,2315.6,-10966,-7676.1,-13754,38274,25586,-5338.1,15175,10188,53440,350452,353,1016,4424,0.39492,1.2936,-1.7337
-1864.4,-5168.9,-4320,16.73,6985.8,232.72,5.7746e+05,399487,1,2813.2,-10984,-7584.2,-14723,34357,22390,-6103.9,13440,8688.6,48765,349455,353,1016,4424,0.40555,1.2936,-1.7313
-2046.4,-4668.3,-4123.7,72.552,6533.9,537.34,5.7707e+05,398133,1,7001.6,-15144,-9817.3,-15909,32360,20740,-7485.2,13439,8409.3,49117,349539,353,1016,4424,0.4143,1.3045,-1.721
-2016,-4732.6,-4148.7,45.139,6593,451.31,5.7375e+05,398131,1,4209,-10739,-7126.5,-6556.6,21671,14876,-2034.9,7662.3,5336.8,31766,344283,353,1016,4424,0.42485,1.3045,-1.7184
-1994.8,-4729,-4138.8,29.127,6581.5,395.03,5.7083e+05,398129,1,3611.2,-8420.7,-5493.8,-2105.1,14684,10659,104.84,4258.1,3279.5,21834,339310,353,1016,4424,0.43538,1.3045,-1.7158
-1981.9,-4702.9,-4120,18.003,6549.3,354.21,5.6929e+05,398127,1,3348.3,-6647.2,-4204.2,-1377.5,9865.2,7188.7,237.41,1834.1,1469.9,15151,333997,353,1016,4424,0.4459,1.3045,-1.7131
-1969.3,-4657,-4095.6,14.123,6499,320.84,5.6757e+05,398125,1,2265.5,-5487.8,-3574.5,3621.7,5720.3,5326.5,2582.5,-223.59,519.84,11368,328720,353,1016,4424,0.45641,1.3045,-1.7103
-2058.8,-4535.7,-4087.2,26.152,6426.5,465.13,5.687e+05,396779,1,3661.4,-4435,-2444.7,-685.65,5601.5,4138.6,172.22,317.95,291.88,9393.7,322785,353,1016,4424,0.45434,1.3153,-1.7026
-2029,-4524.1,-4078.8,17.91,6407.5,405.79,5.6818e+05,396777,1,3217.7,-3820.5,-2072.9,1111.2,3750.4,3203.7,1258.8,-781.43,-259.88,7554.7,314871,353,1016,4424,0.46477,1.3153,-1.6997
-2003.6,-4494.3,-4062.4,13.647,6370.9,357.25,5.6657e+05,396775,1,2479.3,-3629.7,-2120.5,2455.8,3029.7,3033.6,1824.1,-1257.4,-465.86,7304.5,313356,353,1016,4424,0.47519,1.3153,-1.6969
-1987.9,-4456.3,-4041.9,9.0559,6328,321.43,5.6623e+05,396773,1,1633.2,-3522.5,-2263.1,3590.4,2407.4,2897.7,2472.4,-1814.4,-697.9,7561.2,314898,353,1016,4424,0.4856,1.3153,-1.6939
-1979.2,-4409.8,-4018.2,5.7285,6278.7,295.97,5.6576e+05,396771,1,1194,-3339.1,-2247,3978.8,1895,2641.5,2605.7,-2111.5,-877.68,7486.1,314329,353,1016,4424,0.49598,1.3153,-1.6909
-1976.8,-4357.7,-3993.2,3.2642,6226.1,279.23,5.6527e+05,396769,1,784.55,-3289.4,-2327.6,4365.8,1672.4,2607.8,2694.8,-2268.1,-961.28,7670.8,315403,353,1148,4425,0.50635,1.3153,-1.6878
-2028.8,-4331.6,-4031.6,3.1016,6245.4,357.45,5.6675e+05,395429,1,659.47,-2862.2,-2060.8,4131.3,1474.5,2408.6,2420.1,-2249.8,-1047.1,7066.3,312029,353,1148,4425,0.50402,1.3261,-1.6801
-2029.2,-4280.6,-4009.7,1.7841,6196.8,344.04,5.6699e+05,395427,1,561.92,-2859.7,-2088.3,4300,1350.3,2386.8,2475.3,-2357.2,-1104.4,7195,312724,353,1148,4425,0.51432,1.3261,-1.6769
-2030.4,-4228,-3987.7,1.1394,6147.3,332.68,5.6828e+05,395425,1,516.68,-2856.6,-2100.6,4447.9,1201.7,2346.4,2530.3,-2471,-1164.3,7310,313385,353,1148,4425,0.5246,1.3261,-1.6738
-2031.8,-4174.3,-3965.1,0.72977,6096.8,322.87,5.6966e+05,395423,1,509.71,-2816.3,-2074.9,4509.5,1050.3,2281.9,2573.7,-2573.3,-1219.7,7340.1,313550,353,1148,4425,0.53486,1.3261,-1.6705
-2033.6,-4120.1,-3942.5,0.37045,6046.1,314.48,5.713e+05,395421,1,582.33,-2886.6,-2101.7,4599.7,973.54,2274,2667.8,-2652.7,-1236.1,7486.5,314332,353,1148,4425,0.5451,1.3261,-1.6672
-2079.5,-4103.4,-3986.2,0.49518,6075,383.65,5.7324e+05,394087,1,475.84,-2647.4,-1976.7,4432.4,1020.4,2271.5,2508.3,-2520,-1209.6,7148.1,312486,353,1148,4425,0.54256,1.3368,-1.6594
-2081.4,-4050.4,-3964.5,0.20686,6026.1,375.84,5.7414e+05,394085,1,499,-2683.1,-2001.7,4502.6,908.93,2240.8,2585.6,-2613.1,-1247.4,7255.7,313017,353,1148,4425,0.55273,1.3368,-1.6561
-2082.7,-3996.3,-3941.7,-0.15917,5975.7,368.68,5.7464e+05,394083,1,665.39,-2812.8,-2046,4774.4,725.32,2215.3,2890.5,-2808.7,-1283.7,7659.1,315346,353,1148,4425,0.56288,1.3368,-1.6526
-2082.6,-3940,-3916.4,-0.78239,5921.8,361.87,5.7464e+05,394081,1,694.78,-2831.8,-2053.7,5097.3,427.02,2124.4,3186.7,-3044.6,-1356.9,8041.3,317378,353,1148,4425,0.57301,1.3368,-1.6492
-2082.6,-3879.4,-3887.5,-1.4422,5862.7,357.88,5.7316e+05,394079,1,633.63,-2819.1,-2065.5,5485.1,225.48,2128.1,3480.1,-3185.3,-1353.5,8448.1,319274,353,1148,4425,0.58312,1.3368,-1.6456
-2129.5,-3873.5,-3940,-1.0514,5906.2,423.53,5.7684e+05,392751,1,594.69,-2599.6,-1927.4,4993.6,466.71,2154.7,3104.1,-2931.1,-1310.4,7782.5,315967,353,1148,4425,0.58037,1.3475,-1.6378
-2130.7,-3813.8,-3911.7,-1.9696,5848.8,421.04,5.7554e+05,392749,1,533.67,-2547.4,-1907.2,5428.7,59.474,2017.7,3453.4,-3209.8,-1395.1,8254.3,318510,353,1148,4425,0.59041,1.3475,-1.6343
-2132.5,-3750.6,-3881,-2.7059,5787.8,421.34,5.7364e+05,392747,1,456.81,-2485.6,-1885.3,5749.1,-164.01,1982.5,3659.9,-3332.6,-1405.7,8569,319695,353,1148,4425,0.60042,1.3475,-1.6306
-2135.4,-3684.1,-3848.8,-2.8565,5724.1,424.96,5.7166e+05,392745,1,420.21,-2445.7,-1867,5846.1,-283.27,1952.3,3685,-3373.7,-1414.8,8641.5,319936,353,1148,4425,0.61042,1.3475,-1.6269
-2138.2,-3617.9,-3817.2,-2.6471,5661.1,429.25,5.704e+05,392743,1,361.01,-2471.7,-1913.6,5898.4,-269.52,2030.6,3679.9,-3333.7,-1361.2,8683.1,320122,353,1148,4425,0.62039,1.3475,-1.6231
-2362.8,-3219.9,-3426,371.61,5069.3,1361.2,5.8635e+05,398139,1,25896,-32459,-18798,-46734,40624,20139,-29184,27134,13972,90004,356342,353,1016,4424,0.38255,1.3045,-1.7284
-2157.1,-3843.9,-3738.9,268.76,5694,956.12,5.8313e+05,398137,1,12776,-24254,-15427,-49588,58095,32418,-23841,28563,16085,97557,357255,353,1016,4424,0.39315,1.3045,-1.726
-2078.8,-4431.8,-4013.9,135.32,6292.8,675.55,5.8044e+05,398135,1,11389,-22678,-14573,-40420,39025,20141,-20913,19286,9752.3,72960,353965,353,1016,4424,0.40373,1.3045,-1.7235
-2529.5,-3716.6,-3658.9,169.45,5638.6,1333.1,5.7738e+05,396789,1,15948,-16744,-9042.9,-26621,23218,11413,-18135,14033,6460.4,50617,349847,353,1016,4424,0.4019,1.3153,-1.7157
-2382.3,-3990.2,-3826.6,147.83,5920.6,1079.3,5.757e+05,396787,1,14262,-10938,-4952.3,-23985,12368,3654.4,-15391,8709.1,2971.5,37560,346386,353,1016,4424,0.41242,1.3153,-1.7132
-2244.4,-4238.4,-3956.1,110.74,6159.2,839.28,5.737e+05,396785,1,9819.2,-11722,-6555.1,-17448,20178,11117,-8175.8,8815.7,4730.2,35762,345788,353,1016,4424,0.42292,1.3153,-1.7106
-2149.6,-4423.1,-4039.9,68.586,6330,657.39,5.7266e+05,396783,1,7747,-6749.9,-3234.6,-11283,8965.2,4029.2,-5556.3,3201,1057.3,19550,337819,353,1016,4424,0.43341,1.3153,-1.708
-2096.2,-4512.3,-4078.5,40.792,6410.3,543.32,5.7044e+05,396781,1,5080.1,-5413.8,-2848.8,-6520.8,7892.9,4383,-2433.7,1686.9,668.1,14017,332739,353,1016,4424,0.44388,1.3153,-1.7053
-2164.1,-4437.2,-4063.2,25.89,6360.7,650.55,5.6892e+05,395441,1,5782.2,-2746.6,-629.92,-6131.3,3426.8,1078.3,-3347.3,665.26,-349.87,10180,325065,353,1016,4424,0.44184,1.3261,-1.6975
-2112.4,-4476.1,-4089.5,17.998,6396.4,554.53,5.6832e+05,395439,1,4019.9,-1555.3,-143.65,-2512.1,2767.3,1500.9,-1696.2,-169.91,-581.25,6169.6,305636,353,1016,4424,0.45225,1.3261,-1.6947
-2078.9,-4477.4,-4093.9,12.473,6394.6,487.98,5.6709e+05,395437,1,2742.4,-2192.7,-965.74,557.03,2593.3,2186.7,378.67,-824.53,-541,5118.1,295171,353,1016,4424,0.46264,1.3261,-1.6919
-2056.3,-4456.2,-4086.2,9.0782,6371,439.65,5.6732e+05,395435,1,2207.7,-2476.4,-1323.8,2047.2,2197.7,2300.4,1264.6,-1335,-692.57,5561.7,299456,353,1016,4424,0.47301,1.3261,-1.6891
-2040.8,-4421.6,-4071.7,7.0655,6335,403.14,5.6684e+05,395433,1,1625.9,-2629.7,-1601.4,2868.6,2036.3,2420.8,1747.6,-1572.7,-736.53,6035.7,304253,353,1016,4424,0.48336,1.3261,-1.6861
-2031.8,-4379.5,-4053,5.0046,6292.3,376.07,5.6697e+05,395431,1,1052.1,-2804.1,-1900,3673.5,1743.4,2451.7,2204.9,-1961.3,-897.72,6681.2,310152,353,1148,4425,0.4937,1.3261,-1.6831
-2073.6,-4305.8,-4067.5,2.4703,6261.1,428.6,5.6793e+05,394095,1,531.69,-2424.7,-1778.2,3812.6,1542.8,2372.7,2069.5,-1990.1,-971.43,6407.5,308117,353,1148,4425,0.50167,1.3368,-1.6722
-2074.9,-4257.6,-4048.4,1.5377,6216.9,415.1,5.6936e+05,394093,1,426.38,-2541.9,-1904.4,4099.8,1381.2,2364,2242.3,-2198.3,-1072.5,6751.6,310533,353,1148,4425,0.51192,1.3368,-1.6691
-2076.5,-4207.4,-4028.4,1.0881,6170.9,403.47,5.706e+05,394091,1,442.73,-2578.9,-1932.8,4227.4,1236.2,2321.4,2326.4,-2333.8,-1144.4,6894.8,311253,353,1148,4425,0.52215,1.3368,-1.666
-2077.9,-4155.8,-4007.6,0.79106,6123.3,392.92,5.7173e+05,394089,1,485.83,-2641.5,-1965,4382.8,1143.1,2318.2,2464.2,-2428.5,-1162,7091.2,312134,353,1148,4425,0.53237,1.3368,-1.6627
-2120.9,-4136,-4047.9,0.7455,6146.4,460.23,5.7386e+05,392761,1,362.09,-2423,-1856.5,4179.6,1196.5,2312.8,2266.2,-2294.8,-1142.5,6738.3,310451,353,1148,4425,0.52986,1.3475,-1.6549
-2123.2,-4085.5,-4028.1,0.46534,6101,451.12,5.7597e+05,392759,1,378.41,-2455.1,-1881.6,4262.9,1069,2270.3,2346.4,-2400.3,-1192.2,6846.1,311015,353,1148,4425,0.54,1.3475,-1.6516
-2125.6,-4034.2,-4007.8,0.23491,6054.6,443.11,5.7715e+05,392757,1,419.76,-2507.8,-1906.9,4384.9,994.08,2272.1,2462.5,-2475.9,-1200.6,7008.2,311772,353,1148,4425,0.55012,1.3475,-1.6483
-2127.7,-3981.9,-3986.8,-0.011042,6007.3,436.05,5.7759e+05,392755,1,465.2,-2498.4,-1889.5,4428.5,892.1,2237.7,2530.4,-2550.4,-1230,7061.4,312011,353,1148,4425,0.56023,1.3475,-1.6448
-2129.1,-3928.8,-3964.6,-0.37885,5958.4,429.43,5.7745e+05,392753,1,598.31,-2592.6,-1917.1,4644.1,748.07,2224,2790.2,-2704.2,-1248.6,7381.4,313749,353,1148,4425,0.57031,1.3475,-1.6414
-2170.6,-3915.2,-4009.2,-0.14186,5989.2,493.1,5.8024e+05,391431,1,471.89,-2366.9,-1801.5,4423.6,837.33,2230.9,2555.7,-2540.4,-1222.4,6985.4,311662,353,1148,4425,0.56758,1.3581,-1.6335
-2172.1,-3862.8,-3987.5,-0.50626,5941.5,487.11,5.7978e+05,391429,1,522.81,-2370.5,-1791.7,4507.4,730.2,2203.9,2673.2,-2631,-1248,7101.8,312198,353,1148,4425,0.5776,1.3581,-1.63
-2172.6,-3808.3,-3963.3,-1.1959,5890.6,481.78,5.7913e+05,391427,1,579.14,-2398,-1792.7,4794.4,548.07,2184.9,2980.2,-2802.8,-1265.4,7463.1,314214,353,1148,4425,0.58759,1.3581,-1.6264
-2172.7,-3751.7,-3936.8,-2.2127,5836.6,477.87,5.7765e+05,391425,1,516.92,-2397.6,-1816.6,5206.7,215.37,2099.4,3313.5,-3073.4,-1350.8,7945.3,316906,353,1148,4425,0.59756,1.3581,-1.6228
-2174.3,-3690.3,-3907.1,-3.1304,5777.8,477.96,5.7587e+05,391423,1,400.15,-2370.6,-1839.3,5667.6,-134.39,2022,3627.5,-3299.7,-1403,8450.2,319282,353,1148,4425,0.6075,1.3581,-1.6191
-2178.9,-3623,-3874.6,-3.1727,5714.2,484.19,5.7335e+05,391421,1,220.11,-2360.2,-1900.3,6053.6,-269.09,2087.9,3805.5,-3358.4,-1369.2,8683.1,320121,353,1148,4425,0.61743,1.3581,-1.6154
-2184.3,-3554.5,-3842,-2.8528,5650.2,492.5,5.7147e+05,391419,1,278.01,-2359.2,-1879.5,5931.1,-327.07,2032.5,3724.6,-3352.6,-1376.1,8683.1,320120,353,1148,4425,0.62733,1.3581,-1.6115
-2958.4,-3266.5,-3208.9,44.472,5097,1933.3,5.8294e+05,396793,1,14988,-6800.6,-1767.6,-20613,-1450.6,-5649.6,-21347,6966,594.5,35568,345725,353,1016,4424,0.38081,1.3153,-1.7205
-2729.9,-3478.1,-3444.1,124.75,5362.5,1624.6,5.7934e+05,396791,1,17240,-15322,-7723,-30997,8739.1,-430.23,-23238,10798,2944.3,47898,349234,353,1016,4424,0.39136,1.3153,-1.7181
-2614.9,-3796,-3572.3,9.5406,5659.4,1407.1,5.7739e+05,395449,1,9816.2,4425.4,5777.6,-21910,-1748.8,-6466.2,-18294,3892.7,-1257.6,32026,344405,353,1002,4423,0.40005,1.3261,-1.7078
-2497.2,-4021,-3754.4,20.6,5921.8,1196.4,5.7278e+05,395447,1,8381.2,4723.6,5738.6,-18621,37.776,-4441.4,-15663,2922.1,-1493.1,27350,342302,353,1002,4423,0.41052,1.3261,-1.7053
-2362,-4207.6,-3902.1,32.051,6127.9,978.13,5.7043e+05,395445,1,11554,-2383.4,1028.1,-16601,1360.4,-3040.7,-11229,2700,-674.58,23680,340411,353,1016,4424,0.42098,1.3261,-1.7028
-2242.8,-4349.3,-4005.5,34.083,6274.5,787.24,5.6951e+05,395443,1,7444.9,-99.597,1824.8,-10565,2348.1,-843.84,-7918.5,1297.5,-990.8,15555,334418,353,1016,4424,0.43141,1.3261,-1.7002
-2161.9,-4405.3,-4060.8,9.631,6333.4,676.97,5.6796e+05,394107,1,3654.6,1019.3,1759.1,-5248.3,1912.7,150.6,-4460.4,154.31,-1037,8349.2,318919,353,1002,4423,0.43978,1.3368,-1.6896
-2125.6,-4434.6,-4095.6,10.665,6371.7,599.3,5.6707e+05,394105,1,2437,-319.55,400.98,-1442.4,1977.4,1182.2,-1710.7,-591.13,-924.49,4209.6,286074,353,1016,4424,0.45014,1.3368,-1.6868
-2102,-4436.4,-4107.8,8.7297,6378.1,542.53,5.6794e+05,394103,1,1903.8,-886.37,-181.96,283.91,1878.8,1569,-347.49,-955.27,-852.13,3503.5,268122,353,1016,4424,0.46048,1.3368,-1.684
-2087.3,-4419.9,-4107.6,6.4962,6365,500.54,5.6742e+05,394101,1,1242.5,-1480.5,-828.38,1857.4,1790.9,1944.4,709.81,-1314.4,-845.51,4219.7,286203,353,1148,4425,0.47081,1.3368,-1.6812
-2079.4,-4390.1,-4099.1,4.6246,6338.6,469.89,5.6761e+05,394099,1,1057.9,-2106.3,-1370.7,2869.2,1701.3,2179,1493.9,-1679.9,-906.21,5402.3,298025,353,1148,4425,0.48111,1.3368,-1.6783
-2074.7,-4350.9,-4085.1,3.6022,6302.7,446.16,5.6784e+05,394097,1,647.53,-2197.9,-1565.2,3381.4,1604.3,2271.7,1716.6,-1815.8,-947.12,5831.7,302123,353,1148,4425,0.4914,1.3368,-1.6753
-2110.5,-4324.4,-4116.2,1.7366,6311.8,508.44,5.7039e+05,392769,1,213.07,-2045.7,-1591.7,3311,1741.9,2383.6,1490.2,-1729.3,-959.78,5707.4,300669,353,1148,4425,0.48908,1.3475,-1.6674
-2113,-4280.4,-4101.4,1.5392,6274.1,494.13,5.7101e+05,392767,1,257.52,-2241.9,-1737.7,3750.3,1536.2,2374,1878.2,-1963.8,-1024.2,6213.3,306072,353,1148,4425,0.4993,1.3475,-1.6644
-2115.8,-4233.6,-4084.7,1.2837,6233.2,481.74,5.7144e+05,392765,1,256.51,-2295,-1785,3903.2,1428.4,2360.2,2000.7,-2074.2,-1069.7,6388.6,307928,353,1148,4425,0.50951,1.3475,-1.6613
-2118.5,-4185.5,-4066.8,0.99017,6190.6,470.52,5.7251e+05,392763,1,338.57,-2373.6,-1819.9,4081.9,1334.6,2359.8,2176.8,-2175.5,-1084.3,6612.1,309738,353,1148,4425,0.51969,1.3475,-1.6581
-2157.4,-4162.4,-4103.1,0.8467,6207.2,534.77,5.7478e+05,391441,1,195.64,-2185.2,-1734.8,3879.1,1389.1,2356.6,1968.9,-2053.1,-1071.2,6292.3,306874,353,1148,4425,0.51721,1.3581,-1.6502
-2160.8,-4115.1,-4086.1,0.62616,6166.3,524.87,5.7639e+05,391439,1,215.22,-2205.3,-1753,3948.9,1261.7,2307.3,2036.6,-2153.4,-1127,6367.6,307585,353,1148,4425,0.52732,1.3581,-1.647
-2163.8,-4066.5,-4068.1,0.43794,6123.9,515.79,5.7807e+05,391437,1,310.6,-2288.6,-1786.4,4139.7,1157.2,2305.5,2225.6,-2265,-1142.3,6611,309735,353,1148,4425,0.53742,1.3581,-1.6437
-2166.5,-4016.8,-4049.2,0.27514,6080,507.53,5.7937e+05,391435,1,343.66,-2305.3,-1793.5,4217.3,1045.8,2273.8,2307.2,-2354,-1178.5,6704.6,310284,353,1148,4425,0.5475,1.3581,-1.6404
-2168.7,-3966.4,-4029.6,0.089394,6035.2,499.92,5.8018e+05,391433,1,404.1,-2329.3,-1794.5,4292.3,947.69,2248.6,2400.6,-2436.1,-1203,6806.8,310832,353,1148,4425,0.55755,1.3581,-1.637
-2207.6,-3949.4,-4070.4,0.15245,6060,562.2,5.8212e+05,390117,1,326.54,-2233.9,-1765.5,4143.8,1029.4,2276.6,2256.1,-2322.9,-1182.9,6596.4,309631,353,1148,4425,0.55485,1.3687,-1.6291
-2209.9,-3900.1,-4051.6,-0.0050473,6016.8,555.01,5.8275e+05,390115,1,421.9,-2291.2,-1782.8,4237.6,897,2233.2,2383,-2446.4,-1229.4,6747.6,310504,353,1148,4425,0.56484,1.3687,-1.6256
-2211.6,-3849.7,-4031.7,-0.19727,5972,548.47,5.8247e+05,390113,1,495.52,-2321.9,-1781.2,4427.5,779.89,2230,2590.6,-2559.3,-1236.8,6984.6,311659,353,1148,4425,0.5748,1.3687,-1.6221
-2213,-3797.3,-4010.1,-0.45582,5924.8,543.26,5.8156e+05,390111,1,496.42,-2375.8,-1831.5,4566.1,678.34,2226.9,2733.2,-2666.8,-1267.9,7190.5,312697,353,1148,4425,0.58474,1.3687,-1.6186
-2215.1,-3742.8,-3986.6,-0.85889,5875,540.18,5.8056e+05,390109,1,492.14,-2422.2,-1871.5,4766.3,567.39,2236.5,2942.3,-2793.1,-1283,7467.1,314229,353,1148,4425,0.59467,1.3687,-1.615
-2217,-3686.6,-3961.1,-1.6937,5822.9,538.43,5.7947e+05,390107,1,497.62,-2439.7,-1885.4,5012,434.7,2244.8,3197,-2918.6,-1281.5,7777.1,315938,353,1148,4425,0.60456,1.3687,-1.6113
-2219.2,-3627.1,-3932.5,-2.9337,5766.6,539.13,5.7797e+05,390105,1,372.57,-2374.9,-1878.1,5518.8,54.369,2155.1,3546.7,-3171.3,-1342.1,8297.4,318694,353,1148,4425,0.61444,1.3687,-1.6075
-2222.8,-3563.2,-3901.2,-3.7403,5706.3,543.72,5.7589e+05,390103,1,330.38,-2272.8,-1815.6,5664.1,-181.85,2051,3660.7,-3301.8,-1398.2,8435.1,319241,353,1148,4425,0.62429,1.3687,-1.6037
-2779.1,-3283.4,-3156.5,-0.74999,5033.5,1769.7,5.804e+05,395453,1,6341.2,12171,10860,-22459,-835.79,-5623.2,-20178,3385.2,-1862.8,35568,345724,353,1002,4423,0.37906,1.3261,-1.7126
-2710.1,-3543.3,-3368.2,2.6784,5355.3,1601.5,5.7945e+05,395451,1,4771.6,11309,9907.5,-23127,-1000.2,-6017,-19586,3602.4,-1654.5,34932,345521,353,1002,4423,0.38956,1.3261,-1.7102
-2413.5,-3527.8,-3318.5,-1.3127,5244,1335.2,5.7374e+05,394117,1,1495.9,15603,12595,-23287,1652.4,-4026.4,-19670,3044.5,-2108.2,36962,346203,353,1002,4423,0.38775,1.3368,-1.7023
-2367,-3779.9,-3527.8,0.54613,5560.6,1189.5,5.7342e+05,394115,1,2559.5,12765,10642,-21494,1926.9,-3533.6,-18201,2822.6,-2058.3,33232,344861,353,1002,4423,0.39818,1.3368,-1.6999
-2316.1,-4004.5,-3715.4,3.1083,5840.7,1044.4,5.7244e+05,394113,1,2935.5,10546,9012.2,-19025,2063.1,-2944.1,-16115,2616.3,-1812.7,29082,343118,353,1002,4423,0.40861,1.3368,-1.6974
-2260.6,-4190.9,-3872.5,6.1659,6070.8,903.67,5.703e+05,394111,1,4207,6785.3,6394.4,-15151,2115.3,-2065.2,-12829,1984.5,-1599.1,22672,339793,353,1002,4423,0.41901,1.3368,-1.6948
-2206.1,-4328.2,-3990,8.4868,6238.4,776.7,5.6933e+05,394109,1,3157.8,3113.4,3267.1,-9807.7,2112.1,-812.81,-8638.4,1017.4,-1386.7,14465,333254,353,1002,4423,0.42941,1.3368,-1.6922
-2121.3,-4368.4,-4054.8,1.693,6291.1,667.97,5.7591e+05,392779,1,199.57,2111.6,1739.7,-6937.8,3282.9,840.48,-6879.3,884.03,-1072.7,10789,327166,353,1002,4423,0.43771,1.3475,-1.6816
-2113.7,-4407.2,-4103.3,1.4997,6352.1,615.26,5.7386e+05,392777,1,942.05,807.26,893.2,-2643.5,2381.8,1213,-3202.3,-89.248,-920.4,5251.6,296398,353,1002,4423,0.44802,1.3475,-1.6789
-2109,-4413.6,-4126.3,1.0648,6373.6,575.48,5.7111e+05,392775,1,447.63,-520.42,-297.46,-35.026,2124,1705,-1161.1,-787.17,-946.62,3292.9,260782,353,1002,4423,0.45831,1.3475,-1.6761
-2107.8,-4395.4,-4131.7,1.3439,6366.6,547.22,5.6919e+05,392773,1,279.21,-1287.2,-959.11,1847.7,1921,2068.9,233.59,-1251.2,-939.79,4067.2,283868,353,1148,4425,0.46858,1.3475,-1.6733
-2108.8,-4363.7,-4127,1.6301,6343.8,525.88,5.6979e+05,392771,1,353.77,-1656.2,-1233.2,2672.3,1821.3,2235.6,997.94,-1481.9,-906.72,4884.6,293017,353,1148,4425,0.47884,1.3475,-1.6704
-2138.4,-4327.2,-4150.7,1.7783,6339.1,585.07,5.7517e+05,391449,1,-140.38,-1806.5,-1516.4,2491.2,2041,2385.9,702.02,-1430.6,-965.95,5011.9,294268,353,1148,4425,0.47656,1.3581,-1.6624
-2144.4,-4292,-4143.9,1.6755,6313.9,570.62,5.7405e+05,391447,1,-62.7,-1915.9,-1586,2991.1,1872,2410.1,1156.6,-1590.5,-961.66,5407.5,298065,353,1148,4425,0.48675,1.3581,-1.6594
-2149.2,-4251.9,-4132.9,1.3681,6282.4,557.33,5.737e+05,391445,1,24.462,-1999.7,-1633.3,3354.6,1708.3,2406.8,1483.1,-1742.9,-985.55,5730.6,300897,353,1148,4425,0.49692,1.3581,-1.6564
-2153.5,-4208.2,-4118.8,1.0805,6246.1,545.53,5.7403e+05,391443,1,140.37,-2116,-1692.4,3713.6,1536.3,2396.8,1816.2,-1919.3,-1018.3,6105.4,304943,353,1148,4425,0.50707,1.3581,-1.6533
-2188.4,-4181.9,-4151.2,0.82574,6256.4,606.73,5.77e+05,390127,1,-6.6675,-1987.4,-1655.1,3480.7,1532,2342.3,1575.6,-1854.8,-1059.3,5803.7,301833,353,1148,4425,0.50462,1.3687,-1.6453
-2193.4,-4138.3,-4137.6,0.67925,6221,596.4,5.7736e+05,390125,1,85.232,-2057.8,-1688.5,3714.3,1366.7,2308.1,1801.9,-2009.9,-1108.6,6049.8,304383,353,1148,4425,0.51471,1.3687,-1.6422
-2197.7,-4093.1,-4122.5,0.52286,6183.4,586.7,5.7843e+05,390123,1,145.86,-2088.8,-1697.3,3835.4,1290.2,2305.7,1923.5,-2078.6,-1119.5,6183.1,305784,353,1148,4425,0.52477,1.3687,-1.639
-2201.4,-4046.3,-4106.1,0.39783,6143.7,577.76,5.7975e+05,390121,1,212.27,-2134.2,-1714.2,3986,1204.3,2308.4,2071.1,-2159.7,-1128.7,6358.7,307500,353,1148,4425,0.53482,1.3687,-1.6358
-2204.7,-3998.2,-4088.6,0.2871,6102.3,569.67,5.81e+05,390119,1,241.17,-2164,-1735.6,4045.9,1132.5,2298.5,2136.7,-2219.4,-1150.7,6442.3,308449,353,1148,4425,0.54485,1.3687,-1.6324
-2241.8,-3978.4,-4126.5,0.23533,6122.4,630.88,5.8271e+05,388811,1,175.46,-2143.4,-1761.6,3986.6,1156.3,2317.5,2071.4,-2176.5,-1154.6,6378.9,307817,353,1148,4425,0.54218,1.3793,-1.6244
-2245.8,-3930.8,-4109.5,0.16082,6082.2,624.13,5.8357e+05,388809,1,230.22,-2184.6,-1780.1,4010.9,1114,2314.2,2117.2,-2220.2,-1167.6,6438.4,308417,353,1148,4425,0.55214,1.3793,-1.6211
-2249.2,-3883,-4092.3,0.045094,6041.7,617.56,5.8475e+05,388807,1,299.38,-2237.9,-1805.5,4020.6,1048,2289.3,2160.1,-2286.1,-1201,6495.9,308954,353,1148,4425,0.56207,1.3793,-1.6177
-2251.9,-3834.7,-4074.4,-0.13037,6000.3,611.14,5.8585e+05,388805,1,424.25,-2317.9,-1828.4,4197.7,889.13,2249,2366.9,-2440.2,-1243.3,6743,310480,353,1148,4425,0.57199,1.3793,-1.6142
-2254,-3784.7,-4054.8,-0.34201,5956.5,605.67,5.8578e+05,388803,1,447.43,-2349.6,-1850.3,4381,773.41,2245.6,2541.3,-2540.4,-1256.7,6962,311539,353,1148,4425,0.58188,1.3793,-1.6107
-2256.3,-3732.1,-4033.1,-0.55742,5909.6,601.99,5.8467e+05,388801,1,460.86,-2352.4,-1849.1,4591.4,639.47,2239.9,2750.2,-2654.6,-1265.1,7203,312785,353,1148,4425,0.59175,1.3793,-1.6071
-2258.7,-3677.5,-4009.8,-0.81804,5860.4,600.09,5.8291e+05,388799,1,470.69,-2354.3,-1848.5,4830,472.92,2225.2,3000.8,-2815.1,-1292.4,7502.3,314622,353,1148,4425,0.6016,1.3793,-1.6034
-2260.7,-3621.6,-3984.9,-1.3763,5809.3,599.01,5.8122e+05,388797,1,481.49,-2337.5,-1828.8,5077.9,285,2191,3263,-2989.9,-1324.5,7813.3,316140,353,1148,4425,0.61143,1.3793,-1.5997
-2262.3,-3564.1,-3957.7,-2.3379,5755.5,599.02,5.7956e+05,388795,1,461.95,-2299.2,-1810,5181.8,157.62,2151.6,3363.5,-3067.9,-1345.7,7925.8,316800,353,1148,4425,0.62123,1.3793,-1.5959
-2564.8,-2259.1,-2260.7,-3.0677,3610.6,1938.1,5.7549e+05,394127,1,-1287.7,19719,15147,-22495,1097.5,-3555.9,-19331,3373.7,-1157.3,39067,346888,353,1002,4423,0.33535,1.3368,-1.7134
-2544,-2504.6,-2466.6,-3.2102,3931.8,1835.6,5.7507e+05,394125,1,-956.83,19516,15070,-23021,1081.1,-3822,-19661,3313.8,-1394.7,39422,347002,353,1002,4423,0.34585,1.3368,-1.7113
-2518.4,-2757.1,-2677.5,-3.1509,4259.5,1723.3,5.7402e+05,394123,1,-495.92,19448,15092,-23310,1013.5,-4078.3,-19855,3249.2,-1609.9,39681,347092,353,1002,4423,0.35635,1.3368,-1.7091
-2487.6,-3012.1,-2890.1,-2.7478,4587.8,1601.8,5.7357e+05,394121,1,-76.377,19004,14863,-23516,1036.7,-4240.8,-19950,3181,-1796.2,39566,347050,353,1002,4423,0.36683,1.3368,-1.7069
-2453.1,-3268.8,-3103.5,-2.2728,4915.7,1473,5.7372e+05,394119,1,379.24,17937,14147,-23550,1278.7,-4207.8,-19967,3160.1,-1940.9,38838,346807,353,1002,4423,0.37729,1.3368,-1.7046
-2150.6,-3490.3,-3262.4,-2.6489,5121.1,1106.5,5.7705e+05,392789,1,-1229.8,12792,9876.3,-22988,2493.3,-3225.7,-19925,2970.8,-2156,34904,345511,353,1002,4423,0.38592,1.3475,-1.6942
-2143.5,-3732.2,-3472.4,-1.7656,5438.3,1003.4,5.7782e+05,392787,1,-1425.5,10271,7836.5,-21642,3295.2,-2426.3,-19038,2973.9,-2079.3,32089,344432,353,1002,4423,0.39631,1.3475,-1.6918
-2138.7,-3950.7,-3665.4,-0.47703,5726.8,906.06,5.7737e+05,392785,1,235.31,8889.1,7122.4,-19089,3522.7,-1783.4,-16654,2825.1,-1756.7,28252,342712,353,1002,4423,0.40668,1.3475,-1.6894
-2135.9,-4134.6,-3831.9,0.77687,5972.5,817.98,5.7731e+05,392783,1,-1457,5446.2,3993.5,-15664,4079.5,-598.54,-14330,2380.7,-1632.4,22886,339936,353,1002,4423,0.41704,1.3475,-1.6868
-2130.8,-4277.7,-3965.1,1.5213,6165.8,737.87,5.7691e+05,392781,1,681.97,4412.5,3690.2,-11677,3610.6,-60.344,-10581,1815.9,-1221.6,17312,335945,353,1002,4423,0.42738,1.3475,-1.6843
-2080.4,-4202.4,-3932.9,0.056538,6076.5,729.35,5.8002e+05,391459,1,-1797.8,1982.5,1145.3,-12217,4688.3,709.83,-11680,1905.8,-1408.8,17951,336575,353,1002,4423,0.42534,1.3581,-1.6762
-2099.7,-4299.9,-4037.1,0.80835,6222.9,686.13,5.7985e+05,391457,1,-1811.6,241.15,-277.81,-8027.2,4299.2,1414.7,-8373.4,1083.2,-1292.6,12700,330934,353,1002,4423,0.43562,1.3581,-1.6736
-2111.6,-4351.4,-4102.4,1.4482,6308.8,648.93,5.7903e+05,391455,1,-468.77,-188.26,-280.37,-3380.6,3461.4,1911.7,-4146.7,188.98,-948.54,6747.5,310503,353,1002,4423,0.44588,1.3581,-1.6709
-2122.6,-4365.7,-4136.8,1.4653,6347.5,622.26,5.7886e+05,391453,1,-847.29,-1168.2,-1185.5,-1067.8,3015.2,2172.9,-2414.3,-432.11,-1008.9,5047.2,294595,353,1002,4423,0.45612,1.3581,-1.6681
-2131.3,-4354.2,-4150.2,1.6844,6353.3,601.66,5.7696e+05,391451,1,-211.22,-1479.6,-1266.1,1384.7,2417.8,2360.5,-235.82,-1050,-920.44,4379.2,287991,353,1002,4423,0.46635,1.3581,-1.6653
-2168.9,-4290.9,-4173.3,1.1058,6333.8,644.52,5.7902e+05,390133,1,-344.86,-1789.5,-1580.6,1652.3,2183.9,2282.3,-62.894,-1248.7,-1050.9,4603.8,290229,353,1148,4425,0.47425,1.3687,-1.6543
-2176.2,-4260.2,-4170.7,1.0481,6315.3,630.22,5.7787e+05,390131,1,-179.62,-1862.2,-1595.1,2781.1,1820.2,2325,935.52,-1577.2,-1031,5188.8,295805,353,1148,4425,0.48439,1.3687,-1.6514
-2182.8,-4223,-4162.6,0.96052,6288.4,617.94,5.7719e+05,390129,1,-114.39,-1927.4,-1634.4,3168.5,1668.9,2336.8,1279.2,-1723.5,-1046.8,5512.5,299034,353,1148,4425,0.49452,1.3687,-1.6484
-2215.6,-4194.4,-4192.3,0.55986,6294.3,677.33,5.8062e+05,388821,1,-165.44,-1907.1,-1652,3040,1617.3,2272.6,1150.4,-1741,-1116.9,5386.8,297847,353,1148,4425,0.49209,1.3793,-1.6403
-2222.1,-4155.5,-4182.9,0.53386,6265.7,666.41,5.8007e+05,388819,1,-94.905,-1935.7,-1659.6,3298.8,1506.1,2280.8,1394.2,-1840.6,-1122.6,5608.4,299861,353,1148,4425,0.50215,1.3793,-1.6373
-2227.8,-4114.1,-4171.2,0.45244,6233.5,656.22,5.8019e+05,388817,1,-22.403,-1959.1,-1659.8,3492.7,1435.1,2301.8,1582.8,-1903.8,-1111.8,5789.3,301712,353,1148,4425,0.51219,1.3793,-1.6342
-2232.8,-4070.6,-4157.7,0.36466,6198.7,646.83,5.8091e+05,388815,1,64.596,-2011.8,-1678.6,3707.3,1324.5,2304.6,1793,-2009,-1123.5,6016,304057,353,1148,4425,0.5222,1.3793,-1.631
-2237.4,-4025.3,-4142.8,0.2902,6161.5,638.34,5.8191e+05,388813,1,104.52,-2070.7,-1722,3859.8,1231.8,2309.1,1936.8,-2096,-1143.2,6201.8,305962,353,1148,4425,0.5322,1.3793,-1.6277
-2278.3,-3957.6,-4163.3,0.16857,6140.6,691.68,5.8456e+05,387509,1,52.746,-2074,-1766.9,3879.4,1234,2354.8,1945.3,-2074.7,-1136.7,6238.9,306332,353,1148,4425,0.53949,1.3897,-1.6164
-2283.3,-3910.8,-4147.3,0.13973,6102.3,685.67,5.8491e+05,387507,1,152.37,-2144.5,-1794.2,3928.1,1161,2339.4,2027.1,-2153.1,-1162.2,6339.4,307319,353,1148,4425,0.5494,1.3897,-1.613
-2287.9,-3864.2,-4131.3,0.054877,6064,679.81,5.861e+05,387505,1,206.45,-2181.9,-1814.4,3879.6,1098.3,2300.3,2017.3,-2209.5,-1208,6328.9,307230,353,1148,4425,0.55928,1.3897,-1.6096
-2291.7,-3817.8,-4115.2,-0.10581,6025.7,673.81,5.8833e+05,387503,1,321.46,-2230.6,-1813.1,3966.1,1024.4,2287.9,2141.3,-2286.1,-1217.6,6455.6,308561,353,1148,4425,0.56915,1.3897,-1.6062
-2294.5,-3770.5,-4098.1,-0.33834,5985.8,667.93,5.8967e+05,387501,1,400.98,-2264.2,-1816.3,4143.1,877.03,2255.3,2332.2,-2414.1,-1248.9,6665.8,310060,353,1148,4425,0.57899,1.3897,-1.6027
-2296.6,-3720.9,-4078.6,-0.58592,5942.6,663.01,5.8936e+05,387499,1,446.58,-2256,-1798.3,4296.7,739.78,2223.7,2493.5,-2519.4,-1274.5,6831.2,310942,353,1148,4425,0.58882,1.3897,-1.5991
-2298.6,-3668.5,-4056.9,-0.78697,5896.1,659.81,5.88e+05,387497,1,464.79,-2236.7,-1775.3,4562.3,575.15,2211.2,2737.5,-2643.7,-1278.5,7108,312235,353,1148,4425,0.59862,1.3897,-1.5954
-2300.7,-3614.4,-4033.7,-1.026,5847.6,658.09,5.8618e+05,387495,1,482.05,-2240.3,-1769.7,4774.6,422.2,2195.9,2969.6,-2783.8,-1291.8,7376.8,313728,353,1148,4425,0.6084,1.3897,-1.5917
-2248.2,-1996.1,-1996.7,-3.5248,3172.7,1720.5,5.7417e+05,392801,1,-1747.9,17769,13699,-22811,1609,-3056.5,-19726,3465,-1006.2,37959,346518,353,1002,4423,0.3233,1.3475,-1.7073
-2233.8,-2239.3,-2202.7,-3.1321,3492.8,1629.9,5.7384e+05,392799,1,-1211.6,17544,13617,-22691,1474.3,-3275,-19497,3319,-1194,37617,346405,353,1002,4423,0.33377,1.3475,-1.7053
-2217.8,-2484.4,-2409.6,-3.2675,3813.7,1533.9,5.7426e+05,392797,1,-1301.1,17103,13257,-22950,1546.5,-3389.7,-19703,3271.3,-1374.7,37567,346387,353,1002,4423,0.34422,1.3475,-1.7032
-2200.6,-2736.5,-2621.9,-3.6026,4141.9,1431.6,5.7491e+05,392795,1,-1264.3,15670,12146,-23462,1735.4,-3503.4,-20158,3102.8,-1735.1,37140,346256,353,1002,4423,0.35467,1.3475,-1.7011
-2180.3,-2990.6,-2836.3,-3.4026,4471.4,1322.4,5.7558e+05,392793,1,-685.38,15192,11876,-23396,1753.1,-3646.4,-20045,2962.9,-1970.3,36749,346141,353,1002,4423,0.3651,1.3475,-1.6988
-2162.7,-3240.6,-3048.7,-2.9626,4795.9,1213.4,5.7635e+05,392791,1,-956.69,13858,10778,-23225,2065,-3498.4,-19994,2887.2,-2134.2,35745,345782,353,1002,4423,0.37551,1.3475,-1.6966
-1980.2,-3198.2,-3005,-4.5007,4696.2,1060.7,5.7846e+05,391469,1,-1809.9,7976.4,5992.1,-22780,2861.9,-2749.6,-19941,2269.2,-2600.8,32358,344525,353,1002,4423,0.37372,1.3581,-1.6885
-1995.1,-3435.9,-3216.1,-4.4568,5015.9,984.81,5.7903e+05,391467,1,-2509.2,6187.4,4398.4,-21993,3560.9,-2162.4,-19590,2318.1,-2617.2,30999,343947,353,1002,4423,0.38407,1.3581,-1.6861
-2014.3,-3666.3,-3424.8,-3.3488,5328.8,911.87,5.7891e+05,391465,1,-2823.8,5427.8,3705.6,-20921,4043.3,-1635.2,-18913,2456.1,-2448.6,29625,343367,353,1002,4423,0.39441,1.3581,-1.6838
-2035.5,-3876.1,-3618.8,-1.7461,5617,843.72,5.7871e+05,391463,1,-2573.4,4224,2783,-18669,4548.2,-814.54,-17088,2478,-2109.6,26546,341920,353,1002,4423,0.40474,1.3581,-1.6813
-2058.5,-4056.7,-3789.9,-0.67956,5868.9,783,5.7945e+05,391461,1,-2614.1,2986.1,1761.8,-15846,4873.2,31.588,-14818,2368.1,-1743.9,22846,339910,353,1002,4423,0.41505,1.3581,-1.6788
-2033.5,-3967.3,-3750.6,-1.8447,5770.6,800.67,5.8114e+05,390145,1,-3455.1,743.52,-251.59,-15684,5100.2,294.72,-15018,2091.1,-2005.5,22772,339866,353,1002,4423,0.41304,1.3687,-1.6707
-2073.9,-4114.3,-3900.3,-1.3487,5987.9,765.81,5.8198e+05,390143,1,-2936.6,-66.367,-800.9,-12136,4942.5,969.87,-12041,1665.2,-1692.9,18236,336803,353,1002,4423,0.42328,1.3687,-1.6681
-2104.2,-4222.9,-4017.8,-0.29438,6153.9,730.95,5.817e+05,390141,1,-2530.5,-483.87,-1054.7,-9439.3,4576,1321.3,-9828.5,1233.5,-1530.5,14832,333678,353,1002,4423,0.43351,1.3687,-1.6655
-2127.4,-4287.3,-4097.2,0.29183,6261.1,701.58,5.817e+05,390139,1,-1699.3,-1127.8,-1382.4,-4824.5,3908.9,1936.5,-5787.5,433.24,-1182.5,9135.5,321961,353,1002,4423,0.44372,1.3687,-1.6628
-2147,-4312,-4143.1,0.50694,6317,680.53,5.8221e+05,390137,1,-1146.3,-1591.4,-1625.4,-1749.8,3256.5,2211.3,-3098.8,-283.41,-1077.2,5990.7,303797,353,1002,4423,0.45391,1.3687,-1.66
-2159.8,-4310.6,-4166.3,0.94151,6337.8,661.23,5.808e+05,390135,1,-649.35,-1696.3,-1581.9,36.555,2808.1,2331.8,-1507.4,-698.24,-994.52,4782.7,292085,353,1002,4423,0.46409,1.3687,-1.6572
-2191.6,-4265.1,-4181.5,0.39931,6321,724,5.8289e+05,388827,1,-620.05,-1754.4,-1638.5,-272.12,2546.4,2055.3,-1771.9,-906.94,-1251,4738.8,291553,353,1002,4423,0.46182,1.3793,-1.6491
-2200.3,-4255.5,-4196.8,0.47805,6329.9,704.15,5.8227e+05,388825,1,-431.98,-1819.6,-1651.3,922.02,2169.2,2088.6,-714.47,-1233,-1237.3,4603.8,290230,353,1148,4425,0.47193,1.3793,-1.6462
-2208.2,-4229.2,-4198.1,0.51372,6317.5,689.35,5.8151e+05,388823,1,-265.04,-1877.6,-1653.8,2391.3,1808,2219.5,571.34,-1567.6,-1147.7,4934.1,293529,353,1148,4425,0.48202,1.3793,-1.6433
-2248.8,-4166.6,-4222.6,0.18727,6301.3,736.42,5.8417e+05,387519,1,-188.7,-1926.3,-1697.9,2635.6,1632.7,2181.4,783.17,-1705.2,-1217.8,5099.4,295001,353,1148,4425,0.48965,1.3897,-1.6322
-2255.5,-4129.7,-4215,0.23594,6275.5,725.27,5.8349e+05,387517,1,-116.19,-1926.8,-1675.8,3210.3,1468.9,2235.3,1311.3,-1852.7,-1174.7,5525,299154,353,1148,4425,0.49966,1.3897,-1.6291
-2261.7,-4089.7,-4204.6,0.23754,6245.7,715.31,5.8333e+05,387515,1,-65.735,-1957.5,-1693.5,3421.9,1388.6,2259.8,1508.9,-1925,-1171.9,5727.5,300864,353,1148,4425,0.50964,1.3897,-1.626
-2267.4,-4047.6,-4192.4,0.21546,6213,706.32,5.8364e+05,387513,1,-15.066,-1995.8,-1715.5,3603.2,1318.4,2286,1684.3,-1990.5,-1165.8,5918.7,302980,353,1148,4425,0.51961,1.3897,-1.6229
-2272.9,-4003.5,-4178.6,0.18068,6177.9,698.37,5.8426e+05,387511,1,22.866,-2032.5,-1736.5,3770.5,1269.4,2322.4,1840.3,-2038.8,-1147.3,6101.5,304902,353,1148,4425,0.52956,1.3897,-1.6197
-2308.2,-3981.1,-4213.8,0.078376,6193.4,758.16,5.8666e+05,386215,1,-20.428,-2037.7,-1773.5,3737.1,1291.6,2342.1,1801.5,-2009.2,-1152.8,6085.2,304724,353,1148,4425,0.5269,1.4002,-1.6115
-2314.4,-3935.7,-4199.1,0.12069,6157.4,752.18,5.8626e+05,386213,1,-12.958,-2085.1,-1823.4,3816.6,1264.5,2377.1,1877,-2036,-1149.6,6203.1,305976,353,1148,4425,0.53678,1.4002,-1.6083
-2320.2,-3889.8,-4183.9,0.12419,6120.6,746.68,5.8617e+05,386211,1,69.831,-2103,-1808.2,3849.4,1220,2371.2,1937.2,-2077.1,-1151,6246.4,306418,353,1148,4425,0.54664,1.4002,-1.6049
-2325.3,-3844.4,-4169,0.071712,6084.2,741.03,5.8693e+05,386209,1,144.73,-2126,-1809.7,3780.8,1161.7,2328.1,1914.1,-2124.9,-1195,6210.6,306036,353,1148,4425,0.55647,1.4002,-1.6016
-2329.6,-3799.5,-4154.3,-0.041494,6048.2,735.09,5.8907e+05,386207,1,262.01,-2161.5,-1799.2,3811.3,1056.8,2277.7,1994.3,-2223.2,-1238.6,6266,306634,353,1148,4425,0.56629,1.4002,-1.5981
-2333,-3754.4,-4139.1,-0.22688,6011.6,728.95,5.9142e+05,386205,1,373.57,-2192.5,-1787.7,3944,929.93,2244.1,2164,-2338.4,-1267.1,6430.8,308344,353,1148,4425,0.57609,1.4002,-1.5946
-2335.2,-3707.8,-4122.3,-0.4746,5972.6,723.07,5.9208e+05,386203,1,436.89,-2203.1,-1777.8,4105.6,815.49,2230.8,2336.4,-2434.1,-1280.5,6612.6,309741,353,1148,4425,0.58586,1.4002,-1.591
-2336.8,-3658.5,-4102.8,-0.70671,5929.8,718.2,5.9138e+05,386201,1,495.64,-2229.5,-1784.8,4291.2,675.13,2207.7,2532.1,-2555.3,-1307.9,6840.9,310990,353,1148,4425,0.59561,1.4002,-1.5874
-2338.3,-3606.3,-4080.8,-0.84916,5883.4,715.2,5.8991e+05,386199,1,488.23,-2209.4,-1764.5,4619.6,521.08,2222.8,2812.6,-2671.6,-1285.3,7175.4,312632,353,1148,4425,0.60534,1.4002,-1.5837
-1966.4,-1964.2,-1937.5,-3.7178,3057,1460.6,5.753e+05,391479,1,-2351.1,12714,9713.8,-23282,2608.5,-2332.1,-20223,3354.3,-1157.7,35176,345604,353,1002,4423,0.32175,1.3581,-1.6991
-1965.9,-2208.8,-2147.4,-3.8376,3381.8,1384.9,5.7532e+05,391477,1,-1601.7,13494,10448,-22838,2226.1,-2689.5,-19719,3172.2,-1326.8,35046,345555,353,1002,4423,0.33217,1.3581,-1.6971
-1967.7,-2451.1,-2356.2,-4.1566,3703.9,1308.4,5.7635e+05,391475,1,-2242.3,10694,8108.6,-23125,2583.6,-2610.5,-20138,2850.9,-1794.1,33916,345154,353,1002,4423,0.34258,1.3581,-1.6951
-1972.5,-2699.3,-2570.7,-4.6987,4033.9,1230.1,5.7716e+05,391473,1,-1999.9,10114,7680.9,-23561,2661.5,-2775.3,-20449,2725,-2079.4,34133,345225,353,1002,4423,0.35297,1.3581,-1.6929
-1976,-2952.6,-2790,-4.9324,4369.6,1145.7,5.781e+05,391471,1,-1950.2,8599.2,6477.5,-23528,2763.1,-2820.8,-20539,2428.4,-2453.6,33506,344970,353,1002,4423,0.36335,1.3581,-1.6907
-1899.1,-3144.7,-2974.2,-5.8885,4617.9,1008.1,5.7895e+05,390153,1,-2748.7,4046.1,2683.9,-22889,3128.9,-2491.4,-20409,1762.4,-3059.5,31624,344226,353,1002,4423,0.37191,1.3687,-1.6803
-1925.4,-3375.8,-3184.8,-5.6718,4934.6,946.5,5.7948e+05,390151,1,-3361.3,3022.7,1696.6,-21281,3460.6,-2009.6,-19416,1675.8,-3044.8,29686,343400,353,1002,4423,0.38222,1.3687,-1.678
-1957.5,-3593.4,-3388.1,-4.3221,5237.3,891.08,5.7954e+05,390149,1,-3183.9,2642.9,1403.7,-20270,4188.1,-1331.4,-18612,1997.5,-2730.2,28410,342782,353,1002,4423,0.3925,1.3687,-1.6756
-1993.4,-3791.6,-3578.2,-2.5275,5517.6,841.93,5.7999e+05,390147,1,-4121.3,1256,32.76,-17859,4770,-386.32,-17029,2100.6,-2375.9,25700,341513,353,1002,4423,0.40278,1.3687,-1.6732
-2034.5,-3878.4,-3715,-4.272,5681,842.11,5.8198e+05,388837,1,-4601.9,-69.795,-1194.5,-15762,4970.1,239.87,-15591,1929.2,-2243.9,23402,340243,353,1002,4423,0.41101,1.3793,-1.6625
-2080.9,-4027.7,-3870.5,-3.1301,5905.2,813.82,5.8262e+05,388835,1,-3688,-664.8,-1490.3,-12968,4982.5,845.2,-13095,1661.7,-1945.3,19698,337927,353,1002,4423,0.42121,1.3793,-1.6599
-2117.1,-4145.9,-3998.8,-1.9317,6086.7,783.04,5.831e+05,388833,1,-2828,-1277.3,-1800.9,-9023.3,4635.7,1508.2,-9649.1,1132.2,-1569.2,14660,333496,353,1002,4423,0.43138,1.3793,-1.6573
-2153.2,-4215,-4086.7,-1.0404,6206.3,765.6,5.8362e+05,388831,1,-2405.5,-1569.3,-1951.2,-6276.7,4185.7,1826.2,-7349.9,614.12,-1443.9,11349,328685,353,1002,4423,0.44155,1.3793,-1.6546
-2177.5,-4253.3,-4146.5,-0.17015,6282.5,745.58,5.8362e+05,388829,1,-1290.9,-1649.1,-1727.8,-2617.2,3286.9,2028.1,-3930.7,-233.99,-1269.3,6801.1,310807,353,1002,4423,0.45169,1.3793,-1.6519
-2220,-4218,-4193.8,-0.23496,6300.3,783.57,5.848e+05,387525,1,-1000.8,-1545.4,-1585.8,-1679.9,2905.3,1993.4,-3101,-484.51,-1272.1,5710.6,300707,353,894,4422,0.45953,1.3897,-1.6409
-2232.7,-4217.2,-4217.6,-0.22389,6322.4,765.19,5.8552e+05,387523,1,-710.53,-1797.4,-1730.8,127.77,2349.8,2037.8,-1498,-1030.5,-1302.4,4628.6,290441,353,894,4422,0.46959,1.3897,-1.6381
-2241.5,-4197.8,-4225.3,0.012629,6319.6,749.36,5.8524e+05,387521,1,-298.96,-1921.8,-1718.5,1896.7,1927.8,2192.6,124.67,-1448.7,-1191.8,4732,291492,353,1148,4425,0.47963,1.3897,-1.6351
-2275.7,-4164.4,-4250.6,-0.6148,6319.2,810.53,5.883e+05,386225,1,-483.39,-1807.3,-1694,1135.2,2075.9,2120.4,-617.98,-1250.5,-1252.8,4628.6,290442,353,1148,4425,0.47722,1.4002,-1.6269
-2282.5,-4139.6,-4253.6,-0.24514,6309.2,795.39,5.8843e+05,386223,1,-248.04,-1949.8,-1758.9,2176.2,1674.5,2101.8,344.33,-1640.8,-1312.4,4842.2,292661,353,1148,4425,0.48719,1.4002,-1.624
-2289.1,-4104.9,-4247.8,-0.082416,6286.5,783.67,5.8788e+05,386221,1,-107.37,-1987,-1748.4,3090.9,1430.5,2184.7,1199.9,-1881.5,-1255.1,5472.1,298679,353,1148,4425,0.49715,1.4002,-1.621
-2295.9,-4065.4,-4238,0.042215,6257.8,774.34,5.8662e+05,386219,1,-86.957,-1987,-1747.5,3392.4,1338.7,2226.1,1479.9,-1962,-1233,5729.4,300882,353,1148,4425,0.50708,1.4002,-1.6179
-2302,-4024.5,-4226.9,0.063041,6227.1,765.43,5.8653e+05,386217,1,-71.656,-2012.8,-1771.1,3556.3,1310.5,2279.4,1630.2,-1986.5,-1201.7,5899.3,302786,353,1148,4425,0.517,1.4002,-1.6147
-2344.4,-3958.2,-4248.8,-0.013699,6208.5,818.69,5.8889e+05,384927,1,-72.384,-2114.8,-1882.5,3714.3,1299.3,2354.7,1767.7,-2010.3,-1189.5,6134.4,305290,353,1148,4425,0.52422,1.4106,-1.6033
-2351.2,-3913.3,-4234.6,0.078989,6173.6,813.21,5.8784e+05,384925,1,-13.216,-2160.3,-1912.9,3769.1,1268.6,2378.6,1841,-2041,-1188.5,6226.3,306217,353,1148,4425,0.53405,1.4106,-1.6001
-2357.2,-3868.3,-4220.2,0.113,6138.2,807.79,5.8729e+05,384923,1,73.401,-2143.7,-1867.4,3766.7,1217.1,2358.9,1874.7,-2076.2,-1193.4,6210.6,306031,353,1148,4425,0.54386,1.4106,-1.5968
-2362.5,-3823.9,-4206,0.090092,6103.4,802.04,5.8748e+05,384921,1,143.05,-2152.1,-1855.5,3702.4,1167.6,2319.9,1850.4,-2113.9,-1228.4,6210.6,306032,353,1148,4425,0.55364,1.4106,-1.5934
-2367,-3780.1,-4192.3,0.022883,6069.1,796,5.8904e+05,384919,1,212.35,-2162.9,-1845.2,3666.7,1121.1,2292.8,1850.1,-2152.1,-1256,6210.6,306033,353,1148,4425,0.56341,1.4106,-1.59
-2371,-3736.4,-4178.5,-0.081225,6034.7,790,5.916e+05,384917,1,319,-2180.8,-1819.6,3756.4,1034.4,2275.2,1981.5,-2234.6,-1266.4,6248.9,306443,353,1148,4425,0.57316,1.4106,-1.5865
-2374.1,-3692,-4163.8,-0.25362,5999.1,784.15,5.9352e+05,384915,1,395.19,-2242.2,-1854.3,3855.7,940.03,2261,2110.2,-2333.8,-1303,6409.5,308132,353,1148,4425,0.58288,1.4106,-1.583
-2376.3,-3645.8,-4147,-0.51032,5960.7,778.78,5.9408e+05,384913,1,486.67,-2285.4,-1858.6,4078,824.12,2267.2,2358.9,-2448.7,-1301,6679.5,310140,353,1148,4425,0.59258,1.4106,-1.5793
-1806.3,-2157.4,-2095.8,-4.6861,3278.5,1249.3,5.7691e+05,390161,1,-2973.8,7081,5145.5,-23458,3372.3,-1855.9,-20627,2904.4,-1683.7,32975,344752,353,894,4422,0.33056,1.3687,-1.6889
-1829,-2400.2,-2310.6,-5.052,3608.1,1194.7,5.7779e+05,390159,1,-3201.7,5756.3,4018.2,-23228,3095.2,-2194.2,-20581,2305.9,-2301,32750,344670,353,894,4422,0.34092,1.3687,-1.6869
-1853.8,-2645.1,-2528.4,-5.4164,3940.9,1138.1,5.7808e+05,390157,1,-2759.3,5613.1,3972.1,-23626,3095.7,-2424.8,-20799,2176.3,-2582,32750,344669,353,894,4422,0.35127,1.3687,-1.6847
-1878.2,-2897.3,-2752.8,-5.9127,4282.8,1075.9,5.7866e+05,390155,1,-2872.4,4635.5,3148.8,-23654,3156.4,-2515.3,-20965,1960.1,-2911.6,32669,344639,353,1002,4423,0.3616,1.3687,-1.6826
-1816.2,-2843.8,-2722.5,-8.0005,4209.1,1039.5,5.7821e+05,388847,1,-3331.9,3154.2,1874.4,-23733,3210,-2460.3,-21210,1783.2,-3091.7,32661,344636,353,894,4422,0.35982,1.3793,-1.6743
-1851,-3091.4,-2948.1,-8.8156,4549.8,986.61,5.7882e+05,388845,1,-4043.1,1823.2,606.13,-22387,3531.5,-2045,-20562,1632.4,-3209.8,31203,344040,353,894,4422,0.37009,1.3793,-1.6721
-1889.3,-3316.3,-3159,-8.1193,4864.5,939.75,5.7958e+05,388843,1,-4061.4,1266,115.52,-20653,3725.5,-1622.6,-19262,1506.3,-3141.4,29057,343104,353,894,4422,0.38034,1.3793,-1.6698
-1933.7,-3522.1,-3357.5,-6.7922,5158.1,900.86,5.8007e+05,388841,1,-4233.1,788.68,-342.72,-19134,4177.2,-1023.6,-18182,1661.3,-2883.4,27294,342279,353,894,4422,0.39058,1.3793,-1.6674
-1982,-3709.2,-3543.1,-5.0588,5430.2,868.21,5.8078e+05,388839,1,-4727.5,352.23,-848.5,-17357,4638.8,-333.57,-16888,1846.2,-2535,25320,341292,353,1002,4423,0.40081,1.3793,-1.665
-1981.2,-3630.8,-3514.2,-6.3524,5351.9,902.83,5.8221e+05,387537,1,-4841.7,-434.22,-1535.3,-16724,4526.9,-236.21,-16531,1571.8,-2668.1,24679,340960,353,1002,4423,0.39882,1.3897,-1.6567
-2038.1,-3790.8,-3681.4,-5.3689,5594.1,885.03,5.8308e+05,387535,1,-5053.4,-597.18,-1752.7,-15251,4858.1,311.67,-15424,1721,-2367.2,23059,340035,353,1002,4423,0.40898,1.3897,-1.6542
-2092.6,-3938.9,-3839.2,-4.4573,5820.9,866.18,5.8358e+05,387533,1,-4781.1,-933.64,-1998.7,-13597,4969.3,743.9,-14071,1674.4,-2151.9,21054,338811,353,1002,4423,0.41912,1.3897,-1.6517
-2146.6,-4058.2,-3973.8,-3.6453,6011.6,853.39,5.8477e+05,387531,1,-3423.8,-1263.7,-1953.9,-10113,4673.2,1302.2,-10891,1211.9,-1815.7,16320,335095,353,1002,4423,0.42924,1.3897,-1.6491
-2181.1,-4142.4,-4076.6,-1.5307,6151.8,830.93,5.8431e+05,387529,1,-2384.8,-1226.3,-1671.5,-7009,3936.8,1456.1,-8058.8,520.35,-1712.1,12036,329932,353,1002,4423,0.43935,1.3897,-1.6464
-2203.9,-4195.2,-4148.7,-0.69794,6246.5,806.03,5.8481e+05,387527,1,-1582.3,-1402,-1613.3,-4260.8,3577.9,1862,-5453.2,141.45,-1364.5,8550.7,319630,353,1002,4423,0.44945,1.3897,-1.6437
-2224.5,-4134,-4145.5,-1.5385,6203.3,861.34,5.8657e+05,386231,1,-2050.6,-1092.3,-1494.4,-5091.6,3527.9,1632.8,-6365.4,268.34,-1506.3,9566.9,323323,353,894,4422,0.44719,1.4002,-1.6354
-2246,-4166.9,-4201.1,-1.046,6272.8,841.58,5.8674e+05,386229,1,-1425.3,-1483.1,-1671.9,-2146.8,2836.8,1833.7,-3662.9,-472.41,-1431.4,6223.7,306191,353,894,4422,0.45722,1.4002,-1.6327
-2264.1,-4174.9,-4234.3,-1.0243,6308.9,826.23,5.879e+05,386227,1,-993.74,-1659.9,-1709.1,-454.03,2497.9,2019,-2101.5,-830.14,-1312.4,4900.4,293212,353,894,4422,0.46723,1.4002,-1.6298
-2290.7,-4129.7,-4246.6,-1.7806,6289.4,883.05,5.8963e+05,384939,1,-1290.3,-1421.4,-1602,-1033.2,2618.4,1979.9,-2724.3,-621.54,-1317.3,5257.2,296451,353,894,4422,0.46485,1.4106,-1.6215
-2306.2,-4127.9,-4271.9,-1.313,6312.9,868.87,5.9043e+05,384937,1,-913.77,-1663.6,-1718,422.91,2129.6,1985.6,-1390.7,-1114.9,-1377.3,4628.6,290443,353,894,4422,0.47479,1.4106,-1.6187
-2317.7,-4109.6,-4281.8,-0.96192,6313.6,856.34,5.9164e+05,384935,1,-437.53,-1918.1,-1804.8,1820.2,1776.7,2099.4,-41.643,-1502.2,-1321.7,4691.5,291081,353,1148,4425,0.48471,1.4106,-1.6157
-2325.6,-4079.3,-4280.6,-0.49709,6297.5,844.76,5.9198e+05,384933,1,-185.51,-2025.3,-1829,2620.6,1562.4,2171,723.56,-1735.1,-1296.1,5168.9,295634,353,1148,4425,0.49462,1.4106,-1.6127
-2331,-4042.5,-4272.9,-0.12218,6272,833.42,5.9036e+05,384931,1,-43.11,-2067.5,-1823,3248.7,1355.3,2202.4,1355,-1949.6,-1281.8,5667.5,300343,353,1148,4425,0.50451,1.4106,-1.6096
-2337.4,-4001.7,-4261.8,-0.095333,6241.8,824.98,5.8994e+05,384929,1,-86.711,-2085,-1858.2,3492.8,1310.8,2265.4,1569.8,-1992.4,-1247.6,5903.3,302828,353,1148,4425,0.51437,1.4106,-1.6065
-2375.7,-3978.7,-4297.3,-0.29686,6257.3,887.03,5.9363e+05,383649,1,-113.85,-2258.4,-2046.7,3478.2,1348.9,2316.6,1520,-1981.5,-1275.2,6037.3,304264,353,1148,4425,0.51172,1.4209,-1.5982
-2383.1,-3935.3,-4284.5,-0.11403,6224.6,881.21,5.9133e+05,383647,1,-43.529,-2265.3,-2033.2,3718.7,1282.8,2363.2,1784,-2055.2,-1246.1,6253.9,306482,353,1148,4425,0.52152,1.4209,-1.5951
-2389.8,-3891,-4270.7,0.0028862,6190.6,875.68,5.8988e+05,383645,1,19.661,-2265,-2015.5,3739.7,1257.5,2370.6,1830.3,-2071.5,-1238.2,6253.9,306484,353,1148,4425,0.5313,1.4209,-1.5918
-2395.8,-3846.7,-4256.8,0.068276,6156.4,870.1,5.8869e+05,383643,1,108.43,-2260.3,-1986.6,3696,1212.6,2342.2,1828.8,-2102.2,-1260,6247.9,306432,353,1148,4425,0.54106,1.4209,-1.5886
-2401,-3803.3,-4243.4,0.067845,6122.9,864.02,5.8842e+05,383641,1,170.08,-2220.5,-1927.3,3658.9,1161.8,2310.4,1824.6,-2129.7,-1271.2,6210.6,306035,353,1148,4425,0.55079,1.4209,-1.5852
-2405.5,-3760.4,-4230.3,0.037836,6089.9,857.8,5.8934e+05,383639,1,235.2,-2254,-1945.8,3604.1,1118.6,2284,1804.3,-2168.5,-1312.7,6210.6,306034,353,1148,4425,0.56051,1.4209,-1.5818
-2409.8,-3717.5,-4217.2,0.0014619,6056.8,851.9,5.9106e+05,383637,1,286.13,-2236.4,-1905.9,3655.2,1079.9,2290.8,1876.7,-2198.3,-1296.8,6210.6,306037,353,1148,4425,0.5702,1.4209,-1.5783
-1724.6,-2093.2,-2048.1,-5.6035,3182.7,1192,5.7645e+05,388853,1,-3942.6,4635.1,3033.1,-24223,3695.5,-1707.6,-21624,2763,-1964.2,33596,345010,353,894,4422,0.32894,1.3793,-1.6806
-1754.9,-2343.8,-2272.9,-5.8489,3525.6,1144.3,5.7706e+05,388851,1,-3581.7,4254.8,2775.4,-23825,3429.1,-1984.1,-21311,2382.6,-2338.1,32974,344751,353,894,4422,0.33925,1.3793,-1.6786
-1783.3,-2592.2,-2495.8,-6.5987,3864.7,1091.8,5.7735e+05,388849,1,-3670.4,3634.4,2220.3,-23739,3255.2,-2271.5,-21249,2007.9,-2779.5,32775,344679,353,894,4422,0.34954,1.3793,-1.6765
-1773.8,-2783.7,-2689.6,-10.405,4133.1,1023.2,5.7932e+05,387545,1,-4751.5,1189.5,-39.866,-23645,3783.4,-1936.3,-21681,1813.6,-3158.3,32931,344733,353,894,4422,0.35804,1.3897,-1.666
-1831.6,-3024.7,-2917.4,-10.987,4474.8,995.78,5.8017e+05,387543,1,-5104.2,400.67,-797.62,-22313,3959.1,-1628.1,-20971,1639.1,-3271.2,31563,344199,353,894,4422,0.36826,1.3897,-1.6638
-1881.6,-3246.7,-3132.6,-8.8432,4792.5,962.44,5.8037e+05,387541,1,-4476.8,119.1,-920.61,-20687,4096.3,-1276.2,-19612,1556.8,-3155,29398,343270,353,894,4422,0.37846,1.3897,-1.6615
-1930.9,-3448.9,-3331.1,-7.5929,5084.6,930.68,5.8123e+05,387539,1,-4699.3,-481.36,-1507.2,-18681,4285.1,-775.67,-18115,1470.1,-3007.1,27053,342159,353,894,4422,0.38864,1.3897,-1.6591
-1999.5,-3554.5,-3490.3,-7.6474,5282.4,954.52,5.8331e+05,386241,1,-4907.7,-1197.2,-2194.2,-16846,4366.8,-325.42,-16837,1374.9,-2864.9,25037,341124,353,894,4422,0.39681,1.4002,-1.6484
-2055.3,-3709.2,-3655.1,-6.3285,5519.2,938.46,5.8388e+05,386239,1,-5019,-1099.9,-2177.1,-14828,4607.3,255.35,-15236,1434.4,-2545.2,22648,339781,353,894,4422,0.40692,1.4002,-1.6459
-2117.5,-3850.6,-3810,-5.9954,5741.3,930.28,5.851e+05,386237,1,-4784.2,-857.19,-1943.8,-13341,4796.7,699.53,-14037,1542.3,-2253.9,20818,338682,353,894,4422,0.41701,1.4002,-1.6434
-2166.7,-3975.9,-3951.1,-4.2815,5939.8,912.42,5.8542e+05,386235,1,-3757.3,-841.66,-1687.1,-11496,4686.4,1011.3,-12293,1401.7,-1993.9,18163,336734,353,894,4422,0.42709,1.4002,-1.6408
-2196.2,-4074.1,-4065.6,-2.0296,6096.9,882.26,5.8518e+05,386233,1,-2763.2,-779.57,-1398.8,-8703.2,4224,1301.6,-9695.8,988.15,-1727.1,14264,333040,353,894,4422,0.43715,1.4002,-1.6382
-2209.9,-4001.2,-4048.2,-3.2551,6034.1,932.81,5.8702e+05,384945,1,-3211.6,-673.8,-1440,-8886.2,4134.4,1212.3,-10027,1024.7,-1786.7,14668,333508,353,894,4422,0.43492,1.4106,-1.6298
-2241.6,-4071.5,-4139.1,-2.5627,6156.3,912.97,5.8797e+05,384943,1,-2578.5,-923.35,-1507.7,-5873.4,3545.8,1472.1,-7277.4,391.16,-1651.7,10717,326846,353,894,4422,0.44492,1.4106,-1.6271
-2268.8,-4112.8,-4203.9,-2.0871,6239.4,896.93,5.8865e+05,384941,1,-1989,-1148.3,-1553.6,-3430.6,3145.9,1773.4,-4997.7,-49.305,-1440.4,7717.1,315638,353,894,4422,0.45489,1.4106,-1.6244
-2312.4,-4082.1,-4255,-2.4848,6264.2,935.45,5.913e+05,383659,1,-1848.2,-1139.1,-1532.1,-1864.2,2705.9,1848.7,-3657.1,-403.88,-1402.9,6064.8,304513,353,894,4422,0.46246,1.4209,-1.6132
-2333.5,-4088.3,-4288.7,-2.2944,6300.6,924.66,5.9265e+05,383657,1,-1419.7,-1400.7,-1650.8,-325.28,2347.9,1979.5,-2206.4,-792.11,-1342.7,4851.6,292760,353,894,4422,0.47235,1.4209,-1.6103
-2350,-4077.1,-4306.4,-1.91,6312.9,915.05,5.9404e+05,383655,1,-904.55,-1695,-1768.3,1199.2,1962.7,2097.3,-766.53,-1232.7,-1316.9,4628.6,290444,353,1148,4425,0.48222,1.4209,-1.6074
-2361.3,-4051.9,-4311,-1.1577,6305.4,905.35,5.9449e+05,383653,1,-379.94,-1928.7,-1823.4,2311.2,1623,2147.7,359.76,-1625.4,-1327.3,4930.6,293479,353,1148,4425,0.49207,1.4209,-1.6044
-2368.5,-4018.6,-4307.3,-0.53625,6285.8,894.78,5.9488e+05,383651,1,-192.03,-2105.2,-1925.8,2990.2,1469.1,2239.5,1056.9,-1816.2,-1277.5,5508.2,298997,353,1148,4425,0.50191,1.4209,-1.6014
-2408,-3991.8,-4338.7,-1.5777,6295.9,958.66,5.9725e+05,382379,1,-597.42,-2213.7,-2177.2,2698,1605.9,2293.1,632.35,-1686.1,-1315.8,5485.2,298780,353,1148,4425,0.49929,1.4311,-1.593
-2417.4,-3954.5,-4332.6,-0.76973,6272.7,952.34,5.9687e+05,382377,1,-130.83,-2407.8,-2212.4,3306.7,1403.9,2327.3,1308.7,-1950.2,-1337.3,6027.9,304179,353,1148,4425,0.50906,1.4311,-1.5899
-2424.5,-3912.5,-4321.2,-0.23564,6242.1,945.97,5.9445e+05,382375,1,-14.465,-2393.6,-2160.7,3633.7,1309.8,2365.5,1699.3,-2050.5,-1292.2,6253.9,306485,353,1148,4425,0.5188,1.4311,-1.5868
-2436.8,-3825.6,-4294.5,0.0073467,6176,934.17,5.9081e+05,382371,1,171.88,-2349.2,-2069.1,3642.9,1179.6,2308.8,1808.1,-2149.6,-1331.1,6253.9,306483,353,1148,4425,0.53823,1.4311,-1.5803
-2441.6,-3783,-4281.6,0.021106,6143.6,927.6,5.9018e+05,382369,1,229.66,-2333.2,-2037.9,3601.4,1143.2,2288.8,1798.7,-2169.8,-1344.4,6238.3,306325,353,1148,4425,0.54792,1.4311,-1.5769
-2446.1,-3740.6,-4268.9,0.018373,6111.4,921.24,5.9037e+05,382367,1,259.47,-2324.4,-2022.3,3586.2,1114.9,2284.8,1799.2,-2185.5,-1350.3,6222.6,306177,353,1148,4425,0.55759,1.4311,-1.5736
-1645.6,-2029.4,-2000.1,-6.4425,3087.9,1136.6,5.7572e+05,387551,1,-4498.6,3346.8,1895.7,-24956,4389.2,-1232.8,-22556,3090.8,-1844.1,34646,345423,353,894,4422,0.32731,1.3897,-1.6723
-1681.4,-2285.6,-2232.5,-6.876,3440.5,1094.4,5.7703e+05,387549,1,-4062.1,2632.6,1360.2,-24322,4088.6,-1508.5,-21947,2593.2,-2275.6,33606,345018,353,894,4422,0.33757,1.3897,-1.6703
-1723.3,-2534.2,-2459.4,-8.4327,3784.7,1056.5,5.7797e+05,387547,1,-4717.9,1753.2,469.65,-24142,3956.8,-1720.6,-21963,2218.5,-2719.9,33492,344964,353,894,4422,0.34781,1.3897,-1.6682
-1780.8,-2710.9,-2658.5,-10.651,4058.3,1057.4,5.8121e+05,386249,1,-5258,-734.61,-1749.5,-23988,4186.9,-1607.1,-22263,1777.6,-3271.5,33709,345062,353,894,4422,0.35624,1.4002,-1.6576
-1837.1,-2953.4,-2891,-10.284,4404.1,1029.6,5.8091e+05,386247,1,-4886.9,-891.06,-1837.3,-22466,4075.2,-1522.8,-21299,1462.2,-3475.7,31931,344374,353,894,4422,0.36641,1.4002,-1.6554
-1890.6,-3172.6,-3106.1,-8.7354,4720.6,1001.8,5.8106e+05,386245,1,-4851.4,-905.74,-1879.1,-20094,4081.2,-1139.5,-19392,1324.2,-3314.9,28955,343052,353,894,4422,0.37656,1.4002,-1.6531
-1945.3,-3373.3,-3305.8,-8.3234,5013.7,977.11,5.8208e+05,386243,1,-4902.4,-1025.4,-2019.1,-18662,4197.8,-808.54,-18233,1343.8,-3129.5,27198,342227,353,894,4422,0.38669,1.4002,-1.6508
-1966.8,-3301.9,-3284.1,-9.2955,4949.5,1028.6,5.8345e+05,384955,1,-4909.6,-1155.2,-2141.5,-18315,3997.9,-853.75,-18174,1192.6,-3230.6,26913,342110,353,894,4422,0.38473,1.4106,-1.6424
-2026.3,-3475.5,-3466,-8.1752,5212.3,1014.5,5.8446e+05,384953,1,-4914.1,-985.02,-2028.6,-16104,4245.7,-238.37,-16436,1257.1,-2885.5,24222,340703,353,894,4422,0.3948,1.4106,-1.64
-2074.9,-3631.4,-3633,-5.93,5450.4,992.57,5.8477e+05,384951,1,-4494.4,-455.92,-1502.7,-14494,4242.2,80.278,-15087,1315.8,-2591.6,22064,339448,353,894,4422,0.40485,1.4106,-1.6376
-2127.8,-3768,-3783.4,-5.3083,5664.2,978.13,5.8602e+05,384949,1,-4687.2,-338.45,-1473.2,-13521,4483.5,440.58,-14207,1447.6,-2347.4,20901,338725,353,894,4422,0.41489,1.4106,-1.635
-2170.9,-3897.5,-3927.3,-4.0634,5866.5,954.45,5.8595e+05,384947,1,-3872.2,-270.25,-1236.5,-11795,4483.4,809.47,-12654,1436.9,-2043.1,18516,337042,353,894,4422,0.42492,1.4106,-1.6325
-2174,-3815.6,-3897.7,-4.748,5786.7,995.65,5.8744e+05,383667,1,-4487.6,7.0427,-1161.7,-11649,4409.9,826.18,-12767,1561.9,-1959.1,18617,337129,353,894,4422,0.42273,1.4209,-1.6241
-2220.4,-3924.1,-4025.4,-4.2954,5964.1,980.99,5.8844e+05,383665,1,-3790.1,-241.21,-1219.1,-9896.9,4354,1178.3,-11148,1409.9,-1735,16232,335021,353,894,4422,0.43268,1.4209,-1.6214
-2255.9,-4006.3,-4128.7,-3.4453,6104.1,962.23,5.8931e+05,383663,1,-3162.7,-466.97,-1268.9,-7508.3,3991.8,1462.7,-8942.5,1003.8,-1549.7,13025,331378,353,894,4422,0.44263,1.4209,-1.6187
-2287.2,-4055.9,-4202.7,-2.9297,6200.4,948.46,5.9031e+05,383661,1,-2576.9,-738.54,-1368.6,-4622.5,3361.6,1668.7,-6288.1,325.59,-1468.2,9290.5,322490,353,894,4422,0.45255,1.4209,-1.616
-2327.1,-4032.3,-4258.2,-3.6065,6232.5,981.49,5.9322e+05,382387,1,-2517.3,-696.71,-1340.2,-3005.4,3045.4,1855.9,-4887.9,103,-1303,7481.2,314299,353,894,4422,0.46005,1.4311,-1.6048
-2355.7,-4044.8,-4299.8,-3.4806,6280.5,976.41,5.9463e+05,382385,1,-2146.1,-1097.8,-1608.8,-1045.6,2553.2,1977.7,-3096.7,-471.92,-1326.5,5612,299892,353,894,4422,0.46988,1.4311,-1.6019
-2378.7,-4041.1,-4326.2,-3.0486,6305.7,971.09,5.9591e+05,382383,1,-1485,-1586.2,-1867.3,584.18,2118.6,2076.9,-1551.9,-1007.2,-1367,4758.5,291753,353,894,4422,0.4797,1.4311,-1.599
-2393.8,-4021.9,-4338,-1.865,6308.4,963.36,5.9619e+05,382381,1,-722.93,-1884.9,-1908.2,1984.2,1807.2,2227.8,-51.821,-1401,-1267.3,4843,292667,353,1148,4425,0.48951,1.4311,-1.596
-2427.6,-3987,-4359.9,-3.1165,6304.8,1023.9,5.9768e+05,381119,1,-1529.1,-1866.7,-2163.1,1255.6,2114.2,2307.2,-1012.6,-1078.8,-1287.3,5071.2,294785,353,1148,4425,0.48692,1.4414,-1.5876
-2446.8,-3961.5,-4367,-2.3331,6301.2,1022.7,5.9832e+05,381117,1,-987.29,-2211.3,-2324,2295.2,1769.2,2333.8,109.25,-1530.3,-1358.4,5413.8,298120,353,1148,4425,0.49666,1.4414,-1.5846
-2460.7,-3928,-4365.7,-1.4922,6285.2,1019.7,5.9853e+05,381115,1,-369.89,-2349.4,-2255.6,2979.6,1594.2,2403.8,914.4,-1736.3,-1287.1,5783.6,301668,353,1148,4425,0.50637,1.4414,-1.5815
-1663.4,-2201.3,-2182.5,-6.3075,3340.3,1104,5.7896e+05,386253,1,-4775.3,317.62,-703.98,-25039,4895.8,-942.65,-22802,2834,-2225,34758,345464,353,894,4422,0.33587,1.4002,-1.6619
-1719,-2458.8,-2421.5,-8.3653,3701.4,1078.8,5.7991e+05,386251,1,-5443.3,-961.47,-1952.4,-25043,4493.3,-1421.3,-23137,2155.9,-3001.1,35110,345576,353,894,4422,0.34606,1.4002,-1.6598
-1808.2,-2638.6,-2631.1,-10.72,3990.1,1110.7,5.8135e+05,384961,1,-5013,-1506.9,-2365.1,-24563,4301.5,-1596.9,-23112,1718.7,-3495.2,34738,345459,353,894,4422,0.35443,1.4106,-1.6492
-1862.1,-2882.7,-2867.6,-10.04,4339.5,1081.6,5.8133e+05,384959,1,-4651,-1315,-2159.2,-22637,4051,-1547.6,-21636,1377.4,-3619,32286,344494,353,894,4422,0.36454,1.4106,-1.647
-1911.1,-3105.4,-3086,-9.3379,4660.1,1049.9,5.8198e+05,384957,1,-4703.1,-1310.2,-2191.5,-20631,3918,-1326.9,-19955,1232.7,-3473.8,29718,343421,353,894,4422,0.37464,1.4106,-1.6447
-1935.7,-3036,-3063.9,-9.9593,4597.5,1102.1,5.8389e+05,383677,1,-4772.1,-685.58,-1678.8,-20773,3799.1,-1429.5,-20320,1335.8,-3465,30013,343565,353,894,4422,0.37271,1.4209,-1.6363
-1987.3,-3234.3,-3265.2,-9.5453,4889.9,1077.6,5.8486e+05,383675,1,-4495,-495.47,-1479.2,-18234,3693.5,-1056.2,-18277,1120.4,-3303.6,26760,342039,353,894,4422,0.38274,1.4209,-1.6339
-2032.8,-3406.6,-3445.9,-7.5201,5148.3,1051.7,5.8508e+05,383673,1,-4454.5,-88.734,-1147.1,-15978,3840.1,-499.43,-16446,1230.8,-2884.1,23912,340533,353,894,4422,0.39276,1.4209,-1.6316
-2078.7,-3557.3,-3608.6,-5.8798,5379.3,1029.8,5.8606e+05,383671,1,-4296.1,96.481,-979.15,-14136,4159.9,131.4,-14860,1476.7,-2391.4,21571,339129,353,894,4422,0.40277,1.4209,-1.6291
-2122.5,-3692.7,-3757.6,-4.8765,5589.6,1008.1,5.8663e+05,383669,1,-4507.2,96.291,-1059.7,-13156,4321,429.84,-13982,1526.4,-2215.7,20399,338416,353,894,4422,0.41276,1.4209,-1.6266
-2119.3,-3617,-3729.6,-5.3095,5513.9,1039.6,5.8795e+05,382397,1,-4662.9,569.14,-678.85,-12837,4127.3,394.01,-13898,1590.2,-2118.7,20116,338219,353,894,4422,0.4106,1.4311,-1.6181
-2167.7,-3739.2,-3869.4,-5.2913,5709.7,1025.6,5.8896e+05,382395,1,-4794.4,539.68,-769.19,-11802,4292.7,732.83,-13057,1678.9,-1909.2,18949,337379,353,894,4422,0.42052,1.4311,-1.6156
-2218.3,-3847.2,-3998.3,-5.2663,5888.6,1016.3,5.8996e+05,382393,1,-4462.5,380.85,-850.33,-10215,4166.5,973.77,-11678,1487.8,-1792.9,16889,335569,353,894,4422,0.43043,1.4311,-1.613
-2262.1,-3937,-4111,-4.7751,6042.2,1004.4,5.9106e+05,382391,1,-3521.7,-98.167,-1048.8,-7440,3840.6,1376.2,-9076.6,1025.1,-1571.5,13093,331463,353,894,4422,0.44032,1.4311,-1.6103
-2296.8,-3996.9,-4196.3,-3.7995,6154.4,991.6,5.9178e+05,382389,1,-3297.1,-223.04,-1120.7,-5549.2,3485,1559.5,-7404.1,657.36,-1482.3,10724,326881,353,894,4422,0.45019,1.4311,-1.6076
-2338.6,-3976.4,-4253.7,-5.1923,6190.5,1025.6,5.9516e+05,381125,1,-3412.9,-368.35,-1306.4,-3819.6,3289.9,1879.3,-5938.2,489.67,-1252.7,8916.7,321109,353,894,4422,0.45762,1.4414,-1.5963
-2371.7,-3998,-4306,-4.3949,6253.3,1022.8,5.9616e+05,381123,1,-3174.7,-937.51,-1780.8,-2062.9,2878.8,2008.3,-4381.7,-66.381,-1341.5,7190.9,312700,353,894,4422,0.4674,1.4414,-1.5935
-2403.6,-4000.4,-4340.1,-4.3648,6290.2,1024.5,5.9746e+05,381121,1,-2202.7,-1339.2,-1871.3,-133.1,2482.8,2209.5,-2382.3,-573.34,-1229.8,5359.8,297552,353,894,4422,0.47717,1.4414,-1.5906
-2430.6,-3953.6,-4348.8,-5.5798,6267.5,1081.5,5.9861e+05,379869,1,-2806.6,-1628.6,-2336.2,-626.06,2728.9,2316.6,-3100.8,-400.98,-1297.1,6375.8,307777,353,894,4422,0.47462,1.4515,-1.5821
-2462.4,-3946.7,-4377.2,-4.1623,6294.3,1086.7,5.9882e+05,379867,1,-2090,-1973.7,-2454,608.69,2408.2,2403.1,-1826.1,-825.57,-1316,5654.9,300249,353,894,4422,0.48432,1.4515,-1.5791
-2485.7,-3927.5,-4392,-2.9436,6301.6,1087.7,5.9935e+05,379865,1,-1452.1,-2137.9,-2421.2,1529.5,2147,2456.5,-774.47,-1128.1,-1278.2,5388,297861,353,894,4422,0.494,1.4515,-1.5761
-1686.2,-2112.1,-2133.4,-6.9069,3244.1,1154,5.7977e+05,384965,1,-5512.3,-1605.6,-2485,-26295,5105,-958.51,-24348,2780.7,-2548.1,36940,346196,353,894,4422,0.33416,1.4106,-1.6534
-1748.8,-2378.8,-2384.3,-9.2039,3621.4,1134.8,5.8063e+05,384963,1,-5470.1,-1746.7,-2632.3,-25693,4633,-1397.9,-23904,2160.6,-3137.6,36185,345938,353,894,4422,0.3443,1.4106,-1.6513
-1780.4,-2295.8,-2345.5,-8.4533,3538.3,1192.8,5.8116e+05,383683,1,-5015.5,-1192.6,-2073.5,-26560,4564.8,-1589.3,-24957,2271.1,-3238.1,37392,346331,353,894,4422,0.34253,1.4209,-1.6428
-1833.4,-2561.7,-2600.5,-8.9755,3916,1162.4,5.8204e+05,383681,1,-4709.1,-795.54,-1697,-25122,4112.9,-1835.7,-23847,1775.6,-3584.9,35522,345708,353,894,4422,0.3526,1.4209,-1.6407
-1882.6,-2809.6,-2841.2,-8.8579,4270.2,1129.2,5.8237e+05,383679,1,-4721.9,-681.3,-1628.1,-23562,3972.8,-1744,-22563,1622.8,-3560.1,33523,344977,353,894,4422,0.36266,1.4209,-1.6385
-1884.3,-2745.4,-2813.5,-10.377,4203.2,1156.1,5.835e+05,382407,1,-4958.8,51.131,-1055.6,-23184,3693.7,-1902.5,-22445,1608.3,-3567.9,33160,344837,353,894,4422,0.36077,1.4311,-1.63
-1939.7,-2970.7,-3038.4,-11.349,4531.8,1132.7,5.8507e+05,382405,1,-4744,333.02,-780.85,-21301,3668.6,-1605.3,-21099,1523.5,-3447.8,30860,343899,353,894,4422,0.37077,1.4311,-1.6277
-1984.2,-3171.3,-3244.4,-9.3329,4827.5,1102.2,5.8523e+05,382403,1,-4362.2,427.71,-643.07,-18339,3658.6,-1069.9,-18585,1375,-3138.5,26974,342130,353,894,4422,0.38075,1.4311,-1.6254
-2025.1,-3342.4,-3424.6,-7.4814,5084.1,1073.3,5.8633e+05,382401,1,-4231.6,544.08,-541.17,-15360,3685.6,-448.66,-16059,1326.4,-2701.2,23133,340077,353,894,4422,0.39072,1.4311,-1.6231
-2072.2,-3485.1,-3581.5,-6.1955,5305.9,1055.9,5.8738e+05,382399,1,-4554.8,573.77,-616.01,-14047,3868.2,-50.908,-14924,1423.5,-2423,21549,339115,353,894,4422,0.40067,1.4311,-1.6206
-2057.1,-3417.8,-3556.2,-6.0412,5235.5,1071.8,5.8811e+05,381137,1,-4337.2,1013,-164.62,-13812,3780.8,-29.322,-14845,1520.3,-2302.9,21282,338960,353,894,4422,0.39855,1.4414,-1.6121
-2102.4,-3545.4,-3700.6,-5.6326,5437.7,1056.2,5.892e+05,381135,1,-4828.7,1351.3,-12.146,-12444,3841.8,290.73,-13709,1615.6,-2027.9,19736,337959,353,894,4422,0.40844,1.4414,-1.6096
-2154.8,-3663,-3838,-6.0028,5629.5,1048.5,5.9036e+05,381133,1,-5173.9,1118.2,-345.33,-11655,4095.8,632.7,-13094,1725.9,-1866.3,18949,337381,353,894,4422,0.4183,1.4414,-1.6071
-2203.2,-3774.8,-3970.8,-6.0363,5813.3,1037.1,5.9138e+05,381131,1,-4971.9,918.26,-502.04,-10515,4174.7,948.44,-12159,1743,-1675.1,17561,336205,353,894,4422,0.42816,1.4414,-1.6045
-2255.3,-3865.1,-4086.2,-6.1229,5971,1034.1,5.9288e+05,381129,1,-4551.1,581.38,-719.15,-8437.1,3959.5,1259.9,-10338,1410.8,-1553.2,14876,333727,353,894,4422,0.43799,1.4414,-1.6018
-2296.8,-3933.8,-4182.2,-4.9225,6098.2,1026.2,5.9336e+05,381127,1,-3958.7,106.66,-1011.9,-6116.2,3648.9,1580.9,-8144.3,981.77,-1390.9,11796,329547,353,894,4422,0.44781,1.4414,-1.5991
-2293,-3866.5,-4161.1,-6.9056,6033.5,1057.8,5.9519e+05,379875,1,-4846.4,123.72,-1247.8,-6449.5,3821.6,1679.9,-8762,1219,-1342.9,12812,331087,353,894,4422,0.44542,1.4515,-1.5905
-2344.1,-3915.3,-4242.1,-6.6312,6138.8,1065.2,5.9646e+05,379873,1,-4172.3,-500.97,-1654.6,-4198.9,3459.3,1957.3,-6596.7,659.17,-1288.8,9971.7,324421,353,894,4422,0.45517,1.4515,-1.5878
-2389.7,-3944.3,-4304.8,-6.0613,6216.8,1072.7,5.9765e+05,379871,1,-4195.1,-1090.8,-2230.9,-2830.6,3263.4,2168.6,-5453.6,314.83,-1306.9,8870.1,320934,353,894,4422,0.46491,1.4515,-1.585
-2461.4,-3899,-4351,-6.5358,6235.7,1144,5.9952e+05,378625,1,-3834.9,-1677.7,-2707.5,-1865.7,3259.8,2473.9,-4681,132.02,-1277,8284.9,318644,353,894,4422,0.47205,1.4616,-1.5735
-2498.5,-3900.4,-4389.5,-4.7126,6276.7,1152.1,5.9966e+05,378623,1,-2396.4,-2037.6,-2626.2,22.741,2700.7,2518.1,-2495.1,-553.72,-1276.3,6211.9,306057,353,894,4422,0.4817,1.4616,-1.5706
-1790.8,-2218.1,-2305.3,-7.7952,3454.4,1228.4,5.8107e+05,382411,1,-4512.3,172.38,-785.26,-27540,4514.4,-1786.4,-26032,2595.3,-3151.7,38696,346771,353,894,4422,0.34074,1.4311,-1.6343
-1836.3,-2493.2,-2568.3,-9.2611,3842.9,1190,5.8255e+05,382409,1,-4710.3,111.69,-912.06,-25929,4136.7,-1941,-24739,2148.2,-3429.1,36669,346115,353,894,4422,0.35077,1.4311,-1.6322
-1878.2,-2677.8,-2782.1,-10.411,4129.9,1175.6,5.851e+05,381145,1,-4680,774.05,-346.15,-24336,3828.8,-1977.7,-23763,1934.3,-3535.3,34848,345490,353,894,4422,0.35887,1.4414,-1.6214
-1923.9,-2906.9,-3012.1,-10.217,4462.9,1143.3,5.8607e+05,381143,1,-4589.7,977.02,-178.74,-20817,3562.7,-1582.9,-20848,1535.5,-3392.8,30317,343680,353,894,4422,0.36881,1.4414,-1.6191
-1971.1,-3104,-3216.7,-8.9559,4755.9,1117.5,5.8649e+05,381141,1,-4637,1076.3,-123.4,-18293,3657.1,-1014.5,-18821,1608.8,-2968,27154,342201,353,894,4422,0.37874,1.4414,-1.6168
-2016.1,-3276.1,-3399.3,-7.9531,5015.7,1093.6,5.8795e+05,381139,1,-4224.7,810.57,-289.76,-15991,3776,-468.09,-16699,1567.2,-2607.6,24019,340576,353,894,4422,0.38865,1.4414,-1.6145
-1995.5,-3207.6,-3368.6,-8.0938,4939.9,1102.8,5.8907e+05,379887,1,-4440.6,1768.6,531.55,-15699,3583.7,-543.74,-16658,1663.5,-2506,23860,340502,353,894,4422,0.38658,1.4515,-1.6059
-2032.1,-3352.2,-3529.1,-5.693,5163.4,1077.2,5.8861e+05,379885,1,-4367.8,2017.8,749.24,-13679,3584.7,-134.73,-14862,1681.6,-2148.6,21261,338952,353,894,4422,0.39642,1.4515,-1.6035
-2075.4,-3478.5,-3671.9,-6.1218,5363.2,1061,5.9077e+05,379883,1,-4973.3,1853.4,422.78,-12316,3738.3,272.61,-13732,1785.5,-1860.5,19730,337951,353,894,4422,0.40625,1.4515,-1.601
-2122.6,-3593.5,-3806.9,-6.3037,5550.5,1050.2,5.9147e+05,379881,1,-5575.9,1694.1,86.365,-11459,3803.6,475.39,-13075,1717.9,-1835.7,18901,337344,353,894,4422,0.41607,1.4515,-1.5985
-2185.5,-3698,-3935.9,-7.7763,5729.5,1056,5.9325e+05,379879,1,-5822.8,1362.1,-313.57,-10399,4018.5,881.45,-12349,1804.6,-1652.6,17872,336501,353,894,4422,0.42587,1.4515,-1.5959
-2238.9,-3793.8,-4058.9,-7.0198,5896.6,1053.8,5.9404e+05,379877,1,-5584.3,771.71,-828.13,-8775.7,4052.4,1295.5,-11033,1656.4,-1509.7,15948,334770,353,894,4422,0.43565,1.4515,-1.5932
-2290.5,-3793.4,-4133.7,-9.0974,5960.9,1091.7,5.9657e+05,378631,1,-6313.9,202.13,-1574.8,-7469.4,4156.6,1759.1,-10220,1691.1,-1285.8,15083,333925,353,894,4422,0.44301,1.4616,-1.5819
-2351.9,-3847.9,-4224.5,-8.0189,6079.1,1108.2,5.9763e+05,378629,1,-5591.7,-662.67,-2217,-5167,3834.3,2071.3,-7992,1070.4,-1296.9,12207,330205,353,894,4422,0.45271,1.4616,-1.5792
-2411.2,-3883,-4296.6,-7.8594,6170.9,1127.7,5.9886e+05,378627,1,-4872.5,-1355.3,-2685.4,-3327.5,3567.3,2335.6,-6172.2,589.35,-1260.4,10103,324826,353,894,4422,0.46239,1.4616,-1.5764
-2438.7,-3815.4,-4283.4,-9.6066,6118.5,1189.7,5.9982e+05,377393,1,-5404.3,-1622,-3108.9,-3683.6,3718.1,2408.1,-6809.9,664.31,-1375.7,11109,328131,353,894,4422,0.45986,1.4717,-1.5677
-1774.2,-2135.3,-2253.2,-7.3583,3354.3,1238.3,5.8246e+05,381149,1,-5103.2,793.56,-363.78,-27765,4547.1,-1772.8,-26547,2842.6,-3028.3,39288,346957,353,894,4422,0.33895,1.4414,-1.6257
-1830.6,-2413.8,-2523.4,-9.5582,3752,1211.3,5.8421e+05,381147,1,-5104.7,623.27,-540.64,-26822,4364.1,-1888.1,-25837,2536.6,-3298.6,38127,346588,353,894,4422,0.34891,1.4414,-1.6235
-1814,-2337.2,-2477.6,-9.5699,3660.8,1220.7,5.8506e+05,379895,1,-5151.1,1537.2,278.97,-27664,4224.4,-2146.2,-26875,2698,-3348.2,39464,347013,353,894,4422,0.34705,1.4515,-1.6149
-1858.7,-2612.6,-2748.1,-10.812,4054.3,1181,5.8651e+05,379893,1,-4535.3,1407.6,264.98,-25195,3867.6,-2087.4,-24788,2222,-3479.1,36169,345926,353,894,4422,0.35695,1.4515,-1.6127
-1902.6,-2845,-2983.4,-10.344,4392.9,1147.5,5.8748e+05,379891,1,-4502.2,1612.4,429.88,-21424,3533.1,-1689.7,-21635,1806.5,-3294.2,31298,344078,353,894,4422,0.36684,1.4515,-1.6105
-1947.4,-3040.3,-3187.7,-9.1555,4684,1121.2,5.878e+05,379889,1,-4743.9,2018.2,712.84,-17835,3392.4,-1119.8,-18603,1643.1,-2881.1,26740,342030,353,894,4422,0.37671,1.4515,-1.6082
-1945.1,-3147.9,-3337.7,-8.167,4864.7,1080.3,5.8981e+05,378643,1,-4719,2914.9,1533.5,-15475,3282.7,-717.78,-16686,1809.9,-2356.9,23899,340524,353,894,4422,0.38448,1.4616,-1.5972
-1987,-3287.9,-3495.3,-6.7878,5084.1,1062.1,5.8995e+05,378641,1,-5176.9,2611.8,1109.2,-13072,3522.9,-14.464,-14550,1901.5,-1867.4,20903,338726,353,894,4422,0.39428,1.4616,-1.5948
-2040.1,-3409.7,-3637,-7.5944,5281.7,1057.8,5.92e+05,378639,1,-5592.1,2407.3,793.43,-12247,3689.3,278.9,-13894,1961.1,-1724.8,20031,338157,353,894,4422,0.40405,1.4616,-1.5923
-2092.4,-3525.9,-3775.4,-7.8291,5473.1,1052.7,5.9284e+05,378637,1,-6166.5,1905.7,146.18,-11234,3821.2,590.99,-13176,1930,-1653.4,19050,337453,353,894,4422,0.41382,1.4616,-1.5898
-2153.3,-3627.5,-3902.9,-8.7984,5648.7,1058.5,5.9425e+05,378635,1,-6902.9,1304.7,-647.73,-10010,4034.8,1045.4,-12373,1919.5,-1538.8,18069,336667,353,894,4422,0.42356,1.4616,-1.5873
-2221.8,-3719.3,-4025.3,-9.3162,5815.6,1073.1,5.9564e+05,378633,1,-6477.3,887.69,-952.38,-9151.7,4168.2,1346.5,-11628,1914.4,-1406,16954,335630,353,894,4422,0.4333,1.4616,-1.5846
-2215.1,-3641,-3989.1,-11.957,5732.4,1102.7,5.9679e+05,377399,1,-7959.8,319.92,-1878.6,-8754.7,4234.6,1562.8,-11786,1909.2,-1438.4,17568,336211,353,894,4422,0.43092,1.4717,-1.5759
-2294.1,-3717.8,-4104.6,-11.172,5886.6,1131.5,5.9746e+05,377397,1,-6870.3,-562.11,-2453.3,-7314.3,4304.4,1973.5,-10384,1673.8,-1346.2,15553,334413,353,894,4422,0.44058,1.4717,-1.5733
-2367,-3777.1,-4203.7,-10.129,6016.4,1158.5,5.9877e+05,377395,1,-6907.2,-1261.3,-3165,-5947.5,4119.1,2167,-9282.1,1283.4,-1452.1,14362,333128,353,894,4422,0.45023,1.4717,-1.5705
-1772.2,-2260.3,-2424.6,-9.5918,3560.3,1205.2,5.8655e+05,378651,1,-5714.7,2814.5,1335.4,-28179,4330.3,-2113.6,-27707,3129.7,-3104.5,40581,347367,353,894,4422,0.34517,1.4616,-1.6061
-1827.6,-2538.7,-2702.2,-11.516,3962.6,1176.8,5.8872e+05,378649,1,-4972.5,2724.8,1388.6,-26128,3993.9,-2138,-25994,2667.5,-3316.8,37830,346474,353,894,4422,0.35502,1.4616,-1.604
-1866.1,-2784,-2951.6,-10.133,4319,1136.3,5.8868e+05,378647,1,-4325,2916.1,1680.7,-21799,3371.2,-1892.3,-22222,2007.4,-3234.8,32070,344422,353,894,4422,0.36485,1.4616,-1.6018
-1905.5,-2981.2,-3158,-9.1605,4611.8,1105.5,5.8943e+05,378645,1,-4474.2,2767,1483.8,-18463,3210,-1379.9,-19203,1759.5,-2876.1,27624,342422,353,894,4422,0.37468,1.4616,-1.5995
-1840.7,-2926.1,-3124.4,-10.023,4536,1066.2,5.9083e+05,377411,1,-4920.3,3533.4,2116.1,-18794,3324.7,-1319.5,-19766,2163.3,-2622,28451,342803,353,894,4422,0.37262,1.4717,-1.5907
-1887.3,-3089.9,-3303.5,-9.8148,4787.6,1049.6,5.9127e+05,377409,1,-5410.7,3165.2,1629.9,-14959,3152.3,-682.3,-16499,1866.7,-2247.4,23598,340361,353,894,4422,0.38238,1.4717,-1.5884
-1933.9,-3227.6,-3461.1,-8.5663,5005.9,1037.8,5.9158e+05,377407,1,-5350,2910,1375.1,-13301,3293.4,-224.79,-14974,1902.9,-1926.4,21409,339038,353,894,4422,0.39212,1.4717,-1.586
-1988.4,-3345.2,-3601.1,-8.8199,5199.6,1037,5.9289e+05,377405,1,-6292.8,2519.5,743.53,-11929,3522.5,249.38,-13858,1958.6,-1691.2,20000,338136,353,894,4422,0.40184,1.4717,-1.5836
-2056.2,-3455.7,-3737.4,-10.341,5388.5,1049.5,5.9424e+05,377403,1,-7651.5,1591.8,-509.54,-10850,3837.1,756.3,-13313,2017.8,-1582.9,19447,337740,353,894,4422,0.41155,1.4717,-1.5811
-2129.9,-3554.7,-3867.1,-10.984,5566.2,1069.5,5.9523e+05,377401,1,-7563.2,1163.9,-934.58,-10020,3998.8,1057.8,-12613,1991.1,-1503,18500,337027,353,894,4422,0.42124,1.4717,-1.5786
-2118.8,-3481.3,-3831.7,-13.967,5486.2,1091.7,5.9622e+05,376179,1,-8519.3,170.69,-2121.5,-9691,4142.5,1318.9,-12761,1917,-1602.7,18948,337378,353,894,4422,0.41891,1.4817,-1.5698
-2207,-3564.9,-3955,-13.395,5652,1129.6,5.9742e+05,376177,1,-9094.6,-324.59,-2800.3,-8368.8,4202.5,1687.3,-11858,1774.4,-1563.9,18095,336679,353,894,4422,0.42853,1.4817,-1.5672
-2308.4,-3633.4,-4068,-13.802,5803.3,1183.3,5.9831e+05,376175,1,-8507.8,-814.07,-3147.7,-7565.1,4421.8,2069.2,-11123,1775.6,-1429.1,17115,335778,353,894,4422,0.43814,1.4817,-1.5645
-1712.3,-2180.8,-2364.5,-9.2118,3450.3,1172.1,5.886e+05,377417,1,-5769.5,4050.3,2495.3,-28327,4254.4,-2168,-28117,3374.1,-2933.2,41130,347512,353,894,4422,0.34328,1.4717,-1.5973
-1762.3,-2464.9,-2649.1,-10.876,3860.4,1138.6,5.8992e+05,377415,1,-5227.6,4138.3,2665.4,-27081,4255.2,-2062.7,-27152,3247.8,-3007.8,39549,347043,353,894,4422,0.35307,1.4717,-1.5952
-1803,-2719.8,-2909.1,-10.381,4231.1,1099.5,5.9029e+05,377413,1,-4775.8,3910.8,2532.3,-23982,3949.2,-1781.2,-24411,2887.6,-2858.9,35367,345660,353,894,4422,0.36286,1.4717,-1.593
-1728.3,-2646.7,-2853.8,-11.04,4126.5,1052.9,5.9226e+05,376191,1,-5655.3,3791.9,2252.8,-23636,4039,-1623.1,-24407,3013.2,-2759.8,35234,345621,353,894,4422,0.36084,1.4817,-1.5842
-1777.1,-2865.1,-3083.5,-11.726,4451.5,1028.9,5.9284e+05,376189,1,-5479.6,3348.8,1852.1,-19679,3588.5,-1239.6,-20841,2471.4,-2559.2,29889,343499,353,894,4422,0.37056,1.4817,-1.5819
-1826.2,-3034.4,-3270.1,-11.354,4712.4,1014.6,5.9233e+05,376187,1,-5912.5,3040.9,1431.8,-16115,3326.5,-736.3,-17748,2113.1,-2266.5,25341,341308,353,894,4422,0.38026,1.4817,-1.5796
-1884,-3167.6,-3426.2,-10.929,4928.5,1015.8,5.9305e+05,376185,1,-6328.8,2423.9,710.4,-12980,3316,-87.648,-15005,1889.7,-1926.6,21409,339040,353,894,4422,0.38994,1.4817,-1.5772
-1949.7,-3281.3,-3566.3,-11.219,5121.5,1028,5.9391e+05,376183,1,-7710.8,1414.3,-632.05,-11277,3669.1,590.07,-13732,1902.7,-1698.5,19948,338109,353,894,4422,0.39961,1.4817,-1.5748
-2030.6,-3385.3,-3700.5,-12.997,5306.8,1055.9,5.9544e+05,376181,1,-8742.6,668.3,-1656.1,-10442,4009,1060.5,-13292,1966.8,-1612.4,19723,337943,353,894,4422,0.40927,1.4817,-1.5723
-1677.3,-2384.1,-2584.1,-10.045,3742.1,1082.3,5.9165e+05,376193,1,-5982.8,4493.5,2872.6,-27431,4465.2,-1896.8,-27796,3622.1,-2765.7,40418,347309,353,894,4422,0.35112,1.4817,-1.5863
-1656.3,-2563.4,-2788.4,-11.574,4008.5,1010.9,5.942e+05,374981,1,-7182.3,3337.5,1525.2,-25810,5063.4,-1062,-26829,3938.8,-2361.4,38715,346775,353,894,4422,0.35882,1.4916,-1.5753
-1718.5,-2794.9,-3034.1,-13.408,4355.9,998.04,5.9461e+05,374979,1,-6501.4,2406.3,747.86,-20576,4248.4,-794.4,-22012,2902,-2409.8,31455,344136,353,894,4422,0.36848,1.4916,-1.573
-1782.1,-2973.6,-3233.4,-13.87,4634.5,996.74,5.9398e+05,374977,1,-6690.1,1657.2,-46.93,-15591,3646,-295.56,-17583,2101.9,-2242.7,24951,341096,353,894,4422,0.37812,1.4916,-1.5707
-1539.3,-2020.2,-2229.1,-6.7441,3211.1,1052.7,5.9179e+05,374985,1,-5814.8,4341.2,2838.5,-28231,4776.5,-1578.5,-28506,4010.3,-2361.4,41214,347539,353,894,4422,0.33946,1.4916,-1.5796
-1593.9,-2297.2,-2512.5,-8.9645,3615.6,1028.4,5.9327e+05,374983,1,-6611.4,4076.8,2397.2,-27784,5057.7,-1340.9,-28435,4165.9,-2329.3,41192,347533,353,894,4422,0.34915,1.4916,-1.5774
-1526.5,-2198.5,-2432.1,-7.4109,3477.7,992.04,5.9463e+05,373787,1,-7531.1,3000.8,1200.6,-27480,5844.8,-490.02,-28525,4703.2,-1816.8,41180,347530,353,894,4422,0.34716,1.5015,-1.5685
